# wavelength_A donor_subtracted_flux_1e-17 err_1e-17
3805.397 7.611639 7.662521
3806.273 7.607903 8.606588
3807.15 5.820804 8.127815
3808.026 -2.448108 7.67663
3808.904 7.605248 8.087586
3809.78 12.08716 7.863563
3810.659 -0.03458539 5.568727
3811.536 6.532082 4.363807
3812.413 10.35697 4.227644
3813.292 2.888756 3.952339
3814.169 18.22095 3.911304
3815.048 9.355234 3.619052
3815.926 8.956238 3.373107
3816.806 9.230298 3.31828
3817.684 10.24863 3.214743
3818.562 11.88403 3.244813
3819.443 6.79648 3.14526
3820.322 5.999344 3.030735
3821.202 9.872017 3.181801
3822.081 12.83754 3.177143
3822.963 3.018339 3.072745
3823.842 9.443294 3.031246
3824.724 8.269513 3.047502
3825.604 6.248629 3.040186
3826.484 8.974264 3.096546
3827.367 5.479831 3.213942
3828.247 1.506094 3.496206
3829.13 8.670263 3.769211
3830.01 5.600999 3.832877
3830.894 5.857836 3.736527
3831.775 3.721811 3.541749
3832.657 9.494568 3.388893
3833.54 9.954907 3.373039
3834.422 6.884828 3.255649
3835.306 10.13283 3.315718
3836.189 11.07342 3.225434
3837.073 9.510508 3.190246
3837.956 11.77859 3.106261
3838.839 12.14985 3.06077
3839.724 7.176292 2.893939
3840.608 5.035745 2.904355
3841.493 3.182758 2.918239
3842.377 9.245692 2.985631
3843.263 10.62488 2.986604
3844.147 0.4656345 2.881063
3845.032 4.125366 2.93478
3845.918 10.95625 3.032844
3846.803 9.812547 3.058329
3847.69 5.508578 3.068146
3848.575 7.48108 3.108429
3849.463 2.222818 3.074374
3850.348 3.794458 3.071302
3851.234 7.901358 3.067305
3852.122 6.017941 3.000349
3853.008 3.562434 2.855252
3853.897 1.135557 2.728226
3854.783 4.458291 2.779785
3855.672 9.138658 2.774555
3856.559 11.99249 2.740731
3857.446 5.692882 2.64269
3858.336 6.640465 2.627501
3859.223 9.976122 2.67607
3860.113 6.612703 2.7487
3861.001 5.632399 2.891818
3861.892 8.144565 3.017278
3862.78 2.583527 2.962637
3863.669 7.636967 2.942999
3864.56 7.981953 2.8455
3865.449 8.833241 2.677069
3866.34 4.05969 2.476158
3867.23 2.897687 2.405079
3868.121 7.456902 2.553901
3869.011 7.910771 2.541329
3869.901 2.027549 2.474883
3870.794 1.255629 2.491988
3871.684 5.996984 2.590808
3872.577 0.5536354 2.524723
3873.468 3.981652 2.555272
3874.361 6.722119 2.52261
3875.252 5.812765 2.442962
3876.144 2.956168 2.354782
3877.038 1.881277 2.224443
3877.93 5.723262 2.325541
3878.824 10.43645 2.463976
3879.716 8.840723 2.475782
3880.611 -0.9939816 2.304228
3881.504 6.31333 2.394955
3882.396 6.345576 2.446185
3883.292 7.501195 2.403836
3884.185 9.228261 2.488496
3885.081 8.992194 2.456583
3885.975 8.092748 2.440191
3886.871 4.165219 2.353041
3887.765 1.920982 2.28623
3888.659 4.468972 2.340384
3889.556 12.99299 2.490108
3890.451 6.296452 2.469382
3891.348 4.855948 2.391571
3892.243 8.265524 2.496064
3893.141 5.76808 2.393576
3894.036 4.473212 2.332799
3894.934 9.96152 2.392695
3895.83 10.52893 2.309546
3896.726 8.019918 2.270411
3897.625 10.57376 2.249739
3898.521 4.75147 2.189041
3899.421 9.577546 2.249348
3900.318 9.225194 2.34085
3901.217 4.019797 2.312852
3902.115 5.189155 2.380168
3903.012 9.333019 2.511405
3903.912 7.110116 2.480697
3904.81 6.634361 2.478191
3905.711 9.506283 2.505773
3906.609 9.415352 2.490006
3907.51 3.833496 2.44521
3908.409 5.960422 2.456253
3909.308 6.57901 2.422266
3910.21 4.426986 2.37756
3911.109 4.465856 2.339891
3912.011 5.556011 2.262859
3912.911 3.656645 2.249503
3913.813 0.5908719 2.206166
3914.714 9.481091 2.305954
3915.614 8.935359 2.285893
3916.517 7.409384 2.248076
3917.418 6.258297 2.226183
3918.322 2.282771 2.238688
3919.223 3.165402 2.184727
3920.127 5.571538 2.243292
3921.029 3.017729 2.123995
3921.931 2.333512 2.105249
3922.835 6.506966 2.113308
3923.737 3.024525 2.080504
3924.642 10.90831 2.179596
3925.545 12.62067 2.294911
3926.45 8.847109 2.240517
3927.354 4.624514 2.145576
3928.257 5.083388 2.108024
3929.163 7.504577 2.146082
3930.067 5.56617 2.096341
3930.973 7.139664 2.195428
3931.877 13.66349 2.357293
3932.784 6.498181 2.473637
3933.689 8.076958 2.82574
3934.594 -0.9684302 2.621182
3935.501 3.485866 2.55232
3936.406 8.982971 2.265787
3937.314 10.43282 2.24572
3938.22 8.173339 2.156844
3939.128 1.138298 2.09524
3940.034 7.416396 2.151014
3940.941 3.12146 2.11942
3941.849 8.235739 2.151399
3942.756 5.28657 2.146801
3943.665 1.622886 2.092294
3944.573 -0.06500007 2.11145
3945.482 3.946897 2.167095
3946.39 6.716279 2.206421
3947.298 2.977752 2.191632
3948.208 4.681033 2.297037
3949.116 3.485619 2.212618
3950.027 2.201446 2.063913
3950.936 2.652242 1.955335
3951.847 8.500334 2.056711
3952.756 6.425514 2.037403
3953.665 1.32924 1.972966
3954.577 1.356968 1.926405
3955.487 3.810133 1.960426
3956.399 4.64844 2.006366
3957.309 5.738488 2.026675
3958.221 3.36259 1.961665
3959.132 3.528322 1.900356
3960.045 7.550435 1.928267
3960.956 7.404336 1.958765
3961.867 4.381666 1.883194
3962.781 1.62578 1.870624
3963.692 5.232301 1.882882
3964.606 7.907933 1.90538
3965.519 4.857823 1.931653
3966.433 12.63342 2.985932
3967.345 5.926904 2.892145
3968.258 9.978812 2.766275
3969.173 10.59438 3.685685
3970.086 4.248024 2.167786
3971.002 5.06326 2.284802
3971.915 10.42878 1.912636
3972.831 13.24755 2.208772
3973.745 11.2717 2.140123
3974.659 2.659911 1.84085
3975.576 3.960731 1.84075
3976.49 7.249713 1.906826
3977.407 7.602762 1.887611
3978.323 5.229996 1.820817
3979.24 3.664935 1.761334
3980.155 5.596413 1.832136
3981.071 4.624721 1.788527
3981.989 3.922382 1.796374
3982.905 8.619785 1.843236
3983.823 5.810576 1.79466
3984.74 3.388113 1.766061
3985.659 3.869278 1.753238
3986.576 2.671389 1.700241
3987.493 1.889841 1.725343
3988.412 5.482762 1.811968
3989.33 8.130078 1.951499
3990.25 6.391802 1.926264
3991.168 3.045909 1.832481
3992.088 3.382684 1.804017
3993.006 6.58509 1.772117
3993.925 5.143817 1.711557
3994.846 4.458019 1.669309
3995.765 5.535062 1.728036
3996.686 3.273331 1.714582
3997.606 6.244057 1.799073
3998.528 4.637192 1.776272
3999.448 2.423033 1.724055
4000.367 5.562413 1.785265
4001.29 6.374169 1.745426
4002.21 4.836113 1.742248
4003.133 7.260561 1.770331
4004.054 6.482206 1.7786
4004.977 5.941473 1.793325
4005.899 8.364619 1.820983
4006.821 9.196945 1.854583
4007.745 2.862887 1.759713
4008.666 3.196634 1.829817
4009.591 8.069482 1.970054
4010.513 4.730633 2.021007
4011.438 4.175657 1.959279
4012.361 3.076726 1.887796
4013.284 2.566905 1.804863
4014.209 5.058966 1.797158
4015.133 5.191791 1.764281
4016.059 5.122049 1.758704
4016.983 5.68838 1.721608
4017.909 5.480531 1.729427
4018.833 5.477001 1.73622
4019.758 5.188947 1.764636
4020.685 2.063097 1.734043
4021.61 4.985974 1.762924
4022.537 8.575667 1.809074
4023.462 3.778374 1.774514
4024.39 3.432117 1.771321
4025.316 6.942548 1.789079
4026.242 5.300457 1.750319
4027.17 5.129634 1.71787
4028.097 7.428782 1.788566
4029.026 6.524785 1.771121
4029.953 3.903917 1.733548
4030.882 6.550775 1.842227
4031.809 8.221723 1.866685
4032.739 3.854615 1.769944
4033.667 2.913266 1.646714
4034.595 5.399455 1.581482
4035.525 7.041056 1.654801
4036.453 6.545559 1.623554
4037.384 5.178768 1.672968
4038.313 5.802198 1.699081
4039.244 7.595882 1.818412
4040.174 4.989109 1.826352
4041.103 5.357518 1.799038
4042.035 3.415359 1.785188
4042.965 1.280091 1.789944
4043.897 8.297537 1.863438
4044.827 5.346224 1.92201
4045.76 8.047972 2.142049
4046.691 11.57844 2.374179
4047.622 2.922475 2.392234
4048.555 7.623032 2.138104
4049.486 2.159519 1.808158
4050.42 7.48539 1.70429
4051.352 1.89469 1.646061
4052.286 7.445328 1.65356
4053.218 5.403228 1.641636
4054.151 4.696537 1.632427
4055.086 4.521725 1.683514
4056.019 3.853607 1.736294
4056.954 4.672792 1.686607
4057.887 4.334331 1.627036
4058.823 9.40618 1.627412
4059.757 4.057381 1.591914
4060.691 9.289459 1.639563
4061.627 5.293641 1.632645
4062.561 5.750696 1.610714
4063.498 6.663657 1.737021
4064.433 5.451993 1.824006
4065.37 6.426266 1.91231
4066.305 7.845598 1.873144
4067.241 5.754267 1.774082
4068.179 5.217177 1.712114
4069.115 6.172786 1.656935
4070.053 5.059601 1.589758
4070.989 3.573597 1.559216
4071.928 5.635347 1.614709
4072.865 7.185557 1.703492
4073.802 5.448574 1.759698
4074.741 5.67495 1.729385
4075.679 7.611593 1.782012
4076.618 3.243318 1.812466
4077.556 2.163836 1.763439
4078.497 5.767876 1.75289
4079.435 3.604437 1.690686
4080.373 7.22641 1.658378
4081.314 7.908273 1.629827
4082.253 7.001839 1.642868
4083.194 2.987051 1.532559
4084.134 0.9906012 1.540979
4085.076 3.895172 1.621325
4086.015 5.746193 1.720833
4086.955 4.068373 1.743461
4087.898 5.558322 1.751362
4088.838 3.252203 1.701812
4089.781 6.231403 1.695946
4090.722 8.187613 1.685107
4091.665 4.973404 1.738448
4092.606 3.879127 1.755066
4093.548 5.86945 1.664881
4094.492 4.929182 1.655342
4095.434 3.410056 1.653268
4096.378 6.001174 1.645916
4097.321 5.062307 1.578871
4098.266 6.24609 1.558641
4099.208 3.915344 1.539615
4100.151 4.784549 1.546593
4101.097 5.459375 1.585049
4102.04 5.857861 1.533652
4102.986 6.614822 1.470843
4103.93 6.474461 1.476945
4104.877 4.811479 1.41989
4105.821 6.26268 1.492468
4106.768 11.21026 1.567739
4107.712 4.995979 1.501808
4108.657 4.435569 1.483521
4109.605 4.274255 1.476165
4110.55 7.419455 1.464343
4111.498 4.799916 1.437909
4112.444 4.081612 1.393751
4113.392 5.561222 1.403819
4114.338 4.421018 1.436901
4115.285 5.115965 1.503801
4116.234 6.665948 1.53794
4117.181 6.248693 1.487635
4118.13 5.828888 1.451196
4119.078 4.444938 1.423856
4120.027 6.662253 1.430092
4120.975 3.489766 1.396667
4121.923 6.168017 1.410643
4122.874 6.51676 1.432417
4123.822 4.653881 1.418681
4124.773 5.383668 1.46059
4125.722 3.744502 1.497942
4126.673 5.338266 1.571407
4127.623 8.116248 1.665034
4128.572 8.007321 1.676767
4129.524 4.233399 1.557038
4130.475 3.873032 1.436325
4131.427 4.059551 1.384022
4132.377 3.283435 1.375316
4133.33 4.04629 1.486042
4134.281 6.268731 1.609048
4135.232 5.36311 1.670482
4136.185 4.570685 1.657642
4137.137 6.215904 1.582944
4138.091 3.691109 1.49326
4139.043 6.262712 1.491073
4139.998 6.036039 1.510876
4140.95 5.369234 1.515717
4141.903 5.777036 1.476979
4142.858 5.202557 1.450704
4143.811 3.718661 1.379355
4144.767 5.453673 1.411321
4145.72 5.781784 1.404798
4146.676 2.11221 1.421732
4147.63 6.435545 1.517877
4148.584 6.540463 1.535567
4149.541 2.990527 1.438266
4150.495 5.222788 1.807038
4151.453 7.330077 1.761701
4152.407 5.440922 1.358565
4153.365 5.558363 1.341731
4154.32 4.849543 1.358483
4155.276 2.016684 1.322701
4156.234 5.467473 1.410651
4157.19 7.289006 1.490281
4158.149 5.747566 1.465369
4159.105 4.572138 1.438132
4160.065 4.292838 1.434112
4161.022 4.937051 1.435965
4161.979 6.168408 1.455646
4162.939 5.802757 1.445121
4163.896 5.142482 1.437451
4164.856 4.656224 1.455834
4165.815 3.915609 1.562067
4166.775 4.533576 1.593525
4167.734 4.1394 1.527789
4168.693 7.638093 1.501648
4169.654 4.98344 1.450209
4170.613 5.428218 1.410851
4171.575 4.479755 1.409136
4172.535 6.149338 1.420932
4173.497 4.366294 1.410234
4174.457 2.803596 1.320858
4175.417 5.015459 1.393477
4176.38 4.722458 1.343498
4177.341 1.839325 1.289124
4178.304 2.920706 1.336995
4179.265 9.453882 1.461309
4180.229 7.495937 1.41509
4181.191 4.999668 1.295457
4182.155 2.508246 1.275004
4183.117 6.048245 1.330187
4184.08 4.204079 1.304201
4185.044 1.259208 1.252487
4186.007 4.408392 1.319343
4186.972 4.05996 1.373105
4187.935 4.626534 1.406723
4188.901 3.015508 1.428414
4189.865 4.651949 1.455042
4190.829 3.003749 1.4164
4191.795 4.368957 1.389518
4192.759 6.471474 1.371815
4193.726 4.340869 1.319131
4194.691 5.063198 1.303044
4195.658 5.301528 1.303877
4196.623 3.338374 1.295439
4197.589 7.253595 1.359185
4198.557 4.949304 1.354624
4199.523 3.402231 1.336475
4200.491 4.186231 1.307888
4201.458 5.731682 1.288847
4202.426 2.525846 1.236847
4203.393 5.288308 1.213391
4204.36 3.006559 1.214695
4205.33 2.498099 1.175501
4206.297 5.193752 1.252054
4207.267 5.977137 1.233676
4208.235 6.468622 1.285579
4209.205 3.564319 1.268325
4210.174 5.657464 1.281316
4211.142 2.488622 1.231779
4212.113 4.765511 1.245229
4213.082 4.110573 1.245468
4214.054 5.199735 1.217888
4215.023 6.024271 1.254276
4215.995 5.006121 1.207476
4216.965 5.238309 1.223573
4217.935 4.676909 1.203433
4218.908 0.8641841 1.141053
4219.878 4.215546 1.199234
4220.852 5.128407 1.232006
4221.822 7.240788 1.2928
4222.796 4.679551 1.294576
4223.768 6.311169 1.282932
4224.739 6.151896 1.279788
4225.713 4.606676 1.338145
4226.685 4.314931 1.346083
4227.66 5.008852 1.354014
4228.633 5.533214 1.317331
4229.608 5.354624 1.27842
4230.581 5.88983 1.179389
4231.554 3.247246 1.149225
4232.53 5.695833 1.190532
4233.503 5.246262 1.193911
4234.48 3.039647 1.159617
4235.454 4.327658 1.194687
4236.431 5.056587 1.288841
4237.405 5.698239 1.387849
4238.38 5.530193 1.415103
4239.357 4.875098 1.403425
4240.333 5.797195 1.310504
4241.31 5.617657 1.262553
4242.286 3.186374 1.204058
4243.264 4.484876 1.192794
4244.241 3.763647 1.191214
4245.217 1.813218 1.216959
4246.196 3.853438 1.257145
4247.173 2.761624 1.324402
4248.152 5.400194 1.346284
4249.129 5.878344 1.388608
4250.109 3.288804 1.345387
4251.087 5.130941 1.346072
4252.065 5.022823 1.358043
4253.045 4.458569 1.316551
4254.024 3.366216 1.295676
4255.005 6.412919 1.321241
4255.983 3.571464 1.292856
4256.965 4.204062 1.310195
4257.944 6.815711 1.307999
4258.926 5.054817 1.290884
4259.906 3.937899 1.23415
4260.886 4.354735 1.218162
4261.869 3.825163 1.227016
4262.849 4.299515 1.274286
4263.832 5.070354 1.298495
4264.813 4.934076 1.277531
4265.796 6.088815 1.267803
4266.778 4.032268 1.215797
4267.759 5.337113 1.215901
4268.743 4.764294 1.200013
4269.726 5.397398 1.210783
4270.71 4.015737 1.167046
4271.692 3.782884 1.156699
4272.677 4.972787 1.208681
4273.661 4.889807 1.227693
4274.644 5.568157 1.236401
4275.629 5.404008 1.221105
4276.613 4.429424 1.21318
4277.599 5.701347 1.231271
4278.583 3.699351 1.236122
4279.57 3.312255 1.218803
4280.554 3.622339 1.219238
4281.539 4.183278 1.175671
4282.526 3.439981 1.117723
4283.512 3.982003 1.179493
4284.499 4.938588 1.211262
4285.485 3.93585 1.197849
4286.473 5.721869 1.182267
4287.459 5.183871 1.155146
4288.445 2.910362 1.100318
4289.435 4.111939 1.099723
4290.421 4.97284 1.115147
4291.411 3.702627 1.136738
4292.398 5.824214 1.184134
4293.388 6.692212 1.248621
4294.376 5.669016 1.2105
4295.363 5.836153 1.220497
4296.354 5.544665 1.2015
4297.342 4.573648 1.15999
4298.333 4.225651 1.137009
4299.322 2.135425 1.110381
4300.314 7.314537 1.176427
4301.303 5.511335 1.154897
4302.292 5.125868 1.13048
4303.284 5.151296 1.140867
4304.274 4.227259 1.136645
4305.267 3.15251 1.156685
4306.257 4.527583 1.172031
4307.25 5.830954 1.204603
4308.241 3.370235 1.159625
4309.232 3.698155 1.165267
4310.226 7.476119 1.228546
4311.217 5.148683 1.232995
4312.211 3.722407 1.211259
4313.204 6.452733 1.250108
4314.198 4.502719 1.252864
4315.19 5.576533 1.257192
4316.184 4.189294 1.24404
4317.179 3.120625 1.21651
4318.172 4.202101 1.329104
4319.167 4.44241 1.37323
4320.161 5.813948 1.370264
4321.157 6.795037 1.350265
4322.151 5.56177 1.263622
4323.146 6.135534 1.180881
4324.143 3.622537 1.124167
4325.138 6.198478 1.166702
4326.135 6.129798 1.21008
4327.13 4.614877 1.157741
4328.128 5.411891 1.136228
4329.123 5.454086 1.128391
4330.12 4.84065 1.135415
4331.118 4.702806 1.147043
4332.114 4.568929 1.146672
4333.113 5.737444 1.154396
4334.11 3.313535 1.114672
4335.11 7.12528 1.142944
4336.107 6.61244 1.164196
4337.107 7.129967 1.200103
4338.105 8.07083 1.230694
4339.102 6.034494 1.23233
4340.103 8.617501 1.245885
4341.102 8.106676 1.550608
4342.102 7.695606 1.521593
4343.102 10.83348 1.238156
4344.103 10.4802 1.235456
4345.102 10.25539 1.232114
4346.102 7.938112 1.19892
4347.104 7.175425 1.20266
4348.104 3.791763 1.220678
4349.107 8.003225 1.624784
4350.107 8.963185 1.560457
4351.11 10.81142 1.52197
4352.111 7.045363 1.160268
4353.113 7.125534 1.140535
4354.117 10.03969 1.257015
4355.118 8.606941 1.323704
4356.123 6.368712 1.394551
4357.124 7.325266 1.58118
4358.129 9.244788 1.834521
4359.132 13.72685 2.077501
4360.135 7.547716 2.040185
4361.14 9.046213 1.688144
4362.144 11.59869 1.390315
4363.149 7.535828 1.287065
4364.153 10.5434 1.272342
4365.159 10.01401 1.291968
4366.164 9.307996 1.301767
4367.168 10.3734 1.307647
4368.175 9.403927 1.276326
4369.18 8.991904 1.250466
4370.188 10.44003 1.237063
4371.193 10.66399 1.250359
4372.201 9.81662 1.20815
4373.207 10.39255 1.200802
4374.213 11.18715 1.24492
4375.221 10.36777 1.250736
4376.228 10.32518 1.262384
4377.237 12.04346 1.288917
4378.244 11.02969 1.309958
4379.253 10.87374 1.282676
4380.261 11.34319 1.280177
4381.269 10.06063 1.256371
4382.279 13.32639 1.298261
4383.287 13.86251 1.292347
4384.298 10.93561 1.218555
4385.307 10.38742 1.207936
4386.318 13.07054 1.231852
4387.327 11.69734 1.216688
4388.336 12.20989 1.224015
4389.348 13.86939 1.266396
4390.358 13.67805 1.347364
4391.37 17.0476 1.395427
4392.38 15.5211 1.399763
4393.394 11.49171 1.30533
4394.404 14.10346 1.313152
4395.415 14.39314 1.285767
4396.429 12.88236 1.265487
4397.44 15.15051 1.271245
4398.454 14.30031 1.25244
4399.466 14.57665 1.268498
4400.48 16.87691 1.329206
4401.493 17.79443 1.355415
4402.505 16.47861 1.353849
4403.52 16.24869 1.337924
4404.534 15.6958 1.356192
4405.549 16.87152 1.396489
4406.562 19.53056 1.408539
4407.579 17.64396 1.360914
4408.593 16.85122 1.345903
4409.607 18.20427 1.353296
4410.624 15.63525 1.336589
4411.639 19.37876 1.391603
4412.656 21.23575 1.527739
4413.671 20.15217 1.502841
4414.689 17.94502 1.369811
4415.704 19.89198 1.369356
4416.723 21.06965 1.387016
4417.739 20.62376 1.403449
4418.755 20.57937 1.385774
4419.774 21.53551 1.429017
4420.791 22.38644 1.449401
4421.81 22.20601 1.441141
4422.827 22.31352 1.408559
4423.847 22.80806 1.391821
4424.865 23.55504 1.501322
4425.883 22.87857 1.473656
4426.903 21.55273 1.423877
4427.922 20.91776 1.419344
4428.943 22.90894 1.451864
4429.962 22.37548 1.446766
4430.983 22.33418 1.4465
4432.002 23.92076 1.448011
4433.022 23.97543 1.441507
4434.044 24.25959 1.411444
4435.065 26.79047 1.442503
4436.087 27.56977 1.456156
4437.108 24.19176 1.410835
4438.131 25.02733 1.428737
4439.152 28.23565 1.49229
4440.173 27.63431 1.500314
4441.197 25.98512 1.480138
4442.219 26.28199 1.484652
4443.243 26.30959 1.466643
4444.265 26.38128 1.479133
4445.29 28.22584 1.512135
4446.312 29.93446 1.545388
4447.335 26.84937 1.511824
4448.361 23.62902 1.452064
4449.384 28.83184 1.49542
4450.411 24.42665 1.450816
4451.434 29.02786 1.518148
4452.461 29.97489 1.581269
4453.485 32.15906 1.617597
4454.51 29.67468 1.569574
4455.537 28.02243 1.520835
4456.561 28.52718 1.50214
4457.589 28.97556 1.471221
4458.615 29.46617 1.499252
4459.643 27.44882 1.472442
4460.669 28.55943 1.535523
4461.695 34.2048 1.607155
4462.724 32.2904 1.595837
4463.751 30.33841 1.521535
4464.78 28.50069 1.476876
4465.807 30.68483 1.488762
4466.837 31.39082 1.526073
4467.864 32.23732 1.560443
4468.892 30.9468 1.546945
4469.923 29.56744 1.535181
4470.951 30.2244 1.534095
4471.982 31.53648 1.553952
4473.011 30.95856 1.587353
4474.042 30.42568 1.580317
4475.072 31.19426 1.583863
4476.101 29.62355 1.563321
4477.133 30.47288 1.571084
4478.163 30.06511 1.578621
4479.196 33.98754 1.597169
4480.227 29.54944 1.519663
4481.259 31.3937 1.512075
4482.291 28.18824 1.482671
4483.321 31.02506 1.512938
4484.355 32.59949 1.553333
4485.387 32.9177 1.577954
4486.421 29.88741 1.552431
4487.454 29.24836 1.605111
4488.488 32.78788 1.644751
4489.521 31.04758 1.56107
4490.554 29.88886 1.514638
4491.589 32.43474 1.515457
4492.623 28.61002 1.488765
4493.658 33.95391 1.559032
4494.692 32.12559 1.573308
4495.729 32.24041 1.577441
4496.763 32.01309 1.556628
4497.8 31.4914 1.524101
4498.834 32.22894 1.513766
4499.87 29.90047 1.489852
4500.907 29.33152 1.467517
4501.942 29.64783 1.475003
4502.98 29.57115 1.493194
4504.017 33.10635 1.532175
4505.055 33.25303 1.535335
4506.091 31.18128 1.523634
4507.128 29.43982 1.508233
4508.167 33.15151 1.548147
4509.205 28.96791 1.490179
4510.245 31.65115 1.500405
4511.282 33.0116 1.524923
4512.322 31.63809 1.506435
4513.36 29.75943 1.483756
4514.398 30.53354 1.481446
4515.44 30.50689 1.475857
4516.479 28.81172 1.451779
4517.52 28.15876 1.440891
4518.559 28.64282 1.478702
4519.601 30.6667 1.498828
4520.641 30.89096 1.517694
4521.681 29.63891 1.514226
4522.724 32.34965 1.561484
4523.764 30.26458 1.551845
4524.807 30.19508 1.543148
4525.848 28.04446 1.516071
4526.892 30.15129 1.490894
4527.933 31.37776 1.467889
4528.975 28.98439 1.431402
4530.019 27.69416 1.435811
4531.061 29.28804 1.481003
4532.106 31.36346 1.533878
4533.149 31.81541 1.51802
4534.194 30.01698 1.481739
4535.237 28.27124 1.452737
4536.28 28.93901 1.452
4537.327 25.42828 1.500835
4538.37 28.07315 1.510061
4539.417 28.19483 1.533382
4540.461 27.79628 1.423937
4541.508 29.1901 1.447256
4542.553 28.05865 1.44534
4543.598 28.14405 1.458401
4544.645 31.48919 1.462888
4545.691 30.95372 1.461364
4546.739 27.39865 1.39153
4547.785 27.85982 1.413433
4548.834 29.09139 1.43888
4549.88 26.16491 1.444772
4550.927 25.64274 1.447887
4551.977 28.71853 1.467921
4553.024 25.94744 1.399793
4554.074 27.55813 1.40052
4555.122 26.98857 1.392514
4556.172 25.38503 1.481404
4557.22 24.84562 1.481524
4558.269 24.95333 1.38695
4559.319 23.69249 1.383269
4560.368 27.45428 1.41515
4561.42 26.38739 1.413441
4562.469 24.69572 1.377489
4563.521 24.4487 1.349808
4564.571 24.0005 1.335622
4565.621 28.35572 1.463049
4566.674 24.9807 1.466112
4567.725 24.33057 1.376168
4568.778 26.52443 1.409705
4569.829 23.8333 1.374254
4570.883 22.33831 1.353031
4571.934 26.9265 1.399458
4572.989 24.45416 1.376938
4574.041 21.39287 1.329662
4575.093 24.08517 1.367272
4576.148 24.04131 1.361844
4577.201 24.1372 1.343171
4578.256 23.28318 1.3301
4579.309 23.11288 1.332856
4580.365 23.59749 1.35468
4581.419 21.68041 1.334162
4582.473 23.50061 1.34848
4583.53 21.97193 1.371578
4584.584 24.429 1.412791
4585.641 24.52552 1.323096
4586.696 23.29794 1.308829
4587.754 22.74461 1.29763
4588.809 22.43086 1.291452
4589.865 23.79894 1.341067
4590.923 23.87444 1.331811
4591.98 22.05141 1.292024
4593.039 22.74106 1.287938
4594.095 20.9553 1.28289
4595.154 19.58417 1.283055
4596.211 21.33987 1.316967
4597.269 22.36665 1.33681
4598.329 20.53154 1.302351
4599.387 20.42081 1.293917
4600.447 22.48361 1.286405
4601.506 21.10718 1.25191
4602.567 20.65587 1.248324
4603.626 22.02311 1.283718
4604.685 20.68342 1.309723
4605.747 20.73074 1.322228
4606.806 23.59876 1.337294
4607.869 20.28534 1.303354
4608.929 19.92709 1.269788
4609.991 20.03221 1.236575
4611.052 18.85157 1.218127
4612.113 21.00983 1.250205
4613.176 21.81036 1.270052
4614.237 19.9985 1.274821
4615.301 21.37824 1.303336
4616.363 21.91398 1.292185
4617.428 21.52543 1.356958
4618.49 19.78595 1.314727
4619.552 16.55543 1.169694
4620.618 18.83372 1.202076
4621.681 19.95661 1.373855
4622.747 22.17403 1.414087
4623.81 21.39122 1.401861
4624.876 18.97445 1.228035
4625.94 21.14003 1.241698
4627.004 20.18887 1.258197
4628.071 20.8793 1.250424
4629.136 18.97605 1.224276
4630.203 18.72333 1.204413
4631.269 19.39657 1.193792
4632.336 18.17831 1.207778
4633.402 20.11444 1.238465
4634.468 20.44385 1.262666
4635.537 17.59842 1.237713
4636.603 19.06647 1.246667
4637.672 21.33411 1.272363
4638.739 19.13724 1.2293
4639.809 19.26263 1.198125
4640.877 14.63848 1.42105
4641.944 18.05252 1.43618
4643.014 18.00189 1.19207
4644.083 17.20138 1.158636
4645.153 18.65787 1.184835
4646.222 18.4075 1.177725
4647.293 18.63622 1.204233
4648.362 18.34254 1.212878
4649.432 18.20386 1.237112
4650.504 18.93822 1.255982
4651.574 18.63357 1.213471
4652.646 20.43334 1.201631
4653.717 16.80638 1.156992
4654.79 20.19466 1.228021
4655.861 20.64537 1.250092
4656.935 18.53471 1.223629
4658.006 20.68698 1.221571
4659.077 18.98689 1.222773
4660.152 18.74725 1.219813
4661.224 18.60385 1.239096
4662.298 17.64307 1.272465
4663.371 18.94434 1.300389
4664.446 18.53853 1.278977
4665.52 17.91403 1.249613
4666.593 19.04372 1.223245
4667.669 18.90359 1.211514
4668.743 16.92627 1.170051
4669.819 16.87757 1.17723
4670.894 19.25142 1.198569
4671.971 16.72797 1.170778
4673.045 18.53001 1.186027
4674.121 15.8664 1.190646
4675.198 18.09584 1.271183
4676.274 17.61352 1.268384
4677.352 17.95124 1.228599
4678.428 18.13709 1.196202
4679.507 19.03997 1.17715
4680.583 18.55318 1.170777
4681.66 16.16498 1.13101
4682.74 16.5869 1.150005
4683.817 17.60403 1.180835
4684.898 17.47813 1.207939
4685.975 17.25822 1.217764
4687.056 17.06633 1.18937
4688.134 16.85683 1.164664
4689.212 17.3352 1.169162
4690.293 18.79308 1.177105
4691.373 15.75661 1.146001
4692.455 17.81539 1.177538
4693.534 18.75985 1.18023
4694.616 17.06736 1.173755
4695.696 19.96973 1.19653
4696.776 18.59216 1.163891
4697.859 16.84976 1.122545
4698.94 17.45449 1.123536
4700.024 17.98308 1.131037
4701.105 18.38964 1.148013
4702.189 18.09166 1.144785
4703.271 17.10309 1.159387
4704.353 15.41887 1.13994
4705.438 13.92569 1.141666
4706.52 14.63111 1.162528
4707.605 15.53682 1.189654
4708.689 14.82364 1.148647
4709.774 16.15562 1.149275
4710.858 15.97386 1.145005
4711.941 15.99128 1.147361
4713.028 16.75707 1.146695
4714.112 15.42478 1.115072
4715.199 17.77989 1.13154
4716.284 15.43325 1.101665
4717.372 16.42458 1.133015
4718.457 16.61247 1.155469
4719.542 15.39454 1.138284
4720.631 16.02711 1.135267
4721.717 17.22538 1.141511
4722.806 16.55581 1.135384
4723.892 16.71267 1.119849
4724.981 15.85062 1.179433
4726.068 15.51103 1.170778
4727.155 16.94174 1.178348
4728.246 16.1262 1.174978
4729.333 14.54802 1.076826
4730.424 14.58151 1.111393
4731.512 15.10469 1.119416
4732.603 15.02504 1.098988
4733.692 15.75669 1.10282
4734.781 15.61732 1.107969
4735.873 15.57415 1.117459
4736.962 12.91166 1.134756
4738.055 16.49717 1.213472
4739.145 14.86946 1.188954
4740.237 13.87934 1.10507
4741.328 12.42572 1.056611
4742.421 14.38523 1.106983
4743.512 15.43605 1.16122
4744.604 15.96509 1.525695
4745.697 16.67938 1.519441
4746.789 11.49447 1.278585
4747.884 10.82432 1.213994
4748.976 14.11884 1.058194
4750.071 13.46521 1.034525
4751.164 13.88619 1.075275
4752.257 11.4952 1.043225
4753.352 14.67013 1.111125
4754.446 14.33541 1.12217
4755.542 12.55459 1.06559
4756.637 15.44623 1.352454
4757.733 16.4451 1.335584
4758.828 14.03893 1.396337
4759.923 9.46585 1.293162
4761.02 12.84801 1.288272
4762.116 14.13127 1.0519
4763.214 14.13855 1.010166
4764.31 11.35077 0.9711099
4765.408 12.10884 0.9761974
4766.504 11.62428 0.984974
4767.601 12.04779 1.00842
4768.7 11.7858 0.9944872
4769.797 11.80343 0.9949571
4770.898 13.92696 1.071773
4771.995 12.68344 1.33116
4773.095 10.59073 1.35254
4774.193 12.15386 1.405079
4775.292 10.97135 1.036337
4776.393 11.72659 1.019026
4777.492 11.18242 0.9683741
4778.593 8.266261 0.9563384
4779.692 10.85642 0.9943576
4780.795 9.095383 0.9810487
4781.895 9.317195 0.968876
4782.995 11.94742 0.9897187
4784.098 11.4149 0.972626
4785.198 8.975195 0.9423876
4786.302 9.845343 0.9645852
4787.403 10.56791 1.010022
4788.507 8.953549 1.015324
4789.608 8.14928 1.015197
4790.71 9.069781 0.9749298
4791.815 11.34785 1.076853
4792.917 11.27944 1.087739
4794.023 9.585315 0.9850292
4795.126 9.887866 0.9748086
4796.231 10.06373 0.9687867
4797.334 9.524424 0.9526446
4798.438 9.782158 0.9445889
4799.544 7.768693 0.9168392
4800.649 9.40512 0.9484569
4801.756 11.09626 0.9685436
4802.86 9.526177 0.939836
4803.968 8.69774 0.9190221
4805.073 8.000835 0.8983311
4806.178 7.528592 0.879019
4807.287 8.249902 0.8918468
4808.393 7.927577 0.9270171
4809.502 8.790652 0.9664021
4810.608 8.214381 0.9477648
4811.717 9.098927 0.9270076
4812.824 6.760682 0.8869916
4813.931 7.869874 0.8929783
4815.042 6.452655 0.9242933
4816.149 6.290165 0.967239
4817.26 8.088801 1.017153
4818.368 9.081475 1.008478
4819.479 8.081887 0.982635
4820.588 6.800547 0.9237195
4821.697 7.123385 0.8990326
4822.809 7.283425 0.9313495
4823.918 6.735642 0.8908881
4825.03 6.477757 0.912554
4826.14 6.884246 0.8984907
4827.253 4.661284 0.8936463
4828.364 7.020701 0.9415131
4829.477 6.368101 0.9587234
4830.588 6.689775 0.9356699
4831.699 6.127316 0.8835623
4832.814 5.68827 0.8877609
4833.925 7.028438 0.9324761
4835.04 7.087188 0.9290461
4836.152 5.896361 0.9150199
4837.268 6.786054 0.9134765
4838.38 6.714122 0.9041345
4839.494 6.309781 0.9006986
4840.609 5.659407 0.8930334
4841.723 5.704741 0.9019983
4842.839 6.003378 0.8744643
4843.954 5.613878 0.8635238
4845.071 5.499993 0.8442978
4846.185 4.960508 0.854041
4847.3 5.466936 0.8546702
4848.418 6.085181 0.8983737
4849.533 4.74511 0.8505082
4850.651 5.705967 0.8276603
4851.768 4.783845 0.8276187
4852.886 4.903301 0.8644451
4854.002 4.437579 0.9117646
4855.119 6.126112 0.9601978
4856.239 5.734223 1.021248
4857.356 5.011315 0.9788888
4858.476 4.27182 0.9844846
4859.594 6.023435 1.504418
4860.714 9.335608 1.333952
4861.833 6.990859 2.210602
4862.951 5.552274 1.089734
4864.072 4.896013 1.093336
4865.191 8.937225 1.154091
4866.314 8.128888 1.014751
4867.433 6.730746 0.9714091
4868.555 7.184465 0.9381306
4869.675 5.06172 0.9047297
4870.795 4.968815 0.879862
4871.919 4.212221 0.8552517
4873.04 0.8967505 0.7993156
4874.163 3.39236 0.8378263
4875.285 4.018972 0.9066494
4876.409 2.513107 0.8581306
4877.531 4.531554 0.9013075
4878.653 3.43191 0.8739124
4879.778 4.185229 0.8556204
4880.9 4.590291 0.858673
4882.026 3.580423 0.8779832
4883.149 3.743718 0.8939318
4884.275 4.059371 0.9054164
4885.398 2.798739 0.8675426
4886.523 3.826015 0.8635386
4887.649 2.840989 0.8356226
4888.773 2.402335 0.8275145
4889.901 3.571346 0.8398073
4891.026 2.26937 0.8624836
4892.154 3.520336 0.8991874
4893.279 4.285059 0.9197217
4894.405 2.613785 0.8941351
4895.534 2.391462 0.8716649
4896.66 5.843637 0.8874592
4897.789 3.865888 0.8494555
4898.916 2.53688 0.8174252
4900.045 2.635636 0.8695769
4901.172 4.869227 0.9098393
4902.3 5.105149 0.9455173
4903.431 2.776944 0.8947499
4904.559 4.351497 0.8829955
4905.69 3.715385 0.8652136
4906.818 2.566623 0.8331231
4907.95 4.485564 0.896946
4909.079 4.707357 0.8904712
4910.208 2.900175 0.8924473
4911.34 1.516608 0.8451433
4912.47 3.385542 0.8384478
4913.603 3.74872 0.8552547
4914.733 4.900154 0.9266358
4915.867 3.905143 0.9057297
4916.998 1.469277 0.8583742
4918.131 4.078719 0.8485917
4919.263 5.101652 0.8660364
4920.395 3.815745 0.8303673
4921.529 2.198949 0.8046721
4922.661 3.856968 1.053816
4923.796 5.349731 1.112276
4924.929 1.968741 0.8414044
4926.065 1.994757 0.8705341
4927.198 4.967722 0.913955
4928.332 2.435731 0.8656197
4929.468 3.615996 0.852191
4930.602 4.775503 0.8691253
4931.739 3.919001 0.8594543
4932.873 3.732732 0.849048
4934.011 3.233663 0.8529718
4935.146 4.899012 1.14254
4936.281 5.146686 1.16956
4937.419 3.06761 0.8399699
4938.556 2.607138 0.8374443
4939.694 4.627998 0.8459222
4940.831 4.08346 0.8134612
4941.97 3.970938 1.072488
4943.107 7.177398 1.112877
4944.244 6.233226 1.110613
4945.384 2.790237 1.109703
4946.522 1.615526 0.8564113
4947.663 1.380371 0.8591728
4948.801 5.449162 1.139283
4949.942 3.919158 1.163694
4951.081 1.282541 0.8526427
4952.22 2.616905 0.8737901
4953.362 3.377894 0.8899935
4954.501 5.092035 0.924356
4955.644 4.564274 0.891354
4956.784 6.331766 0.8458061
4957.927 3.961248 0.8070723
4959.067 4.532703 0.8238684
4960.208 3.240916 0.8147568
4961.352 2.580139 0.7866005
4962.493 0.9643083 0.7439859
4963.638 3.214984 0.7548097
4964.779 2.486449 0.7572337
4965.924 2.251544 0.7591314
4967.067 3.803563 0.7863299
4968.209 3.782822 0.7944131
4969.355 2.84336 0.7997078
4970.498 2.754205 0.812564
4971.645 2.500433 0.8527607
4972.788 2.879689 0.8568991
4973.935 3.201368 0.8293887
4975.079 2.764837 0.7947952
4976.224 2.734975 0.8138839
4977.371 3.177444 0.8493575
4978.516 5.284517 1.187714
4979.664 5.934385 1.249419
4980.81 3.641912 1.08848
4981.958 1.797736 1.085941
4983.105 1.4584 1.101795
4984.251 2.677448 0.9721578
4985.4 2.079071 0.8569216
4986.547 1.335022 0.8551821
4987.697 3.393176 0.8929471
4988.844 4.181042 0.9685867
4989.995 4.835423 0.9441677
4991.143 3.652976 0.8562652
4992.291 2.483539 0.8173114
4993.442 4.467801 0.835352
4994.591 2.611614 0.8218629
4995.743 3.392221 0.8555635
4996.892 2.024693 0.792849
4998.044 2.995731 0.7863234
4999.194 4.632499 0.786512
5000.344 2.528661 0.7710329
5001.497 3.867177 0.8092321
5002.648 4.137506 0.8258108
5003.801 2.405622 0.7759407
5004.952 2.872292 0.7427117
5006.106 2.299384 0.7519838
5007.258 4.909243 0.786841
5008.413 0.5866935 0.7493089
5009.565 2.753235 0.7739731
5010.717 3.483678 0.8101415
5011.873 3.264919 0.7870944
5013.026 3.777074 0.7482412
5014.182 3.69697 0.7311701
5015.335 3.682255 0.7286066
5016.492 2.919202 0.7362769
5017.646 2.22737 0.74182
5018.8 4.559999 0.7888797
5019.958 4.3441 0.7786129
5021.112 2.487859 0.7400515
5022.27 2.273962 0.7176191
5023.426 3.331585 0.7394458
5024.584 2.412239 0.7322415
5025.74 2.853462 0.7784331
5026.896 3.078602 0.7871255
5028.055 2.553774 0.7597554
5029.212 1.891689 0.7242172
5030.372 2.31473 0.7103068
5031.529 2.838502 0.738658
5032.689 2.25911 0.741591
5033.847 3.989049 0.7715842
5035.005 3.62758 0.7785472
5036.166 2.697159 0.7524114
5037.325 3.784574 0.7651639
5038.486 3.583678 0.7520579
5039.645 2.874402 0.7547882
5040.808 3.417406 0.7675237
5041.967 2.088005 0.7868625
5043.127 3.196989 0.7974557
5044.29 1.105542 0.7783465
5045.45 2.883517 0.7725525
5046.614 3.139736 0.7679827
5047.775 3.713729 0.7828861
5048.939 3.040518 0.7754937
5050.1 6.258559 1.193838
5051.262 7.152752 1.205845
5052.427 2.042214 1.02572
5053.589 3.443665 0.7492275
5054.754 3.780653 0.7489409
5055.917 2.800089 0.7214791
5057.083 1.574863 0.705521
5058.247 5.119416 1.017747
5059.41 5.01318 1.062944
5060.577 1.797257 0.7867212
5061.741 2.892478 0.7785755
5062.908 3.978801 0.7697841
5064.073 1.3525 0.7418027
5065.241 3.894693 1.021434
5066.406 6.1643 1.042125
5067.572 3.054198 0.7341509
5068.74 2.783084 0.7369422
5069.906 2.365199 0.7595264
5071.075 1.633353 0.7752386
5072.242 3.592232 0.8218542
5073.412 3.051841 0.8313741
5074.579 3.372373 0.8267993
5075.746 3.069235 0.7931934
5076.917 2.932274 0.7520144
5078.084 3.894483 1.014548
5079.255 6.558162 1.027623
5080.424 5.667744 1.079261
5081.596 4.1427 0.8712664
5082.765 2.832631 0.8978862
5083.934 1.641359 0.8241732
5085.106 3.465353 0.7915688
5086.276 2.145705 0.7926022
5087.449 3.264954 0.7966918
5088.619 2.79184 0.8288964
5089.792 1.711107 0.8201429
5090.963 3.541149 0.8137693
5092.135 3.888236 0.7910872
5093.309 2.057684 0.7239239
5094.48 2.968783 0.7072511
5095.655 3.141952 0.7304113
5096.828 2.473047 0.7550212
5098.003 2.792863 0.7590204
5099.176 3.439925 1.05708
5100.352 4.928629 1.062998
5101.525 3.362645 0.7984369
5102.699 3.444258 0.7737824
5103.875 2.804722 0.7279353
5105.049 2.771908 0.7482097
5106.227 2.001403 0.7501885
5107.401 2.796447 0.7864457
5108.579 3.18406 0.783079
5109.754 3.256645 0.9595983
5110.93 0.07807336 0.8884665
5112.108 3.784664 0.8854604
5113.284 0.3726895 0.8818564
5114.463 3.743423 0.785461
5115.64 2.006932 0.7620919
5116.82 2.031638 0.7372571
5117.997 2.727894 0.728717
5119.174 2.030455 0.7263389
5120.355 5.091312 1.045386
5121.533 2.578409 1.069855
5122.713 2.716753 0.7381988
5123.892 2.753548 0.7136248
5125.074 3.04804 0.719681
5126.252 4.060753 0.729279
5127.432 2.912908 0.7271457
5128.614 5.052632 0.7718536
5129.794 3.124136 0.8076185
5130.977 2.278767 0.7933608
5132.157 0.3508007 0.7533685
5133.341 3.320844 0.7445875
5134.522 4.925546 1.082729
5135.703 2.696338 0.9681681
5136.887 3.358797 0.7415652
5138.069 4.118232 0.740427
5139.254 3.668872 0.7382048
5140.436 4.202849 0.7463314
5141.622 6.088325 1.008477
5142.804 3.874 0.9791171
5143.987 2.531445 0.7222557
5145.174 2.830238 0.7277414
5146.357 3.05294 0.7461771
5147.544 3.055868 0.7493264
5148.728 3.507431 0.7515868
5149.916 2.637145 0.7697646
5151.1 4.044171 0.8020498
5152.285 3.484519 0.7805498
5153.473 3.73518 0.7827181
5154.659 3.797975 0.8010718
5155.848 1.861232 0.789094
5157.034 1.740046 0.7698982
5158.223 2.799419 0.7940056
5159.41 0.6784087 0.8134248
5160.596 2.308617 0.8076224
5161.786 0.5986338 0.8374654
5162.974 2.418951 0.859905
5164.165 3.392735 0.8121061
5165.352 3.442541 0.7528735
5166.543 5.565144 0.7418592
5167.732 6.244534 0.7439677
5168.921 5.779812 0.7557732
5170.113 5.030204 0.7430939
5171.302 4.150443 0.7103338
5172.495 3.690973 0.6976665
5173.685 2.862883 0.6859888
5174.878 2.546666 0.6652301
5176.068 2.81334 0.8824289
5177.259 3.647323 0.8876598
5178.453 2.00678 0.6675686
5179.644 3.403516 0.6800303
5180.838 4.258409 0.6977587
5182.03 2.899438 0.6722
5183.225 2.394334 0.6557351
5184.417 3.505679 0.6625053
5185.61 2.123679 0.6530476
5186.806 1.837915 0.6538716
5187.999 2.81112 0.6860374
5189.196 1.705893 0.682628
5190.39 2.060129 0.6971565
5191.586 4.323806 0.9515352
5192.781 3.316788 0.9603307
5193.978 1.065881 0.6676205
5195.173 1.598167 0.6783514
5196.368 2.049515 0.687377
5197.566 3.055834 0.7455454
5198.762 1.733914 0.7890459
5199.961 3.672274 0.8040919
5201.157 2.90977 0.7607831
5202.356 2.757412 0.7309657
5203.553 4.476909 0.7381181
5204.751 3.494743 0.72506
5205.951 3.679826 0.7084817
5207.148 3.725325 0.7055159
5208.349 4.402683 0.7156159
5209.547 4.049321 0.721755
5210.748 3.194288 0.7077709
5211.947 -0.5708894 0.7100325
5213.146 3.061258 1.022342
5214.348 2.450716 0.9475707
5215.548 2.105896 0.7121975
5216.751 3.750891 1.007703
5217.951 4.12442 1.008971
5219.154 3.721351 0.787739
5220.355 2.398964 0.804911
5221.556 2.984323 0.8360576
5222.76 3.098599 0.8106895
5223.961 2.693314 0.7444959
5225.166 3.449773 0.7398197
5226.368 4.242304 0.7468426
5227.573 3.215425 0.7886479
5228.775 4.011605 1.112899
5229.979 4.365722 1.078111
5231.185 1.399804 0.813759
5232.388 3.097024 0.8170483
5233.594 4.086718 0.7860382
5234.798 4.013876 0.960987
5236.005 4.022936 0.9851099
5237.21 3.322248 0.7287781
5238.415 1.874731 0.7191482
5239.623 2.927595 0.748665
5240.828 3.001348 0.7510738
5242.037 2.256694 0.7245662
5243.243 3.65776 0.9524179
5244.452 3.457178 0.9432648
5245.658 2.079845 0.7530837
5246.865 3.539429 1.016524
5248.075 6.339585 1.058271
5249.282 5.453806 1.056738
5250.493 -0.09620136 0.8703273
5251.701 2.927551 1.59737
5252.912 5.938996 1.037022
5254.12 2.150216 0.7432264
5255.329 4.31042 1.057609
5256.541 4.334463 1.058072
5257.75 1.340778 0.7407183
5258.962 2.889653 1.005796
5260.172 3.966801 0.9925932
5261.385 2.221674 0.7305607
5262.596 3.602413 0.7331592
5263.806 3.955735 0.7211572
5265.02 3.855937 0.7077334
5266.231 3.734327 0.7067243
5267.446 0.9847144 0.6963624
5268.657 4.263161 0.724952
5269.872 4.011308 0.7317365
5271.084 4.41633 0.9388894
5272.297 6.056978 0.9663593
5273.513 3.058565 0.9781865
5274.726 2.26973 0.7170493
5275.942 1.61549 0.7219967
5277.156 1.25301 0.7276921
5278.373 2.313981 0.742952
5279.587 3.402422 0.7365496
5280.805 2.059288 0.7201103
5282.02 2.49711 0.7088641
5283.235 1.952154 0.7183539
5284.453 1.769154 0.7296438
5285.669 1.334674 0.7389528
5286.888 3.433509 0.7772707
5288.104 1.165318 0.741067
5289.323 1.526393 0.7360681
5290.54 2.707111 0.7357605
5291.757 2.454473 0.7339479
5292.977 5.893818 1.000096
5294.195 2.823143 0.9790262
5295.416 4.182486 0.7449612
5296.634 1.688784 0.7243951
5297.855 2.22647 0.7123388
5299.074 3.223183 0.7412271
5300.293 1.484953 0.7270154
5301.516 1.302667 0.7229122
5302.735 1.983406 0.7573247
5303.958 1.512485 0.7818221
5305.178 2.502551 0.8192696
5306.401 2.580522 0.8347888
5307.622 3.617266 0.8261815
5308.843 1.441322 0.7495436
5310.067 1.917892 0.7053035
5311.289 1.613956 0.7021633
5312.514 1.947768 0.8044419
5313.736 1.036181 1.432356
5314.961 6.774606 1.49994
5316.184 2.924643 1.111263
5317.407 2.448077 0.7457227
5318.633 0.1154408 0.7098516
5319.857 2.940983 0.7819268
5321.083 2.152656 0.7877653
5322.308 2.735717 0.7943953
5323.535 3.151562 0.729017
5324.76 2.349141 0.7379234
5325.984 2.750857 0.7612531
5327.213 3.319449 0.7348642
5328.438 4.726907 1.448136
5329.667 1.610972 1.451655
5330.893 1.791579 0.7204541
5332.122 1.329945 0.7325705
5333.349 1.88727 0.7160112
5334.576 2.698459 0.7191402
5335.806 3.034992 0.7498614
5337.034 2.018825 0.7338193
5338.264 2.10142 0.7599701
5339.492 2.238337 0.7428009
5340.724 3.584096 0.7877466
5341.952 3.187517 1.078032
5343.181 6.456234 1.080979
5344.413 4.780141 1.027165
5345.643 1.534905 0.7452705
5346.876 3.73652 1.017043
5348.105 3.918396 1.00109
5349.339 1.70814 0.7273776
5350.569 1.91943 0.7539881
5351.8 1.29331 0.7540398
5353.034 0.9691368 0.8083079
5354.266 2.837709 1.053868
5355.501 6.172288 1.034368
5356.732 5.565813 1.04233
5357.968 4.103859 0.7842966
5359.2 2.683918 0.7788833
5360.433 3.26956 0.7793043
5361.669 2.462577 0.7617568
5362.903 1.588991 0.7275076
5364.139 3.738548 0.7261199
5365.373 1.752465 0.732139
5366.611 4.425141 1.007067
5367.845 2.345 1.030982
5369.08 2.203356 1.03431
5370.318 7.091468 1.141618
5371.554 3.170583 1.114069
5372.792 3.24005 0.8352915
5374.028 3.331774 0.8015709
5375.268 3.12193 0.7871164
5376.504 2.776363 0.7923771
5377.744 1.618302 0.7669502
5378.981 1.784749 0.7361903
5380.218 1.480278 0.7384538
5381.459 1.268264 0.7520986
5382.697 4.758829 1.067861
5383.939 2.672778 1.006039
5385.177 2.407491 0.7172722
5386.419 2.005805 0.7201952
5387.658 -1.823487 0.8610383
5388.898 5.601985 1.49873
5390.14 3.42333 1.179788
5391.38 2.055046 0.7544758
5392.623 1.546927 0.7629253
5393.864 4.008564 1.08937
5395.107 1.071932 1.107758
5396.349 1.967929 0.788402
5397.59 2.065635 0.7759855
5398.835 4.359145 0.9748343
5400.077 1.656992 0.9649235
5401.322 1.866351 0.7351518
5402.565 1.899029 0.7465785
5403.81 4.323886 1.006417
5405.054 6.787845 1.028338
5406.297 1.035117 0.8227361
5407.544 -0.3012544 0.8109447
5408.788 2.44397 0.7182099
5410.035 2.494938 0.7195704
5411.28 3.38572 0.7619058
5412.527 2.021441 0.9772583
5413.773 4.803674 0.9722208
5415.018 1.72349 1.427151
5416.267 0.79805 0.9550071
5417.513 -0.4429968 1.022471
5418.762 0.7170915 0.9254139
5420.008 2.381947 0.7800261
5421.258 4.173628 1.004169
5422.505 3.718342 0.9734348
5423.753 1.378767 0.7100277
5425.003 0.940251 0.7187297
5426.252 1.053305 0.7372178
5427.503 2.74015 0.7584851
5428.752 3.553289 1.01236
5430.003 5.926857 1.054822
5431.252 6.534927 1.089368
5432.502 3.418663 1.091028
5433.755 2.3916 0.8461781
5435.005 3.649272 0.8275107
5436.258 1.860585 0.7864964
5437.509 4.116752 1.00792
5438.763 4.957784 1.01726
5440.014 2.107055 1.045419
5441.265 -1.975364 0.88087
5442.52 1.564489 0.773357
5443.772 2.660069 0.9749656
5445.027 3.451638 1.456363
5446.28 0.7893154 0.8663933
5447.536 5.017736 0.7549008
5448.789 4.966829 0.7536112
5450.042 4.310385 0.7511057
5451.299 4.403262 0.770345
5452.553 4.791426 0.7668698
5453.81 3.277661 0.7539175
5455.065 4.49392 0.9231893
5456.323 3.984156 0.7079876
5457.579 2.835153 0.7020198
5458.834 2.432909 0.7389302
5460.093 1.321285 0.8800109
5461.349 2.504546 1.275346
5462.608 1.768104 1.357572
5463.865 2.777274 1.109004
5465.125 2.560202 1.159925
5466.382 3.848934 1.048199
5467.64 3.222379 1.003619
5468.9 0.7135482 0.7139963
5470.159 1.964118 0.7195156
5471.42 2.132396 0.7283889
5472.679 3.077468 0.7400221
5473.94 4.562336 0.7603303
5475.2 -0.2485815 0.8523052
5476.462 1.493705 0.8317409
5477.722 2.554598 0.7289731
5478.982 1.368772 0.7342573
5480.246 3.171674 0.7882024
5481.507 1.316772 0.8091868
5482.77 3.000267 0.7953869
5484.032 2.444559 0.7525251
5485.296 2.362304 0.7450632
5486.559 2.505511 0.7494789
5487.821 1.65075 0.7432674
5489.086 1.959118 0.7328666
5490.349 2.206759 0.7289238
5491.615 1.974145 0.7085639
5492.878 1.853302 0.6977605
5494.145 -0.3290629 0.8678253
5495.409 -0.5500997 1.850604
5496.673 4.723778 0.9769736
5497.94 3.423019 0.740326
5499.206 2.400858 0.7511097
5500.474 3.469328 0.7883113
5501.739 3.948256 0.8025568
5503.007 2.743024 0.763577
5504.273 2.461304 0.7242388
5505.54 3.528395 0.7226805
5506.81 3.391269 0.7145317
5508.076 2.075247 0.7010799
5509.346 2.586233 0.7014015
5510.614 1.844106 0.6965127
5511.884 2.500028 0.7063557
5513.152 2.292509 0.7338832
5514.421 2.806619 0.7766533
5515.692 2.432853 0.7492877
5516.961 1.256286 0.7083408
5518.233 5.224181 0.9641285
5519.503 2.085382 0.976585
5520.776 2.859141 0.7412829
5522.046 1.663398 0.7554697
5523.316 5.707375 1.020032
5524.59 2.452217 0.9452745
5525.861 1.788007 0.6833249
5527.135 1.988626 0.6893365
5528.406 1.771416 0.6824838
5529.681 2.895321 0.7100406
5530.954 2.594196 0.6946048
5532.226 3.362928 0.6928526
5533.502 2.201553 0.6806098
5534.774 1.501126 0.6786069
5536.051 3.181968 0.6821801
5537.324 3.269079 0.7055206
5538.601 2.384697 0.7200856
5539.876 2.820566 0.7441427
5541.15 0.9340867 0.7119138
5542.428 2.788869 0.726324
5543.703 1.690836 0.725796
5544.981 3.084606 0.7155791
5546.257 2.525956 0.7027557
5547.536 3.388246 0.6969892
5548.811 1.779166 0.6847712
5550.088 2.21561 0.7212491
5551.368 5.087528 0.9938158
5552.645 3.457444 0.936403
5553.926 1.318011 0.6705363
5555.203 2.276769 0.699187
5556.484 2.316192 0.6980703
5557.763 1.642411 0.6718051
5559.041 2.027293 0.6866739
5560.323 0.9222824 0.6892663
5561.602 3.033962 0.9956071
5562.885 4.997612 1.020897
5564.165 2.798638 0.996844
5565.447 3.805271 1.034144
5566.728 3.660827 1.020017
5568.008 3.790588 1.46778
5569.292 2.659506 0.8902231
5570.574 3.838866 1.101531
5571.858 3.732303 1.076353
5573.14 2.928568 0.7299734
5574.425 2.557322 0.858686
5575.708 0.2570585 1.727205
5576.993 9.021064 4.251531
5578.276 -14.01991 8.581908
5579.56 -13.72434 8.68073
5580.846 6.900165 2.916738
5582.13 1.931102 1.077194
5583.417 3.045519 0.7615013
5584.702 0.4354963 0.7149189
5585.989 1.572881 0.7535593
5587.274 3.265764 0.762607
5588.56 3.371356 0.7829229
5589.849 3.934229 0.8119413
5591.135 1.512453 0.8257841
5592.424 1.995709 0.7731897
5593.71 2.927141 0.7337657
5595.001 1.869646 0.7200511
5596.288 2.164889 0.737021
5597.575 2.668837 0.7344958
5598.866 2.805979 0.723242
5600.154 2.435498 0.7126982
5601.445 1.281723 0.6886651
5602.733 1.537233 0.6866109
5604.025 2.332585 0.7273302
5605.315 2.858797 0.7857333
5606.605 2.310933 0.7986701
5607.897 2.576259 0.7598493
5609.187 1.91865 0.7256733
5610.48 2.604722 0.737021
5611.771 1.772671 0.7024916
5613.065 0.7825062 0.6846636
5614.357 2.835693 0.7110812
5615.648 2.244941 0.6909615
5616.943 2.067322 0.7234897
5618.235 2.578926 0.7228133
5619.531 1.989875 0.7048749
5620.824 2.320103 0.6983458
5622.12 0.8058814 0.8438554
5623.413 1.364335 0.8767718
5624.707 2.140718 0.8075651
5626.004 1.283345 0.784248
5627.298 1.054334 0.7267448
5628.596 5.429519 0.9667773
5629.891 6.724283 0.9931709
5631.189 3.277097 1.027365
5632.484 0.89624 0.7074497
5633.78 3.228633 0.9408134
5635.079 2.102367 0.9432152
5636.376 2.749565 0.9701361
5637.675 1.469388 0.9741808
5638.972 1.150241 0.7360231
5640.273 0.9464207 0.7663217
5641.57 1.083452 0.7571489
5642.868 3.032156 1.045295
5644.169 2.890524 0.7611878
5645.468 3.896295 0.7933362
5646.77 1.142745 0.7974476
5648.068 2.545981 0.8136051
5649.371 2.939126 0.8319222
5650.67 0.8241361 0.8011209
5651.971 4.675033 1.058126
5653.274 2.739833 1.044334
5654.574 5.03123 1.062334
5655.878 3.96931 1.033477
5657.18 1.983407 0.7687947
5658.484 5.250099 1.003704
5659.786 2.439864 0.9984996
5661.088 3.174703 0.765059
5662.393 1.980878 0.7688057
5663.696 2.850043 0.7719235
5665.002 2.62851 0.7700223
5666.305 1.546106 0.7776359
5667.612 2.549869 0.7978308
5668.916 1.72262 0.7995099
5670.22 2.353504 0.8232359
5671.527 1.797488 0.8377863
5672.832 1.572333 0.8292012
5674.14 -0.1828851 0.799147
5675.445 1.747435 0.8033898
5676.754 1.946068 0.8386222
5678.06 2.15112 0.8081688
5679.37 0.7067071 0.7817253
5680.676 1.682255 0.8263574
5681.983 1.927052 0.8733031
5683.293 1.707242 0.9318121
5684.601 0.02445538 1.00637
5685.911 0.9447277 1.048036
5687.219 2.808352 1.075296
5688.531 -1.025377 1.075079
5689.839 0.8668029 1.115004
5691.148 0.6589269 1.205414
5692.461 1.665863 1.142398
5693.77 3.672956 1.082935
5695.083 0.7143651 1.041978
5696.394 0.6250923 0.9523866
5697.707 1.022245 0.8640783
5699.018 1.869479 0.8539707
5700.329 3.606783 1.328016
5701.643 3.033207 1.221874
5702.955 1.761699 0.9518152
5704.27 1.605289 0.8952481
5705.583 2.069361 0.8593262
5706.898 2.757378 0.8482622
5708.211 1.543316 0.8034847
5709.524 4.44391 1.074423
5710.841 5.154673 1.099526
5712.154 2.324865 0.8095708
5713.472 1.902722 0.8636353
5714.786 1.602202 0.8591962
5716.104 3.69739 0.8574977
5717.419 3.141207 0.8117041
5718.734 2.685663 0.8177773
5720.053 2.551184 0.845079
5721.369 3.342458 0.872752
5722.688 2.66875 0.8527172
5724.004 3.319383 0.8463198
5725.324 3.248942 0.8959652
5726.642 3.91412 0.923122
5727.959 3.519351 0.8540977
5729.28 3.103205 0.80757
5730.598 3.607071 0.8176139
5731.919 3.205494 0.7946255
5733.238 2.966259 0.8125883
5734.56 3.095663 0.8058344
5735.879 2.194998 0.7994907
5737.199 3.15964 0.8309697
5738.521 4.153721 0.8610528
5739.842 4.001942 0.8454155
5741.166 4.171084 0.8326535
5742.486 3.168464 0.8307501
5743.81 3.711684 0.8678113
5745.132 3.009733 0.857866
5746.454 4.636395 0.8432918
5747.778 1.923506 0.80895
5749.101 3.40394 0.8384995
5750.427 4.747191 0.8805389
5751.749 4.72056 0.8747482
5753.076 5.332467 0.8703178
5754.399 4.175128 0.8565127
5755.723 5.484863 0.8734329
5757.05 3.298124 0.85731
5758.374 4.277823 0.8446163
5759.703 5.094877 0.8687394
5761.027 7.807085 0.9157653
5762.356 5.008234 0.8945052
5763.682 5.751616 0.8887251
5765.008 6.381061 0.8937521
5766.337 3.646344 0.8980128
5767.664 6.023408 0.9551183
5768.994 4.652233 1.065545
5770.321 3.229418 1.150152
5771.651 5.386298 1.15051
5772.979 6.386068 1.100576
5774.307 7.373924 1.024397
5775.639 5.892076 0.924506
5776.967 6.040816 0.9414025
5778.299 6.291186 0.9893517
5779.629 5.893813 0.9695117
5780.961 4.94967 0.9403936
5782.292 6.686713 0.994566
5783.625 7.030422 1.010645
5784.956 7.355225 0.9900361
5786.286 7.50619 0.9771741
5787.621 8.104234 1.024211
5788.952 7.788667 1.104164
5790.287 7.876403 1.19313
5791.619 6.813767 1.293423
5792.955 6.757587 1.316727
5794.287 7.194045 1.206203
5795.62 6.730079 1.094522
5796.957 7.083415 1.093658
5798.29 7.795206 1.105198
5799.627 8.91488 1.076145
5800.961 8.110155 1.042603
5802.299 6.956715 1.015057
5803.634 5.61805 1.286717
5804.969 7.601312 1.35568
5806.308 10.12714 1.14243
5807.644 8.296846 1.447327
5808.982 5.329736 1.449351
5810.319 6.671024 1.385403
5811.659 9.664831 1.138014
5812.996 6.829151 1.39933
5814.333 7.037818 1.340306
5815.674 6.952222 1.34686
5817.012 9.407677 1.3619
5818.353 8.601631 1.162768
5819.691 8.914674 1.134615
5821.034 9.14196 1.115896
5822.373 10.6322 1.156199
5823.712 6.331116 1.309389
5825.055 8.722103 1.330305
5826.395 8.475241 1.352726
5827.739 7.004804 1.346803
5829.079 6.570934 1.325339
5830.423 7.599931 1.345992
5831.765 8.999753 1.379203
5833.106 13.06705 1.176309
5834.452 9.998745 1.407223
5835.793 9.807087 1.40527
5837.14 12.46209 1.512184
5838.482 8.705123 1.462363
5839.829 12.36233 1.394555
5841.172 10.93172 1.949987
5842.516 15.14552 1.910022
5843.863 10.56095 1.408951
5845.208 15.24245 1.199532
5846.555 10.73028 1.360938
5847.9 12.99259 1.38664
5849.249 15.98032 1.257182
5850.594 15.75606 1.253784
5851.94 16.07694 1.598522
5853.29 14.28256 1.84402
5854.636 13.31178 1.390211
5855.986 10.37711 1.553946
5857.333 12.66737 1.535314
5858.684 14.56548 1.433949
5860.032 15.68271 1.356951
5861.38 14.25457 1.35485
5862.732 19.2467 1.202661
5864.081 17.07675 1.690131
5865.433 16.88969 1.706334
5866.782 17.34537 1.265868
5868.135 18.39404 1.262139
5869.485 20.23343 1.444387
5870.835 17.71792 1.22727
5872.189 18.59699 1.192891
5873.54 19.4458 1.181014
5874.894 20.30071 1.325107
5876.246 14.49654 1.400835
5877.601 16.23747 1.376741
5878.953 15.92774 1.377603
5880.305 16.59403 1.367113
5881.661 22.18132 1.268146
5883.015 19.14393 1.202215
5884.371 18.06751 1.251478
5885.725 21.56253 1.136878
5887.082 21.34239 1.168579
5888.436 20.82487 1.348699
5889.794 23.07638 1.903476
5891.149 20.06005 2.481985
5892.504 20.2759 2.262297
5893.863 23.92792 1.599554
5895.219 23.49692 1.66438
5896.579 24.15708 2.318585
5897.935 22.44232 2.671547
5899.295 21.58229 1.739183
5900.652 21.31179 1.326162
5902.01 19.19726 1.169863
5903.371 19.64868 1.160325
5904.729 20.46495 1.118798
5906.09 23.2548 1.140533
5907.449 21.53957 1.213008
5908.811 20.54384 1.180219
5910.17 21.04621 1.055838
5911.53 22.84902 1.060434
5912.893 21.26952 1.056814
5914.253 22.6817 1.073988
5915.617 23.57701 1.115156
5916.978 23.23777 1.147382
5918.343 22.89465 1.139352
5919.704 22.95471 1.113694
5921.066 21.77685 1.224908
5922.431 20.60775 1.195831
5923.794 21.50472 1.073788
5925.16 26.0252 1.174343
5926.523 21.38942 1.186591
5927.89 23.59767 1.17107
5929.253 22.13066 1.117874
5930.617 21.4315 1.067402
5931.985 22.81947 1.125882
5933.35 23.62835 1.209815
5934.718 21.95309 1.189555
5936.083 21.23646 1.112765
5937.452 23.48613 1.074904
5938.818 24.49205 1.211778
5940.184 22.64136 1.206956
5941.554 24.2092 1.092734
5942.92 22.18186 1.069223
5944.291 22.32663 1.067443
5945.659 22.64762 1.071923
5947.03 24.2248 1.149034
5948.398 24.16515 1.122185
5949.766 22.99105 1.054187
5951.138 23.25895 1.15755
5952.507 22.14525 1.178249
5953.88 21.50302 1.232263
5955.249 23.39365 1.243965
5956.623 24.72016 1.085938
5957.993 23.94339 1.114452
5959.364 23.07216 1.236098
5960.738 21.39277 1.227933
5962.109 24.37288 1.043764
5963.484 24.27742 1.038198
5964.856 23.10712 0.9989453
5966.231 23.17079 0.9972539
5967.604 24.66669 1.010222
5968.977 24.15847 1.060545
5970.353 23.76578 1.083007
5971.727 24.06798 1.082674
5973.104 22.57342 1.030733
5974.478 25.78168 1.088273
5975.855 24.55983 1.077748
5977.23 23.64957 1.082899
5978.605 22.93637 1.077262
5979.984 22.20801 1.152387
5981.36 22.70871 1.14515
5982.739 24.50099 1.005899
5984.115 24.7158 1.014347
5985.495 24.28816 1.04283
5986.872 24.99116 1.079663
5988.249 24.9599 1.054422
5989.63 25.03256 1.070314
5991.008 26.05705 1.154898
5992.39 19.33962 1.23595
5993.768 21.47086 1.144098
5995.15 23.24132 1.173932
5996.53 23.44097 1.054148
5997.913 25.17251 1.06171
5999.292 23.14368 1.210768
6000.672 22.74887 1.162813
6002.056 23.79953 0.9971329
6003.437 24.96442 1.010772
6004.821 24.59081 1.022936
6006.203 24.35821 1.031353
6007.587 23.4836 1.01562
6008.97 22.5156 1.000796
6010.352 24.91185 1.022631
6011.738 23.54067 1.030277
6013.121 24.02244 1.063842
6014.508 22.97383 1.06029
6015.891 24.28604 1.018993
6017.278 25.62004 1.047499
6018.663 24.48839 1.028869
6020.047 24.45366 1.006015
6021.435 23.6851 1.01874
6022.821 23.33227 1.003653
6024.209 23.95287 0.9981262
6025.596 23.79995 0.9766297
6026.985 23.25301 1.046738
6028.372 23.30801 1.067606
6029.758 22.38373 0.9994984
6031.149 24.22731 1.013644
6032.536 24.6431 0.9946255
6033.927 23.62097 0.9765763
6035.315 24.56727 0.975196
6036.707 23.93807 0.9637623
6038.096 23.00568 0.9448387
6039.485 22.94559 0.9612153
6040.877 23.52129 0.9605196
6042.267 23.97817 0.9782561
6043.661 23.24179 0.9781905
6045.051 22.06122 0.9720952
6046.445 22.26182 1.092821
6047.836 21.84249 1.086883
6049.227 20.98651 0.9810682
6050.622 21.61388 1.152621
6052.014 22.37603 1.156019
6053.41 24.43046 1.160845
6054.802 21.33008 1.102174
6056.198 19.70441 1.092192
6057.592 20.93914 1.115302
6058.985 21.59673 1.141363
6060.382 21.05669 0.988323
6061.776 21.1718 0.9803845
6063.174 22.141 1.135921
6064.569 23.55424 1.117863
6065.968 20.86388 1.147906
6067.363 22.48561 1.338747
6068.759 23.70552 1.307855
6070.158 21.7478 1.271525
6071.555 23.36719 0.9927604
6072.955 22.19604 0.9793388
6074.352 22.00111 0.9797459
6075.753 21.41757 1.162659
6077.15 20.42131 1.130073
6078.548 19.36281 1.10125
6079.95 19.3844 1.116412
6081.349 20.2197 1.158693
6082.752 19.13623 1.145054
6084.15 18.4563 1.102658
6085.554 18.90867 1.101734
6086.954 20.38557 1.12619
6088.354 19.16777 1.131691
6089.758 19.24365 1.127572
6091.159 21.40146 1.094948
6092.564 20.51783 1.089177
6093.965 17.56842 1.050266
6095.37 18.72959 1.055661
6096.773 18.95326 1.050617
6098.178 18.79961 1.182149
6099.581 19.16935 1.209284
6100.984 18.14544 1.058872
6102.391 18.50551 1.073054
6103.795 20.27809 1.056239
6105.203 17.36268 1.022139
6106.607 17.86937 1.014048
6108.015 18.03568 1.159536
6109.42 19.38716 1.162952
6110.826 18.19114 1.156105
6112.235 17.97968 1.053566
6113.641 18.45778 1.054588
6115.051 20.40924 1.192869
6116.458 20.35111 1.176413
6117.868 18.29101 1.183416
6119.275 19.32447 1.211674
6120.683 19.23175 1.231799
6122.095 18.01755 1.051612
6123.503 20.49546 1.066616
6124.915 19.45045 1.061244
6126.324 22.22809 1.114556
6127.737 19.26747 1.097857
6129.146 18.72573 1.105627
6130.557 20.62284 1.107204
6131.97 20.2821 1.18772
6133.381 20.28934 1.186865
6134.795 17.78467 1.205239
6136.207 18.64899 1.206574
6137.622 19.24475 1.195772
6139.034 18.33049 1.053154
6140.446 18.22966 1.063718
6141.862 19.36332 1.242845
6143.275 19.29762 1.22466
6144.691 15.92258 1.242384
6146.105 19.36849 1.28792
6147.522 18.29316 1.349184
6148.936 16.86548 1.340186
6150.351 20.34222 1.252462
6151.769 18.11338 1.040303
6153.185 15.38414 1.093602
6154.604 18.78193 1.209724
6156.019 18.6208 1.177451
6157.439 17.47352 1.112775
6158.855 16.82612 1.081551
6160.272 17.74929 1.11144
6161.693 18.83246 1.318844
6163.11 16.44012 1.523819
6164.531 16.42825 1.279136
6165.95 15.92582 1.139973
6167.371 15.24647 1.056312
6168.79 16.57434 1.02582
6170.209 16.16152 1.026891
6171.632 15.35694 1.055378
6173.052 15.09047 1.066087
6174.476 17.09391 1.096311
6175.896 16.42961 1.100995
6177.32 15.91715 1.084024
6178.741 16.19771 1.049054
6180.163 16.1358 1.142919
6181.587 18.48462 1.177498
6183.01 20.23377 1.451884
6184.435 16.93803 1.191408
6185.858 15.98901 1.099768
6187.285 16.11066 1.096646
6188.708 17.15642 1.041393
6190.132 15.61781 0.9797968
6191.559 15.99277 0.9791578
6192.983 18.10711 1.010803
6194.412 15.53291 0.9899037
6195.836 14.56536 0.9840942
6197.265 14.84377 1.003392
6198.691 15.54062 0.988762
6200.117 14.29991 0.9963391
6201.547 15.70856 1.023876
6202.973 19.62602 1.056966
6204.404 18.51931 0.8610642
6205.831 17.56677 1.028986
6207.262 16.08045 0.9859803
6208.69 15.24435 0.981935
6210.122 15.15227 1.033147
6211.55 16.34617 1.173483
6212.98 17.5809 1.204922
6214.412 15.33867 0.9730532
6215.842 15.43777 0.9344217
6217.275 15.29749 0.9118296
6218.706 14.44956 0.9290223
6220.139 15.2354 1.075957
6221.57 15.76664 1.091528
6223.002 15.17128 0.9750018
6224.436 16.15383 0.9939089
6225.869 17.07913 0.9692444
6227.304 15.73114 0.9201729
6228.737 17.17693 1.061101
6230.173 19.08099 1.129481
6231.606 14.63006 1.062392
6233.04 16.4145 1.084373
6234.477 15.55096 1.208647
6235.912 14.62033 1.423246
6237.35 22.18934 1.068412
6238.784 15.24498 1.22717
6240.223 12.58117 1.138715
6241.659 14.1228 0.9743387
6243.094 14.94037 0.9791504
6244.534 14.51419 0.9492312
6245.971 13.74635 0.9154155
6247.411 14.3916 0.9134706
6248.848 16.74571 1.081501
6250.289 18.1844 0.8768334
6251.727 14.34174 0.8884135
6253.165 15.59377 1.068778
6254.607 15.21213 1.14388
6256.046 13.34934 1.148062
6257.489 17.53464 0.9733859
6258.928 15.40392 1.275604
6260.372 13.7084 1.244993
6261.811 15.62383 0.8146534
6263.252 15.56619 0.766323
6264.696 15.20641 0.7625681
6266.138 16.10133 0.7899988
6267.583 16.33657 0.8373391
6269.024 16.6102 0.802908
6270.47 16.4681 0.7981207
6271.913 14.51519 0.9510163
6273.355 14.74992 0.8203931
6274.802 14.14913 0.8432511
6276.246 12.30398 0.8554551
6277.693 13.57196 1.04066
6279.137 16.26933 0.8180399
6280.585 15.54039 0.7172337
6282.03 16.13779 0.7913895
6283.475 15.4239 0.7772925
6284.924 14.28178 0.7795228
6286.37 14.28127 0.7151374
6287.819 15.5149 0.8554633
6289.266 12.86481 1.207152
6290.716 11.36785 0.9748917
6292.164 14.70741 1.145024
6293.611 14.94273 0.7959504
6295.062 13.18998 0.6770194
6296.51 14.27178 0.6953044
6297.962 13.62753 0.7604941
6299.411 15.0548 0.9583192
6300.864 15.98506 1.227363
6302.314 8.90541 1.485023
6303.763 13.68646 1.294377
6305.217 14.85647 0.8797829
6306.667 13.41124 0.9565145
6308.122 11.20406 0.9615305
6309.573 12.97113 0.7795245
6311.028 13.30433 0.7249607
6312.48 14.04838 0.7714416
6313.932 13.20719 0.7399739
6315.388 11.40256 0.6569089
6316.84 12.83031 0.6699409
6318.297 12.37651 0.6719379
6319.751 12.28959 0.675229
6321.208 12.29048 0.6832324
6322.662 12.16385 0.7084211
6324.12 13.01117 0.7053816
6325.575 12.29177 0.6803453
6327.03 11.10357 0.666385
6328.489 12.22389 0.7140532
6329.945 12.62535 0.8121894
6331.405 11.21196 0.8216137
6332.861 10.92593 0.8086041
6334.322 10.72675 0.7413766
6335.779 11.12835 0.6965113
6337.236 12.09465 0.6803514
6338.698 12.90255 0.688435
6340.156 12.3104 0.6802208
6341.618 11.53882 0.6826673
6343.077 11.82514 0.7071144
6344.54 11.18395 0.7154699
6345.999 12.33877 0.7291771
6347.459 10.32874 0.7088168
6348.923 11.46192 0.7253575
6350.383 11.06957 0.7248587
6351.848 11.44108 0.7146847
6353.309 10.57744 0.6848044
6354.774 9.634755 0.6794954
6356.236 11.60453 0.738635
6357.698 12.18994 0.7849522
6359.164 11.25616 0.7629058
6360.627 11.19645 0.7318438
6362.094 10.55243 0.7543417
6363.558 10.87636 0.8631228
6365.025 11.1099 0.9640111
6366.489 9.866881 0.9352803
6367.954 10.57777 0.7884781
6369.422 11.03166 0.7035285
6370.888 9.137951 0.6680817
6372.356 10.81208 0.6685902
6373.823 9.908621 0.6555761
6375.292 9.929444 0.6504598
6376.759 10.47088 0.6637093
6378.226 10.24391 0.6733585
6379.697 10.76059 0.6868589
6381.165 11.3056 0.6962782
6382.636 10.62015 0.6727764
6384.104 9.969889 0.6452924
6385.576 10.03814 0.6486445
6387.045 9.539318 0.6837361
6388.515 10.74003 0.6933919
6389.988 11.23618 0.6854612
6391.458 9.50186 0.6467829
6392.932 9.614896 0.6471229
6394.402 8.607713 0.6427505
6395.877 8.653336 0.6319712
6397.348 9.269322 0.642108
6398.82 8.777435 0.6318681
6400.295 8.723462 0.6357444
6401.768 7.232454 0.6369696
6403.244 8.932422 0.6548734
6404.717 7.608342 0.6478725
6406.194 8.852881 0.64445
6407.668 8.493678 0.6409276
6409.142 8.698684 0.6522252
6410.62 8.586703 0.6719838
6412.095 9.524115 0.7521859
6413.573 8.385971 0.7432099
6415.049 7.638305 0.6423736
6416.528 8.710535 0.6498234
6418.004 8.074653 0.6603823
6419.48 7.710268 0.6509864
6420.961 7.639361 0.6277839
6422.438 7.362119 0.6337644
6423.919 7.680715 0.6446837
6425.397 7.237403 0.6486817
6426.878 7.734063 0.6564929
6428.357 7.721222 0.6485348
6429.836 8.497387 0.6358023
6431.318 6.986374 0.6105486
6432.798 7.353259 0.6115193
6434.281 7.530231 0.6248338
6435.762 8.016302 0.6319109
6437.246 8.718064 0.6267555
6438.727 6.97896 0.6014475
6440.211 6.260927 0.5945106
6441.693 6.607453 0.6178769
6443.175 6.278464 0.6452963
6444.661 6.439886 0.6507489
6446.143 6.687808 0.6440855
6447.629 7.282968 0.6209335
6449.113 7.048944 0.6104491
6450.6 6.809188 0.6099846
6452.084 6.788276 0.6249324
6453.568 6.35918 0.6449783
6455.057 5.37836 0.6719907
6456.542 6.126924 0.6628236
6458.03 6.001707 0.6359324
6459.516 5.997593 0.628849
6461.005 6.613746 0.6328376
6462.492 6.323994 0.6332859
6463.979 6.397433 0.6432623
6465.469 5.831029 0.6805074
6466.957 4.956063 0.7084573
6468.448 4.65169 0.6768314
6469.936 5.886873 0.6687292
6471.428 6.550573 0.6883708
6472.917 5.004187 0.7128359
6474.406 4.75237 0.7002244
6475.898 5.029361 0.6713528
6477.388 4.728766 0.6630837
6478.882 6.062164 0.6735532
6480.373 6.351075 0.665593
6481.867 5.499379 0.6323763
6483.358 5.700239 0.6090761
6484.85 6.05781 0.6045349
6486.345 4.784066 0.5923616
6487.837 5.048061 0.5957103
6489.333 3.857866 0.5818358
6490.826 4.150793 0.5904151
6492.323 5.011059 0.6050492
6493.816 5.104855 0.6060102
6495.31 5.304965 0.6169054
6496.808 4.945215 0.6181542
6498.303 5.008346 0.6605933
6499.801 4.613144 0.7410731
6501.296 3.894957 0.7414692
6502.795 4.567129 0.7026178
6504.292 4.398701 0.639986
6505.788 4.366206 0.6488758
6507.288 3.470145 0.6573317
6508.785 4.909156 0.6749473
6510.286 3.933439 0.6672596
6511.784 4.809045 0.6450951
6513.285 3.546725 0.6219338
6514.784 4.318485 0.6224667
6516.282 3.47996 0.6138637
6517.785 3.010648 0.5987584
6519.284 3.847592 0.7463311
6520.788 3.793279 0.7619085
6522.288 3.267267 0.6313125
6523.792 3.364784 0.6518959
6525.292 3.22695 0.671083
6526.794 3.235484 0.6602235
6528.299 3.695546 0.6532945
6529.801 3.935568 0.6397284
6531.306 3.287393 0.6520921
6532.809 3.274402 0.7120415
6534.315 3.545189 0.7725602
6535.818 1.37771 0.7270244
6537.322 4.734016 0.874854
6538.83 2.784633 0.8453959
6540.334 2.481028 0.6558799
6541.842 2.344459 0.7937035
6543.347 2.648149 0.8024086
6544.856 4.414101 0.6975185
6546.361 4.596173 0.6868948
6547.868 3.435213 0.6418695
6549.377 3.071938 0.609751
6550.884 4.375731 0.6144202
6552.395 3.987619 0.6518434
6553.902 3.833505 0.7247779
6555.414 3.371656 0.7717307
6556.921 2.929738 0.7819667
6558.434 2.120375 1.131165
6559.942 2.876955 1.117942
6561.451 12.06311 1.372351
6564.474 0.4288729 2.041521
6565.988 6.851301 1.278794
6567.498 7.923183 1.79605
6569.013 4.934355 1.872532
6570.524 4.654681 0.8370942
6572.036 4.617948 0.77911
6573.551 4.747101 0.7317979
6575.064 3.753908 0.5909056
6576.58 3.710796 0.6207426
6578.092 3.281867 0.6586734
6579.609 1.654421 0.6676881
6581.123 4.474635 0.6607879
6582.637 3.179127 0.6158328
6584.155 3.080998 0.5975303
6585.669 2.016816 0.5823839
6587.189 2.306023 0.574742
6588.704 2.029138 0.5718683
6590.223 2.77493 0.5798173
6591.739 3.840794 0.5925568
6593.255 3.627197 0.5905186
6594.776 2.288508 0.5696828
6596.293 1.745602 0.5650445
6597.814 2.645275 0.5931557
6599.332 2.450925 0.5883012
6600.854 3.289433 0.5876564
6602.372 1.579468 0.5602632
6603.891 1.929427 0.6101725
6605.414 2.692013 0.6556051
6606.934 1.084652 0.604153
6608.457 1.720705 0.5501851
6609.977 2.343339 0.5453801
6611.502 3.331796 0.6840292
6613.023 1.845649 0.6853818
6614.544 1.526034 0.5463731
6616.069 2.923448 0.5575069
6617.591 1.704604 0.5272567
6619.117 2.216466 0.538175
6620.64 1.910275 0.5492282
6622.167 1.688221 0.5645255
6623.69 1.949746 0.5646979
6625.214 2.90717 0.7289373
6626.742 4.335949 0.715089
6628.266 3.480156 0.5473329
6629.794 1.331504 0.5264369
6631.32 0.6020858 0.5130679
6632.849 1.292379 0.5263224
6634.374 4.19865 0.6856114
6635.901 4.004019 0.7080556
6637.431 3.107778 0.5824792
6638.958 2.279795 0.5476231
6640.489 2.014717 0.5246788
6642.017 2.232695 0.5122246
6643.548 1.457305 0.5079193
6645.077 1.621258 0.5137497
6646.605 2.135125 0.5138692
6648.138 2.525942 0.5096159
6649.667 3.026693 0.5025163
6651.201 3.02297 0.5009411
6652.731 2.792 0.493715
6654.265 2.882734 0.4869757
6655.796 2.144243 0.4853672
6657.327 2.770942 0.487451
6658.862 2.254668 0.4775846
6660.394 2.075852 0.4723139
6661.93 1.778145 0.4785156
6663.462 2.291753 0.4849312
6664.999 1.851455 0.5013025
6666.532 1.150605 0.6469216
6668.066 2.322565 0.668798
6669.604 1.205606 0.6666992
6671.138 2.556706 0.6560017
6672.676 3.816837 0.6762214
6674.211 3.343524 0.6671786
6675.751 3.361558 0.6278404
6677.286 1.694724 0.6117691
6678.826 3.062115 0.5154821
6680.362 3.834682 0.5067412
6681.899 2.093292 0.4718679
6683.44 2.417123 0.4679526
6684.977 2.610801 0.4691214
6686.519 1.888352 0.4658765
6688.057 2.002745 0.4623099
6689.6 2.393929 0.5775076
6691.138 3.165025 0.5998921
6692.678 1.690191 0.500383
6694.221 2.538453 0.6369849
6695.761 3.365234 0.5844397
6697.305 2.280479 0.5938557
6698.846 3.392329 0.6181163
6700.391 3.360722 0.6347113
6701.932 1.468798 0.4785661
6703.474 0.9071282 0.4765487
6705.02 0.9357253 0.473754
6706.562 1.822261 0.5035391
6708.108 2.188801 0.5240377
6709.652 1.207751 0.5091577
6711.199 2.04913 0.5115867
6712.743 2.530819 0.6153808
6714.287 0.6272575 0.5841453
6715.835 3.519755 0.5970527
6717.38 5.403973 0.616416
6718.929 3.309324 0.5773509
6720.475 2.173147 0.447093
6722.025 2.925327 0.5570113
6723.571 2.76439 0.5603083
6725.118 3.599681 0.5795516
6726.668 2.740195 0.5716091
6728.216 1.336257 0.8530505
6729.768 0.9843655 0.5400788
6731.316 1.915188 0.5640272
6732.868 4.127497 0.5858897
6734.417 2.724686 0.5913825
6735.966 3.546178 0.6263562
6737.52 3.716562 0.6415524
6739.069 4.084658 0.6385149
6740.623 3.658099 0.6330708
6742.174 3.260377 0.6466446
6743.729 2.400316 0.4952767
6745.28 2.031865 0.4722328
6746.832 2.551023 0.4712861
6748.388 2.229562 0.4606981
6749.94 2.531259 0.4776456
6751.497 2.4049 0.497932
6753.05 2.454906 0.4796371
6754.607 3.636996 0.6010791
6756.161 3.535851 0.6110295
6757.715 3.748856 0.6483147
6759.273 2.953588 0.6333417
6760.829 2.700909 0.6060312
6762.388 3.915832 0.6006299
6763.943 2.094026 0.5794749
6765.503 2.498492 0.590679
6767.06 2.586025 0.605971
6768.616 1.176934 0.4730319
6770.177 2.824252 0.6176153
6771.734 2.926526 0.6192057
6773.296 1.905589 0.5392632
6774.854 1.433632 0.5351255
6776.417 2.019088 0.5279251
6777.976 1.910167 0.4939221
6779.535 2.642991 0.620905
6781.098 3.455126 0.6039755
6782.658 3.017514 0.4778826
6784.222 3.322355 0.5033042
6785.783 2.56696 0.4844677
6787.348 1.919192 0.5835348
6788.909 3.719089 0.581831
6790.471 3.707555 0.5930812
6792.037 1.978059 0.5880888
6793.599 2.934736 0.5813289
6795.166 2.951283 0.5707001
6796.729 1.648448 0.6384246
6798.296 2.939082 0.6592072
6799.86 3.817 0.6186224
6801.428 2.384058 0.6205896
6802.993 2.920605 0.6154127
6804.558 3.028279 0.6140124
6806.127 2.75998 0.6058447
6807.693 3.518299 0.6089104
6809.263 3.658382 0.6152534
6810.829 3.559412 0.6115419
6812.399 3.741363 0.5968685
6813.967 3.320436 0.598096
6815.534 4.281506 0.625564
6817.106 3.934211 0.6309692
6818.674 2.992382 0.6204271
6820.247 2.362929 0.6058396
6821.815 4.79308 0.6368312
6823.389 4.681793 0.6525616
6824.958 2.551123 0.6281442
6826.528 1.511401 0.6447886
6828.102 4.422111 0.7652544
6829.673 4.353469 0.9135894
6831.248 0.8038962 0.7063309
6832.82 2.292499 0.8516607
6834.395 5.750445 0.8718052
6835.968 2.21955 1.360825
6837.541 1.754118 1.267483
6839.117 4.255607 0.7175071
6840.69 3.39988 0.6720589
6842.268 2.265486 0.656967
6843.842 2.014085 0.6555267
6845.42 2.375889 0.6448576
6846.995 2.952519 0.600915
6848.57 2.96658 0.5848313
6850.149 3.44468 0.5955794
6851.725 3.528234 0.6068923
6853.305 3.87024 0.6289461
6854.882 1.742445 0.6083096
6856.462 3.110638 0.6266175
6858.04 4.640021 0.863867
6859.618 1.710542 0.8657687
6861.199 2.482588 0.6103774
6862.778 2.118523 0.6145103
6864.36 2.69361 0.8356796
6865.94 -1.175019 0.8380232
6867.523 2.122003 0.7517989
6869.102 3.438981 0.6398791
6870.683 2.629564 0.6599453
6872.267 2.630698 0.6990815
6873.848 1.136917 0.6473403
6875.433 3.971573 0.7430933
6877.015 3.739212 0.7174936
6878.601 5.039837 0.764563
6880.183 4.005514 0.770029
6881.766 2.507417 0.5687867
6883.352 2.788052 0.5433865
6884.936 2.561347 0.5384812
6886.524 3.539076 0.679064
6888.108 3.708635 0.6927956
6889.696 2.575912 0.7335389
6891.281 3.574603 0.8673323
6892.867 3.920718 0.8631464
6894.456 5.873739 0.7615622
6896.042 5.548942 0.7282436
6897.632 4.036664 0.6720086
6899.219 3.882584 0.6810535
6900.81 3.240692 0.5766002
6902.398 1.974331 0.6368494
6903.986 1.567148 0.6211388
6905.578 3.856741 0.7163678
6907.167 4.661708 0.6844332
6908.759 4.465774 0.6731622
6910.349 4.331164 0.6941004
6911.942 4.180669 0.7505494
6913.532 2.195246 0.7895455
6915.123 1.684304 0.6273173
6916.717 2.71584 0.5809586
6918.308 4.182632 0.6648759
6919.904 2.685148 0.8830678
6921.496 -0.729585 0.6365
6923.092 1.481294 0.6409232
6924.685 -0.103175 0.7298953
6926.281 2.878422 0.9712237
6927.874 5.235544 0.8183507
6929.468 3.088232 0.707694
6931.066 3.755596 0.6882482
6932.661 1.452221 0.6621852
6934.259 2.705853 0.6771888
6935.855 4.487896 0.7110537
6937.454 4.308208 0.7138692
6939.05 2.122401 0.7763845
6940.646 0.05181418 0.8771785
6942.247 2.981111 0.9179448
6943.844 4.387696 0.7972739
6945.445 2.739203 0.8012751
6947.043 3.994275 0.8284319
6948.645 4.884522 0.8710303
6950.243 -0.6089554 0.7955843
6951.842 3.588059 1.062391
6953.445 4.278375 0.8599318
6955.045 2.944427 0.7477314
6956.649 3.775671 0.830147
6958.249 2.627558 0.8250262
6959.854 3.216335 0.8362593
6961.455 4.479099 0.7476015
6963.056 3.412602 0.7307547
6964.662 3.098594 0.7979667
6966.264 3.6196 0.8042204
6967.871 3.705917 0.8361794
6969.474 5.397732 0.8377229
6971.081 4.660718 0.9442996
6972.684 1.63892 0.9178886
6974.289 3.549668 0.8197138
6975.896 5.20743 0.7703933
6977.502 4.596185 0.7893028
6979.11 5.695701 0.9207913
6980.716 4.921497 0.9819918
6982.326 5.021497 0.8786622
6983.932 4.926594 0.7624488
6985.539 4.194825 0.7564278
6987.149 4.019281 0.7470926
6988.757 6.22061 0.7986174
6990.369 5.0487 0.7579181
6991.977 3.977562 0.7361479
6993.589 4.213535 0.7371163
6995.198 3.844771 0.7301521
6996.807 4.583416 0.7513433
6998.42 4.694444 0.8443882
7000.03 2.854153 0.836839
7001.645 3.087435 0.9187505
7003.255 5.7349 0.8756672
7004.87 5.339906 0.8441979
7006.482 4.396741 0.8159441
7008.094 3.111018 0.8075931
7009.709 4.700959 0.8488887
7011.322 2.777194 0.8222598
7012.939 3.434565 0.8338256
7014.552 4.534549 0.915998
7016.17 4.813525 0.8830268
7017.784 2.437207 0.8235601
7019.398 3.127535 0.8433693
7021.017 4.591458 0.8759285
7022.632 4.976251 0.7716762
7024.252 5.53377 0.7732434
7025.868 4.685821 0.7627577
7027.488 3.119443 0.768761
7029.105 3.790781 0.7895205
7030.721 4.016156 0.7949765
7032.343 4.322297 0.8005225
7033.96 4.732439 0.8123366
7035.583 4.248749 0.9375664
7037.201 5.424903 0.9369385
7038.824 3.967284 0.8093049
7040.443 4.48049 0.840112
7042.066 5.069031 1.013436
7043.686 4.692966 0.9899244
7045.307 4.239249 0.8589186
7046.932 4.979836 0.8832129
7048.553 3.66367 0.9130851
7050.178 0.423613 1.073543
7051.8 1.246737 1.032048
7053.426 3.727808 0.921833
7055.049 5.177656 0.8907599
7056.672 5.034567 0.8664333
7058.299 3.82707 0.6185902
7059.923 3.552383 0.5426795
7061.551 2.007074 0.5121536
7063.175 1.662192 0.641933
7064.804 3.093371 0.6801096
7066.429 1.99767 0.6836851
7068.055 0.1815062 0.6787713
7069.685 0.3445346 0.5453811
7071.311 1.996393 0.7130101
7072.942 1.573499 0.6940964
7074.569 1.718732 0.7938476
7076.2 2.840965 0.8081366
7077.828 1.382782 0.8001394
7079.456 0.8853891 0.7994107
7081.089 1.343009 0.7012609
7082.718 1.134773 1.011523
7084.351 -1.536286 0.9933944
7085.981 -0.2261207 0.6621004
7087.615 5.09349 0.6590613
7089.245 5.611005 0.6525381
7090.876 2.670581 0.6567835
7092.511 1.742145 0.5360247
7094.143 2.397944 0.5156602
7095.779 2.214935 0.4984613
7097.411 2.093907 0.5948932
7099.048 2.278767 0.598227
7100.681 4.113687 0.622799
7102.315 1.634782 0.6203367
7103.952 1.512019 0.5084022
7105.586 0.5242577 0.5145752
7107.225 2.324401 0.6449163
7108.86 2.43248 0.6232278
7110.499 2.252549 0.6267811
7112.135 2.486452 0.628848
7113.771 1.741664 0.6255702
7115.412 2.584824 0.6325339
7117.048 2.60716 0.6442389
7118.69 3.005925 0.7831393
7120.327 1.734499 0.8204524
7121.969 2.518443 0.7766457
7123.608 -0.2641045 1.262026
7125.247 4.875277 0.7354366
7126.89 4.444591 0.5051333
7128.529 3.463452 0.5105422
7130.173 3.331851 0.5042262
7131.813 2.97892 0.4861794
7133.458 2.921784 0.4862948
7135.099 1.899445 0.4711982
7136.74 1.837036 0.4607349
7138.386 1.58671 0.4604146
7140.028 2.033601 0.58158
7141.675 1.462195 0.5742506
7143.317 1.105233 0.4846668
7144.965 1.368168 0.76018
7146.608 3.125805 0.8328322
7148.252 1.102113 0.5297485
7149.901 1.35962 0.5001602
7151.546 2.138335 0.6346452
7153.195 2.031513 0.6185594
7154.84 1.405468 0.6090487
7156.49 3.130526 0.6160775
7158.137 2.314219 0.6303769
7159.783 1.842915 0.6423196
7161.435 3.245077 0.6532047
7163.082 2.072991 0.630769
7164.734 1.158386 0.4910343
7166.382 2.06897 0.5003987
7168.035 1.875522 0.5040383
7169.684 0.9597714 0.6125336
7171.337 1.841431 0.6363662
7172.986 1.898978 0.6347041
7174.637 3.092349 0.6281639
7176.291 1.64214 0.6371916
7177.942 1.537931 0.6586599
7179.597 0.7825091 0.6534138
7181.249 1.228604 0.639453
7182.905 2.031564 0.6592753
7184.557 0.419331 0.5603663
7186.21 1.997343 0.7150536
7187.867 3.236314 0.7265818
7189.521 2.040132 0.7246698
7191.179 2.267765 0.7041675
7192.833 2.239805 0.7063448
7194.492 1.385482 0.6791198
7196.146 1.747575 0.6501815
7197.802 2.152607 0.5335249
7199.462 2.597887 0.6629947
7201.118 2.250867 0.6820626
7202.779 2.166683 0.583124
7204.435 2.41566 0.5723365
7206.097 2.039857 0.6520387
7207.755 1.924525 0.6466116
7209.413 1.856045 0.6449904
7211.076 3.394837 0.6649452
7212.734 1.893915 0.6521301
7214.398 1.033961 0.6517395
7216.057 3.121782 0.6572374
7217.721 1.572673 0.6488595
7219.382 1.814589 0.6590002
7221.042 3.221013 0.6805287
7222.708 2.890214 0.708265
7224.369 1.464625 0.7431537
7226.035 2.101129 0.7589515
7227.697 2.816384 0.7652355
7229.364 2.711133 0.7454589
7231.027 1.562172 0.5891253
7232.691 2.101267 0.7432884
7234.358 4.064158 0.8068982
7236.023 2.213572 0.8248277
7237.691 0.5866393 0.669693
7239.356 2.073047 0.855258
7241.026 1.931516 1.091967
7242.692 -0.4828707 1.174117
7244.358 0.2611534 1.125015
7246.028 0.2507848 1.168592
7247.695 -0.4121239 1.180973
7249.367 1.181528 1.090225
7251.034 2.151271 0.8515843
7252.707 4.618206 0.8987855
7254.375 2.457542 0.9680003
7256.044 -0.537407 0.7236524
7257.717 0.4282281 1.020198
7259.387 3.349464 1.035564
7261.06 2.616304 0.8444868
7262.731 1.786637 0.816661
7264.406 3.323344 0.8449982
7266.077 3.693751 0.8508375
7267.748 2.872346 0.8536299
7269.424 4.138844 0.8556132
7271.097 6.477769 0.8828758
7272.773 4.216186 0.9285991
7274.446 -0.4825178 0.9276946
7276.124 2.618328 1.463191
7277.798 2.799242 1.679695
7279.472 0.5788709 1.317663
7281.151 1.881008 0.9140311
7282.826 0.2092619 0.7446517
7284.505 -0.7561182 0.8508059
7286.181 -0.2054223 0.9965562
7287.861 1.004219 0.9563783
7289.538 1.879624 0.9515323
7291.215 3.186844 0.9044402
7292.896 3.269275 0.9437433
7294.574 1.975424 0.7607319
7296.256 -0.3258765 0.7552066
7297.934 1.34602 0.9713958
7299.617 4.230394 0.9628854
7301.296 2.71784 0.9046511
7302.98 3.8207 1.11794
7304.66 2.570191 1.323969
7306.341 0.1820257 1.19798
7308.025 4.674454 1.061138
7309.707 4.263263 0.9184441
7311.392 4.160343 0.949114
7313.074 3.423181 1.016041
7314.761 0.6639161 0.8867831
7316.443 3.254965 1.199638
7318.127 -4.481664 1.477208
7319.814 2.134951 1.763862
7321.498 2.574801 1.536666
7323.186 0.05117903 1.294892
7324.871 6.849462 0.9437965
7326.56 4.919372 0.9891584
7328.246 1.88022 0.8756082
7329.931 -0.4078105 1.052371
7331.622 2.125782 1.492724
7333.308 5.89844 1.233516
7334.999 5.436219 1.081384
7336.686 5.011903 1.120118
7338.378 3.680982 1.181467
7340.067 2.585636 1.375987
7341.755 1.694804 1.50141
7343.448 3.191875 1.396776
7345.138 5.806789 1.524299
7346.832 7.907676 1.126296
7348.521 4.213868 0.9817714
7350.216 3.791478 0.9842659
7351.907 5.144276 1.006891
7353.598 5.836426 1.050456
7355.294 7.498658 1.094765
7356.986 7.286008 1.13905
7358.683 3.052937 1.239276
7360.376 1.460611 1.287895
7362.073 7.234213 1.230725
7363.766 7.623281 1.068558
7365.46 6.095025 1.034815
7367.159 7.178903 1.135487
7368.854 6.212056 1.426587
7370.553 4.322581 1.380322
7372.248 0.105251 1.292803
7373.949 7.117381 1.347598
7375.645 6.96232 1.072372
7377.342 6.815787 1.033145
7379.043 6.825081 1.029737
7380.74 6.687467 1.031367
7382.442 6.625809 1.029574
7384.141 6.537004 1.015937
7385.843 4.724314 1.141323
7387.542 5.13343 1.157287
7389.242 5.348986 1.181834
7390.946 5.031273 1.096714
7392.646 7.677495 1.22754
7394.351 6.325506 1.265786
7396.052 6.864909 1.140871
7397.757 5.554243 1.01129
7399.459 5.410373 1.030168
7401.162 5.36522 1.206444
7402.868 5.699664 1.480386
7404.571 1.720598 1.429042
7406.279 8.317798 1.205126
7407.982 4.720896 1.035634
7409.691 4.458007 1.010379
7411.395 6.624774 1.035783
7413.101 5.041877 1.036478
7414.81 5.939931 1.028926
7416.516 6.150005 1.020111
7418.226 5.998774 1.035117
7419.933 6.403665 1.045049
7421.644 4.964325 1.001101
7423.351 7.487811 1.033082
7425.059 6.131915 1.021349
7426.77 5.159937 1.026377
7428.48 5.404871 1.044021
7430.192 7.888743 1.139412
7431.901 7.589207 1.404904
7433.615 6.640484 1.296169
7435.326 7.448294 1.09485
7437.04 4.96822 1.088232
7438.751 3.538987 1.200733
7440.462 2.154666 1.089223
7442.178 5.750591 1.303914
7443.89 7.201393 1.047518
7445.606 7.03577 1.008548
7447.319 6.999845 1.006063
7449.037 7.39728 1.162867
7450.751 1.765137 1.105292
7452.464 6.423108 1.013609
7454.183 6.63214 1.014095
7455.898 6.95317 1.026543
7457.617 6.697212 1.024456
7459.333 6.688216 1.212072
7461.053 6.725631 1.243061
7462.769 6.588982 1.079573
7464.486 3.890221 1.315134
7466.207 6.36705 1.312437
7467.925 7.552631 1.091908
7469.647 4.098363 1.245835
7471.365 5.119335 1.229959
7473.088 6.951056 1.125703
7474.808 6.397494 1.173987
7476.527 5.54841 1.153053
7478.251 6.198418 1.134643
7479.971 9.483712 1.20682
7481.696 6.920039 1.190989
7483.417 4.270073 0.9813929
7485.143 6.153885 1.233471
7486.865 8.65487 1.200616
7488.587 6.820428 1.086007
7490.315 7.038479 1.041325
7492.037 5.859917 1.041182
7493.765 5.647107 1.077035
7495.489 7.491075 1.109407
7497.217 7.541331 1.108595
7498.942 5.61737 1.064816
7500.667 6.350981 1.049186
7502.397 6.889262 1.050034
7504.123 8.460148 1.060763
7505.853 7.490375 1.038112
7507.58 6.603116 1.033527
7509.311 5.903741 1.029261
7511.039 6.893866 1.049
7512.767 8.448756 1.080525
7514.499 6.421428 1.229771
7516.227 6.30918 1.255106
7517.961 7.310364 1.102005
7519.69 8.136476 1.132005
7521.424 7.624734 1.138108
7523.155 7.003257 1.243205
7524.885 6.088062 1.567876
7526.621 8.596707 1.645086
7528.352 6.241752 1.309679
7530.088 4.75501 1.106545
7531.82 7.842009 1.166573
7533.557 6.999927 1.206171
7535.291 8.514764 1.141532
7537.024 6.43209 1.072265
7538.762 6.687272 1.10654
7540.496 7.73613 1.161925
7542.235 8.411003 1.173194
7543.97 7.568108 1.124744
7545.709 7.849226 1.098873
7547.445 9.17431 1.132421
7549.182 8.132728 1.129118
7550.923 8.273347 1.125085
7552.66 7.285876 1.099541
7554.401 6.297826 1.095018
7556.139 4.247219 1.118141
7557.882 5.324091 1.194691
7559.62 7.822496 1.231023
7561.359 6.309628 1.166809
7563.103 8.191277 1.136076
7564.843 9.082327 1.132488
7566.587 8.041597 1.104624
7568.328 7.702609 1.301416
7570.073 5.630458 1.38529
7571.815 7.357695 1.310032
7573.561 5.443674 1.381944
7575.303 8.721827 1.462049
7577.046 10.71367 1.361875
7578.793 8.094956 1.201787
7580.537 9.387429 1.194118
7582.285 6.596116 1.161099
7584.029 5.612481 1.149238
7585.778 1.65305 1.526814
7587.523 1.971545 1.150201
7589.269 8.824126 1.128381
7591.019 6.981681 0.8581718
7592.765 5.668518 0.8306882
7594.516 2.984774 0.8459215
7596.263 0.8851453 0.952086
7598.014 -1.718328 1.179178
7599.762 0.7155176 1.531528
7601.511 2.449856 1.651311
7603.264 1.24292 1.654475
7605.013 7.867077 2.443007
7606.766 -0.7073638 2.445371
7608.516 5.077479 2.031615
7610.271 4.472591 1.891728
7612.021 0.7392675 1.39291
7613.773 2.797254 1.294931
7615.528 2.134155 1.14367
7617.28 3.356959 1.327492
7619.037 4.941976 1.290647
7620.79 6.418142 1.24963
7622.547 3.369765 1.392612
7624.3 1.362974 1.173589
7626.054 4.331587 1.137401
7627.813 6.906337 1.174473
7629.568 6.973349 1.276519
7631.327 4.901211 1.324485
7633.083 5.153765 1.224745
7634.843 4.357547 1.058279
7636.599 2.024907 0.9795573
7638.356 2.629256 1.151554
7640.117 4.823741 1.136966
7641.875 5.941266 1.1714
7643.637 4.72957 1.133677
7645.395 2.241323 0.9213992
7647.159 1.77865 0.90465
7648.918 4.036713 1.057241
7650.677 5.696961 1.080735
7652.442 2.655138 1.06301
7654.202 3.501843 0.8761501
7655.967 1.30614 0.8832117
7657.729 -0.1078574 0.9295325
7659.494 3.109015 1.199727
7661.256 5.286446 1.261831
7663.019 8.987199 1.255199
7664.786 8.535901 0.8008762
7666.549 7.39984 0.7827604
7668.317 0.405754 0.7141948
7670.081 -0.5327856 0.6785065
7671.85 3.215357 0.7944851
7673.615 4.311952 0.8186304
7675.38 2.756061 0.7986152
7677.15 2.681685 0.8256446
7678.916 1.428116 0.8556111
7680.687 3.774642 0.8780285
7682.454 2.483268 0.8511456
7684.225 2.156588 0.8603342
7685.993 3.203327 1.002619
7687.761 3.669314 1.018306
7689.534 3.882011 0.9147625
7691.303 2.280761 0.8846691
7693.077 1.61383 0.7226229
7694.846 2.909776 0.7073836
7696.621 5.710448 0.6869578
7698.391 7.725297 0.7104502
7700.162 4.193772 0.7505087
7701.938 0.6077328 0.7581357
7703.71 1.145478 0.8677188
7705.486 2.956792 0.8555702
7707.259 3.559325 0.8768576
7709.036 2.241519 0.8394173
7710.81 2.62197 0.9904697
7712.588 2.430096 1.449184
7714.362 -0.2057175 1.274707
7716.137 -1.673485 1.205233
7717.916 4.312279 1.411395
7719.691 -0.05478966 1.509808
7721.472 0.9347444 1.035055
7723.248 3.800178 0.9634923
7725.029 2.989416 1.000478
7726.806 3.206276 1.113086
7728.583 0.03362556 0.8906927
7730.366 4.253654 1.016761
7732.144 4.391174 0.9527384
7733.927 3.390621 0.9630597
7735.707 4.347818 0.9772631
7737.49 2.847916 1.349266
7739.27 0.2886462 1.279877
7741.051 3.698753 0.9366541
7742.835 1.957909 0.7620176
7744.617 1.614842 0.8968751
7746.403 2.472369 0.9195014
7748.185 2.415384 0.8202692
7749.972 1.878507 1.176357
7751.754 3.875245 1.773618
7753.538 -0.9706585 1.89374
7755.326 6.362029 1.409239
7757.11 4.339173 1.033859
7758.898 -0.01718733 1.095276
7760.684 1.900231 1.139645
7762.473 0.1629602 1.279324
7764.259 2.989726 1.172958
7766.045 1.883832 0.9022182
7767.836 0.5456916 0.8320873
7769.623 3.195537 1.100046
7771.415 4.428598 0.9355295
7773.202 2.07307 1.031543
7774.995 2.188436 0.9612984
7776.783 3.495563 1.062476
7778.572 1.232794 0.9480749
7780.366 3.373598 1.037419
7782.156 6.781683 1.193034
7783.951 2.528152 0.9124445
7785.741 3.254498 0.8153776
7787.537 2.109725 0.7813857
7789.328 2.132368 0.806083
7791.12 2.28471 0.8334295
7792.917 -1.458364 0.9557915
7794.709 2.162235 1.387111
7796.507 0.5729628 1.760678
7798.3 9.413903 1.565253
7800.099 5.237898 0.9788978
7801.893 3.426768 0.9090112
7803.688 4.140989 0.9409888
7805.487 4.162715 0.9585831
7807.283 2.603811 1.19576
7809.083 7.66812 1.524277
7810.88 3.430074 1.559373
7812.681 5.317914 1.410769
7814.479 3.58698 1.218879
7816.276 2.227383 1.039342
7818.079 3.38126 1.05184
7819.877 3.094567 1.236327
7821.68 3.752216 1.599203
7823.48 3.405552 1.880077
7825.284 4.227985 1.431111
7827.084 6.507915 0.9543809
7828.884 5.149382 0.8269775
7830.69 3.215224 0.7858996
7832.491 2.412347 0.7742704
7834.297 2.948314 0.8022993
7836.1 3.711593 0.96248
7837.907 3.49958 0.9327798
7839.71 0.375338 0.8923669
7841.513 2.622067 1.068728
7843.321 0.7475351 1.084256
7845.126 1.361757 1.254607
7846.935 5.610273 1.036784
7848.74 3.0723 1.007586
7850.55 3.515751 1.177047
7852.356 -2.700184 1.125655
7854.167 3.786826 1.8295
7855.974 -1.626032 2.286787
7857.781 -0.3219175 1.421096
7859.593 3.678259 1.047308
7861.401 3.880938 1.126395
7863.214 2.578572 1.245741
7865.023 3.622954 1.220074
7866.836 3.509543 1.075746
7868.646 1.301102 1.008181
7870.456 3.982415 1.093246
7872.271 0.4616828 1.336332
7874.082 1.965479 1.338911
7875.898 3.317745 0.9896089
7877.71 1.338407 0.9164114
7879.526 1.844514 1.019602
7881.339 -0.714967 1.114834
7883.152 5.282947 1.431519
7884.97 2.607965 1.287208
7886.784 5.885289 1.203103
7888.602 1.838415 1.22783
7890.417 1.121684 1.238112
7892.237 1.975233 1.590721
7894.052 4.697541 1.30744
7895.869 1.859467 0.9747469
7897.689 3.553771 0.9348909
7899.506 4.665112 0.9214482
7901.328 4.310773 1.064115
7903.145 4.599807 1.052599
7904.968 2.814401 0.882174
7906.786 3.889927 0.8891759
7908.605 5.413906 0.8954842
7910.429 3.590199 0.9379074
7912.248 2.415961 1.249018
7914.073 10.61968 1.903272
7915.894 -8.577116 2.014428
7917.719 8.504629 2.343155
7919.541 3.027509 1.23182
7921.363 5.744294 1.176079
7923.19 -0.1652386 1.418218
7925.012 3.677311 1.267656
7926.839 5.916517 1.167205
7928.663 5.426567 1.091062
7930.491 5.492343 1.183915
7932.316 2.55069 1.396462
7934.141 1.067158 1.295389
7935.97 2.644 1.089396
7937.796 3.614011 0.928771
7939.627 4.802414 0.9091494
7941.453 4.514955 0.9133804
7943.284 5.116095 1.090466
7945.111 5.460364 1.108868
7946.939 5.742448 1.000898
7948.772 3.393253 1.149712
7950.601 3.748276 1.237571
7952.434 1.160141 1.176962
7954.263 4.302332 1.276546
7956.098 5.436279 1.157195
7957.928 5.842027 1.113962
7959.758 5.7667 1.110004
7961.594 5.192153 1.148443
7963.425 4.830623 1.377663
7965.262 3.118007 2.234714
7967.094 4.634376 2.31275
7968.932 2.837543 1.932484
7970.765 7.467135 1.359843
7972.598 7.054484 1.228256
7974.437 4.381919 0.9795867
7976.271 4.157361 0.9826555
7978.111 3.027733 1.057723
7979.946 4.354633 1.262838
7981.786 2.285229 1.432405
7983.623 5.963957 1.521629
7985.459 5.912314 1.183784
7987.3 6.28044 1.003782
7989.138 4.781368 1.042197
7990.98 4.358806 1.235617
7992.818 1.40609 1.537329
7994.662 3.738846 2.244221
7996.501 3.427759 2.278571
7998.345 9.780454 1.597173
8000.185 3.507825 1.030546
8002.025 5.371623 1.242384
8003.871 7.332042 1.242259
8005.711 7.770167 1.298166
8007.558 5.362326 1.247855
8009.4 6.679641 1.191904
8011.247 9.15451 1.215389
8013.09 3.988694 1.268324
8014.933 5.921546 1.18406
8016.781 4.226171 1.172321
8018.626 8.386276 1.290349
8020.475 7.747716 1.321705
8022.32 5.602153 1.067055
8024.17 7.207168 1.289767
8026.016 3.925813 2.031342
8027.862 3.938804 2.197291
8029.713 1.933708 1.586583
8031.56 5.166759 1.148443
8033.413 5.773204 1.31582
8035.261 8.809265 1.337069
8037.114 7.043069 1.291968
8038.962 5.007617 1.045634
8040.812 7.194833 1.054099
8042.666 5.488429 1.066038
8044.516 6.862452 1.219944
8046.371 8.107756 1.217462
8048.222 7.0609 1.482774
8050.078 3.18917 1.184594
8051.93 5.264888 1.25601
8053.783 3.761805 1.627108
8055.64 8.386978 1.381171
8057.493 5.818128 1.306221
8059.351 4.583392 1.252451
8061.205 6.786152 1.680395
8063.064 6.343209 1.440918
8064.919 7.108255 1.534347
8066.774 6.640222 1.239563
8068.634 7.450416 1.082873
8070.49 6.597688 1.077046
8072.352 8.168034 1.298212
8074.208 6.902935 1.2844
8076.07 4.769923 1.091608
8077.928 8.651355 1.354067
8079.787 8.416681 1.365196
8081.65 8.156412 1.340053
8083.509 5.992204 1.298981
8085.373 7.633816 1.316412
8087.233 8.466316 1.355177
8089.098 6.938435 1.129784
8090.959 7.225507 1.326032
8092.82 8.119151 1.347031
8094.686 6.586832 1.169229
8096.548 5.762383 1.159759
8098.416 6.003586 1.129557
8100.279 6.767612 1.591276
8102.146 9.350237 1.410229
8104.01 5.410848 1.274237
8105.874 7.260747 1.270723
8107.744 6.592488 1.167388
8109.609 6.378897 1.118008
8111.479 6.613526 1.115879
8113.345 7.756449 1.306762
8115.216 6.422434 1.097576
8117.083 8.002331 1.337461
8118.95 9.699151 1.37789
8120.823 8.723809 1.157611
8122.691 7.732477 1.143883
8124.564 6.096177 1.152978
8126.433 8.010498 1.370537
8128.307 8.607903 1.37887
8130.177 10.88153 1.413662
8132.051 10.39374 1.418083
8133.922 14.15803 1.472457
8135.793 6.679345 1.368247
8137.669 5.638759 1.162594
8139.542 5.427767 1.16101
8141.418 5.969824 1.180989
8143.292 5.996945 1.181286
8145.169 7.012032 1.182081
8147.043 6.586422 1.184007
8148.917 5.60717 1.246392
8150.796 6.749478 1.480511
8152.671 8.888362 1.455889
8154.551 5.741759 1.178637
8156.427 7.902436 1.409568
8158.308 10.62764 1.42939
8160.185 10.19132 1.446819
8162.062 7.533804 1.218608
8163.944 6.333079 1.251944
8165.823 5.403045 1.270995
8167.706 6.297723 1.312599
8169.584 7.142519 1.337633
8171.468 6.853139 1.365629
8173.348 5.471853 1.331972
8175.229 5.953457 1.350658
8177.114 10.51746 1.571787
8178.995 9.15081 1.448783
8180.881 13.35771 1.413019
8182.763 14.24232 1.388298
8184.65 11.5912 1.534756
8186.533 1.03718 1.482944
8188.416 2.826145 1.580789
8190.304 6.094763 2.568477
8192.189 5.458418 2.096009
8194.077 14.13783 1.445037
8195.963 7.590727 1.395397
8197.853 9.158306 2.389099
8199.738 0.5831314 2.516138
8201.625 0.7735344 1.736424
8203.516 6.416865 1.616386
8205.403 11.04514 1.678944
8207.296 11.9736 1.601228
8209.184 6.510008 1.498088
8211.076 6.40142 1.257932
8212.966 6.135499 1.226231
8214.854 5.589157 1.218494
8216.749 7.388069 1.275411
8218.64 9.060335 1.281604
8220.534 6.033849 1.217605
8222.426 7.346306 1.207004
8224.322 6.161069 1.214629
8226.214 4.784958 1.22522
8228.106 7.470867 1.296002
8230.004 7.774729 1.353169
8231.897 5.80686 1.285954
8233.795 4.161402 1.260081
8235.69 7.168141 1.286591
8237.589 5.415769 1.233895
8239.483 7.346195 1.423713
8241.379 6.577814 1.431153
8243.279 7.334139 1.260567
8245.176 8.296904 1.308922
8247.077 5.497324 1.23777
8248.975 5.905436 1.232273
8250.877 8.901972 1.280044
8252.774 9.267363 1.291391
8254.673 8.470864 1.255203
8256.577 11.9648 1.269159
8258.477 6.619874 1.221403
8260.381 4.736015 1.20397
8262.281 6.613932 1.234862
8264.186 7.24637 1.251169
8266.087 6.476204 1.230082
8267.989 6.142823 1.213348
8269.896 7.580052 1.217713
8271.798 9.132197 1.240738
8273.705 7.958757 1.242652
8275.608 8.185138 1.27694
8277.517 5.930938 1.326209
8279.421 10.57727 1.502156
8281.33 6.943849 1.614943
8283.235 8.630636 1.834295
8285.142 4.032293 1.668281
8287.052 8.299788 1.496265
8288.958 6.82894 1.64926
8290.869 5.435166 1.997613
8292.777 11.81923 1.820592
8294.69 7.751745 1.434566
8296.598 6.43606 1.464758
8298.506 3.056008 1.799332
8300.42 8.19047 2.414361
8302.329 7.738901 2.048651
8304.243 12.77254 1.487555
8306.154 6.134899 1.263618
8308.069 6.733267 1.278597
8309.98 4.663063 1.248907
8311.893 4.683547 1.401215
8313.809 7.266087 1.513887
8315.722 5.506771 1.339792
8317.64 8.199652 1.246081
8319.553 6.583131 1.231514
8321.471 7.092815 1.236005
8323.386 6.482751 1.236795
8325.3 7.022563 1.20482
8327.22 9.77374 1.22026
8329.136 8.262554 1.223266
8331.057 7.078722 1.2205
8332.973 7.04845 1.206546
8334.895 7.012082 1.213543
8336.811 5.480044 1.190905
8338.729 6.112533 1.235287
8340.652 2.569958 1.261336
8342.571 4.729191 1.475844
8344.495 1.891268 2.363521
8346.415 5.651539 3.000068
8348.34 -0.4331171 3.362561
8350.26 14.56963 1.826311
8352.181 6.003493 1.524582
8354.107 7.656111 2.019024
8356.029 7.175482 2.315932
8357.956 7.458851 1.45731
8359.879 4.854527 1.251438
8361.807 9.077329 1.535651
8363.729 6.61798 1.531241
8365.654 8.557827 1.420623
8367.583 4.319314 1.402435
8369.508 4.05202 1.306167
8371.438 6.158763 1.222244
8373.364 5.336571 1.154265
8375.295 5.770508 1.123946
8377.222 6.14795 1.149503
8379.148 5.769792 1.238884
8381.081 4.282499 1.392351
8383.009 10.35536 1.757286
8384.942 6.053314 1.844346
8386.871 7.337517 1.451477
8388.805 8.203301 1.214695
8390.734 3.951366 1.168641
8392.665 5.063373 1.198745
8394.601 5.645754 1.23127
8396.531 4.856642 1.343784
8398.468 5.25272 1.98806
8400.399 6.711373 3.528717
8402.337 -1.100287 3.327147
8404.27 8.662404 1.75542
8406.203 7.098316 1.266959
8408.142 5.331081 1.191474
8410.076 8.010889 1.20087
8412.016 8.992576 1.293276
8413.95 8.235634 1.540564
8415.891 7.897999 2.061923
8417.827 5.896518 2.00009
8419.764 7.491994 1.493769
8421.705 6.341043 1.241194
8423.643 9.586778 1.245282
8425.585 6.056451 1.281563
8427.523 8.649243 1.407706
8429.467 6.823704 1.761851
8431.405 9.413103 3.749194
8433.35 5.16664 3.924664
8435.29 10.18632 1.778614
8437.23 5.062865 1.220774
8439.176 5.405061 1.148
8441.117 4.910678 1.121752
8443.065 5.932993 1.096715
8445.006 3.084522 1.062093
8446.954 5.955215 1.111333
8448.897 3.152487 1.140774
8450.841 5.892082 1.288082
8452.789 7.03119 1.627785
8454.734 6.537548 1.776707
8456.684 5.601382 1.442577
8458.629 5.14352 1.141439
8460.579 5.331504 1.129359
8462.525 2.724206 1.165301
8464.473 5.070314 1.411248
8466.425 9.805906 2.607928
8468.372 2.998711 3.360437
8470.325 7.326652 1.673932
8472.273 5.122363 1.157266
8474.228 5.443583 1.107426
8476.177 2.970967 1.094035
8478.127 3.722374 1.101148
8480.082 6.004647 1.097799
8482.032 5.776945 1.119749
8483.988 6.162145 1.143568
8485.94 4.908265 1.121672
8487.897 3.356473 1.089517
8489.85 3.486172 1.264073
8491.803 6.759609 1.429213
8493.761 6.955445 1.528379
8495.715 7.707884 1.733303
8497.674 9.751185 1.439159
8499.629 7.111466 1.226785
8501.589 7.108558 1.244369
8503.545 5.616077 1.324134
8505.501 8.802656 1.843308
8507.462 3.908035 2.07401
8509.42 5.641329 1.638076
8511.382 6.474095 1.234712
8513.34 6.012962 1.147929
8515.303 7.175543 1.122721
8517.262 7.608387 1.132343
8519.222 5.039398 1.100854
8521.185 6.988242 1.133953
8523.147 4.902942 1.132824
8525.111 7.543183 1.387391
8527.072 7.085365 1.321503
8529.039 5.129658 1.302418
8531.001 6.298053 1.312255
8532.964 5.621032 1.307098
8534.932 9.066154 1.369372
8536.895 7.308234 1.455141
8538.863 10.24678 1.654641
8540.828 12.38836 1.505912
8542.797 14.24482 1.549635
8544.763 8.503711 1.203032
8546.728 7.236686 1.231209
8548.699 8.929466 1.420567
8550.666 6.219116 1.512028
8552.638 8.14106 1.435962
8554.604 7.333208 1.31343
8556.577 7.087921 1.251217
8558.546 7.763378 1.211726
8560.515 8.957912 1.204311
8562.489 5.967106 1.194426
8564.459 8.415691 1.222007
8566.434 6.762999 1.228157
8568.404 7.184975 1.224254
8570.38 6.453125 1.222361
8572.352 7.822696 1.250237
8574.324 7.470625 1.266118
8576.301 7.57475 1.266798
8578.274 6.530451 1.246064
8580.252 7.366206 1.251966
8582.226 5.801121 1.232987
8584.205 6.167374 1.235794
8586.18 7.969302 1.272853
8588.16 8.546053 1.316267
8590.136 9.35691 1.361569
8592.111 7.25417 1.313725
8594.093 7.880302 1.273706
8596.07 6.286699 1.313275
8598.053 6.304857 1.371172
8600.03 8.686135 1.388194
8602.014 8.053048 1.303175
8603.992 7.001362 1.256557
8605.972 6.962482 1.272863
8607.956 7.760579 1.289514
8609.936 7.356676 1.306866
8611.922 9.499457 1.363732
8613.903 7.275838 1.389415
8615.89 7.959202 1.453396
8617.871 10.30658 1.520885
8619.853 7.057444 1.544148
8621.842 7.613461 1.61812
8623.825 11.38771 1.741276
8625.814 10.00778 1.806716
8627.798 7.600906 1.977365
8629.788 10.13301 1.997154
8631.772 10.80617 1.976399
8633.759 6.068005 2.028411
8635.75 9.544368 1.85989
8637.736 10.61025 1.978485
8639.728 9.440289 1.809389
8641.716 7.604961 1.659697
8643.708 9.765328 1.580418
8645.697 10.55061 1.578936
8647.685 10.23159 1.655725
8649.68 8.839119 1.791853
8651.67 8.437337 1.911351
8653.665 5.246456 1.835919
8655.655 8.553035 1.883501
8657.651 9.61774 1.940189
8659.644 11.79777 1.967728
8661.636 14.52022 2.131108
8663.633 9.75978 1.995796
8665.626 13.81259 1.924639
8667.624 7.745755 2.011593
8669.618 11.21213 1.903228
8671.617 10.87934 2.014272
8673.612 5.164674 1.874473
8675.607 12.43367 1.713421
8677.608 8.954733 1.738884
8679.604 7.537771 1.686044
8681.605 11.96967 1.688094
8683.603 8.792221 1.698253
8685.605 10.04765 1.603041
8687.603 11.06704 1.556481
8689.603 9.031787 1.488031
8691.605 11.69352 1.431474
8693.605 8.327692 1.43074
8695.61 11.75155 1.471583
8697.61 9.599463 1.436545
8699.616 11.1629 1.449307
8701.617 7.645171 1.448053
8703.619 9.192677 1.45812
8705.626 8.904243 1.408421
8707.629 9.601142 1.444883
8709.637 9.15946 1.460046
8711.641 10.08441 1.436894
8713.649 7.422175 1.573174
8715.654 9.612464 1.573107
8717.659 8.022918 1.383266
8719.67 9.786722 1.403447
8721.676 10.37952 1.398166
8723.686 11.44272 1.411341
8725.693 7.026494 1.382175
8727.706 8.410659 1.562831
8729.713 8.537511 1.620192
8731.722 9.882339 1.427572
8733.735 13.79038 1.465988
8735.744 10.09453 1.420908
8737.759 9.643882 1.418798
8739.769 6.861006 1.597378
8741.784 11.00821 1.472614
8743.795 8.51509 1.460672
8745.811 10.95778 1.485778
8747.823 13.2277 1.485661
8749.836 11.03932 1.482012
8751.853 11.19665 1.49767
8753.867 12.01176 1.520906
8755.886 11.57762 1.505467
8757.9 6.924451 1.548157
8759.92 11.49589 1.891342
8761.935 13.95899 2.531437
8763.95 11.08645 2.68415
8765.972 15.99567 2.316707
8767.988 12.96753 2.383651
8770.01 9.118854 2.736318
8772.027 14.19285 2.329594
8774.05 10.47046 1.985815
8776.068 15.52034 2.310612
8778.088 10.81941 2.389187
8780.111 11.04337 3.353095
8782.132 12.2747 2.880093
8784.156 13.03191 1.785333
8786.178 11.68824 1.547192
8788.203 12.40755 1.561371
8790.226 14.15074 1.776362
8792.247 9.715336 2.188441
8794.275 9.133263 2.161971
8796.298 11.31258 1.762137
8798.326 13.72917 1.636992
8800.351 15.59802 1.639415
8802.38 15.16956 1.628302
8804.405 13.46512 1.598014
8806.431 14.70935 1.577422
8808.461 13.79621 1.562058
8810.487 12.51221 1.607915
8812.52 13.89416 1.651881
8814.546 13.26285 1.627051
8816.579 13.1013 1.615425
8818.607 12.60808 1.573792
8820.636 16.17759 1.820559
8822.67 17.63811 1.854441
8824.699 15.3621 2.552502
8826.734 19.00894 4.298532
8828.765 4.937577 6.531073
8830.801 3.436298 5.690616
8832.833 14.9478 2.410479
8834.864 12.36966 1.971202
8836.901 19.60923 2.734251
8838.935 1.482509 3.497157
8840.973 16.14491 2.524427
8843.007 13.46214 1.741863
8845.046 14.15472 1.646963
8847.081 16.19134 1.721495
8849.116 15.56464 1.903618
8851.156 14.09648 2.163977
8853.192 11.59724 2.065839
8855.234 14.958 1.780122
8857.272 11.42389 1.630624
8859.315 15.12735 1.625375
8861.352 17.65241 1.63686
8863.391 11.00264 1.824428
8865.435 10.21151 1.956556
8867.474 16.16923 2.258838
8869.519 8.35992 2.817416
8871.56 16.73566 2.468389
8873.604 9.588872 2.1626
8875.647 10.95952 1.626148
8877.689 10.66272 1.5215
8879.735 10.97903 1.687504
8881.778 13.66992 1.768888
8883.826 13.39658 1.888751
8885.87 20.59502 3.6433
8887.919 5.23329 5.309297
8889.964 9.818341 3.552635
8892.009 13.29166 2.117806
8894.06 13.02638 1.694904
8896.105 15.88596 1.645804
8898.156 11.92946 1.676745
8900.204 11.36523 1.650967
8902.256 13.30886 1.884589
8904.304 12.69696 2.838656
8906.357 11.22803 3.174828
8908.406 11.9612 2.134064
8910.456 15.82271 1.748198
8912.511 13.35765 1.673872
8914.56 13.35758 1.668679
8916.616 14.57806 1.913584
8918.668 16.40524 2.730593
8920.725 10.22681 5.182281
8922.776 -4.460466 6.778374
8924.829 17.70027 3.365864
8926.887 13.41999 1.903305
8928.94 11.26862 1.664705
8931 10.49609 1.657785
8933.055 7.64941 1.596928
8935.114 9.309987 1.562837
8937.17 12.54365 1.735119
8939.226 18.11951 1.842861
8941.287 9.946214 1.759649
8943.344 12.94951 2.235153
8945.406 3.554503 2.690217
8947.464 8.042068 2.304331
8949.527 13.44917 1.775818
8951.586 11.56474 1.585355
8953.646 14.72554 1.713187
8955.71 14.02135 2.29235
8957.771 20.14838 3.334198
8959.836 -1.905538 4.211124
8961.897 2.873819 4.252409
8963.964 19.8876 2.971001
8966.026 13.01664 1.912644
8968.089 12.81934 1.714199
8970.157 13.61995 1.640951
8972.221 12.48702 1.678635
8974.289 11.03031 1.738159
8976.353 13.06376 1.764474
8978.424 11.50402 1.696027
8980.489 15.90044 1.788182
8982.556 14.36414 1.879923
8984.627 16.10499 1.833495
8986.693 17.42212 1.866073
8988.766 22.51917 2.705618
8990.834 8.340125 2.975904
8992.907 9.80947 2.281006
8994.976 14.55743 2.0766
8997.045 15.384 1.867656
8999.12 17.92508 1.900065
9001.19 24.3591 2.840592
9003.266 6.171682 4.262198
9005.337 13.1577 3.57432
9007.413 18.67393 2.367062
9009.485 13.5106 1.93287
9011.559 12.36592 1.788231
9013.636 12.19834 1.679295
9015.71 16.78017 1.717017
9017.789 12.88375 1.79698
9019.863 16.41693 1.911481
9021.943 12.20357 1.746021
9024.019 15.25912 1.793441
9026.095 16.69329 1.845952
9028.176 17.03054 1.884356
9030.253 17.30481 1.995352
9032.335 12.07964 1.934681
9034.413 11.49154 2.121094
9036.497 7.321173 2.131909
9038.575 13.96181 2.340485
9040.654 15.98117 2.22192
9042.739 13.36008 2.029188
9044.819 15.51464 1.874192
9046.905 21.07649 1.983277
9048.986 15.31042 2.109165
9051.073 13.70286 2.496302
9053.155 7.61862 2.378504
9055.238 14.73823 2.017579
9057.326 15.27295 1.860436
9059.41 15.48211 1.882176
9061.499 15.64713 1.852977
9063.584 15.75246 1.896889
9065.674 14.13319 1.904186
9067.759 14.25424 1.84521
9069.851 18.567 1.936762
9071.936 20.05982 2.061045
9074.023 16.71452 2.028773
9076.116 14.4021 1.947379
9078.204 20.51954 1.870667
9080.298 17.61008 1.848543
9082.387 15.62838 1.948517
9084.48 13.81718 1.892877
9086.57 16.84328 1.876557
9088.661 19.74438 2.008371
9090.757 16.30616 2.007188
9092.849 15.95405 2.04036
9094.945 11.74239 2.050536
9097.037 15.21501 2.030781
9099.135 16.24984 1.904325
9101.228 14.05563 2.025971
9103.322 14.75955 2.449282
9105.421 17.91789 2.401281
9107.516 10.39465 2.281102
9109.616 13.58265 2.141329
9111.712 10.29913 1.941195
9113.812 12.76138 1.853715
9115.909 19.65525 1.885441
9118.007 17.28897 1.860898
9120.109 16.31714 2.030277
9122.207 13.18204 2.253907
9124.31 15.44138 1.90681
9126.41 12.59284 1.804852
9128.515 19.09042 1.875119
9130.614 16.04661 1.910379
9132.715 19.51657 2.067238
9134.821 17.5407 2.010876
9136.922 17.55606 2.04455
9139.029 18.40489 2.19018
9141.132 20.26979 2.054651
9143.239 14.98124 1.855712
9145.343 10.8829 1.826365
9147.447 14.65548 1.879645
9149.557 18.63983 1.930743
9151.661 17.06306 1.951199
9153.772 17.83106 2.12328
9155.877 14.52352 2.303691
9157.988 15.54448 2.264365
9160.096 15.30907 2.159275
9162.203 13.15703 2.162253
9164.315 11.90889 2.167054
9166.424 16.36223 2.108772
9168.537 15.72704 2.032268
9170.647 16.51606 2.074868
9172.762 21.62413 2.088772
9174.871 18.13301 2.145637
9176.982 14.0049 2.174243
9179.099 12.56378 2.105075
9181.21 11.97923 1.924902
9183.327 12.36443 1.896993
9185.44 12.97628 1.919455
9187.558 14.13868 2.004388
9189.672 13.54459 1.952551
9191.785 13.02165 1.890735
9193.905 11.76873 1.950566
9196.021 7.917197 1.9766
9198.141 54.9978 1.968612
9200.257 55.01981 1.950524
9202.379 55.4825 1.985355
9204.495 57.79662 2.045746
9206.613 57.77345 2.153212
9208.736 56.9043 2.296163
9210.854 55.85191 2.349129
9212.978 54.61849 2.421899
9215.098 54.57051 2.500264
