# wavelength_A flux_1e-17 err_1e-17
3805.3972 7.611639 7.6625209
3806.2727 7.607903 8.6065884
3807.1504 5.8208036 8.1278152
3808.0261 -2.4481082 7.6766305
3808.9043 7.605248 8.0875864
3809.7805 12.08716 7.8635631
3810.6589 -0.03458539 5.568727
3811.5356 6.5320821 4.3638072
3812.4126 10.356972 4.227644
3813.2917 2.8887558 3.9523394
3814.1689 18.220947 3.911304
3815.0483 9.3552341 3.6190522
3815.926 8.9562378 3.3731065
3816.8059 9.230298 3.3182802
3817.6841 10.248625 3.2147427
3818.5623 11.884026 3.2448132
3819.4429 6.7964797 3.1452596
3820.3215 5.9993439 3.0307348
3821.2024 9.8720169 3.1818011
3822.0815 12.837543 3.1771431
3822.9629 3.0183387 3.0727446
3823.8423 6.8279529 3.0312464
3824.7241 7.4962707 3.047502
3825.604 7.1079392 3.0401864
3826.4841 9.4360847 3.0965462
3827.3665 6.0480213 3.2139418
3828.2468 3.0873785 3.4962056
3829.1296 10.092204 3.7692106
3830.0105 6.9535642 3.8328772
3830.8938 7.486855 3.7365274
3831.7751 5.2799573 3.5417495
3832.6565 10.502538 3.3888934
3833.5403 11.012411 3.3730388
3834.4224 8.77388 3.2556489
3835.3064 10.99297 3.3157177
3836.1887 11.746115 3.2254338
3837.0735 10.500213 3.1902459
3837.9561 12.615641 3.1062608
3838.8391 12.548635 3.0607696
3839.7244 7.3714252 2.893939
3840.6077 5.8537698 2.9043553
3841.4932 4.8778429 2.9182386
3842.377 10.162273 2.985631
3843.2629 10.805363 2.9866045
3844.1472 1.5849211 2.8810625
3845.0315 5.2921209 2.9347801
3845.9182 11.522596 3.0328436
3846.803 9.9646673 3.0583286
3847.6899 5.6559711 3.0681458
3848.5752 8.6350861 3.1084292
3849.4626 3.9830415 3.0743744
3850.3481 5.0579624 3.0713019
3851.2339 8.8998194 3.0673051
3852.1221 6.521399 3.0003493
3853.0083 4.1920142 2.855252
3853.8967 2.0127544 2.7282259
3854.7832 5.2524686 2.7797849
3855.6721 9.7084332 2.7745554
3856.5591 12.221799 2.7407305
3857.4463 6.5316057 2.6426904
3858.3359 8.0800428 2.6275005
3859.2234 10.443481 2.6760702
3860.1135 7.0277042 2.7486999
3861.0015 6.8991909 2.8918183
3861.8918 8.9053326 3.017278
3862.7803 2.710268 2.9626367
3863.6687 8.1687355 2.9429994
3864.5598 8.1021929 2.8455
3865.4487 9.2144537 2.6770687
3866.3401 4.0559549 2.4761581
3867.2297 4.1135087 2.4050794
3868.1213 9.1214132 2.553901
3869.0112 8.7192354 2.5413289
3869.9014 3.4285395 2.4748833
3870.7937 2.5338476 2.4919879
3871.6841 6.5023227 2.5908082
3872.5769 1.2077056 2.5247231
3873.4678 5.0423222 2.5552721
3874.3611 7.4169679 2.5226104
3875.2524 6.6672959 2.4429617
3876.1438 3.4008837 2.3547819
3877.0376 2.0688868 2.2244432
3877.9297 6.3355532 2.3255415
3878.8237 10.973068 2.4639757
3879.7161 9.8940105 2.4757822
3880.6108 -0.3464376 2.3042283
3881.5037 6.9495702 2.3949547
3882.3965 7.4763107 2.4461851
3883.2917 8.2632103 2.4038358
3884.1851 9.9251909 2.4884963
3885.0808 9.9688091 2.4565828
3885.9746 8.0566406 2.4401913
3886.8706 4.7038307 2.3530407
3887.7649 3.5836823 2.2862301
3888.6592 5.7552533 2.3403838
3889.5559 13.336398 2.4901085
3890.4507 7.1423254 2.4693816
3891.3479 5.9535942 2.391571
3892.2429 9.1408434 2.4960639
3893.1406 6.4356403 2.3935761
3894.0361 4.8169341 2.332799
3894.9341 10.609271 2.392695
3895.8301 11.239171 2.3095455
3896.7263 8.0455437 2.2704108
3897.625 10.662805 2.2497389
3898.5215 5.513618 2.1890411
3899.4207 10.024873 2.2493484
3900.3176 9.9636164 2.3408504
3901.217 4.6816993 2.3128517
3902.1145 5.8594041 2.3801682
3903.0122 10.030057 2.5114048
3903.9121 7.8662839 2.4806967
3904.8103 7.6466227 2.4781907
3905.7107 10.252707 2.5057726
3906.6094 10.249055 2.4900057
3907.51 5.1543121 2.44521
3908.4089 6.9629626 2.4562526
3909.3081 7.1273351 2.422266
3910.2097 5.2774625 2.3775597
3911.1091 5.0698724 2.3398912
3912.011 5.78404 2.2628589
3912.9111 4.37748 2.2495029
3913.8132 1.3924204 2.2061658
3914.7136 10.764829 2.3059537
3915.6143 10.599541 2.2858927
3916.5171 8.2122746 2.2480757
3917.4182 7.003305 2.2261825
3918.3215 3.6035554 2.2386878
3919.2229 3.9542005 2.1847274
3920.1267 6.2416353 2.2432919
3921.0286 3.581007 2.1239953
3921.9307 3.06161 2.1052487
3922.835 7.2837825 2.1133082
3923.7373 3.9057491 2.0805044
3924.6421 11.081089 2.1795964
3925.5452 13.391932 2.2949111
3926.4502 9.8181496 2.2405171
3927.3535 5.5927601 2.145576
3928.2571 6.2146273 2.1080241
3929.1628 8.3748722 2.1460819
3930.0667 6.1457553 2.0963407
3930.9731 8.1657219 2.1954284
3931.8774 15.661586 2.3572931
3932.7839 9.2962809 2.4736371
3933.6887 10.610013 2.8257403
3934.5938 1.0318434 2.6211822
3935.501 4.6553617 2.5523205
3936.4062 9.6397352 2.2657866
3937.3142 10.788898 2.2457197
3938.22 9.0153809 2.1568439
3939.1279 2.2484481 2.0952399
3940.0342 8.3548756 2.1510139
3940.9407 4.0898271 2.1194203
3941.8494 8.7921686 2.1513987
3942.7561 5.5390172 2.146801
3943.6653 2.0510275 2.0922937
3944.5725 0.46809953 2.11145
3945.4822 4.4504571 2.1670945
3946.3899 7.5344996 2.2064211
3947.2979 4.0316858 2.1916323
3948.208 5.2691703 2.2970371
3949.1162 4.0631466 2.2126179
3950.0269 2.6721501 2.0639131
3950.9355 3.8020098 1.9553353
3951.8467 9.7690916 2.0567112
3952.7559 6.4057207 2.0374026
3953.665 1.6902784 1.9729663
3954.5769 2.5386968 1.9264048
3955.4866 4.5891914 1.9604262
3956.3987 5.4903312 2.0063665
3957.3088 7.0794973 2.0266747
3958.2214 4.2996788 1.9616652
3959.1321 3.6433473 1.9003557
3960.0449 8.3063126 1.9282669
3960.9561 8.3247108 1.9587646
3961.8672 4.6640425 1.8831943
3962.7808 2.3807909 1.8706237
3963.6924 6.3159385 1.8828824
3964.6064 8.5492983 1.9053798
3965.5186 6.1542549 1.9316533
3966.4329 14.669742 2.9859319
3967.3455 7.9422898 2.8921452
3968.2581 12.17508 2.7662749
3969.1731 12.606261 3.6856847
3970.0862 5.5690789 2.1677861
3971.0017 6.1955032 2.2848022
3971.9153 10.895131 1.9126356
3972.8313 13.801649 2.2087722
3973.7451 12.709087 2.1401234
3974.6592 3.9440868 1.8408504
3975.5759 5.3707805 1.8407505
3976.4905 8.3389091 1.9068264
3977.4075 8.8471851 1.8876114
3978.3225 6.1243639 1.8208175
3979.2397 4.4285536 1.7613341
3980.1553 6.8757205 1.8321358
3981.0708 5.703681 1.7885273
3981.9888 4.6791677 1.7963744
3982.905 9.7479725 1.8432364
3983.8232 7.4699502 1.7946599
3984.7397 5.1747427 1.7660608
3985.6587 5.04708 1.7532376
3986.5757 4.1638756 1.7002406
3987.4927 3.4032595 1.725343
3988.4121 6.3573318 1.8119683
3989.3298 8.9224987 1.951499
3990.2498 7.2796335 1.9262636
3991.1677 4.3511147 1.8324808
3992.0879 5.2775621 1.8040174
3993.0063 8.0969791 1.7721169
3993.925 6.2220421 1.7115569
3994.8459 6.3981361 1.6693087
3995.7649 7.0596147 1.7280358
3996.6863 4.1680317 1.7145822
3997.6057 6.7331591 1.7990726
3998.5276 5.5645537 1.7762718
3999.4475 4.1202035 1.7240546
4000.3674 6.8538852 1.7852651
4001.29 7.075139 1.7454258
4002.2104 6.0881414 1.7422481
4003.1333 8.5067739 1.770331
4004.0544 7.6059346 1.7786001
4004.9775 7.4567118 1.7933251
4005.8989 9.8757076 1.8209834
4006.8206 10.074148 1.8545825
4007.7446 3.8059807 1.7597133
4008.6665 4.4827695 1.8298167
4009.5908 9.4959106 1.9700539
4010.5132 6.1405692 2.0210066
4011.438 5.4415698 1.9592794
4012.3608 3.9058971 1.8877959
4013.2839 3.5861232 1.8048635
4014.2095 6.3842416 1.7971579
4015.1328 6.653923 1.7642813
4016.0588 6.664258 1.7587041
4016.9827 6.9241042 1.7216082
4017.9089 6.4136958 1.7294273
4018.8333 6.716579 1.7362201
4019.7578 6.86099 1.7646362
4020.6848 3.2250714 1.7340428
4021.6096 5.8433566 1.7629241
4022.5371 9.4390507 1.8090737
4023.4624 5.3274741 1.7745138
4024.3901 5.0592394 1.7713205
4025.3162 8.2874279 1.7890787
4026.2422 6.452558 1.7503185
4027.1704 5.9836764 1.7178696
4028.0969 8.4695892 1.7885656
4029.0259 6.9922071 1.7711211
4029.9526 4.9552484 1.7335476
4030.8821 7.7480922 1.842227
4031.8093 9.0568495 1.8666846
4032.739 4.6100664 1.7699442
4033.6667 3.3045297 1.646714
4034.5947 6.1482153 1.5814818
4035.5251 8.1731882 1.6548008
4036.4534 7.6571784 1.6235539
4037.3843 6.4569116 1.6729681
4038.313 7.1543913 1.6990807
4039.2441 8.9995241 1.8184116
4040.1736 6.4747767 1.8263524
4041.103 6.8022571 1.7990385
4042.0347 5.221519 1.7851877
4042.9646 3.2496393 1.7899436
4043.897 8.7636585 1.8634375
4044.8271 6.038157 1.9220101
4045.76 9.4849043 2.1420491
4046.6907 12.274467 2.3741789
4047.6216 3.5114968 2.3922338
4048.5549 9.1472607 2.138104
4049.4863 3.5963426 1.8081582
4050.4202 8.5984583 1.7042903
4051.3521 2.8173058 1.6460608
4052.2861 8.5669947 1.6535598
4053.2185 6.7437458 1.6416363
4054.1509 5.4668241 1.632427
4055.0857 5.3760328 1.6835144
4056.0186 4.9639692 1.7362943
4056.9539 5.7830639 1.6866074
4057.8872 5.3348069 1.6270365
4058.823 10.503649 1.6274124
4059.7566 5.3778596 1.5919138
4060.6907 10.276465 1.6395634
4061.627 6.5575376 1.6326447
4062.5613 6.8585386 1.6107143
4063.4983 7.7116218 1.7370212
4064.4331 6.9068408 1.8240063
4065.3701 7.9578815 1.91231
4066.3054 9.0572672 1.8731441
4067.241 7.2297974 1.7740821
4068.1787 6.4771962 1.7121143
4069.1147 7.058589 1.6569349
4070.053 6.3756952 1.5897576
4070.9893 4.5181937 1.5592159
4071.928 6.4892459 1.6147088
4072.8647 8.6661673 1.703492
4073.8018 6.7047081 1.7596984
4074.7412 6.893517 1.7293847
4075.6787 8.7009401 1.7820119
4076.6184 3.7688897 1.8124658
4077.5562 3.021564 1.7634388
4078.4966 6.7027202 1.7528899
4079.4348 4.4759631 1.690686
4080.3733 8.3257751 1.6583778
4081.3142 9.1279507 1.6298267
4082.2532 8.1621456 1.6428682
4083.1943 4.6744823 1.5325592
4084.1338 2.3558805 1.5409786
4085.0757 4.8173771 1.6213253
4086.0154 6.58921 1.7208331
4086.9553 5.2324872 1.7434607
4087.8977 7.2133527 1.7513616
4088.8381 4.4211769 1.7018123
4089.781 6.9223599 1.6959462
4090.7219 8.7397614 1.6851072
4091.6653 6.1990814 1.7384478
4092.6064 5.4146671 1.7550662
4093.5481 7.2801461 1.6648813
4094.4919 6.3837166 1.6553419
4095.4338 4.7206063 1.6532681
4096.3784 7.3714643 1.6459157
4097.3208 5.8315954 1.5788715
4098.2656 7.2225165 1.558641
4099.2085 5.334549 1.539615
4100.1514 6.7060289 1.5465935
4101.0967 7.4242868 1.5850486
4102.04 7.3996201 1.5336524
4102.9863 8.1155901 1.4708433
4103.9302 7.9112773 1.4769447
4104.8765 6.0184321 1.4198898
4105.8208 7.5112915 1.492468
4106.7676 12.208206 1.567739
4107.7124 5.841536 1.5018077
4108.6572 5.7249517 1.4835207
4109.6045 5.7335601 1.4761646
4110.5503 8.4035101 1.4643434
4111.498 6.1105733 1.4379092
4112.4438 5.2738605 1.393751
4113.3921 6.3269076 1.4038192
4114.3384 5.7872376 1.4369013
4115.2852 6.2074332 1.5038013
4116.2339 7.6836066 1.5379398
4117.1807 7.6083965 1.4876351
4118.1304 7.2171936 1.4511964
4119.0776 5.918149 1.423856
4120.0273 8.1956158 1.4300917
4120.9751 4.8730197 1.3966674
4121.9233 6.9727368 1.4106426
4122.874 7.3493099 1.4324174
4123.8223 5.6284699 1.4186808
4124.7734 6.6902947 1.4605901
4125.7222 5.198144 1.4979421
4126.6733 6.4917603 1.5714071
4127.623 9.431119 1.6650337
4128.5723 9.5372572 1.6767669
4129.5244 5.3452768 1.5570382
4130.4746 5.1130004 1.436325
4131.4268 4.9089928 1.384022
4132.3774 3.9952545 1.3753164
4133.3301 5.2023945 1.4860417
4134.2812 7.0316877 1.6090477
4135.2324 6.3956008 1.6704816
4136.1855 5.3914237 1.6576424
4137.1372 6.9027667 1.5829438
4138.0913 4.6132493 1.4932599
4139.0435 7.2443948 1.4910727
4139.9976 7.0898471 1.5108755
4140.9502 6.2217002 1.5157166
4141.9028 6.9128289 1.476979
4142.8579 6.2484593 1.4507036
4143.811 4.7202044 1.3793548
4144.7666 6.2039986 1.4113209
4145.7202 6.8128061 1.4047976
4146.6758 3.2992063 1.4217323
4147.6299 7.6510463 1.5178771
4148.584 7.8573842 1.5355669
4149.5405 4.0557785 1.4382656
4150.4951 6.5443192 1.8070385
4151.4526 8.7942324 1.7617006
4152.4072 6.5256753 1.3585651
4153.3647 6.2917852 1.3417307
4154.3203 6.1503592 1.3584828
4155.2764 3.2988317 1.3227006
4156.2344 6.8269525 1.4106507
4157.1904 8.2265768 1.4902809
4158.1489 6.4624534 1.4653693
4159.1055 5.3939815 1.4381316
4160.0649 5.2131896 1.4341118
4161.022 5.9466352 1.4359654
4161.979 7.2738028 1.4556459
4162.939 6.9645958 1.4451205
4163.8965 6.5514069 1.437451
4164.8564 6.193872 1.4558343
4165.8149 5.4558973 1.5620667
4166.7754 5.9485741 1.5935251
4167.7339 5.0703692 1.5277886
4168.6929 8.444191 1.5016478
4169.6538 6.3635154 1.4502085
4170.6133 6.7734542 1.4108515
4171.5752 5.3853989 1.4091361
4172.5347 7.003088 1.4209317
4173.4971 5.328156 1.4102343
4174.457 3.5880961 1.3208584
4175.4175 5.9615164 1.393477
4176.3799 5.5166755 1.3434978
4177.3408 2.5871603 1.2891239
4178.3042 4.0114193 1.3369946
4179.2651 10.684489 1.4613091
4180.229 8.9610262 1.4150896
4181.1909 6.2809424 1.2954571
4182.1548 3.4877968 1.2750038
4183.1172 7.0939388 1.330187
4184.0796 5.5982952 1.3042012
4185.0444 2.6464479 1.2524869
4186.0068 5.295815 1.3193429
4186.9722 4.8070741 1.3731053
4187.9355 5.5842896 1.406723
4188.9014 4.1505842 1.4284137
4189.8647 5.6280131 1.4550419
4190.8286 3.7060361 1.4163998
4191.7949 5.274013 1.3895184
4192.7593 7.6363492 1.3718152
4193.7261 5.4769697 1.3191307
4194.6909 6.442194 1.3030444
4195.6582 6.5129638 1.3038765
4196.6235 4.3885698 1.2954386
4197.5889 8.2243671 1.3591846
4198.5571 5.8819685 1.3546236
4199.5229 4.741231 1.3364747
4200.4912 5.2595949 1.3078878
4201.4575 6.4080358 1.2888465
4202.4263 3.4700134 1.2368474
4203.3931 6.4510856 1.2133911
4204.3599 4.1737585 1.214695
4205.3296 3.5697799 1.1755012
4206.2969 6.232471 1.2520541
4207.2671 6.8101754 1.2336757
4208.2349 7.2146444 1.2855793
4209.2051 4.475884 1.2683253
4210.1738 6.6986303 1.2813157
4211.1421 3.3749557 1.2317791
4212.1133 5.623322 1.2452289
4213.082 5.2157354 1.2454679
4214.0537 6.2804413 1.2178875
4215.0229 6.965785 1.2542759
4215.9951 5.7038531 1.2074757
4216.9648 5.9375482 1.2235733
4217.9351 5.545373 1.2034334
4218.9077 1.6670239 1.141053
4219.8784 4.7888436 1.1992342
4220.8516 5.6082969 1.2320062
4221.8223 7.8417492 1.2928003
4222.7959 5.0195432 1.294576
4223.7676 6.3711796 1.2829317
4224.7393 6.6480546 1.2797881
4225.7134 5.1288943 1.3381445
4226.6855 4.3691916 1.3460827
4227.6602 5.2819257 1.3540137
4228.6328 5.9347949 1.3173313
4229.6079 5.6079683 1.2784195
4230.5806 6.4854059 1.1793894
4231.5542 3.9939122 1.1492252
4232.5298 6.1754217 1.1905323
4233.5034 5.987185 1.1939112
4234.48 4.1795397 1.1596173
4235.4541 5.0338402 1.1946875
4236.4307 6.1278124 1.2888415
4237.4053 6.8672924 1.3878493
4238.3799 6.4161315 1.4151034
4239.3574 5.5673037 1.4034255
4240.3325 6.4479051 1.3105044
4241.3105 6.3354712 1.2625526
4242.2861 4.042418 1.2040578
4243.2642 5.1337218 1.1927935
4244.2407 4.3168106 1.1912141
4245.2168 2.860714 1.2169589
4246.1958 4.8934021 1.2571447
4247.1729 3.5350337 1.3244022
4248.1519 5.6258163 1.3462839
4249.1294 6.6336002 1.3886082
4250.1094 4.2576032 1.3453865
4251.0869 5.9470301 1.3460722
4252.0649 6.1596899 1.3580431
4253.0454 5.2186871 1.3165507
4254.0239 3.8817093 1.2956758
4255.0049 6.9596214 1.3212408
4255.9834 4.3604922 1.2928563
4256.9648 5.1286139 1.3101948
4257.9443 7.6637893 1.3079989
4258.9263 6.0684609 1.2908843
4259.9058 4.8063087 1.2341498
4260.8857 5.3485765 1.2181616
4261.8687 4.7111478 1.2270156
4262.8491 5.2393451 1.274286
4263.832 5.9610901 1.2984946
4264.813 5.8984079 1.2775306
4265.7964 7.3039527 1.2678028
4266.7778 4.7532268 1.2157973
4267.7593 5.8517208 1.2159009
4268.7432 5.5194936 1.2000133
4269.7256 6.5477901 1.2107832
4270.71 5.1637521 1.1670458
4271.6924 4.6168189 1.1566989
4272.6772 5.9128184 1.2086811
4273.6606 5.6697526 1.2276928
4274.6436 6.2697144 1.2364007
4275.6294 6.1410851 1.221105
4276.6128 5.1460009 1.2131796
4277.5991 6.7119899 1.2312707
4278.583 4.8591948 1.2361218
4279.5698 4.4899402 1.2188028
4280.5542 4.6923027 1.2192385
4281.5391 5.2812176 1.1756707
4282.5264 4.5467691 1.1177226
4283.5117 4.9008021 1.1794926
4284.499 5.8074441 1.211262
4285.4849 4.893342 1.1978493
4286.4731 6.3621931 1.1822666
4287.459 5.9057293 1.1551462
4288.4453 3.9139771 1.1003177
4289.4346 4.9682369 1.0997227
4290.4214 5.8914161 1.1151474
4291.4106 4.7858768 1.1367379
4292.3979 6.84834 1.184134
4293.3877 7.6432285 1.2486206
4294.3755 6.667284 1.2105005
4295.3633 6.7822418 1.220497
4296.3535 6.5103226 1.2014997
4297.3423 5.7903876 1.1599895
4298.333 5.2841096 1.1370093
4299.3218 2.801095 1.1103811
4300.3135 8.3790817 1.1764265
4301.3027 6.4327564 1.1548971
4302.292 5.8118567 1.1304803
4303.2842 6.2851448 1.1408671
4304.2744 5.6284266 1.1366453
4305.2666 4.4471607 1.1566854
4306.2573 5.5256696 1.1720308
4307.25 6.4487076 1.2046034
4308.2412 4.0223145 1.1596253
4309.2319 4.5287809 1.1652672
4310.2261 8.5282574 1.2285465
4311.2173 6.4662356 1.2329954
4312.2114 4.9086213 1.2112588
4313.2036 7.4954715 1.2501081
4314.1982 5.4275937 1.252864
4315.1904 6.5043759 1.2571921
4316.1836 5.2957473 1.2440403
4317.1787 4.2003708 1.2165098
4318.1719 5.2451987 1.3291036
4319.1675 5.9056754 1.3732297
4320.1611 7.1253014 1.3702644
4321.1572 8.0267611 1.3502653
4322.1514 6.8490543 1.2636222
4323.146 7.371212 1.1808809
4324.1426 4.9396186 1.1241672
4325.1377 7.2577596 1.1667022
4326.1348 6.9220104 1.2100797
4327.1299 5.213522 1.1577406
4328.1279 6.4489427 1.1362278
4329.1235 6.6725101 1.1283915
4330.1196 6.1271625 1.1354154
4331.1182 5.8897138 1.147043
4332.1143 5.6179585 1.1466715
4333.1133 7.1456199 1.1543958
4334.1104 4.6423903 1.1146724
4335.1099 8.4337292 1.1429436
4336.1069 8.0343151 1.1641964
4337.1069 8.6213131 1.2001028
4338.1045 10.081112 1.2306941
4339.1025 8.7154694 1.2323298
4340.103 11.630225 1.245885
4341.1016 10.319584 1.5506076
4342.1025 9.4677877 1.5215931
4343.1016 12.483815 1.2381558
4344.103 11.837673 1.2354565
4345.1025 11.846857 1.2321135
4346.1021 9.3170109 1.1989202
4347.104 8.4117079 1.2026597
4348.104 5.6536174 1.220678
4349.1069 9.5824823 1.6247842
4350.1074 9.9557076 1.5604573
4351.1104 11.749589 1.5219697
4352.1113 7.9958973 1.1602685
4353.1128 8.0096226 1.1405351
4354.1167 10.858367 1.2570153
4355.1182 9.9649487 1.3237036
4356.1226 8.0297413 1.3945506
4357.1245 8.6263838 1.5811799
4358.1294 10.349805 1.8345214
4359.1318 15.187109 2.0775008
4360.1348 8.9577103 2.0401845
4361.1401 9.9355593 1.6881443
4362.1436 12.684176 1.3903151
4363.1494 9.1723804 1.2870649
4364.1528 11.913894 1.2723418
4365.1592 11.287491 1.2919683
4366.1636 10.399718 1.3017675
4367.168 11.477606 1.3076472
4368.1753 10.827545 1.2763261
4369.1802 10.513503 1.2504656
4370.1875 11.760831 1.2370627
4371.1929 11.988142 1.2503593
4372.2007 11.242282 1.2081497
4373.2065 11.468399 1.2008022
4374.2129 12.418538 1.2449204
4375.2212 11.665438 1.2507362
4376.228 11.600211 1.2623844
4377.2368 13.514019 1.2889175
4378.2441 12.182031 1.3099576
4379.2534 11.875467 1.2826765
4380.2612 12.691098 1.2801775
4381.2686 11.5732 1.2563714
4382.2793 14.420936 1.2982608
4383.2871 14.824358 1.2923473
4384.2979 11.891717 1.218555
4385.3066 11.704128 1.2079359
4386.3179 14.486754 1.2318524
4387.3267 13.143723 1.2166877
4388.3359 13.459174 1.2240146
4389.3481 14.987186 1.2663958
4390.3579 15.094764 1.3473637
4391.3701 18.422203 1.3954266
4392.3804 16.884535 1.3997631
4393.3936 12.772952 1.3053297
4394.4043 15.404322 1.3131522
4395.415 15.545109 1.2857668
4396.4287 14.254029 1.2654866
4397.4399 16.683765 1.2712445
4398.4541 15.557432 1.2524401
4399.4658 15.935269 1.2684982
4400.4805 18.404867 1.3292061
4401.4927 19.363596 1.3554152
4402.5054 18.162029 1.3538491
4403.5205 17.724463 1.3379239
4404.5337 17.113415 1.356192
4405.5493 18.21015 1.3964891
4406.5625 20.579741 1.4085391
4407.5786 18.895666 1.3609143
4408.5928 18.222496 1.3459028
4409.6069 20.045084 1.3532962
4410.624 17.551188 1.3365887
4411.6387 20.959593 1.3916026
4412.6558 22.580227 1.5277389
4413.6709 21.593126 1.5028412
4414.6885 19.790445 1.3698107
4415.7041 21.466347 1.3693558
4416.7227 22.88331 1.3870156
4417.7388 22.483923 1.4034489
4418.7549 22.307306 1.3857737
4419.7739 23.012518 1.4290171
4420.7905 23.691917 1.449401
4421.8101 23.798494 1.441141
4422.8271 23.742247 1.4085594
4423.8472 24.067627 1.3918214
4424.8647 24.772352 1.5013223
4425.8828 24.192474 1.4736565
4426.9033 23.167686 1.4238766
4427.9219 22.525707 1.4193442
4428.9429 24.524269 1.4518644
4429.9619 23.815044 1.4467661
4430.9834 24.025976 1.4465005
4432.0024 25.88707 1.4480109
4433.022 25.463783 1.441507
4434.0444 25.780773 1.4114437
4435.0645 28.262234 1.4425029
4436.0874 29.420097 1.4561563
4437.1079 26.042177 1.4108349
4438.1309 26.810478 1.4287373
4439.1519 30.176699 1.4922904
4440.1733 29.553656 1.5003138
4441.1968 27.971226 1.4801375
4442.2188 28.433161 1.4846524
4443.2432 28.166948 1.466643
4444.2651 28.121082 1.4791329
4445.29 30.277531 1.5121353
4446.3125 31.906799 1.5453881
4447.3354 28.7889 1.5118244
4448.3613 25.628021 1.4520642
4449.3843 30.82057 1.4954199
4450.4106 26.474445 1.4508165
4451.4341 31.043636 1.5181476
4452.4609 31.819052 1.5812687
4453.4849 33.907787 1.6175969
4454.5098 30.977512 1.5695744
4455.5366 29.390045 1.5208353
4456.5615 30.108175 1.5021399
4457.5894 30.862427 1.471221
4458.6147 31.29854 1.4992523
4459.6431 29.495943 1.4724417
4460.6689 30.499046 1.5355233
4461.6953 36.159264 1.607155
4462.7241 34.258797 1.5958372
4463.7505 32.156986 1.5215348
4464.7798 30.413988 1.4768759
4465.8071 32.876598 1.4887625
4466.8369 33.394512 1.5260731
4467.8643 34.111767 1.5604429
4468.8921 33.165176 1.5469452
4469.9229 31.615583 1.5351814
4470.9512 32.223293 1.5340953
4471.9819 33.919048 1.5539522
4473.0107 33.316814 1.5873532
4474.0425 32.704166 1.5803171
4475.0718 33.50935 1.583863
4476.1011 31.871675 1.5633208
4477.1333 32.698086 1.5710837
4478.1631 32.588757 1.578621
4479.1958 36.514297 1.5971686
4480.2266 31.694517 1.5196631
4481.2593 33.420334 1.5120749
4482.2905 30.322464 1.4826711
4483.3213 33.168159 1.512938
4484.3555 35.073639 1.5533334
4485.3872 35.502968 1.5779535
4486.4214 32.462997 1.5524309
4487.4536 31.553637 1.6051114
4488.4883 34.975578 1.6447515
4489.521 33.281811 1.5610698
4490.5537 32.015896 1.5146376
4491.5889 35.037544 1.5154574
4492.6226 31.290628 1.4887654
4493.6582 36.121899 1.5590324
4494.6919 34.305035 1.5733085
4495.7285 34.308071 1.5774411
4496.7627 34.244556 1.5566278
4497.7998 34.007446 1.5241015
4498.8345 34.604458 1.5137657
4499.8696 32.32888 1.4898516
4500.9072 31.926472 1.4675167
4501.9424 32.152142 1.4750034
4502.9805 32.121223 1.4931939
4504.0166 35.807129 1.5321749
4505.0552 35.736393 1.5353352
4506.0913 33.504368 1.5236343
4507.1279 31.694975 1.508233
4508.1675 35.380993 1.5481468
4509.2046 31.196781 1.4901786
4510.2446 33.840328 1.5004048
4511.2822 35.340366 1.5249232
4512.3223 33.871372 1.5064354
4513.3604 31.948837 1.4837555
4514.3984 32.768738 1.481446
4515.4395 32.677044 1.4758573
4516.4785 30.860622 1.4517788
4517.52 30.157495 1.4408908
4518.5591 31.043751 1.4787017
4519.6011 33.264637 1.4988277
4520.6406 33.407135 1.517694
4521.6807 31.908014 1.5142262
4522.7236 34.812832 1.5614843
4523.7642 33.175972 1.5518448
4524.8071 32.699196 1.5431482
4525.8481 30.416058 1.516071
4526.8916 32.544811 1.4908943
4527.9331 33.758083 1.4678886
4528.9746 31.539547 1.4314021
4530.019 30.253668 1.4358108
4531.061 31.89316 1.4810028
4532.106 33.860497 1.5338782
4533.1489 34.094013 1.5180198
4534.1938 32.193962 1.4817387
4535.2373 30.566322 1.4527369
4536.2803 31.349922 1.4519999
4537.3267 28.266151 1.5008354
4538.3701 31.003429 1.5100609
4539.417 31.073017 1.5333816
4540.4609 30.520197 1.4239368
4541.5083 32.143658 1.447256
4542.5527 31.073128 1.4453397
4543.5981 30.648716 1.4584013
4544.6455 33.707409 1.462888
4545.6909 33.137791 1.4613645
4546.7393 29.63048 1.3915302
4547.7852 30.071102 1.4134332
4548.834 31.617163 1.4388795
4549.8804 28.72854 1.4447724
4550.9272 28.313372 1.4478868
4551.9766 31.287777 1.467921
4553.0239 28.325453 1.3997927
4554.0737 30.094862 1.4005203
4555.1216 29.604828 1.3925142
4556.1719 28.112064 1.4814035
4557.2197 27.662767 1.4815239
4558.2686 27.823629 1.3869505
4559.3193 26.731356 1.3832692
4560.3682 30.335501 1.4151505
4561.4199 29.317036 1.4134406
4562.4692 27.649412 1.3774893
4563.5215 27.388802 1.3498082
4564.5713 27.044731 1.335622
4565.6211 31.395834 1.4630489
4566.6743 28.311388 1.4661124
4567.7246 27.638975 1.3761678
4568.7778 29.703066 1.4097048
4569.8291 27.04324 1.3742536
4570.8828 25.449512 1.3530315
4571.9341 30.264069 1.3994579
4572.9888 27.891867 1.3769376
4574.0405 24.719995 1.3296617
4575.0928 27.372803 1.3672725
4576.1479 27.162243 1.3618443
4577.2007 26.889746 1.3431706
4578.2559 26.134087 1.3301003
4579.3091 26.143557 1.3328562
4580.3652 26.470795 1.3546798
4581.4189 24.800543 1.3341618
4582.4731 26.624754 1.3484802
4583.5298 24.519264 1.371578
4584.584 26.938629 1.4127908
4585.6411 26.775623 1.3230964
4586.6963 25.589111 1.3088287
4587.7539 25.205574 1.2976296
4588.8091 24.750912 1.2914522
4589.8647 26.300388 1.3410672
4590.9233 26.654707 1.3318113
4591.9795 24.779318 1.2920244
4593.0386 25.332781 1.2879382
4594.0952 23.708853 1.2828904
4595.1543 22.501717 1.2830554
4596.2114 24.388533 1.3169669
4597.269 25.293684 1.3368102
4598.3291 23.536549 1.3023514
4599.3867 23.298117 1.2939168
4600.4473 25.200281 1.2864054
4601.5059 24.140102 1.2519097
4602.5669 23.665094 1.2483243
4603.6255 24.829216 1.2837178
4604.6846 23.41927 1.3097233
4605.7466 22.982939 1.322228
4606.8062 25.81793 1.3372942
4607.8687 23.073269 1.3033543
4608.9287 23.119213 1.2697885
4609.9912 23.358879 1.2365751
4611.0518 22.353134 1.2181273
4612.1128 24.321354 1.250205
4613.1763 25.311888 1.2700518
4614.2373 23.606258 1.2748213
4615.3013 24.896383 1.3033365
4616.3633 25.256413 1.2921852
4617.4277 24.887915 1.3569584
4618.4897 23.378778 1.3147273
4619.5522 19.87228 1.1696939
4620.6177 22.274822 1.2020762
4621.6807 24.023163 1.3738548
4622.7466 25.984646 1.4140866
4623.8096 24.602194 1.4018614
4624.876 21.88686 1.2280346
4625.9399 23.911922 1.2416984
4627.0044 22.744993 1.2581969
4628.0713 23.365395 1.250424
4629.1357 21.758953 1.2242761
4630.2031 21.444784 1.2044133
4631.2686 22.268456 1.193792
4632.3364 21.093784 1.2077777
4633.4023 22.802263 1.2384652
4634.4678 23.139633 1.2626656
4635.5366 20.604033 1.2377133
4636.603 21.693874 1.2466668
4637.6724 23.767086 1.2723627
4638.7393 21.738092 1.2293005
4639.8091 22.14641 1.1981251
4640.8765 17.537556 1.4210495
4641.9438 20.93166 1.4361801
4643.0142 21.036978 1.1920699
4644.0825 20.226582 1.1586362
4645.1533 21.562881 1.1848352
4646.2222 21.401245 1.1777253
4647.2935 21.604841 1.2042335
4648.3623 21.466852 1.2128779
4649.4316 21.110216 1.2371118
4650.5039 21.763969 1.2559818
4651.5737 21.636885 1.2134714
4652.6465 23.447075 1.2016315
4653.7168 20.028393 1.1569924
4654.79 23.178146 1.2280208
4655.8608 23.423889 1.2500921
4656.9346 21.667381 1.223629
4658.0059 23.812727 1.2215711
4659.0771 22.601295 1.2227733
4660.1519 22.618143 1.2198131
4661.2236 22.075289 1.2390963
4662.2983 21.05427 1.2724649
4663.3711 22.40645 1.3003892
4664.4463 21.995529 1.278977
4665.5195 21.468721 1.2496126
4666.5928 22.191061 1.2232455
4667.6689 21.777143 1.211514
4668.7427 19.87536 1.1700506
4669.8193 19.397493 1.1772296
4670.8936 21.58359 1.1985687
4671.9707 19.057135 1.1707776
4673.0454 20.708071 1.1860272
4674.1206 18.343895 1.1906465
4675.1982 21.015131 1.271183
4676.2739 20.378334 1.2683836
4677.3521 20.455486 1.2285993
4678.4282 20.743011 1.1962016
4679.5073 21.613064 1.1771502
4680.5835 21.163433 1.1707771
4681.6602 18.848415 1.1310101
4682.7397 19.297781 1.1500049
4683.8174 20.225758 1.180835
4684.8975 20.414389 1.2079388
4685.9751 20.22801 1.217764
4687.0557 19.923147 1.1893704
4688.1338 19.761726 1.1646636
4689.2124 20.310623 1.1691623
4690.2935 21.88784 1.1771052
4691.3726 18.977707 1.1460011
4692.4546 20.993784 1.1775376
4693.5342 21.69487 1.1802298
4694.6162 19.981192 1.1737553
4695.6963 23.104841 1.1965296
4696.7764 21.748264 1.1638911
4697.8594 19.860666 1.1225452
4698.9404 20.736742 1.1235361
4700.0239 21.395998 1.1310374
4701.105 21.622808 1.1480126
4702.189 21.133913 1.1447845
4703.271 20.416241 1.159387
4704.353 18.994547 1.1399399
4705.4375 17.028921 1.1416657
4706.52 17.709255 1.162528
4707.6055 18.820116 1.189654
4708.6885 18.029564 1.1486466
4709.7744 19.321495 1.1492752
4710.8579 18.930557 1.1450053
4711.9414 19.274359 1.1473608
4713.0283 19.807003 1.1466954
4714.1123 18.142637 1.1150723
4715.1992 20.452497 1.1315398
4716.2842 17.937174 1.1016655
4717.3716 19.281679 1.1330149
4718.457 19.77726 1.1554691
4719.5425 18.446476 1.1382842
4720.6309 19.211361 1.1352673
4721.7168 20.35288 1.1415111
4722.8057 19.525827 1.1353837
4723.8921 19.812895 1.1198488
4724.9814 19.218195 1.1794329
4726.0684 18.742855 1.170778
4727.1553 19.985111 1.1783478
4728.2456 19.412117 1.1749783
4729.3335 17.598206 1.0768263
4730.4238 17.709951 1.1113932
4731.5122 18.400095 1.1194161
4732.603 18.30488 1.0989876
4733.6919 19.202124 1.1028197
4734.7808 19.120304 1.1079688
4735.8726 18.838182 1.1174588
4736.9624 16.132963 1.1347561
4738.0547 19.496328 1.2134718
4739.1445 18.032612 1.1889536
4740.2373 17.314623 1.10507
4741.3276 15.769573 1.0566113
4742.4214 17.689707 1.1069832
4743.5122 18.79034 1.1612202
4744.6035 19.252031 1.5256948
4745.6973 20.124731 1.5194411
4746.7891 15.07305 1.2785851
4747.8838 14.385282 1.2139937
4748.9761 17.736868 1.0581942
4750.0713 17.060287 1.0345254
4751.1641 17.489883 1.0752747
4752.2568 15.103263 1.0432253
4753.3525 18.22854 1.1111246
4754.4463 18.352398 1.1221697
4755.5425 16.561537 1.06559
4756.6367 19.077749 1.3524537
4757.7334 19.760738 1.3355845
4758.8281 16.971384 1.3963372
4759.9229 12.342376 1.293162
4761.0205 15.285869 1.2882717
4762.1157 16.154345 1.0518999
4763.2139 15.988279 1.0101664
4764.3096 13.32011 0.97110987
4765.4082 14.149632 0.97619742
4766.5044 13.58012 0.98497403
4767.6011 14.091672 1.0084198
4768.7002 13.762921 0.99448723
4769.7974 13.739264 0.99495715
4770.8975 15.936992 1.0717732
4771.9951 14.828847 1.3311595
4773.0952 12.853348 1.3525395
4774.1934 14.562501 1.405079
4775.2915 13.57047 1.036337
4776.3926 14.196829 1.0190259
4777.4917 13.470639 0.96837407
4778.5933 10.35986 0.95633835
4779.6924 13.073982 0.99435765
4780.7949 11.371289 0.9810487
4781.8945 11.373666 0.968876
4782.9946 14.245375 0.98971868
4784.0977 13.999248 0.97262597
4785.1982 11.483284 0.94238764
4786.3018 12.616337 0.96458524
4787.4028 13.279617 1.0100218
4788.5068 11.515137 1.0153238
4789.6084 10.782928 1.0151967
4790.71 11.752712 0.97492981
4791.8149 14.178353 1.076853
4792.917 14.097868 1.0877389
4794.0225 12.272552 0.98502916
4795.1255 12.784099 0.97480857
4796.231 12.961367 0.96878672
4797.3345 12.389905 0.95264459
4798.438 12.848854 0.9445889
4799.5444 10.89775 0.91683924
4800.6489 12.601199 0.94845688
4801.7559 14.219038 0.96854365
4802.8604 12.648908 0.93983603
4803.9678 11.423905 0.91902214
4805.0732 10.421306 0.89833111
4806.1782 9.8406868 0.87901896
4807.2866 10.544661 0.89184684
4808.3926 10.144805 0.92701709
4809.5015 10.848954 0.96640211
4810.6079 10.358988 0.94776475
4811.7173 11.370203 0.92700762
4812.8242 9.1577787 0.88699156
4813.9312 10.443172 0.89297831
4815.0415 9.2462769 0.92429334
4816.1489 8.979003 0.96723896
4817.2598 10.785769 1.0171527
4818.3677 11.518209 1.0084784
4819.479 10.705482 0.98263502
4820.5879 9.6315279 0.92371947
4821.6968 9.7759056 0.89903259
4822.8086 10.017255 0.93134946
4823.918 9.6271114 0.89088815
4825.0303 9.3548088 0.91255403
4826.1401 9.6050711 0.89849067
4827.2534 7.3855367 0.8936463
4828.3638 9.7901955 0.94151312
4829.4771 9.1720324 0.95872337
4830.5884 9.4581137 0.9356699
4831.6992 8.5695333 0.88356227
4832.8135 8.3368769 0.88776088
4833.9253 10.090637 0.9324761
4835.04 10.088409 0.92904609
4836.1523 8.8512897 0.91501993
4837.2676 10.043189 0.91347647
4838.3804 9.964962 0.90413451
4839.4937 9.5775127 0.9006986
4840.6094 8.7051544 0.89303344
4841.7231 8.3556023 0.90199834
4842.8394 8.5207901 0.87446433
4843.9536 8.5074654 0.86352384
4845.0708 8.8784704 0.84429777
4846.1851 7.9790788 0.85404104
4847.3003 8.003994 0.85467023
4848.418 8.4576712 0.89837366
4849.5332 7.2225857 0.85050815
4850.6514 8.0151043 0.82766026
4851.7676 7.0805478 0.82761866
4852.8862 7.7888803 0.86444515
4854.0024 7.111238 0.91176456
4855.1191 8.7282219 0.96019781
4856.2388 8.3874645 1.0212482
4857.356 7.474297 0.97888881
4858.4761 7.3257217 0.98448455
4859.5938 10.261909 1.5044179
4860.7144 14.466088 1.3339522
4861.8325 11.501812 2.2106025
4862.9512 8.9148417 1.0897337
4864.0723 7.793222 1.0933356
4865.1914 11.892489 1.154091
4866.3135 10.894545 1.0147513
4867.4326 9.4565725 0.97140908
4868.5552 9.9984846 0.93813062
4869.6753 8.3438282 0.90472972
4870.7954 8.0314913 0.87986201
4871.9189 7.1064939 0.85525167
4873.0396 4.1070342 0.79931557
4874.1631 6.3281059 0.83782631
4875.2847 6.8807812 0.90664935
4876.4087 5.5808907 0.85813057
4877.5308 7.508287 0.90130752
4878.6528 6.5684834 0.87391245
4879.7778 7.5263844 0.85562044
4880.9004 7.6240487 0.85867298
4882.0259 6.7271614 0.87798321
4883.1489 6.8895993 0.89393175
4884.2749 7.1540508 0.90541643
4885.3984 6.1658702 0.86754262
4886.5225 6.9637914 0.86353856
4887.6494 6.0180888 0.83562261
4888.7734 6.0090976 0.82751453
4889.9009 6.9287119 0.83980727
4891.0259 5.3288097 0.86248356
4892.1538 6.6858373 0.89918745
4893.2793 7.5520997 0.91972172
4894.4048 5.8787141 0.89413506
4895.5337 5.7603006 0.87166488
4896.6597 9.140563 0.88745922
4897.7891 7.1093512 0.84945554
4898.9155 5.8065953 0.81742519
4900.0454 5.9727025 0.86957693
4901.1724 8.2340612 0.90983927
4902.2998 8.4004812 0.9455173
4903.4307 6.2030773 0.89474994
4904.5586 8.2473211 0.88299555
4905.6895 7.7481594 0.86521363
4906.8179 6.3641925 0.83312309
4907.9497 8.5803032 0.89694601
4909.0786 8.7796831 0.89047116
4910.208 7.0454979 0.89244735
4911.3403 5.7017965 0.84514332
4912.4702 7.5885181 0.83844781
4913.603 7.8997731 0.85525465
4914.7334 8.8250656 0.9266358
4915.8667 7.8374958 0.90572965
4916.9976 5.5675035 0.85837424
4918.1313 7.9423761 0.84859174
4919.2627 8.7946911 0.86603636
4920.3945 7.7469873 0.83036733
4921.5288 6.3008971 0.80467206
4922.6611 8.2015238 1.0538156
4923.7964 9.7493601 1.112276
4924.9292 6.3320508 0.84140438
4926.0649 6.523766 0.87053406
4927.1978 9.9370937 0.91395497
4928.3315 7.182899 0.86561972
4929.4678 8.0046301 0.85219103
4930.6021 9.2445288 0.86912531
4931.7388 8.1967707 0.85945433
4932.8735 8.0295429 0.84904802
4934.0107 7.6081619 0.85297179
4935.146 9.3868179 1.1425397
4936.2812 9.6892099 1.16956
4937.4194 7.7536216 0.83996987
4938.5557 7.3248348 0.83744425
4939.6943 9.2082758 0.84592223
4940.8306 8.7577095 0.81346118
4941.9702 8.7152109 1.0724883
4943.1069 11.914731 1.1128767
4944.2441 11.198492 1.1106133
4945.3843 7.820271 1.1097032
4946.522 6.749783 0.85641134
4947.6626 6.9324503 0.85917282
4948.8008 10.915998 1.1392833
4949.9419 9.3109913 1.1636943
4951.0806 6.8344979 0.85264266
4952.2197 7.7188025 0.87379014
4953.3618 7.1830039 0.88999349
4954.501 7.8893261 0.92435598
4955.6436 6.760232 0.89135396
4956.7837 8.4195213 0.84580606
4957.9268 5.9883375 0.80707234
4959.0674 6.8783369 0.82386845
4960.208 5.6642675 0.81475681
4961.3521 4.8611789 0.78660047
4962.4932 3.2987113 0.74398589
4963.6377 5.338769 0.75480968
4964.7793 4.8523316 0.75723368
4965.9243 4.752481 0.75913143
4967.0669 6.451283 0.78632993
4968.2095 6.890883 0.79441309
4969.355 6.0303349 0.79970777
4970.498 6.0186324 0.81256402
4971.6445 5.7857418 0.85276073
4972.7881 6.2198529 0.85689914
4973.9351 6.2645769 0.82938874
4975.0791 5.9215212 0.79479516
4976.2236 5.8841548 0.8138839
4977.3711 6.3207798 0.84935749
4978.5161 8.3765736 1.1877143
4979.6641 8.9929667 1.2494191
4980.8096 6.7767835 1.0884799
4981.9585 4.4640422 1.0859411
4983.1045 4.5435834 1.1017947
4984.251 6.2618098 0.97215784
4985.4004 5.709343 0.85692155
4986.5469 4.9028125 0.85518211
4987.6968 7.0149627 0.89294708
4988.8442 7.5719137 0.96858674
4989.9946 8.1387272 0.94416767
4991.1426 7.3311553 0.85626519
4992.291 5.9912453 0.81731141
4993.4419 7.6213441 0.835352
4994.5908 6.0076122 0.82186288
4995.7427 7.3455381 0.85556346
4996.8921 5.8845429 0.792849
4998.0439 6.2274761 0.78632337
4999.1938 7.3673725 0.78651196
5000.3438 5.2497678 0.77103293
5001.4971 6.7385287 0.80923206
5002.6475 6.8573675 0.82581079
5003.8013 5.107873 0.77594072
5004.9521 5.6265726 0.74271172
5006.1064 4.9980321 0.75198376
5007.2583 7.5944662 0.78684103
5008.4126 3.4015028 0.74930888
5009.5649 5.8009214 0.77397305
5010.7173 6.3967237 0.8101415
5011.873 5.9913211 0.78709441
5013.0259 6.3303132 0.74824119
5014.1816 6.2861972 0.73117012
5015.3354 6.2697277 0.72860658
5016.4917 5.8387923 0.73627687
5017.646 5.3905954 0.74181998
5018.8003 7.8686752 0.78887975
5019.9575 7.590529 0.77861291
5021.1123 5.5976515 0.74005151
5022.27 5.5292635 0.71761906
5023.4258 6.6079197 0.73944581
5024.584 5.6161666 0.73224151
5025.7397 6.0671315 0.77843314
5026.896 6.4146399 0.78712547
5028.0552 5.9061913 0.75975537
5029.2119 5.4414582 0.72421718
5030.3716 5.894875 0.71030682
5031.5288 6.4486051 0.73865795
5032.689 5.8510737 0.74159098
5033.8472 7.5989962 0.77158415
5035.0049 7.1560855 0.77854723
5036.166 6.2421999 0.75241143
5037.3247 7.4357934 0.7651639
5038.4863 7.0919967 0.75205791
5039.6455 6.3512645 0.75478816
5040.8076 6.9409056 0.76752365
5041.9668 5.6793189 0.78686249
5043.127 6.8179421 0.79745573
5044.29 5.103272 0.77834654
5045.4502 6.9617324 0.77255249
5046.6138 7.1564999 0.76798272
5047.7749 7.431282 0.78288609
5048.939 6.4620004 0.77549374
5050.1001 9.7915258 1.1938384
5051.2622 10.803795 1.2058449
5052.4268 5.6551046 1.0257198
5053.5894 6.8402247 0.74922746
5054.7544 7.3095303 0.74894089
5055.9175 6.4830742 0.72147912
5057.083 5.2706285 0.70552099
5058.2466 8.7486725 1.0177467
5059.4102 8.7538481 1.0629436
5060.5771 5.5290704 0.78672117
5061.7412 6.6858945 0.77857548
5062.9082 7.535913 0.76978409
5064.0732 4.886312 0.74180275
5065.2407 7.499454 1.0214339
5066.4062 9.7639799 1.042125
5067.5718 6.6351128 0.73415089
5068.7402 6.5259876 0.73694217
5069.9062 6.217545 0.75952637
5071.0752 5.3712525 0.77523857
5072.2417 7.4065824 0.82185417
5073.4116 7.2160583 0.83137411
5074.5786 7.5164375 0.82679927
5075.7461 6.8034143 0.7931934
5076.9165 6.6290407 0.7520144
5078.0845 7.8215938 1.0145479
5079.2554 10.532559 1.0276232
5080.4238 9.2818327 1.0792606
5081.5957 7.686893 0.87126642
5082.7646 6.5461431 0.89788622
5083.9336 5.4519506 0.82417315
5085.106 7.6681623 0.79156882
5086.2759 6.3663173 0.79260218
5087.4487 7.1421232 0.79669178
5088.6191 6.6128736 0.8288964
5089.7925 5.5712762 0.82014287
5090.9634 7.5379796 0.81376934
5092.1348 8.1981678 0.79108721
5093.3091 6.2022772 0.72392386
5094.4805 6.4406648 0.70725113
5095.6553 6.8407993 0.73041129
5096.8276 6.7548761 0.75502115
5098.0029 7.0234718 0.75902045
5099.1758 7.1212583 1.05708
5100.3516 8.5722179 1.0629977
5101.5249 6.8696136 0.79843688
5102.6987 6.9313889 0.77378237
5103.875 6.5066433 0.72793525
5105.0493 6.4643993 0.74820966
5106.2266 5.5082974 0.75018847
5107.4014 6.2991962 0.78644574
5108.5791 6.9144764 0.78307897
5109.7544 6.9690371 0.9595983
5110.9297 3.8455794 0.88846654
5112.1084 7.7472687 0.88546044
5113.2842 4.4344935 0.88185644
5114.4634 8.1609955 0.78546101
5115.6401 6.3688908 0.76209188
5116.8198 6.4351854 0.73725706
5117.9966 7.1286616 0.72871703
5119.1743 6.1552525 0.72633892
5120.3545 9.3476677 1.0453861
5121.5327 6.8230271 1.0698549
5122.7134 6.7623568 0.73819876
5123.8921 6.7246594 0.71362478
5125.0737 6.8549409 0.71968096
5126.2524 7.8451443 0.72927898
5127.4321 6.5828204 0.72714567
5128.6143 8.770895 0.77185363
5129.7939 7.0548296 0.8076185
5130.9771 6.3783369 0.79336083
5132.1572 4.6192961 0.7533685
5133.3408 7.4328227 0.74458748
5134.522 9.0681543 1.0827291
5135.7031 7.3522944 0.96816808
5136.8872 8.1231527 0.74156523
5138.0688 8.6229563 0.74042702
5139.2539 7.8244543 0.73820478
5140.436 8.4329748 0.74633139
5141.6216 10.431363 1.008477
5142.8042 7.9050202 0.9791171
5143.9873 6.3120894 0.72225571
5145.1738 6.5327802 0.72774136
5146.3574 7.0516081 0.74617708
5147.5439 7.2053595 0.74932635
5148.728 7.6782436 0.75158679
5149.9155 6.6304998 0.7697646
5151.1001 7.861464 0.80204982
5152.2852 6.9083109 0.78054976
5153.4731 7.2311068 0.78271812
5154.6587 7.6235199 0.80107182
5155.8477 6.0836511 0.78909397
5157.0337 6.5316887 0.76989818
5158.2227 7.539331 0.79400557
5159.4097 5.5934439 0.81342477
5160.5962 7.6660557 0.80762237
5161.7861 5.9128747 0.83746541
5162.9736 7.4387646 0.859905
5164.1646 8.5140371 0.81210607
5165.3525 7.5401664 0.75287354
5166.5435 8.0701771 0.7418592
5167.7319 8.1339636 0.74396771
5168.9209 7.6348782 0.75577319
5170.1128 6.9143157 0.74309391
5171.3022 6.1375999 0.71033382
5172.4946 5.6903577 0.69766647
5173.6846 5.0257688 0.68598878
5174.8779 4.6372762 0.66523015
5176.0684 5.0557351 0.88242888
5177.2588 6.074492 0.88765979
5178.4526 4.2919955 0.66756856
5179.644 5.634665 0.68003029
5180.8384 6.5070877 0.69775873
5182.0303 5.3150415 0.67220002
5183.2251 4.8926826 0.65573514
5184.4175 6.5482988 0.66250527
5185.6104 5.4499164 0.65304762
5186.8062 5.2256498 0.6538716
5187.9995 6.3091884 0.68603736
5189.1958 5.1585064 0.68262798
5190.3896 5.547936 0.69715655
5191.5864 7.66998 0.95153522
5192.7808 6.6271448 0.96033072
5193.978 4.6135864 0.66762048
5195.1729 5.2825007 0.6783514
5196.3682 5.99472 0.68737698
5197.5664 6.9622698 0.74554539
5198.7622 5.4490266 0.78904587
5199.9609 7.178648 0.80409193
5201.1572 6.4163852 0.76078314
5202.3564 6.1007786 0.73096567
5203.5532 7.3245292 0.73811811
5204.7505 5.999579 0.72506005
5205.9507 6.2343297 0.70848173
5207.1484 6.4120913 0.70551586
5208.3491 6.81391 0.71561593
5209.5474 6.6777453 0.72175503
5210.7485 6.7907844 0.70777094
5211.9473 3.819133 0.71003246
5213.146 7.6506705 1.0223421
5214.3481 6.9666228 0.94757068
5215.5479 6.7764454 0.71219754
5216.7505 8.6145935 1.0077034
5217.9507 9.0706625 1.0089712
5219.1538 8.638545 0.78773898
5220.3545 7.5125132 0.80491102
5221.5557 8.1005077 0.8360576
5222.7598 7.9559798 0.81068945
5223.9609 7.2767329 0.74449593
5225.1655 7.9497509 0.73981971
5226.3677 8.9779558 0.74684262
5227.5728 8.2090282 0.78864795
5228.7754 9.3805065 1.1128987
5229.9785 9.72225 1.0781112
5231.1846 6.5882683 0.81375897
5232.3877 8.334981 0.81704831
5233.5942 9.1220579 0.78603816
5234.7983 8.8954964 0.96098697
5236.0054 9.2260494 0.98510993
5237.21 8.5384359 0.72877806
5238.415 7.1248522 0.71914822
5239.623 7.7720222 0.74866503
5240.8281 7.433393 0.75107378
5242.0366 6.7543159 0.72456622
5243.2427 8.3340998 0.95241785
5244.4517 8.1594038 0.94326484
5245.6582 6.6485839 0.75308371
5246.8652 7.9533439 1.0165237
5248.0747 10.740705 1.0582714
5249.2822 9.9010954 1.0567377
5250.4927 4.6290979 0.87032729
5251.7007 7.8937454 1.5973698
5252.9116 11.024453 1.0370224
5254.1201 7.4037256 0.74322641
5255.3286 9.6267281 1.0576087
5256.5405 9.6342764 1.0580715
5257.75 6.8100629 0.74071831
5258.9624 8.1831856 1.0057962
5260.1724 8.7718716 0.99259323
5261.3853 6.7684712 0.73056072
5262.5957 7.9727893 0.73315924
5263.8062 8.1373253 0.72115719
5265.02 8.0136385 0.70773345
5266.231 8.0284252 0.70672429
5267.4458 5.07692 0.69636238
5268.6572 7.8521142 0.72495198
5269.8721 7.8185487 0.73173648
5271.0845 8.9524412 0.93888944
5272.2974 11.07337 0.96635926
5273.5132 8.2125816 0.97818655
5274.7261 7.4480958 0.7170493
5275.9424 6.7676067 0.72199667
5277.1562 6.7437124 0.72769207
5278.373 7.5429893 0.74295199
5279.5874 8.3639727 0.73654962
5280.8047 6.9161582 0.7201103
5282.0195 7.514545 0.70886409
5283.2349 7.215889 0.71835393
5284.4531 7.2511053 0.72964376
5285.6689 7.0598626 0.73895282
5286.8877 9.0364628 0.77727073
5288.104 6.7988949 0.74106699
5289.3232 7.2542982 0.73606807
5290.54 8.4537048 0.73576051
5291.7573 7.9630609 0.73394793
5292.9775 11.454917 1.0000955
5294.1953 8.5206585 0.9790262
5295.416 9.6490183 0.7449612
5296.6343 6.9010172 0.7243951
5297.8555 7.3478155 0.71233875
5299.0742 8.4154577 0.74122709
5300.2935 6.8425069 0.72701544
5301.5156 7.0054979 0.72291219
5302.7354 7.9139996 0.7573247
5303.958 7.574707 0.78182209
5305.1782 8.4818525 0.8192696
5306.4014 8.1038389 0.8347888
5307.6221 8.9839478 0.82618153
5308.8433 6.836637 0.74954361
5310.0674 7.3378301 0.70530349
5311.2891 7.0739565 0.70216334
5312.5137 7.2930269 0.80444193
5313.7358 6.4572668 1.4323559
5314.9614 12.228868 1.4999396
5316.1841 8.6684809 1.1112632
5317.4072 8.1328306 0.74572271
5318.6333 5.7155194 0.70985162
5319.8569 8.4495401 0.78192675
5321.0835 7.8404818 0.78776526
5322.3076 8.5317125 0.79439527
5323.5347 8.6682596 0.72901696
5324.7598 7.9449844 0.73792344
5325.9844 8.1500826 0.76125312
5327.2129 7.8632922 0.73486418
5328.438 9.272893 1.448136
5329.667 6.906857 1.4516547
5330.8931 7.4809785 0.7204541
5332.1221 6.857337 0.73257053
5333.3491 7.2688832 0.71601123
5334.5757 8.2327938 0.71914023
5335.8062 8.5253839 0.74986136
5337.0337 7.3938713 0.73381925
5338.2642 7.6065364 0.75997013
5339.4922 7.764092 0.74280089
5340.7236 9.242362 0.78774655
5341.9521 9.0124969 1.0780318
5343.1812 12.260037 1.0809788
5344.4131 10.546654 1.0271648
5345.6426 7.0091577 0.74527049
5346.8755 9.2366905 1.0170429
5348.1055 9.5860271 1.0010904
5349.3389 7.7662892 0.72737759
5350.5693 8.5269156 0.75398815
5351.8003 7.8882613 0.75403976
5353.0342 7.4697008 0.80830789
5354.2656 9.4079609 1.0538681
5355.5005 12.685794 1.0343677
5356.7324 11.834453 1.04233
5357.9678 10.097069 0.78429663
5359.2002 8.5355873 0.77888334
5360.4331 9.1057158 0.77930427
5361.6694 8.4034729 0.76175684
5362.9028 7.5402927 0.72750765
5364.1392 9.5915136 0.72611994
5365.3735 7.7354913 0.73213899
5366.6108 10.352143 1.0070666
5367.8452 8.5501118 1.0309823
5369.0801 8.0007162 1.0343105
5370.3184 12.319314 1.1416181
5371.5537 8.581933 1.1140692
5372.7925 9.2987347 0.83529145
5374.0283 9.593647 0.80157089
5375.2676 9.2855206 0.78711641
5376.5039 8.9995747 0.79237711
5377.7441 8.1534166 0.76695019
5378.981 8.6633921 0.73619032
5380.2183 8.3206167 0.73845375
5381.459 7.9281812 0.75209862
5382.6973 11.346039 1.0678607
5383.9385 9.1315899 1.0060385
5385.1768 8.9966545 0.71727216
5386.4189 8.9234991 0.72019523
5387.6577 5.2544284 0.86103833
5388.8975 12.602299 1.4987297
5390.1401 10.18252 1.1797884
5391.3799 8.5273724 0.75447577
5392.623 8.0317068 0.76292527
5393.8638 10.488716 1.0893698
5395.1074 7.3436089 1.1077579
5396.3486 7.9669328 0.78840196
5397.5903 8.3235159 0.77598554
5398.835 11.241322 0.97483432
5400.0767 8.90522 0.9649235
5401.3223 9.1811295 0.73515177
5402.5645 9.0725698 0.74657845
5403.8105 11.072818 1.0064175
5405.0537 12.960503 1.0283383
5406.2969 7.3058801 0.82273608
5407.5439 6.266089 0.81094474
5408.7876 8.6870947 0.71820986
5410.0352 8.5515461 0.7195704
5411.2798 9.626462 0.76190585
5412.5273 8.6393919 0.97725827
5413.7725 11.806603 0.97222084
5415.0181 8.699482 1.4271512
5416.2666 7.9220972 0.95500714
5417.5127 7.0476389 1.0224711
5418.7617 7.9957576 0.92541391
5420.0083 9.4246635 0.78002614
5421.2583 11.404073 1.0041693
5422.5054 10.50525 0.97343475
5423.7529 8.2596893 0.71002769
5425.0034 8.0617828 0.71872967
5426.2515 8.0752516 0.73721784
5427.5029 9.6031437 0.75848508
5428.7515 10.096203 1.0123603
5430.0034 12.373171 1.0548223
5431.2524 13.22616 1.089368
5432.502 10.098842 1.0910276
5433.7549 8.839571 0.84617811
5435.0049 10.243797 0.82751065
5436.2578 9.1599798 0.7864964
5437.5088 11.481425 1.0079203
5438.7627 12.283429 1.0172602
5440.0137 9.7764034 1.045419
5441.2651 5.9978004 0.88087004
5442.52 9.7341423 0.77335697
5443.772 10.546306 0.97496563
5445.0273 10.538413 1.4563627
5446.2798 6.7497025 0.86639333
5447.5356 9.8627558 0.75490081
5448.7891 8.9875259 0.75361115
5450.0425 8.1669664 0.75110567
5451.2993 8.3138361 0.77034503
5452.5532 8.5254641 0.76686984
5453.8105 7.3548656 0.75391746
5455.0654 8.6185188 0.92318934
5456.3232 7.9052601 0.70798761
5457.5786 7.1650701 0.70201975
5458.834 7.05791 0.73893023
5460.0928 5.9626327 0.8800109
5461.3486 7.2706618 1.275346
5462.6084 6.6597438 1.3575716
5463.8647 7.8754816 1.1090045
5465.125 7.7929716 1.1599245
5466.3823 9.2131605 1.0481987
5467.6396 8.5144253 1.003619
5468.9004 5.6291561 0.71399629
5470.1587 7.0267758 0.71951556
5471.4199 7.279603 0.72838891
5472.6787 8.4831142 0.74002206
5473.9404 9.7422018 0.76033026
5475.1997 4.697587 0.85230523
5476.4624 6.5097251 0.83174086
5477.7222 7.5767131 0.72897309
5478.9824 6.5453405 0.73425728
5480.2461 8.412055 0.7882024
5481.5068 6.5499706 0.80918682
5482.7705 8.4368906 0.79538691
5484.0322 8.0099287 0.75252515
5485.2964 8.0439558 0.74506319
5486.5586 8.1230822 0.74947894
5487.8208 7.1456051 0.74326736
5489.0859 7.5151668 0.73286664
5490.3491 7.8535314 0.7289238
5491.6147 7.7108607 0.70856392
5492.8784 7.7187638 0.69776046
5494.145 5.345036 0.86782533
5495.4087 4.4899192 1.8506043
5496.6729 9.4228354 0.97697359
5497.9404 7.7868309 0.74032599
5499.2056 6.6340322 0.75110966
5500.4736 7.5655694 0.7883113
5501.7388 8.1810322 0.80255681
5503.0073 6.8328414 0.76357698
5504.2734 6.3509269 0.72423875
5505.5396 7.5365448 0.72268051
5506.8096 7.5778685 0.71453166
5508.0762 6.2784929 0.70107991
5509.3462 6.7147894 0.70140147
5510.6138 5.9972425 0.6965127
5511.8843 6.5698681 0.70635569
5513.1523 6.284636 0.7338832
5514.4209 6.845397 0.77665329
5515.6924 6.6793027 0.74928766
5516.9614 5.5520463 0.70834082
5518.2334 9.356863 0.96412855
5519.5029 6.2908144 0.97658497
5520.7759 7.1581588 0.74128294
5522.0459 5.8132854 0.75546974
5523.3159 9.5985079 1.0200323
5524.5898 6.203907 0.94527453
5525.8608 5.7734919 0.68332487
5527.1348 5.9954562 0.68933654
5528.4062 5.9025784 0.68248379
5529.6812 7.1363544 0.71004057
5530.9536 6.6801329 0.69460481
5532.2256 7.4117599 0.69285256
5533.5015 5.968359 0.68060982
5534.7744 5.1389852 0.67860693
5536.0508 6.878911 0.68218011
5537.3242 6.8061147 0.70552057
5538.6011 6.0650163 0.72008556
5539.8755 6.5619402 0.74414265
5541.1499 4.3216715 0.71191376
5542.4277 6.2640352 0.72632396
5543.7026 5.3047395 0.72579598
5544.981 6.5950556 0.71557909
5546.2568 6.3122458 0.70275569
5547.5356 7.4152379 0.69698918
5548.8115 5.6066923 0.68477124
5550.0884 6.0369053 0.7212491
5551.3682 8.9512348 0.99381578
5552.645 7.2135153 0.93640298
5553.9258 5.2579241 0.67053634
5555.2031 6.663394 0.69918704
5556.4844 6.8127007 0.69807029
5557.7627 6.0204148 0.67180508
5559.041 6.410099 0.68667388
5560.3232 5.4982719 0.68926632
5561.6021 7.7293577 0.99560708
5562.8848 9.8045788 1.0208974
5564.1646 7.753006 0.99684405
5565.4473 8.8926115 1.0341439
5566.728 8.7013025 1.0200169
5568.0083 8.7282429 1.4677799
5569.2925 7.8830872 0.89022309
5570.5737 9.0307589 1.1015308
5571.8579 8.9268417 1.0763525
5573.1401 8.1229925 0.72997338
5574.4253 7.7517462 0.85868597
5575.7075 5.4514828 1.7272054
5576.9932 14.215488 4.2515311
5578.2764 -8.82549 8.5819082
5579.5596 -8.5299139 8.6807299
5580.8462 12.094184 2.916738
5582.1299 7.1088185 1.0771941
5583.417 8.4012623 0.76150125
5584.7017 6.4020576 0.71491891
5585.9893 7.4355717 0.75355929
5587.2744 8.5384331 0.76260704
5588.5601 8.5028343 0.78292292
5589.8486 9.5752974 0.81194127
5591.1348 7.4422817 0.82578409
5592.4238 7.6978283 0.77318972
5593.7104 8.2489061 0.73376566
5595.0005 7.3238273 0.72005111
5596.2876 7.4349704 0.73702103
5597.5747 7.1311178 0.73449582
5598.8657 6.8957548 0.72324204
5600.1538 7.0400653 0.71269816
5601.4448 6.3133039 0.68866515
5602.7334 6.2648888 0.68661088
5604.0254 6.8864145 0.72733015
5605.3149 7.4543309 0.78573328
5606.6045 6.9752893 0.79867005
5607.897 7.3424993 0.75984925
5609.187 6.8109384 0.72567326
5610.4805 7.7096071 0.73702097
5611.7715 7.0026054 0.70249158
5613.0654 5.8925834 0.68466365
5614.3569 7.710032 0.71108115
5615.6484 6.941186 0.69096154
5616.9434 6.8107362 0.7234897
5618.2354 7.2803965 0.72281331
5619.5308 6.6023178 0.70487493
5620.8237 6.93678 0.69834578
5622.1201 5.6820207 0.84385544
5623.4131 6.5233059 0.87677181
5624.707 7.1108799 0.80756509
5626.0039 6.252635 0.78424799
5627.2983 5.8290234 0.72674483
5628.5957 9.6782055 0.96677732
5629.8906 10.988566 0.99317086
5631.189 7.7141862 1.0273647
5632.4844 5.7101851 0.70744973
5633.7803 8.3911552 0.94081336
5635.0791 7.0334759 0.94321519
5636.3755 7.678731 0.97013611
5637.6753 6.2838101 0.97418076
5638.9722 5.865047 0.73602307
5640.2725 5.8614659 0.76632166
5641.5703 6.0795884 0.75714886
5642.8682 8.0621052 1.0452954
5644.1694 7.9123139 0.76118785
5645.4678 8.8901768 0.79333615
5646.7695 6.2821398 0.79744762
5648.0684 7.6062255 0.81360513
5649.3711 8.3773537 0.83192223
5650.6704 6.4884543 0.80112094
5651.9707 10.238925 1.0581261
5653.2739 8.3232002 1.0443338
5654.5742 10.846881 1.0623335
5655.8784 10.094198 1.0334773
5657.1797 7.7684526 0.76879466
5658.4839 10.726539 1.0037043
5659.7856 7.99722 0.99849963
5661.0879 8.5823488 0.76505899
5662.3931 7.096621 0.76880574
5663.6958 7.9374599 0.77192348
5665.002 7.7949448 0.77002233
5666.3052 6.8089004 0.77763587
5667.6118 7.7127604 0.79783076
5668.9155 6.5535288 0.79950994
5670.2197 7.1922107 0.82323593
5671.5273 6.7998586 0.83778626
5672.832 6.7524495 0.82920116
5674.1401 5.1308689 0.79914701
5675.4453 6.9984655 0.80338979
5676.7539 7.4824719 0.83862221
5678.0601 7.8249292 0.80816883
5679.3696 6.2124925 0.78172529
5680.6758 7.1880264 0.82635742
5681.9829 7.4901185 0.87330312
5683.293 7.4698439 0.93181211
5684.6006 6.1611233 1.0063696
5685.9111 7.0538092 1.048036
5687.2192 8.3594284 1.0752958
5688.5308 4.3803415 1.0750787
5689.8394 6.6322589 1.1150041
5691.1484 6.6011686 1.2054136
5692.4609 7.725276 1.1423982
5693.7705 9.6041002 1.082935
5695.0835 6.6001139 1.0419785
5696.3936 6.510673 0.95238662
5697.707 7.1105833 0.86407834
5699.0176 8.040967 0.85397071
5700.3286 9.9260569 1.3280162
5701.6431 9.21278 1.2218736
5702.9551 7.7643108 0.95181519
5704.27 7.9586716 0.89524812
5705.5825 8.7115231 0.85932618
5706.8979 9.4470816 0.84826225
5708.2109 8.4599028 0.80348468
5709.5239 11.223467 1.0744225
5710.8408 11.659559 1.0995256
5712.1543 8.7112455 0.80957079
5713.4717 8.0554323 0.8636353
5714.7861 7.7469859 0.85919619
5716.104 9.7642841 0.85749775
5717.4189 9.1775074 0.8117041
5718.7339 8.9069042 0.81777728
5720.0527 8.7445478 0.845079
5721.3687 9.3933725 0.87275201
5722.688 8.9720955 0.85271722
5724.0044 9.5599451 0.84631985
5725.3242 9.3502092 0.89596522
5726.6416 9.970686 0.92312199
5727.959 9.4997473 0.85409772
5729.2798 9.4340811 0.80756998
5730.5977 10.068119 0.8176139
5731.9194 9.8233862 0.79462552
5733.2378 9.7073412 0.81258833
5734.5601 9.6822939 0.80583441
5735.8794 8.5464039 0.79949069
5737.1987 9.4549208 0.83096975
5738.5215 10.452822 0.86105281
5739.8418 10.54195 0.84541547
5741.1655 10.736247 0.83265346
5742.4863 9.6354408 0.83075011
5743.8105 10.445549 0.86781132
5745.1318 9.8535385 0.85786599
5746.4536 11.643754 0.84329182
5747.7783 9.2084846 0.80894995
5749.1006 10.78394 0.83849955
5750.4268 12.149733 0.88053888
5751.7495 12.14246 0.87474823
5753.0757 12.727428 0.87031782
5754.3994 11.632205 0.85651267
5755.7231 12.874767 0.87343293
5757.0503 10.50014 0.85731
5758.3745 10.991048 0.84461629
5759.7026 11.219101 0.86873943
5761.0273 13.454786 0.91576529
5762.356 10.669798 0.8945052
5763.6816 11.235317 0.8887251
5765.0078 11.875283 0.8937521
5766.3369 9.5678005 0.89801282
5767.6636 12.001931 0.9551183
5768.9937 10.764715 1.065545
5770.3208 9.4292488 1.1501518
5771.6514 11.63741 1.1505103
5772.979 12.671231 1.1005756
5774.3071 13.340178 1.0243971
5775.6387 11.856627 0.92450601
5776.9673 12.257356 0.94140249
5778.2993 12.650702 0.98935169
5779.6289 12.27459 0.96951169
5780.9614 11.50576 0.94039357
5782.2915 13.449386 0.99456596
5783.625 13.993283 1.0106452
5784.9556 14.009405 0.99003613
5786.2861 14.001802 0.9771741
5787.6206 14.879952 1.0242113
5788.9521 14.351227 1.1041639
5790.2871 14.284037 1.1931297
5791.6191 13.651288 1.2934231
5792.9546 14.02578 1.3167273
5794.2871 14.740724 1.2062035
5795.6201 14.115474 1.0945224
5796.9565 14.56399 1.0936579
5798.29 15.436017 1.1051979
5799.6274 16.371878 1.0761451
5800.9614 15.484852 1.0426031
5802.2993 14.539226 1.0150573
5803.6338 13.289519 1.2867173
5804.9692 15.217798 1.3556799
5806.3076 17.973095 1.1424299
5807.6436 16.093073 1.4473271
5808.9824 12.887537 1.4493508
5810.3188 13.433622 1.3854033
5811.6587 15.967815 1.1380141
5812.9956 12.961047 1.39933
5814.333 12.949624 1.3403059
5815.6738 12.722527 1.3468597
5817.0117 15.040074 1.3618995
5818.353 14.286937 1.1627678
5819.6914 14.485648 1.1346147
5821.0337 14.805456 1.1158956
5822.3726 16.611408 1.1561993
5823.7119 12.126412 1.3093894
5825.0552 14.56552 1.3303051
5826.395 14.563498 1.3527257
5827.7388 13.027825 1.3468034
5829.0791 12.598718 1.325339
5830.4233 13.822347 1.3459922
5831.7646 15.720174 1.3792028
5833.1064 19.430731 1.1763088
5834.4517 16.260452 1.4072235
5835.7935 16.183638 1.4052699
5837.1396 18.607126 1.5121839
5838.4824 14.847875 1.4623626
5839.8286 18.383455 1.3945551
5841.1719 17.120083 1.9499872
5842.5156 21.400322 1.9100221
5843.8633 16.837061 1.4089515
5845.2075 21.507042 1.1995319
5846.5552 16.548431 1.3609384
5847.9004 18.104061 1.3866398
5849.249 20.830473 1.2571819
5850.5942 20.548172 1.2537841
5851.9404 20.891771 1.5985223
5853.2896 19.081039 1.8440204
5854.6362 18.034349 1.3902109
5855.9863 14.895514 1.5539465
5857.3335 17.385635 1.5353136
5858.6841 19.369823 1.4339494
5860.0322 20.500883 1.3569509
5861.3799 18.848095 1.3548499
5862.7319 23.533783 1.2026614
5864.0806 21.223297 1.6901308
5865.4326 20.97168 1.7063342
5866.7822 21.98156 1.2658678
5868.1348 23.110977 1.2621385
5869.4849 24.691916 1.4443865
5870.835 21.907463 1.22727
5872.189 22.458443 1.1928911
5873.54 23.421906 1.1810139
5874.894 24.380863 1.3251073
5876.2456 18.506321 1.4008354
5877.6006 20.092203 1.3767412
5878.9531 19.657467 1.3776031
5880.3052 19.990637 1.3671128
5881.6611 25.221714 1.2681464
5883.0146 22.420322 1.2022147
5884.3711 21.059723 1.2514781
5885.7246 23.777246 1.1368783
5887.082 23.462025 1.1685793
5888.4365 23.265038 1.3486986
5889.7939 25.100555 1.903476
5891.1489 21.626785 2.4819851
5892.5044 22.580055 2.2622974
5893.8633 26.257792 1.5995543
5895.2192 25.432644 1.6643801
5896.5786 26.022738 2.3185849
5897.9351 24.678581 2.6715469
5899.2949 24.240681 1.7391834
5900.6523 24.007128 1.3261616
5902.0098 22.375149 1.1698633
5903.3706 23.037075 1.1603249
5904.7285 23.794411 1.1187981
5906.0903 26.642767 1.1405332
5907.4487 24.722164 1.2130078
5908.811 23.937429 1.1802187
5910.1704 24.762381 1.0558385
5911.5303 26.412794 1.0604345
5912.8931 24.761869 1.0568137
5914.2534 26.189625 1.0739876
5915.6172 27.39341 1.1151556
5916.978 27.054783 1.1473821
5918.3428 26.696377 1.1393524
5919.7041 26.776562 1.1136937
5921.0659 25.544771 1.2249082
5922.4312 24.427868 1.1958311
5923.7939 25.244093 1.073788
5925.1597 29.718903 1.174343
5926.5229 25.264013 1.1865909
5927.8896 27.603857 1.1710703
5929.2534 26.12207 1.117874
5930.6172 25.52441 1.0674024
5931.9849 26.978743 1.1258823
5933.3496 27.80953 1.2098153
5934.7178 26.396088 1.1895545
5936.083 25.873596 1.1127646
5937.4517 28.104267 1.0749042
5938.8179 28.886976 1.2117778
5940.1841 27.091339 1.206956
5941.5537 28.937311 1.0927339
5942.9204 27.048447 1.0692232
5944.291 27.122141 1.067443
5945.6587 27.340187 1.071923
5947.0298 28.764803 1.1490338
5948.3975 28.478664 1.1221853
5949.7661 27.288195 1.0541869
5951.1382 27.598646 1.1575501
5952.5073 26.394106 1.1782494
5953.8799 25.913458 1.232263
5955.2495 27.668749 1.2439654
5956.6226 28.894266 1.0859377
5957.9932 27.907822 1.1144522
5959.3638 27.134233 1.2360985
5960.7378 25.629099 1.2279334
5962.1094 28.684971 1.0437644
5963.4839 28.625141 1.0381981
5964.856 27.477728 0.9989453
5966.2314 27.565191 0.99725395
5967.604 29.206823 1.0102217
5968.9766 28.775866 1.0605451
5970.353 28.278557 1.0830073
5971.7266 28.324726 1.082674
5973.1035 26.925335 1.0307329
5974.478 30.17511 1.0882727
5975.8555 29.097198 1.0777478
5977.2305 28.490391 1.0828992
5978.6055 27.605425 1.0772616
5979.9839 26.854818 1.1523873
5981.3599 27.575104 1.1451496
5982.7388 29.357515 1.0058985
5984.1152 29.7586 1.0143466
5985.4951 29.353415 1.04283
5986.8721 29.970573 1.0796632
5988.2495 29.931536 1.0544223
5989.6304 30.114693 1.0703136
5991.0083 31.485291 1.1548984
5992.3896 24.904087 1.2359502
5993.7681 26.91143 1.1440978
5995.1504 28.675362 1.1739322
5996.5298 29.048618 1.0541482
5997.9126 30.584036 1.0617098
5999.292 28.284422 1.2107676
6000.6724 27.794691 1.1628126
6002.0562 28.893402 0.9971329
6003.437 30.15064 1.0107722
6004.8213 29.762493 1.0229362
6006.2026 29.406006 1.0313531
6007.5874 28.475636 1.0156196
6008.9697 27.586479 1.0007956
6010.3521 30.151896 1.0226308
6011.7378 28.908598 1.030277
6013.1211 29.407845 1.0638418
6014.5078 28.320761 1.0602901
6015.8911 29.735071 1.0189928
6017.2783 31.03742 1.0474992
6018.6626 30.048317 1.0288693
6020.0474 30.025969 1.0060148
6021.4355 29.17444 1.0187403
6022.8208 29.092464 1.0036528
6024.2095 29.852133 0.99812621
6025.5957 29.601122 0.97662973
6026.9849 29.101789 1.0467381
6028.3716 29.074028 1.0676064
6029.7583 28.193853 0.99949837
6031.1489 30.318064 1.0136441
6032.5361 30.667049 0.99462551
6033.9272 29.388231 0.97657633
6035.3154 30.034233 0.975196
6036.707 28.94541 0.96376228
6038.0957 28.286283 0.9448387
6039.4849 28.694485 0.96121526
6040.8774 29.526197 0.96051961
6042.2671 30.196903 0.97825605
6043.6606 29.575836 0.97819054
6045.0508 28.578529 0.97209519
6046.4448 28.670238 1.092821
6047.8359 28.327394 1.0868828
6049.2271 27.692835 0.98106819
6050.6221 28.008379 1.1526213
6052.0142 28.652672 1.1560192
6053.4097 30.800077 1.1608452
6054.8022 27.707241 1.1021744
6056.1982 26.14135 1.0921924
6057.5918 27.387867 1.1153016
6058.9854 28.179089 1.1413635
6060.3823 27.89658 0.98832303
6061.7764 27.751854 0.98038447
6063.1743 28.549273 1.1359205
6064.5693 29.591394 1.1178629
6065.9678 27.001741 1.1479055
6067.3633 29.124063 1.3387474
6068.7588 30.548018 1.3078551
6070.1582 28.679794 1.2715247
6071.5547 30.118912 0.99276042
6072.9551 28.567389 0.97933882
6074.3521 28.640009 0.97974592
6075.7529 28.396429 1.1626589
6077.1504 27.272676 1.130073
6078.5483 25.742977 1.1012497
6079.9502 25.582203 1.1164116
6081.3491 26.567661 1.158693
6082.7515 25.596716 1.1450541
6084.1504 25.018988 1.1026578
6085.5537 25.555267 1.1017344
6086.9536 26.923132 1.1261902
6088.354 25.750616 1.1316909
6089.7578 25.894091 1.1275718
6091.1587 28.077221 1.0949477
6092.5635 27.451824 1.0891768
6093.9648 24.56987 1.0502664
6095.3701 25.77816 1.0556614
6096.7725 26.09045 1.0506169
6098.1782 25.842232 1.1821486
6099.5811 25.962412 1.2092843
6100.9844 24.657251 1.058872
6102.3911 24.773624 1.0730541
6103.7949 26.708424 1.0562391
6105.2026 24.083284 1.0221395
6106.6069 24.718391 1.0140476
6108.0151 25.028645 1.159536
6109.4204 26.307468 1.1629518
6110.8257 25.035324 1.1561053
6112.2349 24.884155 1.0535656
6113.6411 25.464848 1.0545876
6115.0508 27.271868 1.1928687
6116.4575 26.997473 1.1764132
6117.8682 24.894356 1.1834164
6119.2754 25.718241 1.2116743
6120.6831 25.283318 1.2317991
6122.0947 24.088791 1.051612
6123.5029 26.959835 1.0666158
6124.915 26.315023 1.0612437
6126.3242 28.885321 1.1145561
6127.7368 26.064281 1.0978568
6129.1465 25.687277 1.1056266
6130.5566 27.401684 1.1072043
6131.9702 26.903973 1.1877203
6133.3809 26.897865 1.1868654
6134.7954 24.50646 1.2052392
6136.2065 25.335617 1.2065742
6137.6216 26.041632 1.1957725
6139.0337 25.319933 1.053154
6140.4458 25.150002 1.0637175
6141.8618 26.409826 1.2428453
6143.2749 26.553576 1.22466
6144.6914 23.207888 1.2423836
6146.105 26.259426 1.2879196
6147.522 24.577759 1.3491838
6148.9365 22.677319 1.340186
6150.3511 25.938467 1.2524623
6151.769 23.971369 1.0403033
6153.1846 21.334253 1.0936017
6154.6035 24.534636 1.2097242
6156.019 24.182974 1.1774513
6157.439 22.303232 1.1127748
6158.8555 21.131428 1.0815505
6160.272 21.637709 1.1114398
6161.6929 22.506828 1.3188444
6163.1104 20.239223 1.5238191
6164.5312 20.095226 1.2791356
6165.9497 19.713945 1.139973
6167.3711 19.219278 1.0563115
6168.79 20.495255 1.0258197
6170.2095 20.241741 1.0268911
6171.6323 19.456202 1.0553782
6173.0518 19.065012 1.0660872
6174.4756 21.026796 1.0963113
6175.896 20.425076 1.1009946
6177.3198 20.107527 1.084024
6178.7412 20.276138 1.0490538
6180.1626 20.15687 1.1429186
6181.5874 22.556177 1.1774979
6183.0098 24.211086 1.4518844
6184.4355 20.748867 1.1914078
6185.8579 19.499397 1.0997679
6187.2847 19.537029 1.096646
6188.708 20.588593 1.0413932
6190.1318 18.958731 0.97979683
6191.5591 19.211943 0.97915775
6192.9834 21.460247 1.0108025
6194.4116 18.882013 0.98990369
6195.8364 17.991463 0.9840942
6197.2651 18.456093 1.0033923
6198.6909 19.257004 0.98876196
6200.1172 17.894581 0.99633908
6201.5469 19.283428 1.0238756
6202.9731 23.374733 1.0569663
6204.4038 22.44878 0.8610642
6205.8311 21.398165 1.0289855
6207.2622 19.979456 0.98598027
6208.6899 19.159182 0.98193502
6210.1216 18.99794 1.0331466
6211.5503 20.109365 1.1734833
6212.9795 21.036549 1.2049223
6214.4121 18.520346 0.97305322
6215.8418 18.679449 0.93442166
6217.2749 18.577641 0.91182959
6218.7056 17.921412 0.92902231
6220.1392 18.710308 1.0759567
6221.5703 18.999018 1.0915276
6223.0015 18.148092 0.97500175
6224.4365 19.154142 0.99390888
6225.8687 20.153366 0.96924442
6227.3042 18.917294 0.92017287
6228.7368 20.392326 1.0611007
6230.1729 22.222961 1.1294807
6231.6064 17.9053 1.0623918
6233.04 19.653952 1.0843729
6234.4771 18.903736 1.2086469
6235.9116 18.068859 1.423246
6237.3496 25.45335 1.0684121
6238.7842 18.585499 1.22717
6240.2231 16.020819 1.1387146
6241.6587 17.65296 0.97433871
6243.0942 18.503197 0.97915041
6244.5342 17.995813 0.94923115
6245.9707 17.155863 0.91541553
6247.4111 18.023285 0.91347063
6248.8481 20.307455 1.0815015
6250.2891 21.808069 0.87683338
6251.7271 18.177 0.88841355
6253.165 19.503572 1.0687776
6254.6069 19.110405 1.1438798
6256.0459 17.310501 1.1480615
6257.4888 21.551113 0.97338593
6258.9282 19.379702 1.2756044
6260.3716 17.760637 1.2449932
6261.8115 19.952003 0.8146534
6263.252 20.070999 0.76632297
6264.6963 19.869795 0.76256806
6266.1377 20.4881 0.78999877
6267.5825 20.512402 0.8373391
6269.0244 20.946749 0.802908
6270.4702 20.971436 0.79812068
6271.9126 19.17787 0.95101625
6273.3555 19.237242 0.82039309
6274.8022 18.363134 0.84325111
6276.2456 16.617186 0.8554551
6277.6929 17.9165 1.0406604
6279.1372 20.670511 0.81803995
6280.585 20.017025 0.71723366
6282.0298 20.772631 0.79138947
6283.4751 20.202551 0.77729255
6284.9238 19.240326 0.77952278
6286.3696 19.348961 0.71513742
6287.8193 20.75289 0.85546327
6289.2661 18.193008 1.2071517
6290.7163 16.622019 0.97489172
6292.1636 20.041985 1.1450243
6293.6108 20.19282 0.79595041
6295.062 18.629101 0.67701936
6296.5103 19.868584 0.69530439
6297.9624 19.232111 0.76049411
6299.4111 22.042713 0.95831925
6300.8638 22.248734 1.2273628
6302.3135 14.378551 1.4850229
6303.7632 19.780813 1.2943767
6305.2168 21.112617 0.87978286
6306.6675 19.856394 0.95651448
6308.1216 17.632084 0.96153045
6309.5728 19.435322 0.77952451
6311.0278 20.101522 0.72496074
6312.4795 21.036556 0.77144158
6313.9316 20.267336 0.7399739
6315.3877 18.50639 0.65690893
6316.8403 20.055805 0.66994095
6318.2974 19.585461 0.67193794
6319.751 19.440327 0.67522895
6321.208 19.363903 0.68323243
6322.6621 19.048372 0.70842111
6324.1201 20.080507 0.70538163
6325.5752 19.538347 0.6803453
6327.0303 18.52137 0.66638499
6328.4893 19.581591 0.71405315
6329.9453 20.024769 0.8121894
6331.4048 18.746365 0.82161373
6332.8613 18.678589 0.80860412
6334.3218 18.629688 0.74137658
6335.7788 18.86664 0.69651127
6337.2363 20.013376 0.68035144
6338.6978 21.075184 0.68843496
6340.1558 20.593248 0.68022084
6341.6182 20.011593 0.68266726
6343.0767 20.407398 0.7071144
6344.5396 19.699093 0.7154699
6345.999 21.055582 0.72917706
6347.459 19.161139 0.70881677
6348.9229 20.27165 0.72535747
6350.3833 19.644966 0.7248587
6351.8477 19.640263 0.71468467
6353.3091 18.663774 0.68480444
6354.7739 17.644108 0.67949539
6356.2358 19.226015 0.738635
6357.6982 19.644897 0.78495216
6359.1641 18.645094 0.76290584
6360.627 18.741709 0.73184383
6362.0938 18.645885 0.75434172
6363.5576 18.600029 0.86312276
6365.0249 18.469011 0.96401113
6366.4893 17.473341 0.93528032
6367.9536 18.208462 0.78847808
6369.4224 18.71242 0.70352852
6370.8877 17.08136 0.6680817
6372.3564 18.888468 0.66859019
6373.8228 17.787205 0.65557611
6375.2925 17.751438 0.65045983
6376.7588 18.212988 0.66370928
6378.2261 17.647955 0.6733585
6379.6968 17.825438 0.68685895
6381.1646 18.100574 0.69627815
6382.6357 17.578108 0.6727764
6384.104 16.959612 0.6452924
6385.5762 16.884443 0.64864445
6387.0454 16.376926 0.68373615
6388.5146 17.643614 0.69339192
6389.9878 18.496719 0.68546122
6391.458 17.024317 0.64678288
6392.9316 17.423666 0.64712286
6394.4023 16.80138 0.6427505
6395.877 17.10062 0.63197118
6397.3481 17.871363 0.64210802
6398.8198 17.442522 0.63186812
6400.2954 17.476906 0.63574439
6401.7681 16.1513 0.63696963
6403.2441 18.125883 0.65487337
6404.7173 16.99617 0.64787251
6406.1943 18.296089 0.64445001
6407.668 18.019405 0.64092761
6409.1421 18.176815 0.6522252
6410.6196 18.122955 0.67198384
6412.0947 19.038788 0.75218594
6413.5732 17.793449 0.7432099
6415.0488 16.710884 0.64237356
6416.5278 17.713194 0.64982343
6418.0039 17.026453 0.66038233
6419.4805 16.481958 0.65098643
6420.9609 16.298367 0.62778389
6422.438 16.204384 0.63376439
6423.9189 16.684177 0.64468366
6425.397 16.2728 0.6486817
6426.8784 16.752352 0.65649289
6428.3569 16.863255 0.64853477
6429.8359 17.792141 0.63580227
6431.3184 16.286419 0.61054862
6432.7979 16.78474 0.61151934
6434.2812 17.108126 0.62483376
6435.7617 17.464811 0.63191086
6437.2456 17.987516 0.62675548
6438.7266 16.140554 0.60144752
6440.2114 15.750143 0.59451056
6441.6929 16.851755 0.61787695
6443.1748 16.92683 0.64529634
6444.6606 17.057339 0.65074891
6446.1431 16.820709 0.64408547
6447.6294 16.843092 0.62093353
6449.1128 16.370527 0.61044908
6450.6001 16.484735 0.60998464
6452.084 17.018602 0.62493241
6453.5684 16.775566 0.64497834
6455.0566 15.758076 0.67199069
6456.5415 16.68639 0.66282362
6458.0303 16.631838 0.63593245
6459.5161 16.399704 0.62884903
6461.0054 16.561083 0.63283759
6462.4917 16.308821 0.63328594
6463.9785 16.853165 0.64326233
6465.4692 16.746149 0.68050736
6466.9565 16.223978 0.70845735
6468.4478 15.924012 0.67683136
6469.936 17.099064 0.66872919
6471.4277 17.878279 0.68837082
6472.9165 16.56732 0.71283585
6474.4058 16.507669 0.7002244
6475.8984 16.806772 0.6713528
6477.3882 16.185596 0.66308367
6478.8818 16.901028 0.67355317
6480.3726 16.929646 0.66559297
6481.8667 15.925553 0.63237631
6483.3579 15.795768 0.60907614
6484.8496 16.106405 0.60453486
6486.3447 15.051385 0.59236163
6487.8369 15.659542 0.59571034
6489.333 14.659237 0.58183581
6490.8262 14.870508 0.59041512
6492.3228 15.529641 0.60504919
6493.8164 15.251259 0.6060102
6495.3101 15.633607 0.61690539
6496.8081 15.773746 0.61815417
6498.3027 15.968358 0.66059333
6499.8013 15.688403 0.74107313
6501.2964 15.506949 0.7414692
6502.7954 16.653271 0.70261782
6504.2915 16.414509 0.63998604
6505.7876 16.503799 0.64887583
6507.2881 15.813794 0.65733171
6508.7852 17.439421 0.67494726
6510.2861 16.468044 0.66725963
6511.7837 16.95047 0.64509505
6513.2852 15.345298 0.62193376
6514.7837 16.273718 0.62246668
6516.2822 15.789358 0.61386371
6517.7852 15.563235 0.5987584
6519.2842 16.6075 0.7463311
6520.7876 16.697153 0.76190847
6522.2876 16.415522 0.63131249
6523.792 16.64402 0.65189594
6525.2925 16.614058 0.67108303
6526.7939 16.833908 0.66022348
6528.2988 17.351667 0.6532945
6529.8008 17.66297 0.63972843
6531.3062 17.081371 0.6520921
6532.8091 17.23185 0.7120415
6534.3154 17.663212 0.77256024
6535.8184 15.846817 0.72702444
6537.3223 19.552773 0.87485403
6538.8296 17.851786 0.84539586
6540.334 17.443153 0.65587991
6541.8423 16.669302 0.7937035
6543.3472 16.3438 0.80240864
6544.856 17.703154 0.69751847
6546.3613 17.565361 0.68689477
6547.8677 16.188177 0.64186949
6549.3774 15.513987 0.60975105
6550.8843 16.6171 0.61442024
6552.3945 16.22398 0.65184343
6553.9019 15.923079 0.72477788
6555.4136 15.727317 0.77173066
6556.9214 15.774861 0.78196669
6558.4336 15.467164 1.1311646
6559.9424 17.859243 1.117942
6561.4512 29.666378 1.3723511
6562.9644 22.297571 0
6564.4741 14.928479 2.0415208
6565.9878 18.735106 1.2787936
6567.4985 19.397261 1.7960504
6569.0127 16.34923 1.8725324
6570.5239 15.491257 0.83709419
6572.0356 15.054653 0.77911001
6573.5513 15.311086 0.73179793
6575.0635 14.963231 0.59090555
6576.5796 14.943727 0.62074256
6578.0923 13.997081 0.65867335
6579.6094 12.102559 0.66768813
6581.123 15.30738 0.66078788
6582.6372 14.354554 0.61583281
6584.1548 14.625047 0.59753025
6585.6694 13.769123 0.58238387
6587.1885 14.306669 0.57474202
6588.7036 14.148827 0.5718683
6590.2231 14.621079 0.5798173
6591.7393 15.120455 0.59255677
6593.2554 14.253699 0.59051859
6594.7759 13.020055 0.56968284
6596.293 12.817031 0.56504446
6597.814 13.63164 0.59315574
6599.332 13.338186 0.58830118
6600.8535 14.365329 0.58765644
6602.3721 12.94609 0.56026316
6603.8911 13.023501 0.61017251
6605.4141 13.465006 0.65560508
6606.9336 11.838671 0.60415298
6608.457 12.602553 0.55018508
6609.9771 13.521357 0.54538006
6611.5015 14.484735 0.68402922
6613.0225 13.07273 0.68538177
6614.5439 12.726151 0.54637313
6616.0693 13.70539 0.55750686
6617.5913 12.122181 0.52725667
6619.1172 12.452928 0.53817499
6620.6396 12.161191 0.54922825
6622.1665 11.900793 0.56452554
6623.6899 11.675731 0.56469786
6625.2139 12.198238 0.72893733
6626.7417 13.515483 0.71508902
6628.2661 12.836552 0.54733294
6629.7944 11.220533 0.52643692
6631.3198 10.793102 0.5130679
6632.8486 11.304916 0.52632236
6634.3745 13.639182 0.68561137
6635.9009 12.844002 0.70805556
6637.4312 11.965924 0.58247918
6638.958 11.466723 0.5476231
6640.4888 11.503107 0.52467877
6642.0166 11.959158 0.51222456
6643.5483 11.155934 0.50791931
6645.0767 11.315886 0.51374972
6646.6055 11.737171 0.51386917
6648.1382 11.576411 0.5096159
6649.6675 11.214385 0.50251633
6651.2007 10.5196 0.5009411
6652.731 10.158525 0.49371502
6654.2651 10.558072 0.48697573
6655.7959 9.9095821 0.48536724
6657.3271 10.419519 0.48745102
6658.8623 10.183273 0.47758457
6660.394 10.251051 0.47231388
6661.9297 9.9700689 0.4785156
6663.4624 10.740684 0.48493117
6664.999 10.570127 0.50130254
6666.5322 10.06204 0.64692158
6668.0659 11.475215 0.66879803
6669.6035 10.349448 0.66669917
6671.1377 11.576753 0.65600169
6672.6763 12.745823 0.67622137
6674.2114 12.195103 0.66717857
6675.7505 12.300552 0.6278404
6677.2861 10.638172 0.61176908
6678.8257 11.286423 0.51548207
6680.3623 11.0709 0.50674117
6681.8989 8.9065628 0.47186795
6683.4399 9.3636341 0.46795255
6684.9775 9.7868071 0.46912137
6686.519 9.2019701 0.46587652
6688.0571 9.43433 0.46230993
6689.5996 9.8547153 0.57750762
6691.1382 10.526166 0.59989208
6692.6777 8.9345284 0.50038302
6694.2212 10.010433 0.63698488
6695.7607 11.071344 0.58443969
6697.3052 10.10807 0.59385574
6698.8457 11.280145 0.61811632
6700.3906 11.254054 0.63471127
6701.9316 9.4506931 0.47856605
6703.4736 8.9885235 0.47654867
6705.0195 9.1677856 0.47375396
6706.562 10.025191 0.50353909
6708.1084 10.575986 0.52403772
6709.6519 9.5402384 0.50915766
6711.1987 10.243824 0.51158673
6712.7427 10.161069 0.61538082
6714.2871 7.5364513 0.58414531
6715.8354 9.9324903 0.59705269
6717.3804 11.498942 0.61641598
6718.9292 9.4355564 0.57735091
6720.4751 8.3506308 0.44709304
6722.0249 9.3201952 0.55701131
6723.5713 9.4265347 0.56030828
6725.1177 10.390519 0.57955164
6726.6685 9.6699324 0.57160914
6728.2163 8.2211819 0.85305047
6729.7676 7.8891158 0.54007876
6731.3159 9.0155888 0.56402719
6732.8682 11.239793 0.5858897
6734.417 9.8711672 0.5913825
6735.9663 10.760292 0.62635618
6737.5195 11.116832 0.64155239
6739.0693 11.628489 0.63851488
6740.6235 11.18109 0.63307083
6742.1743 10.900436 0.64664459
6743.729 10.129434 0.49527666
6745.2803 9.3996191 0.47223282
6746.832 9.3474951 0.47128612
6748.3877 8.68643 0.46069813
6749.9404 9.091403 0.47764561
6751.4966 9.2451305 0.49793202
6753.0498 9.4425726 0.47963709
6754.6069 10.723653 0.60107911
6756.1611 10.686838 0.61102951
6757.7153 10.904781 0.64831471
6759.2734 10.044518 0.63334167
6760.8286 9.9921083 0.60603118
6762.3877 11.433873 0.60062993
6763.9434 9.8430862 0.57947493
6765.5029 10.42034 0.59067905
6767.0596 10.523958 0.60597104
6768.6162 9.1022797 0.47303188
6770.1772 10.76863 0.61761528
6771.7344 10.938243 0.61920571
6773.2959 10.156596 0.53926325
6774.854 9.8630772 0.53512555
6776.4165 10.339881 0.52792513
6777.9756 10.10461 0.49392205
6779.5347 10.568859 0.62090504
6781.0981 10.694392 0.60397553
6782.6582 9.6840763 0.47788262
6784.2222 9.9005775 0.50330418
6785.7827 9.1979084 0.48446772
6787.3477 8.6936388 0.58353484
6788.9092 10.657984 0.58183104
6790.4707 10.774524 0.59308118
6792.0366 9.0452805 0.58808881
6793.5991 10.08453 0.58132893
6795.1655 10.162883 0.57070011
6796.729 8.8145885 0.63842463
6798.2964 10.263562 0.65920717
6799.8604 11.335289 0.61862236
6801.4282 9.8898993 0.62058961
6802.9927 10.383244 0.61541271
6804.5581 10.494637 0.61401242
6806.127 10.236492 0.60584468
6807.6929 11.055852 0.60891038
6809.2627 11.312645 0.61525339
6810.8291 11.396559 0.61154187
6812.3994 11.674228 0.59686846
6813.9668 10.976855 0.59809601
6815.5342 11.444678 0.62556398
6817.106 11.175505 0.63096917
6818.6743 10.448436 0.62042707
6820.2466 9.8525362 0.60583961
6821.8154 12.209597 0.63683116
6823.3887 12.139567 0.6525616
6824.9585 10.198466 0.6281442
6826.5283 9.4148111 0.64478856
6828.1025 12.267098 0.76525444
6829.6733 12.048508 0.91358942
6831.2485 8.7403584 0.7063309
6832.8198 10.342667 0.85166067
6834.3955 13.622559 0.87180525
6835.9678 9.9967642 1.3608247
6837.5405 9.6656857 1.2674825
6839.1172 12.325353 0.71750712
6840.6904 11.554995 0.67205888
6842.2681 10.416818 0.65696704
6843.8418 10.210827 0.6555267
6845.4199 10.48392 0.64485759
6846.9946 10.943273 0.60091496
6848.5698 10.900496 0.5848313
6850.1494 10.887058 0.59557939
6851.7251 10.720371 0.60689229
6853.3052 11.26839 0.62894607
6854.8818 9.1356783 0.60830957
6856.4624 10.529161 0.62661749
6858.0396 12.005544 0.86386704
6859.6177 9.0199108 0.86576873
6861.1992 10.08187 0.61037743
6862.7778 10.204326 0.6145103
6864.3604 10.954453 0.83567959
6865.9395 6.8154302 0.83802319
6867.5225 9.8079786 0.75179887
6869.1025 10.987888 0.63987911
6870.6826 10.418797 0.65994525
6872.2671 10.769489 0.69908148
6873.8481 9.5236883 0.6473403
6875.4331 12.530039 0.74309331
6877.0146 12.45976 0.71749359
6878.6006 13.776865 0.76456302
6880.1831 12.605595 0.77002901
6881.7656 10.854877 0.56878674
6883.3525 10.845899 0.54338646
6884.936 10.490955 0.53848124
6886.5239 11.738106 0.67906398
6888.1079 12.250658 0.69279563
6889.6963 11.14521 0.73353893
6891.2812 12.142681 0.86733228
6892.8667 12.701511 0.86314636
6894.4561 14.745557 0.76156217
6896.0425 14.486281 0.72824359
6897.6323 12.748839 0.67200857
6899.2192 12.202513 0.68105346
6900.8105 11.163238 0.57660019
6902.3979 10.184048 0.6368494
6903.9858 10.601904 0.62113881
6905.5776 13.477277 0.71636778
6907.1665 14.367669 0.68443322
6908.7593 14.151294 0.67316222
6910.3486 13.986629 0.69410044
6911.9419 13.938627 0.75054944
6913.5322 12.146385 0.78954548
6915.1226 11.399456 0.62731725
6916.7173 11.632749 0.5809586
6918.3081 12.474721 0.66487592
6919.9038 11.634585 0.88306779
6921.4956 9.3355255 0.6365
6923.0918 11.938487 0.6409232
6924.6846 10.378905 0.72989529
6926.2812 13.32115 0.97122371
6927.8745 15.785003 0.81835073
6929.4683 13.937087 0.70769405
6931.0664 15.109736 0.68824822
6932.6606 12.94241 0.66218519
6934.2593 14.025117 0.67718881
6935.8545 15.764649 0.71105367
6937.4541 15.696665 0.71386921
6939.0498 13.809829 0.77638453
6940.646 12.18045 0.87717849
6942.2466 15.521322 0.91794479
6943.8438 17.145405 0.79727387
6945.4448 15.82036 0.80127507
6947.043 17.552811 0.8284319
6948.6445 18.293087 0.87103027
6950.2432 12.35162 0.79558426
6951.8423 16.0753 1.0623915
6953.4453 16.66584 0.85993177
6955.0449 15.324977 0.74773145
6956.6489 16.098207 0.83014697
6958.249 15.072411 0.82502615
6959.8535 15.733134 0.83625931
6961.4546 17.098116 0.74760151
6963.0562 16.371098 0.73075467
6964.6621 16.269751 0.79796666
6966.2642 16.896257 0.80422044
6967.8706 16.939465 0.83617944
6969.4736 18.377928 0.8377229
6971.0806 17.571836 0.94429958
6972.6841 14.773924 0.91788864
6974.2886 17.152393 0.81971377
6975.8965 19.174482 0.77039325
6977.5015 18.581215 0.78930283
6979.1104 19.520374 0.92079127
6980.7158 18.941502 0.98199183
6982.3257 19.246181 0.87866217
6983.9321 19.27828 0.76244885
6985.5386 18.520128 0.75642782
6987.1494 18.264107 0.7470926
6988.7568 20.151829 0.79861736
6990.3687 18.709146 0.75791806
6991.9766 17.6576 0.73614788
6993.5889 18.128208 0.73711634
6995.1978 18.027184 0.73015213
6996.8071 18.814945 0.75134331
6998.4204 18.81358 0.84438819
7000.0303 17.289516 0.83683902
7001.6445 17.77891 0.91875046
7003.2554 20.106253 0.87566721
7004.8701 19.589962 0.84419793
7006.4819 19.181522 0.81594414
7008.0938 18.016689 0.80759311
7009.7095 19.648354 0.8488887
7011.3223 18.202471 0.82225984
7012.939 19.497036 0.83382559
7014.5522 20.474648 0.91599798
7016.1699 20.517094 0.88302678
7017.7837 18.465624 0.82356006
7019.3984 19.600201 0.84336931
7021.0171 20.906713 0.87592852
7022.6323 20.599066 0.77167624
7024.2515 20.748165 0.77324337
7025.8677 20.671549 0.76275772
7027.4878 20.549469 0.76876104
7029.1045 21.735214 0.7895205
7030.7212 21.751606 0.79497653
7032.3428 22.067726 0.80052251
7033.9604 23.286644 0.81233656
7035.5825 23.656769 0.9375664
7037.2007 24.910559 0.93693846
7038.8237 23.50112 0.80930489
7040.4429 24.523335 0.84011197
7042.0664 25.645676 1.0134361
7043.6865 25.286888 0.98992443
7045.3066 24.888943 0.85891861
7046.9316 25.900522 0.88321292
7048.5527 24.565922 0.9130851
7050.1782 21.141485 1.0735427
7051.7998 19.980995 1.0320477
7053.4263 18.157618 0.92183304
7055.0488 16.414457 0.89075994
7056.6719 16.082232 0.86643332
7058.2988 15.056997 0.61859024
7059.9229 13.958898 0.54267949
7061.5508 12.365632 0.51215363
7063.1753 12.597209 0.64193296
7064.8037 14.575949 0.68010956
7066.4292 13.987137 0.68368512
7068.0547 12.269614 0.67877132
7069.6846 12.809032 0.54538107
7071.311 14.86831 0.71301013
7072.9419 14.477431 0.69409645
7074.5688 14.652496 0.79384756
7076.2002 15.757865 0.80813658
7077.8281 14.539899 0.80013943
7079.4561 14.335499 0.7994107
7081.0889 14.919806 0.70126086
7082.7178 14.903435 1.0115231
7084.3511 11.992829 0.99339443
7085.981 11.331726 0.66210037
7087.6147 14.042155 0.65906125
7089.2451 13.46066 0.65253812
7090.876 11.089792 0.65678352
7092.5112 10.617935 0.53602469
7094.1431 11.041975 0.51566017
7095.7788 10.84176 0.49846134
7097.4111 11.241404 0.59489322
7099.0479 11.655348 0.59822696
7100.6812 13.31837 0.62279898
7102.3145 10.899118 0.62033665
7103.9521 11.166869 0.50840217
7105.5864 10.590367 0.51457524
7107.2251 13.052849 0.6449163
7108.8599 13.773121 0.62322783
7110.4995 13.808037 0.62678111
7112.1353 14.008465 0.62884802
7113.7715 13.203876 0.62557018
7115.4116 13.946595 0.63253391
7117.0483 14.294962 0.64423889
7118.6899 15.244706 0.78313929
7120.3271 14.335691 0.82045245
7121.9692 14.792791 0.77664566
7123.6079 10.068274 1.2620264
7125.2466 12.529992 0.73543656
7126.8896 11.147547 0.50513327
7128.5293 10.601342 0.51054221
7130.1729 10.545966 0.50422621
7131.813 9.8461246 0.48617944
7133.458 9.9680052 0.48629478
7135.0986 9.2346468 0.4711982
7136.7402 9.1388292 0.46073487
7138.3857 8.8985872 0.46041456
7140.0283 9.7973452 0.58158004
7141.6748 9.7206831 0.57425058
7143.3174 9.3920088 0.48466685
7144.9648 9.4537134 0.76018
7146.6084 11.262741 0.83283216
7148.2524 9.4244337 0.5297485
7149.9009 9.9963846 0.50016016
7151.5459 11.248979 0.63464516
7153.1948 11.591827 0.61855936
7154.8403 11.283492 0.60904866
7156.4902 12.743526 0.61607748
7158.1367 11.225777 0.63037688
7159.7832 10.466093 0.64231956
7161.4346 12.212164 0.65320474
7163.082 11.187901 0.63076901
7164.7339 10.200416 0.4910343
7166.3818 11.107563 0.5003987
7168.0347 11.178264 0.50403833
7169.6836 10.670389 0.61253363
7171.3369 11.882662 0.63636619
7172.9863 11.863075 0.63470411
7174.6367 12.961172 0.62816393
7176.291 11.613932 0.63719165
7177.9419 11.819313 0.65865988
7179.5972 11.333302 0.65341383
7181.249 12.051598 0.63945299
7182.9048 13.130908 0.65927529
7184.5571 11.878514 0.56036633
7186.21 13.525816 0.71505362
7187.8672 14.888931 0.72658175
7189.521 13.838923 0.72466975
7191.1787 14.096231 0.70416749
7192.833 14.178407 0.70634478
7194.4917 12.992675 0.67911983
7196.1465 12.342828 0.65018153
7197.8022 12.236581 0.53352487
7199.4619 12.59805 0.66299468
7201.1182 12.360903 0.68206263
7202.7788 12.35266 0.58312398
7204.4355 12.610065 0.57233649
7206.0972 12.373119 0.65203869
7207.7549 12.39015 0.64661163
7209.4131 12.476893 0.64499038
7211.0757 14.312068 0.66494524
7212.7344 13.042937 0.65213013
7214.3975 12.299754 0.65173948
7216.0571 14.594654 0.65723741
7217.7212 13.427787 0.6488595
7219.3818 13.935005 0.65900022
7221.0425 15.568464 0.6805287
7222.7075 15.37626 0.70826495
7224.3691 14.392817 0.74315375
7226.0352 15.420082 0.75895149
7227.6973 15.895242 0.76523554
7229.3643 15.462727 0.7454589
7231.0273 14.210054 0.58912528
7232.6909 14.894169 0.7432884
7234.3584 17.381628 0.80689818
7236.0229 16.049471 0.82482767
7237.6914 14.617024 0.66969299
7239.3564 15.793749 0.85525805
7241.0259 15.687903 1.0919667
7242.6919 13.768818 1.174117
7244.3579 14.748398 1.1250155
7246.0283 14.813623 1.1685923
7247.6953 14.6876 1.1809732
7249.3667 16.679478 1.0902247
7251.0342 17.273483 0.85158426
7252.7065 19.847067 0.89878553
7254.375 18.242384 0.96800029
7256.0439 15.321605 0.72365236
7257.7168 16.143496 1.0201979
7259.3867 19.292091 1.0355637
7261.0605 19.17321 0.84448677
7262.731 18.713444 0.816661
7264.4058 20.289577 0.84499818
7266.0771 20.875116 0.85083747
7267.7485 19.967203 0.85362995
7269.4243 20.407513 0.85561317
7271.0967 22.057262 0.8828758
7272.7734 20.756247 0.92859906
7274.4463 17.503174 0.92769462
7276.124 19.895468 1.4631907
7277.7979 19.331532 1.6796949
7279.4722 17.355101 1.3176634
7281.1509 19.07111 0.91403109
7282.8257 17.969177 0.74465173
7284.5054 17.196465 0.85080588
7286.1812 18.029181 0.99655616
7287.8613 19.430321 0.95637828
7289.5376 20.550758 0.9515323
7291.2148 21.870377 0.90444022
7292.896 21.936682 0.94374335
7294.5737 21.070446 0.76073194
7296.2559 19.22513 0.75520658
7297.9341 20.640713 0.97139579
7299.6172 23.554836 0.96288544
7301.2964 22.583643 0.90465111
7302.98 23.715403 1.1179396
7304.6602 22.646423 1.3239689
7306.3408 20.642185 1.1979799
7308.0254 25.096512 1.0611384
7309.7065 24.59638 0.9184441
7311.3921 24.929955 0.94911397
7313.0742 24.766417 1.016041
7314.7607 22.252361 0.88678306
7316.4434 24.901796 1.1996382
7318.1265 17.051073 1.4772075
7319.814 23.768932 1.7638618
7321.498 24.460455 1.5366659
7323.186 21.548208 1.2948924
7324.8711 27.456068 0.94379646
7326.5601 25.992109 0.98915839
7328.2456 23.897438 0.87560815
7329.9312 21.919361 1.0523709
7331.6216 24.620571 1.4927235
7333.3081 28.706326 1.2335162
7334.9995 28.592022 1.0813838
7336.6865 28.396311 1.1201181
7338.3784 27.759501 1.1814666
7340.0669 26.790432 1.3759869
7341.7554 24.906124 1.5014101
7343.4482 25.743193 1.3967764
7345.1377 28.558287 1.5242988
7346.8315 31.008867 1.1262956
7348.5215 27.648268 0.98177135
7350.2163 27.496519 0.98426592
7351.9067 28.875067 1.0068908
7353.5981 29.235224 1.0504556
7355.2939 30.457811 1.0947647
7356.9858 30.433674 1.1390502
7358.6826 26.946051 1.2392762
7360.3755 25.469202 1.2878953
7362.0728 31.442963 1.2307247
7363.7661 32.064175 1.0685579
7365.4604 30.695889 1.0348151
7367.1587 32.550713 1.1354871
7368.8535 31.836586 1.4265875
7370.5527 29.49218 1.380322
7372.2485 25.243637 1.2928034
7373.9487 32.227772 1.3475981
7375.645 32.34005 1.0723715
7377.3418 32.446552 1.0331448
7379.043 32.481171 1.0297368
7380.7402 32.159447 1.0313675
7382.4424 32.111557 1.0295742
7384.1406 32.358952 1.0159371
7385.8433 30.9044 1.141323
7387.5425 31.543715 1.1572871
7389.2422 31.754288 1.1818341
7390.9458 31.084301 1.096714
7392.6465 33.369953 1.2275405
7394.3511 31.993177 1.2657864
7396.0522 32.812313 1.1408714
7397.7573 31.638517 1.0112903
7399.4595 31.601337 1.0301683
7401.1616 31.791679 1.2064443
7402.8682 32.185806 1.480386
7404.5713 27.64171 1.4290417
7406.2788 34.064369 1.205126
7407.9824 30.883554 1.0356337
7409.6909 30.807032 1.0103793
7411.3955 33.25267 1.0357834
7413.1006 31.754145 1.0364776
7414.8101 32.417263 1.0289259
7416.5156 32.129635 1.020111
7418.2261 32.084267 1.0351174
7419.9326 32.846252 1.0450486
7421.6436 31.375116 1.0011011
7423.3506 34.007572 1.0330821
7425.0586 33.072056 1.0213492
7426.7705 32.401588 1.0263774
7428.4795 32.791782 1.0440207
7430.1924 35.33334 1.1394122
7431.9014 34.632324 1.4049044
7433.6152 33.207802 1.2961693
7435.3257 34.069191 1.0948499
7437.04 32.618526 1.0882322
7438.751 31.500303 1.2007333
7440.4624 29.195612 1.089223
7442.1777 32.628666 1.3039143
7443.8901 34.071419 1.0475177
7445.6064 33.615345 1.0085478
7447.3193 33.334049 1.0060629
7449.0366 33.93082 1.1628675
7450.7505 28.991457 1.1052924
7452.4644 33.692734 1.0136094
7454.1831 33.600483 1.0140952
7455.8979 34.246265 1.0265431
7457.6172 34.185711 1.0244558
7459.3325 33.917316 1.2120719
7461.0527 33.783829 1.2430613
7462.769 33.742622 1.0795734
7464.4858 31.351465 1.3151342
7466.207 33.968929 1.3124373
7467.9248 35.525944 1.0919085
7469.647 32.365845 1.2458354
7471.3652 33.070961 1.2299587
7473.0884 34.420616 1.1257033
7474.8076 33.97113 1.1739868
7476.5269 33.66206 1.1530533
7478.251 34.204739 1.1346432
7479.9712 37.239281 1.2068197
7481.6963 35.144428 1.1909895
7483.4175 32.726341 0.98139292
7485.1431 33.964756 1.233471
7486.8652 36.055099 1.200616
7488.5874 34.562607 1.0860066
7490.3145 34.872803 1.0413246
7492.0371 33.414726 1.0411818
7493.7651 33.014896 1.0770354
7495.4888 35.233498 1.1094073
7497.2173 36.271595 1.108595
7498.9419 34.826111 1.0648162
7500.667 35.460217 1.0491858
7502.397 35.993542 1.0500345
7504.1226 37.220402 1.0607635
7505.853 35.759914 1.038112
7507.5801 35.390118 1.0335271
7509.311 35.285801 1.0292611
7511.0386 35.950699 1.0490001
7512.7666 37.511967 1.0805246
7514.499 36.129852 1.2297709
7516.2275 36.04546 1.2551057
7517.9609 36.390713 1.102005
7519.6904 37.100784 1.1320053
7521.4243 37.311325 1.1381084
7523.1548 36.876518 1.2432051
7524.8853 34.738979 1.5678761
7526.6206 36.366207 1.6450865
7528.3521 34.825939 1.3096786
7530.0884 34.324413 1.1065451
7531.8203 37.320663 1.166573
7533.5571 36.230736 1.2061709
7535.2905 38.189449 1.1415322
7537.0239 36.823833 1.0722648
7538.7617 37.605907 1.10654
7540.4961 38.493069 1.1619248
7542.2349 39.079735 1.1731945
7543.9702 38.409161 1.1247441
7545.7095 38.571709 1.0988733
7547.4453 39.787067 1.1324207
7549.1816 38.789814 1.1291183
7550.9229 39.007183 1.1250852
7552.6597 37.862225 1.0995414
7554.4014 36.754745 1.0950185
7556.1392 34.92329 1.1181413
7557.8818 36.086227 1.1946905
7559.6201 38.705719 1.2310226
7561.3594 36.893707 1.1668092
7563.103 38.295311 1.1360762
7564.8428 38.803406 1.1324879
7566.5874 37.286476 1.1046238
7568.3281 37.310474 1.301416
7570.0732 36.639431 1.38529
7571.8149 39.175404 1.3100322
7573.561 36.908871 1.3819437
7575.3032 39.51556 1.4620486
7577.0459 41.263416 1.3618747
7578.793 39.131241 1.2017874
7580.5366 41.365707 1.1941183
7582.2847 38.630421 1.1610993
7584.0288 37.54406 1.1492382
7585.7778 32.371506 1.5268142
7587.5229 29.042099 1.150201
7589.2686 32.195446 1.1283805
7591.0186 29.911968 0.85817182
7592.7646 29.764122 0.83068824
7594.5156 27.546846 0.84592146
7596.2627 26.021187 0.95208603
7598.0142 23.900137 1.1791779
7599.7622 25.594639 1.5315282
7601.5107 26.861034 1.6513107
7603.2637 26.615255 1.6544746
7605.0127 33.226902 2.4430072
7606.7661 23.892597 2.4453714
7608.5161 29.951675 2.0316148
7610.271 30.500847 1.8917278
7612.0215 28.007835 1.3929104
7613.7725 29.773203 1.2949313
7615.5283 29.311787 1.1436698
7617.2803 31.845367 1.3274916
7619.0366 33.4533 1.2906471
7620.7896 34.129814 1.2496296
7622.5469 31.158981 1.3926121
7624.3003 28.590538 1.1735893
7626.0542 28.615883 1.1374006
7627.813 28.346222 1.1744735
7629.5679 27.754337 1.2765186
7631.3271 26.696907 1.3244854
7633.0825 27.29138 1.2247447
7634.8428 26.232399 1.0582787
7636.5991 24.303303 0.97955728
7638.356 24.638021 1.1515543
7640.1172 26.678011 1.1369658
7641.875 28.513599 1.1713996
7643.6372 26.719679 1.1336768
7645.3955 24.403776 0.92139918
7647.1587 24.380207 0.90465003
7648.918 25.93251 1.0572411
7650.6772 27.729504 1.0807354
7652.4419 24.507999 1.0630097
7654.2021 24.927551 0.87615007
7655.9673 23.614885 0.88321173
7657.7285 21.506474 0.92953253
7659.4941 22.215242 1.1997269
7661.2563 21.266037 1.2618307
7663.0186 20.749838 1.2551986
7664.7856 18.252815 0.8008762
7666.5493 19.497166 0.78276038
7668.3169 15.649894 0.71419477
7670.0811 15.342619 0.67850649
7671.8496 18.797188 0.79448509
7673.6147 20.545631 0.8186304
7675.3799 19.652798 0.79861522
7677.1499 20.245205 0.82564455
7678.916 19.391212 0.85561109
7680.687 21.976234 0.87802851
7682.4536 20.774818 0.85114563
7684.2251 20.65074 0.86033422
7685.9932 22.011093 1.0026193
7687.7612 22.52887 1.0183057
7689.5342 22.745556 0.9147625
7691.3027 21.162319 0.88466907
7693.0767 20.029572 0.72262293
7694.8462 19.305992 0.70738363
7696.6206 18.708687 0.68695784
7698.3911 18.65164 0.71045017
7700.1621 17.048506 0.75050873
7701.938 16.711246 0.75813568
7703.71 18.408104 0.86771876
7705.4863 20.14325 0.8555702
7707.2588 21.208214 0.87685758
7709.0361 20.841841 0.83941734
7710.8096 21.969898 0.99046969
7712.5879 21.766026 1.4491839
7714.3618 18.839495 1.2747067
7716.1367 18.153408 1.205233
7717.916 24.014053 1.4113945
7719.6914 19.562008 1.5098077
7721.4717 21.024818 1.0350546
7723.248 24.316908 0.96349227
7725.0288 24.116623 1.0004776
7726.8062 24.528069 1.1130859
7728.5835 21.553574 0.89069271
7730.3657 25.948452 1.0167613
7732.144 26.400515 0.9527384
7733.9272 25.683331 0.96305966
7735.7065 26.767637 0.97726315
7737.4902 25.490448 1.3492662
7739.27 23.018913 1.2798767
7741.0508 25.748596 0.93665415
7742.8354 22.931381 0.76201755
7744.6167 21.718794 0.89687508
7746.4028 22.080221 0.91950136
7748.1851 21.562134 0.82026917
7749.9717 20.151672 1.1763574
7751.7544 22.1021 1.7736177
7753.5376 17.811026 1.8937399
7755.3257 25.424494 1.4092385
7757.1099 23.438173 1.0338594
7758.8984 19.577858 1.0952756
7760.6836 21.463573 1.1396446
7762.4731 19.348335 1.2793239
7764.2588 22.268347 1.1729584
7766.0449 21.826508 0.90221816
7767.8359 21.113134 0.83208728
7769.6226 23.886549 1.1000458
7771.4146 25.374813 0.93552953
7773.2021 23.251925 1.0315431
7774.9946 23.344015 0.96129841
7776.7832 24.670689 1.0624759
7778.5723 22.422338 0.94807488
7780.3662 23.79706 1.0374194
7782.1558 26.392305 1.1930338
7783.9507 21.857964 0.91244453
7785.7412 22.685818 0.81537759
7787.5366 21.849489 0.78138572
7789.3281 22.223877 0.80608296
7791.1201 23.264156 0.83342952
7792.9165 20.242004 0.95579147
7794.7095 23.294214 1.3871112
7796.5068 20.949642 1.7606783
7798.3003 29.552776 1.5652531
7800.0986 25.449152 0.97889781
7801.8931 24.866417 0.90901119
7803.688 26.781548 0.94098884
7805.4873 27.673456 0.95858312
7807.2832 26.29513 1.19576
7809.0835 30.612799 1.5242767
7810.8799 26.238747 1.5593734
7812.6812 28.872406 1.4107685
7814.4785 27.643984 1.2188792
7816.2759 26.139061 1.0393422
7818.0786 27.368298 1.0518396
7819.877 26.416059 1.2363273
7821.6802 25.929035 1.5992031
7823.4795 25.687418 1.8800769
7825.2837 26.439985 1.4311112
7827.084 27.527302 0.95438087
7828.8843 25.309877 0.82697755
7830.6899 23.562845 0.78589964
7832.4912 23.437086 0.77427042
7834.2974 24.239563 0.80229932
7836.0996 25.258495 0.96248001
7837.9067 25.503469 0.93277979
7839.71 22.492977 0.89236695
7841.5132 24.745598 1.0687282
7843.3213 22.949869 1.0842562
7845.126 24.236187 1.2546072
7846.9351 28.602364 1.0367843
7848.7402 26.009254 1.0075864
7850.5498 27.320881 1.1770467
7852.356 21.157299 1.1256547
7854.1665 26.830359 1.8295004
7855.9736 21.620186 2.2867875
7857.7808 23.507612 1.421096
7859.5928 27.12779 1.0473083
7861.4009 26.531935 1.1263952
7863.2139 25.034523 1.2457409
7865.0225 26.687599 1.2200735
7866.8364 27.397007 1.0757463
7868.646 24.886309 1.0081809
7870.4561 27.031212 1.0932457
7872.271 23.645247 1.3363318
7874.082 25.626875 1.3389113
7875.8979 27.869776 0.98960894
7877.71 26.044329 0.9164114
7879.5264 26.784981 1.0196019
7881.3389 24.389967 1.1148342
7883.1519 30.242868 1.431519
7884.9697 27.636675 1.2872083
7886.7837 31.385193 1.2031028
7888.6025 27.742931 1.2278303
7890.4175 26.925373 1.2381115
7892.2368 27.713577 1.5907207
7894.0522 30.473888 1.3074396
7895.8687 27.489365 0.97474694
7897.689 28.691904 0.93489093
7899.5059 29.343601 0.92144817
7901.3276 29.241066 1.0641149
7903.1455 30.1441 1.052599
7904.9678 28.239563 0.88217396
7906.7861 27.915915 0.88917589
7908.6055 28.54394 0.89548415
7910.4292 27.500196 0.9379074
7912.2485 27.043673 1.2490176
7914.0732 34.892323 1.9032725
7915.894 15.575406 2.0144281
7917.7192 32.998241 2.3431549
7919.5405 27.782726 1.2318202
7921.3628 30.523748 1.1760787
7923.1895 24.450342 1.418218
7925.0122 28.476158 1.2676558
7926.8394 31.033176 1.1672052
7928.6631 31.235001 1.0910622
7930.4912 31.957392 1.1839147
7932.3159 29.264168 1.3964616
7934.1406 27.505285 1.2953891
7935.9702 29.067488 1.089396
7937.7959 29.890209 0.92877102
7939.6265 30.525743 0.90914941
7941.4526 30.264772 0.91338038
7943.2842 31.278744 1.090466
7945.1113 30.671 1.1088682
7946.939 30.352779 1.0008985
7948.772 28.66317 1.1497118
7950.6006 30.185257 1.2375706
7952.4336 28.246887 1.1769623
7954.2632 31.671858 1.2765461
7956.0977 32.829628 1.1571952
7957.9277 32.937454 1.1139619
7959.7583 32.309273 1.1100038
7961.5938 32.596661 1.1484426
7963.4253 33.53756 1.3776629
7965.2617 31.077833 2.2347138
7967.0942 32.251476 2.3127501
7968.9316 31.014755 1.9324843
7970.7646 35.72728 1.3598427
7972.5981 35.252686 1.2282561
7974.437 32.758007 0.97958666
7976.2715 32.614658 0.98265553
7978.1108 31.264284 1.0577229
7979.9458 32.194408 1.2628375
7981.7861 30.005308 1.4324049
7983.6226 33.771591 1.5216285
7985.459 33.442379 1.1837839
7987.3003 33.493927 1.0037823
7989.1377 32.632832 1.042197
7990.98 33.840885 1.2356166
7992.8184 30.67379 1.5373287
7994.6616 31.70299 2.2442214
7996.5005 31.064575 2.2785711
7998.3447 37.819973 1.597173
8000.1846 31.950392 1.0305461
8002.0249 34.234646 1.2423835
8003.8706 36.203861 1.2422588
8005.7114 36.757839 1.2981659
8007.5576 34.714756 1.2478546
8009.3999 36.163914 1.1919043
8011.2471 39.18541 1.2153894
8013.0898 34.272564 1.2683244
8014.9331 35.842041 1.1840601
8016.7812 34.289757 1.1723213
8018.6255 38.612259 1.290349
8020.4746 37.529636 1.3217051
8022.3198 35.457569 1.0670551
8024.1699 37.781807 1.2897667
8026.0156 34.408447 2.0313416
8027.8623 34.545658 2.1972911
8029.7134 33.099571 1.5865828
8031.5605 36.526028 1.1484432
8033.4126 37.18121 1.3158199
8035.2607 40.03112 1.3370686
8037.1138 38.237591 1.2919677
8038.9624 36.093918 1.0456338
8040.812 38.494152 1.0540994
8042.666 37.410915 1.0660383
8044.5161 38.588421 1.2199445
8046.3711 39.335312 1.2174616
8048.2222 38.857933 1.4827737
8050.0781 36.233398 1.1845945
8051.9302 38.801121 1.2560095
8053.7827 37.112309 1.6271083
8055.6396 41.622456 1.3811711
8057.4927 38.958538 1.3062212
8059.3511 38.527287 1.2524509
8061.2051 40.87904 1.6803952
8063.064 39.844704 1.4409181
8064.9189 40.247669 1.5343472
8066.7739 39.700104 1.2395631
8068.6343 40.248276 1.082873
8070.4902 39.800095 1.0770463
8072.3516 42.055187 1.2982124
8074.2085 40.961571 1.2843999
8076.0703 39.037888 1.091608
8077.9282 43.030949 1.3540667
8079.7866 42.824936 1.3651955
8081.6499 42.885693 1.3400532
8083.5088 40.94865 1.2989807
8085.373 42.368576 1.3164115
8087.2329 43.360271 1.355177
8089.0981 42.064289 1.1297843
8090.959 42.453152 1.3260324
8092.8203 43.305473 1.3470305
8094.6865 41.672298 1.1692295
8096.5483 40.851456 1.1597593
8098.4155 41.105579 1.1295568
8100.2788 41.726341 1.5912758
8102.1465 44.284679 1.4102291
8104.0103 40.338078 1.2742372
8105.8745 42.404175 1.2707231
8107.7441 42.294243 1.1673877
8109.6089 42.065651 1.1180083
8111.479 42.38789 1.1158793
8113.3452 43.390026 1.3067619
8115.2163 40.995052 1.0975759
8117.083 42.4977 1.337461
8118.9502 45.430969 1.3778903
8120.8228 45.06179 1.1576105
8122.6909 43.905304 1.1438829
8124.564 42.569736 1.1529778
8126.4326 44.734669 1.3705375
8128.3066 45.373768 1.3788697
8130.1768 47.508667 1.4136617
8132.0513 46.822937 1.4180831
8133.9224 50.600971 1.4724571
8135.7935 43.689255 1.3682467
8137.6694 43.054558 1.1625935
8139.5415 42.469032 1.1610099
8141.4185 42.25211 1.1809894
8143.2915 42.080498 1.181286
8145.1694 43.48037 1.1820809
8147.043 42.712971 1.184007
8148.9175 41.583359 1.2463918
8150.7964 43.343388 1.4805113
8152.6714 45.508327 1.455889
8154.5513 42.067158 1.1786369
8156.4272 44.134022 1.4095676
8158.3081 46.610291 1.4293904
8160.1851 45.890827 1.4468186
8162.0625 43.242207 1.2186084
8163.9443 42.673973 1.2519437
8165.8228 42.562958 1.2709954
8167.7056 43.225891 1.3125994
8169.5845 43.632683 1.337633
8171.4683 43.414707 1.3656287
8173.3481 41.988907 1.3319719
8175.2285 41.663612 1.3506579
8177.1138 45.31258 1.5717868
8178.9951 41.867889 1.4487827
8180.8809 40.279411 1.4130189
8182.7632 37.343952 1.3882982
8184.6499 38.522556 1.5347561
8186.5327 32.911045 1.4829437
8188.416 35.693691 1.5807887
8190.3042 37.085487 2.5684767
8192.1885 30.678263 2.0960093
8194.0771 35.050678 1.4450372
8195.9629 31.386934 1.3953967
8197.8525 38.021179 2.3890994
8199.7383 32.54652 2.5161376
8201.625 34.655293 1.736424
8203.5156 40.298332 1.6163862
8205.4033 44.337444 1.678944
8207.2959 45.664284 1.6012282
8209.1836 41.059341 1.4980885
8211.0762 41.257683 1.2579325
8212.9658 40.892662 1.2262311
8214.8545 40.427635 1.2184937
8216.749 42.196991 1.2754114
8218.6396 43.849472 1.2816041
8220.5342 41.043713 1.2176055
8222.4258 42.799351 1.2070037
8224.3223 42.060646 1.2146293
8226.2139 40.693642 1.2252203
8228.1064 43.69989 1.296002
8230.0039 44.26786 1.353169
8231.8965 41.609108 1.2859539
8233.7949 39.849712 1.2600814
8235.6895 43.632114 1.2865907
8237.5889 42.53915 1.2338953
8239.4834 44.921062 1.423713
8241.3789 43.485901 1.4311528
8243.2793 44.019394 1.2605672
8245.1758 46.082783 1.3089221
8247.0771 44.276897 1.2377702
8248.9746 44.23027 1.232273
8250.877 46.050133 1.2800436
8252.7744 45.497143 1.2913913
8254.6729 43.714039 1.2552028
8256.5771 47.084431 1.2691594
8258.4766 43.01152 1.221403
8260.3809 42.258217 1.20397
8262.2812 44.297962 1.234862
8264.1865 45.244171 1.2511687
8266.0869 44.784103 1.2300818
8267.9893 43.748947 1.213348
8269.8955 43.889835 1.2177135
8271.7979 44.068863 1.2407385
8273.7051 42.672737 1.2426524
8275.6084 43.710346 1.2769396
8277.5166 42.023548 1.3262088
8279.4209 46.48571 1.5021558
8281.3301 42.300251 1.6149428
8283.2354 44.04583 1.8342954
8285.1416 39.869152 1.6682806
8287.0518 43.579723 1.4962654
8288.958 40.73053 1.6492603
8290.8691 39.093262 1.997613
8292.7773 45.909229 1.8205918
8294.6895 42.549397 1.4345659
8296.5977 42.021832 1.4647577
8298.5059 38.201756 1.7993315
8300.4199 41.565353 2.4143612
8302.3291 40.654888 2.0486512
8304.2432 45.36187 1.4875548
8306.1543 39.540638 1.2636185
8308.0693 42.002113 1.278597
8309.9805 39.709263 1.248907
8311.8926 39.038601 1.4012147
8313.8086 41.691822 1.5138867
8315.7217 40.019737 1.3397915
8317.6396 42.6576 1.246081
8319.5527 40.6945 1.2315136
8321.4707 41.489532 1.2360053
8323.3857 41.468758 1.2367946
8325.2998 40.644329 1.2048203
8327.2197 42.713253 1.2202601
8329.1357 42.720032 1.223266
8331.0566 42.272068 1.2205
8332.9727 41.048752 1.2065463
8334.8945 40.38744 1.2135431
8336.8115 39.563942 1.1909053
8338.7295 40.919331 1.235287
8340.6523 38.829445 1.2613363
8342.5713 42.612358 1.475844
8344.4951 38.340645 2.3635211
8346.415 38.63826 3.0000679
8348.3398 33.319199 3.3625615
8350.2598 49.717491 1.8263112
8352.1807 40.753971 1.5245825
8354.1074 42.048264 2.0190244
8356.0293 41.669441 2.3159316
8357.9561 42.511131 1.4573095
8359.8789 39.711342 1.2514378
8361.8066 43.017803 1.535651
8363.7295 40.123077 1.5312414
8365.6543 42.903538 1.4206229
8367.583 39.855263 1.4024349
8369.5078 39.794525 1.306167
8371.4375 40.955193 1.2222444
8373.3643 38.69006 1.1542654
8375.2949 38.314697 1.1239463
8377.2217 38.963467 1.1495029
8379.1484 39.5811 1.2388841
8381.0811 37.937607 1.3923507
8383.0088 42.849209 1.7572864
8384.9424 37.586014 1.8443463
8386.8711 37.928864 1.4514775
8388.8047 39.91695 1.2146953
8390.7344 37.78915 1.1686406
8392.665 38.774071 1.1987445
8394.6006 39.127472 1.2312696
8396.5312 39.708481 1.3437841
8398.4678 40.626453 1.9880602
8400.3994 41.726845 3.5287166
8402.3369 33.496296 3.3271468
8404.2695 43.318726 1.7554203
8406.2031 42.012543 1.266959
8408.1416 40.086868 1.1914741
8410.0762 41.580379 1.2008698
8412.0156 42.863815 1.2932761
8413.9502 43.726063 1.5405639
8415.8906 43.325428 2.0619235
8417.8271 39.84053 2.0000899
8419.7637 41.009743 1.493769
8421.7051 40.196953 1.2411939
8423.6426 42.701496 1.2452823
8425.585 38.455738 1.2815633
8427.5234 43.118454 1.407706
8429.4668 42.708321 1.7618512
8431.4053 41.509319 3.7491941
8433.3496 32.264721 3.9246643
8435.29 36.422207 1.7786144
8437.2305 34.95863 1.2207738
8439.1758 37.372375 1.1480002
8441.1172 35.629772 1.1217523
8443.0645 35.212334 1.0967152
8445.0059 32.786121 1.062093
8446.9541 36.137669 1.111333
8448.8965 33.509377 1.1407738
8450.8408 35.253201 1.2880822
8452.7891 34.743195 1.6277848
8454.7344 33.87851 1.7767073
8456.6836 33.435364 1.4425766
8458.6289 33.524857 1.1414391
8460.5791 34.299152 1.1293591
8462.5254 32.546032 1.1653005
8464.4727 34.65205 1.4112478
8466.4248 37.067749 2.6079283
8468.3721 30.034689 3.3604374
8470.3252 35.045609 1.6739318
8472.2734 32.929974 1.1572663
8474.2275 33.667248 1.1074258
8476.1768 31.647739 1.0940347
8478.127 32.598206 1.1011484
8480.082 34.606281 1.0977987
8482.0322 34.613609 1.119749
8483.9883 35.501953 1.1435685
8485.9404 34.591148 1.1216718
8487.8975 33.280823 1.0895168
8489.8496 33.929169 1.2640731
8491.8027 37.715683 1.4292132
8493.7607 36.775242 1.5283785
8495.7148 35.21331 1.7333034
8497.6738 36.873455 1.4391594
8499.6289 35.81554 1.2267853
8501.5889 37.338432 1.244369
8503.5449 35.638245 1.324134
8505.501 37.003223 1.843308
8507.4619 31.680126 2.0740099
8509.4199 34.294968 1.6380756
8511.3818 35.248001 1.2347121
8513.3398 33.860264 1.1479291
8515.3027 34.29826 1.1227212
8517.2617 34.945332 1.1323428
8519.2217 32.972721 1.1008544
8521.1855 35.340054 1.1339526
8523.1465 33.681438 1.1328243
8525.1113 36.871574 1.3873907
8527.0723 36.618 1.3215034
8529.0391 34.540539 1.3024184
8531.001 35.752281 1.3122554
8532.9639 35.509747 1.3070976
8534.9316 39.068356 1.3693721
8536.8945 37.264233 1.4551409
8538.8633 38.673939 1.6546412
8540.8281 38.92445 1.5059123
8542.7969 41.382278 1.5496345
8544.7627 37.924526 1.2030318
8546.7285 38.387859 1.2312088
8548.6992 40.709713 1.4205667
8550.666 37.564884 1.5120279
8552.6377 39.60508 1.4359616
8554.6045 38.850407 1.3134305
8556.5771 38.345242 1.2512168
8558.5459 38.158188 1.2117258
8560.5146 38.991348 1.2043115
8562.4893 36.956509 1.1944261
8564.459 40.132076 1.2220073
8566.4336 38.486584 1.2281568
8568.4043 38.684223 1.224254
8570.3799 37.749695 1.2223607
8572.3516 38.9067 1.2502375
8574.3242 38.862309 1.2661179
8576.3008 39.679649 1.2667975
8578.2744 38.630318 1.2460638
8580.252 38.970604 1.2519665
8582.2256 37.307362 1.2329866
8584.2051 38.110027 1.2357944
8586.1797 40.611843 1.2728528
8588.1602 41.000652 1.316267
8590.1357 41.001877 1.3615686
8592.1113 38.881779 1.3137252
8594.0928 39.999153 1.2737064
8596.0703 39.080994 1.3132749
8598.0527 39.003426 1.3711722
8600.0303 41.251633 1.3881943
8602.0137 40.860043 1.3031749
8603.9922 39.882191 1.2565571
8605.9717 40.179989 1.2728635
8607.9561 40.885784 1.2895144
8609.9365 39.877438 1.3068665
8611.9219 41.962982 1.3637319
8613.9033 39.772175 1.3894154
8615.8896 40.593819 1.4533964
8617.8711 43.443695 1.5208846
8619.8535 40.228405 1.5441483
8621.8418 40.599518 1.6181197
8623.8252 44.430405 1.7412759
8625.8135 43.290939 1.8067158
8627.7979 40.522091 1.9773651
8629.7881 43.148521 1.9971535
8631.7725 44.445156 1.9763989
8633.7588 39.560535 2.0284114
8635.75 42.847889 1.8598902
8637.7363 43.575153 1.9784855
8639.7285 42.261272 1.8093886
8641.7158 41.134693 1.6596968
8643.708 43.02755 1.5804181
8645.6973 43.246059 1.5789361
8647.6855 43.413395 1.6557252
8649.6797 42.156628 1.7918533
8651.6699 41.741367 1.9113512
8653.665 39.14785 1.8359189
8655.6553 42.272182 1.8835013
8657.6514 42.260498 1.940189
8659.6436 42.413162 1.9677279
8661.6357 43.839722 2.1311076
8663.6328 41.114536 1.9957957
8665.626 47.243011 1.9246387
8667.624 41.211933 2.0115933
8669.6182 45.236145 1.9032276
8671.6172 44.57962 2.0142722
8673.6123 37.960835 1.8744729
8675.6074 45.56131 1.7134211
8677.6084 42.983894 1.7388841
8679.6045 41.662663 1.6860437
8681.6055 45.745705 1.6880943
8683.6025 42.403564 1.6982533
8685.6055 43.01376 1.6030407
8687.6035 42.051701 1.5564814
8689.6025 39.86956 1.4880314
8691.6055 43.326534 1.4314736
8693.6055 39.517147 1.4307395
8695.6104 43.062206 1.4715828
8697.6104 41.734848 1.4365453
8699.6162 44.018097 1.4493074
8701.6172 40.764713 1.4480534
8703.6191 42.74118 1.4581195
8705.626 42.603241 1.4084207
8707.6289 42.610123 1.4448825
8709.6367 41.380177 1.4600461
8711.6406 42.309425 1.4368935
8713.6494 39.888973 1.5731742
8715.6543 41.714275 1.5731071
8717.6592 40.20575 1.3832655
8719.6699 42.620605 1.4034467
8721.6758 43.273724 1.3981663
8723.6865 44.669243 1.411341
8725.6934 41.270702 1.3821751
8727.7061 43.288589 1.5628313
8729.7129 42.609955 1.6201916
8731.7217 43.356113 1.4275718
8733.7354 47.172623 1.4659877
8735.7441 43.39563 1.4209081
8737.7588 43.40675 1.4187976
8739.7686 41.238541 1.5973777
8741.7842 46.322384 1.4726137
8743.7949 44.145214 1.4606717
8745.8115 45.60775 1.4857777
8747.8232 47.238293 1.4856615
8749.8359 45.769989 1.4820119
8751.8535 46.553001 1.4976698
8753.8672 47.049328 1.5209055
8755.8857 46.53545 1.5054667
8757.9004 43.669182 1.5481572
8759.9199 49.535816 1.8913418
8761.9346 49.935303 2.5314374
8763.9502 45.063198 2.6841497
8765.9717 51.055462 2.3167067
8767.9883 50.230881 2.3836508
8770.0098 45.846493 2.7363183
8772.0273 50.417374 2.3295939
8774.0498 47.29285 1.9858155
8776.0684 53.01722 2.310612
8778.0879 47.469578 2.3891866
8780.1113 46.534214 3.3530946
8782.1318 48.394733 2.8800931
8784.1562 49.32209 1.7853327
8786.1777 47.99828 1.5471921
8788.2031 49.470985 1.5613706
8790.2256 52.078785 1.7763616
8792.2471 47.010406 2.188441
8794.2754 45.702847 2.1619711
8796.2979 48.888794 1.7621372
8798.3262 50.482685 1.6369916
8800.3506 50.041752 1.6394151
8802.3799 49.028862 1.6283016
8804.4053 47.411671 1.5980136
8806.4307 48.661472 1.5774225
8808.4609 49.521938 1.5620582
8810.4873 50.006348 1.607915
8812.5195 52.130413 1.6518811
8814.5459 51.799519 1.627051
8816.5791 51.39637 1.6154249
8818.6074 50.496002 1.5737919
8820.6357 52.330029 1.8205587
8822.6699 51.484459 1.8544413
8824.6992 51.758648 2.5525024
8826.7344 58.427853 4.2985315
8828.7646 43.081276 6.5310731
8830.8008 41.551247 5.6906161
8832.833 52.447376 2.4104788
8834.8643 50.720074 1.9712015
8836.9014 58.614517 2.734251
8838.9346 39.368153 3.4971571
8840.9727 54.128922 2.5244272
8843.0068 50.959312 1.7418625
8845.0459 50.699192 1.6469626
8847.0811 52.728031 1.7214948
8849.1162 52.644913 1.9036181
8851.1562 52.968803 2.1639771
8853.1924 51.100689 2.0658391
8855.2344 53.211346 1.7801224
8857.2715 47.531784 1.6306244
8859.3145 48.398113 1.6253753
8861.3516 50.343029 1.6368601
8863.3906 45.416206 1.8244276
8865.4346 46.183575 1.9565556
8867.4736 51.182873 2.2588382
8869.5186 40.454411 2.8174155
8871.5596 47.754219 2.4683893
8873.6045 41.251118 2.1626
8875.6465 44.097439 1.6261481
8877.6885 45.348263 1.5214995
8879.7354 45.412979 1.6875042
8881.7783 46.985413 1.768888
8883.8262 48.119465 1.8887508
8885.8701 56.892609 3.6432996
8887.9189 41.703754 5.3092966
8889.9639 45.207462 3.5526347
8892.0088 48.018425 2.1178062
8894.0596 47.06292 1.694904
8896.1055 49.538811 1.6458045
8898.1562 45.907997 1.6767452
8900.2041 47.040142 1.6509675
8902.2559 50.569271 1.8845886
8904.3037 49.61274 2.8386562
8906.3574 47.707081 3.1748276
8908.4062 47.821926 2.1340637
8910.4561 51.393169 1.7481985
8912.5107 49.735767 1.6738719
8914.5605 49.922161 1.6686786
8916.6162 50.871815 1.9135842
8918.668 56.184933 2.7305925
8920.7246 50.743599 5.182281
8922.7764 32.610191 6.7783737
8924.8291 54.05748 3.3658645
8926.8867 49.561714 1.9033049
8928.9404 47.548607 1.6647052
8931 48.02195 1.6577854
8933.0547 46.055214 1.5969285
8935.1143 46.701199 1.5628374
8937.1699 48.341831 1.7351186
8939.2256 53.430588 1.8428613
8941.2871 46.400871 1.7596486
8943.3438 50.147301 2.2351534
8945.4062 39.753529 2.6902165
8947.4639 43.627548 2.3043308
8949.5273 48.990376 1.7758176
8951.5859 46.26775 1.5853548
8953.6455 48.70248 1.713187
8955.71 49.489651 2.2923498
8957.7705 58.861214 3.3341982
8959.8359 36.132572 4.2111239
8961.8975 37.397266 4.252409
8963.9639 53.1931 2.9710014
8966.0264 47.210445 1.9126438
8968.0889 48.304398 1.7141993
8970.1572 48.786137 1.6409512
8972.2207 47.080929 1.678635
8974.2891 46.862476 1.7381592
8976.3535 50.837818 1.7644745
8978.4238 48.095036 1.6960267
8980.4893 51.539345 1.788182
8982.5557 51.838593 1.8799227
8984.627 52.641846 1.8334945
8986.6934 50.840332 1.8660729
8988.7656 54.346992 2.7056181
8990.834 40.272728 2.9759045
8992.9072 45.44521 2.2810063
8994.9756 53.235703 2.0765998
8997.0449 52.019558 1.8676561
8999.1201 52.976421 1.9000645
9001.1904 61.719391 2.8405924
9003.2656 43.940716 4.2621984
9005.3369 50.439747 3.5743196
9007.4131 54.798038 2.3670621
9009.4854 49.630814 1.9328704
9011.5586 49.997009 1.7882305
9013.6357 49.446152 1.6792946
9015.71 51.938133 1.7170173
9017.7891 48.404579 1.7969804
9019.8633 53.340927 1.9114808
9021.9434 47.798515 1.746021
9024.0186 49.311707 1.7934408
9026.0947 51.810028 1.8459519
9028.1758 53.916378 1.8843559
9030.2529 55.758987 1.9953519
9032.335 51.657707 1.9346811
9034.4131 52.260292 2.1210938
9036.4971 49.723042 2.1319091
9038.5752 56.123051 2.3404849
9040.6543 55.447147 2.2219205
9042.7393 52.542198 2.0291882
9044.8193 56.048672 1.8741916
9046.9053 63.144665 1.9832774
9048.9863 57.53709 2.1091647
9051.0732 54.009472 2.4963024
9053.1553 47.203922 2.378504
9055.2383 54.745987 2.0175791
9057.3262 55.357052 1.8604363
9059.4102 53.941952 1.8821758
9061.499 53.403061 1.8529772
9063.584 54.635227 1.8968887
9065.6738 52.805912 1.9041862
9067.7588 51.221645 1.8452098
9069.8506 54.134571 1.9367617
9071.9365 55.816555 2.0610449
9074.0234 54.680588 2.0287733
9076.1162 53.944958 1.9473789
9078.2041 58.38232 1.8706671
9080.2979 54.549709 1.8485428
9082.3867 54.156818 1.9485167
9084.4805 52.105003 1.8928765
9086.5703 53.039265 1.8765574
9088.6611 56.040405 2.0083709
9090.7568 54.913429 2.0071881
9092.8486 55.233879 2.04036
9094.9453 51.264584 2.0505362
9097.0371 54.416359 2.0307806
9099.1348 53.698799 1.9043248
9101.2285 54.235481 2.0259705
9103.3223 55.498901 2.4492815
9105.4209 54.858513 2.4012809
9107.5156 48.013294 2.2811017
9109.6162 54.406704 2.1413293
9111.7119 52.708439 1.9411951
9113.8125 54.423172 1.8537154
9115.9092 58.201088 1.8854406
9118.0068 54.474503 1.860898
9120.1094 56.169941 2.030277
9122.207 55.127605 2.2539067
9124.3105 57.462879 1.9068104
9126.4102 53.175964 1.8048524
9128.5146 57.031658 1.8751193
9130.6143 53.719547 1.9103786
9132.7148 58.149601 2.0672376
9134.8213 54.348274 2.0108759
9136.9219 54.410416 2.0445502
9139.0293 58.065022 2.1901798
9141.1318 61.42868 2.0546513
9143.2393 56.990089 1.8557116
9145.3428 53.62582 1.8263649
9147.4473 56.118099 1.8796446
9149.5566 57.899048 1.9307432
9151.6611 54.113361 1.9511987
9153.7715 53.99987 2.1232803
9155.877 52.638783 2.3036907
9157.9883 56.183678 2.2643645
9160.0957 57.234493 2.1592751
9162.2031 55.549572 2.1622531
9164.3154 54.427547 2.1670535
9166.4238 58.903767 2.1087723
9168.5371 57.612194 2.0322678
9170.6465 56.76833 2.0748677
9172.7617 58.979816 2.0887721
9174.8711 54.886932 2.1456366
9176.9824 53.530807 2.1742432
9179.0986 54.885822 2.1050751
9181.21 54.227161 1.9249017
9183.3271 52.91304 1.8969935
9185.4395 53.851303 1.9194548
9187.5576 56.799507 2.0043883
9189.6719 56.798218 1.952551
9191.7852 55.941597 1.8907355
9193.9053 55.41967 1.9505664
9196.0205 54.027294 1.9765995
9198.1406 54.997795 1.9686124
9200.2568 55.019806 1.9505239
9202.3789 55.482502 1.9853549
9204.4951 57.796619 2.0457461
9206.6133 57.773449 2.1532121
9208.7363 56.904297 2.2961631
9210.8545 55.851906 2.3491292
9212.9785 54.618488 2.4218988
9215.0977 54.570507 2.5002644
