wavelength_A,flux,error,model,mission,instrument,plate,mjd,fiberid,specobjid,run2d,programname,data_release
3805.3972,7.611639,7.662521,-11.635698,SDSS-SDSS,SDSS,619,52056,437,697052198474901504,26,binning 1   1,DR18
3806.2727,7.607903,8.606588,-5.906596,SDSS-SDSS,SDSS,619,52056,437,697052198474901504,26,binning 1   1,DR18
3807.1504,5.8208036,8.127815,-8.338434,SDSS-SDSS,SDSS,619,52056,437,697052198474901504,26,binning 1   1,DR18
3808.0261,-2.4481082,7.6766305,-6.711601,SDSS-SDSS,SDSS,619,52056,437,697052198474901504,26,binning 1   1,DR18
3808.9043,7.605248,8.087586,-7.755728,SDSS-SDSS,SDSS,619,52056,437,697052198474901504,26,binning 1   1,DR18
3809.7805,12.08716,7.863563,-7.1582646,SDSS-SDSS,SDSS,619,52056,437,697052198474901504,26,binning 1   1,DR18
3810.659,-0.03458539,5.568727,-6.7192507,SDSS-SDSS,SDSS,619,52056,437,697052198474901504,26,binning 1   1,DR18
3811.5356,6.532082,4.363807,-8.362964,SDSS-SDSS,SDSS,619,52056,437,697052198474901504,26,binning 1   1,DR18
3812.4126,10.356972,4.227644,-9.4188595,SDSS-SDSS,SDSS,619,52056,437,697052198474901504,26,binning 1   1,DR18
3813.2917,2.8887558,3.9523394,-7.898635,SDSS-SDSS,SDSS,619,52056,437,697052198474901504,26,binning 1   1,DR18
3814.169,18.220947,3.911304,-12.734513,SDSS-SDSS,SDSS,619,52056,437,697052198474901504,26,binning 1   1,DR18
3815.0483,9.355234,3.6190522,-11.361577,SDSS-SDSS,SDSS,619,52056,437,697052198474901504,26,binning 1   1,DR18
3815.926,8.956238,3.3731065,-7.1330686,SDSS-SDSS,SDSS,619,52056,437,697052198474901504,26,binning 1   1,DR18
3816.806,9.230298,3.3182802,-8.7505045,SDSS-SDSS,SDSS,619,52056,437,697052198474901504,26,binning 1   1,DR18
3817.684,10.248625,3.2147427,-14.312297,SDSS-SDSS,SDSS,619,52056,437,697052198474901504,26,binning 1   1,DR18
3818.5623,11.884026,3.2448132,-9.616885,SDSS-SDSS,SDSS,619,52056,437,697052198474901504,26,binning 1   1,DR18
3819.4429,6.7964797,3.1452596,-11.620847,SDSS-SDSS,SDSS,619,52056,437,697052198474901504,26,binning 1   1,DR18
3820.3215,5.999344,3.0307348,-10.493763,SDSS-SDSS,SDSS,619,52056,437,697052198474901504,26,binning 1   1,DR18
3821.2024,9.872017,3.181801,-9.096608,SDSS-SDSS,SDSS,619,52056,437,697052198474901504,26,binning 1   1,DR18
3822.0815,12.8375435,3.177143,-10.618124,SDSS-SDSS,SDSS,619,52056,437,697052198474901504,26,binning 1   1,DR18
3822.963,3.0183387,3.0727446,-11.1804695,SDSS-SDSS,SDSS,619,52056,437,697052198474901504,26,binning 1   1,DR18
3823.8423,6.827953,3.0312464,-11.075658,SDSS-SDSS,SDSS,619,52056,437,697052198474901504,26,binning 1   1,DR18
3824.724,7.4962707,3.047502,-10.709329,SDSS-SDSS,SDSS,619,52056,437,697052198474901504,26,binning 1   1,DR18
3825.604,7.1079392,3.0401864,-9.1161,SDSS-SDSS,SDSS,619,52056,437,697052198474901504,26,binning 1   1,DR18
3826.4841,9.436085,3.0965462,-8.532786,SDSS-SDSS,SDSS,619,52056,437,697052198474901504,26,binning 1   1,DR18
3827.3665,6.0480213,3.2139418,-8.852915,SDSS-SDSS,SDSS,619,52056,437,697052198474901504,26,binning 1   1,DR18
3828.2468,3.0873785,3.4962056,-8.156583,SDSS-SDSS,SDSS,619,52056,437,697052198474901504,26,binning 1   1,DR18
3829.1296,10.092204,3.7692106,-9.235691,SDSS-SDSS,SDSS,619,52056,437,697052198474901504,26,binning 1   1,DR18
3830.0105,6.953564,3.8328772,-5.6326475,SDSS-SDSS,SDSS,619,52056,437,697052198474901504,26,binning 1   1,DR18
3830.8938,7.486855,3.7365274,-7.11349,SDSS-SDSS,SDSS,619,52056,437,697052198474901504,26,binning 1   1,DR18
3831.7751,5.2799573,3.5417495,-9.462012,SDSS-SDSS,SDSS,619,52056,437,697052198474901504,26,binning 1   1,DR18
3832.6565,10.502538,3.3888934,-9.160275,SDSS-SDSS,SDSS,619,52056,437,697052198474901504,26,binning 1   1,DR18
3833.5403,11.012411,3.3730388,-9.094379,SDSS-SDSS,SDSS,619,52056,437,697052198474901504,26,binning 1   1,DR18
3834.4224,8.77388,3.2556489,-6.1177073,SDSS-SDSS,SDSS,619,52056,437,697052198474901504,26,binning 1   1,DR18
3835.3064,10.9929695,3.3157177,-4.2666407,SDSS-SDSS,SDSS,619,52056,437,697052198474901504,26,binning 1   1,DR18
3836.1887,11.746115,3.2254338,-7.2172065,SDSS-SDSS,SDSS,619,52056,437,697052198474901504,26,binning 1   1,DR18
3837.0735,10.500213,3.1902459,-8.294198,SDSS-SDSS,SDSS,619,52056,437,697052198474901504,26,binning 1   1,DR18
3837.956,12.615641,3.1062608,-5.6182656,SDSS-SDSS,SDSS,619,52056,437,697052198474901504,26,binning 1   1,DR18
3838.839,12.5486355,3.0607696,-6.0087757,SDSS-SDSS,SDSS,619,52056,437,697052198474901504,26,binning 1   1,DR18
3839.7244,7.371425,2.893939,-10.485323,SDSS-SDSS,SDSS,619,52056,437,697052198474901504,26,binning 1   1,DR18
3840.6077,5.85377,2.9043553,-10.447427,SDSS-SDSS,SDSS,619,52056,437,697052198474901504,26,binning 1   1,DR18
3841.4932,4.877843,2.9182386,-8.68019,SDSS-SDSS,SDSS,619,52056,437,697052198474901504,26,binning 1   1,DR18
3842.377,10.162273,2.985631,-5.178435,SDSS-SDSS,SDSS,619,52056,437,697052198474901504,26,binning 1   1,DR18
3843.263,10.805363,2.9866045,-3.9959805,SDSS-SDSS,SDSS,619,52056,437,697052198474901504,26,binning 1   1,DR18
3844.1472,1.5849211,2.8810625,-8.697177,SDSS-SDSS,SDSS,619,52056,437,697052198474901504,26,binning 1   1,DR18
3845.0315,5.292121,2.9347801,-6.1205587,SDSS-SDSS,SDSS,619,52056,437,697052198474901504,26,binning 1   1,DR18
3845.9182,11.522596,3.0328436,-4.2445917,SDSS-SDSS,SDSS,619,52056,437,697052198474901504,26,binning 1   1,DR18
3846.803,9.964667,3.0583286,-5.664651,SDSS-SDSS,SDSS,619,52056,437,697052198474901504,26,binning 1   1,DR18
3847.69,5.655971,3.0681458,-5.6140065,SDSS-SDSS,SDSS,619,52056,437,697052198474901504,26,binning 1   1,DR18
3848.5752,8.635086,3.1084292,-4.6041427,SDSS-SDSS,SDSS,619,52056,437,697052198474901504,26,binning 1   1,DR18
3849.4626,3.9830415,3.0743744,-6.214871,SDSS-SDSS,SDSS,619,52056,437,697052198474901504,26,binning 1   1,DR18
3850.3481,5.0579624,3.071302,-2.573453,SDSS-SDSS,SDSS,619,52056,437,697052198474901504,26,binning 1   1,DR18
3851.234,8.899819,3.067305,-4.881556,SDSS-SDSS,SDSS,619,52056,437,697052198474901504,26,binning 1   1,DR18
3852.122,6.521399,3.0003493,-3.9663556,SDSS-SDSS,SDSS,619,52056,437,697052198474901504,26,binning 1   1,DR18
3853.0083,4.192014,2.855252,-2.6391785,SDSS-SDSS,SDSS,619,52056,437,697052198474901504,26,binning 1   1,DR18
3853.8967,2.0127544,2.728226,-4.1983414,SDSS-SDSS,SDSS,619,52056,437,697052198474901504,26,binning 1   1,DR18
3854.7832,5.2524686,2.779785,-5.565693,SDSS-SDSS,SDSS,619,52056,437,697052198474901504,26,binning 1   1,DR18
3855.672,9.708433,2.7745554,-6.04082,SDSS-SDSS,SDSS,619,52056,437,697052198474901504,26,binning 1   1,DR18
3856.559,12.221799,2.7407305,-2.5660017,SDSS-SDSS,SDSS,619,52056,437,697052198474901504,26,binning 1   1,DR18
3857.4463,6.5316057,2.6426904,-3.527157,SDSS-SDSS,SDSS,619,52056,437,697052198474901504,26,binning 1   1,DR18
3858.336,8.080043,2.6275005,-6.0295,SDSS-SDSS,SDSS,619,52056,437,697052198474901504,26,binning 1   1,DR18
3859.2234,10.443481,2.6760702,-5.8633356,SDSS-SDSS,SDSS,619,52056,437,697052198474901504,26,binning 1   1,DR18
3860.1135,7.0277042,2.7487,-4.570663,SDSS-SDSS,SDSS,619,52056,437,697052198474901504,26,binning 1   1,DR18
3861.0015,6.899191,2.8918183,-4.4893804,SDSS-SDSS,SDSS,619,52056,437,697052198474901504,26,binning 1   1,DR18
3861.8918,8.905333,3.017278,-2.7730806,SDSS-SDSS,SDSS,619,52056,437,697052198474901504,26,binning 1   1,DR18
3862.7803,2.710268,2.9626367,-0.8152765,SDSS-SDSS,SDSS,619,52056,437,697052198474901504,26,binning 1   1,DR18
3863.6687,8.1687355,2.9429994,-0.74231917,SDSS-SDSS,SDSS,619,52056,437,697052198474901504,26,binning 1   1,DR18
3864.5598,8.102193,2.8455,-2.4063547,SDSS-SDSS,SDSS,619,52056,437,697052198474901504,26,binning 1   1,DR18
3865.4487,9.214454,2.6770687,-3.150054,SDSS-SDSS,SDSS,619,52056,437,697052198474901504,26,binning 1   1,DR18
3866.34,4.055955,2.4761581,-1.3942138,SDSS-SDSS,SDSS,619,52056,437,697052198474901504,26,binning 1   1,DR18
3867.2297,4.1135087,2.4050794,-2.5336752,SDSS-SDSS,SDSS,619,52056,437,697052198474901504,26,binning 1   1,DR18
3868.1213,9.121413,2.553901,-1.121272,SDSS-SDSS,SDSS,619,52056,437,697052198474901504,26,binning 1   1,DR18
3869.0112,8.719235,2.541329,-1.1023487,SDSS-SDSS,SDSS,619,52056,437,697052198474901504,26,binning 1   1,DR18
3869.9014,3.4285395,2.4748833,-4.6687536,SDSS-SDSS,SDSS,619,52056,437,697052198474901504,26,binning 1   1,DR18
3870.7937,2.5338476,2.491988,-5.303752,SDSS-SDSS,SDSS,619,52056,437,697052198474901504,26,binning 1   1,DR18
3871.684,6.5023227,2.5908082,2.0099213,SDSS-SDSS,SDSS,619,52056,437,697052198474901504,26,binning 1   1,DR18
3872.577,1.2077056,2.524723,-0.9608363,SDSS-SDSS,SDSS,619,52056,437,697052198474901504,26,binning 1   1,DR18
3873.4678,5.042322,2.555272,-0.9565035,SDSS-SDSS,SDSS,619,52056,437,697052198474901504,26,binning 1   1,DR18
3874.361,7.416968,2.5226104,0.29148093,SDSS-SDSS,SDSS,619,52056,437,697052198474901504,26,binning 1   1,DR18
3875.2524,6.667296,2.4429617,0.87862664,SDSS-SDSS,SDSS,619,52056,437,697052198474901504,26,binning 1   1,DR18
3876.1438,3.4008837,2.3547819,3.9909015,SDSS-SDSS,SDSS,619,52056,437,697052198474901504,26,binning 1   1,DR18
3877.0376,2.0688868,2.2244432,1.2226651,SDSS-SDSS,SDSS,619,52056,437,697052198474901504,26,binning 1   1,DR18
3877.9297,6.335553,2.3255415,-0.4481082,SDSS-SDSS,SDSS,619,52056,437,697052198474901504,26,binning 1   1,DR18
3878.8237,10.973068,2.4639757,-0.9563485,SDSS-SDSS,SDSS,619,52056,437,697052198474901504,26,binning 1   1,DR18
3879.716,9.894011,2.4757822,0.25302494,SDSS-SDSS,SDSS,619,52056,437,697052198474901504,26,binning 1   1,DR18
3880.6108,-0.3464376,2.3042283,1.9381752,SDSS-SDSS,SDSS,619,52056,437,697052198474901504,26,binning 1   1,DR18
3881.5037,6.94957,2.3949547,1.4068794,SDSS-SDSS,SDSS,619,52056,437,697052198474901504,26,binning 1   1,DR18
3882.3965,7.4763107,2.446185,0.2793126,SDSS-SDSS,SDSS,619,52056,437,697052198474901504,26,binning 1   1,DR18
3883.2917,8.26321,2.4038358,-0.23397548,SDSS-SDSS,SDSS,619,52056,437,697052198474901504,26,binning 1   1,DR18
3884.185,9.925191,2.4884963,1.9821601,SDSS-SDSS,SDSS,619,52056,437,697052198474901504,26,binning 1   1,DR18
3885.0808,9.968809,2.4565828,2.353766,SDSS-SDSS,SDSS,619,52056,437,697052198474901504,26,binning 1   1,DR18
3885.9746,8.056641,2.4401913,-1.1390849,SDSS-SDSS,SDSS,619,52056,437,697052198474901504,26,binning 1   1,DR18
3886.8706,4.7038307,2.3530407,-3.5692387,SDSS-SDSS,SDSS,619,52056,437,697052198474901504,26,binning 1   1,DR18
3887.765,3.5836823,2.28623,-0.18722539,SDSS-SDSS,SDSS,619,52056,437,697052198474901504,26,binning 1   1,DR18
3888.6592,5.7552533,2.3403838,1.0749154,SDSS-SDSS,SDSS,619,52056,437,697052198474901504,26,binning 1   1,DR18
3889.556,13.336398,2.4901085,3.0023885,SDSS-SDSS,SDSS,619,52056,437,697052198474901504,26,binning 1   1,DR18
3890.4507,7.1423254,2.4693816,4.7339277,SDSS-SDSS,SDSS,619,52056,437,697052198474901504,26,binning 1   1,DR18
3891.348,5.953594,2.391571,3.09941,SDSS-SDSS,SDSS,619,52056,437,697052198474901504,26,binning 1   1,DR18
3892.243,9.140843,2.496064,-1.2179232,SDSS-SDSS,SDSS,619,52056,437,697052198474901504,26,binning 1   1,DR18
3893.1406,6.4356403,2.3935761,-0.3791146,SDSS-SDSS,SDSS,619,52056,437,697052198474901504,26,binning 1   1,DR18
3894.0361,4.816934,2.332799,0.80030984,SDSS-SDSS,SDSS,619,52056,437,697052198474901504,26,binning 1   1,DR18
3894.934,10.609271,2.392695,-2.8900597,SDSS-SDSS,SDSS,619,52056,437,697052198474901504,26,binning 1   1,DR18
3895.83,11.239171,2.3095455,0.49425447,SDSS-SDSS,SDSS,619,52056,437,697052198474901504,26,binning 1   1,DR18
3896.7263,8.045544,2.2704108,5.0543127,SDSS-SDSS,SDSS,619,52056,437,697052198474901504,26,binning 1   1,DR18
3897.625,10.662805,2.249739,-4.341664,SDSS-SDSS,SDSS,619,52056,437,697052198474901504,26,binning 1   1,DR18
3898.5215,5.513618,2.1890411,0.08947483,SDSS-SDSS,SDSS,619,52056,437,697052198474901504,26,binning 1   1,DR18
3899.4207,10.024873,2.2493484,2.7692313,SDSS-SDSS,SDSS,619,52056,437,697052198474901504,26,binning 1   1,DR18
3900.3176,9.963616,2.3408504,-0.9810404,SDSS-SDSS,SDSS,619,52056,437,697052198474901504,26,binning 1   1,DR18
3901.217,4.6816993,2.3128517,-2.3606415,SDSS-SDSS,SDSS,619,52056,437,697052198474901504,26,binning 1   1,DR18
3902.1145,5.859404,2.3801682,0.6512776,SDSS-SDSS,SDSS,619,52056,437,697052198474901504,26,binning 1   1,DR18
3903.0122,10.030057,2.5114048,0.94903195,SDSS-SDSS,SDSS,619,52056,437,697052198474901504,26,binning 1   1,DR18
3903.912,7.866284,2.4806967,0.20751977,SDSS-SDSS,SDSS,619,52056,437,697052198474901504,26,binning 1   1,DR18
3904.8103,7.6466227,2.4781907,-1.8774048,SDSS-SDSS,SDSS,619,52056,437,697052198474901504,26,binning 1   1,DR18
3905.7107,10.252707,2.5057726,-0.7821031,SDSS-SDSS,SDSS,619,52056,437,697052198474901504,26,binning 1   1,DR18
3906.6094,10.249055,2.4900057,1.265632,SDSS-SDSS,SDSS,619,52056,437,697052198474901504,26,binning 1   1,DR18
3907.51,5.154312,2.44521,0.5098996,SDSS-SDSS,SDSS,619,52056,437,697052198474901504,26,binning 1   1,DR18
3908.409,6.9629626,2.4562526,-1.7734125,SDSS-SDSS,SDSS,619,52056,437,697052198474901504,26,binning 1   1,DR18
3909.308,7.127335,2.422266,1.4304719,SDSS-SDSS,SDSS,619,52056,437,697052198474901504,26,binning 1   1,DR18
3910.2097,5.2774625,2.3775597,4.3751836,SDSS-SDSS,SDSS,619,52056,437,697052198474901504,26,binning 1   1,DR18
3911.1091,5.0698724,2.3398912,0.9387778,SDSS-SDSS,SDSS,619,52056,437,697052198474901504,26,binning 1   1,DR18
3912.011,5.78404,2.2628589,-1.1218953,SDSS-SDSS,SDSS,619,52056,437,697052198474901504,26,binning 1   1,DR18
3912.9111,4.37748,2.249503,1.364535,SDSS-SDSS,SDSS,619,52056,437,697052198474901504,26,binning 1   1,DR18
3913.8132,1.3924204,2.2061658,2.321688,SDSS-SDSS,SDSS,619,52056,437,697052198474901504,26,binning 1   1,DR18
3914.7136,10.764829,2.3059537,2.2265549,SDSS-SDSS,SDSS,619,52056,437,697052198474901504,26,binning 1   1,DR18
3915.6143,10.599541,2.2858927,1.4351046,SDSS-SDSS,SDSS,619,52056,437,697052198474901504,26,binning 1   1,DR18
3916.517,8.212275,2.2480757,2.7166681,SDSS-SDSS,SDSS,619,52056,437,697052198474901504,26,binning 1   1,DR18
3917.4182,7.003305,2.2261825,2.5415127,SDSS-SDSS,SDSS,619,52056,437,697052198474901504,26,binning 1   1,DR18
3918.3215,3.6035554,2.2386878,-0.4077714,SDSS-SDSS,SDSS,619,52056,437,697052198474901504,26,binning 1   1,DR18
3919.223,3.9542005,2.1847274,-1.5701175,SDSS-SDSS,SDSS,619,52056,437,697052198474901504,26,binning 1   1,DR18
3920.1267,6.2416353,2.2432919,1.5890082,SDSS-SDSS,SDSS,619,52056,437,697052198474901504,26,binning 1   1,DR18
3921.0286,3.581007,2.1239953,-0.83458513,SDSS-SDSS,SDSS,619,52056,437,697052198474901504,26,binning 1   1,DR18
3921.9307,3.06161,2.1052487,-2.2778585,SDSS-SDSS,SDSS,619,52056,437,697052198474901504,26,binning 1   1,DR18
3922.835,7.2837825,2.1133082,-1.1762673,SDSS-SDSS,SDSS,619,52056,437,697052198474901504,26,binning 1   1,DR18
3923.7373,3.905749,2.0805044,0.35872012,SDSS-SDSS,SDSS,619,52056,437,697052198474901504,26,binning 1   1,DR18
3924.642,11.081089,2.1795964,0.78898543,SDSS-SDSS,SDSS,619,52056,437,697052198474901504,26,binning 1   1,DR18
3925.5452,13.3919325,2.2949111,0.0178937,SDSS-SDSS,SDSS,619,52056,437,697052198474901504,26,binning 1   1,DR18
3926.4502,9.81815,2.2405171,-0.80147314,SDSS-SDSS,SDSS,619,52056,437,697052198474901504,26,binning 1   1,DR18
3927.3535,5.59276,2.145576,-0.50988215,SDSS-SDSS,SDSS,619,52056,437,697052198474901504,26,binning 1   1,DR18
3928.257,6.2146273,2.1080241,-0.06660676,SDSS-SDSS,SDSS,619,52056,437,697052198474901504,26,binning 1   1,DR18
3929.1628,8.374872,2.146082,0.28435928,SDSS-SDSS,SDSS,619,52056,437,697052198474901504,26,binning 1   1,DR18
3930.0667,6.1457553,2.0963407,0.52204907,SDSS-SDSS,SDSS,619,52056,437,697052198474901504,26,binning 1   1,DR18
3930.9731,8.165722,2.1954284,-1.6465261,SDSS-SDSS,SDSS,619,52056,437,697052198474901504,26,binning 1   1,DR18
3931.8774,15.661586,2.3572931,2.0638156,SDSS-SDSS,SDSS,619,52056,437,697052198474901504,26,binning 1   1,DR18
3932.784,9.296281,2.473637,4.661281,SDSS-SDSS,SDSS,619,52056,437,697052198474901504,26,binning 1   1,DR18
3933.6887,10.610013,2.8257403,1.6826508,SDSS-SDSS,SDSS,619,52056,437,697052198474901504,26,binning 1   1,DR18
3934.5938,1.0318434,2.6211822,-1.4880384,SDSS-SDSS,SDSS,619,52056,437,697052198474901504,26,binning 1   1,DR18
3935.501,4.6553617,2.5523205,1.6489497,SDSS-SDSS,SDSS,619,52056,437,697052198474901504,26,binning 1   1,DR18
3936.4062,9.639735,2.2657866,1.2147739,SDSS-SDSS,SDSS,619,52056,437,697052198474901504,26,binning 1   1,DR18
3937.3142,10.788898,2.2457197,0.79525775,SDSS-SDSS,SDSS,619,52056,437,697052198474901504,26,binning 1   1,DR18
3938.22,9.015381,2.156844,1.9251944,SDSS-SDSS,SDSS,619,52056,437,697052198474901504,26,binning 1   1,DR18
3939.128,2.2484481,2.0952399,1.6617688,SDSS-SDSS,SDSS,619,52056,437,697052198474901504,26,binning 1   1,DR18
3940.0342,8.354876,2.1510139,2.3354845,SDSS-SDSS,SDSS,619,52056,437,697052198474901504,26,binning 1   1,DR18
3940.9407,4.089827,2.1194203,6.9456434,SDSS-SDSS,SDSS,619,52056,437,697052198474901504,26,binning 1   1,DR18
3941.8494,8.792169,2.1513987,3.5260515,SDSS-SDSS,SDSS,619,52056,437,697052198474901504,26,binning 1   1,DR18
3942.756,5.539017,2.146801,2.765414,SDSS-SDSS,SDSS,619,52056,437,697052198474901504,26,binning 1   1,DR18
3943.6653,2.0510275,2.0922937,0.96978486,SDSS-SDSS,SDSS,619,52056,437,697052198474901504,26,binning 1   1,DR18
3944.5725,0.46809953,2.11145,1.5097262,SDSS-SDSS,SDSS,619,52056,437,697052198474901504,26,binning 1   1,DR18
3945.4822,4.450457,2.1670945,3.7767012,SDSS-SDSS,SDSS,619,52056,437,697052198474901504,26,binning 1   1,DR18
3946.39,7.5344996,2.2064211,2.5680516,SDSS-SDSS,SDSS,619,52056,437,697052198474901504,26,binning 1   1,DR18
3947.2979,4.031686,2.1916323,3.976452,SDSS-SDSS,SDSS,619,52056,437,697052198474901504,26,binning 1   1,DR18
3948.208,5.2691703,2.2970371,2.9974368,SDSS-SDSS,SDSS,619,52056,437,697052198474901504,26,binning 1   1,DR18
3949.1162,4.0631466,2.2126179,2.424844,SDSS-SDSS,SDSS,619,52056,437,697052198474901504,26,binning 1   1,DR18
3950.0269,2.6721501,2.063913,3.369215,SDSS-SDSS,SDSS,619,52056,437,697052198474901504,26,binning 1   1,DR18
3950.9355,3.8020098,1.9553353,2.6357872,SDSS-SDSS,SDSS,619,52056,437,697052198474901504,26,binning 1   1,DR18
3951.8467,9.769092,2.0567112,-0.5418891,SDSS-SDSS,SDSS,619,52056,437,697052198474901504,26,binning 1   1,DR18
3952.7559,6.4057207,2.0374026,3.7763803,SDSS-SDSS,SDSS,619,52056,437,697052198474901504,26,binning 1   1,DR18
3953.665,1.6902784,1.9729663,2.6649685,SDSS-SDSS,SDSS,619,52056,437,697052198474901504,26,binning 1   1,DR18
3954.577,2.5386968,1.9264048,2.1403706,SDSS-SDSS,SDSS,619,52056,437,697052198474901504,26,binning 1   1,DR18
3955.4866,4.5891914,1.9604262,1.5221668,SDSS-SDSS,SDSS,619,52056,437,697052198474901504,26,binning 1   1,DR18
3956.3987,5.490331,2.0063665,-0.58185154,SDSS-SDSS,SDSS,619,52056,437,697052198474901504,26,binning 1   1,DR18
3957.3088,7.0794973,2.0266747,-1.284523,SDSS-SDSS,SDSS,619,52056,437,697052198474901504,26,binning 1   1,DR18
3958.2214,4.299679,1.9616652,0.74743515,SDSS-SDSS,SDSS,619,52056,437,697052198474901504,26,binning 1   1,DR18
3959.132,3.6433473,1.9003557,3.3820248,SDSS-SDSS,SDSS,619,52056,437,697052198474901504,26,binning 1   1,DR18
3960.045,8.306313,1.9282669,2.1392856,SDSS-SDSS,SDSS,619,52056,437,697052198474901504,26,binning 1   1,DR18
3960.956,8.324711,1.9587646,1.6589401,SDSS-SDSS,SDSS,619,52056,437,697052198474901504,26,binning 1   1,DR18
3961.8672,4.6640425,1.8831943,3.1621027,SDSS-SDSS,SDSS,619,52056,437,697052198474901504,26,binning 1   1,DR18
3962.7808,2.380791,1.8706237,2.5999396,SDSS-SDSS,SDSS,619,52056,437,697052198474901504,26,binning 1   1,DR18
3963.6924,6.3159385,1.8828824,3.2166846,SDSS-SDSS,SDSS,619,52056,437,697052198474901504,26,binning 1   1,DR18
3964.6064,8.549298,1.9053798,1.0774378,SDSS-SDSS,SDSS,619,52056,437,697052198474901504,26,binning 1   1,DR18
3965.5186,6.154255,1.9316533,3.6559753,SDSS-SDSS,SDSS,619,52056,437,697052198474901504,26,binning 1   1,DR18
3966.4329,14.669742,2.9859319,4.082769,SDSS-SDSS,SDSS,619,52056,437,697052198474901504,26,binning 1   1,DR18
3967.3455,7.94229,2.8921452,1.4855366,SDSS-SDSS,SDSS,619,52056,437,697052198474901504,26,binning 1   1,DR18
3968.258,12.17508,2.766275,3.3969495,SDSS-SDSS,SDSS,619,52056,437,697052198474901504,26,binning 1   1,DR18
3969.173,12.606261,3.6856847,2.181935,SDSS-SDSS,SDSS,619,52056,437,697052198474901504,26,binning 1   1,DR18
3970.0862,5.569079,2.1677861,4.6682386,SDSS-SDSS,SDSS,619,52056,437,697052198474901504,26,binning 1   1,DR18
3971.0017,6.195503,2.2848022,1.9782792,SDSS-SDSS,SDSS,619,52056,437,697052198474901504,26,binning 1   1,DR18
3971.9153,10.895131,1.9126356,0.67670745,SDSS-SDSS,SDSS,619,52056,437,697052198474901504,26,binning 1   1,DR18
3972.8313,13.801649,2.2087722,4.390281,SDSS-SDSS,SDSS,619,52056,437,697052198474901504,26,binning 1   1,DR18
3973.745,12.709087,2.1401234,5.457342,SDSS-SDSS,SDSS,619,52056,437,697052198474901504,26,binning 1   1,DR18
3974.6592,3.9440868,1.8408504,2.1262836,SDSS-SDSS,SDSS,619,52056,437,697052198474901504,26,binning 1   1,DR18
3975.576,5.3707805,1.8407505,5.1067643,SDSS-SDSS,SDSS,619,52056,437,697052198474901504,26,binning 1   1,DR18
3976.4905,8.338909,1.9068264,3.34601,SDSS-SDSS,SDSS,619,52056,437,697052198474901504,26,binning 1   1,DR18
3977.4075,8.847185,1.8876114,0.5512117,SDSS-SDSS,SDSS,619,52056,437,697052198474901504,26,binning 1   1,DR18
3978.3225,6.124364,1.8208175,1.7607324,SDSS-SDSS,SDSS,619,52056,437,697052198474901504,26,binning 1   1,DR18
3979.2397,4.4285536,1.7613341,3.7840247,SDSS-SDSS,SDSS,619,52056,437,697052198474901504,26,binning 1   1,DR18
3980.1553,6.8757205,1.8321358,3.1694233,SDSS-SDSS,SDSS,619,52056,437,697052198474901504,26,binning 1   1,DR18
3981.0708,5.703681,1.7885273,-1.6854876,SDSS-SDSS,SDSS,619,52056,437,697052198474901504,26,binning 1   1,DR18
3981.9888,4.6791677,1.7963744,2.0571396,SDSS-SDSS,SDSS,619,52056,437,697052198474901504,26,binning 1   1,DR18
3982.905,9.7479725,1.8432364,4.227413,SDSS-SDSS,SDSS,619,52056,437,697052198474901504,26,binning 1   1,DR18
3983.8232,7.46995,1.7946599,1.8370827,SDSS-SDSS,SDSS,619,52056,437,697052198474901504,26,binning 1   1,DR18
3984.7397,5.1747427,1.7660608,5.0650926,SDSS-SDSS,SDSS,619,52056,437,697052198474901504,26,binning 1   1,DR18
3985.6587,5.04708,1.7532376,5.328323,SDSS-SDSS,SDSS,619,52056,437,697052198474901504,26,binning 1   1,DR18
3986.5757,4.1638756,1.7002406,3.4132369,SDSS-SDSS,SDSS,619,52056,437,697052198474901504,26,binning 1   1,DR18
3987.4927,3.4032595,1.725343,-1.6521944,SDSS-SDSS,SDSS,619,52056,437,697052198474901504,26,binning 1   1,DR18
3988.412,6.3573318,1.8119683,-1.9881507,SDSS-SDSS,SDSS,619,52056,437,697052198474901504,26,binning 1   1,DR18
3989.3298,8.922499,1.951499,2.5647843,SDSS-SDSS,SDSS,619,52056,437,697052198474901504,26,binning 1   1,DR18
3990.2498,7.2796335,1.9262636,3.3061695,SDSS-SDSS,SDSS,619,52056,437,697052198474901504,26,binning 1   1,DR18
3991.1677,4.3511147,1.8324808,3.1219468,SDSS-SDSS,SDSS,619,52056,437,697052198474901504,26,binning 1   1,DR18
3992.088,5.277562,1.8040174,4.028865,SDSS-SDSS,SDSS,619,52056,437,697052198474901504,26,binning 1   1,DR18
3993.0063,8.096979,1.7721169,4.127894,SDSS-SDSS,SDSS,619,52056,437,697052198474901504,26,binning 1   1,DR18
3993.925,6.222042,1.7115569,4.571951,SDSS-SDSS,SDSS,619,52056,437,697052198474901504,26,binning 1   1,DR18
3994.846,6.398136,1.6693087,5.730543,SDSS-SDSS,SDSS,619,52056,437,697052198474901504,26,binning 1   1,DR18
3995.765,7.0596147,1.7280358,6.1338654,SDSS-SDSS,SDSS,619,52056,437,697052198474901504,26,binning 1   1,DR18
3996.6863,4.1680317,1.7145822,6.126847,SDSS-SDSS,SDSS,619,52056,437,697052198474901504,26,binning 1   1,DR18
3997.6057,6.733159,1.7990726,2.4514933,SDSS-SDSS,SDSS,619,52056,437,697052198474901504,26,binning 1   1,DR18
3998.5276,5.5645537,1.7762718,4.2547293,SDSS-SDSS,SDSS,619,52056,437,697052198474901504,26,binning 1   1,DR18
3999.4475,4.1202035,1.7240546,5.7312865,SDSS-SDSS,SDSS,619,52056,437,697052198474901504,26,binning 1   1,DR18
4000.3674,6.853885,1.7852651,4.443053,SDSS-SDSS,SDSS,619,52056,437,697052198474901504,26,binning 1   1,DR18
4001.29,7.075139,1.7454258,6.000969,SDSS-SDSS,SDSS,619,52056,437,697052198474901504,26,binning 1   1,DR18
4002.2104,6.0881414,1.742248,5.324334,SDSS-SDSS,SDSS,619,52056,437,697052198474901504,26,binning 1   1,DR18
4003.1333,8.506774,1.770331,3.9965134,SDSS-SDSS,SDSS,619,52056,437,697052198474901504,26,binning 1   1,DR18
4004.0544,7.6059346,1.7786001,5.0520196,SDSS-SDSS,SDSS,619,52056,437,697052198474901504,26,binning 1   1,DR18
4004.9775,7.456712,1.7933251,6.5464664,SDSS-SDSS,SDSS,619,52056,437,697052198474901504,26,binning 1   1,DR18
4005.899,9.875708,1.8209834,5.967859,SDSS-SDSS,SDSS,619,52056,437,697052198474901504,26,binning 1   1,DR18
4006.8206,10.074148,1.8545825,4.3863897,SDSS-SDSS,SDSS,619,52056,437,697052198474901504,26,binning 1   1,DR18
4007.7446,3.8059807,1.7597133,5.540708,SDSS-SDSS,SDSS,619,52056,437,697052198474901504,26,binning 1   1,DR18
4008.6665,4.4827695,1.8298167,3.0310016,SDSS-SDSS,SDSS,619,52056,437,697052198474901504,26,binning 1   1,DR18
4009.5908,9.495911,1.9700539,6.689157,SDSS-SDSS,SDSS,619,52056,437,697052198474901504,26,binning 1   1,DR18
4010.5132,6.140569,2.0210066,7.615563,SDSS-SDSS,SDSS,619,52056,437,697052198474901504,26,binning 1   1,DR18
4011.438,5.44157,1.9592794,3.7162976,SDSS-SDSS,SDSS,619,52056,437,697052198474901504,26,binning 1   1,DR18
4012.3608,3.9058971,1.8877959,4.518081,SDSS-SDSS,SDSS,619,52056,437,697052198474901504,26,binning 1   1,DR18
4013.284,3.5861232,1.8048635,2.5412474,SDSS-SDSS,SDSS,619,52056,437,697052198474901504,26,binning 1   1,DR18
4014.2095,6.3842416,1.7971579,2.7022226,SDSS-SDSS,SDSS,619,52056,437,697052198474901504,26,binning 1   1,DR18
4015.1328,6.653923,1.7642813,7.1680756,SDSS-SDSS,SDSS,619,52056,437,697052198474901504,26,binning 1   1,DR18
4016.0588,6.664258,1.7587041,8.559858,SDSS-SDSS,SDSS,619,52056,437,697052198474901504,26,binning 1   1,DR18
4016.9827,6.924104,1.7216082,5.7821064,SDSS-SDSS,SDSS,619,52056,437,697052198474901504,26,binning 1   1,DR18
4017.909,6.413696,1.7294273,5.740584,SDSS-SDSS,SDSS,619,52056,437,697052198474901504,26,binning 1   1,DR18
4018.8333,6.716579,1.7362201,6.2891874,SDSS-SDSS,SDSS,619,52056,437,697052198474901504,26,binning 1   1,DR18
4019.7578,6.86099,1.7646362,4.551299,SDSS-SDSS,SDSS,619,52056,437,697052198474901504,26,binning 1   1,DR18
4020.6848,3.2250714,1.7340428,3.3362348,SDSS-SDSS,SDSS,619,52056,437,697052198474901504,26,binning 1   1,DR18
4021.6096,5.8433566,1.7629241,2.4885168,SDSS-SDSS,SDSS,619,52056,437,697052198474901504,26,binning 1   1,DR18
4022.537,9.439051,1.8090737,3.8782644,SDSS-SDSS,SDSS,619,52056,437,697052198474901504,26,binning 1   1,DR18
4023.4624,5.327474,1.7745138,8.050289,SDSS-SDSS,SDSS,619,52056,437,697052198474901504,26,binning 1   1,DR18
4024.3901,5.0592394,1.7713205,4.385519,SDSS-SDSS,SDSS,619,52056,437,697052198474901504,26,binning 1   1,DR18
4025.3162,8.287428,1.7890787,5.374024,SDSS-SDSS,SDSS,619,52056,437,697052198474901504,26,binning 1   1,DR18
4026.2422,6.452558,1.7503185,7.781403,SDSS-SDSS,SDSS,619,52056,437,697052198474901504,26,binning 1   1,DR18
4027.1704,5.9836764,1.7178696,7.5032153,SDSS-SDSS,SDSS,619,52056,437,697052198474901504,26,binning 1   1,DR18
4028.097,8.469589,1.7885656,5.7705636,SDSS-SDSS,SDSS,619,52056,437,697052198474901504,26,binning 1   1,DR18
4029.026,6.992207,1.7711211,5.6023617,SDSS-SDSS,SDSS,619,52056,437,697052198474901504,26,binning 1   1,DR18
4029.9526,4.9552484,1.7335476,4.0892,SDSS-SDSS,SDSS,619,52056,437,697052198474901504,26,binning 1   1,DR18
4030.882,7.748092,1.842227,6.8341246,SDSS-SDSS,SDSS,619,52056,437,697052198474901504,26,binning 1   1,DR18
4031.8093,9.0568495,1.8666846,6.190435,SDSS-SDSS,SDSS,619,52056,437,697052198474901504,26,binning 1   1,DR18
4032.739,4.6100664,1.7699442,5.458284,SDSS-SDSS,SDSS,619,52056,437,697052198474901504,26,binning 1   1,DR18
4033.6667,3.3045297,1.646714,7.2996655,SDSS-SDSS,SDSS,619,52056,437,697052198474901504,26,binning 1   1,DR18
4034.5947,6.1482153,1.5814818,7.438965,SDSS-SDSS,SDSS,619,52056,437,697052198474901504,26,binning 1   1,DR18
4035.5251,8.173188,1.6548008,4.8726635,SDSS-SDSS,SDSS,619,52056,437,697052198474901504,26,binning 1   1,DR18
4036.4534,7.6571784,1.6235539,6.6125126,SDSS-SDSS,SDSS,619,52056,437,697052198474901504,26,binning 1   1,DR18
4037.3843,6.4569116,1.6729681,5.1143584,SDSS-SDSS,SDSS,619,52056,437,697052198474901504,26,binning 1   1,DR18
4038.313,7.1543913,1.6990807,3.3490334,SDSS-SDSS,SDSS,619,52056,437,697052198474901504,26,binning 1   1,DR18
4039.2441,8.999524,1.8184116,5.722104,SDSS-SDSS,SDSS,619,52056,437,697052198474901504,26,binning 1   1,DR18
4040.1736,6.4747767,1.8263524,8.573886,SDSS-SDSS,SDSS,619,52056,437,697052198474901504,26,binning 1   1,DR18
4041.103,6.802257,1.7990385,4.0554156,SDSS-SDSS,SDSS,619,52056,437,697052198474901504,26,binning 1   1,DR18
4042.0347,5.221519,1.7851877,4.155324,SDSS-SDSS,SDSS,619,52056,437,697052198474901504,26,binning 1   1,DR18
4042.9646,3.2496393,1.7899436,4.595265,SDSS-SDSS,SDSS,619,52056,437,697052198474901504,26,binning 1   1,DR18
4043.897,8.763659,1.8634375,6.5665536,SDSS-SDSS,SDSS,619,52056,437,697052198474901504,26,binning 1   1,DR18
4044.8271,6.038157,1.9220101,8.884042,SDSS-SDSS,SDSS,619,52056,437,697052198474901504,26,binning 1   1,DR18
4045.76,9.484904,2.142049,7.393587,SDSS-SDSS,SDSS,619,52056,437,697052198474901504,26,binning 1   1,DR18
4046.6907,12.2744665,2.374179,7.97345,SDSS-SDSS,SDSS,619,52056,437,697052198474901504,26,binning 1   1,DR18
4047.6216,3.5114968,2.3922338,6.5341115,SDSS-SDSS,SDSS,619,52056,437,697052198474901504,26,binning 1   1,DR18
4048.555,9.147261,2.138104,4.9856644,SDSS-SDSS,SDSS,619,52056,437,697052198474901504,26,binning 1   1,DR18
4049.4863,3.5963426,1.8081582,4.0639153,SDSS-SDSS,SDSS,619,52056,437,697052198474901504,26,binning 1   1,DR18
4050.4202,8.598458,1.7042903,6.2741823,SDSS-SDSS,SDSS,619,52056,437,697052198474901504,26,binning 1   1,DR18
4051.352,2.8173058,1.6460608,12.159671,SDSS-SDSS,SDSS,619,52056,437,697052198474901504,26,binning 1   1,DR18
4052.2861,8.566995,1.6535598,10.343229,SDSS-SDSS,SDSS,619,52056,437,697052198474901504,26,binning 1   1,DR18
4053.2185,6.743746,1.6416363,3.8662171,SDSS-SDSS,SDSS,619,52056,437,697052198474901504,26,binning 1   1,DR18
4054.151,5.466824,1.632427,1.629341,SDSS-SDSS,SDSS,619,52056,437,697052198474901504,26,binning 1   1,DR18
4055.0857,5.376033,1.6835144,6.5669823,SDSS-SDSS,SDSS,619,52056,437,697052198474901504,26,binning 1   1,DR18
4056.0186,4.963969,1.7362943,9.69982,SDSS-SDSS,SDSS,619,52056,437,697052198474901504,26,binning 1   1,DR18
4056.9539,5.783064,1.6866074,3.0200405,SDSS-SDSS,SDSS,619,52056,437,697052198474901504,26,binning 1   1,DR18
4057.8872,5.334807,1.6270365,4.3220997,SDSS-SDSS,SDSS,619,52056,437,697052198474901504,26,binning 1   1,DR18
4058.823,10.503649,1.6274124,7.429957,SDSS-SDSS,SDSS,619,52056,437,697052198474901504,26,binning 1   1,DR18
4059.7566,5.3778596,1.5919138,5.545147,SDSS-SDSS,SDSS,619,52056,437,697052198474901504,26,binning 1   1,DR18
4060.6907,10.276465,1.6395634,5.2975097,SDSS-SDSS,SDSS,619,52056,437,697052198474901504,26,binning 1   1,DR18
4061.627,6.5575376,1.6326447,7.485,SDSS-SDSS,SDSS,619,52056,437,697052198474901504,26,binning 1   1,DR18
4062.5613,6.8585386,1.6107143,5.5033593,SDSS-SDSS,SDSS,619,52056,437,697052198474901504,26,binning 1   1,DR18
4063.4983,7.7116218,1.7370212,6.118836,SDSS-SDSS,SDSS,619,52056,437,697052198474901504,26,binning 1   1,DR18
4064.433,6.906841,1.8240063,5.158914,SDSS-SDSS,SDSS,619,52056,437,697052198474901504,26,binning 1   1,DR18
4065.37,7.9578815,1.91231,5.9351883,SDSS-SDSS,SDSS,619,52056,437,697052198474901504,26,binning 1   1,DR18
4066.3054,9.057267,1.8731441,6.952194,SDSS-SDSS,SDSS,619,52056,437,697052198474901504,26,binning 1   1,DR18
4067.241,7.2297974,1.7740821,5.9765587,SDSS-SDSS,SDSS,619,52056,437,697052198474901504,26,binning 1   1,DR18
4068.1787,6.477196,1.7121143,5.25388,SDSS-SDSS,SDSS,619,52056,437,697052198474901504,26,binning 1   1,DR18
4069.1147,7.058589,1.6569349,9.0059395,SDSS-SDSS,SDSS,619,52056,437,697052198474901504,26,binning 1   1,DR18
4070.053,6.375695,1.5897576,2.5848727,SDSS-SDSS,SDSS,619,52056,437,697052198474901504,26,binning 1   1,DR18
4070.9893,4.5181937,1.5592159,3.4631546,SDSS-SDSS,SDSS,619,52056,437,697052198474901504,26,binning 1   1,DR18
4071.928,6.489246,1.6147088,6.878866,SDSS-SDSS,SDSS,619,52056,437,697052198474901504,26,binning 1   1,DR18
4072.8647,8.666167,1.703492,4.9910655,SDSS-SDSS,SDSS,619,52056,437,697052198474901504,26,binning 1   1,DR18
4073.8018,6.704708,1.7596984,3.1211047,SDSS-SDSS,SDSS,619,52056,437,697052198474901504,26,binning 1   1,DR18
4074.7412,6.893517,1.7293847,8.604643,SDSS-SDSS,SDSS,619,52056,437,697052198474901504,26,binning 1   1,DR18
4075.6787,8.70094,1.7820119,8.368094,SDSS-SDSS,SDSS,619,52056,437,697052198474901504,26,binning 1   1,DR18
4076.6184,3.7688897,1.8124658,6.9972143,SDSS-SDSS,SDSS,619,52056,437,697052198474901504,26,binning 1   1,DR18
4077.5562,3.021564,1.7634388,7.2456365,SDSS-SDSS,SDSS,619,52056,437,697052198474901504,26,binning 1   1,DR18
4078.4966,6.70272,1.7528899,7.7649093,SDSS-SDSS,SDSS,619,52056,437,697052198474901504,26,binning 1   1,DR18
4079.4348,4.475963,1.690686,7.7052903,SDSS-SDSS,SDSS,619,52056,437,697052198474901504,26,binning 1   1,DR18
4080.3733,8.325775,1.6583778,9.921842,SDSS-SDSS,SDSS,619,52056,437,697052198474901504,26,binning 1   1,DR18
4081.3142,9.127951,1.6298267,6.129612,SDSS-SDSS,SDSS,619,52056,437,697052198474901504,26,binning 1   1,DR18
4082.2532,8.162146,1.6428682,6.6883492,SDSS-SDSS,SDSS,619,52056,437,697052198474901504,26,binning 1   1,DR18
4083.1943,4.6744823,1.5325592,8.5528555,SDSS-SDSS,SDSS,619,52056,437,697052198474901504,26,binning 1   1,DR18
4084.1338,2.3558805,1.5409786,8.648829,SDSS-SDSS,SDSS,619,52056,437,697052198474901504,26,binning 1   1,DR18
4085.0757,4.817377,1.6213253,9.669975,SDSS-SDSS,SDSS,619,52056,437,697052198474901504,26,binning 1   1,DR18
4086.0154,6.58921,1.7208331,7.9317865,SDSS-SDSS,SDSS,619,52056,437,697052198474901504,26,binning 1   1,DR18
4086.9553,5.232487,1.7434607,8.712364,SDSS-SDSS,SDSS,619,52056,437,697052198474901504,26,binning 1   1,DR18
4087.8977,7.2133527,1.7513616,6.8447084,SDSS-SDSS,SDSS,619,52056,437,697052198474901504,26,binning 1   1,DR18
4088.8381,4.421177,1.7018123,6.8859406,SDSS-SDSS,SDSS,619,52056,437,697052198474901504,26,binning 1   1,DR18
4089.781,6.92236,1.6959462,10.188359,SDSS-SDSS,SDSS,619,52056,437,697052198474901504,26,binning 1   1,DR18
4090.722,8.739761,1.6851072,10.215678,SDSS-SDSS,SDSS,619,52056,437,697052198474901504,26,binning 1   1,DR18
4091.6653,6.1990814,1.7384478,6.6561775,SDSS-SDSS,SDSS,619,52056,437,697052198474901504,26,binning 1   1,DR18
4092.6064,5.414667,1.7550662,6.656538,SDSS-SDSS,SDSS,619,52056,437,697052198474901504,26,binning 1   1,DR18
4093.548,7.280146,1.6648813,8.439436,SDSS-SDSS,SDSS,619,52056,437,697052198474901504,26,binning 1   1,DR18
4094.492,6.3837166,1.6553419,8.244102,SDSS-SDSS,SDSS,619,52056,437,697052198474901504,26,binning 1   1,DR18
4095.4338,4.7206063,1.6532681,7.7653427,SDSS-SDSS,SDSS,619,52056,437,697052198474901504,26,binning 1   1,DR18
4096.3784,7.3714643,1.6459157,10.355322,SDSS-SDSS,SDSS,619,52056,437,697052198474901504,26,binning 1   1,DR18
4097.321,5.8315954,1.5788715,9.037726,SDSS-SDSS,SDSS,619,52056,437,697052198474901504,26,binning 1   1,DR18
4098.2656,7.2225165,1.558641,7.1325707,SDSS-SDSS,SDSS,619,52056,437,697052198474901504,26,binning 1   1,DR18
4099.2085,5.334549,1.539615,9.209546,SDSS-SDSS,SDSS,619,52056,437,697052198474901504,26,binning 1   1,DR18
4100.1514,6.706029,1.5465935,8.503897,SDSS-SDSS,SDSS,619,52056,437,697052198474901504,26,binning 1   1,DR18
4101.0967,7.424287,1.5850486,6.3332205,SDSS-SDSS,SDSS,619,52056,437,697052198474901504,26,binning 1   1,DR18
4102.04,7.39962,1.5336524,9.751895,SDSS-SDSS,SDSS,619,52056,437,697052198474901504,26,binning 1   1,DR18
4102.9863,8.11559,1.4708433,5.7647567,SDSS-SDSS,SDSS,619,52056,437,697052198474901504,26,binning 1   1,DR18
4103.93,7.9112773,1.4769447,7.059136,SDSS-SDSS,SDSS,619,52056,437,697052198474901504,26,binning 1   1,DR18
4104.8765,6.018432,1.4198898,7.9491496,SDSS-SDSS,SDSS,619,52056,437,697052198474901504,26,binning 1   1,DR18
4105.821,7.5112915,1.492468,8.24152,SDSS-SDSS,SDSS,619,52056,437,697052198474901504,26,binning 1   1,DR18
4106.7676,12.208206,1.567739,8.149709,SDSS-SDSS,SDSS,619,52056,437,697052198474901504,26,binning 1   1,DR18
4107.7124,5.841536,1.5018077,5.835148,SDSS-SDSS,SDSS,619,52056,437,697052198474901504,26,binning 1   1,DR18
4108.657,5.7249517,1.4835207,5.460012,SDSS-SDSS,SDSS,619,52056,437,697052198474901504,26,binning 1   1,DR18
4109.6045,5.73356,1.4761646,7.4992857,SDSS-SDSS,SDSS,619,52056,437,697052198474901504,26,binning 1   1,DR18
4110.5503,8.40351,1.4643434,7.9403663,SDSS-SDSS,SDSS,619,52056,437,697052198474901504,26,binning 1   1,DR18
4111.498,6.1105733,1.4379092,7.2503176,SDSS-SDSS,SDSS,619,52056,437,697052198474901504,26,binning 1   1,DR18
4112.444,5.2738605,1.393751,7.6550684,SDSS-SDSS,SDSS,619,52056,437,697052198474901504,26,binning 1   1,DR18
4113.392,6.3269076,1.4038192,8.596052,SDSS-SDSS,SDSS,619,52056,437,697052198474901504,26,binning 1   1,DR18
4114.3384,5.7872376,1.4369013,6.01326,SDSS-SDSS,SDSS,619,52056,437,697052198474901504,26,binning 1   1,DR18
4115.285,6.207433,1.5038013,7.7666273,SDSS-SDSS,SDSS,619,52056,437,697052198474901504,26,binning 1   1,DR18
4116.234,7.6836066,1.5379398,9.320971,SDSS-SDSS,SDSS,619,52056,437,697052198474901504,26,binning 1   1,DR18
4117.1807,7.6083965,1.4876351,8.713876,SDSS-SDSS,SDSS,619,52056,437,697052198474901504,26,binning 1   1,DR18
4118.1304,7.2171936,1.4511964,8.980112,SDSS-SDSS,SDSS,619,52056,437,697052198474901504,26,binning 1   1,DR18
4119.0776,5.918149,1.423856,11.741093,SDSS-SDSS,SDSS,619,52056,437,697052198474901504,26,binning 1   1,DR18
4120.0273,8.195616,1.4300917,9.258443,SDSS-SDSS,SDSS,619,52056,437,697052198474901504,26,binning 1   1,DR18
4120.975,4.8730197,1.3966674,8.264863,SDSS-SDSS,SDSS,619,52056,437,697052198474901504,26,binning 1   1,DR18
4121.9233,6.972737,1.4106426,10.503737,SDSS-SDSS,SDSS,619,52056,437,697052198474901504,26,binning 1   1,DR18
4122.874,7.34931,1.4324174,9.913467,SDSS-SDSS,SDSS,619,52056,437,697052198474901504,26,binning 1   1,DR18
4123.8223,5.62847,1.4186808,7.2160015,SDSS-SDSS,SDSS,619,52056,437,697052198474901504,26,binning 1   1,DR18
4124.7734,6.6902947,1.4605901,9.370667,SDSS-SDSS,SDSS,619,52056,437,697052198474901504,26,binning 1   1,DR18
4125.722,5.198144,1.4979421,10.8547535,SDSS-SDSS,SDSS,619,52056,437,697052198474901504,26,binning 1   1,DR18
4126.6733,6.4917603,1.5714071,8.344717,SDSS-SDSS,SDSS,619,52056,437,697052198474901504,26,binning 1   1,DR18
4127.623,9.431119,1.6650337,9.0149145,SDSS-SDSS,SDSS,619,52056,437,697052198474901504,26,binning 1   1,DR18
4128.5723,9.537257,1.6767669,11.057152,SDSS-SDSS,SDSS,619,52056,437,697052198474901504,26,binning 1   1,DR18
4129.5244,5.345277,1.5570382,12.108069,SDSS-SDSS,SDSS,619,52056,437,697052198474901504,26,binning 1   1,DR18
4130.4746,5.1130004,1.436325,13.269004,SDSS-SDSS,SDSS,619,52056,437,697052198474901504,26,binning 1   1,DR18
4131.427,4.908993,1.384022,12.011201,SDSS-SDSS,SDSS,619,52056,437,697052198474901504,26,binning 1   1,DR18
4132.3774,3.9952545,1.3753164,8.810057,SDSS-SDSS,SDSS,619,52056,437,697052198474901504,26,binning 1   1,DR18
4133.33,5.2023945,1.4860417,6.6919923,SDSS-SDSS,SDSS,619,52056,437,697052198474901504,26,binning 1   1,DR18
4134.2812,7.0316877,1.6090477,7.759245,SDSS-SDSS,SDSS,619,52056,437,697052198474901504,26,binning 1   1,DR18
4135.2324,6.395601,1.6704816,8.540879,SDSS-SDSS,SDSS,619,52056,437,697052198474901504,26,binning 1   1,DR18
4136.1855,5.3914237,1.6576424,6.2599006,SDSS-SDSS,SDSS,619,52056,437,697052198474901504,26,binning 1   1,DR18
4137.137,6.9027667,1.5829438,11.106262,SDSS-SDSS,SDSS,619,52056,437,697052198474901504,26,binning 1   1,DR18
4138.0913,4.6132493,1.4932599,9.224978,SDSS-SDSS,SDSS,619,52056,437,697052198474901504,26,binning 1   1,DR18
4139.0435,7.244395,1.4910727,7.6112323,SDSS-SDSS,SDSS,619,52056,437,697052198474901504,26,binning 1   1,DR18
4139.9976,7.089847,1.5108755,8.983817,SDSS-SDSS,SDSS,619,52056,437,697052198474901504,26,binning 1   1,DR18
4140.95,6.2217,1.5157166,10.249221,SDSS-SDSS,SDSS,619,52056,437,697052198474901504,26,binning 1   1,DR18
4141.903,6.912829,1.476979,9.527028,SDSS-SDSS,SDSS,619,52056,437,697052198474901504,26,binning 1   1,DR18
4142.858,6.2484593,1.4507036,11.747784,SDSS-SDSS,SDSS,619,52056,437,697052198474901504,26,binning 1   1,DR18
4143.811,4.7202044,1.3793548,10.919573,SDSS-SDSS,SDSS,619,52056,437,697052198474901504,26,binning 1   1,DR18
4144.7666,6.2039986,1.4113209,8.648927,SDSS-SDSS,SDSS,619,52056,437,697052198474901504,26,binning 1   1,DR18
4145.72,6.812806,1.4047976,8.696835,SDSS-SDSS,SDSS,619,52056,437,697052198474901504,26,binning 1   1,DR18
4146.676,3.2992063,1.4217323,10.259274,SDSS-SDSS,SDSS,619,52056,437,697052198474901504,26,binning 1   1,DR18
4147.63,7.6510463,1.5178771,10.016966,SDSS-SDSS,SDSS,619,52056,437,697052198474901504,26,binning 1   1,DR18
4148.584,7.857384,1.5355669,10.945329,SDSS-SDSS,SDSS,619,52056,437,697052198474901504,26,binning 1   1,DR18
4149.5405,4.0557785,1.4382656,8.53111,SDSS-SDSS,SDSS,619,52056,437,697052198474901504,26,binning 1   1,DR18
4150.495,6.544319,1.8070385,8.21394,SDSS-SDSS,SDSS,619,52056,437,697052198474901504,26,binning 1   1,DR18
4151.4526,8.794232,1.7617006,9.59527,SDSS-SDSS,SDSS,619,52056,437,697052198474901504,26,binning 1   1,DR18
4152.407,6.5256753,1.3585651,10.508284,SDSS-SDSS,SDSS,619,52056,437,697052198474901504,26,binning 1   1,DR18
4153.3647,6.2917852,1.3417307,10.45517,SDSS-SDSS,SDSS,619,52056,437,697052198474901504,26,binning 1   1,DR18
4154.3203,6.150359,1.3584828,8.603108,SDSS-SDSS,SDSS,619,52056,437,697052198474901504,26,binning 1   1,DR18
4155.2764,3.2988317,1.3227006,8.103355,SDSS-SDSS,SDSS,619,52056,437,697052198474901504,26,binning 1   1,DR18
4156.2344,6.8269525,1.4106507,9.711273,SDSS-SDSS,SDSS,619,52056,437,697052198474901504,26,binning 1   1,DR18
4157.1904,8.226577,1.4902809,11.5078335,SDSS-SDSS,SDSS,619,52056,437,697052198474901504,26,binning 1   1,DR18
4158.149,6.4624534,1.4653693,11.1573925,SDSS-SDSS,SDSS,619,52056,437,697052198474901504,26,binning 1   1,DR18
4159.1055,5.3939815,1.4381316,9.536293,SDSS-SDSS,SDSS,619,52056,437,697052198474901504,26,binning 1   1,DR18
4160.065,5.2131896,1.4341118,12.21995,SDSS-SDSS,SDSS,619,52056,437,697052198474901504,26,binning 1   1,DR18
4161.022,5.9466352,1.4359654,10.714377,SDSS-SDSS,SDSS,619,52056,437,697052198474901504,26,binning 1   1,DR18
4161.979,7.2738028,1.4556459,9.439794,SDSS-SDSS,SDSS,619,52056,437,697052198474901504,26,binning 1   1,DR18
4162.939,6.964596,1.4451205,10.538409,SDSS-SDSS,SDSS,619,52056,437,697052198474901504,26,binning 1   1,DR18
4163.8965,6.551407,1.437451,11.715598,SDSS-SDSS,SDSS,619,52056,437,697052198474901504,26,binning 1   1,DR18
4164.8564,6.193872,1.4558343,10.770893,SDSS-SDSS,SDSS,619,52056,437,697052198474901504,26,binning 1   1,DR18
4165.815,5.4558973,1.5620667,11.3049,SDSS-SDSS,SDSS,619,52056,437,697052198474901504,26,binning 1   1,DR18
4166.7754,5.948574,1.593525,11.375478,SDSS-SDSS,SDSS,619,52056,437,697052198474901504,26,binning 1   1,DR18
4167.734,5.0703692,1.5277886,12.947988,SDSS-SDSS,SDSS,619,52056,437,697052198474901504,26,binning 1   1,DR18
4168.693,8.444191,1.5016478,12.960838,SDSS-SDSS,SDSS,619,52056,437,697052198474901504,26,binning 1   1,DR18
4169.654,6.3635154,1.4502085,10.474082,SDSS-SDSS,SDSS,619,52056,437,697052198474901504,26,binning 1   1,DR18
4170.6133,6.773454,1.4108515,9.217166,SDSS-SDSS,SDSS,619,52056,437,697052198474901504,26,binning 1   1,DR18
4171.575,5.385399,1.409136,9.9807005,SDSS-SDSS,SDSS,619,52056,437,697052198474901504,26,binning 1   1,DR18
4172.5347,7.003088,1.4209317,8.62393,SDSS-SDSS,SDSS,619,52056,437,697052198474901504,26,binning 1   1,DR18
4173.497,5.328156,1.4102343,9.996851,SDSS-SDSS,SDSS,619,52056,437,697052198474901504,26,binning 1   1,DR18
4174.457,3.5880961,1.3208584,10.067593,SDSS-SDSS,SDSS,619,52056,437,697052198474901504,26,binning 1   1,DR18
4175.4175,5.9615164,1.393477,9.08282,SDSS-SDSS,SDSS,619,52056,437,697052198474901504,26,binning 1   1,DR18
4176.38,5.5166755,1.3434978,12.055131,SDSS-SDSS,SDSS,619,52056,437,697052198474901504,26,binning 1   1,DR18
4177.341,2.5871603,1.2891239,10.994979,SDSS-SDSS,SDSS,619,52056,437,697052198474901504,26,binning 1   1,DR18
4178.304,4.0114193,1.3369946,11.396432,SDSS-SDSS,SDSS,619,52056,437,697052198474901504,26,binning 1   1,DR18
4179.265,10.684489,1.4613091,8.94134,SDSS-SDSS,SDSS,619,52056,437,697052198474901504,26,binning 1   1,DR18
4180.229,8.961026,1.4150896,9.292504,SDSS-SDSS,SDSS,619,52056,437,697052198474901504,26,binning 1   1,DR18
4181.191,6.2809424,1.2954571,11.482785,SDSS-SDSS,SDSS,619,52056,437,697052198474901504,26,binning 1   1,DR18
4182.155,3.4877968,1.2750038,8.048254,SDSS-SDSS,SDSS,619,52056,437,697052198474901504,26,binning 1   1,DR18
4183.117,7.093939,1.330187,8.991558,SDSS-SDSS,SDSS,619,52056,437,697052198474901504,26,binning 1   1,DR18
4184.0796,5.598295,1.3042012,11.303627,SDSS-SDSS,SDSS,619,52056,437,697052198474901504,26,binning 1   1,DR18
4185.0444,2.646448,1.252487,11.863756,SDSS-SDSS,SDSS,619,52056,437,697052198474901504,26,binning 1   1,DR18
4186.007,5.295815,1.3193429,10.344616,SDSS-SDSS,SDSS,619,52056,437,697052198474901504,26,binning 1   1,DR18
4186.972,4.807074,1.3731053,9.094351,SDSS-SDSS,SDSS,619,52056,437,697052198474901504,26,binning 1   1,DR18
4187.9355,5.5842896,1.406723,10.442452,SDSS-SDSS,SDSS,619,52056,437,697052198474901504,26,binning 1   1,DR18
4188.9014,4.150584,1.4284137,11.753875,SDSS-SDSS,SDSS,619,52056,437,697052198474901504,26,binning 1   1,DR18
4189.8647,5.628013,1.4550419,10.206543,SDSS-SDSS,SDSS,619,52056,437,697052198474901504,26,binning 1   1,DR18
4190.8286,3.706036,1.4163998,11.53465,SDSS-SDSS,SDSS,619,52056,437,697052198474901504,26,binning 1   1,DR18
4191.795,5.274013,1.3895184,12.421167,SDSS-SDSS,SDSS,619,52056,437,697052198474901504,26,binning 1   1,DR18
4192.7593,7.636349,1.3718152,11.233874,SDSS-SDSS,SDSS,619,52056,437,697052198474901504,26,binning 1   1,DR18
4193.726,5.4769697,1.3191307,11.569605,SDSS-SDSS,SDSS,619,52056,437,697052198474901504,26,binning 1   1,DR18
4194.691,6.442194,1.3030444,11.475011,SDSS-SDSS,SDSS,619,52056,437,697052198474901504,26,binning 1   1,DR18
4195.658,6.512964,1.3038765,11.152962,SDSS-SDSS,SDSS,619,52056,437,697052198474901504,26,binning 1   1,DR18
4196.6235,4.38857,1.2954386,10.079702,SDSS-SDSS,SDSS,619,52056,437,697052198474901504,26,binning 1   1,DR18
4197.589,8.224367,1.3591846,10.927797,SDSS-SDSS,SDSS,619,52056,437,697052198474901504,26,binning 1   1,DR18
4198.557,5.8819685,1.3546236,12.702182,SDSS-SDSS,SDSS,619,52056,437,697052198474901504,26,binning 1   1,DR18
4199.523,4.741231,1.3364747,11.1089945,SDSS-SDSS,SDSS,619,52056,437,697052198474901504,26,binning 1   1,DR18
4200.491,5.259595,1.3078878,9.023531,SDSS-SDSS,SDSS,619,52056,437,697052198474901504,26,binning 1   1,DR18
4201.4575,6.4080358,1.2888465,9.536485,SDSS-SDSS,SDSS,619,52056,437,697052198474901504,26,binning 1   1,DR18
4202.4263,3.4700134,1.2368474,11.997006,SDSS-SDSS,SDSS,619,52056,437,697052198474901504,26,binning 1   1,DR18
4203.393,6.4510856,1.2133911,13.159208,SDSS-SDSS,SDSS,619,52056,437,697052198474901504,26,binning 1   1,DR18
4204.36,4.1737585,1.214695,12.504077,SDSS-SDSS,SDSS,619,52056,437,697052198474901504,26,binning 1   1,DR18
4205.3296,3.5697799,1.1755012,12.39781,SDSS-SDSS,SDSS,619,52056,437,697052198474901504,26,binning 1   1,DR18
4206.297,6.232471,1.2520541,12.021979,SDSS-SDSS,SDSS,619,52056,437,697052198474901504,26,binning 1   1,DR18
4207.267,6.8101754,1.2336757,10.050804,SDSS-SDSS,SDSS,619,52056,437,697052198474901504,26,binning 1   1,DR18
4208.235,7.2146444,1.2855793,11.597822,SDSS-SDSS,SDSS,619,52056,437,697052198474901504,26,binning 1   1,DR18
4209.205,4.475884,1.2683253,11.674175,SDSS-SDSS,SDSS,619,52056,437,697052198474901504,26,binning 1   1,DR18
4210.174,6.6986303,1.2813157,10.337675,SDSS-SDSS,SDSS,619,52056,437,697052198474901504,26,binning 1   1,DR18
4211.142,3.3749557,1.2317791,13.232165,SDSS-SDSS,SDSS,619,52056,437,697052198474901504,26,binning 1   1,DR18
4212.1133,5.623322,1.2452289,11.545188,SDSS-SDSS,SDSS,619,52056,437,697052198474901504,26,binning 1   1,DR18
4213.082,5.2157354,1.2454679,8.226232,SDSS-SDSS,SDSS,619,52056,437,697052198474901504,26,binning 1   1,DR18
4214.0537,6.2804413,1.2178875,9.107614,SDSS-SDSS,SDSS,619,52056,437,697052198474901504,26,binning 1   1,DR18
4215.023,6.965785,1.2542759,12.963821,SDSS-SDSS,SDSS,619,52056,437,697052198474901504,26,binning 1   1,DR18
4215.995,5.703853,1.2074757,14.1004095,SDSS-SDSS,SDSS,619,52056,437,697052198474901504,26,binning 1   1,DR18
4216.965,5.937548,1.2235733,10.2571745,SDSS-SDSS,SDSS,619,52056,437,697052198474901504,26,binning 1   1,DR18
4217.935,5.545373,1.2034334,10.160318,SDSS-SDSS,SDSS,619,52056,437,697052198474901504,26,binning 1   1,DR18
4218.9077,1.6670239,1.141053,10.236053,SDSS-SDSS,SDSS,619,52056,437,697052198474901504,26,binning 1   1,DR18
4219.8784,4.7888436,1.1992342,11.040852,SDSS-SDSS,SDSS,619,52056,437,697052198474901504,26,binning 1   1,DR18
4220.8516,5.608297,1.2320062,10.786802,SDSS-SDSS,SDSS,619,52056,437,697052198474901504,26,binning 1   1,DR18
4221.8223,7.841749,1.2928003,8.832937,SDSS-SDSS,SDSS,619,52056,437,697052198474901504,26,binning 1   1,DR18
4222.796,5.019543,1.294576,8.534329,SDSS-SDSS,SDSS,619,52056,437,697052198474901504,26,binning 1   1,DR18
4223.7676,6.3711796,1.2829317,13.170086,SDSS-SDSS,SDSS,619,52056,437,697052198474901504,26,binning 1   1,DR18
4224.7393,6.6480546,1.2797881,11.891045,SDSS-SDSS,SDSS,619,52056,437,697052198474901504,26,binning 1   1,DR18
4225.7134,5.1288943,1.3381445,9.944424,SDSS-SDSS,SDSS,619,52056,437,697052198474901504,26,binning 1   1,DR18
4226.6855,4.3691916,1.3460827,10.962736,SDSS-SDSS,SDSS,619,52056,437,697052198474901504,26,binning 1   1,DR18
4227.66,5.2819257,1.3540137,12.066962,SDSS-SDSS,SDSS,619,52056,437,697052198474901504,26,binning 1   1,DR18
4228.633,5.934795,1.3173313,9.827923,SDSS-SDSS,SDSS,619,52056,437,697052198474901504,26,binning 1   1,DR18
4229.608,5.6079683,1.2784195,10.502366,SDSS-SDSS,SDSS,619,52056,437,697052198474901504,26,binning 1   1,DR18
4230.5806,6.485406,1.1793894,10.688867,SDSS-SDSS,SDSS,619,52056,437,697052198474901504,26,binning 1   1,DR18
4231.554,3.9939122,1.1492252,9.911456,SDSS-SDSS,SDSS,619,52056,437,697052198474901504,26,binning 1   1,DR18
4232.53,6.1754217,1.1905323,10.384865,SDSS-SDSS,SDSS,619,52056,437,697052198474901504,26,binning 1   1,DR18
4233.5034,5.987185,1.1939112,12.347408,SDSS-SDSS,SDSS,619,52056,437,697052198474901504,26,binning 1   1,DR18
4234.48,4.1795397,1.1596173,13.149114,SDSS-SDSS,SDSS,619,52056,437,697052198474901504,26,binning 1   1,DR18
4235.454,5.03384,1.1946875,11.885029,SDSS-SDSS,SDSS,619,52056,437,697052198474901504,26,binning 1   1,DR18
4236.4307,6.1278124,1.2888415,12.063374,SDSS-SDSS,SDSS,619,52056,437,697052198474901504,26,binning 1   1,DR18
4237.4053,6.8672924,1.3878493,11.432369,SDSS-SDSS,SDSS,619,52056,437,697052198474901504,26,binning 1   1,DR18
4238.38,6.4161315,1.4151034,12.348888,SDSS-SDSS,SDSS,619,52056,437,697052198474901504,26,binning 1   1,DR18
4239.3574,5.5673037,1.4034255,14.184739,SDSS-SDSS,SDSS,619,52056,437,697052198474901504,26,binning 1   1,DR18
4240.3325,6.447905,1.3105044,12.755988,SDSS-SDSS,SDSS,619,52056,437,697052198474901504,26,binning 1   1,DR18
4241.3105,6.335471,1.2625526,11.566252,SDSS-SDSS,SDSS,619,52056,437,697052198474901504,26,binning 1   1,DR18
4242.286,4.042418,1.2040578,12.426788,SDSS-SDSS,SDSS,619,52056,437,697052198474901504,26,binning 1   1,DR18
4243.264,5.133722,1.1927935,11.814583,SDSS-SDSS,SDSS,619,52056,437,697052198474901504,26,binning 1   1,DR18
4244.2407,4.3168106,1.1912141,12.861016,SDSS-SDSS,SDSS,619,52056,437,697052198474901504,26,binning 1   1,DR18
4245.217,2.860714,1.2169589,15.158828,SDSS-SDSS,SDSS,619,52056,437,697052198474901504,26,binning 1   1,DR18
4246.196,4.893402,1.2571447,13.6970415,SDSS-SDSS,SDSS,619,52056,437,697052198474901504,26,binning 1   1,DR18
4247.173,3.5350337,1.3244022,12.418129,SDSS-SDSS,SDSS,619,52056,437,697052198474901504,26,binning 1   1,DR18
4248.152,5.6258163,1.3462839,12.801565,SDSS-SDSS,SDSS,619,52056,437,697052198474901504,26,binning 1   1,DR18
4249.1294,6.6336,1.3886082,15.308246,SDSS-SDSS,SDSS,619,52056,437,697052198474901504,26,binning 1   1,DR18
4250.1094,4.257603,1.3453865,15.582231,SDSS-SDSS,SDSS,619,52056,437,697052198474901504,26,binning 1   1,DR18
4251.087,5.94703,1.3460722,14.3146515,SDSS-SDSS,SDSS,619,52056,437,697052198474901504,26,binning 1   1,DR18
4252.065,6.15969,1.3580431,16.561676,SDSS-SDSS,SDSS,619,52056,437,697052198474901504,26,binning 1   1,DR18
4253.0454,5.218687,1.3165507,17.647552,SDSS-SDSS,SDSS,619,52056,437,697052198474901504,26,binning 1   1,DR18
4254.024,3.8817093,1.2956758,16.874308,SDSS-SDSS,SDSS,619,52056,437,697052198474901504,26,binning 1   1,DR18
4255.005,6.9596214,1.3212408,14.848254,SDSS-SDSS,SDSS,619,52056,437,697052198474901504,26,binning 1   1,DR18
4255.9834,4.360492,1.2928563,13.894504,SDSS-SDSS,SDSS,619,52056,437,697052198474901504,26,binning 1   1,DR18
4256.965,5.128614,1.3101948,14.611651,SDSS-SDSS,SDSS,619,52056,437,697052198474901504,26,binning 1   1,DR18
4257.9443,7.6637893,1.3079989,15.180408,SDSS-SDSS,SDSS,619,52056,437,697052198474901504,26,binning 1   1,DR18
4258.9263,6.068461,1.2908843,14.887742,SDSS-SDSS,SDSS,619,52056,437,697052198474901504,26,binning 1   1,DR18
4259.906,4.8063087,1.2341498,14.705649,SDSS-SDSS,SDSS,619,52056,437,697052198474901504,26,binning 1   1,DR18
4260.8857,5.3485765,1.2181616,16.42422,SDSS-SDSS,SDSS,619,52056,437,697052198474901504,26,binning 1   1,DR18
4261.8687,4.711148,1.2270156,15.933855,SDSS-SDSS,SDSS,619,52056,437,697052198474901504,26,binning 1   1,DR18
4262.849,5.239345,1.274286,14.6038065,SDSS-SDSS,SDSS,619,52056,437,697052198474901504,26,binning 1   1,DR18
4263.832,5.96109,1.2984946,17.157572,SDSS-SDSS,SDSS,619,52056,437,697052198474901504,26,binning 1   1,DR18
4264.813,5.898408,1.2775306,14.513304,SDSS-SDSS,SDSS,619,52056,437,697052198474901504,26,binning 1   1,DR18
4265.7964,7.3039527,1.2678028,13.358924,SDSS-SDSS,SDSS,619,52056,437,697052198474901504,26,binning 1   1,DR18
4266.778,4.7532268,1.2157973,15.526397,SDSS-SDSS,SDSS,619,52056,437,697052198474901504,26,binning 1   1,DR18
4267.7593,5.851721,1.2159009,16.423687,SDSS-SDSS,SDSS,619,52056,437,697052198474901504,26,binning 1   1,DR18
4268.743,5.5194936,1.2000133,16.005234,SDSS-SDSS,SDSS,619,52056,437,697052198474901504,26,binning 1   1,DR18
4269.7256,6.54779,1.2107832,17.98457,SDSS-SDSS,SDSS,619,52056,437,697052198474901504,26,binning 1   1,DR18
4270.71,5.163752,1.1670458,16.23004,SDSS-SDSS,SDSS,619,52056,437,697052198474901504,26,binning 1   1,DR18
4271.6924,4.616819,1.156699,11.856588,SDSS-SDSS,SDSS,619,52056,437,697052198474901504,26,binning 1   1,DR18
4272.6772,5.9128184,1.2086811,14.690572,SDSS-SDSS,SDSS,619,52056,437,697052198474901504,26,binning 1   1,DR18
4273.6606,5.6697526,1.2276928,17.132542,SDSS-SDSS,SDSS,619,52056,437,697052198474901504,26,binning 1   1,DR18
4274.6436,6.2697144,1.2364007,14.5566,SDSS-SDSS,SDSS,619,52056,437,697052198474901504,26,binning 1   1,DR18
4275.6294,6.141085,1.221105,14.309573,SDSS-SDSS,SDSS,619,52056,437,697052198474901504,26,binning 1   1,DR18
4276.613,5.146001,1.2131796,18.14048,SDSS-SDSS,SDSS,619,52056,437,697052198474901504,26,binning 1   1,DR18
4277.599,6.71199,1.2312707,14.955114,SDSS-SDSS,SDSS,619,52056,437,697052198474901504,26,binning 1   1,DR18
4278.583,4.8591948,1.2361218,15.474437,SDSS-SDSS,SDSS,619,52056,437,697052198474901504,26,binning 1   1,DR18
4279.57,4.48994,1.2188028,16.403774,SDSS-SDSS,SDSS,619,52056,437,697052198474901504,26,binning 1   1,DR18
4280.554,4.6923027,1.2192385,14.949635,SDSS-SDSS,SDSS,619,52056,437,697052198474901504,26,binning 1   1,DR18
4281.539,5.2812176,1.1756707,15.759361,SDSS-SDSS,SDSS,619,52056,437,697052198474901504,26,binning 1   1,DR18
4282.5264,4.546769,1.1177226,16.088316,SDSS-SDSS,SDSS,619,52056,437,697052198474901504,26,binning 1   1,DR18
4283.5117,4.900802,1.1794926,15.617378,SDSS-SDSS,SDSS,619,52056,437,697052198474901504,26,binning 1   1,DR18
4284.499,5.807444,1.211262,14.760813,SDSS-SDSS,SDSS,619,52056,437,697052198474901504,26,binning 1   1,DR18
4285.485,4.893342,1.1978493,14.9708185,SDSS-SDSS,SDSS,619,52056,437,697052198474901504,26,binning 1   1,DR18
4286.473,6.362193,1.1822666,15.490581,SDSS-SDSS,SDSS,619,52056,437,697052198474901504,26,binning 1   1,DR18
4287.459,5.9057293,1.1551462,14.238833,SDSS-SDSS,SDSS,619,52056,437,697052198474901504,26,binning 1   1,DR18
4288.4453,3.9139771,1.1003177,13.65946,SDSS-SDSS,SDSS,619,52056,437,697052198474901504,26,binning 1   1,DR18
4289.4346,4.968237,1.0997227,15.1885395,SDSS-SDSS,SDSS,619,52056,437,697052198474901504,26,binning 1   1,DR18
4290.4214,5.891416,1.1151474,14.474537,SDSS-SDSS,SDSS,619,52056,437,697052198474901504,26,binning 1   1,DR18
4291.4106,4.7858768,1.136738,13.43086,SDSS-SDSS,SDSS,619,52056,437,697052198474901504,26,binning 1   1,DR18
4292.398,6.84834,1.184134,13.668926,SDSS-SDSS,SDSS,619,52056,437,697052198474901504,26,binning 1   1,DR18
4293.3877,7.6432285,1.2486206,13.322076,SDSS-SDSS,SDSS,619,52056,437,697052198474901504,26,binning 1   1,DR18
4294.3755,6.667284,1.2105005,12.639731,SDSS-SDSS,SDSS,619,52056,437,697052198474901504,26,binning 1   1,DR18
4295.3633,6.782242,1.220497,12.82028,SDSS-SDSS,SDSS,619,52056,437,697052198474901504,26,binning 1   1,DR18
4296.3535,6.5103226,1.2014997,14.22643,SDSS-SDSS,SDSS,619,52056,437,697052198474901504,26,binning 1   1,DR18
4297.3423,5.7903876,1.1599895,14.921665,SDSS-SDSS,SDSS,619,52056,437,697052198474901504,26,binning 1   1,DR18
4298.333,5.2841096,1.1370093,14.500289,SDSS-SDSS,SDSS,619,52056,437,697052198474901504,26,binning 1   1,DR18
4299.322,2.801095,1.1103811,14.500659,SDSS-SDSS,SDSS,619,52056,437,697052198474901504,26,binning 1   1,DR18
4300.3135,8.379082,1.1764265,14.377496,SDSS-SDSS,SDSS,619,52056,437,697052198474901504,26,binning 1   1,DR18
4301.3027,6.4327564,1.1548971,15.544758,SDSS-SDSS,SDSS,619,52056,437,697052198474901504,26,binning 1   1,DR18
4302.292,5.8118567,1.1304803,15.972848,SDSS-SDSS,SDSS,619,52056,437,697052198474901504,26,binning 1   1,DR18
4303.284,6.285145,1.1408671,16.698454,SDSS-SDSS,SDSS,619,52056,437,697052198474901504,26,binning 1   1,DR18
4304.2744,5.6284266,1.1366453,17.028803,SDSS-SDSS,SDSS,619,52056,437,697052198474901504,26,binning 1   1,DR18
4305.2666,4.4471607,1.1566854,14.630412,SDSS-SDSS,SDSS,619,52056,437,697052198474901504,26,binning 1   1,DR18
4306.2573,5.5256696,1.1720308,13.35624,SDSS-SDSS,SDSS,619,52056,437,697052198474901504,26,binning 1   1,DR18
4307.25,6.4487076,1.2046034,14.864926,SDSS-SDSS,SDSS,619,52056,437,697052198474901504,26,binning 1   1,DR18
4308.241,4.0223145,1.1596253,13.01583,SDSS-SDSS,SDSS,619,52056,437,697052198474901504,26,binning 1   1,DR18
4309.232,4.528781,1.1652672,12.870084,SDSS-SDSS,SDSS,619,52056,437,697052198474901504,26,binning 1   1,DR18
4310.226,8.528257,1.2285465,15.30376,SDSS-SDSS,SDSS,619,52056,437,697052198474901504,26,binning 1   1,DR18
4311.2173,6.4662356,1.2329954,13.986519,SDSS-SDSS,SDSS,619,52056,437,697052198474901504,26,binning 1   1,DR18
4312.2114,4.9086213,1.2112588,13.32085,SDSS-SDSS,SDSS,619,52056,437,697052198474901504,26,binning 1   1,DR18
4313.2036,7.4954715,1.2501081,13.003749,SDSS-SDSS,SDSS,619,52056,437,697052198474901504,26,binning 1   1,DR18
4314.198,5.4275937,1.252864,14.3304825,SDSS-SDSS,SDSS,619,52056,437,697052198474901504,26,binning 1   1,DR18
4315.1904,6.504376,1.2571921,15.971226,SDSS-SDSS,SDSS,619,52056,437,697052198474901504,26,binning 1   1,DR18
4316.1836,5.2957473,1.2440403,15.891186,SDSS-SDSS,SDSS,619,52056,437,697052198474901504,26,binning 1   1,DR18
4317.1787,4.200371,1.2165098,14.445288,SDSS-SDSS,SDSS,619,52056,437,697052198474901504,26,binning 1   1,DR18
4318.172,5.2451987,1.3291036,15.038274,SDSS-SDSS,SDSS,619,52056,437,697052198474901504,26,binning 1   1,DR18
4319.1675,5.9056754,1.3732297,12.49624,SDSS-SDSS,SDSS,619,52056,437,697052198474901504,26,binning 1   1,DR18
4320.161,7.1253014,1.3702644,12.974802,SDSS-SDSS,SDSS,619,52056,437,697052198474901504,26,binning 1   1,DR18
4321.157,8.026761,1.3502653,11.904736,SDSS-SDSS,SDSS,619,52056,437,697052198474901504,26,binning 1   1,DR18
4322.1514,6.8490543,1.2636222,9.395499,SDSS-SDSS,SDSS,619,52056,437,697052198474901504,26,binning 1   1,DR18
4323.146,7.371212,1.1808809,11.65942,SDSS-SDSS,SDSS,619,52056,437,697052198474901504,26,binning 1   1,DR18
4324.1426,4.9396186,1.1241672,10.662933,SDSS-SDSS,SDSS,619,52056,437,697052198474901504,26,binning 1   1,DR18
4325.1377,7.2577596,1.1667022,13.151409,SDSS-SDSS,SDSS,619,52056,437,697052198474901504,26,binning 1   1,DR18
4326.135,6.9220104,1.2100797,13.67569,SDSS-SDSS,SDSS,619,52056,437,697052198474901504,26,binning 1   1,DR18
4327.13,5.213522,1.1577406,11.915194,SDSS-SDSS,SDSS,619,52056,437,697052198474901504,26,binning 1   1,DR18
4328.128,6.4489427,1.1362278,12.151525,SDSS-SDSS,SDSS,619,52056,437,697052198474901504,26,binning 1   1,DR18
4329.1235,6.67251,1.1283915,15.830669,SDSS-SDSS,SDSS,619,52056,437,697052198474901504,26,binning 1   1,DR18
4330.1196,6.1271625,1.1354154,15.401285,SDSS-SDSS,SDSS,619,52056,437,697052198474901504,26,binning 1   1,DR18
4331.118,5.889714,1.147043,15.2773905,SDSS-SDSS,SDSS,619,52056,437,697052198474901504,26,binning 1   1,DR18
4332.1143,5.6179585,1.1466715,14.777921,SDSS-SDSS,SDSS,619,52056,437,697052198474901504,26,binning 1   1,DR18
4333.1133,7.14562,1.1543958,14.127155,SDSS-SDSS,SDSS,619,52056,437,697052198474901504,26,binning 1   1,DR18
4334.1104,4.6423903,1.1146724,14.038709,SDSS-SDSS,SDSS,619,52056,437,697052198474901504,26,binning 1   1,DR18
4335.11,8.433729,1.1429436,13.739849,SDSS-SDSS,SDSS,619,52056,437,697052198474901504,26,binning 1   1,DR18
4336.107,8.034315,1.1641964,11.70303,SDSS-SDSS,SDSS,619,52056,437,697052198474901504,26,binning 1   1,DR18
4337.107,8.621313,1.2001028,15.794503,SDSS-SDSS,SDSS,619,52056,437,697052198474901504,26,binning 1   1,DR18
4338.1045,10.081112,1.230694,15.005376,SDSS-SDSS,SDSS,619,52056,437,697052198474901504,26,binning 1   1,DR18
4339.1025,8.715469,1.2323298,12.20744,SDSS-SDSS,SDSS,619,52056,437,697052198474901504,26,binning 1   1,DR18
4340.103,11.630225,1.245885,12.212571,SDSS-SDSS,SDSS,619,52056,437,697052198474901504,26,binning 1   1,DR18
4341.1016,10.319584,1.5506076,13.681094,SDSS-SDSS,SDSS,619,52056,437,697052198474901504,26,binning 1   1,DR18
4342.1025,9.467788,1.5215931,16.732315,SDSS-SDSS,SDSS,619,52056,437,697052198474901504,26,binning 1   1,DR18
4343.1016,12.483815,1.2381558,15.134335,SDSS-SDSS,SDSS,619,52056,437,697052198474901504,26,binning 1   1,DR18
4344.103,11.837673,1.2354565,15.156717,SDSS-SDSS,SDSS,619,52056,437,697052198474901504,26,binning 1   1,DR18
4345.1025,11.846857,1.2321135,16.164286,SDSS-SDSS,SDSS,619,52056,437,697052198474901504,26,binning 1   1,DR18
4346.102,9.317011,1.1989202,15.93508,SDSS-SDSS,SDSS,619,52056,437,697052198474901504,26,binning 1   1,DR18
4347.104,8.411708,1.2026597,15.523668,SDSS-SDSS,SDSS,619,52056,437,697052198474901504,26,binning 1   1,DR18
4348.104,5.6536174,1.220678,15.858726,SDSS-SDSS,SDSS,619,52056,437,697052198474901504,26,binning 1   1,DR18
4349.107,9.582482,1.6247842,16.197649,SDSS-SDSS,SDSS,619,52056,437,697052198474901504,26,binning 1   1,DR18
4350.1074,9.955708,1.5604573,17.300587,SDSS-SDSS,SDSS,619,52056,437,697052198474901504,26,binning 1   1,DR18
4351.1104,11.749589,1.5219697,17.569576,SDSS-SDSS,SDSS,619,52056,437,697052198474901504,26,binning 1   1,DR18
4352.1113,7.9958973,1.1602685,16.205515,SDSS-SDSS,SDSS,619,52056,437,697052198474901504,26,binning 1   1,DR18
4353.113,8.009623,1.1405351,15.03595,SDSS-SDSS,SDSS,619,52056,437,697052198474901504,26,binning 1   1,DR18
4354.1167,10.858367,1.2570153,15.916527,SDSS-SDSS,SDSS,619,52056,437,697052198474901504,26,binning 1   1,DR18
4355.118,9.964949,1.3237036,15.815775,SDSS-SDSS,SDSS,619,52056,437,697052198474901504,26,binning 1   1,DR18
4356.1226,8.029741,1.3945506,15.355307,SDSS-SDSS,SDSS,619,52056,437,697052198474901504,26,binning 1   1,DR18
4357.1245,8.626384,1.5811799,16.018929,SDSS-SDSS,SDSS,619,52056,437,697052198474901504,26,binning 1   1,DR18
4358.1294,10.349805,1.8345214,17.03834,SDSS-SDSS,SDSS,619,52056,437,697052198474901504,26,binning 1   1,DR18
4359.132,15.187109,2.0775008,16.605217,SDSS-SDSS,SDSS,619,52056,437,697052198474901504,26,binning 1   1,DR18
4360.135,8.95771,2.0401845,16.613586,SDSS-SDSS,SDSS,619,52056,437,697052198474901504,26,binning 1   1,DR18
4361.14,9.935559,1.6881443,15.585743,SDSS-SDSS,SDSS,619,52056,437,697052198474901504,26,binning 1   1,DR18
4362.1436,12.684176,1.390315,13.865693,SDSS-SDSS,SDSS,619,52056,437,697052198474901504,26,binning 1   1,DR18
4363.1494,9.17238,1.2870649,15.445587,SDSS-SDSS,SDSS,619,52056,437,697052198474901504,26,binning 1   1,DR18
4364.153,11.913894,1.2723418,17.437061,SDSS-SDSS,SDSS,619,52056,437,697052198474901504,26,binning 1   1,DR18
4365.159,11.287491,1.2919683,14.082359,SDSS-SDSS,SDSS,619,52056,437,697052198474901504,26,binning 1   1,DR18
4366.1636,10.399718,1.3017675,15.339297,SDSS-SDSS,SDSS,619,52056,437,697052198474901504,26,binning 1   1,DR18
4367.168,11.477606,1.3076472,14.544491,SDSS-SDSS,SDSS,619,52056,437,697052198474901504,26,binning 1   1,DR18
4368.1753,10.827545,1.2763261,15.470899,SDSS-SDSS,SDSS,619,52056,437,697052198474901504,26,binning 1   1,DR18
4369.18,10.513503,1.2504656,15.490198,SDSS-SDSS,SDSS,619,52056,437,697052198474901504,26,binning 1   1,DR18
4370.1875,11.760831,1.2370627,13.823717,SDSS-SDSS,SDSS,619,52056,437,697052198474901504,26,binning 1   1,DR18
4371.193,11.988142,1.2503593,14.855671,SDSS-SDSS,SDSS,619,52056,437,697052198474901504,26,binning 1   1,DR18
4372.2007,11.242282,1.2081497,17.678514,SDSS-SDSS,SDSS,619,52056,437,697052198474901504,26,binning 1   1,DR18
4373.2065,11.468399,1.2008022,16.851152,SDSS-SDSS,SDSS,619,52056,437,697052198474901504,26,binning 1   1,DR18
4374.213,12.418538,1.2449204,16.368834,SDSS-SDSS,SDSS,619,52056,437,697052198474901504,26,binning 1   1,DR18
4375.221,11.665438,1.2507362,16.494648,SDSS-SDSS,SDSS,619,52056,437,697052198474901504,26,binning 1   1,DR18
4376.228,11.600211,1.2623844,16.350426,SDSS-SDSS,SDSS,619,52056,437,697052198474901504,26,binning 1   1,DR18
4377.237,13.514019,1.2889175,16.281755,SDSS-SDSS,SDSS,619,52056,437,697052198474901504,26,binning 1   1,DR18
4378.244,12.182031,1.3099576,15.61037,SDSS-SDSS,SDSS,619,52056,437,697052198474901504,26,binning 1   1,DR18
4379.2534,11.875467,1.2826765,15.822235,SDSS-SDSS,SDSS,619,52056,437,697052198474901504,26,binning 1   1,DR18
4380.261,12.691098,1.2801775,16.523302,SDSS-SDSS,SDSS,619,52056,437,697052198474901504,26,binning 1   1,DR18
4381.2686,11.5732,1.2563714,16.64446,SDSS-SDSS,SDSS,619,52056,437,697052198474901504,26,binning 1   1,DR18
4382.2793,14.420936,1.2982608,16.461336,SDSS-SDSS,SDSS,619,52056,437,697052198474901504,26,binning 1   1,DR18
4383.287,14.824358,1.2923473,17.057514,SDSS-SDSS,SDSS,619,52056,437,697052198474901504,26,binning 1   1,DR18
4384.298,11.891717,1.218555,17.108612,SDSS-SDSS,SDSS,619,52056,437,697052198474901504,26,binning 1   1,DR18
4385.3066,11.704128,1.2079359,15.464019,SDSS-SDSS,SDSS,619,52056,437,697052198474901504,26,binning 1   1,DR18
4386.318,14.486754,1.2318524,17.064518,SDSS-SDSS,SDSS,619,52056,437,697052198474901504,26,binning 1   1,DR18
4387.3267,13.143723,1.2166877,16.225548,SDSS-SDSS,SDSS,619,52056,437,697052198474901504,26,binning 1   1,DR18
4388.336,13.459174,1.2240146,14.217196,SDSS-SDSS,SDSS,619,52056,437,697052198474901504,26,binning 1   1,DR18
4389.348,14.987186,1.2663958,18.093622,SDSS-SDSS,SDSS,619,52056,437,697052198474901504,26,binning 1   1,DR18
4390.358,15.094764,1.3473637,15.459473,SDSS-SDSS,SDSS,619,52056,437,697052198474901504,26,binning 1   1,DR18
4391.37,18.422203,1.3954266,16.777721,SDSS-SDSS,SDSS,619,52056,437,697052198474901504,26,binning 1   1,DR18
4392.3804,16.884535,1.3997631,15.377235,SDSS-SDSS,SDSS,619,52056,437,697052198474901504,26,binning 1   1,DR18
4393.3936,12.772952,1.3053297,14.357586,SDSS-SDSS,SDSS,619,52056,437,697052198474901504,26,binning 1   1,DR18
4394.4043,15.404322,1.3131522,15.931137,SDSS-SDSS,SDSS,619,52056,437,697052198474901504,26,binning 1   1,DR18
4395.415,15.545109,1.2857668,15.972804,SDSS-SDSS,SDSS,619,52056,437,697052198474901504,26,binning 1   1,DR18
4396.4287,14.254029,1.2654866,15.440095,SDSS-SDSS,SDSS,619,52056,437,697052198474901504,26,binning 1   1,DR18
4397.44,16.683765,1.2712445,13.662244,SDSS-SDSS,SDSS,619,52056,437,697052198474901504,26,binning 1   1,DR18
4398.454,15.557432,1.2524401,14.759908,SDSS-SDSS,SDSS,619,52056,437,697052198474901504,26,binning 1   1,DR18
4399.466,15.935269,1.2684982,15.822734,SDSS-SDSS,SDSS,619,52056,437,697052198474901504,26,binning 1   1,DR18
4400.4805,18.404867,1.3292061,15.188098,SDSS-SDSS,SDSS,619,52056,437,697052198474901504,26,binning 1   1,DR18
4401.4927,19.363596,1.3554152,15.385045,SDSS-SDSS,SDSS,619,52056,437,697052198474901504,26,binning 1   1,DR18
4402.5054,18.16203,1.353849,15.28956,SDSS-SDSS,SDSS,619,52056,437,697052198474901504,26,binning 1   1,DR18
4403.5205,17.724463,1.3379239,15.467703,SDSS-SDSS,SDSS,619,52056,437,697052198474901504,26,binning 1   1,DR18
4404.5337,17.113415,1.356192,14.849044,SDSS-SDSS,SDSS,619,52056,437,697052198474901504,26,binning 1   1,DR18
4405.5493,18.21015,1.3964891,15.137359,SDSS-SDSS,SDSS,619,52056,437,697052198474901504,26,binning 1   1,DR18
4406.5625,20.57974,1.408539,16.555862,SDSS-SDSS,SDSS,619,52056,437,697052198474901504,26,binning 1   1,DR18
4407.5786,18.895666,1.3609143,16.238802,SDSS-SDSS,SDSS,619,52056,437,697052198474901504,26,binning 1   1,DR18
4408.593,18.222496,1.3459028,13.67766,SDSS-SDSS,SDSS,619,52056,437,697052198474901504,26,binning 1   1,DR18
4409.607,20.045084,1.3532962,16.82361,SDSS-SDSS,SDSS,619,52056,437,697052198474901504,26,binning 1   1,DR18
4410.624,17.551188,1.3365887,16.59199,SDSS-SDSS,SDSS,619,52056,437,697052198474901504,26,binning 1   1,DR18
4411.6387,20.959593,1.3916026,15.000029,SDSS-SDSS,SDSS,619,52056,437,697052198474901504,26,binning 1   1,DR18
4412.656,22.580227,1.5277389,16.041769,SDSS-SDSS,SDSS,619,52056,437,697052198474901504,26,binning 1   1,DR18
4413.671,21.593126,1.5028412,17.06349,SDSS-SDSS,SDSS,619,52056,437,697052198474901504,26,binning 1   1,DR18
4414.6885,19.790445,1.3698107,14.245385,SDSS-SDSS,SDSS,619,52056,437,697052198474901504,26,binning 1   1,DR18
4415.704,21.466347,1.3693558,15.536473,SDSS-SDSS,SDSS,619,52056,437,697052198474901504,26,binning 1   1,DR18
4416.7227,22.88331,1.3870156,17.386774,SDSS-SDSS,SDSS,619,52056,437,697052198474901504,26,binning 1   1,DR18
4417.739,22.483923,1.4034489,16.179974,SDSS-SDSS,SDSS,619,52056,437,697052198474901504,26,binning 1   1,DR18
4418.755,22.307306,1.3857737,15.11797,SDSS-SDSS,SDSS,619,52056,437,697052198474901504,26,binning 1   1,DR18
4419.774,23.012518,1.4290171,18.458628,SDSS-SDSS,SDSS,619,52056,437,697052198474901504,26,binning 1   1,DR18
4420.7905,23.691917,1.449401,17.561213,SDSS-SDSS,SDSS,619,52056,437,697052198474901504,26,binning 1   1,DR18
4421.81,23.798494,1.441141,16.577011,SDSS-SDSS,SDSS,619,52056,437,697052198474901504,26,binning 1   1,DR18
4422.827,23.742247,1.4085594,16.005787,SDSS-SDSS,SDSS,619,52056,437,697052198474901504,26,binning 1   1,DR18
4423.847,24.067627,1.3918214,15.909611,SDSS-SDSS,SDSS,619,52056,437,697052198474901504,26,binning 1   1,DR18
4424.8647,24.772352,1.5013223,16.215536,SDSS-SDSS,SDSS,619,52056,437,697052198474901504,26,binning 1   1,DR18
4425.883,24.192474,1.4736565,16.8746,SDSS-SDSS,SDSS,619,52056,437,697052198474901504,26,binning 1   1,DR18
4426.9033,23.167686,1.4238766,18.50729,SDSS-SDSS,SDSS,619,52056,437,697052198474901504,26,binning 1   1,DR18
4427.922,22.525707,1.4193442,18.097996,SDSS-SDSS,SDSS,619,52056,437,697052198474901504,26,binning 1   1,DR18
4428.943,24.52427,1.4518644,17.55693,SDSS-SDSS,SDSS,619,52056,437,697052198474901504,26,binning 1   1,DR18
4429.962,23.815044,1.4467661,17.287243,SDSS-SDSS,SDSS,619,52056,437,697052198474901504,26,binning 1   1,DR18
4430.9834,24.025976,1.4465005,17.000795,SDSS-SDSS,SDSS,619,52056,437,697052198474901504,26,binning 1   1,DR18
4432.0024,25.88707,1.4480109,16.902779,SDSS-SDSS,SDSS,619,52056,437,697052198474901504,26,binning 1   1,DR18
4433.022,25.463783,1.441507,17.109123,SDSS-SDSS,SDSS,619,52056,437,697052198474901504,26,binning 1   1,DR18
4434.0444,25.780773,1.4114437,18.63929,SDSS-SDSS,SDSS,619,52056,437,697052198474901504,26,binning 1   1,DR18
4435.0645,28.262234,1.4425029,17.899315,SDSS-SDSS,SDSS,619,52056,437,697052198474901504,26,binning 1   1,DR18
4436.0874,29.420097,1.4561563,15.401901,SDSS-SDSS,SDSS,619,52056,437,697052198474901504,26,binning 1   1,DR18
4437.108,26.042177,1.4108349,14.195463,SDSS-SDSS,SDSS,619,52056,437,697052198474901504,26,binning 1   1,DR18
4438.131,26.810478,1.4287373,16.06221,SDSS-SDSS,SDSS,619,52056,437,697052198474901504,26,binning 1   1,DR18
4439.152,30.176699,1.4922904,18.179401,SDSS-SDSS,SDSS,619,52056,437,697052198474901504,26,binning 1   1,DR18
4440.1733,29.553656,1.5003138,16.462002,SDSS-SDSS,SDSS,619,52056,437,697052198474901504,26,binning 1   1,DR18
4441.197,27.971226,1.4801375,16.221716,SDSS-SDSS,SDSS,619,52056,437,697052198474901504,26,binning 1   1,DR18
4442.2188,28.43316,1.4846524,15.255755,SDSS-SDSS,SDSS,619,52056,437,697052198474901504,26,binning 1   1,DR18
4443.243,28.166948,1.466643,14.773496,SDSS-SDSS,SDSS,619,52056,437,697052198474901504,26,binning 1   1,DR18
4444.265,28.121082,1.4791329,18.349932,SDSS-SDSS,SDSS,619,52056,437,697052198474901504,26,binning 1   1,DR18
4445.29,30.27753,1.5121353,15.020683,SDSS-SDSS,SDSS,619,52056,437,697052198474901504,26,binning 1   1,DR18
4446.3125,31.9068,1.5453881,15.596878,SDSS-SDSS,SDSS,619,52056,437,697052198474901504,26,binning 1   1,DR18
4447.3354,28.7889,1.5118244,17.334167,SDSS-SDSS,SDSS,619,52056,437,697052198474901504,26,binning 1   1,DR18
4448.3613,25.628021,1.4520642,17.718462,SDSS-SDSS,SDSS,619,52056,437,697052198474901504,26,binning 1   1,DR18
4449.3843,30.82057,1.4954199,17.447449,SDSS-SDSS,SDSS,619,52056,437,697052198474901504,26,binning 1   1,DR18
4450.4106,26.474445,1.4508165,17.769526,SDSS-SDSS,SDSS,619,52056,437,697052198474901504,26,binning 1   1,DR18
4451.434,31.043636,1.5181476,16.977541,SDSS-SDSS,SDSS,619,52056,437,697052198474901504,26,binning 1   1,DR18
4452.461,31.819052,1.5812687,16.753815,SDSS-SDSS,SDSS,619,52056,437,697052198474901504,26,binning 1   1,DR18
4453.485,33.907787,1.6175969,17.079372,SDSS-SDSS,SDSS,619,52056,437,697052198474901504,26,binning 1   1,DR18
4454.51,30.977512,1.5695744,17.156664,SDSS-SDSS,SDSS,619,52056,437,697052198474901504,26,binning 1   1,DR18
4455.5366,29.390045,1.5208353,16.678434,SDSS-SDSS,SDSS,619,52056,437,697052198474901504,26,binning 1   1,DR18
4456.5615,30.108175,1.5021399,16.609158,SDSS-SDSS,SDSS,619,52056,437,697052198474901504,26,binning 1   1,DR18
4457.5894,30.862427,1.471221,18.289335,SDSS-SDSS,SDSS,619,52056,437,697052198474901504,26,binning 1   1,DR18
4458.6147,31.29854,1.4992523,17.103678,SDSS-SDSS,SDSS,619,52056,437,697052198474901504,26,binning 1   1,DR18
4459.643,29.495943,1.4724417,15.201554,SDSS-SDSS,SDSS,619,52056,437,697052198474901504,26,binning 1   1,DR18
4460.669,30.499046,1.5355233,15.841104,SDSS-SDSS,SDSS,619,52056,437,697052198474901504,26,binning 1   1,DR18
4461.6953,36.159264,1.607155,17.690983,SDSS-SDSS,SDSS,619,52056,437,697052198474901504,26,binning 1   1,DR18
4462.724,34.258797,1.5958372,17.416466,SDSS-SDSS,SDSS,619,52056,437,697052198474901504,26,binning 1   1,DR18
4463.7505,32.156986,1.5215348,18.851246,SDSS-SDSS,SDSS,619,52056,437,697052198474901504,26,binning 1   1,DR18
4464.78,30.413988,1.4768759,18.02974,SDSS-SDSS,SDSS,619,52056,437,697052198474901504,26,binning 1   1,DR18
4465.807,32.8766,1.4887625,17.830166,SDSS-SDSS,SDSS,619,52056,437,697052198474901504,26,binning 1   1,DR18
4466.837,33.394512,1.5260731,19.233437,SDSS-SDSS,SDSS,619,52056,437,697052198474901504,26,binning 1   1,DR18
4467.8643,34.111767,1.5604429,20.413754,SDSS-SDSS,SDSS,619,52056,437,697052198474901504,26,binning 1   1,DR18
4468.892,33.165176,1.5469452,19.431677,SDSS-SDSS,SDSS,619,52056,437,697052198474901504,26,binning 1   1,DR18
4469.923,31.615583,1.5351814,18.03403,SDSS-SDSS,SDSS,619,52056,437,697052198474901504,26,binning 1   1,DR18
4470.951,32.223293,1.5340953,18.26608,SDSS-SDSS,SDSS,619,52056,437,697052198474901504,26,binning 1   1,DR18
4471.982,33.91905,1.5539522,18.866968,SDSS-SDSS,SDSS,619,52056,437,697052198474901504,26,binning 1   1,DR18
4473.0107,33.316814,1.5873532,17.779968,SDSS-SDSS,SDSS,619,52056,437,697052198474901504,26,binning 1   1,DR18
4474.0425,32.704166,1.5803171,17.027134,SDSS-SDSS,SDSS,619,52056,437,697052198474901504,26,binning 1   1,DR18
4475.072,33.50935,1.583863,18.981514,SDSS-SDSS,SDSS,619,52056,437,697052198474901504,26,binning 1   1,DR18
4476.101,31.871675,1.5633208,16.080854,SDSS-SDSS,SDSS,619,52056,437,697052198474901504,26,binning 1   1,DR18
4477.1333,32.698086,1.5710837,14.804262,SDSS-SDSS,SDSS,619,52056,437,697052198474901504,26,binning 1   1,DR18
4478.163,32.588757,1.578621,16.934744,SDSS-SDSS,SDSS,619,52056,437,697052198474901504,26,binning 1   1,DR18
4479.196,36.514297,1.5971686,18.249144,SDSS-SDSS,SDSS,619,52056,437,697052198474901504,26,binning 1   1,DR18
4480.2266,31.694517,1.5196631,17.024652,SDSS-SDSS,SDSS,619,52056,437,697052198474901504,26,binning 1   1,DR18
4481.2593,33.420334,1.512075,16.510334,SDSS-SDSS,SDSS,619,52056,437,697052198474901504,26,binning 1   1,DR18
4482.2905,30.322464,1.4826711,17.79048,SDSS-SDSS,SDSS,619,52056,437,697052198474901504,26,binning 1   1,DR18
4483.3213,33.16816,1.512938,16.032764,SDSS-SDSS,SDSS,619,52056,437,697052198474901504,26,binning 1   1,DR18
4484.3555,35.07364,1.5533334,17.169346,SDSS-SDSS,SDSS,619,52056,437,697052198474901504,26,binning 1   1,DR18
4485.387,35.502968,1.5779535,17.516191,SDSS-SDSS,SDSS,619,52056,437,697052198474901504,26,binning 1   1,DR18
4486.4214,32.462997,1.5524309,15.514566,SDSS-SDSS,SDSS,619,52056,437,697052198474901504,26,binning 1   1,DR18
4487.4536,31.553637,1.6051114,15.875351,SDSS-SDSS,SDSS,619,52056,437,697052198474901504,26,binning 1   1,DR18
4488.4883,34.97558,1.6447515,16.41234,SDSS-SDSS,SDSS,619,52056,437,697052198474901504,26,binning 1   1,DR18
4489.521,33.28181,1.5610698,16.556633,SDSS-SDSS,SDSS,619,52056,437,697052198474901504,26,binning 1   1,DR18
4490.5537,32.015896,1.5146376,16.5371,SDSS-SDSS,SDSS,619,52056,437,697052198474901504,26,binning 1   1,DR18
4491.589,35.037544,1.5154574,16.180653,SDSS-SDSS,SDSS,619,52056,437,697052198474901504,26,binning 1   1,DR18
4492.6226,31.290628,1.4887654,16.625294,SDSS-SDSS,SDSS,619,52056,437,697052198474901504,26,binning 1   1,DR18
4493.658,36.1219,1.5590324,19.200428,SDSS-SDSS,SDSS,619,52056,437,697052198474901504,26,binning 1   1,DR18
4494.692,34.305035,1.5733085,20.747034,SDSS-SDSS,SDSS,619,52056,437,697052198474901504,26,binning 1   1,DR18
4495.7285,34.30807,1.5774411,18.944592,SDSS-SDSS,SDSS,619,52056,437,697052198474901504,26,binning 1   1,DR18
4496.7627,34.244556,1.5566278,17.366312,SDSS-SDSS,SDSS,619,52056,437,697052198474901504,26,binning 1   1,DR18
4497.8,34.007446,1.5241015,17.877403,SDSS-SDSS,SDSS,619,52056,437,697052198474901504,26,binning 1   1,DR18
4498.8345,34.604458,1.5137657,18.756042,SDSS-SDSS,SDSS,619,52056,437,697052198474901504,26,binning 1   1,DR18
4499.8696,32.32888,1.4898516,17.932236,SDSS-SDSS,SDSS,619,52056,437,697052198474901504,26,binning 1   1,DR18
4500.907,31.926472,1.4675167,18.514172,SDSS-SDSS,SDSS,619,52056,437,697052198474901504,26,binning 1   1,DR18
4501.9424,32.15214,1.4750034,17.589575,SDSS-SDSS,SDSS,619,52056,437,697052198474901504,26,binning 1   1,DR18
4502.9805,32.121223,1.4931939,16.124763,SDSS-SDSS,SDSS,619,52056,437,697052198474901504,26,binning 1   1,DR18
4504.0166,35.80713,1.532175,15.237615,SDSS-SDSS,SDSS,619,52056,437,697052198474901504,26,binning 1   1,DR18
4505.055,35.736393,1.5353352,16.411404,SDSS-SDSS,SDSS,619,52056,437,697052198474901504,26,binning 1   1,DR18
4506.0913,33.504368,1.5236343,19.544724,SDSS-SDSS,SDSS,619,52056,437,697052198474901504,26,binning 1   1,DR18
4507.128,31.694975,1.508233,19.205994,SDSS-SDSS,SDSS,619,52056,437,697052198474901504,26,binning 1   1,DR18
4508.1675,35.380993,1.5481468,18.75895,SDSS-SDSS,SDSS,619,52056,437,697052198474901504,26,binning 1   1,DR18
4509.2046,31.196781,1.4901786,19.983215,SDSS-SDSS,SDSS,619,52056,437,697052198474901504,26,binning 1   1,DR18
4510.2446,33.84033,1.5004048,19.665243,SDSS-SDSS,SDSS,619,52056,437,697052198474901504,26,binning 1   1,DR18
4511.282,35.340366,1.5249232,17.01121,SDSS-SDSS,SDSS,619,52056,437,697052198474901504,26,binning 1   1,DR18
4512.3223,33.871372,1.5064354,16.189394,SDSS-SDSS,SDSS,619,52056,437,697052198474901504,26,binning 1   1,DR18
4513.3604,31.948837,1.4837555,19.103004,SDSS-SDSS,SDSS,619,52056,437,697052198474901504,26,binning 1   1,DR18
4514.3984,32.768738,1.481446,18.529648,SDSS-SDSS,SDSS,619,52056,437,697052198474901504,26,binning 1   1,DR18
4515.4395,32.677044,1.4758573,18.312754,SDSS-SDSS,SDSS,619,52056,437,697052198474901504,26,binning 1   1,DR18
4516.4785,30.860622,1.4517788,18.7473,SDSS-SDSS,SDSS,619,52056,437,697052198474901504,26,binning 1   1,DR18
4517.52,30.157495,1.4408908,18.216124,SDSS-SDSS,SDSS,619,52056,437,697052198474901504,26,binning 1   1,DR18
4518.559,31.04375,1.4787017,17.337982,SDSS-SDSS,SDSS,619,52056,437,697052198474901504,26,binning 1   1,DR18
4519.601,33.264637,1.4988277,18.813005,SDSS-SDSS,SDSS,619,52056,437,697052198474901504,26,binning 1   1,DR18
4520.6406,33.407135,1.517694,18.050255,SDSS-SDSS,SDSS,619,52056,437,697052198474901504,26,binning 1   1,DR18
4521.6807,31.908014,1.5142262,18.196474,SDSS-SDSS,SDSS,619,52056,437,697052198474901504,26,binning 1   1,DR18
4522.7236,34.81283,1.5614843,17.918163,SDSS-SDSS,SDSS,619,52056,437,697052198474901504,26,binning 1   1,DR18
4523.764,33.175972,1.5518448,17.580091,SDSS-SDSS,SDSS,619,52056,437,697052198474901504,26,binning 1   1,DR18
4524.807,32.699196,1.5431482,19.458424,SDSS-SDSS,SDSS,619,52056,437,697052198474901504,26,binning 1   1,DR18
4525.848,30.416058,1.516071,18.098595,SDSS-SDSS,SDSS,619,52056,437,697052198474901504,26,binning 1   1,DR18
4526.8916,32.54481,1.4908943,18.730396,SDSS-SDSS,SDSS,619,52056,437,697052198474901504,26,binning 1   1,DR18
4527.933,33.758083,1.4678886,20.987244,SDSS-SDSS,SDSS,619,52056,437,697052198474901504,26,binning 1   1,DR18
4528.9746,31.539547,1.4314021,19.30719,SDSS-SDSS,SDSS,619,52056,437,697052198474901504,26,binning 1   1,DR18
4530.019,30.253668,1.4358108,16.027267,SDSS-SDSS,SDSS,619,52056,437,697052198474901504,26,binning 1   1,DR18
4531.061,31.89316,1.4810028,18.476635,SDSS-SDSS,SDSS,619,52056,437,697052198474901504,26,binning 1   1,DR18
4532.106,33.860497,1.5338782,18.502245,SDSS-SDSS,SDSS,619,52056,437,697052198474901504,26,binning 1   1,DR18
4533.149,34.094013,1.5180198,18.141842,SDSS-SDSS,SDSS,619,52056,437,697052198474901504,26,binning 1   1,DR18
4534.194,32.193962,1.4817387,16.956345,SDSS-SDSS,SDSS,619,52056,437,697052198474901504,26,binning 1   1,DR18
4535.2373,30.566322,1.4527369,17.070288,SDSS-SDSS,SDSS,619,52056,437,697052198474901504,26,binning 1   1,DR18
4536.2803,31.349922,1.4519999,18.64265,SDSS-SDSS,SDSS,619,52056,437,697052198474901504,26,binning 1   1,DR18
4537.3267,28.266151,1.5008354,18.467606,SDSS-SDSS,SDSS,619,52056,437,697052198474901504,26,binning 1   1,DR18
4538.37,31.00343,1.5100609,16.413565,SDSS-SDSS,SDSS,619,52056,437,697052198474901504,26,binning 1   1,DR18
4539.417,31.073017,1.5333816,18.849989,SDSS-SDSS,SDSS,619,52056,437,697052198474901504,26,binning 1   1,DR18
4540.461,30.520197,1.4239368,20.033655,SDSS-SDSS,SDSS,619,52056,437,697052198474901504,26,binning 1   1,DR18
4541.5083,32.143658,1.447256,19.68667,SDSS-SDSS,SDSS,619,52056,437,697052198474901504,26,binning 1   1,DR18
4542.5527,31.073128,1.4453397,19.260668,SDSS-SDSS,SDSS,619,52056,437,697052198474901504,26,binning 1   1,DR18
4543.598,30.648716,1.4584013,18.521477,SDSS-SDSS,SDSS,619,52056,437,697052198474901504,26,binning 1   1,DR18
4544.6455,33.70741,1.462888,18.754152,SDSS-SDSS,SDSS,619,52056,437,697052198474901504,26,binning 1   1,DR18
4545.691,33.13779,1.4613645,19.334307,SDSS-SDSS,SDSS,619,52056,437,697052198474901504,26,binning 1   1,DR18
4546.7393,29.63048,1.3915302,18.578413,SDSS-SDSS,SDSS,619,52056,437,697052198474901504,26,binning 1   1,DR18
4547.785,30.071102,1.4134332,17.887444,SDSS-SDSS,SDSS,619,52056,437,697052198474901504,26,binning 1   1,DR18
4548.834,31.617163,1.4388795,17.641317,SDSS-SDSS,SDSS,619,52056,437,697052198474901504,26,binning 1   1,DR18
4549.8804,28.72854,1.4447724,16.741753,SDSS-SDSS,SDSS,619,52056,437,697052198474901504,26,binning 1   1,DR18
4550.9272,28.313372,1.4478868,17.568342,SDSS-SDSS,SDSS,619,52056,437,697052198474901504,26,binning 1   1,DR18
4551.9766,31.287777,1.467921,19.142662,SDSS-SDSS,SDSS,619,52056,437,697052198474901504,26,binning 1   1,DR18
4553.024,28.325453,1.3997927,19.166903,SDSS-SDSS,SDSS,619,52056,437,697052198474901504,26,binning 1   1,DR18
4554.0737,30.094862,1.4005203,18.561745,SDSS-SDSS,SDSS,619,52056,437,697052198474901504,26,binning 1   1,DR18
4555.1216,29.604828,1.3925142,18.823645,SDSS-SDSS,SDSS,619,52056,437,697052198474901504,26,binning 1   1,DR18
4556.172,28.112064,1.4814035,19.859219,SDSS-SDSS,SDSS,619,52056,437,697052198474901504,26,binning 1   1,DR18
4557.2197,27.662767,1.4815239,20.318024,SDSS-SDSS,SDSS,619,52056,437,697052198474901504,26,binning 1   1,DR18
4558.2686,27.82363,1.3869505,18.90828,SDSS-SDSS,SDSS,619,52056,437,697052198474901504,26,binning 1   1,DR18
4559.3193,26.731356,1.3832692,18.414553,SDSS-SDSS,SDSS,619,52056,437,697052198474901504,26,binning 1   1,DR18
4560.368,30.3355,1.4151505,18.594421,SDSS-SDSS,SDSS,619,52056,437,697052198474901504,26,binning 1   1,DR18
4561.42,29.317036,1.4134406,18.996384,SDSS-SDSS,SDSS,619,52056,437,697052198474901504,26,binning 1   1,DR18
4562.469,27.649412,1.3774893,19.893606,SDSS-SDSS,SDSS,619,52056,437,697052198474901504,26,binning 1   1,DR18
4563.5215,27.388802,1.3498082,19.15137,SDSS-SDSS,SDSS,619,52056,437,697052198474901504,26,binning 1   1,DR18
4564.5713,27.044731,1.335622,18.79578,SDSS-SDSS,SDSS,619,52056,437,697052198474901504,26,binning 1   1,DR18
4565.621,31.395834,1.4630489,18.707575,SDSS-SDSS,SDSS,619,52056,437,697052198474901504,26,binning 1   1,DR18
4566.6743,28.311388,1.4661124,19.668076,SDSS-SDSS,SDSS,619,52056,437,697052198474901504,26,binning 1   1,DR18
4567.7246,27.638975,1.3761678,20.29749,SDSS-SDSS,SDSS,619,52056,437,697052198474901504,26,binning 1   1,DR18
4568.778,29.703066,1.4097048,19.080002,SDSS-SDSS,SDSS,619,52056,437,697052198474901504,26,binning 1   1,DR18
4569.829,27.04324,1.3742536,21.05497,SDSS-SDSS,SDSS,619,52056,437,697052198474901504,26,binning 1   1,DR18
4570.883,25.449512,1.3530315,18.154716,SDSS-SDSS,SDSS,619,52056,437,697052198474901504,26,binning 1   1,DR18
4571.934,30.264069,1.3994579,18.051369,SDSS-SDSS,SDSS,619,52056,437,697052198474901504,26,binning 1   1,DR18
4572.989,27.891867,1.3769376,18.882833,SDSS-SDSS,SDSS,619,52056,437,697052198474901504,26,binning 1   1,DR18
4574.0405,24.719995,1.3296617,18.093252,SDSS-SDSS,SDSS,619,52056,437,697052198474901504,26,binning 1   1,DR18
4575.093,27.372803,1.3672725,18.11522,SDSS-SDSS,SDSS,619,52056,437,697052198474901504,26,binning 1   1,DR18
4576.148,27.162243,1.3618443,18.414766,SDSS-SDSS,SDSS,619,52056,437,697052198474901504,26,binning 1   1,DR18
4577.2007,26.889746,1.3431706,21.470661,SDSS-SDSS,SDSS,619,52056,437,697052198474901504,26,binning 1   1,DR18
4578.256,26.134087,1.3301003,19.527039,SDSS-SDSS,SDSS,619,52056,437,697052198474901504,26,binning 1   1,DR18
4579.309,26.143557,1.3328562,17.2628,SDSS-SDSS,SDSS,619,52056,437,697052198474901504,26,binning 1   1,DR18
4580.365,26.470795,1.3546798,18.477903,SDSS-SDSS,SDSS,619,52056,437,697052198474901504,26,binning 1   1,DR18
4581.419,24.800543,1.3341618,18.798168,SDSS-SDSS,SDSS,619,52056,437,697052198474901504,26,binning 1   1,DR18
4582.473,26.624754,1.3484802,16.790806,SDSS-SDSS,SDSS,619,52056,437,697052198474901504,26,binning 1   1,DR18
4583.53,24.519264,1.371578,17.540007,SDSS-SDSS,SDSS,619,52056,437,697052198474901504,26,binning 1   1,DR18
4584.584,26.93863,1.4127908,20.419138,SDSS-SDSS,SDSS,619,52056,437,697052198474901504,26,binning 1   1,DR18
4585.641,26.775623,1.3230964,20.448011,SDSS-SDSS,SDSS,619,52056,437,697052198474901504,26,binning 1   1,DR18
4586.6963,25.589111,1.3088287,17.347113,SDSS-SDSS,SDSS,619,52056,437,697052198474901504,26,binning 1   1,DR18
4587.754,25.205574,1.2976296,16.480734,SDSS-SDSS,SDSS,619,52056,437,697052198474901504,26,binning 1   1,DR18
4588.809,24.750912,1.2914522,18.36369,SDSS-SDSS,SDSS,619,52056,437,697052198474901504,26,binning 1   1,DR18
4589.8647,26.300388,1.3410672,19.00191,SDSS-SDSS,SDSS,619,52056,437,697052198474901504,26,binning 1   1,DR18
4590.9233,26.654707,1.3318113,18.68793,SDSS-SDSS,SDSS,619,52056,437,697052198474901504,26,binning 1   1,DR18
4591.9795,24.779318,1.2920244,18.61928,SDSS-SDSS,SDSS,619,52056,437,697052198474901504,26,binning 1   1,DR18
4593.0386,25.33278,1.2879382,19.515882,SDSS-SDSS,SDSS,619,52056,437,697052198474901504,26,binning 1   1,DR18
4594.095,23.708853,1.2828904,20.637709,SDSS-SDSS,SDSS,619,52056,437,697052198474901504,26,binning 1   1,DR18
4595.1543,22.501717,1.2830554,19.343134,SDSS-SDSS,SDSS,619,52056,437,697052198474901504,26,binning 1   1,DR18
4596.2114,24.388533,1.3169669,17.899664,SDSS-SDSS,SDSS,619,52056,437,697052198474901504,26,binning 1   1,DR18
4597.269,25.293684,1.3368102,16.626177,SDSS-SDSS,SDSS,619,52056,437,697052198474901504,26,binning 1   1,DR18
4598.329,23.536549,1.3023514,16.911716,SDSS-SDSS,SDSS,619,52056,437,697052198474901504,26,binning 1   1,DR18
4599.3867,23.298117,1.2939168,19.027182,SDSS-SDSS,SDSS,619,52056,437,697052198474901504,26,binning 1   1,DR18
4600.4473,25.200281,1.2864054,20.752192,SDSS-SDSS,SDSS,619,52056,437,697052198474901504,26,binning 1   1,DR18
4601.506,24.140102,1.2519097,19.67189,SDSS-SDSS,SDSS,619,52056,437,697052198474901504,26,binning 1   1,DR18
4602.567,23.665094,1.2483243,17.904322,SDSS-SDSS,SDSS,619,52056,437,697052198474901504,26,binning 1   1,DR18
4603.6255,24.829216,1.2837178,17.505497,SDSS-SDSS,SDSS,619,52056,437,697052198474901504,26,binning 1   1,DR18
4604.6846,23.41927,1.3097233,17.613808,SDSS-SDSS,SDSS,619,52056,437,697052198474901504,26,binning 1   1,DR18
4605.7466,22.982939,1.322228,17.931665,SDSS-SDSS,SDSS,619,52056,437,697052198474901504,26,binning 1   1,DR18
4606.806,25.81793,1.3372942,19.049921,SDSS-SDSS,SDSS,619,52056,437,697052198474901504,26,binning 1   1,DR18
4607.8687,23.073269,1.3033543,18.56662,SDSS-SDSS,SDSS,619,52056,437,697052198474901504,26,binning 1   1,DR18
4608.9287,23.119213,1.2697885,17.672123,SDSS-SDSS,SDSS,619,52056,437,697052198474901504,26,binning 1   1,DR18
4609.991,23.35888,1.2365751,17.210382,SDSS-SDSS,SDSS,619,52056,437,697052198474901504,26,binning 1   1,DR18
4611.052,22.353134,1.2181273,18.394691,SDSS-SDSS,SDSS,619,52056,437,697052198474901504,26,binning 1   1,DR18
4612.113,24.321354,1.250205,19.644981,SDSS-SDSS,SDSS,619,52056,437,697052198474901504,26,binning 1   1,DR18
4613.1763,25.311888,1.2700518,18.321205,SDSS-SDSS,SDSS,619,52056,437,697052198474901504,26,binning 1   1,DR18
4614.2373,23.606258,1.2748213,18.02633,SDSS-SDSS,SDSS,619,52056,437,697052198474901504,26,binning 1   1,DR18
4615.3013,24.896383,1.3033365,17.477318,SDSS-SDSS,SDSS,619,52056,437,697052198474901504,26,binning 1   1,DR18
4616.3633,25.256413,1.2921852,17.396612,SDSS-SDSS,SDSS,619,52056,437,697052198474901504,26,binning 1   1,DR18
4617.4277,24.887915,1.3569584,18.041246,SDSS-SDSS,SDSS,619,52056,437,697052198474901504,26,binning 1   1,DR18
4618.4897,23.378778,1.3147273,18.645523,SDSS-SDSS,SDSS,619,52056,437,697052198474901504,26,binning 1   1,DR18
4619.5522,19.87228,1.169694,18.752478,SDSS-SDSS,SDSS,619,52056,437,697052198474901504,26,binning 1   1,DR18
4620.6177,22.274822,1.2020762,19.905376,SDSS-SDSS,SDSS,619,52056,437,697052198474901504,26,binning 1   1,DR18
4621.6807,24.023163,1.3738548,19.367126,SDSS-SDSS,SDSS,619,52056,437,697052198474901504,26,binning 1   1,DR18
4622.7466,25.984646,1.4140866,18.75598,SDSS-SDSS,SDSS,619,52056,437,697052198474901504,26,binning 1   1,DR18
4623.8096,24.602194,1.4018614,17.475988,SDSS-SDSS,SDSS,619,52056,437,697052198474901504,26,binning 1   1,DR18
4624.876,21.88686,1.2280346,16.01569,SDSS-SDSS,SDSS,619,52056,437,697052198474901504,26,binning 1   1,DR18
4625.94,23.911922,1.2416984,16.653135,SDSS-SDSS,SDSS,619,52056,437,697052198474901504,26,binning 1   1,DR18
4627.0044,22.744993,1.258197,17.752567,SDSS-SDSS,SDSS,619,52056,437,697052198474901504,26,binning 1   1,DR18
4628.0713,23.365395,1.250424,15.613668,SDSS-SDSS,SDSS,619,52056,437,697052198474901504,26,binning 1   1,DR18
4629.1357,21.758953,1.2242761,15.845071,SDSS-SDSS,SDSS,619,52056,437,697052198474901504,26,binning 1   1,DR18
4630.203,21.444784,1.2044133,16.049755,SDSS-SDSS,SDSS,619,52056,437,697052198474901504,26,binning 1   1,DR18
4631.2686,22.268456,1.193792,15.780575,SDSS-SDSS,SDSS,619,52056,437,697052198474901504,26,binning 1   1,DR18
4632.3364,21.093784,1.2077777,18.251451,SDSS-SDSS,SDSS,619,52056,437,697052198474901504,26,binning 1   1,DR18
4633.4023,22.802263,1.2384652,16.976793,SDSS-SDSS,SDSS,619,52056,437,697052198474901504,26,binning 1   1,DR18
4634.468,23.139633,1.2626656,14.943217,SDSS-SDSS,SDSS,619,52056,437,697052198474901504,26,binning 1   1,DR18
4635.5366,20.604033,1.2377133,13.758177,SDSS-SDSS,SDSS,619,52056,437,697052198474901504,26,binning 1   1,DR18
4636.603,21.693874,1.2466668,15.23425,SDSS-SDSS,SDSS,619,52056,437,697052198474901504,26,binning 1   1,DR18
4637.6724,23.767086,1.2723627,16.728298,SDSS-SDSS,SDSS,619,52056,437,697052198474901504,26,binning 1   1,DR18
4638.7393,21.738092,1.2293005,13.954135,SDSS-SDSS,SDSS,619,52056,437,697052198474901504,26,binning 1   1,DR18
4639.809,22.14641,1.1981251,12.966844,SDSS-SDSS,SDSS,619,52056,437,697052198474901504,26,binning 1   1,DR18
4640.8765,17.537556,1.4210495,14.577357,SDSS-SDSS,SDSS,619,52056,437,697052198474901504,26,binning 1   1,DR18
4641.944,20.93166,1.4361801,15.494024,SDSS-SDSS,SDSS,619,52056,437,697052198474901504,26,binning 1   1,DR18
4643.014,21.036978,1.1920699,15.246324,SDSS-SDSS,SDSS,619,52056,437,697052198474901504,26,binning 1   1,DR18
4644.0825,20.226582,1.1586362,15.701379,SDSS-SDSS,SDSS,619,52056,437,697052198474901504,26,binning 1   1,DR18
4645.1533,21.562881,1.1848352,17.769321,SDSS-SDSS,SDSS,619,52056,437,697052198474901504,26,binning 1   1,DR18
4646.222,21.401245,1.1777253,18.30032,SDSS-SDSS,SDSS,619,52056,437,697052198474901504,26,binning 1   1,DR18
4647.2935,21.604841,1.2042335,19.448994,SDSS-SDSS,SDSS,619,52056,437,697052198474901504,26,binning 1   1,DR18
4648.3623,21.466852,1.2128779,20.267334,SDSS-SDSS,SDSS,619,52056,437,697052198474901504,26,binning 1   1,DR18
4649.4316,21.110216,1.2371118,20.013641,SDSS-SDSS,SDSS,619,52056,437,697052198474901504,26,binning 1   1,DR18
4650.504,21.76397,1.2559818,19.39664,SDSS-SDSS,SDSS,619,52056,437,697052198474901504,26,binning 1   1,DR18
4651.5737,21.636885,1.2134714,19.378166,SDSS-SDSS,SDSS,619,52056,437,697052198474901504,26,binning 1   1,DR18
4652.6465,23.447075,1.2016315,18.848099,SDSS-SDSS,SDSS,619,52056,437,697052198474901504,26,binning 1   1,DR18
4653.717,20.028393,1.1569924,19.593502,SDSS-SDSS,SDSS,619,52056,437,697052198474901504,26,binning 1   1,DR18
4654.79,23.178146,1.2280208,19.096985,SDSS-SDSS,SDSS,619,52056,437,697052198474901504,26,binning 1   1,DR18
4655.861,23.42389,1.2500921,18.932714,SDSS-SDSS,SDSS,619,52056,437,697052198474901504,26,binning 1   1,DR18
4656.9346,21.667381,1.223629,19.056221,SDSS-SDSS,SDSS,619,52056,437,697052198474901504,26,binning 1   1,DR18
4658.006,23.812727,1.2215711,17.462744,SDSS-SDSS,SDSS,619,52056,437,697052198474901504,26,binning 1   1,DR18
4659.077,22.601295,1.2227733,18.185116,SDSS-SDSS,SDSS,619,52056,437,697052198474901504,26,binning 1   1,DR18
4660.152,22.618143,1.2198131,16.377262,SDSS-SDSS,SDSS,619,52056,437,697052198474901504,26,binning 1   1,DR18
4661.2236,22.075289,1.2390963,15.890423,SDSS-SDSS,SDSS,619,52056,437,697052198474901504,26,binning 1   1,DR18
4662.2983,21.05427,1.2724649,16.851387,SDSS-SDSS,SDSS,619,52056,437,697052198474901504,26,binning 1   1,DR18
4663.371,22.40645,1.3003892,16.999151,SDSS-SDSS,SDSS,619,52056,437,697052198474901504,26,binning 1   1,DR18
4664.4463,21.99553,1.278977,16.210058,SDSS-SDSS,SDSS,619,52056,437,697052198474901504,26,binning 1   1,DR18
4665.5195,21.468721,1.2496126,18.258821,SDSS-SDSS,SDSS,619,52056,437,697052198474901504,26,binning 1   1,DR18
4666.593,22.191061,1.2232455,19.458195,SDSS-SDSS,SDSS,619,52056,437,697052198474901504,26,binning 1   1,DR18
4667.669,21.777143,1.211514,18.851418,SDSS-SDSS,SDSS,619,52056,437,697052198474901504,26,binning 1   1,DR18
4668.7427,19.87536,1.1700506,18.300678,SDSS-SDSS,SDSS,619,52056,437,697052198474901504,26,binning 1   1,DR18
4669.8193,19.397493,1.1772296,18.699026,SDSS-SDSS,SDSS,619,52056,437,697052198474901504,26,binning 1   1,DR18
4670.8936,21.58359,1.1985687,18.671225,SDSS-SDSS,SDSS,619,52056,437,697052198474901504,26,binning 1   1,DR18
4671.9707,19.057135,1.1707776,17.322771,SDSS-SDSS,SDSS,619,52056,437,697052198474901504,26,binning 1   1,DR18
4673.0454,20.70807,1.1860272,16.749586,SDSS-SDSS,SDSS,619,52056,437,697052198474901504,26,binning 1   1,DR18
4674.1206,18.343895,1.1906465,16.425241,SDSS-SDSS,SDSS,619,52056,437,697052198474901504,26,binning 1   1,DR18
4675.198,21.015131,1.271183,16.899248,SDSS-SDSS,SDSS,619,52056,437,697052198474901504,26,binning 1   1,DR18
4676.274,20.378334,1.2683836,17.761213,SDSS-SDSS,SDSS,619,52056,437,697052198474901504,26,binning 1   1,DR18
4677.352,20.455486,1.2285993,16.875292,SDSS-SDSS,SDSS,619,52056,437,697052198474901504,26,binning 1   1,DR18
4678.428,20.743011,1.1962016,13.903297,SDSS-SDSS,SDSS,619,52056,437,697052198474901504,26,binning 1   1,DR18
4679.5073,21.613064,1.1771502,13.151408,SDSS-SDSS,SDSS,619,52056,437,697052198474901504,26,binning 1   1,DR18
4680.5835,21.163433,1.1707771,13.530074,SDSS-SDSS,SDSS,619,52056,437,697052198474901504,26,binning 1   1,DR18
4681.66,18.848415,1.13101,15.007718,SDSS-SDSS,SDSS,619,52056,437,697052198474901504,26,binning 1   1,DR18
4682.7397,19.297781,1.1500049,16.542248,SDSS-SDSS,SDSS,619,52056,437,697052198474901504,26,binning 1   1,DR18
4683.8174,20.225758,1.180835,16.221504,SDSS-SDSS,SDSS,619,52056,437,697052198474901504,26,binning 1   1,DR18
4684.8975,20.414389,1.2079388,16.347748,SDSS-SDSS,SDSS,619,52056,437,697052198474901504,26,binning 1   1,DR18
4685.975,20.22801,1.217764,17.31667,SDSS-SDSS,SDSS,619,52056,437,697052198474901504,26,binning 1   1,DR18
4687.0557,19.923147,1.1893704,17.138763,SDSS-SDSS,SDSS,619,52056,437,697052198474901504,26,binning 1   1,DR18
4688.134,19.761726,1.1646636,16.460163,SDSS-SDSS,SDSS,619,52056,437,697052198474901504,26,binning 1   1,DR18
4689.2124,20.310623,1.1691623,16.217003,SDSS-SDSS,SDSS,619,52056,437,697052198474901504,26,binning 1   1,DR18
4690.2935,21.88784,1.1771052,16.027462,SDSS-SDSS,SDSS,619,52056,437,697052198474901504,26,binning 1   1,DR18
4691.3726,18.977707,1.1460011,15.653151,SDSS-SDSS,SDSS,619,52056,437,697052198474901504,26,binning 1   1,DR18
4692.4546,20.993784,1.1775376,15.302215,SDSS-SDSS,SDSS,619,52056,437,697052198474901504,26,binning 1   1,DR18
4693.534,21.69487,1.1802298,15.314494,SDSS-SDSS,SDSS,619,52056,437,697052198474901504,26,binning 1   1,DR18
4694.616,19.981192,1.1737553,15.250944,SDSS-SDSS,SDSS,619,52056,437,697052198474901504,26,binning 1   1,DR18
4695.6963,23.104841,1.1965296,15.487805,SDSS-SDSS,SDSS,619,52056,437,697052198474901504,26,binning 1   1,DR18
4696.7764,21.748264,1.1638911,16.704914,SDSS-SDSS,SDSS,619,52056,437,697052198474901504,26,binning 1   1,DR18
4697.8594,19.860666,1.1225452,16.767378,SDSS-SDSS,SDSS,619,52056,437,697052198474901504,26,binning 1   1,DR18
4698.9404,20.736742,1.1235361,15.236561,SDSS-SDSS,SDSS,619,52056,437,697052198474901504,26,binning 1   1,DR18
4700.024,21.395998,1.1310374,13.14696,SDSS-SDSS,SDSS,619,52056,437,697052198474901504,26,binning 1   1,DR18
4701.105,21.622808,1.1480126,13.967737,SDSS-SDSS,SDSS,619,52056,437,697052198474901504,26,binning 1   1,DR18
4702.189,21.133913,1.1447845,15.83053,SDSS-SDSS,SDSS,619,52056,437,697052198474901504,26,binning 1   1,DR18
4703.271,20.41624,1.159387,14.144262,SDSS-SDSS,SDSS,619,52056,437,697052198474901504,26,binning 1   1,DR18
4704.353,18.994547,1.1399399,15.672814,SDSS-SDSS,SDSS,619,52056,437,697052198474901504,26,binning 1   1,DR18
4705.4375,17.028921,1.1416657,15.562173,SDSS-SDSS,SDSS,619,52056,437,697052198474901504,26,binning 1   1,DR18
4706.52,17.709255,1.162528,13.678082,SDSS-SDSS,SDSS,619,52056,437,697052198474901504,26,binning 1   1,DR18
4707.6055,18.820116,1.189654,13.047954,SDSS-SDSS,SDSS,619,52056,437,697052198474901504,26,binning 1   1,DR18
4708.6885,18.029564,1.1486466,13.613283,SDSS-SDSS,SDSS,619,52056,437,697052198474901504,26,binning 1   1,DR18
4709.7744,19.321495,1.1492752,12.7654915,SDSS-SDSS,SDSS,619,52056,437,697052198474901504,26,binning 1   1,DR18
4710.858,18.930557,1.1450053,12.882429,SDSS-SDSS,SDSS,619,52056,437,697052198474901504,26,binning 1   1,DR18
4711.9414,19.274359,1.1473608,10.679294,SDSS-SDSS,SDSS,619,52056,437,697052198474901504,26,binning 1   1,DR18
4713.0283,19.807003,1.1466954,12.221801,SDSS-SDSS,SDSS,619,52056,437,697052198474901504,26,binning 1   1,DR18
4714.1123,18.142637,1.1150723,14.071412,SDSS-SDSS,SDSS,619,52056,437,697052198474901504,26,binning 1   1,DR18
4715.199,20.452497,1.1315398,13.258417,SDSS-SDSS,SDSS,619,52056,437,697052198474901504,26,binning 1   1,DR18
4716.284,17.937174,1.1016655,12.720577,SDSS-SDSS,SDSS,619,52056,437,697052198474901504,26,binning 1   1,DR18
4717.3716,19.28168,1.1330149,12.753685,SDSS-SDSS,SDSS,619,52056,437,697052198474901504,26,binning 1   1,DR18
4718.457,19.77726,1.1554691,13.875945,SDSS-SDSS,SDSS,619,52056,437,697052198474901504,26,binning 1   1,DR18
4719.5425,18.446476,1.1382842,15.316132,SDSS-SDSS,SDSS,619,52056,437,697052198474901504,26,binning 1   1,DR18
4720.631,19.21136,1.1352673,14.268202,SDSS-SDSS,SDSS,619,52056,437,697052198474901504,26,binning 1   1,DR18
4721.717,20.35288,1.1415111,12.628425,SDSS-SDSS,SDSS,619,52056,437,697052198474901504,26,binning 1   1,DR18
4722.8057,19.525827,1.1353837,14.54628,SDSS-SDSS,SDSS,619,52056,437,697052198474901504,26,binning 1   1,DR18
4723.892,19.812895,1.1198488,13.838472,SDSS-SDSS,SDSS,619,52056,437,697052198474901504,26,binning 1   1,DR18
4724.9814,19.218195,1.1794329,14.0817,SDSS-SDSS,SDSS,619,52056,437,697052198474901504,26,binning 1   1,DR18
4726.0684,18.742855,1.170778,14.05098,SDSS-SDSS,SDSS,619,52056,437,697052198474901504,26,binning 1   1,DR18
4727.1553,19.985111,1.1783478,14.397966,SDSS-SDSS,SDSS,619,52056,437,697052198474901504,26,binning 1   1,DR18
4728.2456,19.412117,1.1749783,15.36998,SDSS-SDSS,SDSS,619,52056,437,697052198474901504,26,binning 1   1,DR18
4729.3335,17.598206,1.0768263,15.429394,SDSS-SDSS,SDSS,619,52056,437,697052198474901504,26,binning 1   1,DR18
4730.424,17.709951,1.1113932,14.597784,SDSS-SDSS,SDSS,619,52056,437,697052198474901504,26,binning 1   1,DR18
4731.512,18.400095,1.1194161,15.444848,SDSS-SDSS,SDSS,619,52056,437,697052198474901504,26,binning 1   1,DR18
4732.603,18.30488,1.0989876,15.5714655,SDSS-SDSS,SDSS,619,52056,437,697052198474901504,26,binning 1   1,DR18
4733.692,19.202124,1.1028197,16.335928,SDSS-SDSS,SDSS,619,52056,437,697052198474901504,26,binning 1   1,DR18
4734.781,19.120304,1.1079688,15.816342,SDSS-SDSS,SDSS,619,52056,437,697052198474901504,26,binning 1   1,DR18
4735.8726,18.838182,1.1174588,11.354705,SDSS-SDSS,SDSS,619,52056,437,697052198474901504,26,binning 1   1,DR18
4736.9624,16.132963,1.1347561,13.459424,SDSS-SDSS,SDSS,619,52056,437,697052198474901504,26,binning 1   1,DR18
4738.0547,19.496328,1.2134718,13.57996,SDSS-SDSS,SDSS,619,52056,437,697052198474901504,26,binning 1   1,DR18
4739.1445,18.032612,1.1889536,14.176472,SDSS-SDSS,SDSS,619,52056,437,697052198474901504,26,binning 1   1,DR18
4740.2373,17.314623,1.10507,14.922954,SDSS-SDSS,SDSS,619,52056,437,697052198474901504,26,binning 1   1,DR18
4741.3276,15.769573,1.0566113,14.503158,SDSS-SDSS,SDSS,619,52056,437,697052198474901504,26,binning 1   1,DR18
4742.4214,17.689707,1.1069832,14.371286,SDSS-SDSS,SDSS,619,52056,437,697052198474901504,26,binning 1   1,DR18
4743.512,18.79034,1.1612202,16.634617,SDSS-SDSS,SDSS,619,52056,437,697052198474901504,26,binning 1   1,DR18
4744.6035,19.252031,1.5256948,12.832528,SDSS-SDSS,SDSS,619,52056,437,697052198474901504,26,binning 1   1,DR18
4745.6973,20.124731,1.5194411,12.912122,SDSS-SDSS,SDSS,619,52056,437,697052198474901504,26,binning 1   1,DR18
4746.789,15.07305,1.2785851,14.076007,SDSS-SDSS,SDSS,619,52056,437,697052198474901504,26,binning 1   1,DR18
4747.884,14.385282,1.2139937,12.140275,SDSS-SDSS,SDSS,619,52056,437,697052198474901504,26,binning 1   1,DR18
4748.976,17.736868,1.0581942,11.049162,SDSS-SDSS,SDSS,619,52056,437,697052198474901504,26,binning 1   1,DR18
4750.0713,17.060287,1.0345254,14.400424,SDSS-SDSS,SDSS,619,52056,437,697052198474901504,26,binning 1   1,DR18
4751.164,17.489883,1.0752747,15.18397,SDSS-SDSS,SDSS,619,52056,437,697052198474901504,26,binning 1   1,DR18
4752.257,15.103263,1.0432253,14.253347,SDSS-SDSS,SDSS,619,52056,437,697052198474901504,26,binning 1   1,DR18
4753.3525,18.22854,1.1111246,13.945668,SDSS-SDSS,SDSS,619,52056,437,697052198474901504,26,binning 1   1,DR18
4754.4463,18.352398,1.1221697,14.424291,SDSS-SDSS,SDSS,619,52056,437,697052198474901504,26,binning 1   1,DR18
4755.5425,16.561537,1.06559,14.583503,SDSS-SDSS,SDSS,619,52056,437,697052198474901504,26,binning 1   1,DR18
4756.6367,19.07775,1.3524537,15.257425,SDSS-SDSS,SDSS,619,52056,437,697052198474901504,26,binning 1   1,DR18
4757.7334,19.760738,1.3355845,11.959012,SDSS-SDSS,SDSS,619,52056,437,697052198474901504,26,binning 1   1,DR18
4758.828,16.971384,1.3963372,11.996718,SDSS-SDSS,SDSS,619,52056,437,697052198474901504,26,binning 1   1,DR18
4759.923,12.342376,1.293162,13.89931,SDSS-SDSS,SDSS,619,52056,437,697052198474901504,26,binning 1   1,DR18
4761.0205,15.285869,1.2882717,14.306983,SDSS-SDSS,SDSS,619,52056,437,697052198474901504,26,binning 1   1,DR18
4762.1157,16.154345,1.0518999,14.12995,SDSS-SDSS,SDSS,619,52056,437,697052198474901504,26,binning 1   1,DR18
4763.214,15.988279,1.0101664,14.632562,SDSS-SDSS,SDSS,619,52056,437,697052198474901504,26,binning 1   1,DR18
4764.3096,13.32011,0.97110987,15.156106,SDSS-SDSS,SDSS,619,52056,437,697052198474901504,26,binning 1   1,DR18
4765.408,14.1496315,0.9761974,13.735869,SDSS-SDSS,SDSS,619,52056,437,697052198474901504,26,binning 1   1,DR18
4766.5044,13.58012,0.984974,12.455478,SDSS-SDSS,SDSS,619,52056,437,697052198474901504,26,binning 1   1,DR18
4767.601,14.091672,1.0084198,12.774482,SDSS-SDSS,SDSS,619,52056,437,697052198474901504,26,binning 1   1,DR18
4768.7,13.762921,0.9944872,13.783271,SDSS-SDSS,SDSS,619,52056,437,697052198474901504,26,binning 1   1,DR18
4769.7974,13.7392645,0.99495715,15.899726,SDSS-SDSS,SDSS,619,52056,437,697052198474901504,26,binning 1   1,DR18
4770.8975,15.936992,1.0717732,16.198483,SDSS-SDSS,SDSS,619,52056,437,697052198474901504,26,binning 1   1,DR18
4771.995,14.828847,1.3311595,16.144676,SDSS-SDSS,SDSS,619,52056,437,697052198474901504,26,binning 1   1,DR18
4773.095,12.853348,1.3525395,15.38755,SDSS-SDSS,SDSS,619,52056,437,697052198474901504,26,binning 1   1,DR18
4774.1934,14.562501,1.405079,14.862308,SDSS-SDSS,SDSS,619,52056,437,697052198474901504,26,binning 1   1,DR18
4775.2915,13.57047,1.036337,15.984046,SDSS-SDSS,SDSS,619,52056,437,697052198474901504,26,binning 1   1,DR18
4776.3926,14.196829,1.0190259,14.403867,SDSS-SDSS,SDSS,619,52056,437,697052198474901504,26,binning 1   1,DR18
4777.4917,13.470639,0.9683741,15.210159,SDSS-SDSS,SDSS,619,52056,437,697052198474901504,26,binning 1   1,DR18
4778.5933,10.35986,0.95633835,16.281734,SDSS-SDSS,SDSS,619,52056,437,697052198474901504,26,binning 1   1,DR18
4779.6924,13.073982,0.99435765,16.265863,SDSS-SDSS,SDSS,619,52056,437,697052198474901504,26,binning 1   1,DR18
4780.795,11.371289,0.9810487,15.79767,SDSS-SDSS,SDSS,619,52056,437,697052198474901504,26,binning 1   1,DR18
4781.8945,11.373666,0.968876,15.667002,SDSS-SDSS,SDSS,619,52056,437,697052198474901504,26,binning 1   1,DR18
4782.9946,14.245375,0.9897187,14.773018,SDSS-SDSS,SDSS,619,52056,437,697052198474901504,26,binning 1   1,DR18
4784.0977,13.999248,0.972626,14.27707,SDSS-SDSS,SDSS,619,52056,437,697052198474901504,26,binning 1   1,DR18
4785.198,11.483284,0.94238764,14.213693,SDSS-SDSS,SDSS,619,52056,437,697052198474901504,26,binning 1   1,DR18
4786.302,12.616337,0.96458524,13.581784,SDSS-SDSS,SDSS,619,52056,437,697052198474901504,26,binning 1   1,DR18
4787.403,13.279617,1.0100218,13.311911,SDSS-SDSS,SDSS,619,52056,437,697052198474901504,26,binning 1   1,DR18
4788.507,11.515137,1.0153238,14.630423,SDSS-SDSS,SDSS,619,52056,437,697052198474901504,26,binning 1   1,DR18
4789.6084,10.7829275,1.0151967,13.487436,SDSS-SDSS,SDSS,619,52056,437,697052198474901504,26,binning 1   1,DR18
4790.71,11.752712,0.9749298,14.584585,SDSS-SDSS,SDSS,619,52056,437,697052198474901504,26,binning 1   1,DR18
4791.815,14.178353,1.076853,13.320219,SDSS-SDSS,SDSS,619,52056,437,697052198474901504,26,binning 1   1,DR18
4792.917,14.097868,1.0877389,12.60935,SDSS-SDSS,SDSS,619,52056,437,697052198474901504,26,binning 1   1,DR18
4794.0225,12.2725525,0.98502916,14.003692,SDSS-SDSS,SDSS,619,52056,437,697052198474901504,26,binning 1   1,DR18
4795.1255,12.784099,0.9748086,13.784257,SDSS-SDSS,SDSS,619,52056,437,697052198474901504,26,binning 1   1,DR18
4796.231,12.961367,0.9687867,13.022711,SDSS-SDSS,SDSS,619,52056,437,697052198474901504,26,binning 1   1,DR18
4797.3345,12.389905,0.9526446,12.673857,SDSS-SDSS,SDSS,619,52056,437,697052198474901504,26,binning 1   1,DR18
4798.438,12.848854,0.9445889,12.974025,SDSS-SDSS,SDSS,619,52056,437,697052198474901504,26,binning 1   1,DR18
4799.5444,10.89775,0.91683924,12.959452,SDSS-SDSS,SDSS,619,52056,437,697052198474901504,26,binning 1   1,DR18
4800.649,12.601199,0.9484569,13.454123,SDSS-SDSS,SDSS,619,52056,437,697052198474901504,26,binning 1   1,DR18
4801.756,14.219038,0.96854365,15.114973,SDSS-SDSS,SDSS,619,52056,437,697052198474901504,26,binning 1   1,DR18
4802.8604,12.648908,0.939836,12.634682,SDSS-SDSS,SDSS,619,52056,437,697052198474901504,26,binning 1   1,DR18
4803.968,11.423905,0.91902214,13.265472,SDSS-SDSS,SDSS,619,52056,437,697052198474901504,26,binning 1   1,DR18
4805.073,10.421306,0.8983311,14.496411,SDSS-SDSS,SDSS,619,52056,437,697052198474901504,26,binning 1   1,DR18
4806.178,9.840687,0.87901896,14.120928,SDSS-SDSS,SDSS,619,52056,437,697052198474901504,26,binning 1   1,DR18
4807.2866,10.544661,0.89184684,13.205726,SDSS-SDSS,SDSS,619,52056,437,697052198474901504,26,binning 1   1,DR18
4808.3926,10.144805,0.9270171,13.865352,SDSS-SDSS,SDSS,619,52056,437,697052198474901504,26,binning 1   1,DR18
4809.5015,10.848954,0.9664021,14.438939,SDSS-SDSS,SDSS,619,52056,437,697052198474901504,26,binning 1   1,DR18
4810.608,10.358988,0.94776475,13.583204,SDSS-SDSS,SDSS,619,52056,437,697052198474901504,26,binning 1   1,DR18
4811.7173,11.370203,0.9270076,13.439015,SDSS-SDSS,SDSS,619,52056,437,697052198474901504,26,binning 1   1,DR18
4812.824,9.157779,0.88699156,14.277295,SDSS-SDSS,SDSS,619,52056,437,697052198474901504,26,binning 1   1,DR18
4813.931,10.443172,0.8929783,14.984556,SDSS-SDSS,SDSS,619,52056,437,697052198474901504,26,binning 1   1,DR18
4815.0415,9.246277,0.92429334,14.401975,SDSS-SDSS,SDSS,619,52056,437,697052198474901504,26,binning 1   1,DR18
4816.149,8.979003,0.96723896,12.557733,SDSS-SDSS,SDSS,619,52056,437,697052198474901504,26,binning 1   1,DR18
4817.26,10.785769,1.0171527,13.304393,SDSS-SDSS,SDSS,619,52056,437,697052198474901504,26,binning 1   1,DR18
4818.3677,11.5182085,1.0084784,13.136501,SDSS-SDSS,SDSS,619,52056,437,697052198474901504,26,binning 1   1,DR18
4819.479,10.705482,0.982635,14.546032,SDSS-SDSS,SDSS,619,52056,437,697052198474901504,26,binning 1   1,DR18
4820.588,9.631528,0.92371947,16.946136,SDSS-SDSS,SDSS,619,52056,437,697052198474901504,26,binning 1   1,DR18
4821.697,9.775906,0.8990326,15.611011,SDSS-SDSS,SDSS,619,52056,437,697052198474901504,26,binning 1   1,DR18
4822.8086,10.017255,0.93134946,15.493545,SDSS-SDSS,SDSS,619,52056,437,697052198474901504,26,binning 1   1,DR18
4823.918,9.627111,0.89088815,15.799014,SDSS-SDSS,SDSS,619,52056,437,697052198474901504,26,binning 1   1,DR18
4825.0303,9.354809,0.912554,16.2539,SDSS-SDSS,SDSS,619,52056,437,697052198474901504,26,binning 1   1,DR18
4826.14,9.605071,0.89849067,16.982986,SDSS-SDSS,SDSS,619,52056,437,697052198474901504,26,binning 1   1,DR18
4827.2534,7.3855367,0.8936463,17.003729,SDSS-SDSS,SDSS,619,52056,437,697052198474901504,26,binning 1   1,DR18
4828.364,9.790195,0.9415131,15.21371,SDSS-SDSS,SDSS,619,52056,437,697052198474901504,26,binning 1   1,DR18
4829.477,9.172032,0.95872337,14.096622,SDSS-SDSS,SDSS,619,52056,437,697052198474901504,26,binning 1   1,DR18
4830.5884,9.458114,0.9356699,15.217007,SDSS-SDSS,SDSS,619,52056,437,697052198474901504,26,binning 1   1,DR18
4831.699,8.569533,0.88356227,16.694862,SDSS-SDSS,SDSS,619,52056,437,697052198474901504,26,binning 1   1,DR18
4832.8135,8.336877,0.8877609,17.151997,SDSS-SDSS,SDSS,619,52056,437,697052198474901504,26,binning 1   1,DR18
4833.9253,10.090637,0.9324761,15.874598,SDSS-SDSS,SDSS,619,52056,437,697052198474901504,26,binning 1   1,DR18
4835.04,10.088409,0.9290461,14.127108,SDSS-SDSS,SDSS,619,52056,437,697052198474901504,26,binning 1   1,DR18
4836.1523,8.85129,0.9150199,16.583397,SDSS-SDSS,SDSS,619,52056,437,697052198474901504,26,binning 1   1,DR18
4837.2676,10.043189,0.91347647,16.41333,SDSS-SDSS,SDSS,619,52056,437,697052198474901504,26,binning 1   1,DR18
4838.3804,9.964962,0.9041345,15.313537,SDSS-SDSS,SDSS,619,52056,437,697052198474901504,26,binning 1   1,DR18
4839.4937,9.577513,0.9006986,15.74614,SDSS-SDSS,SDSS,619,52056,437,697052198474901504,26,binning 1   1,DR18
4840.6094,8.705154,0.89303344,16.346277,SDSS-SDSS,SDSS,619,52056,437,697052198474901504,26,binning 1   1,DR18
4841.723,8.355602,0.90199834,15.327511,SDSS-SDSS,SDSS,619,52056,437,697052198474901504,26,binning 1   1,DR18
4842.8394,8.52079,0.87446433,18.170412,SDSS-SDSS,SDSS,619,52056,437,697052198474901504,26,binning 1   1,DR18
4843.9536,8.507465,0.86352384,16.899557,SDSS-SDSS,SDSS,619,52056,437,697052198474901504,26,binning 1   1,DR18
4845.071,8.87847,0.84429777,15.42276,SDSS-SDSS,SDSS,619,52056,437,697052198474901504,26,binning 1   1,DR18
4846.185,7.979079,0.85404104,15.612754,SDSS-SDSS,SDSS,619,52056,437,697052198474901504,26,binning 1   1,DR18
4847.3003,8.003994,0.8546702,15.766035,SDSS-SDSS,SDSS,619,52056,437,697052198474901504,26,binning 1   1,DR18
4848.418,8.457671,0.89837366,14.624138,SDSS-SDSS,SDSS,619,52056,437,697052198474901504,26,binning 1   1,DR18
4849.533,7.2225857,0.85050815,15.347675,SDSS-SDSS,SDSS,619,52056,437,697052198474901504,26,binning 1   1,DR18
4850.6514,8.015104,0.82766026,14.148044,SDSS-SDSS,SDSS,619,52056,437,697052198474901504,26,binning 1   1,DR18
4851.7676,7.080548,0.82761866,14.788527,SDSS-SDSS,SDSS,619,52056,437,697052198474901504,26,binning 1   1,DR18
4852.886,7.7888803,0.86444515,14.352948,SDSS-SDSS,SDSS,619,52056,437,697052198474901504,26,binning 1   1,DR18
4854.0024,7.111238,0.91176456,12.425243,SDSS-SDSS,SDSS,619,52056,437,697052198474901504,26,binning 1   1,DR18
4855.119,8.728222,0.9601978,12.886894,SDSS-SDSS,SDSS,619,52056,437,697052198474901504,26,binning 1   1,DR18
4856.239,8.387465,1.0212482,11.618049,SDSS-SDSS,SDSS,619,52056,437,697052198474901504,26,binning 1   1,DR18
4857.356,7.474297,0.9788888,13.754428,SDSS-SDSS,SDSS,619,52056,437,697052198474901504,26,binning 1   1,DR18
4858.476,7.3257217,0.98448455,13.332161,SDSS-SDSS,SDSS,619,52056,437,697052198474901504,26,binning 1   1,DR18
4859.5938,10.261909,1.5044179,11.920407,SDSS-SDSS,SDSS,619,52056,437,697052198474901504,26,binning 1   1,DR18
4860.7144,14.466088,1.3339522,12.50597,SDSS-SDSS,SDSS,619,52056,437,697052198474901504,26,binning 1   1,DR18
4861.8325,11.501812,2.2106025,13.673438,SDSS-SDSS,SDSS,619,52056,437,697052198474901504,26,binning 1   1,DR18
4862.951,8.914842,1.0897337,13.118707,SDSS-SDSS,SDSS,619,52056,437,697052198474901504,26,binning 1   1,DR18
4864.0723,7.793222,1.0933356,11.216392,SDSS-SDSS,SDSS,619,52056,437,697052198474901504,26,binning 1   1,DR18
4865.1914,11.892489,1.154091,11.999832,SDSS-SDSS,SDSS,619,52056,437,697052198474901504,26,binning 1   1,DR18
4866.3135,10.894545,1.0147513,13.422541,SDSS-SDSS,SDSS,619,52056,437,697052198474901504,26,binning 1   1,DR18
4867.4326,9.456573,0.9714091,13.303068,SDSS-SDSS,SDSS,619,52056,437,697052198474901504,26,binning 1   1,DR18
4868.555,9.998485,0.9381306,12.545791,SDSS-SDSS,SDSS,619,52056,437,697052198474901504,26,binning 1   1,DR18
4869.6753,8.343828,0.9047297,11.203321,SDSS-SDSS,SDSS,619,52056,437,697052198474901504,26,binning 1   1,DR18
4870.7954,8.031491,0.879862,12.140716,SDSS-SDSS,SDSS,619,52056,437,697052198474901504,26,binning 1   1,DR18
4871.919,7.106494,0.85525167,11.225203,SDSS-SDSS,SDSS,619,52056,437,697052198474901504,26,binning 1   1,DR18
4873.0396,4.107034,0.7993156,10.033993,SDSS-SDSS,SDSS,619,52056,437,697052198474901504,26,binning 1   1,DR18
4874.163,6.328106,0.8378263,10.503271,SDSS-SDSS,SDSS,619,52056,437,697052198474901504,26,binning 1   1,DR18
4875.2847,6.880781,0.90664935,10.515655,SDSS-SDSS,SDSS,619,52056,437,697052198474901504,26,binning 1   1,DR18
4876.4087,5.5808907,0.8581306,8.088791,SDSS-SDSS,SDSS,619,52056,437,697052198474901504,26,binning 1   1,DR18
4877.531,7.508287,0.9013075,9.258013,SDSS-SDSS,SDSS,619,52056,437,697052198474901504,26,binning 1   1,DR18
4878.653,6.5684834,0.87391245,10.231024,SDSS-SDSS,SDSS,619,52056,437,697052198474901504,26,binning 1   1,DR18
4879.778,7.5263844,0.85562044,10.445102,SDSS-SDSS,SDSS,619,52056,437,697052198474901504,26,binning 1   1,DR18
4880.9004,7.6240487,0.858673,10.339138,SDSS-SDSS,SDSS,619,52056,437,697052198474901504,26,binning 1   1,DR18
4882.026,6.7271614,0.8779832,9.8560295,SDSS-SDSS,SDSS,619,52056,437,697052198474901504,26,binning 1   1,DR18
4883.149,6.8895993,0.89393175,11.56179,SDSS-SDSS,SDSS,619,52056,437,697052198474901504,26,binning 1   1,DR18
4884.275,7.154051,0.9054164,10.244076,SDSS-SDSS,SDSS,619,52056,437,697052198474901504,26,binning 1   1,DR18
4885.3984,6.16587,0.8675426,9.554776,SDSS-SDSS,SDSS,619,52056,437,697052198474901504,26,binning 1   1,DR18
4886.5225,6.9637914,0.86353856,10.268669,SDSS-SDSS,SDSS,619,52056,437,697052198474901504,26,binning 1   1,DR18
4887.6494,6.018089,0.8356226,11.074484,SDSS-SDSS,SDSS,619,52056,437,697052198474901504,26,binning 1   1,DR18
4888.7734,6.0090976,0.8275145,11.106598,SDSS-SDSS,SDSS,619,52056,437,697052198474901504,26,binning 1   1,DR18
4889.901,6.928712,0.8398073,10.54982,SDSS-SDSS,SDSS,619,52056,437,697052198474901504,26,binning 1   1,DR18
4891.026,5.3288097,0.86248356,12.568105,SDSS-SDSS,SDSS,619,52056,437,697052198474901504,26,binning 1   1,DR18
4892.154,6.6858373,0.89918745,12.057234,SDSS-SDSS,SDSS,619,52056,437,697052198474901504,26,binning 1   1,DR18
4893.2793,7.5520997,0.9197217,10.912157,SDSS-SDSS,SDSS,619,52056,437,697052198474901504,26,binning 1   1,DR18
4894.405,5.878714,0.89413506,11.861861,SDSS-SDSS,SDSS,619,52056,437,697052198474901504,26,binning 1   1,DR18
4895.5337,5.7603006,0.8716649,13.42708,SDSS-SDSS,SDSS,619,52056,437,697052198474901504,26,binning 1   1,DR18
4896.6597,9.140563,0.8874592,13.731581,SDSS-SDSS,SDSS,619,52056,437,697052198474901504,26,binning 1   1,DR18
4897.789,7.109351,0.84945554,13.394765,SDSS-SDSS,SDSS,619,52056,437,697052198474901504,26,binning 1   1,DR18
4898.9155,5.8065953,0.8174252,13.555656,SDSS-SDSS,SDSS,619,52056,437,697052198474901504,26,binning 1   1,DR18
4900.0454,5.9727025,0.86957693,13.573153,SDSS-SDSS,SDSS,619,52056,437,697052198474901504,26,binning 1   1,DR18
4901.1724,8.234061,0.9098393,13.420404,SDSS-SDSS,SDSS,619,52056,437,697052198474901504,26,binning 1   1,DR18
4902.3,8.400481,0.9455173,13.665179,SDSS-SDSS,SDSS,619,52056,437,697052198474901504,26,binning 1   1,DR18
4903.4307,6.2030773,0.89474994,12.394107,SDSS-SDSS,SDSS,619,52056,437,697052198474901504,26,binning 1   1,DR18
4904.5586,8.247321,0.88299555,12.642924,SDSS-SDSS,SDSS,619,52056,437,697052198474901504,26,binning 1   1,DR18
4905.6895,7.7481594,0.86521363,12.316399,SDSS-SDSS,SDSS,619,52056,437,697052198474901504,26,binning 1   1,DR18
4906.818,6.3641925,0.8331231,11.416303,SDSS-SDSS,SDSS,619,52056,437,697052198474901504,26,binning 1   1,DR18
4907.9497,8.580303,0.896946,10.841606,SDSS-SDSS,SDSS,619,52056,437,697052198474901504,26,binning 1   1,DR18
4909.0786,8.779683,0.89047116,10.779314,SDSS-SDSS,SDSS,619,52056,437,697052198474901504,26,binning 1   1,DR18
4910.208,7.045498,0.89244735,11.276192,SDSS-SDSS,SDSS,619,52056,437,697052198474901504,26,binning 1   1,DR18
4911.3403,5.7017965,0.8451433,10.585987,SDSS-SDSS,SDSS,619,52056,437,697052198474901504,26,binning 1   1,DR18
4912.47,7.588518,0.8384478,9.861307,SDSS-SDSS,SDSS,619,52056,437,697052198474901504,26,binning 1   1,DR18
4913.603,7.899773,0.85525465,10.324079,SDSS-SDSS,SDSS,619,52056,437,697052198474901504,26,binning 1   1,DR18
4914.7334,8.825066,0.9266358,10.523443,SDSS-SDSS,SDSS,619,52056,437,697052198474901504,26,binning 1   1,DR18
4915.8667,7.837496,0.90572965,9.394676,SDSS-SDSS,SDSS,619,52056,437,697052198474901504,26,binning 1   1,DR18
4916.9976,5.5675035,0.85837424,12.59449,SDSS-SDSS,SDSS,619,52056,437,697052198474901504,26,binning 1   1,DR18
4918.1313,7.942376,0.84859174,11.274871,SDSS-SDSS,SDSS,619,52056,437,697052198474901504,26,binning 1   1,DR18
4919.2627,8.794691,0.86603636,10.357162,SDSS-SDSS,SDSS,619,52056,437,697052198474901504,26,binning 1   1,DR18
4920.3945,7.7469873,0.8303673,11.024955,SDSS-SDSS,SDSS,619,52056,437,697052198474901504,26,binning 1   1,DR18
4921.529,6.300897,0.80467206,11.057784,SDSS-SDSS,SDSS,619,52056,437,697052198474901504,26,binning 1   1,DR18
4922.661,8.201524,1.0538156,9.883169,SDSS-SDSS,SDSS,619,52056,437,697052198474901504,26,binning 1   1,DR18
4923.7964,9.74936,1.112276,10.849305,SDSS-SDSS,SDSS,619,52056,437,697052198474901504,26,binning 1   1,DR18
4924.929,6.332051,0.8414044,10.406053,SDSS-SDSS,SDSS,619,52056,437,697052198474901504,26,binning 1   1,DR18
4926.065,6.523766,0.87053406,10.347723,SDSS-SDSS,SDSS,619,52056,437,697052198474901504,26,binning 1   1,DR18
4927.1978,9.937094,0.913955,10.702155,SDSS-SDSS,SDSS,619,52056,437,697052198474901504,26,binning 1   1,DR18
4928.3315,7.182899,0.8656197,10.870234,SDSS-SDSS,SDSS,619,52056,437,697052198474901504,26,binning 1   1,DR18
4929.468,8.00463,0.85219103,11.247607,SDSS-SDSS,SDSS,619,52056,437,697052198474901504,26,binning 1   1,DR18
4930.602,9.244529,0.8691253,11.977058,SDSS-SDSS,SDSS,619,52056,437,697052198474901504,26,binning 1   1,DR18
4931.739,8.196771,0.85945433,11.424445,SDSS-SDSS,SDSS,619,52056,437,697052198474901504,26,binning 1   1,DR18
4932.8735,8.029543,0.849048,11.256445,SDSS-SDSS,SDSS,619,52056,437,697052198474901504,26,binning 1   1,DR18
4934.0107,7.608162,0.8529718,12.026095,SDSS-SDSS,SDSS,619,52056,437,697052198474901504,26,binning 1   1,DR18
4935.146,9.386818,1.1425397,12.816426,SDSS-SDSS,SDSS,619,52056,437,697052198474901504,26,binning 1   1,DR18
4936.2812,9.68921,1.16956,12.871223,SDSS-SDSS,SDSS,619,52056,437,697052198474901504,26,binning 1   1,DR18
4937.4194,7.7536216,0.8399699,13.697084,SDSS-SDSS,SDSS,619,52056,437,697052198474901504,26,binning 1   1,DR18
4938.5557,7.324835,0.83744425,15.304041,SDSS-SDSS,SDSS,619,52056,437,697052198474901504,26,binning 1   1,DR18
4939.6943,9.208276,0.84592223,15.686329,SDSS-SDSS,SDSS,619,52056,437,697052198474901504,26,binning 1   1,DR18
4940.8306,8.7577095,0.8134612,14.816149,SDSS-SDSS,SDSS,619,52056,437,697052198474901504,26,binning 1   1,DR18
4941.97,8.715211,1.0724883,14.006494,SDSS-SDSS,SDSS,619,52056,437,697052198474901504,26,binning 1   1,DR18
4943.107,11.914731,1.1128767,14.422644,SDSS-SDSS,SDSS,619,52056,437,697052198474901504,26,binning 1   1,DR18
4944.244,11.198492,1.1106133,15.650273,SDSS-SDSS,SDSS,619,52056,437,697052198474901504,26,binning 1   1,DR18
4945.3843,7.820271,1.1097032,15.554236,SDSS-SDSS,SDSS,619,52056,437,697052198474901504,26,binning 1   1,DR18
4946.522,6.749783,0.85641134,16.459225,SDSS-SDSS,SDSS,619,52056,437,697052198474901504,26,binning 1   1,DR18
4947.6626,6.9324503,0.8591728,17.305025,SDSS-SDSS,SDSS,619,52056,437,697052198474901504,26,binning 1   1,DR18
4948.801,10.9159975,1.1392833,16.58654,SDSS-SDSS,SDSS,619,52056,437,697052198474901504,26,binning 1   1,DR18
4949.942,9.310991,1.1636943,14.882525,SDSS-SDSS,SDSS,619,52056,437,697052198474901504,26,binning 1   1,DR18
4951.0806,6.834498,0.85264266,13.322011,SDSS-SDSS,SDSS,619,52056,437,697052198474901504,26,binning 1   1,DR18
4952.2197,7.7188025,0.87379014,13.421509,SDSS-SDSS,SDSS,619,52056,437,697052198474901504,26,binning 1   1,DR18
4953.362,7.183004,0.8899935,13.880531,SDSS-SDSS,SDSS,619,52056,437,697052198474901504,26,binning 1   1,DR18
4954.501,7.889326,0.924356,12.783015,SDSS-SDSS,SDSS,619,52056,437,697052198474901504,26,binning 1   1,DR18
4955.6436,6.760232,0.89135396,10.181964,SDSS-SDSS,SDSS,619,52056,437,697052198474901504,26,binning 1   1,DR18
4956.7837,8.419521,0.84580606,8.756271,SDSS-SDSS,SDSS,619,52056,437,697052198474901504,26,binning 1   1,DR18
4957.927,5.9883375,0.80707234,10.804688,SDSS-SDSS,SDSS,619,52056,437,697052198474901504,26,binning 1   1,DR18
4959.0674,6.878337,0.82386845,11.906604,SDSS-SDSS,SDSS,619,52056,437,697052198474901504,26,binning 1   1,DR18
4960.208,5.6642675,0.8147568,11.076447,SDSS-SDSS,SDSS,619,52056,437,697052198474901504,26,binning 1   1,DR18
4961.352,4.861179,0.7866005,10.314796,SDSS-SDSS,SDSS,619,52056,437,697052198474901504,26,binning 1   1,DR18
4962.493,3.2987113,0.7439859,9.89062,SDSS-SDSS,SDSS,619,52056,437,697052198474901504,26,binning 1   1,DR18
4963.6377,5.338769,0.7548097,8.805685,SDSS-SDSS,SDSS,619,52056,437,697052198474901504,26,binning 1   1,DR18
4964.7793,4.8523316,0.7572337,10.273143,SDSS-SDSS,SDSS,619,52056,437,697052198474901504,26,binning 1   1,DR18
4965.9243,4.752481,0.75913143,9.712961,SDSS-SDSS,SDSS,619,52056,437,697052198474901504,26,binning 1   1,DR18
4967.067,6.451283,0.7863299,10.399527,SDSS-SDSS,SDSS,619,52056,437,697052198474901504,26,binning 1   1,DR18
4968.2095,6.890883,0.7944131,9.0677185,SDSS-SDSS,SDSS,619,52056,437,697052198474901504,26,binning 1   1,DR18
4969.355,6.030335,0.7997078,6.7416906,SDSS-SDSS,SDSS,619,52056,437,697052198474901504,26,binning 1   1,DR18
4970.498,6.0186324,0.812564,9.016089,SDSS-SDSS,SDSS,619,52056,437,697052198474901504,26,binning 1   1,DR18
4971.6445,5.785742,0.85276073,8.22447,SDSS-SDSS,SDSS,619,52056,437,697052198474901504,26,binning 1   1,DR18
4972.788,6.219853,0.85689914,8.230835,SDSS-SDSS,SDSS,619,52056,437,697052198474901504,26,binning 1   1,DR18
4973.935,6.264577,0.82938874,9.260592,SDSS-SDSS,SDSS,619,52056,437,697052198474901504,26,binning 1   1,DR18
4975.079,5.921521,0.79479516,9.399284,SDSS-SDSS,SDSS,619,52056,437,697052198474901504,26,binning 1   1,DR18
4976.2236,5.884155,0.8138839,8.1453,SDSS-SDSS,SDSS,619,52056,437,697052198474901504,26,binning 1   1,DR18
4977.371,6.32078,0.8493575,7.404238,SDSS-SDSS,SDSS,619,52056,437,697052198474901504,26,binning 1   1,DR18
4978.516,8.376574,1.1877143,8.637491,SDSS-SDSS,SDSS,619,52056,437,697052198474901504,26,binning 1   1,DR18
4979.664,8.992967,1.2494191,8.983143,SDSS-SDSS,SDSS,619,52056,437,697052198474901504,26,binning 1   1,DR18
4980.8096,6.7767835,1.0884799,9.830746,SDSS-SDSS,SDSS,619,52056,437,697052198474901504,26,binning 1   1,DR18
4981.9585,4.464042,1.0859411,9.249763,SDSS-SDSS,SDSS,619,52056,437,697052198474901504,26,binning 1   1,DR18
4983.1045,4.5435834,1.1017947,7.5843596,SDSS-SDSS,SDSS,619,52056,437,697052198474901504,26,binning 1   1,DR18
4984.251,6.26181,0.97215784,7.6908426,SDSS-SDSS,SDSS,619,52056,437,697052198474901504,26,binning 1   1,DR18
4985.4004,5.709343,0.85692155,6.2067246,SDSS-SDSS,SDSS,619,52056,437,697052198474901504,26,binning 1   1,DR18
4986.547,4.9028125,0.8551821,7.7707324,SDSS-SDSS,SDSS,619,52056,437,697052198474901504,26,binning 1   1,DR18
4987.697,7.0149627,0.8929471,8.178415,SDSS-SDSS,SDSS,619,52056,437,697052198474901504,26,binning 1   1,DR18
4988.844,7.5719137,0.96858674,7.2931514,SDSS-SDSS,SDSS,619,52056,437,697052198474901504,26,binning 1   1,DR18
4989.9946,8.138727,0.9441677,7.543964,SDSS-SDSS,SDSS,619,52056,437,697052198474901504,26,binning 1   1,DR18
4991.1426,7.3311553,0.8562652,9.392038,SDSS-SDSS,SDSS,619,52056,437,697052198474901504,26,binning 1   1,DR18
4992.291,5.9912453,0.8173114,9.4012,SDSS-SDSS,SDSS,619,52056,437,697052198474901504,26,binning 1   1,DR18
4993.442,7.621344,0.835352,7.9621034,SDSS-SDSS,SDSS,619,52056,437,697052198474901504,26,binning 1   1,DR18
4994.591,6.007612,0.8218629,7.0371795,SDSS-SDSS,SDSS,619,52056,437,697052198474901504,26,binning 1   1,DR18
4995.7427,7.345538,0.85556346,6.672767,SDSS-SDSS,SDSS,619,52056,437,697052198474901504,26,binning 1   1,DR18
4996.892,5.884543,0.792849,7.082825,SDSS-SDSS,SDSS,619,52056,437,697052198474901504,26,binning 1   1,DR18
4998.044,6.227476,0.78632337,8.5464115,SDSS-SDSS,SDSS,619,52056,437,697052198474901504,26,binning 1   1,DR18
4999.194,7.3673725,0.78651196,8.125941,SDSS-SDSS,SDSS,619,52056,437,697052198474901504,26,binning 1   1,DR18
5000.3438,5.249768,0.7710329,7.4005404,SDSS-SDSS,SDSS,619,52056,437,697052198474901504,26,binning 1   1,DR18
5001.497,6.7385287,0.80923206,7.4069467,SDSS-SDSS,SDSS,619,52056,437,697052198474901504,26,binning 1   1,DR18
5002.6475,6.8573675,0.8258108,7.188116,SDSS-SDSS,SDSS,619,52056,437,697052198474901504,26,binning 1   1,DR18
5003.8013,5.107873,0.7759407,6.4262085,SDSS-SDSS,SDSS,619,52056,437,697052198474901504,26,binning 1   1,DR18
5004.952,5.6265726,0.7427117,6.2562127,SDSS-SDSS,SDSS,619,52056,437,697052198474901504,26,binning 1   1,DR18
5006.1064,4.998032,0.75198376,6.7114,SDSS-SDSS,SDSS,619,52056,437,697052198474901504,26,binning 1   1,DR18
5007.2583,7.594466,0.78684103,6.8354983,SDSS-SDSS,SDSS,619,52056,437,697052198474901504,26,binning 1   1,DR18
5008.4126,3.4015028,0.7493089,7.863741,SDSS-SDSS,SDSS,619,52056,437,697052198474901504,26,binning 1   1,DR18
5009.565,5.8009214,0.77397305,8.089583,SDSS-SDSS,SDSS,619,52056,437,697052198474901504,26,binning 1   1,DR18
5010.7173,6.3967237,0.8101415,7.116419,SDSS-SDSS,SDSS,619,52056,437,697052198474901504,26,binning 1   1,DR18
5011.873,5.991321,0.7870944,7.0852866,SDSS-SDSS,SDSS,619,52056,437,697052198474901504,26,binning 1   1,DR18
5013.026,6.330313,0.7482412,7.264148,SDSS-SDSS,SDSS,619,52056,437,697052198474901504,26,binning 1   1,DR18
5014.1816,6.286197,0.7311701,6.8111973,SDSS-SDSS,SDSS,619,52056,437,697052198474901504,26,binning 1   1,DR18
5015.3354,6.2697277,0.7286066,5.2033024,SDSS-SDSS,SDSS,619,52056,437,697052198474901504,26,binning 1   1,DR18
5016.4917,5.8387923,0.73627687,4.652416,SDSS-SDSS,SDSS,619,52056,437,697052198474901504,26,binning 1   1,DR18
5017.646,5.3905954,0.74182,5.7157893,SDSS-SDSS,SDSS,619,52056,437,697052198474901504,26,binning 1   1,DR18
5018.8003,7.868675,0.78887975,6.557962,SDSS-SDSS,SDSS,619,52056,437,697052198474901504,26,binning 1   1,DR18
5019.9575,7.590529,0.7786129,7.873196,SDSS-SDSS,SDSS,619,52056,437,697052198474901504,26,binning 1   1,DR18
5021.1123,5.5976515,0.7400515,7.344246,SDSS-SDSS,SDSS,619,52056,437,697052198474901504,26,binning 1   1,DR18
5022.27,5.5292635,0.71761906,7.119674,SDSS-SDSS,SDSS,619,52056,437,697052198474901504,26,binning 1   1,DR18
5023.426,6.6079197,0.7394458,8.00425,SDSS-SDSS,SDSS,619,52056,437,697052198474901504,26,binning 1   1,DR18
5024.584,5.6161666,0.7322415,8.179354,SDSS-SDSS,SDSS,619,52056,437,697052198474901504,26,binning 1   1,DR18
5025.7397,6.0671315,0.77843314,6.3408403,SDSS-SDSS,SDSS,619,52056,437,697052198474901504,26,binning 1   1,DR18
5026.896,6.41464,0.78712547,6.8577776,SDSS-SDSS,SDSS,619,52056,437,697052198474901504,26,binning 1   1,DR18
5028.055,5.9061913,0.7597554,8.0386095,SDSS-SDSS,SDSS,619,52056,437,697052198474901504,26,binning 1   1,DR18
5029.212,5.441458,0.7242172,8.072135,SDSS-SDSS,SDSS,619,52056,437,697052198474901504,26,binning 1   1,DR18
5030.3716,5.894875,0.7103068,6.3616405,SDSS-SDSS,SDSS,619,52056,437,697052198474901504,26,binning 1   1,DR18
5031.529,6.448605,0.73865795,5.0849757,SDSS-SDSS,SDSS,619,52056,437,697052198474901504,26,binning 1   1,DR18
5032.689,5.8510737,0.741591,6.7022986,SDSS-SDSS,SDSS,619,52056,437,697052198474901504,26,binning 1   1,DR18
5033.847,7.598996,0.77158415,7.056223,SDSS-SDSS,SDSS,619,52056,437,697052198474901504,26,binning 1   1,DR18
5035.005,7.1560855,0.7785472,5.0102587,SDSS-SDSS,SDSS,619,52056,437,697052198474901504,26,binning 1   1,DR18
5036.166,6.2422,0.7524114,5.1253185,SDSS-SDSS,SDSS,619,52056,437,697052198474901504,26,binning 1   1,DR18
5037.3247,7.4357934,0.7651639,7.1482463,SDSS-SDSS,SDSS,619,52056,437,697052198474901504,26,binning 1   1,DR18
5038.4863,7.0919967,0.7520579,8.049419,SDSS-SDSS,SDSS,619,52056,437,697052198474901504,26,binning 1   1,DR18
5039.6455,6.3512645,0.75478816,6.8283362,SDSS-SDSS,SDSS,619,52056,437,697052198474901504,26,binning 1   1,DR18
5040.8076,6.9409056,0.76752365,7.42994,SDSS-SDSS,SDSS,619,52056,437,697052198474901504,26,binning 1   1,DR18
5041.967,5.679319,0.7868625,9.102966,SDSS-SDSS,SDSS,619,52056,437,697052198474901504,26,binning 1   1,DR18
5043.127,6.817942,0.7974557,7.863399,SDSS-SDSS,SDSS,619,52056,437,697052198474901504,26,binning 1   1,DR18
5044.29,5.103272,0.77834654,7.1567197,SDSS-SDSS,SDSS,619,52056,437,697052198474901504,26,binning 1   1,DR18
5045.45,6.9617324,0.7725525,8.226358,SDSS-SDSS,SDSS,619,52056,437,697052198474901504,26,binning 1   1,DR18
5046.614,7.1565,0.7679827,7.5460024,SDSS-SDSS,SDSS,619,52056,437,697052198474901504,26,binning 1   1,DR18
5047.775,7.431282,0.7828861,7.871138,SDSS-SDSS,SDSS,619,52056,437,697052198474901504,26,binning 1   1,DR18
5048.939,6.4620004,0.77549374,7.5302744,SDSS-SDSS,SDSS,619,52056,437,697052198474901504,26,binning 1   1,DR18
5050.1,9.791526,1.1938384,8.425477,SDSS-SDSS,SDSS,619,52056,437,697052198474901504,26,binning 1   1,DR18
5051.262,10.803795,1.2058449,9.847422,SDSS-SDSS,SDSS,619,52056,437,697052198474901504,26,binning 1   1,DR18
5052.427,5.6551046,1.0257198,8.966724,SDSS-SDSS,SDSS,619,52056,437,697052198474901504,26,binning 1   1,DR18
5053.5894,6.8402247,0.74922746,5.8099847,SDSS-SDSS,SDSS,619,52056,437,697052198474901504,26,binning 1   1,DR18
5054.7544,7.3095303,0.7489409,8.031567,SDSS-SDSS,SDSS,619,52056,437,697052198474901504,26,binning 1   1,DR18
5055.9175,6.483074,0.7214791,9.151095,SDSS-SDSS,SDSS,619,52056,437,697052198474901504,26,binning 1   1,DR18
5057.083,5.2706285,0.705521,8.73771,SDSS-SDSS,SDSS,619,52056,437,697052198474901504,26,binning 1   1,DR18
5058.2466,8.7486725,1.0177467,8.360127,SDSS-SDSS,SDSS,619,52056,437,697052198474901504,26,binning 1   1,DR18
5059.41,8.753848,1.0629436,8.267212,SDSS-SDSS,SDSS,619,52056,437,697052198474901504,26,binning 1   1,DR18
5060.577,5.5290704,0.78672117,7.8402376,SDSS-SDSS,SDSS,619,52056,437,697052198474901504,26,binning 1   1,DR18
5061.741,6.6858945,0.7785755,8.436683,SDSS-SDSS,SDSS,619,52056,437,697052198474901504,26,binning 1   1,DR18
5062.908,7.535913,0.7697841,7.5683665,SDSS-SDSS,SDSS,619,52056,437,697052198474901504,26,binning 1   1,DR18
5064.073,4.886312,0.74180275,6.723166,SDSS-SDSS,SDSS,619,52056,437,697052198474901504,26,binning 1   1,DR18
5065.2407,7.499454,1.021434,6.72328,SDSS-SDSS,SDSS,619,52056,437,697052198474901504,26,binning 1   1,DR18
5066.4062,9.76398,1.042125,7.352073,SDSS-SDSS,SDSS,619,52056,437,697052198474901504,26,binning 1   1,DR18
5067.572,6.635113,0.7341509,8.09099,SDSS-SDSS,SDSS,619,52056,437,697052198474901504,26,binning 1   1,DR18
5068.74,6.5259876,0.7369422,8.391046,SDSS-SDSS,SDSS,619,52056,437,697052198474901504,26,binning 1   1,DR18
5069.9062,6.217545,0.7595264,7.2728477,SDSS-SDSS,SDSS,619,52056,437,697052198474901504,26,binning 1   1,DR18
5071.075,5.3712525,0.7752386,6.9751434,SDSS-SDSS,SDSS,619,52056,437,697052198474901504,26,binning 1   1,DR18
5072.2417,7.4065824,0.8218542,7.9459853,SDSS-SDSS,SDSS,619,52056,437,697052198474901504,26,binning 1   1,DR18
5073.4116,7.2160583,0.8313741,8.705995,SDSS-SDSS,SDSS,619,52056,437,697052198474901504,26,binning 1   1,DR18
5074.5786,7.5164375,0.8267993,8.153382,SDSS-SDSS,SDSS,619,52056,437,697052198474901504,26,binning 1   1,DR18
5075.746,6.8034143,0.7931934,8.401959,SDSS-SDSS,SDSS,619,52056,437,697052198474901504,26,binning 1   1,DR18
5076.9165,6.6290407,0.7520144,8.763445,SDSS-SDSS,SDSS,619,52056,437,697052198474901504,26,binning 1   1,DR18
5078.0845,7.8215938,1.014548,8.548222,SDSS-SDSS,SDSS,619,52056,437,697052198474901504,26,binning 1   1,DR18
5079.2554,10.532559,1.0276232,8.663036,SDSS-SDSS,SDSS,619,52056,437,697052198474901504,26,binning 1   1,DR18
5080.424,9.281833,1.0792606,8.90806,SDSS-SDSS,SDSS,619,52056,437,697052198474901504,26,binning 1   1,DR18
5081.5957,7.686893,0.8712664,8.546214,SDSS-SDSS,SDSS,619,52056,437,697052198474901504,26,binning 1   1,DR18
5082.7646,6.546143,0.8978862,10.422531,SDSS-SDSS,SDSS,619,52056,437,697052198474901504,26,binning 1   1,DR18
5083.9336,5.4519506,0.82417315,10.157191,SDSS-SDSS,SDSS,619,52056,437,697052198474901504,26,binning 1   1,DR18
5085.106,7.6681623,0.7915688,9.035215,SDSS-SDSS,SDSS,619,52056,437,697052198474901504,26,binning 1   1,DR18
5086.276,6.3663173,0.7926022,9.606487,SDSS-SDSS,SDSS,619,52056,437,697052198474901504,26,binning 1   1,DR18
5087.4487,7.142123,0.7966918,10.446576,SDSS-SDSS,SDSS,619,52056,437,697052198474901504,26,binning 1   1,DR18
5088.619,6.6128736,0.8288964,8.663442,SDSS-SDSS,SDSS,619,52056,437,697052198474901504,26,binning 1   1,DR18
5089.7925,5.571276,0.82014287,9.2494545,SDSS-SDSS,SDSS,619,52056,437,697052198474901504,26,binning 1   1,DR18
5090.9634,7.5379796,0.81376934,8.42813,SDSS-SDSS,SDSS,619,52056,437,697052198474901504,26,binning 1   1,DR18
5092.135,8.198168,0.7910872,9.710711,SDSS-SDSS,SDSS,619,52056,437,697052198474901504,26,binning 1   1,DR18
5093.309,6.202277,0.72392386,10.109366,SDSS-SDSS,SDSS,619,52056,437,697052198474901504,26,binning 1   1,DR18
5094.4805,6.440665,0.70725113,8.850607,SDSS-SDSS,SDSS,619,52056,437,697052198474901504,26,binning 1   1,DR18
5095.6553,6.8407993,0.7304113,10.007797,SDSS-SDSS,SDSS,619,52056,437,697052198474901504,26,binning 1   1,DR18
5096.8276,6.754876,0.75502115,10.648669,SDSS-SDSS,SDSS,619,52056,437,697052198474901504,26,binning 1   1,DR18
5098.003,7.023472,0.75902045,9.984481,SDSS-SDSS,SDSS,619,52056,437,697052198474901504,26,binning 1   1,DR18
5099.176,7.1212583,1.05708,10.758105,SDSS-SDSS,SDSS,619,52056,437,697052198474901504,26,binning 1   1,DR18
5100.3516,8.572218,1.0629977,11.368667,SDSS-SDSS,SDSS,619,52056,437,697052198474901504,26,binning 1   1,DR18
5101.525,6.8696136,0.7984369,10.821498,SDSS-SDSS,SDSS,619,52056,437,697052198474901504,26,binning 1   1,DR18
5102.6987,6.931389,0.7737824,11.011987,SDSS-SDSS,SDSS,619,52056,437,697052198474901504,26,binning 1   1,DR18
5103.875,6.5066433,0.72793525,11.639232,SDSS-SDSS,SDSS,619,52056,437,697052198474901504,26,binning 1   1,DR18
5105.0493,6.4643993,0.74820966,12.193878,SDSS-SDSS,SDSS,619,52056,437,697052198474901504,26,binning 1   1,DR18
5106.2266,5.5082974,0.75018847,11.791428,SDSS-SDSS,SDSS,619,52056,437,697052198474901504,26,binning 1   1,DR18
5107.4014,6.2991962,0.78644574,11.976831,SDSS-SDSS,SDSS,619,52056,437,697052198474901504,26,binning 1   1,DR18
5108.579,6.9144764,0.78307897,12.798455,SDSS-SDSS,SDSS,619,52056,437,697052198474901504,26,binning 1   1,DR18
5109.7544,6.969037,0.9595983,12.536714,SDSS-SDSS,SDSS,619,52056,437,697052198474901504,26,binning 1   1,DR18
5110.9297,3.8455794,0.88846654,13.0142145,SDSS-SDSS,SDSS,619,52056,437,697052198474901504,26,binning 1   1,DR18
5112.1084,7.7472687,0.88546044,11.964909,SDSS-SDSS,SDSS,619,52056,437,697052198474901504,26,binning 1   1,DR18
5113.284,4.4344935,0.88185644,12.74436,SDSS-SDSS,SDSS,619,52056,437,697052198474901504,26,binning 1   1,DR18
5114.4634,8.1609955,0.785461,12.697387,SDSS-SDSS,SDSS,619,52056,437,697052198474901504,26,binning 1   1,DR18
5115.64,6.368891,0.7620919,10.609054,SDSS-SDSS,SDSS,619,52056,437,697052198474901504,26,binning 1   1,DR18
5116.82,6.4351854,0.73725706,10.056856,SDSS-SDSS,SDSS,619,52056,437,697052198474901504,26,binning 1   1,DR18
5117.9966,7.1286616,0.728717,10.980842,SDSS-SDSS,SDSS,619,52056,437,697052198474901504,26,binning 1   1,DR18
5119.1743,6.1552525,0.7263389,11.138315,SDSS-SDSS,SDSS,619,52056,437,697052198474901504,26,binning 1   1,DR18
5120.3545,9.347668,1.0453861,10.423621,SDSS-SDSS,SDSS,619,52056,437,697052198474901504,26,binning 1   1,DR18
5121.5327,6.823027,1.0698549,10.607649,SDSS-SDSS,SDSS,619,52056,437,697052198474901504,26,binning 1   1,DR18
5122.7134,6.7623568,0.73819876,11.047046,SDSS-SDSS,SDSS,619,52056,437,697052198474901504,26,binning 1   1,DR18
5123.892,6.7246594,0.7136248,9.554006,SDSS-SDSS,SDSS,619,52056,437,697052198474901504,26,binning 1   1,DR18
5125.0737,6.854941,0.71968096,9.384842,SDSS-SDSS,SDSS,619,52056,437,697052198474901504,26,binning 1   1,DR18
5126.2524,7.8451443,0.729279,9.248238,SDSS-SDSS,SDSS,619,52056,437,697052198474901504,26,binning 1   1,DR18
5127.432,6.5828204,0.7271457,8.719238,SDSS-SDSS,SDSS,619,52056,437,697052198474901504,26,binning 1   1,DR18
5128.6143,8.770895,0.7718536,8.601143,SDSS-SDSS,SDSS,619,52056,437,697052198474901504,26,binning 1   1,DR18
5129.794,7.0548296,0.8076185,8.351137,SDSS-SDSS,SDSS,619,52056,437,697052198474901504,26,binning 1   1,DR18
5130.977,6.378337,0.7933608,6.8849545,SDSS-SDSS,SDSS,619,52056,437,697052198474901504,26,binning 1   1,DR18
5132.157,4.619296,0.7533685,7.25433,SDSS-SDSS,SDSS,619,52056,437,697052198474901504,26,binning 1   1,DR18
5133.341,7.4328227,0.7445875,8.9873295,SDSS-SDSS,SDSS,619,52056,437,697052198474901504,26,binning 1   1,DR18
5134.522,9.068154,1.0827291,8.726422,SDSS-SDSS,SDSS,619,52056,437,697052198474901504,26,binning 1   1,DR18
5135.703,7.3522944,0.9681681,7.646992,SDSS-SDSS,SDSS,619,52056,437,697052198474901504,26,binning 1   1,DR18
5136.887,8.123153,0.7415652,7.0108237,SDSS-SDSS,SDSS,619,52056,437,697052198474901504,26,binning 1   1,DR18
5138.069,8.622956,0.740427,6.3669076,SDSS-SDSS,SDSS,619,52056,437,697052198474901504,26,binning 1   1,DR18
5139.254,7.8244543,0.7382048,7.6694117,SDSS-SDSS,SDSS,619,52056,437,697052198474901504,26,binning 1   1,DR18
5140.436,8.432975,0.7463314,8.44232,SDSS-SDSS,SDSS,619,52056,437,697052198474901504,26,binning 1   1,DR18
5141.6216,10.431363,1.008477,8.554283,SDSS-SDSS,SDSS,619,52056,437,697052198474901504,26,binning 1   1,DR18
5142.804,7.90502,0.9791171,8.521932,SDSS-SDSS,SDSS,619,52056,437,697052198474901504,26,binning 1   1,DR18
5143.9873,6.3120894,0.7222557,8.844835,SDSS-SDSS,SDSS,619,52056,437,697052198474901504,26,binning 1   1,DR18
5145.174,6.53278,0.72774136,9.173036,SDSS-SDSS,SDSS,619,52056,437,697052198474901504,26,binning 1   1,DR18
5146.3574,7.051608,0.7461771,7.8234653,SDSS-SDSS,SDSS,619,52056,437,697052198474901504,26,binning 1   1,DR18
5147.544,7.2053595,0.74932635,9.020111,SDSS-SDSS,SDSS,619,52056,437,697052198474901504,26,binning 1   1,DR18
5148.728,7.6782436,0.7515868,7.89668,SDSS-SDSS,SDSS,619,52056,437,697052198474901504,26,binning 1   1,DR18
5149.9155,6.6305,0.7697646,6.1516466,SDSS-SDSS,SDSS,619,52056,437,697052198474901504,26,binning 1   1,DR18
5151.1,7.861464,0.8020498,6.407142,SDSS-SDSS,SDSS,619,52056,437,697052198474901504,26,binning 1   1,DR18
5152.285,6.908311,0.78054976,7.1551085,SDSS-SDSS,SDSS,619,52056,437,697052198474901504,26,binning 1   1,DR18
5153.473,7.2311068,0.7827181,6.72915,SDSS-SDSS,SDSS,619,52056,437,697052198474901504,26,binning 1   1,DR18
5154.6587,7.62352,0.8010718,7.115059,SDSS-SDSS,SDSS,619,52056,437,697052198474901504,26,binning 1   1,DR18
5155.8477,6.083651,0.789094,7.649988,SDSS-SDSS,SDSS,619,52056,437,697052198474901504,26,binning 1   1,DR18
5157.0337,6.5316887,0.7698982,8.043688,SDSS-SDSS,SDSS,619,52056,437,697052198474901504,26,binning 1   1,DR18
5158.2227,7.539331,0.7940056,7.8960147,SDSS-SDSS,SDSS,619,52056,437,697052198474901504,26,binning 1   1,DR18
5159.4097,5.593444,0.81342477,7.326243,SDSS-SDSS,SDSS,619,52056,437,697052198474901504,26,binning 1   1,DR18
5160.596,7.6660557,0.8076224,8.74184,SDSS-SDSS,SDSS,619,52056,437,697052198474901504,26,binning 1   1,DR18
5161.786,5.9128747,0.8374654,6.8777895,SDSS-SDSS,SDSS,619,52056,437,697052198474901504,26,binning 1   1,DR18
5162.9736,7.4387646,0.859905,8.291137,SDSS-SDSS,SDSS,619,52056,437,697052198474901504,26,binning 1   1,DR18
5164.1646,8.514037,0.8121061,9.599713,SDSS-SDSS,SDSS,619,52056,437,697052198474901504,26,binning 1   1,DR18
5165.3525,7.5401664,0.75287354,8.541016,SDSS-SDSS,SDSS,619,52056,437,697052198474901504,26,binning 1   1,DR18
5166.5435,8.070177,0.7418592,8.7038145,SDSS-SDSS,SDSS,619,52056,437,697052198474901504,26,binning 1   1,DR18
5167.732,8.133964,0.7439677,7.018194,SDSS-SDSS,SDSS,619,52056,437,697052198474901504,26,binning 1   1,DR18
5168.921,7.634878,0.7557732,8.191857,SDSS-SDSS,SDSS,619,52056,437,697052198474901504,26,binning 1   1,DR18
5170.113,6.9143157,0.7430939,7.42538,SDSS-SDSS,SDSS,619,52056,437,697052198474901504,26,binning 1   1,DR18
5171.3022,6.1376,0.7103338,6.3639183,SDSS-SDSS,SDSS,619,52056,437,697052198474901504,26,binning 1   1,DR18
5172.4946,5.6903577,0.69766647,6.9878306,SDSS-SDSS,SDSS,619,52056,437,697052198474901504,26,binning 1   1,DR18
5173.6846,5.0257688,0.6859888,7.8593297,SDSS-SDSS,SDSS,619,52056,437,697052198474901504,26,binning 1   1,DR18
5174.878,4.637276,0.66523015,9.75197,SDSS-SDSS,SDSS,619,52056,437,697052198474901504,26,binning 1   1,DR18
5176.0684,5.055735,0.8824289,6.9317274,SDSS-SDSS,SDSS,619,52056,437,697052198474901504,26,binning 1   1,DR18
5177.259,6.074492,0.8876598,7.3347163,SDSS-SDSS,SDSS,619,52056,437,697052198474901504,26,binning 1   1,DR18
5178.4526,4.2919955,0.66756856,8.309388,SDSS-SDSS,SDSS,619,52056,437,697052198474901504,26,binning 1   1,DR18
5179.644,5.634665,0.6800303,7.566191,SDSS-SDSS,SDSS,619,52056,437,697052198474901504,26,binning 1   1,DR18
5180.8384,6.5070877,0.69775873,8.330816,SDSS-SDSS,SDSS,619,52056,437,697052198474901504,26,binning 1   1,DR18
5182.0303,5.3150415,0.6722,6.784084,SDSS-SDSS,SDSS,619,52056,437,697052198474901504,26,binning 1   1,DR18
5183.225,4.8926826,0.65573514,5.64395,SDSS-SDSS,SDSS,619,52056,437,697052198474901504,26,binning 1   1,DR18
5184.4175,6.548299,0.66250527,7.0589685,SDSS-SDSS,SDSS,619,52056,437,697052198474901504,26,binning 1   1,DR18
5185.6104,5.4499164,0.6530476,7.3156652,SDSS-SDSS,SDSS,619,52056,437,697052198474901504,26,binning 1   1,DR18
5186.806,5.22565,0.6538716,6.107743,SDSS-SDSS,SDSS,619,52056,437,697052198474901504,26,binning 1   1,DR18
5187.9995,6.3091884,0.68603736,7.3617234,SDSS-SDSS,SDSS,619,52056,437,697052198474901504,26,binning 1   1,DR18
5189.196,5.1585064,0.682628,7.0377913,SDSS-SDSS,SDSS,619,52056,437,697052198474901504,26,binning 1   1,DR18
5190.3896,5.547936,0.69715655,7.136406,SDSS-SDSS,SDSS,619,52056,437,697052198474901504,26,binning 1   1,DR18
5191.5864,7.66998,0.9515352,6.402337,SDSS-SDSS,SDSS,619,52056,437,697052198474901504,26,binning 1   1,DR18
5192.781,6.627145,0.9603307,6.41362,SDSS-SDSS,SDSS,619,52056,437,697052198474901504,26,binning 1   1,DR18
5193.978,4.6135864,0.6676205,7.030567,SDSS-SDSS,SDSS,619,52056,437,697052198474901504,26,binning 1   1,DR18
5195.173,5.2825007,0.6783514,6.0101013,SDSS-SDSS,SDSS,619,52056,437,697052198474901504,26,binning 1   1,DR18
5196.368,5.99472,0.687377,6.3687215,SDSS-SDSS,SDSS,619,52056,437,697052198474901504,26,binning 1   1,DR18
5197.5664,6.96227,0.7455454,6.0117984,SDSS-SDSS,SDSS,619,52056,437,697052198474901504,26,binning 1   1,DR18
5198.762,5.4490266,0.7890459,6.30723,SDSS-SDSS,SDSS,619,52056,437,697052198474901504,26,binning 1   1,DR18
5199.961,7.178648,0.80409193,7.688189,SDSS-SDSS,SDSS,619,52056,437,697052198474901504,26,binning 1   1,DR18
5201.157,6.416385,0.76078314,7.7994156,SDSS-SDSS,SDSS,619,52056,437,697052198474901504,26,binning 1   1,DR18
5202.3564,6.1007786,0.7309657,5.3164454,SDSS-SDSS,SDSS,619,52056,437,697052198474901504,26,binning 1   1,DR18
5203.553,7.324529,0.7381181,6.864567,SDSS-SDSS,SDSS,619,52056,437,697052198474901504,26,binning 1   1,DR18
5204.7505,5.999579,0.72506005,7.3863277,SDSS-SDSS,SDSS,619,52056,437,697052198474901504,26,binning 1   1,DR18
5205.9507,6.2343297,0.7084817,6.624395,SDSS-SDSS,SDSS,619,52056,437,697052198474901504,26,binning 1   1,DR18
5207.1484,6.4120913,0.70551586,6.3354483,SDSS-SDSS,SDSS,619,52056,437,697052198474901504,26,binning 1   1,DR18
5208.349,6.81391,0.7156159,5.9054775,SDSS-SDSS,SDSS,619,52056,437,697052198474901504,26,binning 1   1,DR18
5209.5474,6.6777453,0.721755,3.806779,SDSS-SDSS,SDSS,619,52056,437,697052198474901504,26,binning 1   1,DR18
5210.7485,6.7907844,0.70777094,4.2738943,SDSS-SDSS,SDSS,619,52056,437,697052198474901504,26,binning 1   1,DR18
5211.9473,3.819133,0.71003246,4.8158813,SDSS-SDSS,SDSS,619,52056,437,697052198474901504,26,binning 1   1,DR18
5213.146,7.6506705,1.0223421,4.793478,SDSS-SDSS,SDSS,619,52056,437,697052198474901504,26,binning 1   1,DR18
5214.348,6.966623,0.9475707,5.4719687,SDSS-SDSS,SDSS,619,52056,437,697052198474901504,26,binning 1   1,DR18
5215.548,6.7764454,0.71219754,6.416597,SDSS-SDSS,SDSS,619,52056,437,697052198474901504,26,binning 1   1,DR18
5216.7505,8.6145935,1.0077034,5.8811665,SDSS-SDSS,SDSS,619,52056,437,697052198474901504,26,binning 1   1,DR18
5217.9507,9.0706625,1.0089712,5.8387613,SDSS-SDSS,SDSS,619,52056,437,697052198474901504,26,binning 1   1,DR18
5219.154,8.638545,0.787739,3.7186587,SDSS-SDSS,SDSS,619,52056,437,697052198474901504,26,binning 1   1,DR18
5220.3545,7.512513,0.804911,4.4820566,SDSS-SDSS,SDSS,619,52056,437,697052198474901504,26,binning 1   1,DR18
5221.5557,8.100508,0.8360576,5.467468,SDSS-SDSS,SDSS,619,52056,437,697052198474901504,26,binning 1   1,DR18
5222.76,7.95598,0.81068945,4.917308,SDSS-SDSS,SDSS,619,52056,437,697052198474901504,26,binning 1   1,DR18
5223.961,7.276733,0.7444959,5.941055,SDSS-SDSS,SDSS,619,52056,437,697052198474901504,26,binning 1   1,DR18
5225.1655,7.949751,0.7398197,6.8110533,SDSS-SDSS,SDSS,619,52056,437,697052198474901504,26,binning 1   1,DR18
5226.3677,8.977956,0.7468426,5.385269,SDSS-SDSS,SDSS,619,52056,437,697052198474901504,26,binning 1   1,DR18
5227.5728,8.209028,0.78864795,5.943174,SDSS-SDSS,SDSS,619,52056,437,697052198474901504,26,binning 1   1,DR18
5228.7754,9.3805065,1.1128987,6.2726283,SDSS-SDSS,SDSS,619,52056,437,697052198474901504,26,binning 1   1,DR18
5229.9785,9.72225,1.0781112,5.5980687,SDSS-SDSS,SDSS,619,52056,437,697052198474901504,26,binning 1   1,DR18
5231.1846,6.5882683,0.81375897,7.078782,SDSS-SDSS,SDSS,619,52056,437,697052198474901504,26,binning 1   1,DR18
5232.3877,8.334981,0.8170483,7.3999863,SDSS-SDSS,SDSS,619,52056,437,697052198474901504,26,binning 1   1,DR18
5233.594,9.122058,0.78603816,6.4007483,SDSS-SDSS,SDSS,619,52056,437,697052198474901504,26,binning 1   1,DR18
5234.7983,8.895496,0.960987,6.415867,SDSS-SDSS,SDSS,619,52056,437,697052198474901504,26,binning 1   1,DR18
5236.0054,9.226049,0.9851099,6.5939603,SDSS-SDSS,SDSS,619,52056,437,697052198474901504,26,binning 1   1,DR18
5237.21,8.538436,0.72877806,6.205046,SDSS-SDSS,SDSS,619,52056,437,697052198474901504,26,binning 1   1,DR18
5238.415,7.124852,0.7191482,5.87903,SDSS-SDSS,SDSS,619,52056,437,697052198474901504,26,binning 1   1,DR18
5239.623,7.7720222,0.74866503,4.4368105,SDSS-SDSS,SDSS,619,52056,437,697052198474901504,26,binning 1   1,DR18
5240.828,7.433393,0.7510738,5.461824,SDSS-SDSS,SDSS,619,52056,437,697052198474901504,26,binning 1   1,DR18
5242.0366,6.754316,0.7245662,6.3218,SDSS-SDSS,SDSS,619,52056,437,697052198474901504,26,binning 1   1,DR18
5243.2427,8.3341,0.95241785,5.7817683,SDSS-SDSS,SDSS,619,52056,437,697052198474901504,26,binning 1   1,DR18
5244.4517,8.159404,0.94326484,5.003877,SDSS-SDSS,SDSS,619,52056,437,697052198474901504,26,binning 1   1,DR18
5245.658,6.648584,0.7530837,5.179034,SDSS-SDSS,SDSS,619,52056,437,697052198474901504,26,binning 1   1,DR18
5246.865,7.953344,1.0165237,4.549731,SDSS-SDSS,SDSS,619,52056,437,697052198474901504,26,binning 1   1,DR18
5248.0747,10.740705,1.0582714,4.7416368,SDSS-SDSS,SDSS,619,52056,437,697052198474901504,26,binning 1   1,DR18
5249.282,9.901095,1.0567377,6.268254,SDSS-SDSS,SDSS,619,52056,437,697052198474901504,26,binning 1   1,DR18
5250.4927,4.629098,0.8703273,6.7462645,SDSS-SDSS,SDSS,619,52056,437,697052198474901504,26,binning 1   1,DR18
5251.7007,7.8937454,1.5973698,5.6934524,SDSS-SDSS,SDSS,619,52056,437,697052198474901504,26,binning 1   1,DR18
5252.9116,11.024453,1.0370224,5.349683,SDSS-SDSS,SDSS,619,52056,437,697052198474901504,26,binning 1   1,DR18
5254.12,7.4037256,0.7432264,5.040326,SDSS-SDSS,SDSS,619,52056,437,697052198474901504,26,binning 1   1,DR18
5255.3286,9.626728,1.0576087,5.5738187,SDSS-SDSS,SDSS,619,52056,437,697052198474901504,26,binning 1   1,DR18
5256.5405,9.634276,1.0580715,6.3540535,SDSS-SDSS,SDSS,619,52056,437,697052198474901504,26,binning 1   1,DR18
5257.75,6.810063,0.7407183,5.9111724,SDSS-SDSS,SDSS,619,52056,437,697052198474901504,26,binning 1   1,DR18
5258.9624,8.183186,1.0057962,4.50041,SDSS-SDSS,SDSS,619,52056,437,697052198474901504,26,binning 1   1,DR18
5260.1724,8.771872,0.9925932,4.2881694,SDSS-SDSS,SDSS,619,52056,437,697052198474901504,26,binning 1   1,DR18
5261.3853,6.7684712,0.7305607,5.6506205,SDSS-SDSS,SDSS,619,52056,437,697052198474901504,26,binning 1   1,DR18
5262.5957,7.9727893,0.73315924,7.076459,SDSS-SDSS,SDSS,619,52056,437,697052198474901504,26,binning 1   1,DR18
5263.806,8.137325,0.7211572,8.617704,SDSS-SDSS,SDSS,619,52056,437,697052198474901504,26,binning 1   1,DR18
5265.02,8.0136385,0.70773345,8.574012,SDSS-SDSS,SDSS,619,52056,437,697052198474901504,26,binning 1   1,DR18
5266.231,8.028425,0.7067243,7.0803123,SDSS-SDSS,SDSS,619,52056,437,697052198474901504,26,binning 1   1,DR18
5267.446,5.07692,0.6963624,6.729554,SDSS-SDSS,SDSS,619,52056,437,697052198474901504,26,binning 1   1,DR18
5268.657,7.852114,0.724952,6.961914,SDSS-SDSS,SDSS,619,52056,437,697052198474901504,26,binning 1   1,DR18
5269.872,7.8185487,0.7317365,6.2780685,SDSS-SDSS,SDSS,619,52056,437,697052198474901504,26,binning 1   1,DR18
5271.0845,8.952441,0.93888944,5.5625386,SDSS-SDSS,SDSS,619,52056,437,697052198474901504,26,binning 1   1,DR18
5272.2974,11.07337,0.96635926,4.9652185,SDSS-SDSS,SDSS,619,52056,437,697052198474901504,26,binning 1   1,DR18
5273.513,8.212582,0.97818655,4.9824953,SDSS-SDSS,SDSS,619,52056,437,697052198474901504,26,binning 1   1,DR18
5274.726,7.448096,0.7170493,6.118563,SDSS-SDSS,SDSS,619,52056,437,697052198474901504,26,binning 1   1,DR18
5275.9424,6.7676067,0.72199667,6.1312213,SDSS-SDSS,SDSS,619,52056,437,697052198474901504,26,binning 1   1,DR18
5277.1562,6.7437124,0.72769207,6.754837,SDSS-SDSS,SDSS,619,52056,437,697052198474901504,26,binning 1   1,DR18
5278.373,7.5429893,0.742952,6.3155613,SDSS-SDSS,SDSS,619,52056,437,697052198474901504,26,binning 1   1,DR18
5279.5874,8.363973,0.7365496,5.404382,SDSS-SDSS,SDSS,619,52056,437,697052198474901504,26,binning 1   1,DR18
5280.8047,6.916158,0.7201103,4.7895403,SDSS-SDSS,SDSS,619,52056,437,697052198474901504,26,binning 1   1,DR18
5282.0195,7.514545,0.7088641,4.0984898,SDSS-SDSS,SDSS,619,52056,437,697052198474901504,26,binning 1   1,DR18
5283.235,7.215889,0.7183539,4.0870223,SDSS-SDSS,SDSS,619,52056,437,697052198474901504,26,binning 1   1,DR18
5284.453,7.2511053,0.72964376,4.587653,SDSS-SDSS,SDSS,619,52056,437,697052198474901504,26,binning 1   1,DR18
5285.669,7.0598626,0.7389528,4.9039683,SDSS-SDSS,SDSS,619,52056,437,697052198474901504,26,binning 1   1,DR18
5286.8877,9.036463,0.77727073,5.0303535,SDSS-SDSS,SDSS,619,52056,437,697052198474901504,26,binning 1   1,DR18
5288.104,6.798895,0.741067,5.735758,SDSS-SDSS,SDSS,619,52056,437,697052198474901504,26,binning 1   1,DR18
5289.323,7.254298,0.73606807,6.5926733,SDSS-SDSS,SDSS,619,52056,437,697052198474901504,26,binning 1   1,DR18
5290.54,8.453705,0.7357605,4.1082106,SDSS-SDSS,SDSS,619,52056,437,697052198474901504,26,binning 1   1,DR18
5291.7573,7.963061,0.73394793,5.443726,SDSS-SDSS,SDSS,619,52056,437,697052198474901504,26,binning 1   1,DR18
5292.9775,11.454917,1.0000955,6.4098573,SDSS-SDSS,SDSS,619,52056,437,697052198474901504,26,binning 1   1,DR18
5294.1953,8.5206585,0.9790262,5.8954062,SDSS-SDSS,SDSS,619,52056,437,697052198474901504,26,binning 1   1,DR18
5295.416,9.649018,0.7449612,5.403889,SDSS-SDSS,SDSS,619,52056,437,697052198474901504,26,binning 1   1,DR18
5296.6343,6.901017,0.7243951,5.372074,SDSS-SDSS,SDSS,619,52056,437,697052198474901504,26,binning 1   1,DR18
5297.8555,7.3478155,0.71233875,4.493349,SDSS-SDSS,SDSS,619,52056,437,697052198474901504,26,binning 1   1,DR18
5299.074,8.415458,0.7412271,5.7711267,SDSS-SDSS,SDSS,619,52056,437,697052198474901504,26,binning 1   1,DR18
5300.2935,6.842507,0.72701544,5.937425,SDSS-SDSS,SDSS,619,52056,437,697052198474901504,26,binning 1   1,DR18
5301.5156,7.005498,0.7229122,5.1863513,SDSS-SDSS,SDSS,619,52056,437,697052198474901504,26,binning 1   1,DR18
5302.7354,7.9139996,0.7573247,5.71074,SDSS-SDSS,SDSS,619,52056,437,697052198474901504,26,binning 1   1,DR18
5303.958,7.574707,0.7818221,7.5105176,SDSS-SDSS,SDSS,619,52056,437,697052198474901504,26,binning 1   1,DR18
5305.178,8.481853,0.8192696,6.5597715,SDSS-SDSS,SDSS,619,52056,437,697052198474901504,26,binning 1   1,DR18
5306.4014,8.103839,0.8347888,5.389745,SDSS-SDSS,SDSS,619,52056,437,697052198474901504,26,binning 1   1,DR18
5307.622,8.983948,0.82618153,6.110386,SDSS-SDSS,SDSS,619,52056,437,697052198474901504,26,binning 1   1,DR18
5308.8433,6.836637,0.7495436,6.5392838,SDSS-SDSS,SDSS,619,52056,437,697052198474901504,26,binning 1   1,DR18
5310.0674,7.33783,0.7053035,5.8190103,SDSS-SDSS,SDSS,619,52056,437,697052198474901504,26,binning 1   1,DR18
5311.289,7.0739565,0.70216334,5.6617312,SDSS-SDSS,SDSS,619,52056,437,697052198474901504,26,binning 1   1,DR18
5312.5137,7.293027,0.8044419,4.5523295,SDSS-SDSS,SDSS,619,52056,437,697052198474901504,26,binning 1   1,DR18
5313.736,6.457267,1.4323559,6.334582,SDSS-SDSS,SDSS,619,52056,437,697052198474901504,26,binning 1   1,DR18
5314.9614,12.2288685,1.4999396,7.3427696,SDSS-SDSS,SDSS,619,52056,437,697052198474901504,26,binning 1   1,DR18
5316.184,8.668481,1.1112632,6.992809,SDSS-SDSS,SDSS,619,52056,437,697052198474901504,26,binning 1   1,DR18
5317.407,8.132831,0.7457227,7.3713155,SDSS-SDSS,SDSS,619,52056,437,697052198474901504,26,binning 1   1,DR18
5318.6333,5.7155194,0.7098516,8.9055605,SDSS-SDSS,SDSS,619,52056,437,697052198474901504,26,binning 1   1,DR18
5319.857,8.44954,0.78192675,7.356462,SDSS-SDSS,SDSS,619,52056,437,697052198474901504,26,binning 1   1,DR18
5321.0835,7.8404818,0.78776526,7.073982,SDSS-SDSS,SDSS,619,52056,437,697052198474901504,26,binning 1   1,DR18
5322.3076,8.531713,0.79439527,8.772045,SDSS-SDSS,SDSS,619,52056,437,697052198474901504,26,binning 1   1,DR18
5323.5347,8.66826,0.72901696,9.236543,SDSS-SDSS,SDSS,619,52056,437,697052198474901504,26,binning 1   1,DR18
5324.76,7.9449844,0.73792344,8.054443,SDSS-SDSS,SDSS,619,52056,437,697052198474901504,26,binning 1   1,DR18
5325.9844,8.150083,0.7612531,8.089661,SDSS-SDSS,SDSS,619,52056,437,697052198474901504,26,binning 1   1,DR18
5327.213,7.863292,0.7348642,7.281765,SDSS-SDSS,SDSS,619,52056,437,697052198474901504,26,binning 1   1,DR18
5328.438,9.272893,1.448136,6.4381638,SDSS-SDSS,SDSS,619,52056,437,697052198474901504,26,binning 1   1,DR18
5329.667,6.906857,1.4516547,7.487679,SDSS-SDSS,SDSS,619,52056,437,697052198474901504,26,binning 1   1,DR18
5330.893,7.4809785,0.7204541,8.122946,SDSS-SDSS,SDSS,619,52056,437,697052198474901504,26,binning 1   1,DR18
5332.122,6.857337,0.7325705,7.766276,SDSS-SDSS,SDSS,619,52056,437,697052198474901504,26,binning 1   1,DR18
5333.349,7.268883,0.7160112,8.440925,SDSS-SDSS,SDSS,619,52056,437,697052198474901504,26,binning 1   1,DR18
5334.5757,8.232794,0.71914023,7.12568,SDSS-SDSS,SDSS,619,52056,437,697052198474901504,26,binning 1   1,DR18
5335.806,8.525384,0.74986136,6.8810325,SDSS-SDSS,SDSS,619,52056,437,697052198474901504,26,binning 1   1,DR18
5337.0337,7.3938713,0.73381925,7.6550198,SDSS-SDSS,SDSS,619,52056,437,697052198474901504,26,binning 1   1,DR18
5338.264,7.6065364,0.7599701,8.518939,SDSS-SDSS,SDSS,619,52056,437,697052198474901504,26,binning 1   1,DR18
5339.492,7.764092,0.7428009,8.73899,SDSS-SDSS,SDSS,619,52056,437,697052198474901504,26,binning 1   1,DR18
5340.7236,9.242362,0.78774655,8.266487,SDSS-SDSS,SDSS,619,52056,437,697052198474901504,26,binning 1   1,DR18
5341.952,9.012497,1.0780318,8.383047,SDSS-SDSS,SDSS,619,52056,437,697052198474901504,26,binning 1   1,DR18
5343.181,12.260037,1.0809788,10.508628,SDSS-SDSS,SDSS,619,52056,437,697052198474901504,26,binning 1   1,DR18
5344.413,10.546654,1.0271648,10.562178,SDSS-SDSS,SDSS,619,52056,437,697052198474901504,26,binning 1   1,DR18
5345.6426,7.0091577,0.7452705,9.164212,SDSS-SDSS,SDSS,619,52056,437,697052198474901504,26,binning 1   1,DR18
5346.8755,9.2366905,1.0170429,8.593886,SDSS-SDSS,SDSS,619,52056,437,697052198474901504,26,binning 1   1,DR18
5348.1055,9.586027,1.0010904,9.106263,SDSS-SDSS,SDSS,619,52056,437,697052198474901504,26,binning 1   1,DR18
5349.339,7.766289,0.7273776,9.4173,SDSS-SDSS,SDSS,619,52056,437,697052198474901504,26,binning 1   1,DR18
5350.5693,8.526916,0.75398815,9.416209,SDSS-SDSS,SDSS,619,52056,437,697052198474901504,26,binning 1   1,DR18
5351.8003,7.8882613,0.75403976,9.28234,SDSS-SDSS,SDSS,619,52056,437,697052198474901504,26,binning 1   1,DR18
5353.034,7.469701,0.8083079,9.518207,SDSS-SDSS,SDSS,619,52056,437,697052198474901504,26,binning 1   1,DR18
5354.2656,9.407961,1.053868,10.01075,SDSS-SDSS,SDSS,619,52056,437,697052198474901504,26,binning 1   1,DR18
5355.5005,12.685794,1.0343677,10.346974,SDSS-SDSS,SDSS,619,52056,437,697052198474901504,26,binning 1   1,DR18
5356.7324,11.834453,1.04233,11.528519,SDSS-SDSS,SDSS,619,52056,437,697052198474901504,26,binning 1   1,DR18
5357.968,10.097069,0.78429663,12.212916,SDSS-SDSS,SDSS,619,52056,437,697052198474901504,26,binning 1   1,DR18
5359.2,8.535587,0.77888334,12.020593,SDSS-SDSS,SDSS,619,52056,437,697052198474901504,26,binning 1   1,DR18
5360.433,9.105716,0.77930427,11.486175,SDSS-SDSS,SDSS,619,52056,437,697052198474901504,26,binning 1   1,DR18
5361.6694,8.403473,0.76175684,11.624911,SDSS-SDSS,SDSS,619,52056,437,697052198474901504,26,binning 1   1,DR18
5362.903,7.5402927,0.72750765,12.7024975,SDSS-SDSS,SDSS,619,52056,437,697052198474901504,26,binning 1   1,DR18
5364.139,9.591514,0.72611994,12.625807,SDSS-SDSS,SDSS,619,52056,437,697052198474901504,26,binning 1   1,DR18
5365.3735,7.7354913,0.732139,12.328783,SDSS-SDSS,SDSS,619,52056,437,697052198474901504,26,binning 1   1,DR18
5366.611,10.352143,1.0070666,12.825281,SDSS-SDSS,SDSS,619,52056,437,697052198474901504,26,binning 1   1,DR18
5367.845,8.550112,1.0309823,13.556494,SDSS-SDSS,SDSS,619,52056,437,697052198474901504,26,binning 1   1,DR18
5369.08,8.000716,1.0343105,13.159923,SDSS-SDSS,SDSS,619,52056,437,697052198474901504,26,binning 1   1,DR18
5370.3184,12.319314,1.1416181,11.840463,SDSS-SDSS,SDSS,619,52056,437,697052198474901504,26,binning 1   1,DR18
5371.5537,8.581933,1.1140692,13.206766,SDSS-SDSS,SDSS,619,52056,437,697052198474901504,26,binning 1   1,DR18
5372.7925,9.298735,0.83529145,12.149551,SDSS-SDSS,SDSS,619,52056,437,697052198474901504,26,binning 1   1,DR18
5374.0283,9.593647,0.8015709,10.506106,SDSS-SDSS,SDSS,619,52056,437,697052198474901504,26,binning 1   1,DR18
5375.2676,9.285521,0.7871164,10.940661,SDSS-SDSS,SDSS,619,52056,437,697052198474901504,26,binning 1   1,DR18
5376.504,8.999575,0.7923771,11.79269,SDSS-SDSS,SDSS,619,52056,437,697052198474901504,26,binning 1   1,DR18
5377.744,8.153417,0.7669502,10.128034,SDSS-SDSS,SDSS,619,52056,437,697052198474901504,26,binning 1   1,DR18
5378.981,8.663392,0.7361903,11.421507,SDSS-SDSS,SDSS,619,52056,437,697052198474901504,26,binning 1   1,DR18
5380.2183,8.320617,0.73845375,10.893121,SDSS-SDSS,SDSS,619,52056,437,697052198474901504,26,binning 1   1,DR18
5381.459,7.928181,0.7520986,10.686054,SDSS-SDSS,SDSS,619,52056,437,697052198474901504,26,binning 1   1,DR18
5382.6973,11.346039,1.0678607,12.1099205,SDSS-SDSS,SDSS,619,52056,437,697052198474901504,26,binning 1   1,DR18
5383.9385,9.13159,1.0060385,13.394937,SDSS-SDSS,SDSS,619,52056,437,697052198474901504,26,binning 1   1,DR18
5385.177,8.9966545,0.71727216,13.030222,SDSS-SDSS,SDSS,619,52056,437,697052198474901504,26,binning 1   1,DR18
5386.419,8.923499,0.72019523,15.333106,SDSS-SDSS,SDSS,619,52056,437,697052198474901504,26,binning 1   1,DR18
5387.6577,5.2544284,0.8610383,15.491378,SDSS-SDSS,SDSS,619,52056,437,697052198474901504,26,binning 1   1,DR18
5388.8975,12.602299,1.4987297,14.864074,SDSS-SDSS,SDSS,619,52056,437,697052198474901504,26,binning 1   1,DR18
5390.14,10.18252,1.1797884,15.482973,SDSS-SDSS,SDSS,619,52056,437,697052198474901504,26,binning 1   1,DR18
5391.38,8.527372,0.7544758,16.011557,SDSS-SDSS,SDSS,619,52056,437,697052198474901504,26,binning 1   1,DR18
5392.623,8.031707,0.76292527,13.870743,SDSS-SDSS,SDSS,619,52056,437,697052198474901504,26,binning 1   1,DR18
5393.864,10.488716,1.0893698,12.743103,SDSS-SDSS,SDSS,619,52056,437,697052198474901504,26,binning 1   1,DR18
5395.1074,7.343609,1.1077579,12.255295,SDSS-SDSS,SDSS,619,52056,437,697052198474901504,26,binning 1   1,DR18
5396.3486,7.966933,0.78840196,12.660541,SDSS-SDSS,SDSS,619,52056,437,697052198474901504,26,binning 1   1,DR18
5397.5903,8.323516,0.77598554,13.034498,SDSS-SDSS,SDSS,619,52056,437,697052198474901504,26,binning 1   1,DR18
5398.835,11.241322,0.9748343,12.596531,SDSS-SDSS,SDSS,619,52056,437,697052198474901504,26,binning 1   1,DR18
5400.0767,8.90522,0.9649235,12.013766,SDSS-SDSS,SDSS,619,52056,437,697052198474901504,26,binning 1   1,DR18
5401.3223,9.181129,0.73515177,12.806136,SDSS-SDSS,SDSS,619,52056,437,697052198474901504,26,binning 1   1,DR18
5402.5645,9.07257,0.74657845,13.502358,SDSS-SDSS,SDSS,619,52056,437,697052198474901504,26,binning 1   1,DR18
5403.8105,11.072818,1.0064175,14.4147005,SDSS-SDSS,SDSS,619,52056,437,697052198474901504,26,binning 1   1,DR18
5405.0537,12.960503,1.0283383,14.17577,SDSS-SDSS,SDSS,619,52056,437,697052198474901504,26,binning 1   1,DR18
5406.297,7.30588,0.8227361,14.058407,SDSS-SDSS,SDSS,619,52056,437,697052198474901504,26,binning 1   1,DR18
5407.544,6.266089,0.81094474,16.399097,SDSS-SDSS,SDSS,619,52056,437,697052198474901504,26,binning 1   1,DR18
5408.7876,8.687095,0.71820986,15.077758,SDSS-SDSS,SDSS,619,52056,437,697052198474901504,26,binning 1   1,DR18
5410.035,8.551546,0.7195704,14.243283,SDSS-SDSS,SDSS,619,52056,437,697052198474901504,26,binning 1   1,DR18
5411.28,9.626462,0.76190585,15.850435,SDSS-SDSS,SDSS,619,52056,437,697052198474901504,26,binning 1   1,DR18
5412.5273,8.639392,0.97725827,16.936575,SDSS-SDSS,SDSS,619,52056,437,697052198474901504,26,binning 1   1,DR18
5413.7725,11.806603,0.97222084,15.690812,SDSS-SDSS,SDSS,619,52056,437,697052198474901504,26,binning 1   1,DR18
5415.018,8.699482,1.4271512,14.561304,SDSS-SDSS,SDSS,619,52056,437,697052198474901504,26,binning 1   1,DR18
5416.2666,7.922097,0.95500714,15.842497,SDSS-SDSS,SDSS,619,52056,437,697052198474901504,26,binning 1   1,DR18
5417.5127,7.047639,1.0224711,14.120858,SDSS-SDSS,SDSS,619,52056,437,697052198474901504,26,binning 1   1,DR18
5418.7617,7.9957576,0.9254139,13.335982,SDSS-SDSS,SDSS,619,52056,437,697052198474901504,26,binning 1   1,DR18
5420.0083,9.424664,0.78002614,14.160726,SDSS-SDSS,SDSS,619,52056,437,697052198474901504,26,binning 1   1,DR18
5421.2583,11.404073,1.0041693,14.408479,SDSS-SDSS,SDSS,619,52056,437,697052198474901504,26,binning 1   1,DR18
5422.5054,10.50525,0.97343475,13.106825,SDSS-SDSS,SDSS,619,52056,437,697052198474901504,26,binning 1   1,DR18
5423.753,8.259689,0.7100277,13.05384,SDSS-SDSS,SDSS,619,52056,437,697052198474901504,26,binning 1   1,DR18
5425.0034,8.061783,0.7187297,13.876731,SDSS-SDSS,SDSS,619,52056,437,697052198474901504,26,binning 1   1,DR18
5426.2515,8.075252,0.73721784,12.750733,SDSS-SDSS,SDSS,619,52056,437,697052198474901504,26,binning 1   1,DR18
5427.503,9.603144,0.7584851,11.833429,SDSS-SDSS,SDSS,619,52056,437,697052198474901504,26,binning 1   1,DR18
5428.7515,10.096203,1.0123603,12.336854,SDSS-SDSS,SDSS,619,52056,437,697052198474901504,26,binning 1   1,DR18
5430.0034,12.373171,1.0548223,11.725458,SDSS-SDSS,SDSS,619,52056,437,697052198474901504,26,binning 1   1,DR18
5431.2524,13.22616,1.089368,10.113553,SDSS-SDSS,SDSS,619,52056,437,697052198474901504,26,binning 1   1,DR18
5432.502,10.098842,1.0910276,11.540771,SDSS-SDSS,SDSS,619,52056,437,697052198474901504,26,binning 1   1,DR18
5433.755,8.839571,0.8461781,11.76622,SDSS-SDSS,SDSS,619,52056,437,697052198474901504,26,binning 1   1,DR18
5435.005,10.243797,0.82751065,11.52072,SDSS-SDSS,SDSS,619,52056,437,697052198474901504,26,binning 1   1,DR18
5436.258,9.15998,0.7864964,12.337655,SDSS-SDSS,SDSS,619,52056,437,697052198474901504,26,binning 1   1,DR18
5437.509,11.481425,1.0079203,12.65217,SDSS-SDSS,SDSS,619,52056,437,697052198474901504,26,binning 1   1,DR18
5438.7627,12.283429,1.0172602,11.548267,SDSS-SDSS,SDSS,619,52056,437,697052198474901504,26,binning 1   1,DR18
5440.0137,9.776403,1.045419,11.868256,SDSS-SDSS,SDSS,619,52056,437,697052198474901504,26,binning 1   1,DR18
5441.265,5.9978004,0.88087004,12.538145,SDSS-SDSS,SDSS,619,52056,437,697052198474901504,26,binning 1   1,DR18
5442.52,9.734142,0.773357,11.839137,SDSS-SDSS,SDSS,619,52056,437,697052198474901504,26,binning 1   1,DR18
5443.772,10.546306,0.97496563,10.667129,SDSS-SDSS,SDSS,619,52056,437,697052198474901504,26,binning 1   1,DR18
5445.0273,10.538413,1.4563627,11.24862,SDSS-SDSS,SDSS,619,52056,437,697052198474901504,26,binning 1   1,DR18
5446.28,6.7497025,0.8663933,11.387513,SDSS-SDSS,SDSS,619,52056,437,697052198474901504,26,binning 1   1,DR18
5447.5356,9.862756,0.7549008,12.3879595,SDSS-SDSS,SDSS,619,52056,437,697052198474901504,26,binning 1   1,DR18
5448.789,8.987526,0.75361115,12.3943,SDSS-SDSS,SDSS,619,52056,437,697052198474901504,26,binning 1   1,DR18
5450.0425,8.166966,0.75110567,11.655504,SDSS-SDSS,SDSS,619,52056,437,697052198474901504,26,binning 1   1,DR18
5451.2993,8.313836,0.77034503,11.288268,SDSS-SDSS,SDSS,619,52056,437,697052198474901504,26,binning 1   1,DR18
5452.553,8.525464,0.76686984,11.407959,SDSS-SDSS,SDSS,619,52056,437,697052198474901504,26,binning 1   1,DR18
5453.8105,7.3548656,0.75391746,11.267347,SDSS-SDSS,SDSS,619,52056,437,697052198474901504,26,binning 1   1,DR18
5455.0654,8.618519,0.92318934,11.538326,SDSS-SDSS,SDSS,619,52056,437,697052198474901504,26,binning 1   1,DR18
5456.323,7.90526,0.7079876,11.346297,SDSS-SDSS,SDSS,619,52056,437,697052198474901504,26,binning 1   1,DR18
5457.5786,7.16507,0.70201975,12.749966,SDSS-SDSS,SDSS,619,52056,437,697052198474901504,26,binning 1   1,DR18
5458.834,7.05791,0.7389302,14.259417,SDSS-SDSS,SDSS,619,52056,437,697052198474901504,26,binning 1   1,DR18
5460.093,5.9626327,0.8800109,11.765569,SDSS-SDSS,SDSS,619,52056,437,697052198474901504,26,binning 1   1,DR18
5461.3486,7.270662,1.275346,11.120234,SDSS-SDSS,SDSS,619,52056,437,697052198474901504,26,binning 1   1,DR18
5462.6084,6.659744,1.3575716,11.976567,SDSS-SDSS,SDSS,619,52056,437,697052198474901504,26,binning 1   1,DR18
5463.8647,7.8754816,1.1090045,13.322595,SDSS-SDSS,SDSS,619,52056,437,697052198474901504,26,binning 1   1,DR18
5465.125,7.7929716,1.1599245,12.54208,SDSS-SDSS,SDSS,619,52056,437,697052198474901504,26,binning 1   1,DR18
5466.3823,9.2131605,1.0481987,10.35708,SDSS-SDSS,SDSS,619,52056,437,697052198474901504,26,binning 1   1,DR18
5467.6396,8.514425,1.003619,10.248931,SDSS-SDSS,SDSS,619,52056,437,697052198474901504,26,binning 1   1,DR18
5468.9004,5.629156,0.7139963,9.749082,SDSS-SDSS,SDSS,619,52056,437,697052198474901504,26,binning 1   1,DR18
5470.1587,7.026776,0.71951556,11.324788,SDSS-SDSS,SDSS,619,52056,437,697052198474901504,26,binning 1   1,DR18
5471.42,7.279603,0.7283889,10.540935,SDSS-SDSS,SDSS,619,52056,437,697052198474901504,26,binning 1   1,DR18
5472.6787,8.483114,0.74002206,9.225948,SDSS-SDSS,SDSS,619,52056,437,697052198474901504,26,binning 1   1,DR18
5473.9404,9.742202,0.76033026,9.280118,SDSS-SDSS,SDSS,619,52056,437,697052198474901504,26,binning 1   1,DR18
5475.1997,4.697587,0.85230523,8.850331,SDSS-SDSS,SDSS,619,52056,437,697052198474901504,26,binning 1   1,DR18
5476.4624,6.509725,0.83174086,8.586024,SDSS-SDSS,SDSS,619,52056,437,697052198474901504,26,binning 1   1,DR18
5477.722,7.576713,0.7289731,9.060708,SDSS-SDSS,SDSS,619,52056,437,697052198474901504,26,binning 1   1,DR18
5478.9824,6.5453405,0.7342573,9.375411,SDSS-SDSS,SDSS,619,52056,437,697052198474901504,26,binning 1   1,DR18
5480.246,8.412055,0.7882024,8.894098,SDSS-SDSS,SDSS,619,52056,437,697052198474901504,26,binning 1   1,DR18
5481.507,6.5499706,0.8091868,8.438277,SDSS-SDSS,SDSS,619,52056,437,697052198474901504,26,binning 1   1,DR18
5482.7705,8.436891,0.7953869,9.17013,SDSS-SDSS,SDSS,619,52056,437,697052198474901504,26,binning 1   1,DR18
5484.032,8.009929,0.75252515,9.303586,SDSS-SDSS,SDSS,619,52056,437,697052198474901504,26,binning 1   1,DR18
5485.2964,8.043956,0.7450632,8.988562,SDSS-SDSS,SDSS,619,52056,437,697052198474901504,26,binning 1   1,DR18
5486.5586,8.123082,0.74947894,8.728038,SDSS-SDSS,SDSS,619,52056,437,697052198474901504,26,binning 1   1,DR18
5487.821,7.145605,0.74326736,9.133181,SDSS-SDSS,SDSS,619,52056,437,697052198474901504,26,binning 1   1,DR18
5489.086,7.5151668,0.73286664,9.930915,SDSS-SDSS,SDSS,619,52056,437,697052198474901504,26,binning 1   1,DR18
5490.349,7.8535314,0.7289238,10.0191965,SDSS-SDSS,SDSS,619,52056,437,697052198474901504,26,binning 1   1,DR18
5491.6147,7.7108607,0.7085639,9.311366,SDSS-SDSS,SDSS,619,52056,437,697052198474901504,26,binning 1   1,DR18
5492.8784,7.718764,0.69776046,8.439223,SDSS-SDSS,SDSS,619,52056,437,697052198474901504,26,binning 1   1,DR18
5494.145,5.345036,0.8678253,8.667944,SDSS-SDSS,SDSS,619,52056,437,697052198474901504,26,binning 1   1,DR18
5495.4087,4.489919,1.8506043,8.453525,SDSS-SDSS,SDSS,619,52056,437,697052198474901504,26,binning 1   1,DR18
5496.673,9.422835,0.9769736,7.228546,SDSS-SDSS,SDSS,619,52056,437,697052198474901504,26,binning 1   1,DR18
5497.9404,7.786831,0.740326,7.0710716,SDSS-SDSS,SDSS,619,52056,437,697052198474901504,26,binning 1   1,DR18
5499.2056,6.6340322,0.75110966,8.47039,SDSS-SDSS,SDSS,619,52056,437,697052198474901504,26,binning 1   1,DR18
5500.4736,7.5655694,0.7883113,7.734018,SDSS-SDSS,SDSS,619,52056,437,697052198474901504,26,binning 1   1,DR18
5501.739,8.181032,0.8025568,6.9576473,SDSS-SDSS,SDSS,619,52056,437,697052198474901504,26,binning 1   1,DR18
5503.0073,6.8328414,0.763577,7.080819,SDSS-SDSS,SDSS,619,52056,437,697052198474901504,26,binning 1   1,DR18
5504.2734,6.350927,0.72423875,7.458667,SDSS-SDSS,SDSS,619,52056,437,697052198474901504,26,binning 1   1,DR18
5505.5396,7.536545,0.7226805,7.372227,SDSS-SDSS,SDSS,619,52056,437,697052198474901504,26,binning 1   1,DR18
5506.8096,7.5778685,0.71453166,7.1945367,SDSS-SDSS,SDSS,619,52056,437,697052198474901504,26,binning 1   1,DR18
5508.076,6.278493,0.7010799,7.4381537,SDSS-SDSS,SDSS,619,52056,437,697052198474901504,26,binning 1   1,DR18
5509.346,6.7147894,0.7014015,6.9212966,SDSS-SDSS,SDSS,619,52056,437,697052198474901504,26,binning 1   1,DR18
5510.614,5.9972425,0.6965127,6.9032845,SDSS-SDSS,SDSS,619,52056,437,697052198474901504,26,binning 1   1,DR18
5511.8843,6.569868,0.7063557,7.4969144,SDSS-SDSS,SDSS,619,52056,437,697052198474901504,26,binning 1   1,DR18
5513.1523,6.284636,0.7338832,6.964306,SDSS-SDSS,SDSS,619,52056,437,697052198474901504,26,binning 1   1,DR18
5514.421,6.845397,0.7766533,6.9869304,SDSS-SDSS,SDSS,619,52056,437,697052198474901504,26,binning 1   1,DR18
5515.6924,6.6793027,0.74928766,7.524764,SDSS-SDSS,SDSS,619,52056,437,697052198474901504,26,binning 1   1,DR18
5516.9614,5.5520463,0.7083408,7.20829,SDSS-SDSS,SDSS,619,52056,437,697052198474901504,26,binning 1   1,DR18
5518.2334,9.356863,0.96412855,7.336581,SDSS-SDSS,SDSS,619,52056,437,697052198474901504,26,binning 1   1,DR18
5519.503,6.2908144,0.976585,8.342268,SDSS-SDSS,SDSS,619,52056,437,697052198474901504,26,binning 1   1,DR18
5520.776,7.158159,0.74128294,8.476326,SDSS-SDSS,SDSS,619,52056,437,697052198474901504,26,binning 1   1,DR18
5522.046,5.8132854,0.75546974,7.9230127,SDSS-SDSS,SDSS,619,52056,437,697052198474901504,26,binning 1   1,DR18
5523.316,9.598508,1.0200323,7.226092,SDSS-SDSS,SDSS,619,52056,437,697052198474901504,26,binning 1   1,DR18
5524.59,6.203907,0.94527453,8.333026,SDSS-SDSS,SDSS,619,52056,437,697052198474901504,26,binning 1   1,DR18
5525.861,5.773492,0.6833249,7.932169,SDSS-SDSS,SDSS,619,52056,437,697052198474901504,26,binning 1   1,DR18
5527.135,5.995456,0.68933654,5.895168,SDSS-SDSS,SDSS,619,52056,437,697052198474901504,26,binning 1   1,DR18
5528.4062,5.9025784,0.6824838,6.963053,SDSS-SDSS,SDSS,619,52056,437,697052198474901504,26,binning 1   1,DR18
5529.681,7.1363544,0.71004057,8.62769,SDSS-SDSS,SDSS,619,52056,437,697052198474901504,26,binning 1   1,DR18
5530.9536,6.680133,0.6946048,7.990491,SDSS-SDSS,SDSS,619,52056,437,697052198474901504,26,binning 1   1,DR18
5532.2256,7.41176,0.69285256,7.335431,SDSS-SDSS,SDSS,619,52056,437,697052198474901504,26,binning 1   1,DR18
5533.5015,5.968359,0.6806098,8.03661,SDSS-SDSS,SDSS,619,52056,437,697052198474901504,26,binning 1   1,DR18
5534.7744,5.138985,0.6786069,8.564169,SDSS-SDSS,SDSS,619,52056,437,697052198474901504,26,binning 1   1,DR18
5536.051,6.878911,0.6821801,7.3077326,SDSS-SDSS,SDSS,619,52056,437,697052198474901504,26,binning 1   1,DR18
5537.324,6.8061147,0.7055206,8.073719,SDSS-SDSS,SDSS,619,52056,437,697052198474901504,26,binning 1   1,DR18
5538.601,6.0650163,0.72008556,6.9369473,SDSS-SDSS,SDSS,619,52056,437,697052198474901504,26,binning 1   1,DR18
5539.8755,6.56194,0.74414265,6.560347,SDSS-SDSS,SDSS,619,52056,437,697052198474901504,26,binning 1   1,DR18
5541.15,4.3216715,0.71191376,7.2171774,SDSS-SDSS,SDSS,619,52056,437,697052198474901504,26,binning 1   1,DR18
5542.4277,6.264035,0.72632396,7.390866,SDSS-SDSS,SDSS,619,52056,437,697052198474901504,26,binning 1   1,DR18
5543.7026,5.3047395,0.725796,6.5888815,SDSS-SDSS,SDSS,619,52056,437,697052198474901504,26,binning 1   1,DR18
5544.981,6.5950556,0.7155791,6.565345,SDSS-SDSS,SDSS,619,52056,437,697052198474901504,26,binning 1   1,DR18
5546.257,6.312246,0.7027557,8.080745,SDSS-SDSS,SDSS,619,52056,437,697052198474901504,26,binning 1   1,DR18
5547.5356,7.415238,0.6969892,8.223615,SDSS-SDSS,SDSS,619,52056,437,697052198474901504,26,binning 1   1,DR18
5548.8115,5.6066923,0.68477124,7.444115,SDSS-SDSS,SDSS,619,52056,437,697052198474901504,26,binning 1   1,DR18
5550.0884,6.0369053,0.7212491,7.1636004,SDSS-SDSS,SDSS,619,52056,437,697052198474901504,26,binning 1   1,DR18
5551.368,8.951235,0.9938158,7.251999,SDSS-SDSS,SDSS,619,52056,437,697052198474901504,26,binning 1   1,DR18
5552.645,7.2135153,0.936403,7.061679,SDSS-SDSS,SDSS,619,52056,437,697052198474901504,26,binning 1   1,DR18
5553.926,5.257924,0.67053634,7.741508,SDSS-SDSS,SDSS,619,52056,437,697052198474901504,26,binning 1   1,DR18
5555.203,6.663394,0.69918704,8.487501,SDSS-SDSS,SDSS,619,52056,437,697052198474901504,26,binning 1   1,DR18
5556.4844,6.8127007,0.6980703,8.642491,SDSS-SDSS,SDSS,619,52056,437,697052198474901504,26,binning 1   1,DR18
5557.7627,6.020415,0.6718051,8.298447,SDSS-SDSS,SDSS,619,52056,437,697052198474901504,26,binning 1   1,DR18
5559.041,6.410099,0.6866739,8.008427,SDSS-SDSS,SDSS,619,52056,437,697052198474901504,26,binning 1   1,DR18
5560.323,5.498272,0.6892663,8.078181,SDSS-SDSS,SDSS,619,52056,437,697052198474901504,26,binning 1   1,DR18
5561.602,7.7293577,0.9956071,8.728165,SDSS-SDSS,SDSS,619,52056,437,697052198474901504,26,binning 1   1,DR18
5562.885,9.804579,1.0208974,8.484959,SDSS-SDSS,SDSS,619,52056,437,697052198474901504,26,binning 1   1,DR18
5564.1646,7.753006,0.99684405,7.745308,SDSS-SDSS,SDSS,619,52056,437,697052198474901504,26,binning 1   1,DR18
5565.4473,8.8926115,1.0341439,7.754007,SDSS-SDSS,SDSS,619,52056,437,697052198474901504,26,binning 1   1,DR18
5566.728,8.701303,1.0200169,8.312141,SDSS-SDSS,SDSS,619,52056,437,697052198474901504,26,binning 1   1,DR18
5568.0083,8.728243,1.4677799,6.750597,SDSS-SDSS,SDSS,619,52056,437,697052198474901504,26,binning 1   1,DR18
5569.2925,7.883087,0.8902231,6.0304294,SDSS-SDSS,SDSS,619,52056,437,697052198474901504,26,binning 1   1,DR18
5570.5737,9.030759,1.1015308,7.207672,SDSS-SDSS,SDSS,619,52056,437,697052198474901504,26,binning 1   1,DR18
5571.858,8.926842,1.0763525,7.3313284,SDSS-SDSS,SDSS,619,52056,437,697052198474901504,26,binning 1   1,DR18
5573.14,8.1229925,0.7299734,6.339243,SDSS-SDSS,SDSS,619,52056,437,697052198474901504,26,binning 1   1,DR18
5574.4253,7.751746,0.858686,7.3283734,SDSS-SDSS,SDSS,619,52056,437,697052198474901504,26,binning 1   1,DR18
5575.7075,5.451483,1.7272054,6.758642,SDSS-SDSS,SDSS,619,52056,437,697052198474901504,26,binning 1   1,DR18
5576.993,14.215488,4.251531,5.5509186,SDSS-SDSS,SDSS,619,52056,437,697052198474901504,26,binning 1   1,DR18
5578.2764,-8.82549,8.581908,5.9416533,SDSS-SDSS,SDSS,619,52056,437,697052198474901504,26,binning 1   1,DR18
5579.5596,-8.529914,8.68073,7.1494503,SDSS-SDSS,SDSS,619,52056,437,697052198474901504,26,binning 1   1,DR18
5580.846,12.094184,2.916738,7.8008657,SDSS-SDSS,SDSS,619,52056,437,697052198474901504,26,binning 1   1,DR18
5582.13,7.1088185,1.0771941,7.8251143,SDSS-SDSS,SDSS,619,52056,437,697052198474901504,26,binning 1   1,DR18
5583.417,8.401262,0.76150125,7.6678596,SDSS-SDSS,SDSS,619,52056,437,697052198474901504,26,binning 1   1,DR18
5584.7017,6.4020576,0.7149189,8.7426605,SDSS-SDSS,SDSS,619,52056,437,697052198474901504,26,binning 1   1,DR18
5585.9893,7.4355717,0.7535593,7.8114686,SDSS-SDSS,SDSS,619,52056,437,697052198474901504,26,binning 1   1,DR18
5587.2744,8.538433,0.76260704,6.9765625,SDSS-SDSS,SDSS,619,52056,437,697052198474901504,26,binning 1   1,DR18
5588.56,8.502834,0.7829229,7.392675,SDSS-SDSS,SDSS,619,52056,437,697052198474901504,26,binning 1   1,DR18
5589.8486,9.575297,0.81194127,6.755716,SDSS-SDSS,SDSS,619,52056,437,697052198474901504,26,binning 1   1,DR18
5591.135,7.4422817,0.8257841,6.9526,SDSS-SDSS,SDSS,619,52056,437,697052198474901504,26,binning 1   1,DR18
5592.424,7.6978283,0.7731897,6.788024,SDSS-SDSS,SDSS,619,52056,437,697052198474901504,26,binning 1   1,DR18
5593.7104,8.248906,0.73376566,7.6063213,SDSS-SDSS,SDSS,619,52056,437,697052198474901504,26,binning 1   1,DR18
5595.0005,7.3238273,0.7200511,8.446828,SDSS-SDSS,SDSS,619,52056,437,697052198474901504,26,binning 1   1,DR18
5596.2876,7.4349704,0.737021,7.955936,SDSS-SDSS,SDSS,619,52056,437,697052198474901504,26,binning 1   1,DR18
5597.5747,7.131118,0.7344958,6.7467666,SDSS-SDSS,SDSS,619,52056,437,697052198474901504,26,binning 1   1,DR18
5598.8657,6.895755,0.72324204,6.9138083,SDSS-SDSS,SDSS,619,52056,437,697052198474901504,26,binning 1   1,DR18
5600.154,7.0400653,0.71269816,6.97602,SDSS-SDSS,SDSS,619,52056,437,697052198474901504,26,binning 1   1,DR18
5601.445,6.313304,0.68866515,7.0418906,SDSS-SDSS,SDSS,619,52056,437,697052198474901504,26,binning 1   1,DR18
5602.7334,6.264889,0.6866109,6.81927,SDSS-SDSS,SDSS,619,52056,437,697052198474901504,26,binning 1   1,DR18
5604.0254,6.8864145,0.72733015,6.707424,SDSS-SDSS,SDSS,619,52056,437,697052198474901504,26,binning 1   1,DR18
5605.315,7.454331,0.7857333,7.469518,SDSS-SDSS,SDSS,619,52056,437,697052198474901504,26,binning 1   1,DR18
5606.6045,6.9752893,0.79867005,7.242297,SDSS-SDSS,SDSS,619,52056,437,697052198474901504,26,binning 1   1,DR18
5607.897,7.3424993,0.75984925,6.3064523,SDSS-SDSS,SDSS,619,52056,437,697052198474901504,26,binning 1   1,DR18
5609.187,6.8109384,0.72567326,6.8990984,SDSS-SDSS,SDSS,619,52056,437,697052198474901504,26,binning 1   1,DR18
5610.4805,7.709607,0.73702097,6.5769615,SDSS-SDSS,SDSS,619,52056,437,697052198474901504,26,binning 1   1,DR18
5611.7715,7.0026054,0.7024916,4.9004097,SDSS-SDSS,SDSS,619,52056,437,697052198474901504,26,binning 1   1,DR18
5613.0654,5.8925834,0.68466365,5.1420317,SDSS-SDSS,SDSS,619,52056,437,697052198474901504,26,binning 1   1,DR18
5614.357,7.710032,0.71108115,5.4925723,SDSS-SDSS,SDSS,619,52056,437,697052198474901504,26,binning 1   1,DR18
5615.6484,6.941186,0.69096154,6.118054,SDSS-SDSS,SDSS,619,52056,437,697052198474901504,26,binning 1   1,DR18
5616.9434,6.810736,0.7234897,5.25315,SDSS-SDSS,SDSS,619,52056,437,697052198474901504,26,binning 1   1,DR18
5618.2354,7.2803965,0.7228133,5.1774187,SDSS-SDSS,SDSS,619,52056,437,697052198474901504,26,binning 1   1,DR18
5619.531,6.602318,0.70487493,6.698616,SDSS-SDSS,SDSS,619,52056,437,697052198474901504,26,binning 1   1,DR18
5620.8237,6.93678,0.6983458,6.8495774,SDSS-SDSS,SDSS,619,52056,437,697052198474901504,26,binning 1   1,DR18
5622.12,5.6820207,0.84385544,5.545169,SDSS-SDSS,SDSS,619,52056,437,697052198474901504,26,binning 1   1,DR18
5623.413,6.523306,0.8767718,6.178523,SDSS-SDSS,SDSS,619,52056,437,697052198474901504,26,binning 1   1,DR18
5624.707,7.11088,0.8075651,5.980338,SDSS-SDSS,SDSS,619,52056,437,697052198474901504,26,binning 1   1,DR18
5626.004,6.252635,0.784248,5.529708,SDSS-SDSS,SDSS,619,52056,437,697052198474901504,26,binning 1   1,DR18
5627.2983,5.8290234,0.72674483,5.4722676,SDSS-SDSS,SDSS,619,52056,437,697052198474901504,26,binning 1   1,DR18
5628.5957,9.6782055,0.9667773,4.9181976,SDSS-SDSS,SDSS,619,52056,437,697052198474901504,26,binning 1   1,DR18
5629.8906,10.988566,0.99317086,6.016306,SDSS-SDSS,SDSS,619,52056,437,697052198474901504,26,binning 1   1,DR18
5631.189,7.714186,1.0273647,6.074587,SDSS-SDSS,SDSS,619,52056,437,697052198474901504,26,binning 1   1,DR18
5632.4844,5.710185,0.70744973,7.135667,SDSS-SDSS,SDSS,619,52056,437,697052198474901504,26,binning 1   1,DR18
5633.7803,8.391155,0.94081336,7.5612116,SDSS-SDSS,SDSS,619,52056,437,697052198474901504,26,binning 1   1,DR18
5635.079,7.033476,0.9432152,6.623992,SDSS-SDSS,SDSS,619,52056,437,697052198474901504,26,binning 1   1,DR18
5636.3755,7.678731,0.9701361,6.961999,SDSS-SDSS,SDSS,619,52056,437,697052198474901504,26,binning 1   1,DR18
5637.6753,6.28381,0.97418076,8.566886,SDSS-SDSS,SDSS,619,52056,437,697052198474901504,26,binning 1   1,DR18
5638.972,5.865047,0.73602307,8.284086,SDSS-SDSS,SDSS,619,52056,437,697052198474901504,26,binning 1   1,DR18
5640.2725,5.861466,0.76632166,8.615251,SDSS-SDSS,SDSS,619,52056,437,697052198474901504,26,binning 1   1,DR18
5641.5703,6.0795884,0.75714886,9.183933,SDSS-SDSS,SDSS,619,52056,437,697052198474901504,26,binning 1   1,DR18
5642.868,8.062105,1.0452954,9.104633,SDSS-SDSS,SDSS,619,52056,437,697052198474901504,26,binning 1   1,DR18
5644.1694,7.912314,0.76118785,9.082809,SDSS-SDSS,SDSS,619,52056,437,697052198474901504,26,binning 1   1,DR18
5645.468,8.890177,0.79333615,8.884197,SDSS-SDSS,SDSS,619,52056,437,697052198474901504,26,binning 1   1,DR18
5646.7695,6.28214,0.7974476,8.799695,SDSS-SDSS,SDSS,619,52056,437,697052198474901504,26,binning 1   1,DR18
5648.0684,7.6062255,0.8136051,9.163368,SDSS-SDSS,SDSS,619,52056,437,697052198474901504,26,binning 1   1,DR18
5649.371,8.377354,0.83192223,8.97892,SDSS-SDSS,SDSS,619,52056,437,697052198474901504,26,binning 1   1,DR18
5650.6704,6.4884543,0.80112094,8.0542345,SDSS-SDSS,SDSS,619,52056,437,697052198474901504,26,binning 1   1,DR18
5651.9707,10.238925,1.0581261,7.767503,SDSS-SDSS,SDSS,619,52056,437,697052198474901504,26,binning 1   1,DR18
5653.274,8.3232,1.0443338,8.473266,SDSS-SDSS,SDSS,619,52056,437,697052198474901504,26,binning 1   1,DR18
5654.574,10.846881,1.0623335,8.74799,SDSS-SDSS,SDSS,619,52056,437,697052198474901504,26,binning 1   1,DR18
5655.8784,10.094198,1.0334773,8.368328,SDSS-SDSS,SDSS,619,52056,437,697052198474901504,26,binning 1   1,DR18
5657.1797,7.7684526,0.76879466,7.6170435,SDSS-SDSS,SDSS,619,52056,437,697052198474901504,26,binning 1   1,DR18
5658.484,10.726539,1.0037043,7.2418327,SDSS-SDSS,SDSS,619,52056,437,697052198474901504,26,binning 1   1,DR18
5659.7856,7.99722,0.99849963,7.8624206,SDSS-SDSS,SDSS,619,52056,437,697052198474901504,26,binning 1   1,DR18
5661.088,8.582349,0.765059,8.415084,SDSS-SDSS,SDSS,619,52056,437,697052198474901504,26,binning 1   1,DR18
5662.393,7.096621,0.76880574,8.4333515,SDSS-SDSS,SDSS,619,52056,437,697052198474901504,26,binning 1   1,DR18
5663.696,7.93746,0.7719235,7.1253057,SDSS-SDSS,SDSS,619,52056,437,697052198474901504,26,binning 1   1,DR18
5665.002,7.794945,0.77002233,7.052749,SDSS-SDSS,SDSS,619,52056,437,697052198474901504,26,binning 1   1,DR18
5666.305,6.8089004,0.7776359,8.771335,SDSS-SDSS,SDSS,619,52056,437,697052198474901504,26,binning 1   1,DR18
5667.612,7.7127604,0.79783076,8.977456,SDSS-SDSS,SDSS,619,52056,437,697052198474901504,26,binning 1   1,DR18
5668.9155,6.553529,0.79950994,7.313446,SDSS-SDSS,SDSS,619,52056,437,697052198474901504,26,binning 1   1,DR18
5670.2197,7.1922107,0.8232359,8.053254,SDSS-SDSS,SDSS,619,52056,437,697052198474901504,26,binning 1   1,DR18
5671.5273,6.7998586,0.83778626,8.813068,SDSS-SDSS,SDSS,619,52056,437,697052198474901504,26,binning 1   1,DR18
5672.832,6.7524495,0.82920116,8.273364,SDSS-SDSS,SDSS,619,52056,437,697052198474901504,26,binning 1   1,DR18
5674.14,5.130869,0.799147,7.6053658,SDSS-SDSS,SDSS,619,52056,437,697052198474901504,26,binning 1   1,DR18
5675.4453,6.9984655,0.8033898,8.079564,SDSS-SDSS,SDSS,619,52056,437,697052198474901504,26,binning 1   1,DR18
5676.754,7.482472,0.8386222,7.4377227,SDSS-SDSS,SDSS,619,52056,437,697052198474901504,26,binning 1   1,DR18
5678.06,7.824929,0.8081688,6.913741,SDSS-SDSS,SDSS,619,52056,437,697052198474901504,26,binning 1   1,DR18
5679.3696,6.2124925,0.7817253,6.4347825,SDSS-SDSS,SDSS,619,52056,437,697052198474901504,26,binning 1   1,DR18
5680.676,7.1880264,0.8263574,6.0454464,SDSS-SDSS,SDSS,619,52056,437,697052198474901504,26,binning 1   1,DR18
5681.983,7.4901185,0.8733031,5.8068004,SDSS-SDSS,SDSS,619,52056,437,697052198474901504,26,binning 1   1,DR18
5683.293,7.469844,0.9318121,6.061443,SDSS-SDSS,SDSS,619,52056,437,697052198474901504,26,binning 1   1,DR18
5684.6006,6.1611233,1.0063696,7.977254,SDSS-SDSS,SDSS,619,52056,437,697052198474901504,26,binning 1   1,DR18
5685.911,7.053809,1.048036,7.7998075,SDSS-SDSS,SDSS,619,52056,437,697052198474901504,26,binning 1   1,DR18
5687.219,8.359428,1.0752958,6.9956384,SDSS-SDSS,SDSS,619,52056,437,697052198474901504,26,binning 1   1,DR18
5688.531,4.3803415,1.0750787,6.850846,SDSS-SDSS,SDSS,619,52056,437,697052198474901504,26,binning 1   1,DR18
5689.8394,6.632259,1.1150041,7.0246234,SDSS-SDSS,SDSS,619,52056,437,697052198474901504,26,binning 1   1,DR18
5691.1484,6.6011686,1.2054136,6.8090806,SDSS-SDSS,SDSS,619,52056,437,697052198474901504,26,binning 1   1,DR18
5692.461,7.725276,1.1423982,7.2170606,SDSS-SDSS,SDSS,619,52056,437,697052198474901504,26,binning 1   1,DR18
5693.7705,9.6041,1.082935,6.1682296,SDSS-SDSS,SDSS,619,52056,437,697052198474901504,26,binning 1   1,DR18
5695.0835,6.600114,1.0419785,6.939105,SDSS-SDSS,SDSS,619,52056,437,697052198474901504,26,binning 1   1,DR18
5696.3936,6.510673,0.9523866,7.7432084,SDSS-SDSS,SDSS,619,52056,437,697052198474901504,26,binning 1   1,DR18
5697.707,7.1105833,0.86407834,7.25537,SDSS-SDSS,SDSS,619,52056,437,697052198474901504,26,binning 1   1,DR18
5699.0176,8.040967,0.8539707,7.539702,SDSS-SDSS,SDSS,619,52056,437,697052198474901504,26,binning 1   1,DR18
5700.3286,9.926057,1.3280162,7.5084276,SDSS-SDSS,SDSS,619,52056,437,697052198474901504,26,binning 1   1,DR18
5701.643,9.21278,1.2218736,5.966641,SDSS-SDSS,SDSS,619,52056,437,697052198474901504,26,binning 1   1,DR18
5702.955,7.764311,0.9518152,7.0127964,SDSS-SDSS,SDSS,619,52056,437,697052198474901504,26,binning 1   1,DR18
5704.27,7.9586716,0.8952481,7.9860797,SDSS-SDSS,SDSS,619,52056,437,697052198474901504,26,binning 1   1,DR18
5705.5825,8.711523,0.8593262,7.546642,SDSS-SDSS,SDSS,619,52056,437,697052198474901504,26,binning 1   1,DR18
5706.898,9.447082,0.84826225,8.648817,SDSS-SDSS,SDSS,619,52056,437,697052198474901504,26,binning 1   1,DR18
5708.211,8.459903,0.8034847,8.416866,SDSS-SDSS,SDSS,619,52056,437,697052198474901504,26,binning 1   1,DR18
5709.524,11.223467,1.0744225,8.59021,SDSS-SDSS,SDSS,619,52056,437,697052198474901504,26,binning 1   1,DR18
5710.841,11.659559,1.0995256,8.02167,SDSS-SDSS,SDSS,619,52056,437,697052198474901504,26,binning 1   1,DR18
5712.1543,8.711246,0.8095708,7.5206947,SDSS-SDSS,SDSS,619,52056,437,697052198474901504,26,binning 1   1,DR18
5713.4717,8.055432,0.8636353,8.218048,SDSS-SDSS,SDSS,619,52056,437,697052198474901504,26,binning 1   1,DR18
5714.786,7.746986,0.8591962,8.996872,SDSS-SDSS,SDSS,619,52056,437,697052198474901504,26,binning 1   1,DR18
5716.104,9.764284,0.85749775,7.0437517,SDSS-SDSS,SDSS,619,52056,437,697052198474901504,26,binning 1   1,DR18
5717.419,9.177507,0.8117041,7.3984737,SDSS-SDSS,SDSS,619,52056,437,697052198474901504,26,binning 1   1,DR18
5718.734,8.906904,0.8177773,7.4551086,SDSS-SDSS,SDSS,619,52056,437,697052198474901504,26,binning 1   1,DR18
5720.0527,8.744548,0.845079,7.758534,SDSS-SDSS,SDSS,619,52056,437,697052198474901504,26,binning 1   1,DR18
5721.3687,9.393373,0.872752,8.766552,SDSS-SDSS,SDSS,619,52056,437,697052198474901504,26,binning 1   1,DR18
5722.688,8.9720955,0.8527172,8.518218,SDSS-SDSS,SDSS,619,52056,437,697052198474901504,26,binning 1   1,DR18
5724.0044,9.559945,0.84631985,7.722535,SDSS-SDSS,SDSS,619,52056,437,697052198474901504,26,binning 1   1,DR18
5725.324,9.350209,0.8959652,8.946341,SDSS-SDSS,SDSS,619,52056,437,697052198474901504,26,binning 1   1,DR18
5726.6416,9.970686,0.923122,8.23634,SDSS-SDSS,SDSS,619,52056,437,697052198474901504,26,binning 1   1,DR18
5727.959,9.499747,0.8540977,8.1346245,SDSS-SDSS,SDSS,619,52056,437,697052198474901504,26,binning 1   1,DR18
5729.28,9.434081,0.80757,9.159816,SDSS-SDSS,SDSS,619,52056,437,697052198474901504,26,binning 1   1,DR18
5730.5977,10.068119,0.8176139,7.6821575,SDSS-SDSS,SDSS,619,52056,437,697052198474901504,26,binning 1   1,DR18
5731.9194,9.823386,0.7946255,8.489229,SDSS-SDSS,SDSS,619,52056,437,697052198474901504,26,binning 1   1,DR18
5733.238,9.707341,0.81258833,8.092692,SDSS-SDSS,SDSS,619,52056,437,697052198474901504,26,binning 1   1,DR18
5734.56,9.682294,0.8058344,8.4836,SDSS-SDSS,SDSS,619,52056,437,697052198474901504,26,binning 1   1,DR18
5735.8794,8.546404,0.7994907,9.44608,SDSS-SDSS,SDSS,619,52056,437,697052198474901504,26,binning 1   1,DR18
5737.1987,9.454921,0.83096975,9.41716,SDSS-SDSS,SDSS,619,52056,437,697052198474901504,26,binning 1   1,DR18
5738.5215,10.452822,0.8610528,8.26236,SDSS-SDSS,SDSS,619,52056,437,697052198474901504,26,binning 1   1,DR18
5739.842,10.54195,0.8454155,8.103444,SDSS-SDSS,SDSS,619,52056,437,697052198474901504,26,binning 1   1,DR18
5741.1655,10.736247,0.83265346,8.222344,SDSS-SDSS,SDSS,619,52056,437,697052198474901504,26,binning 1   1,DR18
5742.4863,9.635441,0.8307501,8.942683,SDSS-SDSS,SDSS,619,52056,437,697052198474901504,26,binning 1   1,DR18
5743.8105,10.445549,0.8678113,9.221138,SDSS-SDSS,SDSS,619,52056,437,697052198474901504,26,binning 1   1,DR18
5745.132,9.8535385,0.857866,8.756734,SDSS-SDSS,SDSS,619,52056,437,697052198474901504,26,binning 1   1,DR18
5746.4536,11.643754,0.8432918,8.573189,SDSS-SDSS,SDSS,619,52056,437,697052198474901504,26,binning 1   1,DR18
5747.7783,9.208485,0.80894995,8.121406,SDSS-SDSS,SDSS,619,52056,437,697052198474901504,26,binning 1   1,DR18
5749.1006,10.78394,0.83849955,8.36983,SDSS-SDSS,SDSS,619,52056,437,697052198474901504,26,binning 1   1,DR18
5750.427,12.149733,0.8805389,8.179329,SDSS-SDSS,SDSS,619,52056,437,697052198474901504,26,binning 1   1,DR18
5751.7495,12.14246,0.87474823,7.549236,SDSS-SDSS,SDSS,619,52056,437,697052198474901504,26,binning 1   1,DR18
5753.0757,12.727428,0.8703178,7.4719067,SDSS-SDSS,SDSS,619,52056,437,697052198474901504,26,binning 1   1,DR18
5754.3994,11.632205,0.85651267,8.327953,SDSS-SDSS,SDSS,619,52056,437,697052198474901504,26,binning 1   1,DR18
5755.723,12.874767,0.87343293,8.230619,SDSS-SDSS,SDSS,619,52056,437,697052198474901504,26,binning 1   1,DR18
5757.0503,10.50014,0.85731,7.033691,SDSS-SDSS,SDSS,619,52056,437,697052198474901504,26,binning 1   1,DR18
5758.3745,10.991048,0.8446163,7.473183,SDSS-SDSS,SDSS,619,52056,437,697052198474901504,26,binning 1   1,DR18
5759.7026,11.219101,0.8687394,8.405551,SDSS-SDSS,SDSS,619,52056,437,697052198474901504,26,binning 1   1,DR18
5761.0273,13.454786,0.9157653,8.020662,SDSS-SDSS,SDSS,619,52056,437,697052198474901504,26,binning 1   1,DR18
5762.356,10.669798,0.8945052,6.915581,SDSS-SDSS,SDSS,619,52056,437,697052198474901504,26,binning 1   1,DR18
5763.6816,11.235317,0.8887251,6.8666162,SDSS-SDSS,SDSS,619,52056,437,697052198474901504,26,binning 1   1,DR18
5765.008,11.875283,0.8937521,7.520578,SDSS-SDSS,SDSS,619,52056,437,697052198474901504,26,binning 1   1,DR18
5766.337,9.5678005,0.8980128,7.360098,SDSS-SDSS,SDSS,619,52056,437,697052198474901504,26,binning 1   1,DR18
5767.6636,12.001931,0.9551183,7.1173725,SDSS-SDSS,SDSS,619,52056,437,697052198474901504,26,binning 1   1,DR18
5768.9937,10.764715,1.065545,7.483487,SDSS-SDSS,SDSS,619,52056,437,697052198474901504,26,binning 1   1,DR18
5770.321,9.429249,1.1501518,7.685867,SDSS-SDSS,SDSS,619,52056,437,697052198474901504,26,binning 1   1,DR18
5771.6514,11.63741,1.1505103,7.5610704,SDSS-SDSS,SDSS,619,52056,437,697052198474901504,26,binning 1   1,DR18
5772.979,12.671231,1.1005756,8.643865,SDSS-SDSS,SDSS,619,52056,437,697052198474901504,26,binning 1   1,DR18
5774.307,13.340178,1.0243971,8.666588,SDSS-SDSS,SDSS,619,52056,437,697052198474901504,26,binning 1   1,DR18
5775.6387,11.8566265,0.924506,8.566931,SDSS-SDSS,SDSS,619,52056,437,697052198474901504,26,binning 1   1,DR18
5776.9673,12.257356,0.9414025,9.083564,SDSS-SDSS,SDSS,619,52056,437,697052198474901504,26,binning 1   1,DR18
5778.2993,12.6507015,0.9893517,8.817745,SDSS-SDSS,SDSS,619,52056,437,697052198474901504,26,binning 1   1,DR18
5779.629,12.27459,0.9695117,8.269658,SDSS-SDSS,SDSS,619,52056,437,697052198474901504,26,binning 1   1,DR18
5780.9614,11.50576,0.94039357,8.163351,SDSS-SDSS,SDSS,619,52056,437,697052198474901504,26,binning 1   1,DR18
5782.2915,13.449386,0.99456596,8.293599,SDSS-SDSS,SDSS,619,52056,437,697052198474901504,26,binning 1   1,DR18
5783.625,13.993283,1.0106452,8.522195,SDSS-SDSS,SDSS,619,52056,437,697052198474901504,26,binning 1   1,DR18
5784.9556,14.009405,0.99003613,8.864248,SDSS-SDSS,SDSS,619,52056,437,697052198474901504,26,binning 1   1,DR18
5786.286,14.001802,0.9771741,9.059316,SDSS-SDSS,SDSS,619,52056,437,697052198474901504,26,binning 1   1,DR18
5787.6206,14.879952,1.0242113,8.591401,SDSS-SDSS,SDSS,619,52056,437,697052198474901504,26,binning 1   1,DR18
5788.952,14.351227,1.1041639,10.411326,SDSS-SDSS,SDSS,619,52056,437,697052198474901504,26,binning 1   1,DR18
5790.287,14.284037,1.1931297,9.347886,SDSS-SDSS,SDSS,619,52056,437,697052198474901504,26,binning 1   1,DR18
5791.619,13.651288,1.293423,8.699321,SDSS-SDSS,SDSS,619,52056,437,697052198474901504,26,binning 1   1,DR18
5792.9546,14.02578,1.3167273,10.169858,SDSS-SDSS,SDSS,619,52056,437,697052198474901504,26,binning 1   1,DR18
5794.287,14.740724,1.2062035,9.562311,SDSS-SDSS,SDSS,619,52056,437,697052198474901504,26,binning 1   1,DR18
5795.62,14.115474,1.0945224,9.414966,SDSS-SDSS,SDSS,619,52056,437,697052198474901504,26,binning 1   1,DR18
5796.9565,14.56399,1.0936579,7.913822,SDSS-SDSS,SDSS,619,52056,437,697052198474901504,26,binning 1   1,DR18
5798.29,15.436017,1.1051979,7.7501183,SDSS-SDSS,SDSS,619,52056,437,697052198474901504,26,binning 1   1,DR18
5799.6274,16.371878,1.076145,9.229549,SDSS-SDSS,SDSS,619,52056,437,697052198474901504,26,binning 1   1,DR18
5800.9614,15.484852,1.0426031,9.800038,SDSS-SDSS,SDSS,619,52056,437,697052198474901504,26,binning 1   1,DR18
5802.2993,14.539226,1.0150573,7.6942253,SDSS-SDSS,SDSS,619,52056,437,697052198474901504,26,binning 1   1,DR18
5803.634,13.289519,1.2867173,7.210358,SDSS-SDSS,SDSS,619,52056,437,697052198474901504,26,binning 1   1,DR18
5804.969,15.217798,1.3556799,8.393109,SDSS-SDSS,SDSS,619,52056,437,697052198474901504,26,binning 1   1,DR18
5806.3076,17.973095,1.14243,8.553266,SDSS-SDSS,SDSS,619,52056,437,697052198474901504,26,binning 1   1,DR18
5807.6436,16.093073,1.4473271,7.971689,SDSS-SDSS,SDSS,619,52056,437,697052198474901504,26,binning 1   1,DR18
5808.9824,12.887537,1.4493508,8.41009,SDSS-SDSS,SDSS,619,52056,437,697052198474901504,26,binning 1   1,DR18
5810.319,13.433622,1.3854033,9.96771,SDSS-SDSS,SDSS,619,52056,437,697052198474901504,26,binning 1   1,DR18
5811.6587,15.967815,1.1380141,9.580843,SDSS-SDSS,SDSS,619,52056,437,697052198474901504,26,binning 1   1,DR18
5812.9956,12.961047,1.39933,9.830477,SDSS-SDSS,SDSS,619,52056,437,697052198474901504,26,binning 1   1,DR18
5814.333,12.949624,1.3403059,9.966093,SDSS-SDSS,SDSS,619,52056,437,697052198474901504,26,binning 1   1,DR18
5815.674,12.722527,1.3468597,10.025322,SDSS-SDSS,SDSS,619,52056,437,697052198474901504,26,binning 1   1,DR18
5817.0117,15.040074,1.3618995,9.969015,SDSS-SDSS,SDSS,619,52056,437,697052198474901504,26,binning 1   1,DR18
5818.353,14.286937,1.1627678,9.02153,SDSS-SDSS,SDSS,619,52056,437,697052198474901504,26,binning 1   1,DR18
5819.6914,14.485648,1.1346147,7.8223333,SDSS-SDSS,SDSS,619,52056,437,697052198474901504,26,binning 1   1,DR18
5821.0337,14.805456,1.1158956,8.188568,SDSS-SDSS,SDSS,619,52056,437,697052198474901504,26,binning 1   1,DR18
5822.3726,16.611408,1.1561993,7.856128,SDSS-SDSS,SDSS,619,52056,437,697052198474901504,26,binning 1   1,DR18
5823.712,12.126412,1.3093894,7.937786,SDSS-SDSS,SDSS,619,52056,437,697052198474901504,26,binning 1   1,DR18
5825.055,14.56552,1.3303051,9.529632,SDSS-SDSS,SDSS,619,52056,437,697052198474901504,26,binning 1   1,DR18
5826.395,14.5634985,1.3527257,10.529768,SDSS-SDSS,SDSS,619,52056,437,697052198474901504,26,binning 1   1,DR18
5827.739,13.027825,1.3468034,8.513484,SDSS-SDSS,SDSS,619,52056,437,697052198474901504,26,binning 1   1,DR18
5829.079,12.598718,1.325339,8.0541725,SDSS-SDSS,SDSS,619,52056,437,697052198474901504,26,binning 1   1,DR18
5830.4233,13.822347,1.3459922,7.827259,SDSS-SDSS,SDSS,619,52056,437,697052198474901504,26,binning 1   1,DR18
5831.7646,15.720174,1.3792028,7.5609,SDSS-SDSS,SDSS,619,52056,437,697052198474901504,26,binning 1   1,DR18
5833.1064,19.43073,1.1763088,8.061965,SDSS-SDSS,SDSS,619,52056,437,697052198474901504,26,binning 1   1,DR18
5834.4517,16.260452,1.4072235,8.964666,SDSS-SDSS,SDSS,619,52056,437,697052198474901504,26,binning 1   1,DR18
5835.7935,16.183638,1.4052699,7.9083343,SDSS-SDSS,SDSS,619,52056,437,697052198474901504,26,binning 1   1,DR18
5837.1396,18.607126,1.5121839,7.66363,SDSS-SDSS,SDSS,619,52056,437,697052198474901504,26,binning 1   1,DR18
5838.4824,14.847875,1.4623626,8.50409,SDSS-SDSS,SDSS,619,52056,437,697052198474901504,26,binning 1   1,DR18
5839.8286,18.383455,1.3945551,9.529539,SDSS-SDSS,SDSS,619,52056,437,697052198474901504,26,binning 1   1,DR18
5841.172,17.120083,1.9499872,9.734104,SDSS-SDSS,SDSS,619,52056,437,697052198474901504,26,binning 1   1,DR18
5842.5156,21.400322,1.9100221,9.330098,SDSS-SDSS,SDSS,619,52056,437,697052198474901504,26,binning 1   1,DR18
5843.8633,16.83706,1.4089515,10.895789,SDSS-SDSS,SDSS,619,52056,437,697052198474901504,26,binning 1   1,DR18
5845.2075,21.507042,1.1995319,11.788138,SDSS-SDSS,SDSS,619,52056,437,697052198474901504,26,binning 1   1,DR18
5846.555,16.548431,1.3609384,11.170675,SDSS-SDSS,SDSS,619,52056,437,697052198474901504,26,binning 1   1,DR18
5847.9004,18.104061,1.3866398,9.775175,SDSS-SDSS,SDSS,619,52056,437,697052198474901504,26,binning 1   1,DR18
5849.249,20.830473,1.2571819,9.4527855,SDSS-SDSS,SDSS,619,52056,437,697052198474901504,26,binning 1   1,DR18
5850.594,20.548172,1.2537841,11.056846,SDSS-SDSS,SDSS,619,52056,437,697052198474901504,26,binning 1   1,DR18
5851.9404,20.891771,1.5985223,10.910696,SDSS-SDSS,SDSS,619,52056,437,697052198474901504,26,binning 1   1,DR18
5853.2896,19.08104,1.8440204,10.476917,SDSS-SDSS,SDSS,619,52056,437,697052198474901504,26,binning 1   1,DR18
5854.636,18.03435,1.3902109,10.508188,SDSS-SDSS,SDSS,619,52056,437,697052198474901504,26,binning 1   1,DR18
5855.9863,14.8955145,1.5539465,10.570642,SDSS-SDSS,SDSS,619,52056,437,697052198474901504,26,binning 1   1,DR18
5857.3335,17.385635,1.5353136,10.495383,SDSS-SDSS,SDSS,619,52056,437,697052198474901504,26,binning 1   1,DR18
5858.684,19.369823,1.4339494,10.790722,SDSS-SDSS,SDSS,619,52056,437,697052198474901504,26,binning 1   1,DR18
5860.032,20.500883,1.3569509,11.116215,SDSS-SDSS,SDSS,619,52056,437,697052198474901504,26,binning 1   1,DR18
5861.38,18.848095,1.3548499,10.108538,SDSS-SDSS,SDSS,619,52056,437,697052198474901504,26,binning 1   1,DR18
5862.732,23.533783,1.2026614,9.853431,SDSS-SDSS,SDSS,619,52056,437,697052198474901504,26,binning 1   1,DR18
5864.0806,21.223297,1.6901308,10.643708,SDSS-SDSS,SDSS,619,52056,437,697052198474901504,26,binning 1   1,DR18
5865.4326,20.97168,1.7063342,11.123388,SDSS-SDSS,SDSS,619,52056,437,697052198474901504,26,binning 1   1,DR18
5866.782,21.98156,1.2658678,10.517802,SDSS-SDSS,SDSS,619,52056,437,697052198474901504,26,binning 1   1,DR18
5868.135,23.110977,1.2621385,10.801265,SDSS-SDSS,SDSS,619,52056,437,697052198474901504,26,binning 1   1,DR18
5869.485,24.691916,1.4443865,11.299113,SDSS-SDSS,SDSS,619,52056,437,697052198474901504,26,binning 1   1,DR18
5870.835,21.907463,1.22727,11.677109,SDSS-SDSS,SDSS,619,52056,437,697052198474901504,26,binning 1   1,DR18
5872.189,22.458443,1.1928911,11.327769,SDSS-SDSS,SDSS,619,52056,437,697052198474901504,26,binning 1   1,DR18
5873.54,23.421906,1.181014,10.650814,SDSS-SDSS,SDSS,619,52056,437,697052198474901504,26,binning 1   1,DR18
5874.894,24.380863,1.3251073,10.713473,SDSS-SDSS,SDSS,619,52056,437,697052198474901504,26,binning 1   1,DR18
5876.2456,18.50632,1.4008354,10.330929,SDSS-SDSS,SDSS,619,52056,437,697052198474901504,26,binning 1   1,DR18
5877.6006,20.092203,1.3767412,10.226048,SDSS-SDSS,SDSS,619,52056,437,697052198474901504,26,binning 1   1,DR18
5878.953,19.657467,1.377603,9.1009245,SDSS-SDSS,SDSS,619,52056,437,697052198474901504,26,binning 1   1,DR18
5880.305,19.990637,1.3671128,8.872458,SDSS-SDSS,SDSS,619,52056,437,697052198474901504,26,binning 1   1,DR18
5881.661,25.221714,1.2681464,9.943314,SDSS-SDSS,SDSS,619,52056,437,697052198474901504,26,binning 1   1,DR18
5883.0146,22.420322,1.2022147,9.900661,SDSS-SDSS,SDSS,619,52056,437,697052198474901504,26,binning 1   1,DR18
5884.371,21.059723,1.2514781,10.169724,SDSS-SDSS,SDSS,619,52056,437,697052198474901504,26,binning 1   1,DR18
5885.7246,23.777246,1.1368783,9.6570215,SDSS-SDSS,SDSS,619,52056,437,697052198474901504,26,binning 1   1,DR18
5887.082,23.462025,1.1685793,10.123035,SDSS-SDSS,SDSS,619,52056,437,697052198474901504,26,binning 1   1,DR18
5888.4365,23.265038,1.3486986,10.863322,SDSS-SDSS,SDSS,619,52056,437,697052198474901504,26,binning 1   1,DR18
5889.794,25.100555,1.903476,10.866759,SDSS-SDSS,SDSS,619,52056,437,697052198474901504,26,binning 1   1,DR18
5891.149,21.626785,2.481985,10.922654,SDSS-SDSS,SDSS,619,52056,437,697052198474901504,26,binning 1   1,DR18
5892.5044,22.580055,2.2622974,11.854417,SDSS-SDSS,SDSS,619,52056,437,697052198474901504,26,binning 1   1,DR18
5893.8633,26.257792,1.5995543,10.683727,SDSS-SDSS,SDSS,619,52056,437,697052198474901504,26,binning 1   1,DR18
5895.219,25.432644,1.6643801,10.679753,SDSS-SDSS,SDSS,619,52056,437,697052198474901504,26,binning 1   1,DR18
5896.5786,26.022738,2.318585,11.561612,SDSS-SDSS,SDSS,619,52056,437,697052198474901504,26,binning 1   1,DR18
5897.935,24.678581,2.671547,11.765306,SDSS-SDSS,SDSS,619,52056,437,697052198474901504,26,binning 1   1,DR18
5899.295,24.24068,1.7391834,11.215459,SDSS-SDSS,SDSS,619,52056,437,697052198474901504,26,binning 1   1,DR18
5900.6523,24.007128,1.3261616,10.020553,SDSS-SDSS,SDSS,619,52056,437,697052198474901504,26,binning 1   1,DR18
5902.01,22.375149,1.1698633,9.908789,SDSS-SDSS,SDSS,619,52056,437,697052198474901504,26,binning 1   1,DR18
5903.3706,23.037075,1.1603249,10.0712185,SDSS-SDSS,SDSS,619,52056,437,697052198474901504,26,binning 1   1,DR18
5904.7285,23.79441,1.1187981,10.397566,SDSS-SDSS,SDSS,619,52056,437,697052198474901504,26,binning 1   1,DR18
5906.0903,26.642767,1.1405332,10.539654,SDSS-SDSS,SDSS,619,52056,437,697052198474901504,26,binning 1   1,DR18
5907.4487,24.722164,1.2130078,10.111173,SDSS-SDSS,SDSS,619,52056,437,697052198474901504,26,binning 1   1,DR18
5908.811,23.93743,1.1802187,11.1005945,SDSS-SDSS,SDSS,619,52056,437,697052198474901504,26,binning 1   1,DR18
5910.1704,24.76238,1.0558385,10.055207,SDSS-SDSS,SDSS,619,52056,437,697052198474901504,26,binning 1   1,DR18
5911.5303,26.412794,1.0604345,10.185101,SDSS-SDSS,SDSS,619,52056,437,697052198474901504,26,binning 1   1,DR18
5912.893,24.76187,1.0568137,10.981948,SDSS-SDSS,SDSS,619,52056,437,697052198474901504,26,binning 1   1,DR18
5914.2534,26.189625,1.0739876,10.835941,SDSS-SDSS,SDSS,619,52056,437,697052198474901504,26,binning 1   1,DR18
5915.617,27.39341,1.1151556,10.493728,SDSS-SDSS,SDSS,619,52056,437,697052198474901504,26,binning 1   1,DR18
5916.978,27.054783,1.1473821,11.330991,SDSS-SDSS,SDSS,619,52056,437,697052198474901504,26,binning 1   1,DR18
5918.343,26.696377,1.1393524,11.135487,SDSS-SDSS,SDSS,619,52056,437,697052198474901504,26,binning 1   1,DR18
5919.704,26.776562,1.1136937,11.24119,SDSS-SDSS,SDSS,619,52056,437,697052198474901504,26,binning 1   1,DR18
5921.066,25.544771,1.2249082,11.519771,SDSS-SDSS,SDSS,619,52056,437,697052198474901504,26,binning 1   1,DR18
5922.431,24.427868,1.1958311,11.621886,SDSS-SDSS,SDSS,619,52056,437,697052198474901504,26,binning 1   1,DR18
5923.794,25.244093,1.073788,12.027929,SDSS-SDSS,SDSS,619,52056,437,697052198474901504,26,binning 1   1,DR18
5925.1597,29.718903,1.174343,12.255955,SDSS-SDSS,SDSS,619,52056,437,697052198474901504,26,binning 1   1,DR18
5926.523,25.264013,1.1865909,12.594144,SDSS-SDSS,SDSS,619,52056,437,697052198474901504,26,binning 1   1,DR18
5927.8896,27.603857,1.1710703,11.950638,SDSS-SDSS,SDSS,619,52056,437,697052198474901504,26,binning 1   1,DR18
5929.2534,26.12207,1.117874,11.350679,SDSS-SDSS,SDSS,619,52056,437,697052198474901504,26,binning 1   1,DR18
5930.617,25.52441,1.0674024,12.115091,SDSS-SDSS,SDSS,619,52056,437,697052198474901504,26,binning 1   1,DR18
5931.985,26.978743,1.1258823,13.36804,SDSS-SDSS,SDSS,619,52056,437,697052198474901504,26,binning 1   1,DR18
5933.3496,27.80953,1.2098153,12.185245,SDSS-SDSS,SDSS,619,52056,437,697052198474901504,26,binning 1   1,DR18
5934.718,26.396088,1.1895545,12.620947,SDSS-SDSS,SDSS,619,52056,437,697052198474901504,26,binning 1   1,DR18
5936.083,25.873596,1.1127646,13.423937,SDSS-SDSS,SDSS,619,52056,437,697052198474901504,26,binning 1   1,DR18
5937.4517,28.104267,1.0749042,13.448307,SDSS-SDSS,SDSS,619,52056,437,697052198474901504,26,binning 1   1,DR18
5938.818,28.886976,1.2117778,12.775304,SDSS-SDSS,SDSS,619,52056,437,697052198474901504,26,binning 1   1,DR18
5940.184,27.09134,1.206956,12.114231,SDSS-SDSS,SDSS,619,52056,437,697052198474901504,26,binning 1   1,DR18
5941.5537,28.937311,1.0927339,12.074433,SDSS-SDSS,SDSS,619,52056,437,697052198474901504,26,binning 1   1,DR18
5942.9204,27.048447,1.0692232,12.287837,SDSS-SDSS,SDSS,619,52056,437,697052198474901504,26,binning 1   1,DR18
5944.291,27.12214,1.067443,11.682897,SDSS-SDSS,SDSS,619,52056,437,697052198474901504,26,binning 1   1,DR18
5945.6587,27.340187,1.071923,11.74578,SDSS-SDSS,SDSS,619,52056,437,697052198474901504,26,binning 1   1,DR18
5947.03,28.764803,1.1490338,12.849288,SDSS-SDSS,SDSS,619,52056,437,697052198474901504,26,binning 1   1,DR18
5948.3975,28.478664,1.1221853,12.9376545,SDSS-SDSS,SDSS,619,52056,437,697052198474901504,26,binning 1   1,DR18
5949.766,27.288195,1.0541869,12.207843,SDSS-SDSS,SDSS,619,52056,437,697052198474901504,26,binning 1   1,DR18
5951.138,27.598646,1.1575501,12.058468,SDSS-SDSS,SDSS,619,52056,437,697052198474901504,26,binning 1   1,DR18
5952.5073,26.394106,1.1782494,12.594524,SDSS-SDSS,SDSS,619,52056,437,697052198474901504,26,binning 1   1,DR18
5953.88,25.913458,1.232263,13.05136,SDSS-SDSS,SDSS,619,52056,437,697052198474901504,26,binning 1   1,DR18
5955.2495,27.668749,1.2439654,13.323413,SDSS-SDSS,SDSS,619,52056,437,697052198474901504,26,binning 1   1,DR18
5956.6226,28.894266,1.0859377,13.854488,SDSS-SDSS,SDSS,619,52056,437,697052198474901504,26,binning 1   1,DR18
5957.993,27.907822,1.1144522,13.73865,SDSS-SDSS,SDSS,619,52056,437,697052198474901504,26,binning 1   1,DR18
5959.364,27.134233,1.2360985,14.995467,SDSS-SDSS,SDSS,619,52056,437,697052198474901504,26,binning 1   1,DR18
5960.738,25.629099,1.2279334,14.427334,SDSS-SDSS,SDSS,619,52056,437,697052198474901504,26,binning 1   1,DR18
5962.1094,28.68497,1.0437644,13.061472,SDSS-SDSS,SDSS,619,52056,437,697052198474901504,26,binning 1   1,DR18
5963.484,28.625141,1.0381981,13.145661,SDSS-SDSS,SDSS,619,52056,437,697052198474901504,26,binning 1   1,DR18
5964.856,27.477728,0.9989453,14.300323,SDSS-SDSS,SDSS,619,52056,437,697052198474901504,26,binning 1   1,DR18
5966.2314,27.565191,0.99725395,14.437271,SDSS-SDSS,SDSS,619,52056,437,697052198474901504,26,binning 1   1,DR18
5967.604,29.206823,1.0102217,14.896538,SDSS-SDSS,SDSS,619,52056,437,697052198474901504,26,binning 1   1,DR18
5968.9766,28.775866,1.0605451,14.601394,SDSS-SDSS,SDSS,619,52056,437,697052198474901504,26,binning 1   1,DR18
5970.353,28.278557,1.0830073,14.029533,SDSS-SDSS,SDSS,619,52056,437,697052198474901504,26,binning 1   1,DR18
5971.7266,28.324726,1.082674,13.954154,SDSS-SDSS,SDSS,619,52056,437,697052198474901504,26,binning 1   1,DR18
5973.1035,26.925335,1.0307329,14.106706,SDSS-SDSS,SDSS,619,52056,437,697052198474901504,26,binning 1   1,DR18
5974.478,30.17511,1.0882727,14.250297,SDSS-SDSS,SDSS,619,52056,437,697052198474901504,26,binning 1   1,DR18
5975.8555,29.097198,1.0777478,15.392174,SDSS-SDSS,SDSS,619,52056,437,697052198474901504,26,binning 1   1,DR18
5977.2305,28.49039,1.0828992,15.161449,SDSS-SDSS,SDSS,619,52056,437,697052198474901504,26,binning 1   1,DR18
5978.6055,27.605425,1.0772616,14.599783,SDSS-SDSS,SDSS,619,52056,437,697052198474901504,26,binning 1   1,DR18
5979.984,26.854818,1.1523873,14.900723,SDSS-SDSS,SDSS,619,52056,437,697052198474901504,26,binning 1   1,DR18
5981.36,27.575104,1.1451496,15.314638,SDSS-SDSS,SDSS,619,52056,437,697052198474901504,26,binning 1   1,DR18
5982.739,29.357515,1.0058985,16.180614,SDSS-SDSS,SDSS,619,52056,437,697052198474901504,26,binning 1   1,DR18
5984.115,29.7586,1.0143466,15.39115,SDSS-SDSS,SDSS,619,52056,437,697052198474901504,26,binning 1   1,DR18
5985.495,29.353415,1.04283,15.817878,SDSS-SDSS,SDSS,619,52056,437,697052198474901504,26,binning 1   1,DR18
5986.872,29.970573,1.0796632,16.62903,SDSS-SDSS,SDSS,619,52056,437,697052198474901504,26,binning 1   1,DR18
5988.2495,29.931536,1.0544223,16.424826,SDSS-SDSS,SDSS,619,52056,437,697052198474901504,26,binning 1   1,DR18
5989.6304,30.114693,1.0703136,16.063866,SDSS-SDSS,SDSS,619,52056,437,697052198474901504,26,binning 1   1,DR18
5991.0083,31.48529,1.1548984,15.949967,SDSS-SDSS,SDSS,619,52056,437,697052198474901504,26,binning 1   1,DR18
5992.3896,24.904087,1.2359502,15.6023035,SDSS-SDSS,SDSS,619,52056,437,697052198474901504,26,binning 1   1,DR18
5993.768,26.91143,1.1440978,15.968849,SDSS-SDSS,SDSS,619,52056,437,697052198474901504,26,binning 1   1,DR18
5995.1504,28.675362,1.1739322,15.807693,SDSS-SDSS,SDSS,619,52056,437,697052198474901504,26,binning 1   1,DR18
5996.53,29.048618,1.0541482,15.43021,SDSS-SDSS,SDSS,619,52056,437,697052198474901504,26,binning 1   1,DR18
5997.9126,30.584036,1.0617098,16.626549,SDSS-SDSS,SDSS,619,52056,437,697052198474901504,26,binning 1   1,DR18
5999.292,28.284422,1.2107676,15.917421,SDSS-SDSS,SDSS,619,52056,437,697052198474901504,26,binning 1   1,DR18
6000.6724,27.794691,1.1628126,16.31726,SDSS-SDSS,SDSS,619,52056,437,697052198474901504,26,binning 1   1,DR18
6002.056,28.893402,0.9971329,17.064758,SDSS-SDSS,SDSS,619,52056,437,697052198474901504,26,binning 1   1,DR18
6003.437,30.15064,1.0107722,16.93943,SDSS-SDSS,SDSS,619,52056,437,697052198474901504,26,binning 1   1,DR18
6004.8213,29.762493,1.0229362,16.829983,SDSS-SDSS,SDSS,619,52056,437,697052198474901504,26,binning 1   1,DR18
6006.2026,29.406006,1.0313531,18.253462,SDSS-SDSS,SDSS,619,52056,437,697052198474901504,26,binning 1   1,DR18
6007.5874,28.475636,1.0156196,18.419239,SDSS-SDSS,SDSS,619,52056,437,697052198474901504,26,binning 1   1,DR18
6008.9697,27.58648,1.0007956,19.337072,SDSS-SDSS,SDSS,619,52056,437,697052198474901504,26,binning 1   1,DR18
6010.352,30.151896,1.0226308,19.250341,SDSS-SDSS,SDSS,619,52056,437,697052198474901504,26,binning 1   1,DR18
6011.738,28.908598,1.030277,18.8131,SDSS-SDSS,SDSS,619,52056,437,697052198474901504,26,binning 1   1,DR18
6013.121,29.407845,1.0638418,19.234331,SDSS-SDSS,SDSS,619,52056,437,697052198474901504,26,binning 1   1,DR18
6014.508,28.32076,1.0602901,19.85197,SDSS-SDSS,SDSS,619,52056,437,697052198474901504,26,binning 1   1,DR18
6015.891,29.735071,1.0189928,19.304111,SDSS-SDSS,SDSS,619,52056,437,697052198474901504,26,binning 1   1,DR18
6017.2783,31.03742,1.0474992,20.509535,SDSS-SDSS,SDSS,619,52056,437,697052198474901504,26,binning 1   1,DR18
6018.6626,30.048317,1.0288693,21.042679,SDSS-SDSS,SDSS,619,52056,437,697052198474901504,26,binning 1   1,DR18
6020.0474,30.025969,1.0060148,20.861149,SDSS-SDSS,SDSS,619,52056,437,697052198474901504,26,binning 1   1,DR18
6021.4355,29.17444,1.0187403,21.12362,SDSS-SDSS,SDSS,619,52056,437,697052198474901504,26,binning 1   1,DR18
6022.821,29.092464,1.0036528,21.565891,SDSS-SDSS,SDSS,619,52056,437,697052198474901504,26,binning 1   1,DR18
6024.2095,29.852133,0.9981262,20.89236,SDSS-SDSS,SDSS,619,52056,437,697052198474901504,26,binning 1   1,DR18
6025.5957,29.601122,0.97662973,22.664917,SDSS-SDSS,SDSS,619,52056,437,697052198474901504,26,binning 1   1,DR18
6026.985,29.10179,1.0467381,22.788958,SDSS-SDSS,SDSS,619,52056,437,697052198474901504,26,binning 1   1,DR18
6028.3716,29.074028,1.0676064,21.779774,SDSS-SDSS,SDSS,619,52056,437,697052198474901504,26,binning 1   1,DR18
6029.7583,28.193853,0.99949837,22.356718,SDSS-SDSS,SDSS,619,52056,437,697052198474901504,26,binning 1   1,DR18
6031.149,30.318064,1.0136441,24.189611,SDSS-SDSS,SDSS,619,52056,437,697052198474901504,26,binning 1   1,DR18
6032.536,30.66705,0.9946255,22.988409,SDSS-SDSS,SDSS,619,52056,437,697052198474901504,26,binning 1   1,DR18
6033.9272,29.388231,0.9765763,23.014166,SDSS-SDSS,SDSS,619,52056,437,697052198474901504,26,binning 1   1,DR18
6035.3154,30.034233,0.975196,23.09485,SDSS-SDSS,SDSS,619,52056,437,697052198474901504,26,binning 1   1,DR18
6036.707,28.94541,0.9637623,23.34058,SDSS-SDSS,SDSS,619,52056,437,697052198474901504,26,binning 1   1,DR18
6038.0957,28.286283,0.9448387,23.309914,SDSS-SDSS,SDSS,619,52056,437,697052198474901504,26,binning 1   1,DR18
6039.485,28.694485,0.96121526,22.076391,SDSS-SDSS,SDSS,619,52056,437,697052198474901504,26,binning 1   1,DR18
6040.8774,29.526197,0.9605196,23.44462,SDSS-SDSS,SDSS,619,52056,437,697052198474901504,26,binning 1   1,DR18
6042.267,30.196903,0.97825605,24.016443,SDSS-SDSS,SDSS,619,52056,437,697052198474901504,26,binning 1   1,DR18
6043.6606,29.575836,0.97819054,23.263308,SDSS-SDSS,SDSS,619,52056,437,697052198474901504,26,binning 1   1,DR18
6045.051,28.57853,0.9720952,21.722271,SDSS-SDSS,SDSS,619,52056,437,697052198474901504,26,binning 1   1,DR18
6046.445,28.670238,1.092821,20.69188,SDSS-SDSS,SDSS,619,52056,437,697052198474901504,26,binning 1   1,DR18
6047.836,28.327394,1.0868828,20.886715,SDSS-SDSS,SDSS,619,52056,437,697052198474901504,26,binning 1   1,DR18
6049.227,27.692835,0.9810682,19.432096,SDSS-SDSS,SDSS,619,52056,437,697052198474901504,26,binning 1   1,DR18
6050.622,28.008379,1.1526213,17.873676,SDSS-SDSS,SDSS,619,52056,437,697052198474901504,26,binning 1   1,DR18
6052.014,28.652672,1.1560192,17.711037,SDSS-SDSS,SDSS,619,52056,437,697052198474901504,26,binning 1   1,DR18
6053.4097,30.800077,1.1608452,17.70248,SDSS-SDSS,SDSS,619,52056,437,697052198474901504,26,binning 1   1,DR18
6054.8022,27.707241,1.1021744,17.358511,SDSS-SDSS,SDSS,619,52056,437,697052198474901504,26,binning 1   1,DR18
6056.198,26.14135,1.0921924,18.589241,SDSS-SDSS,SDSS,619,52056,437,697052198474901504,26,binning 1   1,DR18
6057.592,27.387867,1.1153016,21.799067,SDSS-SDSS,SDSS,619,52056,437,697052198474901504,26,binning 1   1,DR18
6058.9854,28.179089,1.1413635,22.436052,SDSS-SDSS,SDSS,619,52056,437,697052198474901504,26,binning 1   1,DR18
6060.3823,27.89658,0.98832303,20.730972,SDSS-SDSS,SDSS,619,52056,437,697052198474901504,26,binning 1   1,DR18
6061.7764,27.751854,0.98038447,19.981625,SDSS-SDSS,SDSS,619,52056,437,697052198474901504,26,binning 1   1,DR18
6063.1743,28.549273,1.1359205,21.419909,SDSS-SDSS,SDSS,619,52056,437,697052198474901504,26,binning 1   1,DR18
6064.5693,29.591394,1.1178629,22.732958,SDSS-SDSS,SDSS,619,52056,437,697052198474901504,26,binning 1   1,DR18
6065.968,27.001741,1.1479055,22.683332,SDSS-SDSS,SDSS,619,52056,437,697052198474901504,26,binning 1   1,DR18
6067.3633,29.124063,1.3387474,22.689528,SDSS-SDSS,SDSS,619,52056,437,697052198474901504,26,binning 1   1,DR18
6068.759,30.548018,1.3078551,22.495625,SDSS-SDSS,SDSS,619,52056,437,697052198474901504,26,binning 1   1,DR18
6070.158,28.679794,1.2715247,22.618567,SDSS-SDSS,SDSS,619,52056,437,697052198474901504,26,binning 1   1,DR18
6071.5547,30.118912,0.9927604,23.405167,SDSS-SDSS,SDSS,619,52056,437,697052198474901504,26,binning 1   1,DR18
6072.955,28.567389,0.9793388,24.196999,SDSS-SDSS,SDSS,619,52056,437,697052198474901504,26,binning 1   1,DR18
6074.352,28.640009,0.9797459,24.256119,SDSS-SDSS,SDSS,619,52056,437,697052198474901504,26,binning 1   1,DR18
6075.753,28.39643,1.1626589,22.826168,SDSS-SDSS,SDSS,619,52056,437,697052198474901504,26,binning 1   1,DR18
6077.1504,27.272676,1.130073,22.731213,SDSS-SDSS,SDSS,619,52056,437,697052198474901504,26,binning 1   1,DR18
6078.5483,25.742977,1.1012497,23.376839,SDSS-SDSS,SDSS,619,52056,437,697052198474901504,26,binning 1   1,DR18
6079.95,25.582203,1.1164116,23.303562,SDSS-SDSS,SDSS,619,52056,437,697052198474901504,26,binning 1   1,DR18
6081.349,26.567661,1.158693,22.715405,SDSS-SDSS,SDSS,619,52056,437,697052198474901504,26,binning 1   1,DR18
6082.7515,25.596716,1.1450541,22.12506,SDSS-SDSS,SDSS,619,52056,437,697052198474901504,26,binning 1   1,DR18
6084.1504,25.018988,1.1026578,22.026075,SDSS-SDSS,SDSS,619,52056,437,697052198474901504,26,binning 1   1,DR18
6085.5537,25.555267,1.1017344,22.114931,SDSS-SDSS,SDSS,619,52056,437,697052198474901504,26,binning 1   1,DR18
6086.9536,26.923132,1.1261902,22.49272,SDSS-SDSS,SDSS,619,52056,437,697052198474901504,26,binning 1   1,DR18
6088.354,25.750616,1.1316909,22.783405,SDSS-SDSS,SDSS,619,52056,437,697052198474901504,26,binning 1   1,DR18
6089.758,25.89409,1.1275718,22.209993,SDSS-SDSS,SDSS,619,52056,437,697052198474901504,26,binning 1   1,DR18
6091.1587,28.07722,1.0949477,21.756617,SDSS-SDSS,SDSS,619,52056,437,697052198474901504,26,binning 1   1,DR18
6092.5635,27.451824,1.0891768,22.266106,SDSS-SDSS,SDSS,619,52056,437,697052198474901504,26,binning 1   1,DR18
6093.965,24.56987,1.0502664,22.908651,SDSS-SDSS,SDSS,619,52056,437,697052198474901504,26,binning 1   1,DR18
6095.37,25.77816,1.0556614,22.498407,SDSS-SDSS,SDSS,619,52056,437,697052198474901504,26,binning 1   1,DR18
6096.7725,26.09045,1.0506169,21.583393,SDSS-SDSS,SDSS,619,52056,437,697052198474901504,26,binning 1   1,DR18
6098.178,25.842232,1.1821486,21.513798,SDSS-SDSS,SDSS,619,52056,437,697052198474901504,26,binning 1   1,DR18
6099.581,25.962412,1.2092843,20.232477,SDSS-SDSS,SDSS,619,52056,437,697052198474901504,26,binning 1   1,DR18
6100.9844,24.657251,1.058872,20.602879,SDSS-SDSS,SDSS,619,52056,437,697052198474901504,26,binning 1   1,DR18
6102.391,24.773624,1.0730541,20.31112,SDSS-SDSS,SDSS,619,52056,437,697052198474901504,26,binning 1   1,DR18
6103.795,26.708424,1.0562391,20.024767,SDSS-SDSS,SDSS,619,52056,437,697052198474901504,26,binning 1   1,DR18
6105.2026,24.083284,1.0221395,20.240202,SDSS-SDSS,SDSS,619,52056,437,697052198474901504,26,binning 1   1,DR18
6106.607,24.718391,1.0140476,19.794794,SDSS-SDSS,SDSS,619,52056,437,697052198474901504,26,binning 1   1,DR18
6108.015,25.028645,1.159536,20.691486,SDSS-SDSS,SDSS,619,52056,437,697052198474901504,26,binning 1   1,DR18
6109.4204,26.307468,1.1629518,20.40154,SDSS-SDSS,SDSS,619,52056,437,697052198474901504,26,binning 1   1,DR18
6110.8257,25.035324,1.1561053,18.79673,SDSS-SDSS,SDSS,619,52056,437,697052198474901504,26,binning 1   1,DR18
6112.235,24.884155,1.0535656,18.251667,SDSS-SDSS,SDSS,619,52056,437,697052198474901504,26,binning 1   1,DR18
6113.641,25.464848,1.0545876,19.24253,SDSS-SDSS,SDSS,619,52056,437,697052198474901504,26,binning 1   1,DR18
6115.051,27.271868,1.1928687,19.546507,SDSS-SDSS,SDSS,619,52056,437,697052198474901504,26,binning 1   1,DR18
6116.4575,26.997473,1.1764132,19.558554,SDSS-SDSS,SDSS,619,52056,437,697052198474901504,26,binning 1   1,DR18
6117.868,24.894356,1.1834164,19.436728,SDSS-SDSS,SDSS,619,52056,437,697052198474901504,26,binning 1   1,DR18
6119.2754,25.71824,1.2116743,19.196144,SDSS-SDSS,SDSS,619,52056,437,697052198474901504,26,binning 1   1,DR18
6120.683,25.283318,1.2317991,18.76309,SDSS-SDSS,SDSS,619,52056,437,697052198474901504,26,binning 1   1,DR18
6122.0947,24.08879,1.051612,18.444458,SDSS-SDSS,SDSS,619,52056,437,697052198474901504,26,binning 1   1,DR18
6123.503,26.959835,1.0666158,18.60354,SDSS-SDSS,SDSS,619,52056,437,697052198474901504,26,binning 1   1,DR18
6124.915,26.315023,1.0612437,18.393373,SDSS-SDSS,SDSS,619,52056,437,697052198474901504,26,binning 1   1,DR18
6126.324,28.88532,1.1145561,18.39152,SDSS-SDSS,SDSS,619,52056,437,697052198474901504,26,binning 1   1,DR18
6127.737,26.064281,1.0978568,18.633663,SDSS-SDSS,SDSS,619,52056,437,697052198474901504,26,binning 1   1,DR18
6129.1465,25.687277,1.1056266,18.47178,SDSS-SDSS,SDSS,619,52056,437,697052198474901504,26,binning 1   1,DR18
6130.5566,27.401684,1.1072043,19.051636,SDSS-SDSS,SDSS,619,52056,437,697052198474901504,26,binning 1   1,DR18
6131.97,26.903973,1.1877203,21.227327,SDSS-SDSS,SDSS,619,52056,437,697052198474901504,26,binning 1   1,DR18
6133.381,26.897865,1.1868654,19.03019,SDSS-SDSS,SDSS,619,52056,437,697052198474901504,26,binning 1   1,DR18
6134.7954,24.50646,1.2052392,18.833439,SDSS-SDSS,SDSS,619,52056,437,697052198474901504,26,binning 1   1,DR18
6136.2065,25.335617,1.2065742,19.409544,SDSS-SDSS,SDSS,619,52056,437,697052198474901504,26,binning 1   1,DR18
6137.6216,26.041632,1.1957725,19.016802,SDSS-SDSS,SDSS,619,52056,437,697052198474901504,26,binning 1   1,DR18
6139.0337,25.319933,1.053154,17.791533,SDSS-SDSS,SDSS,619,52056,437,697052198474901504,26,binning 1   1,DR18
6140.446,25.150002,1.0637175,17.138918,SDSS-SDSS,SDSS,619,52056,437,697052198474901504,26,binning 1   1,DR18
6141.862,26.409826,1.2428453,17.564548,SDSS-SDSS,SDSS,619,52056,437,697052198474901504,26,binning 1   1,DR18
6143.275,26.553576,1.22466,16.99461,SDSS-SDSS,SDSS,619,52056,437,697052198474901504,26,binning 1   1,DR18
6144.6914,23.207888,1.2423836,16.581095,SDSS-SDSS,SDSS,619,52056,437,697052198474901504,26,binning 1   1,DR18
6146.105,26.259426,1.2879196,16.701277,SDSS-SDSS,SDSS,619,52056,437,697052198474901504,26,binning 1   1,DR18
6147.522,24.577759,1.3491838,16.919199,SDSS-SDSS,SDSS,619,52056,437,697052198474901504,26,binning 1   1,DR18
6148.9365,22.677319,1.340186,17.15453,SDSS-SDSS,SDSS,619,52056,437,697052198474901504,26,binning 1   1,DR18
6150.351,25.938467,1.2524623,18.031965,SDSS-SDSS,SDSS,619,52056,437,697052198474901504,26,binning 1   1,DR18
6151.769,23.971369,1.0403033,17.342628,SDSS-SDSS,SDSS,619,52056,437,697052198474901504,26,binning 1   1,DR18
6153.1846,21.334253,1.0936017,16.606428,SDSS-SDSS,SDSS,619,52056,437,697052198474901504,26,binning 1   1,DR18
6154.6035,24.534636,1.2097242,16.560297,SDSS-SDSS,SDSS,619,52056,437,697052198474901504,26,binning 1   1,DR18
6156.019,24.182974,1.1774513,16.27119,SDSS-SDSS,SDSS,619,52056,437,697052198474901504,26,binning 1   1,DR18
6157.439,22.303232,1.1127748,15.021123,SDSS-SDSS,SDSS,619,52056,437,697052198474901504,26,binning 1   1,DR18
6158.8555,21.131428,1.0815505,15.250272,SDSS-SDSS,SDSS,619,52056,437,697052198474901504,26,binning 1   1,DR18
6160.272,21.637709,1.1114398,15.384724,SDSS-SDSS,SDSS,619,52056,437,697052198474901504,26,binning 1   1,DR18
6161.693,22.506828,1.3188444,14.446221,SDSS-SDSS,SDSS,619,52056,437,697052198474901504,26,binning 1   1,DR18
6163.1104,20.239223,1.5238191,13.64884,SDSS-SDSS,SDSS,619,52056,437,697052198474901504,26,binning 1   1,DR18
6164.5312,20.095226,1.2791356,13.869721,SDSS-SDSS,SDSS,619,52056,437,697052198474901504,26,binning 1   1,DR18
6165.9497,19.713945,1.139973,13.760233,SDSS-SDSS,SDSS,619,52056,437,697052198474901504,26,binning 1   1,DR18
6167.371,19.219278,1.0563115,11.419671,SDSS-SDSS,SDSS,619,52056,437,697052198474901504,26,binning 1   1,DR18
6168.79,20.495255,1.0258197,11.596526,SDSS-SDSS,SDSS,619,52056,437,697052198474901504,26,binning 1   1,DR18
6170.2095,20.241741,1.0268911,11.59239,SDSS-SDSS,SDSS,619,52056,437,697052198474901504,26,binning 1   1,DR18
6171.6323,19.456202,1.0553782,10.672411,SDSS-SDSS,SDSS,619,52056,437,697052198474901504,26,binning 1   1,DR18
6173.052,19.065012,1.0660872,9.712535,SDSS-SDSS,SDSS,619,52056,437,697052198474901504,26,binning 1   1,DR18
6174.4756,21.026796,1.0963113,9.06095,SDSS-SDSS,SDSS,619,52056,437,697052198474901504,26,binning 1   1,DR18
6175.896,20.425076,1.1009946,8.970486,SDSS-SDSS,SDSS,619,52056,437,697052198474901504,26,binning 1   1,DR18
6177.32,20.107527,1.084024,11.443296,SDSS-SDSS,SDSS,619,52056,437,697052198474901504,26,binning 1   1,DR18
6178.741,20.276138,1.0490538,13.744709,SDSS-SDSS,SDSS,619,52056,437,697052198474901504,26,binning 1   1,DR18
6180.1626,20.15687,1.1429186,15.741549,SDSS-SDSS,SDSS,619,52056,437,697052198474901504,26,binning 1   1,DR18
6181.5874,22.556177,1.1774979,16.971403,SDSS-SDSS,SDSS,619,52056,437,697052198474901504,26,binning 1   1,DR18
6183.01,24.211086,1.4518844,16.256367,SDSS-SDSS,SDSS,619,52056,437,697052198474901504,26,binning 1   1,DR18
6184.4355,20.748867,1.1914078,17.705425,SDSS-SDSS,SDSS,619,52056,437,697052198474901504,26,binning 1   1,DR18
6185.858,19.499397,1.0997679,17.99034,SDSS-SDSS,SDSS,619,52056,437,697052198474901504,26,binning 1   1,DR18
6187.2847,19.53703,1.096646,17.80154,SDSS-SDSS,SDSS,619,52056,437,697052198474901504,26,binning 1   1,DR18
6188.708,20.588593,1.0413932,17.398687,SDSS-SDSS,SDSS,619,52056,437,697052198474901504,26,binning 1   1,DR18
6190.132,18.95873,0.9797968,16.8826,SDSS-SDSS,SDSS,619,52056,437,697052198474901504,26,binning 1   1,DR18
6191.559,19.211943,0.97915775,16.375824,SDSS-SDSS,SDSS,619,52056,437,697052198474901504,26,binning 1   1,DR18
6192.9834,21.460247,1.0108025,14.5634365,SDSS-SDSS,SDSS,619,52056,437,697052198474901504,26,binning 1   1,DR18
6194.4116,18.882013,0.9899037,15.488849,SDSS-SDSS,SDSS,619,52056,437,697052198474901504,26,binning 1   1,DR18
6195.8364,17.991463,0.9840942,15.046861,SDSS-SDSS,SDSS,619,52056,437,697052198474901504,26,binning 1   1,DR18
6197.265,18.456093,1.0033923,13.496503,SDSS-SDSS,SDSS,619,52056,437,697052198474901504,26,binning 1   1,DR18
6198.691,19.257004,0.98876196,13.238239,SDSS-SDSS,SDSS,619,52056,437,697052198474901504,26,binning 1   1,DR18
6200.117,17.89458,0.9963391,14.46101,SDSS-SDSS,SDSS,619,52056,437,697052198474901504,26,binning 1   1,DR18
6201.547,19.283428,1.0238756,15.073112,SDSS-SDSS,SDSS,619,52056,437,697052198474901504,26,binning 1   1,DR18
6202.973,23.374733,1.0569663,15.486655,SDSS-SDSS,SDSS,619,52056,437,697052198474901504,26,binning 1   1,DR18
6204.404,22.44878,0.8610642,15.472043,SDSS-SDSS,SDSS,619,52056,437,697052198474901504,26,binning 1   1,DR18
6205.831,21.398165,1.0289855,15.516413,SDSS-SDSS,SDSS,619,52056,437,697052198474901504,26,binning 1   1,DR18
6207.262,19.979456,0.9859803,15.315981,SDSS-SDSS,SDSS,619,52056,437,697052198474901504,26,binning 1   1,DR18
6208.69,19.159182,0.981935,14.065623,SDSS-SDSS,SDSS,619,52056,437,697052198474901504,26,binning 1   1,DR18
6210.1216,18.99794,1.0331466,13.833629,SDSS-SDSS,SDSS,619,52056,437,697052198474901504,26,binning 1   1,DR18
6211.5503,20.109365,1.1734833,13.687197,SDSS-SDSS,SDSS,619,52056,437,697052198474901504,26,binning 1   1,DR18
6212.9795,21.036549,1.2049223,13.812483,SDSS-SDSS,SDSS,619,52056,437,697052198474901504,26,binning 1   1,DR18
6214.412,18.520346,0.9730532,13.607024,SDSS-SDSS,SDSS,619,52056,437,697052198474901504,26,binning 1   1,DR18
6215.842,18.67945,0.93442166,13.507849,SDSS-SDSS,SDSS,619,52056,437,697052198474901504,26,binning 1   1,DR18
6217.275,18.57764,0.9118296,14.436847,SDSS-SDSS,SDSS,619,52056,437,697052198474901504,26,binning 1   1,DR18
6218.7056,17.921412,0.9290223,13.426376,SDSS-SDSS,SDSS,619,52056,437,697052198474901504,26,binning 1   1,DR18
6220.139,18.710308,1.0759567,12.997141,SDSS-SDSS,SDSS,619,52056,437,697052198474901504,26,binning 1   1,DR18
6221.5703,18.999018,1.0915276,13.1904545,SDSS-SDSS,SDSS,619,52056,437,697052198474901504,26,binning 1   1,DR18
6223.0015,18.148092,0.97500175,12.360536,SDSS-SDSS,SDSS,619,52056,437,697052198474901504,26,binning 1   1,DR18
6224.4365,19.154142,0.9939089,11.082508,SDSS-SDSS,SDSS,619,52056,437,697052198474901504,26,binning 1   1,DR18
6225.8687,20.153366,0.9692444,11.527911,SDSS-SDSS,SDSS,619,52056,437,697052198474901504,26,binning 1   1,DR18
6227.304,18.917294,0.92017287,10.669646,SDSS-SDSS,SDSS,619,52056,437,697052198474901504,26,binning 1   1,DR18
6228.737,20.392326,1.0611007,8.735293,SDSS-SDSS,SDSS,619,52056,437,697052198474901504,26,binning 1   1,DR18
6230.173,22.222961,1.1294807,5.178125,SDSS-SDSS,SDSS,619,52056,437,697052198474901504,26,binning 1   1,DR18
6231.6064,17.9053,1.0623918,1.9796064,SDSS-SDSS,SDSS,619,52056,437,697052198474901504,26,binning 1   1,DR18
6233.04,19.653952,1.0843729,0.023476006,SDSS-SDSS,SDSS,619,52056,437,697052198474901504,26,binning 1   1,DR18
6234.477,18.903736,1.2086469,-2.593801,SDSS-SDSS,SDSS,619,52056,437,697052198474901504,26,binning 1   1,DR18
6235.9116,18.06886,1.423246,-5.514852,SDSS-SDSS,SDSS,619,52056,437,697052198474901504,26,binning 1   1,DR18
6237.3496,25.45335,1.0684121,-1.9657388,SDSS-SDSS,SDSS,619,52056,437,697052198474901504,26,binning 1   1,DR18
6238.784,18.585499,1.22717,6.328812,SDSS-SDSS,SDSS,619,52056,437,697052198474901504,26,binning 1   1,DR18
6240.223,16.020819,1.1387146,16.110126,SDSS-SDSS,SDSS,619,52056,437,697052198474901504,26,binning 1   1,DR18
6241.6587,17.65296,0.9743387,22.39693,SDSS-SDSS,SDSS,619,52056,437,697052198474901504,26,binning 1   1,DR18
6243.094,18.503197,0.9791504,21.906796,SDSS-SDSS,SDSS,619,52056,437,697052198474901504,26,binning 1   1,DR18
6244.534,17.995813,0.94923115,23.19001,SDSS-SDSS,SDSS,619,52056,437,697052198474901504,26,binning 1   1,DR18
6245.9707,17.155863,0.9154155,23.626966,SDSS-SDSS,SDSS,619,52056,437,697052198474901504,26,binning 1   1,DR18
6247.411,18.023285,0.9134706,21.871964,SDSS-SDSS,SDSS,619,52056,437,697052198474901504,26,binning 1   1,DR18
6248.848,20.307455,1.0815015,19.506386,SDSS-SDSS,SDSS,619,52056,437,697052198474901504,26,binning 1   1,DR18
6250.289,21.80807,0.8768334,18.29304,SDSS-SDSS,SDSS,619,52056,437,697052198474901504,26,binning 1   1,DR18
6251.727,18.177,0.88841355,18.006039,SDSS-SDSS,SDSS,619,52056,437,697052198474901504,26,binning 1   1,DR18
6253.165,19.503572,1.0687776,16.787043,SDSS-SDSS,SDSS,619,52056,437,697052198474901504,26,binning 1   1,DR18
6254.607,19.110405,1.1438798,16.244066,SDSS-SDSS,SDSS,619,52056,437,697052198474901504,26,binning 1   1,DR18
6256.046,17.310501,1.1480615,16.27782,SDSS-SDSS,SDSS,619,52056,437,697052198474901504,26,binning 1   1,DR18
6257.489,21.551113,0.97338593,15.219833,SDSS-SDSS,SDSS,619,52056,437,697052198474901504,26,binning 1   1,DR18
6258.928,19.379702,1.2756044,13.81176,SDSS-SDSS,SDSS,619,52056,437,697052198474901504,26,binning 1   1,DR18
6260.3716,17.760637,1.2449932,14.557536,SDSS-SDSS,SDSS,619,52056,437,697052198474901504,26,binning 1   1,DR18
6261.8115,19.952003,0.8146534,14.404217,SDSS-SDSS,SDSS,619,52056,437,697052198474901504,26,binning 1   1,DR18
6263.252,20.071,0.766323,14.397752,SDSS-SDSS,SDSS,619,52056,437,697052198474901504,26,binning 1   1,DR18
6264.6963,19.869795,0.76256806,14.138602,SDSS-SDSS,SDSS,619,52056,437,697052198474901504,26,binning 1   1,DR18
6266.1377,20.4881,0.78999877,13.246671,SDSS-SDSS,SDSS,619,52056,437,697052198474901504,26,binning 1   1,DR18
6267.5825,20.512402,0.8373391,13.026755,SDSS-SDSS,SDSS,619,52056,437,697052198474901504,26,binning 1   1,DR18
6269.0244,20.946749,0.802908,14.540419,SDSS-SDSS,SDSS,619,52056,437,697052198474901504,26,binning 1   1,DR18
6270.47,20.971436,0.7981207,13.6577,SDSS-SDSS,SDSS,619,52056,437,697052198474901504,26,binning 1   1,DR18
6271.9126,19.17787,0.95101625,14.268214,SDSS-SDSS,SDSS,619,52056,437,697052198474901504,26,binning 1   1,DR18
6273.3555,19.237242,0.8203931,15.116987,SDSS-SDSS,SDSS,619,52056,437,697052198474901504,26,binning 1   1,DR18
6274.8022,18.363134,0.8432511,14.67413,SDSS-SDSS,SDSS,619,52056,437,697052198474901504,26,binning 1   1,DR18
6276.2456,16.617186,0.8554551,13.97065,SDSS-SDSS,SDSS,619,52056,437,697052198474901504,26,binning 1   1,DR18
6277.693,17.9165,1.0406604,14.854639,SDSS-SDSS,SDSS,619,52056,437,697052198474901504,26,binning 1   1,DR18
6279.137,20.670511,0.81803995,14.462129,SDSS-SDSS,SDSS,619,52056,437,697052198474901504,26,binning 1   1,DR18
6280.585,20.017025,0.71723366,14.183356,SDSS-SDSS,SDSS,619,52056,437,697052198474901504,26,binning 1   1,DR18
6282.03,20.77263,0.79138947,14.210228,SDSS-SDSS,SDSS,619,52056,437,697052198474901504,26,binning 1   1,DR18
6283.475,20.20255,0.77729255,13.824111,SDSS-SDSS,SDSS,619,52056,437,697052198474901504,26,binning 1   1,DR18
6284.924,19.240326,0.7795228,12.988367,SDSS-SDSS,SDSS,619,52056,437,697052198474901504,26,binning 1   1,DR18
6286.3696,19.34896,0.7151374,12.879121,SDSS-SDSS,SDSS,619,52056,437,697052198474901504,26,binning 1   1,DR18
6287.8193,20.75289,0.85546327,14.08771,SDSS-SDSS,SDSS,619,52056,437,697052198474901504,26,binning 1   1,DR18
6289.266,18.193008,1.2071517,13.832722,SDSS-SDSS,SDSS,619,52056,437,697052198474901504,26,binning 1   1,DR18
6290.7163,16.622019,0.9748917,13.442406,SDSS-SDSS,SDSS,619,52056,437,697052198474901504,26,binning 1   1,DR18
6292.1636,20.041985,1.1450243,13.459834,SDSS-SDSS,SDSS,619,52056,437,697052198474901504,26,binning 1   1,DR18
6293.611,20.19282,0.7959504,13.32922,SDSS-SDSS,SDSS,619,52056,437,697052198474901504,26,binning 1   1,DR18
6295.062,18.6291,0.67701936,12.966301,SDSS-SDSS,SDSS,619,52056,437,697052198474901504,26,binning 1   1,DR18
6296.5103,19.868584,0.6953044,13.816984,SDSS-SDSS,SDSS,619,52056,437,697052198474901504,26,binning 1   1,DR18
6297.9624,19.232111,0.7604941,13.572831,SDSS-SDSS,SDSS,619,52056,437,697052198474901504,26,binning 1   1,DR18
6299.411,22.042713,0.95831925,12.738623,SDSS-SDSS,SDSS,619,52056,437,697052198474901504,26,binning 1   1,DR18
6300.864,22.248734,1.2273628,12.455028,SDSS-SDSS,SDSS,619,52056,437,697052198474901504,26,binning 1   1,DR18
6302.3135,14.378551,1.4850229,12.672822,SDSS-SDSS,SDSS,619,52056,437,697052198474901504,26,binning 1   1,DR18
6303.763,19.780813,1.2943767,12.569707,SDSS-SDSS,SDSS,619,52056,437,697052198474901504,26,binning 1   1,DR18
6305.217,21.112617,0.87978286,13.168914,SDSS-SDSS,SDSS,619,52056,437,697052198474901504,26,binning 1   1,DR18
6306.6675,19.856394,0.9565145,13.881622,SDSS-SDSS,SDSS,619,52056,437,697052198474901504,26,binning 1   1,DR18
6308.1216,17.632084,0.96153045,13.910249,SDSS-SDSS,SDSS,619,52056,437,697052198474901504,26,binning 1   1,DR18
6309.5728,19.435322,0.7795245,14.046878,SDSS-SDSS,SDSS,619,52056,437,697052198474901504,26,binning 1   1,DR18
6311.028,20.101522,0.72496074,14.010137,SDSS-SDSS,SDSS,619,52056,437,697052198474901504,26,binning 1   1,DR18
6312.4795,21.036556,0.7714416,12.654891,SDSS-SDSS,SDSS,619,52056,437,697052198474901504,26,binning 1   1,DR18
6313.9316,20.267336,0.7399739,12.929215,SDSS-SDSS,SDSS,619,52056,437,697052198474901504,26,binning 1   1,DR18
6315.3877,18.50639,0.6569089,13.41484,SDSS-SDSS,SDSS,619,52056,437,697052198474901504,26,binning 1   1,DR18
6316.8403,20.055805,0.66994095,13.2789955,SDSS-SDSS,SDSS,619,52056,437,697052198474901504,26,binning 1   1,DR18
6318.2974,19.58546,0.67193794,12.928118,SDSS-SDSS,SDSS,619,52056,437,697052198474901504,26,binning 1   1,DR18
6319.751,19.440327,0.67522895,12.9685545,SDSS-SDSS,SDSS,619,52056,437,697052198474901504,26,binning 1   1,DR18
6321.208,19.363903,0.6832324,13.343003,SDSS-SDSS,SDSS,619,52056,437,697052198474901504,26,binning 1   1,DR18
6322.662,19.048372,0.7084211,13.372568,SDSS-SDSS,SDSS,619,52056,437,697052198474901504,26,binning 1   1,DR18
6324.12,20.080507,0.70538163,13.715189,SDSS-SDSS,SDSS,619,52056,437,697052198474901504,26,binning 1   1,DR18
6325.575,19.538347,0.6803453,13.980144,SDSS-SDSS,SDSS,619,52056,437,697052198474901504,26,binning 1   1,DR18
6327.0303,18.52137,0.666385,13.849547,SDSS-SDSS,SDSS,619,52056,437,697052198474901504,26,binning 1   1,DR18
6328.4893,19.58159,0.71405315,13.651604,SDSS-SDSS,SDSS,619,52056,437,697052198474901504,26,binning 1   1,DR18
6329.9453,20.024769,0.8121894,13.820414,SDSS-SDSS,SDSS,619,52056,437,697052198474901504,26,binning 1   1,DR18
6331.405,18.746365,0.8216137,13.497395,SDSS-SDSS,SDSS,619,52056,437,697052198474901504,26,binning 1   1,DR18
6332.8613,18.678589,0.8086041,13.382575,SDSS-SDSS,SDSS,619,52056,437,697052198474901504,26,binning 1   1,DR18
6334.322,18.629688,0.7413766,13.809074,SDSS-SDSS,SDSS,619,52056,437,697052198474901504,26,binning 1   1,DR18
6335.779,18.86664,0.69651127,14.251892,SDSS-SDSS,SDSS,619,52056,437,697052198474901504,26,binning 1   1,DR18
6337.2363,20.013376,0.68035144,14.082835,SDSS-SDSS,SDSS,619,52056,437,697052198474901504,26,binning 1   1,DR18
6338.6978,21.075184,0.68843496,13.275106,SDSS-SDSS,SDSS,619,52056,437,697052198474901504,26,binning 1   1,DR18
6340.156,20.593248,0.68022084,12.6834135,SDSS-SDSS,SDSS,619,52056,437,697052198474901504,26,binning 1   1,DR18
6341.618,20.011593,0.68266726,13.47283,SDSS-SDSS,SDSS,619,52056,437,697052198474901504,26,binning 1   1,DR18
6343.0767,20.407398,0.7071144,13.380119,SDSS-SDSS,SDSS,619,52056,437,697052198474901504,26,binning 1   1,DR18
6344.5396,19.699093,0.7154699,13.194116,SDSS-SDSS,SDSS,619,52056,437,697052198474901504,26,binning 1   1,DR18
6345.999,21.055582,0.72917706,13.845042,SDSS-SDSS,SDSS,619,52056,437,697052198474901504,26,binning 1   1,DR18
6347.459,19.161139,0.70881677,14.153771,SDSS-SDSS,SDSS,619,52056,437,697052198474901504,26,binning 1   1,DR18
6348.923,20.27165,0.7253575,13.919241,SDSS-SDSS,SDSS,619,52056,437,697052198474901504,26,binning 1   1,DR18
6350.3833,19.644966,0.7248587,14.766212,SDSS-SDSS,SDSS,619,52056,437,697052198474901504,26,binning 1   1,DR18
6351.8477,19.640263,0.71468467,14.494318,SDSS-SDSS,SDSS,619,52056,437,697052198474901504,26,binning 1   1,DR18
6353.309,18.663774,0.68480444,14.038593,SDSS-SDSS,SDSS,619,52056,437,697052198474901504,26,binning 1   1,DR18
6354.774,17.644108,0.6794954,14.158948,SDSS-SDSS,SDSS,619,52056,437,697052198474901504,26,binning 1   1,DR18
6356.236,19.226015,0.738635,13.674053,SDSS-SDSS,SDSS,619,52056,437,697052198474901504,26,binning 1   1,DR18
6357.698,19.644897,0.78495216,13.888978,SDSS-SDSS,SDSS,619,52056,437,697052198474901504,26,binning 1   1,DR18
6359.164,18.645094,0.76290584,13.916759,SDSS-SDSS,SDSS,619,52056,437,697052198474901504,26,binning 1   1,DR18
6360.627,18.741709,0.7318438,13.497227,SDSS-SDSS,SDSS,619,52056,437,697052198474901504,26,binning 1   1,DR18
6362.0938,18.645885,0.7543417,13.71795,SDSS-SDSS,SDSS,619,52056,437,697052198474901504,26,binning 1   1,DR18
6363.5576,18.600029,0.86312276,14.569984,SDSS-SDSS,SDSS,619,52056,437,697052198474901504,26,binning 1   1,DR18
6365.025,18.469011,0.96401113,14.537257,SDSS-SDSS,SDSS,619,52056,437,697052198474901504,26,binning 1   1,DR18
6366.4893,17.473341,0.9352803,14.070891,SDSS-SDSS,SDSS,619,52056,437,697052198474901504,26,binning 1   1,DR18
6367.9536,18.208462,0.7884781,13.381795,SDSS-SDSS,SDSS,619,52056,437,697052198474901504,26,binning 1   1,DR18
6369.4224,18.71242,0.7035285,13.505468,SDSS-SDSS,SDSS,619,52056,437,697052198474901504,26,binning 1   1,DR18
6370.8877,17.08136,0.6680817,13.556812,SDSS-SDSS,SDSS,619,52056,437,697052198474901504,26,binning 1   1,DR18
6372.3564,18.888468,0.6685902,13.217183,SDSS-SDSS,SDSS,619,52056,437,697052198474901504,26,binning 1   1,DR18
6373.8228,17.787205,0.6555761,13.505995,SDSS-SDSS,SDSS,619,52056,437,697052198474901504,26,binning 1   1,DR18
6375.2925,17.751438,0.6504598,13.32475,SDSS-SDSS,SDSS,619,52056,437,697052198474901504,26,binning 1   1,DR18
6376.759,18.212988,0.6637093,13.286464,SDSS-SDSS,SDSS,619,52056,437,697052198474901504,26,binning 1   1,DR18
6378.226,17.647955,0.6733585,13.282209,SDSS-SDSS,SDSS,619,52056,437,697052198474901504,26,binning 1   1,DR18
6379.697,17.825438,0.68685895,13.710876,SDSS-SDSS,SDSS,619,52056,437,697052198474901504,26,binning 1   1,DR18
6381.1646,18.100574,0.69627815,14.621933,SDSS-SDSS,SDSS,619,52056,437,697052198474901504,26,binning 1   1,DR18
6382.6357,17.578108,0.6727764,15.101242,SDSS-SDSS,SDSS,619,52056,437,697052198474901504,26,binning 1   1,DR18
6384.104,16.959612,0.6452924,14.480011,SDSS-SDSS,SDSS,619,52056,437,697052198474901504,26,binning 1   1,DR18
6385.576,16.884443,0.64864445,14.459162,SDSS-SDSS,SDSS,619,52056,437,697052198474901504,26,binning 1   1,DR18
6387.0454,16.376926,0.68373615,14.188928,SDSS-SDSS,SDSS,619,52056,437,697052198474901504,26,binning 1   1,DR18
6388.5146,17.643614,0.6933919,14.073418,SDSS-SDSS,SDSS,619,52056,437,697052198474901504,26,binning 1   1,DR18
6389.988,18.49672,0.6854612,14.236485,SDSS-SDSS,SDSS,619,52056,437,697052198474901504,26,binning 1   1,DR18
6391.458,17.024317,0.6467829,14.040797,SDSS-SDSS,SDSS,619,52056,437,697052198474901504,26,binning 1   1,DR18
6392.9316,17.423666,0.64712286,14.896034,SDSS-SDSS,SDSS,619,52056,437,697052198474901504,26,binning 1   1,DR18
6394.4023,16.80138,0.6427505,14.881316,SDSS-SDSS,SDSS,619,52056,437,697052198474901504,26,binning 1   1,DR18
6395.877,17.10062,0.6319712,14.328598,SDSS-SDSS,SDSS,619,52056,437,697052198474901504,26,binning 1   1,DR18
6397.348,17.871363,0.642108,14.270003,SDSS-SDSS,SDSS,619,52056,437,697052198474901504,26,binning 1   1,DR18
6398.82,17.442522,0.6318681,14.091517,SDSS-SDSS,SDSS,619,52056,437,697052198474901504,26,binning 1   1,DR18
6400.2954,17.476906,0.6357444,12.935782,SDSS-SDSS,SDSS,619,52056,437,697052198474901504,26,binning 1   1,DR18
6401.768,16.1513,0.6369696,14.602758,SDSS-SDSS,SDSS,619,52056,437,697052198474901504,26,binning 1   1,DR18
6403.244,18.125883,0.6548734,14.768705,SDSS-SDSS,SDSS,619,52056,437,697052198474901504,26,binning 1   1,DR18
6404.7173,16.99617,0.6478725,14.479861,SDSS-SDSS,SDSS,619,52056,437,697052198474901504,26,binning 1   1,DR18
6406.1943,18.29609,0.64445,14.133638,SDSS-SDSS,SDSS,619,52056,437,697052198474901504,26,binning 1   1,DR18
6407.668,18.019405,0.6409276,13.949959,SDSS-SDSS,SDSS,619,52056,437,697052198474901504,26,binning 1   1,DR18
6409.142,18.176815,0.6522252,14.650972,SDSS-SDSS,SDSS,619,52056,437,697052198474901504,26,binning 1   1,DR18
6410.6196,18.122955,0.67198384,15.100688,SDSS-SDSS,SDSS,619,52056,437,697052198474901504,26,binning 1   1,DR18
6412.0947,19.038788,0.75218594,15.048922,SDSS-SDSS,SDSS,619,52056,437,697052198474901504,26,binning 1   1,DR18
6413.573,17.79345,0.7432099,14.502702,SDSS-SDSS,SDSS,619,52056,437,697052198474901504,26,binning 1   1,DR18
6415.049,16.710884,0.64237356,13.8964,SDSS-SDSS,SDSS,619,52056,437,697052198474901504,26,binning 1   1,DR18
6416.528,17.713194,0.6498234,14.151739,SDSS-SDSS,SDSS,619,52056,437,697052198474901504,26,binning 1   1,DR18
6418.004,17.026453,0.66038233,15.221312,SDSS-SDSS,SDSS,619,52056,437,697052198474901504,26,binning 1   1,DR18
6419.4805,16.481958,0.65098643,14.015234,SDSS-SDSS,SDSS,619,52056,437,697052198474901504,26,binning 1   1,DR18
6420.961,16.298367,0.6277839,14.376843,SDSS-SDSS,SDSS,619,52056,437,697052198474901504,26,binning 1   1,DR18
6422.438,16.204384,0.6337644,14.793566,SDSS-SDSS,SDSS,619,52056,437,697052198474901504,26,binning 1   1,DR18
6423.919,16.684177,0.64468366,14.360464,SDSS-SDSS,SDSS,619,52056,437,697052198474901504,26,binning 1   1,DR18
6425.397,16.2728,0.6486817,13.350906,SDSS-SDSS,SDSS,619,52056,437,697052198474901504,26,binning 1   1,DR18
6426.8784,16.752352,0.6564929,12.617897,SDSS-SDSS,SDSS,619,52056,437,697052198474901504,26,binning 1   1,DR18
6428.357,16.863255,0.6485348,13.526167,SDSS-SDSS,SDSS,619,52056,437,697052198474901504,26,binning 1   1,DR18
6429.836,17.792141,0.63580227,13.316428,SDSS-SDSS,SDSS,619,52056,437,697052198474901504,26,binning 1   1,DR18
6431.3184,16.286419,0.6105486,13.332458,SDSS-SDSS,SDSS,619,52056,437,697052198474901504,26,binning 1   1,DR18
6432.798,16.78474,0.61151934,14.382068,SDSS-SDSS,SDSS,619,52056,437,697052198474901504,26,binning 1   1,DR18
6434.2812,17.108126,0.62483376,15.469772,SDSS-SDSS,SDSS,619,52056,437,697052198474901504,26,binning 1   1,DR18
6435.7617,17.464811,0.63191086,15.625922,SDSS-SDSS,SDSS,619,52056,437,697052198474901504,26,binning 1   1,DR18
6437.2456,17.987516,0.6267555,17.072414,SDSS-SDSS,SDSS,619,52056,437,697052198474901504,26,binning 1   1,DR18
6438.7266,16.140554,0.6014475,16.739885,SDSS-SDSS,SDSS,619,52056,437,697052198474901504,26,binning 1   1,DR18
6440.2114,15.750143,0.59451056,16.635492,SDSS-SDSS,SDSS,619,52056,437,697052198474901504,26,binning 1   1,DR18
6441.693,16.851755,0.61787695,17.109419,SDSS-SDSS,SDSS,619,52056,437,697052198474901504,26,binning 1   1,DR18
6443.175,16.92683,0.64529634,16.793365,SDSS-SDSS,SDSS,619,52056,437,697052198474901504,26,binning 1   1,DR18
6444.6606,17.057339,0.6507489,15.237,SDSS-SDSS,SDSS,619,52056,437,697052198474901504,26,binning 1   1,DR18
6446.143,16.82071,0.64408547,14.964674,SDSS-SDSS,SDSS,619,52056,437,697052198474901504,26,binning 1   1,DR18
6447.6294,16.843092,0.62093353,14.113525,SDSS-SDSS,SDSS,619,52056,437,697052198474901504,26,binning 1   1,DR18
6449.113,16.370527,0.6104491,14.046649,SDSS-SDSS,SDSS,619,52056,437,697052198474901504,26,binning 1   1,DR18
6450.6,16.484735,0.60998464,14.4681425,SDSS-SDSS,SDSS,619,52056,437,697052198474901504,26,binning 1   1,DR18
6452.084,17.018602,0.6249324,14.563741,SDSS-SDSS,SDSS,619,52056,437,697052198474901504,26,binning 1   1,DR18
6453.5684,16.775566,0.64497834,14.879459,SDSS-SDSS,SDSS,619,52056,437,697052198474901504,26,binning 1   1,DR18
6455.0566,15.758076,0.6719907,16.428694,SDSS-SDSS,SDSS,619,52056,437,697052198474901504,26,binning 1   1,DR18
6456.5415,16.68639,0.6628236,15.800116,SDSS-SDSS,SDSS,619,52056,437,697052198474901504,26,binning 1   1,DR18
6458.0303,16.631838,0.63593245,15.91833,SDSS-SDSS,SDSS,619,52056,437,697052198474901504,26,binning 1   1,DR18
6459.516,16.399704,0.628849,16.004255,SDSS-SDSS,SDSS,619,52056,437,697052198474901504,26,binning 1   1,DR18
6461.0054,16.561083,0.6328376,15.018477,SDSS-SDSS,SDSS,619,52056,437,697052198474901504,26,binning 1   1,DR18
6462.4917,16.30882,0.63328594,14.5237465,SDSS-SDSS,SDSS,619,52056,437,697052198474901504,26,binning 1   1,DR18
6463.9785,16.853165,0.6432623,14.424226,SDSS-SDSS,SDSS,619,52056,437,697052198474901504,26,binning 1   1,DR18
6465.469,16.74615,0.68050736,14.597245,SDSS-SDSS,SDSS,619,52056,437,697052198474901504,26,binning 1   1,DR18
6466.9565,16.223978,0.70845735,14.610691,SDSS-SDSS,SDSS,619,52056,437,697052198474901504,26,binning 1   1,DR18
6468.4478,15.924012,0.67683136,14.228729,SDSS-SDSS,SDSS,619,52056,437,697052198474901504,26,binning 1   1,DR18
6469.936,17.099064,0.6687292,14.105734,SDSS-SDSS,SDSS,619,52056,437,697052198474901504,26,binning 1   1,DR18
6471.4277,17.878279,0.6883708,14.739468,SDSS-SDSS,SDSS,619,52056,437,697052198474901504,26,binning 1   1,DR18
6472.9165,16.56732,0.71283585,13.726815,SDSS-SDSS,SDSS,619,52056,437,697052198474901504,26,binning 1   1,DR18
6474.406,16.50767,0.7002244,12.564652,SDSS-SDSS,SDSS,619,52056,437,697052198474901504,26,binning 1   1,DR18
6475.8984,16.806772,0.6713528,12.275655,SDSS-SDSS,SDSS,619,52056,437,697052198474901504,26,binning 1   1,DR18
6477.388,16.185596,0.6630837,12.483456,SDSS-SDSS,SDSS,619,52056,437,697052198474901504,26,binning 1   1,DR18
6478.882,16.901028,0.67355317,12.735251,SDSS-SDSS,SDSS,619,52056,437,697052198474901504,26,binning 1   1,DR18
6480.3726,16.929646,0.66559297,13.123868,SDSS-SDSS,SDSS,619,52056,437,697052198474901504,26,binning 1   1,DR18
6481.8667,15.925553,0.6323763,13.486751,SDSS-SDSS,SDSS,619,52056,437,697052198474901504,26,binning 1   1,DR18
6483.358,15.795768,0.60907614,14.707285,SDSS-SDSS,SDSS,619,52056,437,697052198474901504,26,binning 1   1,DR18
6484.8496,16.106405,0.60453486,15.6518955,SDSS-SDSS,SDSS,619,52056,437,697052198474901504,26,binning 1   1,DR18
6486.3447,15.051385,0.5923616,15.511715,SDSS-SDSS,SDSS,619,52056,437,697052198474901504,26,binning 1   1,DR18
6487.837,15.659542,0.59571034,15.012955,SDSS-SDSS,SDSS,619,52056,437,697052198474901504,26,binning 1   1,DR18
6489.333,14.659237,0.5818358,15.326975,SDSS-SDSS,SDSS,619,52056,437,697052198474901504,26,binning 1   1,DR18
6490.826,14.870508,0.5904151,14.928021,SDSS-SDSS,SDSS,619,52056,437,697052198474901504,26,binning 1   1,DR18
6492.3228,15.529641,0.6050492,14.922177,SDSS-SDSS,SDSS,619,52056,437,697052198474901504,26,binning 1   1,DR18
6493.8164,15.251259,0.6060102,14.256039,SDSS-SDSS,SDSS,619,52056,437,697052198474901504,26,binning 1   1,DR18
6495.31,15.633607,0.6169054,13.530044,SDSS-SDSS,SDSS,619,52056,437,697052198474901504,26,binning 1   1,DR18
6496.808,15.7737465,0.61815417,13.981819,SDSS-SDSS,SDSS,619,52056,437,697052198474901504,26,binning 1   1,DR18
6498.3027,15.968358,0.66059333,15.156665,SDSS-SDSS,SDSS,619,52056,437,697052198474901504,26,binning 1   1,DR18
6499.8013,15.688403,0.74107313,14.183055,SDSS-SDSS,SDSS,619,52056,437,697052198474901504,26,binning 1   1,DR18
6501.2964,15.506949,0.7414692,13.749421,SDSS-SDSS,SDSS,619,52056,437,697052198474901504,26,binning 1   1,DR18
6502.7954,16.65327,0.7026178,13.819909,SDSS-SDSS,SDSS,619,52056,437,697052198474901504,26,binning 1   1,DR18
6504.2915,16.414509,0.63998604,14.441689,SDSS-SDSS,SDSS,619,52056,437,697052198474901504,26,binning 1   1,DR18
6505.7876,16.5038,0.64887583,14.896332,SDSS-SDSS,SDSS,619,52056,437,697052198474901504,26,binning 1   1,DR18
6507.288,15.813794,0.6573317,14.459899,SDSS-SDSS,SDSS,619,52056,437,697052198474901504,26,binning 1   1,DR18
6508.785,17.43942,0.67494726,16.164131,SDSS-SDSS,SDSS,619,52056,437,697052198474901504,26,binning 1   1,DR18
6510.286,16.468044,0.66725963,16.280714,SDSS-SDSS,SDSS,619,52056,437,697052198474901504,26,binning 1   1,DR18
6511.7837,16.95047,0.64509505,15.056942,SDSS-SDSS,SDSS,619,52056,437,697052198474901504,26,binning 1   1,DR18
6513.285,15.345298,0.62193376,14.5071,SDSS-SDSS,SDSS,619,52056,437,697052198474901504,26,binning 1   1,DR18
6514.7837,16.273718,0.6224667,14.884759,SDSS-SDSS,SDSS,619,52056,437,697052198474901504,26,binning 1   1,DR18
6516.282,15.789358,0.6138637,14.706545,SDSS-SDSS,SDSS,619,52056,437,697052198474901504,26,binning 1   1,DR18
6517.785,15.563235,0.5987584,15.076116,SDSS-SDSS,SDSS,619,52056,437,697052198474901504,26,binning 1   1,DR18
6519.284,16.6075,0.7463311,14.580378,SDSS-SDSS,SDSS,619,52056,437,697052198474901504,26,binning 1   1,DR18
6520.7876,16.697153,0.7619085,14.0380335,SDSS-SDSS,SDSS,619,52056,437,697052198474901504,26,binning 1   1,DR18
6522.2876,16.415522,0.6313125,13.960665,SDSS-SDSS,SDSS,619,52056,437,697052198474901504,26,binning 1   1,DR18
6523.792,16.64402,0.65189594,14.285812,SDSS-SDSS,SDSS,619,52056,437,697052198474901504,26,binning 1   1,DR18
6525.2925,16.614058,0.67108303,14.55433,SDSS-SDSS,SDSS,619,52056,437,697052198474901504,26,binning 1   1,DR18
6526.794,16.833908,0.6602235,13.949248,SDSS-SDSS,SDSS,619,52056,437,697052198474901504,26,binning 1   1,DR18
6528.299,17.351667,0.6532945,14.105035,SDSS-SDSS,SDSS,619,52056,437,697052198474901504,26,binning 1   1,DR18
6529.801,17.66297,0.6397284,14.017898,SDSS-SDSS,SDSS,619,52056,437,697052198474901504,26,binning 1   1,DR18
6531.306,17.081371,0.6520921,13.940576,SDSS-SDSS,SDSS,619,52056,437,697052198474901504,26,binning 1   1,DR18
6532.809,17.23185,0.7120415,14.125233,SDSS-SDSS,SDSS,619,52056,437,697052198474901504,26,binning 1   1,DR18
6534.3154,17.663212,0.77256024,13.957057,SDSS-SDSS,SDSS,619,52056,437,697052198474901504,26,binning 1   1,DR18
6535.8184,15.846817,0.72702444,14.136348,SDSS-SDSS,SDSS,619,52056,437,697052198474901504,26,binning 1   1,DR18
6537.3223,19.552773,0.874854,15.485046,SDSS-SDSS,SDSS,619,52056,437,697052198474901504,26,binning 1   1,DR18
6538.8296,17.851786,0.84539586,14.892473,SDSS-SDSS,SDSS,619,52056,437,697052198474901504,26,binning 1   1,DR18
6540.334,17.443153,0.6558799,14.2824135,SDSS-SDSS,SDSS,619,52056,437,697052198474901504,26,binning 1   1,DR18
6541.8423,16.669302,0.7937035,15.045789,SDSS-SDSS,SDSS,619,52056,437,697052198474901504,26,binning 1   1,DR18
6543.347,16.3438,0.80240864,15.014671,SDSS-SDSS,SDSS,619,52056,437,697052198474901504,26,binning 1   1,DR18
6544.856,17.703154,0.69751847,15.033754,SDSS-SDSS,SDSS,619,52056,437,697052198474901504,26,binning 1   1,DR18
6546.3613,17.565361,0.6868948,14.353238,SDSS-SDSS,SDSS,619,52056,437,697052198474901504,26,binning 1   1,DR18
6547.8677,16.188177,0.6418695,13.951678,SDSS-SDSS,SDSS,619,52056,437,697052198474901504,26,binning 1   1,DR18
6549.3774,15.513987,0.60975105,14.00955,SDSS-SDSS,SDSS,619,52056,437,697052198474901504,26,binning 1   1,DR18
6550.8843,16.6171,0.61442024,14.030462,SDSS-SDSS,SDSS,619,52056,437,697052198474901504,26,binning 1   1,DR18
6552.3945,16.22398,0.6518434,13.750566,SDSS-SDSS,SDSS,619,52056,437,697052198474901504,26,binning 1   1,DR18
6553.902,15.9230795,0.7247779,13.733084,SDSS-SDSS,SDSS,619,52056,437,697052198474901504,26,binning 1   1,DR18
6555.4136,15.727317,0.77173066,14.135781,SDSS-SDSS,SDSS,619,52056,437,697052198474901504,26,binning 1   1,DR18
6556.9214,15.774861,0.7819667,15.14078,SDSS-SDSS,SDSS,619,52056,437,697052198474901504,26,binning 1   1,DR18
6558.4336,15.467164,1.1311646,16.2069,SDSS-SDSS,SDSS,619,52056,437,697052198474901504,26,binning 1   1,DR18
6559.9424,17.859243,1.117942,16.591372,SDSS-SDSS,SDSS,619,52056,437,697052198474901504,26,binning 1   1,DR18
6561.451,29.666378,1.372351,15.904014,SDSS-SDSS,SDSS,619,52056,437,697052198474901504,26,binning 1   1,DR18
6562.9644,22.297571,0.0,14.576391,SDSS-SDSS,SDSS,619,52056,437,697052198474901504,26,binning 1   1,DR18
6564.474,14.928479,2.0415208,15.432103,SDSS-SDSS,SDSS,619,52056,437,697052198474901504,26,binning 1   1,DR18
6565.988,18.735106,1.2787936,15.733476,SDSS-SDSS,SDSS,619,52056,437,697052198474901504,26,binning 1   1,DR18
6567.4985,19.39726,1.7960504,15.172052,SDSS-SDSS,SDSS,619,52056,437,697052198474901504,26,binning 1   1,DR18
6569.0127,16.34923,1.8725324,14.975948,SDSS-SDSS,SDSS,619,52056,437,697052198474901504,26,binning 1   1,DR18
6570.524,15.491257,0.8370942,15.164414,SDSS-SDSS,SDSS,619,52056,437,697052198474901504,26,binning 1   1,DR18
6572.0356,15.054653,0.77911,14.131391,SDSS-SDSS,SDSS,619,52056,437,697052198474901504,26,binning 1   1,DR18
6573.5513,15.311086,0.73179793,13.579603,SDSS-SDSS,SDSS,619,52056,437,697052198474901504,26,binning 1   1,DR18
6575.0635,14.963231,0.59090555,14.18565,SDSS-SDSS,SDSS,619,52056,437,697052198474901504,26,binning 1   1,DR18
6576.5796,14.9437275,0.62074256,14.384979,SDSS-SDSS,SDSS,619,52056,437,697052198474901504,26,binning 1   1,DR18
6578.0923,13.997081,0.65867335,13.902107,SDSS-SDSS,SDSS,619,52056,437,697052198474901504,26,binning 1   1,DR18
6579.6094,12.102559,0.66768813,14.449182,SDSS-SDSS,SDSS,619,52056,437,697052198474901504,26,binning 1   1,DR18
6581.123,15.30738,0.6607879,14.805913,SDSS-SDSS,SDSS,619,52056,437,697052198474901504,26,binning 1   1,DR18
6582.637,14.354554,0.6158328,14.123883,SDSS-SDSS,SDSS,619,52056,437,697052198474901504,26,binning 1   1,DR18
6584.155,14.625047,0.59753025,14.464469,SDSS-SDSS,SDSS,619,52056,437,697052198474901504,26,binning 1   1,DR18
6585.6694,13.769123,0.5823839,14.199063,SDSS-SDSS,SDSS,619,52056,437,697052198474901504,26,binning 1   1,DR18
6587.1885,14.306669,0.574742,13.0267,SDSS-SDSS,SDSS,619,52056,437,697052198474901504,26,binning 1   1,DR18
6588.7036,14.148827,0.5718683,13.480792,SDSS-SDSS,SDSS,619,52056,437,697052198474901504,26,binning 1   1,DR18
6590.223,14.621079,0.5798173,13.127322,SDSS-SDSS,SDSS,619,52056,437,697052198474901504,26,binning 1   1,DR18
6591.7393,15.120455,0.5925568,13.109815,SDSS-SDSS,SDSS,619,52056,437,697052198474901504,26,binning 1   1,DR18
6593.2554,14.253699,0.5905186,13.625295,SDSS-SDSS,SDSS,619,52056,437,697052198474901504,26,binning 1   1,DR18
6594.776,13.020055,0.56968284,13.886339,SDSS-SDSS,SDSS,619,52056,437,697052198474901504,26,binning 1   1,DR18
6596.293,12.817031,0.56504446,13.954255,SDSS-SDSS,SDSS,619,52056,437,697052198474901504,26,binning 1   1,DR18
6597.814,13.63164,0.59315574,14.741393,SDSS-SDSS,SDSS,619,52056,437,697052198474901504,26,binning 1   1,DR18
6599.332,13.338186,0.5883012,15.019775,SDSS-SDSS,SDSS,619,52056,437,697052198474901504,26,binning 1   1,DR18
6600.8535,14.365329,0.58765644,13.81743,SDSS-SDSS,SDSS,619,52056,437,697052198474901504,26,binning 1   1,DR18
6602.372,12.94609,0.56026316,13.797422,SDSS-SDSS,SDSS,619,52056,437,697052198474901504,26,binning 1   1,DR18
6603.891,13.023501,0.6101725,14.264903,SDSS-SDSS,SDSS,619,52056,437,697052198474901504,26,binning 1   1,DR18
6605.414,13.465006,0.6556051,13.706606,SDSS-SDSS,SDSS,619,52056,437,697052198474901504,26,binning 1   1,DR18
6606.9336,11.838671,0.604153,12.727271,SDSS-SDSS,SDSS,619,52056,437,697052198474901504,26,binning 1   1,DR18
6608.457,12.602553,0.5501851,12.811215,SDSS-SDSS,SDSS,619,52056,437,697052198474901504,26,binning 1   1,DR18
6609.977,13.521357,0.54538006,13.353794,SDSS-SDSS,SDSS,619,52056,437,697052198474901504,26,binning 1   1,DR18
6611.5015,14.4847355,0.6840292,12.777176,SDSS-SDSS,SDSS,619,52056,437,697052198474901504,26,binning 1   1,DR18
6613.0225,13.07273,0.68538177,12.389396,SDSS-SDSS,SDSS,619,52056,437,697052198474901504,26,binning 1   1,DR18
6614.544,12.7261505,0.5463731,12.705614,SDSS-SDSS,SDSS,619,52056,437,697052198474901504,26,binning 1   1,DR18
6616.0693,13.70539,0.55750686,12.260106,SDSS-SDSS,SDSS,619,52056,437,697052198474901504,26,binning 1   1,DR18
6617.5913,12.122181,0.52725667,12.67844,SDSS-SDSS,SDSS,619,52056,437,697052198474901504,26,binning 1   1,DR18
6619.117,12.452928,0.538175,13.755129,SDSS-SDSS,SDSS,619,52056,437,697052198474901504,26,binning 1   1,DR18
6620.6396,12.161191,0.54922825,13.87232,SDSS-SDSS,SDSS,619,52056,437,697052198474901504,26,binning 1   1,DR18
6622.1665,11.900793,0.56452554,13.775228,SDSS-SDSS,SDSS,619,52056,437,697052198474901504,26,binning 1   1,DR18
6623.69,11.675731,0.56469786,13.999157,SDSS-SDSS,SDSS,619,52056,437,697052198474901504,26,binning 1   1,DR18
6625.214,12.198238,0.7289373,13.69522,SDSS-SDSS,SDSS,619,52056,437,697052198474901504,26,binning 1   1,DR18
6626.7417,13.515483,0.715089,13.878526,SDSS-SDSS,SDSS,619,52056,437,697052198474901504,26,binning 1   1,DR18
6628.266,12.836552,0.54733294,14.407556,SDSS-SDSS,SDSS,619,52056,437,697052198474901504,26,binning 1   1,DR18
6629.7944,11.220533,0.5264369,14.428957,SDSS-SDSS,SDSS,619,52056,437,697052198474901504,26,binning 1   1,DR18
6631.32,10.793102,0.5130679,14.61764,SDSS-SDSS,SDSS,619,52056,437,697052198474901504,26,binning 1   1,DR18
6632.8486,11.304916,0.52632236,15.071474,SDSS-SDSS,SDSS,619,52056,437,697052198474901504,26,binning 1   1,DR18
6634.3745,13.639182,0.68561137,14.62065,SDSS-SDSS,SDSS,619,52056,437,697052198474901504,26,binning 1   1,DR18
6635.901,12.844002,0.70805556,14.12426,SDSS-SDSS,SDSS,619,52056,437,697052198474901504,26,binning 1   1,DR18
6637.431,11.965924,0.5824792,15.216498,SDSS-SDSS,SDSS,619,52056,437,697052198474901504,26,binning 1   1,DR18
6638.958,11.466723,0.5476231,15.191179,SDSS-SDSS,SDSS,619,52056,437,697052198474901504,26,binning 1   1,DR18
6640.489,11.503107,0.52467877,15.05267,SDSS-SDSS,SDSS,619,52056,437,697052198474901504,26,binning 1   1,DR18
6642.0166,11.959158,0.51222456,15.115453,SDSS-SDSS,SDSS,619,52056,437,697052198474901504,26,binning 1   1,DR18
6643.5483,11.155934,0.5079193,13.672103,SDSS-SDSS,SDSS,619,52056,437,697052198474901504,26,binning 1   1,DR18
6645.0767,11.3158865,0.5137497,14.335632,SDSS-SDSS,SDSS,619,52056,437,697052198474901504,26,binning 1   1,DR18
6646.6055,11.737171,0.51386917,13.789083,SDSS-SDSS,SDSS,619,52056,437,697052198474901504,26,binning 1   1,DR18
6648.138,11.576411,0.5096159,14.120353,SDSS-SDSS,SDSS,619,52056,437,697052198474901504,26,binning 1   1,DR18
6649.6675,11.214385,0.5025163,14.804982,SDSS-SDSS,SDSS,619,52056,437,697052198474901504,26,binning 1   1,DR18
6651.2007,10.5196,0.5009411,14.949204,SDSS-SDSS,SDSS,619,52056,437,697052198474901504,26,binning 1   1,DR18
6652.731,10.158525,0.49371502,15.085469,SDSS-SDSS,SDSS,619,52056,437,697052198474901504,26,binning 1   1,DR18
6654.265,10.558072,0.48697573,13.871018,SDSS-SDSS,SDSS,619,52056,437,697052198474901504,26,binning 1   1,DR18
6655.796,9.909582,0.48536724,13.55862,SDSS-SDSS,SDSS,619,52056,437,697052198474901504,26,binning 1   1,DR18
6657.327,10.419519,0.48745102,14.53171,SDSS-SDSS,SDSS,619,52056,437,697052198474901504,26,binning 1   1,DR18
6658.8623,10.183273,0.47758457,15.586236,SDSS-SDSS,SDSS,619,52056,437,697052198474901504,26,binning 1   1,DR18
6660.394,10.251051,0.47231388,15.5022335,SDSS-SDSS,SDSS,619,52056,437,697052198474901504,26,binning 1   1,DR18
6661.9297,9.970069,0.4785156,14.312262,SDSS-SDSS,SDSS,619,52056,437,697052198474901504,26,binning 1   1,DR18
6663.4624,10.740684,0.48493117,13.685203,SDSS-SDSS,SDSS,619,52056,437,697052198474901504,26,binning 1   1,DR18
6664.999,10.570127,0.50130254,13.867945,SDSS-SDSS,SDSS,619,52056,437,697052198474901504,26,binning 1   1,DR18
6666.532,10.06204,0.6469216,14.065216,SDSS-SDSS,SDSS,619,52056,437,697052198474901504,26,binning 1   1,DR18
6668.066,11.475215,0.668798,14.366175,SDSS-SDSS,SDSS,619,52056,437,697052198474901504,26,binning 1   1,DR18
6669.6035,10.349448,0.6666992,14.313815,SDSS-SDSS,SDSS,619,52056,437,697052198474901504,26,binning 1   1,DR18
6671.1377,11.576753,0.6560017,13.178492,SDSS-SDSS,SDSS,619,52056,437,697052198474901504,26,binning 1   1,DR18
6672.6763,12.745823,0.6762214,13.306313,SDSS-SDSS,SDSS,619,52056,437,697052198474901504,26,binning 1   1,DR18
6674.2114,12.195103,0.6671786,13.220741,SDSS-SDSS,SDSS,619,52056,437,697052198474901504,26,binning 1   1,DR18
6675.7505,12.300552,0.6278404,13.015457,SDSS-SDSS,SDSS,619,52056,437,697052198474901504,26,binning 1   1,DR18
6677.286,10.638172,0.6117691,13.49069,SDSS-SDSS,SDSS,619,52056,437,697052198474901504,26,binning 1   1,DR18
6678.8257,11.286423,0.51548207,14.114582,SDSS-SDSS,SDSS,619,52056,437,697052198474901504,26,binning 1   1,DR18
6680.3623,11.0709,0.50674117,13.624605,SDSS-SDSS,SDSS,619,52056,437,697052198474901504,26,binning 1   1,DR18
6681.899,8.906563,0.47186795,13.954735,SDSS-SDSS,SDSS,619,52056,437,697052198474901504,26,binning 1   1,DR18
6683.44,9.363634,0.46795255,13.976452,SDSS-SDSS,SDSS,619,52056,437,697052198474901504,26,binning 1   1,DR18
6684.9775,9.786807,0.46912137,14.186361,SDSS-SDSS,SDSS,619,52056,437,697052198474901504,26,binning 1   1,DR18
6686.519,9.20197,0.46587652,14.678382,SDSS-SDSS,SDSS,619,52056,437,697052198474901504,26,binning 1   1,DR18
6688.057,9.43433,0.46230993,15.213279,SDSS-SDSS,SDSS,619,52056,437,697052198474901504,26,binning 1   1,DR18
6689.5996,9.854715,0.5775076,15.412911,SDSS-SDSS,SDSS,619,52056,437,697052198474901504,26,binning 1   1,DR18
6691.138,10.526166,0.5998921,14.490946,SDSS-SDSS,SDSS,619,52056,437,697052198474901504,26,binning 1   1,DR18
6692.6777,8.934528,0.500383,14.4323845,SDSS-SDSS,SDSS,619,52056,437,697052198474901504,26,binning 1   1,DR18
6694.221,10.010433,0.6369849,14.364706,SDSS-SDSS,SDSS,619,52056,437,697052198474901504,26,binning 1   1,DR18
6695.7607,11.071344,0.5844397,14.282461,SDSS-SDSS,SDSS,619,52056,437,697052198474901504,26,binning 1   1,DR18
6697.305,10.10807,0.59385574,14.260694,SDSS-SDSS,SDSS,619,52056,437,697052198474901504,26,binning 1   1,DR18
6698.8457,11.280145,0.6181163,13.929798,SDSS-SDSS,SDSS,619,52056,437,697052198474901504,26,binning 1   1,DR18
6700.3906,11.254054,0.63471127,14.219643,SDSS-SDSS,SDSS,619,52056,437,697052198474901504,26,binning 1   1,DR18
6701.9316,9.450693,0.47856605,13.722846,SDSS-SDSS,SDSS,619,52056,437,697052198474901504,26,binning 1   1,DR18
6703.4736,8.9885235,0.47654867,13.416889,SDSS-SDSS,SDSS,619,52056,437,697052198474901504,26,binning 1   1,DR18
6705.0195,9.167786,0.47375396,13.742144,SDSS-SDSS,SDSS,619,52056,437,697052198474901504,26,binning 1   1,DR18
6706.562,10.025191,0.5035391,14.545812,SDSS-SDSS,SDSS,619,52056,437,697052198474901504,26,binning 1   1,DR18
6708.1084,10.575986,0.5240377,15.214846,SDSS-SDSS,SDSS,619,52056,437,697052198474901504,26,binning 1   1,DR18
6709.652,9.540238,0.50915766,14.4328165,SDSS-SDSS,SDSS,619,52056,437,697052198474901504,26,binning 1   1,DR18
6711.1987,10.243824,0.5115867,15.33101,SDSS-SDSS,SDSS,619,52056,437,697052198474901504,26,binning 1   1,DR18
6712.7427,10.161069,0.6153808,15.168409,SDSS-SDSS,SDSS,619,52056,437,697052198474901504,26,binning 1   1,DR18
6714.287,7.5364513,0.5841453,14.377734,SDSS-SDSS,SDSS,619,52056,437,697052198474901504,26,binning 1   1,DR18
6715.8354,9.93249,0.5970527,14.40742,SDSS-SDSS,SDSS,619,52056,437,697052198474901504,26,binning 1   1,DR18
6717.3804,11.498942,0.616416,14.939943,SDSS-SDSS,SDSS,619,52056,437,697052198474901504,26,binning 1   1,DR18
6718.929,9.435556,0.5773509,15.625062,SDSS-SDSS,SDSS,619,52056,437,697052198474901504,26,binning 1   1,DR18
6720.475,8.350631,0.44709304,15.381506,SDSS-SDSS,SDSS,619,52056,437,697052198474901504,26,binning 1   1,DR18
6722.025,9.320195,0.5570113,15.246288,SDSS-SDSS,SDSS,619,52056,437,697052198474901504,26,binning 1   1,DR18
6723.5713,9.426535,0.5603083,15.451465,SDSS-SDSS,SDSS,619,52056,437,697052198474901504,26,binning 1   1,DR18
6725.1177,10.390519,0.57955164,15.734159,SDSS-SDSS,SDSS,619,52056,437,697052198474901504,26,binning 1   1,DR18
6726.6685,9.669932,0.57160914,15.912343,SDSS-SDSS,SDSS,619,52056,437,697052198474901504,26,binning 1   1,DR18
6728.2163,8.221182,0.8530505,15.3945,SDSS-SDSS,SDSS,619,52056,437,697052198474901504,26,binning 1   1,DR18
6729.7676,7.889116,0.54007876,14.232727,SDSS-SDSS,SDSS,619,52056,437,697052198474901504,26,binning 1   1,DR18
6731.316,9.015589,0.5640272,15.51701,SDSS-SDSS,SDSS,619,52056,437,697052198474901504,26,binning 1   1,DR18
6732.868,11.239793,0.5858897,16.374666,SDSS-SDSS,SDSS,619,52056,437,697052198474901504,26,binning 1   1,DR18
6734.417,9.871167,0.5913825,15.431568,SDSS-SDSS,SDSS,619,52056,437,697052198474901504,26,binning 1   1,DR18
6735.9663,10.760292,0.6263562,15.833929,SDSS-SDSS,SDSS,619,52056,437,697052198474901504,26,binning 1   1,DR18
6737.5195,11.116832,0.6415524,15.296717,SDSS-SDSS,SDSS,619,52056,437,697052198474901504,26,binning 1   1,DR18
6739.0693,11.628489,0.6385149,14.701494,SDSS-SDSS,SDSS,619,52056,437,697052198474901504,26,binning 1   1,DR18
6740.6235,11.18109,0.6330708,14.713341,SDSS-SDSS,SDSS,619,52056,437,697052198474901504,26,binning 1   1,DR18
6742.1743,10.900436,0.6466446,14.512499,SDSS-SDSS,SDSS,619,52056,437,697052198474901504,26,binning 1   1,DR18
6743.729,10.129434,0.49527666,14.057786,SDSS-SDSS,SDSS,619,52056,437,697052198474901504,26,binning 1   1,DR18
6745.2803,9.399619,0.47223282,14.4496,SDSS-SDSS,SDSS,619,52056,437,697052198474901504,26,binning 1   1,DR18
6746.832,9.347495,0.47128612,14.542954,SDSS-SDSS,SDSS,619,52056,437,697052198474901504,26,binning 1   1,DR18
6748.3877,8.68643,0.46069813,14.592143,SDSS-SDSS,SDSS,619,52056,437,697052198474901504,26,binning 1   1,DR18
6749.9404,9.091403,0.4776456,13.801307,SDSS-SDSS,SDSS,619,52056,437,697052198474901504,26,binning 1   1,DR18
6751.4966,9.245131,0.49793202,13.786485,SDSS-SDSS,SDSS,619,52056,437,697052198474901504,26,binning 1   1,DR18
6753.05,9.442573,0.4796371,14.787421,SDSS-SDSS,SDSS,619,52056,437,697052198474901504,26,binning 1   1,DR18
6754.607,10.723653,0.6010791,14.746566,SDSS-SDSS,SDSS,619,52056,437,697052198474901504,26,binning 1   1,DR18
6756.161,10.686838,0.6110295,15.275364,SDSS-SDSS,SDSS,619,52056,437,697052198474901504,26,binning 1   1,DR18
6757.7153,10.904781,0.6483147,14.873552,SDSS-SDSS,SDSS,619,52056,437,697052198474901504,26,binning 1   1,DR18
6759.2734,10.0445175,0.63334167,14.863962,SDSS-SDSS,SDSS,619,52056,437,697052198474901504,26,binning 1   1,DR18
6760.8286,9.992108,0.6060312,14.779342,SDSS-SDSS,SDSS,619,52056,437,697052198474901504,26,binning 1   1,DR18
6762.3877,11.433873,0.6006299,14.390532,SDSS-SDSS,SDSS,619,52056,437,697052198474901504,26,binning 1   1,DR18
6763.9434,9.843086,0.5794749,14.809786,SDSS-SDSS,SDSS,619,52056,437,697052198474901504,26,binning 1   1,DR18
6765.503,10.42034,0.59067905,15.086976,SDSS-SDSS,SDSS,619,52056,437,697052198474901504,26,binning 1   1,DR18
6767.0596,10.523958,0.60597104,14.86768,SDSS-SDSS,SDSS,619,52056,437,697052198474901504,26,binning 1   1,DR18
6768.616,9.10228,0.47303188,14.951852,SDSS-SDSS,SDSS,619,52056,437,697052198474901504,26,binning 1   1,DR18
6770.1772,10.76863,0.6176153,14.778129,SDSS-SDSS,SDSS,619,52056,437,697052198474901504,26,binning 1   1,DR18
6771.7344,10.938243,0.6192057,14.583085,SDSS-SDSS,SDSS,619,52056,437,697052198474901504,26,binning 1   1,DR18
6773.296,10.156596,0.53926325,15.301985,SDSS-SDSS,SDSS,619,52056,437,697052198474901504,26,binning 1   1,DR18
6774.854,9.863077,0.53512555,14.2107115,SDSS-SDSS,SDSS,619,52056,437,697052198474901504,26,binning 1   1,DR18
6776.4165,10.339881,0.52792513,14.113213,SDSS-SDSS,SDSS,619,52056,437,697052198474901504,26,binning 1   1,DR18
6777.9756,10.10461,0.49392205,13.89879,SDSS-SDSS,SDSS,619,52056,437,697052198474901504,26,binning 1   1,DR18
6779.5347,10.568859,0.62090504,14.250679,SDSS-SDSS,SDSS,619,52056,437,697052198474901504,26,binning 1   1,DR18
6781.098,10.694392,0.60397553,15.582634,SDSS-SDSS,SDSS,619,52056,437,697052198474901504,26,binning 1   1,DR18
6782.658,9.684076,0.47788262,15.968407,SDSS-SDSS,SDSS,619,52056,437,697052198474901504,26,binning 1   1,DR18
6784.222,9.900578,0.5033042,14.243247,SDSS-SDSS,SDSS,619,52056,437,697052198474901504,26,binning 1   1,DR18
6785.7827,9.197908,0.48446772,15.02138,SDSS-SDSS,SDSS,619,52056,437,697052198474901504,26,binning 1   1,DR18
6787.3477,8.693639,0.58353484,15.103905,SDSS-SDSS,SDSS,619,52056,437,697052198474901504,26,binning 1   1,DR18
6788.909,10.657984,0.58183104,14.834219,SDSS-SDSS,SDSS,619,52056,437,697052198474901504,26,binning 1   1,DR18
6790.4707,10.774524,0.5930812,15.393747,SDSS-SDSS,SDSS,619,52056,437,697052198474901504,26,binning 1   1,DR18
6792.0366,9.04528,0.5880888,15.529982,SDSS-SDSS,SDSS,619,52056,437,697052198474901504,26,binning 1   1,DR18
6793.599,10.08453,0.5813289,14.914842,SDSS-SDSS,SDSS,619,52056,437,697052198474901504,26,binning 1   1,DR18
6795.1655,10.162883,0.5707001,14.953444,SDSS-SDSS,SDSS,619,52056,437,697052198474901504,26,binning 1   1,DR18
6796.729,8.814589,0.63842463,15.253845,SDSS-SDSS,SDSS,619,52056,437,697052198474901504,26,binning 1   1,DR18
6798.2964,10.263562,0.65920717,15.262929,SDSS-SDSS,SDSS,619,52056,437,697052198474901504,26,binning 1   1,DR18
6799.8604,11.335289,0.61862236,15.249964,SDSS-SDSS,SDSS,619,52056,437,697052198474901504,26,binning 1   1,DR18
6801.428,9.889899,0.6205896,15.578453,SDSS-SDSS,SDSS,619,52056,437,697052198474901504,26,binning 1   1,DR18
6802.9927,10.383244,0.6154127,14.778463,SDSS-SDSS,SDSS,619,52056,437,697052198474901504,26,binning 1   1,DR18
6804.558,10.4946375,0.6140124,15.116254,SDSS-SDSS,SDSS,619,52056,437,697052198474901504,26,binning 1   1,DR18
6806.127,10.236492,0.6058447,15.286586,SDSS-SDSS,SDSS,619,52056,437,697052198474901504,26,binning 1   1,DR18
6807.693,11.055852,0.6089104,15.355595,SDSS-SDSS,SDSS,619,52056,437,697052198474901504,26,binning 1   1,DR18
6809.2627,11.312645,0.6152534,15.503955,SDSS-SDSS,SDSS,619,52056,437,697052198474901504,26,binning 1   1,DR18
6810.829,11.396559,0.61154187,14.991276,SDSS-SDSS,SDSS,619,52056,437,697052198474901504,26,binning 1   1,DR18
6812.3994,11.674228,0.59686846,14.57997,SDSS-SDSS,SDSS,619,52056,437,697052198474901504,26,binning 1   1,DR18
6813.967,10.976855,0.598096,14.667642,SDSS-SDSS,SDSS,619,52056,437,697052198474901504,26,binning 1   1,DR18
6815.534,11.444678,0.625564,15.038105,SDSS-SDSS,SDSS,619,52056,437,697052198474901504,26,binning 1   1,DR18
6817.106,11.175505,0.63096917,15.406666,SDSS-SDSS,SDSS,619,52056,437,697052198474901504,26,binning 1   1,DR18
6818.6743,10.448436,0.6204271,15.516045,SDSS-SDSS,SDSS,619,52056,437,697052198474901504,26,binning 1   1,DR18
6820.2466,9.852536,0.6058396,15.401076,SDSS-SDSS,SDSS,619,52056,437,697052198474901504,26,binning 1   1,DR18
6821.8154,12.209597,0.63683116,15.862935,SDSS-SDSS,SDSS,619,52056,437,697052198474901504,26,binning 1   1,DR18
6823.3887,12.139567,0.6525616,16.39718,SDSS-SDSS,SDSS,619,52056,437,697052198474901504,26,binning 1   1,DR18
6824.9585,10.198466,0.6281442,15.930535,SDSS-SDSS,SDSS,619,52056,437,697052198474901504,26,binning 1   1,DR18
6826.5283,9.414811,0.64478856,15.72854,SDSS-SDSS,SDSS,619,52056,437,697052198474901504,26,binning 1   1,DR18
6828.1025,12.267098,0.76525444,16.02649,SDSS-SDSS,SDSS,619,52056,437,697052198474901504,26,binning 1   1,DR18
6829.6733,12.048508,0.9135894,15.11615,SDSS-SDSS,SDSS,619,52056,437,697052198474901504,26,binning 1   1,DR18
6831.2485,8.740358,0.7063309,14.550649,SDSS-SDSS,SDSS,619,52056,437,697052198474901504,26,binning 1   1,DR18
6832.82,10.342667,0.85166067,15.029519,SDSS-SDSS,SDSS,619,52056,437,697052198474901504,26,binning 1   1,DR18
6834.3955,13.622559,0.87180525,14.1741295,SDSS-SDSS,SDSS,619,52056,437,697052198474901504,26,binning 1   1,DR18
6835.968,9.996764,1.3608247,13.552107,SDSS-SDSS,SDSS,619,52056,437,697052198474901504,26,binning 1   1,DR18
6837.5405,9.665686,1.2674825,14.807807,SDSS-SDSS,SDSS,619,52056,437,697052198474901504,26,binning 1   1,DR18
6839.117,12.325353,0.7175071,16.154182,SDSS-SDSS,SDSS,619,52056,437,697052198474901504,26,binning 1   1,DR18
6840.6904,11.554995,0.6720589,15.349123,SDSS-SDSS,SDSS,619,52056,437,697052198474901504,26,binning 1   1,DR18
6842.268,10.416818,0.65696704,14.82788,SDSS-SDSS,SDSS,619,52056,437,697052198474901504,26,binning 1   1,DR18
6843.842,10.210827,0.6555267,15.531874,SDSS-SDSS,SDSS,619,52056,437,697052198474901504,26,binning 1   1,DR18
6845.42,10.48392,0.6448576,15.933723,SDSS-SDSS,SDSS,619,52056,437,697052198474901504,26,binning 1   1,DR18
6846.9946,10.943273,0.60091496,15.304766,SDSS-SDSS,SDSS,619,52056,437,697052198474901504,26,binning 1   1,DR18
6848.57,10.9004965,0.5848313,14.770008,SDSS-SDSS,SDSS,619,52056,437,697052198474901504,26,binning 1   1,DR18
6850.1494,10.887058,0.5955794,14.109827,SDSS-SDSS,SDSS,619,52056,437,697052198474901504,26,binning 1   1,DR18
6851.725,10.720371,0.6068923,15.442832,SDSS-SDSS,SDSS,619,52056,437,697052198474901504,26,binning 1   1,DR18
6853.305,11.26839,0.62894607,15.321398,SDSS-SDSS,SDSS,619,52056,437,697052198474901504,26,binning 1   1,DR18
6854.882,9.135678,0.60830957,15.028002,SDSS-SDSS,SDSS,619,52056,437,697052198474901504,26,binning 1   1,DR18
6856.4624,10.529161,0.6266175,15.853667,SDSS-SDSS,SDSS,619,52056,437,697052198474901504,26,binning 1   1,DR18
6858.0396,12.005544,0.86386704,15.725734,SDSS-SDSS,SDSS,619,52056,437,697052198474901504,26,binning 1   1,DR18
6859.6177,9.019911,0.86576873,15.166468,SDSS-SDSS,SDSS,619,52056,437,697052198474901504,26,binning 1   1,DR18
6861.199,10.08187,0.61037743,15.952586,SDSS-SDSS,SDSS,619,52056,437,697052198474901504,26,binning 1   1,DR18
6862.778,10.204326,0.6145103,16.256407,SDSS-SDSS,SDSS,619,52056,437,697052198474901504,26,binning 1   1,DR18
6864.3604,10.954453,0.8356796,15.984815,SDSS-SDSS,SDSS,619,52056,437,697052198474901504,26,binning 1   1,DR18
6865.9395,6.81543,0.8380232,15.92343,SDSS-SDSS,SDSS,619,52056,437,697052198474901504,26,binning 1   1,DR18
6867.5225,9.807979,0.75179887,16.066727,SDSS-SDSS,SDSS,619,52056,437,697052198474901504,26,binning 1   1,DR18
6869.1025,10.987888,0.6398791,16.06595,SDSS-SDSS,SDSS,619,52056,437,697052198474901504,26,binning 1   1,DR18
6870.6826,10.418797,0.65994525,16.6099,SDSS-SDSS,SDSS,619,52056,437,697052198474901504,26,binning 1   1,DR18
6872.267,10.769489,0.6990815,16.267555,SDSS-SDSS,SDSS,619,52056,437,697052198474901504,26,binning 1   1,DR18
6873.848,9.523688,0.6473403,15.218566,SDSS-SDSS,SDSS,619,52056,437,697052198474901504,26,binning 1   1,DR18
6875.433,12.530039,0.7430933,14.650979,SDSS-SDSS,SDSS,619,52056,437,697052198474901504,26,binning 1   1,DR18
6877.0146,12.45976,0.7174936,14.95019,SDSS-SDSS,SDSS,619,52056,437,697052198474901504,26,binning 1   1,DR18
6878.6006,13.776865,0.764563,14.628731,SDSS-SDSS,SDSS,619,52056,437,697052198474901504,26,binning 1   1,DR18
6880.183,12.605595,0.770029,13.9788685,SDSS-SDSS,SDSS,619,52056,437,697052198474901504,26,binning 1   1,DR18
6881.7656,10.854877,0.56878674,14.453699,SDSS-SDSS,SDSS,619,52056,437,697052198474901504,26,binning 1   1,DR18
6883.3525,10.845899,0.54338646,14.978876,SDSS-SDSS,SDSS,619,52056,437,697052198474901504,26,binning 1   1,DR18
6884.936,10.490955,0.53848124,15.0921335,SDSS-SDSS,SDSS,619,52056,437,697052198474901504,26,binning 1   1,DR18
6886.524,11.738106,0.679064,15.96333,SDSS-SDSS,SDSS,619,52056,437,697052198474901504,26,binning 1   1,DR18
6888.108,12.250658,0.69279563,15.843254,SDSS-SDSS,SDSS,619,52056,437,697052198474901504,26,binning 1   1,DR18
6889.6963,11.14521,0.7335389,15.402503,SDSS-SDSS,SDSS,619,52056,437,697052198474901504,26,binning 1   1,DR18
6891.2812,12.142681,0.8673323,15.217594,SDSS-SDSS,SDSS,619,52056,437,697052198474901504,26,binning 1   1,DR18
6892.8667,12.701511,0.86314636,15.382688,SDSS-SDSS,SDSS,619,52056,437,697052198474901504,26,binning 1   1,DR18
6894.456,14.745557,0.76156217,15.566718,SDSS-SDSS,SDSS,619,52056,437,697052198474901504,26,binning 1   1,DR18
6896.0425,14.486281,0.7282436,15.324485,SDSS-SDSS,SDSS,619,52056,437,697052198474901504,26,binning 1   1,DR18
6897.6323,12.748839,0.6720086,14.855657,SDSS-SDSS,SDSS,619,52056,437,697052198474901504,26,binning 1   1,DR18
6899.219,12.202513,0.68105346,14.963272,SDSS-SDSS,SDSS,619,52056,437,697052198474901504,26,binning 1   1,DR18
6900.8105,11.163238,0.5766002,15.38221,SDSS-SDSS,SDSS,619,52056,437,697052198474901504,26,binning 1   1,DR18
6902.398,10.184048,0.6368494,15.155971,SDSS-SDSS,SDSS,619,52056,437,697052198474901504,26,binning 1   1,DR18
6903.986,10.601904,0.6211388,14.7300825,SDSS-SDSS,SDSS,619,52056,437,697052198474901504,26,binning 1   1,DR18
6905.5776,13.477277,0.7163678,15.464587,SDSS-SDSS,SDSS,619,52056,437,697052198474901504,26,binning 1   1,DR18
6907.1665,14.367669,0.6844332,15.278364,SDSS-SDSS,SDSS,619,52056,437,697052198474901504,26,binning 1   1,DR18
6908.7593,14.151294,0.6731622,14.909685,SDSS-SDSS,SDSS,619,52056,437,697052198474901504,26,binning 1   1,DR18
6910.3486,13.9866295,0.69410044,15.07765,SDSS-SDSS,SDSS,619,52056,437,697052198474901504,26,binning 1   1,DR18
6911.942,13.938627,0.75054944,14.817843,SDSS-SDSS,SDSS,619,52056,437,697052198474901504,26,binning 1   1,DR18
6913.532,12.146385,0.7895455,14.631295,SDSS-SDSS,SDSS,619,52056,437,697052198474901504,26,binning 1   1,DR18
6915.1226,11.399456,0.62731725,16.137947,SDSS-SDSS,SDSS,619,52056,437,697052198474901504,26,binning 1   1,DR18
6916.7173,11.632749,0.5809586,15.722745,SDSS-SDSS,SDSS,619,52056,437,697052198474901504,26,binning 1   1,DR18
6918.308,12.474721,0.6648759,15.187582,SDSS-SDSS,SDSS,619,52056,437,697052198474901504,26,binning 1   1,DR18
6919.904,11.634585,0.8830678,15.277121,SDSS-SDSS,SDSS,619,52056,437,697052198474901504,26,binning 1   1,DR18
6921.4956,9.3355255,0.6365,15.170913,SDSS-SDSS,SDSS,619,52056,437,697052198474901504,26,binning 1   1,DR18
6923.092,11.938487,0.6409232,15.136966,SDSS-SDSS,SDSS,619,52056,437,697052198474901504,26,binning 1   1,DR18
6924.6846,10.378905,0.7298953,16.33778,SDSS-SDSS,SDSS,619,52056,437,697052198474901504,26,binning 1   1,DR18
6926.2812,13.32115,0.9712237,16.254711,SDSS-SDSS,SDSS,619,52056,437,697052198474901504,26,binning 1   1,DR18
6927.8745,15.785003,0.81835073,16.001226,SDSS-SDSS,SDSS,619,52056,437,697052198474901504,26,binning 1   1,DR18
6929.4683,13.937087,0.70769405,16.248552,SDSS-SDSS,SDSS,619,52056,437,697052198474901504,26,binning 1   1,DR18
6931.0664,15.109736,0.6882482,15.884478,SDSS-SDSS,SDSS,619,52056,437,697052198474901504,26,binning 1   1,DR18
6932.6606,12.9424095,0.6621852,15.349292,SDSS-SDSS,SDSS,619,52056,437,697052198474901504,26,binning 1   1,DR18
6934.2593,14.025117,0.6771888,16.447504,SDSS-SDSS,SDSS,619,52056,437,697052198474901504,26,binning 1   1,DR18
6935.8545,15.764649,0.71105367,16.147417,SDSS-SDSS,SDSS,619,52056,437,697052198474901504,26,binning 1   1,DR18
6937.454,15.696665,0.7138692,16.236795,SDSS-SDSS,SDSS,619,52056,437,697052198474901504,26,binning 1   1,DR18
6939.05,13.809829,0.77638453,16.171333,SDSS-SDSS,SDSS,619,52056,437,697052198474901504,26,binning 1   1,DR18
6940.646,12.18045,0.8771785,15.810787,SDSS-SDSS,SDSS,619,52056,437,697052198474901504,26,binning 1   1,DR18
6942.2466,15.521322,0.9179448,15.62816,SDSS-SDSS,SDSS,619,52056,437,697052198474901504,26,binning 1   1,DR18
6943.8438,17.145405,0.7972739,15.817758,SDSS-SDSS,SDSS,619,52056,437,697052198474901504,26,binning 1   1,DR18
6945.445,15.82036,0.8012751,15.685398,SDSS-SDSS,SDSS,619,52056,437,697052198474901504,26,binning 1   1,DR18
6947.043,17.55281,0.8284319,15.909512,SDSS-SDSS,SDSS,619,52056,437,697052198474901504,26,binning 1   1,DR18
6948.6445,18.293087,0.8710303,15.398149,SDSS-SDSS,SDSS,619,52056,437,697052198474901504,26,binning 1   1,DR18
6950.243,12.35162,0.79558426,15.378003,SDSS-SDSS,SDSS,619,52056,437,697052198474901504,26,binning 1   1,DR18
6951.8423,16.0753,1.0623915,16.323946,SDSS-SDSS,SDSS,619,52056,437,697052198474901504,26,binning 1   1,DR18
6953.4453,16.66584,0.85993177,16.440926,SDSS-SDSS,SDSS,619,52056,437,697052198474901504,26,binning 1   1,DR18
6955.045,15.324977,0.74773145,16.07885,SDSS-SDSS,SDSS,619,52056,437,697052198474901504,26,binning 1   1,DR18
6956.649,16.098207,0.83014697,16.450712,SDSS-SDSS,SDSS,619,52056,437,697052198474901504,26,binning 1   1,DR18
6958.249,15.072411,0.82502615,16.434332,SDSS-SDSS,SDSS,619,52056,437,697052198474901504,26,binning 1   1,DR18
6959.8535,15.733134,0.8362593,16.159962,SDSS-SDSS,SDSS,619,52056,437,697052198474901504,26,binning 1   1,DR18
6961.4546,17.098116,0.7476015,16.274277,SDSS-SDSS,SDSS,619,52056,437,697052198474901504,26,binning 1   1,DR18
6963.056,16.371098,0.7307547,16.767374,SDSS-SDSS,SDSS,619,52056,437,697052198474901504,26,binning 1   1,DR18
6964.662,16.26975,0.79796666,17.192944,SDSS-SDSS,SDSS,619,52056,437,697052198474901504,26,binning 1   1,DR18
6966.264,16.896257,0.80422044,16.220823,SDSS-SDSS,SDSS,619,52056,437,697052198474901504,26,binning 1   1,DR18
6967.8706,16.939465,0.83617944,16.861588,SDSS-SDSS,SDSS,619,52056,437,697052198474901504,26,binning 1   1,DR18
6969.4736,18.377928,0.8377229,17.3917,SDSS-SDSS,SDSS,619,52056,437,697052198474901504,26,binning 1   1,DR18
6971.0806,17.571836,0.9442996,16.52962,SDSS-SDSS,SDSS,619,52056,437,697052198474901504,26,binning 1   1,DR18
6972.684,14.773924,0.91788864,16.444008,SDSS-SDSS,SDSS,619,52056,437,697052198474901504,26,binning 1   1,DR18
6974.2886,17.152393,0.8197138,16.06763,SDSS-SDSS,SDSS,619,52056,437,697052198474901504,26,binning 1   1,DR18
6975.8965,19.174482,0.77039325,16.220592,SDSS-SDSS,SDSS,619,52056,437,697052198474901504,26,binning 1   1,DR18
6977.5015,18.581215,0.7893028,17.15729,SDSS-SDSS,SDSS,619,52056,437,697052198474901504,26,binning 1   1,DR18
6979.1104,19.520374,0.92079127,17.01195,SDSS-SDSS,SDSS,619,52056,437,697052198474901504,26,binning 1   1,DR18
6980.716,18.941502,0.9819918,15.8024235,SDSS-SDSS,SDSS,619,52056,437,697052198474901504,26,binning 1   1,DR18
6982.3257,19.246181,0.87866217,16.049362,SDSS-SDSS,SDSS,619,52056,437,697052198474901504,26,binning 1   1,DR18
6983.932,19.27828,0.76244885,16.20298,SDSS-SDSS,SDSS,619,52056,437,697052198474901504,26,binning 1   1,DR18
6985.5386,18.520128,0.7564278,15.837262,SDSS-SDSS,SDSS,619,52056,437,697052198474901504,26,binning 1   1,DR18
6987.1494,18.264107,0.7470926,15.6010065,SDSS-SDSS,SDSS,619,52056,437,697052198474901504,26,binning 1   1,DR18
6988.757,20.151829,0.79861736,15.976918,SDSS-SDSS,SDSS,619,52056,437,697052198474901504,26,binning 1   1,DR18
6990.3687,18.709146,0.75791806,16.386179,SDSS-SDSS,SDSS,619,52056,437,697052198474901504,26,binning 1   1,DR18
6991.9766,17.6576,0.7361479,15.9547825,SDSS-SDSS,SDSS,619,52056,437,697052198474901504,26,binning 1   1,DR18
6993.589,18.128208,0.73711634,16.143517,SDSS-SDSS,SDSS,619,52056,437,697052198474901504,26,binning 1   1,DR18
6995.1978,18.027184,0.73015213,16.492138,SDSS-SDSS,SDSS,619,52056,437,697052198474901504,26,binning 1   1,DR18
6996.807,18.814945,0.7513433,17.190615,SDSS-SDSS,SDSS,619,52056,437,697052198474901504,26,binning 1   1,DR18
6998.4204,18.81358,0.8443882,17.211147,SDSS-SDSS,SDSS,619,52056,437,697052198474901504,26,binning 1   1,DR18
7000.0303,17.289516,0.836839,16.915363,SDSS-SDSS,SDSS,619,52056,437,697052198474901504,26,binning 1   1,DR18
7001.6445,17.77891,0.91875046,17.772287,SDSS-SDSS,SDSS,619,52056,437,697052198474901504,26,binning 1   1,DR18
7003.2554,20.106253,0.8756672,16.780037,SDSS-SDSS,SDSS,619,52056,437,697052198474901504,26,binning 1   1,DR18
7004.87,19.589962,0.8441979,16.822536,SDSS-SDSS,SDSS,619,52056,437,697052198474901504,26,binning 1   1,DR18
7006.482,19.181522,0.81594414,16.586258,SDSS-SDSS,SDSS,619,52056,437,697052198474901504,26,binning 1   1,DR18
7008.0938,18.01669,0.8075931,17.279959,SDSS-SDSS,SDSS,619,52056,437,697052198474901504,26,binning 1   1,DR18
7009.7095,19.648354,0.8488887,18.200956,SDSS-SDSS,SDSS,619,52056,437,697052198474901504,26,binning 1   1,DR18
7011.3223,18.20247,0.82225984,16.40084,SDSS-SDSS,SDSS,619,52056,437,697052198474901504,26,binning 1   1,DR18
7012.939,19.497036,0.8338256,16.744009,SDSS-SDSS,SDSS,619,52056,437,697052198474901504,26,binning 1   1,DR18
7014.5522,20.474648,0.915998,16.859438,SDSS-SDSS,SDSS,619,52056,437,697052198474901504,26,binning 1   1,DR18
7016.17,20.517094,0.8830268,16.232838,SDSS-SDSS,SDSS,619,52056,437,697052198474901504,26,binning 1   1,DR18
7017.7837,18.465624,0.82356006,16.054802,SDSS-SDSS,SDSS,619,52056,437,697052198474901504,26,binning 1   1,DR18
7019.3984,19.6002,0.8433693,16.665485,SDSS-SDSS,SDSS,619,52056,437,697052198474901504,26,binning 1   1,DR18
7021.017,20.906713,0.8759285,16.997562,SDSS-SDSS,SDSS,619,52056,437,697052198474901504,26,binning 1   1,DR18
7022.6323,20.599066,0.77167624,17.352665,SDSS-SDSS,SDSS,619,52056,437,697052198474901504,26,binning 1   1,DR18
7024.2515,20.748165,0.77324337,17.464348,SDSS-SDSS,SDSS,619,52056,437,697052198474901504,26,binning 1   1,DR18
7025.8677,20.671549,0.7627577,17.204489,SDSS-SDSS,SDSS,619,52056,437,697052198474901504,26,binning 1   1,DR18
7027.488,20.549469,0.76876104,16.993635,SDSS-SDSS,SDSS,619,52056,437,697052198474901504,26,binning 1   1,DR18
7029.1045,21.735214,0.7895205,16.966616,SDSS-SDSS,SDSS,619,52056,437,697052198474901504,26,binning 1   1,DR18
7030.721,21.751606,0.79497653,16.755186,SDSS-SDSS,SDSS,619,52056,437,697052198474901504,26,binning 1   1,DR18
7032.343,22.067726,0.8005225,16.630526,SDSS-SDSS,SDSS,619,52056,437,697052198474901504,26,binning 1   1,DR18
7033.9604,23.286644,0.81233656,16.480791,SDSS-SDSS,SDSS,619,52056,437,697052198474901504,26,binning 1   1,DR18
7035.5825,23.656769,0.9375664,16.740648,SDSS-SDSS,SDSS,619,52056,437,697052198474901504,26,binning 1   1,DR18
7037.2007,24.910559,0.93693846,17.117907,SDSS-SDSS,SDSS,619,52056,437,697052198474901504,26,binning 1   1,DR18
7038.8237,23.50112,0.8093049,17.111652,SDSS-SDSS,SDSS,619,52056,437,697052198474901504,26,binning 1   1,DR18
7040.443,24.523335,0.840112,16.899584,SDSS-SDSS,SDSS,619,52056,437,697052198474901504,26,binning 1   1,DR18
7042.0664,25.645676,1.0134361,17.39824,SDSS-SDSS,SDSS,619,52056,437,697052198474901504,26,binning 1   1,DR18
7043.6865,25.286888,0.98992443,16.957655,SDSS-SDSS,SDSS,619,52056,437,697052198474901504,26,binning 1   1,DR18
7045.3066,24.888943,0.8589186,17.09561,SDSS-SDSS,SDSS,619,52056,437,697052198474901504,26,binning 1   1,DR18
7046.9316,25.900522,0.8832129,17.875381,SDSS-SDSS,SDSS,619,52056,437,697052198474901504,26,binning 1   1,DR18
7048.5527,24.565922,0.9130851,18.43739,SDSS-SDSS,SDSS,619,52056,437,697052198474901504,26,binning 1   1,DR18
7050.178,21.141485,1.0735427,18.418337,SDSS-SDSS,SDSS,619,52056,437,697052198474901504,26,binning 1   1,DR18
7051.8,19.980995,1.0320477,17.969349,SDSS-SDSS,SDSS,619,52056,437,697052198474901504,26,binning 1   1,DR18
7053.4263,18.157618,0.92183304,17.535816,SDSS-SDSS,SDSS,619,52056,437,697052198474901504,26,binning 1   1,DR18
7055.049,16.414457,0.89075994,16.998636,SDSS-SDSS,SDSS,619,52056,437,697052198474901504,26,binning 1   1,DR18
7056.672,16.082232,0.8664333,17.24307,SDSS-SDSS,SDSS,619,52056,437,697052198474901504,26,binning 1   1,DR18
7058.299,15.056997,0.61859024,17.783566,SDSS-SDSS,SDSS,619,52056,437,697052198474901504,26,binning 1   1,DR18
7059.923,13.958898,0.5426795,16.874842,SDSS-SDSS,SDSS,619,52056,437,697052198474901504,26,binning 1   1,DR18
7061.551,12.365632,0.5121536,16.735586,SDSS-SDSS,SDSS,619,52056,437,697052198474901504,26,binning 1   1,DR18
7063.1753,12.597209,0.64193296,17.063353,SDSS-SDSS,SDSS,619,52056,437,697052198474901504,26,binning 1   1,DR18
7064.8037,14.575949,0.68010956,16.631052,SDSS-SDSS,SDSS,619,52056,437,697052198474901504,26,binning 1   1,DR18
7066.429,13.987137,0.6836851,16.038473,SDSS-SDSS,SDSS,619,52056,437,697052198474901504,26,binning 1   1,DR18
7068.0547,12.269614,0.6787713,16.059305,SDSS-SDSS,SDSS,619,52056,437,697052198474901504,26,binning 1   1,DR18
7069.6846,12.809032,0.54538107,16.363754,SDSS-SDSS,SDSS,619,52056,437,697052198474901504,26,binning 1   1,DR18
7071.311,14.86831,0.71301013,16.645987,SDSS-SDSS,SDSS,619,52056,437,697052198474901504,26,binning 1   1,DR18
7072.942,14.477431,0.69409645,16.129145,SDSS-SDSS,SDSS,619,52056,437,697052198474901504,26,binning 1   1,DR18
7074.569,14.652496,0.79384756,16.291298,SDSS-SDSS,SDSS,619,52056,437,697052198474901504,26,binning 1   1,DR18
7076.2,15.757865,0.8081366,16.692404,SDSS-SDSS,SDSS,619,52056,437,697052198474901504,26,binning 1   1,DR18
7077.828,14.539899,0.8001394,17.098152,SDSS-SDSS,SDSS,619,52056,437,697052198474901504,26,binning 1   1,DR18
7079.456,14.335499,0.7994107,17.946186,SDSS-SDSS,SDSS,619,52056,437,697052198474901504,26,binning 1   1,DR18
7081.089,14.9198065,0.70126086,16.569174,SDSS-SDSS,SDSS,619,52056,437,697052198474901504,26,binning 1   1,DR18
7082.718,14.903435,1.0115231,16.878874,SDSS-SDSS,SDSS,619,52056,437,697052198474901504,26,binning 1   1,DR18
7084.351,11.992829,0.99339443,17.621214,SDSS-SDSS,SDSS,619,52056,437,697052198474901504,26,binning 1   1,DR18
7085.981,11.331726,0.6621004,17.486752,SDSS-SDSS,SDSS,619,52056,437,697052198474901504,26,binning 1   1,DR18
7087.6147,14.042155,0.65906125,17.12789,SDSS-SDSS,SDSS,619,52056,437,697052198474901504,26,binning 1   1,DR18
7089.245,13.46066,0.6525381,17.66942,SDSS-SDSS,SDSS,619,52056,437,697052198474901504,26,binning 1   1,DR18
7090.876,11.089792,0.6567835,17.05882,SDSS-SDSS,SDSS,619,52056,437,697052198474901504,26,binning 1   1,DR18
7092.511,10.617935,0.5360247,17.235,SDSS-SDSS,SDSS,619,52056,437,697052198474901504,26,binning 1   1,DR18
7094.143,11.041975,0.51566017,17.28957,SDSS-SDSS,SDSS,619,52056,437,697052198474901504,26,binning 1   1,DR18
7095.779,10.84176,0.49846134,17.368355,SDSS-SDSS,SDSS,619,52056,437,697052198474901504,26,binning 1   1,DR18
7097.411,11.241404,0.5948932,17.491674,SDSS-SDSS,SDSS,619,52056,437,697052198474901504,26,binning 1   1,DR18
7099.048,11.655348,0.59822696,17.108461,SDSS-SDSS,SDSS,619,52056,437,697052198474901504,26,binning 1   1,DR18
7100.681,13.31837,0.622799,17.87315,SDSS-SDSS,SDSS,619,52056,437,697052198474901504,26,binning 1   1,DR18
7102.3145,10.899118,0.62033665,17.857552,SDSS-SDSS,SDSS,619,52056,437,697052198474901504,26,binning 1   1,DR18
7103.952,11.166869,0.50840217,18.065998,SDSS-SDSS,SDSS,619,52056,437,697052198474901504,26,binning 1   1,DR18
7105.5864,10.590367,0.51457524,18.13655,SDSS-SDSS,SDSS,619,52056,437,697052198474901504,26,binning 1   1,DR18
7107.225,13.052849,0.6449163,17.837152,SDSS-SDSS,SDSS,619,52056,437,697052198474901504,26,binning 1   1,DR18
7108.86,13.773121,0.62322783,18.20825,SDSS-SDSS,SDSS,619,52056,437,697052198474901504,26,binning 1   1,DR18
7110.4995,13.808037,0.6267811,18.885033,SDSS-SDSS,SDSS,619,52056,437,697052198474901504,26,binning 1   1,DR18
7112.1353,14.008465,0.628848,18.833776,SDSS-SDSS,SDSS,619,52056,437,697052198474901504,26,binning 1   1,DR18
7113.7715,13.2038765,0.6255702,17.918856,SDSS-SDSS,SDSS,619,52056,437,697052198474901504,26,binning 1   1,DR18
7115.4116,13.946595,0.6325339,16.984468,SDSS-SDSS,SDSS,619,52056,437,697052198474901504,26,binning 1   1,DR18
7117.0483,14.294962,0.6442389,16.96278,SDSS-SDSS,SDSS,619,52056,437,697052198474901504,26,binning 1   1,DR18
7118.69,15.244706,0.7831393,17.607342,SDSS-SDSS,SDSS,619,52056,437,697052198474901504,26,binning 1   1,DR18
7120.327,14.335691,0.82045245,16.778082,SDSS-SDSS,SDSS,619,52056,437,697052198474901504,26,binning 1   1,DR18
7121.969,14.792791,0.77664566,16.32289,SDSS-SDSS,SDSS,619,52056,437,697052198474901504,26,binning 1   1,DR18
7123.608,10.068274,1.2620264,16.03068,SDSS-SDSS,SDSS,619,52056,437,697052198474901504,26,binning 1   1,DR18
7125.2466,12.529992,0.73543656,15.811146,SDSS-SDSS,SDSS,619,52056,437,697052198474901504,26,binning 1   1,DR18
7126.8896,11.147547,0.5051333,15.951808,SDSS-SDSS,SDSS,619,52056,437,697052198474901504,26,binning 1   1,DR18
7128.5293,10.601342,0.5105422,16.428583,SDSS-SDSS,SDSS,619,52056,437,697052198474901504,26,binning 1   1,DR18
7130.173,10.545966,0.5042262,16.451431,SDSS-SDSS,SDSS,619,52056,437,697052198474901504,26,binning 1   1,DR18
7131.813,9.846125,0.48617944,16.71085,SDSS-SDSS,SDSS,619,52056,437,697052198474901504,26,binning 1   1,DR18
7133.458,9.968005,0.48629478,17.301327,SDSS-SDSS,SDSS,619,52056,437,697052198474901504,26,binning 1   1,DR18
7135.0986,9.234647,0.4711982,17.883368,SDSS-SDSS,SDSS,619,52056,437,697052198474901504,26,binning 1   1,DR18
7136.74,9.138829,0.46073487,17.918056,SDSS-SDSS,SDSS,619,52056,437,697052198474901504,26,binning 1   1,DR18
7138.3857,8.898587,0.46041456,17.470678,SDSS-SDSS,SDSS,619,52056,437,697052198474901504,26,binning 1   1,DR18
7140.0283,9.797345,0.58158004,18.183271,SDSS-SDSS,SDSS,619,52056,437,697052198474901504,26,binning 1   1,DR18
7141.675,9.720683,0.5742506,17.591227,SDSS-SDSS,SDSS,619,52056,437,697052198474901504,26,binning 1   1,DR18
7143.3174,9.392009,0.48466685,16.972994,SDSS-SDSS,SDSS,619,52056,437,697052198474901504,26,binning 1   1,DR18
7144.965,9.453713,0.76018,17.43696,SDSS-SDSS,SDSS,619,52056,437,697052198474901504,26,binning 1   1,DR18
7146.6084,11.262741,0.83283216,18.111946,SDSS-SDSS,SDSS,619,52056,437,697052198474901504,26,binning 1   1,DR18
7148.2524,9.424434,0.5297485,17.394215,SDSS-SDSS,SDSS,619,52056,437,697052198474901504,26,binning 1   1,DR18
7149.901,9.996385,0.50016016,17.023897,SDSS-SDSS,SDSS,619,52056,437,697052198474901504,26,binning 1   1,DR18
7151.546,11.248979,0.63464516,18.014534,SDSS-SDSS,SDSS,619,52056,437,697052198474901504,26,binning 1   1,DR18
7153.195,11.591827,0.61855936,18.53931,SDSS-SDSS,SDSS,619,52056,437,697052198474901504,26,binning 1   1,DR18
7154.8403,11.283492,0.60904866,17.652563,SDSS-SDSS,SDSS,619,52056,437,697052198474901504,26,binning 1   1,DR18
7156.49,12.7435255,0.6160775,16.947748,SDSS-SDSS,SDSS,619,52056,437,697052198474901504,26,binning 1   1,DR18
7158.1367,11.225777,0.6303769,18.294767,SDSS-SDSS,SDSS,619,52056,437,697052198474901504,26,binning 1   1,DR18
7159.783,10.466093,0.64231956,18.005144,SDSS-SDSS,SDSS,619,52056,437,697052198474901504,26,binning 1   1,DR18
7161.4346,12.212164,0.65320474,18.334703,SDSS-SDSS,SDSS,619,52056,437,697052198474901504,26,binning 1   1,DR18
7163.082,11.187901,0.630769,17.877674,SDSS-SDSS,SDSS,619,52056,437,697052198474901504,26,binning 1   1,DR18
7164.734,10.200416,0.4910343,17.69485,SDSS-SDSS,SDSS,619,52056,437,697052198474901504,26,binning 1   1,DR18
7166.382,11.107563,0.5003987,18.469288,SDSS-SDSS,SDSS,619,52056,437,697052198474901504,26,binning 1   1,DR18
7168.0347,11.178264,0.50403833,18.49921,SDSS-SDSS,SDSS,619,52056,437,697052198474901504,26,binning 1   1,DR18
7169.6836,10.670389,0.6125336,18.038462,SDSS-SDSS,SDSS,619,52056,437,697052198474901504,26,binning 1   1,DR18
7171.337,11.882662,0.6363662,18.499866,SDSS-SDSS,SDSS,619,52056,437,697052198474901504,26,binning 1   1,DR18
7172.9863,11.863075,0.6347041,18.789719,SDSS-SDSS,SDSS,619,52056,437,697052198474901504,26,binning 1   1,DR18
7174.6367,12.961172,0.62816393,18.606176,SDSS-SDSS,SDSS,619,52056,437,697052198474901504,26,binning 1   1,DR18
7176.291,11.613932,0.63719165,18.611998,SDSS-SDSS,SDSS,619,52056,437,697052198474901504,26,binning 1   1,DR18
7177.942,11.819313,0.6586599,19.074184,SDSS-SDSS,SDSS,619,52056,437,697052198474901504,26,binning 1   1,DR18
7179.597,11.3333025,0.65341383,18.568512,SDSS-SDSS,SDSS,619,52056,437,697052198474901504,26,binning 1   1,DR18
7181.249,12.051598,0.639453,18.775644,SDSS-SDSS,SDSS,619,52056,437,697052198474901504,26,binning 1   1,DR18
7182.905,13.130908,0.6592753,18.710463,SDSS-SDSS,SDSS,619,52056,437,697052198474901504,26,binning 1   1,DR18
7184.557,11.878514,0.56036633,18.013538,SDSS-SDSS,SDSS,619,52056,437,697052198474901504,26,binning 1   1,DR18
7186.21,13.525816,0.7150536,17.826065,SDSS-SDSS,SDSS,619,52056,437,697052198474901504,26,binning 1   1,DR18
7187.867,14.888931,0.72658175,18.897408,SDSS-SDSS,SDSS,619,52056,437,697052198474901504,26,binning 1   1,DR18
7189.521,13.838923,0.72466975,18.19672,SDSS-SDSS,SDSS,619,52056,437,697052198474901504,26,binning 1   1,DR18
7191.1787,14.0962305,0.7041675,18.26157,SDSS-SDSS,SDSS,619,52056,437,697052198474901504,26,binning 1   1,DR18
7192.833,14.178407,0.7063448,18.63346,SDSS-SDSS,SDSS,619,52056,437,697052198474901504,26,binning 1   1,DR18
7194.4917,12.992675,0.6791198,18.814337,SDSS-SDSS,SDSS,619,52056,437,697052198474901504,26,binning 1   1,DR18
7196.1465,12.342828,0.65018153,18.962862,SDSS-SDSS,SDSS,619,52056,437,697052198474901504,26,binning 1   1,DR18
7197.8022,12.236581,0.5335249,19.12377,SDSS-SDSS,SDSS,619,52056,437,697052198474901504,26,binning 1   1,DR18
7199.462,12.59805,0.6629947,18.53455,SDSS-SDSS,SDSS,619,52056,437,697052198474901504,26,binning 1   1,DR18
7201.118,12.360903,0.6820626,19.577753,SDSS-SDSS,SDSS,619,52056,437,697052198474901504,26,binning 1   1,DR18
7202.779,12.35266,0.583124,19.872616,SDSS-SDSS,SDSS,619,52056,437,697052198474901504,26,binning 1   1,DR18
7204.4355,12.610065,0.5723365,19.830423,SDSS-SDSS,SDSS,619,52056,437,697052198474901504,26,binning 1   1,DR18
7206.097,12.373119,0.6520387,19.839369,SDSS-SDSS,SDSS,619,52056,437,697052198474901504,26,binning 1   1,DR18
7207.755,12.39015,0.64661163,18.553343,SDSS-SDSS,SDSS,619,52056,437,697052198474901504,26,binning 1   1,DR18
7209.413,12.476893,0.6449904,18.002022,SDSS-SDSS,SDSS,619,52056,437,697052198474901504,26,binning 1   1,DR18
7211.0757,14.312068,0.66494524,19.187311,SDSS-SDSS,SDSS,619,52056,437,697052198474901504,26,binning 1   1,DR18
7212.7344,13.042937,0.6521301,19.262234,SDSS-SDSS,SDSS,619,52056,437,697052198474901504,26,binning 1   1,DR18
7214.3975,12.299754,0.6517395,18.851255,SDSS-SDSS,SDSS,619,52056,437,697052198474901504,26,binning 1   1,DR18
7216.057,14.594654,0.6572374,19.105135,SDSS-SDSS,SDSS,619,52056,437,697052198474901504,26,binning 1   1,DR18
7217.721,13.427787,0.6488595,18.980198,SDSS-SDSS,SDSS,619,52056,437,697052198474901504,26,binning 1   1,DR18
7219.382,13.935005,0.6590002,18.25942,SDSS-SDSS,SDSS,619,52056,437,697052198474901504,26,binning 1   1,DR18
7221.0425,15.568464,0.6805287,18.83081,SDSS-SDSS,SDSS,619,52056,437,697052198474901504,26,binning 1   1,DR18
7222.7075,15.37626,0.70826495,18.940077,SDSS-SDSS,SDSS,619,52056,437,697052198474901504,26,binning 1   1,DR18
7224.369,14.392817,0.74315375,18.609941,SDSS-SDSS,SDSS,619,52056,437,697052198474901504,26,binning 1   1,DR18
7226.035,15.420082,0.7589515,18.785887,SDSS-SDSS,SDSS,619,52056,437,697052198474901504,26,binning 1   1,DR18
7227.6973,15.895242,0.76523554,19.116182,SDSS-SDSS,SDSS,619,52056,437,697052198474901504,26,binning 1   1,DR18
7229.3643,15.462727,0.7454589,17.941141,SDSS-SDSS,SDSS,619,52056,437,697052198474901504,26,binning 1   1,DR18
7231.0273,14.210054,0.5891253,18.065842,SDSS-SDSS,SDSS,619,52056,437,697052198474901504,26,binning 1   1,DR18
7232.691,14.894169,0.7432884,18.81092,SDSS-SDSS,SDSS,619,52056,437,697052198474901504,26,binning 1   1,DR18
7234.3584,17.381628,0.8068982,19.141945,SDSS-SDSS,SDSS,619,52056,437,697052198474901504,26,binning 1   1,DR18
7236.023,16.04947,0.8248277,19.011423,SDSS-SDSS,SDSS,619,52056,437,697052198474901504,26,binning 1   1,DR18
7237.6914,14.617024,0.669693,19.04515,SDSS-SDSS,SDSS,619,52056,437,697052198474901504,26,binning 1   1,DR18
7239.3564,15.793749,0.85525805,19.209131,SDSS-SDSS,SDSS,619,52056,437,697052198474901504,26,binning 1   1,DR18
7241.026,15.687903,1.0919667,19.877144,SDSS-SDSS,SDSS,619,52056,437,697052198474901504,26,binning 1   1,DR18
7242.692,13.768818,1.174117,20.30931,SDSS-SDSS,SDSS,619,52056,437,697052198474901504,26,binning 1   1,DR18
7244.358,14.748398,1.1250155,19.99608,SDSS-SDSS,SDSS,619,52056,437,697052198474901504,26,binning 1   1,DR18
7246.0283,14.813623,1.1685923,19.016966,SDSS-SDSS,SDSS,619,52056,437,697052198474901504,26,binning 1   1,DR18
7247.6953,14.6876,1.1809732,18.417522,SDSS-SDSS,SDSS,619,52056,437,697052198474901504,26,binning 1   1,DR18
7249.3667,16.679478,1.0902247,20.043976,SDSS-SDSS,SDSS,619,52056,437,697052198474901504,26,binning 1   1,DR18
7251.034,17.273483,0.85158426,20.113699,SDSS-SDSS,SDSS,619,52056,437,697052198474901504,26,binning 1   1,DR18
7252.7065,19.847067,0.89878553,19.949902,SDSS-SDSS,SDSS,619,52056,437,697052198474901504,26,binning 1   1,DR18
7254.375,18.242384,0.9680003,19.890415,SDSS-SDSS,SDSS,619,52056,437,697052198474901504,26,binning 1   1,DR18
7256.044,15.321605,0.72365236,19.88745,SDSS-SDSS,SDSS,619,52056,437,697052198474901504,26,binning 1   1,DR18
7257.717,16.143496,1.0201979,20.395058,SDSS-SDSS,SDSS,619,52056,437,697052198474901504,26,binning 1   1,DR18
7259.3867,19.292091,1.0355637,20.141123,SDSS-SDSS,SDSS,619,52056,437,697052198474901504,26,binning 1   1,DR18
7261.0605,19.17321,0.8444868,20.168505,SDSS-SDSS,SDSS,619,52056,437,697052198474901504,26,binning 1   1,DR18
7262.731,18.713444,0.816661,20.45914,SDSS-SDSS,SDSS,619,52056,437,697052198474901504,26,binning 1   1,DR18
7264.406,20.289577,0.8449982,20.428432,SDSS-SDSS,SDSS,619,52056,437,697052198474901504,26,binning 1   1,DR18
7266.077,20.875116,0.85083747,19.677624,SDSS-SDSS,SDSS,619,52056,437,697052198474901504,26,binning 1   1,DR18
7267.7485,19.967203,0.85362995,18.908302,SDSS-SDSS,SDSS,619,52056,437,697052198474901504,26,binning 1   1,DR18
7269.4243,20.407513,0.8556132,20.156265,SDSS-SDSS,SDSS,619,52056,437,697052198474901504,26,binning 1   1,DR18
7271.0967,22.057262,0.8828758,20.353312,SDSS-SDSS,SDSS,619,52056,437,697052198474901504,26,binning 1   1,DR18
7272.7734,20.756247,0.92859906,20.148457,SDSS-SDSS,SDSS,619,52056,437,697052198474901504,26,binning 1   1,DR18
7274.4463,17.503174,0.9276946,20.101103,SDSS-SDSS,SDSS,619,52056,437,697052198474901504,26,binning 1   1,DR18
7276.124,19.895468,1.4631907,20.003277,SDSS-SDSS,SDSS,619,52056,437,697052198474901504,26,binning 1   1,DR18
7277.798,19.331532,1.6796949,19.609207,SDSS-SDSS,SDSS,619,52056,437,697052198474901504,26,binning 1   1,DR18
7279.472,17.3551,1.3176634,19.359505,SDSS-SDSS,SDSS,619,52056,437,697052198474901504,26,binning 1   1,DR18
7281.151,19.07111,0.9140311,20.034225,SDSS-SDSS,SDSS,619,52056,437,697052198474901504,26,binning 1   1,DR18
7282.8257,17.969177,0.74465173,19.419512,SDSS-SDSS,SDSS,619,52056,437,697052198474901504,26,binning 1   1,DR18
7284.5054,17.196465,0.8508059,19.377306,SDSS-SDSS,SDSS,619,52056,437,697052198474901504,26,binning 1   1,DR18
7286.181,18.02918,0.99655616,20.606918,SDSS-SDSS,SDSS,619,52056,437,697052198474901504,26,binning 1   1,DR18
7287.8613,19.43032,0.9563783,20.39362,SDSS-SDSS,SDSS,619,52056,437,697052198474901504,26,binning 1   1,DR18
7289.5376,20.550758,0.9515323,20.527813,SDSS-SDSS,SDSS,619,52056,437,697052198474901504,26,binning 1   1,DR18
7291.215,21.870377,0.9044402,20.244453,SDSS-SDSS,SDSS,619,52056,437,697052198474901504,26,binning 1   1,DR18
7292.896,21.936682,0.94374335,20.410622,SDSS-SDSS,SDSS,619,52056,437,697052198474901504,26,binning 1   1,DR18
7294.5737,21.070446,0.76073194,20.898329,SDSS-SDSS,SDSS,619,52056,437,697052198474901504,26,binning 1   1,DR18
7296.256,19.22513,0.7552066,20.943357,SDSS-SDSS,SDSS,619,52056,437,697052198474901504,26,binning 1   1,DR18
7297.934,20.640713,0.9713958,20.252052,SDSS-SDSS,SDSS,619,52056,437,697052198474901504,26,binning 1   1,DR18
7299.617,23.554836,0.96288544,19.630678,SDSS-SDSS,SDSS,619,52056,437,697052198474901504,26,binning 1   1,DR18
7301.2964,22.583643,0.9046511,20.52015,SDSS-SDSS,SDSS,619,52056,437,697052198474901504,26,binning 1   1,DR18
7302.98,23.715403,1.1179396,20.780687,SDSS-SDSS,SDSS,619,52056,437,697052198474901504,26,binning 1   1,DR18
7304.66,22.646423,1.3239689,20.482592,SDSS-SDSS,SDSS,619,52056,437,697052198474901504,26,binning 1   1,DR18
7306.341,20.642185,1.1979799,20.280584,SDSS-SDSS,SDSS,619,52056,437,697052198474901504,26,binning 1   1,DR18
7308.0254,25.096512,1.0611384,19.765047,SDSS-SDSS,SDSS,619,52056,437,697052198474901504,26,binning 1   1,DR18
7309.7065,24.59638,0.9184441,19.53992,SDSS-SDSS,SDSS,619,52056,437,697052198474901504,26,binning 1   1,DR18
7311.392,24.929955,0.94911397,19.740044,SDSS-SDSS,SDSS,619,52056,437,697052198474901504,26,binning 1   1,DR18
7313.074,24.766417,1.016041,19.408743,SDSS-SDSS,SDSS,619,52056,437,697052198474901504,26,binning 1   1,DR18
7314.7607,22.252361,0.88678306,19.306005,SDSS-SDSS,SDSS,619,52056,437,697052198474901504,26,binning 1   1,DR18
7316.4434,24.901796,1.1996382,19.349827,SDSS-SDSS,SDSS,619,52056,437,697052198474901504,26,binning 1   1,DR18
7318.1265,17.051073,1.4772075,18.234083,SDSS-SDSS,SDSS,619,52056,437,697052198474901504,26,binning 1   1,DR18
7319.814,23.768932,1.7638618,18.316336,SDSS-SDSS,SDSS,619,52056,437,697052198474901504,26,binning 1   1,DR18
7321.498,24.460455,1.5366659,18.7048,SDSS-SDSS,SDSS,619,52056,437,697052198474901504,26,binning 1   1,DR18
7323.186,21.548208,1.2948924,19.918036,SDSS-SDSS,SDSS,619,52056,437,697052198474901504,26,binning 1   1,DR18
7324.871,27.456068,0.94379646,20.5523,SDSS-SDSS,SDSS,619,52056,437,697052198474901504,26,binning 1   1,DR18
7326.56,25.99211,0.9891584,20.155413,SDSS-SDSS,SDSS,619,52056,437,697052198474901504,26,binning 1   1,DR18
7328.2456,23.897438,0.87560815,20.5239,SDSS-SDSS,SDSS,619,52056,437,697052198474901504,26,binning 1   1,DR18
7329.931,21.919361,1.0523709,21.091637,SDSS-SDSS,SDSS,619,52056,437,697052198474901504,26,binning 1   1,DR18
7331.6216,24.620571,1.4927235,20.332838,SDSS-SDSS,SDSS,619,52056,437,697052198474901504,26,binning 1   1,DR18
7333.308,28.706326,1.2335162,20.968384,SDSS-SDSS,SDSS,619,52056,437,697052198474901504,26,binning 1   1,DR18
7334.9995,28.592022,1.0813838,22.740875,SDSS-SDSS,SDSS,619,52056,437,697052198474901504,26,binning 1   1,DR18
7336.6865,28.39631,1.1201181,23.723352,SDSS-SDSS,SDSS,619,52056,437,697052198474901504,26,binning 1   1,DR18
7338.3784,27.7595,1.1814666,23.365273,SDSS-SDSS,SDSS,619,52056,437,697052198474901504,26,binning 1   1,DR18
7340.067,26.790432,1.3759869,23.27708,SDSS-SDSS,SDSS,619,52056,437,697052198474901504,26,binning 1   1,DR18
7341.7554,24.906124,1.5014101,23.095728,SDSS-SDSS,SDSS,619,52056,437,697052198474901504,26,binning 1   1,DR18
7343.448,25.743193,1.3967764,22.37611,SDSS-SDSS,SDSS,619,52056,437,697052198474901504,26,binning 1   1,DR18
7345.1377,28.558287,1.5242988,22.34986,SDSS-SDSS,SDSS,619,52056,437,697052198474901504,26,binning 1   1,DR18
7346.8315,31.008867,1.1262956,22.943693,SDSS-SDSS,SDSS,619,52056,437,697052198474901504,26,binning 1   1,DR18
7348.5215,27.648268,0.98177135,22.112503,SDSS-SDSS,SDSS,619,52056,437,697052198474901504,26,binning 1   1,DR18
7350.2163,27.49652,0.9842659,21.008453,SDSS-SDSS,SDSS,619,52056,437,697052198474901504,26,binning 1   1,DR18
7351.9067,28.875067,1.0068908,21.309072,SDSS-SDSS,SDSS,619,52056,437,697052198474901504,26,binning 1   1,DR18
7353.598,29.235224,1.0504556,21.670444,SDSS-SDSS,SDSS,619,52056,437,697052198474901504,26,binning 1   1,DR18
7355.294,30.457811,1.0947647,21.303173,SDSS-SDSS,SDSS,619,52056,437,697052198474901504,26,binning 1   1,DR18
7356.986,30.433674,1.1390502,20.667238,SDSS-SDSS,SDSS,619,52056,437,697052198474901504,26,binning 1   1,DR18
7358.6826,26.94605,1.2392762,20.627226,SDSS-SDSS,SDSS,619,52056,437,697052198474901504,26,binning 1   1,DR18
7360.3755,25.469202,1.2878953,20.779104,SDSS-SDSS,SDSS,619,52056,437,697052198474901504,26,binning 1   1,DR18
7362.0728,31.442963,1.2307247,19.790354,SDSS-SDSS,SDSS,619,52056,437,697052198474901504,26,binning 1   1,DR18
7363.766,32.064175,1.0685579,19.65252,SDSS-SDSS,SDSS,619,52056,437,697052198474901504,26,binning 1   1,DR18
7365.4604,30.695889,1.0348151,20.254236,SDSS-SDSS,SDSS,619,52056,437,697052198474901504,26,binning 1   1,DR18
7367.1587,32.550713,1.1354871,20.646526,SDSS-SDSS,SDSS,619,52056,437,697052198474901504,26,binning 1   1,DR18
7368.8535,31.836586,1.4265875,20.681074,SDSS-SDSS,SDSS,619,52056,437,697052198474901504,26,binning 1   1,DR18
7370.5527,29.49218,1.380322,20.074785,SDSS-SDSS,SDSS,619,52056,437,697052198474901504,26,binning 1   1,DR18
7372.2485,25.243637,1.2928034,20.619448,SDSS-SDSS,SDSS,619,52056,437,697052198474901504,26,binning 1   1,DR18
7373.9487,32.22777,1.3475981,20.72616,SDSS-SDSS,SDSS,619,52056,437,697052198474901504,26,binning 1   1,DR18
7375.645,32.34005,1.0723715,20.882946,SDSS-SDSS,SDSS,619,52056,437,697052198474901504,26,binning 1   1,DR18
7377.342,32.446552,1.0331448,20.953176,SDSS-SDSS,SDSS,619,52056,437,697052198474901504,26,binning 1   1,DR18
7379.043,32.48117,1.0297368,19.653141,SDSS-SDSS,SDSS,619,52056,437,697052198474901504,26,binning 1   1,DR18
7380.74,32.159447,1.0313675,20.58678,SDSS-SDSS,SDSS,619,52056,437,697052198474901504,26,binning 1   1,DR18
7382.4424,32.111557,1.0295742,21.806128,SDSS-SDSS,SDSS,619,52056,437,697052198474901504,26,binning 1   1,DR18
7384.1406,32.35895,1.0159371,21.6943,SDSS-SDSS,SDSS,619,52056,437,697052198474901504,26,binning 1   1,DR18
7385.8433,30.9044,1.141323,20.827284,SDSS-SDSS,SDSS,619,52056,437,697052198474901504,26,binning 1   1,DR18
7387.5425,31.543715,1.1572871,20.448053,SDSS-SDSS,SDSS,619,52056,437,697052198474901504,26,binning 1   1,DR18
7389.242,31.754288,1.1818341,20.836637,SDSS-SDSS,SDSS,619,52056,437,697052198474901504,26,binning 1   1,DR18
7390.946,31.084301,1.096714,20.944366,SDSS-SDSS,SDSS,619,52056,437,697052198474901504,26,binning 1   1,DR18
7392.6465,33.369953,1.2275405,20.825567,SDSS-SDSS,SDSS,619,52056,437,697052198474901504,26,binning 1   1,DR18
7394.351,31.993177,1.2657864,20.872759,SDSS-SDSS,SDSS,619,52056,437,697052198474901504,26,binning 1   1,DR18
7396.0522,32.812313,1.1408714,21.23863,SDSS-SDSS,SDSS,619,52056,437,697052198474901504,26,binning 1   1,DR18
7397.7573,31.638517,1.0112903,21.536524,SDSS-SDSS,SDSS,619,52056,437,697052198474901504,26,binning 1   1,DR18
7399.4595,31.601337,1.0301683,21.116705,SDSS-SDSS,SDSS,619,52056,437,697052198474901504,26,binning 1   1,DR18
7401.1616,31.79168,1.2064443,20.35074,SDSS-SDSS,SDSS,619,52056,437,697052198474901504,26,binning 1   1,DR18
7402.868,32.185806,1.480386,20.777138,SDSS-SDSS,SDSS,619,52056,437,697052198474901504,26,binning 1   1,DR18
7404.5713,27.64171,1.4290417,21.027748,SDSS-SDSS,SDSS,619,52056,437,697052198474901504,26,binning 1   1,DR18
7406.279,34.06437,1.205126,20.882263,SDSS-SDSS,SDSS,619,52056,437,697052198474901504,26,binning 1   1,DR18
7407.9824,30.883554,1.0356337,20.84332,SDSS-SDSS,SDSS,619,52056,437,697052198474901504,26,binning 1   1,DR18
7409.691,30.807032,1.0103793,20.99484,SDSS-SDSS,SDSS,619,52056,437,697052198474901504,26,binning 1   1,DR18
7411.3955,33.25267,1.0357834,21.298447,SDSS-SDSS,SDSS,619,52056,437,697052198474901504,26,binning 1   1,DR18
7413.1006,31.754145,1.0364776,21.994946,SDSS-SDSS,SDSS,619,52056,437,697052198474901504,26,binning 1   1,DR18
7414.81,32.417263,1.0289259,22.44284,SDSS-SDSS,SDSS,619,52056,437,697052198474901504,26,binning 1   1,DR18
7416.5156,32.129635,1.020111,22.063923,SDSS-SDSS,SDSS,619,52056,437,697052198474901504,26,binning 1   1,DR18
7418.226,32.084267,1.0351174,21.830776,SDSS-SDSS,SDSS,619,52056,437,697052198474901504,26,binning 1   1,DR18
7419.9326,32.846252,1.0450486,22.87331,SDSS-SDSS,SDSS,619,52056,437,697052198474901504,26,binning 1   1,DR18
7421.6436,31.375116,1.0011011,21.796125,SDSS-SDSS,SDSS,619,52056,437,697052198474901504,26,binning 1   1,DR18
7423.3506,34.007572,1.0330821,21.94467,SDSS-SDSS,SDSS,619,52056,437,697052198474901504,26,binning 1   1,DR18
7425.0586,33.072056,1.0213492,21.79523,SDSS-SDSS,SDSS,619,52056,437,697052198474901504,26,binning 1   1,DR18
7426.7705,32.40159,1.0263774,21.22905,SDSS-SDSS,SDSS,619,52056,437,697052198474901504,26,binning 1   1,DR18
7428.4795,32.791782,1.0440207,21.377493,SDSS-SDSS,SDSS,619,52056,437,697052198474901504,26,binning 1   1,DR18
7430.1924,35.33334,1.1394122,21.930843,SDSS-SDSS,SDSS,619,52056,437,697052198474901504,26,binning 1   1,DR18
7431.9014,34.632324,1.4049044,19.998674,SDSS-SDSS,SDSS,619,52056,437,697052198474901504,26,binning 1   1,DR18
7433.615,33.2078,1.2961693,20.145025,SDSS-SDSS,SDSS,619,52056,437,697052198474901504,26,binning 1   1,DR18
7435.3257,34.06919,1.09485,20.679417,SDSS-SDSS,SDSS,619,52056,437,697052198474901504,26,binning 1   1,DR18
7437.04,32.618526,1.0882322,21.034473,SDSS-SDSS,SDSS,619,52056,437,697052198474901504,26,binning 1   1,DR18
7438.751,31.500303,1.2007333,21.323917,SDSS-SDSS,SDSS,619,52056,437,697052198474901504,26,binning 1   1,DR18
7440.4624,29.195612,1.089223,20.885334,SDSS-SDSS,SDSS,619,52056,437,697052198474901504,26,binning 1   1,DR18
7442.1777,32.628666,1.3039143,20.227028,SDSS-SDSS,SDSS,619,52056,437,697052198474901504,26,binning 1   1,DR18
7443.89,34.07142,1.0475177,20.424385,SDSS-SDSS,SDSS,619,52056,437,697052198474901504,26,binning 1   1,DR18
7445.6064,33.615345,1.0085478,20.536646,SDSS-SDSS,SDSS,619,52056,437,697052198474901504,26,binning 1   1,DR18
7447.3193,33.33405,1.0060629,20.790257,SDSS-SDSS,SDSS,619,52056,437,697052198474901504,26,binning 1   1,DR18
7449.0366,33.93082,1.1628675,21.146116,SDSS-SDSS,SDSS,619,52056,437,697052198474901504,26,binning 1   1,DR18
7450.7505,28.991457,1.1052924,21.011566,SDSS-SDSS,SDSS,619,52056,437,697052198474901504,26,binning 1   1,DR18
7452.4644,33.692734,1.0136094,22.26654,SDSS-SDSS,SDSS,619,52056,437,697052198474901504,26,binning 1   1,DR18
7454.183,33.600483,1.0140952,22.037947,SDSS-SDSS,SDSS,619,52056,437,697052198474901504,26,binning 1   1,DR18
7455.898,34.246265,1.0265431,22.131159,SDSS-SDSS,SDSS,619,52056,437,697052198474901504,26,binning 1   1,DR18
7457.617,34.18571,1.0244558,22.17041,SDSS-SDSS,SDSS,619,52056,437,697052198474901504,26,binning 1   1,DR18
7459.3325,33.917316,1.2120719,21.412823,SDSS-SDSS,SDSS,619,52056,437,697052198474901504,26,binning 1   1,DR18
7461.0527,33.78383,1.2430613,20.877487,SDSS-SDSS,SDSS,619,52056,437,697052198474901504,26,binning 1   1,DR18
7462.769,33.742622,1.0795734,20.852615,SDSS-SDSS,SDSS,619,52056,437,697052198474901504,26,binning 1   1,DR18
7464.486,31.351465,1.3151342,21.080547,SDSS-SDSS,SDSS,619,52056,437,697052198474901504,26,binning 1   1,DR18
7466.207,33.96893,1.3124373,20.716572,SDSS-SDSS,SDSS,619,52056,437,697052198474901504,26,binning 1   1,DR18
7467.925,35.525944,1.0919085,21.179556,SDSS-SDSS,SDSS,619,52056,437,697052198474901504,26,binning 1   1,DR18
7469.647,32.365845,1.2458354,22.18563,SDSS-SDSS,SDSS,619,52056,437,697052198474901504,26,binning 1   1,DR18
7471.365,33.07096,1.2299587,21.48646,SDSS-SDSS,SDSS,619,52056,437,697052198474901504,26,binning 1   1,DR18
7473.0884,34.420616,1.1257033,22.423386,SDSS-SDSS,SDSS,619,52056,437,697052198474901504,26,binning 1   1,DR18
7474.8076,33.97113,1.1739868,21.828419,SDSS-SDSS,SDSS,619,52056,437,697052198474901504,26,binning 1   1,DR18
7476.527,33.66206,1.1530533,21.41068,SDSS-SDSS,SDSS,619,52056,437,697052198474901504,26,binning 1   1,DR18
7478.251,34.20474,1.1346432,22.015575,SDSS-SDSS,SDSS,619,52056,437,697052198474901504,26,binning 1   1,DR18
7479.971,37.23928,1.2068197,22.2676,SDSS-SDSS,SDSS,619,52056,437,697052198474901504,26,binning 1   1,DR18
7481.6963,35.14443,1.1909895,21.181335,SDSS-SDSS,SDSS,619,52056,437,697052198474901504,26,binning 1   1,DR18
7483.4175,32.72634,0.9813929,22.478382,SDSS-SDSS,SDSS,619,52056,437,697052198474901504,26,binning 1   1,DR18
7485.143,33.964756,1.233471,22.688467,SDSS-SDSS,SDSS,619,52056,437,697052198474901504,26,binning 1   1,DR18
7486.865,36.0551,1.200616,22.260885,SDSS-SDSS,SDSS,619,52056,437,697052198474901504,26,binning 1   1,DR18
7488.5874,34.562607,1.0860066,22.304989,SDSS-SDSS,SDSS,619,52056,437,697052198474901504,26,binning 1   1,DR18
7490.3145,34.872803,1.0413246,22.46205,SDSS-SDSS,SDSS,619,52056,437,697052198474901504,26,binning 1   1,DR18
7492.037,33.414726,1.0411818,21.862976,SDSS-SDSS,SDSS,619,52056,437,697052198474901504,26,binning 1   1,DR18
7493.765,33.014896,1.0770354,22.534801,SDSS-SDSS,SDSS,619,52056,437,697052198474901504,26,binning 1   1,DR18
7495.489,35.233498,1.1094073,21.757196,SDSS-SDSS,SDSS,619,52056,437,697052198474901504,26,binning 1   1,DR18
7497.2173,36.271595,1.108595,22.185648,SDSS-SDSS,SDSS,619,52056,437,697052198474901504,26,binning 1   1,DR18
7498.942,34.82611,1.0648162,23.296907,SDSS-SDSS,SDSS,619,52056,437,697052198474901504,26,binning 1   1,DR18
7500.667,35.460217,1.0491858,23.36918,SDSS-SDSS,SDSS,619,52056,437,697052198474901504,26,binning 1   1,DR18
7502.397,35.99354,1.0500345,22.596748,SDSS-SDSS,SDSS,619,52056,437,697052198474901504,26,binning 1   1,DR18
7504.1226,37.2204,1.0607635,21.889874,SDSS-SDSS,SDSS,619,52056,437,697052198474901504,26,binning 1   1,DR18
7505.853,35.759914,1.038112,21.678196,SDSS-SDSS,SDSS,619,52056,437,697052198474901504,26,binning 1   1,DR18
7507.58,35.390118,1.0335271,21.54206,SDSS-SDSS,SDSS,619,52056,437,697052198474901504,26,binning 1   1,DR18
7509.311,35.2858,1.0292611,21.907253,SDSS-SDSS,SDSS,619,52056,437,697052198474901504,26,binning 1   1,DR18
7511.0386,35.9507,1.0490001,22.622131,SDSS-SDSS,SDSS,619,52056,437,697052198474901504,26,binning 1   1,DR18
7512.7666,37.511967,1.0805246,22.433048,SDSS-SDSS,SDSS,619,52056,437,697052198474901504,26,binning 1   1,DR18
7514.499,36.129852,1.2297709,21.719524,SDSS-SDSS,SDSS,619,52056,437,697052198474901504,26,binning 1   1,DR18
7516.2275,36.04546,1.2551057,22.353285,SDSS-SDSS,SDSS,619,52056,437,697052198474901504,26,binning 1   1,DR18
7517.961,36.390713,1.102005,22.789629,SDSS-SDSS,SDSS,619,52056,437,697052198474901504,26,binning 1   1,DR18
7519.6904,37.100784,1.1320053,22.332632,SDSS-SDSS,SDSS,619,52056,437,697052198474901504,26,binning 1   1,DR18
7521.4243,37.311325,1.1381084,21.91271,SDSS-SDSS,SDSS,619,52056,437,697052198474901504,26,binning 1   1,DR18
7523.155,36.87652,1.2432051,22.367125,SDSS-SDSS,SDSS,619,52056,437,697052198474901504,26,binning 1   1,DR18
7524.8853,34.73898,1.5678761,21.826221,SDSS-SDSS,SDSS,619,52056,437,697052198474901504,26,binning 1   1,DR18
7526.6206,36.366207,1.6450865,22.848713,SDSS-SDSS,SDSS,619,52056,437,697052198474901504,26,binning 1   1,DR18
7528.352,34.82594,1.3096786,22.700108,SDSS-SDSS,SDSS,619,52056,437,697052198474901504,26,binning 1   1,DR18
7530.0884,34.324413,1.1065451,21.870022,SDSS-SDSS,SDSS,619,52056,437,697052198474901504,26,binning 1   1,DR18
7531.8203,37.320663,1.166573,22.141699,SDSS-SDSS,SDSS,619,52056,437,697052198474901504,26,binning 1   1,DR18
7533.557,36.230736,1.2061709,22.932873,SDSS-SDSS,SDSS,619,52056,437,697052198474901504,26,binning 1   1,DR18
7535.2905,38.18945,1.1415322,21.950098,SDSS-SDSS,SDSS,619,52056,437,697052198474901504,26,binning 1   1,DR18
7537.024,36.823833,1.0722648,22.238464,SDSS-SDSS,SDSS,619,52056,437,697052198474901504,26,binning 1   1,DR18
7538.7617,37.605907,1.10654,22.202765,SDSS-SDSS,SDSS,619,52056,437,697052198474901504,26,binning 1   1,DR18
7540.496,38.49307,1.1619248,21.525421,SDSS-SDSS,SDSS,619,52056,437,697052198474901504,26,binning 1   1,DR18
7542.235,39.079735,1.1731945,21.772877,SDSS-SDSS,SDSS,619,52056,437,697052198474901504,26,binning 1   1,DR18
7543.97,38.40916,1.124744,23.595247,SDSS-SDSS,SDSS,619,52056,437,697052198474901504,26,binning 1   1,DR18
7545.7095,38.57171,1.0988733,23.235394,SDSS-SDSS,SDSS,619,52056,437,697052198474901504,26,binning 1   1,DR18
7547.4453,39.787067,1.1324207,22.898228,SDSS-SDSS,SDSS,619,52056,437,697052198474901504,26,binning 1   1,DR18
7549.1816,38.789814,1.1291183,23.588278,SDSS-SDSS,SDSS,619,52056,437,697052198474901504,26,binning 1   1,DR18
7550.923,39.007183,1.1250852,24.65072,SDSS-SDSS,SDSS,619,52056,437,697052198474901504,26,binning 1   1,DR18
7552.6597,37.862225,1.0995414,25.094463,SDSS-SDSS,SDSS,619,52056,437,697052198474901504,26,binning 1   1,DR18
7554.4014,36.754745,1.0950185,24.349796,SDSS-SDSS,SDSS,619,52056,437,697052198474901504,26,binning 1   1,DR18
7556.139,34.92329,1.1181413,22.38341,SDSS-SDSS,SDSS,619,52056,437,697052198474901504,26,binning 1   1,DR18
7557.882,36.086227,1.1946905,22.347383,SDSS-SDSS,SDSS,619,52056,437,697052198474901504,26,binning 1   1,DR18
7559.62,38.70572,1.2310226,22.79529,SDSS-SDSS,SDSS,619,52056,437,697052198474901504,26,binning 1   1,DR18
7561.3594,36.893707,1.1668092,22.54741,SDSS-SDSS,SDSS,619,52056,437,697052198474901504,26,binning 1   1,DR18
7563.103,38.29531,1.1360762,22.445145,SDSS-SDSS,SDSS,619,52056,437,697052198474901504,26,binning 1   1,DR18
7564.843,38.803406,1.1324879,23.564747,SDSS-SDSS,SDSS,619,52056,437,697052198474901504,26,binning 1   1,DR18
7566.5874,37.286476,1.1046238,23.0767,SDSS-SDSS,SDSS,619,52056,437,697052198474901504,26,binning 1   1,DR18
7568.328,37.310474,1.301416,23.061293,SDSS-SDSS,SDSS,619,52056,437,697052198474901504,26,binning 1   1,DR18
7570.073,36.63943,1.38529,21.60552,SDSS-SDSS,SDSS,619,52056,437,697052198474901504,26,binning 1   1,DR18
7571.815,39.175404,1.3100322,20.84022,SDSS-SDSS,SDSS,619,52056,437,697052198474901504,26,binning 1   1,DR18
7573.561,36.90887,1.3819437,21.88963,SDSS-SDSS,SDSS,619,52056,437,697052198474901504,26,binning 1   1,DR18
7575.303,39.51556,1.4620486,22.005463,SDSS-SDSS,SDSS,619,52056,437,697052198474901504,26,binning 1   1,DR18
7577.046,41.263416,1.3618747,22.180323,SDSS-SDSS,SDSS,619,52056,437,697052198474901504,26,binning 1   1,DR18
7578.793,39.13124,1.2017874,22.829134,SDSS-SDSS,SDSS,619,52056,437,697052198474901504,26,binning 1   1,DR18
7580.5366,41.365707,1.1941183,22.311796,SDSS-SDSS,SDSS,619,52056,437,697052198474901504,26,binning 1   1,DR18
7582.2847,38.63042,1.1610993,22.073898,SDSS-SDSS,SDSS,619,52056,437,697052198474901504,26,binning 1   1,DR18
7584.029,37.54406,1.1492382,23.140284,SDSS-SDSS,SDSS,619,52056,437,697052198474901504,26,binning 1   1,DR18
7585.778,32.371506,1.5268142,23.824648,SDSS-SDSS,SDSS,619,52056,437,697052198474901504,26,binning 1   1,DR18
7587.523,29.042099,1.150201,23.851822,SDSS-SDSS,SDSS,619,52056,437,697052198474901504,26,binning 1   1,DR18
7589.2686,32.195446,1.1283805,22.919695,SDSS-SDSS,SDSS,619,52056,437,697052198474901504,26,binning 1   1,DR18
7591.0186,29.911968,0.8581718,22.502413,SDSS-SDSS,SDSS,619,52056,437,697052198474901504,26,binning 1   1,DR18
7592.7646,29.764122,0.83068824,23.07072,SDSS-SDSS,SDSS,619,52056,437,697052198474901504,26,binning 1   1,DR18
7594.5156,27.546846,0.84592146,23.575678,SDSS-SDSS,SDSS,619,52056,437,697052198474901504,26,binning 1   1,DR18
7596.2627,26.021187,0.95208603,23.012884,SDSS-SDSS,SDSS,619,52056,437,697052198474901504,26,binning 1   1,DR18
7598.014,23.900137,1.1791779,23.406456,SDSS-SDSS,SDSS,619,52056,437,697052198474901504,26,binning 1   1,DR18
7599.762,25.594639,1.5315282,23.769024,SDSS-SDSS,SDSS,619,52056,437,697052198474901504,26,binning 1   1,DR18
7601.5107,26.861034,1.6513107,23.962784,SDSS-SDSS,SDSS,619,52056,437,697052198474901504,26,binning 1   1,DR18
7603.2637,26.615255,1.6544746,23.570515,SDSS-SDSS,SDSS,619,52056,437,697052198474901504,26,binning 1   1,DR18
7605.0127,33.226902,2.4430072,22.967333,SDSS-SDSS,SDSS,619,52056,437,697052198474901504,26,binning 1   1,DR18
7606.766,23.892597,2.4453714,23.260838,SDSS-SDSS,SDSS,619,52056,437,697052198474901504,26,binning 1   1,DR18
7608.516,29.951675,2.0316148,23.358198,SDSS-SDSS,SDSS,619,52056,437,697052198474901504,26,binning 1   1,DR18
7610.271,30.500847,1.8917278,23.684278,SDSS-SDSS,SDSS,619,52056,437,697052198474901504,26,binning 1   1,DR18
7612.0215,28.007835,1.3929104,23.473318,SDSS-SDSS,SDSS,619,52056,437,697052198474901504,26,binning 1   1,DR18
7613.7725,29.773203,1.2949313,23.643131,SDSS-SDSS,SDSS,619,52056,437,697052198474901504,26,binning 1   1,DR18
7615.5283,29.311787,1.1436698,24.419706,SDSS-SDSS,SDSS,619,52056,437,697052198474901504,26,binning 1   1,DR18
7617.2803,31.845367,1.3274916,24.364252,SDSS-SDSS,SDSS,619,52056,437,697052198474901504,26,binning 1   1,DR18
7619.0366,33.4533,1.2906471,24.379076,SDSS-SDSS,SDSS,619,52056,437,697052198474901504,26,binning 1   1,DR18
7620.7896,34.129814,1.2496296,24.951683,SDSS-SDSS,SDSS,619,52056,437,697052198474901504,26,binning 1   1,DR18
7622.547,31.158981,1.3926121,24.774525,SDSS-SDSS,SDSS,619,52056,437,697052198474901504,26,binning 1   1,DR18
7624.3003,28.590538,1.1735893,23.960194,SDSS-SDSS,SDSS,619,52056,437,697052198474901504,26,binning 1   1,DR18
7626.054,28.615883,1.1374006,23.824823,SDSS-SDSS,SDSS,619,52056,437,697052198474901504,26,binning 1   1,DR18
7627.813,28.346222,1.1744735,24.593739,SDSS-SDSS,SDSS,619,52056,437,697052198474901504,26,binning 1   1,DR18
7629.568,27.754337,1.2765186,23.029673,SDSS-SDSS,SDSS,619,52056,437,697052198474901504,26,binning 1   1,DR18
7631.327,26.696907,1.3244854,22.838593,SDSS-SDSS,SDSS,619,52056,437,697052198474901504,26,binning 1   1,DR18
7633.0825,27.29138,1.2247447,23.202816,SDSS-SDSS,SDSS,619,52056,437,697052198474901504,26,binning 1   1,DR18
7634.843,26.232399,1.0582787,23.699726,SDSS-SDSS,SDSS,619,52056,437,697052198474901504,26,binning 1   1,DR18
7636.599,24.303303,0.9795573,24.034891,SDSS-SDSS,SDSS,619,52056,437,697052198474901504,26,binning 1   1,DR18
7638.356,24.638021,1.1515543,23.56884,SDSS-SDSS,SDSS,619,52056,437,697052198474901504,26,binning 1   1,DR18
7640.117,26.67801,1.1369658,23.69465,SDSS-SDSS,SDSS,619,52056,437,697052198474901504,26,binning 1   1,DR18
7641.875,28.5136,1.1713996,24.03834,SDSS-SDSS,SDSS,619,52056,437,697052198474901504,26,binning 1   1,DR18
7643.637,26.719679,1.1336768,25.409716,SDSS-SDSS,SDSS,619,52056,437,697052198474901504,26,binning 1   1,DR18
7645.3955,24.403776,0.9213992,26.20803,SDSS-SDSS,SDSS,619,52056,437,697052198474901504,26,binning 1   1,DR18
7647.1587,24.380207,0.90465003,25.60936,SDSS-SDSS,SDSS,619,52056,437,697052198474901504,26,binning 1   1,DR18
7648.918,25.93251,1.0572411,25.335955,SDSS-SDSS,SDSS,619,52056,437,697052198474901504,26,binning 1   1,DR18
7650.6772,27.729504,1.0807354,25.470444,SDSS-SDSS,SDSS,619,52056,437,697052198474901504,26,binning 1   1,DR18
7652.442,24.508,1.0630097,26.29686,SDSS-SDSS,SDSS,619,52056,437,697052198474901504,26,binning 1   1,DR18
7654.202,24.927551,0.8761501,24.646805,SDSS-SDSS,SDSS,619,52056,437,697052198474901504,26,binning 1   1,DR18
7655.9673,23.614885,0.88321173,24.044586,SDSS-SDSS,SDSS,619,52056,437,697052198474901504,26,binning 1   1,DR18
7657.7285,21.506474,0.9295325,25.914497,SDSS-SDSS,SDSS,619,52056,437,697052198474901504,26,binning 1   1,DR18
7659.494,22.215242,1.1997269,25.469206,SDSS-SDSS,SDSS,619,52056,437,697052198474901504,26,binning 1   1,DR18
7661.2563,21.266037,1.2618307,24.691977,SDSS-SDSS,SDSS,619,52056,437,697052198474901504,26,binning 1   1,DR18
7663.0186,20.749838,1.2551986,25.347885,SDSS-SDSS,SDSS,619,52056,437,697052198474901504,26,binning 1   1,DR18
7664.7856,18.252815,0.8008762,24.6062,SDSS-SDSS,SDSS,619,52056,437,697052198474901504,26,binning 1   1,DR18
7666.5493,19.497166,0.7827604,24.048681,SDSS-SDSS,SDSS,619,52056,437,697052198474901504,26,binning 1   1,DR18
7668.317,15.649894,0.7141948,24.77328,SDSS-SDSS,SDSS,619,52056,437,697052198474901504,26,binning 1   1,DR18
7670.081,15.342619,0.6785065,24.465734,SDSS-SDSS,SDSS,619,52056,437,697052198474901504,26,binning 1   1,DR18
7671.8496,18.797188,0.7944851,24.6722,SDSS-SDSS,SDSS,619,52056,437,697052198474901504,26,binning 1   1,DR18
7673.6147,20.545631,0.8186304,25.304422,SDSS-SDSS,SDSS,619,52056,437,697052198474901504,26,binning 1   1,DR18
7675.38,19.652798,0.7986152,25.608593,SDSS-SDSS,SDSS,619,52056,437,697052198474901504,26,binning 1   1,DR18
7677.15,20.245205,0.82564455,25.768272,SDSS-SDSS,SDSS,619,52056,437,697052198474901504,26,binning 1   1,DR18
7678.916,19.391212,0.8556111,25.950409,SDSS-SDSS,SDSS,619,52056,437,697052198474901504,26,binning 1   1,DR18
7680.687,21.976234,0.8780285,25.889357,SDSS-SDSS,SDSS,619,52056,437,697052198474901504,26,binning 1   1,DR18
7682.4536,20.774818,0.8511456,26.199528,SDSS-SDSS,SDSS,619,52056,437,697052198474901504,26,binning 1   1,DR18
7684.225,20.65074,0.8603342,25.714504,SDSS-SDSS,SDSS,619,52056,437,697052198474901504,26,binning 1   1,DR18
7685.993,22.011093,1.0026193,25.568653,SDSS-SDSS,SDSS,619,52056,437,697052198474901504,26,binning 1   1,DR18
7687.761,22.52887,1.0183057,25.293081,SDSS-SDSS,SDSS,619,52056,437,697052198474901504,26,binning 1   1,DR18
7689.534,22.745556,0.9147625,24.824183,SDSS-SDSS,SDSS,619,52056,437,697052198474901504,26,binning 1   1,DR18
7691.3027,21.16232,0.88466907,25.392025,SDSS-SDSS,SDSS,619,52056,437,697052198474901504,26,binning 1   1,DR18
7693.0767,20.029572,0.72262293,25.66677,SDSS-SDSS,SDSS,619,52056,437,697052198474901504,26,binning 1   1,DR18
7694.846,19.305992,0.70738363,26.124502,SDSS-SDSS,SDSS,619,52056,437,697052198474901504,26,binning 1   1,DR18
7696.6206,18.708687,0.68695784,26.641422,SDSS-SDSS,SDSS,619,52056,437,697052198474901504,26,binning 1   1,DR18
7698.391,18.65164,0.7104502,25.841686,SDSS-SDSS,SDSS,619,52056,437,697052198474901504,26,binning 1   1,DR18
7700.162,17.048506,0.7505087,24.485209,SDSS-SDSS,SDSS,619,52056,437,697052198474901504,26,binning 1   1,DR18
7701.938,16.711246,0.7581357,25.48363,SDSS-SDSS,SDSS,619,52056,437,697052198474901504,26,binning 1   1,DR18
7703.71,18.408104,0.86771876,26.633018,SDSS-SDSS,SDSS,619,52056,437,697052198474901504,26,binning 1   1,DR18
7705.4863,20.14325,0.8555702,25.369434,SDSS-SDSS,SDSS,619,52056,437,697052198474901504,26,binning 1   1,DR18
7707.259,21.208214,0.8768576,25.337564,SDSS-SDSS,SDSS,619,52056,437,697052198474901504,26,binning 1   1,DR18
7709.036,20.84184,0.83941734,26.031336,SDSS-SDSS,SDSS,619,52056,437,697052198474901504,26,binning 1   1,DR18
7710.8096,21.969898,0.9904697,26.078762,SDSS-SDSS,SDSS,619,52056,437,697052198474901504,26,binning 1   1,DR18
7712.588,21.766026,1.449184,26.482311,SDSS-SDSS,SDSS,619,52056,437,697052198474901504,26,binning 1   1,DR18
7714.362,18.839495,1.2747067,26.476414,SDSS-SDSS,SDSS,619,52056,437,697052198474901504,26,binning 1   1,DR18
7716.1367,18.153408,1.205233,26.221098,SDSS-SDSS,SDSS,619,52056,437,697052198474901504,26,binning 1   1,DR18
7717.916,24.014053,1.4113945,25.829645,SDSS-SDSS,SDSS,619,52056,437,697052198474901504,26,binning 1   1,DR18
7719.6914,19.562008,1.5098077,25.78598,SDSS-SDSS,SDSS,619,52056,437,697052198474901504,26,binning 1   1,DR18
7721.4717,21.024818,1.0350546,26.138777,SDSS-SDSS,SDSS,619,52056,437,697052198474901504,26,binning 1   1,DR18
7723.248,24.316908,0.9634923,26.0252,SDSS-SDSS,SDSS,619,52056,437,697052198474901504,26,binning 1   1,DR18
7725.029,24.116623,1.0004776,24.947674,SDSS-SDSS,SDSS,619,52056,437,697052198474901504,26,binning 1   1,DR18
7726.806,24.528069,1.1130859,25.147512,SDSS-SDSS,SDSS,619,52056,437,697052198474901504,26,binning 1   1,DR18
7728.5835,21.553574,0.8906927,24.839014,SDSS-SDSS,SDSS,619,52056,437,697052198474901504,26,binning 1   1,DR18
7730.3657,25.948452,1.0167613,24.357168,SDSS-SDSS,SDSS,619,52056,437,697052198474901504,26,binning 1   1,DR18
7732.144,26.400515,0.9527384,24.732765,SDSS-SDSS,SDSS,619,52056,437,697052198474901504,26,binning 1   1,DR18
7733.9272,25.68333,0.96305966,25.55879,SDSS-SDSS,SDSS,619,52056,437,697052198474901504,26,binning 1   1,DR18
7735.7065,26.767637,0.97726315,26.219908,SDSS-SDSS,SDSS,619,52056,437,697052198474901504,26,binning 1   1,DR18
7737.49,25.490448,1.3492662,26.405073,SDSS-SDSS,SDSS,619,52056,437,697052198474901504,26,binning 1   1,DR18
7739.27,23.018913,1.2798767,26.071709,SDSS-SDSS,SDSS,619,52056,437,697052198474901504,26,binning 1   1,DR18
7741.051,25.748596,0.93665415,26.192066,SDSS-SDSS,SDSS,619,52056,437,697052198474901504,26,binning 1   1,DR18
7742.8354,22.931381,0.76201755,26.948462,SDSS-SDSS,SDSS,619,52056,437,697052198474901504,26,binning 1   1,DR18
7744.6167,21.718794,0.8968751,27.088524,SDSS-SDSS,SDSS,619,52056,437,697052198474901504,26,binning 1   1,DR18
7746.403,22.080221,0.91950136,26.623566,SDSS-SDSS,SDSS,619,52056,437,697052198474901504,26,binning 1   1,DR18
7748.185,21.562134,0.82026917,26.645761,SDSS-SDSS,SDSS,619,52056,437,697052198474901504,26,binning 1   1,DR18
7749.9717,20.151672,1.1763574,26.702366,SDSS-SDSS,SDSS,619,52056,437,697052198474901504,26,binning 1   1,DR18
7751.7544,22.1021,1.7736177,27.020872,SDSS-SDSS,SDSS,619,52056,437,697052198474901504,26,binning 1   1,DR18
7753.5376,17.811026,1.8937399,27.521978,SDSS-SDSS,SDSS,619,52056,437,697052198474901504,26,binning 1   1,DR18
7755.3257,25.424494,1.4092385,27.478367,SDSS-SDSS,SDSS,619,52056,437,697052198474901504,26,binning 1   1,DR18
7757.11,23.438173,1.0338594,27.74021,SDSS-SDSS,SDSS,619,52056,437,697052198474901504,26,binning 1   1,DR18
7758.8984,19.577858,1.0952756,27.356771,SDSS-SDSS,SDSS,619,52056,437,697052198474901504,26,binning 1   1,DR18
7760.6836,21.463573,1.1396446,27.18151,SDSS-SDSS,SDSS,619,52056,437,697052198474901504,26,binning 1   1,DR18
7762.473,19.348335,1.2793239,27.249453,SDSS-SDSS,SDSS,619,52056,437,697052198474901504,26,binning 1   1,DR18
7764.259,22.268347,1.1729584,27.064524,SDSS-SDSS,SDSS,619,52056,437,697052198474901504,26,binning 1   1,DR18
7766.045,21.826508,0.90221816,26.46354,SDSS-SDSS,SDSS,619,52056,437,697052198474901504,26,binning 1   1,DR18
7767.836,21.113134,0.8320873,25.863111,SDSS-SDSS,SDSS,619,52056,437,697052198474901504,26,binning 1   1,DR18
7769.6226,23.886549,1.1000458,27.15193,SDSS-SDSS,SDSS,619,52056,437,697052198474901504,26,binning 1   1,DR18
7771.4146,25.374813,0.93552953,27.09449,SDSS-SDSS,SDSS,619,52056,437,697052198474901504,26,binning 1   1,DR18
7773.202,23.251925,1.0315431,26.65114,SDSS-SDSS,SDSS,619,52056,437,697052198474901504,26,binning 1   1,DR18
7774.9946,23.344015,0.9612984,27.29158,SDSS-SDSS,SDSS,619,52056,437,697052198474901504,26,binning 1   1,DR18
7776.783,24.670689,1.0624759,27.527895,SDSS-SDSS,SDSS,619,52056,437,697052198474901504,26,binning 1   1,DR18
7778.5723,22.422338,0.9480749,27.230003,SDSS-SDSS,SDSS,619,52056,437,697052198474901504,26,binning 1   1,DR18
7780.366,23.79706,1.0374194,27.072182,SDSS-SDSS,SDSS,619,52056,437,697052198474901504,26,binning 1   1,DR18
7782.156,26.392305,1.1930338,26.799917,SDSS-SDSS,SDSS,619,52056,437,697052198474901504,26,binning 1   1,DR18
7783.9507,21.857964,0.91244453,26.649952,SDSS-SDSS,SDSS,619,52056,437,697052198474901504,26,binning 1   1,DR18
7785.741,22.685818,0.8153776,27.101322,SDSS-SDSS,SDSS,619,52056,437,697052198474901504,26,binning 1   1,DR18
7787.5366,21.84949,0.7813857,28.014011,SDSS-SDSS,SDSS,619,52056,437,697052198474901504,26,binning 1   1,DR18
7789.328,22.223877,0.80608296,28.236689,SDSS-SDSS,SDSS,619,52056,437,697052198474901504,26,binning 1   1,DR18
7791.12,23.264156,0.8334295,28.61961,SDSS-SDSS,SDSS,619,52056,437,697052198474901504,26,binning 1   1,DR18
7792.9165,20.242004,0.9557915,28.837097,SDSS-SDSS,SDSS,619,52056,437,697052198474901504,26,binning 1   1,DR18
7794.7095,23.294214,1.3871112,28.74962,SDSS-SDSS,SDSS,619,52056,437,697052198474901504,26,binning 1   1,DR18
7796.507,20.949642,1.7606783,28.705317,SDSS-SDSS,SDSS,619,52056,437,697052198474901504,26,binning 1   1,DR18
7798.3003,29.552776,1.5652531,28.974531,SDSS-SDSS,SDSS,619,52056,437,697052198474901504,26,binning 1   1,DR18
7800.0986,25.449152,0.9788978,28.784908,SDSS-SDSS,SDSS,619,52056,437,697052198474901504,26,binning 1   1,DR18
7801.893,24.866417,0.9090112,28.26866,SDSS-SDSS,SDSS,619,52056,437,697052198474901504,26,binning 1   1,DR18
7803.688,26.781548,0.94098884,28.330305,SDSS-SDSS,SDSS,619,52056,437,697052198474901504,26,binning 1   1,DR18
7805.4873,27.673456,0.9585831,28.70287,SDSS-SDSS,SDSS,619,52056,437,697052198474901504,26,binning 1   1,DR18
7807.283,26.29513,1.19576,28.974417,SDSS-SDSS,SDSS,619,52056,437,697052198474901504,26,binning 1   1,DR18
7809.0835,30.612799,1.5242767,29.295113,SDSS-SDSS,SDSS,619,52056,437,697052198474901504,26,binning 1   1,DR18
7810.88,26.238747,1.5593734,29.195473,SDSS-SDSS,SDSS,619,52056,437,697052198474901504,26,binning 1   1,DR18
7812.681,28.872406,1.4107685,28.90881,SDSS-SDSS,SDSS,619,52056,437,697052198474901504,26,binning 1   1,DR18
7814.4785,27.643984,1.2188792,28.787113,SDSS-SDSS,SDSS,619,52056,437,697052198474901504,26,binning 1   1,DR18
7816.276,26.139061,1.0393422,28.967539,SDSS-SDSS,SDSS,619,52056,437,697052198474901504,26,binning 1   1,DR18
7818.0786,27.368298,1.0518396,29.091396,SDSS-SDSS,SDSS,619,52056,437,697052198474901504,26,binning 1   1,DR18
7819.877,26.41606,1.2363273,28.808538,SDSS-SDSS,SDSS,619,52056,437,697052198474901504,26,binning 1   1,DR18
7821.68,25.929035,1.5992031,29.19608,SDSS-SDSS,SDSS,619,52056,437,697052198474901504,26,binning 1   1,DR18
7823.4795,25.687418,1.8800769,29.48054,SDSS-SDSS,SDSS,619,52056,437,697052198474901504,26,binning 1   1,DR18
7825.2837,26.439985,1.4311112,29.549957,SDSS-SDSS,SDSS,619,52056,437,697052198474901504,26,binning 1   1,DR18
7827.084,27.527302,0.95438087,29.555569,SDSS-SDSS,SDSS,619,52056,437,697052198474901504,26,binning 1   1,DR18
7828.8843,25.309877,0.82697755,29.25633,SDSS-SDSS,SDSS,619,52056,437,697052198474901504,26,binning 1   1,DR18
7830.69,23.562845,0.78589964,28.457788,SDSS-SDSS,SDSS,619,52056,437,697052198474901504,26,binning 1   1,DR18
7832.491,23.437086,0.7742704,28.613094,SDSS-SDSS,SDSS,619,52056,437,697052198474901504,26,binning 1   1,DR18
7834.2974,24.239563,0.8022993,28.718483,SDSS-SDSS,SDSS,619,52056,437,697052198474901504,26,binning 1   1,DR18
7836.0996,25.258495,0.96248,28.43912,SDSS-SDSS,SDSS,619,52056,437,697052198474901504,26,binning 1   1,DR18
7837.9067,25.50347,0.9327798,27.921478,SDSS-SDSS,SDSS,619,52056,437,697052198474901504,26,binning 1   1,DR18
7839.71,22.492977,0.89236695,27.834219,SDSS-SDSS,SDSS,619,52056,437,697052198474901504,26,binning 1   1,DR18
7841.513,24.745598,1.0687282,28.187168,SDSS-SDSS,SDSS,619,52056,437,697052198474901504,26,binning 1   1,DR18
7843.3213,22.94987,1.0842562,26.206373,SDSS-SDSS,SDSS,619,52056,437,697052198474901504,26,binning 1   1,DR18
7845.126,24.236187,1.2546072,26.17113,SDSS-SDSS,SDSS,619,52056,437,697052198474901504,26,binning 1   1,DR18
7846.935,28.602364,1.0367843,26.56036,SDSS-SDSS,SDSS,619,52056,437,697052198474901504,26,binning 1   1,DR18
7848.74,26.009254,1.0075864,27.000135,SDSS-SDSS,SDSS,619,52056,437,697052198474901504,26,binning 1   1,DR18
7850.55,27.32088,1.1770467,27.812092,SDSS-SDSS,SDSS,619,52056,437,697052198474901504,26,binning 1   1,DR18
7852.356,21.157299,1.1256547,28.55298,SDSS-SDSS,SDSS,619,52056,437,697052198474901504,26,binning 1   1,DR18
7854.1665,26.830359,1.8295004,29.535936,SDSS-SDSS,SDSS,619,52056,437,697052198474901504,26,binning 1   1,DR18
7855.9736,21.620186,2.2867875,29.113874,SDSS-SDSS,SDSS,619,52056,437,697052198474901504,26,binning 1   1,DR18
7857.781,23.507612,1.421096,29.249687,SDSS-SDSS,SDSS,619,52056,437,697052198474901504,26,binning 1   1,DR18
7859.593,27.12779,1.0473083,29.764791,SDSS-SDSS,SDSS,619,52056,437,697052198474901504,26,binning 1   1,DR18
7861.401,26.531935,1.1263952,29.358433,SDSS-SDSS,SDSS,619,52056,437,697052198474901504,26,binning 1   1,DR18
7863.214,25.034523,1.2457409,28.364693,SDSS-SDSS,SDSS,619,52056,437,697052198474901504,26,binning 1   1,DR18
7865.0225,26.6876,1.2200735,29.310886,SDSS-SDSS,SDSS,619,52056,437,697052198474901504,26,binning 1   1,DR18
7866.8364,27.397007,1.0757463,29.997696,SDSS-SDSS,SDSS,619,52056,437,697052198474901504,26,binning 1   1,DR18
7868.646,24.886309,1.0081809,30.186838,SDSS-SDSS,SDSS,619,52056,437,697052198474901504,26,binning 1   1,DR18
7870.456,27.031212,1.0932457,29.867529,SDSS-SDSS,SDSS,619,52056,437,697052198474901504,26,binning 1   1,DR18
7872.271,23.645247,1.3363318,29.570526,SDSS-SDSS,SDSS,619,52056,437,697052198474901504,26,binning 1   1,DR18
7874.082,25.626875,1.3389113,29.910683,SDSS-SDSS,SDSS,619,52056,437,697052198474901504,26,binning 1   1,DR18
7875.898,27.869776,0.98960894,29.08556,SDSS-SDSS,SDSS,619,52056,437,697052198474901504,26,binning 1   1,DR18
7877.71,26.044329,0.9164114,29.69452,SDSS-SDSS,SDSS,619,52056,437,697052198474901504,26,binning 1   1,DR18
7879.5264,26.78498,1.019602,30.296236,SDSS-SDSS,SDSS,619,52056,437,697052198474901504,26,binning 1   1,DR18
7881.339,24.389967,1.1148342,30.095333,SDSS-SDSS,SDSS,619,52056,437,697052198474901504,26,binning 1   1,DR18
7883.152,30.242868,1.431519,29.477165,SDSS-SDSS,SDSS,619,52056,437,697052198474901504,26,binning 1   1,DR18
7884.9697,27.636675,1.2872083,29.193388,SDSS-SDSS,SDSS,619,52056,437,697052198474901504,26,binning 1   1,DR18
7886.7837,31.385193,1.2031028,29.875927,SDSS-SDSS,SDSS,619,52056,437,697052198474901504,26,binning 1   1,DR18
7888.6025,27.742931,1.2278303,30.40708,SDSS-SDSS,SDSS,619,52056,437,697052198474901504,26,binning 1   1,DR18
7890.4175,26.925373,1.2381115,30.235443,SDSS-SDSS,SDSS,619,52056,437,697052198474901504,26,binning 1   1,DR18
7892.237,27.713577,1.5907207,30.219938,SDSS-SDSS,SDSS,619,52056,437,697052198474901504,26,binning 1   1,DR18
7894.0522,30.473888,1.3074396,30.845926,SDSS-SDSS,SDSS,619,52056,437,697052198474901504,26,binning 1   1,DR18
7895.8687,27.489365,0.97474694,31.22401,SDSS-SDSS,SDSS,619,52056,437,697052198474901504,26,binning 1   1,DR18
7897.689,28.691904,0.9348909,30.881382,SDSS-SDSS,SDSS,619,52056,437,697052198474901504,26,binning 1   1,DR18
7899.506,29.343601,0.9214482,31.06944,SDSS-SDSS,SDSS,619,52056,437,697052198474901504,26,binning 1   1,DR18
7901.3276,29.241066,1.0641149,31.205643,SDSS-SDSS,SDSS,619,52056,437,697052198474901504,26,binning 1   1,DR18
7903.1455,30.1441,1.052599,31.322731,SDSS-SDSS,SDSS,619,52056,437,697052198474901504,26,binning 1   1,DR18
7904.968,28.239563,0.88217396,31.248262,SDSS-SDSS,SDSS,619,52056,437,697052198474901504,26,binning 1   1,DR18
7906.786,27.915915,0.8891759,30.546896,SDSS-SDSS,SDSS,619,52056,437,697052198474901504,26,binning 1   1,DR18
7908.6055,28.54394,0.89548415,30.976082,SDSS-SDSS,SDSS,619,52056,437,697052198474901504,26,binning 1   1,DR18
7910.429,27.500196,0.9379074,30.647753,SDSS-SDSS,SDSS,619,52056,437,697052198474901504,26,binning 1   1,DR18
7912.2485,27.043673,1.2490176,31.41732,SDSS-SDSS,SDSS,619,52056,437,697052198474901504,26,binning 1   1,DR18
7914.073,34.892323,1.9032725,31.511168,SDSS-SDSS,SDSS,619,52056,437,697052198474901504,26,binning 1   1,DR18
7915.894,15.575406,2.0144281,30.36652,SDSS-SDSS,SDSS,619,52056,437,697052198474901504,26,binning 1   1,DR18
7917.719,32.99824,2.343155,30.916891,SDSS-SDSS,SDSS,619,52056,437,697052198474901504,26,binning 1   1,DR18
7919.5405,27.782726,1.2318202,31.173872,SDSS-SDSS,SDSS,619,52056,437,697052198474901504,26,binning 1   1,DR18
7921.363,30.523748,1.1760787,31.37232,SDSS-SDSS,SDSS,619,52056,437,697052198474901504,26,binning 1   1,DR18
7923.1895,24.450342,1.418218,31.208126,SDSS-SDSS,SDSS,619,52056,437,697052198474901504,26,binning 1   1,DR18
7925.012,28.476158,1.2676558,30.746624,SDSS-SDSS,SDSS,619,52056,437,697052198474901504,26,binning 1   1,DR18
7926.8394,31.033176,1.1672052,31.134544,SDSS-SDSS,SDSS,619,52056,437,697052198474901504,26,binning 1   1,DR18
7928.663,31.235,1.0910622,32.674553,SDSS-SDSS,SDSS,619,52056,437,697052198474901504,26,binning 1   1,DR18
7930.491,31.957392,1.1839147,30.812319,SDSS-SDSS,SDSS,619,52056,437,697052198474901504,26,binning 1   1,DR18
7932.316,29.264168,1.3964616,30.193054,SDSS-SDSS,SDSS,619,52056,437,697052198474901504,26,binning 1   1,DR18
7934.1406,27.505285,1.295389,31.523727,SDSS-SDSS,SDSS,619,52056,437,697052198474901504,26,binning 1   1,DR18
7935.97,29.067488,1.089396,32.398552,SDSS-SDSS,SDSS,619,52056,437,697052198474901504,26,binning 1   1,DR18
7937.796,29.89021,0.928771,31.781267,SDSS-SDSS,SDSS,619,52056,437,697052198474901504,26,binning 1   1,DR18
7939.6265,30.525743,0.9091494,31.399857,SDSS-SDSS,SDSS,619,52056,437,697052198474901504,26,binning 1   1,DR18
7941.4526,30.264772,0.9133804,31.360558,SDSS-SDSS,SDSS,619,52056,437,697052198474901504,26,binning 1   1,DR18
7943.284,31.278744,1.090466,32.05396,SDSS-SDSS,SDSS,619,52056,437,697052198474901504,26,binning 1   1,DR18
7945.1113,30.671,1.1088682,31.89733,SDSS-SDSS,SDSS,619,52056,437,697052198474901504,26,binning 1   1,DR18
7946.939,30.35278,1.0008985,31.362827,SDSS-SDSS,SDSS,619,52056,437,697052198474901504,26,binning 1   1,DR18
7948.772,28.66317,1.1497118,31.350426,SDSS-SDSS,SDSS,619,52056,437,697052198474901504,26,binning 1   1,DR18
7950.6006,30.185257,1.2375706,31.359173,SDSS-SDSS,SDSS,619,52056,437,697052198474901504,26,binning 1   1,DR18
7952.4336,28.246887,1.1769623,30.898752,SDSS-SDSS,SDSS,619,52056,437,697052198474901504,26,binning 1   1,DR18
7954.263,31.671858,1.2765461,31.498152,SDSS-SDSS,SDSS,619,52056,437,697052198474901504,26,binning 1   1,DR18
7956.0977,32.829628,1.1571952,31.772345,SDSS-SDSS,SDSS,619,52056,437,697052198474901504,26,binning 1   1,DR18
7957.9277,32.937454,1.1139619,31.620016,SDSS-SDSS,SDSS,619,52056,437,697052198474901504,26,binning 1   1,DR18
7959.7583,32.309273,1.1100038,31.528713,SDSS-SDSS,SDSS,619,52056,437,697052198474901504,26,binning 1   1,DR18
7961.5938,32.59666,1.1484426,31.336483,SDSS-SDSS,SDSS,619,52056,437,697052198474901504,26,binning 1   1,DR18
7963.4253,33.53756,1.3776629,31.194145,SDSS-SDSS,SDSS,619,52056,437,697052198474901504,26,binning 1   1,DR18
7965.2617,31.077833,2.2347138,31.68371,SDSS-SDSS,SDSS,619,52056,437,697052198474901504,26,binning 1   1,DR18
7967.094,32.251476,2.31275,31.420614,SDSS-SDSS,SDSS,619,52056,437,697052198474901504,26,binning 1   1,DR18
7968.9316,31.014755,1.9324843,31.119133,SDSS-SDSS,SDSS,619,52056,437,697052198474901504,26,binning 1   1,DR18
7970.7646,35.72728,1.3598427,31.412628,SDSS-SDSS,SDSS,619,52056,437,697052198474901504,26,binning 1   1,DR18
7972.598,35.252686,1.2282561,31.359407,SDSS-SDSS,SDSS,619,52056,437,697052198474901504,26,binning 1   1,DR18
7974.437,32.758007,0.97958666,31.537008,SDSS-SDSS,SDSS,619,52056,437,697052198474901504,26,binning 1   1,DR18
7976.2715,32.61466,0.9826555,32.543842,SDSS-SDSS,SDSS,619,52056,437,697052198474901504,26,binning 1   1,DR18
7978.111,31.264284,1.0577229,32.22943,SDSS-SDSS,SDSS,619,52056,437,697052198474901504,26,binning 1   1,DR18
7979.946,32.19441,1.2628375,31.415699,SDSS-SDSS,SDSS,619,52056,437,697052198474901504,26,binning 1   1,DR18
7981.786,30.005308,1.4324049,31.789429,SDSS-SDSS,SDSS,619,52056,437,697052198474901504,26,binning 1   1,DR18
7983.6226,33.77159,1.5216285,32.647408,SDSS-SDSS,SDSS,619,52056,437,697052198474901504,26,binning 1   1,DR18
7985.459,33.44238,1.1837839,31.566414,SDSS-SDSS,SDSS,619,52056,437,697052198474901504,26,binning 1   1,DR18
7987.3003,33.493927,1.0037823,33.28015,SDSS-SDSS,SDSS,619,52056,437,697052198474901504,26,binning 1   1,DR18
7989.1377,32.63283,1.042197,33.195816,SDSS-SDSS,SDSS,619,52056,437,697052198474901504,26,binning 1   1,DR18
7990.98,33.840885,1.2356166,32.15576,SDSS-SDSS,SDSS,619,52056,437,697052198474901504,26,binning 1   1,DR18
7992.8184,30.67379,1.5373287,32.604523,SDSS-SDSS,SDSS,619,52056,437,697052198474901504,26,binning 1   1,DR18
7994.6616,31.70299,2.2442214,32.985462,SDSS-SDSS,SDSS,619,52056,437,697052198474901504,26,binning 1   1,DR18
7996.5005,31.064575,2.2785711,31.612288,SDSS-SDSS,SDSS,619,52056,437,697052198474901504,26,binning 1   1,DR18
7998.3447,37.819973,1.597173,32.75711,SDSS-SDSS,SDSS,619,52056,437,697052198474901504,26,binning 1   1,DR18
8000.1846,31.950392,1.0305461,32.99025,SDSS-SDSS,SDSS,619,52056,437,697052198474901504,26,binning 1   1,DR18
8002.025,34.234646,1.2423835,31.924377,SDSS-SDSS,SDSS,619,52056,437,697052198474901504,26,binning 1   1,DR18
8003.8706,36.20386,1.2422588,31.393267,SDSS-SDSS,SDSS,619,52056,437,697052198474901504,26,binning 1   1,DR18
8005.7114,36.75784,1.2981659,31.969362,SDSS-SDSS,SDSS,619,52056,437,697052198474901504,26,binning 1   1,DR18
8007.5576,34.714756,1.2478546,32.76786,SDSS-SDSS,SDSS,619,52056,437,697052198474901504,26,binning 1   1,DR18
8009.4,36.163914,1.1919043,34.338818,SDSS-SDSS,SDSS,619,52056,437,697052198474901504,26,binning 1   1,DR18
8011.247,39.18541,1.2153894,34.09402,SDSS-SDSS,SDSS,619,52056,437,697052198474901504,26,binning 1   1,DR18
8013.09,34.272564,1.2683244,33.524754,SDSS-SDSS,SDSS,619,52056,437,697052198474901504,26,binning 1   1,DR18
8014.933,35.84204,1.1840601,34.34457,SDSS-SDSS,SDSS,619,52056,437,697052198474901504,26,binning 1   1,DR18
8016.7812,34.289757,1.1723213,34.908817,SDSS-SDSS,SDSS,619,52056,437,697052198474901504,26,binning 1   1,DR18
8018.6255,38.61226,1.290349,34.038986,SDSS-SDSS,SDSS,619,52056,437,697052198474901504,26,binning 1   1,DR18
8020.4746,37.529636,1.3217051,33.64309,SDSS-SDSS,SDSS,619,52056,437,697052198474901504,26,binning 1   1,DR18
8022.32,35.45757,1.0670551,34.590538,SDSS-SDSS,SDSS,619,52056,437,697052198474901504,26,binning 1   1,DR18
8024.17,37.781807,1.2897667,35.366535,SDSS-SDSS,SDSS,619,52056,437,697052198474901504,26,binning 1   1,DR18
8026.0156,34.408447,2.0313416,35.346832,SDSS-SDSS,SDSS,619,52056,437,697052198474901504,26,binning 1   1,DR18
8027.8623,34.54566,2.1972911,35.776657,SDSS-SDSS,SDSS,619,52056,437,697052198474901504,26,binning 1   1,DR18
8029.7134,33.09957,1.5865828,35.46437,SDSS-SDSS,SDSS,619,52056,437,697052198474901504,26,binning 1   1,DR18
8031.5605,36.526028,1.1484432,36.183685,SDSS-SDSS,SDSS,619,52056,437,697052198474901504,26,binning 1   1,DR18
8033.4126,37.18121,1.3158199,37.087166,SDSS-SDSS,SDSS,619,52056,437,697052198474901504,26,binning 1   1,DR18
8035.2607,40.03112,1.3370686,36.730934,SDSS-SDSS,SDSS,619,52056,437,697052198474901504,26,binning 1   1,DR18
8037.114,38.23759,1.2919677,36.08666,SDSS-SDSS,SDSS,619,52056,437,697052198474901504,26,binning 1   1,DR18
8038.9624,36.093918,1.0456338,37.453995,SDSS-SDSS,SDSS,619,52056,437,697052198474901504,26,binning 1   1,DR18
8040.812,38.494152,1.0540994,37.679226,SDSS-SDSS,SDSS,619,52056,437,697052198474901504,26,binning 1   1,DR18
8042.666,37.410915,1.0660383,39.00263,SDSS-SDSS,SDSS,619,52056,437,697052198474901504,26,binning 1   1,DR18
8044.516,38.58842,1.2199445,38.70648,SDSS-SDSS,SDSS,619,52056,437,697052198474901504,26,binning 1   1,DR18
8046.371,39.33531,1.2174616,37.681667,SDSS-SDSS,SDSS,619,52056,437,697052198474901504,26,binning 1   1,DR18
8048.222,38.857933,1.4827737,37.543125,SDSS-SDSS,SDSS,619,52056,437,697052198474901504,26,binning 1   1,DR18
8050.078,36.2334,1.1845945,37.56045,SDSS-SDSS,SDSS,619,52056,437,697052198474901504,26,binning 1   1,DR18
8051.93,38.80112,1.2560095,38.02729,SDSS-SDSS,SDSS,619,52056,437,697052198474901504,26,binning 1   1,DR18
8053.7827,37.11231,1.6271083,38.416115,SDSS-SDSS,SDSS,619,52056,437,697052198474901504,26,binning 1   1,DR18
8055.6396,41.622456,1.3811711,38.93789,SDSS-SDSS,SDSS,619,52056,437,697052198474901504,26,binning 1   1,DR18
8057.4927,38.958538,1.3062212,38.745113,SDSS-SDSS,SDSS,619,52056,437,697052198474901504,26,binning 1   1,DR18
8059.351,38.527287,1.252451,37.976295,SDSS-SDSS,SDSS,619,52056,437,697052198474901504,26,binning 1   1,DR18
8061.205,40.87904,1.6803952,38.38086,SDSS-SDSS,SDSS,619,52056,437,697052198474901504,26,binning 1   1,DR18
8063.064,39.844704,1.4409181,39.29086,SDSS-SDSS,SDSS,619,52056,437,697052198474901504,26,binning 1   1,DR18
8064.919,40.24767,1.5343472,39.202236,SDSS-SDSS,SDSS,619,52056,437,697052198474901504,26,binning 1   1,DR18
8066.774,39.700104,1.2395631,38.735004,SDSS-SDSS,SDSS,619,52056,437,697052198474901504,26,binning 1   1,DR18
8068.6343,40.248276,1.082873,38.44634,SDSS-SDSS,SDSS,619,52056,437,697052198474901504,26,binning 1   1,DR18
8070.49,39.800095,1.0770463,39.294376,SDSS-SDSS,SDSS,619,52056,437,697052198474901504,26,binning 1   1,DR18
8072.3516,42.055187,1.2982124,41.465687,SDSS-SDSS,SDSS,619,52056,437,697052198474901504,26,binning 1   1,DR18
8074.2085,40.96157,1.2843999,40.52841,SDSS-SDSS,SDSS,619,52056,437,697052198474901504,26,binning 1   1,DR18
8076.0703,39.037888,1.091608,40.14187,SDSS-SDSS,SDSS,619,52056,437,697052198474901504,26,binning 1   1,DR18
8077.928,43.03095,1.3540667,40.493332,SDSS-SDSS,SDSS,619,52056,437,697052198474901504,26,binning 1   1,DR18
8079.7866,42.824936,1.3651955,40.22222,SDSS-SDSS,SDSS,619,52056,437,697052198474901504,26,binning 1   1,DR18
8081.65,42.885693,1.3400532,39.873417,SDSS-SDSS,SDSS,619,52056,437,697052198474901504,26,binning 1   1,DR18
8083.509,40.94865,1.2989807,41.281982,SDSS-SDSS,SDSS,619,52056,437,697052198474901504,26,binning 1   1,DR18
8085.373,42.368576,1.3164115,41.538338,SDSS-SDSS,SDSS,619,52056,437,697052198474901504,26,binning 1   1,DR18
8087.233,43.36027,1.355177,43.27091,SDSS-SDSS,SDSS,619,52056,437,697052198474901504,26,binning 1   1,DR18
8089.098,42.06429,1.1297843,43.043186,SDSS-SDSS,SDSS,619,52056,437,697052198474901504,26,binning 1   1,DR18
8090.959,42.45315,1.3260324,42.101387,SDSS-SDSS,SDSS,619,52056,437,697052198474901504,26,binning 1   1,DR18
8092.8203,43.305473,1.3470305,42.853336,SDSS-SDSS,SDSS,619,52056,437,697052198474901504,26,binning 1   1,DR18
8094.6865,41.6723,1.1692295,44.376972,SDSS-SDSS,SDSS,619,52056,437,697052198474901504,26,binning 1   1,DR18
8096.5483,40.851456,1.1597593,45.21657,SDSS-SDSS,SDSS,619,52056,437,697052198474901504,26,binning 1   1,DR18
8098.4155,41.10558,1.1295568,44.359592,SDSS-SDSS,SDSS,619,52056,437,697052198474901504,26,binning 1   1,DR18
8100.279,41.72634,1.5912758,44.226807,SDSS-SDSS,SDSS,619,52056,437,697052198474901504,26,binning 1   1,DR18
8102.1465,44.28468,1.4102291,45.219933,SDSS-SDSS,SDSS,619,52056,437,697052198474901504,26,binning 1   1,DR18
8104.0103,40.338078,1.2742372,46.27857,SDSS-SDSS,SDSS,619,52056,437,697052198474901504,26,binning 1   1,DR18
8105.8745,42.404175,1.2707231,46.696815,SDSS-SDSS,SDSS,619,52056,437,697052198474901504,26,binning 1   1,DR18
8107.744,42.294243,1.1673877,46.62507,SDSS-SDSS,SDSS,619,52056,437,697052198474901504,26,binning 1   1,DR18
8109.609,42.06565,1.1180083,46.763718,SDSS-SDSS,SDSS,619,52056,437,697052198474901504,26,binning 1   1,DR18
8111.479,42.38789,1.1158793,46.96365,SDSS-SDSS,SDSS,619,52056,437,697052198474901504,26,binning 1   1,DR18
8113.345,43.390026,1.3067619,47.634254,SDSS-SDSS,SDSS,619,52056,437,697052198474901504,26,binning 1   1,DR18
8115.2163,40.995052,1.0975759,48.825684,SDSS-SDSS,SDSS,619,52056,437,697052198474901504,26,binning 1   1,DR18
8117.083,42.4977,1.337461,49.596436,SDSS-SDSS,SDSS,619,52056,437,697052198474901504,26,binning 1   1,DR18
8118.95,45.43097,1.3778903,49.512306,SDSS-SDSS,SDSS,619,52056,437,697052198474901504,26,binning 1   1,DR18
8120.8228,45.06179,1.1576105,49.26187,SDSS-SDSS,SDSS,619,52056,437,697052198474901504,26,binning 1   1,DR18
8122.691,43.905304,1.1438829,50.473778,SDSS-SDSS,SDSS,619,52056,437,697052198474901504,26,binning 1   1,DR18
8124.564,42.569736,1.1529778,51.604973,SDSS-SDSS,SDSS,619,52056,437,697052198474901504,26,binning 1   1,DR18
8126.4326,44.73467,1.3705375,51.52398,SDSS-SDSS,SDSS,619,52056,437,697052198474901504,26,binning 1   1,DR18
8128.3066,45.373768,1.3788697,51.805607,SDSS-SDSS,SDSS,619,52056,437,697052198474901504,26,binning 1   1,DR18
8130.177,47.508667,1.4136617,52.51277,SDSS-SDSS,SDSS,619,52056,437,697052198474901504,26,binning 1   1,DR18
8132.0513,46.822937,1.4180831,52.668705,SDSS-SDSS,SDSS,619,52056,437,697052198474901504,26,binning 1   1,DR18
8133.9224,50.60097,1.472457,52.19547,SDSS-SDSS,SDSS,619,52056,437,697052198474901504,26,binning 1   1,DR18
8135.7935,43.689255,1.3682467,52.027065,SDSS-SDSS,SDSS,619,52056,437,697052198474901504,26,binning 1   1,DR18
8137.6694,43.054558,1.1625935,52.873253,SDSS-SDSS,SDSS,619,52056,437,697052198474901504,26,binning 1   1,DR18
8139.5415,42.469032,1.1610099,54.348396,SDSS-SDSS,SDSS,619,52056,437,697052198474901504,26,binning 1   1,DR18
8141.4185,42.25211,1.1809894,55.47752,SDSS-SDSS,SDSS,619,52056,437,697052198474901504,26,binning 1   1,DR18
8143.2915,42.080498,1.181286,56.23195,SDSS-SDSS,SDSS,619,52056,437,697052198474901504,26,binning 1   1,DR18
8145.1694,43.48037,1.1820809,56.112053,SDSS-SDSS,SDSS,619,52056,437,697052198474901504,26,binning 1   1,DR18
8147.043,42.71297,1.184007,56.023136,SDSS-SDSS,SDSS,619,52056,437,697052198474901504,26,binning 1   1,DR18
8148.9175,41.58336,1.2463918,56.727093,SDSS-SDSS,SDSS,619,52056,437,697052198474901504,26,binning 1   1,DR18
8150.7964,43.343388,1.4805113,57.715275,SDSS-SDSS,SDSS,619,52056,437,697052198474901504,26,binning 1   1,DR18
8152.6714,45.508327,1.455889,58.28911,SDSS-SDSS,SDSS,619,52056,437,697052198474901504,26,binning 1   1,DR18
8154.5513,42.067158,1.1786369,54.886917,SDSS-SDSS,SDSS,619,52056,437,697052198474901504,26,binning 1   1,DR18
8156.4272,44.13402,1.4095676,58.807938,SDSS-SDSS,SDSS,619,52056,437,697052198474901504,26,binning 1   1,DR18
8158.308,46.61029,1.4293904,62.117165,SDSS-SDSS,SDSS,619,52056,437,697052198474901504,26,binning 1   1,DR18
8160.185,45.890827,1.4468186,59.186466,SDSS-SDSS,SDSS,619,52056,437,697052198474901504,26,binning 1   1,DR18
8162.0625,43.242207,1.2186084,60.452667,SDSS-SDSS,SDSS,619,52056,437,697052198474901504,26,binning 1   1,DR18
8163.9443,42.673973,1.2519437,61.613205,SDSS-SDSS,SDSS,619,52056,437,697052198474901504,26,binning 1   1,DR18
8165.8228,42.562958,1.2709954,59.721214,SDSS-SDSS,SDSS,619,52056,437,697052198474901504,26,binning 1   1,DR18
8167.7056,43.22589,1.3125994,55.366764,SDSS-SDSS,SDSS,619,52056,437,697052198474901504,26,binning 1   1,DR18
8169.5845,43.632683,1.337633,56.564556,SDSS-SDSS,SDSS,619,52056,437,697052198474901504,26,binning 1   1,DR18
8171.4683,43.414707,1.3656287,63.431835,SDSS-SDSS,SDSS,619,52056,437,697052198474901504,26,binning 1   1,DR18
8173.348,41.988907,1.3319719,64.96108,SDSS-SDSS,SDSS,619,52056,437,697052198474901504,26,binning 1   1,DR18
8175.2285,41.663612,1.3506579,64.52514,SDSS-SDSS,SDSS,619,52056,437,697052198474901504,26,binning 1   1,DR18
8177.114,45.31258,1.5717868,55.36674,SDSS-SDSS,SDSS,619,52056,437,697052198474901504,26,binning 1   1,DR18
8178.995,41.86789,1.4487827,52.654095,SDSS-SDSS,SDSS,619,52056,437,697052198474901504,26,binning 1   1,DR18
8180.881,40.27941,1.413019,55.4242,SDSS-SDSS,SDSS,619,52056,437,697052198474901504,26,binning 1   1,DR18
8182.763,37.343952,1.3882982,57.049095,SDSS-SDSS,SDSS,619,52056,437,697052198474901504,26,binning 1   1,DR18
8184.65,38.522556,1.5347561,58.49012,SDSS-SDSS,SDSS,619,52056,437,697052198474901504,26,binning 1   1,DR18
8186.5327,32.911045,1.4829437,57.632114,SDSS-SDSS,SDSS,619,52056,437,697052198474901504,26,binning 1   1,DR18
8188.416,35.69369,1.5807887,56.007282,SDSS-SDSS,SDSS,619,52056,437,697052198474901504,26,binning 1   1,DR18
8190.304,37.085487,2.5684767,56.298912,SDSS-SDSS,SDSS,619,52056,437,697052198474901504,26,binning 1   1,DR18
8192.188,30.678263,2.0960093,55.393093,SDSS-SDSS,SDSS,619,52056,437,697052198474901504,26,binning 1   1,DR18
8194.077,35.05068,1.4450372,54.584896,SDSS-SDSS,SDSS,619,52056,437,697052198474901504,26,binning 1   1,DR18
8195.963,31.386934,1.3953967,59.32636,SDSS-SDSS,SDSS,619,52056,437,697052198474901504,26,binning 1   1,DR18
8197.853,38.02118,2.3890994,56.570396,SDSS-SDSS,SDSS,619,52056,437,697052198474901504,26,binning 1   1,DR18
8199.738,32.54652,2.5161376,53.58126,SDSS-SDSS,SDSS,619,52056,437,697052198474901504,26,binning 1   1,DR18
8201.625,34.655293,1.736424,51.018612,SDSS-SDSS,SDSS,619,52056,437,697052198474901504,26,binning 1   1,DR18
8203.516,40.298332,1.6163862,50.33914,SDSS-SDSS,SDSS,619,52056,437,697052198474901504,26,binning 1   1,DR18
8205.403,44.337444,1.678944,52.70861,SDSS-SDSS,SDSS,619,52056,437,697052198474901504,26,binning 1   1,DR18
8207.296,45.664284,1.6012282,55.298157,SDSS-SDSS,SDSS,619,52056,437,697052198474901504,26,binning 1   1,DR18
8209.184,41.05934,1.4980885,52.77398,SDSS-SDSS,SDSS,619,52056,437,697052198474901504,26,binning 1   1,DR18
8211.076,41.257683,1.2579325,51.669323,SDSS-SDSS,SDSS,619,52056,437,697052198474901504,26,binning 1   1,DR18
8212.966,40.892662,1.2262311,50.11748,SDSS-SDSS,SDSS,619,52056,437,697052198474901504,26,binning 1   1,DR18
8214.8545,40.427635,1.2184937,49.252384,SDSS-SDSS,SDSS,619,52056,437,697052198474901504,26,binning 1   1,DR18
8216.749,42.19699,1.2754114,49.69082,SDSS-SDSS,SDSS,619,52056,437,697052198474901504,26,binning 1   1,DR18
8218.64,43.849472,1.281604,48.427067,SDSS-SDSS,SDSS,619,52056,437,697052198474901504,26,binning 1   1,DR18
8220.534,41.043713,1.2176055,46.518383,SDSS-SDSS,SDSS,619,52056,437,697052198474901504,26,binning 1   1,DR18
8222.426,42.79935,1.2070037,45.617764,SDSS-SDSS,SDSS,619,52056,437,697052198474901504,26,binning 1   1,DR18
8224.322,42.060646,1.2146293,44.705105,SDSS-SDSS,SDSS,619,52056,437,697052198474901504,26,binning 1   1,DR18
8226.214,40.69364,1.2252203,44.51594,SDSS-SDSS,SDSS,619,52056,437,697052198474901504,26,binning 1   1,DR18
8228.106,43.69989,1.296002,45.16112,SDSS-SDSS,SDSS,619,52056,437,697052198474901504,26,binning 1   1,DR18
8230.004,44.26786,1.353169,44.631207,SDSS-SDSS,SDSS,619,52056,437,697052198474901504,26,binning 1   1,DR18
8231.896,41.609108,1.2859539,43.13093,SDSS-SDSS,SDSS,619,52056,437,697052198474901504,26,binning 1   1,DR18
8233.795,39.849712,1.2600814,42.268692,SDSS-SDSS,SDSS,619,52056,437,697052198474901504,26,binning 1   1,DR18
8235.689,43.632114,1.2865907,40.97306,SDSS-SDSS,SDSS,619,52056,437,697052198474901504,26,binning 1   1,DR18
8237.589,42.53915,1.2338953,40.51958,SDSS-SDSS,SDSS,619,52056,437,697052198474901504,26,binning 1   1,DR18
8239.483,44.921062,1.423713,41.453686,SDSS-SDSS,SDSS,619,52056,437,697052198474901504,26,binning 1   1,DR18
8241.379,43.4859,1.4311528,42.119507,SDSS-SDSS,SDSS,619,52056,437,697052198474901504,26,binning 1   1,DR18
8243.279,44.019394,1.2605672,43.751503,SDSS-SDSS,SDSS,619,52056,437,697052198474901504,26,binning 1   1,DR18
8245.176,46.082783,1.308922,42.11602,SDSS-SDSS,SDSS,619,52056,437,697052198474901504,26,binning 1   1,DR18
8247.077,44.276897,1.2377702,42.16484,SDSS-SDSS,SDSS,619,52056,437,697052198474901504,26,binning 1   1,DR18
8248.975,44.23027,1.232273,42.242416,SDSS-SDSS,SDSS,619,52056,437,697052198474901504,26,binning 1   1,DR18
8250.877,46.050133,1.2800436,40.31174,SDSS-SDSS,SDSS,619,52056,437,697052198474901504,26,binning 1   1,DR18
8252.774,45.497143,1.2913913,39.621716,SDSS-SDSS,SDSS,619,52056,437,697052198474901504,26,binning 1   1,DR18
8254.673,43.71404,1.2552028,39.689198,SDSS-SDSS,SDSS,619,52056,437,697052198474901504,26,binning 1   1,DR18
8256.577,47.08443,1.2691594,39.024506,SDSS-SDSS,SDSS,619,52056,437,697052198474901504,26,binning 1   1,DR18
8258.477,43.01152,1.221403,40.469303,SDSS-SDSS,SDSS,619,52056,437,697052198474901504,26,binning 1   1,DR18
8260.381,42.258217,1.20397,40.69596,SDSS-SDSS,SDSS,619,52056,437,697052198474901504,26,binning 1   1,DR18
8262.281,44.297962,1.234862,38.952168,SDSS-SDSS,SDSS,619,52056,437,697052198474901504,26,binning 1   1,DR18
8264.187,45.24417,1.2511687,40.58092,SDSS-SDSS,SDSS,619,52056,437,697052198474901504,26,binning 1   1,DR18
8266.087,44.784103,1.2300818,41.40536,SDSS-SDSS,SDSS,619,52056,437,697052198474901504,26,binning 1   1,DR18
8267.989,43.748947,1.213348,40.746304,SDSS-SDSS,SDSS,619,52056,437,697052198474901504,26,binning 1   1,DR18
8269.8955,43.889835,1.2177135,39.946407,SDSS-SDSS,SDSS,619,52056,437,697052198474901504,26,binning 1   1,DR18
8271.798,44.068863,1.2407385,40.814304,SDSS-SDSS,SDSS,619,52056,437,697052198474901504,26,binning 1   1,DR18
8273.705,42.672737,1.2426524,42.181896,SDSS-SDSS,SDSS,619,52056,437,697052198474901504,26,binning 1   1,DR18
8275.608,43.710346,1.2769396,40.91939,SDSS-SDSS,SDSS,619,52056,437,697052198474901504,26,binning 1   1,DR18
8277.517,42.02355,1.3262088,40.68505,SDSS-SDSS,SDSS,619,52056,437,697052198474901504,26,binning 1   1,DR18
8279.421,46.48571,1.5021558,41.14644,SDSS-SDSS,SDSS,619,52056,437,697052198474901504,26,binning 1   1,DR18
8281.33,42.30025,1.6149428,40.97786,SDSS-SDSS,SDSS,619,52056,437,697052198474901504,26,binning 1   1,DR18
8283.235,44.04583,1.8342954,41.072327,SDSS-SDSS,SDSS,619,52056,437,697052198474901504,26,binning 1   1,DR18
8285.142,39.869152,1.6682806,40.874123,SDSS-SDSS,SDSS,619,52056,437,697052198474901504,26,binning 1   1,DR18
8287.052,43.579723,1.4962654,38.415764,SDSS-SDSS,SDSS,619,52056,437,697052198474901504,26,binning 1   1,DR18
8288.958,40.73053,1.6492603,38.728176,SDSS-SDSS,SDSS,619,52056,437,697052198474901504,26,binning 1   1,DR18
8290.869,39.09326,1.997613,40.05639,SDSS-SDSS,SDSS,619,52056,437,697052198474901504,26,binning 1   1,DR18
8292.777,45.90923,1.8205918,40.005474,SDSS-SDSS,SDSS,619,52056,437,697052198474901504,26,binning 1   1,DR18
8294.689,42.549397,1.4345659,38.93089,SDSS-SDSS,SDSS,619,52056,437,697052198474901504,26,binning 1   1,DR18
8296.598,42.02183,1.4647577,38.21748,SDSS-SDSS,SDSS,619,52056,437,697052198474901504,26,binning 1   1,DR18
8298.506,38.201756,1.7993315,38.417603,SDSS-SDSS,SDSS,619,52056,437,697052198474901504,26,binning 1   1,DR18
8300.42,41.565353,2.4143612,39.080315,SDSS-SDSS,SDSS,619,52056,437,697052198474901504,26,binning 1   1,DR18
8302.329,40.65489,2.0486512,37.56478,SDSS-SDSS,SDSS,619,52056,437,697052198474901504,26,binning 1   1,DR18
8304.243,45.36187,1.4875548,37.275394,SDSS-SDSS,SDSS,619,52056,437,697052198474901504,26,binning 1   1,DR18
8306.154,39.540638,1.2636185,37.520065,SDSS-SDSS,SDSS,619,52056,437,697052198474901504,26,binning 1   1,DR18
8308.069,42.002113,1.278597,36.84769,SDSS-SDSS,SDSS,619,52056,437,697052198474901504,26,binning 1   1,DR18
8309.98,39.709263,1.248907,36.303123,SDSS-SDSS,SDSS,619,52056,437,697052198474901504,26,binning 1   1,DR18
8311.893,39.0386,1.4012147,35.0033,SDSS-SDSS,SDSS,619,52056,437,697052198474901504,26,binning 1   1,DR18
8313.809,41.691822,1.5138867,36.007828,SDSS-SDSS,SDSS,619,52056,437,697052198474901504,26,binning 1   1,DR18
8315.722,40.019737,1.3397915,37.105423,SDSS-SDSS,SDSS,619,52056,437,697052198474901504,26,binning 1   1,DR18
8317.64,42.6576,1.246081,37.18155,SDSS-SDSS,SDSS,619,52056,437,697052198474901504,26,binning 1   1,DR18
8319.553,40.6945,1.2315136,36.848824,SDSS-SDSS,SDSS,619,52056,437,697052198474901504,26,binning 1   1,DR18
8321.471,41.489532,1.2360053,36.738853,SDSS-SDSS,SDSS,619,52056,437,697052198474901504,26,binning 1   1,DR18
8323.386,41.468758,1.2367946,36.2382,SDSS-SDSS,SDSS,619,52056,437,697052198474901504,26,binning 1   1,DR18
8325.3,40.64433,1.2048203,36.695,SDSS-SDSS,SDSS,619,52056,437,697052198474901504,26,binning 1   1,DR18
8327.22,42.713253,1.2202601,36.285057,SDSS-SDSS,SDSS,619,52056,437,697052198474901504,26,binning 1   1,DR18
8329.136,42.72003,1.223266,35.83483,SDSS-SDSS,SDSS,619,52056,437,697052198474901504,26,binning 1   1,DR18
8331.057,42.272068,1.2205,36.15933,SDSS-SDSS,SDSS,619,52056,437,697052198474901504,26,binning 1   1,DR18
8332.973,41.04875,1.2065463,36.115902,SDSS-SDSS,SDSS,619,52056,437,697052198474901504,26,binning 1   1,DR18
8334.895,40.38744,1.213543,36.66169,SDSS-SDSS,SDSS,619,52056,437,697052198474901504,26,binning 1   1,DR18
8336.812,39.563942,1.1909053,36.615837,SDSS-SDSS,SDSS,619,52056,437,697052198474901504,26,binning 1   1,DR18
8338.7295,40.91933,1.235287,36.295437,SDSS-SDSS,SDSS,619,52056,437,697052198474901504,26,binning 1   1,DR18
8340.652,38.829445,1.2613363,35.979588,SDSS-SDSS,SDSS,619,52056,437,697052198474901504,26,binning 1   1,DR18
8342.571,42.61236,1.475844,35.78863,SDSS-SDSS,SDSS,619,52056,437,697052198474901504,26,binning 1   1,DR18
8344.495,38.340645,2.363521,35.854847,SDSS-SDSS,SDSS,619,52056,437,697052198474901504,26,binning 1   1,DR18
8346.415,38.63826,3.000068,35.886017,SDSS-SDSS,SDSS,619,52056,437,697052198474901504,26,binning 1   1,DR18
8348.34,33.3192,3.3625615,35.63125,SDSS-SDSS,SDSS,619,52056,437,697052198474901504,26,binning 1   1,DR18
8350.26,49.71749,1.8263112,35.946537,SDSS-SDSS,SDSS,619,52056,437,697052198474901504,26,binning 1   1,DR18
8352.181,40.75397,1.5245825,36.116974,SDSS-SDSS,SDSS,619,52056,437,697052198474901504,26,binning 1   1,DR18
8354.107,42.048264,2.0190244,35.29111,SDSS-SDSS,SDSS,619,52056,437,697052198474901504,26,binning 1   1,DR18
8356.029,41.66944,2.3159316,34.370903,SDSS-SDSS,SDSS,619,52056,437,697052198474901504,26,binning 1   1,DR18
8357.956,42.51113,1.4573095,35.21847,SDSS-SDSS,SDSS,619,52056,437,697052198474901504,26,binning 1   1,DR18
8359.879,39.71134,1.2514378,34.400517,SDSS-SDSS,SDSS,619,52056,437,697052198474901504,26,binning 1   1,DR18
8361.807,43.017803,1.535651,34.39378,SDSS-SDSS,SDSS,619,52056,437,697052198474901504,26,binning 1   1,DR18
8363.7295,40.123077,1.5312414,34.017124,SDSS-SDSS,SDSS,619,52056,437,697052198474901504,26,binning 1   1,DR18
8365.654,42.903538,1.420623,32.643982,SDSS-SDSS,SDSS,619,52056,437,697052198474901504,26,binning 1   1,DR18
8367.583,39.855263,1.402435,32.982826,SDSS-SDSS,SDSS,619,52056,437,697052198474901504,26,binning 1   1,DR18
8369.508,39.794525,1.306167,33.13837,SDSS-SDSS,SDSS,619,52056,437,697052198474901504,26,binning 1   1,DR18
8371.4375,40.955193,1.2222444,33.900757,SDSS-SDSS,SDSS,619,52056,437,697052198474901504,26,binning 1   1,DR18
8373.364,38.69006,1.1542654,34.66029,SDSS-SDSS,SDSS,619,52056,437,697052198474901504,26,binning 1   1,DR18
8375.295,38.314697,1.1239463,34.819805,SDSS-SDSS,SDSS,619,52056,437,697052198474901504,26,binning 1   1,DR18
8377.222,38.963467,1.1495029,34.52405,SDSS-SDSS,SDSS,619,52056,437,697052198474901504,26,binning 1   1,DR18
8379.148,39.5811,1.2388841,34.190758,SDSS-SDSS,SDSS,619,52056,437,697052198474901504,26,binning 1   1,DR18
8381.081,37.937607,1.3923507,33.14154,SDSS-SDSS,SDSS,619,52056,437,697052198474901504,26,binning 1   1,DR18
8383.009,42.84921,1.7572864,32.82633,SDSS-SDSS,SDSS,619,52056,437,697052198474901504,26,binning 1   1,DR18
8384.942,37.586014,1.8443463,32.16544,SDSS-SDSS,SDSS,619,52056,437,697052198474901504,26,binning 1   1,DR18
8386.871,37.928864,1.4514775,31.637337,SDSS-SDSS,SDSS,619,52056,437,697052198474901504,26,binning 1   1,DR18
8388.805,39.91695,1.2146953,32.33858,SDSS-SDSS,SDSS,619,52056,437,697052198474901504,26,binning 1   1,DR18
8390.734,37.78915,1.1686406,34.056683,SDSS-SDSS,SDSS,619,52056,437,697052198474901504,26,binning 1   1,DR18
8392.665,38.77407,1.1987445,35.27376,SDSS-SDSS,SDSS,619,52056,437,697052198474901504,26,binning 1   1,DR18
8394.601,39.127472,1.2312696,35.723354,SDSS-SDSS,SDSS,619,52056,437,697052198474901504,26,binning 1   1,DR18
8396.531,39.70848,1.3437841,35.508434,SDSS-SDSS,SDSS,619,52056,437,697052198474901504,26,binning 1   1,DR18
8398.468,40.626453,1.9880602,35.16172,SDSS-SDSS,SDSS,619,52056,437,697052198474901504,26,binning 1   1,DR18
8400.399,41.726845,3.5287166,35.087765,SDSS-SDSS,SDSS,619,52056,437,697052198474901504,26,binning 1   1,DR18
8402.337,33.496296,3.3271468,34.94327,SDSS-SDSS,SDSS,619,52056,437,697052198474901504,26,binning 1   1,DR18
8404.27,43.318726,1.7554203,33.94285,SDSS-SDSS,SDSS,619,52056,437,697052198474901504,26,binning 1   1,DR18
8406.203,42.012543,1.266959,34.581303,SDSS-SDSS,SDSS,619,52056,437,697052198474901504,26,binning 1   1,DR18
8408.142,40.08687,1.1914741,34.57531,SDSS-SDSS,SDSS,619,52056,437,697052198474901504,26,binning 1   1,DR18
8410.076,41.58038,1.2008698,34.578663,SDSS-SDSS,SDSS,619,52056,437,697052198474901504,26,binning 1   1,DR18
8412.016,42.863815,1.2932761,35.451565,SDSS-SDSS,SDSS,619,52056,437,697052198474901504,26,binning 1   1,DR18
8413.95,43.726063,1.540564,35.58342,SDSS-SDSS,SDSS,619,52056,437,697052198474901504,26,binning 1   1,DR18
8415.891,43.325428,2.0619235,35.080803,SDSS-SDSS,SDSS,619,52056,437,697052198474901504,26,binning 1   1,DR18
8417.827,39.84053,2.00009,34.759617,SDSS-SDSS,SDSS,619,52056,437,697052198474901504,26,binning 1   1,DR18
8419.764,41.009743,1.493769,35.984886,SDSS-SDSS,SDSS,619,52056,437,697052198474901504,26,binning 1   1,DR18
8421.705,40.196953,1.2411939,37.055405,SDSS-SDSS,SDSS,619,52056,437,697052198474901504,26,binning 1   1,DR18
8423.643,42.701496,1.2452823,36.696877,SDSS-SDSS,SDSS,619,52056,437,697052198474901504,26,binning 1   1,DR18
8425.585,38.455738,1.2815633,36.25148,SDSS-SDSS,SDSS,619,52056,437,697052198474901504,26,binning 1   1,DR18
8427.523,43.118454,1.407706,35.882854,SDSS-SDSS,SDSS,619,52056,437,697052198474901504,26,binning 1   1,DR18
8429.467,42.70832,1.7618512,37.31842,SDSS-SDSS,SDSS,619,52056,437,697052198474901504,26,binning 1   1,DR18
8431.405,41.50932,3.7491941,37.690434,SDSS-SDSS,SDSS,619,52056,437,697052198474901504,26,binning 1   1,DR18
8433.35,32.26472,3.9246643,37.18345,SDSS-SDSS,SDSS,619,52056,437,697052198474901504,26,binning 1   1,DR18
8435.29,36.422207,1.7786144,36.852703,SDSS-SDSS,SDSS,619,52056,437,697052198474901504,26,binning 1   1,DR18
8437.23,34.95863,1.2207738,36.414818,SDSS-SDSS,SDSS,619,52056,437,697052198474901504,26,binning 1   1,DR18
8439.176,37.372375,1.1480002,37.51462,SDSS-SDSS,SDSS,619,52056,437,697052198474901504,26,binning 1   1,DR18
8441.117,35.629772,1.1217523,38.811,SDSS-SDSS,SDSS,619,52056,437,697052198474901504,26,binning 1   1,DR18
8443.064,35.212334,1.0967152,38.75713,SDSS-SDSS,SDSS,619,52056,437,697052198474901504,26,binning 1   1,DR18
8445.006,32.78612,1.062093,38.513832,SDSS-SDSS,SDSS,619,52056,437,697052198474901504,26,binning 1   1,DR18
8446.954,36.13767,1.111333,39.26292,SDSS-SDSS,SDSS,619,52056,437,697052198474901504,26,binning 1   1,DR18
8448.896,33.509377,1.1407738,40.009502,SDSS-SDSS,SDSS,619,52056,437,697052198474901504,26,binning 1   1,DR18
8450.841,35.2532,1.2880822,39.64781,SDSS-SDSS,SDSS,619,52056,437,697052198474901504,26,binning 1   1,DR18
8452.789,34.743195,1.6277848,39.650772,SDSS-SDSS,SDSS,619,52056,437,697052198474901504,26,binning 1   1,DR18
8454.734,33.87851,1.7767073,39.5664,SDSS-SDSS,SDSS,619,52056,437,697052198474901504,26,binning 1   1,DR18
8456.684,33.435364,1.4425766,38.989735,SDSS-SDSS,SDSS,619,52056,437,697052198474901504,26,binning 1   1,DR18
8458.629,33.524857,1.1414391,38.182343,SDSS-SDSS,SDSS,619,52056,437,697052198474901504,26,binning 1   1,DR18
8460.579,34.299152,1.1293591,37.775326,SDSS-SDSS,SDSS,619,52056,437,697052198474901504,26,binning 1   1,DR18
8462.525,32.546032,1.1653005,38.00819,SDSS-SDSS,SDSS,619,52056,437,697052198474901504,26,binning 1   1,DR18
8464.473,34.65205,1.4112478,38.797485,SDSS-SDSS,SDSS,619,52056,437,697052198474901504,26,binning 1   1,DR18
8466.425,37.06775,2.6079283,38.907787,SDSS-SDSS,SDSS,619,52056,437,697052198474901504,26,binning 1   1,DR18
8468.372,30.034689,3.3604374,38.380074,SDSS-SDSS,SDSS,619,52056,437,697052198474901504,26,binning 1   1,DR18
8470.325,35.04561,1.6739318,38.125557,SDSS-SDSS,SDSS,619,52056,437,697052198474901504,26,binning 1   1,DR18
8472.273,32.929974,1.1572663,38.561966,SDSS-SDSS,SDSS,619,52056,437,697052198474901504,26,binning 1   1,DR18
8474.228,33.667248,1.1074258,38.64466,SDSS-SDSS,SDSS,619,52056,437,697052198474901504,26,binning 1   1,DR18
8476.177,31.64774,1.0940347,39.240593,SDSS-SDSS,SDSS,619,52056,437,697052198474901504,26,binning 1   1,DR18
8478.127,32.598206,1.1011484,39.398926,SDSS-SDSS,SDSS,619,52056,437,697052198474901504,26,binning 1   1,DR18
8480.082,34.60628,1.0977987,38.70763,SDSS-SDSS,SDSS,619,52056,437,697052198474901504,26,binning 1   1,DR18
8482.032,34.61361,1.119749,37.946293,SDSS-SDSS,SDSS,619,52056,437,697052198474901504,26,binning 1   1,DR18
8483.988,35.501953,1.1435685,38.317604,SDSS-SDSS,SDSS,619,52056,437,697052198474901504,26,binning 1   1,DR18
8485.94,34.59115,1.1216718,39.299778,SDSS-SDSS,SDSS,619,52056,437,697052198474901504,26,binning 1   1,DR18
8487.897,33.280823,1.0895168,38.75095,SDSS-SDSS,SDSS,619,52056,437,697052198474901504,26,binning 1   1,DR18
8489.85,33.92917,1.2640731,38.703117,SDSS-SDSS,SDSS,619,52056,437,697052198474901504,26,binning 1   1,DR18
8491.803,37.715683,1.4292132,39.26332,SDSS-SDSS,SDSS,619,52056,437,697052198474901504,26,binning 1   1,DR18
8493.761,36.77524,1.5283785,39.74203,SDSS-SDSS,SDSS,619,52056,437,697052198474901504,26,binning 1   1,DR18
8495.715,35.21331,1.7333034,40.33189,SDSS-SDSS,SDSS,619,52056,437,697052198474901504,26,binning 1   1,DR18
8497.674,36.873455,1.4391594,40.270866,SDSS-SDSS,SDSS,619,52056,437,697052198474901504,26,binning 1   1,DR18
8499.629,35.81554,1.2267853,39.756386,SDSS-SDSS,SDSS,619,52056,437,697052198474901504,26,binning 1   1,DR18
8501.589,37.338432,1.244369,39.57144,SDSS-SDSS,SDSS,619,52056,437,697052198474901504,26,binning 1   1,DR18
8503.545,35.638245,1.324134,39.644638,SDSS-SDSS,SDSS,619,52056,437,697052198474901504,26,binning 1   1,DR18
8505.501,37.003223,1.843308,39.710705,SDSS-SDSS,SDSS,619,52056,437,697052198474901504,26,binning 1   1,DR18
8507.462,31.680126,2.07401,39.709282,SDSS-SDSS,SDSS,619,52056,437,697052198474901504,26,binning 1   1,DR18
8509.42,34.294968,1.6380756,38.96387,SDSS-SDSS,SDSS,619,52056,437,697052198474901504,26,binning 1   1,DR18
8511.382,35.248,1.2347121,38.76113,SDSS-SDSS,SDSS,619,52056,437,697052198474901504,26,binning 1   1,DR18
8513.34,33.860264,1.1479291,39.290688,SDSS-SDSS,SDSS,619,52056,437,697052198474901504,26,binning 1   1,DR18
8515.303,34.29826,1.1227212,39.95183,SDSS-SDSS,SDSS,619,52056,437,697052198474901504,26,binning 1   1,DR18
8517.262,34.94533,1.1323428,40.07044,SDSS-SDSS,SDSS,619,52056,437,697052198474901504,26,binning 1   1,DR18
8519.222,32.97272,1.1008544,39.609566,SDSS-SDSS,SDSS,619,52056,437,697052198474901504,26,binning 1   1,DR18
8521.186,35.340054,1.1339526,39.626938,SDSS-SDSS,SDSS,619,52056,437,697052198474901504,26,binning 1   1,DR18
8523.146,33.68144,1.1328243,39.830296,SDSS-SDSS,SDSS,619,52056,437,697052198474901504,26,binning 1   1,DR18
8525.111,36.871574,1.3873907,39.922184,SDSS-SDSS,SDSS,619,52056,437,697052198474901504,26,binning 1   1,DR18
8527.072,36.618,1.3215034,39.686836,SDSS-SDSS,SDSS,619,52056,437,697052198474901504,26,binning 1   1,DR18
8529.039,34.54054,1.3024184,39.448757,SDSS-SDSS,SDSS,619,52056,437,697052198474901504,26,binning 1   1,DR18
8531.001,35.75228,1.3122554,39.842007,SDSS-SDSS,SDSS,619,52056,437,697052198474901504,26,binning 1   1,DR18
8532.964,35.509747,1.3070976,40.195732,SDSS-SDSS,SDSS,619,52056,437,697052198474901504,26,binning 1   1,DR18
8534.932,39.068356,1.3693721,40.47198,SDSS-SDSS,SDSS,619,52056,437,697052198474901504,26,binning 1   1,DR18
8536.895,37.264233,1.455141,40.30752,SDSS-SDSS,SDSS,619,52056,437,697052198474901504,26,binning 1   1,DR18
8538.863,38.67394,1.6546412,39.690548,SDSS-SDSS,SDSS,619,52056,437,697052198474901504,26,binning 1   1,DR18
8540.828,38.92445,1.5059123,39.26748,SDSS-SDSS,SDSS,619,52056,437,697052198474901504,26,binning 1   1,DR18
8542.797,41.38228,1.5496345,39.532505,SDSS-SDSS,SDSS,619,52056,437,697052198474901504,26,binning 1   1,DR18
8544.763,37.924526,1.2030318,38.97057,SDSS-SDSS,SDSS,619,52056,437,697052198474901504,26,binning 1   1,DR18
8546.729,38.38786,1.2312088,39.12242,SDSS-SDSS,SDSS,619,52056,437,697052198474901504,26,binning 1   1,DR18
8548.699,40.709713,1.4205667,39.64472,SDSS-SDSS,SDSS,619,52056,437,697052198474901504,26,binning 1   1,DR18
8550.666,37.564884,1.5120279,39.95019,SDSS-SDSS,SDSS,619,52056,437,697052198474901504,26,binning 1   1,DR18
8552.638,39.60508,1.4359616,39.924294,SDSS-SDSS,SDSS,619,52056,437,697052198474901504,26,binning 1   1,DR18
8554.6045,38.850407,1.3134305,39.755554,SDSS-SDSS,SDSS,619,52056,437,697052198474901504,26,binning 1   1,DR18
8556.577,38.34524,1.2512168,39.302746,SDSS-SDSS,SDSS,619,52056,437,697052198474901504,26,binning 1   1,DR18
8558.546,38.158188,1.2117258,38.87457,SDSS-SDSS,SDSS,619,52056,437,697052198474901504,26,binning 1   1,DR18
8560.515,38.99135,1.2043115,39.040665,SDSS-SDSS,SDSS,619,52056,437,697052198474901504,26,binning 1   1,DR18
8562.489,36.95651,1.1944261,39.39764,SDSS-SDSS,SDSS,619,52056,437,697052198474901504,26,binning 1   1,DR18
8564.459,40.132076,1.2220073,39.582516,SDSS-SDSS,SDSS,619,52056,437,697052198474901504,26,binning 1   1,DR18
8566.434,38.486584,1.2281568,39.903038,SDSS-SDSS,SDSS,619,52056,437,697052198474901504,26,binning 1   1,DR18
8568.404,38.684223,1.224254,40.080578,SDSS-SDSS,SDSS,619,52056,437,697052198474901504,26,binning 1   1,DR18
8570.38,37.749695,1.2223607,39.861397,SDSS-SDSS,SDSS,619,52056,437,697052198474901504,26,binning 1   1,DR18
8572.352,38.9067,1.2502375,40.078518,SDSS-SDSS,SDSS,619,52056,437,697052198474901504,26,binning 1   1,DR18
8574.324,38.86231,1.2661179,40.265873,SDSS-SDSS,SDSS,619,52056,437,697052198474901504,26,binning 1   1,DR18
8576.301,39.67965,1.2667975,40.013298,SDSS-SDSS,SDSS,619,52056,437,697052198474901504,26,binning 1   1,DR18
8578.274,38.630318,1.2460638,40.040966,SDSS-SDSS,SDSS,619,52056,437,697052198474901504,26,binning 1   1,DR18
8580.252,38.970604,1.2519665,40.367207,SDSS-SDSS,SDSS,619,52056,437,697052198474901504,26,binning 1   1,DR18
8582.226,37.30736,1.2329866,40.155624,SDSS-SDSS,SDSS,619,52056,437,697052198474901504,26,binning 1   1,DR18
8584.205,38.110027,1.2357944,40.524284,SDSS-SDSS,SDSS,619,52056,437,697052198474901504,26,binning 1   1,DR18
8586.18,40.611843,1.2728528,40.718906,SDSS-SDSS,SDSS,619,52056,437,697052198474901504,26,binning 1   1,DR18
8588.16,41.000652,1.316267,40.38378,SDSS-SDSS,SDSS,619,52056,437,697052198474901504,26,binning 1   1,DR18
8590.136,41.001877,1.3615686,40.745476,SDSS-SDSS,SDSS,619,52056,437,697052198474901504,26,binning 1   1,DR18
8592.111,38.88178,1.3137252,40.46072,SDSS-SDSS,SDSS,619,52056,437,697052198474901504,26,binning 1   1,DR18
8594.093,39.999153,1.2737064,39.86412,SDSS-SDSS,SDSS,619,52056,437,697052198474901504,26,binning 1   1,DR18
8596.07,39.080994,1.3132749,39.310627,SDSS-SDSS,SDSS,619,52056,437,697052198474901504,26,binning 1   1,DR18
8598.053,39.003426,1.3711722,39.298683,SDSS-SDSS,SDSS,619,52056,437,697052198474901504,26,binning 1   1,DR18
8600.03,41.251633,1.3881943,39.814625,SDSS-SDSS,SDSS,619,52056,437,697052198474901504,26,binning 1   1,DR18
8602.014,40.860043,1.3031749,40.063747,SDSS-SDSS,SDSS,619,52056,437,697052198474901504,26,binning 1   1,DR18
8603.992,39.88219,1.2565571,39.704926,SDSS-SDSS,SDSS,619,52056,437,697052198474901504,26,binning 1   1,DR18
8605.972,40.17999,1.2728635,39.456333,SDSS-SDSS,SDSS,619,52056,437,697052198474901504,26,binning 1   1,DR18
8607.956,40.885784,1.2895144,40.295364,SDSS-SDSS,SDSS,619,52056,437,697052198474901504,26,binning 1   1,DR18
8609.937,39.877438,1.3068665,40.958233,SDSS-SDSS,SDSS,619,52056,437,697052198474901504,26,binning 1   1,DR18
8611.922,41.962982,1.3637319,40.584846,SDSS-SDSS,SDSS,619,52056,437,697052198474901504,26,binning 1   1,DR18
8613.903,39.772175,1.3894154,40.24577,SDSS-SDSS,SDSS,619,52056,437,697052198474901504,26,binning 1   1,DR18
8615.89,40.59382,1.4533964,39.78033,SDSS-SDSS,SDSS,619,52056,437,697052198474901504,26,binning 1   1,DR18
8617.871,43.443695,1.5208846,40.080956,SDSS-SDSS,SDSS,619,52056,437,697052198474901504,26,binning 1   1,DR18
8619.854,40.228405,1.5441483,40.52955,SDSS-SDSS,SDSS,619,52056,437,697052198474901504,26,binning 1   1,DR18
8621.842,40.599518,1.6181197,40.654236,SDSS-SDSS,SDSS,619,52056,437,697052198474901504,26,binning 1   1,DR18
8623.825,44.430405,1.7412759,40.64923,SDSS-SDSS,SDSS,619,52056,437,697052198474901504,26,binning 1   1,DR18
8625.813,43.29094,1.8067158,40.92846,SDSS-SDSS,SDSS,619,52056,437,697052198474901504,26,binning 1   1,DR18
8627.798,40.52209,1.9773651,40.989407,SDSS-SDSS,SDSS,619,52056,437,697052198474901504,26,binning 1   1,DR18
8629.788,43.14852,1.9971535,40.650673,SDSS-SDSS,SDSS,619,52056,437,697052198474901504,26,binning 1   1,DR18
8631.772,44.445156,1.976399,40.854668,SDSS-SDSS,SDSS,619,52056,437,697052198474901504,26,binning 1   1,DR18
8633.759,39.560535,2.0284114,40.700775,SDSS-SDSS,SDSS,619,52056,437,697052198474901504,26,binning 1   1,DR18
8635.75,42.84789,1.8598902,40.106647,SDSS-SDSS,SDSS,619,52056,437,697052198474901504,26,binning 1   1,DR18
8637.736,43.575153,1.9784855,40.751602,SDSS-SDSS,SDSS,619,52056,437,697052198474901504,26,binning 1   1,DR18
8639.729,42.261272,1.8093886,40.965733,SDSS-SDSS,SDSS,619,52056,437,697052198474901504,26,binning 1   1,DR18
8641.716,41.134693,1.6596968,39.975006,SDSS-SDSS,SDSS,619,52056,437,697052198474901504,26,binning 1   1,DR18
8643.708,43.02755,1.5804181,39.573303,SDSS-SDSS,SDSS,619,52056,437,697052198474901504,26,binning 1   1,DR18
8645.697,43.24606,1.5789361,40.08243,SDSS-SDSS,SDSS,619,52056,437,697052198474901504,26,binning 1   1,DR18
8647.686,43.413395,1.6557252,40.46059,SDSS-SDSS,SDSS,619,52056,437,697052198474901504,26,binning 1   1,DR18
8649.68,42.156628,1.7918533,39.98902,SDSS-SDSS,SDSS,619,52056,437,697052198474901504,26,binning 1   1,DR18
8651.67,41.741367,1.9113512,39.795303,SDSS-SDSS,SDSS,619,52056,437,697052198474901504,26,binning 1   1,DR18
8653.665,39.14785,1.8359189,39.50713,SDSS-SDSS,SDSS,619,52056,437,697052198474901504,26,binning 1   1,DR18
8655.655,42.272182,1.8835013,39.17267,SDSS-SDSS,SDSS,619,52056,437,697052198474901504,26,binning 1   1,DR18
8657.651,42.260498,1.940189,39.526226,SDSS-SDSS,SDSS,619,52056,437,697052198474901504,26,binning 1   1,DR18
8659.644,42.413162,1.9677279,40.549477,SDSS-SDSS,SDSS,619,52056,437,697052198474901504,26,binning 1   1,DR18
8661.636,43.83972,2.1311076,41.084686,SDSS-SDSS,SDSS,619,52056,437,697052198474901504,26,binning 1   1,DR18
8663.633,41.114536,1.9957957,41.13495,SDSS-SDSS,SDSS,619,52056,437,697052198474901504,26,binning 1   1,DR18
8665.626,47.24301,1.9246387,40.640457,SDSS-SDSS,SDSS,619,52056,437,697052198474901504,26,binning 1   1,DR18
8667.624,41.211933,2.0115933,40.05017,SDSS-SDSS,SDSS,619,52056,437,697052198474901504,26,binning 1   1,DR18
8669.618,45.236145,1.9032276,40.17725,SDSS-SDSS,SDSS,619,52056,437,697052198474901504,26,binning 1   1,DR18
8671.617,44.57962,2.0142722,40.81058,SDSS-SDSS,SDSS,619,52056,437,697052198474901504,26,binning 1   1,DR18
8673.612,37.960835,1.8744729,40.726467,SDSS-SDSS,SDSS,619,52056,437,697052198474901504,26,binning 1   1,DR18
8675.607,45.56131,1.7134211,40.653843,SDSS-SDSS,SDSS,619,52056,437,697052198474901504,26,binning 1   1,DR18
8677.608,42.983894,1.7388841,40.55527,SDSS-SDSS,SDSS,619,52056,437,697052198474901504,26,binning 1   1,DR18
8679.6045,41.662663,1.6860437,40.387276,SDSS-SDSS,SDSS,619,52056,437,697052198474901504,26,binning 1   1,DR18
8681.605,45.745705,1.6880943,40.35032,SDSS-SDSS,SDSS,619,52056,437,697052198474901504,26,binning 1   1,DR18
8683.603,42.403564,1.6982533,40.44998,SDSS-SDSS,SDSS,619,52056,437,697052198474901504,26,binning 1   1,DR18
8685.605,43.01376,1.6030407,40.245308,SDSS-SDSS,SDSS,619,52056,437,697052198474901504,26,binning 1   1,DR18
8687.604,42.0517,1.5564814,39.561768,SDSS-SDSS,SDSS,619,52056,437,697052198474901504,26,binning 1   1,DR18
8689.603,39.86956,1.4880314,39.815796,SDSS-SDSS,SDSS,619,52056,437,697052198474901504,26,binning 1   1,DR18
8691.605,43.326534,1.4314736,40.02755,SDSS-SDSS,SDSS,619,52056,437,697052198474901504,26,binning 1   1,DR18
8693.605,39.517147,1.4307395,40.03871,SDSS-SDSS,SDSS,619,52056,437,697052198474901504,26,binning 1   1,DR18
8695.61,43.062206,1.4715828,40.510727,SDSS-SDSS,SDSS,619,52056,437,697052198474901504,26,binning 1   1,DR18
8697.61,41.734848,1.4365453,41.4272,SDSS-SDSS,SDSS,619,52056,437,697052198474901504,26,binning 1   1,DR18
8699.616,44.018097,1.4493074,40.980515,SDSS-SDSS,SDSS,619,52056,437,697052198474901504,26,binning 1   1,DR18
8701.617,40.764713,1.4480534,40.718838,SDSS-SDSS,SDSS,619,52056,437,697052198474901504,26,binning 1   1,DR18
8703.619,42.74118,1.4581195,40.684647,SDSS-SDSS,SDSS,619,52056,437,697052198474901504,26,binning 1   1,DR18
8705.626,42.60324,1.4084207,40.77448,SDSS-SDSS,SDSS,619,52056,437,697052198474901504,26,binning 1   1,DR18
8707.629,42.610123,1.4448825,40.89408,SDSS-SDSS,SDSS,619,52056,437,697052198474901504,26,binning 1   1,DR18
8709.637,41.380177,1.460046,40.910057,SDSS-SDSS,SDSS,619,52056,437,697052198474901504,26,binning 1   1,DR18
8711.641,42.309425,1.4368935,41.222775,SDSS-SDSS,SDSS,619,52056,437,697052198474901504,26,binning 1   1,DR18
8713.649,39.888973,1.5731742,41.11848,SDSS-SDSS,SDSS,619,52056,437,697052198474901504,26,binning 1   1,DR18
8715.654,41.714275,1.5731071,40.377537,SDSS-SDSS,SDSS,619,52056,437,697052198474901504,26,binning 1   1,DR18
8717.659,40.20575,1.3832655,39.902805,SDSS-SDSS,SDSS,619,52056,437,697052198474901504,26,binning 1   1,DR18
8719.67,42.620605,1.4034467,40.40107,SDSS-SDSS,SDSS,619,52056,437,697052198474901504,26,binning 1   1,DR18
8721.676,43.273724,1.3981663,41.221058,SDSS-SDSS,SDSS,619,52056,437,697052198474901504,26,binning 1   1,DR18
8723.687,44.669243,1.411341,41.03676,SDSS-SDSS,SDSS,619,52056,437,697052198474901504,26,binning 1   1,DR18
8725.693,41.270702,1.3821751,41.00567,SDSS-SDSS,SDSS,619,52056,437,697052198474901504,26,binning 1   1,DR18
8727.706,43.28859,1.5628313,41.123028,SDSS-SDSS,SDSS,619,52056,437,697052198474901504,26,binning 1   1,DR18
8729.713,42.609955,1.6201916,41.256416,SDSS-SDSS,SDSS,619,52056,437,697052198474901504,26,binning 1   1,DR18
8731.722,43.356113,1.4275718,41.298016,SDSS-SDSS,SDSS,619,52056,437,697052198474901504,26,binning 1   1,DR18
8733.735,47.172623,1.4659877,41.053715,SDSS-SDSS,SDSS,619,52056,437,697052198474901504,26,binning 1   1,DR18
8735.744,43.39563,1.4209081,40.58084,SDSS-SDSS,SDSS,619,52056,437,697052198474901504,26,binning 1   1,DR18
8737.759,43.40675,1.4187976,40.17189,SDSS-SDSS,SDSS,619,52056,437,697052198474901504,26,binning 1   1,DR18
8739.769,41.23854,1.5973777,40.003086,SDSS-SDSS,SDSS,619,52056,437,697052198474901504,26,binning 1   1,DR18
8741.784,46.322384,1.4726137,40.201546,SDSS-SDSS,SDSS,619,52056,437,697052198474901504,26,binning 1   1,DR18
8743.795,44.145214,1.4606717,40.417877,SDSS-SDSS,SDSS,619,52056,437,697052198474901504,26,binning 1   1,DR18
8745.812,45.60775,1.4857777,40.187103,SDSS-SDSS,SDSS,619,52056,437,697052198474901504,26,binning 1   1,DR18
8747.823,47.238293,1.4856615,40.60381,SDSS-SDSS,SDSS,619,52056,437,697052198474901504,26,binning 1   1,DR18
8749.836,45.76999,1.4820119,40.80458,SDSS-SDSS,SDSS,619,52056,437,697052198474901504,26,binning 1   1,DR18
8751.854,46.553,1.4976698,40.695675,SDSS-SDSS,SDSS,619,52056,437,697052198474901504,26,binning 1   1,DR18
8753.867,47.049328,1.5209055,40.832237,SDSS-SDSS,SDSS,619,52056,437,697052198474901504,26,binning 1   1,DR18
8755.886,46.53545,1.5054667,41.057076,SDSS-SDSS,SDSS,619,52056,437,697052198474901504,26,binning 1   1,DR18
8757.9,43.66918,1.5481572,40.69723,SDSS-SDSS,SDSS,619,52056,437,697052198474901504,26,binning 1   1,DR18
8759.92,49.535816,1.8913418,41.427193,SDSS-SDSS,SDSS,619,52056,437,697052198474901504,26,binning 1   1,DR18
8761.935,49.935303,2.5314374,42.448544,SDSS-SDSS,SDSS,619,52056,437,697052198474901504,26,binning 1   1,DR18
8763.95,45.063198,2.6841497,42.494396,SDSS-SDSS,SDSS,619,52056,437,697052198474901504,26,binning 1   1,DR18
8765.972,51.05546,2.3167067,42.16047,SDSS-SDSS,SDSS,619,52056,437,697052198474901504,26,binning 1   1,DR18
8767.988,50.23088,2.3836508,42.190533,SDSS-SDSS,SDSS,619,52056,437,697052198474901504,26,binning 1   1,DR18
8770.01,45.846493,2.7363183,42.298733,SDSS-SDSS,SDSS,619,52056,437,697052198474901504,26,binning 1   1,DR18
8772.027,50.417374,2.329594,42.889317,SDSS-SDSS,SDSS,619,52056,437,697052198474901504,26,binning 1   1,DR18
8774.05,47.29285,1.9858155,43.00457,SDSS-SDSS,SDSS,619,52056,437,697052198474901504,26,binning 1   1,DR18
8776.068,53.01722,2.310612,42.978165,SDSS-SDSS,SDSS,619,52056,437,697052198474901504,26,binning 1   1,DR18
8778.088,47.469578,2.3891866,42.427216,SDSS-SDSS,SDSS,619,52056,437,697052198474901504,26,binning 1   1,DR18
8780.111,46.534214,3.3530946,41.27306,SDSS-SDSS,SDSS,619,52056,437,697052198474901504,26,binning 1   1,DR18
8782.132,48.394733,2.880093,40.60935,SDSS-SDSS,SDSS,619,52056,437,697052198474901504,26,binning 1   1,DR18
8784.156,49.32209,1.7853327,40.92274,SDSS-SDSS,SDSS,619,52056,437,697052198474901504,26,binning 1   1,DR18
8786.178,47.99828,1.5471921,41.47735,SDSS-SDSS,SDSS,619,52056,437,697052198474901504,26,binning 1   1,DR18
8788.203,49.470985,1.5613706,41.900093,SDSS-SDSS,SDSS,619,52056,437,697052198474901504,26,binning 1   1,DR18
8790.226,52.078785,1.7763616,42.267082,SDSS-SDSS,SDSS,619,52056,437,697052198474901504,26,binning 1   1,DR18
8792.247,47.010406,2.188441,42.371044,SDSS-SDSS,SDSS,619,52056,437,697052198474901504,26,binning 1   1,DR18
8794.275,45.702847,2.161971,41.850945,SDSS-SDSS,SDSS,619,52056,437,697052198474901504,26,binning 1   1,DR18
8796.298,48.888794,1.7621372,41.8051,SDSS-SDSS,SDSS,619,52056,437,697052198474901504,26,binning 1   1,DR18
8798.326,50.482685,1.6369916,41.67337,SDSS-SDSS,SDSS,619,52056,437,697052198474901504,26,binning 1   1,DR18
8800.351,50.04175,1.6394151,41.38564,SDSS-SDSS,SDSS,619,52056,437,697052198474901504,26,binning 1   1,DR18
8802.38,49.028862,1.6283016,41.349957,SDSS-SDSS,SDSS,619,52056,437,697052198474901504,26,binning 1   1,DR18
8804.405,47.41167,1.5980136,41.565323,SDSS-SDSS,SDSS,619,52056,437,697052198474901504,26,binning 1   1,DR18
8806.431,48.661472,1.5774225,41.562172,SDSS-SDSS,SDSS,619,52056,437,697052198474901504,26,binning 1   1,DR18
8808.461,49.52194,1.5620582,41.897343,SDSS-SDSS,SDSS,619,52056,437,697052198474901504,26,binning 1   1,DR18
8810.487,50.006348,1.607915,41.92846,SDSS-SDSS,SDSS,619,52056,437,697052198474901504,26,binning 1   1,DR18
8812.52,52.130413,1.6518811,41.110867,SDSS-SDSS,SDSS,619,52056,437,697052198474901504,26,binning 1   1,DR18
8814.546,51.79952,1.627051,40.847004,SDSS-SDSS,SDSS,619,52056,437,697052198474901504,26,binning 1   1,DR18
8816.579,51.39637,1.6154249,41.53628,SDSS-SDSS,SDSS,619,52056,437,697052198474901504,26,binning 1   1,DR18
8818.607,50.496002,1.5737919,41.50527,SDSS-SDSS,SDSS,619,52056,437,697052198474901504,26,binning 1   1,DR18
8820.636,52.33003,1.8205587,41.71941,SDSS-SDSS,SDSS,619,52056,437,697052198474901504,26,binning 1   1,DR18
8822.67,51.48446,1.8544413,41.968056,SDSS-SDSS,SDSS,619,52056,437,697052198474901504,26,binning 1   1,DR18
8824.699,51.758648,2.5525024,41.897713,SDSS-SDSS,SDSS,619,52056,437,697052198474901504,26,binning 1   1,DR18
8826.734,58.427853,4.2985315,42.36609,SDSS-SDSS,SDSS,619,52056,437,697052198474901504,26,binning 1   1,DR18
8828.765,43.081276,6.531073,42.851604,SDSS-SDSS,SDSS,619,52056,437,697052198474901504,26,binning 1   1,DR18
8830.801,41.551247,5.690616,41.427586,SDSS-SDSS,SDSS,619,52056,437,697052198474901504,26,binning 1   1,DR18
8832.833,52.447376,2.4104788,40.910896,SDSS-SDSS,SDSS,619,52056,437,697052198474901504,26,binning 1   1,DR18
8834.864,50.720074,1.9712015,41.788082,SDSS-SDSS,SDSS,619,52056,437,697052198474901504,26,binning 1   1,DR18
8836.901,58.614517,2.734251,42.661777,SDSS-SDSS,SDSS,619,52056,437,697052198474901504,26,binning 1   1,DR18
8838.935,39.368153,3.497157,42.753475,SDSS-SDSS,SDSS,619,52056,437,697052198474901504,26,binning 1   1,DR18
8840.973,54.12892,2.5244272,42.536633,SDSS-SDSS,SDSS,619,52056,437,697052198474901504,26,binning 1   1,DR18
8843.007,50.959312,1.7418625,42.8774,SDSS-SDSS,SDSS,619,52056,437,697052198474901504,26,binning 1   1,DR18
8845.046,50.699192,1.6469626,42.83702,SDSS-SDSS,SDSS,619,52056,437,697052198474901504,26,binning 1   1,DR18
8847.081,52.72803,1.7214948,42.38641,SDSS-SDSS,SDSS,619,52056,437,697052198474901504,26,binning 1   1,DR18
8849.116,52.644913,1.9036181,42.492653,SDSS-SDSS,SDSS,619,52056,437,697052198474901504,26,binning 1   1,DR18
8851.156,52.968803,2.1639771,42.597286,SDSS-SDSS,SDSS,619,52056,437,697052198474901504,26,binning 1   1,DR18
8853.192,51.10069,2.065839,42.340942,SDSS-SDSS,SDSS,619,52056,437,697052198474901504,26,binning 1   1,DR18
8855.234,53.211346,1.7801224,42.61402,SDSS-SDSS,SDSS,619,52056,437,697052198474901504,26,binning 1   1,DR18
8857.271,47.531784,1.6306244,42.92841,SDSS-SDSS,SDSS,619,52056,437,697052198474901504,26,binning 1   1,DR18
8859.314,48.398113,1.6253753,43.075775,SDSS-SDSS,SDSS,619,52056,437,697052198474901504,26,binning 1   1,DR18
8861.352,50.34303,1.6368601,42.89832,SDSS-SDSS,SDSS,619,52056,437,697052198474901504,26,binning 1   1,DR18
8863.391,45.416206,1.8244276,42.787292,SDSS-SDSS,SDSS,619,52056,437,697052198474901504,26,binning 1   1,DR18
8865.435,46.183575,1.9565556,42.95661,SDSS-SDSS,SDSS,619,52056,437,697052198474901504,26,binning 1   1,DR18
8867.474,51.182873,2.2588382,42.947826,SDSS-SDSS,SDSS,619,52056,437,697052198474901504,26,binning 1   1,DR18
8869.519,40.45441,2.8174155,42.50446,SDSS-SDSS,SDSS,619,52056,437,697052198474901504,26,binning 1   1,DR18
8871.56,47.75422,2.4683893,42.454216,SDSS-SDSS,SDSS,619,52056,437,697052198474901504,26,binning 1   1,DR18
8873.6045,41.251118,2.1626,42.4067,SDSS-SDSS,SDSS,619,52056,437,697052198474901504,26,binning 1   1,DR18
8875.646,44.09744,1.6261481,42.36173,SDSS-SDSS,SDSS,619,52056,437,697052198474901504,26,binning 1   1,DR18
8877.688,45.348263,1.5214995,42.554337,SDSS-SDSS,SDSS,619,52056,437,697052198474901504,26,binning 1   1,DR18
8879.735,45.41298,1.6875042,42.919018,SDSS-SDSS,SDSS,619,52056,437,697052198474901504,26,binning 1   1,DR18
8881.778,46.985413,1.768888,43.14935,SDSS-SDSS,SDSS,619,52056,437,697052198474901504,26,binning 1   1,DR18
8883.826,48.119465,1.8887508,42.52495,SDSS-SDSS,SDSS,619,52056,437,697052198474901504,26,binning 1   1,DR18
8885.87,56.89261,3.6432996,42.231735,SDSS-SDSS,SDSS,619,52056,437,697052198474901504,26,binning 1   1,DR18
8887.919,41.703754,5.3092966,43.0456,SDSS-SDSS,SDSS,619,52056,437,697052198474901504,26,binning 1   1,DR18
8889.964,45.207462,3.5526347,44.253384,SDSS-SDSS,SDSS,619,52056,437,697052198474901504,26,binning 1   1,DR18
8892.009,48.018425,2.1178062,44.214542,SDSS-SDSS,SDSS,619,52056,437,697052198474901504,26,binning 1   1,DR18
8894.06,47.06292,1.694904,43.2306,SDSS-SDSS,SDSS,619,52056,437,697052198474901504,26,binning 1   1,DR18
8896.105,49.53881,1.6458045,43.567688,SDSS-SDSS,SDSS,619,52056,437,697052198474901504,26,binning 1   1,DR18
8898.156,45.907997,1.6767452,43.67632,SDSS-SDSS,SDSS,619,52056,437,697052198474901504,26,binning 1   1,DR18
8900.204,47.040142,1.6509675,43.581604,SDSS-SDSS,SDSS,619,52056,437,697052198474901504,26,binning 1   1,DR18
8902.256,50.56927,1.8845886,43.61941,SDSS-SDSS,SDSS,619,52056,437,697052198474901504,26,binning 1   1,DR18
8904.304,49.61274,2.8386562,42.981396,SDSS-SDSS,SDSS,619,52056,437,697052198474901504,26,binning 1   1,DR18
8906.357,47.70708,3.1748276,42.496063,SDSS-SDSS,SDSS,619,52056,437,697052198474901504,26,binning 1   1,DR18
8908.406,47.821926,2.1340637,43.129982,SDSS-SDSS,SDSS,619,52056,437,697052198474901504,26,binning 1   1,DR18
8910.456,51.39317,1.7481985,42.88878,SDSS-SDSS,SDSS,619,52056,437,697052198474901504,26,binning 1   1,DR18
8912.511,49.735767,1.6738719,42.48244,SDSS-SDSS,SDSS,619,52056,437,697052198474901504,26,binning 1   1,DR18
8914.561,49.92216,1.6686786,42.84081,SDSS-SDSS,SDSS,619,52056,437,697052198474901504,26,binning 1   1,DR18
8916.616,50.871815,1.9135842,42.920063,SDSS-SDSS,SDSS,619,52056,437,697052198474901504,26,binning 1   1,DR18
8918.668,56.184933,2.7305925,43.08547,SDSS-SDSS,SDSS,619,52056,437,697052198474901504,26,binning 1   1,DR18
8920.725,50.7436,5.182281,42.802895,SDSS-SDSS,SDSS,619,52056,437,697052198474901504,26,binning 1   1,DR18
8922.776,32.61019,6.7783737,42.16881,SDSS-SDSS,SDSS,619,52056,437,697052198474901504,26,binning 1   1,DR18
8924.829,54.05748,3.3658645,42.123238,SDSS-SDSS,SDSS,619,52056,437,697052198474901504,26,binning 1   1,DR18
8926.887,49.561714,1.9033049,42.712997,SDSS-SDSS,SDSS,619,52056,437,697052198474901504,26,binning 1   1,DR18
8928.94,47.548607,1.6647052,42.72231,SDSS-SDSS,SDSS,619,52056,437,697052198474901504,26,binning 1   1,DR18
8931.0,48.02195,1.6577854,42.658993,SDSS-SDSS,SDSS,619,52056,437,697052198474901504,26,binning 1   1,DR18
8933.055,46.055214,1.5969285,42.57322,SDSS-SDSS,SDSS,619,52056,437,697052198474901504,26,binning 1   1,DR18
8935.114,46.7012,1.5628374,43.55798,SDSS-SDSS,SDSS,619,52056,437,697052198474901504,26,binning 1   1,DR18
8937.17,48.34183,1.7351186,43.90544,SDSS-SDSS,SDSS,619,52056,437,697052198474901504,26,binning 1   1,DR18
8939.226,53.430588,1.8428613,42.63781,SDSS-SDSS,SDSS,619,52056,437,697052198474901504,26,binning 1   1,DR18
8941.287,46.40087,1.7596486,41.98294,SDSS-SDSS,SDSS,619,52056,437,697052198474901504,26,binning 1   1,DR18
8943.344,50.1473,2.2351534,42.70204,SDSS-SDSS,SDSS,619,52056,437,697052198474901504,26,binning 1   1,DR18
8945.406,39.75353,2.6902165,42.745735,SDSS-SDSS,SDSS,619,52056,437,697052198474901504,26,binning 1   1,DR18
8947.464,43.62755,2.3043308,42.944565,SDSS-SDSS,SDSS,619,52056,437,697052198474901504,26,binning 1   1,DR18
8949.527,48.990376,1.7758176,43.187008,SDSS-SDSS,SDSS,619,52056,437,697052198474901504,26,binning 1   1,DR18
8951.586,46.26775,1.5853548,43.08906,SDSS-SDSS,SDSS,619,52056,437,697052198474901504,26,binning 1   1,DR18
8953.6455,48.70248,1.713187,43.114197,SDSS-SDSS,SDSS,619,52056,437,697052198474901504,26,binning 1   1,DR18
8955.71,49.48965,2.2923498,43.123512,SDSS-SDSS,SDSS,619,52056,437,697052198474901504,26,binning 1   1,DR18
8957.7705,58.861214,3.3341982,42.676746,SDSS-SDSS,SDSS,619,52056,437,697052198474901504,26,binning 1   1,DR18
8959.836,36.132572,4.211124,42.374374,SDSS-SDSS,SDSS,619,52056,437,697052198474901504,26,binning 1   1,DR18
8961.897,37.397266,4.252409,42.674397,SDSS-SDSS,SDSS,619,52056,437,697052198474901504,26,binning 1   1,DR18
8963.964,53.1931,2.9710014,43.087418,SDSS-SDSS,SDSS,619,52056,437,697052198474901504,26,binning 1   1,DR18
8966.026,47.210445,1.9126438,42.81648,SDSS-SDSS,SDSS,619,52056,437,697052198474901504,26,binning 1   1,DR18
8968.089,48.304398,1.7141993,43.18943,SDSS-SDSS,SDSS,619,52056,437,697052198474901504,26,binning 1   1,DR18
8970.157,48.786137,1.6409512,43.592445,SDSS-SDSS,SDSS,619,52056,437,697052198474901504,26,binning 1   1,DR18
8972.221,47.08093,1.678635,43.42353,SDSS-SDSS,SDSS,619,52056,437,697052198474901504,26,binning 1   1,DR18
8974.289,46.862476,1.7381592,42.770187,SDSS-SDSS,SDSS,619,52056,437,697052198474901504,26,binning 1   1,DR18
8976.354,50.83782,1.7644745,42.189846,SDSS-SDSS,SDSS,619,52056,437,697052198474901504,26,binning 1   1,DR18
8978.424,48.095036,1.6960267,42.178516,SDSS-SDSS,SDSS,619,52056,437,697052198474901504,26,binning 1   1,DR18
8980.489,51.539345,1.788182,42.42689,SDSS-SDSS,SDSS,619,52056,437,697052198474901504,26,binning 1   1,DR18
8982.556,51.838593,1.8799227,42.506386,SDSS-SDSS,SDSS,619,52056,437,697052198474901504,26,binning 1   1,DR18
8984.627,52.641846,1.8334945,42.537663,SDSS-SDSS,SDSS,619,52056,437,697052198474901504,26,binning 1   1,DR18
8986.693,50.840332,1.8660729,42.011795,SDSS-SDSS,SDSS,619,52056,437,697052198474901504,26,binning 1   1,DR18
8988.766,54.346992,2.7056181,41.456867,SDSS-SDSS,SDSS,619,52056,437,697052198474901504,26,binning 1   1,DR18
8990.834,40.272728,2.9759045,42.332375,SDSS-SDSS,SDSS,619,52056,437,697052198474901504,26,binning 1   1,DR18
8992.907,45.44521,2.2810063,42.65234,SDSS-SDSS,SDSS,619,52056,437,697052198474901504,26,binning 1   1,DR18
8994.976,53.235703,2.0765998,43.762012,SDSS-SDSS,SDSS,619,52056,437,697052198474901504,26,binning 1   1,DR18
8997.045,52.019558,1.8676561,43.713333,SDSS-SDSS,SDSS,619,52056,437,697052198474901504,26,binning 1   1,DR18
8999.12,52.97642,1.9000645,43.402447,SDSS-SDSS,SDSS,619,52056,437,697052198474901504,26,binning 1   1,DR18
9001.19,61.71939,2.8405924,43.880486,SDSS-SDSS,SDSS,619,52056,437,697052198474901504,26,binning 1   1,DR18
9003.266,43.940716,4.2621984,43.795498,SDSS-SDSS,SDSS,619,52056,437,697052198474901504,26,binning 1   1,DR18
9005.337,50.439747,3.5743196,43.35619,SDSS-SDSS,SDSS,619,52056,437,697052198474901504,26,binning 1   1,DR18
9007.413,54.79804,2.367062,44.11517,SDSS-SDSS,SDSS,619,52056,437,697052198474901504,26,binning 1   1,DR18
9009.485,49.630814,1.9328704,43.932602,SDSS-SDSS,SDSS,619,52056,437,697052198474901504,26,binning 1   1,DR18
9011.559,49.99701,1.7882305,44.082687,SDSS-SDSS,SDSS,619,52056,437,697052198474901504,26,binning 1   1,DR18
9013.636,49.44615,1.6792946,45.08866,SDSS-SDSS,SDSS,619,52056,437,697052198474901504,26,binning 1   1,DR18
9015.71,51.938133,1.7170173,44.37055,SDSS-SDSS,SDSS,619,52056,437,697052198474901504,26,binning 1   1,DR18
9017.789,48.40458,1.7969804,44.10684,SDSS-SDSS,SDSS,619,52056,437,697052198474901504,26,binning 1   1,DR18
9019.863,53.340927,1.9114808,44.56801,SDSS-SDSS,SDSS,619,52056,437,697052198474901504,26,binning 1   1,DR18
9021.943,47.798515,1.746021,44.655838,SDSS-SDSS,SDSS,619,52056,437,697052198474901504,26,binning 1   1,DR18
9024.019,49.311707,1.7934408,44.52065,SDSS-SDSS,SDSS,619,52056,437,697052198474901504,26,binning 1   1,DR18
9026.095,51.810028,1.8459519,44.07378,SDSS-SDSS,SDSS,619,52056,437,697052198474901504,26,binning 1   1,DR18
9028.176,53.916378,1.8843559,42.90472,SDSS-SDSS,SDSS,619,52056,437,697052198474901504,26,binning 1   1,DR18
9030.253,55.758987,1.9953519,43.933254,SDSS-SDSS,SDSS,619,52056,437,697052198474901504,26,binning 1   1,DR18
9032.335,51.657707,1.934681,43.833157,SDSS-SDSS,SDSS,619,52056,437,697052198474901504,26,binning 1   1,DR18
9034.413,52.260292,2.1210938,43.62137,SDSS-SDSS,SDSS,619,52056,437,697052198474901504,26,binning 1   1,DR18
9036.497,49.72304,2.1319091,43.649033,SDSS-SDSS,SDSS,619,52056,437,697052198474901504,26,binning 1   1,DR18
9038.575,56.12305,2.3404849,43.57412,SDSS-SDSS,SDSS,619,52056,437,697052198474901504,26,binning 1   1,DR18
9040.654,55.447147,2.2219205,43.517597,SDSS-SDSS,SDSS,619,52056,437,697052198474901504,26,binning 1   1,DR18
9042.739,52.5422,2.0291882,43.303066,SDSS-SDSS,SDSS,619,52056,437,697052198474901504,26,binning 1   1,DR18
9044.819,56.04867,1.8741916,43.35095,SDSS-SDSS,SDSS,619,52056,437,697052198474901504,26,binning 1   1,DR18
9046.905,63.144665,1.9832774,43.701637,SDSS-SDSS,SDSS,619,52056,437,697052198474901504,26,binning 1   1,DR18
9048.986,57.53709,2.1091647,43.861145,SDSS-SDSS,SDSS,619,52056,437,697052198474901504,26,binning 1   1,DR18
9051.073,54.00947,2.4963024,43.934544,SDSS-SDSS,SDSS,619,52056,437,697052198474901504,26,binning 1   1,DR18
9053.155,47.203922,2.378504,44.541786,SDSS-SDSS,SDSS,619,52056,437,697052198474901504,26,binning 1   1,DR18
9055.238,54.745987,2.017579,44.273926,SDSS-SDSS,SDSS,619,52056,437,697052198474901504,26,binning 1   1,DR18
9057.326,55.35705,1.8604363,43.64017,SDSS-SDSS,SDSS,619,52056,437,697052198474901504,26,binning 1   1,DR18
9059.41,53.94195,1.8821758,43.513157,SDSS-SDSS,SDSS,619,52056,437,697052198474901504,26,binning 1   1,DR18
9061.499,53.40306,1.8529772,44.089817,SDSS-SDSS,SDSS,619,52056,437,697052198474901504,26,binning 1   1,DR18
9063.584,54.635227,1.8968887,44.71403,SDSS-SDSS,SDSS,619,52056,437,697052198474901504,26,binning 1   1,DR18
9065.674,52.805912,1.9041862,44.49118,SDSS-SDSS,SDSS,619,52056,437,697052198474901504,26,binning 1   1,DR18
9067.759,51.221645,1.8452098,43.989212,SDSS-SDSS,SDSS,619,52056,437,697052198474901504,26,binning 1   1,DR18
9069.851,54.13457,1.9367617,44.230988,SDSS-SDSS,SDSS,619,52056,437,697052198474901504,26,binning 1   1,DR18
9071.937,55.816555,2.061045,44.64024,SDSS-SDSS,SDSS,619,52056,437,697052198474901504,26,binning 1   1,DR18
9074.023,54.680588,2.0287733,44.78625,SDSS-SDSS,SDSS,619,52056,437,697052198474901504,26,binning 1   1,DR18
9076.116,53.944958,1.9473789,44.42998,SDSS-SDSS,SDSS,619,52056,437,697052198474901504,26,binning 1   1,DR18
9078.204,58.38232,1.8706671,43.678936,SDSS-SDSS,SDSS,619,52056,437,697052198474901504,26,binning 1   1,DR18
9080.298,54.54971,1.8485428,44.036137,SDSS-SDSS,SDSS,619,52056,437,697052198474901504,26,binning 1   1,DR18
9082.387,54.15682,1.9485167,44.380154,SDSS-SDSS,SDSS,619,52056,437,697052198474901504,26,binning 1   1,DR18
9084.48,52.105003,1.8928765,44.58308,SDSS-SDSS,SDSS,619,52056,437,697052198474901504,26,binning 1   1,DR18
9086.57,53.039265,1.8765574,44.79108,SDSS-SDSS,SDSS,619,52056,437,697052198474901504,26,binning 1   1,DR18
9088.661,56.040405,2.0083709,45.177628,SDSS-SDSS,SDSS,619,52056,437,697052198474901504,26,binning 1   1,DR18
9090.757,54.91343,2.007188,45.697628,SDSS-SDSS,SDSS,619,52056,437,697052198474901504,26,binning 1   1,DR18
9092.849,55.23388,2.04036,45.478767,SDSS-SDSS,SDSS,619,52056,437,697052198474901504,26,binning 1   1,DR18
9094.945,51.264584,2.0505362,44.951553,SDSS-SDSS,SDSS,619,52056,437,697052198474901504,26,binning 1   1,DR18
9097.037,54.41636,2.0307806,45.20424,SDSS-SDSS,SDSS,619,52056,437,697052198474901504,26,binning 1   1,DR18
9099.135,53.6988,1.9043248,45.72526,SDSS-SDSS,SDSS,619,52056,437,697052198474901504,26,binning 1   1,DR18
9101.229,54.23548,2.0259705,45.43303,SDSS-SDSS,SDSS,619,52056,437,697052198474901504,26,binning 1   1,DR18
9103.322,55.4989,2.4492815,44.408764,SDSS-SDSS,SDSS,619,52056,437,697052198474901504,26,binning 1   1,DR18
9105.421,54.858513,2.4012809,44.399544,SDSS-SDSS,SDSS,619,52056,437,697052198474901504,26,binning 1   1,DR18
9107.516,48.013294,2.2811017,45.016205,SDSS-SDSS,SDSS,619,52056,437,697052198474901504,26,binning 1   1,DR18
9109.616,54.406704,2.1413293,44.76716,SDSS-SDSS,SDSS,619,52056,437,697052198474901504,26,binning 1   1,DR18
9111.712,52.70844,1.9411951,44.31872,SDSS-SDSS,SDSS,619,52056,437,697052198474901504,26,binning 1   1,DR18
9113.8125,54.423172,1.8537154,44.531464,SDSS-SDSS,SDSS,619,52056,437,697052198474901504,26,binning 1   1,DR18
9115.909,58.201088,1.8854406,44.770607,SDSS-SDSS,SDSS,619,52056,437,697052198474901504,26,binning 1   1,DR18
9118.007,54.474503,1.860898,44.891357,SDSS-SDSS,SDSS,619,52056,437,697052198474901504,26,binning 1   1,DR18
9120.109,56.16994,2.030277,44.9274,SDSS-SDSS,SDSS,619,52056,437,697052198474901504,26,binning 1   1,DR18
9122.207,55.127605,2.2539067,45.141033,SDSS-SDSS,SDSS,619,52056,437,697052198474901504,26,binning 1   1,DR18
9124.311,57.46288,1.9068104,45.548485,SDSS-SDSS,SDSS,619,52056,437,697052198474901504,26,binning 1   1,DR18
9126.41,53.175964,1.8048524,45.758343,SDSS-SDSS,SDSS,619,52056,437,697052198474901504,26,binning 1   1,DR18
9128.515,57.03166,1.8751193,45.4708,SDSS-SDSS,SDSS,619,52056,437,697052198474901504,26,binning 1   1,DR18
9130.614,53.719547,1.9103786,45.61962,SDSS-SDSS,SDSS,619,52056,437,697052198474901504,26,binning 1   1,DR18
9132.715,58.1496,2.0672376,45.484993,SDSS-SDSS,SDSS,619,52056,437,697052198474901504,26,binning 1   1,DR18
9134.821,54.348274,2.010876,45.26507,SDSS-SDSS,SDSS,619,52056,437,697052198474901504,26,binning 1   1,DR18
9136.922,54.410416,2.0445502,44.891666,SDSS-SDSS,SDSS,619,52056,437,697052198474901504,26,binning 1   1,DR18
9139.029,58.06502,2.1901798,44.58803,SDSS-SDSS,SDSS,619,52056,437,697052198474901504,26,binning 1   1,DR18
9141.132,61.42868,2.0546513,45.013374,SDSS-SDSS,SDSS,619,52056,437,697052198474901504,26,binning 1   1,DR18
9143.239,56.99009,1.8557116,45.42215,SDSS-SDSS,SDSS,619,52056,437,697052198474901504,26,binning 1   1,DR18
9145.343,53.62582,1.8263649,45.470375,SDSS-SDSS,SDSS,619,52056,437,697052198474901504,26,binning 1   1,DR18
9147.447,56.1181,1.8796446,45.296883,SDSS-SDSS,SDSS,619,52056,437,697052198474901504,26,binning 1   1,DR18
9149.557,57.899048,1.9307432,45.009605,SDSS-SDSS,SDSS,619,52056,437,697052198474901504,26,binning 1   1,DR18
9151.661,54.11336,1.9511987,44.700733,SDSS-SDSS,SDSS,619,52056,437,697052198474901504,26,binning 1   1,DR18
9153.771,53.99987,2.1232803,44.553993,SDSS-SDSS,SDSS,619,52056,437,697052198474901504,26,binning 1   1,DR18
9155.877,52.638783,2.3036907,44.617016,SDSS-SDSS,SDSS,619,52056,437,697052198474901504,26,binning 1   1,DR18
9157.988,56.183678,2.2643645,44.149765,SDSS-SDSS,SDSS,619,52056,437,697052198474901504,26,binning 1   1,DR18
9160.096,57.234493,2.159275,44.05216,SDSS-SDSS,SDSS,619,52056,437,697052198474901504,26,binning 1   1,DR18
9162.203,55.549572,2.1622531,44.54299,SDSS-SDSS,SDSS,619,52056,437,697052198474901504,26,binning 1   1,DR18
9164.315,54.427547,2.1670535,45.225483,SDSS-SDSS,SDSS,619,52056,437,697052198474901504,26,binning 1   1,DR18
9166.424,58.903767,2.1087723,45.62728,SDSS-SDSS,SDSS,619,52056,437,697052198474901504,26,binning 1   1,DR18
9168.537,57.612194,2.0322678,45.112003,SDSS-SDSS,SDSS,619,52056,437,697052198474901504,26,binning 1   1,DR18
9170.646,56.76833,2.0748677,44.305336,SDSS-SDSS,SDSS,619,52056,437,697052198474901504,26,binning 1   1,DR18
9172.762,58.979816,2.088772,44.77606,SDSS-SDSS,SDSS,619,52056,437,697052198474901504,26,binning 1   1,DR18
9174.871,54.886932,2.1456366,45.495342,SDSS-SDSS,SDSS,619,52056,437,697052198474901504,26,binning 1   1,DR18
9176.982,53.530807,2.1742432,45.438404,SDSS-SDSS,SDSS,619,52056,437,697052198474901504,26,binning 1   1,DR18
9179.099,54.885822,2.1050751,45.410343,SDSS-SDSS,SDSS,619,52056,437,697052198474901504,26,binning 1   1,DR18
9181.21,54.22716,1.9249017,44.981003,SDSS-SDSS,SDSS,619,52056,437,697052198474901504,26,binning 1   1,DR18
9183.327,52.91304,1.8969935,45.20652,SDSS-SDSS,SDSS,619,52056,437,697052198474901504,26,binning 1   1,DR18
9185.439,53.851303,1.9194548,45.311996,SDSS-SDSS,SDSS,619,52056,437,697052198474901504,26,binning 1   1,DR18
9187.558,56.799507,2.0043883,44.943905,SDSS-SDSS,SDSS,619,52056,437,697052198474901504,26,binning 1   1,DR18
9189.672,56.798218,1.952551,44.63647,SDSS-SDSS,SDSS,619,52056,437,697052198474901504,26,binning 1   1,DR18
9191.785,55.941597,1.8907355,44.950203,SDSS-SDSS,SDSS,619,52056,437,697052198474901504,26,binning 1   1,DR18
9193.905,55.41967,1.9505664,44.93001,SDSS-SDSS,SDSS,619,52056,437,697052198474901504,26,binning 1   1,DR18
9196.0205,54.027294,1.9765995,44.706974,SDSS-SDSS,SDSS,619,52056,437,697052198474901504,26,binning 1   1,DR18
9198.141,54.997795,1.9686124,44.812073,SDSS-SDSS,SDSS,619,52056,437,697052198474901504,26,binning 1   1,DR18
9200.257,55.019806,1.9505239,44.961727,SDSS-SDSS,SDSS,619,52056,437,697052198474901504,26,binning 1   1,DR18
9202.379,55.482502,1.9853549,44.778812,SDSS-SDSS,SDSS,619,52056,437,697052198474901504,26,binning 1   1,DR18
9204.495,57.79662,2.045746,44.485878,SDSS-SDSS,SDSS,619,52056,437,697052198474901504,26,binning 1   1,DR18
9206.613,57.77345,2.153212,44.36026,SDSS-SDSS,SDSS,619,52056,437,697052198474901504,26,binning 1   1,DR18
9208.736,56.904297,2.296163,44.73906,SDSS-SDSS,SDSS,619,52056,437,697052198474901504,26,binning 1   1,DR18
9210.8545,55.851906,2.3491292,45.040455,SDSS-SDSS,SDSS,619,52056,437,697052198474901504,26,binning 1   1,DR18
9212.979,54.61849,2.4218988,45.1999,SDSS-SDSS,SDSS,619,52056,437,697052198474901504,26,binning 1   1,DR18
9215.098,54.570507,2.5002644,45.60929,SDSS-SDSS,SDSS,619,52056,437,697052198474901504,26,binning 1   1,DR18
