# wavelength_A flux_1e-17 err_1e-17
3825.604 -0.23801184 0.58478588
3826.4841 -0.20262982 0.57885081
3827.3665 -0.63244677 0.56137079
3828.2468 -1.7681284 0.56281471
3829.1296 0.91412753 0.614842
3830.0105 -0.086152375 0.61197782
3830.8938 -1.7067995 0.55342162
3831.7751 -2.1578922 0.55646074
3832.6565 -0.3863501 0.59147584
3833.5403 0.96554452 0.60762805
3834.4224 0.90686905 0.62621719
3835.3064 0.87843817 0.62770611
3836.1887 0.21540274 0.60604411
3837.0735 -1.1591327 0.59706241
3837.9561 1.001361 0.6245591
3838.8391 0.97234929 0.62762231
3839.7244 0.4562757 0.61019319
3840.6077 -1.0078107 0.58322889
3841.4932 -1.0954057 0.6050368
3842.377 0.48348272 0.61202991
3843.2629 1.3626544 0.61975068
3844.1472 0.52326167 0.57160008
3845.0315 -0.9452064 0.52721006
3845.9182 -0.50739771 0.51713836
3846.803 -0.30592826 0.52420467
3847.6899 0.24848942 0.53908968
3848.5752 0.29059142 0.52221531
3849.4626 -0.37909135 0.51014489
3850.3481 -1.1965159 0.49676457
3851.2339 -1.3465332 0.51080471
3852.1221 -0.60183609 0.56941772
3853.0083 -0.11837389 0.58112431
3853.8967 -0.43358576 0.58539289
3854.7832 0.36973241 0.59271121
3855.6721 0.12892301 0.58933657
3856.5591 -0.60697454 0.60307366
3857.4463 0.10620484 0.62552822
3858.3359 0.4701381 0.58085543
3859.2234 -0.7863729 0.53573835
3860.1135 -0.56518281 0.53797686
3861.0015 -0.3007001 0.54108256
3861.8918 -0.75838029 0.5354768
3862.7803 -0.3476136 0.52762413
3863.6687 0.29291764 0.54385912
3864.5598 0.56821316 0.52636307
3865.4487 -0.15959385 0.50558114
3866.3401 -0.42507404 0.50147349
3867.2297 -0.005293068 0.53072804
3868.1213 -0.60867763 0.51146191
3869.0112 -0.89735907 0.52551812
3869.9014 -0.31372923 0.52951807
3870.7937 -0.11638981 0.52916908
3871.6841 -0.44402722 0.53033912
3872.5769 -0.32601619 0.51019919
3873.4678 -1.1606836 0.51092982
3874.3611 1.12872 0.54662132
3875.2524 0.31424183 0.54012597
3876.1438 -0.37797031 0.52284229
3877.0376 -0.16169783 0.4815008
3877.9297 -0.13200872 0.51713264
3878.8237 -0.60602099 0.47033474
3879.7161 -0.21896203 0.50854236
3880.6108 0.42931879 0.50486249
3881.5037 0.27869189 0.51863575
3882.3965 0.59940082 0.50296819
3883.2917 -0.29969507 0.49245307
3884.1851 0.65477753 0.50497478
3885.0808 1.1476052 0.51693094
3885.9746 0.5103637 0.49788639
3886.8706 0.32702282 0.49705482
3887.7649 -0.13689367 0.4639571
3888.6592 0.87085593 0.48921564
3889.5559 1.1266363 0.48714274
3890.4507 -0.54873002 0.46627146
3891.3479 -0.37735909 0.47274098
3892.2429 -0.83530229 0.46480262
3893.1406 -0.40800345 0.45482898
3894.0361 0.45567667 0.46941745
3894.9341 -0.28996992 0.4647055
3895.8301 -0.38949561 0.45495063
3896.7263 0.3576574 0.48105791
3897.625 -0.58058023 0.45140824
3898.5215 -1.7289977 0.42845434
3899.4207 -0.50801212 0.46845523
3900.3176 -0.11729413 0.4550288
3901.217 -1.3341777 0.45873702
3902.1145 0.76065063 0.48411337
3903.0122 -0.88645631 0.47207615
3903.9121 0.52187777 0.47515497
3904.8103 0.9024623 0.47569406
3905.7107 1.2094148 0.51787323
3906.6094 0.14781491 0.50796974
3907.51 -1.2243743 0.50802284
3908.4089 -1.2815627 0.48506734
3909.3081 -0.682226 0.50030285
3910.2097 0.93500996 0.50391382
3911.1091 -0.10413138 0.48787487
3912.011 0.54954773 0.49139488
3912.9111 0.25155059 0.48607904
3913.8132 -0.049643815 0.48509005
3914.7136 0.49404874 0.49259418
3915.6143 -0.27087006 0.50139648
3916.5171 -0.19767731 0.50552112
3917.4182 0.50700921 0.49289402
3918.3215 -0.56853253 0.48548895
3919.2229 0.051428366 0.49748918
3920.1267 0.82335621 0.5102663
3921.0286 0.49858749 0.49122706
3921.9307 -0.90348631 0.45099282
3922.835 -0.13310021 0.46403342
3923.7373 0.031482972 0.4482134
3924.6421 -0.36211565 0.45954812
3925.5452 -0.84018832 0.45802721
3926.4502 -0.25533524 0.47716025
3927.3535 0.33133844 0.48610917
3928.2571 -0.71589363 0.45692551
3929.1628 -0.84246618 0.45115614
3930.0667 0.17748617 0.44901466
3930.9731 -0.11280835 0.43585023
3931.8774 0.99041784 0.44149843
3932.7839 -0.1152862 0.42639163
3933.6887 -0.12145074 0.43008322
3934.5938 -0.62289482 0.41939116
3935.501 -0.48161414 0.41547969
3936.4062 0.69031906 0.42733943
3937.3142 0.2132366 0.42316377
3938.22 0.29189879 0.41398644
3939.1279 -0.27422979 0.41539517
3940.0342 -1.1325158 0.41410682
3940.9407 -1.3379149 0.42244679
3941.8494 -0.26686731 0.46247044
3942.7561 -0.01393708 0.48462206
3943.6653 0.20289603 0.50306368
3944.5725 -0.078240216 0.50895751
3945.4822 0.046126653 0.50672454
3946.3899 0.26708433 0.49837777
3947.2979 -0.56107152 0.46564466
3948.208 0.5991919 0.45818165
3949.1162 0.85547376 0.46381837
3950.0269 0.73804361 0.45880625
3950.9355 -0.98500431 0.42312843
3951.8467 -0.68770355 0.41191304
3952.7559 0.3128719 0.42644972
3953.665 0.70095009 0.44315875
3954.5769 0.56916898 0.4227713
3955.4866 0.16019078 0.42305791
3956.3987 -0.26458097 0.42549697
3957.3088 -0.15533048 0.43532687
3958.2214 0.1665566 0.42635155
3959.1321 -0.056117874 0.42616636
3960.0449 0.50337183 0.44431999
3960.9561 -0.088205554 0.45750093
3961.8672 -0.19237052 0.45558584
3962.7808 -0.0073058037 0.46276802
3963.6924 0.29771799 0.45713672
3964.6064 0.42819056 0.44666967
3965.5186 0.57483476 0.45551276
3966.4329 0.46032229 0.44948813
3967.3455 -0.20251715 0.42812037
3968.2581 0.34184456 0.42894837
3969.1731 0.53645259 0.42972538
3970.0862 0.26272413 0.42426455
3971.0017 -0.22652726 0.41164431
3971.9153 -0.56722528 0.39513457
3972.8313 -0.37933871 0.42852277
3973.7451 -0.060766269 0.43844441
3974.6592 0.41655946 0.46867383
3975.5759 0.46393079 0.48196873
3976.4905 -0.066118903 0.48142046
3977.4075 0.31402558 0.47118312
3978.3225 0.3711096 0.45673838
3979.2397 -0.35266849 0.4318682
3980.1553 0.18224485 0.43503109
3981.0708 0.21244946 0.43509647
3981.9888 0.59137028 0.46017906
3982.905 -0.54416919 0.41894886
3983.8232 -0.43212306 0.42723736
3984.7397 0.40089357 0.42570612
3985.6587 0.057362355 0.41176936
3986.5757 0.080342956 0.40736911
3987.4927 -0.36306134 0.40417135
3988.4121 -0.39857423 0.42025676
3989.3298 -0.012275869 0.43987185
3990.2498 0.013006211 0.44450733
3991.1677 -0.10390125 0.43166807
3992.0879 -0.35903147 0.42954859
3993.0063 -0.28864157 0.42898387
3993.925 -0.26672584 0.41618392
3994.8459 -0.15486996 0.40306434
3995.7649 -0.0029437304 0.40121573
3996.6863 -0.24205993 0.41300967
3997.6057 -0.12381702 0.41303277
3998.5276 -0.57936746 0.41933742
3999.4475 -0.33047828 0.43629363
4000.3674 0.28820699 0.43391159
4001.29 0.32722884 0.44534925
4002.2104 -0.50266761 0.42293304
4003.1333 -0.33449835 0.4139075
4004.0544 0.11610135 0.42761871
4004.9775 0.10965227 0.42348695
4005.8989 0.6695255 0.44158471
4006.8206 1.1277297 0.44184631
4007.7446 -0.19582979 0.42589548
4008.6665 -0.10469271 0.43367404
4009.5908 -0.25426075 0.43934619
4010.5132 -0.026439929 0.43367708
4011.438 0.094275914 0.4309251
4012.3608 0.36299285 0.43139812
4013.2839 0.15429902 0.43507788
4014.2095 -0.049390938 0.44526169
4015.1328 -0.10309519 0.45952946
4016.0588 -0.39741522 0.4506309
4016.9827 -0.038790118 0.45294115
4017.9089 0.96049488 0.45705786
4018.8333 0.88202631 0.44228083
4019.7578 -1.0122949 0.43250537
4020.6848 -0.22314098 0.4337548
4021.6096 0.32904178 0.44249138
4022.5371 0.03259268 0.44523776
4023.4624 0.21327978 0.45306709
4024.3901 0.22498976 0.45858899
4025.3162 -0.37055913 0.44996378
4026.2422 -0.34725815 0.42744264
4027.1704 -0.74851453 0.39767036
4028.0969 -0.36660773 0.39335552
4029.0259 -0.23278238 0.41085607
4029.9526 1.109522 0.41712275
4030.8821 -0.40019646 0.39400828
4031.8093 -0.6153397 0.37658143
4032.739 0.29803279 0.40372479
4033.6667 0.20054209 0.42541215
4034.5947 0.062828533 0.43429354
4035.5251 0.75261444 0.4351559
4036.4534 0.67398316 0.42676014
4037.3843 0.28459996 0.41648108
4038.313 -0.22744808 0.41271114
4039.2441 0.82725507 0.42528078
4040.1736 0.55153644 0.42544407
4041.103 0.50570917 0.41440478
4042.0347 -0.62195939 0.40145501
4042.9646 -1.0633491 0.38695604
4043.897 -0.68051869 0.39398336
4044.8271 0.007046842 0.42852139
4045.76 0.10137188 0.44836718
4046.6907 -0.95510757 0.4795408
4047.6216 0.50304955 0.49786571
4048.5549 -0.94541019 0.46948627
4049.4863 -0.3909975 0.44582641
4050.4202 -0.37850022 0.43134728
4051.3521 0.094241194 0.43825594
4052.2861 0.38761702 0.44992742
4053.2185 0.35351169 0.4404549
4054.1509 -0.52350855 0.43393862
4055.0857 -0.68439335 0.43353936
4056.0186 -0.057215732 0.44856754
4056.9539 0.095867269 0.44439387
4057.8872 0.52304459 0.435601
4058.823 0.72322434 0.43476126
4059.7566 0.80158633 0.44241232
4060.6907 0.020558158 0.44065592
4061.627 0.017359456 0.42949229
4062.5613 1.0744506 0.42147452
4063.4983 0.25293162 0.40261182
4064.4331 -0.18820289 0.40089369
4065.3701 0.33956948 0.42524916
4066.3054 0.048257858 0.43461826
4067.241 0.31420401 0.51212674
4068.1787 1.694443 0.54592913
4069.1147 -0.40930295 0.51052558
4070.053 -0.30207649 0.44694254
4070.9893 0.20468353 0.42616266
4071.928 0.38641387 0.41744354
4072.8647 0.6472854 0.45759851
4073.8018 -0.23593837 0.44636291
4074.7412 -0.025578115 0.45458844
4075.6787 0.5709157 0.45298794
4076.6184 0.18402098 0.44601855
4077.5562 0.43018097 0.45420471
4078.4966 0.45003602 0.42261249
4079.4348 -0.73735899 0.40322965
4080.3733 0.64679456 0.41433591
4081.3142 -0.023474827 0.41303355
4082.2532 0.1605311 0.40854901
4083.1943 0.61499232 0.40655562
4084.1338 1.1190528 0.41574553
4085.0757 0.11408135 0.39625728
4086.0154 -0.35373002 0.3880913
4086.9553 0.53209847 0.43364918
4087.8977 -0.070066802 0.44802907
4088.8381 -1.2401631 0.44943774
4089.781 0.61812389 0.45466459
4090.7219 -0.14703619 0.44135794
4091.6653 -0.19782253 0.41856635
4092.6064 0.37365127 0.39852419
4093.5481 0.42146906 0.40442127
4094.4919 -0.016049851 0.39425439
4095.4338 -0.33635369 0.39050317
4096.3784 0.20532933 0.39127231
4097.3208 0.84018391 0.39893821
4098.2656 0.5311873 0.40239048
4099.2085 -0.52063894 0.37528431
4100.1514 -0.89191151 0.37165031
4101.0967 0.27227008 0.3832674
4102.04 0.032506693 0.38951772
4102.9863 0.91859692 0.41557664
4103.9302 0.74461329 0.43011847
4104.8765 1.0687401 0.43345493
4105.8208 0.23798601 0.41219074
4106.7676 0.041794006 0.3934651
4107.7124 0.23877107 0.38342822
4108.6572 0.61167729 0.40082219
4109.6045 0.9957937 0.40219736
4110.5503 -0.0031887081 0.39450243
4111.498 0.26685032 0.39563781
4112.4438 -0.070931002 0.38056886
4113.3921 0.23990153 0.38009775
4114.3384 0.26955122 0.39101112
4115.2852 0.25731105 0.38496211
4116.2339 -0.53362638 0.36939135
4117.1807 0.085357472 0.38808459
4118.1304 0.24137573 0.38678133
4119.0776 -0.03757247 0.37469473
4120.0273 0.48316181 0.37717971
4120.9751 0.11638775 0.36574671
4121.9233 -0.3636615 0.37856326
4122.874 -0.18785286 0.38561663
4123.8223 -0.52063173 0.38634199
4124.7734 0.3713977 0.3985081
4125.7222 -0.010653242 0.41307732
4126.6733 -0.18602794 0.40230727
4127.623 0.56383711 0.41983739
4128.5723 0.89021623 0.41278976
4129.5244 0.22336476 0.39896634
4130.4746 -0.40662724 0.38933924
4131.4268 -0.16413234 0.39602649
4132.3774 0.36848304 0.40440136
4133.3301 0.66911274 0.41553134
4134.2812 0.43619758 0.41277745
4135.2324 0.088111982 0.40578696
4136.1855 0.41992396 0.40641728
4137.1372 -0.27685907 0.39237839
4138.0913 -0.23489703 0.38525787
4139.0435 0.39076978 0.40300211
4139.9976 -0.01675046 0.38354653
4140.9502 -0.14263532 0.39843082
4141.9028 -0.31721789 0.40525496
4142.8579 -0.17133522 0.40763733
4143.811 1.8814465 0.4194859
4144.7666 0.86606848 0.44780719
4145.7202 0.95238113 0.46988538
4146.6758 0.40072355 0.42182547
4147.6299 -0.39890873 0.39934748
4148.584 1.0489594 0.40801483
4149.5405 0.78886616 0.39210299
4150.4951 -0.40913117 0.3552722
4151.4526 0.18934429 0.37948391
4152.4072 0.36464664 0.40986216
4153.3647 -0.19040911 0.4147568
4154.3203 0.87033123 0.4317227
4155.2764 -0.00095871603 0.40228841
4156.2344 1.0312275 0.59080809
4157.1904 2.4019527 0.6046164
4158.1489 0.27595678 0.40615883
4159.1055 0.53356171 0.39770678
4160.0649 0.28328758 0.38886553
4161.022 0.80963057 0.38622168
4161.979 0.60460466 0.38817972
4162.939 -0.54627407 0.38797861
4163.8965 -0.15697359 0.40316018
4164.8564 0.73788738 0.43124461
4165.8149 0.3687371 0.43191579
4166.7754 0.70036107 0.41463649
4167.7339 0.54868209 0.39887908
4168.6929 -0.70451522 0.38664705
4169.6538 -0.15044776 0.40058336
4170.6133 0.64710331 0.41411698
4171.5752 -0.48249644 0.38901836
4172.5347 -0.079408735 0.39069891
4173.4971 0.88171774 0.40657675
4174.457 0.93728656 0.39487833
4175.4175 0.33517218 0.39200157
4176.3799 0.030286187 0.38059223
4177.3408 0.31928539 0.38713092
4178.3042 0.39602786 0.38322201
4179.2651 0.76028794 0.3914116
4180.229 0.26750067 0.38906252
4181.1909 0.42110285 0.38427329
4182.1548 0.11313079 0.3812072
4183.1172 -0.26859975 0.3913537
4184.0796 0.11890125 0.41765144
4185.0444 0.26628187 0.45405701
4186.0068 -0.18232568 0.41927457
4186.9722 0.82435858 0.39108258
4187.9355 1.7002246 0.3960827
4188.9014 -0.088331789 0.36457682
4189.8647 0.39655396 0.39443326
4190.8286 0.5839833 0.43130907
4191.7949 0.5015803 0.41970286
4192.7593 0.16779402 0.39016256
4193.7261 0.53354055 0.3822192
4194.6909 -0.033185158 0.36721599
4195.6582 0.1307101 0.36984318
4196.6235 0.30580112 0.41308069
4197.5889 -0.16025366 0.45245758
4198.5571 0.17395122 0.46285933
4199.5229 0.91853303 0.45647448
4200.4912 0.33688822 0.41150227
4201.4575 -0.21165976 0.39334774
4202.4263 0.89946717 0.38466838
4203.3931 0.63258284 0.37223998
4204.3599 0.3886292 0.36482975
4205.3296 0.13764524 0.34565175
4206.2969 -0.054758888 0.34526047
4207.2671 0.025480516 0.35736835
4208.2349 0.25700343 0.37439004
4209.2051 0.49468705 0.37931481
4210.1738 0.39650086 0.38422582
4211.1421 0.22189932 0.38786131
4212.1133 0.062692046 0.37515351
4213.082 -0.50140631 0.36387837
4214.0537 0.83937013 0.38076502
4215.0229 0.81616902 0.38981378
4215.9951 -0.078872629 0.38484049
4216.9648 -0.44361871 0.39297551
4217.9351 0.58332336 0.40836182
4218.9077 1.2311201 0.40968153
4219.8784 1.1819705 0.38008901
4220.8516 0.84156555 0.37119079
4221.8223 0.75249064 0.36573827
4222.7959 0.50991577 0.36620525
4223.7676 0.65402871 0.38929868
4224.7393 1.7083956 0.4160682
4225.7134 0.36944658 0.40345848
4226.6855 0.37243402 0.38403961
4227.6602 0.17234577 0.36185828
4228.6328 0.083488323 0.34905395
4229.6079 -0.038133193 0.35527283
4230.5806 -0.065802544 0.35207233
4231.5542 -0.27611881 0.35561401
4232.5298 0.26533031 0.36212152
4233.5034 0.54665673 0.36494195
4234.48 0.0062983059 0.35509035
4235.4541 0.19492701 0.36432105
4236.4307 0.64797932 0.3714976
4237.4053 0.33652535 0.36888593
4238.3799 0.81270361 0.36633572
4239.3574 0.54877412 0.35932344
4240.3325 0.4717229 0.36258656
4241.3105 0.48547682 0.36316514
4242.2861 0.99660611 0.36055991
4243.2642 0.52916151 0.35640523
4244.2407 0.4378064 0.35200813
4245.2168 0.017667932 0.36346918
4246.1958 -0.17642511 0.36021927
4247.1729 0.74912995 0.38815054
4248.1519 1.1557137 0.38768908
4249.1294 0.51593411 0.37725574
4250.1094 -0.35192594 0.37986439
4251.0869 -0.43558413 0.3973527
4252.0649 0.34906587 0.41172254
4253.0454 0.5071516 0.40945825
4254.0239 -0.34537816 0.36611596
4255.0049 0.15745667 0.3660565
4255.9834 0.21239258 0.35642511
4256.9648 0.42011005 0.35513094
4257.9443 0.84473932 0.37541443
4258.9263 1.1520936 0.37707424
4259.9058 1.0736392 0.37590849
4260.8857 0.45887756 0.37279463
4261.8687 0.30974254 0.35657966
4262.8491 -0.11549918 0.34820127
4263.832 0.66443616 0.35782859
4264.813 0.79151291 0.37263256
4265.7964 1.2568128 0.38170505
4266.7778 0.93927383 0.37646005
4267.7593 0.8706767 0.37393975
4268.7432 1.087249 0.37295124
4269.7256 1.3141391 0.38203961
4270.71 1.0603873 0.36873692
4271.6924 0.67797726 0.37574604
4272.6772 0.82654387 0.37313753
4273.6606 0.82601041 0.38507894
4274.6436 0.12820902 0.36504483
4275.6294 -0.33003986 0.3581942
4276.6128 -0.34214032 0.35207456
4277.5991 0.019848386 0.35846111
4278.583 0.24548644 0.3645061
4279.5698 0.87053758 0.37418443
4280.5542 0.15585877 0.35944706
4281.5391 0.74926364 0.38436735
4282.5264 0.93439806 0.40209287
4283.5117 0.024427805 0.38596109
4284.499 -0.24315992 0.38617933
4285.4849 0.14436343 0.35604671
4286.4731 0.5406298 0.36195755
4287.459 -0.12851629 0.35528868
4288.4453 0.13321367 0.36675382
4289.4346 0.2467856 0.3689056
4290.4214 0.63098121 0.3548485
4291.4106 0.45338979 0.34778988
4292.3979 -0.0099830115 0.34702697
4293.3877 0.51496714 0.35267553
4294.3755 0.66990292 0.36641425
4295.3633 0.42400223 0.38445038
4296.3535 0.28226307 0.39488274
4297.3423 0.5741322 0.39626315
4298.333 0.97825211 0.38820159
4299.3218 0.72005266 0.38004664
4300.3135 0.62249517 0.37068918
4301.3027 0.46769294 0.36065739
4302.292 0.36134762 0.34437698
4303.2842 -0.36397785 0.33703667
4304.2744 -0.50138062 0.34059817
4305.2666 0.21173462 0.36342815
4306.2573 0.55113345 0.37510601
4307.25 0.96755236 0.37315729
4308.2412 0.61145604 0.36091179
4309.2319 0.73669457 0.36933735
4310.2261 0.89872587 0.36709547
4311.2173 0.18512577 0.3560181
4312.2114 0.74823654 0.3749674
4313.2036 0.44814876 0.3954339
4314.1982 0.43987158 0.39974058
4315.1904 0.4975504 0.3993372
4316.1836 -0.13462996 0.39385739
4317.1787 0.60831028 0.3964394
4318.1719 -0.0093914131 0.3896994
4319.1675 0.46665064 0.39701873
4320.1611 -0.025484096 0.38352165
4321.1572 0.37750927 0.3934139
4322.1514 0.60941142 0.40343618
4323.146 0.72991121 0.39157665
4324.1426 1.0882596 0.36813948
4325.1377 -0.20822437 0.35135013
4326.1348 0.26625326 0.35922822
4327.1299 1.3271917 0.40328741
4328.1279 0.26549989 0.41973081
4329.1235 0.073563345 0.41783398
4330.1196 0.69154119 0.40859088
4331.1182 0.56736553 0.38179284
4332.1143 -0.42612615 0.35293669
4333.1133 -0.32890943 0.34757736
4334.1104 0.25177649 0.37084857
4335.1099 0.23030031 0.3690258
4336.1069 -0.19763161 0.3685652
4337.1069 0.25487134 0.37847283
4338.1045 0.98230761 0.37107447
4339.1025 0.33263484 0.37050951
4340.103 -0.0062093227 0.35845044
4341.1016 -0.42829031 0.34704563
4342.1025 0.68942261 0.35582593
4343.1016 0.80712944 0.37008896
4344.103 0.13617451 0.39724174
4345.1025 -0.3929798 0.41096509
4346.1021 -0.11893838 0.4461669
4347.104 0.41910917 0.45429957
4348.104 0.1839079 0.4500739
4349.1069 0.021570086 0.43234226
4350.1074 0.042298954 0.39537817
4351.1104 0.10574681 0.37517184
4352.1113 0.41790965 0.37832302
4353.1128 0.41530177 0.39608324
4354.1167 0.7684918 0.38845539
4355.1182 0.8357054 0.37923551
4356.1226 1.3244684 0.38135663
4357.1245 -0.18580629 0.41294014
4358.1294 0.73125923 0.48708013
4359.1318 -0.26315612 0.54587299
4360.1348 -0.59117788 0.54506886
4361.1401 -0.060063712 0.49468657
4362.1436 0.35386434 0.45237282
4363.1494 0.53898454 0.41925934
4364.1528 0.29777339 0.3915188
4365.1592 0.2540797 0.37426373
4366.1636 0.74294931 0.37725452
4367.168 0.23290506 0.36302605
4368.1753 0.72521025 0.36851341
4369.1802 0.21187676 0.44455114
4370.1875 -0.33949131 0.46581608
4371.1929 0.71651977 0.48874071
4372.2007 -0.069353357 0.45918161
4373.2065 0.43442833 0.3615289
4374.2129 1.0571098 0.36248553
4375.2212 0.70932025 0.36708677
4376.228 0.62471902 0.36979887
4377.2368 0.43016845 0.37296337
4378.2441 0.045362625 0.36149377
4379.2534 0.40501428 0.35926121
4380.2612 0.28973034 0.36205736
4381.2686 -0.078077137 0.35789531
4382.2793 0.6535514 0.37905344
4383.2871 0.54297268 0.38055634
4384.2979 0.67127281 0.37246794
4385.3066 -0.30340874 0.36913121
4386.3179 0.86092383 0.40065339
4387.3267 0.24353591 0.40717202
4388.3359 0.076956093 0.40357444
4389.3481 -0.22566916 0.39244872
4390.3579 0.19396584 0.36166242
4391.3701 0.19205965 0.34441498
4392.3804 0.0048145307 0.36672908
4393.3936 0.39939508 0.3811599
4394.4043 0.15953781 0.38687003
4395.415 -0.17237486 0.36456606
4396.4287 -0.25068858 0.3595452
4397.4399 0.81088519 0.37530002
4398.4541 0.22274585 0.36242202
4399.4658 0.3592484 0.35414004
4400.4805 0.30159354 0.36291468
4401.4927 -0.21992575 0.34940958
4402.5054 0.87550896 0.37391865
4403.5205 1.0723931 0.37905142
4404.5337 0.56222028 0.37569302
4405.5493 0.15293314 0.36030278
4406.5625 -0.15635578 0.34993899
4407.5786 -0.34398121 0.35444659
4408.5928 0.48175165 0.37969571
4409.6069 1.7876039 0.4323099
4410.624 0.66100073 0.41494292
4411.6387 0.1591443 0.37937436
4412.6558 0.010673155 0.40694001
4413.6709 0.44618005 0.46165869
4414.6885 0.43929732 0.45278451
4415.7041 1.0713652 0.41248551
4416.7227 0.44988313 0.38577893
4417.7388 0.65729839 0.37692299
4418.7549 0.34247196 0.36822933
4419.7739 -0.31408933 0.36542776
4420.7905 0.033455133 0.38750076
4421.8101 0.71973467 0.39206281
4422.8271 0.37277737 0.38943616
4423.8472 -0.41207656 0.391193
4424.8647 -0.16018303 0.39165482
4425.8828 -0.010405462 0.38954628
4426.9033 -0.67530417 0.48708436
4427.9219 0.44375366 0.45976841
4428.9429 0.36630774 0.36751848
4429.9619 0.4691951 0.35451019
4430.9834 -0.52813363 0.34444934
4432.0024 0.0021360586 0.35084125
4433.022 -0.15999374 0.36819702
4434.0444 -0.37610298 0.37305278
4435.0645 -0.24360268 0.37464935
4436.0874 0.37375218 0.37345648
4437.1079 0.94622803 0.38209584
4438.1309 0.492116 0.36312374
4439.1519 0.11743705 0.35671991
4440.1733 0.029200515 0.49886331
4441.1968 0.3689751 0.53317213
4442.2188 1.6575452 0.54060155
4443.2432 0.074934013 0.48522744
4444.2651 -0.12273957 0.4637492
4445.29 0.61047077 0.3580313
4446.3125 0.072259292 0.35702911
4447.3354 0.13766649 0.36601138
4448.3613 0.1335399 0.37624058
4449.3843 0.64112687 0.38296133
4450.4106 0.60422432 0.37731045
4451.4341 0.021400001 0.36979556
4452.4609 0.051825829 0.36997014
4453.4849 0.55657333 0.38583365
4454.5098 0.38384011 0.38567001
4455.5366 -0.83391494 0.3915498
4456.5615 0.53839189 0.40666956
4457.5894 -0.057175972 0.39341566
4458.6147 -0.018768527 0.37808198
4459.6431 -0.014421768 0.35932899
4460.6689 -0.31605446 0.34852955
4461.6953 0.1036643 0.35183194
4462.7241 0.0085607069 0.35822585
4463.7505 -0.35669547 0.34395692
4464.7798 0.30415753 0.35450995
4465.8071 0.054481924 0.35771599
4466.8369 0.34682855 0.36655554
4467.8643 0.39896348 0.36651564
4468.8921 0.015111726 0.37684032
4469.9229 0.49318072 0.38037157
4470.9512 0.3714681 0.38531697
4471.9819 2.2445405 0.4111048
4473.0107 -0.29497829 0.39739147
4474.0425 0.68623734 0.39495784
4475.0718 -0.32076815 0.36648887
4476.1011 -0.49607736 0.34344813
4477.1333 -0.23468553 0.34466708
4478.1631 -0.012720936 0.33675712
4479.1958 -0.32378274 0.32461634
4480.2266 0.42961532 0.33761325
4481.2593 0.46365145 0.35379511
4482.2905 -0.11360791 0.35594061
4483.3213 -0.07715594 0.37210706
4484.3555 0.073984869 0.358345
4485.3872 0.014080128 0.35062903
4486.4214 0.27068302 0.33923355
4487.4536 0.51006699 0.33749476
4488.4883 -0.012174542 0.33730292
4489.521 0.16003074 0.33537126
4490.5537 1.0797092 0.33635321
4491.5889 0.027318981 0.3337338
4492.6226 0.82740635 0.35238221
4493.6582 0.35940531 0.35590479
4494.6919 0.010115246 0.35073572
4495.7285 -0.5892998 0.33658323
4496.7627 0.24325719 0.34376156
4497.7998 0.49835542 0.35024953
4498.8345 0.7632668 0.3496874
4499.8696 0.20113446 0.35375628
4500.9072 -0.37303454 0.35910681
4501.9424 0.4738144 0.36656919
4502.9805 -0.17943807 0.36091015
4504.0166 0.10353386 0.34902123
4505.0552 0.31085777 0.35784441
4506.0913 0.87388408 0.35454282
4507.1279 0.1798076 0.35809961
4508.1675 0.25878158 0.35791689
4509.2046 -0.27042446 0.33482051
4510.2446 -0.18210876 0.32931557
4511.2822 -0.46688575 0.32952774
4512.3223 0.49874166 0.35115999
4513.3604 0.2384077 0.35942647
4514.3984 -0.37239316 0.34337857
4515.4395 0.17191769 0.34278682
4516.4785 0.2199095 0.3665041
4517.52 0.25676164 0.39059374
4518.5591 0.31227589 0.40642256
4519.6011 0.10157988 0.40129027
4520.6406 0.73901403 0.39389309
4521.6807 -0.5540967 0.35723117
4522.7236 -0.19099103 0.35271835
4523.7642 0.0813381 0.36118203
4524.8071 0.46002212 0.36447477
4525.8481 0.62075907 0.3651475
4526.8916 0.75400722 0.36371496
4527.9331 0.3104144 0.35160467
4528.9746 0.0039903964 0.34226599
4530.019 -0.36805302 0.34452438
4531.061 0.2087878 0.33458999
4532.106 -0.35754344 0.3385734
4533.1489 -0.26619589 0.35181108
4534.1938 0.79952049 0.37703076
4535.2373 0.48823413 0.37975675
4536.2803 -0.023341717 0.3557362
4537.3267 1.1399601 0.37393317
4538.3701 1.0070372 0.35946441
4539.417 0.21724901 0.36280003
4540.4609 0.72263443 0.3698335
4541.5083 0.80960393 0.37013292
4542.5527 0.69140351 0.36126453
4543.5981 0.28699672 0.34933653
4544.6455 -0.15441658 0.34130493
4545.6909 0.70479953 0.34707078
4546.7393 0.12264641 0.35858953
4547.7852 0.073112652 0.3745921
4548.834 0.25749162 0.3944425
4549.8804 0.37454331 0.39491364
4550.9272 0.22147606 0.3780584
4551.9766 -0.28385842 0.33965123
4553.0239 0.021293906 0.33648565
4554.0737 0.39586911 0.35132375
4555.1216 -0.029571448 0.36421648
4556.1719 0.6205225 0.38252932
4557.2197 0.16611165 0.35580966
4558.2686 0.29597867 0.34671858
4559.3193 0.21913511 0.35566387
4560.3682 0.79193962 0.37135735
4561.4199 0.74055558 0.37421474
4562.4692 -0.11789481 0.37068027
4563.5215 -0.058401931 0.35742238
4564.5713 0.16271292 0.34993973
4565.6211 -1.1197579 0.32222944
4566.6743 -0.24102564 0.34538615
4567.7246 0.70787364 0.37143606
4568.7778 0.0026219627 0.35579738
4569.8291 -0.014517066 0.35445672
4570.8828 0.0650471 0.34121931
4571.9341 -0.49169794 0.33457634
4572.9888 0.21509495 0.33457148
4574.0405 0.83365196 0.34602529
4575.0928 0.054507006 0.32378423
4576.1479 -0.40698263 0.32333925
4577.2007 0.12350927 0.33353284
4578.2559 1.0099614 0.35834977
4579.3091 0.76847172 0.38243845
4580.3652 0.19972751 0.38890642
4581.4189 -0.39474732 0.38386524
4582.4731 0.65410811 0.3858496
4583.5298 -0.34529272 0.37495291
4584.584 0.27484518 0.3773742
4585.6411 0.25375241 0.36391619
4586.6963 0.65072125 0.34721625
4587.7539 0.97583109 0.35219631
4588.8091 0.28272751 0.35295406
4589.8647 0.20603304 0.37163308
4590.9233 0.68869549 0.37935528
4591.9795 0.15901896 0.37060001
4593.0386 -0.25892192 0.34663472
4594.0952 0.44248465 0.34611389
4595.1543 0.15631087 0.35535085
4596.2114 0.81371576 0.3494103
4597.269 0.63334084 0.32672325
4598.3291 0.56667471 0.32852638
4599.3867 0.4739404 0.34178385
4600.4473 0.18356262 0.35748374
4601.5059 0.72163862 0.36276495
4602.5669 0.12764674 0.36553943
4603.6255 0.064691328 0.35520476
4604.6846 0.14349063 0.34557602
4605.7466 -0.20471898 0.40367267
4606.8062 0.37203428 0.3501184
4607.8687 0.00067326101 0.33231607
4608.9287 -0.017606515 0.33684298
4609.9912 0.20262656 0.34105477
4611.0518 0.15824205 0.33983111
4612.1128 0.67044359 0.3334206
4613.1763 0.42925137 0.33943319
4614.2373 0.48547587 0.34321952
4615.3013 0.47973827 0.3518326
4616.3633 0.57563943 0.3657679
4617.4277 0.47073224 0.37881172
4618.4897 -0.70568478 0.35864574
4619.5522 -0.14142913 0.33658969
4620.6177 0.14781187 0.3344627
4621.6807 0.61840379 0.34185755
4622.7466 0.28638256 0.34956685
4623.8096 0.87397343 0.36182648
4624.876 -0.0032036675 0.3605873
4625.9399 -0.19402604 0.35778084
4627.0044 0.44269779 0.3914651
4628.0713 0.55046177 0.38584885
4629.1357 -0.13882388 0.35032427
4630.2031 -0.4223907 0.34398702
4631.2686 -0.24303807 0.34411433
4632.3364 -0.072959304 0.35566708
4633.4023 0.12398101 0.35298258
4634.4678 -0.15967597 0.35186574
4635.5366 0.86113471 0.35856649
4636.603 -0.023052877 0.33944324
4637.6724 -0.086867884 0.33173171
4638.7393 0.20248514 0.32978079
4639.8091 0.4992564 0.33536503
4640.8765 0.16429688 0.34643596
4641.9438 -0.27640897 0.34977746
4643.0142 0.097862512 0.34449118
4644.0825 0.65582484 0.33525285
4645.1533 -0.10975541 0.32366779
4646.2222 0.14221905 0.35430762
4647.2935 0.19313852 0.36412787
4648.3623 -0.1147548 0.35277325
4649.4316 -0.21303834 0.32360414
4650.5039 0.064522937 0.33534241
4651.5737 0.33939329 0.33434513
4652.6465 -0.036517113 0.34928378
4653.7168 -0.43557328 0.35129341
4654.79 -0.066908292 0.34463391
4655.8608 0.22227271 0.33164665
4656.9346 0.61847198 0.33922732
4658.0059 -0.10621963 0.33583128
4659.0771 -0.90679628 0.33816552
4660.1519 0.81626159 0.35230431
4661.2236 0.26315683 0.34244481
4662.2983 -0.41981441 0.33605996
4663.3711 -0.53020108 0.34427032
4664.4463 -0.15862305 0.35390022
4665.5195 -0.27433807 0.35733333
4666.5928 -0.062004216 0.3496758
4667.6689 0.48056912 0.35319498
4668.7427 0.83210725 0.35008803
4669.8193 0.53359336 0.35074523
4670.8936 0.77453148 0.34821969
4671.9707 0.30012357 0.34544778
4673.0454 -0.079608224 0.34823468
4674.1206 0.24228394 0.34740728
4675.1982 0.12145072 0.33642223
4676.2739 0.23717554 0.33573866
4677.3521 0.033278756 0.34414685
4678.4282 0.066544034 0.348548
4679.5073 0.030847516 0.33533913
4680.5835 0.26309311 0.34428662
4681.6602 0.42576092 0.35019588
4682.7397 -0.033065245 0.35406366
4683.8174 -0.039619893 0.36427072
4684.8975 1.627821 0.44380867
4685.9751 0.64938736 0.44686505
4687.0557 0.63405579 0.38224408
4688.1338 -0.14014977 0.37088802
4689.2124 0.33614358 0.36701506
4690.2935 0.10081974 0.36775088
4691.3726 0.73532534 0.34780568
4692.4546 0.53681344 0.33986923
4693.5342 -0.28077602 0.3185502
4694.6162 0.58584517 0.34411868
4695.6963 0.47540909 0.34630513
4696.7764 0.25728613 0.34130174
4697.8594 0.037324879 0.32777539
4698.9404 -0.24858668 0.32457751
4700.0239 0.2455484 0.32890806
4701.105 -0.25382084 0.32148021
4702.189 0.097240888 0.33314928
4703.271 -0.28828326 0.32957503
4704.353 0.35481822 0.33266157
4705.4375 0.29318318 0.33576798
4706.52 0.38823152 0.33593714
4707.6055 0.6166482 0.34060687
4708.6885 0.5854398 0.331278
4709.7744 -1.0837672 0.31368238
4710.8579 -0.099907875 0.33702031
4711.9414 0.92165291 0.34364912
4713.0283 -0.28798482 0.33011445
4714.1123 -0.064234689 0.32299042
4715.1992 1.0719912 0.34139466
4716.2842 0.26322564 0.32459429
4717.3716 0.20819381 0.3327474
4718.457 0.63713676 0.33069643
4719.5425 0.44716772 0.32897887
4720.6309 -0.13918054 0.31465173
4721.7168 -0.35977051 0.32271144
4722.8057 0.31318018 0.33705732
4723.8921 1.0088038 0.35604054
4724.9814 0.53744936 0.34862649
4726.0684 -0.44204786 0.32969117
4727.1553 0.36497831 0.32780018
4728.2456 0.58529419 0.33741623
4729.3335 0.9072777 0.34990817
4730.4238 -0.62450641 0.347671
4731.5122 0.20115091 0.35659057
4732.603 -0.059724052 0.35778844
4733.6919 0.1915084 0.34826052
4734.7808 0.23163766 0.33614278
4735.8726 0.19706969 0.33392408
4736.9624 0.86225885 0.34644201
4738.0547 0.41558984 0.36645922
4739.1445 -0.086514652 0.38185009
4740.2373 0.27252749 0.3613303
4741.3276 -0.077200159 0.33312076
4742.4214 0.34865364 0.33204746
4743.5122 0.077513792 0.33460957
4744.6035 0.59236425 0.33559889
4745.6973 0.1298281 0.346349
4746.7891 -0.19003578 0.35498333
4747.8838 0.40427509 0.36963624
4748.9761 0.044122368 0.35636508
4750.0713 0.42715082 0.34520268
4751.1641 0.48385191 0.3701072
4752.2568 -0.36324152 0.39434251
4753.3525 0.017824823 0.36417571
4754.4463 -0.39161709 0.33525759
4755.5425 -0.54906535 0.3228499
4756.6367 0.57975417 0.32582247
4757.7334 0.019312035 0.32802254
4758.8281 0.85252672 0.34894159
4759.9229 0.6846633 0.36127365
4761.0205 0.23877326 0.35078642
4762.1157 0.61913526 0.34306607
4763.2139 0.23076345 0.34046215
4764.3096 -0.25236341 0.33621949
4765.4082 1.0131775 0.3477197
4766.5044 0.47680634 0.33820125
4767.6011 0.33227891 0.33252326
4768.7002 0.3910872 0.31925175
4769.7974 0.35077727 0.32674837
4770.8975 0.33140585 0.32576603
4771.9951 0.55335552 0.33083147
4773.0952 0.028976737 0.33831757
4774.1934 -0.23535672 0.35880366
4775.2915 0.46894416 0.35167256
4776.3926 0.2071788 0.33941936
4777.4917 0.42070657 0.35245314
4778.5933 1.2880615 0.40276751
4779.6924 0.86726224 0.41450623
4780.7949 0.59547812 0.38608253
4781.8945 0.62148696 0.39010271
4782.9946 0.34785578 0.35553628
4784.0977 0.23519933 0.36827141
4785.1982 0.35734335 0.37459135
4786.3018 0.22434054 0.36803594
4787.4028 0.8857463 0.36650354
4788.5068 0.68487084 0.3595728
4789.6084 -0.073264815 0.34339833
4790.71 0.39722323 0.33243212
4791.8149 0.76524693 0.32465795
4792.917 -0.25958371 0.30767673
4794.0225 -0.050823949 0.32428712
4795.1255 0.47125518 0.35848346
4796.231 -0.42226902 0.34766683
4797.3345 0.47966972 0.35502079
4798.438 -0.16256556 0.35941982
4799.5444 -0.29984289 0.34841713
4800.6489 0.58205038 0.43656901
4801.7559 -0.10786566 0.42607507
4802.8604 0.097583577 0.39414942
4803.9678 0.71860182 0.37825754
4805.0732 0.045757007 0.33718204
4806.1782 0.25919321 0.35582143
4807.2866 0.42404589 0.35754266
4808.3926 -0.52576202 0.33200145
4809.5015 -0.17868198 0.33056501
4810.6079 0.33813405 0.33277068
4811.7173 -0.40534398 0.32792211
4812.8242 0.57956719 0.32473728
4813.9312 -0.051119518 0.32535124
4815.0415 1.0534012 0.35405442
4816.1489 0.43238845 0.35655865
4817.2598 0.37843394 0.34930974
4818.3677 0.26317543 0.34648514
4819.479 0.12332574 0.34657967
4820.5879 -0.30847877 0.34423274
4821.6968 -0.053199336 0.3353622
4822.8086 0.22080849 0.33052549
4823.918 -0.33815202 0.33304703
4825.0303 1.1881078 0.35102326
4826.1401 -0.24936032 0.34883317
4827.2534 0.45640659 0.35834745
4828.3638 0.99956357 0.35983297
4829.4771 -0.47330216 0.33837205
4830.5884 -1.1065536 0.31904915
4831.6992 0.38630638 0.32845196
4832.8135 0.38293311 0.34995076
4833.9253 -0.031701297 0.34945309
4835.04 0.53550524 0.35431585
4836.1523 0.054058474 0.35732642
4837.2676 -0.253207 0.34207416
4838.3804 0.20582162 0.34297788
4839.4937 0.3069267 0.33449101
4840.6094 0.31418732 0.34456947
4841.7231 0.042734955 0.34411252
4842.8394 0.058953095 0.35872242
4843.9536 -0.31054848 0.35891235
4845.0708 0.19385181 0.35148278
4846.1851 -0.13524349 0.33816776
4847.3003 -0.45053151 0.32672659
4848.418 0.2365807 0.33594388
4849.5332 0.36412984 0.33632007
4850.6514 0.18243024 0.33310181
4851.7676 0.18021441 0.33965775
4852.8862 0.69930208 0.36878231
4854.0024 -0.19247076 0.37680563
4855.1191 0.84023833 0.37709197
4856.2388 0.65378815 0.36199784
4857.356 0.21909602 0.35206074
4858.4761 0.43683684 0.35348612
4859.5938 0.014210518 0.34840721
4860.7144 -0.39767385 0.35409683
4861.8325 0.65922087 0.36773738
4862.9512 0.69076765 0.36871392
4864.0723 0.063978836 0.35129699
4865.1914 0.066026025 0.32564837
4866.3135 0.65589029 0.33161491
4867.4326 0.42191979 0.33726612
4868.5552 0.17027429 0.34349862
4869.6753 0.31662896 0.35520011
4870.7954 0.07439395 0.34894252
4871.9189 -0.56148767 0.32117146
4873.0396 -0.57758743 0.32296273
4874.1631 -0.13894129 0.33315232
4875.2847 0.21022286 0.34854823
4876.4087 0.8112433 0.35792726
4877.5308 1.0374688 0.35390729
4878.6528 0.42781994 0.34646112
4879.7778 0.035841502 0.34929314
4880.9004 0.26444754 0.35349819
4882.0259 -0.080416553 0.34921971
4883.1489 0.33480349 0.36462992
4884.2749 -0.33047658 0.35397378
4885.3984 0.29203668 0.38232967
4886.5225 0.67111933 0.40360489
4887.6494 0.42536184 0.40751728
4888.7734 0.26865155 0.39643663
4889.9009 0.79408342 0.38695469
4891.0259 0.58932102 0.37130573
4892.1538 0.17565307 0.3612192
4893.2793 0.13492531 0.35049009
4894.4048 -0.047227364 0.35010383
4895.5337 -0.21159443 0.34740314
4896.6597 0.37101656 0.35224035
4897.7891 -0.33747473 0.33725899
4898.9155 -0.30169126 0.33724895
4900.0454 0.8456912 0.35116094
4901.1724 0.16462086 0.34955609
4902.2998 0.47817475 0.36648154
4903.4307 0.76776695 0.36202341
4904.5586 1.1521336 0.35882315
4905.6895 0.24394394 0.35215601
4906.8179 -0.13061228 0.34880638
4907.9497 0.59761393 0.36334205
4909.0786 1.2147734 0.36746192
4910.208 0.47801632 0.33430767
4911.3403 0.053891324 0.3343882
4912.4702 0.61781275 0.34816378
4913.603 0.55696195 0.36074203
4914.7334 -0.069685258 0.33829021
4915.8667 0.43382102 0.34160823
4916.9976 0.71655047 0.33958259
4918.1313 -0.13899732 0.3327114
4919.2627 -0.38011751 0.32704577
4920.3945 -0.069126539 0.33591843
4921.5288 0.6683355 0.33986381
4922.6611 0.83163095 0.33143517
4923.7964 0.056462891 0.34553379
4924.9292 0.57631475 0.36099142
4926.0649 0.1117714 0.35646695
4927.1978 0.30514306 0.33487535
4928.3315 0.31734413 0.32425529
4929.4678 -0.40370035 0.31679881
4930.6021 -0.6121825 0.31055632
4931.7388 0.28997087 0.31679109
4932.8735 0.42506856 0.32601133
4934.0107 0.64656925 0.33150846
4935.146 0.53893375 0.32823572
4936.2812 -0.18023297 0.31678286
4937.4194 -0.022333043 0.3160775
4938.5557 -0.15324818 0.31594968
4939.6943 -0.19787356 0.32211468
4940.8306 0.48211014 0.34113109
4941.9702 0.11538247 0.34954566
4943.1069 -0.36853001 0.35307196
4944.2441 -0.080933541 0.34960479
4945.3843 0.37979329 0.32755151
4946.522 -0.16748264 0.31548703
4947.6626 0.046787113 0.3277894
4948.8008 -0.11494226 0.35679501
4949.9419 0.78734273 0.37469023
4951.0806 -0.58032978 0.36262426
4952.2197 0.27637041 0.35008121
4953.3618 0.83933425 0.34463465
4954.501 0.16645074 0.33362061
4955.6436 0.025214987 0.33357164
4956.7837 -0.068512872 0.33605909
4957.9268 0.46515372 0.33974344
4959.0674 -0.014578726 0.32580015
4960.208 0.1128455 0.31485915
4961.3521 1.0212384 0.32607049
4962.4932 -0.14174852 0.32520303
4963.6377 -0.34005529 0.32733113
4964.7793 0.32452598 0.34490693
4965.9243 -0.31883335 0.34000486
4967.0669 -0.19440682 0.34779173
4968.2095 0.56413388 0.35446063
4969.355 0.25294322 0.35702991
4970.498 0.013594585 0.35085687
4971.6445 0.26360759 0.34113938
4972.7881 0.53402507 0.33280107
4973.9351 0.87483877 0.35591727
4975.0791 0.45696813 0.36716184
4976.2236 0.084188461 0.36049414
4977.3711 0.30838239 0.34529307
4978.5161 0.2813741 0.34295374
4979.6641 0.0085671255 0.34762457
4980.8096 0.17385417 0.3603431
4981.9585 -0.085747004 0.36520559
4983.1045 -0.48804533 0.35956791
4984.251 -0.18778373 0.35107061
4985.4004 -0.20307715 0.32772142
4986.5469 -0.34912041 0.32944304
4987.6968 0.86528975 0.34313226
4988.8442 0.25217628 0.3606346
4989.9946 0.73041904 0.36422986
4991.1426 0.091706835 0.35068262
4992.291 1.0433459 0.35296711
4993.4419 0.12367911 0.35356691
4994.5908 -0.19016403 0.35396045
4995.7427 -0.64780068 0.34912571
4996.8921 0.94732916 0.34566087
4998.0439 1.0837241 0.34450385
4999.1938 -0.33049697 0.33394372
5000.3438 0.47334003 0.34485191
5001.4971 0.39992264 0.35155398
5002.6475 0.22926381 0.33238485
5003.8013 0.43640226 0.32334182
5004.9521 -0.10509833 0.31349289
5006.1064 0.0035278576 0.31227735
5007.2583 -0.50523257 0.31269065
5008.4126 0.48443145 0.32870454
5009.5649 -0.090755761 0.33093977
5010.7173 0.39751837 0.3326422
5011.873 0.42126831 0.32203808
5013.0259 0.4440645 0.31596774
5014.1816 0.15873004 0.31305349
5015.3354 0.18403886 0.31098443
5016.4917 0.10363699 0.31574315
5017.646 0.39128757 0.33372226
5018.8003 0.032459762 0.32365546
5019.9575 -0.40558022 0.31267348
5021.1123 0.71733302 0.32635713
5022.27 0.26585355 0.31821191
5023.4258 0.5095607 0.32661632
5024.584 0.20800789 0.316075
5025.7397 0.0045457003 0.33002493
5026.896 0.7499519 0.35155362
5028.0552 0.047284685 0.33335313
5029.2119 0.41912293 0.34258786
5030.3716 0.60162777 0.33573049
5031.5288 -0.032986488 0.32317889
5032.689 0.059292864 0.31136537
5033.8472 -0.13021617 0.3165198
5035.0049 0.2521438 0.31514063
5036.166 -0.21293871 0.37333629
5037.3247 -0.36368158 0.36998764
5038.4863 0.67218018 0.39147025
5039.6455 0.38250494 0.31098658
5040.8076 0.2600705 0.32035968
5041.9668 0.090080142 0.30846187
5043.127 -0.36556557 0.29744133
5044.29 0.0061998256 0.30141297
5045.4502 -0.31681159 0.31824648
5046.6138 -0.033553146 0.32356602
5047.7749 0.25707594 0.33076134
5048.939 0.15496407 0.31166235
5050.1001 0.5292958 0.30988318
5051.2622 0.10470791 0.30728847
5052.4268 0.19642939 0.31636059
5053.5894 0.67105341 0.3173444
5054.7544 0.97590095 0.33132303
5055.9175 0.47278965 0.32753015
5057.083 0.58688307 0.41758016
5058.2466 0.7066431 0.42218715
5059.4102 0.11871292 0.33899212
5060.5771 0.033086069 0.34722576
5061.7412 -0.064627528 0.34435627
5062.9082 0.076665856 0.33604255
5064.0732 0.042840209 0.31509897
5065.2407 0.04805268 0.30849427
5066.4062 1.2893916 0.31931543
5067.5718 -0.38845769 0.29400975
5068.7402 0.057229605 0.31588247
5069.9062 0.31278622 0.32585102
5071.0752 0.54898024 0.33087969
5072.2417 0.042461473 0.31280184
5073.4116 -0.24247934 0.30750242
5074.5786 0.35977745 0.32174507
5075.7461 0.21424927 0.31243941
5076.9165 -0.33009499 0.30949539
5078.0845 0.17586583 0.31051725
5079.2554 0.069418803 0.31651559
5080.4238 -0.0092218462 0.32940656
5081.5957 0.28341684 0.34771395
5082.7646 -0.034991816 0.34760538
5083.9336 0.1065644 0.34344313
5085.106 1.3628826 0.34258303
5086.2759 -0.36626065 0.32663015
5087.4487 0.26306909 0.35305676
5088.6191 0.25726557 0.35831156
5089.7925 0.45558715 0.34034017
5090.9634 0.043671414 0.32137218
5092.1348 -0.24960843 0.31623891
5093.3091 -0.022668084 0.31773296
5094.4805 -0.022143645 0.31680587
5095.6553 -0.42805347 0.30761638
5096.8276 -0.65280497 0.30637759
5098.0029 0.57004863 0.31636113
5099.1758 -0.051652037 0.31260332
5100.3516 0.42433903 0.33125323
5101.5249 0.31517741 0.33929071
5102.6987 -0.12950884 0.33971429
5103.875 0.62088877 0.32405874
5105.0493 0.046210855 0.30862868
5106.2266 0.6464932 0.31161138
5107.4014 0.82864702 0.3290031
5108.5791 0.23313615 0.32553631
5109.7544 0.27397764 0.3103708
5110.9297 -0.16525017 0.30054414
5112.1084 0.049301781 0.31618273
5113.2842 0.45326442 0.33612624
5114.4634 -0.14559655 0.33399031
5115.6401 0.80205178 0.32201242
5116.8198 0.80395192 0.31290701
5117.9966 0.19617042 0.31326744
5119.1743 -0.055776421 0.31812739
5120.3545 0.49857545 0.33840525
5121.5327 0.43390298 0.34255818
5122.7134 1.3615162 0.34642678
5123.8921 1.1620318 0.34232491
5125.0737 0.75882244 0.33445287
5126.2524 0.25807607 0.32632774
5127.4321 0.43459684 0.31898415
5128.6143 0.31054768 0.35647002
5129.7939 -0.73443234 0.36192033
5130.9771 0.82599992 0.38320047
5132.1572 -0.051508043 0.3261061
5133.3408 0.30210674 0.33446783
5134.522 0.29206696 0.33651
5135.7031 0.029607641 0.32071146
5136.8872 0.47462469 0.31565481
5138.0688 0.5380044 0.31700426
5139.2539 0.33308542 0.32499793
5140.436 0.343375 0.33227399
5141.6216 0.0030428518 0.32062584
5142.8042 0.45704982 0.31770176
5143.9873 -0.3900508 0.31436813
5145.1738 0.21479228 0.32011268
5146.3574 -0.14267431 0.32130757
5147.5439 0.20313874 0.32897359
5148.728 -0.23825191 0.32300234
5149.9155 -0.019086374 0.32207981
5151.1001 0.46362144 0.31833702
5152.2852 0.19246559 0.32216185
5153.4731 0.044479921 0.33269161
5154.6587 -0.45469472 0.33421594
5155.8477 0.10212423 0.33643228
5157.0337 0.046847127 0.3397702
5158.2227 -0.17466696 0.32400146
5159.4097 0.76263064 0.3281717
5160.5962 0.75855625 0.32668877
5161.7861 0.13452603 0.30756524
5162.9736 -0.54019111 0.30500144
5164.1646 0.21821617 0.32540995
5165.3525 -0.27195856 0.31332624
5166.5435 0.33267874 0.30836618
5167.7319 0.23429117 0.31488466
5168.9209 0.56715864 0.32040888
5170.1128 -0.0732508 0.31605211
5171.3022 0.33898798 0.32556087
5172.4946 0.057368666 0.32189944
5173.6846 0.36325219 0.32457346
5174.8779 0.15210575 0.32845563
5176.0684 -0.23875609 0.32800227
5177.2588 0.57632446 0.32495829
5178.4526 0.46210307 0.32766217
5179.644 -0.1633804 0.31809407
5180.8384 0.38111559 0.31710595
5182.0303 0.33963448 0.31541234
5183.2251 0.51557374 0.31610104
5184.4175 -0.12371635 0.31268784
5185.6104 0.86174893 0.324056
5186.8062 0.98046857 0.32683504
5187.9995 -0.041374434 0.31396037
5189.1958 -0.37872031 0.31115332
5190.3896 -0.21795298 0.32350692
5191.5864 0.31709534 0.33887854
5192.7808 -0.13651103 0.32394382
5193.978 -0.27090317 0.30115467
5195.1729 -0.11526005 0.29818717
5196.3682 0.50775748 0.3223055
5197.5664 0.14100713 0.3335833
5198.7622 0.063668303 0.34805986
5199.9609 0.43442115 0.3475967
5201.1572 -0.053045791 0.33933982
5202.3564 0.70082092 0.33966413
5203.5532 0.7166304 0.32918563
5204.7505 0.67027581 0.33817601
5205.9507 0.58316284 0.33404398
5207.1484 0.27187663 0.32043117
5208.3491 0.43827525 0.31203896
5209.5474 0.80193663 0.31231037
5210.7485 -0.27805278 0.30451208
5211.9473 0.48413935 0.30741605
5213.146 -0.21824448 0.30764487
5214.3481 -0.054451331 0.31466633
5215.5479 0.92172134 0.31225368
5216.7505 0.49876529 0.31430534
5217.9507 -0.31916112 0.31435931
5219.1538 0.15390913 0.3402178
5220.3545 0.68290383 0.34838998
5221.5557 -0.14230877 0.31744781
5222.7598 -0.12453919 0.31820592
5223.9609 0.47163308 0.35396069
5225.1655 0.34550649 0.37227744
5226.3677 0.54588097 0.35130516
5227.5728 0.13209923 0.3086246
5228.7754 -0.32927358 0.30104738
5229.9785 0.18807906 0.30801496
5231.1846 0.48256019 0.32488325
5232.3877 0.46534809 0.32244691
5233.5942 0.5787431 0.3238022
5234.7983 0.92929006 0.32013619
5236.0054 0.070673026 0.30583405
5237.21 0.012003515 0.31515318
5238.415 0.34634617 0.32788539
5239.623 0.41293243 0.34515825
5240.8281 0.25366369 0.35800415
5242.0366 0.16883546 0.35017949
5243.2427 1.007736 0.35679793
5244.4517 0.56724083 0.34621108
5245.6582 -0.53515095 0.32072932
5246.8652 0.086857863 0.3433001
5248.0747 0.71119177 0.34610927
5249.2822 0.85444707 0.33578792
5250.4927 0.58078271 0.31161559
5251.7007 0.34851387 0.31402901
5252.9116 0.42086881 0.31822506
5254.1201 0.47726282 0.31992805
5255.3286 0.4355256 0.32189685
5256.5405 -0.3373979 0.33716631
5257.75 -0.31198558 0.3535412
5258.9624 0.42834771 0.35997421
5260.1724 0.010275999 0.33456266
5261.3853 0.11354045 0.32587564
5262.5957 0.43958929 0.31762278
5263.8062 -0.36035851 0.30169573
5265.02 0.10409287 0.29853058
5266.231 0.97185582 0.30938387
5267.4458 0.9484356 0.30932227
5268.6572 0.23296811 0.31228486
5269.8721 0.73706251 0.32020235
5271.0845 0.54295331 0.32914528
5272.2974 0.7134732 0.33429536
5273.5132 0.29980218 0.32567188
5274.7261 0.19830932 0.31285843
5275.9424 -0.062544428 0.31414747
5277.1562 0.88912362 0.3391673
5278.373 0.71485221 0.36741564
5279.5874 0.55468094 0.37310049
5280.8047 0.42233253 0.35703263
5282.0195 0.1724961 0.3331176
5283.2349 0.53905129 0.32377663
5284.4531 0.42874691 0.32583201
5285.6689 -0.13391097 0.33502123
5286.8877 1.1124024 0.35382983
5288.104 0.68706703 0.35652089
5289.3232 0.60079896 0.35382894
5290.54 0.41290963 0.34724256
5291.7573 0.11260076 0.32352462
5292.9775 0.062172707 0.31342542
5294.1953 0.46598712 0.31592622
5295.416 0.53097779 0.32174033
5296.6343 0.77130312 0.3356775
5297.8555 0.037311248 0.32643464
5299.0742 0.24569352 0.32001206
5300.2935 0.47332585 0.32754511
5301.5156 0.10847867 0.32789648
5302.7354 0.15338503 0.32190612
5303.958 0.01381264 0.32897538
5305.1782 0.13195923 0.33745977
5306.4014 0.31697139 0.34310335
5307.6221 0.30349776 0.3504774
5308.8433 0.47981256 0.34563923
5310.0674 0.56021971 0.33439806
5311.2891 0.58908498 0.32888913
5312.5137 0.96272498 0.32734543
5313.7358 0.55099422 0.32596931
5314.9614 0.093212962 0.33922514
5316.1841 0.41681322 0.33196878
5317.4072 0.16765317 0.31937927
5318.6333 -0.10066894 0.31705052
5319.8569 0.58710533 0.32474464
5321.0835 0.90411198 0.34391019
5322.3076 0.5422948 0.33398697
5323.5347 0.24047583 0.33804187
5324.7598 0.42651373 0.34077597
5325.9844 0.29815009 0.34896591
5327.2129 0.12045673 0.32763991
5328.438 0.81776994 0.32257134
5329.667 0.90096575 0.31753013
5330.8931 0.68734634 0.32756224
5332.1221 0.98464477 0.34001392
5333.3491 0.14924484 0.32339481
5334.5757 0.55492944 0.31801754
5335.8062 0.29481757 0.32524464
5337.0337 0.9806574 0.32925454
5338.2642 0.87445819 0.32698441
5339.4922 0.56208056 0.32960904
5340.7236 0.75971061 0.33843178
5341.9521 0.10015913 0.33656156
5343.1812 0.9176318 0.34878954
5344.4131 0.64574319 0.3307128
5345.6426 0.78756052 0.32734329
5346.8755 0.68325353 0.32543328
5348.1055 -0.067333177 0.31797317
5349.3389 0.1693653 0.32663926
5350.5693 1.3082416 0.33531755
5351.8003 -0.40742379 0.39522699
5353.0342 -0.65588629 0.40006208
5354.2656 0.64324093 0.32928303
5355.5005 0.21187307 0.32633936
5356.7324 1.0596452 0.33522025
5357.9678 1.0060166 0.35932603
5359.2002 0.80705738 0.38558659
5360.4331 0.47500148 0.38112885
5361.6694 0.63807851 0.34014577
5362.9028 -0.20693171 0.30377969
5364.1392 0.1626983 0.3069168
5365.3735 0.72236973 0.31423303
5366.6108 0.40802577 0.30842012
5367.8452 0.11935958 0.31402016
5369.0801 0.53402352 0.32163888
5370.3184 1.2394691 0.3534241
5371.5537 0.95997316 0.35197341
5372.7925 0.10024354 0.32620576
5374.0283 0.29590189 0.32919714
5375.2676 0.13769782 0.3209821
5376.5039 0.64425129 0.32967159
5377.7441 0.17015225 0.33623815
5378.981 0.98333162 0.34456766
5380.2183 0.53942502 0.32938692
5381.459 0.27148655 0.31413266
5382.6973 1.4182993 0.33343524
5383.9385 -0.44985914 0.32307553
5385.1768 1.0982126 0.35344538
5386.4189 0.52186304 0.35198545
5387.6577 0.64080971 0.33940217
5388.8975 1.1029582 0.3297886
5390.1401 0.84399408 0.32537127
5391.3799 0.79354507 0.34224269
5392.623 0.74677134 0.34178036
5393.8638 1.4181498 0.33748192
5395.1074 1.0863103 0.34125453
5396.3486 0.47477359 0.34049863
5397.5903 1.4101201 0.34864083
5398.835 0.67905331 0.34382975
5400.0767 1.1288681 0.41883865
5401.3223 1.4016544 0.42219129
5402.5645 0.52778113 0.34147763
5403.8105 0.3680453 0.32492611
5405.0537 0.79078925 0.32484081
5406.2969 0.34055474 0.33265036
5407.5439 1.0411141 0.33945507
5408.7876 0.53923178 0.33981583
5410.0352 -0.38721454 0.40490121
5411.2798 0.0072167087 0.42918378
5412.5273 0.28165698 0.4246901
5413.7725 0.23075673 0.33272657
5415.0181 0.53588182 0.33859023
5416.2666 1.3527427 0.35472468
5417.5127 1.5885183 0.36418432
5418.7617 1.2065537 0.35006908
5420.0083 0.74136889 0.33989295
5421.2583 0.35408917 0.32782906
5422.5054 0.43993568 0.32385242
5423.7529 0.80168182 0.33308125
5425.0034 1.3822502 0.34018213
5426.2515 0.52604651 0.32632527
5427.5029 0.62976468 0.31710428
5428.7515 -0.043497704 0.31637555
5430.0034 1.6093781 0.38422993
5431.2524 0.48326358 0.39661413
5432.502 0.31946826 0.33628073
5433.7549 0.59030288 0.33572388
5435.0049 0.42476064 0.33649001
5436.2578 0.28376245 0.3372283
5437.5088 1.9122419 0.42565176
5438.7627 1.6112235 0.35403949
5440.0137 0.73057979 0.33044064
5441.2651 0.40471873 0.40107101
5442.52 -0.0050725229 0.39078337
5443.772 1.006228 0.32739469
5445.0273 1.1590472 0.39168766
5446.2798 2.2087097 0.40052983
5447.5356 1.4421312 0.33184198
5448.7891 1.79795 0.3529695
5450.0425 1.3373188 0.35396704
5451.2993 1.6633847 0.35657573
5452.5532 1.2271475 0.35751903
5453.8105 0.58821851 0.34089521
5455.0654 0.26071075 0.33628243
5456.3232 1.088069 0.37276906
5457.5786 1.3467621 0.39212364
5458.834 1.5583377 0.36649808
5460.0928 1.0217054 0.37709928
5461.3486 0.92042196 0.58929139
5462.6084 -0.5141232 0.69926113
5463.8647 2.0753629 0.53136945
5465.125 0.44087481 0.42569405
5466.3823 2.7753034 0.44865876
5467.6396 0.83834237 0.41601658
5468.9004 1.6836101 0.41778371
5470.1587 1.1325575 0.64065611
5471.4199 1.0603918 0.45645586
5472.6787 1.5132866 0.36214161
5473.9404 1.5010674 0.35723683
5475.1997 -0.013429332 0.35183972
5476.4624 0.94509888 0.37362665
5477.7222 0.89957237 0.37240836
5478.9824 0.98169565 0.37603974
5480.2461 0.92336136 0.37280199
5481.5068 1.8281281 0.36157164
5482.7705 1.2660205 0.36568326
5484.0322 0.81772381 0.36610472
5485.2964 1.4599258 0.37475201
5486.5586 1.261373 0.3654595
5487.8208 0.73218393 0.34468082
5489.0859 1.889608 0.34477773
5490.3491 0.73798096 0.33742955
5491.6147 0.87511015 0.33499682
5492.8784 1.8328129 0.34839022
5494.145 1.1610141 0.3452968
5495.4087 1.1795173 0.3424983
5496.6729 1.0494604 0.33720118
5497.9404 1.3114954 0.34124488
5499.2056 1.0508827 0.39603835
5500.4736 0.29069209 0.40944445
5501.7388 2.8752306 0.60509855
5503.0073 0.79368049 0.43906316
5504.2734 1.2526981 0.34974793
5505.5396 0.97463512 0.35383573
5506.8096 2.2054865 0.36957282
5508.0762 0.62330079 0.44436848
5509.3462 1.2064618 0.45612758
5510.6138 1.6191508 0.35106683
5511.8843 1.0250676 0.33925346
5513.1523 1.5252205 0.34722248
5514.4209 1.4811827 0.35705504
5515.6924 1.7087843 0.38240987
5516.9614 1.8210393 0.38746032
5518.2334 1.9577338 0.36535975
5519.5029 0.67980403 0.33177024
5520.7759 1.0174611 0.42697179
5522.0459 -0.3956618 0.42719683
5523.3159 0.91951489 0.34567186
5524.5898 1.9891671 0.45266488
5525.8608 0.39031842 0.44641593
5527.1348 0.48855579 0.38359392
5528.4062 0.98060083 0.37015009
5529.6812 1.1061724 0.35437933
5530.9536 1.4490772 0.34281003
5532.2256 1.1806595 0.34500575
5533.5015 2.191577 0.3592014
5534.7744 1.3082764 0.35996273
5536.0508 0.99840194 0.35333225
5537.3242 1.7268543 0.43351877
5538.6011 2.4758406 0.42075667
5539.8755 1.5105512 0.34811181
5541.1499 1.3840735 0.34400493
5542.4277 1.6620911 0.35879081
5543.7026 1.3339274 0.36387014
5544.981 1.5654926 0.3786965
5546.2568 1.0767943 0.37218335
5547.5356 1.1956728 0.34843582
5548.8115 1.3924346 0.36653823
5550.0884 0.68524957 0.3686451
5551.3682 2.115128 0.37561437
5552.645 1.6655186 0.35500467
5553.9258 2.0880663 0.3758572
5555.2031 2.3414483 0.36079499
5556.4844 1.4090664 0.34930423
5557.7627 2.3257902 0.3754214
5559.041 0.63169467 0.36467478
5560.3232 1.3651416 0.44379702
5561.6021 3.469003 0.45896465
5562.8848 2.6478693 0.45961264
5564.1646 1.5309466 0.40236035
5565.4473 1.8104333 0.40198055
5566.728 2.0813265 0.38631839
5568.0083 1.5692713 0.35824099
5569.2925 1.1279376 0.34553149
5570.5737 1.8851577 0.38284913
5571.8579 1.9829082 0.45771301
5573.1401 2.9308453 0.43635336
5574.4253 2.7616115 0.55200881
5575.7075 2.2916906 0.8578738
5576.9932 -0.011351258 1.7152487
5578.2764 -5.6307588 4.0016189
5579.5596 3.5232632 4.6927633
5580.8462 2.2473452 3.0628452
5582.1299 -0.22189806 0.90722913
5583.417 1.8682281 0.38684261
5584.7017 1.0707432 0.36929935
5585.9893 1.977415 0.39507493
5587.2744 1.4845958 0.37217325
5588.5601 1.9896013 0.366723
5589.8486 2.1566253 0.35983503
5591.1348 1.2442975 0.35992524
5592.4238 1.4227927 0.35243151
5593.7104 1.1312752 0.34234422
5595.0005 1.5344163 0.34193781
5596.2876 2.0645559 0.35128084
5597.5747 2.6438076 0.43574429
5598.8657 3.045687 0.45512983
5600.1538 0.84589726 0.36225489
5601.4448 1.5684891 0.35773075
5602.7334 1.5391159 0.35255465
5604.0254 1.73563 0.34681833
5605.3149 1.4204886 0.35260168
5606.6045 1.3518344 0.37189758
5607.897 1.9846209 0.3774834
5609.187 1.9041461 0.3725473
5610.4805 1.9579561 0.36368206
5611.7715 1.5454021 0.37062168
5613.0654 2.2593076 0.38956332
5614.3569 2.1258552 0.38644767
5615.6484 1.6429826 0.36447006
5616.9434 0.4511461 0.43432552
5618.2354 2.9405758 0.45080572
5619.5308 1.4542676 0.46622637
5620.8237 0.72269917 0.37614289
5622.1201 1.544727 0.37221798
5623.4131 2.7761669 0.37527177
5624.707 1.5248144 0.37609506
5626.0039 1.0362562 0.38197219
5627.2983 1.5877609 0.37278178
5628.5957 1.7149148 0.35174194
5629.8906 1.8105044 0.346479
5631.189 1.4473596 0.35054037
5632.4844 1.3823476 0.35549268
5633.7803 1.9244936 0.37275004
5635.0791 1.7628589 0.36632663
5636.3755 1.9865736 0.3626101
5637.6753 1.4641848 0.35388976
5638.9722 1.5775455 0.37057489
5640.2725 0.81898862 0.39467052
5641.5703 1.4304512 0.39224008
5642.8682 1.5443598 0.37284839
5644.1694 1.6096892 0.35574251
5645.4678 1.4306681 0.35360718
5646.7695 1.5278172 0.37404048
5648.0684 1.7441181 0.39004809
5649.3711 1.7762014 0.37721637
5650.6704 1.332437 0.36889067
5651.9707 1.4651777 0.35617256
5653.2739 1.7085139 0.39177248
5654.5742 1.6028099 0.4024342
5655.8784 1.4675498 0.38832062
5657.1797 1.5416453 0.38571551
5658.4839 1.6977631 0.39226949
5659.7856 1.5211177 0.39096615
5661.0879 1.3462154 0.39129543
5662.3931 1.2972807 0.37387595
5663.6958 1.4826217 0.36192426
5665.002 1.3130331 0.36055642
5666.3052 1.4191812 0.38282421
5667.6118 2.1479406 0.39456722
5668.9155 1.3596549 0.38043547
5670.2197 1.8250983 0.40050137
5671.5273 1.9601731 0.42217863
5672.832 2.0755246 0.41837034
5674.1401 1.1908307 0.50330639
5675.4453 1.1923307 0.61433607
5676.7539 2.7041066 0.46665013
5678.0601 1.7231351 0.3903214
5679.3696 1.8118069 0.40165332
5680.6758 2.389986 0.39600161
5681.9829 1.6829556 0.39304644
5683.293 1.337901 0.40765318
5684.6006 1.3960139 0.41875917
5685.9111 0.96170986 0.41717598
5687.2192 1.5000395 0.42918777
5688.5308 2.3478842 0.44017503
5689.8394 0.22469205 0.43688363
5691.1484 2.561049 0.45237613
5692.4609 1.7590075 0.46177468
5693.7705 1.8458961 0.42249802
5695.0835 1.0444728 0.40203214
5696.3936 1.5259939 0.41698346
5697.707 2.0765681 0.43953854
5699.0176 1.3502126 0.4199478
5700.3286 1.7435018 0.43235493
5701.6431 1.3034797 0.44628772
5702.9551 2.5027699 0.43796518
5704.27 2.6660793 0.48323813
5705.5825 1.5792069 0.45976841
5706.8979 2.3446088 0.38210684
5708.2109 1.9843351 0.37948453
5709.5239 1.5097371 0.37601829
5710.8408 1.6614616 0.37295136
5712.1543 1.0801672 0.37011933
5713.4717 1.0116726 0.38500598
5714.7861 1.7238008 0.41112059
5716.104 1.3576531 0.40296376
5717.4189 0.83271962 0.3741681
5718.7339 1.4025488 0.37469947
5720.0527 1.9082166 0.39586446
5721.3687 2.5182996 0.41080815
5722.688 1.9525102 0.40739691
5724.0044 1.4350975 0.38810223
5725.3242 1.1936512 0.37341613
5726.6416 1.5691992 0.3711763
5727.959 1.0635921 0.37115648
5729.2798 1.4027257 0.39628649
5730.5977 1.4040054 0.41336325
5731.9194 2.3157115 0.42323965
5733.2378 1.7830919 0.40858299
5734.5601 1.698682 0.38762933
5735.8794 1.0672389 0.38522029
5737.1987 1.4864734 0.38854384
5738.5215 1.6546667 0.39558852
5739.8418 1.5728267 0.38840672
5741.1655 1.4572495 0.40358523
5742.4863 1.0063667 0.47734955
5743.8105 1.1655242 0.47583249
5745.1318 1.1922091 0.4934614
5746.4536 3.1173408 0.50791734
5747.7783 1.4732867 0.41993681
5749.1006 1.1154933 0.40437651
5750.4268 0.6573543 0.39125398
5751.7495 1.909355 0.38474083
5753.0757 2.2005031 0.39370915
5754.3994 1.5992986 0.41469267
5755.7231 1.9340674 0.4271439
5757.0503 0.98109746 0.4051111
5758.3745 1.446247 0.38960859
5759.7026 1.9966794 0.403678
5761.0273 1.8989799 0.40636146
5762.356 1.7474397 0.41908213
5763.6816 2.0078967 0.42544663
5765.0078 2.1258805 0.41549718
5766.3369 1.2502593 0.39628083
5767.6636 1.5186509 0.43166909
5768.9937 1.2667555 0.44722733
5770.3208 0.56762809 0.57339919
5771.6514 3.7200813 0.58440036
5772.979 2.210151 0.55805469
5774.3071 2.3325157 0.43952665
5775.6387 2.0961761 0.43175697
5776.9673 1.5532874 0.42155805
5778.2993 1.7999463 0.4226175
5779.6289 1.2663909 0.41370627
5780.9614 1.3716521 0.41198039
5782.2915 1.0416504 0.40428293
5783.625 1.1855992 0.42049998
5784.9556 1.7531585 0.43833852
5786.2861 1.2816243 0.4338187
5787.6206 0.95187092 0.43795347
5788.9521 2.0533202 0.47194245
5790.2871 2.0447364 0.50176674
5791.6191 1.3214403 0.52755302
5792.9546 1.0511789 0.52561456
5794.2871 1.6270764 0.50401849
5795.6201 1.4452742 0.48006973
5796.9565 1.659644 0.48243123
5798.29 1.5363344 0.48409939
5799.6274 1.3979384 0.47611606
5800.9614 1.855548 0.46142912
5802.2993 0.81294912 0.43749779
5803.6338 1.423653 0.46265873
5804.9692 0.56379759 0.59873229
5806.3076 0.37370631 0.5748232
5807.6436 1.2801062 0.45586789
5808.9824 2.4279346 0.46995118
5810.3188 -0.047273763 0.4538599
5811.6587 1.502853 0.47698677
5812.9956 0.32828248 0.48675805
5814.333 1.2434107 0.5070883
5815.6738 1.115304 0.48764619
5817.0117 0.89455706 0.48556498
5818.353 0.83363521 0.48367289
5819.6914 0.9583739 0.49012792
5821.0337 1.6962236 0.5044964
5822.3726 1.9415741 0.52412623
5823.7119 0.55396491 0.50589412
5825.0552 2.1352642 0.49677852
5826.395 1.1149881 0.48981288
5827.7388 1.0545065 0.49837002
5829.0791 0.81407577 0.50111073
5830.4233 1.0702459 0.53820264
5831.7646 1.5572805 0.57244056
5833.1064 0.96798748 0.55213898
5834.4517 2.6438487 0.57556313
5835.7935 1.9012014 0.56194752
5837.1396 0.25198498 0.56519216
5838.4824 3.0831411 0.57440174
5839.8286 1.1627413 0.55351067
5841.1719 0.80704266 0.56021821
5842.5156 0.91490918 0.57009417
5843.8633 0.72085571 0.5744276
5845.2075 0.72392005 0.55348676
5846.5552 0.93872142 0.53769004
5847.9004 0.14068905 0.54684347
5849.249 0.33322138 0.55010891
5850.5942 2.7879274 0.58122706
5851.9404 1.0536436 0.55649799
5853.2896 0.88842249 0.53795427
5854.6362 1.1190681 0.5396058
5855.9863 0.64106148 0.54139382
5857.3335 0.51591045 0.56044644
5858.6841 1.7386873 0.55705869
5860.0322 1.6273987 0.55532193
5861.3799 1.1030662 0.55843776
5862.7319 0.5978241 0.55737799
5864.0806 1.1365392 0.55050868
5865.4326 1.9588785 0.57112813
5866.7822 0.78704065 0.59435189
5868.1348 0.65812236 0.58380699
5869.4849 -0.32187867 0.66568226
5870.835 -0.44490141 0.62867433
5872.189 0.99257821 0.53070009
5873.54 1.4434757 0.53957844
5874.894 0.91400623 0.51966214
5876.2456 1.2254033 0.49785584
5877.6006 0.34634563 0.49018508
5878.9531 0.75508678 0.49468872
5880.3052 0.97446162 0.48140836
5881.6611 0.94188201 0.48227376
5883.0146 1.0350879 0.46810701
5884.3711 -0.18720105 0.46206379
5885.7246 1.6703649 0.48560804
5887.082 1.0660236 0.49622306
5888.4365 0.88643581 0.58335918
5889.7939 1.0001444 0.79379171
5891.1489 0.64615494 1.1191964
5892.5044 1.1528597 1.2195784
5893.8633 0.85575885 0.78059608
5895.2192 0.061371598 0.60215235
5896.5786 0.83269233 0.79671103
5897.9351 1.6650288 0.99414283
5899.2949 0.063307472 0.81116754
5900.6523 1.5659884 0.54759991
5902.0098 0.1346328 0.49944392
5903.3706 -0.14726794 0.50462544
5904.7285 0.81566679 0.47127393
5906.0903 -0.4032906 0.46276838
5907.4487 0.47808889 0.43993738
5908.811 0.35886219 0.43807858
5910.1704 0.77808803 0.46964246
5911.5303 0.88316917 0.46985012
5912.8931 0.30396318 0.43293577
5914.2534 0.80064893 0.45302653
5915.6172 0.76226979 0.45957893
5916.978 0.19888891 0.4623929
5918.3428 0.63564569 0.45515224
5919.7041 0.50858092 0.42507574
5921.0659 0.62642968 0.41821808
5922.4312 0.83414352 0.42624
5923.7939 0.63131791 0.42908362
5925.1597 0.86261767 0.42765233
5926.5229 -0.1617026 0.42291424
5927.8896 0.9559958 0.42145398
5929.2534 0.46309701 0.39727551
5930.6172 -0.19804978 0.39722109
5931.9849 0.68899786 0.4066864
5933.3496 0.91470349 0.44143227
5934.7178 0.2012096 0.45375785
5936.083 -0.41994587 0.42617384
5937.4517 -0.39879772 0.39230734
5938.8179 0.57441193 0.38608214
5940.1841 -0.28231207 0.37181348
5941.5537 -0.25391385 0.42169785
5942.9204 0.47735614 0.43085456
5944.291 1.2300072 0.43303904
5945.6587 1.3923014 0.39849216
5947.0298 0.3888987 0.3945556
5948.3975 0.17522371 0.39243948
5949.7661 -0.065422446 0.37314913
5951.1382 0.036948215 0.36620656
5952.5073 -0.032460999 0.41160041
5953.8799 -0.20288469 0.44180492
5955.2495 0.56992614 0.44141847
5956.6226 0.34923515 0.42771167
5957.9932 0.2463733 0.37537184
5959.3638 0.1739561 0.35971183
5960.7378 0.66722596 0.36173862
5962.1094 -0.99183559 0.35032004
5963.4839 0.36438251 0.37659198
5964.856 -0.031707834 0.42204085
5966.2314 0.35945454 0.43743926
5967.604 0.7152136 0.37858546
5968.9766 0.403799 0.36214882
5970.353 -0.11990625 0.35316318
5971.7266 0.73389703 0.36368546
5973.1035 0.78245884 0.35392818
5974.478 0.062687114 0.34366578
5975.8555 0.73522532 0.34823948
5977.2305 0.08545658 0.34840459
5978.6055 0.16178116 0.35115868
5979.9839 0.21878791 0.34787273
5981.3599 0.099143095 0.34360427
5982.7388 0.66595507 0.37267241
5984.1152 0.072945587 0.37038937
5985.4951 0.16396956 0.34235314
5986.8721 0.51757282 0.33278191
5988.2495 0.72377276 0.32191181
5989.6304 0.59021091 0.31622502
5991.0083 0.00086000114 0.3053596
5992.3896 -0.052282315 0.30955574
5993.7681 0.28055376 0.32086852
5995.1504 -0.17209929 0.32064471
5996.5298 0.4194836 0.32274681
5997.9126 0.52288771 0.32335079
5999.292 0.42193738 0.33621496
6000.6724 0.36298093 0.33354098
6002.0562 0.72225374 0.31828383
6003.437 -0.50923336 0.30903748
6004.8213 0.1853538 0.31130129
6006.2026 0.57899934 0.32387847
6007.5874 0.25568581 0.31440553
6008.9697 0.12572227 0.30027533
6010.3521 0.3943235 0.30455729
6011.7378 0.51237983 0.30300501
6013.1211 0.15754321 0.30251777
6014.5078 -0.58557659 0.29483834
6015.8911 -0.36421031 0.30125087
6017.2783 1.0973847 0.3274509
6018.6626 0.51456565 0.36599442
6020.0474 -0.67186677 0.33724186
6021.4355 0.85024095 0.33554357
6022.8208 0.77633953 0.32662663
6024.2095 0.9321605 0.310339
6025.5957 0.78301364 0.30994615
6026.9849 0.21002172 0.31407639
6028.3716 -0.080763087 0.30998397
6029.7583 0.40186915 0.30622873
6031.1489 0.16220115 0.30108458
6032.5361 -0.14188319 0.3007029
6033.9272 0.47838524 0.30734038
6035.3154 0.34533709 0.29370204
6036.707 -0.24730691 0.27994543
6038.0957 -0.14471903 0.28565741
6039.4849 0.49469355 0.29236901
6040.8774 0.34553048 0.29706502
6042.2671 0.33348376 0.29084909
6043.6606 0.62338221 0.29209888
6045.0508 1.0157425 0.28499705
6046.4448 -0.13716315 0.27005866
6047.8359 0.8675735 0.27758113
6049.2271 0.15549141 0.27884746
6050.6221 0.057253864 0.2790592
6052.0142 0.42558739 0.27595308
6053.4097 0.39342758 0.27147415
6054.8022 0.42229173 0.27946365
6056.1982 0.43778178 0.27943194
6057.5918 0.4024137 0.27825484
6058.9854 0.75573665 0.27078754
6060.3823 0.57895339 0.26034066
6061.7764 0.17353453 0.26247215
6063.1743 0.40801227 0.2715615
6064.5693 0.37236208 0.26465255
6065.9678 0.58621371 0.25307295
6067.3633 0.80020177 0.25511467
6068.7588 -0.10387491 0.25208506
6070.1582 -0.49868986 0.24305059
6071.5547 0.51773906 0.25038984
6072.9551 0.22886296 0.25699696
6074.3521 0.48653379 0.2570799
6075.7529 0.34651202 0.26165932
6077.1504 0.60919654 0.29107821
6078.5483 1.0466691 0.29489711
6079.9502 0.30960879 0.24012125
6081.3491 0.12722464 0.23802218
6082.7515 0.44373798 0.24105012
6084.1504 0.39070752 0.24883612
6085.5537 -0.15096897 0.25469038
6086.9536 0.080751859 0.24863781
6088.354 -0.1325213 0.25013757
6089.7578 0.18366425 0.25539818
6091.1587 0.086810701 0.2606625
6092.5635 0.17411418 0.25522086
6093.9648 0.49277222 0.24991661
6095.3701 0.24923998 0.25045109
6096.7725 0.04709636 0.24386297
6098.1782 0.22187471 0.23968287
6099.5811 0.54462832 0.23911978
6100.9844 0.28107032 0.24498646
6102.3911 -0.061924249 0.24935532
6103.7949 0.021458821 0.24871631
6105.2026 0.047455456 0.24522974
6106.6069 0.54454619 0.24938902
6108.0151 -0.47977358 0.24146755
6109.4204 -0.11181279 0.25616869
6110.8257 0.45397463 0.26917133
6112.2349 0.90793902 0.27449182
6113.6411 0.92249203 0.26595071
6115.0508 0.31392017 0.25704619
6116.4575 -0.0094206808 0.26351529
6117.8682 0.34580243 0.27581626
6119.2754 0.73603153 0.34536403
6120.6831 0.57245529 0.362198
6122.0947 0.03825682 0.2690827
6123.5029 0.0042313808 0.24802789
6124.915 0.10144345 0.25189817
6126.3242 0.07378865 0.25624076
6127.7368 -0.015657907 0.2608566
6129.1465 0.10696618 0.26962259
6130.5566 0.47907624 0.27545765
6131.9702 0.063838966 0.27714571
6133.3809 0.95669913 0.27516669
6134.7954 -0.14076024 0.26614627
6136.2065 -0.58782506 0.25915834
6137.6216 0.30605394 0.26505032
6139.0337 0.060530715 0.2713151
6140.4458 0.60339499 0.27778417
6141.8618 0.43008032 0.27203828
6143.2749 -0.21016535 0.26990533
6144.6914 0.45446441 0.29144239
6146.105 0.72810996 0.30341473
6147.522 0.18634668 0.29717228
6148.9365 0.082410187 0.2740503
6150.3511 0.3686482 0.25617635
6151.769 -0.030749567 0.25970113
6153.1846 0.1119982 0.28311476
6154.6035 0.48774952 0.29874441
6156.019 0.39360586 0.29496616
6157.439 -0.56067878 0.28417268
6158.8555 0.031949811 0.27291822
6160.272 -0.081682995 0.27058965
6161.6929 0.13470994 0.27799481
6163.1104 0.089651875 0.27647102
6164.5312 0.26103902 0.27575719
6165.9497 0.42688447 0.3258858
6167.3711 0.42808616 0.32418609
6168.79 0.28491098 0.33235797
6170.2095 -0.0026513794 0.27569413
6171.6323 -0.03047641 0.27144513
6173.0518 0.14084175 0.27984142
6174.4756 -0.017224211 0.27598953
6175.896 0.059471771 0.26817644
6177.3198 0.076317847 0.26304621
6178.7412 -0.011285112 0.26502949
6180.1626 0.12736513 0.25322628
6181.5874 -0.27440116 0.2456708
6183.0098 0.017510377 0.25039056
6184.4355 -0.40868345 0.25540426
6185.8579 0.40278047 0.2722272
6187.2847 0.21105012 0.28911301
6188.708 0.19240797 0.27395236
6190.1318 0.090684839 0.25588408
6191.5591 0.039062101 0.25255847
6192.9834 -0.165047 0.2522141
6194.4116 0.3177169 0.27328798
6195.8364 0.13126305 0.27637485
6197.2651 -0.23311618 0.26815277
6198.6909 0.03959503 0.26172274
6200.1172 -0.10953152 0.26570261
6201.5469 0.29889044 0.27328873
6202.9731 0.047978107 0.28336358
6204.4038 0.040755842 0.28926674
6205.8311 -0.088382021 0.27793008
6207.2622 0.51961458 0.26075733
6208.6899 0.31539991 0.2404439
6210.1216 -0.030245388 0.24019529
6211.5503 -0.046635784 0.24796373
6212.9795 0.35686862 0.26445952
6214.4121 0.14926243 0.27330843
6215.8418 -0.63999134 0.25702113
6217.2749 -0.19690008 0.2519502
6218.7056 0.45928854 0.2540001
6220.1392 0.28790826 0.24730727
6221.5703 0.027497651 0.25631446
6223.0015 0.25881872 0.26977432
6224.4365 0.34552661 0.2634407
6225.8687 0.040611066 0.24313653
6227.3042 0.20023246 0.23137259
6228.7368 -0.34535134 0.2253096
6230.1729 -0.032612938 0.23314725
6231.6064 0.3731772 0.23528095
6233.04 0.03152743 0.23985042
6234.4771 0.33796194 0.27010235
6235.9116 0.22782855 0.29766151
6237.3496 -0.26945254 0.31302124
6238.7842 0.10422833 0.32129985
6240.2231 -0.50168216 0.31120417
6241.6587 0.065404199 0.29059669
6243.0942 0.79162937 0.29211676
6244.5342 0.11927819 0.28058043
6245.9707 -0.068056211 0.27235022
6247.4111 0.32796577 0.27050728
6248.8481 0.44361392 0.25687873
6250.2891 0.59164768 0.24663074
6251.7271 0.69521624 0.24297179
6253.165 0.22674456 0.22923635
6254.6069 -0.024814906 0.20992263
6256.0459 0.58371961 0.21632762
6257.4888 0.091265745 0.23835491
6258.9282 0.58801395 0.29684204
6260.3716 0.70664257 0.33482021
6261.8115 -0.56345081 0.31008753
6263.252 0.87096232 0.2802797
6264.6963 -0.038965315 0.27650192
6266.1377 -0.046742178 0.3014459
6267.5825 -0.1852411 0.27884394
6269.0244 0.4222641 0.28581816
6270.4702 0.56743759 0.25811139
6271.9126 -0.024643704 0.22459286
6273.3555 0.099500224 0.21261497
6274.8022 0.52564389 0.21563423
6276.2456 0.26957646 0.2209693
6277.6929 -0.038305372 0.21915036
6279.1372 -0.045773245 0.22143395
6280.585 0.26046208 0.22859894
6282.0298 -0.054786768 0.27752441
6283.4751 -0.19763583 0.28367242
6284.9238 0.3860642 0.30175847
6286.3696 0.24962251 0.29535279
6287.8193 0.40552163 0.25798532
6289.2661 0.049369656 0.28858149
6290.7163 0.37893823 0.27158168
6292.1636 0.46131855 0.23226646
6293.6108 0.29345784 0.20792893
6295.062 -0.13699189 0.20234422
6296.5103 0.21545509 0.21555099
6297.9624 0.065627016 0.26144409
6299.4111 0.15934335 0.40092528
6300.8638 0.038980026 0.68398309
6302.3135 0.35838005 0.9266305
6303.7632 0.19037443 0.79419142
6305.2168 -0.68263757 0.39798197
6306.6675 0.39298913 0.30870977
6308.1216 0.57425785 0.34431192
6309.5728 0.23386455 0.34398076
6311.0278 -0.37706146 0.30023083
6312.4795 0.51567012 0.24456461
6313.9316 0.38546392 0.21672828
6315.3877 -0.01460544 0.19866331
6316.8403 0.30136573 0.20584193
6318.2974 0.17068318 0.21302839
6319.751 0.096316665 0.20468873
6321.208 0.1245591 0.22230512
6322.6621 0.16990224 0.26513839
6324.1201 0.55108988 0.28017417
6325.5752 -0.39253271 0.24071379
6327.0303 -0.10538896 0.22919406
6328.4893 0.09458486 0.23535244
6329.9453 -0.032116994 0.25585929
6331.4048 0.28208733 0.27953824
6332.8613 0.20181607 0.27476048
6334.3218 0.078624628 0.30481246
6335.7788 0.17686123 0.30738068
6337.2363 0.4117955 0.22364441
6338.6978 -0.033845332 0.19825815
6340.1558 0.099366963 0.20498537
6341.6182 0.10882486 0.21891317
6343.0767 0.30334091 0.22834389
6344.5396 0.34479925 0.21428323
6345.999 -0.073506281 0.20489004
6347.459 -0.26889634 0.2041859
6348.9229 -0.14819463 0.23056491
6350.3833 -0.0047115064 0.24434796
6351.8477 0.2821027 0.23299934
6353.3091 0.12845071 0.217483
6354.7739 0.21599528 0.21196979
6356.2358 -0.022741174 0.22657716
6357.6982 -0.39308333 0.25200656
6359.1641 0.20044118 0.25271884
6360.627 0.36523455 0.23458327
6362.0938 -0.86910081 0.2302275
6363.5576 -0.46576691 0.30525458
6365.0249 0.18519874 0.49168947
6366.4893 -0.77682883 0.4750888
6367.9536 1.2010449 0.32787663
6369.4224 0.038895592 0.22661418
6370.8877 0.17430447 0.20835322
6372.3564 -0.10570113 0.21454905
6373.8228 -0.21585119 0.2070365
6375.2925 0.36598301 0.20597532
6376.7588 0.07182391 0.21520482
6378.2261 -0.20506166 0.225052
6379.6968 0.11271461 0.22915481
6381.1646 -0.17995225 0.23041143
6382.6357 0.3550615 0.22733176
6384.104 -0.039401088 0.21245818
6385.5762 0.44995749 0.21530594
6387.0454 0.48256031 0.22718729
6388.5146 0.0048180912 0.23706707
6389.9878 -0.039627045 0.22824006
6391.458 0.23632473 0.21330281
6392.9316 0.32455435 0.20593733
6394.4023 0.49463549 0.20343956
6395.877 0.69675368 0.24506399
6397.3481 0.33560646 0.23649383
6398.8198 0.031643584 0.19763231
6400.2954 0.053173129 0.19650809
6401.7681 0.18435539 0.20310929
6403.2441 -0.30187511 0.20499226
6404.7173 0.1807369 0.21512151
6406.1943 0.07626643 0.21082544
6407.668 0.12887803 0.20040756
6409.1421 0.26211721 0.199166
6410.6196 -0.042839605 0.20274305
6412.0947 0.0084330207 0.20339504
6413.5732 0.2536003 0.21264729
6415.0488 -0.32400158 0.2227357
6416.5278 0.44728312 0.22386815
6418.0039 0.373274 0.21768837
6419.4805 0.36972782 0.20732293
6420.9609 0.094678685 0.21134545
6422.438 0.30852589 0.21320055
6423.9189 0.32004082 0.21712916
6425.397 0.30074483 0.20300043
6426.8784 0.75774825 0.19986199
6428.3569 0.28428733 0.19566531
6429.8359 0.18679063 0.19151405
6431.3184 -0.057375006 0.19176459
6432.7979 -0.16182292 0.19501744
6434.2812 0.2091399 0.25648317
6435.7617 -1.0266554 0.24399228
6437.2456 0.28179589 0.19376913
6438.7266 0.077677429 0.18979061
6440.2114 0.10726041 0.19235551
6441.6929 -0.012056777 0.19268255
6443.1748 0.15796092 0.19994
6444.6606 0.67714298 0.21480635
6446.1431 0.18573041 0.21205871
6447.6294 0.21311072 0.2096957
6449.1128 0.58661753 0.20732665
6450.6001 -0.12605464 0.20404661
6452.084 0.38680661 0.20286818
6453.5684 -0.46878955 0.20039792
6455.0566 0.071985893 0.1992815
6456.5415 0.32427478 0.21292645
6458.0303 -0.17469335 0.21240675
6459.5161 -0.11028319 0.20693544
6461.0054 0.086539999 0.20942745
6462.4917 0.34916276 0.2426666
6463.9785 0.31575298 0.26807237
6465.4692 0.28442028 0.2724939
6466.9565 0.54564136 0.28611821
6468.4478 0.58825326 0.25666782
6469.936 0.23600277 0.24086554
6471.4277 0.32137042 0.2591362
6472.9165 0.42203921 0.26623577
6474.4058 -0.050373334 0.24705359
6475.8984 0.57377708 0.22789076
6477.3882 -0.097505979 0.21061882
6478.8818 -0.12186666 0.21477902
6480.3726 0.25671366 0.21986809
6481.8667 0.50355858 0.22159846
6483.3579 -0.10792693 0.21512045
6484.8496 0.38887525 0.21726894
6486.3447 -0.068550982 0.20182294
6487.8369 0.20734754 0.19557501
6489.333 0.23942946 0.21148591
6490.8262 0.17701672 0.22607157
6492.3228 0.51035935 0.22339649
6493.8164 0.44562522 0.2078291
6495.3101 0.18676408 0.20043461
6496.8081 -0.1138803 0.21499148
6498.3027 -0.38503715 0.2377993
6499.8013 -0.04215147 0.27433231
6501.2964 -0.094255678 0.28089896
6502.7954 0.040667389 0.25069591
6504.2915 -0.1742539 0.22995771
6505.7876 0.27844739 0.23666936
6507.2881 0.0030408851 0.23448193
6508.7852 -0.20217338 0.22502384
6510.2861 0.023833944 0.21509194
6511.7837 -0.0343403 0.20644066
6513.2852 -0.018495616 0.21257347
6514.7837 0.36596665 0.22760344
6516.2822 0.43591881 0.22651094
6517.7852 -0.19182524 0.2193384
6519.2842 0.27720401 0.21934958
6520.7876 0.3191663 0.21633363
6522.2876 0.4276312 0.2191053
6523.792 -0.2936213 0.21714005
6525.2925 -0.57434654 0.23754333
6526.7939 -0.25286621 0.24359763
6528.2988 -0.063748568 0.22566099
6529.8008 0.12575388 0.22437312
6531.3062 0.40602151 0.23263519
6532.8091 -0.07498657 0.24781728
6534.3154 -0.010051499 0.29135528
6535.8184 0.75306529 0.29519716
6537.3223 0.45061025 0.25254077
6538.8296 0.24522375 0.21226877
6540.334 0.12561411 0.21084219
6541.8423 0.39854011 0.21953891
6543.3472 0.25592446 0.23419555
6544.856 0.38838419 0.25433749
6546.3613 0.18915889 0.25201339
6547.8677 0.26135004 0.23723297
6549.3774 0.25421587 0.2148775
6550.8843 0.40332606 0.21124844
6552.3945 -0.18521166 0.23076776
6553.9019 0.1258415 0.29205975
6555.4136 0.3027339 0.31757897
6556.9214 0.48328909 0.27786353
6558.4336 0.32787985 0.22980899
6559.9424 1.1936208 0.21015052
6561.4512 -0.14111857 0.20389658
6562.9644 0.69822788 0.22335631
6564.4741 0.33233693 0.24491841
6565.9878 -0.48186198 0.22448669
6567.4985 0.57046771 0.2170122
6569.0127 0.25323099 0.2228916
6570.5239 0.27033588 0.23867199
6572.0356 0.5934611 0.23618561
6573.5513 0.13348457 0.21923104
6575.0635 0.092763498 0.21199208
6576.5796 -0.14645171 0.21824828
6578.0923 -0.4292869 0.24521385
6579.6094 -0.093789056 0.27516937
6581.123 0.48166382 0.2621049
6582.6372 0.26817873 0.22716853
6584.1548 0.83313513 0.21774808
6585.6694 0.16666389 0.20167056
6587.1885 0.14499143 0.20207898
6588.7036 -0.42415386 0.19829275
6590.2231 -0.21668346 0.19489774
6591.7393 0.083404146 0.19519937
6593.2554 -0.33435243 0.19151369
6594.7759 0.31744942 0.20052662
6596.293 0.51586843 0.21444486
6597.814 -0.27089337 0.226391
6599.332 0.36997208 0.23506983
6600.8535 0.032664392 0.22865623
6602.3721 0.53940737 0.22589086
6603.8911 0.35021046 0.25143161
6605.4141 -0.042257901 0.2740899
6606.9336 -0.30445457 0.24804781
6608.457 0.73919952 0.22642075
6609.9771 0.63566029 0.20604087
6611.5015 0.17585002 0.20450595
6613.0225 0.15572044 0.20701146
6614.5439 -0.020692475 0.20067528
6616.0693 0.28807279 0.21463171
6617.5913 0.39501044 0.21685208
6619.1172 0.097553477 0.21073471
6620.6396 0.27518913 0.20721458
6622.1665 0.30081117 0.20446822
6623.6899 0.097060621 0.19786918
6625.2139 -0.13741809 0.19423422
6626.7417 0.37602034 0.20432022
6628.2661 0.21565878 0.2058482
6629.7944 0.11267696 0.2008597
6631.3198 0.23181824 0.19778425
6632.8486 -0.12829895 0.18866695
6634.3745 0.10861357 0.19812542
6635.9009 -0.078694865 0.20771797
6637.4312 0.31253877 0.21824457
6638.958 0.51263607 0.21267523
6640.4888 0.0060211625 0.20146669
6642.0166 0.32132724 0.18888709
6643.5483 -0.14121169 0.18574604
6645.0767 0.094330877 0.18455131
6646.6055 -0.11632577 0.19220671
6648.1382 0.78708363 0.21343319
6649.6675 0.0417924 0.20336735
6651.2007 0.14822498 0.19230895
6652.731 0.19212608 0.19440447
6654.2651 0.045456387 0.19763213
6655.7959 0.41563854 0.19556738
6657.3271 0.23662715 0.1993144
6658.8623 0.072306238 0.20005609
6660.394 -0.04393059 0.19694571
6661.9297 0.14567947 0.19496344
6663.4624 0.27424365 0.19577152
6664.999 0.099773273 0.19698177
6666.5322 0.22961621 0.19673431
6668.0659 0.34868744 0.19398825
6669.6035 0.13371111 0.18827432
6671.1377 0.0054906807 0.19057542
6672.6763 0.037180252 0.18363072
6674.2114 0.12074944 0.17627846
6675.7505 0.30904943 0.1868562
6677.2861 0.4471851 0.19712843
6678.8257 0.19595098 0.20094036
6680.3623 0.22958359 0.19528474
6681.8989 0.13709986 0.1845586
6683.4399 0.21705969 0.18438189
6684.9775 -0.094427824 0.17847878
6686.519 0.10412255 0.18274385
6688.0571 0.19235931 0.17977095
6689.5996 0.57142609 0.18896937
6691.1382 0.35753453 0.19555758
6692.6777 0.31611484 0.1868657
6694.2212 -0.087356463 0.1757963
6695.7607 -0.27917683 0.19991741
6697.3052 -0.11138811 0.20625426
6698.8457 0.36178792 0.18478294
6700.3906 0.23468502 0.18191613
6701.9316 -0.059504904 0.18066238
6703.4736 0.23571442 0.18309103
6705.0195 -0.15808821 0.18207541
6706.562 0.49472141 0.21947058
6708.1084 1.1388538 0.22756886
6709.6519 0.44782007 0.19325188
6711.1987 0.30728874 0.19618613
6712.7427 0.044068191 0.19272037
6714.2871 0.039629787 0.19231832
6715.8354 -0.099824995 0.18389876
6717.3804 -0.21883896 0.18138492
6718.9292 -0.00091086171 0.17767976
6720.4751 -0.088233687 0.17335375
6722.0249 0.13212013 0.18005481
6723.5713 0.25438467 0.18099895
6725.1177 -0.078024723 0.18801273
6726.6685 -0.41688058 0.18767877
6728.2163 -0.31678173 0.17941619
6729.7676 0.14501962 0.17786293
6731.3159 0.022769935 0.18409576
6732.8682 0.2514706 0.19019783
6734.417 0.28796422 0.18507338
6735.9663 0.65507454 0.18493921
6737.5195 -0.38490659 0.18499401
6739.0693 0.14793599 0.18427296
6740.6235 0.09321744 0.1862562
6742.1743 -0.27037567 0.18676507
6743.729 0.40657261 0.19629142
6745.2803 -0.024749894 0.19547686
6746.832 0.071048722 0.19509809
6748.3877 0.17422041 0.19651367
6749.9404 0.0050343103 0.1934026
6751.4966 -0.090719312 0.18761139
6753.0498 -0.025340607 0.19145396
6754.6069 0.1538834 0.19585
6756.1611 0.37200171 0.19835708
6757.7153 0.17050399 0.19618024
6759.2734 0.27270645 0.19444877
6760.8286 0.17324498 0.18569586
6762.3877 0.19286655 0.18528402
6763.9434 0.10249117 0.189491
6765.5029 0.0039245049 0.18971637
6767.0596 0.13110046 0.19141254
6768.6162 0.13914566 0.19357763
6770.1772 0.2589556 0.18891944
6771.7344 0.2064614 0.18339457
6773.2959 -0.14386836 0.17705145
6774.854 -0.26056948 0.17940928
6776.4165 -0.15746821 0.18169819
6777.9756 -0.036733311 0.18485257
6779.5347 -0.075378351 0.18996833
6781.0981 -0.27258152 0.18558122
6782.6582 0.066236481 0.19979203
6784.2222 0.18053874 0.21116593
6785.7827 0.1991107 0.21250266
6787.3477 0.16740596 0.21286356
6788.9092 -0.17496307 0.21258789
6790.4707 0.3448076 0.19581114
6792.0366 -0.069323495 0.18362835
6793.5991 0.18682864 0.17479743
6795.1655 -0.020104453 0.17896013
6796.729 -0.33112943 0.21176541
6798.2964 -0.66403866 0.21268933
6799.8604 0.31688547 0.18754765
6801.4282 0.20802 0.1836075
6802.9927 -0.15201657 0.17729507
6804.5581 0.67415214 0.18524142
6806.127 0.094620295 0.18301532
6807.6929 0.11166086 0.18476759
6809.2627 -0.054560568 0.18604058
6810.8291 -0.29916605 0.18572502
6812.3994 0.017946608 0.19220898
6813.9668 0.38022333 0.18366997
6815.5342 0.11385402 0.17807402
6817.106 0.19439307 0.1793111
6818.6743 0.18723312 0.19004157
6820.2466 0.19008404 0.20137565
6821.8154 0.20154162 0.21037981
6823.3887 -0.47861716 0.20946179
6824.9585 0.4726966 0.19786914
6826.5283 -0.19856213 0.18703234
6828.1025 0.094688706 0.22565256
6829.6733 0.43223304 0.31270614
6831.2485 -0.15687867 0.35835719
6832.8198 0.43766895 0.32065955
6834.3955 0.13035242 0.31354609
6835.9678 0.21605898 0.33688635
6837.5405 0.23958251 0.29154691
6839.1172 0.21679962 0.23384741
6840.6904 0.0041241795 0.21912995
6842.2681 0.28179675 0.23886739
6843.8418 -0.14957106 0.22869214
6845.4199 0.09947031 0.2045619
6846.9946 0.33461812 0.19861829
6848.5698 0.44621518 0.19575469
6850.1494 -0.14120063 0.18858688
6851.7251 -0.34225461 0.18500158
6853.3052 0.11371127 0.19367883
6854.8818 0.10359433 0.1981599
6856.4624 0.017321423 0.19499062
6858.0396 0.0024673701 0.19358908
6859.6177 0.20111056 0.18991545
6861.1992 0.23365337 0.18744986
6862.7778 -0.10346487 0.22754988
6864.3604 -0.17993277 0.35788277
6865.9395 -0.60559916 0.42974469
6867.5225 -0.40093368 0.371757
6869.1025 0.98187196 0.29011506
6870.6826 0.075232066 0.25670156
6872.2671 -0.38039809 0.27810448
6873.8481 0.31173053 0.29511896
6875.4331 0.31982049 0.28137285
6877.0146 0.52341658 0.24378838
6878.6006 0.092773244 0.21801086
6880.1831 0.48274866 0.21534258
6881.7656 -0.3558172 0.21260729
6883.3525 0.058030233 0.2264034
6884.936 -0.12542443 0.23302712
6886.5239 0.14353257 0.21752045
6888.1079 0.035993084 0.21691956
6889.6963 0.24185129 0.24364682
6891.2812 -0.15647827 0.25738597
6892.8667 0.53169906 0.25284001
6894.4561 -0.30722278 0.22708495
6896.0425 0.22233808 0.21532619
6897.6323 -0.14601812 0.20116471
6899.2192 0.25206134 0.2081787
6900.8105 -0.36506394 0.23787552
6902.3979 0.72500485 0.27133253
6903.9858 -0.28902417 0.24856967
6905.5776 -0.37861088 0.2098811
6907.1665 0.58713156 0.19862536
6908.7593 0.46049064 0.19211648
6910.3486 0.40099967 0.19734733
6911.9419 -0.61107981 0.21347485
6913.5322 -0.66182148 0.25138673
6915.1226 -0.29366216 0.28005868
6916.7173 0.34495133 0.25691223
6918.3081 0.47654101 0.2064165
6919.9038 0.0077808173 0.18629116
6921.4956 -0.082558364 0.20623673
6923.0918 -0.12261496 0.26409036
6924.6846 -0.45529276 0.34145993
6926.2812 0.26355639 0.33425647
6927.8745 0.18981911 0.25914922
6929.4683 0.44142985 0.21796799
6931.0664 -0.06010944 0.19587213
6932.6606 0.26611361 0.18837515
6934.2593 0.1803889 0.19501546
6935.8545 0.57363975 0.244386
6937.4541 0.62221831 0.25089407
6939.0498 0.21822236 0.21281727
6940.646 -0.32869649 0.24115476
6942.2466 -0.42358485 0.26569504
6943.8438 0.0099318977 0.24830565
6945.4448 0.24442156 0.20381886
6947.043 0.59978652 0.197138
6948.6445 -0.45216939 0.24795394
6950.2432 -0.8809514 0.34702903
6951.8423 0.12190218 0.34869164
6953.4453 0.21636458 0.28088632
6955.0449 0.091272384 0.21750724
6956.6489 0.090308838 0.19965026
6958.249 0.046964202 0.19988082
6959.8535 0.36847427 0.2042309
6961.4546 0.69098073 0.21734758
6963.0562 0.46288222 0.20170513
6964.6621 0.037405692 0.18772069
6966.2642 -0.00019970474 0.18928902
6967.8706 0.11272583 0.19670431
6969.4736 0.030237274 0.20918456
6971.0806 -0.20041342 0.22724558
6972.6841 0.06858664 0.23705395
6974.2886 0.39768088 0.22417785
6975.8965 0.060364168 0.20435497
6977.5015 0.17520918 0.21436624
6979.1104 0.28320077 0.26332244
6980.7158 -0.071139276 0.2998279
6982.3257 -0.027009625 0.28550583
6983.9321 0.30675051 0.23874387
6985.5386 -0.15053257 0.20171247
6987.1494 -0.091578409 0.1934585
6988.7568 0.20448798 0.19421573
6990.3687 0.18098865 0.19756159
6991.9766 -0.10671911 0.20254144
6993.5889 -0.27598524 0.21249443
6995.1978 0.049961578 0.21413238
6996.8071 -0.080082007 0.20893054
6998.4204 -0.01347402 0.207397
7000.0303 -0.001035955 0.20723
7001.6445 -0.092278898 0.20593724
7003.2554 0.4359414 0.20159191
7004.8701 -0.28498644 0.20336516
7006.4819 0.38519785 0.21656415
7008.0938 0.55563033 0.2122847
7009.7095 -0.0012606063 0.20345162
7011.3223 0.15912089 0.22639406
7012.939 0.55081195 0.25861457
7014.5522 0.682037 0.26142552
7016.1699 0.3346324 0.23005638
7017.7837 0.72718096 0.21064091
7019.3984 -0.11743706 0.19772157
7021.0171 0.94875991 0.22240135
7022.6323 0.37090427 0.21730252
7024.2515 0.080339968 0.18730231
7025.8677 -0.033476394 0.18789381
7027.4878 0.20418039 0.18693131
7029.1045 -0.20222746 0.19148089
7030.7212 0.27738923 0.20914766
7032.3428 -0.22225779 0.20731699
7033.9604 0.4274424 0.20146929
7035.5825 0.38682407 0.18601798
7037.2007 0.30935544 0.18082884
7038.8237 0.25853047 0.18277434
7040.4429 -0.11071655 0.18620118
7042.0664 0.35169315 0.19706519
7043.6865 0.21479234 0.2013825
7045.3066 0.61259657 0.2047817
7046.9316 0.13749449 0.20525533
7048.5527 0.055000752 0.22342098
7050.1782 0.070494018 0.22990389
7051.7998 -0.33551833 0.22104019
7053.4263 -0.042205136 0.22753233
7055.0488 1.1825264 0.26427519
7056.6719 0.22637285 0.24455488
7058.2988 0.31752428 0.18609388
7059.9229 0.099692553 0.18507035
7061.5508 -0.019621933 0.18368955
7063.1753 0.051140185 0.18733048
7064.8037 0.20635203 0.20834261
7066.4292 0.010306899 0.2125883
7068.0547 -0.041505802 0.20712301
7069.6846 -0.13396466 0.19845667
7071.311 0.085013926 0.23204735
7072.9419 -0.21490598 0.22883511
7074.5688 0.12442 0.19365107
7076.2002 -0.095354639 0.18870242
7077.8281 0.48456112 0.19930391
7079.4561 0.24002396 0.20197594
7081.0889 -0.019832943 0.19104931
7082.7178 0.027295962 0.20277226
7084.3511 0.35788447 0.20492494
7085.981 -0.25575235 0.19630709
7087.6147 0.25896114 0.19349387
7089.2451 -0.036595359 0.20930277
7090.876 0.26303649 0.20494863
7092.5112 -0.32632023 0.19832666
7094.1431 0.43097401 0.20035292
7095.7788 0.0013814936 0.19732982
7097.4111 0.51022351 0.18663211
7099.0479 0.24914621 0.18116724
7100.6812 0.17698687 0.17845099
7102.3145 0.043391209 0.18730445
7103.9521 0.28667104 0.22110663
7105.5864 0.2947782 0.2247705
7107.2251 -0.2634666 0.2007187
7108.8599 0.014358186 0.18637533
7110.4995 0.3555916 0.19601519
7112.1353 0.22288747 0.19474624
7113.7715 0.046515282 0.19242236
7115.4116 0.22506243 0.19169039
7117.0483 0.45582116 0.1979463
7118.6899 0.36114636 0.19866545
7120.3271 0.1312701 0.18832673
7121.9692 0.23174757 0.17995067
7123.6079 -0.085333563 0.17812636
7125.2466 -0.10650283 0.17924036
7126.8896 0.074246421 0.17646787
7128.5293 -0.34940451 0.1794496
7130.1729 -0.16360618 0.19504452
7131.813 -0.086246714 0.19051507
7133.458 -0.15300785 0.18655889
7135.0986 -0.34065801 0.18374307
7136.7402 -0.015399371 0.18657827
7138.3857 0.19480968 0.19359733
7140.0283 -0.088422738 0.19103248
7141.6748 0.070424117 0.19096233
7143.3174 -0.31165561 0.19123781
7144.9648 0.56293225 0.20462687
7146.6084 0.15672401 0.21312672
7148.2524 0.34444323 0.20320596
7149.9009 0.023986708 0.19357193
7151.5459 0.27333084 0.19172513
7153.1948 0.054774404 0.19927509
7154.8403 0.018001944 0.20221819
7156.4902 0.52915335 0.20884942
7158.1367 0.38197559 0.20515344
7159.7832 0.052659631 0.19735229
7161.4346 0.70498151 0.19429626
7163.082 -0.13852955 0.18808357
7164.7339 -0.1864171 0.1910679
7166.3818 -0.092235729 0.19118357
7168.0347 -0.22119236 0.18363026
7169.6836 0.41255865 0.1920507
7171.3369 0.34872574 0.2039033
7172.9863 0.17151798 0.21714111
7174.6367 -0.1435862 0.21851197
7176.291 -0.01645997 0.19708979
7177.9419 0.094380245 0.19905086
7179.5972 0.090028025 0.19204372
7181.249 0.2299418 0.19617061
7182.9048 0.099499464 0.20947051
7184.5571 0.30090451 0.21830241
7186.21 -0.23048207 0.21092199
7187.8672 0.15955903 0.19607453
7189.521 0.25424147 0.19323501
7191.1787 0.17148854 0.1938097
7192.833 0.41287139 0.19977486
7194.4917 -0.44691548 0.19504353
7196.1465 0.083298273 0.20762308
7197.8022 0.09352985 0.2166893
7199.4619 0.0075904466 0.21363392
7201.1182 0.38309377 0.22678202
7202.7788 0.37268385 0.23163094
7204.4355 0.3097133 0.21529125
7206.0972 -0.097645164 0.19404843
7207.7549 -0.39989465 0.20842026
7209.4131 -0.27379361 0.20928466
7211.0757 0.012612543 0.18584868
7212.7344 0.10866933 0.20228601
7214.3975 0.4885402 0.20906729
7216.0571 0.36661959 0.20407939
7217.7212 -0.093089983 0.1883698
7219.3818 0.32199946 0.18791236
7221.0425 0.28879195 0.19393948
7222.7075 0.27575096 0.20529068
7224.3691 0.1859732 0.21178401
7226.0352 -0.052837417 0.20198998
7227.6973 0.27033901 0.20192768
7229.3643 -0.33290961 0.19438921
7231.0273 0.12856328 0.19572522
7232.6909 0.23353294 0.20140526
7234.3584 -0.15151244 0.20886928
7236.0229 0.25180802 0.22776963
7237.6914 0.079349726 0.23283388
7239.3564 -0.24084315 0.29235554
7241.0259 -1.214365 0.44388151
7242.6919 -0.84492105 0.64192802
7244.3579 -2.5932124 0.5294584
7246.0283 -1.5092961 0.55667859
7247.6953 -0.79734462 0.77318448
7249.3667 -1.0794239 0.47327468
7251.0342 0.72609663 0.30255258
7252.7065 -0.23338851 0.2893081
7254.375 0.60122973 0.34757257
7256.0439 0.68369967 0.34028828
7257.7168 -0.019505566 0.27206883
7259.3867 0.71885222 0.24007301
7261.0605 0.69822216 0.22475791
7262.731 0.23603095 0.22248957
7264.4058 0.58476239 0.22615565
7266.0771 0.73937035 0.23085612
7267.7485 0.1057514 0.22917177
7269.4243 0.2929441 0.24428505
7271.0967 0.83591574 0.26697171
7272.7734 1.0035769 0.27531886
7274.4463 0.45188802 0.29565471
7276.124 -0.76241833 0.42269275
7277.7979 -0.61173952 0.69601458
7279.4722 0.30115339 0.68544853
7281.1509 0.1983292 0.44569096
7282.8257 0.44959953 0.31100723
7284.5054 0.47881684 0.33143553
7286.1812 0.064178973 0.43191671
7287.8613 0.4644548 0.3976393
7289.5376 0.83573782 0.28429374
7291.2148 -0.054058965 0.26998046
7292.896 0.21330658 0.27336255
7294.5737 0.24062735 0.24843831
7296.2559 0.67780244 0.27808651
7297.9341 0.31207773 0.2861338
7299.6172 0.19962849 0.27511194
7301.2964 0.5711239 0.2662392
7302.98 -0.080806181 0.27958846
7304.6602 -0.1360444 0.33902508
7306.3408 0.25883305 0.35501435
7308.0254 0.10962365 0.30149025
7309.7065 0.44520962 0.24811731
7311.3921 0.16630445 0.23786265
7313.0742 0.18490702 0.25635391
7314.7607 0.7117129 0.29830697
7316.4434 -1.9634751 0.42150733
7318.1265 -0.40283132 0.60677177
7319.814 0.62564349 0.56817263
7321.498 0.32216522 0.32939366
7323.186 0.9357987 0.24339294
7324.8711 0.61936373 0.23672669
7326.5601 1.6369388 0.23679498
7328.2456 -0.94422776 0.2524116
7329.9312 0.085101664 0.33362681
7331.6216 -0.11332947 0.3852447
7333.3081 0.19697973 0.34936985
7334.9995 0.76720375 0.27890378
7336.6865 0.37555644 0.24059883
7338.3784 0.71906143 0.22576772
7340.0669 -0.28237045 0.31072259
7341.7554 -0.70492971 0.59580046
7343.4482 -1.9841379 0.75256062
7345.1377 -0.21152209 0.53460902
7346.8315 0.29226658 0.27291748
7348.5215 0.27405167 0.24568513
7350.2163 0.87481213 0.2624175
7351.9067 0.52049148 0.27586079
7353.5981 0.145143 0.24557345
7355.2939 0.37476668 0.23301673
7356.9858 0.9987666 0.23974869
7358.6826 0.055421233 0.3158634
7360.3755 -0.47225296 0.39606994
7362.0728 -0.63670439 0.40035504
7363.7661 0.78138 0.33385846
7365.4604 0.88517535 0.26971027
7367.1587 0.29116008 0.25955451
7368.8535 -0.30691826 0.36749306
7370.5527 0.28945154 0.63995844
7372.2485 0.21674022 0.65705234
7373.9487 0.29000965 0.42024463
7375.645 0.37909454 0.27608344
7377.3418 0.30327007 0.23998174
7379.043 0.43520588 0.22153109
7380.7402 -0.085821837 0.2211749
7382.4424 0.12536059 0.22961609
7384.1406 0.015956579 0.23364797
7385.8433 0.48316336 0.23448749
7387.5425 0.49256673 0.22454292
7389.2422 0.52101773 0.21618815
7390.9458 0.13192789 0.22166555
7392.6465 -0.37133735 0.27268115
7394.3511 -0.029256871 0.37455526
7396.0522 0.48975679 0.35356605
7397.7573 0.048159469 0.23303515
7399.4595 0.42419878 0.22524142
7401.1616 0.46540505 0.33956608
7402.8682 -0.6463595 0.57540715
7404.5713 0.83749372 0.53552949
7406.2788 1.3946284 0.35383567
7407.9824 0.6566267 0.24035534
7409.6909 0.046733003 0.20999789
7411.3955 0.53857726 0.20272256
7413.1006 0.37707087 0.20997876
7414.8101 0.50350958 0.21729961
7416.5156 0.67837662 0.21331741
7418.2261 0.53626794 0.2075659
7419.9326 -0.19210429 0.23104376
7421.6436 0.31044939 0.22922781
7423.3506 0.46667361 0.23641221
7425.0586 -0.20836657 0.23392564
7426.7705 0.35451478 0.20171283
7428.4795 0.63748139 0.21379068
7430.1924 0.26021963 0.24780302
7431.9014 0.53498363 0.29171658
7433.6152 0.29369807 0.26725796
7435.3257 0.39836743 0.2321088
7437.04 0.82006705 0.23564556
7438.751 -0.23473386 0.30257121
7440.4624 -0.39589077 0.37072873
7442.1777 -0.55999756 0.3133615
7443.8901 0.63344914 0.22299661
7445.6064 0.078328557 0.19893846
7447.3193 0.53620744 0.19957583
7449.0366 0.10257072 0.21008959
7450.7505 0.55117154 0.22213951
7452.4644 0.61940539 0.21967967
7454.1831 0.56729949 0.21564682
7455.8979 0.55384582 0.21039683
7457.6172 0.61037743 0.20273985
7459.3325 0.30735424 0.2068734
7461.0527 -0.1251549 0.20347369
7462.769 0.29556268 0.21619849
7464.4858 0.24479489 0.24008887
7466.207 0.1311457 0.2421001
7467.9248 0.3086375 0.24196064
7469.647 0.48858893 0.24594863
7471.3652 0.16700776 0.24994625
7473.0884 0.029625386 0.27970722
7474.8076 0.28028205 0.29426694
7476.5269 0.63345784 0.27895021
7478.251 0.48083088 0.24773782
7479.9712 0.40915033 0.25645712
7481.6963 -0.060249068 0.29780567
7483.4175 -0.55757594 0.29852191
7485.1431 0.28295588 0.31811789
7486.8652 -0.024503231 0.31067157
7488.5874 0.57294053 0.2383097
7490.3145 0.13153364 0.20964724
7492.0371 0.61460125 0.20729765
7493.7651 -0.0004619855 0.20802669
7495.4888 0.022916321 0.228945
7497.2173 0.84284186 0.23850863
7498.9419 0.49464604 0.2114781
7500.667 0.34766194 0.20785657
7502.397 1.0455701 0.21234757
7504.1226 0.76542509 0.20951718
7505.853 0.28914478 0.22020411
7507.5801 0.20954235 0.21176656
7509.311 0.2946091 0.19927663
7511.0386 0.15658554 0.19931945
7512.7666 0.43515223 0.20549513
7514.499 0.14085737 0.21407272
7516.2275 0.42070338 0.21259643
7517.9609 -0.074578665 0.23082793
7519.6904 0.61389405 0.26635534
7521.4243 0.69152254 0.25765952
7523.1548 0.25659448 0.25759679
7524.8853 -0.073889703 0.35775724
7526.6206 -0.39163288 0.44124234
7528.3521 0.39423293 0.38531536
7530.0884 1.0658776 0.28329864
7531.8203 0.14537713 0.27271172
7533.5571 0.63864487 0.28578368
7535.2905 0.60065866 0.24498782
7537.0239 0.34876028 0.20887688
7538.7617 0.39981413 0.20731626
7540.4961 0.29355088 0.22772022
7542.2349 0.91775924 0.25332686
7543.9702 0.80682355 0.24349435
7545.7095 0.31525058 0.21687083
7547.4453 0.33326688 0.20572107
7549.1816 0.9061107 0.21230054
7550.9229 0.072463021 0.20846002
7552.6597 0.078055248 0.20528094
7554.4014 0.17169854 0.2100642
7556.1392 0.49608523 0.21566193
7557.8818 -0.21496917 0.2264138
7559.6201 0.42315263 0.26045617
7561.3594 0.10986795 0.25044063
7563.103 0.37262785 0.21345867
7564.8428 0.32784224 0.20453878
7566.5874 0.35779235 0.20591684
7568.3281 0.1068103 0.21972145
7570.0732 0.21083063 0.24609472
7571.8149 0.42457587 0.30156979
7573.561 0.47889981 0.35549638
7575.3032 0.21533068 0.34336132
7577.0459 0.54507005 0.272719
7578.793 0.84619832 0.22899985
7580.5366 0.71024317 0.21993288
7582.2847 0.4611631 0.21246824
7584.0288 0.39712688 0.20748581
7585.7778 0.2305861 0.22591446
7587.5229 0.52117127 0.27384961
7589.2686 0.76615942 0.29044032
7591.0186 0.94266927 0.2542612
7592.7646 0.45890561 0.22070763
7594.5156 0.59725934 0.22771488
7596.2627 0.80850971 0.26233029
7598.0142 -0.0029945574 0.35930213
7599.7622 0.76472747 0.56258088
7601.5107 -0.39783034 0.68399167
7603.2637 -0.90935105 0.66681844
7605.0127 1.5300938 0.69302034
7606.7661 0.83996099 0.74909961
7608.5161 0.68858564 0.72650099
7610.271 1.6061112 0.64191324
7612.0215 0.35867789 0.53417033
7613.7725 0.44530568 0.49039295
7615.5283 0.83257496 0.44228104
7617.2803 -0.14353704 0.37000588
7619.0366 0.58166647 0.32757753
7620.7896 -0.59433818 0.31685132
7622.5469 1.233019 0.34897405
7624.3003 1.0358824 0.35373458
7626.0542 0.50354224 0.36908954
7627.813 0.099571876 0.39619505
7629.5679 -0.50668043 0.4953922
7631.3271 -0.14640616 0.55588669
7633.0825 0.68601406 0.50137001
7634.8428 1.1518131 0.39802751
7636.5991 0.50404155 0.34924605
7638.356 -0.0066475351 0.32951641
7640.1172 0.98297119 0.3301712
7641.875 0.76359904 0.33164424
7643.6372 0.30337721 0.34684202
7645.3955 -0.72355187 0.33695066
7647.1587 0.47144896 0.30207041
7648.918 0.021403836 0.26889464
7650.6772 0.57308573 0.28866893
7652.4419 0.95998466 0.33556125
7654.2021 1.0787494 0.33257109
7655.9673 0.20651644 0.30450508
7657.7285 0.052220814 0.28116071
7659.4941 1.0082706 0.25435892
7661.2563 0.54331398 0.26833192
7663.0186 0.12615651 0.31697688
7664.7856 0.31215742 0.33031261
7666.5493 0.22654614 0.29650941
7668.3169 0.41964614 0.2558293
7670.0811 0.67064416 0.23882389
7671.8496 0.23899586 0.24078567
7673.6147 0.2733205 0.23794967
7675.3799 0.83520865 0.23959239
7677.1499 0.24108036 0.23303655
7678.916 0.25524011 0.23235257
7680.687 0.40616113 0.22897612
7682.4536 0.40194595 0.23489587
7684.2251 0.19678111 0.23528409
7685.9932 0.16525163 0.22317041
7687.7612 0.20903096 0.22665724
7689.5342 0.098006465 0.23697846
7691.3027 -0.079572491 0.2421398
7693.0767 0.61146426 0.24974881
7694.8462 -0.034173869 0.23576346
7696.6206 0.35028607 0.23187375
7698.3911 0.67194933 0.26362333
7700.1621 0.0038321172 0.28091392
7701.938 0.032892201 0.26837796
7703.71 -0.16366802 0.25625199
7705.4863 0.48080021 0.23005652
7707.2588 0.56819332 0.22259846
7709.0361 0.88171887 0.23437864
7710.8096 -0.1011914 0.26789778
7712.5879 0.43599033 0.39553002
7714.3618 0.44595492 0.63105386
7716.1367 -0.56930363 0.70213717
7717.916 -0.1591714 0.62574202
7719.6914 -1.5543449 0.64024919
7721.4717 0.095272005 0.4588964
7723.248 0.47892419 0.33563
7725.0288 0.080386065 0.32008883
7726.8062 -0.0051012789 0.34362951
7728.5835 -1.0822687 0.33063135
7730.3657 0.0064307149 0.29455194
7732.144 1.0679344 0.26522186
7733.9272 -0.010104379 0.25853026
7735.7065 0.71682352 0.26632339
7737.4902 0.49778545 0.26884085
7739.27 0.470853 0.2754814
7741.0508 0.47350508 0.26541209
7742.8354 0.37277922 0.24203986
7744.6167 0.29432508 0.22780825
7746.4028 0.42671373 0.23967917
7748.1851 0.11147702 0.27141362
7749.9717 -1.0635076 0.41447976
7751.7544 -1.8227087 0.68831193
7753.5376 -0.14146824 0.76042783
7755.3257 -0.051691145 0.5331645
7757.1099 0.063920818 0.323493
7758.8984 0.67192441 0.30650029
7760.6836 -1.7968369 0.41150606
7762.4731 -0.32072884 0.4811472
7764.2588 -0.21045303 0.38715243
7766.0449 0.25282773 0.24695186
7767.8359 0.74977565 0.23464449
7769.6226 0.57505113 0.24911648
7771.4146 0.31565788 0.23591855
7773.2021 -0.0019559895 0.2802273
7774.9946 1.1527201 0.32960242
7776.7832 -0.49577409 0.31256971
7778.5723 0.15999426 0.28599808
7780.3662 0.69533247 0.35288477
7782.1558 0.24845065 0.44433412
7783.9507 -0.71589452 0.3839412
7785.7412 0.056565475 0.30280942
7787.5366 0.13306277 0.26724055
7789.3281 0.38514888 0.24576189
7791.1201 0.6825785 0.25852868
7792.9165 0.23881771 0.34528902
7794.7095 -1.2093854 0.53373134
7796.5068 -0.82693523 0.78861141
7798.3003 -0.51231086 0.5477767
7800.0986 0.44470653 0.26800627
7801.8931 0.26943806 0.2230199
7803.688 0.61911392 0.21972294
7805.4873 0.68709981 0.2359803
7807.2832 0.55583501 0.2836118
7809.0835 -0.43642586 0.4377895
7810.8799 0.50790894 0.53448832
7812.6812 0.14927417 0.4098922
7814.4785 0.071112841 0.28430396
7816.2759 0.27021322 0.27102757
7818.0786 0.95608991 0.26103967
7819.877 0.13742784 0.31986475
7821.6802 -1.2056354 0.55907565
7823.4795 -0.10847869 0.88532412
7825.2837 -0.80637294 0.89896351
7827.084 0.56957805 0.44933495
7828.8843 0.25571364 0.33073759
7830.6899 0.34907487 0.27589768
7832.4912 0.49733952 0.2529754
7834.2974 0.32183275 0.23613606
7836.0996 0.26827884 0.25737035
7837.9067 0.82686716 0.26559931
7839.71 0.30182576 0.27354777
7841.5132 -0.6014697 0.34546587
7843.3213 -0.44704157 0.50055552
7845.126 0.024172099 0.43514696
7846.9351 0.94366413 0.30272192
7848.7402 0.39021134 0.26043198
7850.5498 0.15886231 0.29842424
7852.356 0.092850499 0.44681817
7854.1665 -1.048303 0.68319339
7855.9736 -0.53830022 0.74287909
7857.7808 -0.25971091 0.63620764
7859.5928 0.020405816 0.43012807
7861.4009 1.0380898 0.41696566
7863.2139 -0.1190872 0.44493666
7865.0225 0.85182768 0.40200847
7866.8364 0.52788919 0.309717
7868.646 0.86754555 0.35012248
7870.4561 0.049880218 0.43361256
7872.271 0.50592881 0.50602746
7874.082 -0.1863685 0.47828162
7875.8979 0.8177281 0.34894547
7877.71 0.27932614 0.30352524
7879.5264 0.38239345 0.41620559
7881.3389 -0.17544182 0.51057953
7883.1519 0.33776963 0.53949225
7884.9697 0.36444721 0.42567044
7886.7837 0.9372406 0.33205342
7888.6025 0.61156964 0.33834296
7890.4175 -0.92551887 0.45180601
7892.2368 -1.0374348 0.62650627
7894.0522 0.13497253 0.56298357
7895.8687 0.80351859 0.33827287
7897.689 0.73664725 0.29231468
7899.5059 0.39958683 0.28550917
7901.3276 0.8157174 0.27059439
7903.1455 0.4884887 0.25327399
7904.9678 0.46753728 0.2535595
7906.7861 0.41345352 0.2731021
7908.6055 0.45851275 0.28225943
7910.4292 0.69159663 0.28234178
7912.2485 -0.33607551 0.35668007
7914.0732 -1.9388188 0.54391873
7915.894 0.80878788 0.83765483
7917.7192 0.056880146 0.72868633
7919.5405 0.3725026 0.39957413
7921.3628 -0.33442581 0.46056309
7923.1895 1.6878572 0.92238629
7925.0122 -0.5497641 0.78653145
7926.8394 0.9143126 0.34358051
7928.6631 0.20909671 0.32253787
7930.4912 -0.35446122 0.38363218
7932.3159 -0.42942929 0.47728246
7934.1406 -0.78271556 0.48262447
7935.9702 0.25849482 0.37368873
7937.7959 0.59097999 0.27839032
7939.6265 0.49717623 0.26515919
7941.4526 0.74482417 0.27548596
7943.2842 0.22151829 0.28831333
7945.1113 0.72186345 0.28660896
7946.939 1.0580958 0.31425586
7948.772 -0.77646577 0.37969539
7950.6006 0.98613799 0.43592289
7952.4336 -0.26272556 0.51559716
7954.2632 0.03075235 0.38294348
7956.0977 1.4627327 0.27458593
7957.9277 0.23438853 0.2613695
7959.7583 0.96760142 0.25969791
7961.5938 0.79873037 0.29433951
7963.4253 0.16976549 0.48755273
7965.2617 -1.4593732 0.77040613
7967.0942 0.34589323 0.67763406
7968.9316 0.22836216 0.60162491
7970.7646 1.3211508 0.40303099
7972.5981 0.14983231 0.30623785
7974.437 0.4828141 0.28766766
7976.2715 0.13421746 0.29644966
7978.1108 1.1546348 0.34099361
7979.9458 -1.0344999 0.46830693
7981.7861 0.47734764 0.5687533
7983.6226 0.67713171 0.44669595
7985.459 0.84024745 0.31891617
7987.3003 0.58486497 0.27623254
7989.1377 0.34279975 0.27177835
7990.98 0.68561685 0.30038342
7992.8184 -0.34104577 0.4454802
7994.6616 -1.014717 0.69321418
7996.5005 -1.9673707 0.74933839
7998.3447 -0.52778763 0.53267729
8000.1846 0.42110312 0.31031504
8002.0249 0.45625117 0.30702132
8003.8706 1.3290375 0.48279774
8005.7114 0.43730053 0.37029773
8007.5576 1.0661737 0.2947917
8009.3999 -0.24692929 0.25286627
8011.2471 1.4465895 0.27043223
8013.0898 0.46943879 0.32640797
8014.9331 1.0604299 0.47650334
8016.7812 0.029923605 0.47902668
8018.6255 0.79497623 0.38072231
8020.4746 1.4071338 0.33252016
8022.3198 1.354175 0.33446166
8024.1699 -0.027460258 0.34185937
8026.0156 -0.35401335 0.44855666
8027.8623 0.85201383 0.6924805
8029.7134 0.70511705 0.65774119
8031.5605 0.87280011 0.44280839
8033.4126 0.86179721 0.35563728
8035.2607 -0.16051188 0.30987829
8037.1138 0.5322631 0.33291236
8038.9624 0.88523012 0.28081408
8040.812 0.65868187 0.25008661
8042.666 1.0051721 0.26003525
8044.5161 0.99234718 0.26678979
8046.3711 0.70113629 0.25986111
8048.2222 0.88670945 0.2520116
8050.0781 1.1910369 0.26514035
8051.9302 0.64849234 0.31230062
8053.7827 0.21709661 0.388383
8055.6396 0.78099704 0.35624292
8057.4927 1.1394223 0.30441827
8059.3511 -0.12578596 0.27925673
8061.2051 1.3626903 0.30878866
8063.064 -0.22060023 0.55147552
8064.9189 -0.38099164 0.52782083
8066.7739 1.4997703 0.3978146
8068.6343 0.30396467 0.31597957
8070.4902 0.51872277 0.30278015
8072.3516 0.98116601 0.27962443
8074.2085 0.80684048 0.24975419
8076.0703 0.077229112 0.27708527
8077.9282 0.27888429 0.29631996
8079.7866 1.1301746 0.27109331
8081.6499 0.73882174 0.25987697
8083.5088 1.1153823 0.28148228
8085.373 0.69272852 0.36181393
8087.2329 0.38625684 0.38403866
8089.0981 0.7834639 0.35242349
8090.959 0.79033333 0.45166978
8092.8203 1.7111235 0.46523073
8094.6865 0.50478828 0.28960016
8096.5483 0.97148156 0.32314366
8098.4155 0.59762675 0.29807636
8100.2788 0.92063344 0.27401114
8102.1465 1.2974727 0.30270839
8104.0103 0.49424088 0.36700174
8105.8745 0.38393661 0.39588946
8107.7441 0.59664166 0.39460611
8109.6089 0.44583935 0.32135439
8111.479 0.99153727 0.25581825
8113.3452 0.70768583 0.25919706
8115.2163 0.61952662 0.25274572
8117.083 0.49311006 0.26971346
8118.9502 0.51837605 0.27197707
8120.8228 1.0881971 0.27550095
8122.6909 0.23704202 0.24981587
8124.564 0.69983149 0.2597729
8126.4326 0.95510131 0.2650668
8128.3066 -0.15212242 0.28001463
8130.1768 0.38562566 0.28284842
8132.0513 0.92064738 0.25828859
8133.9224 0.75580412 0.32007262
8135.7935 0.98347509 0.31805593
8137.6694 1.4940345 0.27849251
8139.5415 0.94014812 0.28610167
8141.4185 1.3224376 0.31176764
8143.2915 0.73518014 0.31672332
8145.1694 1.1534129 0.31438631
8147.043 0.92673486 0.33562601
8148.9175 1.7247423 0.38301635
8150.7964 0.94993961 0.37155315
8152.6714 1.1559069 0.32372481
8154.5513 1.4797729 0.30332005
8156.4272 0.6211977 0.34714818
8158.3081 -0.18657468 0.30900946
8160.1851 1.3237041 0.27199855
8162.0625 0.86964124 0.26091486
8163.9443 1.0593171 0.26279914
8165.8228 1.3590369 0.26793551
8167.7056 1.1033258 0.26162067
8169.5845 0.75749099 0.25387403
8171.4683 1.3549644 0.28889126
8173.3481 0.67474908 0.30726618
8175.2285 0.80917317 0.30489984
8177.1138 1.097948 0.27667689
8178.9951 0.76290214 0.26682109
8180.8809 0.57714075 0.28845224
8182.7632 1.3211553 0.31037912
8184.6499 0.8323732 0.2999036
8186.5327 1.1628386 0.30784756
8188.416 0.90949655 0.31761664
8190.3042 0.43104678 0.33902538
8192.1885 0.34341148 0.33618507
8194.0771 0.77633506 0.33093703
8195.9629 0.60935396 0.36594117
8197.8525 0.28800347 0.35971627
8199.7383 0.91749263 0.32557863
8201.625 0.79737383 0.36933127
8203.5156 0.59167957 0.32626972
8205.4033 0.8420707 0.28261307
8207.2959 0.50401568 0.29170769
8209.1836 1.2704625 0.32672966
8211.0762 0.822532 0.34433797
8212.9658 -0.068167254 0.30232936
8214.8545 0.91227615 0.26780489
8216.749 0.57198173 0.26900381
8218.6396 1.3615962 0.28941241
8220.5342 0.72045815 0.2795814
8222.4258 0.78834289 0.27047071
8224.3223 1.2437803 0.2807571
8226.2139 1.1322317 0.28240779
8228.1064 0.76731575 0.28533372
8230.0039 1.2478327 0.29198045
8231.8965 1.367048 0.30664623
8233.7949 0.89237934 0.30542311
8235.6895 1.2966709 0.30045149
8237.5889 0.40004787 0.29561299
8239.4834 2.7558045 0.5040493
8241.3789 0.69790143 0.27782035
8243.2793 1.2200074 0.3216756
8245.1758 0.43841639 0.32997918
8247.0771 0.81304371 0.33168989
8248.9746 1.1181699 0.32933998
8250.877 1.1166427 0.31489307
8252.7744 1.2246919 0.29956993
8254.6729 0.86539805 0.2878564
8256.5771 0.51499367 0.29620436
8258.4766 1.0892493 0.30454099
8260.3809 1.7256699 0.30261305
8262.2812 0.62769669 0.27527994
8264.1865 1.0452412 0.27347156
8266.0869 0.85243785 0.27384219
8267.9893 0.69754374 0.28243244
8269.8955 1.0108498 0.30446297
8271.7979 1.154637 0.34157783
8273.7051 0.92932224 0.32905301
8275.6084 1.0110451 0.31214935
8277.5166 1.1748286 0.35702607
8279.4209 0.33579692 0.49016371
8281.3301 -1.6838522 0.57471746
8283.2354 0.47091481 0.6479513
8285.1416 -0.78218466 0.72180349
8287.0518 -0.29805571 0.65030384
8288.958 -1.8576829 0.61243266
8290.8691 0.34977314 0.76596522
8292.7773 0.48220643 0.68624604
8294.6895 0.60772204 0.41355047
8296.5977 1.232981 0.40503451
8298.5059 0.056413136 0.52843976
8300.4199 0.65932238 0.71662885
8302.3291 -0.21519572 0.75847334
8304.2432 0.33720937 0.50590551
8306.1543 -0.42233989 0.39202711
8308.0693 0.30886421 0.3736397
8309.9805 0.91247511 0.3836703
8311.8926 0.66952962 0.47211638
8313.8086 0.7404561 0.46572113
8315.7217 0.85741305 0.35854802
8317.6396 0.19460343 0.3021158
8319.5527 0.42913193 0.32936525
8321.4707 1.4236685 0.35244855
8323.3857 1.2587963 0.32501751
8325.2998 0.76696938 0.29261136
8327.2197 0.34639007 0.28887337
8329.1357 0.65828693 0.28850251
8331.0566 1.1567581 0.28453875
8332.9727 1.4357424 0.28461817
8334.8945 1.1874307 0.29343438
8336.8115 0.85470772 0.30288041
8338.7295 0.53431278 0.30465898
8340.6523 1.7595986 0.35080233
8342.5713 0.68563503 0.44174147
8344.4951 -1.3363131 0.73347342
8346.415 -3.0613887 1.3669351
8348.3398 -0.039626665 1.4827936
8350.2598 0.94632596 0.75370961
8352.1807 0.30477995 0.54386413
8354.1074 0.17103206 0.60369676
8356.0293 -0.68028671 0.69295138
8357.9561 0.66181266 0.5830152
8359.8789 -0.061134368 0.37567073
8361.8066 1.0850129 0.39221907
8363.7295 1.0155933 0.40133959
8365.6543 -0.58517677 0.47632265
8367.583 0.35320136 0.54795343
8369.5078 -0.31259528 0.4701803
8371.4375 1.2812403 0.36788827
8373.3643 0.21305382 0.33616266
8375.2949 1.5524765 0.37917334
8377.2217 1.5736185 0.35933205
8379.1484 1.1567601 0.33704031
8381.0811 1.5377825 0.40435767
8383.0088 -0.13200285 0.56293899
8384.9424 -0.42720732 0.69565797
8386.8711 -0.44905213 0.49553588
8388.8047 1.2247938 0.34049255
8390.7344 0.23826437 0.32960379
8392.665 0.24995664 0.31361631
8394.6006 0.87139797 0.31750757
8396.5312 1.5811579 0.34627002
8398.4678 -0.32418135 0.54166871
8400.3994 -2.2311361 1.0762292
8402.3369 -1.7312737 1.3453268
8404.2695 0.55596858 0.82527602
8406.2031 0.17951611 0.43381622
8408.1416 1.7486105 0.34950605
8410.0762 0.90413994 0.34102249
8412.0156 1.376989 0.32608888
8413.9502 1.424004 0.33721679
8415.8906 1.0008436 0.53402543
8417.8271 1.1572695 0.75870073
8419.7637 0.079942681 0.58502555
8421.7051 1.1951579 0.40382615
8423.6426 1.0252504 0.34724525
8425.585 1.5740265 0.34710041
8427.5234 1.1251404 0.41511807
8429.4668 -1.5138206 0.66222823
8431.4053 -1.0510689 1.2528973
8433.3496 -1.2253823 1.3774604
8435.29 -1.9627426 0.87006617
8437.2305 -0.095632628 0.46594417
8439.1758 0.72696942 0.37785605
8441.1172 1.5005054 0.38289127
8443.0645 0.29997355 0.41067338
8445.0059 1.8645346 0.57719994
8446.9541 0.24772958 0.60426158
8448.8965 -0.5128209 0.35812649
8450.8408 0.42904225 0.3574684
8452.7891 0.23642458 0.54711616
8454.7344 0.015220003 0.64801067
8456.6836 0.47237456 0.55147123
8458.6289 0.74629498 0.42986599
8460.5791 1.2419803 0.40026113
8462.5254 1.3926414 0.39179403
8464.4727 0.58868062 0.47362605
8466.4248 -1.7674168 0.95449817
8468.3721 0.46094888 1.3002539
8470.3252 -1.4591515 0.78540045
8472.2734 0.90545732 0.43844482
8474.2275 0.60244769 0.35141337
8476.1768 -0.16161667 0.33401594
8478.127 0.87327409 0.33628967
8480.082 1.0272779 0.31475589
8482.0322 1.9492686 0.32393545
8483.9883 0.085273482 0.30693078
8485.9404 0.52185827 0.31295335
8487.8975 1.0457335 0.31978872
8489.8496 1.1487387 0.31874305
8491.8027 0.87075889 0.33422899
8493.7607 0.59413028 0.44645846
8495.7148 -0.38912833 0.62252647
8497.6738 -0.32837734 0.62314373
8499.6289 1.6331258 0.46581447
8501.5889 1.6419064 0.38716665
8503.5449 -0.064980611 0.40512109
8505.501 -0.99091738 0.62145782
8507.4619 0.76038855 0.91313165
8509.4199 -0.63819784 0.75737298
8511.3818 1.2435089 0.49211708
8513.3398 0.92017359 0.39554057
8515.3027 0.7903918 0.34649268
8517.2617 1.3990252 0.31872702
8519.2217 0.88181752 0.32302618
8521.1855 1.1605105 0.34278977
8523.1465 1.7150098 0.35460392
8525.1113 1.7016561 0.34503531
8527.0723 0.66916817 0.31849724
8529.0391 0.51046556 0.30512232
8531.001 0.71861464 0.31069514
8532.9639 0.286787 0.3058117
8534.9316 0.73852241 0.31661075
8536.8945 0.6987043 0.35249811
8538.8633 1.680897 0.43842494
8540.8281 1.011022 0.51633996
8542.7969 0.17571898 0.43175256
8544.7627 0.70936304 0.34581998
8546.7285 0.57600552 0.34520566
8548.6992 0.55073088 0.52826524
8550.666 -1.082601 0.73038316
8552.6377 2.0334346 0.65106797
8554.6045 1.2880051 0.47166339
8556.5771 0.16406125 0.39444837
8558.5459 0.77159816 0.38089645
8560.5146 1.126622 0.33107388
8562.4893 0.31451163 0.32393613
8564.459 0.77454025 0.33449882
8566.4336 0.82349336 0.33808285
8568.4043 1.0407708 0.34410781
8570.3799 0.92755479 0.33807454
8572.3516 0.43525115 0.32674706
8574.3242 0.40849948 0.33134854
8576.3008 0.21917245 0.3356525
8578.2744 0.57284671 0.34738311
8580.252 0.53210855 0.36784828
8582.2256 1.2453663 0.3744339
8584.2051 1.4708754 0.35390297
8586.1797 0.89790696 0.37430063
8588.1602 0.96444738 0.40278462
8590.1357 0.25531745 0.44240689
8592.1113 1.2094504 0.46695101
8594.0928 0.86045277 0.41644508
8596.0703 1.1431947 0.39939785
8598.0527 0.47030899 0.44344085
8600.0303 0.36420441 0.46480107
8602.0137 0.42685369 0.42062321
8603.9922 0.33422089 0.42459801
8605.9717 0.035934523 0.41146365
8607.9561 -0.37926146 0.41506574
8609.9365 0.94259799 0.40207481
8611.9219 0.334304 0.42089891
8613.9033 1.13146 0.43704292
8615.8896 0.93676364 0.45470214
8617.8711 0.19517498 0.50976312
8619.8535 -0.18241173 0.55801469
8621.8418 0.17492689 0.61375517
8623.8252 -0.35893291 0.67941678
8625.8135 -0.415764 0.74584246
8627.7979 -0.29204902 0.75221187
8629.7881 0.91604918 0.77870905
8631.7725 -0.26355606 0.80702543
8633.7588 0.12571256 0.83170474
8635.75 0.74345756 0.8204242
8637.7363 -0.92332751 0.8080433
8639.7285 0.76939476 0.74851269
8641.7158 -0.98339128 0.71118873
8643.708 0.63209283 0.63809335
8645.6973 -0.62974793 0.44118571
8647.6855 1.2346276 0.45869657
8649.6797 0.72605699 0.56191629
8651.6699 0.49576834 0.71807575
8653.665 -2.7761314 0.72746581
8655.6553 0.51163179 0.8637203
8657.6514 -0.51748478 0.97506589
8659.6436 -3.8166661 0.73710829
8661.6357 -1.0919654 0.81783015
8663.6328 -0.043099433 0.92524278
8665.626 -1.5260414 0.78929371
8667.624 1.7274085 0.73166072
8669.6182 -0.88274252 0.75633025
8671.6172 -0.13513435 0.81359029
8673.6123 -0.037283558 0.78616166
8675.6074 -0.93358612 0.66386271
8677.6084 1.7068424 0.66676074
8679.6045 0.0015010426 0.68029398
8681.6055 0.10896149 0.60192788
8683.6025 1.2881787 0.54978275
8685.6055 -0.44126609 0.49251845
8687.6035 -0.23932855 0.58305031
8689.6025 0.52465391 0.63391757
8691.6055 1.6199292 0.46217778
8693.6055 0.62806475 0.43315294
8695.6104 0.19760273 0.48812979
8697.6104 0.35907784 0.4785797
8699.6162 1.0440433 0.43943337
8701.6172 -0.091581874 0.43502975
8703.6191 0.65095311 0.46986684
8705.626 0.78366739 0.48331752
8707.6289 0.37689397 0.46136105
8709.6367 0.11105873 0.41241774
8711.6406 0.99262565 0.40688911
8713.6494 0.98132974 0.38396174
8715.6543 1.7608929 0.39066201
8717.6592 0.21176335 0.37574613
8719.6699 1.2672781 0.39302081
8721.6758 1.0094676 0.40516558
8723.6865 -0.52581322 0.4064683
8725.6934 0.65488762 0.43632141
8727.7061 0.36732906 0.44129929
8729.7129 1.0810302 0.42262778
8731.7217 0.14639841 0.40556586
8733.7354 0.88090372 0.41440132
8735.7441 1.5692388 0.39032131
8737.7588 0.87397331 0.39257303
8739.7686 1.0137953 0.40819138
8741.7842 0.93466014 0.4268896
8743.7949 0.63600105 0.44356227
8745.8115 1.4271601 0.45480371
8747.8232 0.74726135 0.44203374
8749.8359 0.41693014 0.438869
8751.8535 0.30876306 0.43255085
8753.8672 0.2997539 0.42150849
8755.8857 1.040745 0.42325634
8757.9004 0.74584973 0.48981443
8759.9199 -0.14499453 0.73267376
8761.9346 -0.75180924 1.0753837
8763.9502 -2.9327338 1.5064417
8765.9717 0.0350243 1.2223068
8767.9883 -3.7536092 1.0724574
8770.0098 -1.1136416 1.2197254
8772.0273 -1.120272 1.2086762
8774.0498 0.48274723 0.80141157
8776.0684 -0.59885788 0.74261761
8778.0879 -0.54375744 1.0831552
8780.1113 -1.3580474 1.5978304
8782.1318 -0.8496263 1.4717884
8784.1562 1.2118022 0.80085355
8786.1777 0.17859153 0.43601471
8788.2031 0.84752053 0.44038594
8790.2256 0.96931165 0.55765212
8792.2471 -0.45662317 0.79387426
8794.2754 1.0014635 0.92024052
8796.2979 0.58785278 0.7100904
8798.3262 1.7110374 0.54822111
8800.3506 -0.014336512 0.48743913
8802.3799 0.7233941 0.44971091
8804.4053 0.32264552 0.41216582
8806.4307 1.0385863 0.42088819
8808.4609 1.3890696 0.43843609
8810.4873 1.7497607 0.48209128
8812.5195 0.9343093 0.49611366
8814.5459 1.5238776 0.4766832
8816.5791 1.2366923 0.46117195
8818.6074 1.0734931 0.45888636
8820.6357 1.2952394 0.42954645
8822.6699 1.9121571 0.44054034
8824.6992 1.9973662 0.61180079
8826.7344 -2.3305917 1.2950088
8828.7646 -4.1057463 2.2913375
8830.8008 -0.94567746 2.7717342
8832.833 -2.535033 1.6736127
8834.8643 0.1986551 0.93116575
8836.9014 0.25608993 0.927953
8838.9346 1.4963417 1.1780503
8840.9727 -0.13145266 1.1330236
8843.0068 0.42756417 0.67187142
8845.0459 1.3036871 0.48834524
8847.0811 0.95326251 0.48140416
8849.1162 0.82141685 0.55235326
8851.1562 -0.020667916 0.68363416
8853.1924 0.90302229 0.72054499
8855.2344 0.036706895 0.55152678
8857.2715 1.4671341 0.45229658
8859.3145 0.74841237 0.42550391
8861.3516 0.87184983 0.43945161
8863.3906 0.74127102 0.49740204
8865.4346 2.4318171 0.60963643
8867.4736 -1.2635182 0.8176229
8869.5186 0.4815855 1.1704844
8871.5596 1.4516993 0.93716341
8873.6045 -0.31763378 0.60752374
8875.6465 1.2772491 0.50251609
8877.6885 0.95792586 0.46240208
8879.7354 1.5654657 0.4326472
8881.7783 2.1163199 0.48361847
8883.8262 1.9721096 0.66733879
8885.8701 -0.59056258 1.3793459
8887.9189 -3.412648 2.6039631
8889.9639 -1.2203228 2.0506465
8892.0088 1.0202857 1.1874104
8894.0596 0.47603562 0.67201751
8896.1055 0.41217673 0.57763052
8898.1562 0.9381845 0.4709301
8900.2041 0.93397087 0.5085811
8902.2559 -0.0730673 0.63108623
8904.3037 0.75566202 1.0883684
8906.3574 1.954906 1.4417433
8908.4062 1.1435106 0.95443547
8910.4561 -0.13209133 0.54743993
8912.5107 0.73241264 0.50766712
8914.5605 1.5531054 0.4850899
8916.6162 -0.27880785 0.51216751
8918.668 3.0527859 0.90360284
8920.7246 -8.8055277 2.1106601
8922.7764 3.8658917 2.5306504
8924.8291 -0.30397108 1.6658481
8926.8867 -0.46446881 0.86725456
8928.9404 0.62867451 0.62748778
8931 1.4202265 0.56689566
8933.0547 0.077960156 0.52436745
8935.1143 0.48761615 0.48785794
8937.1699 0.67017865 0.46349889
8939.2256 -0.079015978 0.51309133
8941.2871 1.8563628 0.56953299
8943.3438 -0.1652019 0.72344291
8945.4062 2.8094683 1.155838
8947.4639 1.69603 1.1669486
8949.5273 0.20839845 0.70518219
8951.5859 1.2808623 0.51423323
8953.6455 0.99758565 0.46636805
8955.71 1.8757644 0.57576066
8957.7705 -0.37625158 1.0976751
8959.8359 0.33185926 2.2359769
8961.8975 0.11698672 2.0857439
8963.9639 -0.86473453 1.1100363
8966.0264 0.20412956 0.5943166
8968.0889 0.29712978 0.47299314
8970.1572 1.6558315 0.49479985
8972.2207 0.43073395 0.52840859
8974.2891 0.31078318 0.52415383
8976.3535 0.92360395 0.50738525
8978.4238 0.26743829 0.45535871
8980.4893 0.28447506 0.45343897
8982.5557 -0.2013993 0.50089568
8984.627 0.92858905 0.53918737
8986.6934 0.51283258 0.53122145
8988.7656 0.19310871 0.71347606
8990.834 -0.3474898 1.1324614
8992.9072 -0.84802461 0.99970371
8994.9756 -0.28063601 0.64177191
8997.0449 0.36469156 0.48848516
8999.1201 1.5568639 0.50238824
9001.1904 -0.49157038 0.80611467
9003.2656 -2.3905532 1.6845455
9005.3369 0.25779676 1.7641027
9007.4131 -1.0671721 0.91845924
9009.4854 1.2757834 0.5730924
9011.5586 -0.38887528 0.48256379
9013.6357 0.93385643 0.46662214
9015.71 0.96254247 0.46702319
9017.7891 1.1724415 0.46456179
9019.8633 0.45159218 0.45876014
9021.9434 0.18300356 0.45878789
9024.0186 0.39025697 0.45527047
9026.0947 0.42653859 0.48360521
9028.1758 0.57043642 0.48813558
9030.2529 0.40971079 0.49142933
9032.335 1.0308629 0.48251778
9034.4131 0.89883673 0.48935267
9036.4971 0.99545324 0.54627103
9038.5752 0.15371954 0.69424796
9040.6543 -0.78813088 0.78927439
9042.7393 0.8283627 0.66225278
9044.8193 0.68241698 0.5765385
9046.9053 1.6318784 0.62807429
9048.9863 -0.22130992 0.66999066
9051.0732 1.5513151 0.82370955
9053.1553 0.70108759 0.88554096
9055.2383 -0.076247789 0.69766754
9057.3262 1.2449569 0.52575195
9059.4102 0.72511351 0.49536791
9061.499 0.69158989 0.51850855
9063.584 0.31466815 0.50789106
9065.6738 1.044885 0.51180416
9067.7588 1.8438039 0.52721649
9069.8506 0.40595415 0.50140393
9071.9365 1.0960184 0.51605922
9074.0234 0.38339829 0.49982458
9076.1162 1.1978185 0.48433429
9078.2041 1.0227903 0.45846307
9080.2979 1.0049483 0.47494274
9082.3867 0.59193641 0.49666068
9084.4805 1.2257359 0.52415341
9086.5703 0.38963693 0.52184284
9088.6611 0.99091518 0.53849614
9090.7568 0.11773306 0.52237225
9092.8486 0.23082542 0.57030725
9094.9453 0.11019632 0.63797706
9097.0371 0.21046913 0.59575456
9099.1348 0.99982357 0.52273482
9101.2285 0.97539848 0.54776251
9103.3223 -0.22762005 0.67656875
9105.4209 0.78380066 0.80304164
9107.5156 1.2208664 0.70940727
9109.6162 1.1498498 0.55433023
9111.7119 1.1275415 0.47864845
9113.8125 0.52665788 0.47050488
9115.9092 0.6521197 0.46766415
9118.0068 1.0653594 0.48010078
9120.1094 0.97130036 0.49847883
9122.207 0.84864181 0.51523632
9124.3105 -0.084905647 0.52387559
9126.4102 0.72973716 0.47826263
9128.5146 1.1254542 0.48330784
9130.6143 1.0593033 0.48861092
9132.7148 0.11380798 0.49292415
9134.8213 -0.041519966 0.50297153
9136.9219 1.8347912 0.53628087
9139.0293 0.24888062 0.54568505
9141.1318 0.25145215 0.53575337
9143.2393 0.74077737 0.52375442
9145.3428 1.1370246 0.52745092
9147.4473 1.0685282 0.55563039
9149.5566 1.0339661 0.58557808
9151.6611 0.44203281 0.61653602
9153.7715 0.38586178 0.70323837
9155.877 0.86651826 0.72272336
9157.9883 0.40128297 0.6233806
9160.0957 -0.2439514 0.56579995
9162.2031 0.19207086 0.61650908
9164.3154 -0.087604053 0.62861758
9166.4238 1.361957 0.60944289
9168.5371 0.13226727 0.5348441
9170.6465 0.40237442 0.52336204
9172.7617 0.27829179 0.51560956
9174.8711 0.68423671 0.52921242
9176.9824 0.9237327 0.52998871
9179.0986 0.23220566 0.51793271
9181.21 0.27471414 0.50111371
9183.3271 0.032895342 0.49829009
9185.4395 0.80806702 0.51669765
9187.5576 0.2583459 0.53534931
9189.6719 -0.35555571 0.551884
9191.7852 0.49810073 0.55630267
9193.9053 0.41744247 0.57926464
9196.0205 1.4316498 0.61484694
9198.1406 1.5212988 0.62036812
9200.2568 1.2076828 0.62366658
9202.3789 1.0163395 0.63113493
9204.4951 0.67342943 0.64483911
9206.6133 0.33413294 0.66202319
9208.7363 -0.09083356 0.6873126
9210.8545 -0.6224097 0.70915848
9212.9785 -1.0276147 0.71759737
9215.0977 -1.4882747 0.7363193
9217.2227 0.84003901 0
9219.3428 3.1684372 0.80645603
