wavelength_A,flux,error,model,mission,instrument,plate,mjd,fiberid,specobjid,run2d,programname,data_release
3825.604,-0.23801184,0.5847859,0.1257835,SDSS-SDSS,SDSS,527,52342,323,593438075762272256,26,binning 1   1,DR18
3826.4841,-0.20262982,0.5788508,0.12669615,SDSS-SDSS,SDSS,527,52342,323,593438075762272256,26,binning 1   1,DR18
3827.3665,-0.63244677,0.5613708,0.13212171,SDSS-SDSS,SDSS,527,52342,323,593438075762272256,26,binning 1   1,DR18
3828.2468,-1.7681284,0.5628147,0.12773363,SDSS-SDSS,SDSS,527,52342,323,593438075762272256,26,binning 1   1,DR18
3829.1296,0.9141275,0.614842,0.12006571,SDSS-SDSS,SDSS,527,52342,323,593438075762272256,26,binning 1   1,DR18
3830.0105,-0.086152375,0.6119778,0.12056276,SDSS-SDSS,SDSS,527,52342,323,593438075762272256,26,binning 1   1,DR18
3830.8938,-1.7067995,0.5534216,0.124709494,SDSS-SDSS,SDSS,527,52342,323,593438075762272256,26,binning 1   1,DR18
3831.7751,-2.1578922,0.55646074,0.118691914,SDSS-SDSS,SDSS,527,52342,323,593438075762272256,26,binning 1   1,DR18
3832.6565,-0.3863501,0.59147584,0.095723785,SDSS-SDSS,SDSS,527,52342,323,593438075762272256,26,binning 1   1,DR18
3833.5403,0.9655445,0.60762805,0.10201559,SDSS-SDSS,SDSS,527,52342,323,593438075762272256,26,binning 1   1,DR18
3834.4224,0.90686905,0.6262172,0.11366796,SDSS-SDSS,SDSS,527,52342,323,593438075762272256,26,binning 1   1,DR18
3835.3064,0.8784382,0.6277061,0.1049113,SDSS-SDSS,SDSS,527,52342,323,593438075762272256,26,binning 1   1,DR18
3836.1887,0.21540274,0.6060441,0.10283399,SDSS-SDSS,SDSS,527,52342,323,593438075762272256,26,binning 1   1,DR18
3837.0735,-1.1591327,0.5970624,0.1122278,SDSS-SDSS,SDSS,527,52342,323,593438075762272256,26,binning 1   1,DR18
3837.956,1.001361,0.6245591,0.10444775,SDSS-SDSS,SDSS,527,52342,323,593438075762272256,26,binning 1   1,DR18
3838.839,0.9723493,0.6276223,0.1090992,SDSS-SDSS,SDSS,527,52342,323,593438075762272256,26,binning 1   1,DR18
3839.7244,0.4562757,0.6101932,0.11380184,SDSS-SDSS,SDSS,527,52342,323,593438075762272256,26,binning 1   1,DR18
3840.6077,-1.0078107,0.5832289,0.106893055,SDSS-SDSS,SDSS,527,52342,323,593438075762272256,26,binning 1   1,DR18
3841.4932,-1.0954057,0.6050368,0.107565105,SDSS-SDSS,SDSS,527,52342,323,593438075762272256,26,binning 1   1,DR18
3842.377,0.48348272,0.6120299,0.100855336,SDSS-SDSS,SDSS,527,52342,323,593438075762272256,26,binning 1   1,DR18
3843.263,1.3626544,0.6197507,0.10620119,SDSS-SDSS,SDSS,527,52342,323,593438075762272256,26,binning 1   1,DR18
3844.1472,0.52326167,0.5716001,0.10773966,SDSS-SDSS,SDSS,527,52342,323,593438075762272256,26,binning 1   1,DR18
3845.0315,-0.9452064,0.52721006,0.101063296,SDSS-SDSS,SDSS,527,52342,323,593438075762272256,26,binning 1   1,DR18
3845.9182,-0.5073977,0.51713836,0.10420191,SDSS-SDSS,SDSS,527,52342,323,593438075762272256,26,binning 1   1,DR18
3846.803,-0.30592826,0.5242047,0.12520337,SDSS-SDSS,SDSS,527,52342,323,593438075762272256,26,binning 1   1,DR18
3847.69,0.24848942,0.5390897,0.10763446,SDSS-SDSS,SDSS,527,52342,323,593438075762272256,26,binning 1   1,DR18
3848.5752,0.29059142,0.5222153,0.11274892,SDSS-SDSS,SDSS,527,52342,323,593438075762272256,26,binning 1   1,DR18
3849.4626,-0.37909135,0.5101449,0.11249981,SDSS-SDSS,SDSS,527,52342,323,593438075762272256,26,binning 1   1,DR18
3850.3481,-1.1965159,0.49676457,0.113079354,SDSS-SDSS,SDSS,527,52342,323,593438075762272256,26,binning 1   1,DR18
3851.234,-1.3465332,0.5108047,0.120425336,SDSS-SDSS,SDSS,527,52342,323,593438075762272256,26,binning 1   1,DR18
3852.122,-0.6018361,0.5694177,0.10962928,SDSS-SDSS,SDSS,527,52342,323,593438075762272256,26,binning 1   1,DR18
3853.0083,-0.11837389,0.5811243,0.09807004,SDSS-SDSS,SDSS,527,52342,323,593438075762272256,26,binning 1   1,DR18
3853.8967,-0.43358576,0.5853929,0.0989143,SDSS-SDSS,SDSS,527,52342,323,593438075762272256,26,binning 1   1,DR18
3854.7832,0.3697324,0.5927112,0.12021296,SDSS-SDSS,SDSS,527,52342,323,593438075762272256,26,binning 1   1,DR18
3855.672,0.12892301,0.5893366,0.12463531,SDSS-SDSS,SDSS,527,52342,323,593438075762272256,26,binning 1   1,DR18
3856.559,-0.60697454,0.60307366,0.10480339,SDSS-SDSS,SDSS,527,52342,323,593438075762272256,26,binning 1   1,DR18
3857.4463,0.10620484,0.6255282,0.10460068,SDSS-SDSS,SDSS,527,52342,323,593438075762272256,26,binning 1   1,DR18
3858.336,0.4701381,0.5808554,0.10223804,SDSS-SDSS,SDSS,527,52342,323,593438075762272256,26,binning 1   1,DR18
3859.2234,-0.7863729,0.53573835,0.11283764,SDSS-SDSS,SDSS,527,52342,323,593438075762272256,26,binning 1   1,DR18
3860.1135,-0.5651828,0.53797686,0.11585813,SDSS-SDSS,SDSS,527,52342,323,593438075762272256,26,binning 1   1,DR18
3861.0015,-0.3007001,0.54108256,0.10987269,SDSS-SDSS,SDSS,527,52342,323,593438075762272256,26,binning 1   1,DR18
3861.8918,-0.7583803,0.5354768,0.10157956,SDSS-SDSS,SDSS,527,52342,323,593438075762272256,26,binning 1   1,DR18
3862.7803,-0.3476136,0.52762413,0.09251676,SDSS-SDSS,SDSS,527,52342,323,593438075762272256,26,binning 1   1,DR18
3863.6687,0.29291764,0.5438591,0.09543929,SDSS-SDSS,SDSS,527,52342,323,593438075762272256,26,binning 1   1,DR18
3864.5598,0.56821316,0.5263631,0.09328141,SDSS-SDSS,SDSS,527,52342,323,593438075762272256,26,binning 1   1,DR18
3865.4487,-0.15959385,0.50558114,0.11011108,SDSS-SDSS,SDSS,527,52342,323,593438075762272256,26,binning 1   1,DR18
3866.34,-0.42507404,0.5014735,0.105795994,SDSS-SDSS,SDSS,527,52342,323,593438075762272256,26,binning 1   1,DR18
3867.2297,-0.005293068,0.53072804,0.07952849,SDSS-SDSS,SDSS,527,52342,323,593438075762272256,26,binning 1   1,DR18
3868.1213,-0.6086776,0.5114619,0.100590155,SDSS-SDSS,SDSS,527,52342,323,593438075762272256,26,binning 1   1,DR18
3869.0112,-0.8973591,0.5255181,0.11553887,SDSS-SDSS,SDSS,527,52342,323,593438075762272256,26,binning 1   1,DR18
3869.9014,-0.31372923,0.52951807,0.106496535,SDSS-SDSS,SDSS,527,52342,323,593438075762272256,26,binning 1   1,DR18
3870.7937,-0.11638981,0.5291691,0.10455704,SDSS-SDSS,SDSS,527,52342,323,593438075762272256,26,binning 1   1,DR18
3871.684,-0.44402722,0.5303391,0.10389268,SDSS-SDSS,SDSS,527,52342,323,593438075762272256,26,binning 1   1,DR18
3872.577,-0.3260162,0.5101992,0.100535445,SDSS-SDSS,SDSS,527,52342,323,593438075762272256,26,binning 1   1,DR18
3873.4678,-1.1606836,0.5109298,0.11027932,SDSS-SDSS,SDSS,527,52342,323,593438075762272256,26,binning 1   1,DR18
3874.361,1.12872,0.5466213,0.101071164,SDSS-SDSS,SDSS,527,52342,323,593438075762272256,26,binning 1   1,DR18
3875.2524,0.31424183,0.54012597,0.11438535,SDSS-SDSS,SDSS,527,52342,323,593438075762272256,26,binning 1   1,DR18
3876.1438,-0.3779703,0.5228423,0.109235056,SDSS-SDSS,SDSS,527,52342,323,593438075762272256,26,binning 1   1,DR18
3877.0376,-0.16169783,0.4815008,0.08853855,SDSS-SDSS,SDSS,527,52342,323,593438075762272256,26,binning 1   1,DR18
3877.9297,-0.13200872,0.51713264,0.07342485,SDSS-SDSS,SDSS,527,52342,323,593438075762272256,26,binning 1   1,DR18
3878.8237,-0.606021,0.47033474,0.06420389,SDSS-SDSS,SDSS,527,52342,323,593438075762272256,26,binning 1   1,DR18
3879.716,-0.21896203,0.50854236,0.07099507,SDSS-SDSS,SDSS,527,52342,323,593438075762272256,26,binning 1   1,DR18
3880.6108,0.4293188,0.5048625,0.104620315,SDSS-SDSS,SDSS,527,52342,323,593438075762272256,26,binning 1   1,DR18
3881.5037,0.2786919,0.51863575,0.11384854,SDSS-SDSS,SDSS,527,52342,323,593438075762272256,26,binning 1   1,DR18
3882.3965,0.5994008,0.5029682,0.11108876,SDSS-SDSS,SDSS,527,52342,323,593438075762272256,26,binning 1   1,DR18
3883.2917,-0.29969507,0.49245307,0.110493414,SDSS-SDSS,SDSS,527,52342,323,593438075762272256,26,binning 1   1,DR18
3884.185,0.6547775,0.5049748,0.093759686,SDSS-SDSS,SDSS,527,52342,323,593438075762272256,26,binning 1   1,DR18
3885.0808,1.1476052,0.51693094,0.106535256,SDSS-SDSS,SDSS,527,52342,323,593438075762272256,26,binning 1   1,DR18
3885.9746,0.5103637,0.4978864,0.11098762,SDSS-SDSS,SDSS,527,52342,323,593438075762272256,26,binning 1   1,DR18
3886.8706,0.32702282,0.49705482,0.094869815,SDSS-SDSS,SDSS,527,52342,323,593438075762272256,26,binning 1   1,DR18
3887.765,-0.13689367,0.4639571,0.080339104,SDSS-SDSS,SDSS,527,52342,323,593438075762272256,26,binning 1   1,DR18
3888.6592,0.8708559,0.48921564,0.08506386,SDSS-SDSS,SDSS,527,52342,323,593438075762272256,26,binning 1   1,DR18
3889.556,1.1266363,0.48714274,0.09509659,SDSS-SDSS,SDSS,527,52342,323,593438075762272256,26,binning 1   1,DR18
3890.4507,-0.54873,0.46627146,0.085121445,SDSS-SDSS,SDSS,527,52342,323,593438075762272256,26,binning 1   1,DR18
3891.348,-0.3773591,0.47274098,0.09514521,SDSS-SDSS,SDSS,527,52342,323,593438075762272256,26,binning 1   1,DR18
3892.243,-0.8353023,0.46480262,0.106138304,SDSS-SDSS,SDSS,527,52342,323,593438075762272256,26,binning 1   1,DR18
3893.1406,-0.40800345,0.45482898,0.108072594,SDSS-SDSS,SDSS,527,52342,323,593438075762272256,26,binning 1   1,DR18
3894.0361,0.45567667,0.46941745,0.092903025,SDSS-SDSS,SDSS,527,52342,323,593438075762272256,26,binning 1   1,DR18
3894.934,-0.28996992,0.4647055,0.06341355,SDSS-SDSS,SDSS,527,52342,323,593438075762272256,26,binning 1   1,DR18
3895.83,-0.3894956,0.45495063,0.08873621,SDSS-SDSS,SDSS,527,52342,323,593438075762272256,26,binning 1   1,DR18
3896.7263,0.3576574,0.4810579,0.10498357,SDSS-SDSS,SDSS,527,52342,323,593438075762272256,26,binning 1   1,DR18
3897.625,-0.58058023,0.45140824,0.092898786,SDSS-SDSS,SDSS,527,52342,323,593438075762272256,26,binning 1   1,DR18
3898.5215,-1.7289977,0.42845434,0.080511786,SDSS-SDSS,SDSS,527,52342,323,593438075762272256,26,binning 1   1,DR18
3899.4207,-0.5080121,0.46845523,0.07768064,SDSS-SDSS,SDSS,527,52342,323,593438075762272256,26,binning 1   1,DR18
3900.3176,-0.117294125,0.4550288,0.06810358,SDSS-SDSS,SDSS,527,52342,323,593438075762272256,26,binning 1   1,DR18
3901.217,-1.3341777,0.45873702,0.09339308,SDSS-SDSS,SDSS,527,52342,323,593438075762272256,26,binning 1   1,DR18
3902.1145,0.76065063,0.48411337,0.0912075,SDSS-SDSS,SDSS,527,52342,323,593438075762272256,26,binning 1   1,DR18
3903.0122,-0.8864563,0.47207615,0.075916335,SDSS-SDSS,SDSS,527,52342,323,593438075762272256,26,binning 1   1,DR18
3903.912,0.52187777,0.47515497,0.07549358,SDSS-SDSS,SDSS,527,52342,323,593438075762272256,26,binning 1   1,DR18
3904.8103,0.9024623,0.47569406,0.08808924,SDSS-SDSS,SDSS,527,52342,323,593438075762272256,26,binning 1   1,DR18
3905.7107,1.2094148,0.5178732,0.08853548,SDSS-SDSS,SDSS,527,52342,323,593438075762272256,26,binning 1   1,DR18
3906.6094,0.14781491,0.50796974,0.0868744,SDSS-SDSS,SDSS,527,52342,323,593438075762272256,26,binning 1   1,DR18
3907.51,-1.2243743,0.50802284,0.077339925,SDSS-SDSS,SDSS,527,52342,323,593438075762272256,26,binning 1   1,DR18
3908.409,-1.2815627,0.48506734,0.0696661,SDSS-SDSS,SDSS,527,52342,323,593438075762272256,26,binning 1   1,DR18
3909.308,-0.682226,0.50030285,0.07905915,SDSS-SDSS,SDSS,527,52342,323,593438075762272256,26,binning 1   1,DR18
3910.2097,0.93500996,0.5039138,0.09932016,SDSS-SDSS,SDSS,527,52342,323,593438075762272256,26,binning 1   1,DR18
3911.1091,-0.10413138,0.48787487,0.10145888,SDSS-SDSS,SDSS,527,52342,323,593438075762272256,26,binning 1   1,DR18
3912.011,0.54954773,0.49139488,0.086742535,SDSS-SDSS,SDSS,527,52342,323,593438075762272256,26,binning 1   1,DR18
3912.9111,0.25155059,0.48607904,0.08829106,SDSS-SDSS,SDSS,527,52342,323,593438075762272256,26,binning 1   1,DR18
3913.8132,-0.049643815,0.48509005,0.101969235,SDSS-SDSS,SDSS,527,52342,323,593438075762272256,26,binning 1   1,DR18
3914.7136,0.49404874,0.49259418,0.09370615,SDSS-SDSS,SDSS,527,52342,323,593438075762272256,26,binning 1   1,DR18
3915.6143,-0.27087006,0.5013965,0.07113687,SDSS-SDSS,SDSS,527,52342,323,593438075762272256,26,binning 1   1,DR18
3916.517,-0.19767731,0.5055211,0.08161721,SDSS-SDSS,SDSS,527,52342,323,593438075762272256,26,binning 1   1,DR18
3917.4182,0.5070092,0.49289402,0.07786009,SDSS-SDSS,SDSS,527,52342,323,593438075762272256,26,binning 1   1,DR18
3918.3215,-0.5685325,0.48548895,0.0878651,SDSS-SDSS,SDSS,527,52342,323,593438075762272256,26,binning 1   1,DR18
3919.223,0.051428366,0.49748918,0.078222044,SDSS-SDSS,SDSS,527,52342,323,593438075762272256,26,binning 1   1,DR18
3920.1267,0.8233562,0.5102663,0.056690898,SDSS-SDSS,SDSS,527,52342,323,593438075762272256,26,binning 1   1,DR18
3921.0286,0.4985875,0.49122706,0.059740014,SDSS-SDSS,SDSS,527,52342,323,593438075762272256,26,binning 1   1,DR18
3921.9307,-0.9034863,0.45099282,0.09026518,SDSS-SDSS,SDSS,527,52342,323,593438075762272256,26,binning 1   1,DR18
3922.835,-0.13310021,0.46403342,0.0735814,SDSS-SDSS,SDSS,527,52342,323,593438075762272256,26,binning 1   1,DR18
3923.7373,0.031482972,0.4482134,0.06637405,SDSS-SDSS,SDSS,527,52342,323,593438075762272256,26,binning 1   1,DR18
3924.642,-0.36211565,0.45954812,0.07434789,SDSS-SDSS,SDSS,527,52342,323,593438075762272256,26,binning 1   1,DR18
3925.5452,-0.8401883,0.4580272,0.07424193,SDSS-SDSS,SDSS,527,52342,323,593438075762272256,26,binning 1   1,DR18
3926.4502,-0.25533524,0.47716025,0.069699705,SDSS-SDSS,SDSS,527,52342,323,593438075762272256,26,binning 1   1,DR18
3927.3535,0.33133844,0.48610917,0.08498865,SDSS-SDSS,SDSS,527,52342,323,593438075762272256,26,binning 1   1,DR18
3928.257,-0.7158936,0.4569255,0.07059594,SDSS-SDSS,SDSS,527,52342,323,593438075762272256,26,binning 1   1,DR18
3929.1628,-0.8424662,0.45115614,0.054835156,SDSS-SDSS,SDSS,527,52342,323,593438075762272256,26,binning 1   1,DR18
3930.0667,0.17748617,0.44901466,0.06909793,SDSS-SDSS,SDSS,527,52342,323,593438075762272256,26,binning 1   1,DR18
3930.9731,-0.112808354,0.43585023,0.08675928,SDSS-SDSS,SDSS,527,52342,323,593438075762272256,26,binning 1   1,DR18
3931.8774,0.99041784,0.44149843,0.09024117,SDSS-SDSS,SDSS,527,52342,323,593438075762272256,26,binning 1   1,DR18
3932.784,-0.1152862,0.42639163,0.097004876,SDSS-SDSS,SDSS,527,52342,323,593438075762272256,26,binning 1   1,DR18
3933.6887,-0.12145074,0.43008322,0.076712295,SDSS-SDSS,SDSS,527,52342,323,593438075762272256,26,binning 1   1,DR18
3934.5938,-0.6228948,0.41939116,0.09443232,SDSS-SDSS,SDSS,527,52342,323,593438075762272256,26,binning 1   1,DR18
3935.501,-0.48161414,0.4154797,0.08825783,SDSS-SDSS,SDSS,527,52342,323,593438075762272256,26,binning 1   1,DR18
3936.4062,0.69031906,0.42733943,0.07511303,SDSS-SDSS,SDSS,527,52342,323,593438075762272256,26,binning 1   1,DR18
3937.3142,0.2132366,0.42316377,0.086941406,SDSS-SDSS,SDSS,527,52342,323,593438075762272256,26,binning 1   1,DR18
3938.22,0.2918988,0.41398644,0.09711194,SDSS-SDSS,SDSS,527,52342,323,593438075762272256,26,binning 1   1,DR18
3939.128,-0.2742298,0.41539517,0.09583308,SDSS-SDSS,SDSS,527,52342,323,593438075762272256,26,binning 1   1,DR18
3940.0342,-1.1325158,0.41410682,0.08743894,SDSS-SDSS,SDSS,527,52342,323,593438075762272256,26,binning 1   1,DR18
3940.9407,-1.337915,0.4224468,0.08049432,SDSS-SDSS,SDSS,527,52342,323,593438075762272256,26,binning 1   1,DR18
3941.8494,-0.2668673,0.46247044,0.070902124,SDSS-SDSS,SDSS,527,52342,323,593438075762272256,26,binning 1   1,DR18
3942.756,-0.01393708,0.48462206,0.06463167,SDSS-SDSS,SDSS,527,52342,323,593438075762272256,26,binning 1   1,DR18
3943.6653,0.20289603,0.5030637,0.07578613,SDSS-SDSS,SDSS,527,52342,323,593438075762272256,26,binning 1   1,DR18
3944.5725,-0.078240216,0.5089575,0.07217613,SDSS-SDSS,SDSS,527,52342,323,593438075762272256,26,binning 1   1,DR18
3945.4822,0.046126653,0.50672454,0.05676521,SDSS-SDSS,SDSS,527,52342,323,593438075762272256,26,binning 1   1,DR18
3946.39,0.26708433,0.49837777,0.060570974,SDSS-SDSS,SDSS,527,52342,323,593438075762272256,26,binning 1   1,DR18
3947.2979,-0.5610715,0.46564466,0.07430475,SDSS-SDSS,SDSS,527,52342,323,593438075762272256,26,binning 1   1,DR18
3948.208,0.5991919,0.45818165,0.063779734,SDSS-SDSS,SDSS,527,52342,323,593438075762272256,26,binning 1   1,DR18
3949.1162,0.85547376,0.46381837,0.026625294,SDSS-SDSS,SDSS,527,52342,323,593438075762272256,26,binning 1   1,DR18
3950.0269,0.7380436,0.45880625,0.044494804,SDSS-SDSS,SDSS,527,52342,323,593438075762272256,26,binning 1   1,DR18
3950.9355,-0.9850043,0.42312843,0.06800556,SDSS-SDSS,SDSS,527,52342,323,593438075762272256,26,binning 1   1,DR18
3951.8467,-0.68770355,0.41191304,0.04530649,SDSS-SDSS,SDSS,527,52342,323,593438075762272256,26,binning 1   1,DR18
3952.7559,0.3128719,0.42644972,0.027866328,SDSS-SDSS,SDSS,527,52342,323,593438075762272256,26,binning 1   1,DR18
3953.665,0.7009501,0.44315875,0.043064762,SDSS-SDSS,SDSS,527,52342,323,593438075762272256,26,binning 1   1,DR18
3954.577,0.569169,0.4227713,0.04150889,SDSS-SDSS,SDSS,527,52342,323,593438075762272256,26,binning 1   1,DR18
3955.4866,0.16019078,0.4230579,0.06360318,SDSS-SDSS,SDSS,527,52342,323,593438075762272256,26,binning 1   1,DR18
3956.3987,-0.26458097,0.42549697,0.0606707,SDSS-SDSS,SDSS,527,52342,323,593438075762272256,26,binning 1   1,DR18
3957.3088,-0.15533048,0.43532687,0.03851251,SDSS-SDSS,SDSS,527,52342,323,593438075762272256,26,binning 1   1,DR18
3958.2214,0.1665566,0.42635155,0.03779866,SDSS-SDSS,SDSS,527,52342,323,593438075762272256,26,binning 1   1,DR18
3959.132,-0.056117874,0.42616636,0.06796309,SDSS-SDSS,SDSS,527,52342,323,593438075762272256,26,binning 1   1,DR18
3960.045,0.50337183,0.44432,0.0813669,SDSS-SDSS,SDSS,527,52342,323,593438075762272256,26,binning 1   1,DR18
3960.956,-0.08820555,0.45750093,0.047836658,SDSS-SDSS,SDSS,527,52342,323,593438075762272256,26,binning 1   1,DR18
3961.8672,-0.19237052,0.45558584,0.04709652,SDSS-SDSS,SDSS,527,52342,323,593438075762272256,26,binning 1   1,DR18
3962.7808,-0.0073058037,0.46276802,0.053854868,SDSS-SDSS,SDSS,527,52342,323,593438075762272256,26,binning 1   1,DR18
3963.6924,0.297718,0.45713672,0.03731598,SDSS-SDSS,SDSS,527,52342,323,593438075762272256,26,binning 1   1,DR18
3964.6064,0.42819056,0.44666967,0.009415056,SDSS-SDSS,SDSS,527,52342,323,593438075762272256,26,binning 1   1,DR18
3965.5186,0.57483476,0.45551276,0.01917615,SDSS-SDSS,SDSS,527,52342,323,593438075762272256,26,binning 1   1,DR18
3966.4329,0.4603223,0.44948813,0.08088787,SDSS-SDSS,SDSS,527,52342,323,593438075762272256,26,binning 1   1,DR18
3967.3455,-0.20251715,0.42812037,0.07580584,SDSS-SDSS,SDSS,527,52342,323,593438075762272256,26,binning 1   1,DR18
3968.258,0.34184456,0.42894837,0.047838055,SDSS-SDSS,SDSS,527,52342,323,593438075762272256,26,binning 1   1,DR18
3969.173,0.5364526,0.42972538,0.042769153,SDSS-SDSS,SDSS,527,52342,323,593438075762272256,26,binning 1   1,DR18
3970.0862,0.26272413,0.42426455,0.059817184,SDSS-SDSS,SDSS,527,52342,323,593438075762272256,26,binning 1   1,DR18
3971.0017,-0.22652726,0.4116443,0.06970735,SDSS-SDSS,SDSS,527,52342,323,593438075762272256,26,binning 1   1,DR18
3971.9153,-0.5672253,0.39513457,0.05924662,SDSS-SDSS,SDSS,527,52342,323,593438075762272256,26,binning 1   1,DR18
3972.8313,-0.3793387,0.42852277,0.029995836,SDSS-SDSS,SDSS,527,52342,323,593438075762272256,26,binning 1   1,DR18
3973.745,-0.06076627,0.4384444,0.031154415,SDSS-SDSS,SDSS,527,52342,323,593438075762272256,26,binning 1   1,DR18
3974.6592,0.41655946,0.46867383,0.034055814,SDSS-SDSS,SDSS,527,52342,323,593438075762272256,26,binning 1   1,DR18
3975.576,0.4639308,0.48196873,0.024528105,SDSS-SDSS,SDSS,527,52342,323,593438075762272256,26,binning 1   1,DR18
3976.4905,-0.0661189,0.48142046,0.045507085,SDSS-SDSS,SDSS,527,52342,323,593438075762272256,26,binning 1   1,DR18
3977.4075,0.31402558,0.47118312,0.052219745,SDSS-SDSS,SDSS,527,52342,323,593438075762272256,26,binning 1   1,DR18
3978.3225,0.3711096,0.45673838,0.05846215,SDSS-SDSS,SDSS,527,52342,323,593438075762272256,26,binning 1   1,DR18
3979.2397,-0.3526685,0.4318682,0.07708915,SDSS-SDSS,SDSS,527,52342,323,593438075762272256,26,binning 1   1,DR18
3980.1553,0.18224485,0.4350311,0.093462154,SDSS-SDSS,SDSS,527,52342,323,593438075762272256,26,binning 1   1,DR18
3981.0708,0.21244946,0.43509647,0.0907017,SDSS-SDSS,SDSS,527,52342,323,593438075762272256,26,binning 1   1,DR18
3981.9888,0.5913703,0.46017906,0.07750272,SDSS-SDSS,SDSS,527,52342,323,593438075762272256,26,binning 1   1,DR18
3982.905,-0.5441692,0.41894886,0.08078106,SDSS-SDSS,SDSS,527,52342,323,593438075762272256,26,binning 1   1,DR18
3983.8232,-0.43212306,0.42723736,0.045212623,SDSS-SDSS,SDSS,527,52342,323,593438075762272256,26,binning 1   1,DR18
3984.7397,0.40089357,0.42570612,0.037885707,SDSS-SDSS,SDSS,527,52342,323,593438075762272256,26,binning 1   1,DR18
3985.6587,0.057362355,0.41176936,0.031032994,SDSS-SDSS,SDSS,527,52342,323,593438075762272256,26,binning 1   1,DR18
3986.5757,0.080342956,0.4073691,0.009614745,SDSS-SDSS,SDSS,527,52342,323,593438075762272256,26,binning 1   1,DR18
3987.4927,-0.36306134,0.40417135,0.032948714,SDSS-SDSS,SDSS,527,52342,323,593438075762272256,26,binning 1   1,DR18
3988.412,-0.39857423,0.42025676,0.042323712,SDSS-SDSS,SDSS,527,52342,323,593438075762272256,26,binning 1   1,DR18
3989.3298,-0.012275869,0.43987185,0.036147635,SDSS-SDSS,SDSS,527,52342,323,593438075762272256,26,binning 1   1,DR18
3990.2498,0.013006211,0.44450733,0.014546096,SDSS-SDSS,SDSS,527,52342,323,593438075762272256,26,binning 1   1,DR18
3991.1677,-0.10390125,0.43166807,0.015318424,SDSS-SDSS,SDSS,527,52342,323,593438075762272256,26,binning 1   1,DR18
3992.088,-0.35903147,0.4295486,0.042901494,SDSS-SDSS,SDSS,527,52342,323,593438075762272256,26,binning 1   1,DR18
3993.0063,-0.28864157,0.42898387,0.047675006,SDSS-SDSS,SDSS,527,52342,323,593438075762272256,26,binning 1   1,DR18
3993.925,-0.26672584,0.41618392,0.04617626,SDSS-SDSS,SDSS,527,52342,323,593438075762272256,26,binning 1   1,DR18
3994.846,-0.15486996,0.40306434,0.036146343,SDSS-SDSS,SDSS,527,52342,323,593438075762272256,26,binning 1   1,DR18
3995.765,-0.0029437304,0.40121573,0.06291165,SDSS-SDSS,SDSS,527,52342,323,593438075762272256,26,binning 1   1,DR18
3996.6863,-0.24205993,0.41300967,0.101004735,SDSS-SDSS,SDSS,527,52342,323,593438075762272256,26,binning 1   1,DR18
3997.6057,-0.12381702,0.41303277,0.09764793,SDSS-SDSS,SDSS,527,52342,323,593438075762272256,26,binning 1   1,DR18
3998.5276,-0.57936746,0.41933742,0.059610687,SDSS-SDSS,SDSS,527,52342,323,593438075762272256,26,binning 1   1,DR18
3999.4475,-0.33047828,0.43629363,0.08164611,SDSS-SDSS,SDSS,527,52342,323,593438075762272256,26,binning 1   1,DR18
4000.3674,0.288207,0.4339116,0.08293666,SDSS-SDSS,SDSS,527,52342,323,593438075762272256,26,binning 1   1,DR18
4001.29,0.32722884,0.44534925,0.08824457,SDSS-SDSS,SDSS,527,52342,323,593438075762272256,26,binning 1   1,DR18
4002.2104,-0.5026676,0.42293304,0.10199206,SDSS-SDSS,SDSS,527,52342,323,593438075762272256,26,binning 1   1,DR18
4003.1333,-0.33449835,0.4139075,0.096959695,SDSS-SDSS,SDSS,527,52342,323,593438075762272256,26,binning 1   1,DR18
4004.0544,0.11610135,0.4276187,0.060220655,SDSS-SDSS,SDSS,527,52342,323,593438075762272256,26,binning 1   1,DR18
4004.9775,0.10965227,0.42348695,0.03656304,SDSS-SDSS,SDSS,527,52342,323,593438075762272256,26,binning 1   1,DR18
4005.899,0.6695255,0.4415847,0.021911751,SDSS-SDSS,SDSS,527,52342,323,593438075762272256,26,binning 1   1,DR18
4006.8206,1.1277297,0.4418463,0.037108675,SDSS-SDSS,SDSS,527,52342,323,593438075762272256,26,binning 1   1,DR18
4007.7446,-0.1958298,0.42589548,0.06483995,SDSS-SDSS,SDSS,527,52342,323,593438075762272256,26,binning 1   1,DR18
4008.6665,-0.10469271,0.43367404,0.07587802,SDSS-SDSS,SDSS,527,52342,323,593438075762272256,26,binning 1   1,DR18
4009.5908,-0.25426075,0.4393462,0.07499869,SDSS-SDSS,SDSS,527,52342,323,593438075762272256,26,binning 1   1,DR18
4010.5132,-0.02643993,0.43367708,0.10579264,SDSS-SDSS,SDSS,527,52342,323,593438075762272256,26,binning 1   1,DR18
4011.438,0.094275914,0.4309251,0.11668996,SDSS-SDSS,SDSS,527,52342,323,593438075762272256,26,binning 1   1,DR18
4012.3608,0.36299285,0.43139812,0.10173072,SDSS-SDSS,SDSS,527,52342,323,593438075762272256,26,binning 1   1,DR18
4013.284,0.15429902,0.43507788,0.10137224,SDSS-SDSS,SDSS,527,52342,323,593438075762272256,26,binning 1   1,DR18
4014.2095,-0.049390938,0.4452617,0.120988935,SDSS-SDSS,SDSS,527,52342,323,593438075762272256,26,binning 1   1,DR18
4015.1328,-0.10309519,0.45952946,0.10885437,SDSS-SDSS,SDSS,527,52342,323,593438075762272256,26,binning 1   1,DR18
4016.0588,-0.39741522,0.4506309,0.07033795,SDSS-SDSS,SDSS,527,52342,323,593438075762272256,26,binning 1   1,DR18
4016.9827,-0.038790118,0.45294115,0.0434277,SDSS-SDSS,SDSS,527,52342,323,593438075762272256,26,binning 1   1,DR18
4017.909,0.9604949,0.45705786,0.015132507,SDSS-SDSS,SDSS,527,52342,323,593438075762272256,26,binning 1   1,DR18
4018.8333,0.8820263,0.44228083,0.0010793607,SDSS-SDSS,SDSS,527,52342,323,593438075762272256,26,binning 1   1,DR18
4019.7578,-1.0122949,0.43250537,0.0070973164,SDSS-SDSS,SDSS,527,52342,323,593438075762272256,26,binning 1   1,DR18
4020.6848,-0.22314098,0.4337548,0.010037821,SDSS-SDSS,SDSS,527,52342,323,593438075762272256,26,binning 1   1,DR18
4021.6096,0.32904178,0.44249138,0.033840545,SDSS-SDSS,SDSS,527,52342,323,593438075762272256,26,binning 1   1,DR18
4022.537,0.03259268,0.44523776,0.060720127,SDSS-SDSS,SDSS,527,52342,323,593438075762272256,26,binning 1   1,DR18
4023.4624,0.21327978,0.4530671,0.07588789,SDSS-SDSS,SDSS,527,52342,323,593438075762272256,26,binning 1   1,DR18
4024.3901,0.22498976,0.458589,0.058569405,SDSS-SDSS,SDSS,527,52342,323,593438075762272256,26,binning 1   1,DR18
4025.3162,-0.37055913,0.44996378,0.018137421,SDSS-SDSS,SDSS,527,52342,323,593438075762272256,26,binning 1   1,DR18
4026.2422,-0.34725815,0.42744264,0.00499535,SDSS-SDSS,SDSS,527,52342,323,593438075762272256,26,binning 1   1,DR18
4027.1704,-0.74851453,0.39767036,0.036574107,SDSS-SDSS,SDSS,527,52342,323,593438075762272256,26,binning 1   1,DR18
4028.097,-0.36660773,0.39335552,0.06807479,SDSS-SDSS,SDSS,527,52342,323,593438075762272256,26,binning 1   1,DR18
4029.026,-0.23278238,0.41085607,0.06959533,SDSS-SDSS,SDSS,527,52342,323,593438075762272256,26,binning 1   1,DR18
4029.9526,1.109522,0.41712275,0.07737285,SDSS-SDSS,SDSS,527,52342,323,593438075762272256,26,binning 1   1,DR18
4030.882,-0.40019646,0.39400828,0.10403083,SDSS-SDSS,SDSS,527,52342,323,593438075762272256,26,binning 1   1,DR18
4031.8093,-0.6153397,0.37658143,0.10230456,SDSS-SDSS,SDSS,527,52342,323,593438075762272256,26,binning 1   1,DR18
4032.739,0.2980328,0.4037248,0.08695323,SDSS-SDSS,SDSS,527,52342,323,593438075762272256,26,binning 1   1,DR18
4033.6667,0.20054209,0.42541215,0.07731878,SDSS-SDSS,SDSS,527,52342,323,593438075762272256,26,binning 1   1,DR18
4034.5947,0.06282853,0.43429354,0.062522136,SDSS-SDSS,SDSS,527,52342,323,593438075762272256,26,binning 1   1,DR18
4035.5251,0.75261444,0.4351559,0.047462318,SDSS-SDSS,SDSS,527,52342,323,593438075762272256,26,binning 1   1,DR18
4036.4534,0.67398316,0.42676014,0.04373369,SDSS-SDSS,SDSS,527,52342,323,593438075762272256,26,binning 1   1,DR18
4037.3843,0.28459996,0.41648108,0.045969073,SDSS-SDSS,SDSS,527,52342,323,593438075762272256,26,binning 1   1,DR18
4038.313,-0.22744808,0.41271114,0.034254942,SDSS-SDSS,SDSS,527,52342,323,593438075762272256,26,binning 1   1,DR18
4039.2441,0.8272551,0.42528078,0.0784138,SDSS-SDSS,SDSS,527,52342,323,593438075762272256,26,binning 1   1,DR18
4040.1736,0.55153644,0.42544407,0.10127297,SDSS-SDSS,SDSS,527,52342,323,593438075762272256,26,binning 1   1,DR18
4041.103,0.5057092,0.41440478,0.07931016,SDSS-SDSS,SDSS,527,52342,323,593438075762272256,26,binning 1   1,DR18
4042.0347,-0.6219594,0.40145501,0.048165854,SDSS-SDSS,SDSS,527,52342,323,593438075762272256,26,binning 1   1,DR18
4042.9646,-1.0633491,0.38695604,0.04248659,SDSS-SDSS,SDSS,527,52342,323,593438075762272256,26,binning 1   1,DR18
4043.897,-0.6805187,0.39398336,0.051904548,SDSS-SDSS,SDSS,527,52342,323,593438075762272256,26,binning 1   1,DR18
4044.8271,0.007046842,0.4285214,0.06197401,SDSS-SDSS,SDSS,527,52342,323,593438075762272256,26,binning 1   1,DR18
4045.76,0.101371884,0.44836718,0.08146796,SDSS-SDSS,SDSS,527,52342,323,593438075762272256,26,binning 1   1,DR18
4046.6907,-0.95510757,0.4795408,0.097153306,SDSS-SDSS,SDSS,527,52342,323,593438075762272256,26,binning 1   1,DR18
4047.6216,0.50304955,0.4978657,0.09570611,SDSS-SDSS,SDSS,527,52342,323,593438075762272256,26,binning 1   1,DR18
4048.555,-0.9454102,0.46948627,0.087036364,SDSS-SDSS,SDSS,527,52342,323,593438075762272256,26,binning 1   1,DR18
4049.4863,-0.3909975,0.4458264,0.08797794,SDSS-SDSS,SDSS,527,52342,323,593438075762272256,26,binning 1   1,DR18
4050.4202,-0.37850022,0.43134728,0.109625384,SDSS-SDSS,SDSS,527,52342,323,593438075762272256,26,binning 1   1,DR18
4051.352,0.094241194,0.43825594,0.120029956,SDSS-SDSS,SDSS,527,52342,323,593438075762272256,26,binning 1   1,DR18
4052.2861,0.38761702,0.44992742,0.115053646,SDSS-SDSS,SDSS,527,52342,323,593438075762272256,26,binning 1   1,DR18
4053.2185,0.3535117,0.4404549,0.10102429,SDSS-SDSS,SDSS,527,52342,323,593438075762272256,26,binning 1   1,DR18
4054.151,-0.52350855,0.43393862,0.080158465,SDSS-SDSS,SDSS,527,52342,323,593438075762272256,26,binning 1   1,DR18
4055.0857,-0.68439335,0.43353936,0.08052248,SDSS-SDSS,SDSS,527,52342,323,593438075762272256,26,binning 1   1,DR18
4056.0186,-0.05721573,0.44856754,0.0785023,SDSS-SDSS,SDSS,527,52342,323,593438075762272256,26,binning 1   1,DR18
4056.9539,0.09586727,0.44439387,0.06439967,SDSS-SDSS,SDSS,527,52342,323,593438075762272256,26,binning 1   1,DR18
4057.8872,0.5230446,0.435601,0.050174523,SDSS-SDSS,SDSS,527,52342,323,593438075762272256,26,binning 1   1,DR18
4058.823,0.72322434,0.43476126,0.034477416,SDSS-SDSS,SDSS,527,52342,323,593438075762272256,26,binning 1   1,DR18
4059.7566,0.80158633,0.44241232,0.008561149,SDSS-SDSS,SDSS,527,52342,323,593438075762272256,26,binning 1   1,DR18
4060.6907,0.020558158,0.44065592,0.028088279,SDSS-SDSS,SDSS,527,52342,323,593438075762272256,26,binning 1   1,DR18
4061.627,0.017359456,0.4294923,0.05822738,SDSS-SDSS,SDSS,527,52342,323,593438075762272256,26,binning 1   1,DR18
4062.5613,1.0744506,0.42147452,0.054254923,SDSS-SDSS,SDSS,527,52342,323,593438075762272256,26,binning 1   1,DR18
4063.4983,0.25293162,0.40261182,0.04911915,SDSS-SDSS,SDSS,527,52342,323,593438075762272256,26,binning 1   1,DR18
4064.433,-0.18820289,0.4008937,0.066802636,SDSS-SDSS,SDSS,527,52342,323,593438075762272256,26,binning 1   1,DR18
4065.37,0.33956948,0.42524916,0.07491933,SDSS-SDSS,SDSS,527,52342,323,593438075762272256,26,binning 1   1,DR18
4066.3054,0.048257858,0.43461826,0.08944287,SDSS-SDSS,SDSS,527,52342,323,593438075762272256,26,binning 1   1,DR18
4067.241,0.314204,0.51212674,0.12272525,SDSS-SDSS,SDSS,527,52342,323,593438075762272256,26,binning 1   1,DR18
4068.1787,1.694443,0.54592913,0.1431174,SDSS-SDSS,SDSS,527,52342,323,593438075762272256,26,binning 1   1,DR18
4069.1147,-0.40930295,0.5105256,0.14224282,SDSS-SDSS,SDSS,527,52342,323,593438075762272256,26,binning 1   1,DR18
4070.053,-0.3020765,0.44694254,0.14327784,SDSS-SDSS,SDSS,527,52342,323,593438075762272256,26,binning 1   1,DR18
4070.9893,0.20468353,0.42616266,0.15807338,SDSS-SDSS,SDSS,527,52342,323,593438075762272256,26,binning 1   1,DR18
4071.928,0.38641387,0.41744354,0.12019276,SDSS-SDSS,SDSS,527,52342,323,593438075762272256,26,binning 1   1,DR18
4072.8647,0.6472854,0.4575985,0.08686708,SDSS-SDSS,SDSS,527,52342,323,593438075762272256,26,binning 1   1,DR18
4073.8018,-0.23593837,0.4463629,0.0801499,SDSS-SDSS,SDSS,527,52342,323,593438075762272256,26,binning 1   1,DR18
4074.7412,-0.025578115,0.45458844,0.07454859,SDSS-SDSS,SDSS,527,52342,323,593438075762272256,26,binning 1   1,DR18
4075.6787,0.5709157,0.45298794,0.05654141,SDSS-SDSS,SDSS,527,52342,323,593438075762272256,26,binning 1   1,DR18
4076.6184,0.18402098,0.44601855,0.047805995,SDSS-SDSS,SDSS,527,52342,323,593438075762272256,26,binning 1   1,DR18
4077.5562,0.43018097,0.4542047,0.046158135,SDSS-SDSS,SDSS,527,52342,323,593438075762272256,26,binning 1   1,DR18
4078.4966,0.45003602,0.4226125,0.07043273,SDSS-SDSS,SDSS,527,52342,323,593438075762272256,26,binning 1   1,DR18
4079.4348,-0.737359,0.40322965,0.09807405,SDSS-SDSS,SDSS,527,52342,323,593438075762272256,26,binning 1   1,DR18
4080.3733,0.64679456,0.4143359,0.11901526,SDSS-SDSS,SDSS,527,52342,323,593438075762272256,26,binning 1   1,DR18
4081.3142,-0.023474827,0.41303355,0.11754791,SDSS-SDSS,SDSS,527,52342,323,593438075762272256,26,binning 1   1,DR18
4082.2532,0.1605311,0.408549,0.073642544,SDSS-SDSS,SDSS,527,52342,323,593438075762272256,26,binning 1   1,DR18
4083.1943,0.6149923,0.40655562,0.037156448,SDSS-SDSS,SDSS,527,52342,323,593438075762272256,26,binning 1   1,DR18
4084.1338,1.1190528,0.41574553,0.047499683,SDSS-SDSS,SDSS,527,52342,323,593438075762272256,26,binning 1   1,DR18
4085.0757,0.114081345,0.39625728,0.04061499,SDSS-SDSS,SDSS,527,52342,323,593438075762272256,26,binning 1   1,DR18
4086.0154,-0.35373002,0.3880913,0.010032476,SDSS-SDSS,SDSS,527,52342,323,593438075762272256,26,binning 1   1,DR18
4086.9553,0.5320985,0.43364918,-0.011906564,SDSS-SDSS,SDSS,527,52342,323,593438075762272256,26,binning 1   1,DR18
4087.8977,-0.0700668,0.44802907,-0.0073907212,SDSS-SDSS,SDSS,527,52342,323,593438075762272256,26,binning 1   1,DR18
4088.8381,-1.2401631,0.44943774,0.019982992,SDSS-SDSS,SDSS,527,52342,323,593438075762272256,26,binning 1   1,DR18
4089.781,0.6181239,0.4546646,0.04548967,SDSS-SDSS,SDSS,527,52342,323,593438075762272256,26,binning 1   1,DR18
4090.722,-0.1470362,0.44135794,0.08270265,SDSS-SDSS,SDSS,527,52342,323,593438075762272256,26,binning 1   1,DR18
4091.6653,-0.19782253,0.41856635,0.10429478,SDSS-SDSS,SDSS,527,52342,323,593438075762272256,26,binning 1   1,DR18
4092.6064,0.37365127,0.3985242,0.10029732,SDSS-SDSS,SDSS,527,52342,323,593438075762272256,26,binning 1   1,DR18
4093.548,0.42146906,0.40442127,0.103746034,SDSS-SDSS,SDSS,527,52342,323,593438075762272256,26,binning 1   1,DR18
4094.492,-0.01604985,0.3942544,0.08898711,SDSS-SDSS,SDSS,527,52342,323,593438075762272256,26,binning 1   1,DR18
4095.4338,-0.3363537,0.39050317,0.074922994,SDSS-SDSS,SDSS,527,52342,323,593438075762272256,26,binning 1   1,DR18
4096.3784,0.20532933,0.3912723,0.07421731,SDSS-SDSS,SDSS,527,52342,323,593438075762272256,26,binning 1   1,DR18
4097.321,0.8401839,0.3989382,0.08525369,SDSS-SDSS,SDSS,527,52342,323,593438075762272256,26,binning 1   1,DR18
4098.2656,0.5311873,0.40239048,0.08881963,SDSS-SDSS,SDSS,527,52342,323,593438075762272256,26,binning 1   1,DR18
4099.2085,-0.52063894,0.3752843,0.07749383,SDSS-SDSS,SDSS,527,52342,323,593438075762272256,26,binning 1   1,DR18
4100.1514,-0.8919115,0.3716503,0.11234356,SDSS-SDSS,SDSS,527,52342,323,593438075762272256,26,binning 1   1,DR18
4101.0967,0.27227008,0.3832674,0.10631074,SDSS-SDSS,SDSS,527,52342,323,593438075762272256,26,binning 1   1,DR18
4102.04,0.032506693,0.38951772,0.1270403,SDSS-SDSS,SDSS,527,52342,323,593438075762272256,26,binning 1   1,DR18
4102.9863,0.9185969,0.41557664,0.16179308,SDSS-SDSS,SDSS,527,52342,323,593438075762272256,26,binning 1   1,DR18
4103.93,0.7446133,0.43011847,0.16085362,SDSS-SDSS,SDSS,527,52342,323,593438075762272256,26,binning 1   1,DR18
4104.8765,1.0687401,0.43345493,0.1254728,SDSS-SDSS,SDSS,527,52342,323,593438075762272256,26,binning 1   1,DR18
4105.821,0.23798601,0.41219074,0.0859964,SDSS-SDSS,SDSS,527,52342,323,593438075762272256,26,binning 1   1,DR18
4106.7676,0.041794006,0.3934651,0.060497474,SDSS-SDSS,SDSS,527,52342,323,593438075762272256,26,binning 1   1,DR18
4107.7124,0.23877107,0.38342822,0.07730183,SDSS-SDSS,SDSS,527,52342,323,593438075762272256,26,binning 1   1,DR18
4108.657,0.6116773,0.4008222,0.09890459,SDSS-SDSS,SDSS,527,52342,323,593438075762272256,26,binning 1   1,DR18
4109.6045,0.9957937,0.40219736,0.10632777,SDSS-SDSS,SDSS,527,52342,323,593438075762272256,26,binning 1   1,DR18
4110.5503,-0.003188708,0.39450243,0.13809788,SDSS-SDSS,SDSS,527,52342,323,593438075762272256,26,binning 1   1,DR18
4111.498,0.26685032,0.3956378,0.16502883,SDSS-SDSS,SDSS,527,52342,323,593438075762272256,26,binning 1   1,DR18
4112.444,-0.070931,0.38056886,0.15886678,SDSS-SDSS,SDSS,527,52342,323,593438075762272256,26,binning 1   1,DR18
4113.392,0.23990153,0.38009775,0.13542686,SDSS-SDSS,SDSS,527,52342,323,593438075762272256,26,binning 1   1,DR18
4114.3384,0.26955122,0.39101112,0.118792124,SDSS-SDSS,SDSS,527,52342,323,593438075762272256,26,binning 1   1,DR18
4115.285,0.25731105,0.3849621,0.12016705,SDSS-SDSS,SDSS,527,52342,323,593438075762272256,26,binning 1   1,DR18
4116.234,-0.5336264,0.36939135,0.12713927,SDSS-SDSS,SDSS,527,52342,323,593438075762272256,26,binning 1   1,DR18
4117.1807,0.08535747,0.3880846,0.11432102,SDSS-SDSS,SDSS,527,52342,323,593438075762272256,26,binning 1   1,DR18
4118.1304,0.24137573,0.38678133,0.13773726,SDSS-SDSS,SDSS,527,52342,323,593438075762272256,26,binning 1   1,DR18
4119.0776,-0.03757247,0.37469473,0.13935424,SDSS-SDSS,SDSS,527,52342,323,593438075762272256,26,binning 1   1,DR18
4120.0273,0.4831618,0.3771797,0.11963142,SDSS-SDSS,SDSS,527,52342,323,593438075762272256,26,binning 1   1,DR18
4120.975,0.116387755,0.3657467,0.11397475,SDSS-SDSS,SDSS,527,52342,323,593438075762272256,26,binning 1   1,DR18
4121.9233,-0.3636615,0.37856326,0.11951688,SDSS-SDSS,SDSS,527,52342,323,593438075762272256,26,binning 1   1,DR18
4122.874,-0.18785286,0.38561663,0.08466283,SDSS-SDSS,SDSS,527,52342,323,593438075762272256,26,binning 1   1,DR18
4123.8223,-0.52063173,0.386342,0.055356976,SDSS-SDSS,SDSS,527,52342,323,593438075762272256,26,binning 1   1,DR18
4124.7734,0.3713977,0.3985081,0.07041399,SDSS-SDSS,SDSS,527,52342,323,593438075762272256,26,binning 1   1,DR18
4125.722,-0.010653242,0.41307732,0.08234357,SDSS-SDSS,SDSS,527,52342,323,593438075762272256,26,binning 1   1,DR18
4126.6733,-0.18602794,0.40230727,0.05795315,SDSS-SDSS,SDSS,527,52342,323,593438075762272256,26,binning 1   1,DR18
4127.623,0.5638371,0.4198374,0.044692133,SDSS-SDSS,SDSS,527,52342,323,593438075762272256,26,binning 1   1,DR18
4128.5723,0.89021623,0.41278976,0.07120579,SDSS-SDSS,SDSS,527,52342,323,593438075762272256,26,binning 1   1,DR18
4129.5244,0.22336476,0.39896634,0.08646661,SDSS-SDSS,SDSS,527,52342,323,593438075762272256,26,binning 1   1,DR18
4130.4746,-0.40662724,0.38933924,0.11487454,SDSS-SDSS,SDSS,527,52342,323,593438075762272256,26,binning 1   1,DR18
4131.427,-0.16413234,0.3960265,0.13835686,SDSS-SDSS,SDSS,527,52342,323,593438075762272256,26,binning 1   1,DR18
4132.3774,0.36848304,0.40440136,0.1338156,SDSS-SDSS,SDSS,527,52342,323,593438075762272256,26,binning 1   1,DR18
4133.33,0.66911274,0.41553134,0.12373522,SDSS-SDSS,SDSS,527,52342,323,593438075762272256,26,binning 1   1,DR18
4134.2812,0.43619758,0.41277745,0.13387729,SDSS-SDSS,SDSS,527,52342,323,593438075762272256,26,binning 1   1,DR18
4135.2324,0.08811198,0.40578696,0.13184397,SDSS-SDSS,SDSS,527,52342,323,593438075762272256,26,binning 1   1,DR18
4136.1855,0.41992396,0.40641728,0.13649009,SDSS-SDSS,SDSS,527,52342,323,593438075762272256,26,binning 1   1,DR18
4137.137,-0.27685907,0.3923784,0.13832854,SDSS-SDSS,SDSS,527,52342,323,593438075762272256,26,binning 1   1,DR18
4138.0913,-0.23489703,0.38525787,0.13460214,SDSS-SDSS,SDSS,527,52342,323,593438075762272256,26,binning 1   1,DR18
4139.0435,0.39076978,0.4030021,0.14596398,SDSS-SDSS,SDSS,527,52342,323,593438075762272256,26,binning 1   1,DR18
4139.9976,-0.01675046,0.38354653,0.14205392,SDSS-SDSS,SDSS,527,52342,323,593438075762272256,26,binning 1   1,DR18
4140.95,-0.14263532,0.39843082,0.16347012,SDSS-SDSS,SDSS,527,52342,323,593438075762272256,26,binning 1   1,DR18
4141.903,-0.3172179,0.40525496,0.17408556,SDSS-SDSS,SDSS,527,52342,323,593438075762272256,26,binning 1   1,DR18
4142.858,-0.17133522,0.40763733,0.1572353,SDSS-SDSS,SDSS,527,52342,323,593438075762272256,26,binning 1   1,DR18
4143.811,1.8814465,0.4194859,0.142512,SDSS-SDSS,SDSS,527,52342,323,593438075762272256,26,binning 1   1,DR18
4144.7666,0.8660685,0.4478072,0.16599329,SDSS-SDSS,SDSS,527,52342,323,593438075762272256,26,binning 1   1,DR18
4145.72,0.95238113,0.46988538,0.18286489,SDSS-SDSS,SDSS,527,52342,323,593438075762272256,26,binning 1   1,DR18
4146.676,0.40072355,0.42182547,0.21299495,SDSS-SDSS,SDSS,527,52342,323,593438075762272256,26,binning 1   1,DR18
4147.63,-0.39890873,0.39934748,0.21470587,SDSS-SDSS,SDSS,527,52342,323,593438075762272256,26,binning 1   1,DR18
4148.584,1.0489594,0.40801483,0.2032266,SDSS-SDSS,SDSS,527,52342,323,593438075762272256,26,binning 1   1,DR18
4149.5405,0.78886616,0.392103,0.20726535,SDSS-SDSS,SDSS,527,52342,323,593438075762272256,26,binning 1   1,DR18
4150.495,-0.40913117,0.3552722,0.20773481,SDSS-SDSS,SDSS,527,52342,323,593438075762272256,26,binning 1   1,DR18
4151.4526,0.18934429,0.3794839,0.1699511,SDSS-SDSS,SDSS,527,52342,323,593438075762272256,26,binning 1   1,DR18
4152.407,0.36464664,0.40986216,0.17598924,SDSS-SDSS,SDSS,527,52342,323,593438075762272256,26,binning 1   1,DR18
4153.3647,-0.19040911,0.4147568,0.14003067,SDSS-SDSS,SDSS,527,52342,323,593438075762272256,26,binning 1   1,DR18
4154.3203,0.8703312,0.4317227,0.07830338,SDSS-SDSS,SDSS,527,52342,323,593438075762272256,26,binning 1   1,DR18
4155.2764,-0.00095871603,0.4022884,0.06059641,SDSS-SDSS,SDSS,527,52342,323,593438075762272256,26,binning 1   1,DR18
4156.2344,1.0312275,0.5908081,0.092646115,SDSS-SDSS,SDSS,527,52342,323,593438075762272256,26,binning 1   1,DR18
4157.1904,2.4019527,0.6046164,0.10720262,SDSS-SDSS,SDSS,527,52342,323,593438075762272256,26,binning 1   1,DR18
4158.149,0.27595678,0.40615883,0.12546387,SDSS-SDSS,SDSS,527,52342,323,593438075762272256,26,binning 1   1,DR18
4159.1055,0.5335617,0.39770678,0.12975433,SDSS-SDSS,SDSS,527,52342,323,593438075762272256,26,binning 1   1,DR18
4160.065,0.28328758,0.38886553,0.12573229,SDSS-SDSS,SDSS,527,52342,323,593438075762272256,26,binning 1   1,DR18
4161.022,0.8096306,0.38622168,0.11804382,SDSS-SDSS,SDSS,527,52342,323,593438075762272256,26,binning 1   1,DR18
4161.979,0.60460466,0.38817972,0.10024738,SDSS-SDSS,SDSS,527,52342,323,593438075762272256,26,binning 1   1,DR18
4162.939,-0.54627407,0.3879786,0.11526578,SDSS-SDSS,SDSS,527,52342,323,593438075762272256,26,binning 1   1,DR18
4163.8965,-0.15697359,0.40316018,0.14607997,SDSS-SDSS,SDSS,527,52342,323,593438075762272256,26,binning 1   1,DR18
4164.8564,0.7378874,0.4312446,0.15138535,SDSS-SDSS,SDSS,527,52342,323,593438075762272256,26,binning 1   1,DR18
4165.815,0.3687371,0.4319158,0.15350161,SDSS-SDSS,SDSS,527,52342,323,593438075762272256,26,binning 1   1,DR18
4166.7754,0.7003611,0.4146365,0.1624271,SDSS-SDSS,SDSS,527,52342,323,593438075762272256,26,binning 1   1,DR18
4167.734,0.5486821,0.39887908,0.14369002,SDSS-SDSS,SDSS,527,52342,323,593438075762272256,26,binning 1   1,DR18
4168.693,-0.7045152,0.38664705,0.13930471,SDSS-SDSS,SDSS,527,52342,323,593438075762272256,26,binning 1   1,DR18
4169.654,-0.15044776,0.40058336,0.14304781,SDSS-SDSS,SDSS,527,52342,323,593438075762272256,26,binning 1   1,DR18
4170.6133,0.6471033,0.41411698,0.17268142,SDSS-SDSS,SDSS,527,52342,323,593438075762272256,26,binning 1   1,DR18
4171.575,-0.48249644,0.38901836,0.20302938,SDSS-SDSS,SDSS,527,52342,323,593438075762272256,26,binning 1   1,DR18
4172.5347,-0.079408735,0.3906989,0.19001108,SDSS-SDSS,SDSS,527,52342,323,593438075762272256,26,binning 1   1,DR18
4173.497,0.88171774,0.40657675,0.123146676,SDSS-SDSS,SDSS,527,52342,323,593438075762272256,26,binning 1   1,DR18
4174.457,0.93728656,0.39487833,0.06572277,SDSS-SDSS,SDSS,527,52342,323,593438075762272256,26,binning 1   1,DR18
4175.4175,0.33517218,0.39200157,0.09494608,SDSS-SDSS,SDSS,527,52342,323,593438075762272256,26,binning 1   1,DR18
4176.38,0.030286187,0.38059223,0.13411263,SDSS-SDSS,SDSS,527,52342,323,593438075762272256,26,binning 1   1,DR18
4177.341,0.3192854,0.38713092,0.16499841,SDSS-SDSS,SDSS,527,52342,323,593438075762272256,26,binning 1   1,DR18
4178.304,0.39602786,0.383222,0.19658563,SDSS-SDSS,SDSS,527,52342,323,593438075762272256,26,binning 1   1,DR18
4179.265,0.76028794,0.3914116,0.20784274,SDSS-SDSS,SDSS,527,52342,323,593438075762272256,26,binning 1   1,DR18
4180.229,0.26750067,0.38906252,0.20401457,SDSS-SDSS,SDSS,527,52342,323,593438075762272256,26,binning 1   1,DR18
4181.191,0.42110285,0.3842733,0.20815532,SDSS-SDSS,SDSS,527,52342,323,593438075762272256,26,binning 1   1,DR18
4182.155,0.113130786,0.3812072,0.20426059,SDSS-SDSS,SDSS,527,52342,323,593438075762272256,26,binning 1   1,DR18
4183.117,-0.26859975,0.3913537,0.18646373,SDSS-SDSS,SDSS,527,52342,323,593438075762272256,26,binning 1   1,DR18
4184.0796,0.118901245,0.41765144,0.13103981,SDSS-SDSS,SDSS,527,52342,323,593438075762272256,26,binning 1   1,DR18
4185.0444,0.26628187,0.454057,0.02579841,SDSS-SDSS,SDSS,527,52342,323,593438075762272256,26,binning 1   1,DR18
4186.007,-0.18232568,0.41927457,0.0035372402,SDSS-SDSS,SDSS,527,52342,323,593438075762272256,26,binning 1   1,DR18
4186.972,0.8243586,0.39108258,0.008097537,SDSS-SDSS,SDSS,527,52342,323,593438075762272256,26,binning 1   1,DR18
4187.9355,1.7002246,0.3960827,0.05760598,SDSS-SDSS,SDSS,527,52342,323,593438075762272256,26,binning 1   1,DR18
4188.9014,-0.08833179,0.36457682,0.117480464,SDSS-SDSS,SDSS,527,52342,323,593438075762272256,26,binning 1   1,DR18
4189.8647,0.39655396,0.39443326,0.15096603,SDSS-SDSS,SDSS,527,52342,323,593438075762272256,26,binning 1   1,DR18
4190.8286,0.5839833,0.43130907,0.16125904,SDSS-SDSS,SDSS,527,52342,323,593438075762272256,26,binning 1   1,DR18
4191.795,0.5015803,0.41970286,0.11157234,SDSS-SDSS,SDSS,527,52342,323,593438075762272256,26,binning 1   1,DR18
4192.7593,0.16779402,0.39016256,0.047909692,SDSS-SDSS,SDSS,527,52342,323,593438075762272256,26,binning 1   1,DR18
4193.726,0.53354055,0.3822192,0.040268365,SDSS-SDSS,SDSS,527,52342,323,593438075762272256,26,binning 1   1,DR18
4194.691,-0.033185158,0.367216,0.07749225,SDSS-SDSS,SDSS,527,52342,323,593438075762272256,26,binning 1   1,DR18
4195.658,0.1307101,0.36984318,0.111420736,SDSS-SDSS,SDSS,527,52342,323,593438075762272256,26,binning 1   1,DR18
4196.6235,0.30580112,0.4130807,0.119322576,SDSS-SDSS,SDSS,527,52342,323,593438075762272256,26,binning 1   1,DR18
4197.589,-0.16025366,0.45245758,0.12014342,SDSS-SDSS,SDSS,527,52342,323,593438075762272256,26,binning 1   1,DR18
4198.557,0.17395122,0.46285933,0.1302953,SDSS-SDSS,SDSS,527,52342,323,593438075762272256,26,binning 1   1,DR18
4199.523,0.918533,0.45647448,0.15569529,SDSS-SDSS,SDSS,527,52342,323,593438075762272256,26,binning 1   1,DR18
4200.491,0.33688822,0.41150227,0.15422237,SDSS-SDSS,SDSS,527,52342,323,593438075762272256,26,binning 1   1,DR18
4201.4575,-0.21165976,0.39334774,0.14494894,SDSS-SDSS,SDSS,527,52342,323,593438075762272256,26,binning 1   1,DR18
4202.4263,0.8994672,0.38466838,0.20610693,SDSS-SDSS,SDSS,527,52342,323,593438075762272256,26,binning 1   1,DR18
4203.393,0.63258284,0.37223998,0.2252932,SDSS-SDSS,SDSS,527,52342,323,593438075762272256,26,binning 1   1,DR18
4204.36,0.3886292,0.36482975,0.19533901,SDSS-SDSS,SDSS,527,52342,323,593438075762272256,26,binning 1   1,DR18
4205.3296,0.13764524,0.34565175,0.142823,SDSS-SDSS,SDSS,527,52342,323,593438075762272256,26,binning 1   1,DR18
4206.297,-0.054758888,0.34526047,0.08678357,SDSS-SDSS,SDSS,527,52342,323,593438075762272256,26,binning 1   1,DR18
4207.267,0.025480516,0.35736835,0.050437313,SDSS-SDSS,SDSS,527,52342,323,593438075762272256,26,binning 1   1,DR18
4208.235,0.25700343,0.37439004,0.061209757,SDSS-SDSS,SDSS,527,52342,323,593438075762272256,26,binning 1   1,DR18
4209.205,0.49468705,0.3793148,0.104654975,SDSS-SDSS,SDSS,527,52342,323,593438075762272256,26,binning 1   1,DR18
4210.174,0.39650086,0.38422582,0.1573572,SDSS-SDSS,SDSS,527,52342,323,593438075762272256,26,binning 1   1,DR18
4211.142,0.22189932,0.3878613,0.16694382,SDSS-SDSS,SDSS,527,52342,323,593438075762272256,26,binning 1   1,DR18
4212.1133,0.062692046,0.3751535,0.16303465,SDSS-SDSS,SDSS,527,52342,323,593438075762272256,26,binning 1   1,DR18
4213.082,-0.5014063,0.36387837,0.17355444,SDSS-SDSS,SDSS,527,52342,323,593438075762272256,26,binning 1   1,DR18
4214.0537,0.83937013,0.38076502,0.1712735,SDSS-SDSS,SDSS,527,52342,323,593438075762272256,26,binning 1   1,DR18
4215.023,0.816169,0.38981378,0.17852277,SDSS-SDSS,SDSS,527,52342,323,593438075762272256,26,binning 1   1,DR18
4215.995,-0.07887263,0.3848405,0.1914597,SDSS-SDSS,SDSS,527,52342,323,593438075762272256,26,binning 1   1,DR18
4216.965,-0.4436187,0.3929755,0.17879276,SDSS-SDSS,SDSS,527,52342,323,593438075762272256,26,binning 1   1,DR18
4217.935,0.58332336,0.40836182,0.16551709,SDSS-SDSS,SDSS,527,52342,323,593438075762272256,26,binning 1   1,DR18
4218.9077,1.2311201,0.40968153,0.16967824,SDSS-SDSS,SDSS,527,52342,323,593438075762272256,26,binning 1   1,DR18
4219.8784,1.1819705,0.380089,0.17287628,SDSS-SDSS,SDSS,527,52342,323,593438075762272256,26,binning 1   1,DR18
4220.8516,0.84156555,0.3711908,0.20939715,SDSS-SDSS,SDSS,527,52342,323,593438075762272256,26,binning 1   1,DR18
4221.8223,0.75249064,0.36573827,0.18607387,SDSS-SDSS,SDSS,527,52342,323,593438075762272256,26,binning 1   1,DR18
4222.796,0.50991577,0.36620525,0.1533886,SDSS-SDSS,SDSS,527,52342,323,593438075762272256,26,binning 1   1,DR18
4223.7676,0.6540287,0.38929868,0.13487738,SDSS-SDSS,SDSS,527,52342,323,593438075762272256,26,binning 1   1,DR18
4224.7393,1.7083956,0.4160682,0.14433704,SDSS-SDSS,SDSS,527,52342,323,593438075762272256,26,binning 1   1,DR18
4225.7134,0.36944658,0.40345848,0.2036898,SDSS-SDSS,SDSS,527,52342,323,593438075762272256,26,binning 1   1,DR18
4226.6855,0.37243402,0.3840396,0.24429105,SDSS-SDSS,SDSS,527,52342,323,593438075762272256,26,binning 1   1,DR18
4227.66,0.17234577,0.36185828,0.26228166,SDSS-SDSS,SDSS,527,52342,323,593438075762272256,26,binning 1   1,DR18
4228.633,0.08348832,0.34905395,0.24630387,SDSS-SDSS,SDSS,527,52342,323,593438075762272256,26,binning 1   1,DR18
4229.608,-0.038133193,0.35527283,0.24176234,SDSS-SDSS,SDSS,527,52342,323,593438075762272256,26,binning 1   1,DR18
4230.5806,-0.065802544,0.35207233,0.25201344,SDSS-SDSS,SDSS,527,52342,323,593438075762272256,26,binning 1   1,DR18
4231.554,-0.27611881,0.355614,0.22008002,SDSS-SDSS,SDSS,527,52342,323,593438075762272256,26,binning 1   1,DR18
4232.53,0.2653303,0.36212152,0.22481717,SDSS-SDSS,SDSS,527,52342,323,593438075762272256,26,binning 1   1,DR18
4233.5034,0.5466567,0.36494195,0.23939791,SDSS-SDSS,SDSS,527,52342,323,593438075762272256,26,binning 1   1,DR18
4234.48,0.006298306,0.35509035,0.23259401,SDSS-SDSS,SDSS,527,52342,323,593438075762272256,26,binning 1   1,DR18
4235.454,0.194927,0.36432105,0.22664718,SDSS-SDSS,SDSS,527,52342,323,593438075762272256,26,binning 1   1,DR18
4236.4307,0.6479793,0.3714976,0.21745692,SDSS-SDSS,SDSS,527,52342,323,593438075762272256,26,binning 1   1,DR18
4237.4053,0.33652535,0.36888593,0.16350935,SDSS-SDSS,SDSS,527,52342,323,593438075762272256,26,binning 1   1,DR18
4238.38,0.8127036,0.36633572,0.14822045,SDSS-SDSS,SDSS,527,52342,323,593438075762272256,26,binning 1   1,DR18
4239.3574,0.5487741,0.35932344,0.1990262,SDSS-SDSS,SDSS,527,52342,323,593438075762272256,26,binning 1   1,DR18
4240.3325,0.4717229,0.36258656,0.22450595,SDSS-SDSS,SDSS,527,52342,323,593438075762272256,26,binning 1   1,DR18
4241.3105,0.48547682,0.36316514,0.21573605,SDSS-SDSS,SDSS,527,52342,323,593438075762272256,26,binning 1   1,DR18
4242.286,0.9966061,0.3605599,0.1982198,SDSS-SDSS,SDSS,527,52342,323,593438075762272256,26,binning 1   1,DR18
4243.264,0.5291615,0.35640523,0.17649388,SDSS-SDSS,SDSS,527,52342,323,593438075762272256,26,binning 1   1,DR18
4244.2407,0.4378064,0.35200813,0.19853698,SDSS-SDSS,SDSS,527,52342,323,593438075762272256,26,binning 1   1,DR18
4245.217,0.017667932,0.36346918,0.23353764,SDSS-SDSS,SDSS,527,52342,323,593438075762272256,26,binning 1   1,DR18
4246.196,-0.17642511,0.36021927,0.23815268,SDSS-SDSS,SDSS,527,52342,323,593438075762272256,26,binning 1   1,DR18
4247.173,0.74912995,0.38815054,0.23541524,SDSS-SDSS,SDSS,527,52342,323,593438075762272256,26,binning 1   1,DR18
4248.152,1.1557137,0.38768908,0.25125644,SDSS-SDSS,SDSS,527,52342,323,593438075762272256,26,binning 1   1,DR18
4249.1294,0.5159341,0.37725574,0.257701,SDSS-SDSS,SDSS,527,52342,323,593438075762272256,26,binning 1   1,DR18
4250.1094,-0.35192594,0.3798644,0.22220121,SDSS-SDSS,SDSS,527,52342,323,593438075762272256,26,binning 1   1,DR18
4251.087,-0.43558413,0.3973527,0.20379598,SDSS-SDSS,SDSS,527,52342,323,593438075762272256,26,binning 1   1,DR18
4252.065,0.34906587,0.41172254,0.21113127,SDSS-SDSS,SDSS,527,52342,323,593438075762272256,26,binning 1   1,DR18
4253.0454,0.5071516,0.40945825,0.24150915,SDSS-SDSS,SDSS,527,52342,323,593438075762272256,26,binning 1   1,DR18
4254.024,-0.34537816,0.36611596,0.27516434,SDSS-SDSS,SDSS,527,52342,323,593438075762272256,26,binning 1   1,DR18
4255.005,0.15745667,0.3660565,0.27754268,SDSS-SDSS,SDSS,527,52342,323,593438075762272256,26,binning 1   1,DR18
4255.9834,0.21239258,0.3564251,0.25917605,SDSS-SDSS,SDSS,527,52342,323,593438075762272256,26,binning 1   1,DR18
4256.965,0.42011005,0.35513094,0.2480203,SDSS-SDSS,SDSS,527,52342,323,593438075762272256,26,binning 1   1,DR18
4257.9443,0.8447393,0.37541443,0.2601079,SDSS-SDSS,SDSS,527,52342,323,593438075762272256,26,binning 1   1,DR18
4258.9263,1.1520936,0.37707424,0.25532946,SDSS-SDSS,SDSS,527,52342,323,593438075762272256,26,binning 1   1,DR18
4259.906,1.0736392,0.3759085,0.22150439,SDSS-SDSS,SDSS,527,52342,323,593438075762272256,26,binning 1   1,DR18
4260.8857,0.45887756,0.37279463,0.21056148,SDSS-SDSS,SDSS,527,52342,323,593438075762272256,26,binning 1   1,DR18
4261.8687,0.30974254,0.35657966,0.21658313,SDSS-SDSS,SDSS,527,52342,323,593438075762272256,26,binning 1   1,DR18
4262.849,-0.115499176,0.34820127,0.20717247,SDSS-SDSS,SDSS,527,52342,323,593438075762272256,26,binning 1   1,DR18
4263.832,0.66443616,0.3578286,0.26289254,SDSS-SDSS,SDSS,527,52342,323,593438075762272256,26,binning 1   1,DR18
4264.813,0.7915129,0.37263256,0.320574,SDSS-SDSS,SDSS,527,52342,323,593438075762272256,26,binning 1   1,DR18
4265.7964,1.2568128,0.38170505,0.31038523,SDSS-SDSS,SDSS,527,52342,323,593438075762272256,26,binning 1   1,DR18
4266.778,0.93927383,0.37646005,0.2882053,SDSS-SDSS,SDSS,527,52342,323,593438075762272256,26,binning 1   1,DR18
4267.7593,0.8706767,0.37393975,0.29752687,SDSS-SDSS,SDSS,527,52342,323,593438075762272256,26,binning 1   1,DR18
4268.743,1.087249,0.37295124,0.29379913,SDSS-SDSS,SDSS,527,52342,323,593438075762272256,26,binning 1   1,DR18
4269.7256,1.3141391,0.3820396,0.27302545,SDSS-SDSS,SDSS,527,52342,323,593438075762272256,26,binning 1   1,DR18
4270.71,1.0603873,0.36873692,0.24857059,SDSS-SDSS,SDSS,527,52342,323,593438075762272256,26,binning 1   1,DR18
4271.6924,0.67797726,0.37574604,0.22970079,SDSS-SDSS,SDSS,527,52342,323,593438075762272256,26,binning 1   1,DR18
4272.6772,0.82654387,0.37313753,0.22339797,SDSS-SDSS,SDSS,527,52342,323,593438075762272256,26,binning 1   1,DR18
4273.6606,0.8260104,0.38507894,0.25168926,SDSS-SDSS,SDSS,527,52342,323,593438075762272256,26,binning 1   1,DR18
4274.6436,0.12820902,0.36504483,0.2823043,SDSS-SDSS,SDSS,527,52342,323,593438075762272256,26,binning 1   1,DR18
4275.6294,-0.33003986,0.3581942,0.26082397,SDSS-SDSS,SDSS,527,52342,323,593438075762272256,26,binning 1   1,DR18
4276.613,-0.34214032,0.35207456,0.23896384,SDSS-SDSS,SDSS,527,52342,323,593438075762272256,26,binning 1   1,DR18
4277.599,0.019848386,0.3584611,0.25091207,SDSS-SDSS,SDSS,527,52342,323,593438075762272256,26,binning 1   1,DR18
4278.583,0.24548644,0.3645061,0.24574304,SDSS-SDSS,SDSS,527,52342,323,593438075762272256,26,binning 1   1,DR18
4279.57,0.8705376,0.37418443,0.25152597,SDSS-SDSS,SDSS,527,52342,323,593438075762272256,26,binning 1   1,DR18
4280.554,0.15585877,0.35944706,0.2504033,SDSS-SDSS,SDSS,527,52342,323,593438075762272256,26,binning 1   1,DR18
4281.539,0.74926364,0.38436735,0.1911939,SDSS-SDSS,SDSS,527,52342,323,593438075762272256,26,binning 1   1,DR18
4282.5264,0.93439806,0.40209287,0.13624974,SDSS-SDSS,SDSS,527,52342,323,593438075762272256,26,binning 1   1,DR18
4283.5117,0.024427805,0.3859611,0.14578907,SDSS-SDSS,SDSS,527,52342,323,593438075762272256,26,binning 1   1,DR18
4284.499,-0.24315992,0.38617933,0.16694888,SDSS-SDSS,SDSS,527,52342,323,593438075762272256,26,binning 1   1,DR18
4285.485,0.14436343,0.3560467,0.12240592,SDSS-SDSS,SDSS,527,52342,323,593438075762272256,26,binning 1   1,DR18
4286.473,0.5406298,0.36195755,0.11260579,SDSS-SDSS,SDSS,527,52342,323,593438075762272256,26,binning 1   1,DR18
4287.459,-0.12851629,0.35528868,0.10618859,SDSS-SDSS,SDSS,527,52342,323,593438075762272256,26,binning 1   1,DR18
4288.4453,0.13321367,0.36675382,0.11308271,SDSS-SDSS,SDSS,527,52342,323,593438075762272256,26,binning 1   1,DR18
4289.4346,0.2467856,0.3689056,0.13959293,SDSS-SDSS,SDSS,527,52342,323,593438075762272256,26,binning 1   1,DR18
4290.4214,0.6309812,0.3548485,0.15312919,SDSS-SDSS,SDSS,527,52342,323,593438075762272256,26,binning 1   1,DR18
4291.4106,0.4533898,0.34778988,0.20139095,SDSS-SDSS,SDSS,527,52342,323,593438075762272256,26,binning 1   1,DR18
4292.398,-0.0099830115,0.34702697,0.22557376,SDSS-SDSS,SDSS,527,52342,323,593438075762272256,26,binning 1   1,DR18
4293.3877,0.51496714,0.35267553,0.23057461,SDSS-SDSS,SDSS,527,52342,323,593438075762272256,26,binning 1   1,DR18
4294.3755,0.6699029,0.36641425,0.22665904,SDSS-SDSS,SDSS,527,52342,323,593438075762272256,26,binning 1   1,DR18
4295.3633,0.42400223,0.38445038,0.22693916,SDSS-SDSS,SDSS,527,52342,323,593438075762272256,26,binning 1   1,DR18
4296.3535,0.28226307,0.39488274,0.23792103,SDSS-SDSS,SDSS,527,52342,323,593438075762272256,26,binning 1   1,DR18
4297.3423,0.5741322,0.39626315,0.20853063,SDSS-SDSS,SDSS,527,52342,323,593438075762272256,26,binning 1   1,DR18
4298.333,0.9782521,0.3882016,0.18467495,SDSS-SDSS,SDSS,527,52342,323,593438075762272256,26,binning 1   1,DR18
4299.322,0.72005266,0.38004664,0.14736073,SDSS-SDSS,SDSS,527,52342,323,593438075762272256,26,binning 1   1,DR18
4300.3135,0.6224952,0.37068918,0.13719088,SDSS-SDSS,SDSS,527,52342,323,593438075762272256,26,binning 1   1,DR18
4301.3027,0.46769294,0.3606574,0.19098403,SDSS-SDSS,SDSS,527,52342,323,593438075762272256,26,binning 1   1,DR18
4302.292,0.36134762,0.34437698,0.25605518,SDSS-SDSS,SDSS,527,52342,323,593438075762272256,26,binning 1   1,DR18
4303.284,-0.36397785,0.33703667,0.23585801,SDSS-SDSS,SDSS,527,52342,323,593438075762272256,26,binning 1   1,DR18
4304.2744,-0.5013806,0.34059817,0.22497185,SDSS-SDSS,SDSS,527,52342,323,593438075762272256,26,binning 1   1,DR18
4305.2666,0.21173462,0.36342815,0.23942402,SDSS-SDSS,SDSS,527,52342,323,593438075762272256,26,binning 1   1,DR18
4306.2573,0.55113345,0.375106,0.2021476,SDSS-SDSS,SDSS,527,52342,323,593438075762272256,26,binning 1   1,DR18
4307.25,0.96755236,0.3731573,0.11891275,SDSS-SDSS,SDSS,527,52342,323,593438075762272256,26,binning 1   1,DR18
4308.241,0.61145604,0.3609118,0.11372968,SDSS-SDSS,SDSS,527,52342,323,593438075762272256,26,binning 1   1,DR18
4309.232,0.7366946,0.36933735,0.13376135,SDSS-SDSS,SDSS,527,52342,323,593438075762272256,26,binning 1   1,DR18
4310.226,0.89872587,0.36709547,0.112262286,SDSS-SDSS,SDSS,527,52342,323,593438075762272256,26,binning 1   1,DR18
4311.2173,0.18512577,0.3560181,0.122083366,SDSS-SDSS,SDSS,527,52342,323,593438075762272256,26,binning 1   1,DR18
4312.2114,0.74823654,0.3749674,0.14074105,SDSS-SDSS,SDSS,527,52342,323,593438075762272256,26,binning 1   1,DR18
4313.2036,0.44814876,0.3954339,0.15758073,SDSS-SDSS,SDSS,527,52342,323,593438075762272256,26,binning 1   1,DR18
4314.198,0.43987158,0.39974058,0.21881732,SDSS-SDSS,SDSS,527,52342,323,593438075762272256,26,binning 1   1,DR18
4315.1904,0.4975504,0.3993372,0.20029883,SDSS-SDSS,SDSS,527,52342,323,593438075762272256,26,binning 1   1,DR18
4316.1836,-0.13462996,0.3938574,0.24054694,SDSS-SDSS,SDSS,527,52342,323,593438075762272256,26,binning 1   1,DR18
4317.1787,0.6083103,0.3964394,0.2373447,SDSS-SDSS,SDSS,527,52342,323,593438075762272256,26,binning 1   1,DR18
4318.172,-0.009391413,0.3896994,0.18806565,SDSS-SDSS,SDSS,527,52342,323,593438075762272256,26,binning 1   1,DR18
4319.1675,0.46665064,0.39701873,0.1681239,SDSS-SDSS,SDSS,527,52342,323,593438075762272256,26,binning 1   1,DR18
4320.161,-0.025484096,0.38352165,0.2064047,SDSS-SDSS,SDSS,527,52342,323,593438075762272256,26,binning 1   1,DR18
4321.157,0.37750927,0.3934139,0.24569224,SDSS-SDSS,SDSS,527,52342,323,593438075762272256,26,binning 1   1,DR18
4322.1514,0.6094114,0.40343618,0.23870179,SDSS-SDSS,SDSS,527,52342,323,593438075762272256,26,binning 1   1,DR18
4323.146,0.7299112,0.39157665,0.25077063,SDSS-SDSS,SDSS,527,52342,323,593438075762272256,26,binning 1   1,DR18
4324.1426,1.0882596,0.36813948,0.25735253,SDSS-SDSS,SDSS,527,52342,323,593438075762272256,26,binning 1   1,DR18
4325.1377,-0.20822437,0.35135013,0.24303584,SDSS-SDSS,SDSS,527,52342,323,593438075762272256,26,binning 1   1,DR18
4326.135,0.26625326,0.35922822,0.27069244,SDSS-SDSS,SDSS,527,52342,323,593438075762272256,26,binning 1   1,DR18
4327.13,1.3271917,0.4032874,0.3040109,SDSS-SDSS,SDSS,527,52342,323,593438075762272256,26,binning 1   1,DR18
4328.128,0.2654999,0.4197308,0.26791465,SDSS-SDSS,SDSS,527,52342,323,593438075762272256,26,binning 1   1,DR18
4329.1235,0.073563345,0.41783398,0.23749134,SDSS-SDSS,SDSS,527,52342,323,593438075762272256,26,binning 1   1,DR18
4330.1196,0.6915412,0.40859088,0.24375692,SDSS-SDSS,SDSS,527,52342,323,593438075762272256,26,binning 1   1,DR18
4331.118,0.5673655,0.38179284,0.26709396,SDSS-SDSS,SDSS,527,52342,323,593438075762272256,26,binning 1   1,DR18
4332.1143,-0.42612615,0.35293669,0.27938408,SDSS-SDSS,SDSS,527,52342,323,593438075762272256,26,binning 1   1,DR18
4333.1133,-0.32890943,0.34757736,0.25482857,SDSS-SDSS,SDSS,527,52342,323,593438075762272256,26,binning 1   1,DR18
4334.1104,0.2517765,0.37084857,0.22595543,SDSS-SDSS,SDSS,527,52342,323,593438075762272256,26,binning 1   1,DR18
4335.11,0.2303003,0.3690258,0.18529816,SDSS-SDSS,SDSS,527,52342,323,593438075762272256,26,binning 1   1,DR18
4336.107,-0.19763161,0.3685652,0.15342198,SDSS-SDSS,SDSS,527,52342,323,593438075762272256,26,binning 1   1,DR18
4337.107,0.25487134,0.37847283,0.13109215,SDSS-SDSS,SDSS,527,52342,323,593438075762272256,26,binning 1   1,DR18
4338.1045,0.9823076,0.37107447,0.085387275,SDSS-SDSS,SDSS,527,52342,323,593438075762272256,26,binning 1   1,DR18
4339.1025,0.33263484,0.3705095,0.061730698,SDSS-SDSS,SDSS,527,52342,323,593438075762272256,26,binning 1   1,DR18
4340.103,-0.0062093227,0.35845044,0.048202805,SDSS-SDSS,SDSS,527,52342,323,593438075762272256,26,binning 1   1,DR18
4341.1016,-0.4282903,0.34704563,0.06036517,SDSS-SDSS,SDSS,527,52342,323,593438075762272256,26,binning 1   1,DR18
4342.1025,0.6894226,0.35582593,0.105469964,SDSS-SDSS,SDSS,527,52342,323,593438075762272256,26,binning 1   1,DR18
4343.1016,0.80712944,0.37008896,0.15410715,SDSS-SDSS,SDSS,527,52342,323,593438075762272256,26,binning 1   1,DR18
4344.103,0.13617451,0.39724174,0.17508192,SDSS-SDSS,SDSS,527,52342,323,593438075762272256,26,binning 1   1,DR18
4345.1025,-0.3929798,0.41096509,0.23840183,SDSS-SDSS,SDSS,527,52342,323,593438075762272256,26,binning 1   1,DR18
4346.102,-0.11893838,0.4461669,0.25627124,SDSS-SDSS,SDSS,527,52342,323,593438075762272256,26,binning 1   1,DR18
4347.104,0.41910917,0.45429957,0.28000766,SDSS-SDSS,SDSS,527,52342,323,593438075762272256,26,binning 1   1,DR18
4348.104,0.1839079,0.4500739,0.29841068,SDSS-SDSS,SDSS,527,52342,323,593438075762272256,26,binning 1   1,DR18
4349.107,0.021570086,0.43234226,0.28404343,SDSS-SDSS,SDSS,527,52342,323,593438075762272256,26,binning 1   1,DR18
4350.1074,0.042298954,0.39537817,0.25697717,SDSS-SDSS,SDSS,527,52342,323,593438075762272256,26,binning 1   1,DR18
4351.1104,0.10574681,0.37517184,0.2145349,SDSS-SDSS,SDSS,527,52342,323,593438075762272256,26,binning 1   1,DR18
4352.1113,0.41790965,0.37832302,0.22128047,SDSS-SDSS,SDSS,527,52342,323,593438075762272256,26,binning 1   1,DR18
4353.113,0.41530177,0.39608324,0.23099795,SDSS-SDSS,SDSS,527,52342,323,593438075762272256,26,binning 1   1,DR18
4354.1167,0.7684918,0.3884554,0.22807913,SDSS-SDSS,SDSS,527,52342,323,593438075762272256,26,binning 1   1,DR18
4355.118,0.8357054,0.3792355,0.23646215,SDSS-SDSS,SDSS,527,52342,323,593438075762272256,26,binning 1   1,DR18
4356.1226,1.3244684,0.38135663,0.26015225,SDSS-SDSS,SDSS,527,52342,323,593438075762272256,26,binning 1   1,DR18
4357.1245,-0.18580629,0.41294014,0.22870992,SDSS-SDSS,SDSS,527,52342,323,593438075762272256,26,binning 1   1,DR18
4358.1294,0.7312592,0.48708013,0.20575291,SDSS-SDSS,SDSS,527,52342,323,593438075762272256,26,binning 1   1,DR18
4359.132,-0.26315612,0.545873,0.24655636,SDSS-SDSS,SDSS,527,52342,323,593438075762272256,26,binning 1   1,DR18
4360.135,-0.5911779,0.54506886,0.26953465,SDSS-SDSS,SDSS,527,52342,323,593438075762272256,26,binning 1   1,DR18
4361.14,-0.060063712,0.49468657,0.2218073,SDSS-SDSS,SDSS,527,52342,323,593438075762272256,26,binning 1   1,DR18
4362.1436,0.35386434,0.45237282,0.19309317,SDSS-SDSS,SDSS,527,52342,323,593438075762272256,26,binning 1   1,DR18
4363.1494,0.53898454,0.41925934,0.23635586,SDSS-SDSS,SDSS,527,52342,323,593438075762272256,26,binning 1   1,DR18
4364.153,0.2977734,0.3915188,0.21040407,SDSS-SDSS,SDSS,527,52342,323,593438075762272256,26,binning 1   1,DR18
4365.159,0.2540797,0.37426373,0.18561134,SDSS-SDSS,SDSS,527,52342,323,593438075762272256,26,binning 1   1,DR18
4366.1636,0.7429493,0.37725452,0.16148677,SDSS-SDSS,SDSS,527,52342,323,593438075762272256,26,binning 1   1,DR18
4367.168,0.23290506,0.36302605,0.14016357,SDSS-SDSS,SDSS,527,52342,323,593438075762272256,26,binning 1   1,DR18
4368.1753,0.72521025,0.3685134,0.19044133,SDSS-SDSS,SDSS,527,52342,323,593438075762272256,26,binning 1   1,DR18
4369.18,0.21187676,0.44455114,0.24790958,SDSS-SDSS,SDSS,527,52342,323,593438075762272256,26,binning 1   1,DR18
4370.1875,-0.3394913,0.46581608,0.26553768,SDSS-SDSS,SDSS,527,52342,323,593438075762272256,26,binning 1   1,DR18
4371.193,0.7165198,0.4887407,0.24315715,SDSS-SDSS,SDSS,527,52342,323,593438075762272256,26,binning 1   1,DR18
4372.2007,-0.06935336,0.4591816,0.22522272,SDSS-SDSS,SDSS,527,52342,323,593438075762272256,26,binning 1   1,DR18
4373.2065,0.43442833,0.3615289,0.23445392,SDSS-SDSS,SDSS,527,52342,323,593438075762272256,26,binning 1   1,DR18
4374.213,1.0571098,0.36248553,0.24181835,SDSS-SDSS,SDSS,527,52342,323,593438075762272256,26,binning 1   1,DR18
4375.221,0.70932025,0.36708677,0.23626995,SDSS-SDSS,SDSS,527,52342,323,593438075762272256,26,binning 1   1,DR18
4376.228,0.624719,0.36979887,0.20787486,SDSS-SDSS,SDSS,527,52342,323,593438075762272256,26,binning 1   1,DR18
4377.237,0.43016845,0.37296337,0.16290951,SDSS-SDSS,SDSS,527,52342,323,593438075762272256,26,binning 1   1,DR18
4378.244,0.045362625,0.36149377,0.16378725,SDSS-SDSS,SDSS,527,52342,323,593438075762272256,26,binning 1   1,DR18
4379.2534,0.40501428,0.3592612,0.21977109,SDSS-SDSS,SDSS,527,52342,323,593438075762272256,26,binning 1   1,DR18
4380.261,0.28973034,0.36205736,0.235666,SDSS-SDSS,SDSS,527,52342,323,593438075762272256,26,binning 1   1,DR18
4381.2686,-0.07807714,0.3578953,0.17814301,SDSS-SDSS,SDSS,527,52342,323,593438075762272256,26,binning 1   1,DR18
4382.2793,0.6535514,0.37905344,0.12771524,SDSS-SDSS,SDSS,527,52342,323,593438075762272256,26,binning 1   1,DR18
4383.287,0.5429727,0.38055634,0.14303987,SDSS-SDSS,SDSS,527,52342,323,593438075762272256,26,binning 1   1,DR18
4384.298,0.6712728,0.37246794,0.18532346,SDSS-SDSS,SDSS,527,52342,323,593438075762272256,26,binning 1   1,DR18
4385.3066,-0.30340874,0.3691312,0.21656387,SDSS-SDSS,SDSS,527,52342,323,593438075762272256,26,binning 1   1,DR18
4386.318,0.8609238,0.4006534,0.24294534,SDSS-SDSS,SDSS,527,52342,323,593438075762272256,26,binning 1   1,DR18
4387.3267,0.2435359,0.40717202,0.2025734,SDSS-SDSS,SDSS,527,52342,323,593438075762272256,26,binning 1   1,DR18
4388.336,0.07695609,0.40357444,0.18265395,SDSS-SDSS,SDSS,527,52342,323,593438075762272256,26,binning 1   1,DR18
4389.348,-0.22566916,0.39244872,0.20086917,SDSS-SDSS,SDSS,527,52342,323,593438075762272256,26,binning 1   1,DR18
4390.358,0.19396584,0.36166242,0.23453078,SDSS-SDSS,SDSS,527,52342,323,593438075762272256,26,binning 1   1,DR18
4391.37,0.19205965,0.34441498,0.24394685,SDSS-SDSS,SDSS,527,52342,323,593438075762272256,26,binning 1   1,DR18
4392.3804,0.0048145307,0.36672908,0.21062085,SDSS-SDSS,SDSS,527,52342,323,593438075762272256,26,binning 1   1,DR18
4393.3936,0.39939508,0.3811599,0.20316264,SDSS-SDSS,SDSS,527,52342,323,593438075762272256,26,binning 1   1,DR18
4394.4043,0.1595378,0.38687003,0.17817432,SDSS-SDSS,SDSS,527,52342,323,593438075762272256,26,binning 1   1,DR18
4395.415,-0.17237486,0.36456606,0.16140507,SDSS-SDSS,SDSS,527,52342,323,593438075762272256,26,binning 1   1,DR18
4396.4287,-0.25068858,0.3595452,0.13393913,SDSS-SDSS,SDSS,527,52342,323,593438075762272256,26,binning 1   1,DR18
4397.44,0.8108852,0.37530002,0.1293343,SDSS-SDSS,SDSS,527,52342,323,593438075762272256,26,binning 1   1,DR18
4398.454,0.22274585,0.36242202,0.22327179,SDSS-SDSS,SDSS,527,52342,323,593438075762272256,26,binning 1   1,DR18
4399.466,0.3592484,0.35414004,0.23623358,SDSS-SDSS,SDSS,527,52342,323,593438075762272256,26,binning 1   1,DR18
4400.4805,0.30159354,0.36291468,0.19079788,SDSS-SDSS,SDSS,527,52342,323,593438075762272256,26,binning 1   1,DR18
4401.4927,-0.21992575,0.34940958,0.09233568,SDSS-SDSS,SDSS,527,52342,323,593438075762272256,26,binning 1   1,DR18
4402.5054,0.87550896,0.37391865,0.019247586,SDSS-SDSS,SDSS,527,52342,323,593438075762272256,26,binning 1   1,DR18
4403.5205,1.0723931,0.37905142,0.051505163,SDSS-SDSS,SDSS,527,52342,323,593438075762272256,26,binning 1   1,DR18
4404.5337,0.5622203,0.37569302,0.1575495,SDSS-SDSS,SDSS,527,52342,323,593438075762272256,26,binning 1   1,DR18
4405.5493,0.15293314,0.36030278,0.18113141,SDSS-SDSS,SDSS,527,52342,323,593438075762272256,26,binning 1   1,DR18
4406.5625,-0.15635578,0.349939,0.21966068,SDSS-SDSS,SDSS,527,52342,323,593438075762272256,26,binning 1   1,DR18
4407.5786,-0.3439812,0.3544466,0.2739202,SDSS-SDSS,SDSS,527,52342,323,593438075762272256,26,binning 1   1,DR18
4408.593,0.48175165,0.3796957,0.288814,SDSS-SDSS,SDSS,527,52342,323,593438075762272256,26,binning 1   1,DR18
4409.607,1.7876039,0.4323099,0.25211403,SDSS-SDSS,SDSS,527,52342,323,593438075762272256,26,binning 1   1,DR18
4410.624,0.6610007,0.41494292,0.22272366,SDSS-SDSS,SDSS,527,52342,323,593438075762272256,26,binning 1   1,DR18
4411.6387,0.1591443,0.37937436,0.21669477,SDSS-SDSS,SDSS,527,52342,323,593438075762272256,26,binning 1   1,DR18
4412.656,0.010673155,0.40694,0.18260309,SDSS-SDSS,SDSS,527,52342,323,593438075762272256,26,binning 1   1,DR18
4413.671,0.44618005,0.4616587,0.12808,SDSS-SDSS,SDSS,527,52342,323,593438075762272256,26,binning 1   1,DR18
4414.6885,0.43929732,0.4527845,0.05465873,SDSS-SDSS,SDSS,527,52342,323,593438075762272256,26,binning 1   1,DR18
4415.704,1.0713652,0.4124855,-0.008303849,SDSS-SDSS,SDSS,527,52342,323,593438075762272256,26,binning 1   1,DR18
4416.7227,0.44988313,0.38577893,0.006771684,SDSS-SDSS,SDSS,527,52342,323,593438075762272256,26,binning 1   1,DR18
4417.739,0.6572984,0.376923,0.08258506,SDSS-SDSS,SDSS,527,52342,323,593438075762272256,26,binning 1   1,DR18
4418.755,0.34247196,0.36822933,0.100548595,SDSS-SDSS,SDSS,527,52342,323,593438075762272256,26,binning 1   1,DR18
4419.774,-0.31408933,0.36542776,0.13519295,SDSS-SDSS,SDSS,527,52342,323,593438075762272256,26,binning 1   1,DR18
4420.7905,0.033455133,0.38750076,0.13741487,SDSS-SDSS,SDSS,527,52342,323,593438075762272256,26,binning 1   1,DR18
4421.81,0.71973467,0.3920628,0.09981521,SDSS-SDSS,SDSS,527,52342,323,593438075762272256,26,binning 1   1,DR18
4422.827,0.37277737,0.38943616,0.14536892,SDSS-SDSS,SDSS,527,52342,323,593438075762272256,26,binning 1   1,DR18
4423.847,-0.41207656,0.391193,0.17705981,SDSS-SDSS,SDSS,527,52342,323,593438075762272256,26,binning 1   1,DR18
4424.8647,-0.16018303,0.39165482,0.2052138,SDSS-SDSS,SDSS,527,52342,323,593438075762272256,26,binning 1   1,DR18
4425.883,-0.010405462,0.38954628,0.24063604,SDSS-SDSS,SDSS,527,52342,323,593438075762272256,26,binning 1   1,DR18
4426.9033,-0.6753042,0.48708436,0.25269508,SDSS-SDSS,SDSS,527,52342,323,593438075762272256,26,binning 1   1,DR18
4427.922,0.44375366,0.4597684,0.23783056,SDSS-SDSS,SDSS,527,52342,323,593438075762272256,26,binning 1   1,DR18
4428.943,0.36630774,0.36751848,0.23486756,SDSS-SDSS,SDSS,527,52342,323,593438075762272256,26,binning 1   1,DR18
4429.962,0.4691951,0.3545102,0.20998275,SDSS-SDSS,SDSS,527,52342,323,593438075762272256,26,binning 1   1,DR18
4430.9834,-0.52813363,0.34444934,0.26469338,SDSS-SDSS,SDSS,527,52342,323,593438075762272256,26,binning 1   1,DR18
4432.0024,0.0021360586,0.35084125,0.32163483,SDSS-SDSS,SDSS,527,52342,323,593438075762272256,26,binning 1   1,DR18
4433.022,-0.15999374,0.36819702,0.32075447,SDSS-SDSS,SDSS,527,52342,323,593438075762272256,26,binning 1   1,DR18
4434.0444,-0.37610298,0.37305278,0.28836718,SDSS-SDSS,SDSS,527,52342,323,593438075762272256,26,binning 1   1,DR18
4435.0645,-0.24360268,0.37464935,0.27160743,SDSS-SDSS,SDSS,527,52342,323,593438075762272256,26,binning 1   1,DR18
4436.0874,0.37375218,0.37345648,0.18116935,SDSS-SDSS,SDSS,527,52342,323,593438075762272256,26,binning 1   1,DR18
4437.108,0.946228,0.38209584,0.11700133,SDSS-SDSS,SDSS,527,52342,323,593438075762272256,26,binning 1   1,DR18
4438.131,0.492116,0.36312374,0.14296576,SDSS-SDSS,SDSS,527,52342,323,593438075762272256,26,binning 1   1,DR18
4439.152,0.11743705,0.3567199,0.2089119,SDSS-SDSS,SDSS,527,52342,323,593438075762272256,26,binning 1   1,DR18
4440.1733,0.029200515,0.4988633,0.25453943,SDSS-SDSS,SDSS,527,52342,323,593438075762272256,26,binning 1   1,DR18
4441.197,0.3689751,0.53317213,0.27070025,SDSS-SDSS,SDSS,527,52342,323,593438075762272256,26,binning 1   1,DR18
4442.2188,1.6575452,0.54060155,0.22376692,SDSS-SDSS,SDSS,527,52342,323,593438075762272256,26,binning 1   1,DR18
4443.243,0.07493401,0.48522744,0.2177029,SDSS-SDSS,SDSS,527,52342,323,593438075762272256,26,binning 1   1,DR18
4444.265,-0.12273957,0.4637492,0.22756524,SDSS-SDSS,SDSS,527,52342,323,593438075762272256,26,binning 1   1,DR18
4445.29,0.6104708,0.3580313,0.21760668,SDSS-SDSS,SDSS,527,52342,323,593438075762272256,26,binning 1   1,DR18
4446.3125,0.07225929,0.3570291,0.20898528,SDSS-SDSS,SDSS,527,52342,323,593438075762272256,26,binning 1   1,DR18
4447.3354,0.1376665,0.36601138,0.24584937,SDSS-SDSS,SDSS,527,52342,323,593438075762272256,26,binning 1   1,DR18
4448.3613,0.1335399,0.37624058,0.25635213,SDSS-SDSS,SDSS,527,52342,323,593438075762272256,26,binning 1   1,DR18
4449.3843,0.6411269,0.38296133,0.24447627,SDSS-SDSS,SDSS,527,52342,323,593438075762272256,26,binning 1   1,DR18
4450.4106,0.6042243,0.37731045,0.23785786,SDSS-SDSS,SDSS,527,52342,323,593438075762272256,26,binning 1   1,DR18
4451.434,0.0214,0.36979556,0.21742313,SDSS-SDSS,SDSS,527,52342,323,593438075762272256,26,binning 1   1,DR18
4452.461,0.05182583,0.36997014,0.18423185,SDSS-SDSS,SDSS,527,52342,323,593438075762272256,26,binning 1   1,DR18
4453.485,0.55657333,0.38583365,0.17350325,SDSS-SDSS,SDSS,527,52342,323,593438075762272256,26,binning 1   1,DR18
4454.51,0.3838401,0.38567,0.12474834,SDSS-SDSS,SDSS,527,52342,323,593438075762272256,26,binning 1   1,DR18
4455.5366,-0.83391494,0.3915498,0.13532299,SDSS-SDSS,SDSS,527,52342,323,593438075762272256,26,binning 1   1,DR18
4456.5615,0.5383919,0.40666956,0.17248923,SDSS-SDSS,SDSS,527,52342,323,593438075762272256,26,binning 1   1,DR18
4457.5894,-0.05717597,0.39341566,0.2183382,SDSS-SDSS,SDSS,527,52342,323,593438075762272256,26,binning 1   1,DR18
4458.6147,-0.018768527,0.37808198,0.25752628,SDSS-SDSS,SDSS,527,52342,323,593438075762272256,26,binning 1   1,DR18
4459.643,-0.014421768,0.359329,0.26203826,SDSS-SDSS,SDSS,527,52342,323,593438075762272256,26,binning 1   1,DR18
4460.669,-0.31605446,0.34852955,0.27664098,SDSS-SDSS,SDSS,527,52342,323,593438075762272256,26,binning 1   1,DR18
4461.6953,0.1036643,0.35183194,0.24422482,SDSS-SDSS,SDSS,527,52342,323,593438075762272256,26,binning 1   1,DR18
4462.724,0.008560707,0.35822585,0.22854762,SDSS-SDSS,SDSS,527,52342,323,593438075762272256,26,binning 1   1,DR18
4463.7505,-0.35669547,0.34395692,0.2599423,SDSS-SDSS,SDSS,527,52342,323,593438075762272256,26,binning 1   1,DR18
4464.78,0.30415753,0.35450995,0.31778827,SDSS-SDSS,SDSS,527,52342,323,593438075762272256,26,binning 1   1,DR18
4465.807,0.054481924,0.357716,0.3632193,SDSS-SDSS,SDSS,527,52342,323,593438075762272256,26,binning 1   1,DR18
4466.837,0.34682855,0.36655554,0.37320513,SDSS-SDSS,SDSS,527,52342,323,593438075762272256,26,binning 1   1,DR18
4467.8643,0.39896348,0.36651564,0.40350363,SDSS-SDSS,SDSS,527,52342,323,593438075762272256,26,binning 1   1,DR18
4468.892,0.015111726,0.37684032,0.374489,SDSS-SDSS,SDSS,527,52342,323,593438075762272256,26,binning 1   1,DR18
4469.923,0.49318072,0.38037157,0.32939222,SDSS-SDSS,SDSS,527,52342,323,593438075762272256,26,binning 1   1,DR18
4470.951,0.3714681,0.38531697,0.33075416,SDSS-SDSS,SDSS,527,52342,323,593438075762272256,26,binning 1   1,DR18
4471.982,2.2445405,0.4111048,0.34196997,SDSS-SDSS,SDSS,527,52342,323,593438075762272256,26,binning 1   1,DR18
4473.0107,-0.2949783,0.39739147,0.33671612,SDSS-SDSS,SDSS,527,52342,323,593438075762272256,26,binning 1   1,DR18
4474.0425,0.68623734,0.39495784,0.3209672,SDSS-SDSS,SDSS,527,52342,323,593438075762272256,26,binning 1   1,DR18
4475.072,-0.32076815,0.36648887,0.2993984,SDSS-SDSS,SDSS,527,52342,323,593438075762272256,26,binning 1   1,DR18
4476.101,-0.49607736,0.34344813,0.3260186,SDSS-SDSS,SDSS,527,52342,323,593438075762272256,26,binning 1   1,DR18
4477.1333,-0.23468553,0.34466708,0.36316758,SDSS-SDSS,SDSS,527,52342,323,593438075762272256,26,binning 1   1,DR18
4478.163,-0.012720936,0.33675712,0.28855142,SDSS-SDSS,SDSS,527,52342,323,593438075762272256,26,binning 1   1,DR18
4479.196,-0.32378274,0.32461634,0.2625921,SDSS-SDSS,SDSS,527,52342,323,593438075762272256,26,binning 1   1,DR18
4480.2266,0.42961532,0.33761325,0.3317487,SDSS-SDSS,SDSS,527,52342,323,593438075762272256,26,binning 1   1,DR18
4481.2593,0.46365145,0.3537951,0.39041892,SDSS-SDSS,SDSS,527,52342,323,593438075762272256,26,binning 1   1,DR18
4482.2905,-0.11360791,0.3559406,0.39177576,SDSS-SDSS,SDSS,527,52342,323,593438075762272256,26,binning 1   1,DR18
4483.3213,-0.07715594,0.37210706,0.36962476,SDSS-SDSS,SDSS,527,52342,323,593438075762272256,26,binning 1   1,DR18
4484.3555,0.07398487,0.358345,0.3678392,SDSS-SDSS,SDSS,527,52342,323,593438075762272256,26,binning 1   1,DR18
4485.387,0.014080128,0.35062903,0.33686572,SDSS-SDSS,SDSS,527,52342,323,593438075762272256,26,binning 1   1,DR18
4486.4214,0.27068302,0.33923355,0.26590064,SDSS-SDSS,SDSS,527,52342,323,593438075762272256,26,binning 1   1,DR18
4487.4536,0.510067,0.33749476,0.19408982,SDSS-SDSS,SDSS,527,52342,323,593438075762272256,26,binning 1   1,DR18
4488.4883,-0.012174542,0.33730292,0.17946933,SDSS-SDSS,SDSS,527,52342,323,593438075762272256,26,binning 1   1,DR18
4489.521,0.16003074,0.33537126,0.23408042,SDSS-SDSS,SDSS,527,52342,323,593438075762272256,26,binning 1   1,DR18
4490.5537,1.0797092,0.3363532,0.29190454,SDSS-SDSS,SDSS,527,52342,323,593438075762272256,26,binning 1   1,DR18
4491.589,0.02731898,0.3337338,0.28667805,SDSS-SDSS,SDSS,527,52342,323,593438075762272256,26,binning 1   1,DR18
4492.6226,0.82740635,0.3523822,0.27910027,SDSS-SDSS,SDSS,527,52342,323,593438075762272256,26,binning 1   1,DR18
4493.658,0.3594053,0.3559048,0.28841278,SDSS-SDSS,SDSS,527,52342,323,593438075762272256,26,binning 1   1,DR18
4494.692,0.010115246,0.35073572,0.31221008,SDSS-SDSS,SDSS,527,52342,323,593438075762272256,26,binning 1   1,DR18
4495.7285,-0.5892998,0.33658323,0.34474227,SDSS-SDSS,SDSS,527,52342,323,593438075762272256,26,binning 1   1,DR18
4496.7627,0.2432572,0.34376156,0.3570955,SDSS-SDSS,SDSS,527,52342,323,593438075762272256,26,binning 1   1,DR18
4497.8,0.49835542,0.35024953,0.2743549,SDSS-SDSS,SDSS,527,52342,323,593438075762272256,26,binning 1   1,DR18
4498.8345,0.7632668,0.3496874,0.2591929,SDSS-SDSS,SDSS,527,52342,323,593438075762272256,26,binning 1   1,DR18
4499.8696,0.20113446,0.35375628,0.25991502,SDSS-SDSS,SDSS,527,52342,323,593438075762272256,26,binning 1   1,DR18
4500.907,-0.37303454,0.3591068,0.24949811,SDSS-SDSS,SDSS,527,52342,323,593438075762272256,26,binning 1   1,DR18
4501.9424,0.4738144,0.3665692,0.26128587,SDSS-SDSS,SDSS,527,52342,323,593438075762272256,26,binning 1   1,DR18
4502.9805,-0.17943807,0.36091015,0.31210905,SDSS-SDSS,SDSS,527,52342,323,593438075762272256,26,binning 1   1,DR18
4504.0166,0.103533864,0.34902123,0.32078448,SDSS-SDSS,SDSS,527,52342,323,593438075762272256,26,binning 1   1,DR18
4505.055,0.31085777,0.3578444,0.30686018,SDSS-SDSS,SDSS,527,52342,323,593438075762272256,26,binning 1   1,DR18
4506.0913,0.8738841,0.35454282,0.30229792,SDSS-SDSS,SDSS,527,52342,323,593438075762272256,26,binning 1   1,DR18
4507.128,0.1798076,0.3580996,0.32931104,SDSS-SDSS,SDSS,527,52342,323,593438075762272256,26,binning 1   1,DR18
4508.1675,0.25878158,0.3579169,0.35294276,SDSS-SDSS,SDSS,527,52342,323,593438075762272256,26,binning 1   1,DR18
4509.2046,-0.27042446,0.3348205,0.31358635,SDSS-SDSS,SDSS,527,52342,323,593438075762272256,26,binning 1   1,DR18
4510.2446,-0.18210876,0.32931557,0.30549413,SDSS-SDSS,SDSS,527,52342,323,593438075762272256,26,binning 1   1,DR18
4511.282,-0.46688575,0.32952774,0.32340202,SDSS-SDSS,SDSS,527,52342,323,593438075762272256,26,binning 1   1,DR18
4512.3223,0.49874166,0.35116,0.33812407,SDSS-SDSS,SDSS,527,52342,323,593438075762272256,26,binning 1   1,DR18
4513.3604,0.2384077,0.35942647,0.34554118,SDSS-SDSS,SDSS,527,52342,323,593438075762272256,26,binning 1   1,DR18
4514.3984,-0.37239316,0.34337857,0.347335,SDSS-SDSS,SDSS,527,52342,323,593438075762272256,26,binning 1   1,DR18
4515.4395,0.17191769,0.34278682,0.31816277,SDSS-SDSS,SDSS,527,52342,323,593438075762272256,26,binning 1   1,DR18
4516.4785,0.2199095,0.3665041,0.21317737,SDSS-SDSS,SDSS,527,52342,323,593438075762272256,26,binning 1   1,DR18
4517.52,0.25676164,0.39059374,0.13914548,SDSS-SDSS,SDSS,527,52342,323,593438075762272256,26,binning 1   1,DR18
4518.559,0.3122759,0.40642256,0.18343379,SDSS-SDSS,SDSS,527,52342,323,593438075762272256,26,binning 1   1,DR18
4519.601,0.10157988,0.40129027,0.24779256,SDSS-SDSS,SDSS,527,52342,323,593438075762272256,26,binning 1   1,DR18
4520.6406,0.739014,0.3938931,0.23839673,SDSS-SDSS,SDSS,527,52342,323,593438075762272256,26,binning 1   1,DR18
4521.6807,-0.5540967,0.35723117,0.21127823,SDSS-SDSS,SDSS,527,52342,323,593438075762272256,26,binning 1   1,DR18
4522.7236,-0.19099103,0.35271835,0.21804053,SDSS-SDSS,SDSS,527,52342,323,593438075762272256,26,binning 1   1,DR18
4523.764,0.0813381,0.36118203,0.26033705,SDSS-SDSS,SDSS,527,52342,323,593438075762272256,26,binning 1   1,DR18
4524.807,0.46002212,0.36447477,0.30333185,SDSS-SDSS,SDSS,527,52342,323,593438075762272256,26,binning 1   1,DR18
4525.848,0.62075907,0.3651475,0.31670204,SDSS-SDSS,SDSS,527,52342,323,593438075762272256,26,binning 1   1,DR18
4526.8916,0.7540072,0.36371496,0.32183045,SDSS-SDSS,SDSS,527,52342,323,593438075762272256,26,binning 1   1,DR18
4527.933,0.3104144,0.35160467,0.3578182,SDSS-SDSS,SDSS,527,52342,323,593438075762272256,26,binning 1   1,DR18
4528.9746,0.0039903964,0.342266,0.3336127,SDSS-SDSS,SDSS,527,52342,323,593438075762272256,26,binning 1   1,DR18
4530.019,-0.36805302,0.34452438,0.34671465,SDSS-SDSS,SDSS,527,52342,323,593438075762272256,26,binning 1   1,DR18
4531.061,0.2087878,0.33459,0.3505719,SDSS-SDSS,SDSS,527,52342,323,593438075762272256,26,binning 1   1,DR18
4532.106,-0.35754344,0.3385734,0.34084192,SDSS-SDSS,SDSS,527,52342,323,593438075762272256,26,binning 1   1,DR18
4533.149,-0.2661959,0.35181108,0.34519577,SDSS-SDSS,SDSS,527,52342,323,593438075762272256,26,binning 1   1,DR18
4534.194,0.7995205,0.37703076,0.35252395,SDSS-SDSS,SDSS,527,52342,323,593438075762272256,26,binning 1   1,DR18
4535.2373,0.48823413,0.37975675,0.31220275,SDSS-SDSS,SDSS,527,52342,323,593438075762272256,26,binning 1   1,DR18
4536.2803,-0.023341717,0.3557362,0.2836718,SDSS-SDSS,SDSS,527,52342,323,593438075762272256,26,binning 1   1,DR18
4537.3267,1.13996,0.37393317,0.31671593,SDSS-SDSS,SDSS,527,52342,323,593438075762272256,26,binning 1   1,DR18
4538.37,1.0070372,0.3594644,0.33686468,SDSS-SDSS,SDSS,527,52342,323,593438075762272256,26,binning 1   1,DR18
4539.417,0.217249,0.36280003,0.3001984,SDSS-SDSS,SDSS,527,52342,323,593438075762272256,26,binning 1   1,DR18
4540.461,0.72263443,0.3698335,0.28301027,SDSS-SDSS,SDSS,527,52342,323,593438075762272256,26,binning 1   1,DR18
4541.5083,0.8096039,0.37013292,0.28625244,SDSS-SDSS,SDSS,527,52342,323,593438075762272256,26,binning 1   1,DR18
4542.5527,0.6914035,0.36126453,0.26724216,SDSS-SDSS,SDSS,527,52342,323,593438075762272256,26,binning 1   1,DR18
4543.598,0.28699672,0.34933653,0.26201627,SDSS-SDSS,SDSS,527,52342,323,593438075762272256,26,binning 1   1,DR18
4544.6455,-0.15441658,0.34130493,0.2570332,SDSS-SDSS,SDSS,527,52342,323,593438075762272256,26,binning 1   1,DR18
4545.691,0.70479953,0.34707078,0.23475485,SDSS-SDSS,SDSS,527,52342,323,593438075762272256,26,binning 1   1,DR18
4546.7393,0.122646414,0.35858953,0.23068023,SDSS-SDSS,SDSS,527,52342,323,593438075762272256,26,binning 1   1,DR18
4547.785,0.07311265,0.3745921,0.2736638,SDSS-SDSS,SDSS,527,52342,323,593438075762272256,26,binning 1   1,DR18
4548.834,0.25749162,0.3944425,0.31957448,SDSS-SDSS,SDSS,527,52342,323,593438075762272256,26,binning 1   1,DR18
4549.8804,0.3745433,0.39491364,0.32516742,SDSS-SDSS,SDSS,527,52342,323,593438075762272256,26,binning 1   1,DR18
4550.9272,0.22147606,0.3780584,0.3115239,SDSS-SDSS,SDSS,527,52342,323,593438075762272256,26,binning 1   1,DR18
4551.9766,-0.28385842,0.33965123,0.30836317,SDSS-SDSS,SDSS,527,52342,323,593438075762272256,26,binning 1   1,DR18
4553.024,0.021293906,0.33648565,0.30980432,SDSS-SDSS,SDSS,527,52342,323,593438075762272256,26,binning 1   1,DR18
4554.0737,0.3958691,0.35132375,0.31294033,SDSS-SDSS,SDSS,527,52342,323,593438075762272256,26,binning 1   1,DR18
4555.1216,-0.029571448,0.36421648,0.2842494,SDSS-SDSS,SDSS,527,52342,323,593438075762272256,26,binning 1   1,DR18
4556.172,0.6205225,0.38252932,0.2983008,SDSS-SDSS,SDSS,527,52342,323,593438075762272256,26,binning 1   1,DR18
4557.2197,0.16611165,0.35580966,0.3315961,SDSS-SDSS,SDSS,527,52342,323,593438075762272256,26,binning 1   1,DR18
4558.2686,0.29597867,0.34671858,0.33455956,SDSS-SDSS,SDSS,527,52342,323,593438075762272256,26,binning 1   1,DR18
4559.3193,0.2191351,0.35566387,0.32008502,SDSS-SDSS,SDSS,527,52342,323,593438075762272256,26,binning 1   1,DR18
4560.368,0.7919396,0.37135735,0.29235315,SDSS-SDSS,SDSS,527,52342,323,593438075762272256,26,binning 1   1,DR18
4561.42,0.7405556,0.37421474,0.26813936,SDSS-SDSS,SDSS,527,52342,323,593438075762272256,26,binning 1   1,DR18
4562.469,-0.117894806,0.37068027,0.26620024,SDSS-SDSS,SDSS,527,52342,323,593438075762272256,26,binning 1   1,DR18
4563.5215,-0.05840193,0.35742238,0.26606175,SDSS-SDSS,SDSS,527,52342,323,593438075762272256,26,binning 1   1,DR18
4564.5713,0.16271292,0.34993973,0.24591081,SDSS-SDSS,SDSS,527,52342,323,593438075762272256,26,binning 1   1,DR18
4565.621,-1.1197579,0.32222944,0.22864546,SDSS-SDSS,SDSS,527,52342,323,593438075762272256,26,binning 1   1,DR18
4566.6743,-0.24102564,0.34538615,0.27195746,SDSS-SDSS,SDSS,527,52342,323,593438075762272256,26,binning 1   1,DR18
4567.7246,0.70787364,0.37143606,0.33031794,SDSS-SDSS,SDSS,527,52342,323,593438075762272256,26,binning 1   1,DR18
4568.778,0.0026219627,0.35579738,0.35577637,SDSS-SDSS,SDSS,527,52342,323,593438075762272256,26,binning 1   1,DR18
4569.829,-0.014517066,0.35445672,0.3481528,SDSS-SDSS,SDSS,527,52342,323,593438075762272256,26,binning 1   1,DR18
4570.883,0.0650471,0.3412193,0.34174848,SDSS-SDSS,SDSS,527,52342,323,593438075762272256,26,binning 1   1,DR18
4571.934,-0.49169794,0.33457634,0.3537047,SDSS-SDSS,SDSS,527,52342,323,593438075762272256,26,binning 1   1,DR18
4572.989,0.21509495,0.33457148,0.32042554,SDSS-SDSS,SDSS,527,52342,323,593438075762272256,26,binning 1   1,DR18
4574.0405,0.83365196,0.3460253,0.31577775,SDSS-SDSS,SDSS,527,52342,323,593438075762272256,26,binning 1   1,DR18
4575.093,0.054507006,0.32378423,0.28673738,SDSS-SDSS,SDSS,527,52342,323,593438075762272256,26,binning 1   1,DR18
4576.148,-0.40698263,0.32333925,0.21381053,SDSS-SDSS,SDSS,527,52342,323,593438075762272256,26,binning 1   1,DR18
4577.2007,0.123509265,0.33353284,0.16009992,SDSS-SDSS,SDSS,527,52342,323,593438075762272256,26,binning 1   1,DR18
4578.256,1.0099614,0.35834977,0.20557849,SDSS-SDSS,SDSS,527,52342,323,593438075762272256,26,binning 1   1,DR18
4579.309,0.7684717,0.38243845,0.27252576,SDSS-SDSS,SDSS,527,52342,323,593438075762272256,26,binning 1   1,DR18
4580.365,0.1997275,0.38890642,0.27733994,SDSS-SDSS,SDSS,527,52342,323,593438075762272256,26,binning 1   1,DR18
4581.419,-0.39474732,0.38386524,0.2578935,SDSS-SDSS,SDSS,527,52342,323,593438075762272256,26,binning 1   1,DR18
4582.473,0.6541081,0.3858496,0.24572638,SDSS-SDSS,SDSS,527,52342,323,593438075762272256,26,binning 1   1,DR18
4583.53,-0.34529272,0.3749529,0.2363233,SDSS-SDSS,SDSS,527,52342,323,593438075762272256,26,binning 1   1,DR18
4584.584,0.27484518,0.3773742,0.23139615,SDSS-SDSS,SDSS,527,52342,323,593438075762272256,26,binning 1   1,DR18
4585.641,0.2537524,0.3639162,0.2977069,SDSS-SDSS,SDSS,527,52342,323,593438075762272256,26,binning 1   1,DR18
4586.6963,0.65072125,0.34721625,0.31595257,SDSS-SDSS,SDSS,527,52342,323,593438075762272256,26,binning 1   1,DR18
4587.754,0.9758311,0.3521963,0.3334773,SDSS-SDSS,SDSS,527,52342,323,593438075762272256,26,binning 1   1,DR18
4588.809,0.2827275,0.35295406,0.34605506,SDSS-SDSS,SDSS,527,52342,323,593438075762272256,26,binning 1   1,DR18
4589.8647,0.20603304,0.37163308,0.3182193,SDSS-SDSS,SDSS,527,52342,323,593438075762272256,26,binning 1   1,DR18
4590.9233,0.6886955,0.37935528,0.27298078,SDSS-SDSS,SDSS,527,52342,323,593438075762272256,26,binning 1   1,DR18
4591.9795,0.15901896,0.37060001,0.28710636,SDSS-SDSS,SDSS,527,52342,323,593438075762272256,26,binning 1   1,DR18
4593.0386,-0.25892192,0.34663472,0.29325363,SDSS-SDSS,SDSS,527,52342,323,593438075762272256,26,binning 1   1,DR18
4594.095,0.44248465,0.3461139,0.20784383,SDSS-SDSS,SDSS,527,52342,323,593438075762272256,26,binning 1   1,DR18
4595.1543,0.15631087,0.35535085,0.11973191,SDSS-SDSS,SDSS,527,52342,323,593438075762272256,26,binning 1   1,DR18
4596.2114,0.81371576,0.3494103,0.13555571,SDSS-SDSS,SDSS,527,52342,323,593438075762272256,26,binning 1   1,DR18
4597.269,0.63334084,0.32672325,0.22915795,SDSS-SDSS,SDSS,527,52342,323,593438075762272256,26,binning 1   1,DR18
4598.329,0.5666747,0.32852638,0.31296307,SDSS-SDSS,SDSS,527,52342,323,593438075762272256,26,binning 1   1,DR18
4599.3867,0.4739404,0.34178385,0.31711185,SDSS-SDSS,SDSS,527,52342,323,593438075762272256,26,binning 1   1,DR18
4600.4473,0.18356262,0.35748374,0.30387318,SDSS-SDSS,SDSS,527,52342,323,593438075762272256,26,binning 1   1,DR18
4601.506,0.7216386,0.36276495,0.3029811,SDSS-SDSS,SDSS,527,52342,323,593438075762272256,26,binning 1   1,DR18
4602.567,0.12764674,0.36553943,0.30037305,SDSS-SDSS,SDSS,527,52342,323,593438075762272256,26,binning 1   1,DR18
4603.6255,0.06469133,0.35520476,0.2795928,SDSS-SDSS,SDSS,527,52342,323,593438075762272256,26,binning 1   1,DR18
4604.6846,0.14349063,0.34557602,0.24913244,SDSS-SDSS,SDSS,527,52342,323,593438075762272256,26,binning 1   1,DR18
4605.7466,-0.20471898,0.40367267,0.23601726,SDSS-SDSS,SDSS,527,52342,323,593438075762272256,26,binning 1   1,DR18
4606.806,0.37203428,0.3501184,0.2563237,SDSS-SDSS,SDSS,527,52342,323,593438075762272256,26,binning 1   1,DR18
4607.8687,0.000673261,0.33231607,0.28458947,SDSS-SDSS,SDSS,527,52342,323,593438075762272256,26,binning 1   1,DR18
4608.9287,-0.017606515,0.33684298,0.28014874,SDSS-SDSS,SDSS,527,52342,323,593438075762272256,26,binning 1   1,DR18
4609.991,0.20262656,0.34105477,0.23687114,SDSS-SDSS,SDSS,527,52342,323,593438075762272256,26,binning 1   1,DR18
4611.052,0.15824205,0.3398311,0.2215641,SDSS-SDSS,SDSS,527,52342,323,593438075762272256,26,binning 1   1,DR18
4612.113,0.6704436,0.3334206,0.21199447,SDSS-SDSS,SDSS,527,52342,323,593438075762272256,26,binning 1   1,DR18
4613.1763,0.42925137,0.3394332,0.19215056,SDSS-SDSS,SDSS,527,52342,323,593438075762272256,26,binning 1   1,DR18
4614.2373,0.48547587,0.34321952,0.19320677,SDSS-SDSS,SDSS,527,52342,323,593438075762272256,26,binning 1   1,DR18
4615.3013,0.47973827,0.3518326,0.24673311,SDSS-SDSS,SDSS,527,52342,323,593438075762272256,26,binning 1   1,DR18
4616.3633,0.5756394,0.3657679,0.3261154,SDSS-SDSS,SDSS,527,52342,323,593438075762272256,26,binning 1   1,DR18
4617.4277,0.47073224,0.37881172,0.33628532,SDSS-SDSS,SDSS,527,52342,323,593438075762272256,26,binning 1   1,DR18
4618.4897,-0.7056848,0.35864574,0.26386917,SDSS-SDSS,SDSS,527,52342,323,593438075762272256,26,binning 1   1,DR18
4619.5522,-0.14142913,0.3365897,0.25743884,SDSS-SDSS,SDSS,527,52342,323,593438075762272256,26,binning 1   1,DR18
4620.6177,0.14781187,0.3344627,0.26526532,SDSS-SDSS,SDSS,527,52342,323,593438075762272256,26,binning 1   1,DR18
4621.6807,0.6184038,0.34185755,0.23475203,SDSS-SDSS,SDSS,527,52342,323,593438075762272256,26,binning 1   1,DR18
4622.7466,0.28638256,0.34956685,0.2722195,SDSS-SDSS,SDSS,527,52342,323,593438075762272256,26,binning 1   1,DR18
4623.8096,0.8739734,0.36182648,0.34884304,SDSS-SDSS,SDSS,527,52342,323,593438075762272256,26,binning 1   1,DR18
4624.876,-0.0032036675,0.3605873,0.35583776,SDSS-SDSS,SDSS,527,52342,323,593438075762272256,26,binning 1   1,DR18
4625.94,-0.19402604,0.35778084,0.3302338,SDSS-SDSS,SDSS,527,52342,323,593438075762272256,26,binning 1   1,DR18
4627.0044,0.4426978,0.3914651,0.30571705,SDSS-SDSS,SDSS,527,52342,323,593438075762272256,26,binning 1   1,DR18
4628.0713,0.55046177,0.38584885,0.28264016,SDSS-SDSS,SDSS,527,52342,323,593438075762272256,26,binning 1   1,DR18
4629.1357,-0.13882388,0.35032427,0.2647543,SDSS-SDSS,SDSS,527,52342,323,593438075762272256,26,binning 1   1,DR18
4630.203,-0.4223907,0.34398702,0.29232174,SDSS-SDSS,SDSS,527,52342,323,593438075762272256,26,binning 1   1,DR18
4631.2686,-0.24303807,0.34411433,0.28461817,SDSS-SDSS,SDSS,527,52342,323,593438075762272256,26,binning 1   1,DR18
4632.3364,-0.072959304,0.35566708,0.26572382,SDSS-SDSS,SDSS,527,52342,323,593438075762272256,26,binning 1   1,DR18
4633.4023,0.123981014,0.35298258,0.2787273,SDSS-SDSS,SDSS,527,52342,323,593438075762272256,26,binning 1   1,DR18
4634.468,-0.15967597,0.35186574,0.27946052,SDSS-SDSS,SDSS,527,52342,323,593438075762272256,26,binning 1   1,DR18
4635.5366,0.8611347,0.3585665,0.20851514,SDSS-SDSS,SDSS,527,52342,323,593438075762272256,26,binning 1   1,DR18
4636.603,-0.023052877,0.33944324,0.2927475,SDSS-SDSS,SDSS,527,52342,323,593438075762272256,26,binning 1   1,DR18
4637.6724,-0.086867884,0.3317317,0.35058963,SDSS-SDSS,SDSS,527,52342,323,593438075762272256,26,binning 1   1,DR18
4638.7393,0.20248514,0.3297808,0.38294172,SDSS-SDSS,SDSS,527,52342,323,593438075762272256,26,binning 1   1,DR18
4639.809,0.4992564,0.33536503,0.37694374,SDSS-SDSS,SDSS,527,52342,323,593438075762272256,26,binning 1   1,DR18
4640.8765,0.16429688,0.34643596,0.33182853,SDSS-SDSS,SDSS,527,52342,323,593438075762272256,26,binning 1   1,DR18
4641.944,-0.27640897,0.34977746,0.30920708,SDSS-SDSS,SDSS,527,52342,323,593438075762272256,26,binning 1   1,DR18
4643.014,0.09786251,0.34449118,0.31192216,SDSS-SDSS,SDSS,527,52342,323,593438075762272256,26,binning 1   1,DR18
4644.0825,0.65582484,0.33525285,0.301714,SDSS-SDSS,SDSS,527,52342,323,593438075762272256,26,binning 1   1,DR18
4645.1533,-0.10975541,0.3236678,0.3085258,SDSS-SDSS,SDSS,527,52342,323,593438075762272256,26,binning 1   1,DR18
4646.222,0.14221905,0.35430762,0.31930763,SDSS-SDSS,SDSS,527,52342,323,593438075762272256,26,binning 1   1,DR18
4647.2935,0.19313852,0.36412787,0.32246464,SDSS-SDSS,SDSS,527,52342,323,593438075762272256,26,binning 1   1,DR18
4648.3623,-0.1147548,0.35277325,0.34304336,SDSS-SDSS,SDSS,527,52342,323,593438075762272256,26,binning 1   1,DR18
4649.4316,-0.21303834,0.32360414,0.3540674,SDSS-SDSS,SDSS,527,52342,323,593438075762272256,26,binning 1   1,DR18
4650.504,0.06452294,0.3353424,0.35347122,SDSS-SDSS,SDSS,527,52342,323,593438075762272256,26,binning 1   1,DR18
4651.5737,0.3393933,0.33434513,0.38152415,SDSS-SDSS,SDSS,527,52342,323,593438075762272256,26,binning 1   1,DR18
4652.6465,-0.036517113,0.34928378,0.41466185,SDSS-SDSS,SDSS,527,52342,323,593438075762272256,26,binning 1   1,DR18
4653.717,-0.43557328,0.3512934,0.4161362,SDSS-SDSS,SDSS,527,52342,323,593438075762272256,26,binning 1   1,DR18
4654.79,-0.06690829,0.3446339,0.3966868,SDSS-SDSS,SDSS,527,52342,323,593438075762272256,26,binning 1   1,DR18
4655.861,0.22227271,0.33164665,0.3772365,SDSS-SDSS,SDSS,527,52342,323,593438075762272256,26,binning 1   1,DR18
4656.9346,0.618472,0.33922732,0.3173662,SDSS-SDSS,SDSS,527,52342,323,593438075762272256,26,binning 1   1,DR18
4658.006,-0.10621963,0.33583128,0.28505212,SDSS-SDSS,SDSS,527,52342,323,593438075762272256,26,binning 1   1,DR18
4659.077,-0.9067963,0.33816552,0.26481277,SDSS-SDSS,SDSS,527,52342,323,593438075762272256,26,binning 1   1,DR18
4660.152,0.8162616,0.3523043,0.23649605,SDSS-SDSS,SDSS,527,52342,323,593438075762272256,26,binning 1   1,DR18
4661.2236,0.26315683,0.3424448,0.24683031,SDSS-SDSS,SDSS,527,52342,323,593438075762272256,26,binning 1   1,DR18
4662.2983,-0.4198144,0.33605996,0.2691458,SDSS-SDSS,SDSS,527,52342,323,593438075762272256,26,binning 1   1,DR18
4663.371,-0.5302011,0.34427032,0.2457966,SDSS-SDSS,SDSS,527,52342,323,593438075762272256,26,binning 1   1,DR18
4664.4463,-0.15862305,0.35390022,0.22924145,SDSS-SDSS,SDSS,527,52342,323,593438075762272256,26,binning 1   1,DR18
4665.5195,-0.27433807,0.35733333,0.18384358,SDSS-SDSS,SDSS,527,52342,323,593438075762272256,26,binning 1   1,DR18
4666.593,-0.062004216,0.3496758,0.11894313,SDSS-SDSS,SDSS,527,52342,323,593438075762272256,26,binning 1   1,DR18
4667.669,0.48056912,0.35319498,0.16199175,SDSS-SDSS,SDSS,527,52342,323,593438075762272256,26,binning 1   1,DR18
4668.7427,0.83210725,0.35008803,0.27502352,SDSS-SDSS,SDSS,527,52342,323,593438075762272256,26,binning 1   1,DR18
4669.8193,0.53359336,0.35074523,0.31598443,SDSS-SDSS,SDSS,527,52342,323,593438075762272256,26,binning 1   1,DR18
4670.8936,0.7745315,0.3482197,0.31480354,SDSS-SDSS,SDSS,527,52342,323,593438075762272256,26,binning 1   1,DR18
4671.9707,0.30012357,0.34544778,0.28236553,SDSS-SDSS,SDSS,527,52342,323,593438075762272256,26,binning 1   1,DR18
4673.0454,-0.079608224,0.34823468,0.22966936,SDSS-SDSS,SDSS,527,52342,323,593438075762272256,26,binning 1   1,DR18
4674.1206,0.24228394,0.34740728,0.20847404,SDSS-SDSS,SDSS,527,52342,323,593438075762272256,26,binning 1   1,DR18
4675.198,0.12145072,0.33642223,0.22112177,SDSS-SDSS,SDSS,527,52342,323,593438075762272256,26,binning 1   1,DR18
4676.274,0.23717554,0.33573866,0.2739571,SDSS-SDSS,SDSS,527,52342,323,593438075762272256,26,binning 1   1,DR18
4677.352,0.033278756,0.34414685,0.32940325,SDSS-SDSS,SDSS,527,52342,323,593438075762272256,26,binning 1   1,DR18
4678.428,0.06654403,0.348548,0.37368467,SDSS-SDSS,SDSS,527,52342,323,593438075762272256,26,binning 1   1,DR18
4679.5073,0.030847516,0.33533913,0.41005424,SDSS-SDSS,SDSS,527,52342,323,593438075762272256,26,binning 1   1,DR18
4680.5835,0.2630931,0.34428662,0.43249425,SDSS-SDSS,SDSS,527,52342,323,593438075762272256,26,binning 1   1,DR18
4681.66,0.42576092,0.35019588,0.42342293,SDSS-SDSS,SDSS,527,52342,323,593438075762272256,26,binning 1   1,DR18
4682.7397,-0.033065245,0.35406366,0.3990902,SDSS-SDSS,SDSS,527,52342,323,593438075762272256,26,binning 1   1,DR18
4683.8174,-0.039619893,0.36427072,0.40879014,SDSS-SDSS,SDSS,527,52342,323,593438075762272256,26,binning 1   1,DR18
4684.8975,1.627821,0.44380867,0.44781363,SDSS-SDSS,SDSS,527,52342,323,593438075762272256,26,binning 1   1,DR18
4685.975,0.64938736,0.44686505,0.4555105,SDSS-SDSS,SDSS,527,52342,323,593438075762272256,26,binning 1   1,DR18
4687.0557,0.6340558,0.38224408,0.4035011,SDSS-SDSS,SDSS,527,52342,323,593438075762272256,26,binning 1   1,DR18
4688.134,-0.14014977,0.37088802,0.43858752,SDSS-SDSS,SDSS,527,52342,323,593438075762272256,26,binning 1   1,DR18
4689.2124,0.33614358,0.36701506,0.43686715,SDSS-SDSS,SDSS,527,52342,323,593438075762272256,26,binning 1   1,DR18
4690.2935,0.10081974,0.36775088,0.4060243,SDSS-SDSS,SDSS,527,52342,323,593438075762272256,26,binning 1   1,DR18
4691.3726,0.73532534,0.34780568,0.3956606,SDSS-SDSS,SDSS,527,52342,323,593438075762272256,26,binning 1   1,DR18
4692.4546,0.53681344,0.33986923,0.413937,SDSS-SDSS,SDSS,527,52342,323,593438075762272256,26,binning 1   1,DR18
4693.534,-0.28077602,0.3185502,0.41985947,SDSS-SDSS,SDSS,527,52342,323,593438075762272256,26,binning 1   1,DR18
4694.616,0.5858452,0.34411868,0.4122503,SDSS-SDSS,SDSS,527,52342,323,593438075762272256,26,binning 1   1,DR18
4695.6963,0.4754091,0.34630513,0.39266366,SDSS-SDSS,SDSS,527,52342,323,593438075762272256,26,binning 1   1,DR18
4696.7764,0.25728613,0.34130174,0.36588556,SDSS-SDSS,SDSS,527,52342,323,593438075762272256,26,binning 1   1,DR18
4697.8594,0.03732488,0.3277754,0.32446882,SDSS-SDSS,SDSS,527,52342,323,593438075762272256,26,binning 1   1,DR18
4698.9404,-0.24858668,0.3245775,0.29633147,SDSS-SDSS,SDSS,527,52342,323,593438075762272256,26,binning 1   1,DR18
4700.024,0.2455484,0.32890806,0.333536,SDSS-SDSS,SDSS,527,52342,323,593438075762272256,26,binning 1   1,DR18
4701.105,-0.25382084,0.3214802,0.3699577,SDSS-SDSS,SDSS,527,52342,323,593438075762272256,26,binning 1   1,DR18
4702.189,0.09724089,0.33314928,0.4365047,SDSS-SDSS,SDSS,527,52342,323,593438075762272256,26,binning 1   1,DR18
4703.271,-0.28828326,0.32957503,0.47727436,SDSS-SDSS,SDSS,527,52342,323,593438075762272256,26,binning 1   1,DR18
4704.353,0.35481822,0.33266157,0.4937281,SDSS-SDSS,SDSS,527,52342,323,593438075762272256,26,binning 1   1,DR18
4705.4375,0.29318318,0.33576798,0.4889159,SDSS-SDSS,SDSS,527,52342,323,593438075762272256,26,binning 1   1,DR18
4706.52,0.38823152,0.33593714,0.42916644,SDSS-SDSS,SDSS,527,52342,323,593438075762272256,26,binning 1   1,DR18
4707.6055,0.6166482,0.34060687,0.38584182,SDSS-SDSS,SDSS,527,52342,323,593438075762272256,26,binning 1   1,DR18
4708.6885,0.5854398,0.331278,0.45157522,SDSS-SDSS,SDSS,527,52342,323,593438075762272256,26,binning 1   1,DR18
4709.7744,-1.0837672,0.31368238,0.4874994,SDSS-SDSS,SDSS,527,52342,323,593438075762272256,26,binning 1   1,DR18
4710.858,-0.099907875,0.3370203,0.48218152,SDSS-SDSS,SDSS,527,52342,323,593438075762272256,26,binning 1   1,DR18
4711.9414,0.9216529,0.34364912,0.49683046,SDSS-SDSS,SDSS,527,52342,323,593438075762272256,26,binning 1   1,DR18
4713.0283,-0.28798482,0.33011445,0.5290031,SDSS-SDSS,SDSS,527,52342,323,593438075762272256,26,binning 1   1,DR18
4714.1123,-0.06423469,0.32299042,0.53831303,SDSS-SDSS,SDSS,527,52342,323,593438075762272256,26,binning 1   1,DR18
4715.199,1.0719912,0.34139466,0.56327695,SDSS-SDSS,SDSS,527,52342,323,593438075762272256,26,binning 1   1,DR18
4716.284,0.26322564,0.3245943,0.610053,SDSS-SDSS,SDSS,527,52342,323,593438075762272256,26,binning 1   1,DR18
4717.3716,0.20819381,0.3327474,0.62910837,SDSS-SDSS,SDSS,527,52342,323,593438075762272256,26,binning 1   1,DR18
4718.457,0.63713676,0.33069643,0.60038084,SDSS-SDSS,SDSS,527,52342,323,593438075762272256,26,binning 1   1,DR18
4719.5425,0.44716772,0.32897887,0.5736611,SDSS-SDSS,SDSS,527,52342,323,593438075762272256,26,binning 1   1,DR18
4720.631,-0.13918054,0.31465173,0.5635797,SDSS-SDSS,SDSS,527,52342,323,593438075762272256,26,binning 1   1,DR18
4721.717,-0.3597705,0.32271144,0.58529735,SDSS-SDSS,SDSS,527,52342,323,593438075762272256,26,binning 1   1,DR18
4722.8057,0.31318018,0.33705732,0.59651005,SDSS-SDSS,SDSS,527,52342,323,593438075762272256,26,binning 1   1,DR18
4723.892,1.0088038,0.35604054,0.5616459,SDSS-SDSS,SDSS,527,52342,323,593438075762272256,26,binning 1   1,DR18
4724.9814,0.53744936,0.3486265,0.475739,SDSS-SDSS,SDSS,527,52342,323,593438075762272256,26,binning 1   1,DR18
4726.0684,-0.44204786,0.32969117,0.3759357,SDSS-SDSS,SDSS,527,52342,323,593438075762272256,26,binning 1   1,DR18
4727.1553,0.3649783,0.32780018,0.3333018,SDSS-SDSS,SDSS,527,52342,323,593438075762272256,26,binning 1   1,DR18
4728.2456,0.5852942,0.33741623,0.30200723,SDSS-SDSS,SDSS,527,52342,323,593438075762272256,26,binning 1   1,DR18
4729.3335,0.9072777,0.34990817,0.31122077,SDSS-SDSS,SDSS,527,52342,323,593438075762272256,26,binning 1   1,DR18
4730.424,-0.6245064,0.347671,0.38522622,SDSS-SDSS,SDSS,527,52342,323,593438075762272256,26,binning 1   1,DR18
4731.512,0.20115091,0.35659057,0.4909483,SDSS-SDSS,SDSS,527,52342,323,593438075762272256,26,binning 1   1,DR18
4732.603,-0.05972405,0.35778844,0.5623769,SDSS-SDSS,SDSS,527,52342,323,593438075762272256,26,binning 1   1,DR18
4733.692,0.1915084,0.34826052,0.6162244,SDSS-SDSS,SDSS,527,52342,323,593438075762272256,26,binning 1   1,DR18
4734.781,0.23163766,0.33614278,0.56698143,SDSS-SDSS,SDSS,527,52342,323,593438075762272256,26,binning 1   1,DR18
4735.8726,0.19706969,0.33392408,0.50205404,SDSS-SDSS,SDSS,527,52342,323,593438075762272256,26,binning 1   1,DR18
4736.9624,0.86225885,0.346442,0.48852673,SDSS-SDSS,SDSS,527,52342,323,593438075762272256,26,binning 1   1,DR18
4738.0547,0.41558984,0.36645922,0.5245691,SDSS-SDSS,SDSS,527,52342,323,593438075762272256,26,binning 1   1,DR18
4739.1445,-0.08651465,0.3818501,0.5694024,SDSS-SDSS,SDSS,527,52342,323,593438075762272256,26,binning 1   1,DR18
4740.2373,0.2725275,0.3613303,0.6030883,SDSS-SDSS,SDSS,527,52342,323,593438075762272256,26,binning 1   1,DR18
4741.3276,-0.07720016,0.33312076,0.6416609,SDSS-SDSS,SDSS,527,52342,323,593438075762272256,26,binning 1   1,DR18
4742.4214,0.34865364,0.33204746,0.66811687,SDSS-SDSS,SDSS,527,52342,323,593438075762272256,26,binning 1   1,DR18
4743.512,0.07751379,0.33460957,0.68587524,SDSS-SDSS,SDSS,527,52342,323,593438075762272256,26,binning 1   1,DR18
4744.6035,0.59236425,0.3355989,0.6838393,SDSS-SDSS,SDSS,527,52342,323,593438075762272256,26,binning 1   1,DR18
4745.6973,0.1298281,0.346349,0.63653636,SDSS-SDSS,SDSS,527,52342,323,593438075762272256,26,binning 1   1,DR18
4746.789,-0.19003578,0.35498333,0.6142003,SDSS-SDSS,SDSS,527,52342,323,593438075762272256,26,binning 1   1,DR18
4747.884,0.4042751,0.36963624,0.592269,SDSS-SDSS,SDSS,527,52342,323,593438075762272256,26,binning 1   1,DR18
4748.976,0.044122368,0.35636508,0.5703225,SDSS-SDSS,SDSS,527,52342,323,593438075762272256,26,binning 1   1,DR18
4750.0713,0.42715082,0.34520268,0.5804396,SDSS-SDSS,SDSS,527,52342,323,593438075762272256,26,binning 1   1,DR18
4751.164,0.4838519,0.3701072,0.60200125,SDSS-SDSS,SDSS,527,52342,323,593438075762272256,26,binning 1   1,DR18
4752.257,-0.36324152,0.3943425,0.56839854,SDSS-SDSS,SDSS,527,52342,323,593438075762272256,26,binning 1   1,DR18
4753.3525,0.017824823,0.3641757,0.5699517,SDSS-SDSS,SDSS,527,52342,323,593438075762272256,26,binning 1   1,DR18
4754.4463,-0.3916171,0.3352576,0.57124865,SDSS-SDSS,SDSS,527,52342,323,593438075762272256,26,binning 1   1,DR18
4755.5425,-0.54906535,0.3228499,0.5900951,SDSS-SDSS,SDSS,527,52342,323,593438075762272256,26,binning 1   1,DR18
4756.6367,0.5797542,0.32582247,0.5976339,SDSS-SDSS,SDSS,527,52342,323,593438075762272256,26,binning 1   1,DR18
4757.7334,0.019312035,0.32802254,0.55351853,SDSS-SDSS,SDSS,527,52342,323,593438075762272256,26,binning 1   1,DR18
4758.828,0.8525267,0.3489416,0.46291026,SDSS-SDSS,SDSS,527,52342,323,593438075762272256,26,binning 1   1,DR18
4759.923,0.6846633,0.36127365,0.36149853,SDSS-SDSS,SDSS,527,52342,323,593438075762272256,26,binning 1   1,DR18
4761.0205,0.23877326,0.35078642,0.29558057,SDSS-SDSS,SDSS,527,52342,323,593438075762272256,26,binning 1   1,DR18
4762.1157,0.61913526,0.34306607,0.2865078,SDSS-SDSS,SDSS,527,52342,323,593438075762272256,26,binning 1   1,DR18
4763.214,0.23076345,0.34046215,0.26841035,SDSS-SDSS,SDSS,527,52342,323,593438075762272256,26,binning 1   1,DR18
4764.3096,-0.2523634,0.3362195,0.20975572,SDSS-SDSS,SDSS,527,52342,323,593438075762272256,26,binning 1   1,DR18
4765.408,1.0131775,0.3477197,0.18689878,SDSS-SDSS,SDSS,527,52342,323,593438075762272256,26,binning 1   1,DR18
4766.5044,0.47680634,0.33820125,0.23041858,SDSS-SDSS,SDSS,527,52342,323,593438075762272256,26,binning 1   1,DR18
4767.601,0.3322789,0.33252326,0.26969892,SDSS-SDSS,SDSS,527,52342,323,593438075762272256,26,binning 1   1,DR18
4768.7,0.3910872,0.31925175,0.30879122,SDSS-SDSS,SDSS,527,52342,323,593438075762272256,26,binning 1   1,DR18
4769.7974,0.35077727,0.32674837,0.36847273,SDSS-SDSS,SDSS,527,52342,323,593438075762272256,26,binning 1   1,DR18
4770.8975,0.33140585,0.32576603,0.42376336,SDSS-SDSS,SDSS,527,52342,323,593438075762272256,26,binning 1   1,DR18
4771.995,0.5533555,0.33083147,0.41466072,SDSS-SDSS,SDSS,527,52342,323,593438075762272256,26,binning 1   1,DR18
4773.095,0.028976737,0.33831757,0.37696844,SDSS-SDSS,SDSS,527,52342,323,593438075762272256,26,binning 1   1,DR18
4774.1934,-0.23535672,0.35880366,0.36366692,SDSS-SDSS,SDSS,527,52342,323,593438075762272256,26,binning 1   1,DR18
4775.2915,0.46894416,0.35167256,0.4137447,SDSS-SDSS,SDSS,527,52342,323,593438075762272256,26,binning 1   1,DR18
4776.3926,0.2071788,0.33941936,0.47866258,SDSS-SDSS,SDSS,527,52342,323,593438075762272256,26,binning 1   1,DR18
4777.4917,0.42070657,0.35245314,0.49020714,SDSS-SDSS,SDSS,527,52342,323,593438075762272256,26,binning 1   1,DR18
4778.5933,1.2880615,0.4027675,0.4350832,SDSS-SDSS,SDSS,527,52342,323,593438075762272256,26,binning 1   1,DR18
4779.6924,0.86726224,0.41450623,0.3517121,SDSS-SDSS,SDSS,527,52342,323,593438075762272256,26,binning 1   1,DR18
4780.795,0.5954781,0.38608253,0.30553278,SDSS-SDSS,SDSS,527,52342,323,593438075762272256,26,binning 1   1,DR18
4781.8945,0.62148696,0.3901027,0.32707363,SDSS-SDSS,SDSS,527,52342,323,593438075762272256,26,binning 1   1,DR18
4782.9946,0.34785578,0.35553628,0.38502318,SDSS-SDSS,SDSS,527,52342,323,593438075762272256,26,binning 1   1,DR18
4784.0977,0.23519933,0.3682714,0.4269786,SDSS-SDSS,SDSS,527,52342,323,593438075762272256,26,binning 1   1,DR18
4785.198,0.35734335,0.37459135,0.42649093,SDSS-SDSS,SDSS,527,52342,323,593438075762272256,26,binning 1   1,DR18
4786.302,0.22434054,0.36803594,0.40531498,SDSS-SDSS,SDSS,527,52342,323,593438075762272256,26,binning 1   1,DR18
4787.403,0.8857463,0.36650354,0.38039958,SDSS-SDSS,SDSS,527,52342,323,593438075762272256,26,binning 1   1,DR18
4788.507,0.68487084,0.3595728,0.38365772,SDSS-SDSS,SDSS,527,52342,323,593438075762272256,26,binning 1   1,DR18
4789.6084,-0.073264815,0.34339833,0.38731214,SDSS-SDSS,SDSS,527,52342,323,593438075762272256,26,binning 1   1,DR18
4790.71,0.39722323,0.33243212,0.37841555,SDSS-SDSS,SDSS,527,52342,323,593438075762272256,26,binning 1   1,DR18
4791.815,0.7652469,0.32465795,0.39701492,SDSS-SDSS,SDSS,527,52342,323,593438075762272256,26,binning 1   1,DR18
4792.917,-0.2595837,0.30767673,0.4032786,SDSS-SDSS,SDSS,527,52342,323,593438075762272256,26,binning 1   1,DR18
4794.0225,-0.05082395,0.32428712,0.3323295,SDSS-SDSS,SDSS,527,52342,323,593438075762272256,26,binning 1   1,DR18
4795.1255,0.47125518,0.35848346,0.28811827,SDSS-SDSS,SDSS,527,52342,323,593438075762272256,26,binning 1   1,DR18
4796.231,-0.42226902,0.34766683,0.28090993,SDSS-SDSS,SDSS,527,52342,323,593438075762272256,26,binning 1   1,DR18
4797.3345,0.47966972,0.3550208,0.27815914,SDSS-SDSS,SDSS,527,52342,323,593438075762272256,26,binning 1   1,DR18
4798.438,-0.16256556,0.35941982,0.28846106,SDSS-SDSS,SDSS,527,52342,323,593438075762272256,26,binning 1   1,DR18
4799.5444,-0.2998429,0.34841713,0.28246588,SDSS-SDSS,SDSS,527,52342,323,593438075762272256,26,binning 1   1,DR18
4800.649,0.5820504,0.436569,0.26048544,SDSS-SDSS,SDSS,527,52342,323,593438075762272256,26,binning 1   1,DR18
4801.756,-0.10786566,0.42607507,0.2607297,SDSS-SDSS,SDSS,527,52342,323,593438075762272256,26,binning 1   1,DR18
4802.8604,0.09758358,0.39414942,0.2828963,SDSS-SDSS,SDSS,527,52342,323,593438075762272256,26,binning 1   1,DR18
4803.968,0.7186018,0.37825754,0.30770972,SDSS-SDSS,SDSS,527,52342,323,593438075762272256,26,binning 1   1,DR18
4805.073,0.045757007,0.33718204,0.32256818,SDSS-SDSS,SDSS,527,52342,323,593438075762272256,26,binning 1   1,DR18
4806.178,0.2591932,0.35582143,0.3045677,SDSS-SDSS,SDSS,527,52342,323,593438075762272256,26,binning 1   1,DR18
4807.2866,0.4240459,0.35754266,0.28218514,SDSS-SDSS,SDSS,527,52342,323,593438075762272256,26,binning 1   1,DR18
4808.3926,-0.525762,0.33200145,0.2748186,SDSS-SDSS,SDSS,527,52342,323,593438075762272256,26,binning 1   1,DR18
4809.5015,-0.17868198,0.330565,0.29619968,SDSS-SDSS,SDSS,527,52342,323,593438075762272256,26,binning 1   1,DR18
4810.608,0.33813405,0.33277068,0.31546113,SDSS-SDSS,SDSS,527,52342,323,593438075762272256,26,binning 1   1,DR18
4811.7173,-0.40534398,0.3279221,0.2771358,SDSS-SDSS,SDSS,527,52342,323,593438075762272256,26,binning 1   1,DR18
4812.824,0.5795672,0.32473728,0.25320694,SDSS-SDSS,SDSS,527,52342,323,593438075762272256,26,binning 1   1,DR18
4813.931,-0.051119518,0.32535124,0.25862807,SDSS-SDSS,SDSS,527,52342,323,593438075762272256,26,binning 1   1,DR18
4815.0415,1.0534012,0.35405442,0.2824073,SDSS-SDSS,SDSS,527,52342,323,593438075762272256,26,binning 1   1,DR18
4816.149,0.43238845,0.35655865,0.29878375,SDSS-SDSS,SDSS,527,52342,323,593438075762272256,26,binning 1   1,DR18
4817.26,0.37843394,0.34930974,0.30380803,SDSS-SDSS,SDSS,527,52342,323,593438075762272256,26,binning 1   1,DR18
4818.3677,0.26317543,0.34648514,0.3137931,SDSS-SDSS,SDSS,527,52342,323,593438075762272256,26,binning 1   1,DR18
4819.479,0.12332574,0.34657967,0.29500955,SDSS-SDSS,SDSS,527,52342,323,593438075762272256,26,binning 1   1,DR18
4820.588,-0.30847877,0.34423274,0.33708194,SDSS-SDSS,SDSS,527,52342,323,593438075762272256,26,binning 1   1,DR18
4821.697,-0.053199336,0.3353622,0.36455518,SDSS-SDSS,SDSS,527,52342,323,593438075762272256,26,binning 1   1,DR18
4822.8086,0.22080849,0.3305255,0.37864897,SDSS-SDSS,SDSS,527,52342,323,593438075762272256,26,binning 1   1,DR18
4823.918,-0.33815202,0.33304703,0.388947,SDSS-SDSS,SDSS,527,52342,323,593438075762272256,26,binning 1   1,DR18
4825.0303,1.1881078,0.35102326,0.3513847,SDSS-SDSS,SDSS,527,52342,323,593438075762272256,26,binning 1   1,DR18
4826.14,-0.24936032,0.34883317,0.3390773,SDSS-SDSS,SDSS,527,52342,323,593438075762272256,26,binning 1   1,DR18
4827.2534,0.4564066,0.35834745,0.33291736,SDSS-SDSS,SDSS,527,52342,323,593438075762272256,26,binning 1   1,DR18
4828.364,0.9995636,0.35983297,0.33693907,SDSS-SDSS,SDSS,527,52342,323,593438075762272256,26,binning 1   1,DR18
4829.477,-0.47330216,0.33837205,0.32991812,SDSS-SDSS,SDSS,527,52342,323,593438075762272256,26,binning 1   1,DR18
4830.5884,-1.1065536,0.31904915,0.2977656,SDSS-SDSS,SDSS,527,52342,323,593438075762272256,26,binning 1   1,DR18
4831.699,0.38630638,0.32845196,0.27139533,SDSS-SDSS,SDSS,527,52342,323,593438075762272256,26,binning 1   1,DR18
4832.8135,0.3829331,0.34995076,0.2891585,SDSS-SDSS,SDSS,527,52342,323,593438075762272256,26,binning 1   1,DR18
4833.9253,-0.031701297,0.3494531,0.3094323,SDSS-SDSS,SDSS,527,52342,323,593438075762272256,26,binning 1   1,DR18
4835.04,0.53550524,0.35431585,0.32973376,SDSS-SDSS,SDSS,527,52342,323,593438075762272256,26,binning 1   1,DR18
4836.1523,0.054058474,0.35732642,0.34797072,SDSS-SDSS,SDSS,527,52342,323,593438075762272256,26,binning 1   1,DR18
4837.2676,-0.253207,0.34207416,0.34814057,SDSS-SDSS,SDSS,527,52342,323,593438075762272256,26,binning 1   1,DR18
4838.3804,0.20582162,0.34297788,0.32117662,SDSS-SDSS,SDSS,527,52342,323,593438075762272256,26,binning 1   1,DR18
4839.4937,0.3069267,0.334491,0.30986136,SDSS-SDSS,SDSS,527,52342,323,593438075762272256,26,binning 1   1,DR18
4840.6094,0.31418732,0.34456947,0.30571327,SDSS-SDSS,SDSS,527,52342,323,593438075762272256,26,binning 1   1,DR18
4841.723,0.042734955,0.34411252,0.31881785,SDSS-SDSS,SDSS,527,52342,323,593438075762272256,26,binning 1   1,DR18
4842.8394,0.058953095,0.35872242,0.3022576,SDSS-SDSS,SDSS,527,52342,323,593438075762272256,26,binning 1   1,DR18
4843.9536,-0.31054848,0.35891235,0.24390598,SDSS-SDSS,SDSS,527,52342,323,593438075762272256,26,binning 1   1,DR18
4845.071,0.19385181,0.35148278,0.21909463,SDSS-SDSS,SDSS,527,52342,323,593438075762272256,26,binning 1   1,DR18
4846.185,-0.13524349,0.33816776,0.23914665,SDSS-SDSS,SDSS,527,52342,323,593438075762272256,26,binning 1   1,DR18
4847.3003,-0.4505315,0.3267266,0.28709063,SDSS-SDSS,SDSS,527,52342,323,593438075762272256,26,binning 1   1,DR18
4848.418,0.2365807,0.33594388,0.3065088,SDSS-SDSS,SDSS,527,52342,323,593438075762272256,26,binning 1   1,DR18
4849.533,0.36412984,0.33632007,0.3205117,SDSS-SDSS,SDSS,527,52342,323,593438075762272256,26,binning 1   1,DR18
4850.6514,0.18243024,0.3331018,0.32987303,SDSS-SDSS,SDSS,527,52342,323,593438075762272256,26,binning 1   1,DR18
4851.7676,0.1802144,0.33965775,0.27401412,SDSS-SDSS,SDSS,527,52342,323,593438075762272256,26,binning 1   1,DR18
4852.886,0.6993021,0.3687823,0.23886243,SDSS-SDSS,SDSS,527,52342,323,593438075762272256,26,binning 1   1,DR18
4854.0024,-0.19247076,0.37680563,0.19689046,SDSS-SDSS,SDSS,527,52342,323,593438075762272256,26,binning 1   1,DR18
4855.119,0.84023833,0.37709197,0.16359462,SDSS-SDSS,SDSS,527,52342,323,593438075762272256,26,binning 1   1,DR18
4856.239,0.65378815,0.36199784,0.15182517,SDSS-SDSS,SDSS,527,52342,323,593438075762272256,26,binning 1   1,DR18
4857.356,0.21909602,0.35206074,0.1907433,SDSS-SDSS,SDSS,527,52342,323,593438075762272256,26,binning 1   1,DR18
4858.476,0.43683684,0.35348612,0.29504055,SDSS-SDSS,SDSS,527,52342,323,593438075762272256,26,binning 1   1,DR18
4859.5938,0.0142105175,0.3484072,0.32720616,SDSS-SDSS,SDSS,527,52342,323,593438075762272256,26,binning 1   1,DR18
4860.7144,-0.39767385,0.35409683,0.35861847,SDSS-SDSS,SDSS,527,52342,323,593438075762272256,26,binning 1   1,DR18
4861.8325,0.6592209,0.36773738,0.38306865,SDSS-SDSS,SDSS,527,52342,323,593438075762272256,26,binning 1   1,DR18
4862.951,0.69076765,0.36871392,0.38651636,SDSS-SDSS,SDSS,527,52342,323,593438075762272256,26,binning 1   1,DR18
4864.0723,0.063978836,0.351297,0.37339443,SDSS-SDSS,SDSS,527,52342,323,593438075762272256,26,binning 1   1,DR18
4865.1914,0.066026025,0.32564837,0.3555125,SDSS-SDSS,SDSS,527,52342,323,593438075762272256,26,binning 1   1,DR18
4866.3135,0.6558903,0.3316149,0.33236185,SDSS-SDSS,SDSS,527,52342,323,593438075762272256,26,binning 1   1,DR18
4867.4326,0.4219198,0.33726612,0.3192236,SDSS-SDSS,SDSS,527,52342,323,593438075762272256,26,binning 1   1,DR18
4868.555,0.17027429,0.34349862,0.29641742,SDSS-SDSS,SDSS,527,52342,323,593438075762272256,26,binning 1   1,DR18
4869.6753,0.31662896,0.3552001,0.27740988,SDSS-SDSS,SDSS,527,52342,323,593438075762272256,26,binning 1   1,DR18
4870.7954,0.07439395,0.34894252,0.28268313,SDSS-SDSS,SDSS,527,52342,323,593438075762272256,26,binning 1   1,DR18
4871.919,-0.5614877,0.32117146,0.2912778,SDSS-SDSS,SDSS,527,52342,323,593438075762272256,26,binning 1   1,DR18
4873.0396,-0.5775874,0.32296273,0.249757,SDSS-SDSS,SDSS,527,52342,323,593438075762272256,26,binning 1   1,DR18
4874.163,-0.13894129,0.33315232,0.25543937,SDSS-SDSS,SDSS,527,52342,323,593438075762272256,26,binning 1   1,DR18
4875.2847,0.21022286,0.34854823,0.2987211,SDSS-SDSS,SDSS,527,52342,323,593438075762272256,26,binning 1   1,DR18
4876.4087,0.8112433,0.35792726,0.33373,SDSS-SDSS,SDSS,527,52342,323,593438075762272256,26,binning 1   1,DR18
4877.531,1.0374688,0.3539073,0.34326437,SDSS-SDSS,SDSS,527,52342,323,593438075762272256,26,binning 1   1,DR18
4878.653,0.42781994,0.34646112,0.34568253,SDSS-SDSS,SDSS,527,52342,323,593438075762272256,26,binning 1   1,DR18
4879.778,0.035841502,0.34929314,0.33411965,SDSS-SDSS,SDSS,527,52342,323,593438075762272256,26,binning 1   1,DR18
4880.9004,0.26444754,0.3534982,0.35901296,SDSS-SDSS,SDSS,527,52342,323,593438075762272256,26,binning 1   1,DR18
4882.026,-0.08041655,0.3492197,0.3376692,SDSS-SDSS,SDSS,527,52342,323,593438075762272256,26,binning 1   1,DR18
4883.149,0.3348035,0.36462992,0.2781879,SDSS-SDSS,SDSS,527,52342,323,593438075762272256,26,binning 1   1,DR18
4884.275,-0.33047658,0.35397378,0.24630073,SDSS-SDSS,SDSS,527,52342,323,593438075762272256,26,binning 1   1,DR18
4885.3984,0.29203668,0.38232967,0.24898288,SDSS-SDSS,SDSS,527,52342,323,593438075762272256,26,binning 1   1,DR18
4886.5225,0.67111933,0.4036049,0.20236662,SDSS-SDSS,SDSS,527,52342,323,593438075762272256,26,binning 1   1,DR18
4887.6494,0.42536184,0.40751728,0.24951112,SDSS-SDSS,SDSS,527,52342,323,593438075762272256,26,binning 1   1,DR18
4888.7734,0.26865155,0.39643663,0.3186188,SDSS-SDSS,SDSS,527,52342,323,593438075762272256,26,binning 1   1,DR18
4889.901,0.7940834,0.3869547,0.31876993,SDSS-SDSS,SDSS,527,52342,323,593438075762272256,26,binning 1   1,DR18
4891.026,0.589321,0.37130573,0.25815216,SDSS-SDSS,SDSS,527,52342,323,593438075762272256,26,binning 1   1,DR18
4892.154,0.17565307,0.3612192,0.25265223,SDSS-SDSS,SDSS,527,52342,323,593438075762272256,26,binning 1   1,DR18
4893.2793,0.1349253,0.3504901,0.36913174,SDSS-SDSS,SDSS,527,52342,323,593438075762272256,26,binning 1   1,DR18
4894.405,-0.047227364,0.35010383,0.37169603,SDSS-SDSS,SDSS,527,52342,323,593438075762272256,26,binning 1   1,DR18
4895.5337,-0.21159443,0.34740314,0.3022223,SDSS-SDSS,SDSS,527,52342,323,593438075762272256,26,binning 1   1,DR18
4896.6597,0.37101656,0.35224035,0.27830204,SDSS-SDSS,SDSS,527,52342,323,593438075762272256,26,binning 1   1,DR18
4897.789,-0.33747473,0.337259,0.32272667,SDSS-SDSS,SDSS,527,52342,323,593438075762272256,26,binning 1   1,DR18
4898.9155,-0.30169126,0.33724895,0.35042894,SDSS-SDSS,SDSS,527,52342,323,593438075762272256,26,binning 1   1,DR18
4900.0454,0.8456912,0.35116094,0.3699028,SDSS-SDSS,SDSS,527,52342,323,593438075762272256,26,binning 1   1,DR18
4901.1724,0.16462086,0.3495561,0.39795327,SDSS-SDSS,SDSS,527,52342,323,593438075762272256,26,binning 1   1,DR18
4902.3,0.47817475,0.36648154,0.41919002,SDSS-SDSS,SDSS,527,52342,323,593438075762272256,26,binning 1   1,DR18
4903.4307,0.76776695,0.3620234,0.42933857,SDSS-SDSS,SDSS,527,52342,323,593438075762272256,26,binning 1   1,DR18
4904.5586,1.1521336,0.35882315,0.41222855,SDSS-SDSS,SDSS,527,52342,323,593438075762272256,26,binning 1   1,DR18
4905.6895,0.24394394,0.352156,0.34828302,SDSS-SDSS,SDSS,527,52342,323,593438075762272256,26,binning 1   1,DR18
4906.818,-0.13061228,0.34880638,0.310911,SDSS-SDSS,SDSS,527,52342,323,593438075762272256,26,binning 1   1,DR18
4907.9497,0.59761393,0.36334205,0.2758778,SDSS-SDSS,SDSS,527,52342,323,593438075762272256,26,binning 1   1,DR18
4909.0786,1.2147734,0.36746192,0.2715676,SDSS-SDSS,SDSS,527,52342,323,593438075762272256,26,binning 1   1,DR18
4910.208,0.47801632,0.33430767,0.2846794,SDSS-SDSS,SDSS,527,52342,323,593438075762272256,26,binning 1   1,DR18
4911.3403,0.053891324,0.3343882,0.3031579,SDSS-SDSS,SDSS,527,52342,323,593438075762272256,26,binning 1   1,DR18
4912.47,0.61781275,0.34816378,0.34612247,SDSS-SDSS,SDSS,527,52342,323,593438075762272256,26,binning 1   1,DR18
4913.603,0.55696195,0.36074203,0.37476248,SDSS-SDSS,SDSS,527,52342,323,593438075762272256,26,binning 1   1,DR18
4914.7334,-0.06968526,0.3382902,0.42948738,SDSS-SDSS,SDSS,527,52342,323,593438075762272256,26,binning 1   1,DR18
4915.8667,0.43382102,0.34160823,0.42648274,SDSS-SDSS,SDSS,527,52342,323,593438075762272256,26,binning 1   1,DR18
4916.9976,0.71655047,0.3395826,0.41772205,SDSS-SDSS,SDSS,527,52342,323,593438075762272256,26,binning 1   1,DR18
4918.1313,-0.13899732,0.3327114,0.42641446,SDSS-SDSS,SDSS,527,52342,323,593438075762272256,26,binning 1   1,DR18
4919.2627,-0.3801175,0.32704577,0.36164734,SDSS-SDSS,SDSS,527,52342,323,593438075762272256,26,binning 1   1,DR18
4920.3945,-0.06912654,0.33591843,0.35933122,SDSS-SDSS,SDSS,527,52342,323,593438075762272256,26,binning 1   1,DR18
4921.529,0.6683355,0.3398638,0.35766727,SDSS-SDSS,SDSS,527,52342,323,593438075762272256,26,binning 1   1,DR18
4922.661,0.83163095,0.33143517,0.33322728,SDSS-SDSS,SDSS,527,52342,323,593438075762272256,26,binning 1   1,DR18
4923.7964,0.05646289,0.3455338,0.32435516,SDSS-SDSS,SDSS,527,52342,323,593438075762272256,26,binning 1   1,DR18
4924.929,0.57631475,0.36099142,0.34879547,SDSS-SDSS,SDSS,527,52342,323,593438075762272256,26,binning 1   1,DR18
4926.065,0.111771405,0.35646695,0.3487911,SDSS-SDSS,SDSS,527,52342,323,593438075762272256,26,binning 1   1,DR18
4927.1978,0.30514306,0.33487535,0.26924452,SDSS-SDSS,SDSS,527,52342,323,593438075762272256,26,binning 1   1,DR18
4928.3315,0.31734413,0.3242553,0.22012636,SDSS-SDSS,SDSS,527,52342,323,593438075762272256,26,binning 1   1,DR18
4929.468,-0.40370035,0.3167988,0.22515038,SDSS-SDSS,SDSS,527,52342,323,593438075762272256,26,binning 1   1,DR18
4930.602,-0.6121825,0.31055632,0.25832045,SDSS-SDSS,SDSS,527,52342,323,593438075762272256,26,binning 1   1,DR18
4931.739,0.28997087,0.3167911,0.2597015,SDSS-SDSS,SDSS,527,52342,323,593438075762272256,26,binning 1   1,DR18
4932.8735,0.42506856,0.32601133,0.20075975,SDSS-SDSS,SDSS,527,52342,323,593438075762272256,26,binning 1   1,DR18
4934.0107,0.64656925,0.33150846,0.23292299,SDSS-SDSS,SDSS,527,52342,323,593438075762272256,26,binning 1   1,DR18
4935.146,0.53893375,0.32823572,0.24580686,SDSS-SDSS,SDSS,527,52342,323,593438075762272256,26,binning 1   1,DR18
4936.2812,-0.18023297,0.31678286,0.18044773,SDSS-SDSS,SDSS,527,52342,323,593438075762272256,26,binning 1   1,DR18
4937.4194,-0.022333043,0.3160775,0.14778014,SDSS-SDSS,SDSS,527,52342,323,593438075762272256,26,binning 1   1,DR18
4938.5557,-0.15324818,0.31594968,0.1758692,SDSS-SDSS,SDSS,527,52342,323,593438075762272256,26,binning 1   1,DR18
4939.6943,-0.19787356,0.32211468,0.12728478,SDSS-SDSS,SDSS,527,52342,323,593438075762272256,26,binning 1   1,DR18
4940.8306,0.48211014,0.3411311,0.13529918,SDSS-SDSS,SDSS,527,52342,323,593438075762272256,26,binning 1   1,DR18
4941.97,0.11538247,0.34954566,0.1655844,SDSS-SDSS,SDSS,527,52342,323,593438075762272256,26,binning 1   1,DR18
4943.107,-0.36853,0.35307196,0.16106193,SDSS-SDSS,SDSS,527,52342,323,593438075762272256,26,binning 1   1,DR18
4944.244,-0.08093354,0.3496048,0.16358033,SDSS-SDSS,SDSS,527,52342,323,593438075762272256,26,binning 1   1,DR18
4945.3843,0.3797933,0.3275515,0.19732238,SDSS-SDSS,SDSS,527,52342,323,593438075762272256,26,binning 1   1,DR18
4946.522,-0.16748264,0.31548703,0.20985484,SDSS-SDSS,SDSS,527,52342,323,593438075762272256,26,binning 1   1,DR18
4947.6626,0.046787113,0.3277894,0.25947988,SDSS-SDSS,SDSS,527,52342,323,593438075762272256,26,binning 1   1,DR18
4948.801,-0.11494226,0.356795,0.33382085,SDSS-SDSS,SDSS,527,52342,323,593438075762272256,26,binning 1   1,DR18
4949.942,0.7873427,0.37469023,0.36874738,SDSS-SDSS,SDSS,527,52342,323,593438075762272256,26,binning 1   1,DR18
4951.0806,-0.5803298,0.36262426,0.36949855,SDSS-SDSS,SDSS,527,52342,323,593438075762272256,26,binning 1   1,DR18
4952.2197,0.2763704,0.3500812,0.3643955,SDSS-SDSS,SDSS,527,52342,323,593438075762272256,26,binning 1   1,DR18
4953.362,0.83933425,0.34463465,0.35873258,SDSS-SDSS,SDSS,527,52342,323,593438075762272256,26,binning 1   1,DR18
4954.501,0.16645074,0.3336206,0.38615754,SDSS-SDSS,SDSS,527,52342,323,593438075762272256,26,binning 1   1,DR18
4955.6436,0.025214987,0.33357164,0.38500524,SDSS-SDSS,SDSS,527,52342,323,593438075762272256,26,binning 1   1,DR18
4956.7837,-0.06851287,0.3360591,0.3751791,SDSS-SDSS,SDSS,527,52342,323,593438075762272256,26,binning 1   1,DR18
4957.927,0.46515372,0.33974344,0.34589934,SDSS-SDSS,SDSS,527,52342,323,593438075762272256,26,binning 1   1,DR18
4959.0674,-0.014578726,0.32580015,0.30949295,SDSS-SDSS,SDSS,527,52342,323,593438075762272256,26,binning 1   1,DR18
4960.208,0.1128455,0.31485915,0.3222765,SDSS-SDSS,SDSS,527,52342,323,593438075762272256,26,binning 1   1,DR18
4961.352,1.0212384,0.3260705,0.32322177,SDSS-SDSS,SDSS,527,52342,323,593438075762272256,26,binning 1   1,DR18
4962.493,-0.14174852,0.32520303,0.33531246,SDSS-SDSS,SDSS,527,52342,323,593438075762272256,26,binning 1   1,DR18
4963.6377,-0.3400553,0.32733113,0.30285662,SDSS-SDSS,SDSS,527,52342,323,593438075762272256,26,binning 1   1,DR18
4964.7793,0.32452598,0.34490693,0.29357138,SDSS-SDSS,SDSS,527,52342,323,593438075762272256,26,binning 1   1,DR18
4965.9243,-0.31883335,0.34000486,0.34451985,SDSS-SDSS,SDSS,527,52342,323,593438075762272256,26,binning 1   1,DR18
4967.067,-0.19440682,0.34779173,0.35447383,SDSS-SDSS,SDSS,527,52342,323,593438075762272256,26,binning 1   1,DR18
4968.2095,0.5641339,0.35446063,0.33334392,SDSS-SDSS,SDSS,527,52342,323,593438075762272256,26,binning 1   1,DR18
4969.355,0.25294322,0.3570299,0.27768067,SDSS-SDSS,SDSS,527,52342,323,593438075762272256,26,binning 1   1,DR18
4970.498,0.013594585,0.35085687,0.184644,SDSS-SDSS,SDSS,527,52342,323,593438075762272256,26,binning 1   1,DR18
4971.6445,0.2636076,0.34113938,0.16244224,SDSS-SDSS,SDSS,527,52342,323,593438075762272256,26,binning 1   1,DR18
4972.788,0.5340251,0.33280107,0.2378185,SDSS-SDSS,SDSS,527,52342,323,593438075762272256,26,binning 1   1,DR18
4973.935,0.87483877,0.35591727,0.26570016,SDSS-SDSS,SDSS,527,52342,323,593438075762272256,26,binning 1   1,DR18
4975.079,0.45696813,0.36716184,0.2585491,SDSS-SDSS,SDSS,527,52342,323,593438075762272256,26,binning 1   1,DR18
4976.2236,0.08418846,0.36049414,0.24516678,SDSS-SDSS,SDSS,527,52342,323,593438075762272256,26,binning 1   1,DR18
4977.371,0.3083824,0.34529307,0.25709468,SDSS-SDSS,SDSS,527,52342,323,593438075762272256,26,binning 1   1,DR18
4978.516,0.2813741,0.34295374,0.24438101,SDSS-SDSS,SDSS,527,52342,323,593438075762272256,26,binning 1   1,DR18
4979.664,0.008567126,0.34762457,0.20810856,SDSS-SDSS,SDSS,527,52342,323,593438075762272256,26,binning 1   1,DR18
4980.8096,0.17385417,0.3603431,0.23997352,SDSS-SDSS,SDSS,527,52342,323,593438075762272256,26,binning 1   1,DR18
4981.9585,-0.085747,0.3652056,0.25013813,SDSS-SDSS,SDSS,527,52342,323,593438075762272256,26,binning 1   1,DR18
4983.1045,-0.48804533,0.3595679,0.22461672,SDSS-SDSS,SDSS,527,52342,323,593438075762272256,26,binning 1   1,DR18
4984.251,-0.18778373,0.3510706,0.203585,SDSS-SDSS,SDSS,527,52342,323,593438075762272256,26,binning 1   1,DR18
4985.4004,-0.20307715,0.32772142,0.18617137,SDSS-SDSS,SDSS,527,52342,323,593438075762272256,26,binning 1   1,DR18
4986.547,-0.3491204,0.32944304,0.14738503,SDSS-SDSS,SDSS,527,52342,323,593438075762272256,26,binning 1   1,DR18
4987.697,0.86528975,0.34313226,0.106021374,SDSS-SDSS,SDSS,527,52342,323,593438075762272256,26,binning 1   1,DR18
4988.844,0.25217628,0.3606346,0.16596548,SDSS-SDSS,SDSS,527,52342,323,593438075762272256,26,binning 1   1,DR18
4989.9946,0.73041904,0.36422986,0.20410378,SDSS-SDSS,SDSS,527,52342,323,593438075762272256,26,binning 1   1,DR18
4991.1426,0.091706835,0.35068262,0.20605741,SDSS-SDSS,SDSS,527,52342,323,593438075762272256,26,binning 1   1,DR18
4992.291,1.0433459,0.3529671,0.2233908,SDSS-SDSS,SDSS,527,52342,323,593438075762272256,26,binning 1   1,DR18
4993.442,0.12367911,0.3535669,0.24989492,SDSS-SDSS,SDSS,527,52342,323,593438075762272256,26,binning 1   1,DR18
4994.591,-0.19016403,0.35396045,0.21535534,SDSS-SDSS,SDSS,527,52342,323,593438075762272256,26,binning 1   1,DR18
4995.7427,-0.6478007,0.3491257,0.20936829,SDSS-SDSS,SDSS,527,52342,323,593438075762272256,26,binning 1   1,DR18
4996.892,0.94732916,0.34566087,0.26163217,SDSS-SDSS,SDSS,527,52342,323,593438075762272256,26,binning 1   1,DR18
4998.044,1.0837241,0.34450385,0.29301953,SDSS-SDSS,SDSS,527,52342,323,593438075762272256,26,binning 1   1,DR18
4999.194,-0.33049697,0.33394372,0.26493925,SDSS-SDSS,SDSS,527,52342,323,593438075762272256,26,binning 1   1,DR18
5000.3438,0.47334003,0.3448519,0.22596465,SDSS-SDSS,SDSS,527,52342,323,593438075762272256,26,binning 1   1,DR18
5001.497,0.39992264,0.35155398,0.24576943,SDSS-SDSS,SDSS,527,52342,323,593438075762272256,26,binning 1   1,DR18
5002.6475,0.22926381,0.33238485,0.23205219,SDSS-SDSS,SDSS,527,52342,323,593438075762272256,26,binning 1   1,DR18
5003.8013,0.43640226,0.32334182,0.19968285,SDSS-SDSS,SDSS,527,52342,323,593438075762272256,26,binning 1   1,DR18
5004.952,-0.10509833,0.3134929,0.14579663,SDSS-SDSS,SDSS,527,52342,323,593438075762272256,26,binning 1   1,DR18
5006.1064,0.0035278576,0.31227735,0.10012593,SDSS-SDSS,SDSS,527,52342,323,593438075762272256,26,binning 1   1,DR18
5007.2583,-0.5052326,0.31269065,0.108759515,SDSS-SDSS,SDSS,527,52342,323,593438075762272256,26,binning 1   1,DR18
5008.4126,0.48443145,0.32870454,0.18995428,SDSS-SDSS,SDSS,527,52342,323,593438075762272256,26,binning 1   1,DR18
5009.565,-0.09075576,0.33093977,0.29748645,SDSS-SDSS,SDSS,527,52342,323,593438075762272256,26,binning 1   1,DR18
5010.7173,0.39751837,0.3326422,0.34821334,SDSS-SDSS,SDSS,527,52342,323,593438075762272256,26,binning 1   1,DR18
5011.873,0.4212683,0.32203808,0.30789676,SDSS-SDSS,SDSS,527,52342,323,593438075762272256,26,binning 1   1,DR18
5013.026,0.4440645,0.31596774,0.26339218,SDSS-SDSS,SDSS,527,52342,323,593438075762272256,26,binning 1   1,DR18
5014.1816,0.15873004,0.3130535,0.2683415,SDSS-SDSS,SDSS,527,52342,323,593438075762272256,26,binning 1   1,DR18
5015.3354,0.18403886,0.31098443,0.27104223,SDSS-SDSS,SDSS,527,52342,323,593438075762272256,26,binning 1   1,DR18
5016.4917,0.10363699,0.31574315,0.32439262,SDSS-SDSS,SDSS,527,52342,323,593438075762272256,26,binning 1   1,DR18
5017.646,0.39128757,0.33372226,0.35219124,SDSS-SDSS,SDSS,527,52342,323,593438075762272256,26,binning 1   1,DR18
5018.8003,0.032459762,0.32365546,0.31690535,SDSS-SDSS,SDSS,527,52342,323,593438075762272256,26,binning 1   1,DR18
5019.9575,-0.40558022,0.31267348,0.28314698,SDSS-SDSS,SDSS,527,52342,323,593438075762272256,26,binning 1   1,DR18
5021.1123,0.717333,0.32635713,0.2828636,SDSS-SDSS,SDSS,527,52342,323,593438075762272256,26,binning 1   1,DR18
5022.27,0.26585355,0.3182119,0.2569857,SDSS-SDSS,SDSS,527,52342,323,593438075762272256,26,binning 1   1,DR18
5023.426,0.5095607,0.32661632,0.2500204,SDSS-SDSS,SDSS,527,52342,323,593438075762272256,26,binning 1   1,DR18
5024.584,0.20800789,0.316075,0.22390883,SDSS-SDSS,SDSS,527,52342,323,593438075762272256,26,binning 1   1,DR18
5025.7397,0.0045457003,0.33002493,0.25096822,SDSS-SDSS,SDSS,527,52342,323,593438075762272256,26,binning 1   1,DR18
5026.896,0.7499519,0.35155362,0.25261596,SDSS-SDSS,SDSS,527,52342,323,593438075762272256,26,binning 1   1,DR18
5028.055,0.047284685,0.33335313,0.19574375,SDSS-SDSS,SDSS,527,52342,323,593438075762272256,26,binning 1   1,DR18
5029.212,0.41912293,0.34258786,0.21648231,SDSS-SDSS,SDSS,527,52342,323,593438075762272256,26,binning 1   1,DR18
5030.3716,0.60162777,0.3357305,0.2540918,SDSS-SDSS,SDSS,527,52342,323,593438075762272256,26,binning 1   1,DR18
5031.529,-0.03298649,0.3231789,0.25346595,SDSS-SDSS,SDSS,527,52342,323,593438075762272256,26,binning 1   1,DR18
5032.689,0.059292864,0.31136537,0.23650825,SDSS-SDSS,SDSS,527,52342,323,593438075762272256,26,binning 1   1,DR18
5033.847,-0.13021617,0.3165198,0.24038966,SDSS-SDSS,SDSS,527,52342,323,593438075762272256,26,binning 1   1,DR18
5035.005,0.2521438,0.31514063,0.25255027,SDSS-SDSS,SDSS,527,52342,323,593438075762272256,26,binning 1   1,DR18
5036.166,-0.21293871,0.3733363,0.22620755,SDSS-SDSS,SDSS,527,52342,323,593438075762272256,26,binning 1   1,DR18
5037.3247,-0.36368158,0.36998764,0.22762589,SDSS-SDSS,SDSS,527,52342,323,593438075762272256,26,binning 1   1,DR18
5038.4863,0.6721802,0.39147025,0.2428878,SDSS-SDSS,SDSS,527,52342,323,593438075762272256,26,binning 1   1,DR18
5039.6455,0.38250494,0.31098658,0.259908,SDSS-SDSS,SDSS,527,52342,323,593438075762272256,26,binning 1   1,DR18
5040.8076,0.2600705,0.32035968,0.2639181,SDSS-SDSS,SDSS,527,52342,323,593438075762272256,26,binning 1   1,DR18
5041.967,0.09008014,0.30846187,0.25185218,SDSS-SDSS,SDSS,527,52342,323,593438075762272256,26,binning 1   1,DR18
5043.127,-0.36556557,0.29744133,0.24136096,SDSS-SDSS,SDSS,527,52342,323,593438075762272256,26,binning 1   1,DR18
5044.29,0.0061998256,0.30141297,0.24316728,SDSS-SDSS,SDSS,527,52342,323,593438075762272256,26,binning 1   1,DR18
5045.45,-0.3168116,0.31824648,0.25874898,SDSS-SDSS,SDSS,527,52342,323,593438075762272256,26,binning 1   1,DR18
5046.614,-0.033553146,0.32356602,0.27948663,SDSS-SDSS,SDSS,527,52342,323,593438075762272256,26,binning 1   1,DR18
5047.775,0.25707594,0.33076134,0.30538198,SDSS-SDSS,SDSS,527,52342,323,593438075762272256,26,binning 1   1,DR18
5048.939,0.15496407,0.31166235,0.31003025,SDSS-SDSS,SDSS,527,52342,323,593438075762272256,26,binning 1   1,DR18
5050.1,0.5292958,0.30988318,0.25371394,SDSS-SDSS,SDSS,527,52342,323,593438075762272256,26,binning 1   1,DR18
5051.262,0.10470791,0.30728847,0.21087833,SDSS-SDSS,SDSS,527,52342,323,593438075762272256,26,binning 1   1,DR18
5052.427,0.19642939,0.3163606,0.18537712,SDSS-SDSS,SDSS,527,52342,323,593438075762272256,26,binning 1   1,DR18
5053.5894,0.6710534,0.3173444,0.20906092,SDSS-SDSS,SDSS,527,52342,323,593438075762272256,26,binning 1   1,DR18
5054.7544,0.97590095,0.33132303,0.25290528,SDSS-SDSS,SDSS,527,52342,323,593438075762272256,26,binning 1   1,DR18
5055.9175,0.47278965,0.32753015,0.26426223,SDSS-SDSS,SDSS,527,52342,323,593438075762272256,26,binning 1   1,DR18
5057.083,0.58688307,0.41758016,0.23189598,SDSS-SDSS,SDSS,527,52342,323,593438075762272256,26,binning 1   1,DR18
5058.2466,0.7066431,0.42218715,0.19944812,SDSS-SDSS,SDSS,527,52342,323,593438075762272256,26,binning 1   1,DR18
5059.41,0.11871292,0.33899212,0.2089054,SDSS-SDSS,SDSS,527,52342,323,593438075762272256,26,binning 1   1,DR18
5060.577,0.03308607,0.34722576,0.20837094,SDSS-SDSS,SDSS,527,52342,323,593438075762272256,26,binning 1   1,DR18
5061.741,-0.06462753,0.34435627,0.2216589,SDSS-SDSS,SDSS,527,52342,323,593438075762272256,26,binning 1   1,DR18
5062.908,0.076665856,0.33604255,0.24736443,SDSS-SDSS,SDSS,527,52342,323,593438075762272256,26,binning 1   1,DR18
5064.073,0.04284021,0.31509897,0.20913395,SDSS-SDSS,SDSS,527,52342,323,593438075762272256,26,binning 1   1,DR18
5065.2407,0.04805268,0.30849427,0.19512436,SDSS-SDSS,SDSS,527,52342,323,593438075762272256,26,binning 1   1,DR18
5066.4062,1.2893916,0.31931543,0.23231535,SDSS-SDSS,SDSS,527,52342,323,593438075762272256,26,binning 1   1,DR18
5067.572,-0.3884577,0.29400975,0.26000223,SDSS-SDSS,SDSS,527,52342,323,593438075762272256,26,binning 1   1,DR18
5068.74,0.057229605,0.31588247,0.2553968,SDSS-SDSS,SDSS,527,52342,323,593438075762272256,26,binning 1   1,DR18
5069.9062,0.31278622,0.32585102,0.23092493,SDSS-SDSS,SDSS,527,52342,323,593438075762272256,26,binning 1   1,DR18
5071.075,0.54898024,0.3308797,0.19946668,SDSS-SDSS,SDSS,527,52342,323,593438075762272256,26,binning 1   1,DR18
5072.2417,0.042461473,0.31280184,0.17071258,SDSS-SDSS,SDSS,527,52342,323,593438075762272256,26,binning 1   1,DR18
5073.4116,-0.24247934,0.30750242,0.1544341,SDSS-SDSS,SDSS,527,52342,323,593438075762272256,26,binning 1   1,DR18
5074.5786,0.35977745,0.32174507,0.114544466,SDSS-SDSS,SDSS,527,52342,323,593438075762272256,26,binning 1   1,DR18
5075.746,0.21424927,0.3124394,0.09875414,SDSS-SDSS,SDSS,527,52342,323,593438075762272256,26,binning 1   1,DR18
5076.9165,-0.330095,0.3094954,0.13573784,SDSS-SDSS,SDSS,527,52342,323,593438075762272256,26,binning 1   1,DR18
5078.0845,0.17586583,0.31051725,0.15848544,SDSS-SDSS,SDSS,527,52342,323,593438075762272256,26,binning 1   1,DR18
5079.2554,0.0694188,0.3165156,0.15582451,SDSS-SDSS,SDSS,527,52342,323,593438075762272256,26,binning 1   1,DR18
5080.424,-0.009221846,0.32940656,0.11397169,SDSS-SDSS,SDSS,527,52342,323,593438075762272256,26,binning 1   1,DR18
5081.5957,0.28341684,0.34771395,0.083103664,SDSS-SDSS,SDSS,527,52342,323,593438075762272256,26,binning 1   1,DR18
5082.7646,-0.034991816,0.34760538,0.103715435,SDSS-SDSS,SDSS,527,52342,323,593438075762272256,26,binning 1   1,DR18
5083.9336,0.1065644,0.34344313,0.15104419,SDSS-SDSS,SDSS,527,52342,323,593438075762272256,26,binning 1   1,DR18
5085.106,1.3628826,0.34258303,0.1673972,SDSS-SDSS,SDSS,527,52342,323,593438075762272256,26,binning 1   1,DR18
5086.276,-0.36626065,0.32663015,0.21947879,SDSS-SDSS,SDSS,527,52342,323,593438075762272256,26,binning 1   1,DR18
5087.4487,0.2630691,0.35305676,0.2249236,SDSS-SDSS,SDSS,527,52342,323,593438075762272256,26,binning 1   1,DR18
5088.619,0.25726557,0.35831156,0.2615944,SDSS-SDSS,SDSS,527,52342,323,593438075762272256,26,binning 1   1,DR18
5089.7925,0.45558715,0.34034017,0.3053936,SDSS-SDSS,SDSS,527,52342,323,593438075762272256,26,binning 1   1,DR18
5090.9634,0.043671414,0.32137218,0.29825872,SDSS-SDSS,SDSS,527,52342,323,593438075762272256,26,binning 1   1,DR18
5092.135,-0.24960843,0.3162389,0.25912294,SDSS-SDSS,SDSS,527,52342,323,593438075762272256,26,binning 1   1,DR18
5093.309,-0.022668084,0.31773296,0.2070089,SDSS-SDSS,SDSS,527,52342,323,593438075762272256,26,binning 1   1,DR18
5094.4805,-0.022143645,0.31680587,0.20101982,SDSS-SDSS,SDSS,527,52342,323,593438075762272256,26,binning 1   1,DR18
5095.6553,-0.42805347,0.30761638,0.1945922,SDSS-SDSS,SDSS,527,52342,323,593438075762272256,26,binning 1   1,DR18
5096.8276,-0.652805,0.3063776,0.16513996,SDSS-SDSS,SDSS,527,52342,323,593438075762272256,26,binning 1   1,DR18
5098.003,0.57004863,0.31636113,0.14425561,SDSS-SDSS,SDSS,527,52342,323,593438075762272256,26,binning 1   1,DR18
5099.176,-0.051652037,0.31260332,0.16972363,SDSS-SDSS,SDSS,527,52342,323,593438075762272256,26,binning 1   1,DR18
5100.3516,0.42433903,0.33125323,0.18970689,SDSS-SDSS,SDSS,527,52342,323,593438075762272256,26,binning 1   1,DR18
5101.525,0.3151774,0.3392907,0.21603177,SDSS-SDSS,SDSS,527,52342,323,593438075762272256,26,binning 1   1,DR18
5102.6987,-0.12950884,0.3397143,0.18891941,SDSS-SDSS,SDSS,527,52342,323,593438075762272256,26,binning 1   1,DR18
5103.875,0.62088877,0.32405874,0.09744685,SDSS-SDSS,SDSS,527,52342,323,593438075762272256,26,binning 1   1,DR18
5105.0493,0.046210855,0.30862868,0.027889673,SDSS-SDSS,SDSS,527,52342,323,593438075762272256,26,binning 1   1,DR18
5106.2266,0.6464932,0.31161138,0.08397262,SDSS-SDSS,SDSS,527,52342,323,593438075762272256,26,binning 1   1,DR18
5107.4014,0.828647,0.3290031,0.14409576,SDSS-SDSS,SDSS,527,52342,323,593438075762272256,26,binning 1   1,DR18
5108.579,0.23313615,0.3255363,0.16240102,SDSS-SDSS,SDSS,527,52342,323,593438075762272256,26,binning 1   1,DR18
5109.7544,0.27397764,0.3103708,0.1619249,SDSS-SDSS,SDSS,527,52342,323,593438075762272256,26,binning 1   1,DR18
5110.9297,-0.16525017,0.30054414,0.17401822,SDSS-SDSS,SDSS,527,52342,323,593438075762272256,26,binning 1   1,DR18
5112.1084,0.04930178,0.31618273,0.18659368,SDSS-SDSS,SDSS,527,52342,323,593438075762272256,26,binning 1   1,DR18
5113.284,0.45326442,0.33612624,0.16565405,SDSS-SDSS,SDSS,527,52342,323,593438075762272256,26,binning 1   1,DR18
5114.4634,-0.14559655,0.3339903,0.19111979,SDSS-SDSS,SDSS,527,52342,323,593438075762272256,26,binning 1   1,DR18
5115.64,0.8020518,0.32201242,0.2552036,SDSS-SDSS,SDSS,527,52342,323,593438075762272256,26,binning 1   1,DR18
5116.82,0.8039519,0.312907,0.2742318,SDSS-SDSS,SDSS,527,52342,323,593438075762272256,26,binning 1   1,DR18
5117.9966,0.19617042,0.31326744,0.27012995,SDSS-SDSS,SDSS,527,52342,323,593438075762272256,26,binning 1   1,DR18
5119.1743,-0.05577642,0.3181274,0.29704216,SDSS-SDSS,SDSS,527,52342,323,593438075762272256,26,binning 1   1,DR18
5120.3545,0.49857545,0.33840525,0.33864683,SDSS-SDSS,SDSS,527,52342,323,593438075762272256,26,binning 1   1,DR18
5121.5327,0.43390298,0.34255818,0.3497766,SDSS-SDSS,SDSS,527,52342,323,593438075762272256,26,binning 1   1,DR18
5122.7134,1.3615162,0.34642678,0.35715994,SDSS-SDSS,SDSS,527,52342,323,593438075762272256,26,binning 1   1,DR18
5123.892,1.1620318,0.3423249,0.3099436,SDSS-SDSS,SDSS,527,52342,323,593438075762272256,26,binning 1   1,DR18
5125.0737,0.75882244,0.33445287,0.22066252,SDSS-SDSS,SDSS,527,52342,323,593438075762272256,26,binning 1   1,DR18
5126.2524,0.25807607,0.32632774,0.17342642,SDSS-SDSS,SDSS,527,52342,323,593438075762272256,26,binning 1   1,DR18
5127.432,0.43459684,0.31898415,0.22973928,SDSS-SDSS,SDSS,527,52342,323,593438075762272256,26,binning 1   1,DR18
5128.6143,0.31054768,0.35647002,0.27008483,SDSS-SDSS,SDSS,527,52342,323,593438075762272256,26,binning 1   1,DR18
5129.794,-0.73443234,0.36192033,0.26220107,SDSS-SDSS,SDSS,527,52342,323,593438075762272256,26,binning 1   1,DR18
5130.977,0.8259999,0.38320047,0.20194605,SDSS-SDSS,SDSS,527,52342,323,593438075762272256,26,binning 1   1,DR18
5132.157,-0.051508043,0.3261061,0.1629987,SDSS-SDSS,SDSS,527,52342,323,593438075762272256,26,binning 1   1,DR18
5133.341,0.30210674,0.33446783,0.19077997,SDSS-SDSS,SDSS,527,52342,323,593438075762272256,26,binning 1   1,DR18
5134.522,0.29206696,0.33651,0.22379607,SDSS-SDSS,SDSS,527,52342,323,593438075762272256,26,binning 1   1,DR18
5135.703,0.02960764,0.32071146,0.21639867,SDSS-SDSS,SDSS,527,52342,323,593438075762272256,26,binning 1   1,DR18
5136.887,0.4746247,0.3156548,0.25383583,SDSS-SDSS,SDSS,527,52342,323,593438075762272256,26,binning 1   1,DR18
5138.069,0.5380044,0.31700426,0.30945164,SDSS-SDSS,SDSS,527,52342,323,593438075762272256,26,binning 1   1,DR18
5139.254,0.33308542,0.32499793,0.32579592,SDSS-SDSS,SDSS,527,52342,323,593438075762272256,26,binning 1   1,DR18
5140.436,0.343375,0.332274,0.2755473,SDSS-SDSS,SDSS,527,52342,323,593438075762272256,26,binning 1   1,DR18
5141.6216,0.0030428518,0.32062584,0.18975808,SDSS-SDSS,SDSS,527,52342,323,593438075762272256,26,binning 1   1,DR18
5142.804,0.45704982,0.31770176,0.13422285,SDSS-SDSS,SDSS,527,52342,323,593438075762272256,26,binning 1   1,DR18
5143.9873,-0.3900508,0.31436813,0.04873025,SDSS-SDSS,SDSS,527,52342,323,593438075762272256,26,binning 1   1,DR18
5145.174,0.21479228,0.32011268,0.009338179,SDSS-SDSS,SDSS,527,52342,323,593438075762272256,26,binning 1   1,DR18
5146.3574,-0.14267431,0.32130757,0.024557346,SDSS-SDSS,SDSS,527,52342,323,593438075762272256,26,binning 1   1,DR18
5147.544,0.20313874,0.3289736,0.083016805,SDSS-SDSS,SDSS,527,52342,323,593438075762272256,26,binning 1   1,DR18
5148.728,-0.23825191,0.32300234,0.19971487,SDSS-SDSS,SDSS,527,52342,323,593438075762272256,26,binning 1   1,DR18
5149.9155,-0.019086374,0.3220798,0.26963976,SDSS-SDSS,SDSS,527,52342,323,593438075762272256,26,binning 1   1,DR18
5151.1,0.46362144,0.31833702,0.27521208,SDSS-SDSS,SDSS,527,52342,323,593438075762272256,26,binning 1   1,DR18
5152.285,0.19246559,0.32216185,0.24870455,SDSS-SDSS,SDSS,527,52342,323,593438075762272256,26,binning 1   1,DR18
5153.473,0.04447992,0.3326916,0.23589022,SDSS-SDSS,SDSS,527,52342,323,593438075762272256,26,binning 1   1,DR18
5154.6587,-0.45469472,0.33421594,0.23236445,SDSS-SDSS,SDSS,527,52342,323,593438075762272256,26,binning 1   1,DR18
5155.8477,0.10212423,0.33643228,0.18220492,SDSS-SDSS,SDSS,527,52342,323,593438075762272256,26,binning 1   1,DR18
5157.0337,0.046847127,0.3397702,0.12739977,SDSS-SDSS,SDSS,527,52342,323,593438075762272256,26,binning 1   1,DR18
5158.2227,-0.17466696,0.32400146,0.15252896,SDSS-SDSS,SDSS,527,52342,323,593438075762272256,26,binning 1   1,DR18
5159.4097,0.76263064,0.3281717,0.17546675,SDSS-SDSS,SDSS,527,52342,323,593438075762272256,26,binning 1   1,DR18
5160.596,0.75855625,0.32668877,0.18714167,SDSS-SDSS,SDSS,527,52342,323,593438075762272256,26,binning 1   1,DR18
5161.786,0.13452603,0.30756524,0.21195734,SDSS-SDSS,SDSS,527,52342,323,593438075762272256,26,binning 1   1,DR18
5162.9736,-0.5401911,0.30500144,0.22932376,SDSS-SDSS,SDSS,527,52342,323,593438075762272256,26,binning 1   1,DR18
5164.1646,0.21821617,0.32540995,0.24278843,SDSS-SDSS,SDSS,527,52342,323,593438075762272256,26,binning 1   1,DR18
5165.3525,-0.27195856,0.31332624,0.21831948,SDSS-SDSS,SDSS,527,52342,323,593438075762272256,26,binning 1   1,DR18
5166.5435,0.33267874,0.30836618,0.23026027,SDSS-SDSS,SDSS,527,52342,323,593438075762272256,26,binning 1   1,DR18
5167.732,0.23429117,0.31488466,0.25328362,SDSS-SDSS,SDSS,527,52342,323,593438075762272256,26,binning 1   1,DR18
5168.921,0.56715864,0.32040888,0.24521674,SDSS-SDSS,SDSS,527,52342,323,593438075762272256,26,binning 1   1,DR18
5170.113,-0.0732508,0.3160521,0.22042249,SDSS-SDSS,SDSS,527,52342,323,593438075762272256,26,binning 1   1,DR18
5171.3022,0.33898798,0.32556087,0.112194404,SDSS-SDSS,SDSS,527,52342,323,593438075762272256,26,binning 1   1,DR18
5172.4946,0.057368666,0.32189944,0.06985178,SDSS-SDSS,SDSS,527,52342,323,593438075762272256,26,binning 1   1,DR18
5173.6846,0.3632522,0.32457346,0.10425155,SDSS-SDSS,SDSS,527,52342,323,593438075762272256,26,binning 1   1,DR18
5174.878,0.15210575,0.32845563,0.13754834,SDSS-SDSS,SDSS,527,52342,323,593438075762272256,26,binning 1   1,DR18
5176.0684,-0.23875609,0.32800227,0.16646664,SDSS-SDSS,SDSS,527,52342,323,593438075762272256,26,binning 1   1,DR18
5177.259,0.57632446,0.3249583,0.26226172,SDSS-SDSS,SDSS,527,52342,323,593438075762272256,26,binning 1   1,DR18
5178.4526,0.46210307,0.32766217,0.26004583,SDSS-SDSS,SDSS,527,52342,323,593438075762272256,26,binning 1   1,DR18
5179.644,-0.1633804,0.31809407,0.2432631,SDSS-SDSS,SDSS,527,52342,323,593438075762272256,26,binning 1   1,DR18
5180.8384,0.3811156,0.31710595,0.27872813,SDSS-SDSS,SDSS,527,52342,323,593438075762272256,26,binning 1   1,DR18
5182.0303,0.33963448,0.31541234,0.3029101,SDSS-SDSS,SDSS,527,52342,323,593438075762272256,26,binning 1   1,DR18
5183.225,0.51557374,0.31610104,0.27534574,SDSS-SDSS,SDSS,527,52342,323,593438075762272256,26,binning 1   1,DR18
5184.4175,-0.123716354,0.31268784,0.27406213,SDSS-SDSS,SDSS,527,52342,323,593438075762272256,26,binning 1   1,DR18
5185.6104,0.86174893,0.324056,0.29576144,SDSS-SDSS,SDSS,527,52342,323,593438075762272256,26,binning 1   1,DR18
5186.806,0.9804686,0.32683504,0.25474545,SDSS-SDSS,SDSS,527,52342,323,593438075762272256,26,binning 1   1,DR18
5187.9995,-0.041374434,0.31396037,0.19203597,SDSS-SDSS,SDSS,527,52342,323,593438075762272256,26,binning 1   1,DR18
5189.196,-0.3787203,0.31115332,0.16049539,SDSS-SDSS,SDSS,527,52342,323,593438075762272256,26,binning 1   1,DR18
5190.3896,-0.21795298,0.32350692,0.1604415,SDSS-SDSS,SDSS,527,52342,323,593438075762272256,26,binning 1   1,DR18
5191.5864,0.31709534,0.33887854,0.14140415,SDSS-SDSS,SDSS,527,52342,323,593438075762272256,26,binning 1   1,DR18
5192.781,-0.13651103,0.32394382,0.08525803,SDSS-SDSS,SDSS,527,52342,323,593438075762272256,26,binning 1   1,DR18
5193.978,-0.27090317,0.30115467,0.037715953,SDSS-SDSS,SDSS,527,52342,323,593438075762272256,26,binning 1   1,DR18
5195.173,-0.11526005,0.29818717,0.033754267,SDSS-SDSS,SDSS,527,52342,323,593438075762272256,26,binning 1   1,DR18
5196.368,0.5077575,0.3223055,0.07177225,SDSS-SDSS,SDSS,527,52342,323,593438075762272256,26,binning 1   1,DR18
5197.5664,0.14100713,0.3335833,0.13359371,SDSS-SDSS,SDSS,527,52342,323,593438075762272256,26,binning 1   1,DR18
5198.762,0.0636683,0.34805986,0.19155118,SDSS-SDSS,SDSS,527,52342,323,593438075762272256,26,binning 1   1,DR18
5199.961,0.43442115,0.3475967,0.1919889,SDSS-SDSS,SDSS,527,52342,323,593438075762272256,26,binning 1   1,DR18
5201.157,-0.05304579,0.33933982,0.20120592,SDSS-SDSS,SDSS,527,52342,323,593438075762272256,26,binning 1   1,DR18
5202.3564,0.7008209,0.33966413,0.20721187,SDSS-SDSS,SDSS,527,52342,323,593438075762272256,26,binning 1   1,DR18
5203.553,0.7166304,0.32918563,0.20556381,SDSS-SDSS,SDSS,527,52342,323,593438075762272256,26,binning 1   1,DR18
5204.7505,0.6702758,0.338176,0.20163287,SDSS-SDSS,SDSS,527,52342,323,593438075762272256,26,binning 1   1,DR18
5205.9507,0.58316284,0.33404398,0.19418435,SDSS-SDSS,SDSS,527,52342,323,593438075762272256,26,binning 1   1,DR18
5207.1484,0.27187663,0.32043117,0.20357424,SDSS-SDSS,SDSS,527,52342,323,593438075762272256,26,binning 1   1,DR18
5208.349,0.43827525,0.31203896,0.22948495,SDSS-SDSS,SDSS,527,52342,323,593438075762272256,26,binning 1   1,DR18
5209.5474,0.8019366,0.31231037,0.22489534,SDSS-SDSS,SDSS,527,52342,323,593438075762272256,26,binning 1   1,DR18
5210.7485,-0.27805278,0.30451208,0.21938767,SDSS-SDSS,SDSS,527,52342,323,593438075762272256,26,binning 1   1,DR18
5211.9473,0.48413935,0.30741605,0.25398603,SDSS-SDSS,SDSS,527,52342,323,593438075762272256,26,binning 1   1,DR18
5213.146,-0.21824448,0.30764487,0.30258936,SDSS-SDSS,SDSS,527,52342,323,593438075762272256,26,binning 1   1,DR18
5214.348,-0.05445133,0.31466633,0.3199295,SDSS-SDSS,SDSS,527,52342,323,593438075762272256,26,binning 1   1,DR18
5215.548,0.92172134,0.31225368,0.2647198,SDSS-SDSS,SDSS,527,52342,323,593438075762272256,26,binning 1   1,DR18
5216.7505,0.4987653,0.31430534,0.13517937,SDSS-SDSS,SDSS,527,52342,323,593438075762272256,26,binning 1   1,DR18
5217.9507,-0.31916112,0.3143593,0.046052057,SDSS-SDSS,SDSS,527,52342,323,593438075762272256,26,binning 1   1,DR18
5219.154,0.15390913,0.3402178,0.070663854,SDSS-SDSS,SDSS,527,52342,323,593438075762272256,26,binning 1   1,DR18
5220.3545,0.6829038,0.34838998,0.11687308,SDSS-SDSS,SDSS,527,52342,323,593438075762272256,26,binning 1   1,DR18
5221.5557,-0.14230877,0.3174478,0.091219775,SDSS-SDSS,SDSS,527,52342,323,593438075762272256,26,binning 1   1,DR18
5222.76,-0.12453919,0.31820592,0.13920283,SDSS-SDSS,SDSS,527,52342,323,593438075762272256,26,binning 1   1,DR18
5223.961,0.47163308,0.3539607,0.20560335,SDSS-SDSS,SDSS,527,52342,323,593438075762272256,26,binning 1   1,DR18
5225.1655,0.3455065,0.37227744,0.25850534,SDSS-SDSS,SDSS,527,52342,323,593438075762272256,26,binning 1   1,DR18
5226.3677,0.545881,0.35130516,0.28636348,SDSS-SDSS,SDSS,527,52342,323,593438075762272256,26,binning 1   1,DR18
5227.5728,0.13209923,0.3086246,0.24442093,SDSS-SDSS,SDSS,527,52342,323,593438075762272256,26,binning 1   1,DR18
5228.7754,-0.32927358,0.30104738,0.14101274,SDSS-SDSS,SDSS,527,52342,323,593438075762272256,26,binning 1   1,DR18
5229.9785,0.18807906,0.30801496,0.100631624,SDSS-SDSS,SDSS,527,52342,323,593438075762272256,26,binning 1   1,DR18
5231.1846,0.4825602,0.32488325,0.081841424,SDSS-SDSS,SDSS,527,52342,323,593438075762272256,26,binning 1   1,DR18
5232.3877,0.4653481,0.3224469,0.048056927,SDSS-SDSS,SDSS,527,52342,323,593438075762272256,26,binning 1   1,DR18
5233.594,0.5787431,0.3238022,0.03362952,SDSS-SDSS,SDSS,527,52342,323,593438075762272256,26,binning 1   1,DR18
5234.7983,0.92929006,0.3201362,0.07904107,SDSS-SDSS,SDSS,527,52342,323,593438075762272256,26,binning 1   1,DR18
5236.0054,0.070673026,0.30583405,0.06266343,SDSS-SDSS,SDSS,527,52342,323,593438075762272256,26,binning 1   1,DR18
5237.21,0.012003515,0.31515318,0.065912105,SDSS-SDSS,SDSS,527,52342,323,593438075762272256,26,binning 1   1,DR18
5238.415,0.34634617,0.3278854,0.06713334,SDSS-SDSS,SDSS,527,52342,323,593438075762272256,26,binning 1   1,DR18
5239.623,0.41293243,0.34515825,0.044388086,SDSS-SDSS,SDSS,527,52342,323,593438075762272256,26,binning 1   1,DR18
5240.828,0.2536637,0.35800415,0.040674817,SDSS-SDSS,SDSS,527,52342,323,593438075762272256,26,binning 1   1,DR18
5242.0366,0.16883546,0.3501795,0.10111816,SDSS-SDSS,SDSS,527,52342,323,593438075762272256,26,binning 1   1,DR18
5243.2427,1.007736,0.35679793,0.07429004,SDSS-SDSS,SDSS,527,52342,323,593438075762272256,26,binning 1   1,DR18
5244.4517,0.56724083,0.34621108,0.07121134,SDSS-SDSS,SDSS,527,52342,323,593438075762272256,26,binning 1   1,DR18
5245.658,-0.53515095,0.32072932,0.12995334,SDSS-SDSS,SDSS,527,52342,323,593438075762272256,26,binning 1   1,DR18
5246.865,0.08685786,0.3433001,0.20945022,SDSS-SDSS,SDSS,527,52342,323,593438075762272256,26,binning 1   1,DR18
5248.0747,0.7111918,0.34610927,0.24131452,SDSS-SDSS,SDSS,527,52342,323,593438075762272256,26,binning 1   1,DR18
5249.282,0.85444707,0.33578792,0.21057785,SDSS-SDSS,SDSS,527,52342,323,593438075762272256,26,binning 1   1,DR18
5250.4927,0.5807827,0.3116156,0.24551131,SDSS-SDSS,SDSS,527,52342,323,593438075762272256,26,binning 1   1,DR18
5251.7007,0.34851387,0.314029,0.273317,SDSS-SDSS,SDSS,527,52342,323,593438075762272256,26,binning 1   1,DR18
5252.9116,0.4208688,0.31822506,0.33013847,SDSS-SDSS,SDSS,527,52342,323,593438075762272256,26,binning 1   1,DR18
5254.12,0.47726282,0.31992805,0.35163322,SDSS-SDSS,SDSS,527,52342,323,593438075762272256,26,binning 1   1,DR18
5255.3286,0.4355256,0.32189685,0.2989944,SDSS-SDSS,SDSS,527,52342,323,593438075762272256,26,binning 1   1,DR18
5256.5405,-0.3373979,0.3371663,0.25191426,SDSS-SDSS,SDSS,527,52342,323,593438075762272256,26,binning 1   1,DR18
5257.75,-0.31198558,0.3535412,0.16140442,SDSS-SDSS,SDSS,527,52342,323,593438075762272256,26,binning 1   1,DR18
5258.9624,0.4283477,0.3599742,0.10844765,SDSS-SDSS,SDSS,527,52342,323,593438075762272256,26,binning 1   1,DR18
5260.1724,0.010275999,0.33456266,0.13356341,SDSS-SDSS,SDSS,527,52342,323,593438075762272256,26,binning 1   1,DR18
5261.3853,0.11354045,0.32587564,0.17575328,SDSS-SDSS,SDSS,527,52342,323,593438075762272256,26,binning 1   1,DR18
5262.5957,0.4395893,0.31762278,0.18522651,SDSS-SDSS,SDSS,527,52342,323,593438075762272256,26,binning 1   1,DR18
5263.806,-0.3603585,0.30169573,0.19091778,SDSS-SDSS,SDSS,527,52342,323,593438075762272256,26,binning 1   1,DR18
5265.02,0.104092866,0.29853058,0.17428838,SDSS-SDSS,SDSS,527,52342,323,593438075762272256,26,binning 1   1,DR18
5266.231,0.9718558,0.30938387,0.14209478,SDSS-SDSS,SDSS,527,52342,323,593438075762272256,26,binning 1   1,DR18
5267.446,0.9484356,0.30932227,0.11173844,SDSS-SDSS,SDSS,527,52342,323,593438075762272256,26,binning 1   1,DR18
5268.657,0.2329681,0.31228486,0.09947946,SDSS-SDSS,SDSS,527,52342,323,593438075762272256,26,binning 1   1,DR18
5269.872,0.7370625,0.32020235,0.10162906,SDSS-SDSS,SDSS,527,52342,323,593438075762272256,26,binning 1   1,DR18
5271.0845,0.5429533,0.32914528,0.11688156,SDSS-SDSS,SDSS,527,52342,323,593438075762272256,26,binning 1   1,DR18
5272.2974,0.7134732,0.33429536,0.21979064,SDSS-SDSS,SDSS,527,52342,323,593438075762272256,26,binning 1   1,DR18
5273.513,0.29980218,0.32567188,0.28200015,SDSS-SDSS,SDSS,527,52342,323,593438075762272256,26,binning 1   1,DR18
5274.726,0.19830932,0.31285843,0.30050498,SDSS-SDSS,SDSS,527,52342,323,593438075762272256,26,binning 1   1,DR18
5275.9424,-0.06254443,0.31414747,0.2910069,SDSS-SDSS,SDSS,527,52342,323,593438075762272256,26,binning 1   1,DR18
5277.1562,0.8891236,0.3391673,0.27385208,SDSS-SDSS,SDSS,527,52342,323,593438075762272256,26,binning 1   1,DR18
5278.373,0.7148522,0.36741564,0.27923056,SDSS-SDSS,SDSS,527,52342,323,593438075762272256,26,binning 1   1,DR18
5279.5874,0.55468094,0.3731005,0.27904776,SDSS-SDSS,SDSS,527,52342,323,593438075762272256,26,binning 1   1,DR18
5280.8047,0.42233253,0.35703263,0.23893183,SDSS-SDSS,SDSS,527,52342,323,593438075762272256,26,binning 1   1,DR18
5282.0195,0.1724961,0.3331176,0.24430893,SDSS-SDSS,SDSS,527,52342,323,593438075762272256,26,binning 1   1,DR18
5283.235,0.5390513,0.32377663,0.27016324,SDSS-SDSS,SDSS,527,52342,323,593438075762272256,26,binning 1   1,DR18
5284.453,0.4287469,0.325832,0.25507492,SDSS-SDSS,SDSS,527,52342,323,593438075762272256,26,binning 1   1,DR18
5285.669,-0.13391097,0.33502123,0.2117478,SDSS-SDSS,SDSS,527,52342,323,593438075762272256,26,binning 1   1,DR18
5286.8877,1.1124024,0.35382983,0.16276814,SDSS-SDSS,SDSS,527,52342,323,593438075762272256,26,binning 1   1,DR18
5288.104,0.68706703,0.3565209,0.14992817,SDSS-SDSS,SDSS,527,52342,323,593438075762272256,26,binning 1   1,DR18
5289.323,0.60079896,0.35382894,0.16793776,SDSS-SDSS,SDSS,527,52342,323,593438075762272256,26,binning 1   1,DR18
5290.54,0.41290963,0.34724256,0.19779557,SDSS-SDSS,SDSS,527,52342,323,593438075762272256,26,binning 1   1,DR18
5291.7573,0.11260076,0.32352462,0.2369582,SDSS-SDSS,SDSS,527,52342,323,593438075762272256,26,binning 1   1,DR18
5292.9775,0.062172707,0.31342542,0.29016456,SDSS-SDSS,SDSS,527,52342,323,593438075762272256,26,binning 1   1,DR18
5294.1953,0.46598712,0.31592622,0.30896804,SDSS-SDSS,SDSS,527,52342,323,593438075762272256,26,binning 1   1,DR18
5295.416,0.5309778,0.32174033,0.31704012,SDSS-SDSS,SDSS,527,52342,323,593438075762272256,26,binning 1   1,DR18
5296.6343,0.7713031,0.3356775,0.28215086,SDSS-SDSS,SDSS,527,52342,323,593438075762272256,26,binning 1   1,DR18
5297.8555,0.03731125,0.32643464,0.1825475,SDSS-SDSS,SDSS,527,52342,323,593438075762272256,26,binning 1   1,DR18
5299.074,0.24569352,0.32001206,0.056207158,SDSS-SDSS,SDSS,527,52342,323,593438075762272256,26,binning 1   1,DR18
5300.2935,0.47332585,0.3275451,-0.010238042,SDSS-SDSS,SDSS,527,52342,323,593438075762272256,26,binning 1   1,DR18
5301.5156,0.10847867,0.32789648,-0.00606743,SDSS-SDSS,SDSS,527,52342,323,593438075762272256,26,binning 1   1,DR18
5302.7354,0.15338503,0.32190612,-0.011380503,SDSS-SDSS,SDSS,527,52342,323,593438075762272256,26,binning 1   1,DR18
5303.958,0.01381264,0.32897538,0.038585413,SDSS-SDSS,SDSS,527,52342,323,593438075762272256,26,binning 1   1,DR18
5305.178,0.13195923,0.33745977,0.14301673,SDSS-SDSS,SDSS,527,52342,323,593438075762272256,26,binning 1   1,DR18
5306.4014,0.3169714,0.34310335,0.223841,SDSS-SDSS,SDSS,527,52342,323,593438075762272256,26,binning 1   1,DR18
5307.622,0.30349776,0.3504774,0.21708238,SDSS-SDSS,SDSS,527,52342,323,593438075762272256,26,binning 1   1,DR18
5308.8433,0.47981256,0.34563923,0.187909,SDSS-SDSS,SDSS,527,52342,323,593438075762272256,26,binning 1   1,DR18
5310.0674,0.5602197,0.33439806,0.23531863,SDSS-SDSS,SDSS,527,52342,323,593438075762272256,26,binning 1   1,DR18
5311.289,0.589085,0.32888913,0.2380482,SDSS-SDSS,SDSS,527,52342,323,593438075762272256,26,binning 1   1,DR18
5312.5137,0.962725,0.32734543,0.22428752,SDSS-SDSS,SDSS,527,52342,323,593438075762272256,26,binning 1   1,DR18
5313.736,0.5509942,0.3259693,0.25939155,SDSS-SDSS,SDSS,527,52342,323,593438075762272256,26,binning 1   1,DR18
5314.9614,0.09321296,0.33922514,0.2805277,SDSS-SDSS,SDSS,527,52342,323,593438075762272256,26,binning 1   1,DR18
5316.184,0.41681322,0.33196878,0.2475715,SDSS-SDSS,SDSS,527,52342,323,593438075762272256,26,binning 1   1,DR18
5317.407,0.16765317,0.31937927,0.1891417,SDSS-SDSS,SDSS,527,52342,323,593438075762272256,26,binning 1   1,DR18
5318.6333,-0.10066894,0.31705052,0.16960828,SDSS-SDSS,SDSS,527,52342,323,593438075762272256,26,binning 1   1,DR18
5319.857,0.58710533,0.32474464,0.19434221,SDSS-SDSS,SDSS,527,52342,323,593438075762272256,26,binning 1   1,DR18
5321.0835,0.904112,0.3439102,0.22865205,SDSS-SDSS,SDSS,527,52342,323,593438075762272256,26,binning 1   1,DR18
5322.3076,0.5422948,0.33398697,0.24723034,SDSS-SDSS,SDSS,527,52342,323,593438075762272256,26,binning 1   1,DR18
5323.5347,0.24047583,0.33804187,0.2623326,SDSS-SDSS,SDSS,527,52342,323,593438075762272256,26,binning 1   1,DR18
5324.76,0.42651373,0.34077597,0.28312272,SDSS-SDSS,SDSS,527,52342,323,593438075762272256,26,binning 1   1,DR18
5325.9844,0.2981501,0.3489659,0.23328143,SDSS-SDSS,SDSS,527,52342,323,593438075762272256,26,binning 1   1,DR18
5327.213,0.12045673,0.3276399,0.17808521,SDSS-SDSS,SDSS,527,52342,323,593438075762272256,26,binning 1   1,DR18
5328.438,0.81776994,0.32257134,0.19774,SDSS-SDSS,SDSS,527,52342,323,593438075762272256,26,binning 1   1,DR18
5329.667,0.90096575,0.31753013,0.24381351,SDSS-SDSS,SDSS,527,52342,323,593438075762272256,26,binning 1   1,DR18
5330.893,0.68734634,0.32756224,0.26835147,SDSS-SDSS,SDSS,527,52342,323,593438075762272256,26,binning 1   1,DR18
5332.122,0.9846448,0.34001392,0.32137007,SDSS-SDSS,SDSS,527,52342,323,593438075762272256,26,binning 1   1,DR18
5333.349,0.14924484,0.3233948,0.33990642,SDSS-SDSS,SDSS,527,52342,323,593438075762272256,26,binning 1   1,DR18
5334.5757,0.55492944,0.31801754,0.32876456,SDSS-SDSS,SDSS,527,52342,323,593438075762272256,26,binning 1   1,DR18
5335.806,0.29481757,0.32524464,0.3030092,SDSS-SDSS,SDSS,527,52342,323,593438075762272256,26,binning 1   1,DR18
5337.0337,0.9806574,0.32925454,0.2518138,SDSS-SDSS,SDSS,527,52342,323,593438075762272256,26,binning 1   1,DR18
5338.264,0.8744582,0.3269844,0.3015677,SDSS-SDSS,SDSS,527,52342,323,593438075762272256,26,binning 1   1,DR18
5339.492,0.56208056,0.32960904,0.33411396,SDSS-SDSS,SDSS,527,52342,323,593438075762272256,26,binning 1   1,DR18
5340.7236,0.7597106,0.33843178,0.3272382,SDSS-SDSS,SDSS,527,52342,323,593438075762272256,26,binning 1   1,DR18
5341.952,0.10015913,0.33656156,0.29467174,SDSS-SDSS,SDSS,527,52342,323,593438075762272256,26,binning 1   1,DR18
5343.181,0.9176318,0.34878954,0.28098613,SDSS-SDSS,SDSS,527,52342,323,593438075762272256,26,binning 1   1,DR18
5344.413,0.6457432,0.3307128,0.32385585,SDSS-SDSS,SDSS,527,52342,323,593438075762272256,26,binning 1   1,DR18
5345.6426,0.7875605,0.32734329,0.3068485,SDSS-SDSS,SDSS,527,52342,323,593438075762272256,26,binning 1   1,DR18
5346.8755,0.6832535,0.32543328,0.30476394,SDSS-SDSS,SDSS,527,52342,323,593438075762272256,26,binning 1   1,DR18
5348.1055,-0.06733318,0.31797317,0.28267956,SDSS-SDSS,SDSS,527,52342,323,593438075762272256,26,binning 1   1,DR18
5349.339,0.1693653,0.32663926,0.27216724,SDSS-SDSS,SDSS,527,52342,323,593438075762272256,26,binning 1   1,DR18
5350.5693,1.3082416,0.33531755,0.2832571,SDSS-SDSS,SDSS,527,52342,323,593438075762272256,26,binning 1   1,DR18
5351.8003,-0.4074238,0.395227,0.2457623,SDSS-SDSS,SDSS,527,52342,323,593438075762272256,26,binning 1   1,DR18
5353.034,-0.6558863,0.40006208,0.23255706,SDSS-SDSS,SDSS,527,52342,323,593438075762272256,26,binning 1   1,DR18
5354.2656,0.6432409,0.32928303,0.22024971,SDSS-SDSS,SDSS,527,52342,323,593438075762272256,26,binning 1   1,DR18
5355.5005,0.21187307,0.32633936,0.27954924,SDSS-SDSS,SDSS,527,52342,323,593438075762272256,26,binning 1   1,DR18
5356.7324,1.0596452,0.33522025,0.35080466,SDSS-SDSS,SDSS,527,52342,323,593438075762272256,26,binning 1   1,DR18
5357.968,1.0060166,0.35932603,0.36315623,SDSS-SDSS,SDSS,527,52342,323,593438075762272256,26,binning 1   1,DR18
5359.2,0.8070574,0.3855866,0.34287217,SDSS-SDSS,SDSS,527,52342,323,593438075762272256,26,binning 1   1,DR18
5360.433,0.47500148,0.38112885,0.24394146,SDSS-SDSS,SDSS,527,52342,323,593438075762272256,26,binning 1   1,DR18
5361.6694,0.6380785,0.34014577,0.21248499,SDSS-SDSS,SDSS,527,52342,323,593438075762272256,26,binning 1   1,DR18
5362.903,-0.20693171,0.3037797,0.22590905,SDSS-SDSS,SDSS,527,52342,323,593438075762272256,26,binning 1   1,DR18
5364.139,0.1626983,0.3069168,0.21378115,SDSS-SDSS,SDSS,527,52342,323,593438075762272256,26,binning 1   1,DR18
5365.3735,0.72236973,0.31423303,0.17758463,SDSS-SDSS,SDSS,527,52342,323,593438075762272256,26,binning 1   1,DR18
5366.611,0.40802577,0.30842012,0.2044182,SDSS-SDSS,SDSS,527,52342,323,593438075762272256,26,binning 1   1,DR18
5367.845,0.119359575,0.31402016,0.2923759,SDSS-SDSS,SDSS,527,52342,323,593438075762272256,26,binning 1   1,DR18
5369.08,0.5340235,0.32163888,0.32066,SDSS-SDSS,SDSS,527,52342,323,593438075762272256,26,binning 1   1,DR18
5370.3184,1.239469,0.3534241,0.28526893,SDSS-SDSS,SDSS,527,52342,323,593438075762272256,26,binning 1   1,DR18
5371.5537,0.95997316,0.3519734,0.23805174,SDSS-SDSS,SDSS,527,52342,323,593438075762272256,26,binning 1   1,DR18
5372.7925,0.10024354,0.32620576,0.23930965,SDSS-SDSS,SDSS,527,52342,323,593438075762272256,26,binning 1   1,DR18
5374.0283,0.2959019,0.32919714,0.29985774,SDSS-SDSS,SDSS,527,52342,323,593438075762272256,26,binning 1   1,DR18
5375.2676,0.13769782,0.3209821,0.29988414,SDSS-SDSS,SDSS,527,52342,323,593438075762272256,26,binning 1   1,DR18
5376.504,0.6442513,0.3296716,0.29904306,SDSS-SDSS,SDSS,527,52342,323,593438075762272256,26,binning 1   1,DR18
5377.744,0.17015225,0.33623815,0.3251923,SDSS-SDSS,SDSS,527,52342,323,593438075762272256,26,binning 1   1,DR18
5378.981,0.9833316,0.34456766,0.30752787,SDSS-SDSS,SDSS,527,52342,323,593438075762272256,26,binning 1   1,DR18
5380.2183,0.539425,0.32938692,0.2510264,SDSS-SDSS,SDSS,527,52342,323,593438075762272256,26,binning 1   1,DR18
5381.459,0.27148655,0.31413266,0.2887717,SDSS-SDSS,SDSS,527,52342,323,593438075762272256,26,binning 1   1,DR18
5382.6973,1.4182993,0.33343524,0.3369542,SDSS-SDSS,SDSS,527,52342,323,593438075762272256,26,binning 1   1,DR18
5383.9385,-0.44985914,0.32307553,0.35090625,SDSS-SDSS,SDSS,527,52342,323,593438075762272256,26,binning 1   1,DR18
5385.177,1.0982126,0.35344538,0.37861812,SDSS-SDSS,SDSS,527,52342,323,593438075762272256,26,binning 1   1,DR18
5386.419,0.52186304,0.35198545,0.38842008,SDSS-SDSS,SDSS,527,52342,323,593438075762272256,26,binning 1   1,DR18
5387.6577,0.6408097,0.33940217,0.32091284,SDSS-SDSS,SDSS,527,52342,323,593438075762272256,26,binning 1   1,DR18
5388.8975,1.1029582,0.3297886,0.21329264,SDSS-SDSS,SDSS,527,52342,323,593438075762272256,26,binning 1   1,DR18
5390.14,0.8439941,0.32537127,0.2253326,SDSS-SDSS,SDSS,527,52342,323,593438075762272256,26,binning 1   1,DR18
5391.38,0.79354507,0.3422427,0.25331342,SDSS-SDSS,SDSS,527,52342,323,593438075762272256,26,binning 1   1,DR18
5392.623,0.74677134,0.34178036,0.25425255,SDSS-SDSS,SDSS,527,52342,323,593438075762272256,26,binning 1   1,DR18
5393.864,1.4181498,0.33748192,0.2857177,SDSS-SDSS,SDSS,527,52342,323,593438075762272256,26,binning 1   1,DR18
5395.1074,1.0863103,0.34125453,0.35761184,SDSS-SDSS,SDSS,527,52342,323,593438075762272256,26,binning 1   1,DR18
5396.3486,0.4747736,0.34049863,0.37260234,SDSS-SDSS,SDSS,527,52342,323,593438075762272256,26,binning 1   1,DR18
5397.5903,1.4101201,0.34864083,0.35530174,SDSS-SDSS,SDSS,527,52342,323,593438075762272256,26,binning 1   1,DR18
5398.835,0.6790533,0.34382975,0.3442563,SDSS-SDSS,SDSS,527,52342,323,593438075762272256,26,binning 1   1,DR18
5400.0767,1.1288681,0.41883865,0.3459574,SDSS-SDSS,SDSS,527,52342,323,593438075762272256,26,binning 1   1,DR18
5401.3223,1.4016544,0.4221913,0.37476546,SDSS-SDSS,SDSS,527,52342,323,593438075762272256,26,binning 1   1,DR18
5402.5645,0.5277811,0.34147763,0.38437045,SDSS-SDSS,SDSS,527,52342,323,593438075762272256,26,binning 1   1,DR18
5403.8105,0.3680453,0.3249261,0.30020016,SDSS-SDSS,SDSS,527,52342,323,593438075762272256,26,binning 1   1,DR18
5405.0537,0.79078925,0.3248408,0.29808503,SDSS-SDSS,SDSS,527,52342,323,593438075762272256,26,binning 1   1,DR18
5406.297,0.34055474,0.33265036,0.34059063,SDSS-SDSS,SDSS,527,52342,323,593438075762272256,26,binning 1   1,DR18
5407.544,1.0411141,0.33945507,0.39097425,SDSS-SDSS,SDSS,527,52342,323,593438075762272256,26,binning 1   1,DR18
5408.7876,0.5392318,0.33981583,0.4236014,SDSS-SDSS,SDSS,527,52342,323,593438075762272256,26,binning 1   1,DR18
5410.035,-0.38721454,0.4049012,0.41291913,SDSS-SDSS,SDSS,527,52342,323,593438075762272256,26,binning 1   1,DR18
5411.28,0.0072167087,0.42918378,0.35399455,SDSS-SDSS,SDSS,527,52342,323,593438075762272256,26,binning 1   1,DR18
5412.5273,0.28165698,0.4246901,0.31602553,SDSS-SDSS,SDSS,527,52342,323,593438075762272256,26,binning 1   1,DR18
5413.7725,0.23075673,0.33272657,0.29548648,SDSS-SDSS,SDSS,527,52342,323,593438075762272256,26,binning 1   1,DR18
5415.018,0.5358818,0.33859023,0.3119593,SDSS-SDSS,SDSS,527,52342,323,593438075762272256,26,binning 1   1,DR18
5416.2666,1.3527427,0.35472468,0.33782852,SDSS-SDSS,SDSS,527,52342,323,593438075762272256,26,binning 1   1,DR18
5417.5127,1.5885183,0.36418432,0.3339963,SDSS-SDSS,SDSS,527,52342,323,593438075762272256,26,binning 1   1,DR18
5418.7617,1.2065537,0.35006908,0.31967226,SDSS-SDSS,SDSS,527,52342,323,593438075762272256,26,binning 1   1,DR18
5420.0083,0.7413689,0.33989295,0.37610173,SDSS-SDSS,SDSS,527,52342,323,593438075762272256,26,binning 1   1,DR18
5421.2583,0.35408917,0.32782906,0.37911403,SDSS-SDSS,SDSS,527,52342,323,593438075762272256,26,binning 1   1,DR18
5422.5054,0.43993568,0.32385242,0.3355606,SDSS-SDSS,SDSS,527,52342,323,593438075762272256,26,binning 1   1,DR18
5423.753,0.8016818,0.33308125,0.2754504,SDSS-SDSS,SDSS,527,52342,323,593438075762272256,26,binning 1   1,DR18
5425.0034,1.3822502,0.34018213,0.23600085,SDSS-SDSS,SDSS,527,52342,323,593438075762272256,26,binning 1   1,DR18
5426.2515,0.5260465,0.32632527,0.2686292,SDSS-SDSS,SDSS,527,52342,323,593438075762272256,26,binning 1   1,DR18
5427.503,0.6297647,0.31710428,0.36615652,SDSS-SDSS,SDSS,527,52342,323,593438075762272256,26,binning 1   1,DR18
5428.7515,-0.043497704,0.31637555,0.45112157,SDSS-SDSS,SDSS,527,52342,323,593438075762272256,26,binning 1   1,DR18
5430.0034,1.6093781,0.38422993,0.50361156,SDSS-SDSS,SDSS,527,52342,323,593438075762272256,26,binning 1   1,DR18
5431.2524,0.48326358,0.39661413,0.51077425,SDSS-SDSS,SDSS,527,52342,323,593438075762272256,26,binning 1   1,DR18
5432.502,0.31946826,0.33628073,0.5024268,SDSS-SDSS,SDSS,527,52342,323,593438075762272256,26,binning 1   1,DR18
5433.755,0.5903029,0.33572388,0.5348906,SDSS-SDSS,SDSS,527,52342,323,593438075762272256,26,binning 1   1,DR18
5435.005,0.42476064,0.33649,0.5126687,SDSS-SDSS,SDSS,527,52342,323,593438075762272256,26,binning 1   1,DR18
5436.258,0.28376245,0.3372283,0.48398328,SDSS-SDSS,SDSS,527,52342,323,593438075762272256,26,binning 1   1,DR18
5437.509,1.9122419,0.42565176,0.49878865,SDSS-SDSS,SDSS,527,52342,323,593438075762272256,26,binning 1   1,DR18
5438.7627,1.6112235,0.3540395,0.51333135,SDSS-SDSS,SDSS,527,52342,323,593438075762272256,26,binning 1   1,DR18
5440.0137,0.7305798,0.33044064,0.48491234,SDSS-SDSS,SDSS,527,52342,323,593438075762272256,26,binning 1   1,DR18
5441.265,0.40471873,0.401071,0.4634236,SDSS-SDSS,SDSS,527,52342,323,593438075762272256,26,binning 1   1,DR18
5442.52,-0.005072523,0.39078337,0.5140906,SDSS-SDSS,SDSS,527,52342,323,593438075762272256,26,binning 1   1,DR18
5443.772,1.006228,0.3273947,0.5645699,SDSS-SDSS,SDSS,527,52342,323,593438075762272256,26,binning 1   1,DR18
5445.0273,1.1590472,0.39168766,0.5610911,SDSS-SDSS,SDSS,527,52342,323,593438075762272256,26,binning 1   1,DR18
5446.28,2.2087097,0.40052983,0.5453815,SDSS-SDSS,SDSS,527,52342,323,593438075762272256,26,binning 1   1,DR18
5447.5356,1.4421312,0.33184198,0.56535643,SDSS-SDSS,SDSS,527,52342,323,593438075762272256,26,binning 1   1,DR18
5448.789,1.79795,0.3529695,0.5921341,SDSS-SDSS,SDSS,527,52342,323,593438075762272256,26,binning 1   1,DR18
5450.0425,1.3373188,0.35396704,0.57468826,SDSS-SDSS,SDSS,527,52342,323,593438075762272256,26,binning 1   1,DR18
5451.2993,1.6633847,0.35657573,0.49588737,SDSS-SDSS,SDSS,527,52342,323,593438075762272256,26,binning 1   1,DR18
5452.553,1.2271475,0.35751903,0.43679592,SDSS-SDSS,SDSS,527,52342,323,593438075762272256,26,binning 1   1,DR18
5453.8105,0.5882185,0.3408952,0.42544737,SDSS-SDSS,SDSS,527,52342,323,593438075762272256,26,binning 1   1,DR18
5455.0654,0.26071075,0.33628243,0.46350288,SDSS-SDSS,SDSS,527,52342,323,593438075762272256,26,binning 1   1,DR18
5456.323,1.088069,0.37276906,0.5493401,SDSS-SDSS,SDSS,527,52342,323,593438075762272256,26,binning 1   1,DR18
5457.5786,1.3467621,0.39212364,0.57648,SDSS-SDSS,SDSS,527,52342,323,593438075762272256,26,binning 1   1,DR18
5458.834,1.5583377,0.36649808,0.5490818,SDSS-SDSS,SDSS,527,52342,323,593438075762272256,26,binning 1   1,DR18
5460.093,1.0217054,0.37709928,0.53184676,SDSS-SDSS,SDSS,527,52342,323,593438075762272256,26,binning 1   1,DR18
5461.3486,0.92042196,0.5892914,0.52874434,SDSS-SDSS,SDSS,527,52342,323,593438075762272256,26,binning 1   1,DR18
5462.6084,-0.5141232,0.6992611,0.50387293,SDSS-SDSS,SDSS,527,52342,323,593438075762272256,26,binning 1   1,DR18
5463.8647,2.075363,0.53136945,0.4500492,SDSS-SDSS,SDSS,527,52342,323,593438075762272256,26,binning 1   1,DR18
5465.125,0.44087481,0.42569405,0.42939806,SDSS-SDSS,SDSS,527,52342,323,593438075762272256,26,binning 1   1,DR18
5466.3823,2.7753034,0.44865876,0.42945835,SDSS-SDSS,SDSS,527,52342,323,593438075762272256,26,binning 1   1,DR18
5467.6396,0.83834237,0.41601658,0.47268397,SDSS-SDSS,SDSS,527,52342,323,593438075762272256,26,binning 1   1,DR18
5468.9004,1.6836101,0.4177837,0.50433993,SDSS-SDSS,SDSS,527,52342,323,593438075762272256,26,binning 1   1,DR18
5470.1587,1.1325575,0.6406561,0.5297876,SDSS-SDSS,SDSS,527,52342,323,593438075762272256,26,binning 1   1,DR18
5471.42,1.0603918,0.45645586,0.6449582,SDSS-SDSS,SDSS,527,52342,323,593438075762272256,26,binning 1   1,DR18
5472.6787,1.5132866,0.3621416,0.6761111,SDSS-SDSS,SDSS,527,52342,323,593438075762272256,26,binning 1   1,DR18
5473.9404,1.5010674,0.35723683,0.627591,SDSS-SDSS,SDSS,527,52342,323,593438075762272256,26,binning 1   1,DR18
5475.1997,-0.013429332,0.35183972,0.60233974,SDSS-SDSS,SDSS,527,52342,323,593438075762272256,26,binning 1   1,DR18
5476.4624,0.9450989,0.37362665,0.582599,SDSS-SDSS,SDSS,527,52342,323,593438075762272256,26,binning 1   1,DR18
5477.722,0.8995724,0.37240836,0.566311,SDSS-SDSS,SDSS,527,52342,323,593438075762272256,26,binning 1   1,DR18
5478.9824,0.98169565,0.37603974,0.64170784,SDSS-SDSS,SDSS,527,52342,323,593438075762272256,26,binning 1   1,DR18
5480.246,0.92336136,0.372802,0.6878156,SDSS-SDSS,SDSS,527,52342,323,593438075762272256,26,binning 1   1,DR18
5481.507,1.8281281,0.36157164,0.69238544,SDSS-SDSS,SDSS,527,52342,323,593438075762272256,26,binning 1   1,DR18
5482.7705,1.2660205,0.36568326,0.7283577,SDSS-SDSS,SDSS,527,52342,323,593438075762272256,26,binning 1   1,DR18
5484.032,0.8177238,0.36610472,0.7443915,SDSS-SDSS,SDSS,527,52342,323,593438075762272256,26,binning 1   1,DR18
5485.2964,1.4599258,0.374752,0.7256258,SDSS-SDSS,SDSS,527,52342,323,593438075762272256,26,binning 1   1,DR18
5486.5586,1.261373,0.3654595,0.78677076,SDSS-SDSS,SDSS,527,52342,323,593438075762272256,26,binning 1   1,DR18
5487.821,0.73218393,0.34468082,0.84065914,SDSS-SDSS,SDSS,527,52342,323,593438075762272256,26,binning 1   1,DR18
5489.086,1.889608,0.34477773,0.8077099,SDSS-SDSS,SDSS,527,52342,323,593438075762272256,26,binning 1   1,DR18
5490.349,0.73798096,0.33742955,0.7080235,SDSS-SDSS,SDSS,527,52342,323,593438075762272256,26,binning 1   1,DR18
5491.6147,0.87511015,0.33499682,0.65216357,SDSS-SDSS,SDSS,527,52342,323,593438075762272256,26,binning 1   1,DR18
5492.8784,1.8328129,0.34839022,0.6548331,SDSS-SDSS,SDSS,527,52342,323,593438075762272256,26,binning 1   1,DR18
5494.145,1.1610141,0.3452968,0.59442556,SDSS-SDSS,SDSS,527,52342,323,593438075762272256,26,binning 1   1,DR18
5495.4087,1.1795173,0.3424983,0.5786152,SDSS-SDSS,SDSS,527,52342,323,593438075762272256,26,binning 1   1,DR18
5496.673,1.0494604,0.33720118,0.6187061,SDSS-SDSS,SDSS,527,52342,323,593438075762272256,26,binning 1   1,DR18
5497.9404,1.3114954,0.34124488,0.76781255,SDSS-SDSS,SDSS,527,52342,323,593438075762272256,26,binning 1   1,DR18
5499.2056,1.0508827,0.39603835,0.85522246,SDSS-SDSS,SDSS,527,52342,323,593438075762272256,26,binning 1   1,DR18
5500.4736,0.2906921,0.40944445,0.77481735,SDSS-SDSS,SDSS,527,52342,323,593438075762272256,26,binning 1   1,DR18
5501.739,2.8752306,0.60509855,0.715343,SDSS-SDSS,SDSS,527,52342,323,593438075762272256,26,binning 1   1,DR18
5503.0073,0.7936805,0.43906316,0.7646211,SDSS-SDSS,SDSS,527,52342,323,593438075762272256,26,binning 1   1,DR18
5504.2734,1.2526981,0.34974793,0.8401919,SDSS-SDSS,SDSS,527,52342,323,593438075762272256,26,binning 1   1,DR18
5505.5396,0.9746351,0.35383573,0.90106684,SDSS-SDSS,SDSS,527,52342,323,593438075762272256,26,binning 1   1,DR18
5506.8096,2.2054865,0.36957282,0.897227,SDSS-SDSS,SDSS,527,52342,323,593438075762272256,26,binning 1   1,DR18
5508.076,0.6233008,0.44436848,0.87341726,SDSS-SDSS,SDSS,527,52342,323,593438075762272256,26,binning 1   1,DR18
5509.346,1.2064618,0.45612758,0.9534355,SDSS-SDSS,SDSS,527,52342,323,593438075762272256,26,binning 1   1,DR18
5510.614,1.6191508,0.35106683,0.96979594,SDSS-SDSS,SDSS,527,52342,323,593438075762272256,26,binning 1   1,DR18
5511.8843,1.0250676,0.33925346,0.96273655,SDSS-SDSS,SDSS,527,52342,323,593438075762272256,26,binning 1   1,DR18
5513.1523,1.5252205,0.34722248,0.97252095,SDSS-SDSS,SDSS,527,52342,323,593438075762272256,26,binning 1   1,DR18
5514.421,1.4811827,0.35705504,1.018713,SDSS-SDSS,SDSS,527,52342,323,593438075762272256,26,binning 1   1,DR18
5515.6924,1.7087843,0.38240987,1.0639124,SDSS-SDSS,SDSS,527,52342,323,593438075762272256,26,binning 1   1,DR18
5516.9614,1.8210393,0.38746032,1.0367562,SDSS-SDSS,SDSS,527,52342,323,593438075762272256,26,binning 1   1,DR18
5518.2334,1.9577338,0.36535975,1.006528,SDSS-SDSS,SDSS,527,52342,323,593438075762272256,26,binning 1   1,DR18
5519.503,0.679804,0.33177024,1.0018332,SDSS-SDSS,SDSS,527,52342,323,593438075762272256,26,binning 1   1,DR18
5520.776,1.0174611,0.4269718,0.9736422,SDSS-SDSS,SDSS,527,52342,323,593438075762272256,26,binning 1   1,DR18
5522.046,-0.3956618,0.42719683,0.9960254,SDSS-SDSS,SDSS,527,52342,323,593438075762272256,26,binning 1   1,DR18
5523.316,0.9195149,0.34567186,1.0746282,SDSS-SDSS,SDSS,527,52342,323,593438075762272256,26,binning 1   1,DR18
5524.59,1.9891671,0.45266488,1.058745,SDSS-SDSS,SDSS,527,52342,323,593438075762272256,26,binning 1   1,DR18
5525.861,0.39031842,0.44641593,1.0706693,SDSS-SDSS,SDSS,527,52342,323,593438075762272256,26,binning 1   1,DR18
5527.135,0.4885558,0.38359392,1.1554638,SDSS-SDSS,SDSS,527,52342,323,593438075762272256,26,binning 1   1,DR18
5528.4062,0.98060083,0.3701501,1.2007796,SDSS-SDSS,SDSS,527,52342,323,593438075762272256,26,binning 1   1,DR18
5529.681,1.1061724,0.35437933,1.2381719,SDSS-SDSS,SDSS,527,52342,323,593438075762272256,26,binning 1   1,DR18
5530.9536,1.4490772,0.34281003,1.309731,SDSS-SDSS,SDSS,527,52342,323,593438075762272256,26,binning 1   1,DR18
5532.2256,1.1806595,0.34500575,1.3272784,SDSS-SDSS,SDSS,527,52342,323,593438075762272256,26,binning 1   1,DR18
5533.5015,2.191577,0.3592014,1.3039596,SDSS-SDSS,SDSS,527,52342,323,593438075762272256,26,binning 1   1,DR18
5534.7744,1.3082764,0.35996273,1.395079,SDSS-SDSS,SDSS,527,52342,323,593438075762272256,26,binning 1   1,DR18
5536.051,0.99840194,0.35333225,1.4894104,SDSS-SDSS,SDSS,527,52342,323,593438075762272256,26,binning 1   1,DR18
5537.324,1.7268543,0.43351877,1.4803509,SDSS-SDSS,SDSS,527,52342,323,593438075762272256,26,binning 1   1,DR18
5538.601,2.4758406,0.42075667,1.3951725,SDSS-SDSS,SDSS,527,52342,323,593438075762272256,26,binning 1   1,DR18
5539.8755,1.5105512,0.3481118,1.364293,SDSS-SDSS,SDSS,527,52342,323,593438075762272256,26,binning 1   1,DR18
5541.15,1.3840735,0.34400493,1.41141,SDSS-SDSS,SDSS,527,52342,323,593438075762272256,26,binning 1   1,DR18
5542.4277,1.6620911,0.3587908,1.4971647,SDSS-SDSS,SDSS,527,52342,323,593438075762272256,26,binning 1   1,DR18
5543.7026,1.3339274,0.36387014,1.5432997,SDSS-SDSS,SDSS,527,52342,323,593438075762272256,26,binning 1   1,DR18
5544.981,1.5654926,0.3786965,1.5604625,SDSS-SDSS,SDSS,527,52342,323,593438075762272256,26,binning 1   1,DR18
5546.257,1.0767943,0.37218335,1.6058955,SDSS-SDSS,SDSS,527,52342,323,593438075762272256,26,binning 1   1,DR18
5547.5356,1.1956728,0.34843582,1.6871476,SDSS-SDSS,SDSS,527,52342,323,593438075762272256,26,binning 1   1,DR18
5548.8115,1.3924346,0.36653823,1.7201246,SDSS-SDSS,SDSS,527,52342,323,593438075762272256,26,binning 1   1,DR18
5550.0884,0.68524957,0.3686451,1.7750916,SDSS-SDSS,SDSS,527,52342,323,593438075762272256,26,binning 1   1,DR18
5551.368,2.115128,0.37561437,1.855625,SDSS-SDSS,SDSS,527,52342,323,593438075762272256,26,binning 1   1,DR18
5552.645,1.6655186,0.35500467,1.8940688,SDSS-SDSS,SDSS,527,52342,323,593438075762272256,26,binning 1   1,DR18
5553.926,2.0880663,0.3758572,1.8505877,SDSS-SDSS,SDSS,527,52342,323,593438075762272256,26,binning 1   1,DR18
5555.203,2.3414483,0.360795,1.8012469,SDSS-SDSS,SDSS,527,52342,323,593438075762272256,26,binning 1   1,DR18
5556.4844,1.4090664,0.34930423,1.8843168,SDSS-SDSS,SDSS,527,52342,323,593438075762272256,26,binning 1   1,DR18
5557.7627,2.3257902,0.3754214,1.9477522,SDSS-SDSS,SDSS,527,52342,323,593438075762272256,26,binning 1   1,DR18
5559.041,0.6316947,0.36467478,1.9727196,SDSS-SDSS,SDSS,527,52342,323,593438075762272256,26,binning 1   1,DR18
5560.323,1.3651416,0.44379702,1.9635607,SDSS-SDSS,SDSS,527,52342,323,593438075762272256,26,binning 1   1,DR18
5561.602,3.469003,0.45896465,1.9205154,SDSS-SDSS,SDSS,527,52342,323,593438075762272256,26,binning 1   1,DR18
5562.885,2.6478693,0.45961264,1.867794,SDSS-SDSS,SDSS,527,52342,323,593438075762272256,26,binning 1   1,DR18
5564.1646,1.5309466,0.40236035,1.8646275,SDSS-SDSS,SDSS,527,52342,323,593438075762272256,26,binning 1   1,DR18
5565.4473,1.8104333,0.40198055,1.9728414,SDSS-SDSS,SDSS,527,52342,323,593438075762272256,26,binning 1   1,DR18
5566.728,2.0813265,0.3863184,2.0605688,SDSS-SDSS,SDSS,527,52342,323,593438075762272256,26,binning 1   1,DR18
5568.0083,1.5692713,0.358241,2.0930686,SDSS-SDSS,SDSS,527,52342,323,593438075762272256,26,binning 1   1,DR18
5569.2925,1.1279376,0.3455315,2.1000347,SDSS-SDSS,SDSS,527,52342,323,593438075762272256,26,binning 1   1,DR18
5570.5737,1.8851577,0.38284913,2.0913997,SDSS-SDSS,SDSS,527,52342,323,593438075762272256,26,binning 1   1,DR18
5571.858,1.9829082,0.457713,2.1300013,SDSS-SDSS,SDSS,527,52342,323,593438075762272256,26,binning 1   1,DR18
5573.14,2.9308453,0.43635336,2.190245,SDSS-SDSS,SDSS,527,52342,323,593438075762272256,26,binning 1   1,DR18
5574.4253,2.7616115,0.5520088,2.2988691,SDSS-SDSS,SDSS,527,52342,323,593438075762272256,26,binning 1   1,DR18
5575.7075,2.2916906,0.8578738,2.37409,SDSS-SDSS,SDSS,527,52342,323,593438075762272256,26,binning 1   1,DR18
5576.993,-0.011351258,1.7152487,2.3211694,SDSS-SDSS,SDSS,527,52342,323,593438075762272256,26,binning 1   1,DR18
5578.2764,-5.630759,4.001619,2.1981401,SDSS-SDSS,SDSS,527,52342,323,593438075762272256,26,binning 1   1,DR18
5579.5596,3.5232632,4.6927633,2.2329502,SDSS-SDSS,SDSS,527,52342,323,593438075762272256,26,binning 1   1,DR18
5580.846,2.2473452,3.0628452,2.4126797,SDSS-SDSS,SDSS,527,52342,323,593438075762272256,26,binning 1   1,DR18
5582.13,-0.22189806,0.9072291,2.478433,SDSS-SDSS,SDSS,527,52342,323,593438075762272256,26,binning 1   1,DR18
5583.417,1.8682281,0.3868426,2.4234614,SDSS-SDSS,SDSS,527,52342,323,593438075762272256,26,binning 1   1,DR18
5584.7017,1.0707432,0.36929935,2.3681247,SDSS-SDSS,SDSS,527,52342,323,593438075762272256,26,binning 1   1,DR18
5585.9893,1.977415,0.39507493,2.3233514,SDSS-SDSS,SDSS,527,52342,323,593438075762272256,26,binning 1   1,DR18
5587.2744,1.4845958,0.37217325,2.2534566,SDSS-SDSS,SDSS,527,52342,323,593438075762272256,26,binning 1   1,DR18
5588.56,1.9896013,0.366723,2.2359183,SDSS-SDSS,SDSS,527,52342,323,593438075762272256,26,binning 1   1,DR18
5589.8486,2.1566253,0.35983503,2.2604444,SDSS-SDSS,SDSS,527,52342,323,593438075762272256,26,binning 1   1,DR18
5591.135,1.2442975,0.35992524,2.3277638,SDSS-SDSS,SDSS,527,52342,323,593438075762272256,26,binning 1   1,DR18
5592.424,1.4227927,0.3524315,2.3575015,SDSS-SDSS,SDSS,527,52342,323,593438075762272256,26,binning 1   1,DR18
5593.7104,1.1312752,0.34234422,2.2230673,SDSS-SDSS,SDSS,527,52342,323,593438075762272256,26,binning 1   1,DR18
5595.0005,1.5344163,0.3419378,2.1623366,SDSS-SDSS,SDSS,527,52342,323,593438075762272256,26,binning 1   1,DR18
5596.2876,2.064556,0.35128084,2.1008651,SDSS-SDSS,SDSS,527,52342,323,593438075762272256,26,binning 1   1,DR18
5597.5747,2.6438076,0.4357443,2.0733888,SDSS-SDSS,SDSS,527,52342,323,593438075762272256,26,binning 1   1,DR18
5598.8657,3.045687,0.45512983,2.0752728,SDSS-SDSS,SDSS,527,52342,323,593438075762272256,26,binning 1   1,DR18
5600.154,0.84589726,0.3622549,2.0936985,SDSS-SDSS,SDSS,527,52342,323,593438075762272256,26,binning 1   1,DR18
5601.445,1.5684891,0.35773075,2.1391094,SDSS-SDSS,SDSS,527,52342,323,593438075762272256,26,binning 1   1,DR18
5602.7334,1.5391159,0.35255465,2.1147792,SDSS-SDSS,SDSS,527,52342,323,593438075762272256,26,binning 1   1,DR18
5604.0254,1.73563,0.34681833,2.0958543,SDSS-SDSS,SDSS,527,52342,323,593438075762272256,26,binning 1   1,DR18
5605.315,1.4204886,0.35260168,2.0071976,SDSS-SDSS,SDSS,527,52342,323,593438075762272256,26,binning 1   1,DR18
5606.6045,1.3518344,0.37189758,1.9119508,SDSS-SDSS,SDSS,527,52342,323,593438075762272256,26,binning 1   1,DR18
5607.897,1.9846209,0.3774834,1.8794608,SDSS-SDSS,SDSS,527,52342,323,593438075762272256,26,binning 1   1,DR18
5609.187,1.9041461,0.3725473,1.8509076,SDSS-SDSS,SDSS,527,52342,323,593438075762272256,26,binning 1   1,DR18
5610.4805,1.9579561,0.36368206,1.8717752,SDSS-SDSS,SDSS,527,52342,323,593438075762272256,26,binning 1   1,DR18
5611.7715,1.545402,0.37062168,1.8840613,SDSS-SDSS,SDSS,527,52342,323,593438075762272256,26,binning 1   1,DR18
5613.0654,2.2593076,0.38956332,1.8447583,SDSS-SDSS,SDSS,527,52342,323,593438075762272256,26,binning 1   1,DR18
5614.357,2.1258552,0.38644767,1.7464846,SDSS-SDSS,SDSS,527,52342,323,593438075762272256,26,binning 1   1,DR18
5615.6484,1.6429826,0.36447006,1.6586818,SDSS-SDSS,SDSS,527,52342,323,593438075762272256,26,binning 1   1,DR18
5616.9434,0.4511461,0.43432552,1.6737168,SDSS-SDSS,SDSS,527,52342,323,593438075762272256,26,binning 1   1,DR18
5618.2354,2.9405758,0.45080572,1.6555797,SDSS-SDSS,SDSS,527,52342,323,593438075762272256,26,binning 1   1,DR18
5619.531,1.4542676,0.46622637,1.6293951,SDSS-SDSS,SDSS,527,52342,323,593438075762272256,26,binning 1   1,DR18
5620.8237,0.72269917,0.3761429,1.5943877,SDSS-SDSS,SDSS,527,52342,323,593438075762272256,26,binning 1   1,DR18
5622.12,1.544727,0.37221798,1.5807658,SDSS-SDSS,SDSS,527,52342,323,593438075762272256,26,binning 1   1,DR18
5623.413,2.776167,0.37527177,1.5690669,SDSS-SDSS,SDSS,527,52342,323,593438075762272256,26,binning 1   1,DR18
5624.707,1.5248144,0.37609506,1.4970586,SDSS-SDSS,SDSS,527,52342,323,593438075762272256,26,binning 1   1,DR18
5626.004,1.0362562,0.3819722,1.5272273,SDSS-SDSS,SDSS,527,52342,323,593438075762272256,26,binning 1   1,DR18
5627.2983,1.5877609,0.37278178,1.5397662,SDSS-SDSS,SDSS,527,52342,323,593438075762272256,26,binning 1   1,DR18
5628.5957,1.7149148,0.35174194,1.5406576,SDSS-SDSS,SDSS,527,52342,323,593438075762272256,26,binning 1   1,DR18
5629.8906,1.8105044,0.346479,1.5247785,SDSS-SDSS,SDSS,527,52342,323,593438075762272256,26,binning 1   1,DR18
5631.189,1.4473596,0.35054037,1.505008,SDSS-SDSS,SDSS,527,52342,323,593438075762272256,26,binning 1   1,DR18
5632.4844,1.3823476,0.35549268,1.5422777,SDSS-SDSS,SDSS,527,52342,323,593438075762272256,26,binning 1   1,DR18
5633.7803,1.9244936,0.37275004,1.5911155,SDSS-SDSS,SDSS,527,52342,323,593438075762272256,26,binning 1   1,DR18
5635.079,1.7628589,0.36632663,1.6231983,SDSS-SDSS,SDSS,527,52342,323,593438075762272256,26,binning 1   1,DR18
5636.3755,1.9865736,0.3626101,1.6270096,SDSS-SDSS,SDSS,527,52342,323,593438075762272256,26,binning 1   1,DR18
5637.6753,1.4641848,0.35388976,1.5939081,SDSS-SDSS,SDSS,527,52342,323,593438075762272256,26,binning 1   1,DR18
5638.972,1.5775455,0.3705749,1.5546783,SDSS-SDSS,SDSS,527,52342,323,593438075762272256,26,binning 1   1,DR18
5640.2725,0.8189886,0.39467052,1.5670185,SDSS-SDSS,SDSS,527,52342,323,593438075762272256,26,binning 1   1,DR18
5641.5703,1.4304512,0.39224008,1.5707759,SDSS-SDSS,SDSS,527,52342,323,593438075762272256,26,binning 1   1,DR18
5642.868,1.5443598,0.3728484,1.5712676,SDSS-SDSS,SDSS,527,52342,323,593438075762272256,26,binning 1   1,DR18
5644.1694,1.6096892,0.3557425,1.5695823,SDSS-SDSS,SDSS,527,52342,323,593438075762272256,26,binning 1   1,DR18
5645.468,1.4306681,0.35360718,1.5716728,SDSS-SDSS,SDSS,527,52342,323,593438075762272256,26,binning 1   1,DR18
5646.7695,1.5278172,0.37404048,1.5578666,SDSS-SDSS,SDSS,527,52342,323,593438075762272256,26,binning 1   1,DR18
5648.0684,1.7441181,0.3900481,1.5105026,SDSS-SDSS,SDSS,527,52342,323,593438075762272256,26,binning 1   1,DR18
5649.371,1.7762014,0.37721637,1.5519483,SDSS-SDSS,SDSS,527,52342,323,593438075762272256,26,binning 1   1,DR18
5650.6704,1.332437,0.36889067,1.5532807,SDSS-SDSS,SDSS,527,52342,323,593438075762272256,26,binning 1   1,DR18
5651.9707,1.4651777,0.35617256,1.5615271,SDSS-SDSS,SDSS,527,52342,323,593438075762272256,26,binning 1   1,DR18
5653.274,1.7085139,0.39177248,1.5674561,SDSS-SDSS,SDSS,527,52342,323,593438075762272256,26,binning 1   1,DR18
5654.574,1.6028099,0.4024342,1.5357491,SDSS-SDSS,SDSS,527,52342,323,593438075762272256,26,binning 1   1,DR18
5655.8784,1.4675498,0.38832062,1.5007427,SDSS-SDSS,SDSS,527,52342,323,593438075762272256,26,binning 1   1,DR18
5657.1797,1.5416453,0.3857155,1.5092536,SDSS-SDSS,SDSS,527,52342,323,593438075762272256,26,binning 1   1,DR18
5658.484,1.6977631,0.3922695,1.5428574,SDSS-SDSS,SDSS,527,52342,323,593438075762272256,26,binning 1   1,DR18
5659.7856,1.5211177,0.39096615,1.5861654,SDSS-SDSS,SDSS,527,52342,323,593438075762272256,26,binning 1   1,DR18
5661.088,1.3462154,0.39129543,1.5754749,SDSS-SDSS,SDSS,527,52342,323,593438075762272256,26,binning 1   1,DR18
5662.393,1.2972807,0.37387595,1.5112911,SDSS-SDSS,SDSS,527,52342,323,593438075762272256,26,binning 1   1,DR18
5663.696,1.4826217,0.36192426,1.4864866,SDSS-SDSS,SDSS,527,52342,323,593438075762272256,26,binning 1   1,DR18
5665.002,1.3130331,0.36055642,1.4226859,SDSS-SDSS,SDSS,527,52342,323,593438075762272256,26,binning 1   1,DR18
5666.305,1.4191812,0.3828242,1.4116472,SDSS-SDSS,SDSS,527,52342,323,593438075762272256,26,binning 1   1,DR18
5667.612,2.1479406,0.39456722,1.4469819,SDSS-SDSS,SDSS,527,52342,323,593438075762272256,26,binning 1   1,DR18
5668.9155,1.3596549,0.38043547,1.4539932,SDSS-SDSS,SDSS,527,52342,323,593438075762272256,26,binning 1   1,DR18
5670.2197,1.8250983,0.40050137,1.4104803,SDSS-SDSS,SDSS,527,52342,323,593438075762272256,26,binning 1   1,DR18
5671.5273,1.9601731,0.42217863,1.3902421,SDSS-SDSS,SDSS,527,52342,323,593438075762272256,26,binning 1   1,DR18
5672.832,2.0755246,0.41837034,1.397947,SDSS-SDSS,SDSS,527,52342,323,593438075762272256,26,binning 1   1,DR18
5674.14,1.1908307,0.5033064,1.4448447,SDSS-SDSS,SDSS,527,52342,323,593438075762272256,26,binning 1   1,DR18
5675.4453,1.1923307,0.6143361,1.4399687,SDSS-SDSS,SDSS,527,52342,323,593438075762272256,26,binning 1   1,DR18
5676.754,2.7041066,0.46665013,1.4072437,SDSS-SDSS,SDSS,527,52342,323,593438075762272256,26,binning 1   1,DR18
5678.06,1.7231351,0.3903214,1.393926,SDSS-SDSS,SDSS,527,52342,323,593438075762272256,26,binning 1   1,DR18
5679.3696,1.8118069,0.40165332,1.3634982,SDSS-SDSS,SDSS,527,52342,323,593438075762272256,26,binning 1   1,DR18
5680.676,2.389986,0.3960016,1.332121,SDSS-SDSS,SDSS,527,52342,323,593438075762272256,26,binning 1   1,DR18
5681.983,1.6829556,0.39304644,1.3638647,SDSS-SDSS,SDSS,527,52342,323,593438075762272256,26,binning 1   1,DR18
5683.293,1.337901,0.40765318,1.3649306,SDSS-SDSS,SDSS,527,52342,323,593438075762272256,26,binning 1   1,DR18
5684.6006,1.3960139,0.41875917,1.3505163,SDSS-SDSS,SDSS,527,52342,323,593438075762272256,26,binning 1   1,DR18
5685.911,0.96170986,0.41717598,1.3725796,SDSS-SDSS,SDSS,527,52342,323,593438075762272256,26,binning 1   1,DR18
5687.219,1.5000395,0.42918777,1.3965865,SDSS-SDSS,SDSS,527,52342,323,593438075762272256,26,binning 1   1,DR18
5688.531,2.3478842,0.44017503,1.3976071,SDSS-SDSS,SDSS,527,52342,323,593438075762272256,26,binning 1   1,DR18
5689.8394,0.22469205,0.43688363,1.418292,SDSS-SDSS,SDSS,527,52342,323,593438075762272256,26,binning 1   1,DR18
5691.1484,2.561049,0.45237613,1.4101415,SDSS-SDSS,SDSS,527,52342,323,593438075762272256,26,binning 1   1,DR18
5692.461,1.7590075,0.46177468,1.356808,SDSS-SDSS,SDSS,527,52342,323,593438075762272256,26,binning 1   1,DR18
5693.7705,1.8458961,0.42249802,1.3014802,SDSS-SDSS,SDSS,527,52342,323,593438075762272256,26,binning 1   1,DR18
5695.0835,1.0444728,0.40203214,1.2950602,SDSS-SDSS,SDSS,527,52342,323,593438075762272256,26,binning 1   1,DR18
5696.3936,1.525994,0.41698346,1.2876405,SDSS-SDSS,SDSS,527,52342,323,593438075762272256,26,binning 1   1,DR18
5697.707,2.0765681,0.43953854,1.266121,SDSS-SDSS,SDSS,527,52342,323,593438075762272256,26,binning 1   1,DR18
5699.0176,1.3502126,0.4199478,1.2515736,SDSS-SDSS,SDSS,527,52342,323,593438075762272256,26,binning 1   1,DR18
5700.3286,1.7435018,0.43235493,1.2387536,SDSS-SDSS,SDSS,527,52342,323,593438075762272256,26,binning 1   1,DR18
5701.643,1.3034797,0.44628772,1.2262158,SDSS-SDSS,SDSS,527,52342,323,593438075762272256,26,binning 1   1,DR18
5702.955,2.50277,0.43796518,1.2266853,SDSS-SDSS,SDSS,527,52342,323,593438075762272256,26,binning 1   1,DR18
5704.27,2.6660793,0.48323813,1.1828439,SDSS-SDSS,SDSS,527,52342,323,593438075762272256,26,binning 1   1,DR18
5705.5825,1.579207,0.4597684,1.1526858,SDSS-SDSS,SDSS,527,52342,323,593438075762272256,26,binning 1   1,DR18
5706.898,2.3446088,0.38210684,1.159979,SDSS-SDSS,SDSS,527,52342,323,593438075762272256,26,binning 1   1,DR18
5708.211,1.9843351,0.37948453,1.1680708,SDSS-SDSS,SDSS,527,52342,323,593438075762272256,26,binning 1   1,DR18
5709.524,1.5097371,0.3760183,1.1404443,SDSS-SDSS,SDSS,527,52342,323,593438075762272256,26,binning 1   1,DR18
5710.841,1.6614616,0.37295136,1.0962029,SDSS-SDSS,SDSS,527,52342,323,593438075762272256,26,binning 1   1,DR18
5712.1543,1.0801672,0.37011933,1.0811429,SDSS-SDSS,SDSS,527,52342,323,593438075762272256,26,binning 1   1,DR18
5713.4717,1.0116726,0.38500598,1.0531178,SDSS-SDSS,SDSS,527,52342,323,593438075762272256,26,binning 1   1,DR18
5714.786,1.7238008,0.4111206,1.0268837,SDSS-SDSS,SDSS,527,52342,323,593438075762272256,26,binning 1   1,DR18
5716.104,1.3576531,0.40296376,1.0129104,SDSS-SDSS,SDSS,527,52342,323,593438075762272256,26,binning 1   1,DR18
5717.419,0.8327196,0.3741681,1.000336,SDSS-SDSS,SDSS,527,52342,323,593438075762272256,26,binning 1   1,DR18
5718.734,1.4025488,0.37469947,0.9738235,SDSS-SDSS,SDSS,527,52342,323,593438075762272256,26,binning 1   1,DR18
5720.0527,1.9082166,0.39586446,0.9474525,SDSS-SDSS,SDSS,527,52342,323,593438075762272256,26,binning 1   1,DR18
5721.3687,2.5182996,0.41080815,0.9514614,SDSS-SDSS,SDSS,527,52342,323,593438075762272256,26,binning 1   1,DR18
5722.688,1.9525102,0.4073969,0.9057215,SDSS-SDSS,SDSS,527,52342,323,593438075762272256,26,binning 1   1,DR18
5724.0044,1.4350975,0.38810223,0.9037022,SDSS-SDSS,SDSS,527,52342,323,593438075762272256,26,binning 1   1,DR18
5725.324,1.1936512,0.37341613,0.974399,SDSS-SDSS,SDSS,527,52342,323,593438075762272256,26,binning 1   1,DR18
5726.6416,1.5691992,0.3711763,0.93505573,SDSS-SDSS,SDSS,527,52342,323,593438075762272256,26,binning 1   1,DR18
5727.959,1.0635921,0.37115648,0.8806318,SDSS-SDSS,SDSS,527,52342,323,593438075762272256,26,binning 1   1,DR18
5729.28,1.4027257,0.3962865,0.8578343,SDSS-SDSS,SDSS,527,52342,323,593438075762272256,26,binning 1   1,DR18
5730.5977,1.4040054,0.41336325,0.8456331,SDSS-SDSS,SDSS,527,52342,323,593438075762272256,26,binning 1   1,DR18
5731.9194,2.3157115,0.42323965,0.819706,SDSS-SDSS,SDSS,527,52342,323,593438075762272256,26,binning 1   1,DR18
5733.238,1.7830919,0.408583,0.7893666,SDSS-SDSS,SDSS,527,52342,323,593438075762272256,26,binning 1   1,DR18
5734.56,1.698682,0.38762933,0.7948746,SDSS-SDSS,SDSS,527,52342,323,593438075762272256,26,binning 1   1,DR18
5735.8794,1.0672389,0.3852203,0.8325276,SDSS-SDSS,SDSS,527,52342,323,593438075762272256,26,binning 1   1,DR18
5737.1987,1.4864734,0.38854384,0.811429,SDSS-SDSS,SDSS,527,52342,323,593438075762272256,26,binning 1   1,DR18
5738.5215,1.6546667,0.39558852,0.79008555,SDSS-SDSS,SDSS,527,52342,323,593438075762272256,26,binning 1   1,DR18
5739.842,1.5728267,0.38840672,0.801028,SDSS-SDSS,SDSS,527,52342,323,593438075762272256,26,binning 1   1,DR18
5741.1655,1.4572495,0.40358523,0.8124326,SDSS-SDSS,SDSS,527,52342,323,593438075762272256,26,binning 1   1,DR18
5742.4863,1.0063667,0.47734955,0.779305,SDSS-SDSS,SDSS,527,52342,323,593438075762272256,26,binning 1   1,DR18
5743.8105,1.1655242,0.4758325,0.7360497,SDSS-SDSS,SDSS,527,52342,323,593438075762272256,26,binning 1   1,DR18
5745.132,1.1922091,0.4934614,0.7258335,SDSS-SDSS,SDSS,527,52342,323,593438075762272256,26,binning 1   1,DR18
5746.4536,3.1173408,0.50791734,0.762146,SDSS-SDSS,SDSS,527,52342,323,593438075762272256,26,binning 1   1,DR18
5747.7783,1.4732867,0.4199368,0.7994625,SDSS-SDSS,SDSS,527,52342,323,593438075762272256,26,binning 1   1,DR18
5749.1006,1.1154933,0.4043765,0.80279166,SDSS-SDSS,SDSS,527,52342,323,593438075762272256,26,binning 1   1,DR18
5750.427,0.6573543,0.39125398,0.798968,SDSS-SDSS,SDSS,527,52342,323,593438075762272256,26,binning 1   1,DR18
5751.7495,1.909355,0.38474083,0.8008922,SDSS-SDSS,SDSS,527,52342,323,593438075762272256,26,binning 1   1,DR18
5753.0757,2.200503,0.39370915,0.78003323,SDSS-SDSS,SDSS,527,52342,323,593438075762272256,26,binning 1   1,DR18
5754.3994,1.5992986,0.41469267,0.77080286,SDSS-SDSS,SDSS,527,52342,323,593438075762272256,26,binning 1   1,DR18
5755.723,1.9340674,0.4271439,0.77612746,SDSS-SDSS,SDSS,527,52342,323,593438075762272256,26,binning 1   1,DR18
5757.0503,0.98109746,0.4051111,0.7635175,SDSS-SDSS,SDSS,527,52342,323,593438075762272256,26,binning 1   1,DR18
5758.3745,1.446247,0.3896086,0.72741777,SDSS-SDSS,SDSS,527,52342,323,593438075762272256,26,binning 1   1,DR18
5759.7026,1.9966794,0.403678,0.7620842,SDSS-SDSS,SDSS,527,52342,323,593438075762272256,26,binning 1   1,DR18
5761.0273,1.8989799,0.40636146,0.77538013,SDSS-SDSS,SDSS,527,52342,323,593438075762272256,26,binning 1   1,DR18
5762.356,1.7474397,0.41908213,0.7431421,SDSS-SDSS,SDSS,527,52342,323,593438075762272256,26,binning 1   1,DR18
5763.6816,2.0078967,0.42544663,0.69729006,SDSS-SDSS,SDSS,527,52342,323,593438075762272256,26,binning 1   1,DR18
5765.008,2.1258805,0.41549718,0.66636276,SDSS-SDSS,SDSS,527,52342,323,593438075762272256,26,binning 1   1,DR18
5766.337,1.2502593,0.39628083,0.6482177,SDSS-SDSS,SDSS,527,52342,323,593438075762272256,26,binning 1   1,DR18
5767.6636,1.5186509,0.4316691,0.6539948,SDSS-SDSS,SDSS,527,52342,323,593438075762272256,26,binning 1   1,DR18
5768.9937,1.2667555,0.44722733,0.6902908,SDSS-SDSS,SDSS,527,52342,323,593438075762272256,26,binning 1   1,DR18
5770.321,0.5676281,0.5733992,0.68439096,SDSS-SDSS,SDSS,527,52342,323,593438075762272256,26,binning 1   1,DR18
5771.6514,3.7200813,0.58440036,0.648335,SDSS-SDSS,SDSS,527,52342,323,593438075762272256,26,binning 1   1,DR18
5772.979,2.210151,0.5580547,0.63252175,SDSS-SDSS,SDSS,527,52342,323,593438075762272256,26,binning 1   1,DR18
5774.307,2.3325157,0.43952665,0.6367187,SDSS-SDSS,SDSS,527,52342,323,593438075762272256,26,binning 1   1,DR18
5775.6387,2.0961761,0.43175697,0.632357,SDSS-SDSS,SDSS,527,52342,323,593438075762272256,26,binning 1   1,DR18
5776.9673,1.5532874,0.42155805,0.6551938,SDSS-SDSS,SDSS,527,52342,323,593438075762272256,26,binning 1   1,DR18
5778.2993,1.7999463,0.4226175,0.62905556,SDSS-SDSS,SDSS,527,52342,323,593438075762272256,26,binning 1   1,DR18
5779.629,1.2663909,0.41370627,0.61703455,SDSS-SDSS,SDSS,527,52342,323,593438075762272256,26,binning 1   1,DR18
5780.9614,1.3716521,0.4119804,0.65296656,SDSS-SDSS,SDSS,527,52342,323,593438075762272256,26,binning 1   1,DR18
5782.2915,1.0416504,0.40428293,0.6279841,SDSS-SDSS,SDSS,527,52342,323,593438075762272256,26,binning 1   1,DR18
5783.625,1.1855992,0.42049998,0.64320654,SDSS-SDSS,SDSS,527,52342,323,593438075762272256,26,binning 1   1,DR18
5784.9556,1.7531585,0.43833852,0.6426056,SDSS-SDSS,SDSS,527,52342,323,593438075762272256,26,binning 1   1,DR18
5786.286,1.2816243,0.4338187,0.6451954,SDSS-SDSS,SDSS,527,52342,323,593438075762272256,26,binning 1   1,DR18
5787.6206,0.9518709,0.43795347,0.641201,SDSS-SDSS,SDSS,527,52342,323,593438075762272256,26,binning 1   1,DR18
5788.952,2.0533202,0.47194245,0.631456,SDSS-SDSS,SDSS,527,52342,323,593438075762272256,26,binning 1   1,DR18
5790.287,2.0447364,0.50176674,0.6491765,SDSS-SDSS,SDSS,527,52342,323,593438075762272256,26,binning 1   1,DR18
5791.619,1.3214403,0.527553,0.6219892,SDSS-SDSS,SDSS,527,52342,323,593438075762272256,26,binning 1   1,DR18
5792.9546,1.0511789,0.52561456,0.639958,SDSS-SDSS,SDSS,527,52342,323,593438075762272256,26,binning 1   1,DR18
5794.287,1.6270764,0.5040185,0.6668582,SDSS-SDSS,SDSS,527,52342,323,593438075762272256,26,binning 1   1,DR18
5795.62,1.4452742,0.48006973,0.6515655,SDSS-SDSS,SDSS,527,52342,323,593438075762272256,26,binning 1   1,DR18
5796.9565,1.659644,0.48243123,0.62883025,SDSS-SDSS,SDSS,527,52342,323,593438075762272256,26,binning 1   1,DR18
5798.29,1.5363344,0.4840994,0.67541677,SDSS-SDSS,SDSS,527,52342,323,593438075762272256,26,binning 1   1,DR18
5799.6274,1.3979384,0.47611606,0.6482044,SDSS-SDSS,SDSS,527,52342,323,593438075762272256,26,binning 1   1,DR18
5800.9614,1.855548,0.46142912,0.60212094,SDSS-SDSS,SDSS,527,52342,323,593438075762272256,26,binning 1   1,DR18
5802.2993,0.8129491,0.4374978,0.6026853,SDSS-SDSS,SDSS,527,52342,323,593438075762272256,26,binning 1   1,DR18
5803.634,1.423653,0.46265873,0.6270715,SDSS-SDSS,SDSS,527,52342,323,593438075762272256,26,binning 1   1,DR18
5804.969,0.5637976,0.5987323,0.6267321,SDSS-SDSS,SDSS,527,52342,323,593438075762272256,26,binning 1   1,DR18
5806.3076,0.3737063,0.5748232,0.60911137,SDSS-SDSS,SDSS,527,52342,323,593438075762272256,26,binning 1   1,DR18
5807.6436,1.2801062,0.4558679,0.6257499,SDSS-SDSS,SDSS,527,52342,323,593438075762272256,26,binning 1   1,DR18
5808.9824,2.4279346,0.46995118,0.61778057,SDSS-SDSS,SDSS,527,52342,323,593438075762272256,26,binning 1   1,DR18
5810.319,-0.047273763,0.4538599,0.5986603,SDSS-SDSS,SDSS,527,52342,323,593438075762272256,26,binning 1   1,DR18
5811.6587,1.502853,0.47698677,0.58103645,SDSS-SDSS,SDSS,527,52342,323,593438075762272256,26,binning 1   1,DR18
5812.9956,0.32828248,0.48675805,0.56898165,SDSS-SDSS,SDSS,527,52342,323,593438075762272256,26,binning 1   1,DR18
5814.333,1.2434107,0.5070883,0.5646282,SDSS-SDSS,SDSS,527,52342,323,593438075762272256,26,binning 1   1,DR18
5815.674,1.115304,0.4876462,0.53780663,SDSS-SDSS,SDSS,527,52342,323,593438075762272256,26,binning 1   1,DR18
5817.0117,0.89455706,0.48556498,0.5262323,SDSS-SDSS,SDSS,527,52342,323,593438075762272256,26,binning 1   1,DR18
5818.353,0.8336352,0.4836729,0.53185123,SDSS-SDSS,SDSS,527,52342,323,593438075762272256,26,binning 1   1,DR18
5819.6914,0.9583739,0.49012792,0.52494276,SDSS-SDSS,SDSS,527,52342,323,593438075762272256,26,binning 1   1,DR18
5821.0337,1.6962236,0.5044964,0.5002348,SDSS-SDSS,SDSS,527,52342,323,593438075762272256,26,binning 1   1,DR18
5822.3726,1.9415741,0.52412623,0.49698508,SDSS-SDSS,SDSS,527,52342,323,593438075762272256,26,binning 1   1,DR18
5823.712,0.5539649,0.5058941,0.50503093,SDSS-SDSS,SDSS,527,52342,323,593438075762272256,26,binning 1   1,DR18
5825.055,2.1352642,0.49677852,0.48765275,SDSS-SDSS,SDSS,527,52342,323,593438075762272256,26,binning 1   1,DR18
5826.395,1.1149881,0.48981288,0.49569383,SDSS-SDSS,SDSS,527,52342,323,593438075762272256,26,binning 1   1,DR18
5827.739,1.0545065,0.49837002,0.5171001,SDSS-SDSS,SDSS,527,52342,323,593438075762272256,26,binning 1   1,DR18
5829.079,0.81407577,0.50111073,0.49718443,SDSS-SDSS,SDSS,527,52342,323,593438075762272256,26,binning 1   1,DR18
5830.4233,1.0702459,0.53820264,0.44211578,SDSS-SDSS,SDSS,527,52342,323,593438075762272256,26,binning 1   1,DR18
5831.7646,1.5572805,0.57244056,0.48311836,SDSS-SDSS,SDSS,527,52342,323,593438075762272256,26,binning 1   1,DR18
5833.1064,0.9679875,0.552139,0.50222135,SDSS-SDSS,SDSS,527,52342,323,593438075762272256,26,binning 1   1,DR18
5834.4517,2.6438487,0.57556313,0.50264543,SDSS-SDSS,SDSS,527,52342,323,593438075762272256,26,binning 1   1,DR18
5835.7935,1.9012014,0.5619475,0.49929157,SDSS-SDSS,SDSS,527,52342,323,593438075762272256,26,binning 1   1,DR18
5837.1396,0.25198498,0.56519216,0.48984805,SDSS-SDSS,SDSS,527,52342,323,593438075762272256,26,binning 1   1,DR18
5838.4824,3.083141,0.57440174,0.47851223,SDSS-SDSS,SDSS,527,52342,323,593438075762272256,26,binning 1   1,DR18
5839.8286,1.1627413,0.55351067,0.4802147,SDSS-SDSS,SDSS,527,52342,323,593438075762272256,26,binning 1   1,DR18
5841.172,0.80704266,0.5602182,0.4472905,SDSS-SDSS,SDSS,527,52342,323,593438075762272256,26,binning 1   1,DR18
5842.5156,0.9149092,0.57009417,0.41279772,SDSS-SDSS,SDSS,527,52342,323,593438075762272256,26,binning 1   1,DR18
5843.8633,0.7208557,0.5744276,0.41644895,SDSS-SDSS,SDSS,527,52342,323,593438075762272256,26,binning 1   1,DR18
5845.2075,0.72392005,0.55348676,0.4425565,SDSS-SDSS,SDSS,527,52342,323,593438075762272256,26,binning 1   1,DR18
5846.555,0.9387214,0.53769004,0.43705145,SDSS-SDSS,SDSS,527,52342,323,593438075762272256,26,binning 1   1,DR18
5847.9004,0.14068905,0.54684347,0.44651943,SDSS-SDSS,SDSS,527,52342,323,593438075762272256,26,binning 1   1,DR18
5849.249,0.33322138,0.5501089,0.4149027,SDSS-SDSS,SDSS,527,52342,323,593438075762272256,26,binning 1   1,DR18
5850.594,2.7879274,0.58122706,0.4081673,SDSS-SDSS,SDSS,527,52342,323,593438075762272256,26,binning 1   1,DR18
5851.9404,1.0536436,0.556498,0.4078972,SDSS-SDSS,SDSS,527,52342,323,593438075762272256,26,binning 1   1,DR18
5853.2896,0.8884225,0.5379543,0.38099176,SDSS-SDSS,SDSS,527,52342,323,593438075762272256,26,binning 1   1,DR18
5854.636,1.1190681,0.5396058,0.37651104,SDSS-SDSS,SDSS,527,52342,323,593438075762272256,26,binning 1   1,DR18
5855.9863,0.6410615,0.5413938,0.3992535,SDSS-SDSS,SDSS,527,52342,323,593438075762272256,26,binning 1   1,DR18
5857.3335,0.51591045,0.56044644,0.3988119,SDSS-SDSS,SDSS,527,52342,323,593438075762272256,26,binning 1   1,DR18
5858.684,1.7386873,0.5570587,0.40699422,SDSS-SDSS,SDSS,527,52342,323,593438075762272256,26,binning 1   1,DR18
5860.032,1.6273987,0.55532193,0.40886998,SDSS-SDSS,SDSS,527,52342,323,593438075762272256,26,binning 1   1,DR18
5861.38,1.1030662,0.55843776,0.3864324,SDSS-SDSS,SDSS,527,52342,323,593438075762272256,26,binning 1   1,DR18
5862.732,0.5978241,0.557378,0.3845239,SDSS-SDSS,SDSS,527,52342,323,593438075762272256,26,binning 1   1,DR18
5864.0806,1.1365392,0.5505087,0.43457597,SDSS-SDSS,SDSS,527,52342,323,593438075762272256,26,binning 1   1,DR18
5865.4326,1.9588785,0.57112813,0.4757767,SDSS-SDSS,SDSS,527,52342,323,593438075762272256,26,binning 1   1,DR18
5866.782,0.78704065,0.5943519,0.4473278,SDSS-SDSS,SDSS,527,52342,323,593438075762272256,26,binning 1   1,DR18
5868.135,0.65812236,0.583807,0.38490131,SDSS-SDSS,SDSS,527,52342,323,593438075762272256,26,binning 1   1,DR18
5869.485,-0.32187867,0.66568226,0.35600555,SDSS-SDSS,SDSS,527,52342,323,593438075762272256,26,binning 1   1,DR18
5870.835,-0.4449014,0.6286743,0.36707634,SDSS-SDSS,SDSS,527,52342,323,593438075762272256,26,binning 1   1,DR18
5872.189,0.9925782,0.5307001,0.3554586,SDSS-SDSS,SDSS,527,52342,323,593438075762272256,26,binning 1   1,DR18
5873.54,1.4434757,0.53957844,0.34356496,SDSS-SDSS,SDSS,527,52342,323,593438075762272256,26,binning 1   1,DR18
5874.894,0.91400623,0.51966214,0.31670976,SDSS-SDSS,SDSS,527,52342,323,593438075762272256,26,binning 1   1,DR18
5876.2456,1.2254033,0.49785584,0.31150553,SDSS-SDSS,SDSS,527,52342,323,593438075762272256,26,binning 1   1,DR18
5877.6006,0.34634563,0.49018508,0.34647653,SDSS-SDSS,SDSS,527,52342,323,593438075762272256,26,binning 1   1,DR18
5878.953,0.7550868,0.49468872,0.3687062,SDSS-SDSS,SDSS,527,52342,323,593438075762272256,26,binning 1   1,DR18
5880.305,0.9744616,0.48140836,0.3840137,SDSS-SDSS,SDSS,527,52342,323,593438075762272256,26,binning 1   1,DR18
5881.661,0.941882,0.48227376,0.33925465,SDSS-SDSS,SDSS,527,52342,323,593438075762272256,26,binning 1   1,DR18
5883.0146,1.035088,0.468107,0.3160391,SDSS-SDSS,SDSS,527,52342,323,593438075762272256,26,binning 1   1,DR18
5884.371,-0.18720105,0.4620638,0.32594478,SDSS-SDSS,SDSS,527,52342,323,593438075762272256,26,binning 1   1,DR18
5885.7246,1.6703649,0.48560804,0.35182452,SDSS-SDSS,SDSS,527,52342,323,593438075762272256,26,binning 1   1,DR18
5887.082,1.0660236,0.49622306,0.40639457,SDSS-SDSS,SDSS,527,52342,323,593438075762272256,26,binning 1   1,DR18
5888.4365,0.8864358,0.5833592,0.41352403,SDSS-SDSS,SDSS,527,52342,323,593438075762272256,26,binning 1   1,DR18
5889.794,1.0001444,0.7937917,0.395686,SDSS-SDSS,SDSS,527,52342,323,593438075762272256,26,binning 1   1,DR18
5891.149,0.64615494,1.1191964,0.3971014,SDSS-SDSS,SDSS,527,52342,323,593438075762272256,26,binning 1   1,DR18
5892.5044,1.1528597,1.2195784,0.41633394,SDSS-SDSS,SDSS,527,52342,323,593438075762272256,26,binning 1   1,DR18
5893.8633,0.85575885,0.7805961,0.42598388,SDSS-SDSS,SDSS,527,52342,323,593438075762272256,26,binning 1   1,DR18
5895.219,0.0613716,0.60215235,0.4069829,SDSS-SDSS,SDSS,527,52342,323,593438075762272256,26,binning 1   1,DR18
5896.5786,0.8326923,0.796711,0.3615199,SDSS-SDSS,SDSS,527,52342,323,593438075762272256,26,binning 1   1,DR18
5897.935,1.6650288,0.99414283,0.37347832,SDSS-SDSS,SDSS,527,52342,323,593438075762272256,26,binning 1   1,DR18
5899.295,0.06330747,0.81116754,0.34613034,SDSS-SDSS,SDSS,527,52342,323,593438075762272256,26,binning 1   1,DR18
5900.6523,1.5659884,0.5475999,0.30002934,SDSS-SDSS,SDSS,527,52342,323,593438075762272256,26,binning 1   1,DR18
5902.01,0.1346328,0.49944392,0.29604903,SDSS-SDSS,SDSS,527,52342,323,593438075762272256,26,binning 1   1,DR18
5903.3706,-0.14726794,0.50462544,0.30211905,SDSS-SDSS,SDSS,527,52342,323,593438075762272256,26,binning 1   1,DR18
5904.7285,0.8156668,0.47127393,0.30947593,SDSS-SDSS,SDSS,527,52342,323,593438075762272256,26,binning 1   1,DR18
5906.0903,-0.4032906,0.46276838,0.3246537,SDSS-SDSS,SDSS,527,52342,323,593438075762272256,26,binning 1   1,DR18
5907.4487,0.4780889,0.43993738,0.33483088,SDSS-SDSS,SDSS,527,52342,323,593438075762272256,26,binning 1   1,DR18
5908.811,0.3588622,0.43807858,0.30782762,SDSS-SDSS,SDSS,527,52342,323,593438075762272256,26,binning 1   1,DR18
5910.1704,0.77808803,0.46964246,0.278495,SDSS-SDSS,SDSS,527,52342,323,593438075762272256,26,binning 1   1,DR18
5911.5303,0.8831692,0.46985012,0.33691522,SDSS-SDSS,SDSS,527,52342,323,593438075762272256,26,binning 1   1,DR18
5912.893,0.30396318,0.43293577,0.3657152,SDSS-SDSS,SDSS,527,52342,323,593438075762272256,26,binning 1   1,DR18
5914.2534,0.8006489,0.45302653,0.39974394,SDSS-SDSS,SDSS,527,52342,323,593438075762272256,26,binning 1   1,DR18
5915.617,0.7622698,0.45957893,0.40046287,SDSS-SDSS,SDSS,527,52342,323,593438075762272256,26,binning 1   1,DR18
5916.978,0.19888891,0.4623929,0.3739106,SDSS-SDSS,SDSS,527,52342,323,593438075762272256,26,binning 1   1,DR18
5918.343,0.6356457,0.45515224,0.34572405,SDSS-SDSS,SDSS,527,52342,323,593438075762272256,26,binning 1   1,DR18
5919.704,0.5085809,0.42507574,0.31464902,SDSS-SDSS,SDSS,527,52342,323,593438075762272256,26,binning 1   1,DR18
5921.066,0.6264297,0.41821808,0.3077218,SDSS-SDSS,SDSS,527,52342,323,593438075762272256,26,binning 1   1,DR18
5922.431,0.8341435,0.42624,0.31439704,SDSS-SDSS,SDSS,527,52342,323,593438075762272256,26,binning 1   1,DR18
5923.794,0.6313179,0.42908362,0.33510947,SDSS-SDSS,SDSS,527,52342,323,593438075762272256,26,binning 1   1,DR18
5925.1597,0.8626177,0.42765233,0.3735513,SDSS-SDSS,SDSS,527,52342,323,593438075762272256,26,binning 1   1,DR18
5926.523,-0.1617026,0.42291424,0.39633405,SDSS-SDSS,SDSS,527,52342,323,593438075762272256,26,binning 1   1,DR18
5927.8896,0.9559958,0.42145398,0.3547819,SDSS-SDSS,SDSS,527,52342,323,593438075762272256,26,binning 1   1,DR18
5929.2534,0.463097,0.3972755,0.33723423,SDSS-SDSS,SDSS,527,52342,323,593438075762272256,26,binning 1   1,DR18
5930.617,-0.19804978,0.3972211,0.3246811,SDSS-SDSS,SDSS,527,52342,323,593438075762272256,26,binning 1   1,DR18
5931.985,0.68899786,0.4066864,0.32078612,SDSS-SDSS,SDSS,527,52342,323,593438075762272256,26,binning 1   1,DR18
5933.3496,0.9147035,0.44143227,0.31382906,SDSS-SDSS,SDSS,527,52342,323,593438075762272256,26,binning 1   1,DR18
5934.718,0.2012096,0.45375785,0.30348533,SDSS-SDSS,SDSS,527,52342,323,593438075762272256,26,binning 1   1,DR18
5936.083,-0.41994587,0.42617384,0.32245174,SDSS-SDSS,SDSS,527,52342,323,593438075762272256,26,binning 1   1,DR18
5937.4517,-0.39879772,0.39230734,0.36274645,SDSS-SDSS,SDSS,527,52342,323,593438075762272256,26,binning 1   1,DR18
5938.818,0.5744119,0.38608214,0.3603125,SDSS-SDSS,SDSS,527,52342,323,593438075762272256,26,binning 1   1,DR18
5940.184,-0.28231207,0.37181348,0.31829312,SDSS-SDSS,SDSS,527,52342,323,593438075762272256,26,binning 1   1,DR18
5941.5537,-0.25391385,0.42169785,0.29093423,SDSS-SDSS,SDSS,527,52342,323,593438075762272256,26,binning 1   1,DR18
5942.9204,0.47735614,0.43085456,0.30454513,SDSS-SDSS,SDSS,527,52342,323,593438075762272256,26,binning 1   1,DR18
5944.291,1.2300072,0.43303904,0.31849533,SDSS-SDSS,SDSS,527,52342,323,593438075762272256,26,binning 1   1,DR18
5945.6587,1.3923014,0.39849216,0.3219371,SDSS-SDSS,SDSS,527,52342,323,593438075762272256,26,binning 1   1,DR18
5947.03,0.3888987,0.3945556,0.33751655,SDSS-SDSS,SDSS,527,52342,323,593438075762272256,26,binning 1   1,DR18
5948.3975,0.17522371,0.39243948,0.35388887,SDSS-SDSS,SDSS,527,52342,323,593438075762272256,26,binning 1   1,DR18
5949.766,-0.065422446,0.37314913,0.34621572,SDSS-SDSS,SDSS,527,52342,323,593438075762272256,26,binning 1   1,DR18
5951.138,0.036948215,0.36620656,0.3289318,SDSS-SDSS,SDSS,527,52342,323,593438075762272256,26,binning 1   1,DR18
5952.5073,-0.032461,0.4116004,0.35470384,SDSS-SDSS,SDSS,527,52342,323,593438075762272256,26,binning 1   1,DR18
5953.88,-0.20288469,0.44180492,0.3788159,SDSS-SDSS,SDSS,527,52342,323,593438075762272256,26,binning 1   1,DR18
5955.2495,0.56992614,0.44141847,0.3442896,SDSS-SDSS,SDSS,527,52342,323,593438075762272256,26,binning 1   1,DR18
5956.6226,0.34923515,0.42771167,0.2939919,SDSS-SDSS,SDSS,527,52342,323,593438075762272256,26,binning 1   1,DR18
5957.993,0.2463733,0.37537184,0.30642492,SDSS-SDSS,SDSS,527,52342,323,593438075762272256,26,binning 1   1,DR18
5959.364,0.1739561,0.35971183,0.37103373,SDSS-SDSS,SDSS,527,52342,323,593438075762272256,26,binning 1   1,DR18
5960.738,0.66722596,0.36173862,0.3725049,SDSS-SDSS,SDSS,527,52342,323,593438075762272256,26,binning 1   1,DR18
5962.1094,-0.9918356,0.35032004,0.34976438,SDSS-SDSS,SDSS,527,52342,323,593438075762272256,26,binning 1   1,DR18
5963.484,0.3643825,0.37659198,0.34216937,SDSS-SDSS,SDSS,527,52342,323,593438075762272256,26,binning 1   1,DR18
5964.856,-0.031707834,0.42204085,0.34420314,SDSS-SDSS,SDSS,527,52342,323,593438075762272256,26,binning 1   1,DR18
5966.2314,0.35945454,0.43743926,0.35304576,SDSS-SDSS,SDSS,527,52342,323,593438075762272256,26,binning 1   1,DR18
5967.604,0.7152136,0.37858546,0.3628892,SDSS-SDSS,SDSS,527,52342,323,593438075762272256,26,binning 1   1,DR18
5968.9766,0.403799,0.36214882,0.36628574,SDSS-SDSS,SDSS,527,52342,323,593438075762272256,26,binning 1   1,DR18
5970.353,-0.11990625,0.35316318,0.40308353,SDSS-SDSS,SDSS,527,52342,323,593438075762272256,26,binning 1   1,DR18
5971.7266,0.73389703,0.36368546,0.39707392,SDSS-SDSS,SDSS,527,52342,323,593438075762272256,26,binning 1   1,DR18
5973.1035,0.78245884,0.35392818,0.4014797,SDSS-SDSS,SDSS,527,52342,323,593438075762272256,26,binning 1   1,DR18
5974.478,0.062687114,0.34366578,0.4326799,SDSS-SDSS,SDSS,527,52342,323,593438075762272256,26,binning 1   1,DR18
5975.8555,0.7352253,0.34823948,0.44293734,SDSS-SDSS,SDSS,527,52342,323,593438075762272256,26,binning 1   1,DR18
5977.2305,0.08545658,0.3484046,0.40115267,SDSS-SDSS,SDSS,527,52342,323,593438075762272256,26,binning 1   1,DR18
5978.6055,0.16178116,0.35115868,0.41563976,SDSS-SDSS,SDSS,527,52342,323,593438075762272256,26,binning 1   1,DR18
5979.984,0.21878791,0.34787273,0.43797642,SDSS-SDSS,SDSS,527,52342,323,593438075762272256,26,binning 1   1,DR18
5981.36,0.099143095,0.34360427,0.41333744,SDSS-SDSS,SDSS,527,52342,323,593438075762272256,26,binning 1   1,DR18
5982.739,0.66595507,0.3726724,0.38252112,SDSS-SDSS,SDSS,527,52342,323,593438075762272256,26,binning 1   1,DR18
5984.115,0.07294559,0.37038937,0.38363597,SDSS-SDSS,SDSS,527,52342,323,593438075762272256,26,binning 1   1,DR18
5985.495,0.16396956,0.34235314,0.3834651,SDSS-SDSS,SDSS,527,52342,323,593438075762272256,26,binning 1   1,DR18
5986.872,0.5175728,0.3327819,0.4156455,SDSS-SDSS,SDSS,527,52342,323,593438075762272256,26,binning 1   1,DR18
5988.2495,0.72377276,0.3219118,0.41886273,SDSS-SDSS,SDSS,527,52342,323,593438075762272256,26,binning 1   1,DR18
5989.6304,0.5902109,0.31622502,0.40840736,SDSS-SDSS,SDSS,527,52342,323,593438075762272256,26,binning 1   1,DR18
5991.0083,0.00086000114,0.3053596,0.41325012,SDSS-SDSS,SDSS,527,52342,323,593438075762272256,26,binning 1   1,DR18
5992.3896,-0.052282315,0.30955574,0.42442626,SDSS-SDSS,SDSS,527,52342,323,593438075762272256,26,binning 1   1,DR18
5993.768,0.28055376,0.32086852,0.40210748,SDSS-SDSS,SDSS,527,52342,323,593438075762272256,26,binning 1   1,DR18
5995.1504,-0.17209929,0.3206447,0.3727098,SDSS-SDSS,SDSS,527,52342,323,593438075762272256,26,binning 1   1,DR18
5996.53,0.4194836,0.3227468,0.34456685,SDSS-SDSS,SDSS,527,52342,323,593438075762272256,26,binning 1   1,DR18
5997.9126,0.5228877,0.3233508,0.3511866,SDSS-SDSS,SDSS,527,52342,323,593438075762272256,26,binning 1   1,DR18
5999.292,0.42193738,0.33621496,0.3835722,SDSS-SDSS,SDSS,527,52342,323,593438075762272256,26,binning 1   1,DR18
6000.6724,0.36298093,0.33354098,0.4036066,SDSS-SDSS,SDSS,527,52342,323,593438075762272256,26,binning 1   1,DR18
6002.056,0.72225374,0.31828383,0.3943937,SDSS-SDSS,SDSS,527,52342,323,593438075762272256,26,binning 1   1,DR18
6003.437,-0.50923336,0.30903748,0.4003363,SDSS-SDSS,SDSS,527,52342,323,593438075762272256,26,binning 1   1,DR18
6004.8213,0.1853538,0.3113013,0.41660267,SDSS-SDSS,SDSS,527,52342,323,593438075762272256,26,binning 1   1,DR18
6006.2026,0.57899934,0.32387847,0.4010522,SDSS-SDSS,SDSS,527,52342,323,593438075762272256,26,binning 1   1,DR18
6007.5874,0.2556858,0.31440553,0.37355956,SDSS-SDSS,SDSS,527,52342,323,593438075762272256,26,binning 1   1,DR18
6008.9697,0.12572227,0.30027533,0.3759273,SDSS-SDSS,SDSS,527,52342,323,593438075762272256,26,binning 1   1,DR18
6010.352,0.3943235,0.3045573,0.3983278,SDSS-SDSS,SDSS,527,52342,323,593438075762272256,26,binning 1   1,DR18
6011.738,0.5123798,0.303005,0.37976706,SDSS-SDSS,SDSS,527,52342,323,593438075762272256,26,binning 1   1,DR18
6013.121,0.15754321,0.30251777,0.35754701,SDSS-SDSS,SDSS,527,52342,323,593438075762272256,26,binning 1   1,DR18
6014.508,-0.5855766,0.29483834,0.35668463,SDSS-SDSS,SDSS,527,52342,323,593438075762272256,26,binning 1   1,DR18
6015.891,-0.3642103,0.30125087,0.37296402,SDSS-SDSS,SDSS,527,52342,323,593438075762272256,26,binning 1   1,DR18
6017.2783,1.0973847,0.3274509,0.386988,SDSS-SDSS,SDSS,527,52342,323,593438075762272256,26,binning 1   1,DR18
6018.6626,0.51456565,0.36599442,0.38116002,SDSS-SDSS,SDSS,527,52342,323,593438075762272256,26,binning 1   1,DR18
6020.0474,-0.6718668,0.33724186,0.35824856,SDSS-SDSS,SDSS,527,52342,323,593438075762272256,26,binning 1   1,DR18
6021.4355,0.85024095,0.33554357,0.35999918,SDSS-SDSS,SDSS,527,52342,323,593438075762272256,26,binning 1   1,DR18
6022.821,0.77633953,0.32662663,0.37077215,SDSS-SDSS,SDSS,527,52342,323,593438075762272256,26,binning 1   1,DR18
6024.2095,0.9321605,0.310339,0.35231274,SDSS-SDSS,SDSS,527,52342,323,593438075762272256,26,binning 1   1,DR18
6025.5957,0.78301364,0.30994615,0.32356158,SDSS-SDSS,SDSS,527,52342,323,593438075762272256,26,binning 1   1,DR18
6026.985,0.21002172,0.3140764,0.35863262,SDSS-SDSS,SDSS,527,52342,323,593438075762272256,26,binning 1   1,DR18
6028.3716,-0.08076309,0.30998397,0.38812065,SDSS-SDSS,SDSS,527,52342,323,593438075762272256,26,binning 1   1,DR18
6029.7583,0.40186915,0.30622873,0.35853675,SDSS-SDSS,SDSS,527,52342,323,593438075762272256,26,binning 1   1,DR18
6031.149,0.16220115,0.30108458,0.31683844,SDSS-SDSS,SDSS,527,52342,323,593438075762272256,26,binning 1   1,DR18
6032.536,-0.1418832,0.3007029,0.2923135,SDSS-SDSS,SDSS,527,52342,323,593438075762272256,26,binning 1   1,DR18
6033.9272,0.47838524,0.30734038,0.29898152,SDSS-SDSS,SDSS,527,52342,323,593438075762272256,26,binning 1   1,DR18
6035.3154,0.3453371,0.29370204,0.34417927,SDSS-SDSS,SDSS,527,52342,323,593438075762272256,26,binning 1   1,DR18
6036.707,-0.24730691,0.27994543,0.35355303,SDSS-SDSS,SDSS,527,52342,323,593438075762272256,26,binning 1   1,DR18
6038.0957,-0.14471903,0.2856574,0.33084127,SDSS-SDSS,SDSS,527,52342,323,593438075762272256,26,binning 1   1,DR18
6039.485,0.49469355,0.292369,0.331765,SDSS-SDSS,SDSS,527,52342,323,593438075762272256,26,binning 1   1,DR18
6040.8774,0.34553048,0.29706502,0.34275854,SDSS-SDSS,SDSS,527,52342,323,593438075762272256,26,binning 1   1,DR18
6042.267,0.33348376,0.2908491,0.33497658,SDSS-SDSS,SDSS,527,52342,323,593438075762272256,26,binning 1   1,DR18
6043.6606,0.6233822,0.29209888,0.32968903,SDSS-SDSS,SDSS,527,52342,323,593438075762272256,26,binning 1   1,DR18
6045.051,1.0157425,0.28499705,0.329802,SDSS-SDSS,SDSS,527,52342,323,593438075762272256,26,binning 1   1,DR18
6046.445,-0.13716315,0.27005866,0.31246993,SDSS-SDSS,SDSS,527,52342,323,593438075762272256,26,binning 1   1,DR18
6047.836,0.8675735,0.27758113,0.28809953,SDSS-SDSS,SDSS,527,52342,323,593438075762272256,26,binning 1   1,DR18
6049.227,0.15549141,0.27884746,0.29383,SDSS-SDSS,SDSS,527,52342,323,593438075762272256,26,binning 1   1,DR18
6050.622,0.057253864,0.2790592,0.31445494,SDSS-SDSS,SDSS,527,52342,323,593438075762272256,26,binning 1   1,DR18
6052.014,0.4255874,0.27595308,0.28915924,SDSS-SDSS,SDSS,527,52342,323,593438075762272256,26,binning 1   1,DR18
6053.4097,0.39342758,0.27147415,0.3237218,SDSS-SDSS,SDSS,527,52342,323,593438075762272256,26,binning 1   1,DR18
6054.8022,0.42229173,0.27946365,0.32009447,SDSS-SDSS,SDSS,527,52342,323,593438075762272256,26,binning 1   1,DR18
6056.198,0.43778178,0.27943194,0.31117517,SDSS-SDSS,SDSS,527,52342,323,593438075762272256,26,binning 1   1,DR18
6057.592,0.4024137,0.27825484,0.31665,SDSS-SDSS,SDSS,527,52342,323,593438075762272256,26,binning 1   1,DR18
6058.9854,0.75573665,0.27078754,0.33233386,SDSS-SDSS,SDSS,527,52342,323,593438075762272256,26,binning 1   1,DR18
6060.3823,0.5789534,0.26034066,0.36693084,SDSS-SDSS,SDSS,527,52342,323,593438075762272256,26,binning 1   1,DR18
6061.7764,0.17353453,0.26247215,0.40669015,SDSS-SDSS,SDSS,527,52342,323,593438075762272256,26,binning 1   1,DR18
6063.1743,0.40801227,0.2715615,0.3772604,SDSS-SDSS,SDSS,527,52342,323,593438075762272256,26,binning 1   1,DR18
6064.5693,0.37236208,0.26465255,0.33920524,SDSS-SDSS,SDSS,527,52342,323,593438075762272256,26,binning 1   1,DR18
6065.968,0.5862137,0.25307295,0.30593228,SDSS-SDSS,SDSS,527,52342,323,593438075762272256,26,binning 1   1,DR18
6067.3633,0.8002018,0.25511467,0.26038948,SDSS-SDSS,SDSS,527,52342,323,593438075762272256,26,binning 1   1,DR18
6068.759,-0.103874914,0.25208506,0.22833101,SDSS-SDSS,SDSS,527,52342,323,593438075762272256,26,binning 1   1,DR18
6070.158,-0.49868986,0.24305059,0.25205585,SDSS-SDSS,SDSS,527,52342,323,593438075762272256,26,binning 1   1,DR18
6071.5547,0.51773906,0.25038984,0.30622563,SDSS-SDSS,SDSS,527,52342,323,593438075762272256,26,binning 1   1,DR18
6072.955,0.22886296,0.25699696,0.32488713,SDSS-SDSS,SDSS,527,52342,323,593438075762272256,26,binning 1   1,DR18
6074.352,0.4865338,0.2570799,0.2919942,SDSS-SDSS,SDSS,527,52342,323,593438075762272256,26,binning 1   1,DR18
6075.753,0.34651202,0.26165932,0.24614586,SDSS-SDSS,SDSS,527,52342,323,593438075762272256,26,binning 1   1,DR18
6077.1504,0.60919654,0.2910782,0.2356872,SDSS-SDSS,SDSS,527,52342,323,593438075762272256,26,binning 1   1,DR18
6078.5483,1.0466691,0.2948971,0.24233994,SDSS-SDSS,SDSS,527,52342,323,593438075762272256,26,binning 1   1,DR18
6079.95,0.3096088,0.24012125,0.28886992,SDSS-SDSS,SDSS,527,52342,323,593438075762272256,26,binning 1   1,DR18
6081.349,0.12722464,0.23802218,0.31637943,SDSS-SDSS,SDSS,527,52342,323,593438075762272256,26,binning 1   1,DR18
6082.7515,0.44373798,0.24105012,0.2938861,SDSS-SDSS,SDSS,527,52342,323,593438075762272256,26,binning 1   1,DR18
6084.1504,0.39070752,0.24883612,0.2797696,SDSS-SDSS,SDSS,527,52342,323,593438075762272256,26,binning 1   1,DR18
6085.5537,-0.15096897,0.25469038,0.34933475,SDSS-SDSS,SDSS,527,52342,323,593438075762272256,26,binning 1   1,DR18
6086.9536,0.08075186,0.24863781,0.33670345,SDSS-SDSS,SDSS,527,52342,323,593438075762272256,26,binning 1   1,DR18
6088.354,-0.1325213,0.25013757,0.29449564,SDSS-SDSS,SDSS,527,52342,323,593438075762272256,26,binning 1   1,DR18
6089.758,0.18366425,0.25539818,0.2823741,SDSS-SDSS,SDSS,527,52342,323,593438075762272256,26,binning 1   1,DR18
6091.1587,0.0868107,0.2606625,0.29719988,SDSS-SDSS,SDSS,527,52342,323,593438075762272256,26,binning 1   1,DR18
6092.5635,0.17411418,0.25522086,0.30987093,SDSS-SDSS,SDSS,527,52342,323,593438075762272256,26,binning 1   1,DR18
6093.965,0.49277222,0.24991661,0.31649658,SDSS-SDSS,SDSS,527,52342,323,593438075762272256,26,binning 1   1,DR18
6095.37,0.24923998,0.2504511,0.34128135,SDSS-SDSS,SDSS,527,52342,323,593438075762272256,26,binning 1   1,DR18
6096.7725,0.04709636,0.24386297,0.33581987,SDSS-SDSS,SDSS,527,52342,323,593438075762272256,26,binning 1   1,DR18
6098.178,0.22187471,0.23968287,0.3361535,SDSS-SDSS,SDSS,527,52342,323,593438075762272256,26,binning 1   1,DR18
6099.581,0.5446283,0.23911978,0.35140103,SDSS-SDSS,SDSS,527,52342,323,593438075762272256,26,binning 1   1,DR18
6100.9844,0.28107032,0.24498646,0.36438012,SDSS-SDSS,SDSS,527,52342,323,593438075762272256,26,binning 1   1,DR18
6102.391,-0.06192425,0.24935532,0.3626567,SDSS-SDSS,SDSS,527,52342,323,593438075762272256,26,binning 1   1,DR18
6103.795,0.021458821,0.24871631,0.32432646,SDSS-SDSS,SDSS,527,52342,323,593438075762272256,26,binning 1   1,DR18
6105.2026,0.047455456,0.24522974,0.29090056,SDSS-SDSS,SDSS,527,52342,323,593438075762272256,26,binning 1   1,DR18
6106.607,0.5445462,0.24938902,0.29652604,SDSS-SDSS,SDSS,527,52342,323,593438075762272256,26,binning 1   1,DR18
6108.015,-0.47977358,0.24146755,0.2972808,SDSS-SDSS,SDSS,527,52342,323,593438075762272256,26,binning 1   1,DR18
6109.4204,-0.111812785,0.2561687,0.26836818,SDSS-SDSS,SDSS,527,52342,323,593438075762272256,26,binning 1   1,DR18
6110.8257,0.45397463,0.26917133,0.27059126,SDSS-SDSS,SDSS,527,52342,323,593438075762272256,26,binning 1   1,DR18
6112.235,0.907939,0.27449182,0.29648498,SDSS-SDSS,SDSS,527,52342,323,593438075762272256,26,binning 1   1,DR18
6113.641,0.922492,0.2659507,0.28896013,SDSS-SDSS,SDSS,527,52342,323,593438075762272256,26,binning 1   1,DR18
6115.051,0.31392017,0.2570462,0.2967356,SDSS-SDSS,SDSS,527,52342,323,593438075762272256,26,binning 1   1,DR18
6116.4575,-0.009420681,0.2635153,0.32191858,SDSS-SDSS,SDSS,527,52342,323,593438075762272256,26,binning 1   1,DR18
6117.868,0.34580243,0.27581626,0.33346447,SDSS-SDSS,SDSS,527,52342,323,593438075762272256,26,binning 1   1,DR18
6119.2754,0.73603153,0.34536403,0.3294125,SDSS-SDSS,SDSS,527,52342,323,593438075762272256,26,binning 1   1,DR18
6120.683,0.5724553,0.362198,0.32654795,SDSS-SDSS,SDSS,527,52342,323,593438075762272256,26,binning 1   1,DR18
6122.0947,0.03825682,0.2690827,0.3295682,SDSS-SDSS,SDSS,527,52342,323,593438075762272256,26,binning 1   1,DR18
6123.503,0.0042313808,0.24802789,0.31854415,SDSS-SDSS,SDSS,527,52342,323,593438075762272256,26,binning 1   1,DR18
6124.915,0.101443455,0.25189817,0.31026527,SDSS-SDSS,SDSS,527,52342,323,593438075762272256,26,binning 1   1,DR18
6126.324,0.07378865,0.25624076,0.31872743,SDSS-SDSS,SDSS,527,52342,323,593438075762272256,26,binning 1   1,DR18
6127.737,-0.015657907,0.2608566,0.32057253,SDSS-SDSS,SDSS,527,52342,323,593438075762272256,26,binning 1   1,DR18
6129.1465,0.106966175,0.2696226,0.32152835,SDSS-SDSS,SDSS,527,52342,323,593438075762272256,26,binning 1   1,DR18
6130.5566,0.47907624,0.27545765,0.2999051,SDSS-SDSS,SDSS,527,52342,323,593438075762272256,26,binning 1   1,DR18
6131.97,0.063838966,0.2771457,0.3286897,SDSS-SDSS,SDSS,527,52342,323,593438075762272256,26,binning 1   1,DR18
6133.381,0.95669913,0.2751667,0.35772583,SDSS-SDSS,SDSS,527,52342,323,593438075762272256,26,binning 1   1,DR18
6134.7954,-0.14076024,0.26614627,0.33609876,SDSS-SDSS,SDSS,527,52342,323,593438075762272256,26,binning 1   1,DR18
6136.2065,-0.58782506,0.25915834,0.33966172,SDSS-SDSS,SDSS,527,52342,323,593438075762272256,26,binning 1   1,DR18
6137.6216,0.30605394,0.26505032,0.3661417,SDSS-SDSS,SDSS,527,52342,323,593438075762272256,26,binning 1   1,DR18
6139.0337,0.060530715,0.2713151,0.3451173,SDSS-SDSS,SDSS,527,52342,323,593438075762272256,26,binning 1   1,DR18
6140.446,0.603395,0.27778417,0.33686846,SDSS-SDSS,SDSS,527,52342,323,593438075762272256,26,binning 1   1,DR18
6141.862,0.43008032,0.27203828,0.33538324,SDSS-SDSS,SDSS,527,52342,323,593438075762272256,26,binning 1   1,DR18
6143.275,-0.21016535,0.26990533,0.31515867,SDSS-SDSS,SDSS,527,52342,323,593438075762272256,26,binning 1   1,DR18
6144.6914,0.4544644,0.2914424,0.3118285,SDSS-SDSS,SDSS,527,52342,323,593438075762272256,26,binning 1   1,DR18
6146.105,0.72810996,0.30341473,0.31973383,SDSS-SDSS,SDSS,527,52342,323,593438075762272256,26,binning 1   1,DR18
6147.522,0.18634668,0.29717228,0.31100634,SDSS-SDSS,SDSS,527,52342,323,593438075762272256,26,binning 1   1,DR18
6148.9365,0.08241019,0.2740503,0.33697352,SDSS-SDSS,SDSS,527,52342,323,593438075762272256,26,binning 1   1,DR18
6150.351,0.3686482,0.25617635,0.35527432,SDSS-SDSS,SDSS,527,52342,323,593438075762272256,26,binning 1   1,DR18
6151.769,-0.030749567,0.25970113,0.33093202,SDSS-SDSS,SDSS,527,52342,323,593438075762272256,26,binning 1   1,DR18
6153.1846,0.1119982,0.28311476,0.33232108,SDSS-SDSS,SDSS,527,52342,323,593438075762272256,26,binning 1   1,DR18
6154.6035,0.48774952,0.2987444,0.34459108,SDSS-SDSS,SDSS,527,52342,323,593438075762272256,26,binning 1   1,DR18
6156.019,0.39360586,0.29496616,0.33747002,SDSS-SDSS,SDSS,527,52342,323,593438075762272256,26,binning 1   1,DR18
6157.439,-0.5606788,0.28417268,0.28218973,SDSS-SDSS,SDSS,527,52342,323,593438075762272256,26,binning 1   1,DR18
6158.8555,0.03194981,0.27291822,0.25954843,SDSS-SDSS,SDSS,527,52342,323,593438075762272256,26,binning 1   1,DR18
6160.272,-0.081682995,0.27058965,0.29270443,SDSS-SDSS,SDSS,527,52342,323,593438075762272256,26,binning 1   1,DR18
6161.693,0.13470994,0.2779948,0.26857358,SDSS-SDSS,SDSS,527,52342,323,593438075762272256,26,binning 1   1,DR18
6163.1104,0.089651875,0.27647102,0.2870051,SDSS-SDSS,SDSS,527,52342,323,593438075762272256,26,binning 1   1,DR18
6164.5312,0.26103902,0.2757572,0.34351653,SDSS-SDSS,SDSS,527,52342,323,593438075762272256,26,binning 1   1,DR18
6165.9497,0.42688447,0.3258858,0.3548809,SDSS-SDSS,SDSS,527,52342,323,593438075762272256,26,binning 1   1,DR18
6167.371,0.42808616,0.3241861,0.30018497,SDSS-SDSS,SDSS,527,52342,323,593438075762272256,26,binning 1   1,DR18
6168.79,0.28491098,0.33235797,0.24497747,SDSS-SDSS,SDSS,527,52342,323,593438075762272256,26,binning 1   1,DR18
6170.2095,-0.0026513794,0.27569413,0.26564258,SDSS-SDSS,SDSS,527,52342,323,593438075762272256,26,binning 1   1,DR18
6171.6323,-0.03047641,0.27144513,0.28348932,SDSS-SDSS,SDSS,527,52342,323,593438075762272256,26,binning 1   1,DR18
6173.052,0.14084175,0.27984142,0.3654769,SDSS-SDSS,SDSS,527,52342,323,593438075762272256,26,binning 1   1,DR18
6174.4756,-0.017224211,0.27598953,0.34769127,SDSS-SDSS,SDSS,527,52342,323,593438075762272256,26,binning 1   1,DR18
6175.896,0.05947177,0.26817644,0.2795847,SDSS-SDSS,SDSS,527,52342,323,593438075762272256,26,binning 1   1,DR18
6177.32,0.07631785,0.2630462,0.27528542,SDSS-SDSS,SDSS,527,52342,323,593438075762272256,26,binning 1   1,DR18
6178.741,-0.011285112,0.2650295,0.27964893,SDSS-SDSS,SDSS,527,52342,323,593438075762272256,26,binning 1   1,DR18
6180.1626,0.12736513,0.25322628,0.2628009,SDSS-SDSS,SDSS,527,52342,323,593438075762272256,26,binning 1   1,DR18
6181.5874,-0.27440116,0.2456708,0.23643225,SDSS-SDSS,SDSS,527,52342,323,593438075762272256,26,binning 1   1,DR18
6183.01,0.017510377,0.25039056,0.25058532,SDSS-SDSS,SDSS,527,52342,323,593438075762272256,26,binning 1   1,DR18
6184.4355,-0.40868345,0.25540426,0.28980988,SDSS-SDSS,SDSS,527,52342,323,593438075762272256,26,binning 1   1,DR18
6185.858,0.40278047,0.2722272,0.34481156,SDSS-SDSS,SDSS,527,52342,323,593438075762272256,26,binning 1   1,DR18
6187.2847,0.21105012,0.28911301,0.43155137,SDSS-SDSS,SDSS,527,52342,323,593438075762272256,26,binning 1   1,DR18
6188.708,0.19240797,0.27395236,0.38957277,SDSS-SDSS,SDSS,527,52342,323,593438075762272256,26,binning 1   1,DR18
6190.132,0.09068484,0.25588408,0.32073247,SDSS-SDSS,SDSS,527,52342,323,593438075762272256,26,binning 1   1,DR18
6191.559,0.0390621,0.25255847,0.29083264,SDSS-SDSS,SDSS,527,52342,323,593438075762272256,26,binning 1   1,DR18
6192.9834,-0.165047,0.2522141,0.2918815,SDSS-SDSS,SDSS,527,52342,323,593438075762272256,26,binning 1   1,DR18
6194.4116,0.3177169,0.27328798,0.31984305,SDSS-SDSS,SDSS,527,52342,323,593438075762272256,26,binning 1   1,DR18
6195.8364,0.13126305,0.27637485,0.3854476,SDSS-SDSS,SDSS,527,52342,323,593438075762272256,26,binning 1   1,DR18
6197.265,-0.23311618,0.26815277,0.36204082,SDSS-SDSS,SDSS,527,52342,323,593438075762272256,26,binning 1   1,DR18
6198.691,0.03959503,0.26172274,0.3192392,SDSS-SDSS,SDSS,527,52342,323,593438075762272256,26,binning 1   1,DR18
6200.117,-0.10953152,0.2657026,0.2778575,SDSS-SDSS,SDSS,527,52342,323,593438075762272256,26,binning 1   1,DR18
6201.547,0.29889044,0.27328873,0.2595049,SDSS-SDSS,SDSS,527,52342,323,593438075762272256,26,binning 1   1,DR18
6202.973,0.047978107,0.28336358,0.2499332,SDSS-SDSS,SDSS,527,52342,323,593438075762272256,26,binning 1   1,DR18
6204.404,0.040755842,0.28926674,0.20695248,SDSS-SDSS,SDSS,527,52342,323,593438075762272256,26,binning 1   1,DR18
6205.831,-0.08838202,0.27793008,0.23827076,SDSS-SDSS,SDSS,527,52342,323,593438075762272256,26,binning 1   1,DR18
6207.262,0.5196146,0.26075733,0.21442713,SDSS-SDSS,SDSS,527,52342,323,593438075762272256,26,binning 1   1,DR18
6208.69,0.31539991,0.2404439,0.21560843,SDSS-SDSS,SDSS,527,52342,323,593438075762272256,26,binning 1   1,DR18
6210.1216,-0.030245388,0.24019529,0.23744264,SDSS-SDSS,SDSS,527,52342,323,593438075762272256,26,binning 1   1,DR18
6211.5503,-0.046635784,0.24796373,0.23263648,SDSS-SDSS,SDSS,527,52342,323,593438075762272256,26,binning 1   1,DR18
6212.9795,0.35686862,0.26445952,0.22865231,SDSS-SDSS,SDSS,527,52342,323,593438075762272256,26,binning 1   1,DR18
6214.412,0.14926243,0.27330843,0.22823316,SDSS-SDSS,SDSS,527,52342,323,593438075762272256,26,binning 1   1,DR18
6215.842,-0.63999134,0.25702113,0.20735289,SDSS-SDSS,SDSS,527,52342,323,593438075762272256,26,binning 1   1,DR18
6217.275,-0.19690008,0.2519502,0.18910837,SDSS-SDSS,SDSS,527,52342,323,593438075762272256,26,binning 1   1,DR18
6218.7056,0.45928854,0.2540001,0.18159604,SDSS-SDSS,SDSS,527,52342,323,593438075762272256,26,binning 1   1,DR18
6220.139,0.28790826,0.24730727,0.19792126,SDSS-SDSS,SDSS,527,52342,323,593438075762272256,26,binning 1   1,DR18
6221.5703,0.027497651,0.25631446,0.2495583,SDSS-SDSS,SDSS,527,52342,323,593438075762272256,26,binning 1   1,DR18
6223.0015,0.25881872,0.26977432,0.22997293,SDSS-SDSS,SDSS,527,52342,323,593438075762272256,26,binning 1   1,DR18
6224.4365,0.3455266,0.2634407,0.19324252,SDSS-SDSS,SDSS,527,52342,323,593438075762272256,26,binning 1   1,DR18
6225.8687,0.040611066,0.24313653,0.2112167,SDSS-SDSS,SDSS,527,52342,323,593438075762272256,26,binning 1   1,DR18
6227.304,0.20023246,0.2313726,0.24219905,SDSS-SDSS,SDSS,527,52342,323,593438075762272256,26,binning 1   1,DR18
6228.737,-0.34535134,0.2253096,0.22713749,SDSS-SDSS,SDSS,527,52342,323,593438075762272256,26,binning 1   1,DR18
6230.173,-0.03261294,0.23314725,0.20183069,SDSS-SDSS,SDSS,527,52342,323,593438075762272256,26,binning 1   1,DR18
6231.6064,0.3731772,0.23528095,0.22491053,SDSS-SDSS,SDSS,527,52342,323,593438075762272256,26,binning 1   1,DR18
6233.04,0.03152743,0.23985042,0.2393429,SDSS-SDSS,SDSS,527,52342,323,593438075762272256,26,binning 1   1,DR18
6234.477,0.33796194,0.27010235,0.22993138,SDSS-SDSS,SDSS,527,52342,323,593438075762272256,26,binning 1   1,DR18
6235.9116,0.22782855,0.2976615,0.22367355,SDSS-SDSS,SDSS,527,52342,323,593438075762272256,26,binning 1   1,DR18
6237.3496,-0.26945254,0.31302124,0.25026536,SDSS-SDSS,SDSS,527,52342,323,593438075762272256,26,binning 1   1,DR18
6238.784,0.104228325,0.32129985,0.30045706,SDSS-SDSS,SDSS,527,52342,323,593438075762272256,26,binning 1   1,DR18
6240.223,-0.50168216,0.31120417,0.30939254,SDSS-SDSS,SDSS,527,52342,323,593438075762272256,26,binning 1   1,DR18
6241.6587,0.0654042,0.2905967,0.24390185,SDSS-SDSS,SDSS,527,52342,323,593438075762272256,26,binning 1   1,DR18
6243.094,0.7916294,0.29211676,0.227083,SDSS-SDSS,SDSS,527,52342,323,593438075762272256,26,binning 1   1,DR18
6244.534,0.119278185,0.28058043,0.24887046,SDSS-SDSS,SDSS,527,52342,323,593438075762272256,26,binning 1   1,DR18
6245.9707,-0.06805621,0.27235022,0.23592818,SDSS-SDSS,SDSS,527,52342,323,593438075762272256,26,binning 1   1,DR18
6247.411,0.32796577,0.27050728,0.2011641,SDSS-SDSS,SDSS,527,52342,323,593438075762272256,26,binning 1   1,DR18
6248.848,0.44361392,0.25687873,0.20051451,SDSS-SDSS,SDSS,527,52342,323,593438075762272256,26,binning 1   1,DR18
6250.289,0.5916477,0.24663074,0.23994604,SDSS-SDSS,SDSS,527,52342,323,593438075762272256,26,binning 1   1,DR18
6251.727,0.69521624,0.2429718,0.22372779,SDSS-SDSS,SDSS,527,52342,323,593438075762272256,26,binning 1   1,DR18
6253.165,0.22674456,0.22923635,0.16778472,SDSS-SDSS,SDSS,527,52342,323,593438075762272256,26,binning 1   1,DR18
6254.607,-0.024814906,0.20992263,0.160878,SDSS-SDSS,SDSS,527,52342,323,593438075762272256,26,binning 1   1,DR18
6256.046,0.5837196,0.21632762,0.22305544,SDSS-SDSS,SDSS,527,52342,323,593438075762272256,26,binning 1   1,DR18
6257.489,0.091265745,0.2383549,0.22505775,SDSS-SDSS,SDSS,527,52342,323,593438075762272256,26,binning 1   1,DR18
6258.928,0.58801395,0.29684204,0.23028277,SDSS-SDSS,SDSS,527,52342,323,593438075762272256,26,binning 1   1,DR18
6260.3716,0.70664257,0.3348202,0.22047669,SDSS-SDSS,SDSS,527,52342,323,593438075762272256,26,binning 1   1,DR18
6261.8115,-0.5634508,0.31008753,0.2188773,SDSS-SDSS,SDSS,527,52342,323,593438075762272256,26,binning 1   1,DR18
6263.252,0.8709623,0.2802797,0.24703889,SDSS-SDSS,SDSS,527,52342,323,593438075762272256,26,binning 1   1,DR18
6264.6963,-0.038965315,0.27650192,0.2649171,SDSS-SDSS,SDSS,527,52342,323,593438075762272256,26,binning 1   1,DR18
6266.1377,-0.04674218,0.3014459,0.2738706,SDSS-SDSS,SDSS,527,52342,323,593438075762272256,26,binning 1   1,DR18
6267.5825,-0.1852411,0.27884394,0.27794802,SDSS-SDSS,SDSS,527,52342,323,593438075762272256,26,binning 1   1,DR18
6269.0244,0.4222641,0.28581816,0.2865791,SDSS-SDSS,SDSS,527,52342,323,593438075762272256,26,binning 1   1,DR18
6270.47,0.5674376,0.2581114,0.2826653,SDSS-SDSS,SDSS,527,52342,323,593438075762272256,26,binning 1   1,DR18
6271.9126,-0.024643704,0.22459286,0.27195665,SDSS-SDSS,SDSS,527,52342,323,593438075762272256,26,binning 1   1,DR18
6273.3555,0.099500224,0.21261497,0.29788548,SDSS-SDSS,SDSS,527,52342,323,593438075762272256,26,binning 1   1,DR18
6274.8022,0.5256439,0.21563423,0.3096425,SDSS-SDSS,SDSS,527,52342,323,593438075762272256,26,binning 1   1,DR18
6276.2456,0.26957646,0.2209693,0.27697635,SDSS-SDSS,SDSS,527,52342,323,593438075762272256,26,binning 1   1,DR18
6277.693,-0.038305372,0.21915036,0.29718328,SDSS-SDSS,SDSS,527,52342,323,593438075762272256,26,binning 1   1,DR18
6279.137,-0.045773245,0.22143395,0.31587672,SDSS-SDSS,SDSS,527,52342,323,593438075762272256,26,binning 1   1,DR18
6280.585,0.26046208,0.22859894,0.2832217,SDSS-SDSS,SDSS,527,52342,323,593438075762272256,26,binning 1   1,DR18
6282.03,-0.054786768,0.2775244,0.2967329,SDSS-SDSS,SDSS,527,52342,323,593438075762272256,26,binning 1   1,DR18
6283.475,-0.19763583,0.28367242,0.29448587,SDSS-SDSS,SDSS,527,52342,323,593438075762272256,26,binning 1   1,DR18
6284.924,0.3860642,0.30175847,0.27770913,SDSS-SDSS,SDSS,527,52342,323,593438075762272256,26,binning 1   1,DR18
6286.3696,0.24962251,0.2953528,0.26862153,SDSS-SDSS,SDSS,527,52342,323,593438075762272256,26,binning 1   1,DR18
6287.8193,0.40552163,0.25798532,0.2859877,SDSS-SDSS,SDSS,527,52342,323,593438075762272256,26,binning 1   1,DR18
6289.266,0.049369656,0.2885815,0.292713,SDSS-SDSS,SDSS,527,52342,323,593438075762272256,26,binning 1   1,DR18
6290.7163,0.37893823,0.27158168,0.22843319,SDSS-SDSS,SDSS,527,52342,323,593438075762272256,26,binning 1   1,DR18
6292.1636,0.46131855,0.23226646,0.2295207,SDSS-SDSS,SDSS,527,52342,323,593438075762272256,26,binning 1   1,DR18
6293.611,0.29345784,0.20792893,0.27614108,SDSS-SDSS,SDSS,527,52342,323,593438075762272256,26,binning 1   1,DR18
6295.062,-0.13699189,0.20234422,0.29925445,SDSS-SDSS,SDSS,527,52342,323,593438075762272256,26,binning 1   1,DR18
6296.5103,0.21545509,0.21555099,0.289,SDSS-SDSS,SDSS,527,52342,323,593438075762272256,26,binning 1   1,DR18
6297.9624,0.065627016,0.2614441,0.28177974,SDSS-SDSS,SDSS,527,52342,323,593438075762272256,26,binning 1   1,DR18
6299.411,0.15934335,0.40092528,0.29093724,SDSS-SDSS,SDSS,527,52342,323,593438075762272256,26,binning 1   1,DR18
6300.864,0.038980026,0.6839831,0.24501117,SDSS-SDSS,SDSS,527,52342,323,593438075762272256,26,binning 1   1,DR18
6302.3135,0.35838005,0.9266305,0.25820023,SDSS-SDSS,SDSS,527,52342,323,593438075762272256,26,binning 1   1,DR18
6303.763,0.19037443,0.7941914,0.29240063,SDSS-SDSS,SDSS,527,52342,323,593438075762272256,26,binning 1   1,DR18
6305.217,-0.6826376,0.39798197,0.27682522,SDSS-SDSS,SDSS,527,52342,323,593438075762272256,26,binning 1   1,DR18
6306.6675,0.39298913,0.30870977,0.22902791,SDSS-SDSS,SDSS,527,52342,323,593438075762272256,26,binning 1   1,DR18
6308.1216,0.57425785,0.34431192,0.2503396,SDSS-SDSS,SDSS,527,52342,323,593438075762272256,26,binning 1   1,DR18
6309.5728,0.23386455,0.34398076,0.28642082,SDSS-SDSS,SDSS,527,52342,323,593438075762272256,26,binning 1   1,DR18
6311.028,-0.37706146,0.30023083,0.2871419,SDSS-SDSS,SDSS,527,52342,323,593438075762272256,26,binning 1   1,DR18
6312.4795,0.5156701,0.24456461,0.32657543,SDSS-SDSS,SDSS,527,52342,323,593438075762272256,26,binning 1   1,DR18
6313.9316,0.38546392,0.21672828,0.3316233,SDSS-SDSS,SDSS,527,52342,323,593438075762272256,26,binning 1   1,DR18
6315.3877,-0.01460544,0.19866331,0.26707897,SDSS-SDSS,SDSS,527,52342,323,593438075762272256,26,binning 1   1,DR18
6316.8403,0.30136573,0.20584193,0.2804382,SDSS-SDSS,SDSS,527,52342,323,593438075762272256,26,binning 1   1,DR18
6318.2974,0.17068318,0.21302839,0.30793706,SDSS-SDSS,SDSS,527,52342,323,593438075762272256,26,binning 1   1,DR18
6319.751,0.096316665,0.20468873,0.3064372,SDSS-SDSS,SDSS,527,52342,323,593438075762272256,26,binning 1   1,DR18
6321.208,0.124559104,0.22230512,0.32821625,SDSS-SDSS,SDSS,527,52342,323,593438075762272256,26,binning 1   1,DR18
6322.662,0.16990224,0.2651384,0.33296302,SDSS-SDSS,SDSS,527,52342,323,593438075762272256,26,binning 1   1,DR18
6324.12,0.5510899,0.28017417,0.3077792,SDSS-SDSS,SDSS,527,52342,323,593438075762272256,26,binning 1   1,DR18
6325.575,-0.3925327,0.24071379,0.33329543,SDSS-SDSS,SDSS,527,52342,323,593438075762272256,26,binning 1   1,DR18
6327.0303,-0.10538896,0.22919406,0.27682826,SDSS-SDSS,SDSS,527,52342,323,593438075762272256,26,binning 1   1,DR18
6328.4893,0.09458486,0.23535244,0.29253137,SDSS-SDSS,SDSS,527,52342,323,593438075762272256,26,binning 1   1,DR18
6329.9453,-0.032116994,0.2558593,0.3102064,SDSS-SDSS,SDSS,527,52342,323,593438075762272256,26,binning 1   1,DR18
6331.405,0.28208733,0.27953824,0.3216855,SDSS-SDSS,SDSS,527,52342,323,593438075762272256,26,binning 1   1,DR18
6332.8613,0.20181607,0.27476048,0.32855356,SDSS-SDSS,SDSS,527,52342,323,593438075762272256,26,binning 1   1,DR18
6334.322,0.07862463,0.30481246,0.27911755,SDSS-SDSS,SDSS,527,52342,323,593438075762272256,26,binning 1   1,DR18
6335.779,0.17686123,0.30738068,0.3245909,SDSS-SDSS,SDSS,527,52342,323,593438075762272256,26,binning 1   1,DR18
6337.2363,0.4117955,0.2236444,0.34259656,SDSS-SDSS,SDSS,527,52342,323,593438075762272256,26,binning 1   1,DR18
6338.6978,-0.03384533,0.19825815,0.3244949,SDSS-SDSS,SDSS,527,52342,323,593438075762272256,26,binning 1   1,DR18
6340.156,0.09936696,0.20498537,0.28238592,SDSS-SDSS,SDSS,527,52342,323,593438075762272256,26,binning 1   1,DR18
6341.618,0.108824864,0.21891317,0.25270706,SDSS-SDSS,SDSS,527,52342,323,593438075762272256,26,binning 1   1,DR18
6343.0767,0.3033409,0.22834389,0.289272,SDSS-SDSS,SDSS,527,52342,323,593438075762272256,26,binning 1   1,DR18
6344.5396,0.34479925,0.21428323,0.30715778,SDSS-SDSS,SDSS,527,52342,323,593438075762272256,26,binning 1   1,DR18
6345.999,-0.07350628,0.20489004,0.33579636,SDSS-SDSS,SDSS,527,52342,323,593438075762272256,26,binning 1   1,DR18
6347.459,-0.26889634,0.2041859,0.3884455,SDSS-SDSS,SDSS,527,52342,323,593438075762272256,26,binning 1   1,DR18
6348.923,-0.14819463,0.2305649,0.40188944,SDSS-SDSS,SDSS,527,52342,323,593438075762272256,26,binning 1   1,DR18
6350.3833,-0.0047115064,0.24434796,0.35048074,SDSS-SDSS,SDSS,527,52342,323,593438075762272256,26,binning 1   1,DR18
6351.8477,0.2821027,0.23299934,0.32441062,SDSS-SDSS,SDSS,527,52342,323,593438075762272256,26,binning 1   1,DR18
6353.309,0.1284507,0.217483,0.3513125,SDSS-SDSS,SDSS,527,52342,323,593438075762272256,26,binning 1   1,DR18
6354.774,0.21599528,0.2119698,0.36067915,SDSS-SDSS,SDSS,527,52342,323,593438075762272256,26,binning 1   1,DR18
6356.236,-0.022741174,0.22657716,0.33353177,SDSS-SDSS,SDSS,527,52342,323,593438075762272256,26,binning 1   1,DR18
6357.698,-0.39308333,0.25200656,0.31078184,SDSS-SDSS,SDSS,527,52342,323,593438075762272256,26,binning 1   1,DR18
6359.164,0.20044118,0.25271884,0.3168063,SDSS-SDSS,SDSS,527,52342,323,593438075762272256,26,binning 1   1,DR18
6360.627,0.36523455,0.23458327,0.3212488,SDSS-SDSS,SDSS,527,52342,323,593438075762272256,26,binning 1   1,DR18
6362.0938,-0.8691008,0.2302275,0.34136683,SDSS-SDSS,SDSS,527,52342,323,593438075762272256,26,binning 1   1,DR18
6363.5576,-0.4657669,0.30525458,0.36379066,SDSS-SDSS,SDSS,527,52342,323,593438075762272256,26,binning 1   1,DR18
6365.025,0.18519874,0.49168947,0.36323535,SDSS-SDSS,SDSS,527,52342,323,593438075762272256,26,binning 1   1,DR18
6366.4893,-0.7768288,0.4750888,0.36687896,SDSS-SDSS,SDSS,527,52342,323,593438075762272256,26,binning 1   1,DR18
6367.9536,1.2010449,0.32787663,0.3853834,SDSS-SDSS,SDSS,527,52342,323,593438075762272256,26,binning 1   1,DR18
6369.4224,0.038895592,0.22661418,0.37523773,SDSS-SDSS,SDSS,527,52342,323,593438075762272256,26,binning 1   1,DR18
6370.8877,0.17430447,0.20835322,0.38322687,SDSS-SDSS,SDSS,527,52342,323,593438075762272256,26,binning 1   1,DR18
6372.3564,-0.105701126,0.21454905,0.37511635,SDSS-SDSS,SDSS,527,52342,323,593438075762272256,26,binning 1   1,DR18
6373.8228,-0.21585119,0.2070365,0.32310984,SDSS-SDSS,SDSS,527,52342,323,593438075762272256,26,binning 1   1,DR18
6375.2925,0.365983,0.20597532,0.29502586,SDSS-SDSS,SDSS,527,52342,323,593438075762272256,26,binning 1   1,DR18
6376.759,0.07182391,0.21520482,0.32327738,SDSS-SDSS,SDSS,527,52342,323,593438075762272256,26,binning 1   1,DR18
6378.226,-0.20506166,0.225052,0.32211846,SDSS-SDSS,SDSS,527,52342,323,593438075762272256,26,binning 1   1,DR18
6379.697,0.11271461,0.22915481,0.31670165,SDSS-SDSS,SDSS,527,52342,323,593438075762272256,26,binning 1   1,DR18
6381.1646,-0.17995225,0.23041143,0.35067314,SDSS-SDSS,SDSS,527,52342,323,593438075762272256,26,binning 1   1,DR18
6382.6357,0.3550615,0.22733176,0.38039795,SDSS-SDSS,SDSS,527,52342,323,593438075762272256,26,binning 1   1,DR18
6384.104,-0.039401088,0.21245818,0.40160292,SDSS-SDSS,SDSS,527,52342,323,593438075762272256,26,binning 1   1,DR18
6385.576,0.4499575,0.21530594,0.42481497,SDSS-SDSS,SDSS,527,52342,323,593438075762272256,26,binning 1   1,DR18
6387.0454,0.4825603,0.22718729,0.42435503,SDSS-SDSS,SDSS,527,52342,323,593438075762272256,26,binning 1   1,DR18
6388.5146,0.004818091,0.23706707,0.39983442,SDSS-SDSS,SDSS,527,52342,323,593438075762272256,26,binning 1   1,DR18
6389.988,-0.039627045,0.22824006,0.42057276,SDSS-SDSS,SDSS,527,52342,323,593438075762272256,26,binning 1   1,DR18
6391.458,0.23632473,0.2133028,0.42926732,SDSS-SDSS,SDSS,527,52342,323,593438075762272256,26,binning 1   1,DR18
6392.9316,0.32455435,0.20593733,0.42077076,SDSS-SDSS,SDSS,527,52342,323,593438075762272256,26,binning 1   1,DR18
6394.4023,0.4946355,0.20343956,0.3983146,SDSS-SDSS,SDSS,527,52342,323,593438075762272256,26,binning 1   1,DR18
6395.877,0.6967537,0.24506399,0.34855163,SDSS-SDSS,SDSS,527,52342,323,593438075762272256,26,binning 1   1,DR18
6397.348,0.33560646,0.23649383,0.42649132,SDSS-SDSS,SDSS,527,52342,323,593438075762272256,26,binning 1   1,DR18
6398.82,0.031643584,0.19763231,0.39398885,SDSS-SDSS,SDSS,527,52342,323,593438075762272256,26,binning 1   1,DR18
6400.2954,0.05317313,0.1965081,0.32616276,SDSS-SDSS,SDSS,527,52342,323,593438075762272256,26,binning 1   1,DR18
6401.768,0.1843554,0.2031093,0.30391186,SDSS-SDSS,SDSS,527,52342,323,593438075762272256,26,binning 1   1,DR18
6403.244,-0.3018751,0.20499226,0.333004,SDSS-SDSS,SDSS,527,52342,323,593438075762272256,26,binning 1   1,DR18
6404.7173,0.1807369,0.21512151,0.38826162,SDSS-SDSS,SDSS,527,52342,323,593438075762272256,26,binning 1   1,DR18
6406.1943,0.07626643,0.21082544,0.42519003,SDSS-SDSS,SDSS,527,52342,323,593438075762272256,26,binning 1   1,DR18
6407.668,0.12887803,0.20040756,0.41369572,SDSS-SDSS,SDSS,527,52342,323,593438075762272256,26,binning 1   1,DR18
6409.142,0.2621172,0.199166,0.43986627,SDSS-SDSS,SDSS,527,52342,323,593438075762272256,26,binning 1   1,DR18
6410.6196,-0.042839605,0.20274305,0.47099918,SDSS-SDSS,SDSS,527,52342,323,593438075762272256,26,binning 1   1,DR18
6412.0947,0.008433021,0.20339504,0.42162454,SDSS-SDSS,SDSS,527,52342,323,593438075762272256,26,binning 1   1,DR18
6413.573,0.2536003,0.21264729,0.32624692,SDSS-SDSS,SDSS,527,52342,323,593438075762272256,26,binning 1   1,DR18
6415.049,-0.32400158,0.2227357,0.3683649,SDSS-SDSS,SDSS,527,52342,323,593438075762272256,26,binning 1   1,DR18
6416.528,0.44728312,0.22386815,0.39616895,SDSS-SDSS,SDSS,527,52342,323,593438075762272256,26,binning 1   1,DR18
6418.004,0.373274,0.21768837,0.34907717,SDSS-SDSS,SDSS,527,52342,323,593438075762272256,26,binning 1   1,DR18
6419.4805,0.36972782,0.20732293,0.3505321,SDSS-SDSS,SDSS,527,52342,323,593438075762272256,26,binning 1   1,DR18
6420.961,0.094678685,0.21134545,0.42581803,SDSS-SDSS,SDSS,527,52342,323,593438075762272256,26,binning 1   1,DR18
6422.438,0.3085259,0.21320055,0.39413387,SDSS-SDSS,SDSS,527,52342,323,593438075762272256,26,binning 1   1,DR18
6423.919,0.32004082,0.21712916,0.41743484,SDSS-SDSS,SDSS,527,52342,323,593438075762272256,26,binning 1   1,DR18
6425.397,0.30074483,0.20300043,0.41706297,SDSS-SDSS,SDSS,527,52342,323,593438075762272256,26,binning 1   1,DR18
6426.8784,0.75774825,0.19986199,0.3879401,SDSS-SDSS,SDSS,527,52342,323,593438075762272256,26,binning 1   1,DR18
6428.357,0.28428733,0.19566531,0.40535894,SDSS-SDSS,SDSS,527,52342,323,593438075762272256,26,binning 1   1,DR18
6429.836,0.18679063,0.19151405,0.45905977,SDSS-SDSS,SDSS,527,52342,323,593438075762272256,26,binning 1   1,DR18
6431.3184,-0.057375006,0.1917646,0.41391832,SDSS-SDSS,SDSS,527,52342,323,593438075762272256,26,binning 1   1,DR18
6432.798,-0.16182292,0.19501744,0.3707561,SDSS-SDSS,SDSS,527,52342,323,593438075762272256,26,binning 1   1,DR18
6434.2812,0.2091399,0.25648317,0.39935932,SDSS-SDSS,SDSS,527,52342,323,593438075762272256,26,binning 1   1,DR18
6435.7617,-1.0266554,0.24399228,0.37108615,SDSS-SDSS,SDSS,527,52342,323,593438075762272256,26,binning 1   1,DR18
6437.2456,0.2817959,0.19376913,0.32262313,SDSS-SDSS,SDSS,527,52342,323,593438075762272256,26,binning 1   1,DR18
6438.7266,0.07767743,0.1897906,0.34379938,SDSS-SDSS,SDSS,527,52342,323,593438075762272256,26,binning 1   1,DR18
6440.2114,0.10726041,0.19235551,0.38938838,SDSS-SDSS,SDSS,527,52342,323,593438075762272256,26,binning 1   1,DR18
6441.693,-0.012056777,0.19268255,0.42212147,SDSS-SDSS,SDSS,527,52342,323,593438075762272256,26,binning 1   1,DR18
6443.175,0.15796092,0.19994,0.3978102,SDSS-SDSS,SDSS,527,52342,323,593438075762272256,26,binning 1   1,DR18
6444.6606,0.677143,0.21480635,0.3893473,SDSS-SDSS,SDSS,527,52342,323,593438075762272256,26,binning 1   1,DR18
6446.143,0.18573041,0.21205871,0.3913805,SDSS-SDSS,SDSS,527,52342,323,593438075762272256,26,binning 1   1,DR18
6447.6294,0.21311072,0.2096957,0.3587724,SDSS-SDSS,SDSS,527,52342,323,593438075762272256,26,binning 1   1,DR18
6449.113,0.5866175,0.20732665,0.3088786,SDSS-SDSS,SDSS,527,52342,323,593438075762272256,26,binning 1   1,DR18
6450.6,-0.12605464,0.2040466,0.30172595,SDSS-SDSS,SDSS,527,52342,323,593438075762272256,26,binning 1   1,DR18
6452.084,0.3868066,0.20286818,0.31151915,SDSS-SDSS,SDSS,527,52342,323,593438075762272256,26,binning 1   1,DR18
6453.5684,-0.46878955,0.20039792,0.32536227,SDSS-SDSS,SDSS,527,52342,323,593438075762272256,26,binning 1   1,DR18
6455.0566,0.07198589,0.1992815,0.33857602,SDSS-SDSS,SDSS,527,52342,323,593438075762272256,26,binning 1   1,DR18
6456.5415,0.32427478,0.21292645,0.32970604,SDSS-SDSS,SDSS,527,52342,323,593438075762272256,26,binning 1   1,DR18
6458.0303,-0.17469335,0.21240675,0.2785985,SDSS-SDSS,SDSS,527,52342,323,593438075762272256,26,binning 1   1,DR18
6459.516,-0.11028319,0.20693544,0.26559946,SDSS-SDSS,SDSS,527,52342,323,593438075762272256,26,binning 1   1,DR18
6461.0054,0.08654,0.20942745,0.30288222,SDSS-SDSS,SDSS,527,52342,323,593438075762272256,26,binning 1   1,DR18
6462.4917,0.34916276,0.2426666,0.30098528,SDSS-SDSS,SDSS,527,52342,323,593438075762272256,26,binning 1   1,DR18
6463.9785,0.31575298,0.26807237,0.28996533,SDSS-SDSS,SDSS,527,52342,323,593438075762272256,26,binning 1   1,DR18
6465.469,0.28442028,0.2724939,0.2995086,SDSS-SDSS,SDSS,527,52342,323,593438075762272256,26,binning 1   1,DR18
6466.9565,0.54564136,0.2861182,0.25679502,SDSS-SDSS,SDSS,527,52342,323,593438075762272256,26,binning 1   1,DR18
6468.4478,0.58825326,0.25666782,0.24563721,SDSS-SDSS,SDSS,527,52342,323,593438075762272256,26,binning 1   1,DR18
6469.936,0.23600277,0.24086554,0.2655698,SDSS-SDSS,SDSS,527,52342,323,593438075762272256,26,binning 1   1,DR18
6471.4277,0.32137042,0.2591362,0.24636224,SDSS-SDSS,SDSS,527,52342,323,593438075762272256,26,binning 1   1,DR18
6472.9165,0.4220392,0.26623577,0.22199668,SDSS-SDSS,SDSS,527,52342,323,593438075762272256,26,binning 1   1,DR18
6474.406,-0.050373334,0.2470536,0.2571226,SDSS-SDSS,SDSS,527,52342,323,593438075762272256,26,binning 1   1,DR18
6475.8984,0.5737771,0.22789076,0.32039264,SDSS-SDSS,SDSS,527,52342,323,593438075762272256,26,binning 1   1,DR18
6477.388,-0.09750598,0.21061882,0.31158936,SDSS-SDSS,SDSS,527,52342,323,593438075762272256,26,binning 1   1,DR18
6478.882,-0.12186666,0.21477902,0.26294503,SDSS-SDSS,SDSS,527,52342,323,593438075762272256,26,binning 1   1,DR18
6480.3726,0.25671366,0.2198681,0.2699017,SDSS-SDSS,SDSS,527,52342,323,593438075762272256,26,binning 1   1,DR18
6481.8667,0.5035586,0.22159846,0.28498343,SDSS-SDSS,SDSS,527,52342,323,593438075762272256,26,binning 1   1,DR18
6483.358,-0.107926935,0.21512045,0.2612477,SDSS-SDSS,SDSS,527,52342,323,593438075762272256,26,binning 1   1,DR18
6484.8496,0.38887525,0.21726894,0.28085622,SDSS-SDSS,SDSS,527,52342,323,593438075762272256,26,binning 1   1,DR18
6486.3447,-0.06855098,0.20182294,0.30959696,SDSS-SDSS,SDSS,527,52342,323,593438075762272256,26,binning 1   1,DR18
6487.837,0.20734754,0.19557501,0.27792245,SDSS-SDSS,SDSS,527,52342,323,593438075762272256,26,binning 1   1,DR18
6489.333,0.23942946,0.2114859,0.26742017,SDSS-SDSS,SDSS,527,52342,323,593438075762272256,26,binning 1   1,DR18
6490.826,0.17701672,0.22607157,0.24157222,SDSS-SDSS,SDSS,527,52342,323,593438075762272256,26,binning 1   1,DR18
6492.3228,0.51035935,0.2233965,0.18742228,SDSS-SDSS,SDSS,527,52342,323,593438075762272256,26,binning 1   1,DR18
6493.8164,0.44562522,0.2078291,0.23128302,SDSS-SDSS,SDSS,527,52342,323,593438075762272256,26,binning 1   1,DR18
6495.31,0.18676408,0.20043461,0.26958075,SDSS-SDSS,SDSS,527,52342,323,593438075762272256,26,binning 1   1,DR18
6496.808,-0.1138803,0.21499148,0.2360211,SDSS-SDSS,SDSS,527,52342,323,593438075762272256,26,binning 1   1,DR18
6498.3027,-0.38503715,0.2377993,0.21590605,SDSS-SDSS,SDSS,527,52342,323,593438075762272256,26,binning 1   1,DR18
6499.8013,-0.04215147,0.2743323,0.24046455,SDSS-SDSS,SDSS,527,52342,323,593438075762272256,26,binning 1   1,DR18
6501.2964,-0.09425568,0.28089896,0.25567344,SDSS-SDSS,SDSS,527,52342,323,593438075762272256,26,binning 1   1,DR18
6502.7954,0.04066739,0.2506959,0.21461569,SDSS-SDSS,SDSS,527,52342,323,593438075762272256,26,binning 1   1,DR18
6504.2915,-0.1742539,0.22995771,0.23037776,SDSS-SDSS,SDSS,527,52342,323,593438075762272256,26,binning 1   1,DR18
6505.7876,0.2784474,0.23666936,0.26537067,SDSS-SDSS,SDSS,527,52342,323,593438075762272256,26,binning 1   1,DR18
6507.288,0.003040885,0.23448193,0.24166974,SDSS-SDSS,SDSS,527,52342,323,593438075762272256,26,binning 1   1,DR18
6508.785,-0.20217338,0.22502384,0.20864946,SDSS-SDSS,SDSS,527,52342,323,593438075762272256,26,binning 1   1,DR18
6510.286,0.023833944,0.21509194,0.23198102,SDSS-SDSS,SDSS,527,52342,323,593438075762272256,26,binning 1   1,DR18
6511.7837,-0.0343403,0.20644066,0.26172233,SDSS-SDSS,SDSS,527,52342,323,593438075762272256,26,binning 1   1,DR18
6513.285,-0.018495616,0.21257347,0.24264951,SDSS-SDSS,SDSS,527,52342,323,593438075762272256,26,binning 1   1,DR18
6514.7837,0.36596665,0.22760344,0.25065222,SDSS-SDSS,SDSS,527,52342,323,593438075762272256,26,binning 1   1,DR18
6516.282,0.4359188,0.22651094,0.2418776,SDSS-SDSS,SDSS,527,52342,323,593438075762272256,26,binning 1   1,DR18
6517.785,-0.19182524,0.2193384,0.21165495,SDSS-SDSS,SDSS,527,52342,323,593438075762272256,26,binning 1   1,DR18
6519.284,0.277204,0.21934958,0.19441605,SDSS-SDSS,SDSS,527,52342,323,593438075762272256,26,binning 1   1,DR18
6520.7876,0.3191663,0.21633363,0.19644898,SDSS-SDSS,SDSS,527,52342,323,593438075762272256,26,binning 1   1,DR18
6522.2876,0.4276312,0.2191053,0.18264964,SDSS-SDSS,SDSS,527,52342,323,593438075762272256,26,binning 1   1,DR18
6523.792,-0.2936213,0.21714005,0.17025678,SDSS-SDSS,SDSS,527,52342,323,593438075762272256,26,binning 1   1,DR18
6525.2925,-0.57434654,0.23754333,0.2042519,SDSS-SDSS,SDSS,527,52342,323,593438075762272256,26,binning 1   1,DR18
6526.794,-0.2528662,0.24359763,0.21674179,SDSS-SDSS,SDSS,527,52342,323,593438075762272256,26,binning 1   1,DR18
6528.299,-0.06374857,0.225661,0.19714801,SDSS-SDSS,SDSS,527,52342,323,593438075762272256,26,binning 1   1,DR18
6529.801,0.12575388,0.22437312,0.26172486,SDSS-SDSS,SDSS,527,52342,323,593438075762272256,26,binning 1   1,DR18
6531.306,0.4060215,0.23263519,0.23812005,SDSS-SDSS,SDSS,527,52342,323,593438075762272256,26,binning 1   1,DR18
6532.809,-0.07498657,0.24781728,0.19632293,SDSS-SDSS,SDSS,527,52342,323,593438075762272256,26,binning 1   1,DR18
6534.3154,-0.010051499,0.29135528,0.20849042,SDSS-SDSS,SDSS,527,52342,323,593438075762272256,26,binning 1   1,DR18
6535.8184,0.7530653,0.29519716,0.22067478,SDSS-SDSS,SDSS,527,52342,323,593438075762272256,26,binning 1   1,DR18
6537.3223,0.45061025,0.25254077,0.1992758,SDSS-SDSS,SDSS,527,52342,323,593438075762272256,26,binning 1   1,DR18
6538.8296,0.24522375,0.21226877,0.23078501,SDSS-SDSS,SDSS,527,52342,323,593438075762272256,26,binning 1   1,DR18
6540.334,0.1256141,0.21084219,0.27474543,SDSS-SDSS,SDSS,527,52342,323,593438075762272256,26,binning 1   1,DR18
6541.8423,0.3985401,0.21953891,0.27275077,SDSS-SDSS,SDSS,527,52342,323,593438075762272256,26,binning 1   1,DR18
6543.347,0.25592446,0.23419555,0.2840941,SDSS-SDSS,SDSS,527,52342,323,593438075762272256,26,binning 1   1,DR18
6544.856,0.3883842,0.2543375,0.28641656,SDSS-SDSS,SDSS,527,52342,323,593438075762272256,26,binning 1   1,DR18
6546.3613,0.18915889,0.2520134,0.25367644,SDSS-SDSS,SDSS,527,52342,323,593438075762272256,26,binning 1   1,DR18
6547.8677,0.26135004,0.23723297,0.23826595,SDSS-SDSS,SDSS,527,52342,323,593438075762272256,26,binning 1   1,DR18
6549.3774,0.25421587,0.2148775,0.18558392,SDSS-SDSS,SDSS,527,52342,323,593438075762272256,26,binning 1   1,DR18
6550.8843,0.40332606,0.21124844,0.1639875,SDSS-SDSS,SDSS,527,52342,323,593438075762272256,26,binning 1   1,DR18
6552.3945,-0.18521166,0.23076776,0.19027063,SDSS-SDSS,SDSS,527,52342,323,593438075762272256,26,binning 1   1,DR18
6553.902,0.1258415,0.29205975,0.21019252,SDSS-SDSS,SDSS,527,52342,323,593438075762272256,26,binning 1   1,DR18
6555.4136,0.3027339,0.31757897,0.20277436,SDSS-SDSS,SDSS,527,52342,323,593438075762272256,26,binning 1   1,DR18
6556.9214,0.4832891,0.27786353,0.2183807,SDSS-SDSS,SDSS,527,52342,323,593438075762272256,26,binning 1   1,DR18
6558.4336,0.32787985,0.22980899,0.19357347,SDSS-SDSS,SDSS,527,52342,323,593438075762272256,26,binning 1   1,DR18
6559.9424,1.1936208,0.21015052,0.21816473,SDSS-SDSS,SDSS,527,52342,323,593438075762272256,26,binning 1   1,DR18
6561.451,-0.14111857,0.20389658,0.2550313,SDSS-SDSS,SDSS,527,52342,323,593438075762272256,26,binning 1   1,DR18
6562.9644,0.6982279,0.2233563,0.2266194,SDSS-SDSS,SDSS,527,52342,323,593438075762272256,26,binning 1   1,DR18
6564.474,0.33233693,0.2449184,0.1680952,SDSS-SDSS,SDSS,527,52342,323,593438075762272256,26,binning 1   1,DR18
6565.988,-0.48186198,0.2244867,0.21199873,SDSS-SDSS,SDSS,527,52342,323,593438075762272256,26,binning 1   1,DR18
6567.4985,0.5704677,0.2170122,0.20066425,SDSS-SDSS,SDSS,527,52342,323,593438075762272256,26,binning 1   1,DR18
6569.0127,0.253231,0.2228916,0.18514723,SDSS-SDSS,SDSS,527,52342,323,593438075762272256,26,binning 1   1,DR18
6570.524,0.27033588,0.23867199,0.19646649,SDSS-SDSS,SDSS,527,52342,323,593438075762272256,26,binning 1   1,DR18
6572.0356,0.5934611,0.23618561,0.20118755,SDSS-SDSS,SDSS,527,52342,323,593438075762272256,26,binning 1   1,DR18
6573.5513,0.13348457,0.21923104,0.18315059,SDSS-SDSS,SDSS,527,52342,323,593438075762272256,26,binning 1   1,DR18
6575.0635,0.0927635,0.21199208,0.19134171,SDSS-SDSS,SDSS,527,52342,323,593438075762272256,26,binning 1   1,DR18
6576.5796,-0.14645171,0.21824828,0.2143851,SDSS-SDSS,SDSS,527,52342,323,593438075762272256,26,binning 1   1,DR18
6578.0923,-0.4292869,0.24521385,0.2094703,SDSS-SDSS,SDSS,527,52342,323,593438075762272256,26,binning 1   1,DR18
6579.6094,-0.093789056,0.27516937,0.20670635,SDSS-SDSS,SDSS,527,52342,323,593438075762272256,26,binning 1   1,DR18
6581.123,0.48166382,0.2621049,0.1990646,SDSS-SDSS,SDSS,527,52342,323,593438075762272256,26,binning 1   1,DR18
6582.637,0.26817873,0.22716853,0.19343424,SDSS-SDSS,SDSS,527,52342,323,593438075762272256,26,binning 1   1,DR18
6584.155,0.8331351,0.21774808,0.23371729,SDSS-SDSS,SDSS,527,52342,323,593438075762272256,26,binning 1   1,DR18
6585.6694,0.16666389,0.20167056,0.21441074,SDSS-SDSS,SDSS,527,52342,323,593438075762272256,26,binning 1   1,DR18
6587.1885,0.14499143,0.20207898,0.17081054,SDSS-SDSS,SDSS,527,52342,323,593438075762272256,26,binning 1   1,DR18
6588.7036,-0.42415386,0.19829275,0.16171066,SDSS-SDSS,SDSS,527,52342,323,593438075762272256,26,binning 1   1,DR18
6590.223,-0.21668346,0.19489774,0.17698003,SDSS-SDSS,SDSS,527,52342,323,593438075762272256,26,binning 1   1,DR18
6591.7393,0.083404146,0.19519937,0.18077323,SDSS-SDSS,SDSS,527,52342,323,593438075762272256,26,binning 1   1,DR18
6593.2554,-0.33435243,0.19151369,0.1788752,SDSS-SDSS,SDSS,527,52342,323,593438075762272256,26,binning 1   1,DR18
6594.776,0.31744942,0.20052662,0.2033585,SDSS-SDSS,SDSS,527,52342,323,593438075762272256,26,binning 1   1,DR18
6596.293,0.5158684,0.21444486,0.1590488,SDSS-SDSS,SDSS,527,52342,323,593438075762272256,26,binning 1   1,DR18
6597.814,-0.27089337,0.226391,0.14713204,SDSS-SDSS,SDSS,527,52342,323,593438075762272256,26,binning 1   1,DR18
6599.332,0.36997208,0.23506983,0.16995531,SDSS-SDSS,SDSS,527,52342,323,593438075762272256,26,binning 1   1,DR18
6600.8535,0.032664392,0.22865623,0.17847267,SDSS-SDSS,SDSS,527,52342,323,593438075762272256,26,binning 1   1,DR18
6602.372,0.5394074,0.22589086,0.1962919,SDSS-SDSS,SDSS,527,52342,323,593438075762272256,26,binning 1   1,DR18
6603.891,0.35021046,0.2514316,0.21989845,SDSS-SDSS,SDSS,527,52342,323,593438075762272256,26,binning 1   1,DR18
6605.414,-0.0422579,0.2740899,0.22472054,SDSS-SDSS,SDSS,527,52342,323,593438075762272256,26,binning 1   1,DR18
6606.9336,-0.30445457,0.24804781,0.20695886,SDSS-SDSS,SDSS,527,52342,323,593438075762272256,26,binning 1   1,DR18
6608.457,0.7391995,0.22642075,0.17680429,SDSS-SDSS,SDSS,527,52342,323,593438075762272256,26,binning 1   1,DR18
6609.977,0.6356603,0.20604087,0.14938256,SDSS-SDSS,SDSS,527,52342,323,593438075762272256,26,binning 1   1,DR18
6611.5015,0.17585002,0.20450595,0.13514024,SDSS-SDSS,SDSS,527,52342,323,593438075762272256,26,binning 1   1,DR18
6613.0225,0.15572044,0.20701146,0.12633337,SDSS-SDSS,SDSS,527,52342,323,593438075762272256,26,binning 1   1,DR18
6614.544,-0.020692475,0.20067528,0.115846634,SDSS-SDSS,SDSS,527,52342,323,593438075762272256,26,binning 1   1,DR18
6616.0693,0.2880728,0.2146317,0.10076885,SDSS-SDSS,SDSS,527,52342,323,593438075762272256,26,binning 1   1,DR18
6617.5913,0.39501044,0.21685208,0.06838598,SDSS-SDSS,SDSS,527,52342,323,593438075762272256,26,binning 1   1,DR18
6619.117,0.09755348,0.21073471,0.06273682,SDSS-SDSS,SDSS,527,52342,323,593438075762272256,26,binning 1   1,DR18
6620.6396,0.27518913,0.20721458,0.15726754,SDSS-SDSS,SDSS,527,52342,323,593438075762272256,26,binning 1   1,DR18
6622.1665,0.30081117,0.20446822,0.17720576,SDSS-SDSS,SDSS,527,52342,323,593438075762272256,26,binning 1   1,DR18
6623.69,0.09706062,0.19786918,0.15655386,SDSS-SDSS,SDSS,527,52342,323,593438075762272256,26,binning 1   1,DR18
6625.214,-0.13741809,0.19423422,0.1379765,SDSS-SDSS,SDSS,527,52342,323,593438075762272256,26,binning 1   1,DR18
6626.7417,0.37602034,0.20432022,0.1175488,SDSS-SDSS,SDSS,527,52342,323,593438075762272256,26,binning 1   1,DR18
6628.266,0.21565878,0.2058482,0.08711264,SDSS-SDSS,SDSS,527,52342,323,593438075762272256,26,binning 1   1,DR18
6629.7944,0.112676956,0.2008597,0.061818033,SDSS-SDSS,SDSS,527,52342,323,593438075762272256,26,binning 1   1,DR18
6631.32,0.23181824,0.19778425,0.024615673,SDSS-SDSS,SDSS,527,52342,323,593438075762272256,26,binning 1   1,DR18
6632.8486,-0.12829895,0.18866695,0.074109286,SDSS-SDSS,SDSS,527,52342,323,593438075762272256,26,binning 1   1,DR18
6634.3745,0.108613566,0.19812542,0.1354507,SDSS-SDSS,SDSS,527,52342,323,593438075762272256,26,binning 1   1,DR18
6635.901,-0.078694865,0.20771797,0.16051137,SDSS-SDSS,SDSS,527,52342,323,593438075762272256,26,binning 1   1,DR18
6637.431,0.31253877,0.21824457,0.16199492,SDSS-SDSS,SDSS,527,52342,323,593438075762272256,26,binning 1   1,DR18
6638.958,0.51263607,0.21267523,0.15582018,SDSS-SDSS,SDSS,527,52342,323,593438075762272256,26,binning 1   1,DR18
6640.489,0.0060211625,0.2014667,0.11551457,SDSS-SDSS,SDSS,527,52342,323,593438075762272256,26,binning 1   1,DR18
6642.0166,0.32132724,0.18888709,0.09740106,SDSS-SDSS,SDSS,527,52342,323,593438075762272256,26,binning 1   1,DR18
6643.5483,-0.14121169,0.18574604,0.10011975,SDSS-SDSS,SDSS,527,52342,323,593438075762272256,26,binning 1   1,DR18
6645.0767,0.09433088,0.18455131,0.09125257,SDSS-SDSS,SDSS,527,52342,323,593438075762272256,26,binning 1   1,DR18
6646.6055,-0.116325766,0.19220671,0.07740878,SDSS-SDSS,SDSS,527,52342,323,593438075762272256,26,binning 1   1,DR18
6648.138,0.7870836,0.21343319,0.10241375,SDSS-SDSS,SDSS,527,52342,323,593438075762272256,26,binning 1   1,DR18
6649.6675,0.0417924,0.20336735,0.094999745,SDSS-SDSS,SDSS,527,52342,323,593438075762272256,26,binning 1   1,DR18
6651.2007,0.14822498,0.19230895,0.19228108,SDSS-SDSS,SDSS,527,52342,323,593438075762272256,26,binning 1   1,DR18
6652.731,0.19212608,0.19440447,0.20660298,SDSS-SDSS,SDSS,527,52342,323,593438075762272256,26,binning 1   1,DR18
6654.265,0.045456387,0.19763213,0.15102428,SDSS-SDSS,SDSS,527,52342,323,593438075762272256,26,binning 1   1,DR18
6655.796,0.41563854,0.19556738,0.14572616,SDSS-SDSS,SDSS,527,52342,323,593438075762272256,26,binning 1   1,DR18
6657.327,0.23662715,0.1993144,0.16150731,SDSS-SDSS,SDSS,527,52342,323,593438075762272256,26,binning 1   1,DR18
6658.8623,0.07230624,0.20005609,0.13517325,SDSS-SDSS,SDSS,527,52342,323,593438075762272256,26,binning 1   1,DR18
6660.394,-0.04393059,0.19694571,0.16902606,SDSS-SDSS,SDSS,527,52342,323,593438075762272256,26,binning 1   1,DR18
6661.9297,0.14567947,0.19496344,0.18641429,SDSS-SDSS,SDSS,527,52342,323,593438075762272256,26,binning 1   1,DR18
6663.4624,0.27424365,0.19577152,0.15305528,SDSS-SDSS,SDSS,527,52342,323,593438075762272256,26,binning 1   1,DR18
6664.999,0.09977327,0.19698177,0.12486243,SDSS-SDSS,SDSS,527,52342,323,593438075762272256,26,binning 1   1,DR18
6666.532,0.22961621,0.19673431,0.1556817,SDSS-SDSS,SDSS,527,52342,323,593438075762272256,26,binning 1   1,DR18
6668.066,0.34868744,0.19398825,0.14722624,SDSS-SDSS,SDSS,527,52342,323,593438075762272256,26,binning 1   1,DR18
6669.6035,0.13371111,0.18827432,0.19179073,SDSS-SDSS,SDSS,527,52342,323,593438075762272256,26,binning 1   1,DR18
6671.1377,0.0054906807,0.19057542,0.18119177,SDSS-SDSS,SDSS,527,52342,323,593438075762272256,26,binning 1   1,DR18
6672.6763,0.037180252,0.18363072,0.14779635,SDSS-SDSS,SDSS,527,52342,323,593438075762272256,26,binning 1   1,DR18
6674.2114,0.12074944,0.17627846,0.17177862,SDSS-SDSS,SDSS,527,52342,323,593438075762272256,26,binning 1   1,DR18
6675.7505,0.30904943,0.1868562,0.19582714,SDSS-SDSS,SDSS,527,52342,323,593438075762272256,26,binning 1   1,DR18
6677.286,0.4471851,0.19712843,0.16651896,SDSS-SDSS,SDSS,527,52342,323,593438075762272256,26,binning 1   1,DR18
6678.8257,0.19595098,0.20094036,0.18246132,SDSS-SDSS,SDSS,527,52342,323,593438075762272256,26,binning 1   1,DR18
6680.3623,0.22958359,0.19528474,0.18304674,SDSS-SDSS,SDSS,527,52342,323,593438075762272256,26,binning 1   1,DR18
6681.899,0.13709986,0.1845586,0.15985623,SDSS-SDSS,SDSS,527,52342,323,593438075762272256,26,binning 1   1,DR18
6683.44,0.21705969,0.18438189,0.1525419,SDSS-SDSS,SDSS,527,52342,323,593438075762272256,26,binning 1   1,DR18
6684.9775,-0.094427824,0.17847878,0.16135211,SDSS-SDSS,SDSS,527,52342,323,593438075762272256,26,binning 1   1,DR18
6686.519,0.10412255,0.18274385,0.15001515,SDSS-SDSS,SDSS,527,52342,323,593438075762272256,26,binning 1   1,DR18
6688.057,0.19235931,0.17977095,0.13712507,SDSS-SDSS,SDSS,527,52342,323,593438075762272256,26,binning 1   1,DR18
6689.5996,0.5714261,0.18896937,0.17154871,SDSS-SDSS,SDSS,527,52342,323,593438075762272256,26,binning 1   1,DR18
6691.138,0.35753453,0.19555758,0.2002318,SDSS-SDSS,SDSS,527,52342,323,593438075762272256,26,binning 1   1,DR18
6692.6777,0.31611484,0.1868657,0.17324936,SDSS-SDSS,SDSS,527,52342,323,593438075762272256,26,binning 1   1,DR18
6694.221,-0.08735646,0.1757963,0.15523711,SDSS-SDSS,SDSS,527,52342,323,593438075762272256,26,binning 1   1,DR18
6695.7607,-0.27917683,0.1999174,0.1838569,SDSS-SDSS,SDSS,527,52342,323,593438075762272256,26,binning 1   1,DR18
6697.305,-0.11138811,0.20625426,0.17478192,SDSS-SDSS,SDSS,527,52342,323,593438075762272256,26,binning 1   1,DR18
6698.8457,0.36178792,0.18478294,0.15034159,SDSS-SDSS,SDSS,527,52342,323,593438075762272256,26,binning 1   1,DR18
6700.3906,0.23468502,0.18191613,0.1252279,SDSS-SDSS,SDSS,527,52342,323,593438075762272256,26,binning 1   1,DR18
6701.9316,-0.059504904,0.18066238,0.11674252,SDSS-SDSS,SDSS,527,52342,323,593438075762272256,26,binning 1   1,DR18
6703.4736,0.23571442,0.18309103,0.15735514,SDSS-SDSS,SDSS,527,52342,323,593438075762272256,26,binning 1   1,DR18
6705.0195,-0.1580882,0.18207541,0.17102922,SDSS-SDSS,SDSS,527,52342,323,593438075762272256,26,binning 1   1,DR18
6706.562,0.4947214,0.21947058,0.173765,SDSS-SDSS,SDSS,527,52342,323,593438075762272256,26,binning 1   1,DR18
6708.1084,1.1388538,0.22756886,0.15459807,SDSS-SDSS,SDSS,527,52342,323,593438075762272256,26,binning 1   1,DR18
6709.652,0.44782007,0.19325188,0.1396278,SDSS-SDSS,SDSS,527,52342,323,593438075762272256,26,binning 1   1,DR18
6711.1987,0.30728874,0.19618613,0.14580967,SDSS-SDSS,SDSS,527,52342,323,593438075762272256,26,binning 1   1,DR18
6712.7427,0.04406819,0.19272037,0.13477618,SDSS-SDSS,SDSS,527,52342,323,593438075762272256,26,binning 1   1,DR18
6714.287,0.039629787,0.19231832,0.1087935,SDSS-SDSS,SDSS,527,52342,323,593438075762272256,26,binning 1   1,DR18
6715.8354,-0.099824995,0.18389876,0.12023355,SDSS-SDSS,SDSS,527,52342,323,593438075762272256,26,binning 1   1,DR18
6717.3804,-0.21883896,0.18138492,0.13457802,SDSS-SDSS,SDSS,527,52342,323,593438075762272256,26,binning 1   1,DR18
6718.929,-0.0009108617,0.17767976,0.12298059,SDSS-SDSS,SDSS,527,52342,323,593438075762272256,26,binning 1   1,DR18
6720.475,-0.08823369,0.17335375,0.10193053,SDSS-SDSS,SDSS,527,52342,323,593438075762272256,26,binning 1   1,DR18
6722.025,0.13212013,0.18005481,0.1060881,SDSS-SDSS,SDSS,527,52342,323,593438075762272256,26,binning 1   1,DR18
6723.5713,0.25438467,0.18099895,0.09441633,SDSS-SDSS,SDSS,527,52342,323,593438075762272256,26,binning 1   1,DR18
6725.1177,-0.07802472,0.18801273,0.093553886,SDSS-SDSS,SDSS,527,52342,323,593438075762272256,26,binning 1   1,DR18
6726.6685,-0.41688058,0.18767877,0.12886588,SDSS-SDSS,SDSS,527,52342,323,593438075762272256,26,binning 1   1,DR18
6728.2163,-0.31678173,0.1794162,0.13724568,SDSS-SDSS,SDSS,527,52342,323,593438075762272256,26,binning 1   1,DR18
6729.7676,0.14501962,0.17786293,0.08187384,SDSS-SDSS,SDSS,527,52342,323,593438075762272256,26,binning 1   1,DR18
6731.316,0.022769935,0.18409576,0.0566093,SDSS-SDSS,SDSS,527,52342,323,593438075762272256,26,binning 1   1,DR18
6732.868,0.2514706,0.19019783,0.116630904,SDSS-SDSS,SDSS,527,52342,323,593438075762272256,26,binning 1   1,DR18
6734.417,0.28796422,0.18507338,0.08029126,SDSS-SDSS,SDSS,527,52342,323,593438075762272256,26,binning 1   1,DR18
6735.9663,0.65507454,0.1849392,0.05687539,SDSS-SDSS,SDSS,527,52342,323,593438075762272256,26,binning 1   1,DR18
6737.5195,-0.3849066,0.18499401,0.08463132,SDSS-SDSS,SDSS,527,52342,323,593438075762272256,26,binning 1   1,DR18
6739.0693,0.14793599,0.18427296,0.11290919,SDSS-SDSS,SDSS,527,52342,323,593438075762272256,26,binning 1   1,DR18
6740.6235,0.09321744,0.1862562,0.1175659,SDSS-SDSS,SDSS,527,52342,323,593438075762272256,26,binning 1   1,DR18
6742.1743,-0.27037567,0.18676507,0.09361648,SDSS-SDSS,SDSS,527,52342,323,593438075762272256,26,binning 1   1,DR18
6743.729,0.4065726,0.19629142,0.058613006,SDSS-SDSS,SDSS,527,52342,323,593438075762272256,26,binning 1   1,DR18
6745.2803,-0.024749894,0.19547686,0.038643107,SDSS-SDSS,SDSS,527,52342,323,593438075762272256,26,binning 1   1,DR18
6746.832,0.07104872,0.19509809,0.034600917,SDSS-SDSS,SDSS,527,52342,323,593438075762272256,26,binning 1   1,DR18
6748.3877,0.17422041,0.19651367,0.026654921,SDSS-SDSS,SDSS,527,52342,323,593438075762272256,26,binning 1   1,DR18
6749.9404,0.0050343103,0.1934026,0.0056107105,SDSS-SDSS,SDSS,527,52342,323,593438075762272256,26,binning 1   1,DR18
6751.4966,-0.09071931,0.18761139,0.018067053,SDSS-SDSS,SDSS,527,52342,323,593438075762272256,26,binning 1   1,DR18
6753.05,-0.025340607,0.19145396,0.06501202,SDSS-SDSS,SDSS,527,52342,323,593438075762272256,26,binning 1   1,DR18
6754.607,0.1538834,0.19585,0.032410674,SDSS-SDSS,SDSS,527,52342,323,593438075762272256,26,binning 1   1,DR18
6756.161,0.3720017,0.19835708,0.00019545844,SDSS-SDSS,SDSS,527,52342,323,593438075762272256,26,binning 1   1,DR18
6757.7153,0.17050399,0.19618024,0.05574673,SDSS-SDSS,SDSS,527,52342,323,593438075762272256,26,binning 1   1,DR18
6759.2734,0.27270645,0.19444877,0.08809888,SDSS-SDSS,SDSS,527,52342,323,593438075762272256,26,binning 1   1,DR18
6760.8286,0.17324498,0.18569586,0.08450276,SDSS-SDSS,SDSS,527,52342,323,593438075762272256,26,binning 1   1,DR18
6762.3877,0.19286655,0.18528402,0.061376162,SDSS-SDSS,SDSS,527,52342,323,593438075762272256,26,binning 1   1,DR18
6763.9434,0.10249117,0.189491,0.06594929,SDSS-SDSS,SDSS,527,52342,323,593438075762272256,26,binning 1   1,DR18
6765.503,0.003924505,0.18971637,0.090846814,SDSS-SDSS,SDSS,527,52342,323,593438075762272256,26,binning 1   1,DR18
6767.0596,0.13110046,0.19141254,0.110554725,SDSS-SDSS,SDSS,527,52342,323,593438075762272256,26,binning 1   1,DR18
6768.616,0.13914566,0.19357763,0.122907706,SDSS-SDSS,SDSS,527,52342,323,593438075762272256,26,binning 1   1,DR18
6770.1772,0.2589556,0.18891944,0.092966266,SDSS-SDSS,SDSS,527,52342,323,593438075762272256,26,binning 1   1,DR18
6771.7344,0.2064614,0.18339457,0.072990194,SDSS-SDSS,SDSS,527,52342,323,593438075762272256,26,binning 1   1,DR18
6773.296,-0.14386836,0.17705145,0.049534187,SDSS-SDSS,SDSS,527,52342,323,593438075762272256,26,binning 1   1,DR18
6774.854,-0.26056948,0.17940928,0.069187015,SDSS-SDSS,SDSS,527,52342,323,593438075762272256,26,binning 1   1,DR18
6776.4165,-0.15746821,0.18169819,0.11917306,SDSS-SDSS,SDSS,527,52342,323,593438075762272256,26,binning 1   1,DR18
6777.9756,-0.03673331,0.18485257,0.07168217,SDSS-SDSS,SDSS,527,52342,323,593438075762272256,26,binning 1   1,DR18
6779.5347,-0.07537835,0.18996833,0.04034712,SDSS-SDSS,SDSS,527,52342,323,593438075762272256,26,binning 1   1,DR18
6781.098,-0.27258152,0.18558122,0.063665666,SDSS-SDSS,SDSS,527,52342,323,593438075762272256,26,binning 1   1,DR18
6782.658,0.06623648,0.19979203,0.09115439,SDSS-SDSS,SDSS,527,52342,323,593438075762272256,26,binning 1   1,DR18
6784.222,0.18053874,0.21116593,0.110202335,SDSS-SDSS,SDSS,527,52342,323,593438075762272256,26,binning 1   1,DR18
6785.7827,0.1991107,0.21250266,0.116166376,SDSS-SDSS,SDSS,527,52342,323,593438075762272256,26,binning 1   1,DR18
6787.3477,0.16740596,0.21286356,0.08877133,SDSS-SDSS,SDSS,527,52342,323,593438075762272256,26,binning 1   1,DR18
6788.909,-0.17496307,0.2125879,0.110757954,SDSS-SDSS,SDSS,527,52342,323,593438075762272256,26,binning 1   1,DR18
6790.4707,0.3448076,0.19581114,0.08711715,SDSS-SDSS,SDSS,527,52342,323,593438075762272256,26,binning 1   1,DR18
6792.0366,-0.069323495,0.18362835,0.049575903,SDSS-SDSS,SDSS,527,52342,323,593438075762272256,26,binning 1   1,DR18
6793.599,0.18682864,0.17479743,0.056814685,SDSS-SDSS,SDSS,527,52342,323,593438075762272256,26,binning 1   1,DR18
6795.1655,-0.020104453,0.17896013,0.088790886,SDSS-SDSS,SDSS,527,52342,323,593438075762272256,26,binning 1   1,DR18
6796.729,-0.33112943,0.21176541,0.05810138,SDSS-SDSS,SDSS,527,52342,323,593438075762272256,26,binning 1   1,DR18
6798.2964,-0.66403866,0.21268933,0.04120999,SDSS-SDSS,SDSS,527,52342,323,593438075762272256,26,binning 1   1,DR18
6799.8604,0.31688547,0.18754765,0.07053012,SDSS-SDSS,SDSS,527,52342,323,593438075762272256,26,binning 1   1,DR18
6801.428,0.20802,0.1836075,0.07362043,SDSS-SDSS,SDSS,527,52342,323,593438075762272256,26,binning 1   1,DR18
6802.9927,-0.15201657,0.17729507,0.045160834,SDSS-SDSS,SDSS,527,52342,323,593438075762272256,26,binning 1   1,DR18
6804.558,0.67415214,0.18524142,0.03251067,SDSS-SDSS,SDSS,527,52342,323,593438075762272256,26,binning 1   1,DR18
6806.127,0.094620295,0.18301532,0.050441094,SDSS-SDSS,SDSS,527,52342,323,593438075762272256,26,binning 1   1,DR18
6807.693,0.11166086,0.18476759,0.049624495,SDSS-SDSS,SDSS,527,52342,323,593438075762272256,26,binning 1   1,DR18
6809.2627,-0.05456057,0.18604058,0.047993198,SDSS-SDSS,SDSS,527,52342,323,593438075762272256,26,binning 1   1,DR18
6810.829,-0.29916605,0.18572502,0.042999692,SDSS-SDSS,SDSS,527,52342,323,593438075762272256,26,binning 1   1,DR18
6812.3994,0.017946608,0.19220898,0.031600706,SDSS-SDSS,SDSS,527,52342,323,593438075762272256,26,binning 1   1,DR18
6813.967,0.38022333,0.18366997,0.012679694,SDSS-SDSS,SDSS,527,52342,323,593438075762272256,26,binning 1   1,DR18
6815.534,0.11385402,0.17807402,0.0023034206,SDSS-SDSS,SDSS,527,52342,323,593438075762272256,26,binning 1   1,DR18
6817.106,0.19439307,0.1793111,0.06762148,SDSS-SDSS,SDSS,527,52342,323,593438075762272256,26,binning 1   1,DR18
6818.6743,0.18723312,0.19004157,0.031080734,SDSS-SDSS,SDSS,527,52342,323,593438075762272256,26,binning 1   1,DR18
6820.2466,0.19008404,0.20137565,0.023711313,SDSS-SDSS,SDSS,527,52342,323,593438075762272256,26,binning 1   1,DR18
6821.8154,0.20154162,0.21037981,0.06223965,SDSS-SDSS,SDSS,527,52342,323,593438075762272256,26,binning 1   1,DR18
6823.3887,-0.47861716,0.2094618,0.07130968,SDSS-SDSS,SDSS,527,52342,323,593438075762272256,26,binning 1   1,DR18
6824.9585,0.4726966,0.19786914,0.06322491,SDSS-SDSS,SDSS,527,52342,323,593438075762272256,26,binning 1   1,DR18
6826.5283,-0.19856213,0.18703234,0.0987494,SDSS-SDSS,SDSS,527,52342,323,593438075762272256,26,binning 1   1,DR18
6828.1025,0.094688706,0.22565256,0.106696755,SDSS-SDSS,SDSS,527,52342,323,593438075762272256,26,binning 1   1,DR18
6829.6733,0.43223304,0.31270614,0.13077022,SDSS-SDSS,SDSS,527,52342,323,593438075762272256,26,binning 1   1,DR18
6831.2485,-0.15687867,0.3583572,0.17874533,SDSS-SDSS,SDSS,527,52342,323,593438075762272256,26,binning 1   1,DR18
6832.82,0.43766895,0.32065955,0.2055725,SDSS-SDSS,SDSS,527,52342,323,593438075762272256,26,binning 1   1,DR18
6834.3955,0.13035242,0.3135461,0.17414103,SDSS-SDSS,SDSS,527,52342,323,593438075762272256,26,binning 1   1,DR18
6835.968,0.21605898,0.33688635,0.11763183,SDSS-SDSS,SDSS,527,52342,323,593438075762272256,26,binning 1   1,DR18
6837.5405,0.23958251,0.2915469,0.106241286,SDSS-SDSS,SDSS,527,52342,323,593438075762272256,26,binning 1   1,DR18
6839.117,0.21679962,0.23384741,0.15598875,SDSS-SDSS,SDSS,527,52342,323,593438075762272256,26,binning 1   1,DR18
6840.6904,0.0041241795,0.21912995,0.1897138,SDSS-SDSS,SDSS,527,52342,323,593438075762272256,26,binning 1   1,DR18
6842.268,0.28179675,0.23886739,0.15953277,SDSS-SDSS,SDSS,527,52342,323,593438075762272256,26,binning 1   1,DR18
6843.842,-0.14957106,0.22869214,0.13246138,SDSS-SDSS,SDSS,527,52342,323,593438075762272256,26,binning 1   1,DR18
6845.42,0.09947031,0.2045619,0.12088383,SDSS-SDSS,SDSS,527,52342,323,593438075762272256,26,binning 1   1,DR18
6846.9946,0.33461812,0.1986183,0.10055633,SDSS-SDSS,SDSS,527,52342,323,593438075762272256,26,binning 1   1,DR18
6848.57,0.44621518,0.19575469,0.08729226,SDSS-SDSS,SDSS,527,52342,323,593438075762272256,26,binning 1   1,DR18
6850.1494,-0.14120063,0.18858688,0.08149732,SDSS-SDSS,SDSS,527,52342,323,593438075762272256,26,binning 1   1,DR18
6851.725,-0.3422546,0.18500158,0.07744639,SDSS-SDSS,SDSS,527,52342,323,593438075762272256,26,binning 1   1,DR18
6853.305,0.11371127,0.19367883,0.08390429,SDSS-SDSS,SDSS,527,52342,323,593438075762272256,26,binning 1   1,DR18
6854.882,0.10359433,0.1981599,0.089974746,SDSS-SDSS,SDSS,527,52342,323,593438075762272256,26,binning 1   1,DR18
6856.4624,0.017321423,0.19499062,0.07019733,SDSS-SDSS,SDSS,527,52342,323,593438075762272256,26,binning 1   1,DR18
6858.0396,0.0024673701,0.19358908,0.08889799,SDSS-SDSS,SDSS,527,52342,323,593438075762272256,26,binning 1   1,DR18
6859.6177,0.20111056,0.18991545,0.1166343,SDSS-SDSS,SDSS,527,52342,323,593438075762272256,26,binning 1   1,DR18
6861.199,0.23365337,0.18744986,0.103289016,SDSS-SDSS,SDSS,527,52342,323,593438075762272256,26,binning 1   1,DR18
6862.778,-0.10346487,0.22754988,0.07965441,SDSS-SDSS,SDSS,527,52342,323,593438075762272256,26,binning 1   1,DR18
6864.3604,-0.17993277,0.35788277,0.041927863,SDSS-SDSS,SDSS,527,52342,323,593438075762272256,26,binning 1   1,DR18
6865.9395,-0.60559916,0.4297447,0.026212418,SDSS-SDSS,SDSS,527,52342,323,593438075762272256,26,binning 1   1,DR18
6867.5225,-0.40093368,0.371757,0.028778803,SDSS-SDSS,SDSS,527,52342,323,593438075762272256,26,binning 1   1,DR18
6869.1025,0.98187196,0.29011506,0.04001903,SDSS-SDSS,SDSS,527,52342,323,593438075762272256,26,binning 1   1,DR18
6870.6826,0.075232066,0.25670156,0.057323728,SDSS-SDSS,SDSS,527,52342,323,593438075762272256,26,binning 1   1,DR18
6872.267,-0.3803981,0.27810448,0.070504315,SDSS-SDSS,SDSS,527,52342,323,593438075762272256,26,binning 1   1,DR18
6873.848,0.31173053,0.29511896,0.035720542,SDSS-SDSS,SDSS,527,52342,323,593438075762272256,26,binning 1   1,DR18
6875.433,0.3198205,0.28137285,-0.0075075715,SDSS-SDSS,SDSS,527,52342,323,593438075762272256,26,binning 1   1,DR18
6877.0146,0.5234166,0.24378838,0.005460828,SDSS-SDSS,SDSS,527,52342,323,593438075762272256,26,binning 1   1,DR18
6878.6006,0.092773244,0.21801086,0.037643064,SDSS-SDSS,SDSS,527,52342,323,593438075762272256,26,binning 1   1,DR18
6880.183,0.48274866,0.21534258,0.046135865,SDSS-SDSS,SDSS,527,52342,323,593438075762272256,26,binning 1   1,DR18
6881.7656,-0.3558172,0.2126073,0.069928944,SDSS-SDSS,SDSS,527,52342,323,593438075762272256,26,binning 1   1,DR18
6883.3525,0.058030233,0.2264034,0.0765466,SDSS-SDSS,SDSS,527,52342,323,593438075762272256,26,binning 1   1,DR18
6884.936,-0.12542443,0.23302712,0.06383491,SDSS-SDSS,SDSS,527,52342,323,593438075762272256,26,binning 1   1,DR18
6886.524,0.14353257,0.21752045,0.057276014,SDSS-SDSS,SDSS,527,52342,323,593438075762272256,26,binning 1   1,DR18
6888.108,0.035993084,0.21691956,0.08151655,SDSS-SDSS,SDSS,527,52342,323,593438075762272256,26,binning 1   1,DR18
6889.6963,0.24185129,0.24364682,0.12452836,SDSS-SDSS,SDSS,527,52342,323,593438075762272256,26,binning 1   1,DR18
6891.2812,-0.15647827,0.25738597,0.13560684,SDSS-SDSS,SDSS,527,52342,323,593438075762272256,26,binning 1   1,DR18
6892.8667,0.53169906,0.25284,0.12364005,SDSS-SDSS,SDSS,527,52342,323,593438075762272256,26,binning 1   1,DR18
6894.456,-0.30722278,0.22708495,0.15052886,SDSS-SDSS,SDSS,527,52342,323,593438075762272256,26,binning 1   1,DR18
6896.0425,0.22233808,0.21532619,0.1358048,SDSS-SDSS,SDSS,527,52342,323,593438075762272256,26,binning 1   1,DR18
6897.6323,-0.14601812,0.20116471,0.09723113,SDSS-SDSS,SDSS,527,52342,323,593438075762272256,26,binning 1   1,DR18
6899.219,0.25206134,0.2081787,0.09259356,SDSS-SDSS,SDSS,527,52342,323,593438075762272256,26,binning 1   1,DR18
6900.8105,-0.36506394,0.23787552,0.089887135,SDSS-SDSS,SDSS,527,52342,323,593438075762272256,26,binning 1   1,DR18
6902.398,0.72500485,0.27133253,0.047487687,SDSS-SDSS,SDSS,527,52342,323,593438075762272256,26,binning 1   1,DR18
6903.986,-0.28902417,0.24856967,0.048074327,SDSS-SDSS,SDSS,527,52342,323,593438075762272256,26,binning 1   1,DR18
6905.5776,-0.37861088,0.2098811,0.067488454,SDSS-SDSS,SDSS,527,52342,323,593438075762272256,26,binning 1   1,DR18
6907.1665,0.58713156,0.19862536,0.054864116,SDSS-SDSS,SDSS,527,52342,323,593438075762272256,26,binning 1   1,DR18
6908.7593,0.46049064,0.19211648,0.022110464,SDSS-SDSS,SDSS,527,52342,323,593438075762272256,26,binning 1   1,DR18
6910.3486,0.40099967,0.19734733,0.046254873,SDSS-SDSS,SDSS,527,52342,323,593438075762272256,26,binning 1   1,DR18
6911.942,-0.6110798,0.21347485,0.091394015,SDSS-SDSS,SDSS,527,52342,323,593438075762272256,26,binning 1   1,DR18
6913.532,-0.6618215,0.25138673,0.13204135,SDSS-SDSS,SDSS,527,52342,323,593438075762272256,26,binning 1   1,DR18
6915.1226,-0.29366216,0.28005868,0.17281893,SDSS-SDSS,SDSS,527,52342,323,593438075762272256,26,binning 1   1,DR18
6916.7173,0.34495133,0.25691223,0.20028101,SDSS-SDSS,SDSS,527,52342,323,593438075762272256,26,binning 1   1,DR18
6918.308,0.476541,0.2064165,0.18021499,SDSS-SDSS,SDSS,527,52342,323,593438075762272256,26,binning 1   1,DR18
6919.904,0.0077808173,0.18629116,0.10781125,SDSS-SDSS,SDSS,527,52342,323,593438075762272256,26,binning 1   1,DR18
6921.4956,-0.08255836,0.20623673,0.09555293,SDSS-SDSS,SDSS,527,52342,323,593438075762272256,26,binning 1   1,DR18
6923.092,-0.122614965,0.26409036,0.13439524,SDSS-SDSS,SDSS,527,52342,323,593438075762272256,26,binning 1   1,DR18
6924.6846,-0.45529276,0.34145993,0.15923397,SDSS-SDSS,SDSS,527,52342,323,593438075762272256,26,binning 1   1,DR18
6926.2812,0.2635564,0.33425647,0.16629338,SDSS-SDSS,SDSS,527,52342,323,593438075762272256,26,binning 1   1,DR18
6927.8745,0.18981911,0.25914922,0.1910585,SDSS-SDSS,SDSS,527,52342,323,593438075762272256,26,binning 1   1,DR18
6929.4683,0.44142985,0.21796799,0.22781597,SDSS-SDSS,SDSS,527,52342,323,593438075762272256,26,binning 1   1,DR18
6931.0664,-0.06010944,0.19587213,0.19014956,SDSS-SDSS,SDSS,527,52342,323,593438075762272256,26,binning 1   1,DR18
6932.6606,0.2661136,0.18837515,0.21085064,SDSS-SDSS,SDSS,527,52342,323,593438075762272256,26,binning 1   1,DR18
6934.2593,0.1803889,0.19501546,0.24785154,SDSS-SDSS,SDSS,527,52342,323,593438075762272256,26,binning 1   1,DR18
6935.8545,0.57363975,0.244386,0.28425452,SDSS-SDSS,SDSS,527,52342,323,593438075762272256,26,binning 1   1,DR18
6937.454,0.6222183,0.25089407,0.28461272,SDSS-SDSS,SDSS,527,52342,323,593438075762272256,26,binning 1   1,DR18
6939.05,0.21822236,0.21281727,0.18981934,SDSS-SDSS,SDSS,527,52342,323,593438075762272256,26,binning 1   1,DR18
6940.646,-0.3286965,0.24115476,0.24315393,SDSS-SDSS,SDSS,527,52342,323,593438075762272256,26,binning 1   1,DR18
6942.2466,-0.42358485,0.26569504,0.28686732,SDSS-SDSS,SDSS,527,52342,323,593438075762272256,26,binning 1   1,DR18
6943.8438,0.009931898,0.24830565,0.27658316,SDSS-SDSS,SDSS,527,52342,323,593438075762272256,26,binning 1   1,DR18
6945.445,0.24442156,0.20381886,0.22409467,SDSS-SDSS,SDSS,527,52342,323,593438075762272256,26,binning 1   1,DR18
6947.043,0.5997865,0.197138,0.17789663,SDSS-SDSS,SDSS,527,52342,323,593438075762272256,26,binning 1   1,DR18
6948.6445,-0.4521694,0.24795394,0.19729397,SDSS-SDSS,SDSS,527,52342,323,593438075762272256,26,binning 1   1,DR18
6950.243,-0.8809514,0.34702903,0.20550352,SDSS-SDSS,SDSS,527,52342,323,593438075762272256,26,binning 1   1,DR18
6951.8423,0.121902175,0.34869164,0.22569656,SDSS-SDSS,SDSS,527,52342,323,593438075762272256,26,binning 1   1,DR18
6953.4453,0.21636458,0.28088632,0.2411084,SDSS-SDSS,SDSS,527,52342,323,593438075762272256,26,binning 1   1,DR18
6955.045,0.091272384,0.21750724,0.22284648,SDSS-SDSS,SDSS,527,52342,323,593438075762272256,26,binning 1   1,DR18
6956.649,0.09030884,0.19965026,0.19399281,SDSS-SDSS,SDSS,527,52342,323,593438075762272256,26,binning 1   1,DR18
6958.249,0.046964202,0.19988082,0.21757846,SDSS-SDSS,SDSS,527,52342,323,593438075762272256,26,binning 1   1,DR18
6959.8535,0.36847427,0.2042309,0.20878854,SDSS-SDSS,SDSS,527,52342,323,593438075762272256,26,binning 1   1,DR18
6961.4546,0.69098073,0.21734758,0.18947269,SDSS-SDSS,SDSS,527,52342,323,593438075762272256,26,binning 1   1,DR18
6963.056,0.46288222,0.20170513,0.19278537,SDSS-SDSS,SDSS,527,52342,323,593438075762272256,26,binning 1   1,DR18
6964.662,0.037405692,0.18772069,0.21309929,SDSS-SDSS,SDSS,527,52342,323,593438075762272256,26,binning 1   1,DR18
6966.264,-0.00019970474,0.18928902,0.23484714,SDSS-SDSS,SDSS,527,52342,323,593438075762272256,26,binning 1   1,DR18
6967.8706,0.11272583,0.19670431,0.25421557,SDSS-SDSS,SDSS,527,52342,323,593438075762272256,26,binning 1   1,DR18
6969.4736,0.030237274,0.20918456,0.23044662,SDSS-SDSS,SDSS,527,52342,323,593438075762272256,26,binning 1   1,DR18
6971.0806,-0.20041342,0.22724558,0.18664776,SDSS-SDSS,SDSS,527,52342,323,593438075762272256,26,binning 1   1,DR18
6972.684,0.06858664,0.23705395,0.18936837,SDSS-SDSS,SDSS,527,52342,323,593438075762272256,26,binning 1   1,DR18
6974.2886,0.39768088,0.22417785,0.21010174,SDSS-SDSS,SDSS,527,52342,323,593438075762272256,26,binning 1   1,DR18
6975.8965,0.060364168,0.20435497,0.22246781,SDSS-SDSS,SDSS,527,52342,323,593438075762272256,26,binning 1   1,DR18
6977.5015,0.17520918,0.21436624,0.27173984,SDSS-SDSS,SDSS,527,52342,323,593438075762272256,26,binning 1   1,DR18
6979.1104,0.28320077,0.26332244,0.25812143,SDSS-SDSS,SDSS,527,52342,323,593438075762272256,26,binning 1   1,DR18
6980.716,-0.071139276,0.2998279,0.22771177,SDSS-SDSS,SDSS,527,52342,323,593438075762272256,26,binning 1   1,DR18
6982.3257,-0.027009625,0.28550583,0.18728867,SDSS-SDSS,SDSS,527,52342,323,593438075762272256,26,binning 1   1,DR18
6983.932,0.3067505,0.23874387,0.1664155,SDSS-SDSS,SDSS,527,52342,323,593438075762272256,26,binning 1   1,DR18
6985.5386,-0.15053257,0.20171247,0.18692483,SDSS-SDSS,SDSS,527,52342,323,593438075762272256,26,binning 1   1,DR18
6987.1494,-0.09157841,0.1934585,0.21858123,SDSS-SDSS,SDSS,527,52342,323,593438075762272256,26,binning 1   1,DR18
6988.757,0.20448798,0.19421573,0.24218033,SDSS-SDSS,SDSS,527,52342,323,593438075762272256,26,binning 1   1,DR18
6990.3687,0.18098865,0.19756159,0.24554725,SDSS-SDSS,SDSS,527,52342,323,593438075762272256,26,binning 1   1,DR18
6991.9766,-0.10671911,0.20254144,0.26991317,SDSS-SDSS,SDSS,527,52342,323,593438075762272256,26,binning 1   1,DR18
6993.589,-0.27598524,0.21249443,0.26337087,SDSS-SDSS,SDSS,527,52342,323,593438075762272256,26,binning 1   1,DR18
6995.1978,0.049961578,0.21413238,0.19683987,SDSS-SDSS,SDSS,527,52342,323,593438075762272256,26,binning 1   1,DR18
6996.807,-0.08008201,0.20893054,0.16599722,SDSS-SDSS,SDSS,527,52342,323,593438075762272256,26,binning 1   1,DR18
6998.4204,-0.01347402,0.207397,0.16250215,SDSS-SDSS,SDSS,527,52342,323,593438075762272256,26,binning 1   1,DR18
7000.0303,-0.001035955,0.20723,0.18619564,SDSS-SDSS,SDSS,527,52342,323,593438075762272256,26,binning 1   1,DR18
7001.6445,-0.0922789,0.20593724,0.16492033,SDSS-SDSS,SDSS,527,52342,323,593438075762272256,26,binning 1   1,DR18
7003.2554,0.4359414,0.20159191,0.12702887,SDSS-SDSS,SDSS,527,52342,323,593438075762272256,26,binning 1   1,DR18
7004.87,-0.28498644,0.20336516,0.1146414,SDSS-SDSS,SDSS,527,52342,323,593438075762272256,26,binning 1   1,DR18
7006.482,0.38519785,0.21656415,0.096312314,SDSS-SDSS,SDSS,527,52342,323,593438075762272256,26,binning 1   1,DR18
7008.0938,0.5556303,0.2122847,0.14578615,SDSS-SDSS,SDSS,527,52342,323,593438075762272256,26,binning 1   1,DR18
7009.7095,-0.0012606063,0.20345162,0.18590471,SDSS-SDSS,SDSS,527,52342,323,593438075762272256,26,binning 1   1,DR18
7011.3223,0.15912089,0.22639406,0.17359632,SDSS-SDSS,SDSS,527,52342,323,593438075762272256,26,binning 1   1,DR18
7012.939,0.55081195,0.25861457,0.16771701,SDSS-SDSS,SDSS,527,52342,323,593438075762272256,26,binning 1   1,DR18
7014.5522,0.682037,0.26142552,0.19620448,SDSS-SDSS,SDSS,527,52342,323,593438075762272256,26,binning 1   1,DR18
7016.17,0.3346324,0.23005638,0.17977051,SDSS-SDSS,SDSS,527,52342,323,593438075762272256,26,binning 1   1,DR18
7017.7837,0.72718096,0.2106409,0.16820441,SDSS-SDSS,SDSS,527,52342,323,593438075762272256,26,binning 1   1,DR18
7019.3984,-0.11743706,0.19772157,0.15852776,SDSS-SDSS,SDSS,527,52342,323,593438075762272256,26,binning 1   1,DR18
7021.017,0.9487599,0.22240135,0.17101985,SDSS-SDSS,SDSS,527,52342,323,593438075762272256,26,binning 1   1,DR18
7022.6323,0.37090427,0.21730252,0.19255392,SDSS-SDSS,SDSS,527,52342,323,593438075762272256,26,binning 1   1,DR18
7024.2515,0.08033997,0.1873023,0.20412648,SDSS-SDSS,SDSS,527,52342,323,593438075762272256,26,binning 1   1,DR18
7025.8677,-0.033476394,0.18789381,0.213298,SDSS-SDSS,SDSS,527,52342,323,593438075762272256,26,binning 1   1,DR18
7027.488,0.20418039,0.18693131,0.20132385,SDSS-SDSS,SDSS,527,52342,323,593438075762272256,26,binning 1   1,DR18
7029.1045,-0.20222746,0.19148089,0.20163229,SDSS-SDSS,SDSS,527,52342,323,593438075762272256,26,binning 1   1,DR18
7030.721,0.27738923,0.20914766,0.20487149,SDSS-SDSS,SDSS,527,52342,323,593438075762272256,26,binning 1   1,DR18
7032.343,-0.2222578,0.207317,0.20781155,SDSS-SDSS,SDSS,527,52342,323,593438075762272256,26,binning 1   1,DR18
7033.9604,0.4274424,0.20146929,0.22737963,SDSS-SDSS,SDSS,527,52342,323,593438075762272256,26,binning 1   1,DR18
7035.5825,0.38682407,0.18601798,0.26667687,SDSS-SDSS,SDSS,527,52342,323,593438075762272256,26,binning 1   1,DR18
7037.2007,0.30935544,0.18082884,0.24982028,SDSS-SDSS,SDSS,527,52342,323,593438075762272256,26,binning 1   1,DR18
7038.8237,0.25853047,0.18277434,0.22940904,SDSS-SDSS,SDSS,527,52342,323,593438075762272256,26,binning 1   1,DR18
7040.443,-0.11071655,0.18620118,0.18416166,SDSS-SDSS,SDSS,527,52342,323,593438075762272256,26,binning 1   1,DR18
7042.0664,0.35169315,0.19706519,0.119042434,SDSS-SDSS,SDSS,527,52342,323,593438075762272256,26,binning 1   1,DR18
7043.6865,0.21479234,0.2013825,0.075007245,SDSS-SDSS,SDSS,527,52342,323,593438075762272256,26,binning 1   1,DR18
7045.3066,0.6125966,0.2047817,0.08719893,SDSS-SDSS,SDSS,527,52342,323,593438075762272256,26,binning 1   1,DR18
7046.9316,0.13749449,0.20525533,0.14569095,SDSS-SDSS,SDSS,527,52342,323,593438075762272256,26,binning 1   1,DR18
7048.5527,0.055000752,0.22342098,0.1743407,SDSS-SDSS,SDSS,527,52342,323,593438075762272256,26,binning 1   1,DR18
7050.178,0.07049402,0.22990389,0.20923933,SDSS-SDSS,SDSS,527,52342,323,593438075762272256,26,binning 1   1,DR18
7051.8,-0.33551833,0.22104019,0.22169991,SDSS-SDSS,SDSS,527,52342,323,593438075762272256,26,binning 1   1,DR18
7053.4263,-0.042205136,0.22753233,0.18697847,SDSS-SDSS,SDSS,527,52342,323,593438075762272256,26,binning 1   1,DR18
7055.049,1.1825264,0.2642752,0.17356059,SDSS-SDSS,SDSS,527,52342,323,593438075762272256,26,binning 1   1,DR18
7056.672,0.22637285,0.24455488,0.17872944,SDSS-SDSS,SDSS,527,52342,323,593438075762272256,26,binning 1   1,DR18
7058.299,0.31752428,0.18609388,0.22092733,SDSS-SDSS,SDSS,527,52342,323,593438075762272256,26,binning 1   1,DR18
7059.923,0.09969255,0.18507035,0.25045878,SDSS-SDSS,SDSS,527,52342,323,593438075762272256,26,binning 1   1,DR18
7061.551,-0.019621933,0.18368955,0.24297598,SDSS-SDSS,SDSS,527,52342,323,593438075762272256,26,binning 1   1,DR18
7063.1753,0.051140185,0.18733048,0.22049198,SDSS-SDSS,SDSS,527,52342,323,593438075762272256,26,binning 1   1,DR18
7064.8037,0.20635203,0.20834261,0.19812886,SDSS-SDSS,SDSS,527,52342,323,593438075762272256,26,binning 1   1,DR18
7066.429,0.0103068985,0.2125883,0.08980835,SDSS-SDSS,SDSS,527,52342,323,593438075762272256,26,binning 1   1,DR18
7068.0547,-0.041505802,0.20712301,0.06066043,SDSS-SDSS,SDSS,527,52342,323,593438075762272256,26,binning 1   1,DR18
7069.6846,-0.13396466,0.19845667,0.05250945,SDSS-SDSS,SDSS,527,52342,323,593438075762272256,26,binning 1   1,DR18
7071.311,0.085013926,0.23204735,0.03943428,SDSS-SDSS,SDSS,527,52342,323,593438075762272256,26,binning 1   1,DR18
7072.942,-0.21490598,0.2288351,0.04703729,SDSS-SDSS,SDSS,527,52342,323,593438075762272256,26,binning 1   1,DR18
7074.569,0.12442,0.19365107,0.063540176,SDSS-SDSS,SDSS,527,52342,323,593438075762272256,26,binning 1   1,DR18
7076.2,-0.09535464,0.18870242,0.04825214,SDSS-SDSS,SDSS,527,52342,323,593438075762272256,26,binning 1   1,DR18
7077.828,0.48456112,0.19930391,0.028668806,SDSS-SDSS,SDSS,527,52342,323,593438075762272256,26,binning 1   1,DR18
7079.456,0.24002396,0.20197594,-0.041320466,SDSS-SDSS,SDSS,527,52342,323,593438075762272256,26,binning 1   1,DR18
7081.089,-0.019832943,0.19104931,-0.08965232,SDSS-SDSS,SDSS,527,52342,323,593438075762272256,26,binning 1   1,DR18
7082.718,0.027295962,0.20277226,-0.047412615,SDSS-SDSS,SDSS,527,52342,323,593438075762272256,26,binning 1   1,DR18
7084.351,0.35788447,0.20492494,0.0092132725,SDSS-SDSS,SDSS,527,52342,323,593438075762272256,26,binning 1   1,DR18
7085.981,-0.25575235,0.1963071,0.055525515,SDSS-SDSS,SDSS,527,52342,323,593438075762272256,26,binning 1   1,DR18
7087.6147,0.25896114,0.19349387,0.068212286,SDSS-SDSS,SDSS,527,52342,323,593438075762272256,26,binning 1   1,DR18
7089.245,-0.03659536,0.20930277,0.03929427,SDSS-SDSS,SDSS,527,52342,323,593438075762272256,26,binning 1   1,DR18
7090.876,0.2630365,0.20494863,0.018277476,SDSS-SDSS,SDSS,527,52342,323,593438075762272256,26,binning 1   1,DR18
7092.511,-0.32632023,0.19832666,0.004946297,SDSS-SDSS,SDSS,527,52342,323,593438075762272256,26,binning 1   1,DR18
7094.143,0.430974,0.20035292,-0.07317288,SDSS-SDSS,SDSS,527,52342,323,593438075762272256,26,binning 1   1,DR18
7095.779,0.0013814936,0.19732982,-0.065835826,SDSS-SDSS,SDSS,527,52342,323,593438075762272256,26,binning 1   1,DR18
7097.411,0.5102235,0.18663211,-0.067633286,SDSS-SDSS,SDSS,527,52342,323,593438075762272256,26,binning 1   1,DR18
7099.048,0.24914621,0.18116724,-0.014337775,SDSS-SDSS,SDSS,527,52342,323,593438075762272256,26,binning 1   1,DR18
7100.681,0.17698687,0.17845099,0.039209764,SDSS-SDSS,SDSS,527,52342,323,593438075762272256,26,binning 1   1,DR18
7102.3145,0.04339121,0.18730445,0.027389502,SDSS-SDSS,SDSS,527,52342,323,593438075762272256,26,binning 1   1,DR18
7103.952,0.28667104,0.22110663,0.024587758,SDSS-SDSS,SDSS,527,52342,323,593438075762272256,26,binning 1   1,DR18
7105.5864,0.2947782,0.2247705,-0.0034944406,SDSS-SDSS,SDSS,527,52342,323,593438075762272256,26,binning 1   1,DR18
7107.225,-0.2634666,0.2007187,-0.07042288,SDSS-SDSS,SDSS,527,52342,323,593438075762272256,26,binning 1   1,DR18
7108.86,0.014358186,0.18637533,-0.08709578,SDSS-SDSS,SDSS,527,52342,323,593438075762272256,26,binning 1   1,DR18
7110.4995,0.3555916,0.1960152,-0.07609164,SDSS-SDSS,SDSS,527,52342,323,593438075762272256,26,binning 1   1,DR18
7112.1353,0.22288747,0.19474624,-0.09449806,SDSS-SDSS,SDSS,527,52342,323,593438075762272256,26,binning 1   1,DR18
7113.7715,0.046515282,0.19242236,-0.10298055,SDSS-SDSS,SDSS,527,52342,323,593438075762272256,26,binning 1   1,DR18
7115.4116,0.22506243,0.19169039,-0.06593542,SDSS-SDSS,SDSS,527,52342,323,593438075762272256,26,binning 1   1,DR18
7117.0483,0.45582116,0.1979463,-0.046737142,SDSS-SDSS,SDSS,527,52342,323,593438075762272256,26,binning 1   1,DR18
7118.69,0.36114636,0.19866545,-0.026753189,SDSS-SDSS,SDSS,527,52342,323,593438075762272256,26,binning 1   1,DR18
7120.327,0.1312701,0.18832673,-0.009704273,SDSS-SDSS,SDSS,527,52342,323,593438075762272256,26,binning 1   1,DR18
7121.969,0.23174757,0.17995067,-0.03329338,SDSS-SDSS,SDSS,527,52342,323,593438075762272256,26,binning 1   1,DR18
7123.608,-0.08533356,0.17812636,-0.10502381,SDSS-SDSS,SDSS,527,52342,323,593438075762272256,26,binning 1   1,DR18
7125.2466,-0.10650283,0.17924036,-0.12355511,SDSS-SDSS,SDSS,527,52342,323,593438075762272256,26,binning 1   1,DR18
7126.8896,0.07424642,0.17646787,-0.10804146,SDSS-SDSS,SDSS,527,52342,323,593438075762272256,26,binning 1   1,DR18
7128.5293,-0.3494045,0.1794496,-0.097089045,SDSS-SDSS,SDSS,527,52342,323,593438075762272256,26,binning 1   1,DR18
7130.173,-0.16360618,0.19504452,-0.04603296,SDSS-SDSS,SDSS,527,52342,323,593438075762272256,26,binning 1   1,DR18
7131.813,-0.086246714,0.19051507,0.055218942,SDSS-SDSS,SDSS,527,52342,323,593438075762272256,26,binning 1   1,DR18
7133.458,-0.15300785,0.18655889,0.09768805,SDSS-SDSS,SDSS,527,52342,323,593438075762272256,26,binning 1   1,DR18
7135.0986,-0.340658,0.18374307,0.0859869,SDSS-SDSS,SDSS,527,52342,323,593438075762272256,26,binning 1   1,DR18
7136.74,-0.015399371,0.18657827,0.037671547,SDSS-SDSS,SDSS,527,52342,323,593438075762272256,26,binning 1   1,DR18
7138.3857,0.19480968,0.19359733,-0.025759522,SDSS-SDSS,SDSS,527,52342,323,593438075762272256,26,binning 1   1,DR18
7140.0283,-0.08842274,0.19103248,-0.07965547,SDSS-SDSS,SDSS,527,52342,323,593438075762272256,26,binning 1   1,DR18
7141.675,0.07042412,0.19096233,-0.06143289,SDSS-SDSS,SDSS,527,52342,323,593438075762272256,26,binning 1   1,DR18
7143.3174,-0.3116556,0.1912378,0.06973612,SDSS-SDSS,SDSS,527,52342,323,593438075762272256,26,binning 1   1,DR18
7144.965,0.56293225,0.20462687,0.09084812,SDSS-SDSS,SDSS,527,52342,323,593438075762272256,26,binning 1   1,DR18
7146.6084,0.156724,0.21312672,0.12935202,SDSS-SDSS,SDSS,527,52342,323,593438075762272256,26,binning 1   1,DR18
7148.2524,0.34444323,0.20320596,0.12515604,SDSS-SDSS,SDSS,527,52342,323,593438075762272256,26,binning 1   1,DR18
7149.901,0.023986708,0.19357193,0.108060606,SDSS-SDSS,SDSS,527,52342,323,593438075762272256,26,binning 1   1,DR18
7151.546,0.27333084,0.19172513,0.10540784,SDSS-SDSS,SDSS,527,52342,323,593438075762272256,26,binning 1   1,DR18
7153.195,0.054774404,0.19927509,0.030060265,SDSS-SDSS,SDSS,527,52342,323,593438075762272256,26,binning 1   1,DR18
7154.8403,0.018001944,0.20221819,0.00045950274,SDSS-SDSS,SDSS,527,52342,323,593438075762272256,26,binning 1   1,DR18
7156.49,0.52915335,0.20884942,0.01594001,SDSS-SDSS,SDSS,527,52342,323,593438075762272256,26,binning 1   1,DR18
7158.1367,0.3819756,0.20515344,0.055340227,SDSS-SDSS,SDSS,527,52342,323,593438075762272256,26,binning 1   1,DR18
7159.783,0.05265963,0.19735229,0.066752926,SDSS-SDSS,SDSS,527,52342,323,593438075762272256,26,binning 1   1,DR18
7161.4346,0.7049815,0.19429626,0.06763206,SDSS-SDSS,SDSS,527,52342,323,593438075762272256,26,binning 1   1,DR18
7163.082,-0.13852955,0.18808357,0.13752082,SDSS-SDSS,SDSS,527,52342,323,593438075762272256,26,binning 1   1,DR18
7164.734,-0.1864171,0.1910679,0.08004677,SDSS-SDSS,SDSS,527,52342,323,593438075762272256,26,binning 1   1,DR18
7166.382,-0.09223573,0.19118357,0.078991376,SDSS-SDSS,SDSS,527,52342,323,593438075762272256,26,binning 1   1,DR18
7168.0347,-0.22119236,0.18363026,0.051479418,SDSS-SDSS,SDSS,527,52342,323,593438075762272256,26,binning 1   1,DR18
7169.6836,0.41255865,0.1920507,0.020729396,SDSS-SDSS,SDSS,527,52342,323,593438075762272256,26,binning 1   1,DR18
7171.337,0.34872574,0.2039033,0.062325153,SDSS-SDSS,SDSS,527,52342,323,593438075762272256,26,binning 1   1,DR18
7172.9863,0.17151798,0.2171411,0.107625104,SDSS-SDSS,SDSS,527,52342,323,593438075762272256,26,binning 1   1,DR18
7174.6367,-0.1435862,0.21851197,0.05230601,SDSS-SDSS,SDSS,527,52342,323,593438075762272256,26,binning 1   1,DR18
7176.291,-0.01645997,0.19708979,0.0640441,SDSS-SDSS,SDSS,527,52342,323,593438075762272256,26,binning 1   1,DR18
7177.942,0.094380245,0.19905086,0.12721811,SDSS-SDSS,SDSS,527,52342,323,593438075762272256,26,binning 1   1,DR18
7179.597,0.090028025,0.19204372,0.137348,SDSS-SDSS,SDSS,527,52342,323,593438075762272256,26,binning 1   1,DR18
7181.249,0.2299418,0.19617061,0.10336936,SDSS-SDSS,SDSS,527,52342,323,593438075762272256,26,binning 1   1,DR18
7182.905,0.099499464,0.20947051,0.1678061,SDSS-SDSS,SDSS,527,52342,323,593438075762272256,26,binning 1   1,DR18
7184.557,0.3009045,0.21830241,0.1759737,SDSS-SDSS,SDSS,527,52342,323,593438075762272256,26,binning 1   1,DR18
7186.21,-0.23048207,0.21092199,0.13818493,SDSS-SDSS,SDSS,527,52342,323,593438075762272256,26,binning 1   1,DR18
7187.867,0.15955903,0.19607453,0.09727385,SDSS-SDSS,SDSS,527,52342,323,593438075762272256,26,binning 1   1,DR18
7189.521,0.25424147,0.19323501,0.09307081,SDSS-SDSS,SDSS,527,52342,323,593438075762272256,26,binning 1   1,DR18
7191.1787,0.17148854,0.1938097,0.11733882,SDSS-SDSS,SDSS,527,52342,323,593438075762272256,26,binning 1   1,DR18
7192.833,0.4128714,0.19977486,0.10934273,SDSS-SDSS,SDSS,527,52342,323,593438075762272256,26,binning 1   1,DR18
7194.4917,-0.44691548,0.19504353,0.09117824,SDSS-SDSS,SDSS,527,52342,323,593438075762272256,26,binning 1   1,DR18
7196.1465,0.08329827,0.20762308,0.07996662,SDSS-SDSS,SDSS,527,52342,323,593438075762272256,26,binning 1   1,DR18
7197.8022,0.09352985,0.2166893,0.13185038,SDSS-SDSS,SDSS,527,52342,323,593438075762272256,26,binning 1   1,DR18
7199.462,0.0075904466,0.21363392,0.16751955,SDSS-SDSS,SDSS,527,52342,323,593438075762272256,26,binning 1   1,DR18
7201.118,0.38309377,0.22678202,0.13290237,SDSS-SDSS,SDSS,527,52342,323,593438075762272256,26,binning 1   1,DR18
7202.779,0.37268385,0.23163094,0.14002995,SDSS-SDSS,SDSS,527,52342,323,593438075762272256,26,binning 1   1,DR18
7204.4355,0.3097133,0.21529125,0.16554993,SDSS-SDSS,SDSS,527,52342,323,593438075762272256,26,binning 1   1,DR18
7206.097,-0.09764516,0.19404843,0.16362283,SDSS-SDSS,SDSS,527,52342,323,593438075762272256,26,binning 1   1,DR18
7207.755,-0.39989465,0.20842026,0.17069173,SDSS-SDSS,SDSS,527,52342,323,593438075762272256,26,binning 1   1,DR18
7209.413,-0.2737936,0.20928466,0.15099278,SDSS-SDSS,SDSS,527,52342,323,593438075762272256,26,binning 1   1,DR18
7211.0757,0.012612543,0.18584868,0.11714674,SDSS-SDSS,SDSS,527,52342,323,593438075762272256,26,binning 1   1,DR18
7212.7344,0.10866933,0.202286,0.18425609,SDSS-SDSS,SDSS,527,52342,323,593438075762272256,26,binning 1   1,DR18
7214.3975,0.4885402,0.20906729,0.1789951,SDSS-SDSS,SDSS,527,52342,323,593438075762272256,26,binning 1   1,DR18
7216.057,0.3666196,0.20407939,0.12275787,SDSS-SDSS,SDSS,527,52342,323,593438075762272256,26,binning 1   1,DR18
7217.721,-0.09308998,0.1883698,0.13462803,SDSS-SDSS,SDSS,527,52342,323,593438075762272256,26,binning 1   1,DR18
7219.382,0.32199946,0.18791236,0.1884031,SDSS-SDSS,SDSS,527,52342,323,593438075762272256,26,binning 1   1,DR18
7221.0425,0.28879195,0.19393948,0.18950555,SDSS-SDSS,SDSS,527,52342,323,593438075762272256,26,binning 1   1,DR18
7222.7075,0.27575096,0.20529068,0.15061964,SDSS-SDSS,SDSS,527,52342,323,593438075762272256,26,binning 1   1,DR18
7224.369,0.1859732,0.211784,0.203172,SDSS-SDSS,SDSS,527,52342,323,593438075762272256,26,binning 1   1,DR18
7226.035,-0.052837417,0.20198998,0.15920502,SDSS-SDSS,SDSS,527,52342,323,593438075762272256,26,binning 1   1,DR18
7227.6973,0.270339,0.20192768,0.13871646,SDSS-SDSS,SDSS,527,52342,323,593438075762272256,26,binning 1   1,DR18
7229.3643,-0.3329096,0.19438921,0.1379698,SDSS-SDSS,SDSS,527,52342,323,593438075762272256,26,binning 1   1,DR18
7231.0273,0.12856328,0.19572522,0.13606589,SDSS-SDSS,SDSS,527,52342,323,593438075762272256,26,binning 1   1,DR18
7232.691,0.23353294,0.20140526,0.23380947,SDSS-SDSS,SDSS,527,52342,323,593438075762272256,26,binning 1   1,DR18
7234.3584,-0.15151244,0.20886928,0.2192666,SDSS-SDSS,SDSS,527,52342,323,593438075762272256,26,binning 1   1,DR18
7236.023,0.25180802,0.22776963,0.18511021,SDSS-SDSS,SDSS,527,52342,323,593438075762272256,26,binning 1   1,DR18
7237.6914,0.07934973,0.23283388,0.17307559,SDSS-SDSS,SDSS,527,52342,323,593438075762272256,26,binning 1   1,DR18
7239.3564,-0.24084315,0.29235554,0.1729004,SDSS-SDSS,SDSS,527,52342,323,593438075762272256,26,binning 1   1,DR18
7241.026,-1.214365,0.4438815,0.16993086,SDSS-SDSS,SDSS,527,52342,323,593438075762272256,26,binning 1   1,DR18
7242.692,-0.84492105,0.641928,0.17211902,SDSS-SDSS,SDSS,527,52342,323,593438075762272256,26,binning 1   1,DR18
7244.358,-2.5932124,0.5294584,0.18811682,SDSS-SDSS,SDSS,527,52342,323,593438075762272256,26,binning 1   1,DR18
7246.0283,-1.5092961,0.5566786,0.17382155,SDSS-SDSS,SDSS,527,52342,323,593438075762272256,26,binning 1   1,DR18
7247.6953,-0.7973446,0.7731845,0.16918178,SDSS-SDSS,SDSS,527,52342,323,593438075762272256,26,binning 1   1,DR18
7249.3667,-1.0794239,0.47327468,0.1832953,SDSS-SDSS,SDSS,527,52342,323,593438075762272256,26,binning 1   1,DR18
7251.034,0.72609663,0.30255258,0.19848935,SDSS-SDSS,SDSS,527,52342,323,593438075762272256,26,binning 1   1,DR18
7252.7065,-0.23338851,0.2893081,0.21039362,SDSS-SDSS,SDSS,527,52342,323,593438075762272256,26,binning 1   1,DR18
7254.375,0.6012297,0.34757257,0.2053822,SDSS-SDSS,SDSS,527,52342,323,593438075762272256,26,binning 1   1,DR18
7256.044,0.68369967,0.34028828,0.21112145,SDSS-SDSS,SDSS,527,52342,323,593438075762272256,26,binning 1   1,DR18
7257.717,-0.019505566,0.27206883,0.22258148,SDSS-SDSS,SDSS,527,52342,323,593438075762272256,26,binning 1   1,DR18
7259.3867,0.7188522,0.24007301,0.24204674,SDSS-SDSS,SDSS,527,52342,323,593438075762272256,26,binning 1   1,DR18
7261.0605,0.69822216,0.22475791,0.2601805,SDSS-SDSS,SDSS,527,52342,323,593438075762272256,26,binning 1   1,DR18
7262.731,0.23603095,0.22248957,0.24972376,SDSS-SDSS,SDSS,527,52342,323,593438075762272256,26,binning 1   1,DR18
7264.406,0.5847624,0.22615565,0.25537795,SDSS-SDSS,SDSS,527,52342,323,593438075762272256,26,binning 1   1,DR18
7266.077,0.73937035,0.23085612,0.24838525,SDSS-SDSS,SDSS,527,52342,323,593438075762272256,26,binning 1   1,DR18
7267.7485,0.1057514,0.22917177,0.22870892,SDSS-SDSS,SDSS,527,52342,323,593438075762272256,26,binning 1   1,DR18
7269.4243,0.2929441,0.24428505,0.20734312,SDSS-SDSS,SDSS,527,52342,323,593438075762272256,26,binning 1   1,DR18
7271.0967,0.83591574,0.2669717,0.20743628,SDSS-SDSS,SDSS,527,52342,323,593438075762272256,26,binning 1   1,DR18
7272.7734,1.0035769,0.27531886,0.2469941,SDSS-SDSS,SDSS,527,52342,323,593438075762272256,26,binning 1   1,DR18
7274.4463,0.45188802,0.2956547,0.26038298,SDSS-SDSS,SDSS,527,52342,323,593438075762272256,26,binning 1   1,DR18
7276.124,-0.7624183,0.42269275,0.28062823,SDSS-SDSS,SDSS,527,52342,323,593438075762272256,26,binning 1   1,DR18
7277.798,-0.6117395,0.6960146,0.2804041,SDSS-SDSS,SDSS,527,52342,323,593438075762272256,26,binning 1   1,DR18
7279.472,0.3011534,0.6854485,0.23982294,SDSS-SDSS,SDSS,527,52342,323,593438075762272256,26,binning 1   1,DR18
7281.151,0.1983292,0.44569096,0.20344558,SDSS-SDSS,SDSS,527,52342,323,593438075762272256,26,binning 1   1,DR18
7282.8257,0.44959953,0.31100723,0.23956092,SDSS-SDSS,SDSS,527,52342,323,593438075762272256,26,binning 1   1,DR18
7284.5054,0.47881684,0.33143553,0.23960073,SDSS-SDSS,SDSS,527,52342,323,593438075762272256,26,binning 1   1,DR18
7286.181,0.06417897,0.4319167,0.27396256,SDSS-SDSS,SDSS,527,52342,323,593438075762272256,26,binning 1   1,DR18
7287.8613,0.4644548,0.3976393,0.2620825,SDSS-SDSS,SDSS,527,52342,323,593438075762272256,26,binning 1   1,DR18
7289.5376,0.8357378,0.28429374,0.23806307,SDSS-SDSS,SDSS,527,52342,323,593438075762272256,26,binning 1   1,DR18
7291.215,-0.054058965,0.26998046,0.25341216,SDSS-SDSS,SDSS,527,52342,323,593438075762272256,26,binning 1   1,DR18
7292.896,0.21330658,0.27336255,0.23669651,SDSS-SDSS,SDSS,527,52342,323,593438075762272256,26,binning 1   1,DR18
7294.5737,0.24062735,0.24843831,0.22420606,SDSS-SDSS,SDSS,527,52342,323,593438075762272256,26,binning 1   1,DR18
7296.256,0.67780244,0.2780865,0.2563089,SDSS-SDSS,SDSS,527,52342,323,593438075762272256,26,binning 1   1,DR18
7297.934,0.31207773,0.2861338,0.27006432,SDSS-SDSS,SDSS,527,52342,323,593438075762272256,26,binning 1   1,DR18
7299.617,0.19962849,0.27511194,0.24983467,SDSS-SDSS,SDSS,527,52342,323,593438075762272256,26,binning 1   1,DR18
7301.2964,0.5711239,0.2662392,0.24809441,SDSS-SDSS,SDSS,527,52342,323,593438075762272256,26,binning 1   1,DR18
7302.98,-0.08080618,0.27958846,0.30180526,SDSS-SDSS,SDSS,527,52342,323,593438075762272256,26,binning 1   1,DR18
7304.66,-0.1360444,0.33902508,0.3016062,SDSS-SDSS,SDSS,527,52342,323,593438075762272256,26,binning 1   1,DR18
7306.341,0.25883305,0.35501435,0.35341647,SDSS-SDSS,SDSS,527,52342,323,593438075762272256,26,binning 1   1,DR18
7308.0254,0.10962365,0.30149025,0.33876166,SDSS-SDSS,SDSS,527,52342,323,593438075762272256,26,binning 1   1,DR18
7309.7065,0.44520962,0.24811731,0.28023,SDSS-SDSS,SDSS,527,52342,323,593438075762272256,26,binning 1   1,DR18
7311.392,0.16630445,0.23786265,0.26299885,SDSS-SDSS,SDSS,527,52342,323,593438075762272256,26,binning 1   1,DR18
7313.074,0.18490702,0.2563539,0.2525842,SDSS-SDSS,SDSS,527,52342,323,593438075762272256,26,binning 1   1,DR18
7314.7607,0.7117129,0.29830697,0.25280523,SDSS-SDSS,SDSS,527,52342,323,593438075762272256,26,binning 1   1,DR18
7316.4434,-1.9634751,0.42150733,0.27014092,SDSS-SDSS,SDSS,527,52342,323,593438075762272256,26,binning 1   1,DR18
7318.1265,-0.40283132,0.60677177,0.269467,SDSS-SDSS,SDSS,527,52342,323,593438075762272256,26,binning 1   1,DR18
7319.814,0.6256435,0.56817263,0.2677722,SDSS-SDSS,SDSS,527,52342,323,593438075762272256,26,binning 1   1,DR18
7321.498,0.32216522,0.32939366,0.2677776,SDSS-SDSS,SDSS,527,52342,323,593438075762272256,26,binning 1   1,DR18
7323.186,0.9357987,0.24339294,0.22700427,SDSS-SDSS,SDSS,527,52342,323,593438075762272256,26,binning 1   1,DR18
7324.871,0.6193637,0.23672669,0.2603204,SDSS-SDSS,SDSS,527,52342,323,593438075762272256,26,binning 1   1,DR18
7326.56,1.6369388,0.23679498,0.2494454,SDSS-SDSS,SDSS,527,52342,323,593438075762272256,26,binning 1   1,DR18
7328.2456,-0.94422776,0.2524116,0.2409505,SDSS-SDSS,SDSS,527,52342,323,593438075762272256,26,binning 1   1,DR18
7329.931,0.085101664,0.3336268,0.23552701,SDSS-SDSS,SDSS,527,52342,323,593438075762272256,26,binning 1   1,DR18
7331.6216,-0.11332947,0.3852447,0.2356874,SDSS-SDSS,SDSS,527,52342,323,593438075762272256,26,binning 1   1,DR18
7333.308,0.19697973,0.34936985,0.2915497,SDSS-SDSS,SDSS,527,52342,323,593438075762272256,26,binning 1   1,DR18
7334.9995,0.76720375,0.27890378,0.23897162,SDSS-SDSS,SDSS,527,52342,323,593438075762272256,26,binning 1   1,DR18
7336.6865,0.37555644,0.24059883,0.25847062,SDSS-SDSS,SDSS,527,52342,323,593438075762272256,26,binning 1   1,DR18
7338.3784,0.71906143,0.22576772,0.2745718,SDSS-SDSS,SDSS,527,52342,323,593438075762272256,26,binning 1   1,DR18
7340.067,-0.28237045,0.3107226,0.25165096,SDSS-SDSS,SDSS,527,52342,323,593438075762272256,26,binning 1   1,DR18
7341.7554,-0.7049297,0.59580046,0.23644035,SDSS-SDSS,SDSS,527,52342,323,593438075762272256,26,binning 1   1,DR18
7343.448,-1.9841379,0.7525606,0.25326002,SDSS-SDSS,SDSS,527,52342,323,593438075762272256,26,binning 1   1,DR18
7345.1377,-0.21152209,0.534609,0.2509453,SDSS-SDSS,SDSS,527,52342,323,593438075762272256,26,binning 1   1,DR18
7346.8315,0.29226658,0.27291748,0.2542824,SDSS-SDSS,SDSS,527,52342,323,593438075762272256,26,binning 1   1,DR18
7348.5215,0.27405167,0.24568513,0.2604063,SDSS-SDSS,SDSS,527,52342,323,593438075762272256,26,binning 1   1,DR18
7350.2163,0.8748121,0.2624175,0.25756267,SDSS-SDSS,SDSS,527,52342,323,593438075762272256,26,binning 1   1,DR18
7351.9067,0.5204915,0.2758608,0.26480767,SDSS-SDSS,SDSS,527,52342,323,593438075762272256,26,binning 1   1,DR18
7353.598,0.145143,0.24557345,0.31405124,SDSS-SDSS,SDSS,527,52342,323,593438075762272256,26,binning 1   1,DR18
7355.294,0.37476668,0.23301673,0.31462133,SDSS-SDSS,SDSS,527,52342,323,593438075762272256,26,binning 1   1,DR18
7356.986,0.9987666,0.23974869,0.30720282,SDSS-SDSS,SDSS,527,52342,323,593438075762272256,26,binning 1   1,DR18
7358.6826,0.055421233,0.3158634,0.29970416,SDSS-SDSS,SDSS,527,52342,323,593438075762272256,26,binning 1   1,DR18
7360.3755,-0.47225296,0.39606994,0.3097294,SDSS-SDSS,SDSS,527,52342,323,593438075762272256,26,binning 1   1,DR18
7362.0728,-0.6367044,0.40035504,0.34444216,SDSS-SDSS,SDSS,527,52342,323,593438075762272256,26,binning 1   1,DR18
7363.766,0.78138,0.33385846,0.36642057,SDSS-SDSS,SDSS,527,52342,323,593438075762272256,26,binning 1   1,DR18
7365.4604,0.88517535,0.26971027,0.34297216,SDSS-SDSS,SDSS,527,52342,323,593438075762272256,26,binning 1   1,DR18
7367.1587,0.29116008,0.2595545,0.29070398,SDSS-SDSS,SDSS,527,52342,323,593438075762272256,26,binning 1   1,DR18
7368.8535,-0.30691826,0.36749306,0.25584012,SDSS-SDSS,SDSS,527,52342,323,593438075762272256,26,binning 1   1,DR18
7370.5527,0.28945154,0.63995844,0.2794298,SDSS-SDSS,SDSS,527,52342,323,593438075762272256,26,binning 1   1,DR18
7372.2485,0.21674022,0.65705234,0.33612257,SDSS-SDSS,SDSS,527,52342,323,593438075762272256,26,binning 1   1,DR18
7373.9487,0.29000965,0.42024463,0.35049412,SDSS-SDSS,SDSS,527,52342,323,593438075762272256,26,binning 1   1,DR18
7375.645,0.37909454,0.27608344,0.40842313,SDSS-SDSS,SDSS,527,52342,323,593438075762272256,26,binning 1   1,DR18
7377.342,0.30327007,0.23998174,0.388546,SDSS-SDSS,SDSS,527,52342,323,593438075762272256,26,binning 1   1,DR18
7379.043,0.43520588,0.2215311,0.33422488,SDSS-SDSS,SDSS,527,52342,323,593438075762272256,26,binning 1   1,DR18
7380.74,-0.08582184,0.2211749,0.31709474,SDSS-SDSS,SDSS,527,52342,323,593438075762272256,26,binning 1   1,DR18
7382.4424,0.1253606,0.22961609,0.32640314,SDSS-SDSS,SDSS,527,52342,323,593438075762272256,26,binning 1   1,DR18
7384.1406,0.015956579,0.23364797,0.2871103,SDSS-SDSS,SDSS,527,52342,323,593438075762272256,26,binning 1   1,DR18
7385.8433,0.48316336,0.23448749,0.2818389,SDSS-SDSS,SDSS,527,52342,323,593438075762272256,26,binning 1   1,DR18
7387.5425,0.49256673,0.22454292,0.29220438,SDSS-SDSS,SDSS,527,52342,323,593438075762272256,26,binning 1   1,DR18
7389.242,0.52101773,0.21618815,0.31190518,SDSS-SDSS,SDSS,527,52342,323,593438075762272256,26,binning 1   1,DR18
7390.946,0.1319279,0.22166555,0.31576702,SDSS-SDSS,SDSS,527,52342,323,593438075762272256,26,binning 1   1,DR18
7392.6465,-0.37133735,0.27268115,0.31203637,SDSS-SDSS,SDSS,527,52342,323,593438075762272256,26,binning 1   1,DR18
7394.351,-0.029256871,0.37455526,0.35142636,SDSS-SDSS,SDSS,527,52342,323,593438075762272256,26,binning 1   1,DR18
7396.0522,0.4897568,0.35356605,0.33772352,SDSS-SDSS,SDSS,527,52342,323,593438075762272256,26,binning 1   1,DR18
7397.7573,0.04815947,0.23303515,0.3017033,SDSS-SDSS,SDSS,527,52342,323,593438075762272256,26,binning 1   1,DR18
7399.4595,0.42419878,0.22524142,0.32860842,SDSS-SDSS,SDSS,527,52342,323,593438075762272256,26,binning 1   1,DR18
7401.1616,0.46540505,0.33956608,0.33837464,SDSS-SDSS,SDSS,527,52342,323,593438075762272256,26,binning 1   1,DR18
7402.868,-0.6463595,0.57540715,0.28471524,SDSS-SDSS,SDSS,527,52342,323,593438075762272256,26,binning 1   1,DR18
7404.5713,0.8374937,0.5355295,0.30772257,SDSS-SDSS,SDSS,527,52342,323,593438075762272256,26,binning 1   1,DR18
7406.279,1.3946284,0.35383567,0.3081373,SDSS-SDSS,SDSS,527,52342,323,593438075762272256,26,binning 1   1,DR18
7407.9824,0.6566267,0.24035534,0.29411146,SDSS-SDSS,SDSS,527,52342,323,593438075762272256,26,binning 1   1,DR18
7409.691,0.046733003,0.20999789,0.32435116,SDSS-SDSS,SDSS,527,52342,323,593438075762272256,26,binning 1   1,DR18
7411.3955,0.53857726,0.20272256,0.3600833,SDSS-SDSS,SDSS,527,52342,323,593438075762272256,26,binning 1   1,DR18
7413.1006,0.37707087,0.20997876,0.34571517,SDSS-SDSS,SDSS,527,52342,323,593438075762272256,26,binning 1   1,DR18
7414.81,0.5035096,0.21729961,0.31874678,SDSS-SDSS,SDSS,527,52342,323,593438075762272256,26,binning 1   1,DR18
7416.5156,0.6783766,0.21331741,0.31917188,SDSS-SDSS,SDSS,527,52342,323,593438075762272256,26,binning 1   1,DR18
7418.226,0.53626794,0.2075659,0.33518615,SDSS-SDSS,SDSS,527,52342,323,593438075762272256,26,binning 1   1,DR18
7419.9326,-0.1921043,0.23104376,0.32887864,SDSS-SDSS,SDSS,527,52342,323,593438075762272256,26,binning 1   1,DR18
7421.6436,0.3104494,0.22922781,0.31379402,SDSS-SDSS,SDSS,527,52342,323,593438075762272256,26,binning 1   1,DR18
7423.3506,0.4666736,0.23641221,0.33415636,SDSS-SDSS,SDSS,527,52342,323,593438075762272256,26,binning 1   1,DR18
7425.0586,-0.20836657,0.23392564,0.37928182,SDSS-SDSS,SDSS,527,52342,323,593438075762272256,26,binning 1   1,DR18
7426.7705,0.35451478,0.20171283,0.3123073,SDSS-SDSS,SDSS,527,52342,323,593438075762272256,26,binning 1   1,DR18
7428.4795,0.6374814,0.21379068,0.3003177,SDSS-SDSS,SDSS,527,52342,323,593438075762272256,26,binning 1   1,DR18
7430.1924,0.26021963,0.24780302,0.30115047,SDSS-SDSS,SDSS,527,52342,323,593438075762272256,26,binning 1   1,DR18
7431.9014,0.53498363,0.29171658,0.28298753,SDSS-SDSS,SDSS,527,52342,323,593438075762272256,26,binning 1   1,DR18
7433.615,0.29369807,0.26725796,0.28405097,SDSS-SDSS,SDSS,527,52342,323,593438075762272256,26,binning 1   1,DR18
7435.3257,0.39836743,0.2321088,0.32840413,SDSS-SDSS,SDSS,527,52342,323,593438075762272256,26,binning 1   1,DR18
7437.04,0.82006705,0.23564556,0.3092056,SDSS-SDSS,SDSS,527,52342,323,593438075762272256,26,binning 1   1,DR18
7438.751,-0.23473386,0.3025712,0.33108288,SDSS-SDSS,SDSS,527,52342,323,593438075762272256,26,binning 1   1,DR18
7440.4624,-0.39589077,0.37072873,0.33799082,SDSS-SDSS,SDSS,527,52342,323,593438075762272256,26,binning 1   1,DR18
7442.1777,-0.55999756,0.3133615,0.34645203,SDSS-SDSS,SDSS,527,52342,323,593438075762272256,26,binning 1   1,DR18
7443.89,0.63344914,0.2229966,0.38176653,SDSS-SDSS,SDSS,527,52342,323,593438075762272256,26,binning 1   1,DR18
7445.6064,0.07832856,0.19893846,0.3638747,SDSS-SDSS,SDSS,527,52342,323,593438075762272256,26,binning 1   1,DR18
7447.3193,0.53620744,0.19957583,0.30377117,SDSS-SDSS,SDSS,527,52342,323,593438075762272256,26,binning 1   1,DR18
7449.0366,0.10257072,0.2100896,0.3225132,SDSS-SDSS,SDSS,527,52342,323,593438075762272256,26,binning 1   1,DR18
7450.7505,0.55117154,0.22213951,0.3407329,SDSS-SDSS,SDSS,527,52342,323,593438075762272256,26,binning 1   1,DR18
7452.4644,0.6194054,0.21967967,0.32944682,SDSS-SDSS,SDSS,527,52342,323,593438075762272256,26,binning 1   1,DR18
7454.183,0.5672995,0.21564682,0.33667007,SDSS-SDSS,SDSS,527,52342,323,593438075762272256,26,binning 1   1,DR18
7455.898,0.5538458,0.21039683,0.37039515,SDSS-SDSS,SDSS,527,52342,323,593438075762272256,26,binning 1   1,DR18
7457.617,0.61037743,0.20273985,0.30193812,SDSS-SDSS,SDSS,527,52342,323,593438075762272256,26,binning 1   1,DR18
7459.3325,0.30735424,0.2068734,0.30099198,SDSS-SDSS,SDSS,527,52342,323,593438075762272256,26,binning 1   1,DR18
7461.0527,-0.1251549,0.20347369,0.32676205,SDSS-SDSS,SDSS,527,52342,323,593438075762272256,26,binning 1   1,DR18
7462.769,0.29556268,0.21619849,0.3246775,SDSS-SDSS,SDSS,527,52342,323,593438075762272256,26,binning 1   1,DR18
7464.486,0.24479489,0.24008887,0.31071064,SDSS-SDSS,SDSS,527,52342,323,593438075762272256,26,binning 1   1,DR18
7466.207,0.1311457,0.2421001,0.3244845,SDSS-SDSS,SDSS,527,52342,323,593438075762272256,26,binning 1   1,DR18
7467.925,0.3086375,0.24196064,0.3044761,SDSS-SDSS,SDSS,527,52342,323,593438075762272256,26,binning 1   1,DR18
7469.647,0.48858893,0.24594863,0.3185374,SDSS-SDSS,SDSS,527,52342,323,593438075762272256,26,binning 1   1,DR18
7471.365,0.16700776,0.24994625,0.28570044,SDSS-SDSS,SDSS,527,52342,323,593438075762272256,26,binning 1   1,DR18
7473.0884,0.029625386,0.27970722,0.27937332,SDSS-SDSS,SDSS,527,52342,323,593438075762272256,26,binning 1   1,DR18
7474.8076,0.28028205,0.29426694,0.34050855,SDSS-SDSS,SDSS,527,52342,323,593438075762272256,26,binning 1   1,DR18
7476.527,0.63345784,0.2789502,0.31258032,SDSS-SDSS,SDSS,527,52342,323,593438075762272256,26,binning 1   1,DR18
7478.251,0.48083088,0.24773782,0.3292092,SDSS-SDSS,SDSS,527,52342,323,593438075762272256,26,binning 1   1,DR18
7479.971,0.40915033,0.25645712,0.31639263,SDSS-SDSS,SDSS,527,52342,323,593438075762272256,26,binning 1   1,DR18
7481.6963,-0.060249068,0.29780567,0.2944262,SDSS-SDSS,SDSS,527,52342,323,593438075762272256,26,binning 1   1,DR18
7483.4175,-0.55757594,0.2985219,0.30503097,SDSS-SDSS,SDSS,527,52342,323,593438075762272256,26,binning 1   1,DR18
7485.143,0.28295588,0.3181179,0.33408538,SDSS-SDSS,SDSS,527,52342,323,593438075762272256,26,binning 1   1,DR18
7486.865,-0.024503231,0.31067157,0.31819972,SDSS-SDSS,SDSS,527,52342,323,593438075762272256,26,binning 1   1,DR18
7488.5874,0.5729405,0.2383097,0.30517754,SDSS-SDSS,SDSS,527,52342,323,593438075762272256,26,binning 1   1,DR18
7490.3145,0.13153364,0.20964724,0.3127727,SDSS-SDSS,SDSS,527,52342,323,593438075762272256,26,binning 1   1,DR18
7492.037,0.61460125,0.20729765,0.31353602,SDSS-SDSS,SDSS,527,52342,323,593438075762272256,26,binning 1   1,DR18
7493.765,-0.0004619855,0.20802669,0.298265,SDSS-SDSS,SDSS,527,52342,323,593438075762272256,26,binning 1   1,DR18
7495.489,0.02291632,0.228945,0.2852574,SDSS-SDSS,SDSS,527,52342,323,593438075762272256,26,binning 1   1,DR18
7497.2173,0.84284186,0.23850863,0.29170838,SDSS-SDSS,SDSS,527,52342,323,593438075762272256,26,binning 1   1,DR18
7498.942,0.49464604,0.2114781,0.28835532,SDSS-SDSS,SDSS,527,52342,323,593438075762272256,26,binning 1   1,DR18
7500.667,0.34766194,0.20785657,0.3036915,SDSS-SDSS,SDSS,527,52342,323,593438075762272256,26,binning 1   1,DR18
7502.397,1.0455701,0.21234757,0.3283431,SDSS-SDSS,SDSS,527,52342,323,593438075762272256,26,binning 1   1,DR18
7504.1226,0.7654251,0.20951718,0.31446633,SDSS-SDSS,SDSS,527,52342,323,593438075762272256,26,binning 1   1,DR18
7505.853,0.28914478,0.22020411,0.2700271,SDSS-SDSS,SDSS,527,52342,323,593438075762272256,26,binning 1   1,DR18
7507.58,0.20954235,0.21176656,0.28491473,SDSS-SDSS,SDSS,527,52342,323,593438075762272256,26,binning 1   1,DR18
7509.311,0.2946091,0.19927663,0.29697952,SDSS-SDSS,SDSS,527,52342,323,593438075762272256,26,binning 1   1,DR18
7511.0386,0.15658554,0.19931945,0.28036398,SDSS-SDSS,SDSS,527,52342,323,593438075762272256,26,binning 1   1,DR18
7512.7666,0.43515223,0.20549513,0.26764563,SDSS-SDSS,SDSS,527,52342,323,593438075762272256,26,binning 1   1,DR18
7514.499,0.14085737,0.21407272,0.267925,SDSS-SDSS,SDSS,527,52342,323,593438075762272256,26,binning 1   1,DR18
7516.2275,0.42070338,0.21259643,0.28423417,SDSS-SDSS,SDSS,527,52342,323,593438075762272256,26,binning 1   1,DR18
7517.961,-0.074578665,0.23082793,0.32036287,SDSS-SDSS,SDSS,527,52342,323,593438075762272256,26,binning 1   1,DR18
7519.6904,0.61389405,0.26635534,0.28534317,SDSS-SDSS,SDSS,527,52342,323,593438075762272256,26,binning 1   1,DR18
7521.4243,0.69152254,0.25765952,0.30784535,SDSS-SDSS,SDSS,527,52342,323,593438075762272256,26,binning 1   1,DR18
7523.155,0.25659448,0.2575968,0.31031382,SDSS-SDSS,SDSS,527,52342,323,593438075762272256,26,binning 1   1,DR18
7524.8853,-0.0738897,0.35775724,0.28586838,SDSS-SDSS,SDSS,527,52342,323,593438075762272256,26,binning 1   1,DR18
7526.6206,-0.39163288,0.44124234,0.2930411,SDSS-SDSS,SDSS,527,52342,323,593438075762272256,26,binning 1   1,DR18
7528.352,0.39423293,0.38531536,0.32480624,SDSS-SDSS,SDSS,527,52342,323,593438075762272256,26,binning 1   1,DR18
7530.0884,1.0658776,0.28329864,0.30784035,SDSS-SDSS,SDSS,527,52342,323,593438075762272256,26,binning 1   1,DR18
7531.8203,0.14537713,0.27271172,0.2846002,SDSS-SDSS,SDSS,527,52342,323,593438075762272256,26,binning 1   1,DR18
7533.557,0.6386449,0.28578368,0.28230193,SDSS-SDSS,SDSS,527,52342,323,593438075762272256,26,binning 1   1,DR18
7535.2905,0.60065866,0.24498782,0.3054776,SDSS-SDSS,SDSS,527,52342,323,593438075762272256,26,binning 1   1,DR18
7537.024,0.34876028,0.20887688,0.3215975,SDSS-SDSS,SDSS,527,52342,323,593438075762272256,26,binning 1   1,DR18
7538.7617,0.39981413,0.20731626,0.29704627,SDSS-SDSS,SDSS,527,52342,323,593438075762272256,26,binning 1   1,DR18
7540.496,0.29355088,0.22772022,0.34449998,SDSS-SDSS,SDSS,527,52342,323,593438075762272256,26,binning 1   1,DR18
7542.235,0.91775924,0.25332686,0.3329826,SDSS-SDSS,SDSS,527,52342,323,593438075762272256,26,binning 1   1,DR18
7543.97,0.80682355,0.24349435,0.32643095,SDSS-SDSS,SDSS,527,52342,323,593438075762272256,26,binning 1   1,DR18
7545.7095,0.31525058,0.21687083,0.35894,SDSS-SDSS,SDSS,527,52342,323,593438075762272256,26,binning 1   1,DR18
7547.4453,0.33326688,0.20572107,0.38219684,SDSS-SDSS,SDSS,527,52342,323,593438075762272256,26,binning 1   1,DR18
7549.1816,0.9061107,0.21230054,0.34784287,SDSS-SDSS,SDSS,527,52342,323,593438075762272256,26,binning 1   1,DR18
7550.923,0.07246302,0.20846002,0.32615972,SDSS-SDSS,SDSS,527,52342,323,593438075762272256,26,binning 1   1,DR18
7552.6597,0.07805525,0.20528094,0.33320215,SDSS-SDSS,SDSS,527,52342,323,593438075762272256,26,binning 1   1,DR18
7554.4014,0.17169854,0.2100642,0.33667505,SDSS-SDSS,SDSS,527,52342,323,593438075762272256,26,binning 1   1,DR18
7556.139,0.49608523,0.21566193,0.33870542,SDSS-SDSS,SDSS,527,52342,323,593438075762272256,26,binning 1   1,DR18
7557.882,-0.21496917,0.2264138,0.36260703,SDSS-SDSS,SDSS,527,52342,323,593438075762272256,26,binning 1   1,DR18
7559.62,0.42315263,0.26045617,0.39143834,SDSS-SDSS,SDSS,527,52342,323,593438075762272256,26,binning 1   1,DR18
7561.3594,0.10986795,0.25044063,0.34118462,SDSS-SDSS,SDSS,527,52342,323,593438075762272256,26,binning 1   1,DR18
7563.103,0.37262785,0.21345867,0.33397844,SDSS-SDSS,SDSS,527,52342,323,593438075762272256,26,binning 1   1,DR18
7564.843,0.32784224,0.20453878,0.34480077,SDSS-SDSS,SDSS,527,52342,323,593438075762272256,26,binning 1   1,DR18
7566.5874,0.35779235,0.20591684,0.3455728,SDSS-SDSS,SDSS,527,52342,323,593438075762272256,26,binning 1   1,DR18
7568.328,0.1068103,0.21972145,0.3412881,SDSS-SDSS,SDSS,527,52342,323,593438075762272256,26,binning 1   1,DR18
7570.073,0.21083063,0.24609472,0.34045914,SDSS-SDSS,SDSS,527,52342,323,593438075762272256,26,binning 1   1,DR18
7571.815,0.42457587,0.3015698,0.34879458,SDSS-SDSS,SDSS,527,52342,323,593438075762272256,26,binning 1   1,DR18
7573.561,0.4788998,0.35549638,0.3372359,SDSS-SDSS,SDSS,527,52342,323,593438075762272256,26,binning 1   1,DR18
7575.303,0.21533068,0.34336132,0.3422042,SDSS-SDSS,SDSS,527,52342,323,593438075762272256,26,binning 1   1,DR18
7577.046,0.54507005,0.272719,0.36234528,SDSS-SDSS,SDSS,527,52342,323,593438075762272256,26,binning 1   1,DR18
7578.793,0.8461983,0.22899985,0.37053806,SDSS-SDSS,SDSS,527,52342,323,593438075762272256,26,binning 1   1,DR18
7580.5366,0.71024317,0.21993288,0.36621505,SDSS-SDSS,SDSS,527,52342,323,593438075762272256,26,binning 1   1,DR18
7582.2847,0.4611631,0.21246824,0.3658763,SDSS-SDSS,SDSS,527,52342,323,593438075762272256,26,binning 1   1,DR18
7584.029,0.39712688,0.20748581,0.36392412,SDSS-SDSS,SDSS,527,52342,323,593438075762272256,26,binning 1   1,DR18
7585.778,0.2305861,0.22591446,0.33531758,SDSS-SDSS,SDSS,527,52342,323,593438075762272256,26,binning 1   1,DR18
7587.523,0.5211713,0.2738496,0.33743113,SDSS-SDSS,SDSS,527,52342,323,593438075762272256,26,binning 1   1,DR18
7589.2686,0.7661594,0.29044032,0.39450562,SDSS-SDSS,SDSS,527,52342,323,593438075762272256,26,binning 1   1,DR18
7591.0186,0.9426693,0.2542612,0.4125471,SDSS-SDSS,SDSS,527,52342,323,593438075762272256,26,binning 1   1,DR18
7592.7646,0.4589056,0.22070763,0.42594278,SDSS-SDSS,SDSS,527,52342,323,593438075762272256,26,binning 1   1,DR18
7594.5156,0.59725934,0.22771488,0.3770484,SDSS-SDSS,SDSS,527,52342,323,593438075762272256,26,binning 1   1,DR18
7596.2627,0.8085097,0.2623303,0.34343696,SDSS-SDSS,SDSS,527,52342,323,593438075762272256,26,binning 1   1,DR18
7598.014,-0.0029945574,0.35930213,0.3659727,SDSS-SDSS,SDSS,527,52342,323,593438075762272256,26,binning 1   1,DR18
7599.762,0.7647275,0.5625809,0.39347005,SDSS-SDSS,SDSS,527,52342,323,593438075762272256,26,binning 1   1,DR18
7601.5107,-0.39783034,0.6839917,0.34807345,SDSS-SDSS,SDSS,527,52342,323,593438075762272256,26,binning 1   1,DR18
7603.2637,-0.90935105,0.66681844,0.3086008,SDSS-SDSS,SDSS,527,52342,323,593438075762272256,26,binning 1   1,DR18
7605.0127,1.5300938,0.69302034,0.35648808,SDSS-SDSS,SDSS,527,52342,323,593438075762272256,26,binning 1   1,DR18
7606.766,0.839961,0.7490996,0.35822085,SDSS-SDSS,SDSS,527,52342,323,593438075762272256,26,binning 1   1,DR18
7608.516,0.68858564,0.726501,0.33544216,SDSS-SDSS,SDSS,527,52342,323,593438075762272256,26,binning 1   1,DR18
7610.271,1.6061112,0.64191324,0.35866293,SDSS-SDSS,SDSS,527,52342,323,593438075762272256,26,binning 1   1,DR18
7612.0215,0.3586779,0.5341703,0.35398173,SDSS-SDSS,SDSS,527,52342,323,593438075762272256,26,binning 1   1,DR18
7613.7725,0.44530568,0.49039295,0.32433116,SDSS-SDSS,SDSS,527,52342,323,593438075762272256,26,binning 1   1,DR18
7615.5283,0.83257496,0.44228104,0.3616705,SDSS-SDSS,SDSS,527,52342,323,593438075762272256,26,binning 1   1,DR18
7617.2803,-0.14353704,0.37000588,0.35409003,SDSS-SDSS,SDSS,527,52342,323,593438075762272256,26,binning 1   1,DR18
7619.0366,0.58166647,0.32757753,0.31890863,SDSS-SDSS,SDSS,527,52342,323,593438075762272256,26,binning 1   1,DR18
7620.7896,-0.5943382,0.31685132,0.32825938,SDSS-SDSS,SDSS,527,52342,323,593438075762272256,26,binning 1   1,DR18
7622.547,1.233019,0.34897405,0.33472547,SDSS-SDSS,SDSS,527,52342,323,593438075762272256,26,binning 1   1,DR18
7624.3003,1.0358824,0.35373458,0.31599113,SDSS-SDSS,SDSS,527,52342,323,593438075762272256,26,binning 1   1,DR18
7626.054,0.50354224,0.36908954,0.34491196,SDSS-SDSS,SDSS,527,52342,323,593438075762272256,26,binning 1   1,DR18
7627.813,0.099571876,0.39619505,0.34920645,SDSS-SDSS,SDSS,527,52342,323,593438075762272256,26,binning 1   1,DR18
7629.568,-0.5066804,0.4953922,0.32305446,SDSS-SDSS,SDSS,527,52342,323,593438075762272256,26,binning 1   1,DR18
7631.327,-0.14640616,0.5558867,0.31754065,SDSS-SDSS,SDSS,527,52342,323,593438075762272256,26,binning 1   1,DR18
7633.0825,0.68601406,0.50137,0.33329302,SDSS-SDSS,SDSS,527,52342,323,593438075762272256,26,binning 1   1,DR18
7634.843,1.1518131,0.3980275,0.30750453,SDSS-SDSS,SDSS,527,52342,323,593438075762272256,26,binning 1   1,DR18
7636.599,0.50404155,0.34924605,0.31684658,SDSS-SDSS,SDSS,527,52342,323,593438075762272256,26,binning 1   1,DR18
7638.356,-0.006647535,0.3295164,0.3299889,SDSS-SDSS,SDSS,527,52342,323,593438075762272256,26,binning 1   1,DR18
7640.117,0.9829712,0.3301712,0.32382277,SDSS-SDSS,SDSS,527,52342,323,593438075762272256,26,binning 1   1,DR18
7641.875,0.76359904,0.33164424,0.32724768,SDSS-SDSS,SDSS,527,52342,323,593438075762272256,26,binning 1   1,DR18
7643.637,0.3033772,0.34684202,0.36556658,SDSS-SDSS,SDSS,527,52342,323,593438075762272256,26,binning 1   1,DR18
7645.3955,-0.72355187,0.33695066,0.332124,SDSS-SDSS,SDSS,527,52342,323,593438075762272256,26,binning 1   1,DR18
7647.1587,0.47144896,0.3020704,0.31958866,SDSS-SDSS,SDSS,527,52342,323,593438075762272256,26,binning 1   1,DR18
7648.918,0.021403836,0.26889464,0.30910715,SDSS-SDSS,SDSS,527,52342,323,593438075762272256,26,binning 1   1,DR18
7650.6772,0.5730857,0.28866893,0.31884408,SDSS-SDSS,SDSS,527,52342,323,593438075762272256,26,binning 1   1,DR18
7652.442,0.95998466,0.33556125,0.35331592,SDSS-SDSS,SDSS,527,52342,323,593438075762272256,26,binning 1   1,DR18
7654.202,1.0787494,0.3325711,0.34111547,SDSS-SDSS,SDSS,527,52342,323,593438075762272256,26,binning 1   1,DR18
7655.9673,0.20651644,0.30450508,0.33626246,SDSS-SDSS,SDSS,527,52342,323,593438075762272256,26,binning 1   1,DR18
7657.7285,0.052220814,0.2811607,0.35290164,SDSS-SDSS,SDSS,527,52342,323,593438075762272256,26,binning 1   1,DR18
7659.494,1.0082706,0.25435892,0.3698076,SDSS-SDSS,SDSS,527,52342,323,593438075762272256,26,binning 1   1,DR18
7661.2563,0.543314,0.26833192,0.36893538,SDSS-SDSS,SDSS,527,52342,323,593438075762272256,26,binning 1   1,DR18
7663.0186,0.12615651,0.31697688,0.36838773,SDSS-SDSS,SDSS,527,52342,323,593438075762272256,26,binning 1   1,DR18
7664.7856,0.31215742,0.3303126,0.40476453,SDSS-SDSS,SDSS,527,52342,323,593438075762272256,26,binning 1   1,DR18
7666.5493,0.22654614,0.29650941,0.41195768,SDSS-SDSS,SDSS,527,52342,323,593438075762272256,26,binning 1   1,DR18
7668.317,0.41964614,0.2558293,0.40651846,SDSS-SDSS,SDSS,527,52342,323,593438075762272256,26,binning 1   1,DR18
7670.081,0.67064416,0.23882389,0.36848235,SDSS-SDSS,SDSS,527,52342,323,593438075762272256,26,binning 1   1,DR18
7671.8496,0.23899586,0.24078567,0.36621293,SDSS-SDSS,SDSS,527,52342,323,593438075762272256,26,binning 1   1,DR18
7673.6147,0.2733205,0.23794967,0.41988382,SDSS-SDSS,SDSS,527,52342,323,593438075762272256,26,binning 1   1,DR18
7675.38,0.83520865,0.23959239,0.40662685,SDSS-SDSS,SDSS,527,52342,323,593438075762272256,26,binning 1   1,DR18
7677.15,0.24108036,0.23303655,0.40365803,SDSS-SDSS,SDSS,527,52342,323,593438075762272256,26,binning 1   1,DR18
7678.916,0.2552401,0.23235257,0.39020193,SDSS-SDSS,SDSS,527,52342,323,593438075762272256,26,binning 1   1,DR18
7680.687,0.40616113,0.22897612,0.395643,SDSS-SDSS,SDSS,527,52342,323,593438075762272256,26,binning 1   1,DR18
7682.4536,0.40194595,0.23489587,0.41044313,SDSS-SDSS,SDSS,527,52342,323,593438075762272256,26,binning 1   1,DR18
7684.225,0.19678111,0.23528409,0.41260067,SDSS-SDSS,SDSS,527,52342,323,593438075762272256,26,binning 1   1,DR18
7685.993,0.16525163,0.22317041,0.41500977,SDSS-SDSS,SDSS,527,52342,323,593438075762272256,26,binning 1   1,DR18
7687.761,0.20903096,0.22665724,0.40496063,SDSS-SDSS,SDSS,527,52342,323,593438075762272256,26,binning 1   1,DR18
7689.534,0.098006465,0.23697846,0.43292123,SDSS-SDSS,SDSS,527,52342,323,593438075762272256,26,binning 1   1,DR18
7691.3027,-0.07957249,0.2421398,0.42810622,SDSS-SDSS,SDSS,527,52342,323,593438075762272256,26,binning 1   1,DR18
7693.0767,0.61146426,0.24974881,0.40240675,SDSS-SDSS,SDSS,527,52342,323,593438075762272256,26,binning 1   1,DR18
7694.846,-0.03417387,0.23576346,0.3998341,SDSS-SDSS,SDSS,527,52342,323,593438075762272256,26,binning 1   1,DR18
7696.6206,0.35028607,0.23187375,0.3919022,SDSS-SDSS,SDSS,527,52342,323,593438075762272256,26,binning 1   1,DR18
7698.391,0.6719493,0.26362333,0.38715515,SDSS-SDSS,SDSS,527,52342,323,593438075762272256,26,binning 1   1,DR18
7700.162,0.0038321172,0.28091392,0.40524375,SDSS-SDSS,SDSS,527,52342,323,593438075762272256,26,binning 1   1,DR18
7701.938,0.0328922,0.26837796,0.4068303,SDSS-SDSS,SDSS,527,52342,323,593438075762272256,26,binning 1   1,DR18
7703.71,-0.16366802,0.256252,0.39670753,SDSS-SDSS,SDSS,527,52342,323,593438075762272256,26,binning 1   1,DR18
7705.4863,0.4808002,0.23005652,0.3980581,SDSS-SDSS,SDSS,527,52342,323,593438075762272256,26,binning 1   1,DR18
7707.259,0.5681933,0.22259846,0.40506822,SDSS-SDSS,SDSS,527,52342,323,593438075762272256,26,binning 1   1,DR18
7709.036,0.8817189,0.23437864,0.43882105,SDSS-SDSS,SDSS,527,52342,323,593438075762272256,26,binning 1   1,DR18
7710.8096,-0.1011914,0.26789778,0.43555427,SDSS-SDSS,SDSS,527,52342,323,593438075762272256,26,binning 1   1,DR18
7712.588,0.43599033,0.39553002,0.39757428,SDSS-SDSS,SDSS,527,52342,323,593438075762272256,26,binning 1   1,DR18
7714.362,0.44595492,0.63105386,0.39198297,SDSS-SDSS,SDSS,527,52342,323,593438075762272256,26,binning 1   1,DR18
7716.1367,-0.56930363,0.7021372,0.43825835,SDSS-SDSS,SDSS,527,52342,323,593438075762272256,26,binning 1   1,DR18
7717.916,-0.1591714,0.625742,0.44948965,SDSS-SDSS,SDSS,527,52342,323,593438075762272256,26,binning 1   1,DR18
7719.6914,-1.5543449,0.6402492,0.4333673,SDSS-SDSS,SDSS,527,52342,323,593438075762272256,26,binning 1   1,DR18
7721.4717,0.095272005,0.4588964,0.4385929,SDSS-SDSS,SDSS,527,52342,323,593438075762272256,26,binning 1   1,DR18
7723.248,0.47892419,0.33563,0.42880842,SDSS-SDSS,SDSS,527,52342,323,593438075762272256,26,binning 1   1,DR18
7725.029,0.080386065,0.32008883,0.4110405,SDSS-SDSS,SDSS,527,52342,323,593438075762272256,26,binning 1   1,DR18
7726.806,-0.005101279,0.3436295,0.41731355,SDSS-SDSS,SDSS,527,52342,323,593438075762272256,26,binning 1   1,DR18
7728.5835,-1.0822687,0.33063135,0.4374544,SDSS-SDSS,SDSS,527,52342,323,593438075762272256,26,binning 1   1,DR18
7730.3657,0.006430715,0.29455194,0.4427108,SDSS-SDSS,SDSS,527,52342,323,593438075762272256,26,binning 1   1,DR18
7732.144,1.0679344,0.26522186,0.433863,SDSS-SDSS,SDSS,527,52342,323,593438075762272256,26,binning 1   1,DR18
7733.9272,-0.010104379,0.25853026,0.41330943,SDSS-SDSS,SDSS,527,52342,323,593438075762272256,26,binning 1   1,DR18
7735.7065,0.7168235,0.2663234,0.41985652,SDSS-SDSS,SDSS,527,52342,323,593438075762272256,26,binning 1   1,DR18
7737.49,0.49778545,0.26884085,0.45022708,SDSS-SDSS,SDSS,527,52342,323,593438075762272256,26,binning 1   1,DR18
7739.27,0.470853,0.2754814,0.4240039,SDSS-SDSS,SDSS,527,52342,323,593438075762272256,26,binning 1   1,DR18
7741.051,0.47350508,0.2654121,0.39949313,SDSS-SDSS,SDSS,527,52342,323,593438075762272256,26,binning 1   1,DR18
7742.8354,0.37277922,0.24203986,0.41478297,SDSS-SDSS,SDSS,527,52342,323,593438075762272256,26,binning 1   1,DR18
7744.6167,0.29432508,0.22780825,0.43485978,SDSS-SDSS,SDSS,527,52342,323,593438075762272256,26,binning 1   1,DR18
7746.403,0.42671373,0.23967917,0.42461607,SDSS-SDSS,SDSS,527,52342,323,593438075762272256,26,binning 1   1,DR18
7748.185,0.111477025,0.27141362,0.40155858,SDSS-SDSS,SDSS,527,52342,323,593438075762272256,26,binning 1   1,DR18
7749.9717,-1.0635076,0.41447976,0.4221859,SDSS-SDSS,SDSS,527,52342,323,593438075762272256,26,binning 1   1,DR18
7751.7544,-1.8227087,0.68831193,0.44160703,SDSS-SDSS,SDSS,527,52342,323,593438075762272256,26,binning 1   1,DR18
7753.5376,-0.14146824,0.76042783,0.4558764,SDSS-SDSS,SDSS,527,52342,323,593438075762272256,26,binning 1   1,DR18
7755.3257,-0.051691145,0.5331645,0.44528043,SDSS-SDSS,SDSS,527,52342,323,593438075762272256,26,binning 1   1,DR18
7757.11,0.06392082,0.323493,0.42484945,SDSS-SDSS,SDSS,527,52342,323,593438075762272256,26,binning 1   1,DR18
7758.8984,0.6719244,0.3065003,0.4230333,SDSS-SDSS,SDSS,527,52342,323,593438075762272256,26,binning 1   1,DR18
7760.6836,-1.7968369,0.41150606,0.44016936,SDSS-SDSS,SDSS,527,52342,323,593438075762272256,26,binning 1   1,DR18
7762.473,-0.32072884,0.4811472,0.4623117,SDSS-SDSS,SDSS,527,52342,323,593438075762272256,26,binning 1   1,DR18
7764.259,-0.21045303,0.38715243,0.48508167,SDSS-SDSS,SDSS,527,52342,323,593438075762272256,26,binning 1   1,DR18
7766.045,0.25282773,0.24695186,0.47310314,SDSS-SDSS,SDSS,527,52342,323,593438075762272256,26,binning 1   1,DR18
7767.836,0.74977565,0.23464449,0.44490033,SDSS-SDSS,SDSS,527,52342,323,593438075762272256,26,binning 1   1,DR18
7769.6226,0.5750511,0.24911648,0.44919273,SDSS-SDSS,SDSS,527,52342,323,593438075762272256,26,binning 1   1,DR18
7771.4146,0.31565788,0.23591855,0.4899457,SDSS-SDSS,SDSS,527,52342,323,593438075762272256,26,binning 1   1,DR18
7773.202,-0.0019559895,0.2802273,0.492282,SDSS-SDSS,SDSS,527,52342,323,593438075762272256,26,binning 1   1,DR18
7774.9946,1.1527201,0.32960242,0.5011222,SDSS-SDSS,SDSS,527,52342,323,593438075762272256,26,binning 1   1,DR18
7776.783,-0.4957741,0.3125697,0.4870404,SDSS-SDSS,SDSS,527,52342,323,593438075762272256,26,binning 1   1,DR18
7778.5723,0.15999426,0.28599808,0.45027035,SDSS-SDSS,SDSS,527,52342,323,593438075762272256,26,binning 1   1,DR18
7780.366,0.69533247,0.35288477,0.44576055,SDSS-SDSS,SDSS,527,52342,323,593438075762272256,26,binning 1   1,DR18
7782.156,0.24845065,0.44433412,0.50253576,SDSS-SDSS,SDSS,527,52342,323,593438075762272256,26,binning 1   1,DR18
7783.9507,-0.7158945,0.3839412,0.47232038,SDSS-SDSS,SDSS,527,52342,323,593438075762272256,26,binning 1   1,DR18
7785.741,0.056565475,0.30280942,0.4891366,SDSS-SDSS,SDSS,527,52342,323,593438075762272256,26,binning 1   1,DR18
7787.5366,0.13306277,0.26724055,0.50023454,SDSS-SDSS,SDSS,527,52342,323,593438075762272256,26,binning 1   1,DR18
7789.328,0.38514888,0.24576189,0.47604486,SDSS-SDSS,SDSS,527,52342,323,593438075762272256,26,binning 1   1,DR18
7791.12,0.6825785,0.25852868,0.46028024,SDSS-SDSS,SDSS,527,52342,323,593438075762272256,26,binning 1   1,DR18
7792.9165,0.2388177,0.34528902,0.49149472,SDSS-SDSS,SDSS,527,52342,323,593438075762272256,26,binning 1   1,DR18
7794.7095,-1.2093854,0.53373134,0.5040144,SDSS-SDSS,SDSS,527,52342,323,593438075762272256,26,binning 1   1,DR18
7796.507,-0.82693523,0.7886114,0.5010856,SDSS-SDSS,SDSS,527,52342,323,593438075762272256,26,binning 1   1,DR18
7798.3003,-0.51231086,0.5477767,0.4837477,SDSS-SDSS,SDSS,527,52342,323,593438075762272256,26,binning 1   1,DR18
7800.0986,0.44470653,0.26800627,0.48133308,SDSS-SDSS,SDSS,527,52342,323,593438075762272256,26,binning 1   1,DR18
7801.893,0.26943806,0.2230199,0.49409598,SDSS-SDSS,SDSS,527,52342,323,593438075762272256,26,binning 1   1,DR18
7803.688,0.6191139,0.21972294,0.47102058,SDSS-SDSS,SDSS,527,52342,323,593438075762272256,26,binning 1   1,DR18
7805.4873,0.6870998,0.2359803,0.48197,SDSS-SDSS,SDSS,527,52342,323,593438075762272256,26,binning 1   1,DR18
7807.283,0.555835,0.2836118,0.50313383,SDSS-SDSS,SDSS,527,52342,323,593438075762272256,26,binning 1   1,DR18
7809.0835,-0.43642586,0.4377895,0.50941384,SDSS-SDSS,SDSS,527,52342,323,593438075762272256,26,binning 1   1,DR18
7810.88,0.50790894,0.5344883,0.49516368,SDSS-SDSS,SDSS,527,52342,323,593438075762272256,26,binning 1   1,DR18
7812.681,0.14927417,0.4098922,0.47752616,SDSS-SDSS,SDSS,527,52342,323,593438075762272256,26,binning 1   1,DR18
7814.4785,0.07111284,0.28430396,0.48552036,SDSS-SDSS,SDSS,527,52342,323,593438075762272256,26,binning 1   1,DR18
7816.276,0.27021322,0.27102757,0.5076559,SDSS-SDSS,SDSS,527,52342,323,593438075762272256,26,binning 1   1,DR18
7818.0786,0.9560899,0.26103967,0.48062113,SDSS-SDSS,SDSS,527,52342,323,593438075762272256,26,binning 1   1,DR18
7819.877,0.13742784,0.31986475,0.4990449,SDSS-SDSS,SDSS,527,52342,323,593438075762272256,26,binning 1   1,DR18
7821.68,-1.2056354,0.55907565,0.53717875,SDSS-SDSS,SDSS,527,52342,323,593438075762272256,26,binning 1   1,DR18
7823.4795,-0.10847869,0.8853241,0.5590947,SDSS-SDSS,SDSS,527,52342,323,593438075762272256,26,binning 1   1,DR18
7825.2837,-0.80637294,0.8989635,0.63249004,SDSS-SDSS,SDSS,527,52342,323,593438075762272256,26,binning 1   1,DR18
7827.084,0.56957805,0.44933495,0.59101975,SDSS-SDSS,SDSS,527,52342,323,593438075762272256,26,binning 1   1,DR18
7828.8843,0.25571364,0.3307376,0.5798108,SDSS-SDSS,SDSS,527,52342,323,593438075762272256,26,binning 1   1,DR18
7830.69,0.34907487,0.27589768,0.5519188,SDSS-SDSS,SDSS,527,52342,323,593438075762272256,26,binning 1   1,DR18
7832.491,0.49733952,0.2529754,0.5182591,SDSS-SDSS,SDSS,527,52342,323,593438075762272256,26,binning 1   1,DR18
7834.2974,0.32183275,0.23613606,0.5176817,SDSS-SDSS,SDSS,527,52342,323,593438075762272256,26,binning 1   1,DR18
7836.0996,0.26827884,0.25737035,0.506048,SDSS-SDSS,SDSS,527,52342,323,593438075762272256,26,binning 1   1,DR18
7837.9067,0.82686716,0.2655993,0.49409044,SDSS-SDSS,SDSS,527,52342,323,593438075762272256,26,binning 1   1,DR18
7839.71,0.30182576,0.27354777,0.50623554,SDSS-SDSS,SDSS,527,52342,323,593438075762272256,26,binning 1   1,DR18
7841.513,-0.6014697,0.34546587,0.51346797,SDSS-SDSS,SDSS,527,52342,323,593438075762272256,26,binning 1   1,DR18
7843.3213,-0.44704157,0.5005555,0.520735,SDSS-SDSS,SDSS,527,52342,323,593438075762272256,26,binning 1   1,DR18
7845.126,0.0241721,0.43514696,0.5247795,SDSS-SDSS,SDSS,527,52342,323,593438075762272256,26,binning 1   1,DR18
7846.935,0.94366413,0.30272192,0.4884526,SDSS-SDSS,SDSS,527,52342,323,593438075762272256,26,binning 1   1,DR18
7848.74,0.39021134,0.26043198,0.5036125,SDSS-SDSS,SDSS,527,52342,323,593438075762272256,26,binning 1   1,DR18
7850.55,0.15886231,0.29842424,0.54154783,SDSS-SDSS,SDSS,527,52342,323,593438075762272256,26,binning 1   1,DR18
7852.356,0.0928505,0.44681817,0.5326052,SDSS-SDSS,SDSS,527,52342,323,593438075762272256,26,binning 1   1,DR18
7854.1665,-1.048303,0.6831934,0.508833,SDSS-SDSS,SDSS,527,52342,323,593438075762272256,26,binning 1   1,DR18
7855.9736,-0.5383002,0.7428791,0.52451223,SDSS-SDSS,SDSS,527,52342,323,593438075762272256,26,binning 1   1,DR18
7857.781,-0.2597109,0.63620764,0.5441816,SDSS-SDSS,SDSS,527,52342,323,593438075762272256,26,binning 1   1,DR18
7859.593,0.020405816,0.43012807,0.5301384,SDSS-SDSS,SDSS,527,52342,323,593438075762272256,26,binning 1   1,DR18
7861.401,1.0380898,0.41696566,0.52919734,SDSS-SDSS,SDSS,527,52342,323,593438075762272256,26,binning 1   1,DR18
7863.214,-0.1190872,0.44493666,0.5459434,SDSS-SDSS,SDSS,527,52342,323,593438075762272256,26,binning 1   1,DR18
7865.0225,0.8518277,0.40200847,0.5521099,SDSS-SDSS,SDSS,527,52342,323,593438075762272256,26,binning 1   1,DR18
7866.8364,0.5278892,0.309717,0.540454,SDSS-SDSS,SDSS,527,52342,323,593438075762272256,26,binning 1   1,DR18
7868.646,0.86754555,0.35012248,0.5417173,SDSS-SDSS,SDSS,527,52342,323,593438075762272256,26,binning 1   1,DR18
7870.456,0.049880218,0.43361256,0.5252961,SDSS-SDSS,SDSS,527,52342,323,593438075762272256,26,binning 1   1,DR18
7872.271,0.5059288,0.50602746,0.5288303,SDSS-SDSS,SDSS,527,52342,323,593438075762272256,26,binning 1   1,DR18
7874.082,-0.1863685,0.47828162,0.5389414,SDSS-SDSS,SDSS,527,52342,323,593438075762272256,26,binning 1   1,DR18
7875.898,0.8177281,0.34894547,0.54536116,SDSS-SDSS,SDSS,527,52342,323,593438075762272256,26,binning 1   1,DR18
7877.71,0.27932614,0.30352524,0.54823786,SDSS-SDSS,SDSS,527,52342,323,593438075762272256,26,binning 1   1,DR18
7879.5264,0.38239345,0.41620559,0.54561865,SDSS-SDSS,SDSS,527,52342,323,593438075762272256,26,binning 1   1,DR18
7881.339,-0.17544182,0.5105795,0.5463231,SDSS-SDSS,SDSS,527,52342,323,593438075762272256,26,binning 1   1,DR18
7883.152,0.33776963,0.53949225,0.53181773,SDSS-SDSS,SDSS,527,52342,323,593438075762272256,26,binning 1   1,DR18
7884.9697,0.3644472,0.42567044,0.54524225,SDSS-SDSS,SDSS,527,52342,323,593438075762272256,26,binning 1   1,DR18
7886.7837,0.9372406,0.33205342,0.53792286,SDSS-SDSS,SDSS,527,52342,323,593438075762272256,26,binning 1   1,DR18
7888.6025,0.61156964,0.33834296,0.5067308,SDSS-SDSS,SDSS,527,52342,323,593438075762272256,26,binning 1   1,DR18
7890.4175,-0.9255189,0.451806,0.5671005,SDSS-SDSS,SDSS,527,52342,323,593438075762272256,26,binning 1   1,DR18
7892.237,-1.0374348,0.62650627,0.53808236,SDSS-SDSS,SDSS,527,52342,323,593438075762272256,26,binning 1   1,DR18
7894.0522,0.13497253,0.5629836,0.54095674,SDSS-SDSS,SDSS,527,52342,323,593438075762272256,26,binning 1   1,DR18
7895.8687,0.8035186,0.33827287,0.56685996,SDSS-SDSS,SDSS,527,52342,323,593438075762272256,26,binning 1   1,DR18
7897.689,0.73664725,0.29231468,0.56297284,SDSS-SDSS,SDSS,527,52342,323,593438075762272256,26,binning 1   1,DR18
7899.506,0.39958683,0.28550917,0.5368745,SDSS-SDSS,SDSS,527,52342,323,593438075762272256,26,binning 1   1,DR18
7901.3276,0.8157174,0.2705944,0.5517751,SDSS-SDSS,SDSS,527,52342,323,593438075762272256,26,binning 1   1,DR18
7903.1455,0.4884887,0.253274,0.5294357,SDSS-SDSS,SDSS,527,52342,323,593438075762272256,26,binning 1   1,DR18
7904.968,0.46753728,0.2535595,0.5477542,SDSS-SDSS,SDSS,527,52342,323,593438075762272256,26,binning 1   1,DR18
7906.786,0.41345352,0.2731021,0.57113004,SDSS-SDSS,SDSS,527,52342,323,593438075762272256,26,binning 1   1,DR18
7908.6055,0.45851275,0.28225943,0.5720868,SDSS-SDSS,SDSS,527,52342,323,593438075762272256,26,binning 1   1,DR18
7910.429,0.6915966,0.28234178,0.5688086,SDSS-SDSS,SDSS,527,52342,323,593438075762272256,26,binning 1   1,DR18
7912.2485,-0.3360755,0.35668007,0.57898414,SDSS-SDSS,SDSS,527,52342,323,593438075762272256,26,binning 1   1,DR18
7914.073,-1.9388188,0.5439187,0.54224575,SDSS-SDSS,SDSS,527,52342,323,593438075762272256,26,binning 1   1,DR18
7915.894,0.8087879,0.8376548,0.5339869,SDSS-SDSS,SDSS,527,52342,323,593438075762272256,26,binning 1   1,DR18
7917.719,0.056880146,0.72868633,0.5279029,SDSS-SDSS,SDSS,527,52342,323,593438075762272256,26,binning 1   1,DR18
7919.5405,0.3725026,0.39957413,0.5291271,SDSS-SDSS,SDSS,527,52342,323,593438075762272256,26,binning 1   1,DR18
7921.363,-0.3344258,0.4605631,0.5563265,SDSS-SDSS,SDSS,527,52342,323,593438075762272256,26,binning 1   1,DR18
7923.1895,1.6878572,0.9223863,0.5848794,SDSS-SDSS,SDSS,527,52342,323,593438075762272256,26,binning 1   1,DR18
7925.012,-0.5497641,0.78653145,0.62672895,SDSS-SDSS,SDSS,527,52342,323,593438075762272256,26,binning 1   1,DR18
7926.8394,0.9143126,0.3435805,0.6640959,SDSS-SDSS,SDSS,527,52342,323,593438075762272256,26,binning 1   1,DR18
7928.663,0.20909671,0.32253787,0.63987106,SDSS-SDSS,SDSS,527,52342,323,593438075762272256,26,binning 1   1,DR18
7930.491,-0.35446122,0.38363218,0.5788002,SDSS-SDSS,SDSS,527,52342,323,593438075762272256,26,binning 1   1,DR18
7932.316,-0.4294293,0.47728246,0.5468587,SDSS-SDSS,SDSS,527,52342,323,593438075762272256,26,binning 1   1,DR18
7934.1406,-0.78271556,0.48262447,0.5554925,SDSS-SDSS,SDSS,527,52342,323,593438075762272256,26,binning 1   1,DR18
7935.97,0.25849482,0.37368873,0.5510172,SDSS-SDSS,SDSS,527,52342,323,593438075762272256,26,binning 1   1,DR18
7937.796,0.59098,0.27839032,0.5307386,SDSS-SDSS,SDSS,527,52342,323,593438075762272256,26,binning 1   1,DR18
7939.6265,0.49717623,0.2651592,0.5472654,SDSS-SDSS,SDSS,527,52342,323,593438075762272256,26,binning 1   1,DR18
7941.4526,0.7448242,0.27548596,0.5662375,SDSS-SDSS,SDSS,527,52342,323,593438075762272256,26,binning 1   1,DR18
7943.284,0.2215183,0.28831333,0.5574539,SDSS-SDSS,SDSS,527,52342,323,593438075762272256,26,binning 1   1,DR18
7945.1113,0.72186345,0.28660896,0.5788251,SDSS-SDSS,SDSS,527,52342,323,593438075762272256,26,binning 1   1,DR18
7946.939,1.0580958,0.31425586,0.56557924,SDSS-SDSS,SDSS,527,52342,323,593438075762272256,26,binning 1   1,DR18
7948.772,-0.7764658,0.3796954,0.58657813,SDSS-SDSS,SDSS,527,52342,323,593438075762272256,26,binning 1   1,DR18
7950.6006,0.986138,0.4359229,0.6094174,SDSS-SDSS,SDSS,527,52342,323,593438075762272256,26,binning 1   1,DR18
7952.4336,-0.26272556,0.51559716,0.6419644,SDSS-SDSS,SDSS,527,52342,323,593438075762272256,26,binning 1   1,DR18
7954.263,0.03075235,0.38294348,0.6889496,SDSS-SDSS,SDSS,527,52342,323,593438075762272256,26,binning 1   1,DR18
7956.0977,1.4627327,0.27458593,0.6812607,SDSS-SDSS,SDSS,527,52342,323,593438075762272256,26,binning 1   1,DR18
7957.9277,0.23438853,0.2613695,0.6273422,SDSS-SDSS,SDSS,527,52342,323,593438075762272256,26,binning 1   1,DR18
7959.7583,0.9676014,0.2596979,0.5787511,SDSS-SDSS,SDSS,527,52342,323,593438075762272256,26,binning 1   1,DR18
7961.5938,0.7987304,0.2943395,0.5626421,SDSS-SDSS,SDSS,527,52342,323,593438075762272256,26,binning 1   1,DR18
7963.4253,0.16976549,0.48755273,0.56149703,SDSS-SDSS,SDSS,527,52342,323,593438075762272256,26,binning 1   1,DR18
7965.2617,-1.4593732,0.7704061,0.560952,SDSS-SDSS,SDSS,527,52342,323,593438075762272256,26,binning 1   1,DR18
7967.094,0.34589323,0.67763406,0.5799233,SDSS-SDSS,SDSS,527,52342,323,593438075762272256,26,binning 1   1,DR18
7968.9316,0.22836216,0.6016249,0.58822834,SDSS-SDSS,SDSS,527,52342,323,593438075762272256,26,binning 1   1,DR18
7970.7646,1.3211508,0.403031,0.5717706,SDSS-SDSS,SDSS,527,52342,323,593438075762272256,26,binning 1   1,DR18
7972.598,0.14983231,0.30623785,0.55448806,SDSS-SDSS,SDSS,527,52342,323,593438075762272256,26,binning 1   1,DR18
7974.437,0.4828141,0.28766766,0.5436471,SDSS-SDSS,SDSS,527,52342,323,593438075762272256,26,binning 1   1,DR18
7976.2715,0.13421746,0.29644966,0.5462454,SDSS-SDSS,SDSS,527,52342,323,593438075762272256,26,binning 1   1,DR18
7978.111,1.1546348,0.3409936,0.57060105,SDSS-SDSS,SDSS,527,52342,323,593438075762272256,26,binning 1   1,DR18
7979.946,-1.0344999,0.46830693,0.53648674,SDSS-SDSS,SDSS,527,52342,323,593438075762272256,26,binning 1   1,DR18
7981.786,0.47734764,0.5687533,0.5690034,SDSS-SDSS,SDSS,527,52342,323,593438075762272256,26,binning 1   1,DR18
7983.6226,0.6771317,0.44669595,0.5867533,SDSS-SDSS,SDSS,527,52342,323,593438075762272256,26,binning 1   1,DR18
7985.459,0.84024745,0.31891617,0.56935334,SDSS-SDSS,SDSS,527,52342,323,593438075762272256,26,binning 1   1,DR18
7987.3003,0.584865,0.27623254,0.5614105,SDSS-SDSS,SDSS,527,52342,323,593438075762272256,26,binning 1   1,DR18
7989.1377,0.34279975,0.27177835,0.56621844,SDSS-SDSS,SDSS,527,52342,323,593438075762272256,26,binning 1   1,DR18
7990.98,0.68561685,0.30038342,0.5724094,SDSS-SDSS,SDSS,527,52342,323,593438075762272256,26,binning 1   1,DR18
7992.8184,-0.34104577,0.4454802,0.55980706,SDSS-SDSS,SDSS,527,52342,323,593438075762272256,26,binning 1   1,DR18
7994.6616,-1.014717,0.6932142,0.5567826,SDSS-SDSS,SDSS,527,52342,323,593438075762272256,26,binning 1   1,DR18
7996.5005,-1.9673707,0.7493384,0.551943,SDSS-SDSS,SDSS,527,52342,323,593438075762272256,26,binning 1   1,DR18
7998.3447,-0.5277876,0.5326773,0.5446375,SDSS-SDSS,SDSS,527,52342,323,593438075762272256,26,binning 1   1,DR18
8000.1846,0.42110312,0.31031504,0.57829815,SDSS-SDSS,SDSS,527,52342,323,593438075762272256,26,binning 1   1,DR18
8002.025,0.45625117,0.30702132,0.5665066,SDSS-SDSS,SDSS,527,52342,323,593438075762272256,26,binning 1   1,DR18
8003.8706,1.3290375,0.48279774,0.5420109,SDSS-SDSS,SDSS,527,52342,323,593438075762272256,26,binning 1   1,DR18
8005.7114,0.43730053,0.37029773,0.56224173,SDSS-SDSS,SDSS,527,52342,323,593438075762272256,26,binning 1   1,DR18
8007.5576,1.0661737,0.2947917,0.5804311,SDSS-SDSS,SDSS,527,52342,323,593438075762272256,26,binning 1   1,DR18
8009.4,-0.24692929,0.25286627,0.5580827,SDSS-SDSS,SDSS,527,52342,323,593438075762272256,26,binning 1   1,DR18
8011.247,1.4465895,0.27043223,0.5611981,SDSS-SDSS,SDSS,527,52342,323,593438075762272256,26,binning 1   1,DR18
8013.09,0.4694388,0.32640797,0.53988045,SDSS-SDSS,SDSS,527,52342,323,593438075762272256,26,binning 1   1,DR18
8014.933,1.0604299,0.47650334,0.57135755,SDSS-SDSS,SDSS,527,52342,323,593438075762272256,26,binning 1   1,DR18
8016.7812,0.029923605,0.47902668,0.5848917,SDSS-SDSS,SDSS,527,52342,323,593438075762272256,26,binning 1   1,DR18
8018.6255,0.79497623,0.3807223,0.5619392,SDSS-SDSS,SDSS,527,52342,323,593438075762272256,26,binning 1   1,DR18
8020.4746,1.4071338,0.33252016,0.5396119,SDSS-SDSS,SDSS,527,52342,323,593438075762272256,26,binning 1   1,DR18
8022.32,1.354175,0.33446166,0.5348555,SDSS-SDSS,SDSS,527,52342,323,593438075762272256,26,binning 1   1,DR18
8024.17,-0.027460258,0.34185937,0.5577701,SDSS-SDSS,SDSS,527,52342,323,593438075762272256,26,binning 1   1,DR18
8026.0156,-0.35401335,0.44855666,0.5418885,SDSS-SDSS,SDSS,527,52342,323,593438075762272256,26,binning 1   1,DR18
8027.8623,0.8520138,0.6924805,0.5413498,SDSS-SDSS,SDSS,527,52342,323,593438075762272256,26,binning 1   1,DR18
8029.7134,0.70511705,0.6577412,0.5495327,SDSS-SDSS,SDSS,527,52342,323,593438075762272256,26,binning 1   1,DR18
8031.5605,0.8728001,0.4428084,0.5313487,SDSS-SDSS,SDSS,527,52342,323,593438075762272256,26,binning 1   1,DR18
8033.4126,0.8617972,0.35563728,0.517432,SDSS-SDSS,SDSS,527,52342,323,593438075762272256,26,binning 1   1,DR18
8035.2607,-0.16051188,0.3098783,0.52960795,SDSS-SDSS,SDSS,527,52342,323,593438075762272256,26,binning 1   1,DR18
8037.114,0.5322631,0.33291236,0.5351931,SDSS-SDSS,SDSS,527,52342,323,593438075762272256,26,binning 1   1,DR18
8038.9624,0.8852301,0.28081408,0.534155,SDSS-SDSS,SDSS,527,52342,323,593438075762272256,26,binning 1   1,DR18
8040.812,0.65868187,0.2500866,0.54243124,SDSS-SDSS,SDSS,527,52342,323,593438075762272256,26,binning 1   1,DR18
8042.666,1.0051721,0.26003525,0.56304055,SDSS-SDSS,SDSS,527,52342,323,593438075762272256,26,binning 1   1,DR18
8044.516,0.9923472,0.2667898,0.5715083,SDSS-SDSS,SDSS,527,52342,323,593438075762272256,26,binning 1   1,DR18
8046.371,0.7011363,0.2598611,0.5518018,SDSS-SDSS,SDSS,527,52342,323,593438075762272256,26,binning 1   1,DR18
8048.222,0.88670945,0.2520116,0.5585584,SDSS-SDSS,SDSS,527,52342,323,593438075762272256,26,binning 1   1,DR18
8050.078,1.1910369,0.26514035,0.5498309,SDSS-SDSS,SDSS,527,52342,323,593438075762272256,26,binning 1   1,DR18
8051.93,0.64849234,0.31230062,0.5402342,SDSS-SDSS,SDSS,527,52342,323,593438075762272256,26,binning 1   1,DR18
8053.7827,0.21709661,0.388383,0.552188,SDSS-SDSS,SDSS,527,52342,323,593438075762272256,26,binning 1   1,DR18
8055.6396,0.78099704,0.35624292,0.5400178,SDSS-SDSS,SDSS,527,52342,323,593438075762272256,26,binning 1   1,DR18
8057.4927,1.1394223,0.30441827,0.5355317,SDSS-SDSS,SDSS,527,52342,323,593438075762272256,26,binning 1   1,DR18
8059.351,-0.12578596,0.27925673,0.56512153,SDSS-SDSS,SDSS,527,52342,323,593438075762272256,26,binning 1   1,DR18
8061.205,1.3626903,0.30878866,0.564234,SDSS-SDSS,SDSS,527,52342,323,593438075762272256,26,binning 1   1,DR18
8063.064,-0.22060023,0.5514755,0.5568781,SDSS-SDSS,SDSS,527,52342,323,593438075762272256,26,binning 1   1,DR18
8064.919,-0.38099164,0.5278208,0.57939005,SDSS-SDSS,SDSS,527,52342,323,593438075762272256,26,binning 1   1,DR18
8066.774,1.4997703,0.3978146,0.5737594,SDSS-SDSS,SDSS,527,52342,323,593438075762272256,26,binning 1   1,DR18
8068.6343,0.30396467,0.31597957,0.5556106,SDSS-SDSS,SDSS,527,52342,323,593438075762272256,26,binning 1   1,DR18
8070.49,0.5187228,0.30278015,0.5646036,SDSS-SDSS,SDSS,527,52342,323,593438075762272256,26,binning 1   1,DR18
8072.3516,0.981166,0.27962443,0.57005835,SDSS-SDSS,SDSS,527,52342,323,593438075762272256,26,binning 1   1,DR18
8074.2085,0.8068405,0.24975419,0.5734106,SDSS-SDSS,SDSS,527,52342,323,593438075762272256,26,binning 1   1,DR18
8076.0703,0.07722911,0.27708527,0.5755252,SDSS-SDSS,SDSS,527,52342,323,593438075762272256,26,binning 1   1,DR18
8077.928,0.2788843,0.29631996,0.5418532,SDSS-SDSS,SDSS,527,52342,323,593438075762272256,26,binning 1   1,DR18
8079.7866,1.1301746,0.2710933,0.53854305,SDSS-SDSS,SDSS,527,52342,323,593438075762272256,26,binning 1   1,DR18
8081.65,0.73882174,0.25987697,0.569583,SDSS-SDSS,SDSS,527,52342,323,593438075762272256,26,binning 1   1,DR18
8083.509,1.1153823,0.28148228,0.578702,SDSS-SDSS,SDSS,527,52342,323,593438075762272256,26,binning 1   1,DR18
8085.373,0.6927285,0.36181393,0.55313885,SDSS-SDSS,SDSS,527,52342,323,593438075762272256,26,binning 1   1,DR18
8087.233,0.38625684,0.38403866,0.53386265,SDSS-SDSS,SDSS,527,52342,323,593438075762272256,26,binning 1   1,DR18
8089.098,0.7834639,0.3524235,0.5588245,SDSS-SDSS,SDSS,527,52342,323,593438075762272256,26,binning 1   1,DR18
8090.959,0.79033333,0.45166978,0.5681663,SDSS-SDSS,SDSS,527,52342,323,593438075762272256,26,binning 1   1,DR18
8092.8203,1.7111235,0.46523073,0.58860767,SDSS-SDSS,SDSS,527,52342,323,593438075762272256,26,binning 1   1,DR18
8094.6865,0.5047883,0.28960016,0.5915067,SDSS-SDSS,SDSS,527,52342,323,593438075762272256,26,binning 1   1,DR18
8096.5483,0.97148156,0.32314366,0.58759135,SDSS-SDSS,SDSS,527,52342,323,593438075762272256,26,binning 1   1,DR18
8098.4155,0.59762675,0.29807636,0.5921814,SDSS-SDSS,SDSS,527,52342,323,593438075762272256,26,binning 1   1,DR18
8100.279,0.92063344,0.27401114,0.5730887,SDSS-SDSS,SDSS,527,52342,323,593438075762272256,26,binning 1   1,DR18
8102.1465,1.2974727,0.3027084,0.5530259,SDSS-SDSS,SDSS,527,52342,323,593438075762272256,26,binning 1   1,DR18
8104.0103,0.49424088,0.36700174,0.5665427,SDSS-SDSS,SDSS,527,52342,323,593438075762272256,26,binning 1   1,DR18
8105.8745,0.3839366,0.39588946,0.5711897,SDSS-SDSS,SDSS,527,52342,323,593438075762272256,26,binning 1   1,DR18
8107.744,0.59664166,0.3946061,0.5619493,SDSS-SDSS,SDSS,527,52342,323,593438075762272256,26,binning 1   1,DR18
8109.609,0.44583935,0.3213544,0.5588591,SDSS-SDSS,SDSS,527,52342,323,593438075762272256,26,binning 1   1,DR18
8111.479,0.9915373,0.25581825,0.5587878,SDSS-SDSS,SDSS,527,52342,323,593438075762272256,26,binning 1   1,DR18
8113.345,0.7076858,0.25919706,0.57035613,SDSS-SDSS,SDSS,527,52342,323,593438075762272256,26,binning 1   1,DR18
8115.2163,0.6195266,0.25274572,0.5640721,SDSS-SDSS,SDSS,527,52342,323,593438075762272256,26,binning 1   1,DR18
8117.083,0.49311006,0.26971346,0.57809633,SDSS-SDSS,SDSS,527,52342,323,593438075762272256,26,binning 1   1,DR18
8118.95,0.51837605,0.27197707,0.5905763,SDSS-SDSS,SDSS,527,52342,323,593438075762272256,26,binning 1   1,DR18
8120.8228,1.0881971,0.27550095,0.57869524,SDSS-SDSS,SDSS,527,52342,323,593438075762272256,26,binning 1   1,DR18
8122.691,0.23704202,0.24981587,0.58746445,SDSS-SDSS,SDSS,527,52342,323,593438075762272256,26,binning 1   1,DR18
8124.564,0.6998315,0.2597729,0.573046,SDSS-SDSS,SDSS,527,52342,323,593438075762272256,26,binning 1   1,DR18
8126.4326,0.9551013,0.2650668,0.5807947,SDSS-SDSS,SDSS,527,52342,323,593438075762272256,26,binning 1   1,DR18
8128.3066,-0.15212242,0.28001463,0.58239037,SDSS-SDSS,SDSS,527,52342,323,593438075762272256,26,binning 1   1,DR18
8130.177,0.38562566,0.28284842,0.5760444,SDSS-SDSS,SDSS,527,52342,323,593438075762272256,26,binning 1   1,DR18
8132.0513,0.9206474,0.2582886,0.5841333,SDSS-SDSS,SDSS,527,52342,323,593438075762272256,26,binning 1   1,DR18
8133.9224,0.7558041,0.32007262,0.60191476,SDSS-SDSS,SDSS,527,52342,323,593438075762272256,26,binning 1   1,DR18
8135.7935,0.9834751,0.31805593,0.59881645,SDSS-SDSS,SDSS,527,52342,323,593438075762272256,26,binning 1   1,DR18
8137.6694,1.4940345,0.2784925,0.5971748,SDSS-SDSS,SDSS,527,52342,323,593438075762272256,26,binning 1   1,DR18
8139.5415,0.9401481,0.28610167,0.58708227,SDSS-SDSS,SDSS,527,52342,323,593438075762272256,26,binning 1   1,DR18
8141.4185,1.3224376,0.31176764,0.57886624,SDSS-SDSS,SDSS,527,52342,323,593438075762272256,26,binning 1   1,DR18
8143.2915,0.73518014,0.31672332,0.5788574,SDSS-SDSS,SDSS,527,52342,323,593438075762272256,26,binning 1   1,DR18
8145.1694,1.1534129,0.3143863,0.56582355,SDSS-SDSS,SDSS,527,52342,323,593438075762272256,26,binning 1   1,DR18
8147.043,0.92673486,0.335626,0.5744459,SDSS-SDSS,SDSS,527,52342,323,593438075762272256,26,binning 1   1,DR18
8148.9175,1.7247423,0.38301635,0.5660957,SDSS-SDSS,SDSS,527,52342,323,593438075762272256,26,binning 1   1,DR18
8150.7964,0.9499396,0.37155315,0.56435025,SDSS-SDSS,SDSS,527,52342,323,593438075762272256,26,binning 1   1,DR18
8152.6714,1.1559069,0.3237248,0.5777517,SDSS-SDSS,SDSS,527,52342,323,593438075762272256,26,binning 1   1,DR18
8154.5513,1.4797729,0.30332005,0.59311634,SDSS-SDSS,SDSS,527,52342,323,593438075762272256,26,binning 1   1,DR18
8156.4272,0.6211977,0.34714818,0.603843,SDSS-SDSS,SDSS,527,52342,323,593438075762272256,26,binning 1   1,DR18
8158.308,-0.18657468,0.30900946,0.60966927,SDSS-SDSS,SDSS,527,52342,323,593438075762272256,26,binning 1   1,DR18
8160.185,1.3237041,0.27199855,0.6100141,SDSS-SDSS,SDSS,527,52342,323,593438075762272256,26,binning 1   1,DR18
8162.0625,0.86964124,0.26091486,0.6111099,SDSS-SDSS,SDSS,527,52342,323,593438075762272256,26,binning 1   1,DR18
8163.9443,1.0593171,0.26279914,0.5925751,SDSS-SDSS,SDSS,527,52342,323,593438075762272256,26,binning 1   1,DR18
8165.8228,1.3590369,0.2679355,0.5570016,SDSS-SDSS,SDSS,527,52342,323,593438075762272256,26,binning 1   1,DR18
8167.7056,1.1033258,0.26162067,0.5600221,SDSS-SDSS,SDSS,527,52342,323,593438075762272256,26,binning 1   1,DR18
8169.5845,0.757491,0.25387403,0.5758922,SDSS-SDSS,SDSS,527,52342,323,593438075762272256,26,binning 1   1,DR18
8171.4683,1.3549644,0.28889126,0.5723422,SDSS-SDSS,SDSS,527,52342,323,593438075762272256,26,binning 1   1,DR18
8173.348,0.6747491,0.30726618,0.5894513,SDSS-SDSS,SDSS,527,52342,323,593438075762272256,26,binning 1   1,DR18
8175.2285,0.80917317,0.30489984,0.61248326,SDSS-SDSS,SDSS,527,52342,323,593438075762272256,26,binning 1   1,DR18
8177.114,1.097948,0.2766769,0.6094768,SDSS-SDSS,SDSS,527,52342,323,593438075762272256,26,binning 1   1,DR18
8178.995,0.76290214,0.2668211,0.600882,SDSS-SDSS,SDSS,527,52342,323,593438075762272256,26,binning 1   1,DR18
8180.881,0.57714075,0.28845224,0.5812979,SDSS-SDSS,SDSS,527,52342,323,593438075762272256,26,binning 1   1,DR18
8182.763,1.3211553,0.31037912,0.57228786,SDSS-SDSS,SDSS,527,52342,323,593438075762272256,26,binning 1   1,DR18
8184.65,0.8323732,0.2999036,0.5758322,SDSS-SDSS,SDSS,527,52342,323,593438075762272256,26,binning 1   1,DR18
8186.5327,1.1628386,0.30784756,0.5778114,SDSS-SDSS,SDSS,527,52342,323,593438075762272256,26,binning 1   1,DR18
8188.416,0.90949655,0.31761664,0.58152765,SDSS-SDSS,SDSS,527,52342,323,593438075762272256,26,binning 1   1,DR18
8190.304,0.43104678,0.33902538,0.6064632,SDSS-SDSS,SDSS,527,52342,323,593438075762272256,26,binning 1   1,DR18
8192.188,0.34341148,0.33618507,0.5891128,SDSS-SDSS,SDSS,527,52342,323,593438075762272256,26,binning 1   1,DR18
8194.077,0.77633506,0.33093703,0.58307016,SDSS-SDSS,SDSS,527,52342,323,593438075762272256,26,binning 1   1,DR18
8195.963,0.60935396,0.36594117,0.5719747,SDSS-SDSS,SDSS,527,52342,323,593438075762272256,26,binning 1   1,DR18
8197.853,0.28800347,0.35971627,0.5652683,SDSS-SDSS,SDSS,527,52342,323,593438075762272256,26,binning 1   1,DR18
8199.738,0.9174926,0.32557863,0.5814259,SDSS-SDSS,SDSS,527,52342,323,593438075762272256,26,binning 1   1,DR18
8201.625,0.79737383,0.36933127,0.5913036,SDSS-SDSS,SDSS,527,52342,323,593438075762272256,26,binning 1   1,DR18
8203.516,0.5916796,0.32626972,0.5669928,SDSS-SDSS,SDSS,527,52342,323,593438075762272256,26,binning 1   1,DR18
8205.403,0.8420707,0.28261307,0.57078063,SDSS-SDSS,SDSS,527,52342,323,593438075762272256,26,binning 1   1,DR18
8207.296,0.5040157,0.2917077,0.56857497,SDSS-SDSS,SDSS,527,52342,323,593438075762272256,26,binning 1   1,DR18
8209.184,1.2704625,0.32672966,0.5581636,SDSS-SDSS,SDSS,527,52342,323,593438075762272256,26,binning 1   1,DR18
8211.076,0.822532,0.34433797,0.5681719,SDSS-SDSS,SDSS,527,52342,323,593438075762272256,26,binning 1   1,DR18
8212.966,-0.068167254,0.30232936,0.59309405,SDSS-SDSS,SDSS,527,52342,323,593438075762272256,26,binning 1   1,DR18
8214.8545,0.91227615,0.2678049,0.58697414,SDSS-SDSS,SDSS,527,52342,323,593438075762272256,26,binning 1   1,DR18
8216.749,0.5719817,0.2690038,0.56871635,SDSS-SDSS,SDSS,527,52342,323,593438075762272256,26,binning 1   1,DR18
8218.64,1.3615962,0.2894124,0.59581524,SDSS-SDSS,SDSS,527,52342,323,593438075762272256,26,binning 1   1,DR18
8220.534,0.72045815,0.2795814,0.60943466,SDSS-SDSS,SDSS,527,52342,323,593438075762272256,26,binning 1   1,DR18
8222.426,0.7883429,0.2704707,0.568454,SDSS-SDSS,SDSS,527,52342,323,593438075762272256,26,binning 1   1,DR18
8224.322,1.2437803,0.2807571,0.57351655,SDSS-SDSS,SDSS,527,52342,323,593438075762272256,26,binning 1   1,DR18
8226.214,1.1322317,0.2824078,0.5852372,SDSS-SDSS,SDSS,527,52342,323,593438075762272256,26,binning 1   1,DR18
8228.106,0.76731575,0.28533372,0.60337895,SDSS-SDSS,SDSS,527,52342,323,593438075762272256,26,binning 1   1,DR18
8230.004,1.2478327,0.29198045,0.6331795,SDSS-SDSS,SDSS,527,52342,323,593438075762272256,26,binning 1   1,DR18
8231.896,1.367048,0.30664623,0.6262003,SDSS-SDSS,SDSS,527,52342,323,593438075762272256,26,binning 1   1,DR18
8233.795,0.89237934,0.3054231,0.5831733,SDSS-SDSS,SDSS,527,52342,323,593438075762272256,26,binning 1   1,DR18
8235.689,1.2966709,0.3004515,0.6035301,SDSS-SDSS,SDSS,527,52342,323,593438075762272256,26,binning 1   1,DR18
8237.589,0.40004787,0.295613,0.6026938,SDSS-SDSS,SDSS,527,52342,323,593438075762272256,26,binning 1   1,DR18
8239.483,2.7558045,0.5040493,0.5948129,SDSS-SDSS,SDSS,527,52342,323,593438075762272256,26,binning 1   1,DR18
8241.379,0.6979014,0.27782035,0.60398626,SDSS-SDSS,SDSS,527,52342,323,593438075762272256,26,binning 1   1,DR18
8243.279,1.2200074,0.3216756,0.5984321,SDSS-SDSS,SDSS,527,52342,323,593438075762272256,26,binning 1   1,DR18
8245.176,0.4384164,0.32997918,0.5688284,SDSS-SDSS,SDSS,527,52342,323,593438075762272256,26,binning 1   1,DR18
8247.077,0.8130437,0.3316899,0.58247465,SDSS-SDSS,SDSS,527,52342,323,593438075762272256,26,binning 1   1,DR18
8248.975,1.1181699,0.32933998,0.60156524,SDSS-SDSS,SDSS,527,52342,323,593438075762272256,26,binning 1   1,DR18
8250.877,1.1166427,0.31489307,0.5917093,SDSS-SDSS,SDSS,527,52342,323,593438075762272256,26,binning 1   1,DR18
8252.774,1.2246919,0.29956993,0.58715934,SDSS-SDSS,SDSS,527,52342,323,593438075762272256,26,binning 1   1,DR18
8254.673,0.86539805,0.2878564,0.5919509,SDSS-SDSS,SDSS,527,52342,323,593438075762272256,26,binning 1   1,DR18
8256.577,0.51499367,0.29620436,0.5856829,SDSS-SDSS,SDSS,527,52342,323,593438075762272256,26,binning 1   1,DR18
8258.477,1.0892493,0.304541,0.5718649,SDSS-SDSS,SDSS,527,52342,323,593438075762272256,26,binning 1   1,DR18
8260.381,1.7256699,0.30261305,0.5766807,SDSS-SDSS,SDSS,527,52342,323,593438075762272256,26,binning 1   1,DR18
8262.281,0.6276967,0.27527994,0.5870729,SDSS-SDSS,SDSS,527,52342,323,593438075762272256,26,binning 1   1,DR18
8264.187,1.0452412,0.27347156,0.5663605,SDSS-SDSS,SDSS,527,52342,323,593438075762272256,26,binning 1   1,DR18
8266.087,0.85243785,0.2738422,0.5422749,SDSS-SDSS,SDSS,527,52342,323,593438075762272256,26,binning 1   1,DR18
8267.989,0.69754374,0.28243244,0.55824584,SDSS-SDSS,SDSS,527,52342,323,593438075762272256,26,binning 1   1,DR18
8269.8955,1.0108498,0.30446297,0.5911189,SDSS-SDSS,SDSS,527,52342,323,593438075762272256,26,binning 1   1,DR18
8271.798,1.154637,0.34157783,0.5867563,SDSS-SDSS,SDSS,527,52342,323,593438075762272256,26,binning 1   1,DR18
8273.705,0.92932224,0.329053,0.5963402,SDSS-SDSS,SDSS,527,52342,323,593438075762272256,26,binning 1   1,DR18
8275.608,1.0110451,0.31214935,0.59877145,SDSS-SDSS,SDSS,527,52342,323,593438075762272256,26,binning 1   1,DR18
8277.517,1.1748286,0.35702607,0.59032977,SDSS-SDSS,SDSS,527,52342,323,593438075762272256,26,binning 1   1,DR18
8279.421,0.33579692,0.4901637,0.58026123,SDSS-SDSS,SDSS,527,52342,323,593438075762272256,26,binning 1   1,DR18
8281.33,-1.6838522,0.57471746,0.5671842,SDSS-SDSS,SDSS,527,52342,323,593438075762272256,26,binning 1   1,DR18
8283.235,0.4709148,0.6479513,0.6007666,SDSS-SDSS,SDSS,527,52342,323,593438075762272256,26,binning 1   1,DR18
8285.142,-0.78218466,0.7218035,0.57667243,SDSS-SDSS,SDSS,527,52342,323,593438075762272256,26,binning 1   1,DR18
8287.052,-0.2980557,0.65030384,0.5727392,SDSS-SDSS,SDSS,527,52342,323,593438075762272256,26,binning 1   1,DR18
8288.958,-1.857683,0.61243266,0.600825,SDSS-SDSS,SDSS,527,52342,323,593438075762272256,26,binning 1   1,DR18
8290.869,0.34977314,0.7659652,0.6047119,SDSS-SDSS,SDSS,527,52342,323,593438075762272256,26,binning 1   1,DR18
8292.777,0.48220643,0.68624604,0.5807993,SDSS-SDSS,SDSS,527,52342,323,593438075762272256,26,binning 1   1,DR18
8294.689,0.60772204,0.41355047,0.59855115,SDSS-SDSS,SDSS,527,52342,323,593438075762272256,26,binning 1   1,DR18
8296.598,1.232981,0.4050345,0.603013,SDSS-SDSS,SDSS,527,52342,323,593438075762272256,26,binning 1   1,DR18
8298.506,0.056413136,0.52843976,0.5940996,SDSS-SDSS,SDSS,527,52342,323,593438075762272256,26,binning 1   1,DR18
8300.42,0.6593224,0.71662885,0.59187347,SDSS-SDSS,SDSS,527,52342,323,593438075762272256,26,binning 1   1,DR18
8302.329,-0.21519572,0.75847334,0.6028977,SDSS-SDSS,SDSS,527,52342,323,593438075762272256,26,binning 1   1,DR18
8304.243,0.33720937,0.5059055,0.610834,SDSS-SDSS,SDSS,527,52342,323,593438075762272256,26,binning 1   1,DR18
8306.154,-0.4223399,0.3920271,0.6024535,SDSS-SDSS,SDSS,527,52342,323,593438075762272256,26,binning 1   1,DR18
8308.069,0.3088642,0.3736397,0.61038136,SDSS-SDSS,SDSS,527,52342,323,593438075762272256,26,binning 1   1,DR18
8309.98,0.9124751,0.3836703,0.61721927,SDSS-SDSS,SDSS,527,52342,323,593438075762272256,26,binning 1   1,DR18
8311.893,0.6695296,0.47211638,0.62105,SDSS-SDSS,SDSS,527,52342,323,593438075762272256,26,binning 1   1,DR18
8313.809,0.7404561,0.46572113,0.61578846,SDSS-SDSS,SDSS,527,52342,323,593438075762272256,26,binning 1   1,DR18
8315.722,0.85741305,0.35854802,0.58383834,SDSS-SDSS,SDSS,527,52342,323,593438075762272256,26,binning 1   1,DR18
8317.64,0.19460343,0.3021158,0.6170278,SDSS-SDSS,SDSS,527,52342,323,593438075762272256,26,binning 1   1,DR18
8319.553,0.42913193,0.32936525,0.62581635,SDSS-SDSS,SDSS,527,52342,323,593438075762272256,26,binning 1   1,DR18
8321.471,1.4236685,0.35244855,0.6200778,SDSS-SDSS,SDSS,527,52342,323,593438075762272256,26,binning 1   1,DR18
8323.386,1.2587963,0.3250175,0.6309824,SDSS-SDSS,SDSS,527,52342,323,593438075762272256,26,binning 1   1,DR18
8325.3,0.7669694,0.29261136,0.6382653,SDSS-SDSS,SDSS,527,52342,323,593438075762272256,26,binning 1   1,DR18
8327.22,0.34639007,0.28887337,0.59643507,SDSS-SDSS,SDSS,527,52342,323,593438075762272256,26,binning 1   1,DR18
8329.136,0.6582869,0.2885025,0.6174517,SDSS-SDSS,SDSS,527,52342,323,593438075762272256,26,binning 1   1,DR18
8331.057,1.1567581,0.28453875,0.62446135,SDSS-SDSS,SDSS,527,52342,323,593438075762272256,26,binning 1   1,DR18
8332.973,1.4357424,0.28461817,0.61922276,SDSS-SDSS,SDSS,527,52342,323,593438075762272256,26,binning 1   1,DR18
8334.895,1.1874307,0.29343438,0.6204276,SDSS-SDSS,SDSS,527,52342,323,593438075762272256,26,binning 1   1,DR18
8336.812,0.8547077,0.3028804,0.6270845,SDSS-SDSS,SDSS,527,52342,323,593438075762272256,26,binning 1   1,DR18
8338.7295,0.5343128,0.30465898,0.625517,SDSS-SDSS,SDSS,527,52342,323,593438075762272256,26,binning 1   1,DR18
8340.652,1.7595986,0.35080233,0.6213138,SDSS-SDSS,SDSS,527,52342,323,593438075762272256,26,binning 1   1,DR18
8342.571,0.68563503,0.44174147,0.6207169,SDSS-SDSS,SDSS,527,52342,323,593438075762272256,26,binning 1   1,DR18
8344.495,-1.3363131,0.7334734,0.6115699,SDSS-SDSS,SDSS,527,52342,323,593438075762272256,26,binning 1   1,DR18
8346.415,-3.0613887,1.3669351,0.5993411,SDSS-SDSS,SDSS,527,52342,323,593438075762272256,26,binning 1   1,DR18
8348.34,-0.039626665,1.4827936,0.6057565,SDSS-SDSS,SDSS,527,52342,323,593438075762272256,26,binning 1   1,DR18
8350.26,0.94632596,0.7537096,0.63439244,SDSS-SDSS,SDSS,527,52342,323,593438075762272256,26,binning 1   1,DR18
8352.181,0.30477995,0.54386413,0.6276686,SDSS-SDSS,SDSS,527,52342,323,593438075762272256,26,binning 1   1,DR18
8354.107,0.17103206,0.60369676,0.6295386,SDSS-SDSS,SDSS,527,52342,323,593438075762272256,26,binning 1   1,DR18
8356.029,-0.6802867,0.6929514,0.6352916,SDSS-SDSS,SDSS,527,52342,323,593438075762272256,26,binning 1   1,DR18
8357.956,0.66181266,0.5830152,0.64042497,SDSS-SDSS,SDSS,527,52342,323,593438075762272256,26,binning 1   1,DR18
8359.879,-0.06113437,0.37567073,0.64464414,SDSS-SDSS,SDSS,527,52342,323,593438075762272256,26,binning 1   1,DR18
8361.807,1.0850129,0.39221907,0.6493922,SDSS-SDSS,SDSS,527,52342,323,593438075762272256,26,binning 1   1,DR18
8363.7295,1.0155933,0.4013396,0.7051459,SDSS-SDSS,SDSS,527,52342,323,593438075762272256,26,binning 1   1,DR18
8365.654,-0.58517677,0.47632265,0.7176989,SDSS-SDSS,SDSS,527,52342,323,593438075762272256,26,binning 1   1,DR18
8367.583,0.35320136,0.5479534,0.6836407,SDSS-SDSS,SDSS,527,52342,323,593438075762272256,26,binning 1   1,DR18
8369.508,-0.31259528,0.4701803,0.65890884,SDSS-SDSS,SDSS,527,52342,323,593438075762272256,26,binning 1   1,DR18
8371.4375,1.2812403,0.36788827,0.65993464,SDSS-SDSS,SDSS,527,52342,323,593438075762272256,26,binning 1   1,DR18
8373.364,0.21305382,0.33616266,0.6349333,SDSS-SDSS,SDSS,527,52342,323,593438075762272256,26,binning 1   1,DR18
8375.295,1.5524765,0.37917334,0.64801043,SDSS-SDSS,SDSS,527,52342,323,593438075762272256,26,binning 1   1,DR18
8377.222,1.5736185,0.35933205,0.64738256,SDSS-SDSS,SDSS,527,52342,323,593438075762272256,26,binning 1   1,DR18
8379.148,1.1567601,0.3370403,0.66102105,SDSS-SDSS,SDSS,527,52342,323,593438075762272256,26,binning 1   1,DR18
8381.081,1.5377825,0.40435767,0.66609657,SDSS-SDSS,SDSS,527,52342,323,593438075762272256,26,binning 1   1,DR18
8383.009,-0.13200285,0.562939,0.64973944,SDSS-SDSS,SDSS,527,52342,323,593438075762272256,26,binning 1   1,DR18
8384.942,-0.42720732,0.69565797,0.67548686,SDSS-SDSS,SDSS,527,52342,323,593438075762272256,26,binning 1   1,DR18
8386.871,-0.44905213,0.49553588,0.6778715,SDSS-SDSS,SDSS,527,52342,323,593438075762272256,26,binning 1   1,DR18
8388.805,1.2247938,0.34049255,0.6679573,SDSS-SDSS,SDSS,527,52342,323,593438075762272256,26,binning 1   1,DR18
8390.734,0.23826437,0.3296038,0.6624361,SDSS-SDSS,SDSS,527,52342,323,593438075762272256,26,binning 1   1,DR18
8392.665,0.24995664,0.3136163,0.65989584,SDSS-SDSS,SDSS,527,52342,323,593438075762272256,26,binning 1   1,DR18
8394.601,0.871398,0.31750757,0.6587105,SDSS-SDSS,SDSS,527,52342,323,593438075762272256,26,binning 1   1,DR18
8396.531,1.5811579,0.34627002,0.667135,SDSS-SDSS,SDSS,527,52342,323,593438075762272256,26,binning 1   1,DR18
8398.468,-0.32418135,0.5416687,0.6623762,SDSS-SDSS,SDSS,527,52342,323,593438075762272256,26,binning 1   1,DR18
8400.399,-2.231136,1.0762292,0.6702279,SDSS-SDSS,SDSS,527,52342,323,593438075762272256,26,binning 1   1,DR18
8402.337,-1.7312737,1.3453268,0.68220055,SDSS-SDSS,SDSS,527,52342,323,593438075762272256,26,binning 1   1,DR18
8404.27,0.5559686,0.825276,0.6828523,SDSS-SDSS,SDSS,527,52342,323,593438075762272256,26,binning 1   1,DR18
8406.203,0.1795161,0.43381622,0.6791267,SDSS-SDSS,SDSS,527,52342,323,593438075762272256,26,binning 1   1,DR18
8408.142,1.7486105,0.34950605,0.69098556,SDSS-SDSS,SDSS,527,52342,323,593438075762272256,26,binning 1   1,DR18
8410.076,0.90413994,0.3410225,0.67229384,SDSS-SDSS,SDSS,527,52342,323,593438075762272256,26,binning 1   1,DR18
8412.016,1.376989,0.32608888,0.6832951,SDSS-SDSS,SDSS,527,52342,323,593438075762272256,26,binning 1   1,DR18
8413.95,1.424004,0.3372168,0.6665263,SDSS-SDSS,SDSS,527,52342,323,593438075762272256,26,binning 1   1,DR18
8415.891,1.0008436,0.53402543,0.64296263,SDSS-SDSS,SDSS,527,52342,323,593438075762272256,26,binning 1   1,DR18
8417.827,1.1572695,0.7587007,0.6588211,SDSS-SDSS,SDSS,527,52342,323,593438075762272256,26,binning 1   1,DR18
8419.764,0.07994268,0.58502555,0.67228836,SDSS-SDSS,SDSS,527,52342,323,593438075762272256,26,binning 1   1,DR18
8421.705,1.1951579,0.40382615,0.6770624,SDSS-SDSS,SDSS,527,52342,323,593438075762272256,26,binning 1   1,DR18
8423.643,1.0252504,0.34724525,0.67997545,SDSS-SDSS,SDSS,527,52342,323,593438075762272256,26,binning 1   1,DR18
8425.585,1.5740265,0.3471004,0.70787704,SDSS-SDSS,SDSS,527,52342,323,593438075762272256,26,binning 1   1,DR18
8427.523,1.1251404,0.41511807,0.7189457,SDSS-SDSS,SDSS,527,52342,323,593438075762272256,26,binning 1   1,DR18
8429.467,-1.5138206,0.6622282,0.68620914,SDSS-SDSS,SDSS,527,52342,323,593438075762272256,26,binning 1   1,DR18
8431.405,-1.0510689,1.2528973,0.6794685,SDSS-SDSS,SDSS,527,52342,323,593438075762272256,26,binning 1   1,DR18
8433.35,-1.2253823,1.3774604,0.69257605,SDSS-SDSS,SDSS,527,52342,323,593438075762272256,26,binning 1   1,DR18
8435.29,-1.9627426,0.87006617,0.6898335,SDSS-SDSS,SDSS,527,52342,323,593438075762272256,26,binning 1   1,DR18
8437.23,-0.09563263,0.46594417,0.6815321,SDSS-SDSS,SDSS,527,52342,323,593438075762272256,26,binning 1   1,DR18
8439.176,0.7269694,0.37785605,0.6675069,SDSS-SDSS,SDSS,527,52342,323,593438075762272256,26,binning 1   1,DR18
8441.117,1.5005054,0.38289127,0.65380406,SDSS-SDSS,SDSS,527,52342,323,593438075762272256,26,binning 1   1,DR18
8443.064,0.29997355,0.41067338,0.67126167,SDSS-SDSS,SDSS,527,52342,323,593438075762272256,26,binning 1   1,DR18
8445.006,1.8645346,0.57719994,0.69060457,SDSS-SDSS,SDSS,527,52342,323,593438075762272256,26,binning 1   1,DR18
8446.954,0.24772958,0.6042616,0.7149324,SDSS-SDSS,SDSS,527,52342,323,593438075762272256,26,binning 1   1,DR18
8448.896,-0.5128209,0.3581265,0.7075066,SDSS-SDSS,SDSS,527,52342,323,593438075762272256,26,binning 1   1,DR18
8450.841,0.42904225,0.3574684,0.6878923,SDSS-SDSS,SDSS,527,52342,323,593438075762272256,26,binning 1   1,DR18
8452.789,0.23642458,0.54711616,0.6866128,SDSS-SDSS,SDSS,527,52342,323,593438075762272256,26,binning 1   1,DR18
8454.734,0.015220003,0.6480107,0.6835023,SDSS-SDSS,SDSS,527,52342,323,593438075762272256,26,binning 1   1,DR18
8456.684,0.47237456,0.55147123,0.704008,SDSS-SDSS,SDSS,527,52342,323,593438075762272256,26,binning 1   1,DR18
8458.629,0.746295,0.429866,0.7140595,SDSS-SDSS,SDSS,527,52342,323,593438075762272256,26,binning 1   1,DR18
8460.579,1.2419803,0.40026113,0.712258,SDSS-SDSS,SDSS,527,52342,323,593438075762272256,26,binning 1   1,DR18
8462.525,1.3926414,0.39179403,0.71064126,SDSS-SDSS,SDSS,527,52342,323,593438075762272256,26,binning 1   1,DR18
8464.473,0.5886806,0.47362605,0.72207665,SDSS-SDSS,SDSS,527,52342,323,593438075762272256,26,binning 1   1,DR18
8466.425,-1.7674168,0.9544982,0.75104207,SDSS-SDSS,SDSS,527,52342,323,593438075762272256,26,binning 1   1,DR18
8468.372,0.46094888,1.3002539,0.7709279,SDSS-SDSS,SDSS,527,52342,323,593438075762272256,26,binning 1   1,DR18
8470.325,-1.4591515,0.78540045,0.75568086,SDSS-SDSS,SDSS,527,52342,323,593438075762272256,26,binning 1   1,DR18
8472.273,0.9054573,0.43844482,0.7325783,SDSS-SDSS,SDSS,527,52342,323,593438075762272256,26,binning 1   1,DR18
8474.228,0.6024477,0.35141337,0.7173354,SDSS-SDSS,SDSS,527,52342,323,593438075762272256,26,binning 1   1,DR18
8476.177,-0.16161667,0.33401594,0.7146538,SDSS-SDSS,SDSS,527,52342,323,593438075762272256,26,binning 1   1,DR18
8478.127,0.8732741,0.33628967,0.72598374,SDSS-SDSS,SDSS,527,52342,323,593438075762272256,26,binning 1   1,DR18
8480.082,1.027278,0.3147559,0.701064,SDSS-SDSS,SDSS,527,52342,323,593438075762272256,26,binning 1   1,DR18
8482.032,1.9492686,0.32393545,0.6973843,SDSS-SDSS,SDSS,527,52342,323,593438075762272256,26,binning 1   1,DR18
8483.988,0.08527348,0.30693078,0.7240048,SDSS-SDSS,SDSS,527,52342,323,593438075762272256,26,binning 1   1,DR18
8485.94,0.5218583,0.31295335,0.7496007,SDSS-SDSS,SDSS,527,52342,323,593438075762272256,26,binning 1   1,DR18
8487.897,1.0457335,0.31978872,0.7529541,SDSS-SDSS,SDSS,527,52342,323,593438075762272256,26,binning 1   1,DR18
8489.85,1.1487387,0.31874305,0.755109,SDSS-SDSS,SDSS,527,52342,323,593438075762272256,26,binning 1   1,DR18
8491.803,0.8707589,0.334229,0.7656826,SDSS-SDSS,SDSS,527,52342,323,593438075762272256,26,binning 1   1,DR18
8493.761,0.5941303,0.44645846,0.75385845,SDSS-SDSS,SDSS,527,52342,323,593438075762272256,26,binning 1   1,DR18
8495.715,-0.38912833,0.62252647,0.75700706,SDSS-SDSS,SDSS,527,52342,323,593438075762272256,26,binning 1   1,DR18
8497.674,-0.32837734,0.62314373,0.76509607,SDSS-SDSS,SDSS,527,52342,323,593438075762272256,26,binning 1   1,DR18
8499.629,1.6331258,0.46581447,0.74958545,SDSS-SDSS,SDSS,527,52342,323,593438075762272256,26,binning 1   1,DR18
8501.589,1.6419064,0.38716665,0.7381911,SDSS-SDSS,SDSS,527,52342,323,593438075762272256,26,binning 1   1,DR18
8503.545,-0.06498061,0.4051211,0.76543677,SDSS-SDSS,SDSS,527,52342,323,593438075762272256,26,binning 1   1,DR18
8505.501,-0.9909174,0.6214578,0.7550313,SDSS-SDSS,SDSS,527,52342,323,593438075762272256,26,binning 1   1,DR18
8507.462,0.76038855,0.91313165,0.72947425,SDSS-SDSS,SDSS,527,52342,323,593438075762272256,26,binning 1   1,DR18
8509.42,-0.63819784,0.757373,0.73787963,SDSS-SDSS,SDSS,527,52342,323,593438075762272256,26,binning 1   1,DR18
8511.382,1.2435089,0.49211708,0.7710739,SDSS-SDSS,SDSS,527,52342,323,593438075762272256,26,binning 1   1,DR18
8513.34,0.9201736,0.39554057,0.7608964,SDSS-SDSS,SDSS,527,52342,323,593438075762272256,26,binning 1   1,DR18
8515.303,0.7903918,0.34649268,0.765706,SDSS-SDSS,SDSS,527,52342,323,593438075762272256,26,binning 1   1,DR18
8517.262,1.3990252,0.31872702,0.750301,SDSS-SDSS,SDSS,527,52342,323,593438075762272256,26,binning 1   1,DR18
8519.222,0.8818175,0.32302618,0.75552624,SDSS-SDSS,SDSS,527,52342,323,593438075762272256,26,binning 1   1,DR18
8521.186,1.1605105,0.34278977,0.7665658,SDSS-SDSS,SDSS,527,52342,323,593438075762272256,26,binning 1   1,DR18
8523.146,1.7150098,0.35460392,0.7564497,SDSS-SDSS,SDSS,527,52342,323,593438075762272256,26,binning 1   1,DR18
8525.111,1.7016561,0.3450353,0.76407075,SDSS-SDSS,SDSS,527,52342,323,593438075762272256,26,binning 1   1,DR18
8527.072,0.6691682,0.31849724,0.77764225,SDSS-SDSS,SDSS,527,52342,323,593438075762272256,26,binning 1   1,DR18
8529.039,0.51046556,0.30512232,0.76554435,SDSS-SDSS,SDSS,527,52342,323,593438075762272256,26,binning 1   1,DR18
8531.001,0.71861464,0.31069514,0.7579162,SDSS-SDSS,SDSS,527,52342,323,593438075762272256,26,binning 1   1,DR18
8532.964,0.286787,0.3058117,0.7650818,SDSS-SDSS,SDSS,527,52342,323,593438075762272256,26,binning 1   1,DR18
8534.932,0.7385224,0.31661075,0.7661026,SDSS-SDSS,SDSS,527,52342,323,593438075762272256,26,binning 1   1,DR18
8536.895,0.6987043,0.3524981,0.7470246,SDSS-SDSS,SDSS,527,52342,323,593438075762272256,26,binning 1   1,DR18
8538.863,1.680897,0.43842494,0.74443734,SDSS-SDSS,SDSS,527,52342,323,593438075762272256,26,binning 1   1,DR18
8540.828,1.011022,0.51633996,0.72572607,SDSS-SDSS,SDSS,527,52342,323,593438075762272256,26,binning 1   1,DR18
8542.797,0.17571898,0.43175256,0.74549025,SDSS-SDSS,SDSS,527,52342,323,593438075762272256,26,binning 1   1,DR18
8544.763,0.70936304,0.34581998,0.7863274,SDSS-SDSS,SDSS,527,52342,323,593438075762272256,26,binning 1   1,DR18
8546.729,0.5760055,0.34520566,0.7912813,SDSS-SDSS,SDSS,527,52342,323,593438075762272256,26,binning 1   1,DR18
8548.699,0.5507309,0.52826524,0.76710653,SDSS-SDSS,SDSS,527,52342,323,593438075762272256,26,binning 1   1,DR18
8550.666,-1.082601,0.73038316,0.7600367,SDSS-SDSS,SDSS,527,52342,323,593438075762272256,26,binning 1   1,DR18
8552.638,2.0334346,0.651068,0.77854615,SDSS-SDSS,SDSS,527,52342,323,593438075762272256,26,binning 1   1,DR18
8554.6045,1.2880051,0.4716634,0.7982767,SDSS-SDSS,SDSS,527,52342,323,593438075762272256,26,binning 1   1,DR18
8556.577,0.16406125,0.39444837,0.8050958,SDSS-SDSS,SDSS,527,52342,323,593438075762272256,26,binning 1   1,DR18
8558.546,0.77159816,0.38089645,0.795492,SDSS-SDSS,SDSS,527,52342,323,593438075762272256,26,binning 1   1,DR18
8560.515,1.126622,0.33107388,0.7722259,SDSS-SDSS,SDSS,527,52342,323,593438075762272256,26,binning 1   1,DR18
8562.489,0.31451163,0.32393613,0.7699496,SDSS-SDSS,SDSS,527,52342,323,593438075762272256,26,binning 1   1,DR18
8564.459,0.77454025,0.33449882,0.78426844,SDSS-SDSS,SDSS,527,52342,323,593438075762272256,26,binning 1   1,DR18
8566.434,0.82349336,0.33808285,0.7764707,SDSS-SDSS,SDSS,527,52342,323,593438075762272256,26,binning 1   1,DR18
8568.404,1.0407708,0.3441078,0.77786285,SDSS-SDSS,SDSS,527,52342,323,593438075762272256,26,binning 1   1,DR18
8570.38,0.9275548,0.33807454,0.8045159,SDSS-SDSS,SDSS,527,52342,323,593438075762272256,26,binning 1   1,DR18
8572.352,0.43525115,0.32674706,0.7909276,SDSS-SDSS,SDSS,527,52342,323,593438075762272256,26,binning 1   1,DR18
8574.324,0.40849948,0.33134854,0.81287354,SDSS-SDSS,SDSS,527,52342,323,593438075762272256,26,binning 1   1,DR18
8576.301,0.21917245,0.3356525,0.8044721,SDSS-SDSS,SDSS,527,52342,323,593438075762272256,26,binning 1   1,DR18
8578.274,0.5728467,0.3473831,0.8066985,SDSS-SDSS,SDSS,527,52342,323,593438075762272256,26,binning 1   1,DR18
8580.252,0.53210855,0.36784828,0.802703,SDSS-SDSS,SDSS,527,52342,323,593438075762272256,26,binning 1   1,DR18
8582.226,1.2453663,0.3744339,0.769217,SDSS-SDSS,SDSS,527,52342,323,593438075762272256,26,binning 1   1,DR18
8584.205,1.4708754,0.35390297,0.7699329,SDSS-SDSS,SDSS,527,52342,323,593438075762272256,26,binning 1   1,DR18
8586.18,0.89790696,0.37430063,0.7945387,SDSS-SDSS,SDSS,527,52342,323,593438075762272256,26,binning 1   1,DR18
8588.16,0.9644474,0.40278462,0.7925224,SDSS-SDSS,SDSS,527,52342,323,593438075762272256,26,binning 1   1,DR18
8590.136,0.25531745,0.4424069,0.7924036,SDSS-SDSS,SDSS,527,52342,323,593438075762272256,26,binning 1   1,DR18
8592.111,1.2094504,0.466951,0.80945617,SDSS-SDSS,SDSS,527,52342,323,593438075762272256,26,binning 1   1,DR18
8594.093,0.8604528,0.41644508,0.82028526,SDSS-SDSS,SDSS,527,52342,323,593438075762272256,26,binning 1   1,DR18
8596.07,1.1431947,0.39939785,0.79783106,SDSS-SDSS,SDSS,527,52342,323,593438075762272256,26,binning 1   1,DR18
8598.053,0.470309,0.44344085,0.78306895,SDSS-SDSS,SDSS,527,52342,323,593438075762272256,26,binning 1   1,DR18
8600.03,0.3642044,0.46480107,0.7930541,SDSS-SDSS,SDSS,527,52342,323,593438075762272256,26,binning 1   1,DR18
8602.014,0.4268537,0.4206232,0.7913603,SDSS-SDSS,SDSS,527,52342,323,593438075762272256,26,binning 1   1,DR18
8603.992,0.3342209,0.424598,0.7820951,SDSS-SDSS,SDSS,527,52342,323,593438075762272256,26,binning 1   1,DR18
8605.972,0.035934523,0.41146365,0.78809685,SDSS-SDSS,SDSS,527,52342,323,593438075762272256,26,binning 1   1,DR18
8607.956,-0.37926146,0.41506574,0.7937834,SDSS-SDSS,SDSS,527,52342,323,593438075762272256,26,binning 1   1,DR18
8609.937,0.942598,0.4020748,0.77461773,SDSS-SDSS,SDSS,527,52342,323,593438075762272256,26,binning 1   1,DR18
8611.922,0.334304,0.4208989,0.77222466,SDSS-SDSS,SDSS,527,52342,323,593438075762272256,26,binning 1   1,DR18
8613.903,1.13146,0.43704292,0.7819942,SDSS-SDSS,SDSS,527,52342,323,593438075762272256,26,binning 1   1,DR18
8615.89,0.93676364,0.45470214,0.7818696,SDSS-SDSS,SDSS,527,52342,323,593438075762272256,26,binning 1   1,DR18
8617.871,0.19517498,0.5097631,0.7707893,SDSS-SDSS,SDSS,527,52342,323,593438075762272256,26,binning 1   1,DR18
8619.854,-0.18241173,0.5580147,0.7790913,SDSS-SDSS,SDSS,527,52342,323,593438075762272256,26,binning 1   1,DR18
8621.842,0.17492689,0.61375517,0.8041457,SDSS-SDSS,SDSS,527,52342,323,593438075762272256,26,binning 1   1,DR18
8623.825,-0.3589329,0.6794168,0.7912148,SDSS-SDSS,SDSS,527,52342,323,593438075762272256,26,binning 1   1,DR18
8625.813,-0.415764,0.74584246,0.77493376,SDSS-SDSS,SDSS,527,52342,323,593438075762272256,26,binning 1   1,DR18
8627.798,-0.29204902,0.75221187,0.7770187,SDSS-SDSS,SDSS,527,52342,323,593438075762272256,26,binning 1   1,DR18
8629.788,0.9160492,0.77870905,0.7912055,SDSS-SDSS,SDSS,527,52342,323,593438075762272256,26,binning 1   1,DR18
8631.772,-0.26355606,0.80702543,0.82185936,SDSS-SDSS,SDSS,527,52342,323,593438075762272256,26,binning 1   1,DR18
8633.759,0.12571256,0.83170474,0.8973544,SDSS-SDSS,SDSS,527,52342,323,593438075762272256,26,binning 1   1,DR18
8635.75,0.74345756,0.8204242,0.9189573,SDSS-SDSS,SDSS,527,52342,323,593438075762272256,26,binning 1   1,DR18
8637.736,-0.9233275,0.8080433,0.8760541,SDSS-SDSS,SDSS,527,52342,323,593438075762272256,26,binning 1   1,DR18
8639.729,0.76939476,0.7485127,0.8192574,SDSS-SDSS,SDSS,527,52342,323,593438075762272256,26,binning 1   1,DR18
8641.716,-0.9833913,0.71118873,0.7947617,SDSS-SDSS,SDSS,527,52342,323,593438075762272256,26,binning 1   1,DR18
8643.708,0.63209283,0.63809335,0.79535055,SDSS-SDSS,SDSS,527,52342,323,593438075762272256,26,binning 1   1,DR18
8645.697,-0.6297479,0.4411857,0.783635,SDSS-SDSS,SDSS,527,52342,323,593438075762272256,26,binning 1   1,DR18
8647.686,1.2346276,0.45869657,0.7628065,SDSS-SDSS,SDSS,527,52342,323,593438075762272256,26,binning 1   1,DR18
8649.68,0.726057,0.5619163,0.79500234,SDSS-SDSS,SDSS,527,52342,323,593438075762272256,26,binning 1   1,DR18
8651.67,0.49576834,0.71807575,0.81559736,SDSS-SDSS,SDSS,527,52342,323,593438075762272256,26,binning 1   1,DR18
8653.665,-2.7761314,0.7274658,0.7804418,SDSS-SDSS,SDSS,527,52342,323,593438075762272256,26,binning 1   1,DR18
8655.655,0.5116318,0.8637203,0.80150354,SDSS-SDSS,SDSS,527,52342,323,593438075762272256,26,binning 1   1,DR18
8657.651,-0.5174848,0.9750659,0.7925229,SDSS-SDSS,SDSS,527,52342,323,593438075762272256,26,binning 1   1,DR18
8659.644,-3.8166661,0.7371083,0.8089505,SDSS-SDSS,SDSS,527,52342,323,593438075762272256,26,binning 1   1,DR18
8661.636,-1.0919654,0.81783015,0.8108768,SDSS-SDSS,SDSS,527,52342,323,593438075762272256,26,binning 1   1,DR18
8663.633,-0.043099433,0.9252428,0.8015417,SDSS-SDSS,SDSS,527,52342,323,593438075762272256,26,binning 1   1,DR18
8665.626,-1.5260414,0.7892937,0.8068881,SDSS-SDSS,SDSS,527,52342,323,593438075762272256,26,binning 1   1,DR18
8667.624,1.7274085,0.7316607,0.8049844,SDSS-SDSS,SDSS,527,52342,323,593438075762272256,26,binning 1   1,DR18
8669.618,-0.8827425,0.75633025,0.8021452,SDSS-SDSS,SDSS,527,52342,323,593438075762272256,26,binning 1   1,DR18
8671.617,-0.13513435,0.8135903,0.827299,SDSS-SDSS,SDSS,527,52342,323,593438075762272256,26,binning 1   1,DR18
8673.612,-0.03728356,0.78616166,0.82469124,SDSS-SDSS,SDSS,527,52342,323,593438075762272256,26,binning 1   1,DR18
8675.607,-0.9335861,0.6638627,0.8184823,SDSS-SDSS,SDSS,527,52342,323,593438075762272256,26,binning 1   1,DR18
8677.608,1.7068424,0.66676074,0.86336446,SDSS-SDSS,SDSS,527,52342,323,593438075762272256,26,binning 1   1,DR18
8679.6045,0.0015010426,0.680294,0.9256043,SDSS-SDSS,SDSS,527,52342,323,593438075762272256,26,binning 1   1,DR18
8681.605,0.10896149,0.6019279,0.9305071,SDSS-SDSS,SDSS,527,52342,323,593438075762272256,26,binning 1   1,DR18
8683.603,1.2881787,0.54978275,0.8668094,SDSS-SDSS,SDSS,527,52342,323,593438075762272256,26,binning 1   1,DR18
8685.605,-0.4412661,0.49251845,0.8138476,SDSS-SDSS,SDSS,527,52342,323,593438075762272256,26,binning 1   1,DR18
8687.604,-0.23932855,0.5830503,0.79795706,SDSS-SDSS,SDSS,527,52342,323,593438075762272256,26,binning 1   1,DR18
8689.603,0.5246539,0.63391757,0.8011189,SDSS-SDSS,SDSS,527,52342,323,593438075762272256,26,binning 1   1,DR18
8691.605,1.6199292,0.46217778,0.8115455,SDSS-SDSS,SDSS,527,52342,323,593438075762272256,26,binning 1   1,DR18
8693.605,0.62806475,0.43315294,0.79165006,SDSS-SDSS,SDSS,527,52342,323,593438075762272256,26,binning 1   1,DR18
8695.61,0.19760273,0.4881298,0.7852654,SDSS-SDSS,SDSS,527,52342,323,593438075762272256,26,binning 1   1,DR18
8697.61,0.35907784,0.4785797,0.7857992,SDSS-SDSS,SDSS,527,52342,323,593438075762272256,26,binning 1   1,DR18
8699.616,1.0440433,0.43943337,0.7812351,SDSS-SDSS,SDSS,527,52342,323,593438075762272256,26,binning 1   1,DR18
8701.617,-0.09158187,0.43502975,0.7822643,SDSS-SDSS,SDSS,527,52342,323,593438075762272256,26,binning 1   1,DR18
8703.619,0.6509531,0.46986684,0.80512816,SDSS-SDSS,SDSS,527,52342,323,593438075762272256,26,binning 1   1,DR18
8705.626,0.7836674,0.48331752,0.801469,SDSS-SDSS,SDSS,527,52342,323,593438075762272256,26,binning 1   1,DR18
8707.629,0.37689397,0.46136105,0.79994375,SDSS-SDSS,SDSS,527,52342,323,593438075762272256,26,binning 1   1,DR18
8709.637,0.11105873,0.41241774,0.7835605,SDSS-SDSS,SDSS,527,52342,323,593438075762272256,26,binning 1   1,DR18
8711.641,0.99262565,0.4068891,0.765182,SDSS-SDSS,SDSS,527,52342,323,593438075762272256,26,binning 1   1,DR18
8713.649,0.98132974,0.38396174,0.7695568,SDSS-SDSS,SDSS,527,52342,323,593438075762272256,26,binning 1   1,DR18
8715.654,1.7608929,0.390662,0.7798562,SDSS-SDSS,SDSS,527,52342,323,593438075762272256,26,binning 1   1,DR18
8717.659,0.21176335,0.37574613,0.7663262,SDSS-SDSS,SDSS,527,52342,323,593438075762272256,26,binning 1   1,DR18
8719.67,1.2672781,0.3930208,0.76374984,SDSS-SDSS,SDSS,527,52342,323,593438075762272256,26,binning 1   1,DR18
8721.676,1.0094676,0.40516558,0.7691968,SDSS-SDSS,SDSS,527,52342,323,593438075762272256,26,binning 1   1,DR18
8723.687,-0.5258132,0.4064683,0.77024,SDSS-SDSS,SDSS,527,52342,323,593438075762272256,26,binning 1   1,DR18
8725.693,0.6548876,0.4363214,0.755844,SDSS-SDSS,SDSS,527,52342,323,593438075762272256,26,binning 1   1,DR18
8727.706,0.36732906,0.4412993,0.7265258,SDSS-SDSS,SDSS,527,52342,323,593438075762272256,26,binning 1   1,DR18
8729.713,1.0810302,0.42262778,0.72974575,SDSS-SDSS,SDSS,527,52342,323,593438075762272256,26,binning 1   1,DR18
8731.722,0.14639841,0.40556586,0.72892636,SDSS-SDSS,SDSS,527,52342,323,593438075762272256,26,binning 1   1,DR18
8733.735,0.8809037,0.41440132,0.72357994,SDSS-SDSS,SDSS,527,52342,323,593438075762272256,26,binning 1   1,DR18
8735.744,1.5692388,0.3903213,0.7156477,SDSS-SDSS,SDSS,527,52342,323,593438075762272256,26,binning 1   1,DR18
8737.759,0.8739733,0.39257303,0.7054851,SDSS-SDSS,SDSS,527,52342,323,593438075762272256,26,binning 1   1,DR18
8739.769,1.0137953,0.40819138,0.6978536,SDSS-SDSS,SDSS,527,52342,323,593438075762272256,26,binning 1   1,DR18
8741.784,0.93466014,0.4268896,0.6741083,SDSS-SDSS,SDSS,527,52342,323,593438075762272256,26,binning 1   1,DR18
8743.795,0.63600105,0.44356227,0.6640673,SDSS-SDSS,SDSS,527,52342,323,593438075762272256,26,binning 1   1,DR18
8745.812,1.4271601,0.4548037,0.6743074,SDSS-SDSS,SDSS,527,52342,323,593438075762272256,26,binning 1   1,DR18
8747.823,0.74726135,0.44203374,0.6701229,SDSS-SDSS,SDSS,527,52342,323,593438075762272256,26,binning 1   1,DR18
8749.836,0.41693014,0.438869,0.64727825,SDSS-SDSS,SDSS,527,52342,323,593438075762272256,26,binning 1   1,DR18
8751.854,0.30876306,0.43255085,0.6639014,SDSS-SDSS,SDSS,527,52342,323,593438075762272256,26,binning 1   1,DR18
8753.867,0.2997539,0.4215085,0.6610867,SDSS-SDSS,SDSS,527,52342,323,593438075762272256,26,binning 1   1,DR18
8755.886,1.040745,0.42325634,0.6488604,SDSS-SDSS,SDSS,527,52342,323,593438075762272256,26,binning 1   1,DR18
8757.9,0.7458497,0.48981443,0.6483075,SDSS-SDSS,SDSS,527,52342,323,593438075762272256,26,binning 1   1,DR18
8759.92,-0.14499453,0.73267376,0.6492735,SDSS-SDSS,SDSS,527,52342,323,593438075762272256,26,binning 1   1,DR18
8761.935,-0.75180924,1.0753837,0.64679486,SDSS-SDSS,SDSS,527,52342,323,593438075762272256,26,binning 1   1,DR18
8763.95,-2.9327338,1.5064417,0.66355413,SDSS-SDSS,SDSS,527,52342,323,593438075762272256,26,binning 1   1,DR18
8765.972,0.0350243,1.2223068,0.65142184,SDSS-SDSS,SDSS,527,52342,323,593438075762272256,26,binning 1   1,DR18
8767.988,-3.7536092,1.0724574,0.6385797,SDSS-SDSS,SDSS,527,52342,323,593438075762272256,26,binning 1   1,DR18
8770.01,-1.1136416,1.2197254,0.6438284,SDSS-SDSS,SDSS,527,52342,323,593438075762272256,26,binning 1   1,DR18
8772.027,-1.120272,1.2086762,0.6556089,SDSS-SDSS,SDSS,527,52342,323,593438075762272256,26,binning 1   1,DR18
8774.05,0.48274723,0.80141157,0.6618389,SDSS-SDSS,SDSS,527,52342,323,593438075762272256,26,binning 1   1,DR18
8776.068,-0.5988579,0.7426176,0.67199427,SDSS-SDSS,SDSS,527,52342,323,593438075762272256,26,binning 1   1,DR18
8778.088,-0.54375744,1.0831552,0.67041135,SDSS-SDSS,SDSS,527,52342,323,593438075762272256,26,binning 1   1,DR18
8780.111,-1.3580474,1.5978304,0.6794328,SDSS-SDSS,SDSS,527,52342,323,593438075762272256,26,binning 1   1,DR18
8782.132,-0.8496263,1.4717884,0.6870606,SDSS-SDSS,SDSS,527,52342,323,593438075762272256,26,binning 1   1,DR18
8784.156,1.2118022,0.80085355,0.6943774,SDSS-SDSS,SDSS,527,52342,323,593438075762272256,26,binning 1   1,DR18
8786.178,0.17859153,0.4360147,0.6970366,SDSS-SDSS,SDSS,527,52342,323,593438075762272256,26,binning 1   1,DR18
8788.203,0.84752053,0.44038594,0.68019325,SDSS-SDSS,SDSS,527,52342,323,593438075762272256,26,binning 1   1,DR18
8790.226,0.96931165,0.5576521,0.7265655,SDSS-SDSS,SDSS,527,52342,323,593438075762272256,26,binning 1   1,DR18
8792.247,-0.45662317,0.79387426,0.743936,SDSS-SDSS,SDSS,527,52342,323,593438075762272256,26,binning 1   1,DR18
8794.275,1.0014635,0.9202405,0.7291051,SDSS-SDSS,SDSS,527,52342,323,593438075762272256,26,binning 1   1,DR18
8796.298,0.5878528,0.7100904,0.72563624,SDSS-SDSS,SDSS,527,52342,323,593438075762272256,26,binning 1   1,DR18
8798.326,1.7110374,0.5482211,0.7460766,SDSS-SDSS,SDSS,527,52342,323,593438075762272256,26,binning 1   1,DR18
8800.351,-0.014336512,0.48743913,0.74806577,SDSS-SDSS,SDSS,527,52342,323,593438075762272256,26,binning 1   1,DR18
8802.38,0.7233941,0.4497109,0.74850404,SDSS-SDSS,SDSS,527,52342,323,593438075762272256,26,binning 1   1,DR18
8804.405,0.32264552,0.41216582,0.74517685,SDSS-SDSS,SDSS,527,52342,323,593438075762272256,26,binning 1   1,DR18
8806.431,1.0385863,0.4208882,0.7515817,SDSS-SDSS,SDSS,527,52342,323,593438075762272256,26,binning 1   1,DR18
8808.461,1.3890696,0.4384361,0.758284,SDSS-SDSS,SDSS,527,52342,323,593438075762272256,26,binning 1   1,DR18
8810.487,1.7497607,0.48209128,0.75714123,SDSS-SDSS,SDSS,527,52342,323,593438075762272256,26,binning 1   1,DR18
8812.52,0.9343093,0.49611366,0.7638633,SDSS-SDSS,SDSS,527,52342,323,593438075762272256,26,binning 1   1,DR18
8814.546,1.5238776,0.4766832,0.75063133,SDSS-SDSS,SDSS,527,52342,323,593438075762272256,26,binning 1   1,DR18
8816.579,1.2366923,0.46117195,0.77633137,SDSS-SDSS,SDSS,527,52342,323,593438075762272256,26,binning 1   1,DR18
8818.607,1.0734931,0.45888636,0.7840146,SDSS-SDSS,SDSS,527,52342,323,593438075762272256,26,binning 1   1,DR18
8820.636,1.2952394,0.42954645,0.76437867,SDSS-SDSS,SDSS,527,52342,323,593438075762272256,26,binning 1   1,DR18
8822.67,1.912157,0.44054034,0.7581461,SDSS-SDSS,SDSS,527,52342,323,593438075762272256,26,binning 1   1,DR18
8824.699,1.9973662,0.6118008,0.7738277,SDSS-SDSS,SDSS,527,52342,323,593438075762272256,26,binning 1   1,DR18
8826.734,-2.3305917,1.2950088,0.7664637,SDSS-SDSS,SDSS,527,52342,323,593438075762272256,26,binning 1   1,DR18
8828.765,-4.1057463,2.2913375,0.75925994,SDSS-SDSS,SDSS,527,52342,323,593438075762272256,26,binning 1   1,DR18
8830.801,-0.94567746,2.7717342,0.7800824,SDSS-SDSS,SDSS,527,52342,323,593438075762272256,26,binning 1   1,DR18
8832.833,-2.535033,1.6736127,0.78109604,SDSS-SDSS,SDSS,527,52342,323,593438075762272256,26,binning 1   1,DR18
8834.864,0.1986551,0.93116575,0.74381983,SDSS-SDSS,SDSS,527,52342,323,593438075762272256,26,binning 1   1,DR18
8836.901,0.25608993,0.927953,0.7539692,SDSS-SDSS,SDSS,527,52342,323,593438075762272256,26,binning 1   1,DR18
8838.935,1.4963417,1.1780503,0.75084025,SDSS-SDSS,SDSS,527,52342,323,593438075762272256,26,binning 1   1,DR18
8840.973,-0.13145266,1.1330236,0.76182157,SDSS-SDSS,SDSS,527,52342,323,593438075762272256,26,binning 1   1,DR18
8843.007,0.42756417,0.6718714,0.74769235,SDSS-SDSS,SDSS,527,52342,323,593438075762272256,26,binning 1   1,DR18
8845.046,1.3036871,0.48834524,0.727575,SDSS-SDSS,SDSS,527,52342,323,593438075762272256,26,binning 1   1,DR18
8847.081,0.9532625,0.48140416,0.742757,SDSS-SDSS,SDSS,527,52342,323,593438075762272256,26,binning 1   1,DR18
8849.116,0.82141685,0.55235326,0.76810634,SDSS-SDSS,SDSS,527,52342,323,593438075762272256,26,binning 1   1,DR18
8851.156,-0.020667916,0.68363416,0.7700331,SDSS-SDSS,SDSS,527,52342,323,593438075762272256,26,binning 1   1,DR18
8853.192,0.9030223,0.720545,0.7713854,SDSS-SDSS,SDSS,527,52342,323,593438075762272256,26,binning 1   1,DR18
8855.234,0.036706895,0.5515268,0.77503103,SDSS-SDSS,SDSS,527,52342,323,593438075762272256,26,binning 1   1,DR18
8857.271,1.4671341,0.45229658,0.7844832,SDSS-SDSS,SDSS,527,52342,323,593438075762272256,26,binning 1   1,DR18
8859.314,0.7484124,0.4255039,0.8004863,SDSS-SDSS,SDSS,527,52342,323,593438075762272256,26,binning 1   1,DR18
8861.352,0.87184983,0.4394516,0.8043363,SDSS-SDSS,SDSS,527,52342,323,593438075762272256,26,binning 1   1,DR18
8863.391,0.741271,0.49740204,0.7735732,SDSS-SDSS,SDSS,527,52342,323,593438075762272256,26,binning 1   1,DR18
8865.435,2.431817,0.6096364,0.7659406,SDSS-SDSS,SDSS,527,52342,323,593438075762272256,26,binning 1   1,DR18
8867.474,-1.2635182,0.8176229,0.7648964,SDSS-SDSS,SDSS,527,52342,323,593438075762272256,26,binning 1   1,DR18
8869.519,0.4815855,1.1704844,0.75952035,SDSS-SDSS,SDSS,527,52342,323,593438075762272256,26,binning 1   1,DR18
8871.56,1.4516993,0.9371634,0.7618786,SDSS-SDSS,SDSS,527,52342,323,593438075762272256,26,binning 1   1,DR18
8873.6045,-0.31763378,0.60752374,0.7746219,SDSS-SDSS,SDSS,527,52342,323,593438075762272256,26,binning 1   1,DR18
8875.646,1.2772491,0.5025161,0.76373035,SDSS-SDSS,SDSS,527,52342,323,593438075762272256,26,binning 1   1,DR18
8877.688,0.95792586,0.46240208,0.772121,SDSS-SDSS,SDSS,527,52342,323,593438075762272256,26,binning 1   1,DR18
8879.735,1.5654657,0.4326472,0.77783084,SDSS-SDSS,SDSS,527,52342,323,593438075762272256,26,binning 1   1,DR18
8881.778,2.11632,0.48361847,0.7736194,SDSS-SDSS,SDSS,527,52342,323,593438075762272256,26,binning 1   1,DR18
8883.826,1.9721096,0.6673388,0.7774709,SDSS-SDSS,SDSS,527,52342,323,593438075762272256,26,binning 1   1,DR18
8885.87,-0.5905626,1.3793459,0.7903491,SDSS-SDSS,SDSS,527,52342,323,593438075762272256,26,binning 1   1,DR18
8887.919,-3.412648,2.6039631,0.7654888,SDSS-SDSS,SDSS,527,52342,323,593438075762272256,26,binning 1   1,DR18
8889.964,-1.2203228,2.0506465,0.7725787,SDSS-SDSS,SDSS,527,52342,323,593438075762272256,26,binning 1   1,DR18
8892.009,1.0202857,1.1874104,0.76454127,SDSS-SDSS,SDSS,527,52342,323,593438075762272256,26,binning 1   1,DR18
8894.06,0.47603562,0.6720175,0.7561001,SDSS-SDSS,SDSS,527,52342,323,593438075762272256,26,binning 1   1,DR18
8896.105,0.41217673,0.5776305,0.7812188,SDSS-SDSS,SDSS,527,52342,323,593438075762272256,26,binning 1   1,DR18
8898.156,0.9381845,0.4709301,0.7882265,SDSS-SDSS,SDSS,527,52342,323,593438075762272256,26,binning 1   1,DR18
8900.204,0.93397087,0.5085811,0.76002574,SDSS-SDSS,SDSS,527,52342,323,593438075762272256,26,binning 1   1,DR18
8902.256,-0.0730673,0.63108623,0.77305627,SDSS-SDSS,SDSS,527,52342,323,593438075762272256,26,binning 1   1,DR18
8904.304,0.755662,1.0883684,0.7774313,SDSS-SDSS,SDSS,527,52342,323,593438075762272256,26,binning 1   1,DR18
8906.357,1.954906,1.4417433,0.7725209,SDSS-SDSS,SDSS,527,52342,323,593438075762272256,26,binning 1   1,DR18
8908.406,1.1435106,0.95443547,0.7846874,SDSS-SDSS,SDSS,527,52342,323,593438075762272256,26,binning 1   1,DR18
8910.456,-0.13209133,0.54743993,0.7804277,SDSS-SDSS,SDSS,527,52342,323,593438075762272256,26,binning 1   1,DR18
8912.511,0.73241264,0.5076671,0.7534154,SDSS-SDSS,SDSS,527,52342,323,593438075762272256,26,binning 1   1,DR18
8914.561,1.5531054,0.4850899,0.77152175,SDSS-SDSS,SDSS,527,52342,323,593438075762272256,26,binning 1   1,DR18
8916.616,-0.27880785,0.5121675,0.79880446,SDSS-SDSS,SDSS,527,52342,323,593438075762272256,26,binning 1   1,DR18
8918.668,3.0527859,0.90360284,0.79908794,SDSS-SDSS,SDSS,527,52342,323,593438075762272256,26,binning 1   1,DR18
8920.725,-8.805528,2.11066,0.7738236,SDSS-SDSS,SDSS,527,52342,323,593438075762272256,26,binning 1   1,DR18
8922.776,3.8658917,2.5306504,0.7543148,SDSS-SDSS,SDSS,527,52342,323,593438075762272256,26,binning 1   1,DR18
8924.829,-0.30397108,1.6658481,0.7776182,SDSS-SDSS,SDSS,527,52342,323,593438075762272256,26,binning 1   1,DR18
8926.887,-0.4644688,0.86725456,0.7753421,SDSS-SDSS,SDSS,527,52342,323,593438075762272256,26,binning 1   1,DR18
8928.94,0.6286745,0.6274878,0.75665575,SDSS-SDSS,SDSS,527,52342,323,593438075762272256,26,binning 1   1,DR18
8931.0,1.4202265,0.56689566,0.7562184,SDSS-SDSS,SDSS,527,52342,323,593438075762272256,26,binning 1   1,DR18
8933.055,0.077960156,0.52436745,0.777218,SDSS-SDSS,SDSS,527,52342,323,593438075762272256,26,binning 1   1,DR18
8935.114,0.48761615,0.48785794,0.7813928,SDSS-SDSS,SDSS,527,52342,323,593438075762272256,26,binning 1   1,DR18
8937.17,0.67017865,0.4634989,0.7783486,SDSS-SDSS,SDSS,527,52342,323,593438075762272256,26,binning 1   1,DR18
8939.226,-0.07901598,0.5130913,0.778949,SDSS-SDSS,SDSS,527,52342,323,593438075762272256,26,binning 1   1,DR18
8941.287,1.8563628,0.569533,0.8004198,SDSS-SDSS,SDSS,527,52342,323,593438075762272256,26,binning 1   1,DR18
8943.344,-0.1652019,0.7234429,0.81316847,SDSS-SDSS,SDSS,527,52342,323,593438075762272256,26,binning 1   1,DR18
8945.406,2.8094683,1.155838,0.79076356,SDSS-SDSS,SDSS,527,52342,323,593438075762272256,26,binning 1   1,DR18
8947.464,1.69603,1.1669486,0.76694965,SDSS-SDSS,SDSS,527,52342,323,593438075762272256,26,binning 1   1,DR18
8949.527,0.20839845,0.7051822,0.7490745,SDSS-SDSS,SDSS,527,52342,323,593438075762272256,26,binning 1   1,DR18
8951.586,1.2808623,0.51423323,0.7516044,SDSS-SDSS,SDSS,527,52342,323,593438075762272256,26,binning 1   1,DR18
8953.6455,0.99758565,0.46636805,0.7643884,SDSS-SDSS,SDSS,527,52342,323,593438075762272256,26,binning 1   1,DR18
8955.71,1.8757644,0.57576066,0.7657209,SDSS-SDSS,SDSS,527,52342,323,593438075762272256,26,binning 1   1,DR18
8957.7705,-0.37625158,1.0976751,0.7498309,SDSS-SDSS,SDSS,527,52342,323,593438075762272256,26,binning 1   1,DR18
8959.836,0.33185926,2.235977,0.7421091,SDSS-SDSS,SDSS,527,52342,323,593438075762272256,26,binning 1   1,DR18
8961.897,0.11698672,2.085744,0.7553774,SDSS-SDSS,SDSS,527,52342,323,593438075762272256,26,binning 1   1,DR18
8963.964,-0.86473453,1.1100363,0.7731215,SDSS-SDSS,SDSS,527,52342,323,593438075762272256,26,binning 1   1,DR18
8966.026,0.20412956,0.5943166,0.7605929,SDSS-SDSS,SDSS,527,52342,323,593438075762272256,26,binning 1   1,DR18
8968.089,0.29712978,0.47299314,0.7461831,SDSS-SDSS,SDSS,527,52342,323,593438075762272256,26,binning 1   1,DR18
8970.157,1.6558315,0.49479985,0.7619247,SDSS-SDSS,SDSS,527,52342,323,593438075762272256,26,binning 1   1,DR18
8972.221,0.43073395,0.5284086,0.76949537,SDSS-SDSS,SDSS,527,52342,323,593438075762272256,26,binning 1   1,DR18
8974.289,0.31078318,0.5241538,0.7645652,SDSS-SDSS,SDSS,527,52342,323,593438075762272256,26,binning 1   1,DR18
8976.354,0.92360395,0.50738525,0.7746451,SDSS-SDSS,SDSS,527,52342,323,593438075762272256,26,binning 1   1,DR18
8978.424,0.2674383,0.4553587,0.7736425,SDSS-SDSS,SDSS,527,52342,323,593438075762272256,26,binning 1   1,DR18
8980.489,0.28447506,0.45343897,0.76323086,SDSS-SDSS,SDSS,527,52342,323,593438075762272256,26,binning 1   1,DR18
8982.556,-0.2013993,0.5008957,0.76493704,SDSS-SDSS,SDSS,527,52342,323,593438075762272256,26,binning 1   1,DR18
8984.627,0.92858905,0.5391874,0.77400345,SDSS-SDSS,SDSS,527,52342,323,593438075762272256,26,binning 1   1,DR18
8986.693,0.5128326,0.53122145,0.76737607,SDSS-SDSS,SDSS,527,52342,323,593438075762272256,26,binning 1   1,DR18
8988.766,0.19310871,0.71347606,0.7575826,SDSS-SDSS,SDSS,527,52342,323,593438075762272256,26,binning 1   1,DR18
8990.834,-0.3474898,1.1324614,0.7494782,SDSS-SDSS,SDSS,527,52342,323,593438075762272256,26,binning 1   1,DR18
8992.907,-0.8480246,0.9997037,0.74733126,SDSS-SDSS,SDSS,527,52342,323,593438075762272256,26,binning 1   1,DR18
8994.976,-0.280636,0.6417719,0.75324106,SDSS-SDSS,SDSS,527,52342,323,593438075762272256,26,binning 1   1,DR18
8997.045,0.36469156,0.48848516,0.76067966,SDSS-SDSS,SDSS,527,52342,323,593438075762272256,26,binning 1   1,DR18
8999.12,1.5568639,0.50238824,0.76407236,SDSS-SDSS,SDSS,527,52342,323,593438075762272256,26,binning 1   1,DR18
9001.19,-0.49157038,0.8061147,0.78779536,SDSS-SDSS,SDSS,527,52342,323,593438075762272256,26,binning 1   1,DR18
9003.266,-2.3905532,1.6845455,0.7811116,SDSS-SDSS,SDSS,527,52342,323,593438075762272256,26,binning 1   1,DR18
9005.337,0.25779676,1.7641027,0.76022,SDSS-SDSS,SDSS,527,52342,323,593438075762272256,26,binning 1   1,DR18
9007.413,-1.067172,0.91845924,0.7640706,SDSS-SDSS,SDSS,527,52342,323,593438075762272256,26,binning 1   1,DR18
9009.485,1.2757834,0.5730924,0.769119,SDSS-SDSS,SDSS,527,52342,323,593438075762272256,26,binning 1   1,DR18
9011.559,-0.38887528,0.4825638,0.78742963,SDSS-SDSS,SDSS,527,52342,323,593438075762272256,26,binning 1   1,DR18
9013.636,0.9338564,0.46662214,0.78028566,SDSS-SDSS,SDSS,527,52342,323,593438075762272256,26,binning 1   1,DR18
9015.71,0.9625425,0.4670232,0.7702759,SDSS-SDSS,SDSS,527,52342,323,593438075762272256,26,binning 1   1,DR18
9017.789,1.1724415,0.4645618,0.774174,SDSS-SDSS,SDSS,527,52342,323,593438075762272256,26,binning 1   1,DR18
9019.863,0.45159218,0.45876014,0.78493744,SDSS-SDSS,SDSS,527,52342,323,593438075762272256,26,binning 1   1,DR18
9021.943,0.18300356,0.4587879,0.7852564,SDSS-SDSS,SDSS,527,52342,323,593438075762272256,26,binning 1   1,DR18
9024.019,0.39025697,0.45527047,0.7623902,SDSS-SDSS,SDSS,527,52342,323,593438075762272256,26,binning 1   1,DR18
9026.095,0.4265386,0.4836052,0.7617059,SDSS-SDSS,SDSS,527,52342,323,593438075762272256,26,binning 1   1,DR18
9028.176,0.5704364,0.48813558,0.76837546,SDSS-SDSS,SDSS,527,52342,323,593438075762272256,26,binning 1   1,DR18
9030.253,0.4097108,0.49142933,0.7630112,SDSS-SDSS,SDSS,527,52342,323,593438075762272256,26,binning 1   1,DR18
9032.335,1.0308629,0.48251778,0.7513074,SDSS-SDSS,SDSS,527,52342,323,593438075762272256,26,binning 1   1,DR18
9034.413,0.89883673,0.48935267,0.75385004,SDSS-SDSS,SDSS,527,52342,323,593438075762272256,26,binning 1   1,DR18
9036.497,0.99545324,0.546271,0.7544765,SDSS-SDSS,SDSS,527,52342,323,593438075762272256,26,binning 1   1,DR18
9038.575,0.15371954,0.69424796,0.7624566,SDSS-SDSS,SDSS,527,52342,323,593438075762272256,26,binning 1   1,DR18
9040.654,-0.7881309,0.7892744,0.76143867,SDSS-SDSS,SDSS,527,52342,323,593438075762272256,26,binning 1   1,DR18
9042.739,0.8283627,0.6622528,0.7606359,SDSS-SDSS,SDSS,527,52342,323,593438075762272256,26,binning 1   1,DR18
9044.819,0.682417,0.5765385,0.7689586,SDSS-SDSS,SDSS,527,52342,323,593438075762272256,26,binning 1   1,DR18
9046.905,1.6318784,0.6280743,0.7606484,SDSS-SDSS,SDSS,527,52342,323,593438075762272256,26,binning 1   1,DR18
9048.986,-0.22130992,0.66999066,0.7479539,SDSS-SDSS,SDSS,527,52342,323,593438075762272256,26,binning 1   1,DR18
9051.073,1.5513151,0.82370955,0.7581122,SDSS-SDSS,SDSS,527,52342,323,593438075762272256,26,binning 1   1,DR18
9053.155,0.7010876,0.88554096,0.7623001,SDSS-SDSS,SDSS,527,52342,323,593438075762272256,26,binning 1   1,DR18
9055.238,-0.07624779,0.69766754,0.7493964,SDSS-SDSS,SDSS,527,52342,323,593438075762272256,26,binning 1   1,DR18
9057.326,1.2449569,0.52575195,0.74692637,SDSS-SDSS,SDSS,527,52342,323,593438075762272256,26,binning 1   1,DR18
9059.41,0.7251135,0.4953679,0.7804594,SDSS-SDSS,SDSS,527,52342,323,593438075762272256,26,binning 1   1,DR18
9061.499,0.6915899,0.51850855,0.7790909,SDSS-SDSS,SDSS,527,52342,323,593438075762272256,26,binning 1   1,DR18
9063.584,0.31466815,0.50789106,0.77328134,SDSS-SDSS,SDSS,527,52342,323,593438075762272256,26,binning 1   1,DR18
9065.674,1.044885,0.51180416,0.75815856,SDSS-SDSS,SDSS,527,52342,323,593438075762272256,26,binning 1   1,DR18
9067.759,1.8438039,0.5272165,0.74386555,SDSS-SDSS,SDSS,527,52342,323,593438075762272256,26,binning 1   1,DR18
9069.851,0.40595415,0.5014039,0.75209093,SDSS-SDSS,SDSS,527,52342,323,593438075762272256,26,binning 1   1,DR18
9071.937,1.0960184,0.5160592,0.77418333,SDSS-SDSS,SDSS,527,52342,323,593438075762272256,26,binning 1   1,DR18
9074.023,0.3833983,0.49982458,0.7619782,SDSS-SDSS,SDSS,527,52342,323,593438075762272256,26,binning 1   1,DR18
9076.116,1.1978185,0.4843343,0.7642143,SDSS-SDSS,SDSS,527,52342,323,593438075762272256,26,binning 1   1,DR18
9078.204,1.0227903,0.45846307,0.76729333,SDSS-SDSS,SDSS,527,52342,323,593438075762272256,26,binning 1   1,DR18
9080.298,1.0049483,0.47494274,0.77726626,SDSS-SDSS,SDSS,527,52342,323,593438075762272256,26,binning 1   1,DR18
9082.387,0.5919364,0.49666068,0.7959096,SDSS-SDSS,SDSS,527,52342,323,593438075762272256,26,binning 1   1,DR18
9084.48,1.2257359,0.5241534,0.78429127,SDSS-SDSS,SDSS,527,52342,323,593438075762272256,26,binning 1   1,DR18
9086.57,0.38963693,0.52184284,0.77890444,SDSS-SDSS,SDSS,527,52342,323,593438075762272256,26,binning 1   1,DR18
9088.661,0.9909152,0.53849614,0.77192104,SDSS-SDSS,SDSS,527,52342,323,593438075762272256,26,binning 1   1,DR18
9090.757,0.11773306,0.52237225,0.7608315,SDSS-SDSS,SDSS,527,52342,323,593438075762272256,26,binning 1   1,DR18
9092.849,0.23082542,0.57030725,0.7629141,SDSS-SDSS,SDSS,527,52342,323,593438075762272256,26,binning 1   1,DR18
9094.945,0.11019632,0.63797706,0.77679414,SDSS-SDSS,SDSS,527,52342,323,593438075762272256,26,binning 1   1,DR18
9097.037,0.21046913,0.59575456,0.7703654,SDSS-SDSS,SDSS,527,52342,323,593438075762272256,26,binning 1   1,DR18
9099.135,0.9998236,0.5227348,0.7909871,SDSS-SDSS,SDSS,527,52342,323,593438075762272256,26,binning 1   1,DR18
9101.229,0.9753985,0.5477625,0.7772532,SDSS-SDSS,SDSS,527,52342,323,593438075762272256,26,binning 1   1,DR18
9103.322,-0.22762005,0.67656875,0.7561935,SDSS-SDSS,SDSS,527,52342,323,593438075762272256,26,binning 1   1,DR18
9105.421,0.78380066,0.80304164,0.74456847,SDSS-SDSS,SDSS,527,52342,323,593438075762272256,26,binning 1   1,DR18
9107.516,1.2208664,0.70940727,0.7431309,SDSS-SDSS,SDSS,527,52342,323,593438075762272256,26,binning 1   1,DR18
9109.616,1.1498498,0.5543302,0.7657743,SDSS-SDSS,SDSS,527,52342,323,593438075762272256,26,binning 1   1,DR18
9111.712,1.1275415,0.47864845,0.7864524,SDSS-SDSS,SDSS,527,52342,323,593438075762272256,26,binning 1   1,DR18
9113.8125,0.5266579,0.47050488,0.7765656,SDSS-SDSS,SDSS,527,52342,323,593438075762272256,26,binning 1   1,DR18
9115.909,0.6521197,0.46766415,0.78283286,SDSS-SDSS,SDSS,527,52342,323,593438075762272256,26,binning 1   1,DR18
9118.007,1.0653594,0.48010078,0.7817581,SDSS-SDSS,SDSS,527,52342,323,593438075762272256,26,binning 1   1,DR18
9120.109,0.97130036,0.49847883,0.7542908,SDSS-SDSS,SDSS,527,52342,323,593438075762272256,26,binning 1   1,DR18
9122.207,0.8486418,0.5152363,0.7748124,SDSS-SDSS,SDSS,527,52342,323,593438075762272256,26,binning 1   1,DR18
9124.311,-0.08490565,0.5238756,0.7949738,SDSS-SDSS,SDSS,527,52342,323,593438075762272256,26,binning 1   1,DR18
9126.41,0.72973716,0.47826263,0.79071045,SDSS-SDSS,SDSS,527,52342,323,593438075762272256,26,binning 1   1,DR18
9128.515,1.1254542,0.48330784,0.8027934,SDSS-SDSS,SDSS,527,52342,323,593438075762272256,26,binning 1   1,DR18
9130.614,1.0593033,0.48861092,0.81906104,SDSS-SDSS,SDSS,527,52342,323,593438075762272256,26,binning 1   1,DR18
9132.715,0.11380798,0.49292415,0.80685914,SDSS-SDSS,SDSS,527,52342,323,593438075762272256,26,binning 1   1,DR18
9134.821,-0.041519966,0.50297153,0.79185367,SDSS-SDSS,SDSS,527,52342,323,593438075762272256,26,binning 1   1,DR18
9136.922,1.8347912,0.5362809,0.80804855,SDSS-SDSS,SDSS,527,52342,323,593438075762272256,26,binning 1   1,DR18
9139.029,0.24888062,0.54568505,0.7921395,SDSS-SDSS,SDSS,527,52342,323,593438075762272256,26,binning 1   1,DR18
9141.132,0.25145215,0.53575337,0.7942663,SDSS-SDSS,SDSS,527,52342,323,593438075762272256,26,binning 1   1,DR18
9143.239,0.7407774,0.5237544,0.80049765,SDSS-SDSS,SDSS,527,52342,323,593438075762272256,26,binning 1   1,DR18
9145.343,1.1370246,0.5274509,0.7829238,SDSS-SDSS,SDSS,527,52342,323,593438075762272256,26,binning 1   1,DR18
9147.447,1.0685282,0.5556304,0.7926131,SDSS-SDSS,SDSS,527,52342,323,593438075762272256,26,binning 1   1,DR18
9149.557,1.0339661,0.5855781,0.7860608,SDSS-SDSS,SDSS,527,52342,323,593438075762272256,26,binning 1   1,DR18
9151.661,0.4420328,0.616536,0.7878412,SDSS-SDSS,SDSS,527,52342,323,593438075762272256,26,binning 1   1,DR18
9153.771,0.38586178,0.70323837,0.79084355,SDSS-SDSS,SDSS,527,52342,323,593438075762272256,26,binning 1   1,DR18
9155.877,0.86651826,0.72272336,0.79669136,SDSS-SDSS,SDSS,527,52342,323,593438075762272256,26,binning 1   1,DR18
9157.988,0.40128297,0.6233806,0.803395,SDSS-SDSS,SDSS,527,52342,323,593438075762272256,26,binning 1   1,DR18
9160.096,-0.2439514,0.56579995,0.78966933,SDSS-SDSS,SDSS,527,52342,323,593438075762272256,26,binning 1   1,DR18
9162.203,0.19207086,0.6165091,0.78669906,SDSS-SDSS,SDSS,527,52342,323,593438075762272256,26,binning 1   1,DR18
9164.315,-0.08760405,0.6286176,0.7893674,SDSS-SDSS,SDSS,527,52342,323,593438075762272256,26,binning 1   1,DR18
9166.424,1.361957,0.6094429,0.7933285,SDSS-SDSS,SDSS,527,52342,323,593438075762272256,26,binning 1   1,DR18
9168.537,0.13226727,0.5348441,0.7944701,SDSS-SDSS,SDSS,527,52342,323,593438075762272256,26,binning 1   1,DR18
9170.646,0.40237442,0.52336204,0.79429626,SDSS-SDSS,SDSS,527,52342,323,593438075762272256,26,binning 1   1,DR18
9172.762,0.2782918,0.51560956,0.8027249,SDSS-SDSS,SDSS,527,52342,323,593438075762272256,26,binning 1   1,DR18
9174.871,0.6842367,0.5292124,0.8144038,SDSS-SDSS,SDSS,527,52342,323,593438075762272256,26,binning 1   1,DR18
9176.982,0.9237327,0.5299887,0.8213446,SDSS-SDSS,SDSS,527,52342,323,593438075762272256,26,binning 1   1,DR18
9179.099,0.23220566,0.5179327,0.80626273,SDSS-SDSS,SDSS,527,52342,323,593438075762272256,26,binning 1   1,DR18
9181.21,0.27471414,0.5011137,0.7855546,SDSS-SDSS,SDSS,527,52342,323,593438075762272256,26,binning 1   1,DR18
9183.327,0.03289534,0.4982901,0.7858558,SDSS-SDSS,SDSS,527,52342,323,593438075762272256,26,binning 1   1,DR18
9185.439,0.808067,0.51669765,0.7965541,SDSS-SDSS,SDSS,527,52342,323,593438075762272256,26,binning 1   1,DR18
9187.558,0.2583459,0.5353493,0.7780628,SDSS-SDSS,SDSS,527,52342,323,593438075762272256,26,binning 1   1,DR18
9189.672,-0.3555557,0.551884,0.7751133,SDSS-SDSS,SDSS,527,52342,323,593438075762272256,26,binning 1   1,DR18
9191.785,0.49810073,0.55630267,0.78027195,SDSS-SDSS,SDSS,527,52342,323,593438075762272256,26,binning 1   1,DR18
9193.905,0.41744247,0.57926464,0.7793746,SDSS-SDSS,SDSS,527,52342,323,593438075762272256,26,binning 1   1,DR18
9196.0205,1.4316498,0.61484694,0.76850474,SDSS-SDSS,SDSS,527,52342,323,593438075762272256,26,binning 1   1,DR18
9198.141,1.5212988,0.6203681,0.75805765,SDSS-SDSS,SDSS,527,52342,323,593438075762272256,26,binning 1   1,DR18
9200.257,1.2076828,0.6236666,0.7925961,SDSS-SDSS,SDSS,527,52342,323,593438075762272256,26,binning 1   1,DR18
9202.379,1.0163395,0.6311349,0.8036875,SDSS-SDSS,SDSS,527,52342,323,593438075762272256,26,binning 1   1,DR18
9204.495,0.6734294,0.6448391,0.7988514,SDSS-SDSS,SDSS,527,52342,323,593438075762272256,26,binning 1   1,DR18
9206.613,0.33413294,0.6620232,0.7910618,SDSS-SDSS,SDSS,527,52342,323,593438075762272256,26,binning 1   1,DR18
9208.736,-0.09083356,0.6873126,0.7841889,SDSS-SDSS,SDSS,527,52342,323,593438075762272256,26,binning 1   1,DR18
9210.8545,-0.6224097,0.7091585,0.78511006,SDSS-SDSS,SDSS,527,52342,323,593438075762272256,26,binning 1   1,DR18
9212.979,-1.0276147,0.71759737,0.77151054,SDSS-SDSS,SDSS,527,52342,323,593438075762272256,26,binning 1   1,DR18
9215.098,-1.4882747,0.7363193,0.771414,SDSS-SDSS,SDSS,527,52342,323,593438075762272256,26,binning 1   1,DR18
9217.223,0.840039,0.0,0.78565156,SDSS-SDSS,SDSS,527,52342,323,593438075762272256,26,binning 1   1,DR18
9219.343,3.1684372,0.806456,0.7853694,SDSS-SDSS,SDSS,527,52342,323,593438075762272256,26,binning 1   1,DR18
