oid,expid,hjd,mjd,mag,magerr,catflags,filtercode,ra,dec,chi,sharp,filefracday,field,ccdid,qid,limitmag,magzp,magzprms,clrcoeff,clrcounc,exptime,airmass,programid
663115100005802,62351379,2458378.0112533686,58377.513796300002,21.1450043,0.214665413,0,zg,117.3213476,36.907800600000002,0.948000014,-0.246000007,20180916513785,663,0xf,0x1,21.3899994,26.2316189,0.0350085199,-0.0639408156,1.25146526e-05,30,1.40999997,1
663115100005802,64348151,2458397.9807734462,58397.481516200001,21.5266781,0.247010231,0,zg,117.3213866,36.907729099999997,0.602999985,-0.247999996,20181006481516,663,0xf,0x1,21.8299999,26.2390499,0.0248327535,-0.0539338924,6.3602256e-06,30,1.27400005,1
663115100005802,67244646,2458426.9484682768,58426.446469900002,21.4347115,0.239216566,0,zg,117.3212683,36.907741199999997,0.962000012,-0.462000012,20181104446389,663,0xf,0x1,21.5900002,26.3269539,0.0299812015,-0.0997722745,9.24646338e-06,30,1.10699999,1
663115100005802,67245604,2458426.9580409387,58426.456041700003,21.6351242,0.256200552,0,zg,117.3213959,36.907650199999999,0.326000005,-0.120999999,20181104456030,663,0xf,0x1,21.7299995,26.3154011,0.0280377325,-0.0807821453,8.03285639e-06,30,1.08299994,3
663115100005802,67452405,2458429.026236359,58428.5240509,21.6375332,0.256404638,0,zg,117.32133930000001,36.907848600000001,0.533999979,-0.0920000002,20181106524028,663,0xf,0x1,21.7600002,26.3156834,0.027064763,-0.0509801358,7.62614309e-06,30,1,3
663115100005802,67544255,2458429.9448252125,58429.442557900002,21.5253601,0.246898651,0,zg,117.3213504,36.907698000000003,0.749000013,-0.275999993,20181107442442,663,0xf,0x1,22,26.2875214,0.0260499753,-0.0605963543,7.0581641e-06,30,1.09599996,1
663115100005802,67545300,2458429.9552775519,58429.453009299999,21.5620193,0.250005245,0,zg,117.3212741,36.907783000000002,1.25699997,0.0299999993,20181107452894,663,0xf,0x1,22.25,26.2872066,0.0285831448,-0.0596764088,8.41113888e-06,30,1.07099998,3
663115100005802,67643233,2458430.9346929388,58430.432337999999,22.0652275,0.292649508,0,zg,117.32128059999999,36.907815399999997,0.456,0.0270000007,20181108432326,663,0xf,0x1,22.0699997,26.3178501,0.0287958328,-0.0839128941,8.53573056e-06,30,1.11600006,3
663115100005802,67844651,2458432.9490473969,58432.446516199998,21.9490356,0.28280282,0,zg,117.32146779999999,36.907750999999998,0.555999994,-0.418000013,20181110446505,663,0xf,0x1,21.7199993,26.2938995,0.027878426,-0.0564725883,7.8742878e-06,30,1.06799996,3
663115100005802,67844743,2458432.9499618839,58432.447430599997,21.3005352,0.227845907,0,zg,117.3213653,36.907686599999998,1.12899995,-0.142000005,20181110447431,663,0xf,0x1,21.7099991,26.2933865,0.0270207301,-0.0570484772,7.50507161e-06,30,1.06599998,1
663115100005802,68747690,2458441.9801919116,58441.476909700003,21.2795563,0.22606802,0,zg,117.321185,36.907782099999999,0.526000023,-0.0260000005,20181119476898,663,0xf,0x1,21.7900009,26.3034859,0.0273801908,-0.0693413615,7.72207841e-06,30,1.00199997,1
663115100005802,72646678,2458480.9722154718,58480.466782399999,19.7454739,0.0911042914,0,zg,117.3214693,36.9078704,0.786000013,0.00400000019,20181228466782,663,0xf,0x1,20.3299999,26.2876263,0.0390056334,-0.0452816822,2.54780734e-05,30,1.10599995,1
663115100005802,73924459,2458493.7502325708,58493.244594900003,19.6121349,0.082402274,0,zg,117.321245,36.907747899999997,0.593999982,-0.00899999961,20190110244583,663,0xf,0x1,21.5599995,26.2921562,0.0309642423,-0.0713300481,9.88070678e-06,30,1.16499996,1
663115100005802,75420302,2458508.7085464904,58508.2030208,20.6038857,0.168808579,0,zg,117.3214333,36.907782500000003,0.847000003,-0.151999995,20190125203009,663,0xf,0x1,21.0599995,26.2788925,0.033958476,-0.0511514656,1.28622451e-05,30,1.16799998,1
663115100005802,75717343,2458511.6788963969,58511.173437500001,18.96138,0.0511467457,0,zg,117.3212934,36.907784399999997,1.71300006,-0.0529999994,20190128173426,663,0xf,0x1,20.9899998,26.2064018,0.0353993177,-0.0419871882,1.43238522e-05,30,1.25800002,1
663115100005802,76817847,2458522.6835594191,58522.178472200001,19.7993011,0.0948807672,0,zg,117.3213123,36.907789899999997,1.16199994,-0.0799999982,20190208178472,663,0xf,0x1,21.2399998,26.2537346,0.0330274999,-0.0366581865,1.21723506e-05,30,1.12199998,1
663115100005802,78425870,2458538.7629245701,58538.258703699998,20.0448303,0.114186212,32768,zg,117.3214006,36.907857800000002,0.880999982,-0.256999999,20190224258692,663,0xf,0x1,20.1800003,25.1238518,0.0432776399,-0.0377387889,4.15237482e-05,30,1.01600003,1
663115100005802,79328840,2458547.791992384,58547.288402799997,21.4613113,0.241470814,0,zg,117.3213406,36.907755899999998,0.609000027,-0.0320000015,20190305288391,663,0xf,0x1,21.5599995,26.2693424,0.0294589568,-0.06375397,8.93309698e-06,30,1.11699998,1
663115100005802,81317467,2458567.676603328,58567.174675900002,20.7011108,0.177047849,0,zg,117.3214035,36.907775600000001,1.15499997,0.112999998,20190325174676,663,0xf,0x1,21.5400009,26.2120895,0.0285661519,-0.0476510115,8.4214962e-06,30,1.01199996,1
663115100005802,81515921,2458569.6625222862,58569.159212999999,19.9804153,0.108778372,0,zg,117.3213193,36.907763199999998,0.284000009,0.0199999996,20190327159005,663,0xf,0x1,22.4099998,28.421505,0.0190469567,-0.0572954379,3.76385606e-06,300,1.005,2
663115100005802,81532687,2458569.8301688372,58569.326874999999,19.6964569,0.0877994075,32768,zg,117.32133829999999,36.907761200000003,0.479000002,-0.0839999989,20190327326748,663,0xf,0x1,20.6399994,27.6867867,0.030351771,-0.034313675,1.07499227e-05,300,1.74899995,2
663115100005802,82120211,2458575.7033042158,58575.202118100002,20.3396091,0.142274916,32768,zg,117.3217465,36.9077445,0.984000027,-0.165999994,20190402202118,663,0xf,0x1,20.6100006,25.2913036,0.0400786512,-0.0521660671,2.68112781e-05,30,1.09099996,1
663115100005802,82719099,2458581.6916147755,58581.1909954,21.1401653,0.214255333,0,zg,117.3211592,36.907868399999998,0.708000004,-0.321999997,20190408190949,663,0xf,0x1,21.3500004,26.1173382,0.0300405007,-0.0562738068,9.71047302e-06,30,1.10399997,1
663115100005802,83021224,2458584.7125767525,58584.212245399998,19.726572,0.0898149312,0,zg,117.3213298,36.907798499999998,0.307000011,-0.0810000002,20190411212245,663,0xf,0x1,20.9400005,26.1816292,0.0324377716,-0.0503570773,1.26465056e-05,30,1.204,1
663115100005802,83317310,2458587.6731506642,58587.1731019,19.730999,0.0901152566,0,zg,117.3212777,36.907743799999999,0.896000028,-0.100000001,20190414173090,663,0xf,0x1,20.5799999,26.2243805,0.0358213186,-0.0524151884,1.90361679e-05,30,1.10000002,1
663115100005802,84420685,2458598.7058564173,58598.206851900002,20.2562904,0.133764461,0,zg,117.3212575,36.907799599999997,0.726000011,0.0590000004,20190425206852,663,0xf,0x1,21.4899998,26.1448498,0.028475713,-0.0581964105,8.46140392e-06,30,1.37699997,1
663115100005802,84818416,2458602.6828028993,58602.184166699997,21.2734356,0.22554934,0,zg,117.3211853,36.907625799999998,0.866999984,-0.296999991,20190429184155,663,0xf,0x1,21.4099998,26.2116432,0.0304120649,-0.0653583258,9.56495569e-06,30,1.30599999,1
663115100005802,97248747,2458726.9836880793,58726.487476900002,18.5680733,0.0390898325,0,zg,117.3213633,36.907760500000002,0.538999975,-0.0289999992,20190831487477,663,0xf,0x1,20.9799995,25.9797897,0.0334697329,-0.0503732748,1.2731075e-05,30,2.34200001,1
663115100005802,97949061,2458733.9873285783,58733.490613399998,18.5013924,0.037424013,0,zg,117.3212905,36.907737500000003,0.497999996,-0.00300000003,20190907490613,663,0xf,0x1,20.7199993,26.0625839,0.0362355039,-0.0493401177,1.70861658e-05,30,1.91900003,1
663115100005802,98248988,2458736.9868306424,58736.489884299997,19.3385735,0.0672005415,0,zg,117.32123300000001,36.907761600000001,1.09000003,0.074000001,20190910489884,663,0xf,0x1,21.3500004,26.099247,0.0295999367,-0.0721258521,9.24826327e-06,30,1.81200004,1
663115100005802,98851539,2458743.0128288697,58742.515393499998,18.7464104,0.0440521874,32768,zg,117.3213409,36.907758299999998,0.713999987,-0.230000004,20190916515394,663,0xf,0x1,19.1700001,25.2563229,0.119810745,-0.00992783718,0.000652284536,30,1.403,1
663115100005802,99451462,2458749.0125805647,58748.514629600002,18.8515682,0.0473589413,0,zg,117.3212999,36.9077701,0.582000017,0.0130000003,20190922514618,663,0xf,0x1,20.8400002,26.155838,0.0313080065,-0.0351970382,1.26826671e-05,30,1.30499995,1
663115100005802,99749069,2458751.9889102313,58751.490694400003,20.1977119,0.128054082,0,zg,117.3213112,36.907779400000003,1.06299996,-0.116999999,20190925490694,663,0xf,0x1,21.3700008,26.08358,0.0285377968,-0.0572406426,8.57999294e-06,30,1.40400004,1
663115100005802,100245375,2458756.9524186663,58756.453750000001,20.2192917,0.130131736,0,zg,117.3212939,36.907793300000002,0.57099998,-0.0309999995,20190930453669,663,0xf,0x1,21.2600002,26.1116676,0.0313388444,-0.0516793169,1.05011404e-05,30,1.59899998,1
663115100005802,100339858,2458757.8973441822,58757.398587999996,19.4145393,0.0710894167,0,zg,117.3211063,36.907734499999997,0.838999987,0.108999997,20191001398009,663,0xf,0x1,20.3799992,25.9795723,0.0392344818,-0.0525845289,2.54670449e-05,30,2.44700003,2
663115100005802,100947326,2458763.9725908558,58763.473263899999,18.7999706,0.0456989072,0,zg,117.3213056,36.907752600000002,1.05599999,-0.0729999989,20191007473252,663,0xf,0x1,21.6200008,26.1683292,0.0278507881,-0.0711512193,7.99949612e-06,30,1.30799997,1
663115100005802,101246674,2458766.9663595692,58766.466747699997,19.2454205,0.0627525523,0,zg,117.3213294,36.907761700000002,0.689999998,0.0649999976,20191010466748,663,0xf,0x1,21.2600002,26.1541672,0.0308279227,-0.0550117344,1.00167372e-05,30,1.29799998,1
663115100005802,102452728,2458779.0280471761,58778.527280100003,18.8666077,0.0478568524,0,zg,117.32128109999999,36.907724299999998,1.102,-0.112999998,20191022527234,663,0xf,0x1,20.5300007,26.2084122,0.0351333544,-0.0260406062,1.82058175e-05,30,1.02199996,1
663115100005802,103654150,2458791.0433973437,58790.541504599998,19.927309,0.104507156,0,zg,117.3213416,36.907753700000001,0.444999993,0.0719999969,20191103541296,663,0xf,0x1,21.5499992,26.2336483,0.0295139253,-0.0720945373,9.11826737e-06,30,1.00100005,1
663115100005802,104255011,2458797.0525460094,58796.550115700004,20.5122566,0.161043525,0,zg,117.3210342,36.9078102,1.40100002,-0.404000014,20191109550104,663,0xf,0x1,20.8700008,26.2158413,0.03181649,-0.0436609611,1.22982819e-05,30,1.01499999,1
663115100005802,104853891,2458803.0418533552,58802.538912000004,19.1066036,0.0567331389,0,zg,117.3213421,36.9077482,0.470999986,-0.108999997,20191115538912,663,0xf,0x1,20.4200001,26.2193813,0.0337229855,-0.0550006889,1.89027269e-05,30,1.01999998,1
663115100005802,105743564,2458811.9392915419,58811.4356481,19.1577015,0.0588677824,32768,zg,117.32128280000001,36.907801599999999,1.21899998,-0.0759999976,20191124435648,663,0xf,0x1,21.0200005,26.158989,0.0426466838,-0.0705314428,2.0819265e-05,30,1.02400005,1
663115100005802,106943662,2458823.9410742726,58823.436620400003,19.599987,0.0816539526,32768,zg,117.3211113,36.907786799999997,0.312000006,-0.0260000005,20191206436528,663,0xf,0x1,19.7800007,24.6093884,0.0433965847,-0.0795111135,5.9579339e-05,30,1.00100005,1
663115100005802,107951917,2458834.0241671032,58833.519178199997,18.9892292,0.0521652587,0,zg,117.3215022,36.907869599999998,1.12399995,0.444999993,20191216519167,663,0xf,0x1,19.0300007,26.3178215,0.0392733663,-0.0222512074,6.36498371e-05,30,1.16299999,1
663115100005802,108348472,2458837.989881068,58837.484722200003,18.8503838,0.0473199859,0,zg,117.3211957,36.907750100000001,1.03400004,-0.0270000007,20191220484711,663,0xf,0x1,20.6599998,26.3571167,0.0329270326,-0.06244516,1.45586055e-05,30,1.09200001,3
663115100005802,108444512,2458838.9503237139,58838.445127300001,19.7234936,0.0896067545,32768,zg,117.3212312,36.907741399999999,0.986999989,-0.179000005,20191221445127,663,0xf,0x1,20.2600002,25.7138252,0.0380507037,-0.0520749055,2.60203396e-05,30,1.02499998,3
663115100005802,109248538,2458846.9908348755,58846.485381899998,19.7122326,0.0888492987,0,zg,117.32123249999999,36.907779599999998,0.615999997,-0.075000003,20191229485370,663,0xf,0x1,21.2900009,26.3335781,0.0335409567,-0.0733584687,1.19399638e-05,30,1.16900003,1
663115100005802,109546989,2458849.9754171269,58849.469895800001,20.3680191,0.145281777,0,zg,117.3213636,36.907780700000004,1.18099999,0.0549999997,20200101469838,663,0xf,0x1,21.3700008,26.3573723,0.0317839421,-0.0911528468,1.05647778e-05,30,1.14400005,1
663115100005802,109846293,2458852.9685147484,58852.462939800003,19.243782,0.0626773685,0,zg,117.3212766,36.907771199999999,0.763999999,0.00499999989,20200104462928,663,0xf,0x1,21.8299999,26.3600826,0.0290116295,-0.0825099871,8.67123617e-06,30,1.148,1
663115100005802,109945618,2458853.9617700218,58853.456180599998,19.3599052,0.0682682395,0,zg,117.3212862,36.907775700000002,0.838999987,-0.0649999976,20200105456169,663,0xf,0x1,21.7099991,26.3622932,0.0308628809,-0.0892866701,9.85825864e-06,30,1.13499999,1
663115100005802,110118226,2458855.6878790623,58855.182268500001,18.6276894,0.0406637043,0,zg,117.32109199999999,36.907673799999998,0.722000003,0.111000001,20200107182257,663,0xf,0x1,19.3500004,26.2846565,0.041658476,-0.0313765705,5.55959268e-05,30,1.61099994,1
663115100005802,110711317,2458861.6188162956,58861.1131713,19.4899445,0.0751955286,0,zg,117.321236,36.907779400000003,0.356000006,0.0329999998,20200113113171,663,0xf,0x1,20.3700008,26.0858879,0.0426162146,-0.0280038733,2.84675461e-05,30,2.48699999,1
663115100005802,111019534,2458864.7009866969,58864.195347200002,19.0020523,0.0526424423,0,zg,117.3212822,36.9077743,0.81400001,-0.0430000015,20200116195336,663,0xf,0x1,21.7199993,26.3143826,0.0299270637,-0.0930910185,9.31248178e-06,30,1.32000005,1
663115100005802,111339152,2458867.8971445286,58867.391527799999,19.2886791,0.0647754893,0,zg,117.3213087,36.907781499999999,0.479000002,0.0280000009,20200119391516,663,0xf,0x1,21.5699997,26.3610439,0.0302778408,-0.0824998692,9.5944215e-06,30,1.06700003,1
663115100005802,112221743,2458876.7228947799,58876.217430600002,19.7980995,0.0947947428,0,zg,117.32129140000001,36.907758600000001,0.796999991,0.0189999994,20200128217419,663,0xf,0x1,21.7000008,26.3454361,0.0303053968,-0.0833147168,9.57286284e-06,30,1.10000002,3
663115100005802,112221787,2458876.7233345686,58876.217870400003,19.8688602,0.0999964476,0,zg,117.3212932,36.907784300000003,0.893000007,-0.0500000007,20200128217870,663,0xf,0x1,21.8099995,26.3491974,0.0305892359,-0.0917170942,9.772064e-06,30,1.09800005,1
663115100005802,112322577,2458877.7312140032,58877.225775500003,19.7217121,0.08948645,0,zg,117.3213652,36.907753900000003,0.686999977,-0.0599999987,20200129225752,663,0xf,0x1,21.4300003,26.3440552,0.0305779576,-0.0916222781,9.77743002e-06,30,1.07299995,3
663115100005802,112517340,2458879.6787869707,58879.173402799999,19.3496761,0.067753911,0,zg,117.3212497,36.907744100000002,1.38499999,-0.177000001,20200131173403,663,0xf,0x1,20.8899994,26.2440033,0.0340297148,-0.0598196052,1.3493679e-05,30,1.22399998,1
663115100005802,112523561,2458879.7409957657,58879.2356134,19.4527874,0.0731407478,0,zg,117.3212549,36.907820000000001,1.27999997,0.0179999992,20200131235602,663,0xf,0x1,20.9200001,26.3571529,0.0343616195,-0.0648252591,1.35849768e-05,30,1.04400003,3
663115100005802,112625465,2458880.7600042159,58880.254652800002,18.5906563,0.039676398,0,zg,117.3213227,36.907777899999999,1.52699995,0.00300000003,20200201254630,663,0xf,0x1,21.1200008,26.3664703,0.0335782841,-0.0760775954,1.23268246e-05,30,1.01600003,3
663115100005802,112719449,2458881.6998120677,58881.1944907,19.7665405,0.0925637037,0,zg,117.3213859,36.907805099999997,0.75,0.174999997,20200202194491,663,0xf,0x1,20.8700008,26.3449497,0.0349645317,-0.0581855662,1.51324248e-05,30,1.12600005,1
663115100005802,112723425,2458881.7395793847,58881.234259299999,19.0382824,0.0540191196,0,zg,117.3213257,36.907733499999999,1.13499999,-0.00200000009,20200202234225,663,0xf,0x1,21.0400009,26.3649082,0.0319987424,-0.0675042346,1.13020851e-05,30,1.03699994,3
663115100005802,113026671,2458884.7719265036,58884.266712999997,19.3794212,0.0692615286,0,zg,117.3213453,36.907778999999998,1.08099997,-0.118000001,20200205266690,663,0xf,0x1,19.9599991,26.3587341,0.0377571285,-0.0377154015,3.06075599e-05,30,1.00199997,3
663115100005802,113126851,2458885.7736936416,58885.268518500001,19.5640259,0.0794805288,0,zg,117.3214444,36.907928099999999,0.623000026,-0.307000011,20200206268472,663,0xf,0x1,19.7000008,26.2673607,0.035937041,-0.0464789644,3.32780437e-05,30,1.00100005,3
663115100005802,113426339,2458888.768442533,58888.263391200002,18.6550579,0.0414140932,0,zg,117.32130840000001,36.9077907,0.66900003,-0.0860000029,20200209263368,663,0xf,0x1,19.8199997,26.3891945,0.0357651897,-0.0556871407,3.31294686e-05,30,1,3
663115100005802,113629122,2458890.7961867633,58890.291226900001,19.2771645,0.0642299131,0,zg,117.32121189999999,36.907771599999997,0.675000012,0.0469999984,20200211291100,663,0xf,0x1,20.3299999,26.3565102,0.0333157703,-0.0541275665,1.8650022e-05,30,1.01300001,3
663115100005802,113630634,2458890.8113017557,58890.306342600001,19.1085567,0.0568130352,0,zg,117.3212563,36.907799900000001,1.17299998,0.0659999996,20200211306331,663,0xf,0x1,20.1499996,26.3483543,0.0365729295,-0.0525605828,2.49940204e-05,30,1.02900004,1
663115100005802,113717152,2458891.6764460555,58891.171527799997,18.8734455,0.0480853729,0,zg,117.3212856,36.907751400000002,0.448000014,-0.0260000005,20200212171516,663,0xf,0x1,21.6000004,26.3542576,0.0303539522,-0.0938595235,9.50099457e-06,30,1.11300004,3
663115100005802,113818715,2458892.6920216782,58892.187152799997,19.6059875,0.0820227191,0,zg,117.32129190000001,36.9077786,0.58099997,-0.0450000018,20200213187130,663,0xf,0x1,21.5900002,26.3463402,0.0299857333,-0.0879321769,9.40345035e-06,30,1.06799996,3
663115100005802,113920385,2458893.708672157,58893.203854200001,18.9857769,0.0520376787,0,zg,117.3212925,36.907772600000001,0.925999999,-0.130999997,20200214203843,663,0xf,0x1,21.8999996,26.3380451,0.0317974649,-0.0866125599,1.03190323e-05,30,1.03400004,3
663115100005802,114020424,2458894.7090141014,58894.2042477,19.8049145,0.0952836499,0,zg,117.3212534,36.907795,0.897000015,-0.0109999999,20200215204236,663,0xf,0x1,21.7099991,26.3514404,0.0306801945,-0.0881032422,9.84865983e-06,30,1.02999997,3
663115100005802,114116937,2458895.6740903123,58895.169374999998,18.9336853,0.0501575954,0,zg,117.32127250000001,36.907765099999999,1.12600005,-0.00700000022,20200216169375,663,0xf,0x1,21.6299992,26.3558044,0.030997891,-0.0953432694,9.91419529e-06,30,1.09000003,1
663115100005802,114119076,2458895.6954780761,58895.190763899998,18.9228668,0.0497774817,0,zg,117.3213023,36.907755100000003,0.815999985,-0.0549999997,20200216190764,663,0xf,0x1,21.6299992,26.3528671,0.0296874214,-0.0863318965,9.18401565e-06,30,1.046,3
663115100005802,114222166,2458896.7263248521,58896.221666700003,19.0045452,0.0527358092,0,zg,117.3212765,36.907777899999999,1.38,0.0260000005,20200217221644,663,0xf,0x1,21.7099991,26.3579197,0.0329149216,-0.0867704749,1.13008418e-05,30,1.00699997,3
663115100005802,114426945,2458898.7739985101,58898.269456000002,19.437748,0.0723265335,0,zg,117.32127060000001,36.907757400000001,0.964999974,0,20200219269444,663,0xf,0x1,22,26.3431778,0.0328590013,-0.102640495,1.10730298e-05,30,1.01300001,1
663115100005802,114427046,2458898.7750054519,58898.270463000001,19.4068069,0.0706824511,0,zg,117.3212875,36.907771799999999,0.842000008,0.0960000008,20200219270405,663,0xf,0x1,21.9099998,26.3402195,0.033272326,-0.097696349,1.14003305e-05,30,1.01400006,3
663115100005802,114520309,2458899.7075782041,58899.203090299998,18.6554699,0.0414255373,0,zg,117.3213125,36.907746899999999,1.08800006,0.0320000015,20200220203032,663,0xf,0x1,21.7999992,26.3594055,0.0290647671,-0.0951697305,8.78290393e-06,30,1.01600003,3
663115100005802,114627924,2458900.7836712184,58900.279247699997,19.3014984,0.0653890744,0,zg,117.3213083,36.907770200000002,0.760999978,-0.050999999,20200221279236,663,0xf,0x1,21.5200005,26.3498707,0.0320569165,-0.0802351683,1.09464545e-05,30,1.02900004,3
663115100005802,114629898,2458900.8034038153,58900.298981499996,18.7740555,0.0448925905,0,zg,117.3212762,36.907768900000001,0.848999977,0.0289999992,20200221298970,663,0xf,0x1,21.4099998,26.3535366,0.0325058773,-0.089326866,1.12747421e-05,30,1.06200004,1
663115100005802,114924339,2458903.7476296299,58903.243391199998,19.7546959,0.0917402431,0,zg,117.3212748,36.9078041,1.13999999,-0.0769999996,20200224243380,663,0xf,0x1,21.7900009,26.3130436,0.0311517026,-0.0689788982,1.01104852e-05,30,1.00399995,1
663115100005802,114924430,2458903.7485439735,58903.244305599997,19.7109299,0.088762179,0,zg,117.3213068,36.907778200000003,1.16100001,0.145999998,20200224244294,663,0xf,0x1,21.8999996,26.3252754,0.0303031132,-0.0812956989,9.45693864e-06,30,1.005,3
663115100005802,115015778,2458904.661968485,58904.1577894,19.0063438,0.052803304,0,zg,117.32130909999999,36.907782699999998,0.924000025,0.0280000009,20200225157720,663,0xf,0x1,21.7700005,26.3056889,0.0308219958,-0.0802991092,9.89494129e-06,30,1.06099999,3
663115100005802,115015825,2458904.6624313556,58904.158252300003,19.0227604,0.0534241088,0,zg,117.321313,36.907763899999999,1.49300003,-0.0320000015,20200225158241,663,0xf,0x1,21.7800007,26.3101711,0.0325680003,-0.0852606744,1.0957463e-05,30,1.05999994,1
663115100005802,115116356,2458905.6676774439,58905.163564800001,18.9251671,0.049858015,0,zg,117.3213792,36.907750700000001,0.736999989,0.00700000022,20200226163553,663,0xf,0x1,20.5100002,26.3362198,0.0376076885,-0.066702731,2.0808875e-05,30,1.046,3
663115100005802,115226035,2458906.7643975932,58906.260358799998,19.4883785,0.0751076564,0,zg,117.32131390000001,36.9077907,0.898999989,-0.0209999997,20200227260347,663,0xf,0x1,21.2800007,26.342804,0.0313999653,-0.0753057078,1.04899609e-05,30,1.02600002,3
663115100005802,115226127,2458906.7653118297,58906.261273099997,19.5329685,0.0776530281,0,zg,117.32128299999999,36.907778700000001,0.787999988,-0.00700000022,20200227261262,663,0xf,0x1,21.2000008,26.3493843,0.0331311338,-0.0797650218,1.18626076e-05,30,1.02699995,1
663115100005802,115816458,2458912.6682009697,58912.1645833,18.6592941,0.0415318646,0,zg,117.32130290000001,36.907772600000001,1.20799994,-0.0540000014,20200304164572,663,0xf,0x1,20.8600006,26.3354988,0.0313577987,-0.0572733805,1.25615261e-05,30,1.01900005,3
663115100005802,115816550,2458912.6691269008,58912.165509300001,18.8160477,0.0462082364,0,zg,117.3213001,36.907768599999997,0.463999987,0.0240000002,20200304165498,663,0xf,0x1,20.7900009,26.3389282,0.0342182443,-0.050176885,1.52787616e-05,30,1.01800001,1
663115100005802,116119403,2458915.6974266474,58915.194039399998,19.6977654,0.0878859535,0,zg,117.32128160000001,36.9077956,0.639999986,-0.123000003,20200307194005,663,0xf,0x1,20.3199997,26.349102,0.0355918147,-0.0462657288,2.29977468e-05,30,1,3
663115100005802,116119506,2458915.6984565724,58915.195069399997,19.3516464,0.0678526536,0,zg,117.3213406,36.907759800000001,0.583999991,-0.075000003,20200307195000,663,0xf,0x1,20.3799992,26.3309803,0.0359514467,-0.0427680202,2.26465945e-05,30,1,1
663115100005802,116319130,2458917.6945383577,58917.191307900001,18.8918095,0.0487057865,0,zg,117.32129740000001,36.907738299999998,0.282000005,0.0130000003,20200309191296,663,0xf,0x1,19.7900009,26.0906963,0.0370789655,-0.0315241553,3.75424897e-05,30,1,3
663115100005802,116322780,2458917.7310284558,58917.2278009,18.7622795,0.0445321538,32768,zg,117.32130720000001,36.907668399999999,0.528999984,-0.174999997,20200309227789,663,0xf,0x1,18.9300003,25.642662,0.0512135476,-0.0269613322,0.000157383634,30,1.023,1
663115100005802,118527921,2458939.7805091944,58939.279213000002,18.8851929,0.0484810919,32768,zg,117.3213349,36.907709199999999,1.37800002,-0.0170000009,20200331279201,663,0xf,0x1,20.0400009,25.6690445,0.0371909402,-0.0422315784,3.07986047e-05,30,1.41900003,3
663115100005802,119019364,2458944.6944791889,58944.193645799998,18.9568977,0.0509850644,0,zg,117.32133519999999,36.907806000000001,0.388000011,0.0329999998,20200405193588,663,0xf,0x1,20.1700001,26.3050518,0.035768602,-0.0585750714,2.63200818e-05,30,1.09500003,1
663115100005802,119019456,2458944.695393505,58944.194560199998,18.8795929,0.0482919738,0,zg,117.32137160000001,36.907801300000003,0.879000008,-0.0680000037,20200405194560,663,0xf,0x1,20.1299992,26.3064346,0.0339850783,-0.0638143569,2.32472466e-05,30,1.097,3
663115100005802,120016291,2458954.6628004517,58954.162916699999,19.1928787,0.0603915304,0,zg,117.32129020000001,36.907766799999997,1.46800005,-0.0520000011,20200415162859,663,0xf,0x1,21.4500008,26.2710552,0.0341047458,-0.0833913609,1.21328139e-05,30,1.08599997,3
663115100005802,120220611,2458956.7058002511,58956.2061111,19.4423008,0.0725719556,0,zg,117.3213164,36.907776800000001,1,-0.107000001,20200417206065,663,0xf,0x1,21.5,26.2856865,0.0305722151,-0.0840220973,9.66374682e-06,30,1.25899994,3
663115100005802,120819435,2458962.6934749316,58962.194351899998,19.7417583,0.09084934,0,zg,117.32130189999999,36.907817799999997,1.07000005,-0.109999999,20200423194352,663,0xf,0x1,21.4500008,26.2711277,0.0301065668,-0.0676868185,9.61477781e-06,30,1.28299999,3
663115100005802,120915398,2458963.6530147004,58963.1539815,19.2412796,0.0625626817,0,zg,117.3213148,36.907764499999999,0.93599999,0.101999998,20200424153981,663,0xf,0x1,21.7000008,26.281004,0.0279753897,-0.0650591999,7.98024757e-06,30,1.12899995,1
663115100005802,120915582,2458963.6548548299,58963.155821799999,19.5734386,0.0800434202,0,zg,117.3213494,36.907759300000002,0.751999974,0.00999999978,20200424155810,663,0xf,0x1,21.75,26.2771435,0.0298268422,-0.063155897,9.08838138e-06,30,1.13499999,3
663115100005802,120917333,2458963.6723646782,58963.173333300001,19.2433853,0.0626591742,0,zg,117.3213049,36.907784499999998,1.41499996,-0.119000003,20200424173333,663,0xf,0x1,21.7199993,26.2659969,0.0320765451,-0.0684045926,1.06006173e-05,30,1.19799995,1
663115100005802,120918315,2458963.6821901551,58963.183159699998,18.9024849,0.0490709469,0,zg,117.3213301,36.907772700000002,0.93599999,-0.063000001,20200424183148,663,0xf,0x1,21.6200008,26.2478867,0.0304303356,-0.0653402656,9.64198625e-06,30,1.24100006,3
663115100005802,121017126,2458964.670199865,58964.1712616,20.0261917,0.11259561,0,zg,117.3212742,36.907801999999997,1.14600003,-0.0500000007,20200425171262,663,0xf,0x1,21.5799999,26.2006207,0.0295908954,-0.0612860471,9.06973855e-06,30,1.20099998,3
663115100005802,121119437,2458965.6932181641,58965.194374999999,19.3183327,0.0662047043,0,zg,117.3212966,36.907782699999998,0.615999997,-0.0529999994,20200426194375,663,0xf,0x1,21.4400005,26.2530918,0.0286931861,-0.0534951724,8.57970099e-06,30,1.329,3
663115100005802,121222314,2458966.7218960486,58966.223148099998,19.4943924,0.075445652,32768,zg,117.32139220000001,36.907853699999997,0.307000011,0.050999999,20200427223148,663,0xf,0x1,19.2700005,24.6142063,0.0770465732,-0.035837315,0.000287259289,30,1.56500006,3
663115100005802,121222405,2458966.7227987605,58966.224050899997,18.9755802,0.0516630746,32768,zg,117.321327,36.907780099999997,0.898999989,0.0260000005,20200427224051,663,0xf,0x1,19.8999996,25.1633434,0.0440277383,-0.0330236033,4.92519976e-05,30,1.57299995,1
663115100005802,121320085,2458967.6995144039,58967.2008565,18.9767303,0.0517051332,0,zg,117.32131630000001,36.907735199999998,0.75999999,-0.0970000029,20200428200856,663,0xf,0x1,21.1499996,26.2304249,0.0328893699,-0.0582204387,1.22141664e-05,30,1.40600002,3
663115100005802,121622886,2458970.7272474831,58970.228865700003,19.7409401,0.090793319,0,zg,117.3212731,36.907814899999998,1.05200005,-0.398999989,20200501228866,663,0xf,0x1,20.2600002,26.215414,0.0379780978,-0.0345664136,2.45603078e-05,30,1.74399996,1
663115100005802,121919589,2458973.6940071727,58973.195891199997,19.7391491,0.0906708091,0,zg,117.321405,36.907786100000003,0.533999979,-0.00600000005,20200504195880,663,0xf,0x1,20.4400005,26.222683,0.0364319012,-0.0352812,2.09315276e-05,30,1.49300003,1
663115100005802,122523287,2458979.7304622801,58979.232870400003,19.1975441,0.0605969727,0,zg,117.321336,36.907766600000002,0.628000021,-0.141000003,20200510232870,663,0xf,0x1,20.5400009,25.9707108,0.0366383195,-0.023077786,1.97770623e-05,30,2.20000005,1
663115100005802,133851711,2459093.0133827385,59092.517118099997,19.9617805,0.10726057,0,zg,117.3211427,36.907746000000003,0.44600001,-0.130999997,20200831517002,663,0xf,0x1,19.9300003,26.1965637,0.0359892882,-0.0403852463,3.02566841e-05,30,1.78600001,1
663115100005802,137052666,2459125.0255976603,59124.526666700003,19.4598579,0.0735269785,0,zg,117.3213186,36.9077421,0.94599998,-0.211999997,20201002526667,663,0xf,0x1,20.4500008,26.3262711,0.0341704376,-0.0530696809,1.90798182e-05,30,1.13100004,1
663115100005802,137249784,2459126.9969631732,59126.4978472,19.7429752,0.0909327641,0,zg,117.3213926,36.907731699999999,0.746999979,-0.0710000023,20201004497847,663,0xf,0x1,20.7099991,26.3230286,0.0342167914,-0.0585819259,1.59133378e-05,30,1.21700001,1
663115100005802,137648736,2459130.9868551157,59130.4873611,19.7241745,0.0896527469,0,zg,117.3212565,36.907796599999998,0.568000019,-0.061999999,20201008487350,663,0xf,0x1,20.7600002,26.3417149,0.032810498,-0.0441096202,1.38153009e-05,30,1.21500003,1
663115100005802,138144393,2459135.9439032921,59135.443935199997,19.7530155,0.0916240811,0,zg,117.321307,36.907772799999996,1.06099999,-0.0560000017,20201013443935,663,0xf,0x1,21.6200008,26.2852116,0.0265907198,-0.0648210868,7.34341256e-06,30,1.375,1
663115100005802,138346571,2459137.9658797877,59137.465717599996,19.7469444,0.091205433,0,zg,117.32127800000001,36.907755100000003,0.721000016,-0.0419999994,20201015465718,663,0xf,0x1,21.6499996,26.2325249,0.0280870106,-0.0734566227,8.09884205e-06,30,1.22599995,1
663115100005802,138544784,2459139.9481996815,59139.447847199997,20.7610855,0.182130337,0,zg,117.3211764,36.907686699999999,0.485000014,0.104000002,20201017447847,663,0xf,0x1,21.4400005,25.9195423,0.0316596739,-0.066322796,1.03532493e-05,30,1.28699994,1
663115100005802,138744537,2459141.9459144305,59141.445370399997,19.2622871,0.0635326803,0,zg,117.32128710000001,36.907765400000002,0.978999972,-0.109999999,20201019445370,663,0xf,0x1,21.8199997,26.3175755,0.0281587448,-0.0775179341,8.23099708e-06,30,1.27100003,1
663115100005802,138951269,2459144.0134386257,59143.512696799997,20.1215591,0.120961584,0,zg,117.3212443,36.907758100000002,0.574999988,-0.00899999961,20201021512697,663,0xf,0x1,22.1000004,26.3737755,0.026986232,-0.0838952959,7.5300718e-06,30,1.04299998,1
663115100005802,139144430,2459145.9452314693,59145.444305600002,19.6442585,0.0844163075,0,zg,117.3213011,36.907763099999997,0.92900002,0.0460000001,20201023444294,663,0xf,0x1,21.8700008,26.2863483,0.0277261417,-0.0782150626,7.98588371e-06,30,1.22399998,1
663115100005802,139549771,2459149.9990289984,59149.497719899999,20.9390087,0.197208405,0,zg,117.32133,36.907851800000003,0.93900001,-0.187000006,20201027497708,663,0xf,0x1,21.4099998,26.3710747,0.0301620029,-0.0951741263,9.54987809e-06,30,1.04100001,1
663115100005802,139643523,2459150.9366284669,59150.4352315,20.0246048,0.112461083,0,zg,117.32112360000001,36.907816699999998,0.917999983,0.0860000029,20201028435208,663,0xf,0x1,20.6900005,26.3864269,0.0351680927,-0.0538117029,1.63175173e-05,30,1.204,1
663115100005802,139853645,2459153.0380510399,59152.536458299997,19.9223557,0.104117148,0,zg,117.32131440000001,36.907748300000002,0.674000025,0.101999998,20201030536458,663,0xf,0x1,21.1299992,26.4072418,0.0291641112,-0.0539825298,9.34960372e-06,30,1.00100005,1
663115100005802,140151035,2459156.0122252838,59155.510358799998,18.8543224,0.047449626,0,zg,117.32142330000001,36.907770800000002,0.763000011,-0.0120000001,20201102510359,663,0xf,0x1,20.5,26.379715,0.0415034555,-0.026696464,2.70411347e-05,30,1.00800002,1
663115100005802,140340002,2459157.9020611956,59157.400023100003,19.8012314,0.0950190872,0,zg,117.321375,36.907697599999999,0.397000015,-0.0540000014,20201104400023,663,0xf,0x1,20.2800007,26.3319054,0.0372771807,-0.0511718728,2.38964585e-05,30,1.27900004,1
663115100005802,140944142,2459163.9439962665,59163.441423600001,19.7497635,0.0913995951,0,zg,117.3212923,36.9077986,1.06500006,0.105999999,20201110441424,663,0xf,0x1,21.3700008,26.4026089,0.0278544873,-0.0672388077,8.21608228e-06,30,1.07500005,1
663115100005802,141144597,2459165.9487166861,59165.445972200003,19.6208801,0.0829454884,0,zg,117.3213184,36.907785599999997,1.39300001,-0.131999999,20201112445972,663,0xf,0x1,21.6900005,26.4161263,0.0270863194,-0.0810713693,7.47884633e-06,30,1.05400002,1
663115100005802,141644471,2459170.947869353,59170.444710600001,19.6489983,0.0847177953,0,zg,117.3213284,36.9077603,1.17299998,-0.0930000022,20201117444711,663,0xf,0x1,21.7099991,26.3949356,0.026021665,-0.057563331,7.05570437e-06,30,1.03400004,1
663115100005802,141944553,2459173.9489289932,59173.445532400001,20.886322,0.19274354,0,zg,117.3212903,36.907763699999997,0.68900001,0.123000003,20201120445532,663,0xf,0x1,21.8700008,26.3619099,0.025607666,-0.0661900043,6.82950531e-06,30,1.023,1
663115100005802,142351774,2459178.0214479654,59177.517743099997,20.922924,0.195845366,0,zg,117.3211854,36.907713899999997,1.29200006,-0.0860000029,20201124517743,663,0xf,0x1,21.3099995,26.4090843,0.0433438271,-0.0553068668,1.98832386e-05,30,1.02600002,1
663115100005802,142649530,2459180.9992198227,59180.495300900002,19.1611633,0.0590157509,0,zg,117.3211431,36.907775299999997,0.388999999,0.291000009,20201127495301,663,0xf,0x1,20.5300007,26.4106312,0.0365379155,-0.0572874583,1.92028401e-05,30,1.01199996,1
663115100005802,142853027,2459183.0343371448,59182.530277799997,18.856144,0.0475097299,0,zg,117.3213501,36.907826300000004,0.600000024,0.0109999999,20201129530255,663,0xf,0x1,20.2600002,26.3927441,0.0378065221,-0.0422420315,2.55969553e-05,30,1.07000005,1
663115100005802,143840125,2459192.9059174461,59192.401250000003,19.8616028,0.0994500369,32768,zg,117.3213416,36.907912500000002,0.723999977,-0.206,20201209401250,663,0xf,0x1,19.75,25.2982674,0.0603473336,-0.0492074974,0.00010051774,30,1.01499999,2
663115100005802,143936295,2459193.8676711554,59193.362951399999,19.4407654,0.0724890903,0,zg,117.32128640000001,36.907768599999997,1.26199996,-0.0219999999,20201210362951,663,0xf,0x1,21.6100006,26.3890934,0.0296959002,-0.0837395117,9.07515641e-06,30,1.06700003,1
663115100005802,144040422,2459194.9089994547,59194.404224500002,20.3455257,0.142896548,0,zg,117.3211362,36.907566500000001,0.758000016,-0.171000004,20201211404225,663,0xf,0x1,21.1000004,26.1740799,0.0337628089,-0.0660062358,1.26711893e-05,30,1.00800002,2
663115100005802,144045648,2459194.9612591704,59194.456481499998,19.4959545,0.0755336881,0,zg,117.32133930000001,36.907777099999997,0.477999985,-0.00400000019,20201211456366,663,0xf,0x1,21.6200008,26.4080849,0.0298145488,-0.0762141794,9.25086351e-06,30,1.01100004,2
663115100005802,144437192,2459198.8768921159,59198.3719213,19.7051086,0.0883735791,0,zg,117.32129140000001,36.907763000000003,0.564999998,-0.0900000036,20201215371921,663,0xf,0x1,21.5300007,26.413908,0.0300845914,-0.0772267431,9.45359716e-06,30,1.02900004,1
663115100005802,144437952,2459198.8844966711,59198.3795255,19.7964973,0.0946801752,0,zg,117.3212888,36.9077798,0.405000001,-0.0439999998,20201215379525,663,0xf,0x1,21.6599998,26.4064083,0.0272428896,-0.067632392,7.70736096e-06,30,1.01999998,2
663115100005802,144441212,2459198.9171022871,59198.412129600001,19.3566856,0.0681058839,0,zg,117.3213148,36.9077901,1.06599998,-0.0839999989,20201215412060,663,0xf,0x1,21.5300007,26.4086666,0.0281464662,-0.0665517971,8.17261389e-06,30,1,2
663115100005802,144534137,2459199.8463924201,59199.341377299999,19.6955261,0.0877378434,0,zg,117.3212808,36.907749199999998,0.93599999,0.0299999993,20201216341331,663,0xf,0x1,21.0699997,26.4057579,0.0306668058,-0.064449735,1.03963439e-05,30,1.079,2
663115100005802,144553048,2459200.0355096692,59199.530486099997,19.0475006,0.0543762185,0,zg,117.3213769,36.907791000000003,0.400000006,-0.00400000019,20201216530451,663,0xf,0x1,21.0699997,26.3808289,0.0308398567,-0.0706763789,1.03865559e-05,30,1.21500003,2
663115100005802,144630693,2459200.8119907193,59200.306932899999,20.8724518,0.191568136,0,zg,117.32140649999999,36.907830500000003,0.617999971,-0.196999997,20201217306933,663,0xf,0x1,21.2900009,25.9787121,0.030740561,-0.0778209418,1.03556313e-05,30,1.17200005,2
663115100005802,144643067,2459200.9357345295,59200.430671299997,19.0632744,0.0549937598,32768,zg,117.321305,36.907781100000001,0.574000001,-0.0670000017,20201217430671,663,0xf,0x1,20.9300003,25.8126984,0.0345173031,-0.0641460121,1.47511128e-05,30,1.005,2
663115100005802,144643160,2459200.9366720715,59200.431608799998,19.2062912,0.0609844103,32768,zg,117.32127610000001,36.907753300000003,1.12699997,-0.00700000022,20201217431609,663,0xf,0x1,20.8500004,25.8382988,0.0342628509,-0.0544114783,1.51029817e-05,30,1.005,1
663115100005802,144834074,2459202.8458838626,59202.340740699998,20.5019531,0.160170317,0,zg,117.3213774,36.9077378,0.879999995,0.023,20201219340741,663,0xf,0x1,21.1000004,26.4031563,0.0321882516,-0.0701299533,1.12335838e-05,30,1.06200004,2
663115100005802,144848697,2459202.9921282437,59202.486979200003,20.4392395,0.15305537,0,zg,117.3213445,36.907815900000003,1.16299999,0.104999997,20201219486979,663,0xf,0x1,21.4500008,26.3944817,0.0285533424,-0.0688841343,8.40039775e-06,30,1.09599996,2
663115100005802,144938292,2459203.8881126158,59203.382928200001,19.2443161,0.0627018735,0,zg,117.32135100000001,36.9077603,0.665000021,-0.0500000007,20201220382882,663,0xf,0x1,21.0400009,26.4012127,0.0313830823,-0.0565809235,1.07440637e-05,30,1.00600004,1
663115100005802,144938386,2459203.8890501535,59203.383865700001,19.4190445,0.0713277161,0,zg,117.3212757,36.907820000000001,0.681999981,-0.0350000001,20201220383866,663,0xf,0x1,21.1900005,26.4059544,0.034313716,-0.0612728521,1.26671212e-05,30,1.005,2
663115100005802,145031876,2459204.8239815719,59204.3187616,21.2412052,0.222818017,0,zg,117.32161790000001,36.907739499999998,0.293000013,0.116999999,20201221318715,663,0xf,0x1,21.6000004,26.3914528,0.0267313942,-0.0772920176,7.39067355e-06,30,1.10000002,2
663115100005802,145034750,2459204.8527210676,59204.347500000003,19.8934669,0.101871483,0,zg,117.3212372,36.907785699999998,0.746999979,-0.101000004,20201221347488,663,0xf,0x1,21.6700001,26.4110966,0.0292799994,-0.0895676762,8.90151841e-06,30,1.04100001,2
663115100005802,145129048,2459205.7957415581,59205.290486099999,19.3423595,0.0673886687,0,zg,117.3213155,36.907812200000002,0.763000011,0.0659999996,20201222290486,663,0xf,0x1,21.2999992,26.382534,0.0270792972,-0.0620582923,7.7878185e-06,30,1.18200004,2
663115100005802,145139510,2459205.9003634281,59205.395104199997,18.9403172,0.0503923222,32768,zg,117.3212882,36.907768900000001,0.432999998,0.0170000009,20201222395104,663,0xf,0x1,21.5799999,26.0829639,0.0296470299,-0.0720945075,9.25887434e-06,30,1,1
663115100005802,145139604,2459205.9013009598,59205.396041699998,19.136982,0.057991121,32768,zg,117.3213567,36.907752600000002,1.05999994,0.0719999969,20201222396042,663,0xf,0x1,21.1800003,25.8864288,0.0445605442,-0.0860477909,2.21918581e-05,30,1,2
663115100005802,145236940,2459206.8747028532,59206.369409699997,19.0825329,0.0557589978,32768,zg,117.3211925,36.907750399999998,0.787,-0.00300000003,20201223369363,663,0xf,0x1,19.9300003,25.0299911,0.0470889285,-0.0377543643,5.72766476e-05,30,1.00999999,2
663115100005802,145240032,2459206.9056183086,59206.400324100003,19.4848671,0.074911043,32768,zg,117.32115640000001,36.907706599999997,0.657999992,-0.231000006,20201223400324,663,0xf,0x1,20.0799999,25.1706123,0.0405813791,-0.0501635745,3.90753848e-05,30,1,2
663115100005802,145634173,2459210.8471518196,59210.341736100003,19.7549267,0.0917562395,0,zg,117.3213222,36.907820299999997,0.930999994,-0.160999998,20201227341354,663,0xf,0x1,20.3899994,26.4054508,0.035448119,-0.0493633226,2.0096204e-05,30,1.02600002,2
663115100005802,146324756,2459217.753136883,59217.247569400002,19.841629,0.0979615673,32768,zg,117.321258,36.907795800000002,0.967999995,0.0540000014,20210103247569,663,0xf,0x1,20.1599998,26.0278664,0.0707568675,-0.0491563715,9.97832321e-05,30,1.22399998,2
663115100005802,146345738,2459217.9629551745,59217.457384300003,18.8859234,0.0485058464,0,zg,117.3213339,36.907724399999999,0.490999997,-0.00499999989,20210103457361,663,0xf,0x1,20.5900002,26.3884449,0.0365797654,-0.0615599081,1.88637187e-05,30,1.12800002,2
663115100005802,146424555,2459218.7511384799,59218.245555599999,19.9469833,0.106070101,0,zg,117.3212336,36.907757799999999,0.419,-0.0219999999,20210104245556,663,0xf,0x1,21.4099998,26.3820972,0.026733093,-0.0732765198,7.5947396e-06,30,1.22099996,2
663115100005802,146426490,2459218.7704905719,59218.2649074,19.1244907,0.0574699715,0,zg,117.3213275,36.907789600000001,0.628000021,-0.0399999991,20210104264907,663,0xf,0x1,21.2000008,26.3871994,0.0314500183,-0.0667117909,1.06738462e-05,30,1.14699996,1
663115100005802,146446797,2459218.9735605889,59218.467974500003,19.5635605,0.0794527605,0,zg,117.3213014,36.907772999999999,1.11000001,-0.0160000008,20210104467975,663,0xf,0x1,20.9300003,26.3808098,0.033275485,-0.060690213,1.34259217e-05,30,1.17200005,2
663115100005802,146543342,2459219.939024949,59219.433425900002,19.189724,0.0602530017,0,zg,117.321274,36.907769000000002,0.629999995,-0.0769999996,20210105433426,663,0xf,0x1,20.6399994,26.3856487,0.0339688919,-0.0561398454,1.51544655e-05,30,1.079,2
663115100005802,146626038,2459220.7659907723,59220.2603819,20.423027,0.151256174,0,zg,117.3212324,36.907837499999999,0.533999979,0.00999999978,20210106260370,663,0xf,0x1,21.2900009,26.3644447,0.0319401212,-0.0703380927,1.06812004e-05,30,1.14400005,2
663115100005802,146634457,2459220.8501816378,59220.3445718,20.886301,0.192741752,0,zg,117.32140099999999,36.907761899999997,0.902999997,-0.418000013,20210106344572,663,0xf,0x1,21.1200008,26.2799969,0.0311068296,-0.0692249909,1.08091626e-05,30,1.00199997,1
663115100005802,146730842,2459221.8140456011,59221.308425900002,19.376503,0.0691119879,0,zg,117.3213224,36.907771799999999,0.906000018,-0.0579999983,20210107308426,663,0xf,0x1,21.5699997,26.4028778,0.0279045533,-0.0816791654,8.09367884e-06,30,1.02999997,2
663115100005802,146738927,2459221.8948912602,59221.389270799998,18.9762764,0.0516885482,0,zg,117.3213018,36.907773599999999,1.05900002,0.0529999994,20210107389259,663,0xf,0x1,21.5499992,26.3846283,0.0268555712,-0.0606234223,7.5740686e-06,30,1.01699996,2
663115100005802,146841157,2459222.9172031581,59222.411574099999,21.3962688,0.235958815,0,zg,117.32126289999999,36.907764899999997,1.102,-0.381999999,20210108411574,663,0xf,0x1,21.8099995,26.4115276,0.0279453043,-0.0860587955,7.9789861e-06,30,1.051,1
663115100005802,146841251,2459222.9181406624,59222.4125116,21.0767422,0.208880663,0,zg,117.3214133,36.907798499999998,0.335000008,-0.130999997,20210108412512,663,0xf,0x1,21.7199993,26.4090214,0.0256773792,-0.0828838795,6.77892467e-06,30,1.05299997,2
663115100005802,146849725,2459223.0028865463,59222.497256900002,19.3664055,0.0685973167,0,zg,117.3213011,36.907717900000002,0.818000019,-0.0810000002,20210108497257,663,0xf,0x1,20.9400005,26.0353394,0.057114955,-0.0436364226,3.79269513e-05,30,1.37300003,2
663115100005802,146933327,2459223.8389108032,59223.333275500001,19.6181984,0.0827785656,0,zg,117.3212302,36.907801200000002,0.552999973,-0.0260000005,20210109333275,663,0xf,0x1,21.2199993,26.3947277,0.0293105356,-0.073052898,9.25255426e-06,30,1.00300002,2
663115100005802,146939461,2459223.9002537611,59223.394618099999,19.3954353,0.0700885803,0,zg,117.3212741,36.907751099999999,0.640999973,-0.0370000005,20210109394606,663,0xf,0x1,21.2900009,26.4085484,0.0285011474,-0.0738724023,8.58478143e-06,30,1.02900004,2
663115100005802,147033096,2459224.8366010184,59224.330960599997,19.3310966,0.0668307394,0,zg,117.32133880000001,36.9077871,0.866999984,-0.0329999998,20210110330509,663,0xf,0x1,21.6100006,26.413229,0.0270787608,-0.0803210065,7.57393036e-06,30,1.00300002,2
663115100005802,147042217,2459224.9278166881,59224.422175899999,20.9307442,0.19650805,0,zg,117.32100149999999,36.907685299999997,0.870999992,-0.0759999976,20210110422176,663,0xf,0x1,21,26.4050674,0.0325965285,-0.079634212,1.18965718e-05,30,1.08399999,1
663115100005802,147043406,2459224.9397033257,59224.434062499997,18.9149666,0.0495021567,0,zg,117.3213356,36.907793300000002,0.680999994,-0.0320000015,20210110434062,663,0xf,0x1,21.0900002,26.3894558,0.0331398211,-0.0740125775,1.2342025e-05,30,1.11500001,2
663115100005802,147122629,2459225.7319398206,59225.226296300003,19.7067871,0.0884854272,0,zg,117.3213324,36.907750800000002,0.879000008,-0.0419999994,20210111226296,663,0xf,0x1,21.3700008,26.3458996,0.0290855877,-0.0687178299,8.97294012e-06,30,1.222,2
663115100005802,147145567,2459225.9613154083,59225.455671299998,19.8012676,0.0950216502,0,zg,117.3212602,36.907764200000003,0.672999978,0.296999991,20210111455671,663,0xf,0x1,20.3299999,26.3430309,0.0390882865,-0.0487428084,2.40499594e-05,30,1.199,2
663115100005802,147231164,2459226.8172890311,59226.311643499997,19.710535,0.0887357071,0,zg,117.3213607,36.9077944,0.714999974,-0.0590000004,20210112311644,663,0xf,0x1,21.3199997,26.3937263,0.0293478202,-0.0638863668,9.17851958e-06,30,1.01199996,1
663115100005802,147238678,2459226.8924279893,59226.386782399997,18.9601784,0.0511033386,0,zg,117.3213027,36.907773400000004,1.44099998,0.0120000001,20210112386782,663,0xf,0x1,21.3999996,26.3865452,0.0291813612,-0.0601906031,8.86119506e-06,30,1.02999997,2
663115100005802,147319804,2459227.7036895901,59227.198043999997,18.9808006,0.0518544577,0,zg,117.3212994,36.907762599999998,0.852999985,-0.0170000009,20210113198044,663,0xf,0x1,21.1700001,26.2460041,0.0326789096,-0.0641820133,1.14943296e-05,30,1.34000003,2
663115100005802,147342493,2459227.9305760381,59227.424930599998,18.9700356,0.0514606833,0,zg,117.3213327,36.907769899999998,1.43799996,-0.0670000017,20210113424931,663,0xf,0x1,21.75,26.3752804,0.0278430041,-0.0770306811,7.98512701e-06,30,1.11300004,2
663115100005802,147426331,2459228.7689541918,59228.263310200004,19.5243587,0.0771543682,0,zg,117.3212752,36.907764299999997,0.921000004,-0.119000003,20210114263310,663,0xf,0x1,21.7700005,26.3996086,0.0284847617,-0.0803977251,8.32834212e-06,30,1.07599998,1
663115100005802,147426424,2459228.76989169,59228.264247699997,19.659296,0.0853767246,0,zg,117.3213023,36.907755299999998,0.583999991,0.0460000001,20210114264248,663,0xf,0x1,21.75,26.3945465,0.0271692667,-0.0810258985,7.58385067e-06,30,1.074,2
663115100005802,147442715,2459228.9327963553,59228.427152800003,18.9845638,0.051992964,0,zg,117.3213283,36.907803800000003,0.888000011,0.00999999978,20210114427141,663,0xf,0x1,21.4099998,26.3911591,0.0292234197,-0.0763343647,8.81860979e-06,30,1.12699997,2
663115100005802,147531201,2459229.8176543969,59229.312013900002,19.2893486,0.0648074001,0,zg,117.3213351,36.907707299999998,0.959999979,0.0270000007,20210115312014,663,0xf,0x1,20.6800003,26.4000835,0.0344711915,-0.0427534319,1.55883299e-05,30,1.00600004,2
663115100005802,147631074,2459230.8163761045,59230.310740699999,20.3171635,0.139936998,0,zg,117.3213604,36.9077938,0.693000019,0.135000005,20210116310729,663,0xf,0x1,21.4699993,26.4145947,0.0295123886,-0.0688123703,9.0724343e-06,30,1.005,2
663115100005802,147641193,2459230.9175676745,59230.411932900002,19.2728348,0.0640261099,0,zg,117.3213532,36.907752199999997,0.716000021,0.0140000004,20210116411933,663,0xf,0x1,21.6599998,26.408102,0.0265742633,-0.0821249485,7.27521683e-06,30,1.10000002,1
663115100005802,147641287,2459230.9185051681,59230.412870400003,19.2489548,0.062915124,0,zg,117.3213401,36.907763000000003,0.603999972,0.0340000018,20210116412870,663,0xf,0x1,21.6700001,26.3932686,0.0281115435,-0.0726317614,8.14285158e-06,30,1.102,2
663115100005802,147724569,2459231.7513234802,59231.245694400001,19.1843281,0.0600169897,0,zg,117.32132559999999,36.907743799999999,0.513999999,0.0170000009,20210117245694,663,0xf,0x1,20.3500004,26.3638573,0.0390953496,-0.0524256602,2.45750452e-05,30,1.09899998,2
663115100005802,147825888,2459232.7645094744,59232.258888900004,19.1971073,0.0605777241,0,zg,117.3213004,36.907768099999998,0.629000008,-0.0520000011,20210118258877,663,0xf,0x1,21.8799992,26.4067078,0.0259030182,-0.0773387849,6.85571376e-06,30,1.06200004,2
663115100005802,147828337,2459232.7889999561,59232.283379599998,19.4430828,0.0726142079,0,zg,117.32130909999999,36.907757400000001,0.870999992,0.0700000003,20210118283380,663,0xf,0x1,21.8299999,26.4063396,0.026107464,-0.0683942512,6.90125762e-06,30,1.02400005,1
663115100005802,147838527,2459232.8908971921,59232.3852778,19.19701,0.0605734065,0,zg,117.3213174,36.907769399999999,0.963999987,-0.0320000015,20210118385278,663,0xf,0x1,21.8999996,26.3994789,0.0271504112,-0.0806928128,7.62610762e-06,30,1.05299997,2
663115100005802,147932387,2459233.8294870644,59233.323877299998,19.6056595,0.0820024684,0,zg,117.3213338,36.907769199999997,1.005,-0.00400000019,20210119323866,663,0xf,0x1,21.3500004,26.3820877,0.0323136374,-0.057593219,1.10126512e-05,30,1,2
663115100005802,147936457,2459233.8701811042,59233.364571799997,20.1128254,0.120171823,0,zg,117.321265,36.9078442,0.797999978,0.126000002,20210119364572,663,0xf,0x1,21.1399994,26.3831215,0.0334141329,-0.0672230646,1.2018395e-05,30,1.02600002,2
663115100005802,149422660,2459248.7318698941,59248.226608800003,19.3022881,0.0654270574,0,zg,117.3212786,36.907780099999997,1.03199995,0.0419999994,20210203226597,663,0xf,0x1,21.5900002,26.415823,0.027965853,-0.0810468867,8.13690349e-06,30,1.04200006,1
663115100005802,149626189,2459250.7670838563,59250.261898099998,19.1784725,0.0597620606,0,zg,117.3213476,36.907733999999998,1.42999995,-0.0149999997,20210205261887,663,0xf,0x1,21.0599995,26.3989182,0.0339585096,-0.0530001186,1.26478963e-05,30,1.00300002,1
663115100005802,149825003,2459252.7551406412,59252.250034700002,19.7385731,0.0906313583,0,zg,117.32131099999999,36.907778399999998,0.740999997,-0.00700000022,20210207249965,663,0xf,0x1,21.9899998,26.394022,0.0273213014,-0.0662208423,7.68269729e-06,30,1.00600004,1
663115100005802,150022652,2459254.7315484006,59254.226527799998,19.0567837,0.0547386408,0,zg,117.3212881,36.907773800000001,0.600000024,-0.0529999994,20210209226528,663,0xf,0x1,22.0100002,26.3745327,0.0255017187,-0.067787692,6.77474327e-06,30,1.01999998,1
663115100005802,150229728,2459256.802205001,59256.2972801,19.6379833,0.0840188488,0,zg,117.32130789999999,36.9077567,0.764999986,-0.0710000023,20210211297268,663,0xf,0x1,21.6900005,26.3465233,0.0281690042,-0.0592020713,8.26004543e-06,30,1.01999998,1
663115100005802,150619394,2459260.698674636,59260.193946799998,19.2778778,0.064263545,0,zg,117.3212758,36.907754500000003,0.671999991,-0.061999999,20210215193947,663,0xf,0x1,21.3400002,26.1922379,0.0301653538,-0.0785860866,9.66047537e-06,30,1.04200006,1
663115100005802,150927929,2459263.7838506736,59263.279294,19.669569,0.0860394463,0,zg,117.3213581,36.907784499999998,0.437999994,0.023,20210218279294,663,0xf,0x1,20.5699997,26.4108734,0.0383771844,-0.0540399812,2.02416268e-05,30,1.02199996,1
663115100005802,151120193,2459265.7063764194,59265.201932900003,18.8799324,0.0483033806,0,zg,117.3213131,36.907788500000002,0.485000014,-0.00899999961,20210220201887,663,0xf,0x1,21.1700001,26.4257984,0.0301095191,-0.0645938367,9.93429967e-06,30,1.01499999,1
663115100005802,151323630,2459267.740626459,59267.236307899999,19.3372993,0.0671374127,0,zg,117.3213234,36.907775899999997,0.781000018,-0.180000007,20210222236204,663,0xf,0x1,20.5400009,26.4062119,0.0357810967,-0.0412247591,1.89312577e-05,30,1.00100005,1
663115100005802,152116714,2459275.6709244577,59275.1671412,19.2877274,0.0647302195,0,zg,117.3213085,36.907772999999999,0.507000029,-0.0240000002,20210302167083,663,0xf,0x1,21.4099998,26.3828716,0.0294125024,-0.0559408665,9.02219381e-06,30,1.02199996,1
663115100005802,152421724,2459278.7208038936,59278.217245400003,19.3767624,0.0691252798,0,zg,117.3214273,36.907609000000001,0.714999974,0.180000007,20210305217153,663,0xf,0x1,20.2600002,26.3859577,0.0388997458,-0.0416587107,2.51623496e-05,30,1.005,1
663115100005802,155020237,2459304.7037005494,59304.202372699998,19.3486023,0.0677001625,0,zg,117.3213202,36.907747299999997,1.21000004,-0.100000001,20210331202373,663,0xf,0x1,20.8299999,26.3208504,0.0322934911,-0.0590405762,1.25005254e-05,30,1.08099997,1
663115100005802,155915997,2459313.6604580497,59313.159976900002,21.3572121,0.232648969,0,zg,117.32118629999999,36.907882800000003,0.541999996,-0.0689999983,20210409159965,663,0xf,0x1,21.4599991,26.3235321,0.0283347834,-0.0779762268,8.31973557e-06,30,1.046,1
663115100005802,156120652,2459315.7068136591,59315.206527800001,19.1461563,0.0583774112,0,zg,117.32131990000001,36.907746500000002,1.00999999,0.107000001,20210411206528,663,0xf,0x1,21.75,26.2926693,0.0270688683,-0.0717401505,7.60051716e-06,30,1.18499994,1
663115100005802,156318563,2459317.6857334808,59317.185636599999,19.7907028,0.0942669809,0,zg,117.32125910000001,36.9077555,1.68799996,0.0900000036,20210413185637,663,0xf,0x1,21.7000008,26.3600388,0.0279925782,-0.0813681036,8.0397449e-06,30,1.13199997,1
663115100005802,157420354,2459328.7025944605,59328.203541700001,19.7053795,0.0883916765,0,zg,117.3214273,36.907845600000002,0.465000004,-0.0900000036,20210424203530,663,0xf,0x1,20.2999992,26.2700043,0.0386153273,-0.0390652381,2.57052816e-05,30,1.34599996,1
663115100005802,158221809,2459336.716406554,59336.218090299997,20.5427799,0.163630128,0,zg,117.3212979,36.907786000000002,1.09300005,-0.101000004,20210502218090,663,0xf,0x1,21.0400009,26.2343483,0.0334485732,-0.0594202764,1.25491524e-05,30,1.64199996,1
663115100005802,172045148,2459474.9490372213,59474.4514815,19.0894566,0.0560371689,0,zg,117.32124450000001,36.907777799999998,1.06799996,-0.0549999997,20210917451458,663,0xf,0x1,21.4200001,26.0701733,0.03263494,-0.0651115924,1.09409093e-05,30,2.0940001,1
663115100005802,172347005,2459477.967873022,59477.470057899998,19.2850838,0.0646045804,0,zg,117.32138500000001,36.907781100000001,0.52700001,-0.115999997,20210920470046,663,0xf,0x1,20.1200008,26.2921791,0.0401820354,-0.0434998311,3.18653802e-05,30,1.70099998,1
663115100005802,172548819,2459479.9861864783,59479.488194400001,19.6938248,0.0876254737,0,zg,117.32135220000001,36.907732000000003,0.55400002,-0.192000002,20210922488194,663,0xf,0x1,20.4699993,26.2888527,0.0413201563,-0.0520107672,2.69410921e-05,30,1.47300005,1
663115100005802,174250517,2459497.0047405241,59496.505173600002,19.1452122,0.0583375208,32768,zg,117.3214261,36.907836000000003,0.861999989,0.0900000036,20211009505162,663,0xf,0x1,19.8999996,24.9219284,0.070107244,-0.0327258967,0.00013335004,30,1.13999999,1
663115100005802,174450646,2459499.0062281499,59498.5064699,20.1046791,0.119439431,0,zg,117.3213184,36.907789100000002,0.476000011,-0.00999999978,20211011506458,663,0xf,0x1,21.5,26.3718376,0.0300947633,-0.0860080346,9.44019121e-06,30,1.11899996,2
663115100005802,174647599,2459500.975942364,59500.475995399996,19.5906143,0.0810814947,0,zg,117.32128470000001,36.907776400000003,0.217999995,-0.0370000005,20211013475995,663,0xf,0x1,21.4799995,26.3462963,0.0298464112,-0.0678825304,9.19955437e-06,30,1.20799994,1
663115100005802,174946819,2459503.9684284478,59503.468194399997,19.7221222,0.0895141065,0,zg,117.3212675,36.907796300000001,1.80599999,-0.0160000008,20211016468194,663,0xf,0x1,21.4099998,26.3201618,0.0293757468,-0.0699653476,9.01181193e-06,30,1.20599997,1
663115100005802,176436140,2459518.8630457437,59518.361400499998,21.1767006,0.217351556,0,zg,117.3213765,36.907873199999997,0.312000006,0.0769999996,20211031361400,663,0xf,0x1,21.7199993,26.2912292,0.0286699105,-0.0672775954,8.43476755e-06,30,1.66400003,1
663115100005802,176845550,2459522.9575295122,59522.455509300002,19.9613819,0.107228369,0,zg,117.32128729999999,36.907749899999999,0.806999981,0.109999999,20211104455486,663,0xf,0x1,21.8299999,26.4068966,0.0288733281,-0.0933359265,8.60212731e-06,30,1.08099997,1
663115100005802,177051939,2459525.0216038697,59524.519398099997,19.4339352,0.0721217096,0,zg,117.32132180000001,36.9077585,1.04900002,0.0390000008,20211106519352,663,0xf,0x1,21.9599991,26.4036694,0.0283846706,-0.0737015903,8.31571197e-06,30,1,1
663115100005802,177244993,2459526.9523075079,59526.4499306,20.9675694,0.19962883,0,zg,117.3212872,36.9077786,0.510999978,0.0729999989,20211108449931,663,0xf,0x1,21.9300003,26.402771,0.0267402418,-0.0815472379,7.41526355e-06,30,1.07000005,1
663115100005802,177539105,2459529.8936858852,59529.391053200001,18.9671707,0.0513565205,0,zg,117.321287,36.907761700000002,0.90200001,0.0250000004,20211111391053,663,0xf,0x1,21.1800003,26.3823757,0.0332564116,-0.0694788322,1.19651149e-05,30,1.23300004,1
663115100005802,177738109,2459531.8839015849,59531.381099500002,18.8464298,0.0471902713,0,zg,117.3213196,36.907754500000003,0.876999974,0.0179999992,20211113381100,663,0xf,0x1,21.6100006,26.3680344,0.0266759694,-0.0666615143,7.33604429e-06,30,1.25399995,1
663115100005802,178240908,2459536.9123010309,59536.409085599997,18.9450893,0.0505620539,0,zg,117.3213073,36.9077573,0.899999976,-0.0869999975,20211118409074,663,0xf,0x1,20.5200005,26.3769665,0.0353116766,-0.0522126257,1.88704962e-05,30,1.102,1
663115100005802,179628189,2459550.7861230802,59550.281898100002,19.5814018,0.0805229396,0,zg,117.3212451,36.907755199999997,1.04799998,0.0790000036,20211202281852,663,0xf,0x1,21.3500004,26.1135521,0.0321523547,-0.0706208348,1.10894525e-05,30,1.58299994,1
663115100005802,188219157,2459636.6956527587,59636.191574099998,20.6836929,0.175571799,0,zg,117.3212675,36.907859299999998,0.702000022,-0.216999993,20220226191562,663,0xf,0x1,21.6299992,26.3785419,0.0298992489,-0.0926624015,9.27231576e-06,30,1.00999999,1
663115100005802,191815638,2459672.657463714,59672.156388900003,19.9955826,0.110029176,0,zg,117.32130890000001,36.907767200000002,1.14499998,0.0390000008,20220403156377,663,0xf,0x1,22.1200008,26.333004,0.0317887217,-0.0786285251,1.05220824e-05,30,1.01800001,1
663115100005802,192017857,2459674.6794601358,59674.178576400001,19.814045,0.0959426388,0,zg,117.3212707,36.9077956,0.354000002,0.0320000015,20220405178576,663,0xf,0x1,21.5400009,26.3431377,0.0279180575,-0.0696342736,8.10080746e-06,30,1.05799997,1
663115100005802,192219571,2459676.6964099109,59676.1957176,19.9997902,0.110378534,0,zg,117.32137710000001,36.907771099999998,0.671000004,0.0289999992,20220407195718,663,0xf,0x1,20.8199997,26.2964859,0.0327392146,-0.0449905507,1.26232571e-05,30,1.11099994,1
663115100005802,193116333,2459685.6631706483,59685.163333299999,19.8003693,0.0949572846,0,zg,117.3213092,36.907736800000002,0.850000024,0.125,20220416163333,663,0xf,0x1,20.4899998,26.3428631,0.0334120989,-0.0516734347,1.77521415e-05,30,1.09000003,1
663115100005802,193922744,2459693.7265167781,59693.227442099997,19.123621,0.0574338697,0,zg,117.3213686,36.907769500000001,0.899999976,0.00400000019,20220424227419,663,0xf,0x1,20.8400002,26.1510811,0.0357775241,-0.0344957374,1.58630155e-05,30,1.51499999,1
663115100005802,194117914,2459695.6780361412,59695.179143499998,19.712944,0.0888969749,0,zg,117.32136629999999,36.907812399999997,0.722000003,-0.131999999,20220426179144,663,0xf,0x1,21.0400009,26.0352554,0.0326724239,-0.0551891476,1.24472435e-05,30,1.24000001,1
663115100005802,194619546,2459700.6938945535,59700.195462999996,20.0678635,0.116181582,0,zg,117.3213712,36.907776900000002,0.760999978,-0.0370000005,20220501195463,663,0xf,0x1,21.0799999,26.2302475,0.0309864655,-0.0437593497,1.09225421e-05,30,1.41400003,1
663115100005802,195618144,2459710.6790017216,59710.181446800001,19.6117401,0.082377851,0,zg,117.3214583,36.907947499999999,0.967999995,-0.0710000023,20220511181447,663,0xf,0x1,20.2999992,26.2367744,0.0383152887,-0.0353802629,2.58354248e-05,30,1.51900005,1
663115100005802,209249370,2459846.9918514355,59846.493703699998,19.533493,0.0776835084,0,zg,117.3212937,36.907760500000002,0.827000022,0.0710000023,20220924493681,663,0xf,0x1,21.5200005,26.3137436,0.0291630924,-0.0562650077,8.85438658e-06,30,1.39699996,1
663115100005802,209445350,2459848.9518310777,59848.453506899998,19.6254406,0.0832302943,0,zg,117.3213887,36.907776499999997,0.815999985,-0.0439999998,20220926453484,663,0xf,0x1,21.3500004,26.2459946,0.030385945,-0.0556868389,9.62813101e-06,30,1.71099997,1
663115100005802,209950243,2459854.0012186132,59853.502430599998,19.3370132,0.0671232343,0,zg,117.3212912,36.907763000000003,1.09300005,-0.0390000008,20221001502431,663,0xf,0x1,22.0499992,26.3424492,0.0272440705,-0.0766010061,7.71418763e-06,30,1.23899996,1
663115100005802,210244523,2459856.944294733,59856.445231500002,19.4956875,0.0755186304,0,zg,117.3213061,36.907760600000003,0.734000027,0.104999997,20221004445231,663,0xf,0x1,21.5300007,26.2553673,0.02767637,-0.0563971251,7.87973295e-06,30,1.56799996,1
663115100005802,210446768,2459858.966939263,59858.467685199998,21.6466503,0.257177353,0,zg,117.3214183,36.907731099999999,0.73299998,-0.300000012,20221006467674,663,0xf,0x1,21.8099995,26.2918892,0.0265467558,-0.0845474452,7.36284028e-06,30,1.35300004,1
663115100005802,211147641,2459865.9763343614,59865.476412000004,19.8737049,0.100362875,0,zg,117.32119609999999,36.907823999999998,0.947000027,0.137999997,20221013476412,663,0xf,0x1,20.6299992,26.3346977,0.0361664668,-0.0524747111,1.81590876e-05,30,1.20899999,1
663115100005802,211347299,2459867.9731115419,59867.472997700002,19.9417305,0.105650529,0,zg,117.32130789999999,36.907776300000002,0.815999985,-0.149000004,20221015472998,663,0xf,0x1,20.5499992,26.2648125,0.0359890051,-0.046724759,1.9609668e-05,30,1.20099998,1
663115100005802,211749531,2459871.9958122247,59871.495312500003,20.0133038,0.111508012,0,zg,117.3211508,36.907751900000001,1,-0.0209999997,20221019495301,663,0xf,0x1,20.6800003,26.3523006,0.0386416055,-0.034614712,1.98168727e-05,30,1.09200001,1
663115100005802,212044408,2459874.944867339,59874.4440856,19.6129723,0.0824541748,0,zg,117.3212949,36.907784900000003,0.778999984,0.00499999989,20221022444039,663,0xf,0x1,21.7399998,26.3297501,0.0300684609,-0.0842192918,9.30145416e-06,30,1.24399996,1
663115100005802,212444449,2459878.9456524607,59878.4444907,19.8070259,0.0954356194,0,zg,117.3213307,36.907745200000001,1.16400003,0.119000003,20221026444479,663,0xf,0x1,21.3600006,26.3455753,0.0295614097,-0.0685654432,9.1449192e-06,30,1.19400001,1
663115100005802,212643165,2459880.933003956,59880.431655100001,20.5333595,0.162831783,0,zg,117.3213397,36.907701600000003,0.595000029,-0.145999998,20221028431655,663,0xf,0x1,21.0599995,26.3383846,0.0335418321,-0.0675165281,1.24946791e-05,30,1.22599995,1
663115100005802,214937376,2459903.8771124515,59903.3737616,19.9467888,0.106054455,0,zg,117.3213114,36.907820000000001,0.795000017,-0.0949999988,20221120373750,663,0xf,0x1,21.2399998,26.3435936,0.029716881,-0.0609806404,9.54486313e-06,30,1.204,1
663115100005802,215441386,2459908.917598878,59908.4138657,19.6502266,0.0847960934,0,zg,117.3212891,36.907746600000003,0.432000011,0.0309999995,20221125413831,663,0xf,0x1,21.3199997,26.3811398,0.0296481345,-0.0640966743,9.28591271e-06,30,1.051,1
663115100005802,215648501,2459910.9888939494,59910.485011600002,19.769989,0.092804879,0,zg,117.3212226,36.907828500000001,0.437000006,-0.0270000007,20221127484873,663,0xf,0x1,21.5599995,26.3813133,0.028657157,-0.0572709627,8.58676503e-06,30,1.00399995,1
663115100005802,217632862,2459930.8336588652,59930.328622699999,21.1595364,0.215896964,0,zg,117.3215398,36.907741399999999,0.653999984,-0.363999993,20221217328623,663,0xf,0x1,21.25,26.3489399,0.0305211116,-0.0586162992,9.92771402e-06,30,1.10699999,1
663115100005802,229117873,2460045.6790763028,60045.178738399998,21.5267029,0.247012377,0,zg,117.32135580000001,36.9077628,0.686999977,-0.187000006,20230411178738,663,0xf,0x1,21.7199993,26.3467979,0.0289654639,-0.0814175829,8.74388206e-06,30,1.09300005,1
663115100005802,229719633,2460051.6960947649,60051.196330999999,21.4739933,0.242545485,0,zg,117.3212894,36.907733200000003,0.941999972,-0.316000015,20230417196331,663,0xf,0x1,21.7900009,26.3118229,0.0279283002,-0.0637834147,8.08450386e-06,30,1.20500004,1
663115100005802,230118016,2460055.6795475767,60055.180161999997,21.2660809,0.224926114,0,zg,117.32134480000001,36.907885999999998,0.755999982,0.123000003,20230421180162,663,0xf,0x1,21.4899998,26.3059921,0.0284233596,-0.0552073568,8.60945329e-06,30,1.18400002,1
663115100005802,248444208,2460238.9427449796,60238.442083299997,19.8417931,0.0979737267,0,zg,117.32127149999999,36.907779099999999,0.727999985,-0.0579999983,20231021442072,663,0xf,0x1,21.5300007,26.3268414,0.0270354003,-0.0758550838,7.58776469e-06,30,1.26999998,1
663115100005802,248744687,2460241.9478231305,60241.446875000001,20.7965355,0.185134649,0,zg,117.3213793,36.907857200000002,0.648000002,-0.0329999998,20231024446863,663,0xf,0x1,20.7700005,26.307209,0.0340841897,-0.053681951,1.39642079e-05,30,1.21000004,1
663115100005802,249050869,2460245.0099299168,60244.508692099997,19.3629189,0.0684205815,0,zg,117.3213035,36.907740599999997,0.647000015,-0.063000001,20231027508634,663,0xf,0x1,20.9799995,26.362093,0.0325132199,-0.0518385358,1.2421372e-05,30,1.028,1
663115100005802,249944600,2460253.9480701159,60253.446006899998,20.0637188,0.115820199,0,zg,117.3213707,36.907739900000003,0.351999998,-0.0170000009,20231105445995,663,0xf,0x1,21.1599998,26.3724518,0.0284401402,-0.0711684525,8.86900943e-06,30,1.102,1
663115100005802,250349026,2460257.9926893013,60257.490266200002,19.0839615,0.0558162443,0,zg,117.3213192,36.907815599999999,0.959999979,-0.0439999998,20231109490255,663,0xf,0x1,20.5900002,26.3561172,0.0384055562,-0.0359578654,2.05522974e-05,30,1.01100004,1
663115100005802,250746540,2460261.9681710573,60261.465405100003,20.2130032,0.129523069,0,zg,117.3213016,36.907772899999998,0.697000027,0.104999997,20231113465405,663,0xf,0x1,21.7700005,26.3360176,0.0263470616,-0.0580058023,7.18340743e-06,30,1.02400005,1
663115100005802,253439351,2460288.8981984323,60288.393518500001,19.1580029,0.058880657,32768,zg,117.3212972,36.9077506,0.694000006,-0.0520000011,20231210393484,663,0xf,0x1,21.3199997,26.361969,0.0303099342,-0.0691943839,9.70356268e-06,30,1.02199996,2
663115100005802,253543501,2460289.9397478024,60289.435011599999,19.5261307,0.0772567391,0,zg,117.321314,36.907734699999999,0.600000024,0.00200000009,20231211434907,663,0xf,0x1,20.7399998,25.8768368,0.0358379222,-0.0531115495,1.73785447e-05,30,1,2
663115100005802,253844228,2460292.9475172749,60292.442280099996,19.0531044,0.0545946732,32768,zg,117.3212966,36.907783700000003,0.662,-0.0109999999,20231214442269,663,0xf,0x1,21.3700008,27.3354702,0.025342511,-0.0434750579,6.69097017e-06,90,1.00600004,1
663115100005802,253852173,2460293.0269771293,60292.521736100003,19.2339573,0.0622285753,32768,zg,117.3212905,36.907749600000002,1.06900001,-0.0579999983,20231214521690,663,0xf,0x1,21.6900005,27.5259895,0.0206830017,-0.0555679984,4.45358182e-06,90,1.15199995,1
663115100005802,253852761,2460293.0328570111,60292.527615699997,19.99827,0.110252202,32768,zg,117.32131579999999,36.907775399999998,0.707000017,0.0130000003,20231214527604,663,0xf,0x1,21.7000008,27.5063,0.0214993246,-0.0518676788,4.81503275e-06,90,1.17299998,1
663115100005802,253936208,2460293.8673648532,60293.362083300002,19.4343891,0.0721460208,32768,zg,117.32132489999999,36.907759900000002,0.639999986,0.00100000005,20231215362072,663,0xf,0x1,21.3799992,27.4368362,0.0258722417,-0.0560491569,6.92890035e-06,90,1.04700005,1
663115100005802,253948510,2460293.9903915869,60293.485104200001,21.1416702,0.214382887,32768,zg,117.32142229999999,36.907774400000001,0.944000006,0.00600000005,20231215485104,663,0xf,0x1,21.5699997,27.543047,0.0222132355,-0.0566042624,5.12329098e-06,90,1.06200004,1
663115100005802,254041009,2460294.9154232047,60294.410092600003,19.6975098,0.087869063,32768,zg,117.3213222,36.907748699999999,0.463999987,-0.0109999999,20231216410093,663,0xf,0x1,20.9799995,27.1351032,0.0288461391,-0.0446973443,9.36561173e-06,90,1.00100005,1
663115100005802,254046686,2460294.9721966037,60294.466863399997,19.5902443,0.0810589343,32768,zg,117.3213739,36.907763799999998,1.01699996,0.0820000023,20231216466852,663,0xf,0x1,20.7199993,27.063858,0.0310019702,-0.0445496775,1.1879667e-05,90,1.03600001,1
663115100005802,256141224,2460315.9178473232,60315.412245400003,19.1851864,0.0600544624,0,zg,117.3212996,36.907781200000002,0.716000021,-0.00600000005,20240106412245,663,0xf,0x1,21.0799999,26.349844,0.0340130329,-0.0562211573,1.3175304e-05,30,1.03999996,1
663115100005802,256832369,2460322.829337955,60322.323692099999,19.9060211,0.102841452,0,zg,117.32142210000001,36.9077196,0.99000001,-0.140000001,20240113323657,663,0xf,0x1,20.7700005,26.364048,0.0340880677,-0.0567846522,1.42343924e-05,30,1.00399995,1
663115100005802,257041576,2460324.921406928,60324.415763899997,20.9630966,0.199249744,0,zg,117.3212813,36.9078096,0.81099999,-0.0810000002,20240115415764,663,0xf,0x1,21.4200001,26.3342915,0.0262925066,-0.0604508147,7.17653438e-06,30,1.097,1
663115100005802,257245134,2460326.9569757059,60326.451342599998,20.001627,0.110531531,32768,zg,117.3212518,36.907828799999997,1.29499996,0.0379999988,20240117451331,663,0xf,0x1,21.0799999,25.993784,0.0323663466,-0.045575086,1.2395466e-05,30,1.24199998,1
663115100005802,258627820,2460340.7835881962,60340.278206000003,20.7231541,0.178915858,0,zg,117.3210708,36.907784200000002,0.595000029,-0.293000013,20240131278113,663,0xf,0x1,21.2199993,26.2868671,0.0313205309,-0.0519515127,1.07568258e-05,30,1.00199997,1
663115100005802,259818425,2460352.6891787569,60352.184259299996,18.982008,0.051898852,0,zg,117.32128040000001,36.907765400000002,0.712000012,-0.0260000005,20240212184167,663,0xf,0x1,21.5100002,26.3436165,0.0276134573,-0.0626109615,7.91704133e-06,30,1.08099997,1
663115100005802,259829973,2460352.8046477237,60352.299733799999,19.6106586,0.0823109671,0,zg,117.3213313,36.9078005,1.51800001,-0.129999995,20240212299734,663,0xf,0x1,21.4899998,26.3549137,0.0290470067,-0.0634734333,8.86481212e-06,30,1.02400005,2
663115100005802,260024893,2460354.7537525957,60354.248935199998,19.4049149,0.070583269,0,zg,117.3213026,36.9077865,0.584999979,0.0489999987,20240214248935,663,0xf,0x1,21.3700008,26.2249355,0.0311172009,-0.0579029098,1.03818293e-05,30,1,1
663115100005802,260340056,2460357.9052169351,60357.400567099998,19.6617832,0.0855366439,0,zg,117.3213626,36.907781999999997,0.843999982,0.0130000003,20240217400556,663,0xf,0x1,21.2600002,26.2679234,0.0305402763,-0.0446938761,9.89236105e-06,30,1.44599998,1
663115100005802,261440829,2460368.9122608029,60368.408298599999,18.9985332,0.0525109693,0,zg,117.321172,36.907759300000002,1.03999996,-0.104000002,20240228408287,663,0xf,0x1,19.5699997,26.1335163,0.0445278399,-0.02593234,5.78485779e-05,30,1.83599997,1
663115100005802,262023519,2460374.7387369317,60374.2351968,20.2679424,0.134927064,0,zg,117.3213413,36.907798300000003,1.00999999,0.0109999999,20240305235185,663,0xf,0x1,21.5799999,26.3444328,0.0275382884,-0.0698142797,8.27701842e-06,30,1.01900005,1
663115100005802,263719686,2460391.6989944144,60391.1968634,20.0349159,0.113337494,0,zg,117.3212824,36.907753900000003,0.662,-0.0670000017,20240322196863,663,0xf,0x1,20.6100006,26.3268471,0.0363127291,-0.0398360454,1.96903075e-05,30,1.028,1
663115100005802,264330638,2460397.8079646188,60397.306388899997,19.1465282,0.0583931394,0,zg,117.3213099,36.907788099999998,0.875,-0.114,20240328306343,663,0xf,0x1,20.2099991,26.189043,0.0373261459,-0.0345566832,2.77871095e-05,30,1.57500005,1
663115100005802,264928516,2460403.786179191,60403.285162,19.4674358,0.0739434212,0,zg,117.3213607,36.907787499999998,0.501999974,-0.0340000018,20240403285139,663,0xf,0x1,21.1700001,26.2152615,0.0307330936,-0.0473821573,1.01209453e-05,30,1.52999997,1
663115100005802,265320127,2460407.7019191179,60407.2012731,20.3289986,0.141165465,0,zg,117.3212666,36.907716200000003,0.606999993,-0.00800000038,20240407201238,663,0xf,0x1,21.3099995,26.3019867,0.0285094623,-0.0692384839,8.79152412e-06,30,1.13100004,1
663115100005802,266516109,2460419.6606058259,60419.161099500001,19.2781525,0.0642765388,0,zg,117.3213416,36.907739100000001,0.507000029,0.0480000004,20240419161100,663,0xf,0x1,20.9200001,26.3156452,0.032493189,-0.0588416904,1.34034799e-05,30,1.10899997,1
663115100005802,267526178,2460429.7603462772,60429.261782399997,19.8323784,0.0972797722,0,zg,117.3214076,36.907711900000002,0.600000024,-0.170000002,20240429261678,663,0xf,0x1,20.4500008,26.0665646,0.037829604,-0.0260754898,2.25493059e-05,30,2.171,1
663115100005802,281748704,2460571.984712224,60571.4870486,19.0644989,0.0550420396,0,zg,117.3212769,36.907687799999998,0.875,0.170000002,20240918487037,663,0xf,0x1,20.0900002,26.2502346,0.0371273346,-0.0254871137,3.04227979e-05,30,1.574,1
663115100005802,283951209,2460594.0117800515,60593.512094899997,20.3349934,0.141791433,0,zg,117.3212596,36.907807400000003,0.602999985,-0.061999999,20241010512095,663,0xf,0x1,20.8099995,26.3378105,0.0377660058,-0.0677774474,1.76522553e-05,30,1.10899997,1
663115100005802,284147829,2460595.9781719451,60595.478298599999,19.0765419,0.0555195883,0,zg,117.321299,36.907764,0.762000024,-0.0280000009,20241012478287,663,0xf,0x1,21.3799992,26.3271523,0.0292973816,-0.0605866835,9.13075473e-06,30,1.20700002,1
663115100005802,284346386,2460597.9639294161,60597.463865700003,20.1741581,0.125820503,0,zg,117.3213725,36.907791600000003,1.23099995,0.0850000009,20241014463831,663,0xf,0x1,21.5499992,26.3324795,0.0272722673,-0.0669825599,7.72221483e-06,30,1.24699998,1
663115100005802,284547752,2460599.9777800152,60599.477523100002,20.376194,0.146156728,0,zg,117.3212754,36.9077731,0.432000011,-0.25999999,20241016477523,663,0xf,0x1,20.5599995,26.3055592,0.0373069905,-0.0191546418,2.21978717e-05,30,1.16700006,1
663115100005802,286048945,2460614.991134569,60614.489456000003,19.5399265,0.0780585259,0,zg,117.32129550000001,36.907748400000003,1.47800004,-0.0399999991,20241031489444,663,0xf,0x1,21.2800007,26.3133183,0.0309248436,-0.0324215256,1.08720042e-05,30,1.03699994,1
663115100005802,286847377,2460622.9761723485,60622.473773099999,20.0749969,0.116806209,0,zg,117.3212607,36.907778700000001,1.06799996,-0.0860000029,20241108473750,663,0xf,0x1,21.4599991,26.3515301,0.0279495195,-0.0618875474,8.2826391e-06,30,1.028,1
663115100005802,288946277,2460643.9668310285,60643.462777799999,19.7751236,0.0931651294,32768,zg,117.3212894,36.907756200000001,0.963,-0.275999993,20241129462720,663,0xf,0x1,20.6700001,25.8404732,0.0393349603,-0.0301233809,2.27395794e-05,30,1,1
663115100005802,289437024,2460648.8746151025,60648.370243099998,19.6278801,0.0833830237,0,zg,117.3213267,36.907730700000002,0.82099998,-0.0179999992,20241204370208,663,0xf,0x1,21.7700005,26.3265362,0.0271402001,-0.0854945779,7.73521333e-06,30,1.08800006,1
663115100005802,289638023,2460650.8847251381,60650.380231499999,19.7750816,0.0931622013,0,zg,117.3213212,36.907751599999997,0.609000027,-0.00999999978,20241206380220,663,0xf,0x1,21.6200008,26.3228455,0.0269041881,-0.0636012182,7.58581064e-06,30,1.05499995,1
663115100005802,289834231,2460652.8469219138,60652.3423148,19.6060905,0.0820290521,0,zg,117.32129689999999,36.907766700000003,0.727999985,0.0450000018,20241208342292,663,0xf,0x1,21.3299999,26.3407059,0.0305274278,-0.0740571544,1.00539592e-05,30,1.13499999,1
663115100005802,290945608,2460663.9612345388,60663.456087999999,19.6589241,0.0853528306,0,zg,117.32139170000001,36.9077093,0.603999972,0.0549999997,20241219456042,663,0xf,0x1,20.6399994,26.3415413,0.033980798,-0.0329641849,1.66032951e-05,30,1.03499997,1
663115100005802,292421516,2460678.7207289175,60678.215162,19.4618587,0.0736367255,32768,zg,117.32138809999999,36.907762099999999,0.652999997,-0.209000006,20250103215150,663,0xf,0x1,20.1700001,25.3704529,0.0413400866,-0.0377042182,3.5905432e-05,30,1.40799999,1
663115100005802,292632716,2460680.8327620719,60680.327164399998,21.1622658,0.21612823,0,zg,117.3212855,36.907741600000001,0.532000005,-0.108999997,20250105327141,663,0xf,0x1,21.0599995,26.3489914,0.0325367451,-0.0667602271,1.20415598e-05,30,1.01499999,1
663115100005802,293823385,2460692.7394835181,60692.2338542,19.2032146,0.0608478189,0,zg,117.3212589,36.907804300000002,0.980000019,-0.00700000022,20250117233843,663,0xf,0x1,20.4699993,26.2084293,0.0371803157,-0.0398574546,2.23794432e-05,30,1.13300002,1
663115100005802,294024467,2460694.750286907,60694.244675900001,19.1129837,0.056994684,0,zg,117.3212583,36.907756900000003,0.685000002,-0.0309999995,20250119244676,663,0xf,0x1,21.5599995,26.3297615,0.0279577412,-0.0704332441,8.26436917e-06,30,1.08800006,1
663115100005802,296038910,2460714.8941673958,60714.389108800002,18.7775993,0.0450017937,32768,zg,117.32156689999999,36.907950999999997,0.493000001,-0.0939999968,20250208389097,663,0xf,0x1,18.6000004,25.5417404,0.053856153,-0.0298475474,0.000171039326,30,1.24199998,1
663215100001640,46916607,2458223.6660068021,58223.166076399997,21.0605164,0.254906178,0,zr,117.3213421,36.9077834,0.513000011,-0.128000006,20180415166019,663,0xf,0x1,20.9500008,26.1470528,0.0238358378,0.0805790573,5.88833973e-06,30,1.09099996,1
663215100001640,46918407,2458223.6840027673,58223.184074099998,20.8090305,0.22843647,0,zr,117.3212822,36.907963899999999,0.402999997,0.0329999998,20180415184074,663,0xf,0x1,20.9500008,26.1425781,0.0212555658,0.0820575878,4.6720811e-06,30,1.14300001,1
663215100001640,63550224,2458390.0007582698,58389.502245399999,20.8881626,0.236765385,0,zr,117.3212582,36.907663999999997,0.916000009,-0.100000001,20180928502199,663,0xf,0x1,21.0200005,26.1770344,0.0234033503,0.0899296328,5.73131865e-06,30,1.27999997,1
663215100001640,64351530,2458398.01456137,58397.515300899999,21.7349529,0.325893164,0,zr,117.3213816,36.9077962,0.430999994,-0.172000006,20181006515289,663,0xf,0x1,21.4899998,26.0514526,0.0210889149,0.0868193507,4.58145996e-06,30,1.13600004,3
663215100001640,67146275,2458425.964663547,58425.462754599997,21.4352036,0.294343472,0,zr,117.32153959999999,36.907899,0.712000012,-0.203999996,20181103462743,663,0xf,0x1,21.2000008,26.2067165,0.0241497569,0.080943197,6.05782407e-06,30,1.074,3
663215100001640,67449646,2458428.9986529006,58428.496469899997,21.283514,0.278377533,0,zr,117.3211982,36.907879899999998,0.495999992,-0.270000011,20181106496458,663,0xf,0x1,21.2199993,26.1899986,0.0217216183,0.0923097581,4.79276832e-06,30,1.01199996,3
663215100001640,67552113,2458430.0234086108,58429.521134299997,21.2643719,0.276362658,0,zr,117.32136730000001,36.907713399999999,0.368000001,-0.00499999989,20181107521123,663,0xf,0x1,21.6900005,26.1869049,0.0285462942,0.0837854296,8.41070141e-06,30,1,3
663215100001640,67646396,2458430.9663276477,58430.463969900004,21.290863,0.279150963,0,zr,117.32120759999999,36.907705300000003,0.90200001,0.268000007,20181108463935,663,0xf,0x1,21.4599991,26.1862659,0.0219427384,0.0910860077,4.97702604e-06,30,1.04499996,3
663215100001640,70751178,2458462.0164292706,58461.511782399997,20.5031395,0.196240187,0,zr,117.321355,36.907861500000003,1.05599999,-0.340999991,20181209511782,663,0xf,0x1,20.8600006,25.9566898,0.0221215915,0.0841462612,5.05305616e-06,30,1.08800006,1
663215100001640,71029752,2458464.8023192561,58464.297523100002,20.0982857,0.144805223,0,zr,117.3212419,36.907819500000002,0.497999996,0.0370000005,20181212297523,663,0xf,0x1,20.6399994,26.1738338,0.027064532,0.0890809745,7.54833445e-06,30,1.28499997,1
663215100001640,72033109,2458474.8363386635,58474.331099499999,19.8913918,0.123305172,0,zr,117.3210783,36.907917900000001,0.726000011,-0.352999985,20181222331053,663,0xf,0x1,20.0100002,26.2149162,0.0309214871,0.0842748806,9.8971359e-06,30,1.06900001,1
663215100001640,72643467,2458480.9401081353,58480.434675899996,19.3070183,0.0779146478,0,zr,117.3213006,36.907762400000003,0.823000014,-0.115999997,20181228434433,663,0xf,0x1,20.4599991,26.1845303,0.0266386028,0.0918940231,7.45111583e-06,30,1.03799999,1
663215100001640,72744942,2458481.9548798022,58481.4494213,20.4093761,0.183284789,0,zr,117.32134480000001,36.907698099999998,0.442000002,-0.145999998,20181229449410,663,0xf,0x1,20.7700005,26.1928864,0.0245304909,0.0879330859,6.21876188e-06,30,1.07000005,1
663215100001640,73244935,2458486.9549149745,58486.449351900003,19.1749611,0.0702886432,0,zr,117.32136920000001,36.907774699999997,0.451999992,0.0219999999,20190103449340,663,0xf,0x1,20.3899994,26.1975002,0.0278594177,0.0922809318,7.97447046e-06,30,1.10300004,1
663215100001640,73927612,2458493.7817605506,58493.276122700001,19.6634617,0.103105709,0,zr,117.3212892,36.907751599999997,0.699000001,-0.0549999997,20190110276123,663,0xf,0x1,21.1700001,26.1950054,0.0214204229,0.0874048322,4.69365932e-06,30,1.07500005,1
663215100001640,75131039,2458505.8159702118,58505.310393500004,19.0439053,0.0635103732,0,zr,117.32146,36.9078078,0.730000019,-0.130999997,20190122310347,663,0xf,0x1,19.2900009,26.1933956,0.038349662,0.0968050137,1.76591693e-05,30,1,2
663215100001640,75132339,2458505.8289677105,58505.3233912,19.3684864,0.0817584246,0,zr,117.3213406,36.907863900000002,0.874000013,-0.407999992,20190122323194,663,0xf,0x1,19.6399994,26.2010365,0.0387520604,0.0882318094,1.56908663e-05,30,1.00100005,2
663215100001640,75133722,2458505.8427984989,58505.337222200003,18.7711182,0.0516143925,0,zr,117.32134979999999,36.907848199999997,0.742999971,0.0489999987,20190122336898,663,0xf,0x1,19.5100002,26.2035007,0.0356737673,0.0887682214,1.38714404e-05,30,1.00699997,2
663215100001640,75136499,2458505.8705758713,58505.364999999998,18.9288788,0.0581521131,0,zr,117.3213279,36.907711300000003,0.407000005,0.0419999994,20190122364838,663,0xf,0x1,19.4400005,26.2013283,0.0370218605,0.0856931284,1.55674334e-05,30,1.03600001,2
663215100001640,75225908,2458506.764647115,58506.259085600002,19.1072521,0.0666931495,0,zr,117.3214431,36.907747100000002,0.602999985,-0.0659999996,20190123259039,663,0xf,0x1,19.9099998,26.2097321,0.0317012072,0.0882794112,1.0330652e-05,30,1.03999996,2
663215100001640,75227537,2458506.7809316427,58506.275370399999,18.8732872,0.0557459444,0,zr,117.3212023,36.907769999999999,0.925000012,0.114,20190123275324,663,0xf,0x1,19.8600006,26.1996899,0.0328114815,0.091661416,1.10735336e-05,30,1.01900005,2
663215100001640,75229131,2458506.7968803779,58506.291319399999,19.5437012,0.0938299447,0,zr,117.3213124,36.907777400000001,0.866999984,0.0930000022,20190123291273,663,0xf,0x1,19.9599991,26.2042217,0.0308473371,0.0875589699,9.75123021e-06,30,1.00600004,2
663215100001640,75230737,2458506.8129334063,58506.307372700001,19.7827339,0.113241471,0,zr,117.3212979,36.907839899999999,0.791999996,-0.186000004,20190123307326,663,0xf,0x1,20.0900002,26.2112541,0.0279002208,0.0886092931,7.96254062e-06,30,1,2
663215100001640,75232387,2458506.8294377336,58506.323877299998,19.3691883,0.0818034634,0,zr,117.3215081,36.907687500000002,0.927999973,0.0529999994,20190123323600,663,0xf,0x1,19.9200001,26.2067089,0.0328572541,0.0898966342,1.11037116e-05,30,1.00199997,2
663215100001640,75234118,2458506.8467407348,58506.3411806,18.7459507,0.0506517403,0,zr,117.3212887,36.907749000000003,0.850000024,-0.104000002,20190123340880,663,0xf,0x1,20.2099991,26.2122917,0.0272873323,0.0867376104,7.69543749e-06,30,1.01199996,2
663215100001640,75237626,2458506.8818211276,58506.376261600002,19.28022,0.0762987956,0,zr,117.3211948,36.907748099999999,0.611000001,0.0710000023,20190123376169,663,0xf,0x1,20.1200008,26.2027302,0.029650759,0.0902060717,9.02381998e-06,30,1.05900002,2
663215100001640,75239261,2458506.898174942,58506.392615700002,18.8999939,0.0568874888,0,zr,117.32132300000001,36.907800999999999,0.882000029,-0.00400000019,20190123392569,663,0xf,0x1,19.9799995,26.2013817,0.0298566297,0.0896864086,9.17265606e-06,30,1.09599996,2
663215100001640,75422523,2458508.7307567568,58508.225231500001,19.5119915,0.0915174186,0,zr,117.3212226,36.9077293,0.916999996,0.0710000023,20190125225220,663,0xf,0x1,20.8400002,26.2105331,0.0255103391,0.069575727,6.76031505e-06,30,1.09899998,1
663215100001640,75720996,2458511.7154233083,58511.209965299997,20.0637589,0.140996441,0,zr,117.3213461,36.907824599999998,0.671000004,-0.0179999992,20190128209965,663,0xf,0x1,21.1100006,26.1072655,0.0223730486,0.0918194279,5.16245564e-06,30,1.11800003,2
663215100001640,75721964,2458511.7250989741,58511.219641199998,20.6900444,0.21591258,0,zr,117.3213161,36.9077245,1.22300005,-0.486999989,20190128219630,663,0xf,0x1,21.0900002,26.1105614,0.0219879244,0.0893923566,5.00851593e-06,30,1.09200001,2
663215100001640,75722693,2458511.7323904936,58511.226932899997,18.750145,0.0508107357,0,zr,117.3213186,36.907772299999998,1.11000001,-0.0700000003,20190128226921,663,0xf,0x1,21.1800003,26.0864887,0.021407906,0.0929289833,4.73957698e-06,30,1.07500005,2
663215100001640,75722937,2458511.7348325341,58511.229375000003,18.8289509,0.0539080277,0,zr,117.3213312,36.907769799999997,0.67900002,-0.0710000023,20190128229363,663,0xf,0x1,20.9500008,26.1013317,0.0225832723,0.0918325633,5.2586679e-06,30,1.07000005,2
663215100001640,75723182,2458511.7372861737,58511.231828700002,18.997076,0.0612652004,0,zr,117.3213334,36.907769799999997,0.782999992,-0.0850000009,20190128231817,663,0xf,0x1,21.1100006,26.1085262,0.022223644,0.0912283435,5.10916243e-06,30,1.06500006,2
663215100001640,75723922,2458511.7446817914,58511.239224500001,19.0762634,0.065114826,0,zr,117.3213217,36.907763500000001,0.889999986,-0.0839999989,20190128239201,663,0xf,0x1,21.1299992,26.097744,0.0228601769,0.0881724283,5.36317839e-06,30,1.051,2
663215100001640,75725174,2458511.7572046812,58511.2517477,18.9694309,0.0599812567,0,zr,117.3212911,36.9077737,0.55400002,-0.0599999987,20190128251713,663,0xf,0x1,21.4400005,26.1308804,0.0217003338,0.0879013166,4.80935068e-06,30,1.03100002,2
663215100001640,75725428,2458511.7597393189,58511.254282399997,19.0493526,0.0637773648,0,zr,117.32129260000001,36.907758800000003,0.740999997,0.00200000009,20190128254236,663,0xf,0x1,21.4799995,26.1648331,0.0213305391,0.088327907,4.6942464e-06,30,1.028,2
663215100001640,75726594,2458511.7714057299,58511.265949100001,20.37953,0.17926535,0,zr,117.3213348,36.907755199999997,0.763000011,0.0370000005,20190128265891,663,0xf,0x1,21.5900002,26.1600857,0.0221644044,0.0869622678,5.11195412e-06,30,1.01499999,2
663215100001640,75726910,2458511.7745653489,58511.269108799999,20.6608257,0.212837219,0,zr,117.3212633,36.907809299999997,0.160999998,0.0199999996,20190128269051,663,0xf,0x1,21.5699997,26.1703815,0.0224423874,0.09071289,5.19424884e-06,30,1.01199996,2
663215100001640,75727230,2458511.7777596712,58511.272303199999,20.3513927,0.175539419,0,zr,117.3212669,36.907733999999998,0.77700001,0.0890000015,20190128272222,663,0xf,0x1,21.5699997,26.1739483,0.0235626083,0.0854669586,5.70833981e-06,30,1.00999999,2
663215100001640,75727552,2458511.7809771909,58511.275520800002,20.181324,0.154339164,0,zr,117.32128760000001,36.907749099999997,0.634000003,0.0350000001,20190128275440,663,0xf,0x1,21.6000004,26.1668816,0.0239318851,0.0878311172,5.9370941e-06,30,1.00699997,2
663215100001640,75727876,2458511.7842179099,58511.278761599999,18.6936913,0.0487191603,0,zr,117.321296,36.907767999999997,0.950999975,-0.0560000017,20190128278681,663,0xf,0x1,21.5200005,26.1770477,0.0226903632,0.0861673877,5.34022774e-06,30,1.005,2
663215100001640,75728204,2458511.7875048281,58511.282048599998,18.7690277,0.0515336543,0,zr,117.3213073,36.907765300000001,1.45500004,-0.0759999976,20190128281956,663,0xf,0x1,21.5,26.1544228,0.025095351,0.089553386,6.49856474e-06,30,1.00399995,2
663215100001640,75728534,2458511.7908033454,58511.285347199999,19.0012741,0.0614628047,0,zr,117.3213137,36.907764899999997,0.790000021,-0.063000001,20190128285266,663,0xf,0x1,21.6499996,26.196764,0.0275802314,0.0872370377,7.87231329e-06,30,1.00199997,2
663215100001640,75728864,2458511.7941018632,58511.288645799999,18.9655781,0.0598047227,0,zr,117.32131630000001,36.907754300000001,1.28999996,-0,20190128288600,663,0xf,0x1,21.5499992,26.1700554,0.0252322815,0.0865228325,6.58449426e-06,30,1.00100005,2
663215100001640,75729195,2458511.7974119796,58511.291956000001,19.4246387,0.0854426846,0,zr,117.3212971,36.907765499999996,0.688000023,-0.00600000005,20190128291944,663,0xf,0x1,21.5200005,26.1581993,0.0245538857,0.0866567567,6.24603126e-06,30,1.00100005,2
663215100001640,75729531,2458511.8007683954,58511.295312499999,19.596611,0.0978205055,0,zr,117.3213219,36.907778700000001,0.888999999,-0.0799999982,20190128295301,663,0xf,0x1,21.6599998,26.1871719,0.0238993317,0.0817945749,5.90780473e-06,30,1,2
663215100001640,75729870,2458511.8041595095,58511.298703699998,19.7963257,0.114456095,0,zr,117.32127250000001,36.9077719,0.666000009,-0.0309999995,20190128298692,663,0xf,0x1,21.5300007,26.1808834,0.0236091986,0.0843109712,5.75180138e-06,30,1,2
663215100001640,75730240,2458511.8078631172,58511.302407399999,19.1591034,0.0694281384,0,zr,117.3212891,36.9077579,0.626999974,-0.0439999998,20190128302407,663,0xf,0x1,21.6100006,26.1836357,0.0259673502,0.0839928463,6.97414816e-06,30,1,2
663215100001640,75730604,2458511.8114973255,58511.306041700002,18.7587433,0.0511384532,0,zr,117.3213021,36.9077743,0.736000001,-0.00100000005,20190128306030,663,0xf,0x1,21.5699997,26.1791248,0.0244474728,0.0891582593,6.16895795e-06,30,1.00100005,2
663215100001640,75731329,2458511.8187540425,58511.313298599998,18.8962154,0.0567244105,0,zr,117.32130309999999,36.907769999999999,1.32599998,0.138999999,20190128313287,663,0xf,0x1,21.5499992,26.1746578,0.0255384538,0.0820669308,6.76157515e-06,30,1.00300002,2
663215100001640,75731690,2458511.8223650511,58511.316909699999,19.8687096,0.121136814,0,zr,117.32130239999999,36.907775700000002,0.123999998,-0.0109999999,20190128316910,663,0xf,0x1,21.6499996,26.1922607,0.0258783344,0.0861072391,6.92256344e-06,30,1.005,2
663215100001640,75732052,2458511.8259760593,58511.3205208,20.0988922,0.144873098,0,zr,117.3212788,36.907766199999998,0.870000005,-0.0900000036,20190128320509,663,0xf,0x1,21.6900005,26.1854362,0.0273013711,0.0837535411,7.7128343e-06,30,1.00699997,2
663215100001640,75732409,2458511.8295523706,58511.324097199999,20.6357021,0.210192919,0,zr,117.32132470000001,36.907734400000002,1.05200005,0.0820000023,20190128324086,663,0xf,0x1,21.6900005,26.1912441,0.0249410924,0.0902085379,6.40839289e-06,30,1.00899994,2
663215100001640,75732766,2458511.8331170781,58511.327662000003,20.5265255,0.19870162,0,zr,117.321286,36.907784599999999,0.499000013,-0.0680000037,20190128327650,663,0xf,0x1,21.6299992,26.1900673,0.0240072366,0.0869405642,5.97831604e-06,30,1.01199996,2
663215100001640,75733121,2458511.8366702893,58511.331215300001,20.4502754,0.188904837,0,zr,117.3214152,36.907814000000002,0.397000015,0.0480000004,20190128331204,663,0xf,0x1,21.4400005,26.1898136,0.0231797975,0.0914217085,5.54151165e-06,30,1.01499999,2
663215100001640,75733475,2458511.8402117984,58511.334756900003,18.9526062,0.0592146516,0,zr,117.3212896,36.907770499999998,0.810000002,0.00600000005,20190128334745,663,0xf,0x1,21.3700008,26.1890526,0.0220917556,0.0914167911,5.0062099e-06,30,1.01800001,2
663215100001640,75733828,2458511.8437418081,58511.338286999999,19.0665131,0.0646267235,0,zr,117.3212288,36.907756300000003,1.22899997,-0.0430000015,20190128338275,663,0xf,0x1,20.9599991,26.1769981,0.0236473996,0.0947252586,5.74298747e-06,30,1.02199996,2
663215100001640,75734180,2458511.8472603192,58511.341805600001,19.0227299,0.0624840483,0,zr,117.3213011,36.907766799999997,0.416999996,-0.0209999997,20190128341794,663,0xf,0x1,21.3299999,26.1611996,0.0221296325,0.0884461552,5.04561376e-06,30,1.02600002,2
663215100001640,75734531,2458511.8507671305,58511.345312500001,19.5555782,0.0947112143,0,zr,117.3213192,36.907760000000003,0.593999982,0.0839999989,20190128345301,663,0xf,0x1,21.4400005,26.1611137,0.0214438401,0.0886468887,4.74902254e-06,30,1.03100002,2
663215100001640,75734880,2458511.8542624405,58511.348807900002,19.4948387,0.0902906582,0,zr,117.3212599,36.907749500000001,0.717999995,0.0469999984,20190128348796,663,0xf,0x1,21.25,26.1573753,0.0218113028,0.0896863416,4.89665354e-06,30,1.03600001,2
663215100001640,75735229,2458511.8577461508,58511.352291700001,19.3872738,0.082972385,0,zr,117.3212801,36.9077792,0.688000023,-0.101000004,20190128352280,663,0xf,0x1,21.3099995,26.1748123,0.02114309,0.0920378938,4.59353532e-06,30,1.04100001,2
663215100001640,75735577,2458511.8612298626,58511.3557755,19.4159164,0.0848592818,0,zr,117.3213056,36.907764800000002,0.75999999,0.0670000017,20190128355764,663,0xf,0x1,21.4500008,26.1724567,0.0216515549,0.0859828293,4.8515426e-06,30,1.04700005,2
663215100001640,75736614,2458511.8715998959,58511.366145799999,18.9970818,0.0612654202,0,zr,117.3212987,36.907796500000003,0.799000025,-0.0590000004,20190128366146,663,0xf,0x1,21.3500004,26.189539,0.0210358575,0.0891278833,4.57096121e-06,30,1.06599998,2
663215100001640,75736959,2458511.8750489075,58511.369594900003,19.2042618,0.0719090998,0,zr,117.32132919999999,36.907793099999999,1.13999999,0.101000004,20190128369583,663,0xf,0x1,21.0900002,26.1747856,0.022943154,0.0906046182,5.42348744e-06,30,1.074,2
663215100001640,75737302,2458511.8784747194,58511.373020799998,19.4026585,0.0839804634,0,zr,117.32132249999999,36.907790400000003,0.953000009,0.0469999984,20190128373021,663,0xf,0x1,21.0499992,26.17519,0.0215777066,0.091557011,4.80588596e-06,30,1.08099997,2
663215100001640,75825994,2458512.765372992,58512.259942099998,18.6331253,0.0465873294,32768,zr,117.32130050000001,36.907778999999998,0.469000012,0.112000003,20190129259884,663,0xf,0x1,20.8799992,25.7214165,0.0400768481,0.0883007422,1.67336239e-05,30,1.01800001,2
663215100001640,75828576,2458512.7911941088,58512.285763899999,18.946003,0.0589167327,32768,zr,117.3213961,36.907739800000002,0.583000004,0.178000003,20190129285729,663,0xf,0x1,19.3400002,24.4104424,0.0439613797,0.0904632062,2.88044339e-05,30,1.00100005,2
663215100001640,75829581,2458512.8012401387,58512.295810199998,19.3697281,0.081838116,32768,zr,117.3213571,36.907768699999998,0.36500001,-0.0469999984,20190129295810,663,0xf,0x1,19.8899994,24.6302586,0.063286826,0.0843798295,5.22177106e-05,30,1,2
663215100001640,75830285,2458512.808288543,58512.302858800002,17.886425,0.0279094875,32768,zr,117.321173,36.907876799999997,0.764999986,0.165000007,20190129302847,663,0xf,0x1,18.1599998,23.0381889,0.0549117476,0.081651099,0.000171498701,30,1.00100005,2
663215100001640,75831734,2458512.8227788582,58512.317349500001,19.8484802,0.119233288,32768,zr,117.3213028,36.907797700000003,0.542999983,0.00300000003,20190129317338,663,0xf,0x1,20.5300007,25.2929935,0.032332249,0.0840117782,1.08544864e-05,30,1.00600004,2
663215100001640,75834913,2458512.854560399,58512.349131900002,18.8786583,0.0559734367,32768,zr,117.3212959,36.907764100000001,1.11000001,-0.143000007,20190129349120,663,0xf,0x1,19.9699993,24.9510345,0.10880404,0.0861752555,0.000130963366,30,1.03999996,2
663215100001640,75936376,2458513.8691620105,58513.363761599998,19.1105309,0.0668625459,32768,zr,117.3212996,36.907763500000001,0.628000021,0.0299999993,20190130363750,663,0xf,0x1,20.9300003,25.2810421,0.0550848506,0.0831064358,3.12197408e-05,30,1.07299995,2
663215100001640,75936719,2458513.8725994113,58513.367199100001,19.0116234,0.061953079,32768,zr,117.3212858,36.9077512,1.176,-0.187000006,20190130367188,663,0xf,0x1,21.1900005,25.5181007,0.0896341205,0.0769272745,8.24664749e-05,30,1.08099997,2
663215100001640,75937061,2458513.8760136119,58513.370613400002,18.9571724,0.0594215989,32768,zr,117.3213204,36.907779099999999,1.24600005,0.023,20190130370613,663,0xf,0x1,20.8099995,25.1236286,0.0366719104,0.0846571401,1.38957103e-05,30,1.08899999,2
663215100001640,75937403,2458513.8794395132,58513.374039399998,18.5257301,0.0430757292,32768,zr,117.32131630000001,36.9077658,0.904999971,-0.0289999992,20190130374028,663,0xf,0x1,21.0699997,25.3769798,0.0585894696,0.0788214579,3.52378847e-05,30,1.097,2
663215100001640,76021071,2458514.7160932845,58514.210717599999,18.7712708,0.0516202934,0,zr,117.3212796,36.907772600000001,1.10099995,-0.0939999968,20190131210718,663,0xf,0x1,21.6299992,26.156683,0.0226578377,0.0885966122,5.32456124e-06,30,1.09399998,2
663215100001640,76021314,2458514.7185237147,58514.213148100003,18.9136658,0.057482142,0,zr,117.321326,36.907757099999998,0.593999982,0.0219999999,20190131213137,663,0xf,0x1,21.5100002,26.1531448,0.0206880476,0.0816104785,4.44460829e-06,30,1.08800006,2
663215100001640,76021556,2458514.720942643,58514.2155671,19.0320702,0.0629344657,0,zr,117.3213123,36.907764700000001,0.853999972,-0.118000001,20190131215567,663,0xf,0x1,21.3799992,26.0705891,0.0275848452,0.0836676881,7.86575492e-06,30,1.08200002,2
663215100001640,76021800,2458514.7233847706,58514.218009299999,19.6639996,0.103149436,0,zr,117.321304,36.907788500000002,0.676999986,0.0329999998,20190131217998,663,0xf,0x1,21.6599998,26.1825848,0.0213633217,0.0850354061,4.7239605e-06,30,1.07700002,2
663215100001640,76022043,2458514.7258151988,58514.220439800003,20.213625,0.15819177,0,zr,117.3212511,36.907756800000001,1.25999999,-0.0939999968,20190131220428,663,0xf,0x1,21.6900005,26.1792107,0.0222436469,0.0846322998,5.14112071e-06,30,1.07099998,2
663215100001640,76022289,2458514.7282688287,58514.222893500002,20.0396461,0.138389632,0,zr,117.3213482,36.907749299999999,0.981000006,-0.145999998,20190131222882,663,0xf,0x1,21.6599998,26.1702309,0.0224319268,0.0844955221,5.20252206e-06,30,1.06599998,2
663215100001640,76022534,2458514.7307224553,58514.225347200001,20.4257584,0.185520396,0,zr,117.3213137,36.907762200000001,0.709999979,-0.00999999978,20190131225336,663,0xf,0x1,21.6200008,26.1753445,0.0206874367,0.0847816095,4.41796738e-06,30,1.06099999,2
663215100001640,76022780,2458514.7331760847,58514.2278009,20.1542168,0.151168391,32768,zr,117.32138,36.907738899999998,0.209999993,-0.0610000007,20190131227789,663,0xf,0x1,20.6900005,25.4608002,0.0345046259,0.089308396,1.231033e-05,30,1.05599999,2
663215100001640,76023524,2458514.7406180636,58514.235243100004,20.3130569,0.170562908,32768,zr,117.32123249999999,36.9076947,0.671999991,0.108000003,20190131235220,663,0xf,0x1,20.9899998,25.7666454,0.0318522304,0.083477892,1.05172148e-05,30,1.04299998,2
663215100001640,76023774,2458514.7431179886,58514.237743099999,19.1581478,0.0693766177,0,zr,117.3213066,36.907766500000001,0.69599998,0.0399999991,20190131237708,663,0xf,0x1,21.3500004,25.9997082,0.0220919978,0.086654827,5.07029063e-06,30,1.03900003,2
663215100001640,76024024,2458514.7456179145,58514.240243100001,18.9159489,0.0575821176,0,zr,117.3212772,36.907759499999997,0.758000016,-0.0170000009,20190131240208,663,0xf,0x1,21.5599995,26.1134319,0.0217886791,0.0868105814,4.92293111e-06,30,1.03600001,2
663215100001640,76024276,2458514.74814094,58514.242766199997,18.9037247,0.0570490807,0,zr,117.3212922,36.907763299999999,0.694000006,-0.0480000004,20190131242731,663,0xf,0x1,21.4899998,26.0692024,0.023318233,0.0859682038,5.62484092e-06,30,1.03199995,2
663215100001640,76024530,2458514.7506755651,58514.245300900002,18.7817707,0.0520282499,0,zr,117.3212972,36.907755700000003,0.60799998,0.0280000009,20190131245255,663,0xf,0x1,21.3999996,26.0161934,0.0236207582,0.0806601718,5.78259869e-06,30,1.02900004,2
663215100001640,76025480,2458514.760177582,58514.254803199998,19.5048676,0.0910058692,0,zr,117.3212877,36.907784300000003,0.677999973,-0.0379999988,20190131254757,663,0xf,0x1,21.3999996,25.9984493,0.0232255254,0.0866038203,5.5952296e-06,30,1.01800001,2
663215100001640,76025795,2458514.7633256898,58514.257951400003,19.4883499,0.0898309872,0,zr,117.32132110000001,36.907761800000003,0.513999999,-0.00200000009,20190131257894,663,0xf,0x1,21.1399994,25.812933,0.0233017467,0.0855757967,5.6049239e-06,30,1.01499999,2
663215100001640,76026112,2458514.7664968953,58514.261122700002,19.1690369,0.0699658468,0,zr,117.3213241,36.907769999999999,0.940999985,-0.143999994,20190131261053,663,0xf,0x1,21.5300007,26.0466022,0.0230873376,0.0846396759,5.5308974e-06,30,1.01199996,2
663215100001640,76026430,2458514.7696797005,58514.264305600002,18.9698887,0.0600022748,0,zr,117.321307,36.907752299999999,0.81099999,-0.0869999975,20190131264236,663,0xf,0x1,21.2399998,25.9133892,0.0280098561,0.0848511606,8.12978396e-06,30,1.00899994,2
663215100001640,76026752,2458514.7728971047,58514.267523100003,18.9474087,0.058980044,32768,zr,117.32133779999999,36.907769899999998,0.716000021,-0.0280000009,20190131267442,663,0xf,0x1,20.7000008,25.4739017,0.0295016542,0.087977685,8.99846509e-06,30,1.00699997,2
663215100001640,76027077,2458514.776149408,58514.270775500001,19.1438446,0.0686108544,32768,zr,117.32129209999999,36.907738100000003,0.82099998,0.00300000003,20190131270683,663,0xf,0x1,20.6299992,25.426403,0.0364916287,0.0898042917,1.37393745e-05,30,1.005,2
663215100001640,76027405,2458514.7794247083,58514.2740509,19.4223709,0.0852906406,32768,zr,117.32132470000001,36.9078157,0.947000027,-0.0579999983,20190131273958,663,0xf,0x1,20.6499996,25.3999596,0.0317071974,0.0844723582,1.04394503e-05,30,1.00399995,2
663215100001640,76027733,2458514.7827117126,58514.277338,19.6901302,0.105292164,32768,zr,117.3213238,36.907724799999997,0.814999998,-0.0250000004,20190131277268,663,0xf,0x1,20.75,25.5127258,0.0379155688,0.086403504,1.48923773e-05,30,1.00199997,2
663215100001640,76030153,2458514.8069123821,58514.301539400003,18.7673645,0.0514695123,32768,zr,117.3213616,36.907898600000003,0.333999991,-0.075000003,20190131301528,663,0xf,0x1,19.2199993,24.181778,0.0441122428,0.0869833231,3.42724597e-05,30,1.00199997,2
663215100001640,76031597,2458514.82134475,58514.315972199998,19.5421066,0.0937122181,32768,zr,117.32131320000001,36.907767100000001,1.04100001,-0.245000005,20190131315961,663,0xf,0x1,19.9899998,24.8476772,0.0369221829,0.0769723132,1.5173352e-05,30,1.00899994,2
663215100001640,76031952,2458514.8248979431,58514.319525500003,18.8143005,0.0533160456,32768,zr,117.3213239,36.907760199999998,1.11399996,-0.216000006,20190131319514,663,0xf,0x1,20.0200005,25.0437241,0.0386960283,0.0812557638,1.58701168e-05,30,1.01199996,2
663215100001640,76032307,2458514.8284510337,58514.323078699999,18.933485,0.0583566912,32768,zr,117.3212393,36.907764999999998,0.400999993,0.0109999999,20190131323067,663,0xf,0x1,20.3999996,25.2649555,0.0315904729,0.0819550529,1.02856538e-05,30,1.01499999,2
663215100001640,76032662,2458514.8319926271,58514.326620400003,19.0527,0.0639420673,32768,zr,117.32134550000001,36.9078126,0.63499999,-0.0149999997,20190131326609,663,0xf,0x1,20.0100002,24.8852139,0.037565805,0.0815171003,1.49410625e-05,30,1.01800001,2
663215100001640,76033366,2458514.8390410133,58514.333669,19.3246326,0.0789963603,32768,zr,117.32123559999999,36.907733800000003,0.961000025,-0.270000011,20190131333657,663,0xf,0x1,19.6100006,24.5342026,0.0409132242,0.0757270828,2.18062378e-05,30,1.02600002,2
663215100001640,76035802,2458514.8633920755,58514.358020799998,19.1067867,0.0666691586,32768,zr,117.3212996,36.907662799999997,0.532999992,-0.104000002,20190131358009,663,0xf,0x1,19.8899994,24.9173164,0.039930623,0.0900618061,1.7085451e-05,30,1.06599998,2
663215100001640,76036489,2458514.8702668622,58514.364895799998,19.5383854,0.0934382081,32768,zr,117.32134379999999,36.9077822,0.712000012,-0.00499999989,20190131364884,663,0xf,0x1,20.3999996,25.3369541,0.0397925265,0.0926324725,1.64969078e-05,30,1.08200002,2
663215100001640,76036831,2458514.8736811578,58514.3683102,19.2906189,0.0769215524,32768,zr,117.321319,36.907773200000001,1.14999998,0.00400000019,20190131368310,663,0xf,0x1,20.7600002,25.6051903,0.0251800623,0.0884017721,6.56733346e-06,30,1.09000003,2
663215100001640,76822461,2458522.7297033803,58522.224618100001,18.9259186,0.0580210164,0,zr,117.3212839,36.907769600000002,1.26100004,-0.104999997,20190208224618,663,0xf,0x1,21.3099995,26.1863728,0.0194343049,0.0816749334,3.94158951e-06,30,1.02699995,1
663215100001640,77218914,2458526.694048625,58526.1891435,19.081562,0.0653817877,0,zr,117.3213315,36.907763299999999,0.81400001,-0.0799999982,20190212189097,663,0xf,0x1,20.4300003,26.0180626,0.0334301218,0.0658061802,1.15964585e-05,30,1.06799996,1
663215100001640,78728478,2458541.788799915,58541.284780100003,19.8206558,0.116661437,32768,zr,117.32134000000001,36.907780700000004,0.433999985,-0.174999997,20190227284757,663,0xf,0x1,20.2099991,25.2991467,0.0396798663,0.0861326158,1.62261058e-05,30,1.06700003,1
663215100001640,79318696,2458547.6905648001,58547.186967599999,19.3414001,0.0800407603,0,zr,117.32128729999999,36.907785699999998,0.947000027,-0.0250000004,20190305186887,663,0xf,0x1,21.2099991,26.1989403,0.0220504533,0.0717686638,5.00532769e-06,30,1.00199997,1
663215100001640,80632121,2458560.823749227,58560.321215299999,19.740324,0.10953106,0,zr,117.3213566,36.9077968,0.344000012,-0.163000003,20190318321204,663,0xf,0x1,19.9300003,26.1567993,0.0322924666,0.0913396031,1.0710527e-05,30,1.45299995,1
663215100001640,81314517,2458567.6471036882,58567.145173600002,19.7547016,0.110775597,0,zr,117.32124810000001,36.907824300000001,0.754999995,0.0829999968,20190325145150,663,0xf,0x1,21.2900009,26.1392498,0.0247820783,0.0816403404,6.3288262e-06,30,1,1
663215100001640,82716658,2458581.667207323,58581.166585600004,19.7941055,0.114256777,0,zr,117.3213097,36.9078187,0.519999981,-0.0469999984,20190408166574,663,0xf,0x1,20.4099998,25.866621,0.0297292229,0.0822380856,9.1342099e-06,30,1.04999995,1
663215100001640,83714015,2458591.6398213892,58591.140150500003,19.1862373,0.0709076002,0,zr,117.32135599999999,36.907766899999999,0.381000012,-0.00100000005,20190418140139,663,0xf,0x1,20.6399994,26.1298161,0.0265384503,0.0880292132,7.31484397e-06,30,1.05200005,1
663215100001640,84415280,2458598.6518104998,58598.152800900003,20.1899357,0.155358374,0,zr,117.32124330000001,36.907761299999997,0.83099997,0.0909999982,20190425152789,663,0xf,0x1,21.4099998,26.09445,0.0282386355,0.0893651918,8.19065281e-06,30,1.12800002,1
663215100001640,85217391,2458606.6721857172,58606.173911999998,19.7271862,0.108405709,0,zr,117.32133,36.9077865,0.479000002,-0.0820000023,20190503173877,663,0xf,0x1,21.1399994,26.0665054,0.0234530214,0.0907006711,5.64419452e-06,30,1.30900002,1
663215100001640,85515666,2458609.6546750264,58609.156666700001,20.1375656,0.149248913,0,zr,117.32124520000001,36.907717599999998,0.56400001,-0.0670000017,20190506156655,663,0xf,0x1,20.6100006,26.1058464,0.0278772861,0.0888460651,7.99512509e-06,30,1.26100004,1
663215100001640,86321464,2458617.7119624075,58617.2146412,19.3376312,0.0798047334,0,zr,117.32118,36.907854399999998,1.12800002,-0.112999998,20190514214630,663,0xf,0x1,20.2800007,26.0002136,0.0291264318,0.0940331519,8.64568847e-06,30,2.0250001,1
663215100001640,88416712,2458638.6629405813,58638.167129599999,19.4597893,0.0878359228,0,zr,117.3214224,36.907885,0.921999991,-0.0949999988,20190604167130,663,0xf,0x1,19.7199993,25.9434586,0.0371657871,0.0951566473,1.42429153e-05,30,2.21199989,2
663215100001640,88417699,2458638.6728010681,58638.176990699998,19.164093,0.069697693,0,zr,117.3213106,36.907761999999998,0.499000013,-0.0219999999,20190604176991,663,0xf,0x1,20.2900009,25.9098358,0.0278015267,0.0954715908,7.83268206e-06,30,2.44000006,2
663215100001640,97251023,2458727.006444253,58726.510231499997,18.5892067,0.0451109335,0,zr,117.3213768,36.907794299999999,0.677999973,-0.0329999998,20190831510232,663,0xf,0x1,20.5100002,26.0232239,0.0313550346,0.0952824056,1.0022929e-05,30,1.91100001,1
663215100001640,97951376,2458734.0104785529,58733.513761599999,19.7503624,0.110398561,0,zr,117.32125069999999,36.907718000000003,0.718999982,0.0120000001,20190907513762,663,0xf,0x1,20.7000008,26.056633,0.0247690827,0.0925805941,6.29988335e-06,30,1.62699997,1
663215100001640,98251149,2458737.0084411586,58736.511493099999,18.8001251,0.0527503975,0,zr,117.3212509,36.9077658,0.898000002,-0.0610000007,20190910511481,663,0xf,0x1,20.9300003,26.0712013,0.0231865421,0.091764003,5.52635493e-06,30,1.56799996,1
663215100001640,98547120,2458739.9683880648,58739.471203699999,18.6945877,0.0487515703,0,zr,117.32126839999999,36.907764,0.959999979,0.00200000009,20190913471204,663,0xf,0x1,20.0200005,26.0256577,0.0341414474,0.0942143053,1.19252509e-05,30,1.96599996,1
663215100001640,99149380,2458745.9914959469,58745.493807899999,18.7152424,0.0495054387,0,zr,117.32131819999999,36.907787999999996,0.589999974,-0.0270000007,20190919493808,663,0xf,0x1,20.5100002,26.0663071,0.0260419529,0.0922827423,6.86899193e-06,30,1.50600004,1
663215100001640,99448653,2458748.9844878693,58748.486539400001,18.6575012,0.047431726,0,zr,117.32129020000001,36.907786199999997,0.630999982,0.0450000018,20190922486539,663,0xf,0x1,20.5400009,26.0595455,0.0250821374,0.0829630792,6.46882609e-06,30,1.49800003,1
663215100001640,100251599,2458757.0146698775,58756.515995399997,19.8970184,0.123848677,0,zr,117.3212094,36.907735600000002,0.60799998,-0.0160000008,20190930515984,663,0xf,0x1,20.9400005,26.0962715,0.021267321,0.081794396,4.61206582e-06,30,1.19500005,1
663215100001640,100344020,2458757.9389683781,58757.440208300002,18.8419113,0.0544380136,0,zr,117.3212711,36.9077962,0.907000005,0.057,20191001440208,663,0xf,0x1,20.6299992,26.0440445,0.0246099103,0.0978867114,6.19368939e-06,30,1.71599996,2
663215100001640,101250923,2458767.0088520469,58766.509236099999,20.5004196,0.195954084,0,zr,117.3214141,36.907770200000002,1.16700006,-0.104000002,20191010509225,663,0xf,0x1,20.9400005,26.1076679,0.0216757152,0.076980263,4.80521703e-06,30,1.12300003,1
663215100001640,101846923,2458772.9694229178,58772.469236099998,19.5165119,0.0918435156,0,zr,117.3212697,36.907750399999998,0.861999989,-0.162,20191016469236,663,0xf,0x1,20.2999992,26.0957584,0.0269771982,0.0861723423,7.44602448e-06,30,1.20799994,2
663215100001640,101846968,2458772.9698743722,58772.469687500001,19.6575069,0.102623679,0,zr,117.32117,36.907900900000001,0.712000012,0.0710000023,20191016469688,663,0xf,0x1,20.2399998,26.0967541,0.0285296291,0.0803349465,8.38611868e-06,30,1.20599997,2
663215100001640,101847013,2458772.9703257917,58772.470138899997,19.5802956,0.0965721607,0,zr,117.32143499999999,36.907720400000002,0.828000009,0.204999998,20191016470139,663,0xf,0x1,20.25,26.0925446,0.0279983561,0.0904792994,8.02956674e-06,30,1.204,2
663215100001640,101847059,2458772.9707772513,58772.470590299999,19.786274,0.113556661,0,zr,117.32125720000001,36.907826900000003,0.56099999,-0.0810000002,20191016470590,663,0xf,0x1,20.3299999,26.0915203,0.0275622364,0.0887971744,7.80677965e-06,30,1.20200002,2
663215100001640,101847104,2458772.9712286927,58772.471041700002,19.8578568,0.120112091,0,zr,117.3212633,36.9077415,0.653999984,0.0189999994,20191016471042,663,0xf,0x1,20.4200001,26.085104,0.0258029886,0.0962625667,6.88075443e-06,30,1.20000005,2
663215100001640,101847149,2458772.9716801331,58772.471493099998,19.6297741,0.100407854,0,zr,117.32131750000001,36.907786799999997,0.855000019,-0.0799999982,20191016471493,663,0xf,0x1,20.4799995,26.0840206,0.0273936372,0.0974016935,7.7027089e-06,30,1.19799995,2
663215100001640,101847194,2458772.9721314721,58772.4719444,19.676403,0.104161046,0,zr,117.32134720000001,36.907684600000003,0.512000024,-0.0160000008,20191016471944,663,0xf,0x1,20.4899998,26.0936527,0.0290534105,0.0897679701,8.6492264e-06,30,1.19599998,2
663215100001640,101847239,2458772.9725829232,58772.472395800003,19.7775402,0.112780623,0,zr,117.32127989999999,36.907800899999998,0.751999974,-0.0299999993,20191016472396,663,0xf,0x1,20.3299999,26.0917873,0.029600434,0.0838277787,8.98000053e-06,30,1.19500005,2
663215100001640,101847284,2458772.973034359,58772.472847199999,19.7558403,0.110874727,0,zr,117.3213604,36.907724199999997,0.702000022,0.00700000022,20191016472847,663,0xf,0x1,20.3400002,26.0930901,0.0282156132,0.088676393,8.13423412e-06,30,1.19299996,2
663215100001640,101847329,2458772.9734858018,58772.473298600002,19.7306309,0.108699724,0,zr,117.3213652,36.907683599999999,1.27600002,-0.0869999975,20191016473287,663,0xf,0x1,20.3799992,26.0978794,0.0301442128,0.0854723081,9.33237334e-06,30,1.19099998,2
663215100001640,101847374,2458772.9739372493,58772.473749999997,19.5285797,0.0927198529,0,zr,117.3213362,36.907763500000001,0.634000003,-0.0199999996,20191016473738,663,0xf,0x1,20.4400005,26.0898285,0.0282643028,0.0869069099,8.16206466e-06,30,1.18900001,2
663215100001640,101847420,2458772.9743886981,58772.4742014,19.4262276,0.0855494067,0,zr,117.3212729,36.907791899999999,0.48300001,-0.0989999995,20191016474190,663,0xf,0x1,20.4699993,26.0994778,0.0266847331,0.0850506052,7.3289907e-06,30,1.18700004,2
663215100001640,101847464,2458772.9748285352,58772.474641200002,19.6082878,0.0987238362,0,zr,117.32133399999999,36.907770499999998,0.676999986,-0.0949999988,20191016474641,663,0xf,0x1,20.5599995,26.0925369,0.0258813053,0.0900665745,6.87822194e-06,30,1.18599999,2
663215100001640,101847510,2458772.9752915823,58772.475104199999,19.4405384,0.086516805,0,zr,117.3212972,36.907724199999997,0.384000003,0.0599999987,20191016475104,663,0xf,0x1,20.5200005,26.0907879,0.0262432378,0.0854687169,7.04767763e-06,30,1.18400002,2
663215100001640,101847555,2458772.9757430246,58772.475555600002,19.6571903,0.102598161,0,zr,117.321326,36.907792000000001,1.12199998,-0.158999994,20191016475544,663,0xf,0x1,20.5499992,26.0884399,0.0259156264,0.0868388712,6.91763898e-06,30,1.18200004,2
663215100001640,101847600,2458772.976194378,58772.476006899997,19.6686764,0.103529736,0,zr,117.32120999999999,36.907809,0.657000005,-0.111000001,20191016476007,663,0xf,0x1,20.5100002,26.0799255,0.0270061661,0.0900646746,7.46078058e-06,30,1.17999995,2
663215100001640,101847645,2458772.9766458087,58772.4764583,19.960825,0.130170465,0,zr,117.3213714,36.907799300000001,0.861999989,0.0270000007,20191016476458,663,0xf,0x1,20.5200005,26.0930748,0.027588509,0.0832267404,7.82049483e-06,30,1.17900002,2
663215100001640,101847690,2458772.9770972617,58772.476909700003,20.2990532,0.168773606,0,zr,117.3212439,36.907765599999998,0.911000013,-0.219999999,20191016476910,663,0xf,0x1,20.3500004,26.0983047,0.0284383856,0.0801567584,8.3197865e-06,30,1.17700005,2
663215100001640,101847736,2458772.9775487022,58772.477361099998,20.1772118,0.15385446,0,zr,117.3212527,36.907652900000002,0.653999984,-0.215000004,20191016477361,663,0xf,0x1,20.2099991,26.0924644,0.0286896545,0.0914734229,8.42213103e-06,30,1.17499995,2
663215100001640,101847781,2458772.9780001617,58772.477812500001,20.2002544,0.156587198,0,zr,117.3210543,36.9076491,0.36500001,-0.023,20191016477812,663,0xf,0x1,20.4200001,26.091507,0.0278111342,0.0833807141,7.93208346e-06,30,1.17400002,2
663215100001640,101847916,2458772.9793544589,58772.479166700003,20.2189121,0.158830225,0,zr,117.32143120000001,36.907441499999997,0.592000008,-0.171000004,20191016479167,663,0xf,0x1,20.3799992,26.104166,0.0274681915,0.0823373049,7.79138099e-06,30,1.16900003,2
663215100001640,101847961,2458772.9798059142,58772.479618099998,20.0764885,0.142390162,0,zr,117.32132369999999,36.907625899999999,1.25199997,-0.114,20191016479618,663,0xf,0x1,20.3600006,26.1017418,0.027884217,0.082347244,7.9202282e-06,30,1.16700006,2
663215100001640,101848006,2458772.9802572574,58772.480069400001,19.8620148,0.120503724,0,zr,117.3213409,36.907673600000003,0.666000009,-0.261999995,20191016480069,663,0xf,0x1,20.2299995,26.0972672,0.0312241372,0.0880400464,1.00315256e-05,30,1.16499996,2
663215100001640,101848052,2458772.9807087076,58772.480520800003,19.8818378,0.122387469,0,zr,117.3212704,36.907741799999997,1.16499996,-0.182999998,20191016480521,663,0xf,0x1,20.2299995,26.0910912,0.0296714883,0.0942202359,9.05878005e-06,30,1.16400003,2
663215100001640,101848097,2458772.9811601453,58772.480972199999,20.2342434,0.160693496,0,zr,117.3213506,36.907754099999998,0.89200002,-0.170000002,20191016480972,663,0xf,0x1,20.3600006,26.0914955,0.026781695,0.0917366371,7.41018493e-06,30,1.16199994,2
663215100001640,101848142,2458772.9816115969,58772.481423600002,20.35606,0.176153287,0,zr,117.3212315,36.907688299999997,0.800000012,-0.426999986,20191016481424,663,0xf,0x1,20.4300003,26.0993156,0.026736334,0.0885033533,7.33232537e-06,30,1.15999997,2
663215100001640,101848232,2458772.982514468,58772.482326400001,20.178257,0.153977692,0,zr,117.32143720000001,36.907692699999998,0.861000001,-0.338999987,20191016482326,663,0xf,0x1,20.4599991,26.0975132,0.0257397983,0.0832440853,6.83502276e-06,30,1.15699995,2
663215100001640,101944553,2458773.9458128689,58773.445532400001,19.0486469,0.0637427047,32768,zr,117.3212549,36.907745800000001,0.527999997,-0.0610000007,20191017445532,663,0xf,0x1,19.7700005,25.9188194,0.0494097769,0.09012831,2.58049186e-05,30,1.30999994,2
663215100001640,101944598,2458773.9462643121,58773.445983799997,19.3007011,0.0775305405,32768,zr,117.3212764,36.907813099999998,0.465000004,0.107000001,20191017445984,663,0xf,0x1,19.4400005,25.6789322,0.0569622777,0.0903077051,3.92836992e-05,30,1.30799997,2
663215100001640,101944643,2458773.946715761,58773.4464352,19.2245884,0.0730567351,32768,zr,117.32119280000001,36.907735700000003,0.601000011,0.100000001,20191017446435,663,0xf,0x1,19.5100002,25.6808109,0.0634793714,0.0809441358,4.61047784e-05,30,1.30499995,2
663215100001640,101946403,2458773.964321651,58773.464039400002,18.6918201,0.0486515686,32768,zr,117.32135839999999,36.907794199999998,0.264999986,0.370000005,20191017464039,663,0xf,0x1,18.7099991,25.5818481,0.0492976308,0.0741823837,5.12517108e-05,30,1.21800005,2
663215100001640,101946584,2458773.9661273286,58773.465844899998,19.0320053,0.0629312918,32768,zr,117.321314,36.907772700000002,0.469000012,-0.0549999997,20191017465845,663,0xf,0x1,20.2000008,26.0821743,0.0319579691,0.0948519036,1.05099616e-05,30,1.21000004,2
663215100001640,101946629,2458773.966578769,58773.466296300001,19.087616,0.0656882301,0,zr,117.3213576,36.9078084,0.56099999,0.063000001,20191017466296,663,0xf,0x1,20.3400002,26.0798035,0.0287577957,0.0958484858,8.54090649e-06,30,1.20799994,2
663215100001640,101946674,2458773.9670302179,58773.466747699997,19.261158,0.0751710385,0,zr,117.3212821,36.907762400000003,0.485000014,-0.127000004,20191017466748,663,0xf,0x1,20.2299995,26.0823917,0.0288259182,0.0875420868,8.61002718e-06,30,1.20599997,2
663215100001640,101946855,2458773.9688358828,58773.4685532,18.7055779,0.0491510034,32768,zr,117.3213437,36.907518600000003,0.796000004,0.143000007,20191017468553,663,0xf,0x1,19.1100006,25.5986156,0.0622893497,0.0683546811,5.76510938e-05,30,1.199,2
663215100001640,101946900,2458773.9692873424,58773.469004600003,18.9694977,0.0599843189,32768,zr,117.3211843,36.9076959,0.675999999,0.0329999998,20191017468993,663,0xf,0x1,18.8700008,25.6296501,0.0659718513,0.0815639868,7.82680436e-05,30,1.19700003,2
663215100001640,101946945,2458773.9697387684,58773.469455999999,19.1687088,0.0699480399,0,zr,117.3214526,36.9078789,1.125,-0.0839999989,20191017469456,663,0xf,0x1,19.7700005,26.0979214,0.0333680883,0.0722538307,1.15895855e-05,30,1.19500005,2
663215100001640,101947035,2458773.97064166,58773.470358799997,19.1229,0.0675059557,0,zr,117.3213626,36.907737400000002,1.12100005,-0.108999997,20191017470359,663,0xf,0x1,19.9599991,25.9311028,0.0321598463,0.0823144093,1.06688949e-05,30,1.19200003,2
663215100001640,101947171,2458773.9719959977,58773.471712999999,19.3391666,0.0799007863,32768,zr,117.3212832,36.907772700000002,0.377999991,-0.0839999989,20191017471713,663,0xf,0x1,20.2399998,26.0194035,0.0399636179,0.09748137,1.63120239e-05,30,1.18599999,2
663215100001640,101947216,2458773.9724474368,58773.472164400002,18.9061852,0.0571559258,0,zr,117.32133589999999,36.907747100000002,0.629000008,0.0399999991,20191017472164,663,0xf,0x1,20.2099991,26.1013126,0.026230881,0.0762892216,7.09235383e-06,30,1.18499994,2
663215100001640,101947261,2458773.9728987706,58773.472615699997,18.9496307,0.059080217,0,zr,117.321467,36.907776599999998,0.529999971,-0.00800000038,20191017472616,663,0xf,0x1,19.9699993,26.1087761,0.031477347,0.0669098571,1.02200274e-05,30,1.18299997,2
663215100001640,101947306,2458773.9733502278,58773.4730671,19.1360798,0.0681989491,0,zr,117.32128350000001,36.9077457,1.09200001,-0.0659999996,20191017473056,663,0xf,0x1,20.3199997,26.1112881,0.0258181412,0.0728699639,6.865464e-06,30,1.18099999,2
663215100001640,101947351,2458773.9738016697,58773.473518500003,19.1614304,0.0695536956,0,zr,117.32131560000001,36.9077707,1.02400005,-0.100000001,20191017473519,663,0xf,0x1,20.5400009,26.0916424,0.0252429806,0.0909495577,6.51135133e-06,30,1.17900002,2
663215100001640,101947396,2458773.9742531157,58773.473969899998,19.188736,0.0710455328,0,zr,117.32128899999999,36.907808500000002,0.541000009,-0.0769999996,20191017473958,663,0xf,0x1,20.5100002,26.0839558,0.0271757953,0.0947371796,7.58733177e-06,30,1.17799997,2
663215100001640,101947442,2458773.974704558,58773.474421300001,19.3689308,0.081786938,0,zr,117.3213015,36.907795100000001,1.16400003,-0.218999997,20191017474421,663,0xf,0x1,20.5,26.0901661,0.0272407085,0.0939089507,7.54868597e-06,30,1.176,2
663215100001640,101947487,2458773.975155999,58773.474872699997,19.439394,0.0864390358,0,zr,117.3213466,36.907843300000003,0.497000009,-0.133000001,20191017474873,663,0xf,0x1,20.5100002,26.0986328,0.0244906601,0.0847144872,6.17637852e-06,30,1.17400002,2
663215100001640,101947532,2458773.9756074362,58773.4753241,19.6512337,0.102118298,0,zr,117.3214029,36.907718099999997,0.619000018,-0.179000005,20191017475324,663,0xf,0x1,20.2700005,26.1034718,0.0272873528,0.0764429048,7.62351101e-06,30,1.17299998,2
663215100001640,101947577,2458773.9760588808,58773.475775500003,19.5580864,0.0948984027,0,zr,117.3213944,36.907738100000003,0.949999988,0.0370000005,20191017475764,663,0xf,0x1,20.3400002,26.1023235,0.0263035204,0.0799169242,7.05051798e-06,30,1.171,2
663215100001640,101947621,2458773.9764987347,58773.476215299997,19.6229477,0.0998697951,0,zr,117.3212375,36.907688,1,-0.0850000009,20191017476215,663,0xf,0x1,20.5300007,26.1031857,0.0262372382,0.0887404829,7.05974571e-06,30,1.16900003,2
663215100001640,101947666,2458773.9769501719,58773.4766667,19.583828,0.0968410596,0,zr,117.32134430000001,36.907819500000002,0.862999976,-0.0890000015,20191017476667,663,0xf,0x1,20.5499992,26.0970669,0.0263526998,0.0895117521,7.11441362e-06,30,1.16799998,2
663215100001640,101947711,2458773.9774016221,58773.477118100003,19.6248016,0.100015625,0,zr,117.32125430000001,36.907774699999997,1.19400001,0.057,20191017477118,663,0xf,0x1,20.6499996,26.0910416,0.0252424292,0.0935461447,6.58123372e-06,30,1.16600001,2
663215100001640,101947758,2458773.9778645509,58773.477580999999,19.6896858,0.105255343,0,zr,117.3214306,36.907685100000002,0.68599999,-0.0680000037,20191017477569,663,0xf,0x1,20.4899998,26.092926,0.025760768,0.0895018354,6.80674157e-06,30,1.16400003,2
663215100001640,101947803,2458773.9783160081,58773.478032400002,19.842989,0.118721545,0,zr,117.3212911,36.907806899999997,1.02600002,0.075000003,20191017478021,663,0xf,0x1,20.3600006,26.104229,0.0268859919,0.0762861893,7.38668723e-06,30,1.16299999,2
663215100001640,101947848,2458773.9787674458,58773.478483799998,19.6567078,0.102559194,0,zr,117.321349,36.907735799999998,0.69599998,-0.130999997,20191017478484,663,0xf,0x1,20.4599991,26.1039486,0.024821274,0.0787834972,6.31602916e-06,30,1.16100001,2
663215100001640,101947893,2458773.9792188909,58773.478935200001,19.7605038,0.111281663,0,zr,117.3213343,36.907757599999997,0.81099999,-0.252999991,20191017478935,663,0xf,0x1,20.5100002,26.1017437,0.0266280361,0.0831708387,7.26259259e-06,30,1.15999997,2
663215100001640,101947938,2458773.9796703365,58773.479386600004,19.590374,0.097341381,0,zr,117.3213238,36.9078345,0.653999984,-0.169,20191017479387,663,0xf,0x1,20.5200005,26.0956116,0.0261083506,0.0854896531,7.03230398e-06,30,1.15799999,2
663215100001640,101947983,2458773.9801217746,58773.479837999999,19.6744251,0.103999093,0,zr,117.3213578,36.9076819,0.79400003,-0.074000001,20191017479838,663,0xf,0x1,20.5300007,26.0906658,0.0266755912,0.0912048742,7.34715377e-06,30,1.15600002,2
663215100001640,101948028,2458773.9805732258,58773.480289400002,19.8117962,0.11585369,0,zr,117.3212762,36.907744200000003,0.920000017,-0.0860000029,20191017480289,663,0xf,0x1,20.5300007,26.0970364,0.0264651366,0.0869839042,7.182844e-06,30,1.15499997,2
663215100001640,101948074,2458773.9810245694,58773.480740699997,19.8358574,0.118059918,0,zr,117.3212784,36.907750200000002,0.368000001,-0.101999998,20191017480741,663,0xf,0x1,20.3999996,26.1081009,0.0268526413,0.0786282048,7.42849261e-06,30,1.153,2
663215100001640,101948119,2458773.9814760103,58773.4811921,20.2287655,0.160025477,0,zr,117.3213069,36.907720099999999,0.778999984,-0.307999998,20191017481192,663,0xf,0x1,20.3500004,26.1020069,0.0270330906,0.0800013691,7.4876707e-06,30,1.15199995,2
663215100001640,101948164,2458773.98192744,58773.481643500003,19.7632999,0.111526415,0,zr,117.3214899,36.907765699999999,0.93900001,0.128000006,20191017481644,663,0xf,0x1,20.5,26.1045418,0.0254353415,0.0838158131,6.60849628e-06,30,1.14999998,2
663215100001640,101948209,2458773.9823788973,58773.482094899999,20.3369751,0.173654348,0,zr,117.3213262,36.907801499999998,0.601000011,0.0960000008,20191017482095,663,0xf,0x1,20.6000004,26.0942192,0.0248534717,0.0891759694,6.34343996e-06,30,1.14900005,2
663215100001640,101948254,2458773.9828303368,58773.482546300002,20.2574348,0.163547009,0,zr,117.32136130000001,36.907735799999998,0.865999997,0.0839999989,20191017482535,663,0xf,0x1,20.4799995,26.1006775,0.02673552,0.0888534561,7.31940054e-06,30,1.14699996,2
663215100001640,101948344,2458773.9837332359,58773.4834491,20.1440868,0.149998337,0,zr,117.3212424,36.907859600000002,0.651000023,-0.0949999988,20191017483449,663,0xf,0x1,20.4500008,26.1013298,0.0257254057,0.0862607807,6.77290336e-06,30,1.14400005,2
663215100001640,101948524,2458773.985527399,58773.485243100004,20.165081,0.152432412,0,zr,117.3213353,36.907736,0.648999989,-0.057,20191017485243,663,0xf,0x1,20.5599995,26.0993271,0.0237889662,0.0867933035,5.83264818e-06,30,1.13800001,2
663215100001640,101948615,2458773.9864417957,58773.486157400002,20.1213474,0.147399932,0,zr,117.32121789999999,36.907675599999997,0.915000021,-0.214000002,20191017486146,663,0xf,0x1,20.6000004,26.1055927,0.0244886316,0.0846803859,6.15004137e-06,30,1.13499999,2
663215100001640,101948706,2458773.9873446859,58773.487060200001,20.1895103,0.155308008,0,zr,117.321178,36.907688800000003,0.624000013,-0.156000003,20191017487060,663,0xf,0x1,20.3999996,26.1077576,0.0263040364,0.0791749135,7.07666504e-06,30,1.13300002,2
663215100001640,101948841,2458773.9886990204,58773.488414400003,20.2265205,0.159752622,0,zr,117.3211525,36.907776800000001,0.515999973,-0.218999997,20191017488414,663,0xf,0x1,20.4799995,26.1037674,0.0259736702,0.0849308223,6.89247645e-06,30,1.12800002,2
663215100001640,101948886,2458773.9891503346,58773.488865699997,20.2970886,0.168523818,0,zr,117.3214972,36.907658599999998,0.556999981,0.112000003,20191017488866,663,0xf,0x1,20.5100002,26.1063366,0.025322238,0.0844283849,6.58798217e-06,30,1.12699997,2
663215100001640,101948931,2458773.9896018035,58773.4893171,20.2306843,0.160259217,0,zr,117.3211888,36.907718600000003,1.24699998,0.165000007,20191017489317,663,0xf,0x1,20.5599995,26.1099319,0.0247617196,0.0763663426,6.24180893e-06,30,1.12600005,2
663215100001640,101949021,2458773.9905046765,58773.490219899999,20.3969669,0.181605086,0,zr,117.3213653,36.907698600000003,0.551999986,-0.0140000004,20191017490220,663,0xf,0x1,20.6100006,26.0962143,0.0247517806,0.0889027715,6.26630299e-06,30,1.12300003,2
663215100001640,101949202,2458773.9923104523,58773.492025500003,19.9924145,0.133409441,0,zr,117.3213633,36.9077701,0.864000022,-0.321999997,20191017492014,663,0xf,0x1,20.5400009,26.1006641,0.024280915,0.0866981596,6.04206662e-06,30,1.11800003,2
663215100001640,101949337,2458773.9936646842,58773.493379599997,20.0756226,0.142295033,0,zr,117.3213291,36.907709699999998,0.787,-0.409999996,20191017493368,663,0xf,0x1,20.3600006,26.1018734,0.0279027484,0.0855158418,7.97324265e-06,30,1.11399996,2
663215100001640,101949383,2458773.9941161256,58773.493831,19.8961811,0.123767711,0,zr,117.3213379,36.907639400000001,0.519999981,-0.0769999996,20191017493819,663,0xf,0x1,20.4300003,26.0974312,0.0255308785,0.0898622423,6.70020108e-06,30,1.11300004,2
663215100001640,101949427,2458773.9945559762,58773.494270800002,19.6463604,0.101727366,0,zr,117.3212604,36.907750299999996,0.441000015,-0.0869999975,20191017494271,663,0xf,0x1,20.4799995,26.1056118,0.0251455996,0.0874036103,6.51403479e-06,30,1.11099994,2
663215100001640,101949473,2458773.9950190187,58773.494733799998,19.6906376,0.105334148,0,zr,117.3213054,36.907812300000003,0.865999997,0.256000012,20191017494734,663,0xf,0x1,20.5100002,26.0908871,0.0255544223,0.0876842439,6.68259372e-06,30,1.11000001,2
663215100001640,101949518,2458773.9954704596,58773.495185200001,19.0699768,0.0647996217,0,zr,117.3213277,36.907770800000002,1.51300001,-0.0719999969,20191017495174,663,0xf,0x1,20.5599995,26.1061783,0.02354265,0.0861277878,5.70592601e-06,30,1.10899997,2
663215100001640,101949562,2458773.9959103018,58773.495625000003,19.1814194,0.0706424117,0,zr,117.3213337,36.907769700000003,0.862999976,0.104999997,20191017495625,663,0xf,0x1,20.6100006,26.0996552,0.0247734226,0.0888005272,6.31398916e-06,30,1.10800004,2
663215100001640,101949607,2458773.9963617343,58773.496076399999,18.8527679,0.0548865572,32768,zr,117.3214603,36.907737599999997,0.460000008,0.0520000011,20191017496076,663,0xf,0x1,19.4099998,25.5128899,0.0853044316,0.112199679,9.73295246e-05,30,1.10599995,2
663215100001640,101949652,2458773.9968131939,58773.496527800002,18.7265873,0.0499253608,32768,zr,117.3212888,36.907852099999999,0.68900001,0.0280000009,20191017496528,663,0xf,0x1,19.2700005,25.5306511,0.0661812797,0.0943692997,5.86815986e-05,30,1.10500002,2
663215100001640,101949697,2458773.9972646246,58773.496979199997,18.8733101,0.0557468981,32768,zr,117.32141420000001,36.907711200000001,0.841000021,-0.254000008,20191017496979,663,0xf,0x1,19.5599995,25.6864395,0.0686939284,0.0957168862,5.46711162e-05,30,1.10399997,2
663215100001640,101949743,2458773.9977160729,58773.4974306,18.9558506,0.0593615919,0,zr,117.32137160000001,36.9077749,0.549000025,0.0109999999,20191017497431,663,0xf,0x1,20.3999996,26.0550137,0.0282000452,0.0879404843,8.19069101e-06,30,1.10300004,2
663215100001640,101949788,2458773.9981674198,58773.497881900003,19.1746254,0.0702703446,0,zr,117.3213257,36.907769000000002,1.38499999,-0.104999997,20191017497882,663,0xf,0x1,20.6299992,26.1108589,0.0239119716,0.0841685161,5.86203896e-06,30,1.10099995,2
663215100001640,101949833,2458773.9986188621,58773.498333299998,19.3394508,0.0799185559,0,zr,117.32134569999999,36.907786600000001,0.460999995,-0.0270000007,20191017498333,663,0xf,0x1,20.6299992,26.1107025,0.0255874339,0.0824543089,6.7135602e-06,30,1.10000002,2
663215100001640,101949878,2458773.9990703068,58773.498784700001,18.8885193,0.0563938245,0,zr,117.32133,36.9077701,1.17400002,0.122000001,20191017498785,663,0xf,0x1,20.5599995,26.1046562,0.0245770048,0.0861765444,6.20058972e-06,30,1.09899998,2
663215100001640,101949923,2458773.9995217514,58773.499236099997,18.8347702,0.0541452803,0,zr,117.32132060000001,36.907794199999998,0.333999991,0.0419999994,20191017499236,663,0xf,0x1,20.6700001,26.1068859,0.0243966728,0.0911189839,6.10382358e-06,30,1.09800005,2
663215100001640,101949968,2458773.9999731933,58773.4996875,18.8081017,0.0530678295,0,zr,117.3213324,36.907765499999996,1.33700001,0.0250000004,20191017499688,663,0xf,0x1,20.6200008,26.1062069,0.0241168942,0.0869668499,5.9934232e-06,30,1.097,2
663215100001640,101950013,2458774.0004246426,58773.500138900003,19.2789478,0.0762229785,0,zr,117.32126599999999,36.907783199999997,0.74000001,0.128000006,20191017500139,663,0xf,0x1,20.5599995,26.1022053,0.0240870602,0.0882933512,5.93104824e-06,30,1.09599996,2
663215100001640,101950059,2458774.0008760784,58773.500590299998,19.1563644,0.0692806393,0,zr,117.3213621,36.907767999999997,0.654999971,0.00600000005,20191017500590,663,0xf,0x1,20.5799999,26.1095963,0.0245897546,0.0838901252,6.17352862e-06,30,1.09399998,2
663215100001640,101950104,2458774.0013275207,58773.501041700001,18.9614697,0.0596171394,0,zr,117.321365,36.9077348,0.43599999,0.0430000015,20191017501042,663,0xf,0x1,20.4500008,26.0676384,0.0274422895,0.0821146518,7.72790099e-06,30,1.09300005,2
663215100001640,101950149,2458774.0017789654,58773.501493099997,19.1071491,0.0666878596,0,zr,117.3213702,36.9077974,0.537999988,-0.0179999992,20191017501493,663,0xf,0x1,20.0200005,25.9163666,0.0332213715,0.0873505175,1.14393388e-05,30,1.09200001,2
663215100001640,101950194,2458774.0022303099,58773.501944399999,19.0592422,0.0642653182,0,zr,117.32134480000001,36.907742499999998,0.569000006,-0.0160000008,20191017501944,663,0xf,0x1,20.6700001,26.1024456,0.0268416107,0.087151885,7.36980519e-06,30,1.09099996,2
663215100001640,101950329,2458774.0035846387,58773.503298600001,19.3229961,0.0788951889,0,zr,117.3213576,36.907715400000001,0.518000007,-0.142000005,20191017503299,663,0xf,0x1,20.4899998,26.100256,0.0265695639,0.0801970586,7.24712527e-06,30,1.08800006,2
663215100001640,101950644,2458774.006733147,58773.506446799998,19.4291248,0.0857443288,0,zr,117.3213665,36.908018400000003,0.637000024,0.961000025,20191017506447,663,0xf,0x1,19.5499992,26.1173897,0.0399380475,0.0641693994,2.09646259e-05,30,1.08000004,2
663215100001640,101950689,2458774.0071844673,58773.5068981,19.183754,0.070770748,0,zr,117.32162390000001,36.907861099999998,0.910000026,0.050999999,20191017506898,663,0xf,0x1,19.6900005,26.1339989,0.0359573998,0.0643980578,1.95794564e-05,30,1.079,2
663215100001640,101950734,2458774.0076359422,58773.507349500003,19.4357033,0.0861887112,0,zr,117.3212006,36.907737900000001,0.593999982,-0.187000006,20191017507350,663,0xf,0x1,20.3600006,26.1059685,0.0271956418,0.0833093822,7.56369536e-06,30,1.07799995,2
663215100001640,101950780,2458774.0080873738,58773.507800899999,19.4441872,0.0867652744,0,zr,117.3213559,36.907773599999999,0.907000005,-0.0299999993,20191017507801,663,0xf,0x1,20.3999996,26.096447,0.0289947651,0.0977571979,8.66998744e-06,30,1.07700002,2
663215100001640,101950825,2458774.0085388054,58773.508252300002,19.5349312,0.093184486,0,zr,117.3215082,36.907768699999998,0.768000007,0.136000007,20191017508252,663,0xf,0x1,20.1499996,26.0931911,0.0322472081,0.105263807,1.07209207e-05,30,1.07599998,2
663215100001640,101950870,2458774.0089902706,58773.508703699998,19.5685711,0.0956848562,0,zr,117.3212408,36.907807499999997,0.342999995,0.0860000029,20191017508704,663,0xf,0x1,20.3999996,26.0958328,0.0266950633,0.0951544121,7.30146985e-06,30,1.07500005,2
663215100001640,101950915,2458774.0094417054,58773.5091551,19.6785393,0.104336284,0,zr,117.3213559,36.907814100000003,1.06200004,-0.293000013,20191017509155,663,0xf,0x1,20.5300007,26.1148033,0.0245526787,0.0786913484,6.22608832e-06,30,1.074,2
663215100001640,101950960,2458774.009893144,58773.509606500003,19.5741692,0.0961074606,0,zr,117.32140699999999,36.907788199999999,0.782999992,-0.287,20191017509606,663,0xf,0x1,20.25,26.1154327,0.027085606,0.072446458,7.54846451e-06,30,1.07299995,2
663215100001640,101951005,2458774.0103445901,58773.510057899999,19.4954529,0.0903342813,0,zr,117.3213762,36.907776499999997,0.321999997,0.075000003,20191017510058,663,0xf,0x1,20.4400005,26.1157169,0.0266974624,0.0768776834,7.32342141e-06,30,1.07200003,2
663215100001640,101951050,2458774.0107960301,58773.510509300002,19.6697502,0.103617281,0,zr,117.32140889999999,36.907727000000001,1.046,0.210999995,20191017510509,663,0xf,0x1,20.5499992,26.1060143,0.0257631373,0.0859938338,6.83191502e-06,30,1.07099998,2
663215100001640,101951765,2458774.0179379219,58773.517650499998,19.0422611,0.0634300336,0,zr,117.3213696,36.907762900000002,0.911000013,0.00300000003,20191017517604,663,0xf,0x1,20.5499992,26.1184711,0.0250089671,0.078989014,6.40915505e-06,30,1.05700004,1
663215100001640,102448828,2458778.9890503441,58778.488287,19.3352585,0.0796565562,0,zr,117.3212286,36.907723699999998,0.836000025,0.00300000003,20191022488275,663,0xf,0x1,20.3999996,26.1125126,0.0246983934,0.0862462893,6.27307463e-06,30,1.09099996,1
663215100001640,103051656,2458785.0178970788,58784.516562500001,19.0495739,0.063788265,0,zr,117.321505,36.907753800000002,0.612999976,0.257999986,20191028516505,663,0xf,0x1,19.2800007,26.1117878,0.0425631553,0.101244338,2.18163186e-05,30,1.01600003,1
663215100001640,103351398,2458788.01559579,58787.5139815,18.9375153,0.0585363172,0,zr,117.32127610000001,36.9077907,0.941999972,-0.0850000009,20191031513912,663,0xf,0x1,20.1900005,26.1157246,0.0281640906,0.094489336,8.23676965e-06,30,1.01100004,1
663215100001640,103951983,2458794.0219999487,58793.519838,19.6019421,0.0982318968,0,zr,117.3213245,36.907751599999997,0.634000003,-0.0860000029,20191106519630,663,0xf,0x1,21.2600002,26.1072769,0.0226446092,0.0852607191,5.29273484e-06,30,1.00100005,1
663215100001640,104253950,2458797.0419316608,58796.539502300002,19.6854591,0.104905888,0,zr,117.3213236,36.907778800000003,1.48599994,0.0970000029,20191109539433,663,0xf,0x1,21.0599995,26.1126919,0.0232623275,0.091445446,5.56472423e-06,30,1.00699997,1
663215100001640,104443724,2458798.9398396388,58798.437245399997,19.5004616,0.0906909555,0,zr,117.3213113,36.907891100000001,0.934000015,-0.0250000004,20191111437234,663,0xf,0x1,20.2999992,26.1107216,0.027377177,0.0886938795,7.73484498e-06,30,1.08299994,1
663215100001640,104536763,2458799.8703129753,58799.367638900003,19.5776711,0.0963727981,0,zr,117.3213437,36.907803199999996,0.926999986,-0.169,20191112367639,663,0xf,0x1,20.4200001,26.088974,0.0285772346,0.0963099077,8.40608482e-06,30,1.35099995,1
663215100001640,104547175,2458799.9744423325,58799.471759300002,19.7432175,0.109780408,0,zr,117.32131699999999,36.907726400000001,0.828999996,-0.27700001,20191112471748,663,0xf,0x1,20.3700008,26.1114464,0.0304883793,0.104361556,9.5430496e-06,30,1.01999998,1
663215100001640,104643646,2458800.9392349804,58800.4364699,18.814991,0.0533438064,0,zr,117.3212925,36.907761399999998,0.708999991,0.137999997,20191113436470,663,0xf,0x1,20.4500008,26.1211147,0.0277583636,0.0959370732,7.91823913e-06,30,1.07200003,1
663215100001640,105248656,2458806.9898246406,58806.486562500002,20.5246792,0.198507309,0,zr,117.3213111,36.907634600000002,0.971000016,-0.451999992,20191119486551,663,0xf,0x1,20.6499996,26.1190414,0.0237771831,0.0872180313,5.80890492e-06,30,1,1
663215100001640,105750666,2458812.0103154285,58811.506666699999,20.2696533,0.165067449,0,zr,117.32135,36.907781999999997,0.792999983,-0.180999994,20191124506285,663,0xf,0x1,20.8999996,26.0860023,0.0250912178,0.0862607881,6.47888692e-06,30,1.01300001,2
663215100001640,105750711,2458812.0107668662,58811.507118100002,20.0175629,0.136040613,0,zr,117.3212863,36.9077932,1.05700004,-0.202999994,20191124507118,663,0xf,0x1,20.7600002,26.087904,0.0264503341,0.0960625932,7.1774457e-06,30,1.01300001,2
663215100001640,105750756,2458812.0112181953,58811.507569399997,20.1924095,0.155652314,0,zr,117.32135390000001,36.907802500000003,0.859000027,-0.0579999983,20191124507569,663,0xf,0x1,20.8899994,26.0987511,0.0257854871,0.0865631849,6.8153563e-06,30,1.01300001,2
663215100001640,105750802,2458812.0116696451,58811.5080208,20.3659687,0.177461892,0,zr,117.3210971,36.907892799999999,0.896000028,0.184,20191124508021,663,0xf,0x1,21.0300007,26.1093121,0.023718698,0.0821713954,5.76684351e-06,30,1.01400006,2
663215100001640,105750847,2458812.0121210525,58811.508472200003,20.4659042,0.191086695,0,zr,117.32151279999999,36.907701699999997,0.25,-0.00400000019,20191124508472,663,0xf,0x1,20.8099995,26.1232529,0.0242299139,0.0729773343,6.03474564e-06,30,1.01400006,2
663215100001640,105750892,2458812.012572499,58811.508923599999,20.2674561,0.164793059,0,zr,117.3213106,36.907701199999998,1.28100002,-0.404000014,20191124508924,663,0xf,0x1,20.7700005,26.1228046,0.0238336809,0.071707122,5.84002692e-06,30,1.01400006,2
663215100001640,105750937,2458812.0130239348,58811.509375000001,20.4392853,0.187382132,0,zr,117.3212695,36.9077281,1.17200005,-0.314999998,20191124509375,663,0xf,0x1,20.9099998,26.1066322,0.0234165099,0.0860398486,5.63965432e-06,30,1.01499999,2
663215100001640,105750982,2458812.0134753739,58811.509826399997,20.1252365,0.147841454,0,zr,117.3211848,36.907769299999998,1.35099995,-0.245000005,20191124509826,663,0xf,0x1,20.5900002,26.1055794,0.025641473,0.0865021497,6.74860712e-06,30,1.01499999,2
663215100001640,105751072,2458812.014378232,58811.510729200003,20.4020367,0.182290047,0,zr,117.3213188,36.907809999999998,0.726999998,-0.0399999991,20191124510729,663,0xf,0x1,20.7000008,26.1083794,0.0248663425,0.0879284665,6.31837202e-06,30,1.01600003,2
663215100001640,105751118,2458812.0148296528,58811.511180599999,20.3213463,0.17162931,0,zr,117.3215199,36.907841099999999,0.620999992,0.135000005,20191124511181,663,0xf,0x1,20.6000004,26.1136875,0.0255500693,0.0798779055,6.72560918e-06,30,1.01699996,2
663215100001640,105751163,2458812.0152809899,58811.511631900001,20.471611,0.191887736,0,zr,117.32146400000001,36.907741700000003,0.656000018,-0.0209999997,20191124511632,663,0xf,0x1,20.7700005,26.1169586,0.0244751684,0.0800824836,6.17733622e-06,30,1.01699996,2
663215100001640,105751208,2458812.0157324299,58811.512083299996,20.0283527,0.137183696,0,zr,117.32136149999999,36.907702800000003,0.829999983,-0.217999995,20191124512083,663,0xf,0x1,20.7900009,26.1147003,0.0232574064,0.0771084875,5.55935549e-06,30,1.01800001,2
663215100001640,105751253,2458812.0161838685,58811.512534699999,20.3359642,0.173522785,0,zr,117.3212779,36.907776200000001,0.437000006,0.0670000017,20191124512535,663,0xf,0x1,20.9099998,26.1093063,0.0247956924,0.0861055106,6.30304703e-06,30,1.01800001,2
663215100001640,105751298,2458812.0166353001,58811.512986100002,20.1931553,0.155740783,0,zr,117.3213112,36.907795700000001,1.16700006,-0.335000008,20191124512986,663,0xf,0x1,20.8199997,26.1084976,0.0245406982,0.0828200355,6.17572823e-06,30,1.01800001,2
663215100001640,105751343,2458812.0170867401,58811.513437499998,20.6223602,0.208788633,0,zr,117.3212036,36.907888100000001,0.610000014,-0.256999999,20191124513438,663,0xf,0x1,20.9400005,26.1036987,0.0242632218,0.0850599781,6.05243758e-06,30,1.01900005,2
663215100001640,105751434,2458812.0179896061,58811.514340299997,20.0100937,0.135254234,0,zr,117.3212188,36.907831899999998,0.477999985,0.0689999983,20191124514340,663,0xf,0x1,20.8400002,26.1134377,0.0230103023,0.0783046633,5.45279954e-06,30,1.01999998,2
663215100001640,105751479,2458812.0184410303,58811.514791699999,19.84795,0.119183764,0,zr,117.3213756,36.907705999999997,1.18099999,-0.252000004,20191124514792,663,0xf,0x1,20.9400005,26.1072922,0.0237349309,0.0838367119,5.76123148e-06,30,1.01999998,2
663215100001640,105751524,2458812.0188924689,58811.515243100002,19.4013996,0.0838975087,0,zr,117.3212886,36.907741399999999,0.432999998,-0.0450000018,20191124515243,663,0xf,0x1,21.0599995,26.1067429,0.0230863933,0.0856002793,5.47971558e-06,30,1.02100003,2
663215100001640,105751569,2458812.019343806,58811.515694399997,19.1541862,0.0691636056,0,zr,117.3212326,36.9077433,0.829999983,0.057,20191124515694,663,0xf,0x1,20.7099991,26.1055031,0.0239221882,0.0872282907,5.88141711e-06,30,1.02100003,2
663215100001640,105751614,2458812.0197952329,58811.5161458,19.1012611,0.0663847476,0,zr,117.32133210000001,36.907802799999999,0.968999982,0.0810000002,20191124516146,663,0xf,0x1,20.7900009,26.1105633,0.0241132751,0.0831431523,5.95313122e-06,30,1.02199996,2
663215100001640,105751659,2458812.0202466738,58811.516597200003,18.9933815,0.0610918142,0,zr,117.32122029999999,36.907730800000003,1.14400005,0.0500000007,20191124516597,663,0xf,0x1,20.7000008,26.112648,0.024991883,0.0836527348,6.42093846e-06,30,1.02199996,2
663215100001640,105751704,2458812.0206981017,58811.517048599999,18.7182159,0.0496151261,0,zr,117.32130859999999,36.907817799999997,0.351000011,-0.0260000005,20191124517049,663,0xf,0x1,20.9300003,26.1123619,0.0235198326,0.0785191655,5.68271662e-06,30,1.023,2
663215100001640,105751750,2458812.0211495357,58811.517500000002,18.702322,0.0490322746,0,zr,117.32129620000001,36.907787499999998,0.610000014,-0.00800000038,20191124517500,663,0xf,0x1,20.9699993,26.1004601,0.0243755449,0.0892375931,6.11328824e-06,30,1.023,2
663215100001640,105751795,2458812.0216009677,58811.517951399997,18.7417622,0.0504936017,0,zr,117.3213226,36.9077865,1.05499995,-0.0209999997,20191124517951,663,0xf,0x1,20.8700008,26.1019192,0.0241425671,0.0903130695,5.98101315e-06,30,1.02400005,2
663215100001640,105751840,2458812.0220524035,58811.5184028,18.7096825,0.0493011586,0,zr,117.3212836,36.907758399999999,0.903999984,0.0149999997,20191124518403,663,0xf,0x1,21.0900002,26.1058235,0.0229996536,0.0849746987,5.44453042e-06,30,1.02400005,2
663215100001640,105751885,2458812.0225038361,58811.518854200003,18.843235,0.0544924587,0,zr,117.3213014,36.907748400000003,0.670000017,0.0359999985,20191124518854,663,0xf,0x1,20.9500008,26.1114388,0.0229496043,0.0805899575,5.40547808e-06,30,1.02499998,2
663215100001640,105751930,2458812.0229552682,58811.519305599999,18.9109154,0.0573619641,0,zr,117.3213193,36.907753,0.926999986,0.0160000008,20191124519306,663,0xf,0x1,20.8600006,26.1141472,0.0235004593,0.0782521963,5.63900448e-06,30,1.02600002,2
663215100001640,105751975,2458812.0234066034,58811.519756900001,18.9009094,0.0569270924,0,zr,117.3212948,36.907739900000003,0.888000011,0.00899999961,20191124519757,663,0xf,0x1,20.8700008,26.1141376,0.0233379602,0.0790711194,5.58002557e-06,30,1.02600002,2
663215100001640,105752021,2458812.0238696374,58811.520219899998,18.9675274,0.0598939545,0,zr,117.32129550000001,36.907789700000002,0.950999975,-0.118000001,20191124520208,663,0xf,0x1,20.9099998,26.1117744,0.0246796329,0.0793574154,6.22509242e-06,30,1.02699995,2
663215100001640,105752067,2458812.0243210737,58811.520671300001,18.8612537,0.0552401394,0,zr,117.3212559,36.907782400000002,0.721000016,0.00100000005,20191124520671,663,0xf,0x1,20.7999992,26.10746,0.0258906409,0.0856754482,6.8874142e-06,30,1.02699995,2
663215100001640,105752112,2458812.0247725048,58811.521122700004,18.7753601,0.0517787635,0,zr,117.3212941,36.907764700000001,0.56099999,-0.0710000023,20191124521123,663,0xf,0x1,20.8899994,26.1055279,0.0248746984,0.085173659,6.35764491e-06,30,1.028,2
663215100001640,105754400,2458812.0476560998,58811.5440046,18.5944595,0.0452845022,32768,zr,117.32128299999999,36.907775800000003,0.635999978,-0.064000003,20191124543623,663,0xf,0x1,20.1000004,25.7995396,0.0891208053,0.089041464,8.17549953e-05,30,1.06599998,2
663215100001640,105754445,2458812.04810753,58811.544456000003,18.6617966,0.0475823954,32768,zr,117.321331,36.907801399999997,0.748000026,-0.0469999984,20191124544456,663,0xf,0x1,20.0900002,25.7709084,0.0505442508,0.0784487873,2.61982805e-05,30,1.06700003,2
663215100001640,105754490,2458812.0485589607,58811.544907399999,18.7291222,0.050019782,32768,zr,117.3213745,36.907820899999997,0.921999991,-0.101000004,20191124544907,663,0xf,0x1,19.8500004,25.724268,0.106513202,0.0837490708,0.000117983844,30,1.06799996,2
663215100001640,105754535,2458812.0490103974,58811.545358800002,18.8950233,0.0566730648,32768,zr,117.3213176,36.907781499999999,1.31599998,-0.0390000008,20191124545359,663,0xf,0x1,20.1800003,25.8052425,0.0427690707,0.0792828947,1.88850045e-05,30,1.06799996,2
663215100001640,107329093,2458827.795612684,58827.290937500002,19.4382687,0.0863626376,0,zr,117.32121890000001,36.907631799999997,0.926999986,-0.211999997,20191210290938,663,0xf,0x1,19.8299999,26.080595,0.0322308876,0.0904194489,1.06756215e-05,30,1.35300004,1
663215100001640,107429900,2458828.8037343198,58828.299004599998,19.0422115,0.0634275898,0,zr,117.32125569999999,36.907701400000001,0.551999986,-0.00600000005,20191211299005,663,0xf,0x1,19.4400005,25.943428,0.0389699228,0.0884620398,1.85840127e-05,30,1.28999996,1
663215100001640,107938478,2458833.8897628742,58833.384780100001,19.6574039,0.102615401,0,zr,117.3211688,36.907796300000001,0.419,-0.0979999974,20191216384595,663,0xf,0x1,20.0499992,26.2496872,0.0306435209,0.0913214013,9.6089143e-06,30,1.01400006,1
663215100001640,108246184,2458836.9669576352,58836.461840299999,20.6793747,0.214789629,0,zr,117.32121189999999,36.907732799999998,0.904999971,-0.0759999976,20191219461806,663,0xf,0x1,21.25,26.2399845,0.0219191313,0.0862720907,4.95801032e-06,30,1.04100001,3
663215100001640,108325552,2458837.7606704468,58837.255520799998,19.61549,0.0992852077,0,zr,117.3213275,36.907769199999997,1.03100002,-0.00899999961,20191220255509,663,0xf,0x1,20.4099998,26.2148075,0.027649343,0.091199033,7.86934561e-06,30,1.40699995,2
663215100001640,108325734,2458837.7624992291,58837.257349500003,19.1050758,0.0665809289,0,zr,117.3211034,36.907815200000002,0.589999974,0.00300000003,20191220257338,663,0xf,0x1,20.2800007,26.2153606,0.0292347558,0.0901700258,8.73250883e-06,30,1.39400005,2
663215100001640,108325876,2458837.7639113828,58837.258761600002,19.5289345,0.0927457809,0,zr,117.3212329,36.907786000000002,1.20799994,0.0289999992,20191220258727,663,0xf,0x1,20.4099998,26.2152634,0.0276998021,0.0897127613,7.94442622e-06,30,1.38399994,2
663215100001640,108326196,2458837.7671175124,58837.261967600003,19.4775009,0.0890677199,0,zr,117.3212915,36.907767499999999,1.20599997,-0.0590000004,20191220261968,663,0xf,0x1,20.2600002,26.2198391,0.0295435004,0.0879042074,8.96583606e-06,30,1.36300004,2
663215100001640,108326613,2458837.7712843902,58837.2661343,19.6068439,0.0986116976,0,zr,117.3211045,36.907758800000003,0.70599997,-0.0520000011,20191220266123,663,0xf,0x1,20.6000004,26.2211895,0.0260467157,0.0855525956,6.95309473e-06,30,1.33700001,2
663215100001640,108326892,2458837.7740737968,58837.268923600001,19.9986935,0.134061933,0,zr,117.32127939999999,36.907847799999999,1.26699996,-0.0399999991,20191220268912,663,0xf,0x1,20.5,26.2250404,0.0269924924,0.0846547633,7.51287143e-06,30,1.32099998,2
663215100001640,108327123,2458837.7763886945,58837.271238399997,19.4333038,0.0860263556,0,zr,117.32129449999999,36.907627400000003,0.685000002,-0.0329999998,20191220271227,663,0xf,0x1,20.2600002,26.2216568,0.0283299759,0.0888258368,8.22800757e-06,30,1.30799997,2
663215100001640,108327832,2458837.7834723839,58837.278321799997,19.7171249,0.10755153,0,zr,117.3213088,36.907614600000002,0.310000002,-0.00200000009,20191220278322,663,0xf,0x1,20.2900009,26.2254925,0.0283533111,0.083513923,8.29571309e-06,30,1.26999998,2
663215100001640,108328113,2458837.786285006,58837.281134299999,19.4561195,0.0875828341,0,zr,117.3210886,36.907657999999998,0.992999971,-0.0810000002,20191220281111,663,0xf,0x1,20.2700005,26.2314835,0.0283931289,0.0792169273,8.29587134e-06,30,1.25600004,2
663215100001640,108328203,2458837.7871877332,58837.282036999997,19.0608215,0.0643436313,0,zr,117.321332,36.907728599999999,1.11300004,-0.0260000005,20191220282037,663,0xf,0x1,20.3500004,26.2251301,0.0276523456,0.086773634,7.89089154e-06,30,1.25100005,2
663215100001640,108328528,2458837.7904402674,58837.285289400003,19.0520267,0.0639089495,0,zr,117.32124469999999,36.907822699999997,0.714999974,0.0379999988,20191220285278,663,0xf,0x1,20.2000008,26.2263393,0.0317991935,0.0881200805,1.04500587e-05,30,1.23599994,2
663215100001640,108328807,2458837.7932296814,58837.288078700003,19.4450645,0.0868251175,0,zr,117.32130189999999,36.907688,2.15899992,-0.134000003,20191220288079,663,0xf,0x1,20.1800003,26.2224331,0.0300445184,0.08556398,9.29061207e-06,30,1.22300005,2
663215100001640,108329032,2458837.7954751719,58837.290324100002,19.4407616,0.0865319669,0,zr,117.3213167,36.907744200000003,0.825999975,-0.0299999993,20191220290324,663,0xf,0x1,20.4400005,26.2341366,0.0277807806,0.0808637589,7.96024597e-06,30,1.21399999,2
663215100001640,108329218,2458837.7973386422,58837.292187500003,19.7421379,0.109687358,0,zr,117.32148359999999,36.907725599999999,0.675000012,-0.0199999996,20191220292176,663,0xf,0x1,20.5,26.2305107,0.0271076504,0.0818179175,7.53256745e-06,30,1.20599997,2
663215100001640,108329677,2458837.8019221309,58837.2967708,20.1409225,0.149634182,0,zr,117.3213733,36.907868999999998,0.957000017,-0.237000003,20191220296771,663,0xf,0x1,20.6100006,26.2343082,0.0262298342,0.0896057934,7.07099025e-06,30,1.18700004,2
663215100001640,108329859,2458837.8037509131,58837.298599499998,20.3166504,0.171024442,0,zr,117.32119710000001,36.907768500000003,0.513999999,-0.184,20191220298600,663,0xf,0x1,20.6299992,26.2370377,0.025304893,0.085705772,6.58723457e-06,30,1.17999995,2
663215100001640,108329905,2458837.8042023294,58837.299050900001,20.4084759,0.183162391,0,zr,117.3212901,36.907706699999999,0.921999991,-0.0920000002,20191220299051,663,0xf,0x1,20.7700005,26.2378693,0.0240514148,0.0855123103,5.9593749e-06,30,1.17799997,2
663215100001640,108330278,2458837.8079409734,58837.302789399997,20.7336807,0.220505476,0,zr,117.3214043,36.907950499999998,0.931999981,0.252999991,20191220302766,663,0xf,0x1,20.9500008,26.2430744,0.0224600453,0.0811763108,5.18250408e-06,30,1.16499996,2
663215100001640,108330608,2458837.8112397147,58837.306087999998,20.8422699,0.231935024,0,zr,117.3213329,36.907690799999997,0.921999991,-0.349000007,20191220306053,663,0xf,0x1,21.0400009,26.2466774,0.0226121545,0.0806229562,5.26300892e-06,30,1.153,2
663215100001640,108330699,2458837.8121424499,58837.306990700003,20.750309,0.222255707,0,zr,117.3213341,36.907768400000002,0.740999997,-0.0670000017,20191220306979,663,0xf,0x1,21.1000004,26.2417107,0.021936411,0.0825823173,4.94986534e-06,30,1.14999998,2
663215100001640,108331133,2458837.8164829277,58837.311330999997,19.4206963,0.0851784945,0,zr,117.3213131,36.907740199999999,0.838999987,0.0390000008,20191220311319,663,0xf,0x1,20.8099995,26.2391071,0.0246033985,0.0876888633,6.2547042e-06,30,1.13600004,2
663215100001640,108331513,2458837.8202909832,58837.315138899998,19.3296928,0.0793100372,0,zr,117.3212721,36.907797000000002,1.35099995,-0.141000003,20191220315127,663,0xf,0x1,20.8299999,26.2431126,0.0237820279,0.0834688023,5.85143789e-06,30,1.12399995,2
663215100001640,108331605,2458837.8212053184,58837.316053199997,19.3372192,0.0797789469,0,zr,117.3213288,36.907783199999997,0.907000005,0.0140000004,20191220316042,663,0xf,0x1,20.8600006,26.2436428,0.0227960106,0.0819173157,5.33462025e-06,30,1.12100005,2
663215100001640,108332125,2458837.8264023289,58837.321250000001,20.0583382,0.140406504,0,zr,117.3213439,36.907798900000003,1.05299997,-0.00499999989,20191220321250,663,0xf,0x1,21.0300007,26.2477703,0.0226770639,0.0804028735,5.29777799e-06,30,1.10699999,2
663215100001640,108332658,2458837.8317381479,58837.3265856,19.8982372,0.123966657,0,zr,117.32128229999999,36.907773200000001,1.09899998,-0.103,20191220326586,663,0xf,0x1,21.0400009,26.2516861,0.022009531,0.0787607729,4.98449526e-06,30,1.09300005,2
663215100001640,108332799,2458837.8331503039,58837.327997699998,20.088932,0.143764466,0,zr,117.32133109999999,36.907756200000001,0.536000013,-0.0489999987,20191220327998,663,0xf,0x1,20.5900002,26.2473888,0.0249080416,0.0809529647,6.36103005e-06,30,1.08899999,2
663215100001640,108332989,2458837.8350484706,58837.329895800001,20.1346588,0.148916066,0,zr,117.3214849,36.908032200000001,0.952000022,-0.00999999978,20191220329896,663,0xf,0x1,20.4400005,26.2390995,0.026379237,0.0871196687,7.20118078e-06,30,1.08500004,2
663215100001640,108333034,2458837.835499899,58837.330347199997,19.7673645,0.11188297,0,zr,117.32139720000001,36.907626999999998,1.25100005,-0.0120000001,20191220330347,663,0xf,0x1,20.5499992,26.2388268,0.0262995306,0.0856594816,7.1771351e-06,30,1.08399999,2
663215100001640,108333079,2458837.8359513143,58837.3307986,20.061718,0.140774116,0,zr,117.3214329,36.907726799999999,0.976999998,0.0780000016,20191220330799,663,0xf,0x1,20.7800007,26.2401752,0.0251589455,0.084895961,6.5481704e-06,30,1.08200002,2
663215100001640,108333497,2458837.8401297922,58837.334976899998,19.7115288,0.107079312,0,zr,117.32118440000001,36.907726199999999,0.815999985,-0.0329999998,20191220334965,663,0xf,0x1,20.7299995,26.253994,0.0250928085,0.0839088038,6.47928755e-06,30,1.07299995,2
663215100001640,108333590,2458837.8410557252,58837.335902799998,19.4914093,0.0900473967,0,zr,117.3212825,36.907798700000001,1.27400005,-0.177000001,20191220335880,663,0xf,0x1,20.6700001,26.2518749,0.0248024072,0.0775954649,6.3413022e-06,30,1.07099998,2
663215100001640,108333952,2458837.8446785719,58837.3395255,19.0305805,0.062862359,0,zr,117.32129399999999,36.907759800000001,0.535000026,-0.0179999992,20191220339468,663,0xf,0x1,20.5699997,26.2489929,0.0261939745,0.0833916813,7.04073454e-06,30,1.06400001,2
663215100001640,108334295,2458837.8481046055,58837.342951400002,19.5247307,0.0924394056,0,zr,117.3214273,36.907780199999998,0.409999996,-0.064000003,20191220342928,663,0xf,0x1,20.8500004,26.2512054,0.0240554456,0.0829090253,5.99454415e-06,30,1.05700004,2
663215100001640,108334385,2458837.8490074496,58837.3438542,19.3835258,0.0827287287,0,zr,117.3212163,36.907791899999999,0.84799999,-0.0689999983,20191220343854,663,0xf,0x1,20.5300007,26.2480011,0.0263826046,0.0836007372,7.20383196e-06,30,1.05499995,2
663215100001640,108334587,2458837.8510329295,58837.345879599998,19.7648735,0.11166434,0,zr,117.321336,36.907651399999999,1.81400001,-0.310000002,20191220345880,663,0xf,0x1,20.8199997,26.251358,0.0247161537,0.0833222866,6.27855707e-06,30,1.051,2
663215100001640,108335391,2458837.8590656463,58837.353911999999,20.2958755,0.168369696,0,zr,117.32149750000001,36.907758299999998,0.873000026,0.0309999995,20191220353877,663,0xf,0x1,20.8299999,26.2493649,0.0235063843,0.0856249854,5.68588348e-06,30,1.03799999,2
663215100001640,108336021,2458837.8653738084,58837.360219900002,20.4628391,0.190657228,0,zr,117.3212729,36.907772000000001,0.605000019,-0.195999995,20191220360093,663,0xf,0x1,21,26.2543526,0.0227839015,0.0815686584,5.34080755e-06,30,1.02900004,2
663215100001640,108336489,2458837.870049892,58837.364895799998,20.6899204,0.215899706,0,zr,117.32136559999999,36.907863800000001,1.26300001,-0.806999981,20191220364850,663,0xf,0x1,20.9699993,26.2484341,0.0221891757,0.0863788649,5.08159201e-06,30,1.023,2
663215100001640,108336633,2458837.8714851518,58837.366330999997,20.1387196,0.14938125,0,zr,117.3213713,36.907727000000001,0.855000019,-0.023,20191220366285,663,0xf,0x1,20.8899994,26.2502422,0.0233067553,0.0852436721,5.64143784e-06,30,1.02199996,2
663215100001640,108336679,2458837.8719481719,58837.366794000001,19.9327927,0.127357095,0,zr,117.32131510000001,36.907763099999997,1.21899998,0.0270000007,20191220366782,663,0xf,0x1,21.2099991,26.2493114,0.0224236287,0.0881905705,5.16980026e-06,30,1.02100003,2
663215100001640,108337079,2458837.8759529367,58837.370798600001,19.6869583,0.105029732,0,zr,117.32122750000001,36.907736399999997,1.13999999,0.0430000015,20191220370799,663,0xf,0x1,20.8700008,26.2494812,0.0226083677,0.0845300928,5.26345411e-06,30,1.01699996,2
663215100001640,108337745,2458837.8826083005,58837.377453699999,19.4544544,0.0874682516,0,zr,117.3213179,36.907761899999997,0.981000006,0.0949999988,20191220377384,663,0xf,0x1,21.0499992,26.2559834,0.022430446,0.0809825137,5.22273467e-06,30,1.01100004,2
663215100001640,108338172,2458837.8868792732,58837.381724500003,19.7676868,0.111911364,0,zr,117.3212912,36.907749099999997,0.479000002,-0.050999999,20191220381620,663,0xf,0x1,21.0699997,26.254221,0.0217804704,0.0802645758,4.90015918e-06,30,1.00800002,2
663215100001640,108338534,2458837.8905021171,58837.385347199997,19.8665581,0.120933011,0,zr,117.3213262,36.907747499999999,1.13999999,-0.0469999984,20191220385266,663,0xf,0x1,21.0499992,26.2480965,0.0222824235,0.0866700783,5.13170744e-06,30,1.00600004,2
663215100001640,108338579,2458837.8909535361,58837.3857986,19.9655113,0.130646348,0,zr,117.32128,36.907811500000001,0.589999974,0.0170000009,20191220385799,663,0xf,0x1,20.9899998,26.247057,0.0233244635,0.0859642178,5.60616172e-06,30,1.00600004,2
663215100001640,108339065,2458837.895814829,58837.390659700002,19.4100666,0.084470354,0,zr,117.32135409999999,36.9077561,0.555000007,0.0260000005,20191220390567,663,0xf,0x1,20.8999996,26.2526112,0.0231778584,0.0851526335,5.53204973e-06,30,1.00300002,2
663215100001640,108339412,2458837.8992756698,58837.3941204,19.3679543,0.0817243382,0,zr,117.3212803,36.9077804,1.00199997,-0.0960000008,20191220393889,663,0xf,0x1,20.9300003,26.2574978,0.0221640375,0.0829883665,5.07704999e-06,30,1.00199997,2
663215100001640,108340193,2458837.9070884841,58837.4019329,19.6767349,0.104188323,0,zr,117.3212315,36.907790400000003,1.01600003,-0.0540000014,20191220401910,663,0xf,0x1,20.9400005,26.2612686,0.0224109087,0.0798323303,5.19973764e-06,30,1,2
663215100001640,108340379,2458837.9089519582,58837.403796300001,19.9547634,0.129557282,0,zr,117.3212477,36.907781,0.866999984,-0.0460000001,20191220403796,663,0xf,0x1,20.9200001,26.2582874,0.021574663,0.0802083686,4.82775158e-06,30,1,2
663215100001640,108343361,2458837.938767944,58837.433611100001,19.7246628,0.108190946,0,zr,117.32130189999999,36.907784700000001,0.941999972,-0.0719999969,20191220433600,663,0xf,0x1,20.4099998,26.2460766,0.0270378217,0.0900634453,7.51731068e-06,30,1.01100004,3
663215100001640,108427050,2458838.7756989403,58838.270509299997,19.7198868,0.107785374,32768,zr,117.32143809999999,36.907842700000003,0.620999992,-0.231000006,20191221270498,663,0xf,0x1,19.8899994,25.402132,0.0442395583,0.0903773829,2.06828627e-05,30,1.29700005,2
663215100001640,108427373,2458838.7789281709,58838.273738399999,20.1826668,0.154497653,0,zr,117.3212853,36.907953399999997,0.123999998,0.0299999993,20191221273738,663,0xf,0x1,20.2999992,25.7109127,0.03124284,0.0854254887,9.96069048e-06,30,1.27900004,2
663215100001640,108427469,2458838.7798889177,58838.274699100002,19.7049122,0.106523596,0,zr,117.3211589,36.907665700000003,0.531000018,-0.138999999,20191221274664,663,0xf,0x1,20.0799999,25.7041588,0.032837417,0.0908108503,1.11020236e-05,30,1.27400005,2
663215100001640,108427930,2458838.7844956014,58838.279305600001,20.1635723,0.15225628,32768,zr,117.3210974,36.907632700000001,0.591000021,-0.217999995,20191221279271,663,0xf,0x1,20.0699997,25.6708202,0.034544006,0.088048853,1.23633117e-05,30,1.25100005,2
663215100001640,108428348,2458838.7886739555,58838.283483799998,19.4992867,0.0906071439,32768,zr,117.321303,36.907833099999998,0.379999995,-0.241999999,20191221283484,663,0xf,0x1,19.6599998,25.3885326,0.0389424004,0.0884704441,1.69461418e-05,30,1.23199999,2
663215100001640,108428576,2458838.7909541479,58838.285763899999,19.3068848,0.0779065117,0,zr,117.3212613,36.9077457,0.601000011,0.130999997,20191221285764,663,0xf,0x1,20.25,25.8371334,0.0318888389,0.0805768892,1.04068877e-05,30,1.222,2
663215100001640,108429122,2458838.7964173621,58838.291226900001,18.9875164,0.0608177371,0,zr,117.3212527,36.907783000000002,0.718999982,-0.0410000011,20191221291215,663,0xf,0x1,20.4699993,26.0486889,0.0267558303,0.0877801329,7.36964103e-06,30,1.19799995,2
663215100001640,108429167,2458838.7968686754,58838.291678200003,19.2238235,0.073013179,0,zr,117.32136749999999,36.907789800000003,0.352999985,0.0120000001,20191221291678,663,0xf,0x1,20.3400002,26.0380669,0.0274075419,0.0865794867,7.66245466e-06,30,1.19700003,2
663215100001640,108429443,2458838.7996234773,58838.294432900002,19.6385555,0.101104364,0,zr,117.32156860000001,36.907742599999999,0.787999988,-0.246999994,20191221294433,663,0xf,0x1,20.3500004,26.010807,0.0298122894,0.0856483653,9.14246175e-06,30,1.18599999,2
663215100001640,108429716,2458838.8023550953,58838.297164399999,19.9037628,0.124503165,0,zr,117.321237,36.907787599999999,0.825999975,-0.150999993,20191221297164,663,0xf,0x1,20.2800007,25.9470177,0.0283620339,0.0857375786,8.25574807e-06,30,1.17499995,2
663215100001640,108429806,2458838.8032578258,58838.298067099997,19.9312496,0.127203807,0,zr,117.32136509999999,36.907800299999998,0.726000011,-0.172999993,20191221298056,663,0xf,0x1,20.2099991,25.9445038,0.0284673516,0.092527695,8.32553178e-06,30,1.17200005,2
663215100001640,108431932,2458838.8245202578,58838.319328700003,19.3858795,0.082881704,0,zr,117.3213354,36.907876700000003,0.723999977,-0.00800000038,20191221319306,663,0xf,0x1,19.8400002,26.1421509,0.0346340835,0.0896373689,1.23689397e-05,30,1.10399997,2
663215100001640,108432297,2458838.8281661998,58838.322974499999,19.2715321,0.0757825747,0,zr,117.3213671,36.907805600000003,1.30400002,-0.101999998,20191221322975,663,0xf,0x1,20.3400002,26.1798077,0.0276899282,0.0876214281,7.87388763e-06,30,1.09500003,2
663215100001640,108432342,2458838.8286176152,58838.323425900002,19.417511,0.0849656537,0,zr,117.32142349999999,36.907845199999997,0.790000021,-0.0140000004,20191221323426,663,0xf,0x1,20.2900009,26.161787,0.0265190452,0.0900922567,7.25753398e-06,30,1.09399998,2
663215100001640,108433841,2458838.8436067053,58838.338414400001,19.2036705,0.0718760118,0,zr,117.3212626,36.907805400000001,1.14999998,-0.130999997,20191221338403,663,0xf,0x1,19.8400002,25.8029423,0.0345793664,0.0816906765,1.25570741e-05,30,1.05999994,2
663215100001640,108433934,2458838.8445326379,58838.339340300001,19.2711506,0.075759992,32768,zr,117.32137179999999,36.907785400000002,1.09500003,-0.193000004,20191221339317,663,0xf,0x1,19.7800007,25.7134342,0.0359360389,0.0843582302,1.34055426e-05,30,1.05900002,2
663215100001640,108434787,2458838.8530630739,58838.347870400001,19.1057129,0.0666137785,32768,zr,117.3212351,36.9078005,0.92900002,-0.330000013,20191221347870,663,0xf,0x1,19.7000008,25.2879715,0.03952986,0.0930027813,1.69979485e-05,30,1.04299998,2
663215100001640,108439966,2458838.9048590758,58838.3996644,19.1654339,0.0697702765,32768,zr,117.3212552,36.907673299999999,0.839999974,-0.116999999,20191221399630,663,0xf,0x1,19.7000008,25.434721,0.0411553085,0.0933970436,1.83783632e-05,30,1,2
663215100001640,108440244,2458838.9076368776,58838.402442099999,18.9738026,0.0601822659,32768,zr,117.3213897,36.907699000000001,0.985000014,-0.00400000019,20191221402407,663,0xf,0x1,19.4300003,25.3130245,0.0423635468,0.0976651907,2.12334562e-05,30,1,2
663215100001640,109228184,2458846.7872880804,58846.281840299998,19.6375523,0.101024523,0,zr,117.3212205,36.907778399999998,0.944000006,-0.0939999968,20191229281829,663,0xf,0x1,20.9200001,26.074976,0.023441324,0.0781377107,5.64205811e-06,30,1.15199995,1
663215100001640,109229394,2458846.7993948967,58846.293946799997,20.0123806,0.135494485,0,zr,117.3213105,36.907775399999998,0.558000028,0.0359999985,20191229293935,663,0xf,0x1,20.6900005,26.2338371,0.0301851463,0.0769173279,9.36919696e-06,30,1.11399996,2
663215100001640,109229857,2458846.8040246177,58846.298576399997,19.8498306,0.119359501,0,zr,117.3212868,36.907808000000003,0.398999989,-0.0390000008,20191229298576,663,0xf,0x1,21.0699997,26.2392921,0.0236886311,0.0825101361,5.76311413e-06,30,1.10099995,2
663215100001640,109231012,2458846.8155758204,58846.310127299999,19.4354401,0.0861708671,0,zr,117.32131390000001,36.907744600000001,0.578000009,0.0240000002,20191229310116,663,0xf,0x1,20.9699993,26.2519264,0.0237747896,0.0813332051,5.83201472e-06,30,1.074,2
663215100001640,109231057,2458846.8160272324,58846.310578700002,19.3532867,0.0807898566,0,zr,117.3212951,36.907758100000002,2.046,-0.268999994,20191229310579,663,0xf,0x1,20.9400005,26.2517776,0.0251322314,0.0816839859,6.45939554e-06,30,1.07299995,2
663215100001640,109231246,2458846.817913881,58846.312465299998,19.3541088,0.0808418989,0,zr,117.32130479999999,36.907774699999997,1.07000005,0.0820000023,20191229312454,663,0xf,0x1,20.9300003,26.2416077,0.0247654561,0.0795085579,6.32139927e-06,30,1.06900001,2
663215100001640,109231526,2458846.8207148537,58846.315266199999,19.6142616,0.0991891772,0,zr,117.3213191,36.907778800000003,0.736999989,0.0140000004,20191229315243,663,0xf,0x1,21.0499992,26.2567596,0.0227284785,0.0793304369,5.31462592e-06,30,1.06299996,2
663215100001640,109232160,2458846.8270576205,58846.321608799997,19.3656273,0.0815753341,0,zr,117.321269,36.907764100000001,1.69200003,-0.0839999989,20191229321539,663,0xf,0x1,21.1000004,26.2511406,0.0218506996,0.0832359418,4.91972105e-06,30,1.051,2
663215100001640,109232488,2458846.8303332045,58846.324884299996,19.3413334,0.0800365806,0,zr,117.32132470000001,36.907756200000001,1.45700002,-0.0289999992,20191229324873,663,0xf,0x1,21.1000004,26.256855,0.0225184429,0.0790755972,5.19792457e-06,30,1.04499996,2
663215100001640,109232652,2458846.8319767485,58846.326527800004,19.0424213,0.0634378344,0,zr,117.32126270000001,36.907763299999999,0.828000009,-0.0260000005,20191229326435,663,0xf,0x1,21.2299995,26.2538872,0.021468522,0.08132983,4.73041791e-06,30,1.04299998,2
663215100001640,109232890,2458846.8343495103,58846.328900499997,19.0757408,0.065088518,0,zr,117.32127560000001,36.9077494,0.707000017,-0.0960000008,20191229328877,663,0xf,0x1,21.2800007,26.2492161,0.0217087604,0.0818111077,4.84461907e-06,30,1.03900003,2
663215100001640,109233302,2458846.8384699156,58846.333020799997,19.3521137,0.0807156041,0,zr,117.32132799999999,36.9077591,0.963,0.155000001,20191229332986,663,0xf,0x1,21.2700005,26.2246475,0.0217481237,0.0835366026,4.84270095e-06,30,1.03299999,2
663215100001640,109233347,2458846.8389213276,58846.3334722,19.2612686,0.0751774684,0,zr,117.32131,36.907761100000002,1.03400004,-0.0670000017,20191229333472,663,0xf,0x1,21.3199997,26.2328014,0.0224480461,0.0805453062,5.16340151e-06,30,1.03199995,2
663215100001640,109233392,2458846.8393727387,58846.333923600003,19.2955341,0.0772177801,0,zr,117.3213468,36.907755999999999,0.644999981,0.057,20191229333924,663,0xf,0x1,21.2700005,26.225071,0.0214331206,0.082698077,4.71727799e-06,30,1.03199995,2
663215100001640,109233827,2458846.8437247523,58846.338275499998,19.5771599,0.0963340104,0,zr,117.321265,36.9078108,0.700999975,0.0469999984,20191229338275,663,0xf,0x1,21.1499996,26.2556973,0.0229849759,0.0795741528,5.44309751e-06,30,1.02600002,2
663215100001640,109234115,2458846.8466067268,58846.341157399998,19.6450348,0.101621278,0,zr,117.3212707,36.907797600000002,0.949000001,-0.0549999997,20191229341100,663,0xf,0x1,21.3099995,26.2465763,0.0228143521,0.0839603767,5.32454578e-06,30,1.023,2
663215100001640,109234476,2458846.8502179203,58846.344768499999,19.9250965,0.126594588,0,zr,117.3212887,36.9077682,0.953000009,-0.0860000029,20191229344583,663,0xf,0x1,21.3600006,26.2516422,0.0216783118,0.0788168386,4.8372226e-06,30,1.01900005,2
663215100001640,109234521,2458846.8506693323,58846.345219900002,20.0482388,0.139313519,0,zr,117.3212825,36.907774500000002,0.954999983,0.0289999992,20191229345220,663,0xf,0x1,21.4500008,26.2527847,0.0212774538,0.0808426216,4.64986078e-06,30,1.01800001,2
663215100001640,109234993,2458846.8553801556,58846.349930600001,20.0221062,0.136520773,0,zr,117.3212259,36.907744800000003,0.711000025,0.0120000001,20191229349931,663,0xf,0x1,21.1700001,26.1646614,0.0237509534,0.0872059837,5.7758748e-06,30,1.01400006,2
663215100001640,109235136,2458846.8568152916,58846.3513657,19.900713,0.124206752,0,zr,117.3212601,36.907760699999997,1.12100005,-0.0879999995,20191229351366,663,0xf,0x1,21.2299995,26.1822681,0.0235160515,0.0830822513,5.68174619e-06,30,1.01199996,2
663215100001640,109235315,2458846.8586093369,58846.353159699996,19.9438305,0.128458053,0,zr,117.32129930000001,36.907761200000003,0.734000027,-0.0719999969,20191229353090,663,0xf,0x1,21.3999996,26.2033939,0.0220370851,0.0804605633,4.98556938e-06,30,1.01100004,2
663215100001640,109235361,2458846.8590607475,58846.353611099999,20.05616,0.140170023,0,zr,117.321331,36.907767900000003,0.944999993,0.143000007,20191229353611,663,0xf,0x1,21.3999996,26.2087231,0.0221725963,0.0828947201,5.02710236e-06,30,1.01100004,2
663215100001640,109235406,2458846.8595121615,58846.354062500002,19.9480133,0.12887761,0,zr,117.321229,36.907776200000001,1.01699996,0.186000004,20191229354051,663,0xf,0x1,21.4099998,26.2085762,0.0215689894,0.0817685276,4.7617541e-06,30,1.00999999,2
663215100001640,109235450,2458846.859951972,58846.354502299997,19.912468,0.125352591,0,zr,117.32125980000001,36.907778700000001,0.739000022,0.0900000036,20191229354502,663,0xf,0x1,21.3400002,26.204031,0.0218926501,0.082409054,4.92950767e-06,30,1.00999999,2
663215100001640,109235560,2458846.861051599,58846.355601900003,19.5333481,0.0930684581,0,zr,117.3213252,36.907766000000002,0.772000015,-0.00400000019,20191229355498,663,0xf,0x1,21.2199993,26.1729088,0.0216061864,0.0787366778,4.79367645e-06,30,1.00899994,2
663215100001640,109235752,2458846.862972849,58846.3575231,18.7537689,0.0509485602,0,zr,117.3213107,36.907753999999997,0.763000011,-0.0399999991,20191229357523,663,0xf,0x1,21.1800003,26.1621532,0.0224497039,0.0839406922,5.13559326e-06,30,1.00800002,2
663215100001640,109236150,2458846.866954451,58846.361504599998,19.0115299,0.0619485937,0,zr,117.3212937,36.9077956,0.497000009,0.0289999992,20191229361424,663,0xf,0x1,21.2299995,26.1480236,0.0238199774,0.08419846,5.80615006e-06,30,1.005,2
663215100001640,109236195,2458846.8674058635,58846.361956000001,19.0442314,0.0635262877,0,zr,117.3212848,36.907775399999998,1.16600001,-0.061999999,20191229361956,663,0xf,0x1,21.2399998,26.1457405,0.0227074474,0.0822162405,5.27194652e-06,30,1.005,2
663215100001640,109236240,2458846.8678572737,58846.362407400004,19.0698242,0.0647919998,0,zr,117.3213246,36.907784900000003,0.771000028,0.00200000009,20191229362407,663,0xf,0x1,21.2299995,26.1343403,0.022594789,0.0839395672,5.25815494e-06,30,1.005,2
663215100001640,109236285,2458846.8683086857,58846.362858799999,18.7460976,0.0506573357,0,zr,117.3213149,36.907768599999997,0.921000004,-0.0309999995,20191229362847,663,0xf,0x1,21.1000004,26.1264954,0.0228156224,0.0830020458,5.34639548e-06,30,1.005,2
663215100001640,109237461,2458846.8800682882,58846.374618100002,19.3574924,0.0810566619,0,zr,117.3212879,36.907759400000003,0.713,-0.0700000003,20191229374618,663,0xf,0x1,21.4899998,26.2550697,0.0214721318,0.0794268996,4.73751606e-06,30,1.00100005,2
663215100001640,109237506,2458846.8805196001,58846.375069399997,19.7757511,0.11262238,0,zr,117.32130170000001,36.907733999999998,0.588,0.0329999998,20191229375069,663,0xf,0x1,21.5100002,26.2593346,0.0223210137,0.0808629543,5.12367751e-06,30,1.00100005,2
663215100001640,109237761,2458846.883065966,58846.377615700003,19.7661419,0.111775652,0,zr,117.3212997,36.907709199999999,1.61199999,0.0920000002,20191229377616,663,0xf,0x1,21.3999996,26.2607193,0.0207305979,0.0757806078,4.42481496e-06,30,1,2
663215100001640,109237910,2458846.8845591033,58846.3791088,19.1540165,0.0691545233,0,zr,117.321271,36.907767100000001,1.45599997,-0.0680000037,20191229379097,663,0xf,0x1,21.4699993,26.2595749,0.0221331306,0.0774151534,5.05679509e-06,30,1,2
663215100001640,109239718,2458846.902638264,58846.397187499999,19.8479729,0.119185977,0,zr,117.3212626,36.907780000000002,0.782999992,-0,20191229397188,663,0xf,0x1,21.3500004,26.2505379,0.0224773791,0.0822130367,5.17671697e-06,30,1.00399995,2
663215100001640,109239815,2458846.9036104898,58846.398159700002,19.6669235,0.103386983,0,zr,117.32126169999999,36.907744600000001,0.765999973,-0.0710000023,20191229398160,663,0xf,0x1,21.2999992,26.2304878,0.0217649955,0.0835378617,4.86825093e-06,30,1.00399995,2
663215100001640,109239861,2458846.9040619,58846.398611099998,19.8399239,0.118436798,0,zr,117.32130960000001,36.907746799999998,1.15600002,-0.0109999999,20191229398611,663,0xf,0x1,21.3899994,26.2214851,0.02257994,0.0838595405,5.21149695e-06,30,1.00399995,2
663215100001640,109526780,2458849.7733180639,58849.267800900001,19.2221241,0.0729165748,0,zr,117.3213025,36.907760400000001,0.528999984,0.0500000007,20200101267789,663,0xf,0x1,21.2900009,26.2394695,0.021259049,0.0779853165,4.60871979e-06,30,1.17299998,2
663215100001640,109526825,2458849.7737694737,58849.268252299997,19.2663803,0.0754781812,0,zr,117.3212983,36.907752600000002,0.713,0.0659999996,20200101268252,663,0xf,0x1,21.3600006,26.235733,0.0223259572,0.0825135037,5.08895391e-06,30,1.171,2
663215100001640,109527162,2458849.7771376441,58849.271620400003,19.7308292,0.108716629,0,zr,117.3213289,36.907794799999998,0.610000014,-0.100000001,20200101271620,663,0xf,0x1,21.3400002,26.2361851,0.0221307259,0.0809216425,5.00373244e-06,30,1.15900004,2
663215100001640,109527258,2458849.7780982656,58849.272580999997,19.5807037,0.0966031551,0,zr,117.3212922,36.907780700000004,0.414999992,0.0649999976,20200101272546,663,0xf,0x1,21.1800003,26.248064,0.0217316076,0.0805297345,4.84167276e-06,30,1.15600002,2
663215100001640,109527402,2458849.7795450971,58849.274027799998,20.2474937,0.162318856,0,zr,117.3212477,36.907800100000003,0.395000011,-0.0329999998,20200101273993,663,0xf,0x1,21.3199997,26.2368526,0.0213611834,0.0815153345,4.67801965e-06,30,1.15100002,2
663215100001640,109527736,2458849.7828784673,58849.277361100001,19.9819851,0.132331952,0,zr,117.3212882,36.9078078,1.42999995,0.0850000009,20200101277361,663,0xf,0x1,21.4400005,26.2363548,0.0237804968,0.0857577696,5.78675144e-06,30,1.13999999,2
663215100001640,109527826,2458849.7837812863,58849.2782639,19.8473091,0.119124003,0,zr,117.3213105,36.907795100000001,0.676999986,-0.00700000022,20200101278264,663,0xf,0x1,21.4300003,26.2356796,0.0219158009,0.0837832093,4.91488436e-06,30,1.13699996,2
663215100001640,109527922,2458849.7847419074,58849.279224500002,19.640398,0.101251036,0,zr,117.3212966,36.907788600000003,1.01800001,0.063000001,20200101279190,663,0xf,0x1,21.4200001,26.2407722,0.0236604437,0.0805289447,5.71941609e-06,30,1.13399994,2
663215100001640,109528057,2458849.7860961366,58849.280578700003,19.5951805,0.0977104008,0,zr,117.32131390000001,36.907741399999999,0.504999995,0.00999999978,20200101280567,663,0xf,0x1,21.4400005,26.2425613,0.023310164,0.0845198184,5.56271516e-06,30,1.13,2
663215100001640,109528931,2458849.7948347232,58849.289317100003,19.0615044,0.0643775314,0,zr,117.3212904,36.9077397,0.691999972,0.0430000015,20200101289282,663,0xf,0x1,21.3500004,26.2388382,0.0224236287,0.0811809301,5.14222074e-06,30,1.10399997,2
663215100001640,109529163,2458849.7971495716,58849.2916319,19.1024342,0.0664450154,0,zr,117.3212803,36.907774000000003,0.629000008,-0.0529999994,20200101291620,663,0xf,0x1,21.3899994,26.2467842,0.0234209169,0.0802188441,5.63227968e-06,30,1.09800005,2
663215100001640,109529344,2458849.7989668106,58849.293449099998,19.3129311,0.0782760158,0,zr,117.321291,36.907754500000003,1.102,0.064000003,20200101293438,663,0xf,0x1,21.4200001,26.2443314,0.0223741885,0.0755774304,5.14281965e-06,30,1.09399998,2
663215100001640,109530898,2458849.8144995365,58849.308981499998,20.8636246,0.234182596,0,zr,117.32132799999999,36.907842600000002,0.716000021,0.195999995,20200101308912,663,0xf,0x1,21.4500008,26.2480488,0.0232235696,0.0855564028,5.5268606e-06,30,1.05900002,2
663215100001640,109531503,2458849.820552866,58849.315034699997,19.6457558,0.101678982,0,zr,117.32131680000001,36.907750700000001,0.423000008,-0.0289999992,20200101314965,663,0xf,0x1,21.3700008,26.253191,0.0219470747,0.0803770125,4.95470113e-06,30,1.04799998,2
663215100001640,109531802,2458849.8235390293,58849.318020799998,19.1135025,0.0670165271,0,zr,117.3212837,36.907770200000002,0.663999975,0.0410000011,20200101317998,663,0xf,0x1,21.4500008,26.2569103,0.0234200861,0.0793347657,5.67477082e-06,30,1.04299998,2
663215100001640,109532152,2458849.8270461024,58849.321527799999,19.2965527,0.0772793591,0,zr,117.32130890000001,36.907766100000003,0.736999989,0.0170000009,20200101321516,663,0xf,0x1,21.4799995,26.2430038,0.0236233715,0.086277701,5.77852234e-06,30,1.03799999,2
663215100001640,109532197,2458849.8274975121,58849.321979200002,19.2981911,0.0773784295,0,zr,117.3212901,36.907779699999999,1.04100001,0.0869999975,20200101321979,663,0xf,0x1,21.5799999,26.2466335,0.0244626738,0.0833771229,6.14709779e-06,30,1.03699994,2
663215100001640,109532293,2458849.8284581318,58849.322939799997,19.0463104,0.063628085,0,zr,117.3213049,36.907775399999998,0.716000021,0.119999997,20200101322905,663,0xf,0x1,21.5699997,26.2467117,0.0253611654,0.0841429234,6.6096477e-06,30,1.03600001,2
663215100001640,109532432,2458849.8298470615,58849.3243287,19.4890709,0.089881964,0,zr,117.3212822,36.907768699999998,1.09599996,-0.0270000007,20200101324329,663,0xf,0x1,21.4799995,26.253521,0.0234494172,0.0795174167,5.66408062e-06,30,1.03400004,2
663215100001640,109532805,2458849.8335740385,58849.328055600003,19.7144241,0.107323416,0,zr,117.32133109999999,36.9077853,0.68900001,0.0350000001,20200101328009,663,0xf,0x1,21.5400009,26.2618828,0.0248730797,0.0808202028,6.36287268e-06,30,1.028,2
663215100001640,109532895,2458849.8344767592,58849.328958300001,19.9967804,0.133862793,0,zr,117.32125379999999,36.907764200000003,0.717000008,0.0439999998,20200101328958,663,0xf,0x1,21.4799995,26.2602444,0.0237381384,0.0754175037,5.84251802e-06,30,1.02699995,2
663215100001640,109533251,2458849.8380301329,58849.332511599998,19.9432945,0.128404349,0,zr,117.321293,36.907769899999998,0.634000003,0.0299999993,20200101332350,663,0xf,0x1,21.6299992,26.249754,0.0239222664,0.0840312839,5.90090804e-06,30,1.023,2
663215100001640,109533550,2458849.8410278959,58849.335509299999,19.3497429,0.0805657357,0,zr,117.3212781,36.907755399999999,1.15199995,0.101999998,20200101335440,663,0xf,0x1,21.5200005,26.2522068,0.0244605187,0.0812892318,6.1819278e-06,30,1.01999998,2
663215100001640,109533687,2458849.8423936241,58849.336875000001,19.6106434,0.0989070833,0,zr,117.3213106,36.907738799999997,0.781000018,-0.0610000007,20200101336875,663,0xf,0x1,21.5100002,26.2521057,0.0246220715,0.0823133439,6.244004e-06,30,1.01800001,2
663215100001640,109533993,2458849.845449287,58849.339930599999,19.0970669,0.0661698207,0,zr,117.3213185,36.907774000000003,0.797999978,0.00200000009,20200101339931,663,0xf,0x1,21.4899998,26.2535,0.0244006515,0.0796548277,6.13665816e-06,30,1.01499999,2
663215100001640,109534348,2458849.8490025611,58849.343483800003,19.0481682,0.0637192354,0,zr,117.3212841,36.907795999999998,0.912999988,0.119999997,20200101343472,663,0xf,0x1,21.4599991,26.2555866,0.0220433101,0.0810807794,5.03824049e-06,30,1.01199996,2
663215100001640,109534545,2458849.8509702021,58849.345451399997,19.1010857,0.0663757622,0,zr,117.3213142,36.907761600000001,0.601000011,0.0270000007,20200101345382,663,0xf,0x1,21.6000004,26.2565212,0.0251821131,0.0831354558,6.5585391e-06,30,1.01100004,2
663215100001640,109535039,2458849.8559124041,58849.350393499997,19.6689339,0.103550717,0,zr,117.3213439,36.9077676,1.02600002,0.0729999989,20200101350394,663,0xf,0x1,21.4099998,26.2654171,0.0229362268,0.0749447346,5.45565717e-06,30,1.00699997,2
663215100001640,109536062,2458849.8661441156,58849.360625000001,20.6856499,0.215450048,0,zr,117.3213188,36.907816500000003,1.13600004,0.0410000011,20200101360174,663,0xf,0x1,21.4799995,26.2541485,0.0227549225,0.0817704722,5.35577237e-06,30,1.00199997,2
663215100001640,109536234,2458849.8678686512,58849.362349499999,20.8689461,0.234742641,0,zr,117.32122099999999,36.907923199999999,1.05900002,0.0599999987,20200101361921,663,0xf,0x1,21.3999996,26.252449,0.0231238957,0.079310514,5.52678102e-06,30,1.00199997,2
663215100001640,109536280,2458849.86832006,58849.362800900002,20.7417908,0.221359253,0,zr,117.321403,36.907767100000001,0.726000011,-0.0610000007,20200101362801,663,0xf,0x1,21.4799995,26.2562885,0.0225786045,0.0845445544,5.2757e-06,30,1.00100005,2
663215100001640,109536325,2458849.8687714715,58849.363252299998,20.8409729,0.23179841,0,zr,117.32125550000001,36.907798399999997,0.550999999,-0.138999999,20200101363252,663,0xf,0x1,21.4300003,26.2534752,0.0223124735,0.0823410749,5.12673478e-06,30,1.00100005,2
663215100001640,109536538,2458849.8709011138,58849.365381900003,20.699749,0.216934204,0,zr,117.32137160000001,36.907773800000001,0.819999993,-0.0560000017,20200101365058,663,0xf,0x1,21.2999992,26.2542534,0.021943504,0.0793067738,4.99176031e-06,30,1.00100005,2
663215100001640,109536583,2458849.8713525254,58849.365833299998,20.966404,0.245000601,0,zr,117.3212669,36.907759499999997,0.589999974,0.131999999,20200101365833,663,0xf,0x1,21.3899994,26.253912,0.0218508728,0.0826879516,4.94548203e-06,30,1.00100005,2
663215100001640,109536743,2458849.8729498605,58849.367430600003,20.8742981,0.235306025,0,zr,117.32103290000001,36.907881600000003,0.76700002,0.122000001,20200101367211,663,0xf,0x1,21.2199993,26.2508068,0.0220119227,0.080150336,5.0405115e-06,30,1,2
663215100001640,109536862,2458849.874141979,58849.3686227,20.8669472,0.234532356,0,zr,117.3214127,36.907821599999998,0.783999979,-0.308999985,20200101368623,663,0xf,0x1,21.2700005,26.2614422,0.0215624701,0.0824131072,4.81063717e-06,30,1,2
663215100001640,109537148,2458849.8770008418,58849.371481499998,19.5336475,0.0930903777,0,zr,117.3212663,36.907773499999998,0.481000006,0.0309999995,20200101371482,663,0xf,0x1,21.3400002,26.2551365,0.0221010204,0.0811332986,5.05622165e-06,30,1,2
663215100001640,109537193,2458849.877452251,58849.371932900001,19.4033489,0.084025979,0,zr,117.3212623,36.907779900000001,0.558000028,0.0719999969,20200101371933,663,0xf,0x1,21.3500004,26.2598476,0.0223138295,0.0798836052,5.15119973e-06,30,1,2
663215100001640,109537583,2458849.8813527315,58849.375833300001,19.2098446,0.0722223669,0,zr,117.3212953,36.9077281,0.404000014,0.0370000005,20200101375833,663,0xf,0x1,21.1200008,26.2593193,0.0225388445,0.0792848468,5.21809625e-06,30,1,2
663215100001640,109538327,2458849.8887950834,58849.383275499997,19.8791008,0.122125737,0,zr,117.3213032,36.907761200000003,1.13600004,-0.0160000008,20200101383275,663,0xf,0x1,21.25,26.2515869,0.0222322382,0.0836431459,5.13015175e-06,30,1.00100005,2
663215100001640,109538766,2458849.8931816737,58849.387662000001,19.7413445,0.109618932,0,zr,117.321236,36.907798399999997,0.888000011,-0.0949999988,20200101387627,663,0xf,0x1,21.1200008,26.2568207,0.022478696,0.0824396014,5.23157041e-06,30,1.00300002,2
663215100001640,109539012,2458849.8956470252,58849.390127300001,19.7607899,0.11130669,0,zr,117.3212621,36.907724600000002,0.944000006,0.100000001,20200101390116,663,0xf,0x1,21.2399998,26.2572651,0.022863524,0.0806618556,5.39336133e-06,30,1.00399995,2
663215100001640,109539329,2458849.8988183886,58849.3932986,19.6419086,0.101371475,0,zr,117.32128830000001,36.907775200000003,0.684000015,0.0140000004,20200101393299,663,0xf,0x1,21.1200008,26.2553864,0.0223429892,0.0820718855,5.13888062e-06,30,1.00600004,2
663215100001640,109539730,2458849.9028230696,58849.397303199999,19.2227211,0.07295046,0,zr,117.32133829999999,36.907747000000001,0.685000002,-0.0820000023,20200101397292,663,0xf,0x1,21.2700005,26.2581749,0.0213595033,0.0824441314,4.6646569e-06,30,1.00800002,2
663215100001640,109540143,2458849.9069551537,58849.401435200001,19.0074577,0.0617551915,0,zr,117.3213269,36.9077713,0.954999983,-0.0350000001,20200101401424,663,0xf,0x1,21.2199993,26.2608452,0.0216190126,0.0794939697,4.80269864e-06,30,1.01100004,2
663215100001640,109540283,2458849.908355582,58849.402835599998,19.7588558,0.111137748,0,zr,117.3213226,36.907775100000002,1.12300003,-0.177000001,20200101402824,663,0xf,0x1,21.3899994,26.2573128,0.0221576001,0.0826609433,5.01854947e-06,30,1.01199996,2
663215100001640,109540584,2458849.9113649447,58849.4058449,19.5222664,0.0922603309,0,zr,117.3212793,36.907755899999998,0.509000003,0.00300000003,20200101405833,663,0xf,0x1,21.3500004,26.2467365,0.0221759491,0.0854543746,5.03535011e-06,30,1.01499999,2
663215100001640,109540687,2458849.9123950638,58849.406875000001,19.8157177,0.11621061,0,zr,117.3213549,36.907754400000002,0.722000003,0.118000001,20200101406817,663,0xf,0x1,21.2800007,26.2521725,0.0225483794,0.0822986141,5.2199066e-06,30,1.01600003,2
663215100001640,109541300,2458849.9185294895,58849.413009299999,19.8421078,0.118639633,0,zr,117.3213004,36.9077518,1.102,-0.0469999984,20200101413009,663,0xf,0x1,21.1599998,26.2505741,0.0221838709,0.0825708881,5.08060521e-06,30,1.023,2
663215100001640,109541449,2458849.9200109197,58849.414490700001,20.1199303,0.147239417,0,zr,117.32125790000001,36.907783799999997,0.751999974,0.0460000001,20200101414491,663,0xf,0x1,21.1900005,26.2523937,0.0216948204,0.0825948119,4.84364091e-06,30,1.02400005,2
663215100001640,109644884,2458850.9543831302,58850.448842600003,19.4169998,0.0849315375,0,zr,117.3212322,36.907711300000003,1.42900002,0.497999996,20200102448843,663,0xf,0x1,20.0900002,26.2364712,0.0309663042,0.0903383195,9.87653402e-06,30,1.09099996,1
663215100001640,109727040,2458851.7759604813,58851.270405099996,19.1211185,0.0674128979,0,zr,117.32136300000001,36.907863999999996,1.11199999,-0.0780000016,20200103270405,663,0xf,0x1,20.1700001,25.9484692,0.0290686768,0.0847160146,8.67635117e-06,30,1.14499998,2
663215100001640,109727085,2458851.7764118924,58851.270856499999,19.1308498,0.0679230392,0,zr,117.32135959999999,36.907745900000002,1.08599997,-0.149000004,20200103270856,663,0xf,0x1,20.2399998,25.960207,0.0292114113,0.088024959,8.76367903e-06,30,1.14300001,2
663215100001640,109727278,2458851.7783448272,58851.272789399998,19.5156021,0.091777809,0,zr,117.32127269999999,36.907805000000003,1.61600006,0.122000001,20200103272755,663,0xf,0x1,20.4099998,26.1049862,0.0271369293,0.0867675915,7.60018065e-06,30,1.13699996,2
663215100001640,109727516,2458851.7807174702,58851.275161999998,19.2416363,0.0740343854,0,zr,117.3213126,36.9077676,0.379000008,0.075000003,20200103275127,663,0xf,0x1,20.4599991,26.0770264,0.0259720236,0.0847169831,6.9915468e-06,30,1.12899995,2
663215100001640,109727561,2458851.7811688785,58851.275613400001,19.3372593,0.0797814727,0,zr,117.321336,36.907721600000002,0.862999976,0.148000002,20200103275613,663,0xf,0x1,20.5900002,26.0786514,0.0246486254,0.0815702453,6.26076871e-06,30,1.12800002,2
663215100001640,109727657,2458851.7821295965,58851.276574099997,19.1977901,0.0715477616,0,zr,117.3212817,36.907749000000003,0.592000008,0.0700000003,20200103276539,663,0xf,0x1,20.5100002,26.0951691,0.02506065,0.0836677328,6.49687263e-06,30,1.125,2
663215100001640,109727936,2458851.7849189467,58851.279363399997,19.2722549,0.0758253559,0,zr,117.32127490000001,36.9077439,0.611000001,-0.00100000005,20200103279352,663,0xf,0x1,20.7099991,26.1326504,0.0242289249,0.0850244313,6.02782302e-06,30,1.11699998,2
663215100001640,109728171,2458851.7872685874,58851.281712999997,19.844986,0.118907414,0,zr,117.32136730000001,36.907738999999999,1.26100004,0.0860000029,20200103281678,663,0xf,0x1,20.7199993,26.1793823,0.0255485401,0.0815269724,6.71979387e-06,30,1.11000001,2
663215100001640,109728356,2458851.7891204217,58851.283564799996,20.1214905,0.147416145,0,zr,117.32125000000001,36.907772899999998,0.657000005,-0.0120000001,20200103283553,663,0xf,0x1,20.9099998,26.178894,0.0221762694,0.0804062411,5.07321147e-06,30,1.10500002,2
663215100001640,109728545,2458851.7910070573,58851.285451399999,19.9233208,0.126419231,0,zr,117.3212418,36.907705700000001,1.13800001,0.147,20200103285440,663,0xf,0x1,20.9899998,26.2347279,0.0218893364,0.0826519951,4.94979531e-06,30,1.10000002,2
663215100001640,109728590,2458851.7914584614,58851.285902800002,20.1452332,0.150130153,0,zr,117.3213575,36.907779900000001,0.360000014,-0.0359999985,20200103285903,663,0xf,0x1,21.0100002,26.2286453,0.0219835509,0.0820835903,4.97628889e-06,30,1.09899998,2
663215100001640,109729107,2458851.7966321544,58851.291076399997,19.6024704,0.0982727408,0,zr,117.3213866,36.907744399999999,0.381999999,0.023,20200103291065,663,0xf,0x1,20.7600002,26.1928902,0.0234346259,0.0844475105,5.68051973e-06,30,1.08599997,2
663215100001640,109729151,2458851.7970719645,58851.291516199999,19.5389347,0.0934786201,0,zr,117.3211936,36.907789000000001,1.153,0.0520000011,20200103291516,663,0xf,0x1,20.8500004,26.2233582,0.022047773,0.0802820995,5.00742772e-06,30,1.08500004,2
663215100001640,109729666,2458851.8022225555,58851.2966667,18.9866219,0.0607760884,0,zr,117.3212547,36.907767100000001,0.810000002,-0.0179999992,20200103296620,663,0xf,0x1,20.7800007,26.2489758,0.0229745805,0.0812340528,5.45931107e-06,30,1.07299995,2
663215100001640,109730318,2458851.8087388701,58851.303182900003,19.1216507,0.0674406588,0,zr,117.3212944,36.907806100000002,1.495,0.00700000022,20200103303125,663,0xf,0x1,20.6700001,26.2440472,0.0239336547,0.0859030634,5.92293281e-06,30,1.05999994,2
663215100001640,109730797,2458851.813530555,58851.3079745,19.4164925,0.0848977491,0,zr,117.3213325,36.907778200000003,0.801999986,-0.0299999993,20200103307951,663,0xf,0x1,20.4500008,26.2549419,0.0269323159,0.0818967894,7.47040485e-06,30,1.051,2
663215100001640,109730890,2458851.8144565732,58851.3089005,19.5928345,0.0975301191,0,zr,117.3212588,36.907746099999997,0.619000018,-0.023,20200103308889,663,0xf,0x1,20.6399994,26.2512836,0.0254431982,0.0831323043,6.67193217e-06,30,1.04900002,2
663215100001640,109730935,2458851.8149079769,58851.309351900003,19.7185917,0.107675709,0,zr,117.32140269999999,36.907829800000002,1.11500001,-0.130999997,20200103309340,663,0xf,0x1,20.4699993,26.2470398,0.0267790332,0.0870811269,7.39998222e-06,30,1.04799998,2
663215100001640,109731343,2458851.8189936518,58851.313437500001,20.1357918,0.149045691,0,zr,117.3212473,36.9078363,0.884000003,0.111000001,20200103313438,663,0xf,0x1,20.8099995,26.2602482,0.0236701481,0.0809927285,5.79671496e-06,30,1.04200006,2
663215100001640,109731388,2458851.8194450601,58851.313888899997,20.0523605,0.139758721,0,zr,117.32133140000001,36.9077634,1.12699997,-0.0659999996,20200103313889,663,0xf,0x1,20.4899998,26.2538261,0.0262974687,0.0843518898,7.14704584e-06,30,1.04100001,2
663215100001640,109732321,2458851.8287739223,58851.323217600002,20.4890404,0.194350407,0,zr,117.3213925,36.907816699999998,0.43900001,-0.122000001,20200103323218,663,0xf,0x1,20.8099995,26.2515106,0.0236175563,0.0822435245,5.7796683e-06,30,1.028,2
663215100001640,109732850,2458851.8340633176,58851.328506899998,19.0670547,0.0646537095,0,zr,117.3213331,36.907757400000001,0.81099999,-0.0329999998,20200103328507,663,0xf,0x1,20.8099995,26.241478,0.0222225226,0.0911036804,5.120889e-06,30,1.02100003,2
663215100001640,109732951,2458851.8350703348,58851.329513899997,19.3970928,0.0836143196,0,zr,117.3212989,36.907811899999999,1.23500001,-0.0160000008,20200103329456,663,0xf,0x1,20.7900009,26.2505627,0.0237044673,0.0822878554,5.77477658e-06,30,1.01999998,2
663215100001640,109733152,2458851.837084271,58851.331527800001,18.7714577,0.0516275354,0,zr,117.3213167,36.907756900000003,0.657000005,-0.0289999992,20200103331482,663,0xf,0x1,20.6599998,26.2547741,0.0246966761,0.0843173489,6.30019122e-06,30,1.01800001,2
663215100001640,109733245,2458851.8380101873,58851.332453700001,18.935667,0.0584538691,0,zr,117.3212874,36.907783600000002,0.822000027,-0.0109999999,20200103332442,663,0xf,0x1,20.7399998,26.2500534,0.0248399377,0.0854990259,6.37563926e-06,30,1.01699996,2
663215100001640,109734247,2458851.848033559,58851.342476899998,19.7822571,0.113199092,0,zr,117.3213957,36.907836099999997,1.17299998,0.0930000022,20200103342396,663,0xf,0x1,20.75,26.2307606,0.0248532388,0.0799147487,6.3661455e-06,30,1.00899994,2
663215100001640,109734840,2458851.8539595692,58851.348402800002,19.4418755,0.086607717,0,zr,117.321056,36.907810400000002,0.555000007,0.0250000004,20200103347812,663,0xf,0x1,20.0799999,26.0883789,0.0302611943,0.0856107026,9.47358785e-06,30,1.005,2
663215100001640,109735428,2458851.8598392694,58851.354282400003,19.5132637,0.0916090533,0,zr,117.3214285,36.907598700000001,1.11899996,-0.145999998,20200103354039,663,0xf,0x1,19.6100006,25.8117619,0.0385097452,0.0997900814,1.58207731e-05,30,1.00199997,2
663215100001640,109735473,2458851.8602906796,58851.354733799999,19.041048,0.0633707941,0,zr,117.3213068,36.907585500000003,1.296,0.0399999991,20200103354734,663,0xf,0x1,19.6399994,25.8335018,0.0387210771,0.0863918588,1.62219203e-05,30,1.00199997,2
663215100001640,109735623,2458851.8617953048,58851.356238400003,19.1594734,0.0694480687,0,zr,117.32107190000001,36.907813300000001,0.470999986,-0.00600000005,20200103355995,663,0xf,0x1,19.8799992,25.958952,0.0350149423,0.0894018933,1.28237316e-05,30,1.00199997,2
663215100001640,109736129,2458851.8668532842,58851.361296299998,19.1236134,0.067543298,0,zr,117.32147500000001,36.907854,0.598999977,0.115000002,20200103361285,663,0xf,0x1,19.7800007,25.8930683,0.036923226,0.0895301998,1.41632645e-05,30,1.00100005,2
663215100001640,109736571,2458851.8712746655,58851.365717599998,20.0139961,0.135664597,0,zr,117.3210304,36.907990499999997,1.04999995,-0.186000004,20200103365718,663,0xf,0x1,19.9899998,25.8474712,0.0324598104,0.090102531,1.07660217e-05,30,1,2
663215100001640,109738138,2458851.8869462321,58851.381388900001,19.14814,0.068839848,0,zr,117.3213812,36.907840999999998,1.37,-0.0189999994,20200103381296,663,0xf,0x1,20.3199997,26.0345745,0.0284424424,0.0840542391,8.31830221e-06,30,1.00300002,2
663215100001640,109738406,2458851.8896198831,58851.384062500001,19.2333679,0.0735584944,0,zr,117.3211685,36.907764999999998,1.11399996,-0.130999997,20200103383958,663,0xf,0x1,20.7399998,26.2428322,0.0257161055,0.0833839774,6.82078917e-06,30,1.00399995,2
663215100001640,109738998,2458851.8955458808,58851.389988399998,19.5531406,0.0945296511,0,zr,117.3213251,36.907795299999997,0.754000008,-0.0309999995,20200103389977,663,0xf,0x1,20.6900005,26.2485905,0.0253470019,0.0872307643,6.6030625e-06,30,1.00699997,2
663215100001640,109739601,2458851.9015760846,58851.396018500003,19.546627,0.0940462351,0,zr,117.32129399999999,36.9077737,0.493999988,0.0250000004,20200103395995,663,0xf,0x1,20.9799995,26.2390652,0.0226009712,0.0794320628,5.26774556e-06,30,1.01100004,2
663215100001640,109740381,2458851.9093771181,58851.403819400002,19.6764183,0.10416232,0,zr,117.32135839999999,36.907676600000002,1.25199997,-0.186000004,20200103403808,663,0xf,0x1,20.75,26.1328735,0.0245916545,0.0802366585,6.23538926e-06,30,1.01800001,2
663215100001640,109740427,2458851.9098285269,58851.404270799998,19.304678,0.0777721182,0,zr,117.3212231,36.907724899999998,0.722000003,0.0970000029,20200103404271,663,0xf,0x1,20.7700005,26.1291275,0.0233038887,0.0769922957,5.62103332e-06,30,1.01900005,2
663215100001640,109740587,2458851.9114373545,58851.405879600003,20.0250854,0.136836678,0,zr,117.3212839,36.907670699999997,0.518000007,-0.0829999968,20200103405822,663,0xf,0x1,20.7600002,26.1895294,0.0238147657,0.0802668631,5.86265151e-06,30,1.02100003,2
663215100001640,109740834,2458851.9139026939,58851.408344900003,19.5973206,0.0978751481,0,zr,117.3212663,36.907788099999998,0.746999979,0.0240000002,20200103408345,663,0xf,0x1,20.5,26.2007637,0.0265623536,0.0875154063,7.25404198e-06,30,1.023,2
663215100001640,109740930,2458851.914863409,58851.409305599998,19.1586647,0.0694044977,0,zr,117.3212879,36.9078138,0.722000003,-0.0320000015,20200103409271,663,0xf,0x1,20.5499992,26.1750851,0.0260108057,0.0806901529,6.94217397e-06,30,1.02499998,2
663215100001640,109741274,2458851.9183009677,58851.412743100002,19.0078335,0.0617730506,0,zr,117.3213355,36.907756900000003,1.12899995,-0.064000003,20200103412708,663,0xf,0x1,20.5799999,26.0312042,0.0269847102,0.0826713517,7.48398588e-06,30,1.02900004,2
663215100001640,109741511,2458851.9206736069,58851.415115700001,19.2059612,0.0720042735,0,zr,117.32130170000001,36.907815999999997,0.592999995,-0.023,20200103415104,663,0xf,0x1,20.7299995,26.1243992,0.0288237538,0.0817601979,8.57373743e-06,30,1.03199995,2
663215100001640,109741884,2458851.9244005689,58851.418842599996,19.6668186,0.103378445,0,zr,117.32134019999999,36.907825799999998,1.14499998,-0.210999995,20200103418808,663,0xf,0x1,20.8099995,26.1732559,0.0243231412,0.0850636587,6.09034714e-06,30,1.03699994,2
663215100001640,109741928,2458851.924840379,58851.419282399998,19.5311241,0.0929057524,0,zr,117.32123970000001,36.907784399999997,0.711000025,-0.00600000005,20200103419282,663,0xf,0x1,20.7700005,26.1605663,0.0220552236,0.082803987,5.03717729e-06,30,1.03799999,2
663215100001640,109743511,2458851.940673945,58851.435115699998,20.4360428,0.186934605,0,zr,117.32120879999999,36.9077786,0.785000026,-0.0869999975,20200103435104,663,0xf,0x1,20.8999996,26.2434464,0.0231048074,0.0854894444,5.47521495e-06,30,1.06599998,1
663215100001640,109842998,2458852.9355628565,58852.429988399999,20.2870922,0.167257547,0,zr,117.3213117,36.907775600000001,0.910000026,-0.0379999988,20200104429977,663,0xf,0x1,21.5499992,26.2654514,0.0235117935,0.0804676786,5.70667635e-06,30,1.06099999,1
663215100001640,109925501,2458853.7605982171,58853.255011599998,19.6024761,0.0982732177,0,zr,117.32133829999999,36.907765400000002,0.481999993,-0.0439999998,20200105255000,663,0xf,0x1,21.1900005,26.2307796,0.0228225905,0.0889795646,5.39010352e-06,30,1.17999995,2
663215100001640,109925728,2458853.7628667518,58853.257280099999,19.5925369,0.0975072384,0,zr,117.3212729,36.907755899999998,1.00300002,0.166999996,20200105257280,663,0xf,0x1,21.0400009,26.167841,0.0244932957,0.087933749,6.1609494e-06,30,1.171,2
663215100001640,109925818,2458853.7637695647,58853.258182899997,19.5307846,0.0928809196,0,zr,117.3212924,36.907765900000001,0.671999991,0.0379999988,20200105258183,663,0xf,0x1,20.9099998,26.1110897,0.0240422823,0.0839460045,5.91845264e-06,30,1.16799998,2
663215100001640,109926181,2458853.7674038191,58853.261817099999,19.8576851,0.120095938,0,zr,117.32121840000001,36.907767200000002,1.29200006,-0.194999993,20200105261806,663,0xf,0x1,20.7299995,26.0189953,0.0254202541,0.0848595425,6.6540174e-06,30,1.15499997,2
663215100001640,109926273,2458853.7683182321,58853.262731499999,19.7344131,0.1090234,0,zr,117.3212382,36.9077731,0.716000021,-0.00300000003,20200105262720,663,0xf,0x1,20.6900005,25.9477253,0.0289648231,0.0809777454,8.68535699e-06,30,1.15199995,2
663215100001640,109926839,2458853.7739780173,58853.268391199999,20.4553967,0.189617634,0,zr,117.3211563,36.907732600000003,0.540000021,0.0649999976,20200105268356,663,0xf,0x1,20.9099998,26.1097145,0.0254994407,0.0837969184,6.72668784e-06,30,1.13300002,2
663215100001640,109927226,2458853.7778553721,58853.272268499997,20.3404427,0.174106121,0,zr,117.3212657,36.9077378,0.967000008,-0.0930000022,20200105272234,663,0xf,0x1,21.0499992,26.1677628,0.023004977,0.0820824057,5.48151547e-06,30,1.12199998,2
663215100001640,109927372,2458853.7793137925,58853.273726899999,20.3991451,0.181899175,0,zr,117.32126890000001,36.907775200000003,0.866999984,-0.218999997,20200105273692,663,0xf,0x1,21.1599998,26.2054653,0.0265213251,0.0847338438,7.26765711e-06,30,1.11699998,2
663215100001640,109927701,2458853.7826008406,58853.277013899999,20.1636696,0.15226768,0,zr,117.3212802,36.907746799999998,0.875999987,0.0280000009,20200105277002,663,0xf,0x1,21.2000008,26.2319927,0.0239423253,0.0833886042,5.93735376e-06,30,1.10800004,2
663215100001640,109927746,2458853.783052247,58853.277465300001,20.3168602,0.171051413,0,zr,117.3212518,36.907783999999999,0.694000006,-0.116999999,20200105277454,663,0xf,0x1,21.1499996,26.1991863,0.0257229973,0.0844210759,6.82233804e-06,30,1.10699999,2
663215100001640,109927928,2458853.7848693728,58853.279282399999,19.7834492,0.113305092,0,zr,117.32130069999999,36.907763799999998,0.467000008,0.0759999976,20200105279282,663,0xf,0x1,20.9799995,26.1637783,0.0236008875,0.0875367522,5.80070309e-06,30,1.102,2
663215100001640,109927973,2458853.7853207807,58853.279733800002,19.6412392,0.101318143,0,zr,117.3212729,36.907740599999997,0.82099998,-0.141000003,20200105279734,663,0xf,0x1,20.9799995,26.1455746,0.0236611404,0.0852154791,5.80010192e-06,30,1.10099995,2
663215100001640,109928155,2458853.7871379061,58853.281550899999,19.2907467,0.0769292265,0,zr,117.3213082,36.907749500000001,0.981999993,0.162,20200105281551,663,0xf,0x1,21.0400009,26.1730785,0.0232225619,0.0888692513,5.56928808e-06,30,1.09599996,2
663215100001640,109928246,2458853.7880523205,58853.282465299999,19.2661705,0.0754658133,0,zr,117.3212642,36.907732199999998,1.64300001,0.0810000002,20200105282465,663,0xf,0x1,21.0699997,26.2205029,0.0233944524,0.0834059715,5.66618019e-06,30,1.09399998,2
663215100001640,109928337,2458853.7889666324,58853.283379599998,19.1445255,0.0686470866,0,zr,117.3213181,36.907745499999997,1.11199999,-0.0960000008,20200105283368,663,0xf,0x1,21.1599998,26.2018318,0.0241065007,0.0838325694,5.9938825e-06,30,1.09099996,2
663215100001640,109928678,2458853.7923694826,58853.286782399999,19.0623322,0.0644186214,0,zr,117.32132180000001,36.907726199999999,0.372999996,-0.0710000023,20200105286771,663,0xf,0x1,20.8199997,26.1636162,0.0230508894,0.0853563398,5.46596766e-06,30,1.08299994,2
663215100001640,109929100,2458853.7965940428,58853.291006899999,19.401947,0.0839335546,0,zr,117.3213044,36.907766600000002,0.987999976,-0.133000001,20200105290995,663,0xf,0x1,20.9599991,26.1752892,0.023344554,0.0848362595,5.65500932e-06,30,1.074,2
663215100001640,109929292,2458853.798515371,58853.292928199997,19.7236366,0.10810367,0,zr,117.32133570000001,36.907724399999999,0.916999996,-0.0489999987,20200105292917,663,0xf,0x1,20.7999992,26.1839828,0.0230273884,0.088044703,5.47009904e-06,30,1.07000005,2
663215100001640,109929642,2458853.8020108198,58853.296423599997,20.027668,0.137110919,0,zr,117.3212846,36.907831100000003,0.700999975,-0.180999994,20200105296424,663,0xf,0x1,20.6399994,26.1850109,0.0236856323,0.0848782286,5.79959715e-06,30,1.06200004,2
663215100001640,109930170,2458853.8072886975,58853.3017014,19.4771194,0.0890410021,0,zr,117.3212644,36.907767200000002,0.925999999,-0.0430000015,20200105301701,663,0xf,0x1,20.7000008,26.1994705,0.0238467567,0.0820188671,5.84277223e-06,30,1.05200005,2
663215100001640,109930633,2458853.8119183644,58853.306331,19.1094894,0.0668087229,0,zr,117.32129,36.907738500000001,0.934000015,0.0769999996,20200105306308,663,0xf,0x1,20.6700001,26.2258148,0.0240475871,0.0799237713,5.96239579e-06,30,1.04400003,2
663215100001640,109931564,2458853.8212355976,58853.315648099997,19.5878944,0.0971515626,0,zr,117.3212477,36.907768300000001,0.411000013,-0.103,20200105315602,663,0xf,0x1,20.3700008,26.0812626,0.0272780079,0.0904619545,7.6615006e-06,30,1.02999997,2
663215100001640,109931776,2458853.8233537273,58853.317766200002,19.6278381,0.10025496,0,zr,117.321297,36.907749099999997,0.736000001,-0.151999995,20200105317731,663,0xf,0x1,20.7900009,26.220211,0.0236711465,0.0861091539,5.78314666e-06,30,1.028,2
663215100001640,109931991,2458853.8255065591,58853.319919000001,19.9556961,0.129651383,0,zr,117.32119299999999,36.907768099999998,1.25899994,0.108999997,20200105319873,663,0xf,0x1,20.9099998,26.2270718,0.0227884073,0.0934774205,5.34048968e-06,30,1.02499998,2
663215100001640,109932133,2458853.8269185778,58853.321330999999,19.8327255,0.117770515,0,zr,117.3212364,36.907813900000001,1.36500001,-0.0120000001,20200105321319,663,0xf,0x1,20.5900002,26.1960983,0.0257460345,0.0877470672,6.8568811e-06,30,1.023,2
663215100001640,109932317,2458853.8287589028,58853.323171299999,20.3253403,0.172144935,0,zr,117.3212759,36.907835400000003,0.915000021,-0.286000013,20200105323160,663,0xf,0x1,20.6200008,26.1577129,0.0242127534,0.0895642564,6.02523232e-06,30,1.02100003,2
663215100001640,109932649,2458853.8320807507,58853.326493100001,20.171072,0.153133348,0,zr,117.3212475,36.9078096,0.823000014,-0.298999995,20200105326470,663,0xf,0x1,20.9300003,26.1864548,0.0230454598,0.0830722302,5.50049435e-06,30,1.01800001,2
663215100001640,109933021,2458853.8358076084,58853.330219900003,20.2842083,0.166893885,0,zr,117.321153,36.907674299999996,0.777999997,0.158000007,20200105329988,663,0xf,0x1,21,26.1975918,0.0225692708,0.0874659866,5.26036047e-06,30,1.01400006,2
663215100001640,109933324,2458853.8388284445,58853.333240699998,20.2642555,0.164394349,0,zr,117.3213504,36.907828100000003,0.451999992,-0.0410000011,20200105332998,663,0xf,0x1,20.9400005,26.192627,0.0218132939,0.0884626731,4.89918375e-06,30,1.01199996,2
663215100001640,109933369,2458853.8392798514,58853.333692100001,20.5284481,0.198904037,0,zr,117.321416,36.907763699999997,0.754000008,-0.252000004,20200105333692,663,0xf,0x1,21.1100006,26.2168198,0.0212259088,0.0870965272,4.66208712e-06,30,1.01100004,2
663215100001640,109933585,2458853.8414442828,58853.335856500002,19.2564507,0.0748952553,0,zr,117.3213514,36.907768500000003,0.739000022,-0.0960000008,20200105335775,663,0xf,0x1,21.1299992,26.2468338,0.0222432278,0.0850846544,5.12975248e-06,30,1.00999999,2
663215100001640,109934039,2458853.8459813474,58853.340393500002,18.873642,0.0557609573,0,zr,117.3213164,36.907755799999997,0.623000026,0.0160000008,20200105340394,663,0xf,0x1,21.0400009,26.245903,0.0220898222,0.0797800124,5.01679006e-06,30,1.00699997,2
663215100001640,109934806,2458853.8536550561,58853.3480671,19.5332069,0.093058154,0,zr,117.32128,36.907737300000001,1.102,-0.064000003,20200105347569,663,0xf,0x1,21.1100006,26.2135944,0.0228208844,0.0854184926,5.3640174e-06,30,1.00300002,2
663215100001640,109935874,2458853.8643381046,58853.358749999999,19.3327751,0.0795016959,0,zr,117.32125619999999,36.907782300000001,0.725000024,0.0170000009,20200105358715,663,0xf,0x1,21.1499996,26.2521572,0.0216027629,0.0853177756,4.80430799e-06,30,1,2
663215100001640,109936383,2458853.8694191743,58853.363831000002,19.091713,0.0658965409,0,zr,117.3212776,36.907797700000003,1.02999997,0.0399999991,20200105363796,663,0xf,0x1,21.2600002,26.2490406,0.0225409791,0.0852380842,5.23660128e-06,30,1,2
663215100001640,109936986,2458853.8754493585,58853.3698611,19.2878609,0.0767559037,0,zr,117.3213071,36.907758700000002,0.465999991,-0.0140000004,20200105369838,663,0xf,0x1,21.3299999,26.2572327,0.0250879247,0.0825299993,6.48391187e-06,30,1.00100005,2
663215100001640,109937349,2458853.8790837089,58853.373495400003,19.7805634,0.113048643,0,zr,117.3212908,36.907761999999998,0.921000004,-0.174999997,20200105373414,663,0xf,0x1,21.4500008,26.2599316,0.0244668778,0.085312672,6.17247906e-06,30,1.00199997,2
663215100001640,109937444,2458853.8800327224,58853.374444399997,19.6450882,0.101625569,0,zr,117.3212829,36.9077433,0.620000005,0.0979999974,20200105374444,663,0xf,0x1,21.2999992,26.2604561,0.0225386377,0.086119689,5.26175518e-06,30,1.00199997,2
663215100001640,109937490,2458853.8804957275,58853.374907400001,19.7555618,0.110850528,0,zr,117.3213126,36.907777600000003,0.869000018,-0.0979999974,20200105374896,663,0xf,0x1,21.3799992,26.2589378,0.0226300415,0.0882956311,5.28243254e-06,30,1.00199997,2
663215100001640,109937535,2458853.8809471345,58853.375358800004,19.6363621,0.100929953,0,zr,117.32130789999999,36.907747700000002,1.00899994,0.0579999983,20200105375347,663,0xf,0x1,21.3999996,26.2557316,0.0237233769,0.0883659571,5.80031747e-06,30,1.00199997,2
663215100001640,109938130,2458853.8868963174,58853.381307900003,20.4562836,0.189741299,0,zr,117.321253,36.907733700000001,0.593999982,-0.221000001,20200105381308,663,0xf,0x1,21.3700008,26.264658,0.0222092755,0.0831053779,5.11324788e-06,30,1.005,2
663215100001640,109938224,2458853.8878338286,58853.382245399996,20.4534225,0.189342618,0,zr,117.3212892,36.907789399999999,0.671000004,0.138999999,20200105382245,663,0xf,0x1,21.4300003,26.2657928,0.0253138784,0.0827132687,6.6070379e-06,30,1.00600004,2
663215100001640,109938944,2458853.8950329288,58853.389444400003,20.3047962,0.169505566,0,zr,117.3212565,36.907746299999999,0.330000013,-0.0540000014,20200105389421,663,0xf,0x1,21.3700008,26.2341518,0.0242229681,0.0862541646,6.03953504e-06,30,1.00999999,2
663215100001640,109939341,2458853.8990029814,58853.393414400001,18.9589767,0.0595036335,0,zr,117.32130650000001,36.907767999999997,0.709999979,0.0810000002,20200105393380,663,0xf,0x1,21.4099998,26.2502556,0.0250425991,0.0864809453,6.45650243e-06,30,1.01400006,2
663215100001640,109939541,2458853.9010053095,58853.395416699997,19.1240158,0.0675643161,0,zr,117.3212631,36.9077737,0.926999986,-0.0810000002,20200105395405,663,0xf,0x1,21.3899994,26.2653465,0.0224911477,0.0821442828,5.2096666e-06,30,1.01600003,2
663215100001640,109940430,2458853.9098943286,58853.404305600001,19.302494,0.0776393488,0,zr,117.3213409,36.907778200000003,1.227,0.0250000004,20200105404271,663,0xf,0x1,21.4799995,26.2608604,0.0235423949,0.0792066678,5.71911369e-06,30,1.02499998,2
663215100001640,109940752,2458853.913111873,58853.407523100002,19.5532475,0.0945376381,0,zr,117.3212944,36.907781,0.889999986,-0.0340000018,20200105407523,663,0xf,0x1,21.4500008,26.2666092,0.0242795981,0.081291087,6.1176097e-06,30,1.02900004,2
663215100001640,109941041,2458853.9160055122,58853.410416699997,19.8935947,0.123517692,0,zr,117.32128590000001,36.907781,0.398999989,-0.0410000011,20200105410382,663,0xf,0x1,21.5499992,26.2679539,0.0257930718,0.0794553831,6.85817758e-06,30,1.03299999,2
663215100001640,109941333,2458853.9189221519,58853.413333299999,19.4129391,0.084661141,0,zr,117.3212886,36.907763099999997,0.898999989,0.0860000029,20200105413333,663,0xf,0x1,21.5799999,26.2662983,0.0229434688,0.084426634,5.43202987e-06,30,1.03699994,2
663215100001640,109941920,2458853.9247903307,58853.4192014,19.2326794,0.0735189915,0,zr,117.3212857,36.907766500000001,0.92900002,0.112000003,20200105419201,663,0xf,0x1,21.5499992,26.2600288,0.0236157086,0.0817468986,5.73430816e-06,30,1.04700005,2
663215100001640,109942805,2458853.9336446491,58853.428055600001,20.0326729,0.137643859,0,zr,117.3213375,36.907735099999996,0.663999975,0.0240000002,20200105428044,663,0xf,0x1,21.4500008,26.2590714,0.0234040078,0.0790895522,5.67080724e-06,30,1.06299996,1
663215100001640,110131910,2458855.824720908,58855.319108800002,19.214304,0.0724736676,0,zr,117.3213027,36.907749799999998,0.536000013,-0.0540000014,20200107319097,663,0xf,0x1,20.4500008,26.2597599,0.0250866003,0.0877520964,6.49670164e-06,30,1.01999998,1
663215100001640,110232878,2458856.834406645,58856.328784700003,19.1949997,0.0713925585,0,zr,117.3213275,36.907799799999999,0.268999994,-0.00600000005,20200108328738,663,0xf,0x1,19.6100006,25.9014072,0.0366940871,0.0839686543,1.55413181e-05,30,1.00899994,1
663215100001640,110232923,2458856.8348580496,58856.329236099999,19.0618477,0.0643945783,32768,zr,117.32144940000001,36.907727700000002,0.708000004,-0.0540000014,20200108329236,663,0xf,0x1,19.5799999,26.0262127,0.0373538509,0.0714307725,1.51448476e-05,30,1.00800002,1
663215100001640,110626675,2458860.772403135,58860.266759300001,19.255373,0.0748322681,0,zr,117.3212233,36.907778299999997,0.819000006,0.0540000014,20200112266759,663,0xf,0x1,19.8199997,26.2507706,0.031133946,0.087801829,9.96475956e-06,30,1.08500004,1
663215100001640,110631585,2458860.8215004588,58860.315856499998,18.8193607,0.0535196625,0,zr,117.3213229,36.907760400000001,0.841000021,-0.129999995,20200112315810,663,0xf,0x1,19.9099998,26.2507,0.0316615589,0.088191852,1.041825e-05,30,1.00999999,1
663215100001640,110821616,2458862.7218139437,58862.216168999999,18.6388168,0.0467828549,0,zr,117.3213097,36.907769899999998,0.54400003,-0.0610000007,20200114216134,663,0xf,0x1,20.6599998,26.2308407,0.0235932954,0.0871253312,5.71879855e-06,30,1.24000001,1
663215100001640,110830246,2458862.8081101868,58862.302465300003,18.8572311,0.0550721921,0,zr,117.321359,36.907750999999998,1.26900005,0.147,20200114302454,663,0xf,0x1,20.5300007,26.2524109,0.0251723193,0.0884720385,6.55311806e-06,30,1.01699996,1
663215100001640,110922549,2458863.7311407081,58863.225497699998,18.2673492,0.0358815864,32768,zr,117.32132230000001,36.907841400000002,0.936999977,-0.00899999961,20200115225463,663,0xf,0x1,19.2299995,24.5221405,0.0471108407,0.0928739086,3.43766915e-05,30,1.18799996,1
663215100001640,111021871,2458864.7243547104,58864.218715299998,19.5095501,0.0913417861,0,zr,117.3213231,36.907772999999999,1.56200004,0.00499999989,20200116218704,663,0xf,0x1,21.3700008,26.2248745,0.0216153208,0.0830870271,4.82142059e-06,30,1.20500004,1
663215100001640,111325824,2458867.7638587281,58867.258240700001,18.7251453,0.0498717874,0,zr,117.32131099999999,36.907768599999997,0.425999999,0.00499999989,20200119258229,663,0xf,0x1,21.2900009,26.1953602,0.0222111028,0.0822449848,5.102459e-06,30,1.06200004,1
663215100001640,111726165,2458871.7672210466,58871.261655100003,18.5039921,0.0424046516,0,zr,117.3213063,36.907769299999998,1.14900005,0.136000007,20200123261655,663,0xf,0x1,21.2299995,26.2500534,0.0222302098,0.0833252668,5.08115727e-06,30,1.03699994,1
663215100001640,111921363,2458873.719165036,58873.213634300002,18.6819973,0.0482986569,0,zr,117.3212882,36.907766199999998,0.559000015,-0.0350000001,20200125213634,663,0xf,0x1,21.2199993,26.1831112,0.0212567225,0.0808837861,4.66557594e-06,30,1.13399994,1
663215100001640,112024655,2458874.7520604529,58874.246550900003,18.7325649,0.0501483232,0,zr,117.3212664,36.907762099999999,0.911000013,-0.0759999976,20200126246493,663,0xf,0x1,20.8400002,25.783617,0.0281939991,0.0800433233,8.09967878e-06,30,1.04799998,1
663215100001640,112121936,2458875.7248513531,58875.2193634,19.3200474,0.0787132978,0,zr,117.3212413,36.907779099999999,0.917999983,-0.0700000003,20200127219352,663,0xf,0x1,20.8899994,26.2242851,0.0242134519,0.0811288506,6.01835336e-06,30,1.102,1
663215100001640,112328741,2458877.7928558947,58877.287419,19.1753025,0.0703073367,0,zr,117.32129,36.907710899999998,0.644999981,0.0250000004,20200129287361,663,0xf,0x1,20.7199993,26.234726,0.0245070532,0.0856543481,6.20805349e-06,30,1.00100005,3
663215100001640,112418622,2458878.6916393698,58878.186226899998,18.6241703,0.0462816432,0,zr,117.3211439,36.907749299999999,0.855000019,0.178000003,20200130186227,663,0xf,0x1,19.6000004,26.2303123,0.0393602811,0.0882090181,1.65037309e-05,30,1.18200004,1
663215100001640,112427976,2458878.7851783955,58878.279768499997,19.3461304,0.0803379938,0,zr,117.32140130000001,36.907789700000002,1.22099996,-0.0700000003,20200130279722,663,0xf,0x1,20.6000004,26.2496243,0.0259774905,0.0864847451,6.93663696e-06,30,1.00300002,3
663215100001640,112527660,2458879.7819899633,58879.276608799999,18.475666,0.0415493622,0,zr,117.3212686,36.9077701,1.04299998,0.0960000008,20200131276539,663,0xf,0x1,20.0499992,26.2487907,0.0326647237,0.0799545571,1.10348365e-05,30,1.00300002,3
663215100001640,112621310,2458880.7184545952,58880.213101900001,19.4851418,0.0896046087,0,zr,117.3212341,36.907763600000003,0.549000025,0.0850000009,20200201213090,663,0xf,0x1,20.9899998,26.2385387,0.0223430861,0.0829983875,5.13700797e-06,30,1.08299994,3
663215100001640,112726072,2458881.7660484212,58881.260729200003,18.4680672,0.0413235761,0,zr,117.3212887,36.907775999999998,1.08700001,0.00400000019,20200202260718,663,0xf,0x1,21.1599998,26.249052,0.0225082561,0.0854949579,5.2233936e-06,30,1.00899994,1
663215100001640,112728630,2458881.7916262848,58881.286307900002,18.5571785,0.044069767,0,zr,117.3212932,36.907743099999998,0.602999985,0.0549999997,20200202286308,663,0xf,0x1,21.1299992,26.2562885,0.0235378444,0.080484055,5.7306861e-06,30,1,3
663215100001640,112816023,2458882.6655205297,58882.160231499998,18.9177742,0.0576621853,0,zr,117.3213075,36.907803700000002,1.09000003,-0.140000001,20200203160197,663,0xf,0x1,20.75,26.2289391,0.0238503143,0.0847592503,5.8744813e-06,30,1.24600005,1
663215100001640,112924599,2458883.7512463816,58883.245995400001,19.2865295,0.0766760334,0,zr,117.3212376,36.907836799999998,0.665000021,0.0140000004,20200204245984,663,0xf,0x1,20.0300007,26.1960201,0.0288247559,0.0966203287,8.49497337e-06,30,1.01600003,3
663215100001640,113019847,2458884.7036882387,58884.198472199998,18.8625832,0.0552957468,0,zr,117.3213428,36.907844900000001,0.721000016,-0.0410000011,20200205198426,663,0xf,0x1,19.7800007,26.2359333,0.0327384621,0.0886682272,1.1101135e-05,30,1.09200001,3
663215100001640,113020802,2458884.713236487,58884.208020799997,19.1727962,0.0701704919,0,zr,117.3211762,36.9076746,0.379999995,0.0659999996,20200205207986,663,0xf,0x1,19.5799999,26.2342663,0.0393662937,0.0916849896,1.64259563e-05,30,1.07000005,1
663215100001640,113120560,2458885.7107794774,58885.205601900001,19.0421371,0.0634239763,0,zr,117.32112979999999,36.907769100000003,1.02100003,-0.238000005,20200206205590,663,0xf,0x1,19.3099995,26.138588,0.0396018513,0.0906352699,1.86792695e-05,30,1.06900001,3
663215100001640,113618714,2458890.6921058982,58890.187141199996,18.8252087,0.0537561141,0,zr,117.32138620000001,36.907758700000002,0.800000012,-0.0270000007,20200211187130,663,0xf,0x1,20.0200005,26.2235432,0.0305227041,0.0868482217,9.57477641e-06,30,1.08000004,3
663215100001640,113713920,2458891.6441211822,58891.139201400001,18.8625298,0.0552935041,0,zr,117.3212875,36.907775800000003,0.967999995,0.0949999988,20200212139190,663,0xf,0x1,21.1000004,26.2268276,0.021882141,0.0798370317,4.95189079e-06,30,1.23000002,3
663215100001640,113828378,2458892.7886488135,58892.283784699997,18.7185402,0.0496270992,0,zr,117.321292,36.9077877,0.666999996,0.0270000007,20200213283681,663,0xf,0x1,20.9599991,26.2247944,0.0223391391,0.0890434533,5.13139594e-06,30,1.01100004,1
663215100001640,114022363,2458894.728399693,58894.223634299997,18.7856483,0.0521798655,0,zr,117.3212314,36.907766500000001,0.55400002,0.00800000038,20200215223576,663,0xf,0x1,21.0900002,26.2361717,0.0236080382,0.0860879198,5.87364548e-06,30,1.00999999,3
663215100001640,114125657,2458895.7612847527,58895.2565741,19.2030411,0.0718407929,0,zr,117.3212908,36.907747899999997,0.481999993,-0.0320000015,20200216256574,663,0xf,0x1,21.2800007,26.2433567,0.0219358578,0.0812873095,4.9795035e-06,30,1.00100005,3
663215100001640,114226800,2458896.7726648976,58896.268009300002,19.3402462,0.0799684227,0,zr,117.32124349999999,36.907758000000001,0.714999974,-0.0140000004,20200217267998,663,0xf,0x1,21.2900009,26.2385292,0.0222739652,0.0846128836,5.07671848e-06,30,1.00800002,3
663215100001640,114416179,2458898.6663427181,58898.161794,19.4267025,0.0855813101,0,zr,117.3212982,36.907740500000003,0.814999998,0.057,20200219161782,663,0xf,0x1,21.5900002,26.2219429,0.0259444211,0.0787302032,6.91139803e-06,30,1.08800006,3
663215100001640,114416270,2458898.6672569648,58898.162708299998,19.5175362,0.0919175521,0,zr,117.3212915,36.907761499999999,1.477,0.136000007,20200219162697,663,0xf,0x1,21.4500008,26.2267761,0.0225120373,0.0757400915,5.22781738e-06,30,1.08599997,1
663215100001640,114523534,2458899.739833198,58899.235347200003,18.3460236,0.0378989689,0,zr,117.3212803,36.907770800000002,1.11099994,0.0500000007,20200220235289,663,0xf,0x1,21.4899998,26.2340603,0.0228354838,0.0845399573,5.37114238e-06,30,1,3
663215100001640,114531049,2458899.8149792319,58899.310497699997,19.0028801,0.0615385845,0,zr,117.3213167,36.907782599999997,0.882000029,-0.0240000002,20200220310486,663,0xf,0x1,21.3199997,26.2361565,0.0213457756,0.078970626,4.73319005e-06,30,1.08000004,1
663215100001640,114616999,2458900.6744301189,58900.169999999998,18.9553986,0.0593411028,0,zr,117.3213138,36.9077433,0.707000017,-0.0260000005,20200221169988,663,0xf,0x1,21.0300007,26.0235672,0.0262418129,0.0803041533,7.06818491e-06,30,1.05900002,3
663215100001640,114618707,2458900.6915008924,58900.187071799999,18.3620987,0.0383289829,32768,zr,117.3213009,36.907772600000001,0.925000012,0.0250000004,20200221187014,663,0xf,0x1,20.8600006,26.0059719,0.0342374407,0.0808717236,1.21017847e-05,30,1.03100002,1
663215100001640,114918162,2458903.6858627987,58903.181620399999,18.8942032,0.0566377603,0,zr,117.3213092,36.907772000000001,1.17900002,-0.0250000004,20200224181597,663,0xf,0x1,21.4099998,26.2315235,0.021930974,0.081864357,4.94887627e-06,30,1.02699995,1
663215100001640,114919326,2458903.6975055533,58903.193263900001,19.4531364,0.0873777345,0,zr,117.32130309999999,36.907769899999998,0.626999974,-0.063000001,20200224193241,663,0xf,0x1,21.4500008,26.2305851,0.02340509,0.0799076855,5.66451718e-06,30,1.01499999,1
663215100001640,114920724,2458903.7114861561,58903.207245400001,18.8801956,0.0560387075,0,zr,117.32128729999999,36.9077707,0.606000006,0.0450000018,20200224207199,663,0xf,0x1,21.3899994,26.2185516,0.021104021,0.0845655277,4.6187688e-06,30,1.005,3
663215100001640,115019243,2458904.6966074253,58904.1924306,19.3452263,0.0802810565,0,zr,117.321292,36.907814100000003,0.702000022,0.00100000005,20200225192419,663,0xf,0x1,21.3600006,26.2126656,0.0222814735,0.0854376033,5.11772805e-06,30,1.01300001,3
663215100001640,115119105,2458905.6951640118,58905.191053199997,19.2349968,0.0736519545,0,zr,117.3212793,36.907786700000003,1.00899994,-0.120999999,20200226191019,663,0xf,0x1,20.6000004,26.2334766,0.0247541796,0.0893322751,6.3027851e-06,30,1.01199996,3
663215100001640,115219354,2458906.6975850374,58906.193541699999,18.6679268,0.0477984063,0,zr,117.3213267,36.907807300000002,0.931999981,-0.0280000009,20200227193507,663,0xf,0x1,20.9099998,26.2041473,0.0230146684,0.0852447525,5.44851036e-06,30,1.00800002,3
663215100001640,115219450,2458906.6985455733,58906.194502300001,19.0363827,0.063143611,0,zr,117.3213233,36.907771799999999,0.460999995,0.0270000007,20200227194468,663,0xf,0x1,20.75,26.2017689,0.0233381819,0.0839888304,5.62800324e-06,30,1.00699997,1
663215100001640,115512057,2458909.624418295,58909.1205787,18.6911278,0.0486266278,0,zr,117.32133140000001,36.907848100000002,0.677999973,0.101999998,20200301120579,663,0xf,0x1,19.4899998,26.2272968,0.0471441373,0.0980508327,2.55428004e-05,30,1.11800003,1
663215100001640,115515204,2458909.6558859777,58909.152048600001,18.8391075,0.0543228537,0,zr,117.3214153,36.907639500000002,1.32700002,0.172999993,20200301152037,663,0xf,0x1,19.7299995,26.2243576,0.0377777554,0.097115621,1.48752506e-05,30,1.04700005,3
663215100001640,115817246,2458912.6760823848,58912.172465299998,18.958395,0.059477184,0,zr,117.32132369999999,36.907786999999999,0.347000003,-0.0439999998,20200304172431,663,0xf,0x1,20.7399998,26.230341,0.0241394099,0.0856447443,6.03946592e-06,30,1.01100004,1
663215100001640,115817442,2458912.6780382413,58912.174421299998,19.0349579,0.0630744249,0,zr,117.3213468,36.907768699999998,0.68900001,0.0160000008,20200304174410,663,0xf,0x1,20.7199993,26.2309456,0.0245274529,0.0873361528,6.24649692e-06,30,1.00999999,3
663215100001640,116136116,2458915.8645431912,58915.361169000003,19.1474571,0.06880337,0,zr,117.3213449,36.907786000000002,0.279000014,0.0289999992,20200307361169,663,0xf,0x1,19.9500008,26.1626968,0.0335368365,0.0926008746,1.17571917e-05,30,1.55299997,3
663215100001640,116136207,2458915.8654459151,58915.362071800002,19.207756,0.0721049905,0,zr,117.32124260000001,36.907754699999998,0.495000005,0.103,20200307362072,663,0xf,0x1,19.7999992,26.1720104,0.0346074179,0.0942900777,1.23751333e-05,30,1.56200004,1
663215100001640,118417275,2458938.6741541037,58938.172754599997,19.0751591,0.0650593042,0,zr,117.32131769999999,36.907763099999997,0.740999997,-0.0189999994,20200330172731,663,0xf,0x1,21.1900005,26.1956615,0.0219701175,0.086311847,4.97058591e-06,30,1.02600002,1
663215100001640,118517415,2458939.6754611717,58939.174155100001,19.1182556,0.0672635734,0,zr,117.3212626,36.907780000000002,0.666000009,0.00899999961,20200331174132,663,0xf,0x1,20.9500008,26.1837006,0.0232990477,0.0854716748,5.59398586e-06,30,1.03100002,3
663215100001640,119015145,2458944.6522956984,58944.151458300003,18.8750572,0.0558208004,0,zr,117.3212798,36.9077834,0.720000029,-0.0780000016,20200405151458,663,0xf,0x1,20.5200005,26.2072678,0.0279376414,0.0919431299,8.03686271e-06,30,1.01999998,3
663215100001640,119015237,2458944.6532100155,58944.152372700002,18.7780323,0.0518825725,0,zr,117.32132249999999,36.907760199999998,0.414999992,-0.0320000015,20200405152361,663,0xf,0x1,20.4400005,26.191206,0.0268476792,0.0927143991,7.41759141e-06,30,1.02100003,1
663215100001640,120019332,2458954.6932026385,58954.193321799998,18.85396,0.05493607,0,zr,117.3213205,36.907779599999998,1.14900005,-0.00600000005,20200415193322,663,0xf,0x1,20.9799995,26.1702309,0.0230982248,0.0866346881,5.4956372e-06,30,1.17999995,3
663215100001640,120119777,2458955.6975629297,58955.1977778,18.5995407,0.0454532094,0,zr,117.3213434,36.907767399999997,0.479000002,0.0320000015,20200416197766,663,0xf,0x1,21.1299992,26.195713,0.0213063471,0.0874064341,4.65470703e-06,30,1.20899999,3
663215100001640,120120003,2458955.69981961,58955.200034699999,18.7578049,0.0511025302,0,zr,117.3213071,36.9077816,0.903999984,0.057,20200416200035,663,0xf,0x1,21.0900002,26.1920376,0.0225014444,0.0834480599,5.2346204e-06,30,1.21800005,1
663215100001640,120215718,2458956.6568813338,58956.157187500001,19.2430439,0.0741156787,0,zr,117.3213011,36.907772700000002,0.779999971,-0.0769999996,20200417157176,663,0xf,0x1,21.3299999,26.2104607,0.023010863,0.0857159197,5.45690682e-06,30,1.08599997,3
663215100001640,120816284,2458962.6619732101,58962.162847200001,19.8148594,0.116132416,0,zr,117.3213171,36.907767499999999,0.81400001,-0.00200000009,20200423162847,663,0xf,0x1,21.1599998,26.2001953,0.0228062402,0.085173063,5.37709138e-06,30,1.14900005,3
663215100001640,121023665,2458964.7355872272,58964.236655100001,19.10532,0.0665935129,0,zr,117.3213324,36.9077792,1.01900005,-0.143999994,20200425236655,663,0xf,0x1,20.9899998,26.1065483,0.0243133716,0.0867153406,6.00992917e-06,30,1.64499998,3
663215100001640,121217328,2458966.672039588,58966.173286999998,19.3985481,0.0837099105,0,zr,117.321307,36.907753300000003,0.718999982,0.0390000008,20200427173275,663,0xf,0x1,21.1399994,26.1097832,0.0223659202,0.0898131952,5.16043838e-06,30,1.23300004,3
663215100001640,121318307,2458967.6817382569,58967.1830787,19.8657074,0.120852455,0,zr,117.3213812,36.907754799999999,0.84799999,0.0309999995,20200428183032,663,0xf,0x1,20.9899998,26.1809387,0.0219980814,0.0820777789,4.99536691e-06,30,1.29499996,3
663215100001640,121916062,2458973.6587441256,58973.160624999997,20.3300362,0.172752678,0,zr,117.3213284,36.907848000000001,0.493999988,-0.296000004,20200504160613,663,0xf,0x1,20.7600002,26.2062931,0.0252768435,0.0872549415,6.58443332e-06,30,1.26400006,1
663215100001640,122222390,2458976.7217505523,58976.223900500001,19.5594044,0.0949969366,0,zr,117.32126479999999,36.907744299999997,0.936999977,-0.188999996,20200507223866,663,0xf,0x1,20.0699997,26.1446648,0.0307445116,0.0957033113,9.76426691e-06,30,1.898,1
663215100001640,124416451,2458998.6606595935,58998.164513900003,19.2428398,0.0741038844,0,zr,117.3213021,36.9077494,0.493000001,0.0149999997,20200529164514,663,0xf,0x1,20.4300003,26.1190929,0.0286461264,0.0969474167,8.44553506e-06,30,1.90900004,2
663215100001640,124416945,2458998.6656013587,58998.169456000003,20.0192986,0.136223927,0,zr,117.32129260000001,36.907769399999999,0.603999972,-0.150999993,20200529169456,663,0xf,0x1,20.5699997,26.107605,0.0295122694,0.0948726088,9.01560543e-06,30,1.98699999,2
663215100001640,124417439,2458998.6705431198,58998.174398100004,19.8235397,0.116925612,0,zr,117.32121720000001,36.907825500000001,0.713999987,-0.149000004,20200529174398,663,0xf,0x1,20.7099991,26.1018982,0.0259435903,0.0954824537,6.93192942e-06,30,2.07299995,2
663215100001640,124417934,2458998.6754849856,58998.179340299997,20.1136532,0.146529794,0,zr,117.3212303,36.907730200000003,0.541999996,-0.0299999993,20200529179340,663,0xf,0x1,20.6900005,26.0920677,0.0273108333,0.0987843648,7.62399986e-06,30,2.16700006,2
663215100001640,125016556,2459004.6613338166,59004.165567099997,18.9793854,0.0604401082,0,zr,117.32141489999999,36.9077907,0.495000005,-0.0599999987,20200604165556,663,0xf,0x1,19.5,26.0677757,0.0403132178,0.0972739011,1.84566288e-05,30,2.22000003,2
663215100001640,125017039,2459004.6661599209,59004.170393499997,18.9800167,0.060469307,0,zr,117.3213519,36.907778399999998,0.657999992,-0.0460000001,20200604170394,663,0xf,0x1,19.3700008,26.0414753,0.0483021177,0.110940114,2.77950439e-05,30,2.3269999,2
663215100001640,125018006,2459004.675835229,59004.180069399998,19.3703308,0.0818767697,0,zr,117.32123439999999,36.907734400000002,0.231999993,-0.0240000002,20200604180069,663,0xf,0x1,19.7299995,26.0079937,0.0410252698,0.107609555,1.79615818e-05,30,2.5769999,2
663215100001640,132949329,2459083.9889886174,59083.493298599999,19.1908112,0.0711602569,0,zr,117.3212631,36.9077907,1.32200003,-0.270999998,20200822492593,663,0xf,0x1,20.2700005,25.4591255,0.0390671976,0.104944684,1.55715879e-05,30,2.81999993,2
663215100001640,132949818,2459083.9938732097,59083.498182900003,19.9308167,0.127160847,0,zr,117.3212242,36.907830799999999,0.569000006,-0.0689999983,20200822498125,663,0xf,0x1,20.2299995,25.5101414,0.0407062694,0.111753985,1.70039948e-05,30,2.66100001,2
663215100001640,132950306,2459083.9987576837,59083.503067099999,19.7858467,0.113518521,0,zr,117.32137470000001,36.907594799999998,1.20000005,-0.404000014,20200822503009,663,0xf,0x1,20.1000004,25.5651531,0.0508907326,0.0961502269,2.64363407e-05,30,2.51900005,2
663215100001640,132950796,2459084.0036538816,59083.507962999996,19.0362892,0.0631390959,0,zr,117.3212882,36.907712799999999,0.829999983,0.075000003,20200822507905,663,0xf,0x1,20.0100002,25.6005211,0.0346773528,0.10593731,1.22379306e-05,30,2.39199996,2
663215100001640,132951285,2459084.0085499743,59083.512858800001,19.0740242,0.0650023371,0,zr,117.3212497,36.9077603,0.56400001,-0.236000001,20200822512801,663,0xf,0x1,19.4899998,25.638258,0.0406660326,0.100577734,1.94711502e-05,30,2.27699995,2
663215100001640,133149364,2459085.9894546471,59085.493645800001,19.3099651,0.0780945346,0,zr,117.3213482,36.907716999999998,0.908999979,-0.137999997,20200824493125,663,0xf,0x1,20.7000008,25.9523754,0.0247870702,0.0862654075,6.26395013e-06,30,2.6329999,2
663215100001640,133149859,2459085.9944086508,59085.498599500002,19.3464508,0.0803581104,0,zr,117.3213937,36.907731800000001,0.902999997,-0.0670000017,20200824498588,663,0xf,0x1,20.75,25.97085,0.0255465768,0.0851997435,6.6609332e-06,30,2.4920001,2
663215100001640,133150355,2459085.9993626662,59085.503553199997,19.6608315,0.102892555,0,zr,117.32122940000001,36.907790400000003,0.412,-0.0949999988,20200824503542,663,0xf,0x1,20.5799999,25.9832058,0.0272386279,0.0915278569,7.54133725e-06,30,2.36599994,2
663215100001640,133150850,2459086.0043166624,59085.508506899998,19.756218,0.110907644,0,zr,117.3213985,36.907747700000002,0.977999985,-0.328000009,20200824508495,663,0xf,0x1,20.4400005,25.9995804,0.0282141883,0.0909224227,8.13345741e-06,30,2.25300002,2
663215100001640,133151346,2459086.0092706676,59085.513460599999,19.8008823,0.114866033,0,zr,117.3214073,36.907746299999999,0.527999997,0.0529999994,20200824513438,663,0xf,0x1,19.9400005,26.0192261,0.0326351412,0.0915373042,1.08500972e-05,30,2.15100002,2
663215100001640,133350199,2459087.9979238915,59087.501990700002,19.377449,0.0823352784,0,zr,117.3212295,36.907791899999999,0.546999991,-0.0189999994,20200826501979,663,0xf,0x1,20.6000004,25.8449039,0.0250795521,0.0978598595,6.43028034e-06,30,2.27600002,2
663215100001640,133350696,2459088.0029011033,59087.506967599998,19.3878593,0.0830105096,0,zr,117.32132559999999,36.907705,0.479000002,0.0240000002,20200826506968,663,0xf,0x1,20.5400009,25.8623028,0.0265261177,0.0979325995,7.21749257e-06,30,2.171,2
663215100001640,133351194,2459088.0078782197,59087.511944400001,19.3627815,0.081393525,0,zr,117.3214098,36.907740099999998,0.712000012,0.0799999982,20200826511944,663,0xf,0x1,20.25,25.8852005,0.0294048879,0.0940269977,8.82233326e-06,30,2.07599998,2
663215100001640,133549530,2459089.991362296,59089.495300900002,19.1147327,0.0670803785,0,zr,117.3213865,36.907809999999998,0.717999995,-0.108000003,20200828495301,663,0xf,0x1,20.1499996,25.9401379,0.0322281234,0.102635935,1.07424848e-05,30,2.3039999,2
663215100001640,133549942,2459089.995482957,59089.499421300003,19.5395851,0.0935264379,0,zr,117.3215833,36.9077153,2.0539999,-0.150999993,20200828499421,663,0xf,0x1,20.1399994,25.9828434,0.0383105874,0.0978703499,1.52001403e-05,30,2.21399999,2
663215100001640,133550968,2459090.0057498519,59089.509687500002,18.7018299,0.0490143448,0,zr,117.3213092,36.907649300000003,0.989000022,-0.0920000002,20200828509687,663,0xf,0x1,19.5,26.0078907,0.0441219844,0.101528153,2.18868845e-05,30,2.01999998,2
663215100001640,133551471,2459090.0107732909,59089.5147106,19.2123013,0.0723606944,0,zr,117.32129689999999,36.907770800000002,0.552999973,-0.192000002,20200828514711,663,0xf,0x1,19.8299999,26.0445423,0.0352937207,0.0983570814,1.32882969e-05,30,1.93700004,2
663215100001640,133749660,2459091.992803616,59091.4966088,19.0291595,0.0627937019,0,zr,117.3213192,36.907734699999999,0.822000027,0.0379999988,20200830496609,663,0xf,0x1,21.0699997,26.1898975,0.0218516756,0.0926769674,4.87653142e-06,30,2.16000009,2
663215100001640,133750151,2459091.9977113553,59091.501516199998,19.0866203,0.0656377226,0,zr,117.32130739999999,36.907759599999999,0.524999976,-0.0289999992,20200830501516,663,0xf,0x1,21.0799999,26.1963463,0.0222342294,0.095133312,5.04418676e-06,30,2.06699991,2
663215100001640,133750642,2459092.0026190914,59091.506423600003,19.6222134,0.0998120829,0,zr,117.321348,36.907778200000003,0.787999988,0.0710000023,20200830506424,663,0xf,0x1,21.0200005,26.1979523,0.022489788,0.0931970701,5.16264208e-06,30,1.98199999,2
663215100001640,133751134,2459092.0075384313,59091.511342600003,19.417614,0.0849725008,0,zr,117.32131680000001,36.907770900000003,0.884000003,0.0529999994,20200830511343,663,0xf,0x1,20.7099991,26.2093086,0.0236841515,0.0927109346,5.73795978e-06,30,1.90499997,2
663215100001640,133949859,2459093.994932333,59093.498599500002,20.0312519,0.137492344,0,zr,117.3213476,36.9078333,0.393999994,0.0579999983,20200901498588,663,0xf,0x1,20.1399994,26.1471806,0.0322896764,0.0870245099,1.06615116e-05,30,2.02200007,2
663215100001640,133950331,2459093.9996433663,59093.503310200002,19.211607,0.0723215416,0,zr,117.3213319,36.907757099999998,0.81099999,-0.141000003,20200901503287,663,0xf,0x1,20.2199993,26.1414757,0.0327628143,0.0877440423,1.09864714e-05,30,1.94500005,2
663215100001640,133950822,2459094.0045627109,59093.508229200001,19.1440086,0.0686196163,0,zr,117.321427,36.907780799999998,0.503000021,-0.00100000005,20200901508206,663,0xf,0x1,20.2700005,26.1502762,0.0286647808,0.0895951241,8.53748224e-06,30,1.87100005,2
663215100001640,133951293,2459094.0092736478,59093.512939799999,19.5308094,0.0928827524,0,zr,117.32140269999999,36.907799599999997,0.904999971,0.143000007,20200901512917,663,0xf,0x1,20.2199993,26.1520901,0.0296187829,0.0844273195,9.06424611e-06,30,1.80499995,2
663215100001640,133951763,2459094.0139730871,59093.517638899997,19.3295803,0.0793030038,0,zr,117.32130119999999,36.907802199999999,0.63499999,0.0179999992,20200901517627,663,0xf,0x1,20.0499992,26.1498337,0.0322059877,0.0920169204,1.07365722e-05,30,1.745,2
663215100001640,134149806,2459095.994542168,59095.498067100001,19.988987,0.13305448,0,zr,117.3213288,36.907767499999999,0.674000025,-0.231000006,20200903498067,663,0xf,0x1,20.25,26.0800858,0.030090211,0.0966286361,9.23358311e-06,30,1.94099998,2
663215100001640,134150277,2459095.9992532129,59095.5027778,20.0441093,0.138868839,0,zr,117.3212456,36.907615399999997,1.07299995,-0.287,20200903502778,663,0xf,0x1,20.3099995,26.0941372,0.0280873179,0.0950609297,8.07446031e-06,30,1.87,2
663215100001640,134151222,2459096.0086983028,59095.512222199999,18.9095764,0.0573035665,0,zr,117.32134499999999,36.9077506,0.368000001,0.0359999985,20200903512222,663,0xf,0x1,20.1900005,26.1114407,0.0308148265,0.0980404615,9.7599941e-06,30,1.74399996,2
663215100001640,134151694,2459096.0134208514,59095.516944399998,18.8932247,0.0565956719,0,zr,117.32129569999999,36.907759900000002,0.697000027,-0.112999998,20200903516933,663,0xf,0x1,19.8600006,26.1330471,0.0319678858,0.0840654001,1.05443678e-05,30,1.68900001,2
663215100001640,134349878,2459097.9954063445,59097.498784700001,18.9513664,0.0591585971,0,zr,117.3213638,36.907764100000001,1.01999998,0.118000001,20200905498785,663,0xf,0x1,20.5599995,26.1022682,0.0270889457,0.0938905552,7.60055946e-06,30,1.84899998,2
663215100001640,134350346,2459098.0000825953,59097.503460599997,19.5593472,0.0949926674,32768,zr,117.32134720000001,36.9076837,0.527999997,-0.244000003,20200905503461,663,0xf,0x1,19.6100006,25.6733131,0.139027163,0.104005918,0.000220598653,30,1.78600001,2
663215100001640,134350814,2459098.0047704517,59097.508148100002,19.4818611,0.0893737003,0,zr,117.3213422,36.907793599999998,0.606000006,0.104000002,20200905508137,663,0xf,0x1,20.4300003,26.1337986,0.0280080941,0.0886822268,8.07713513e-06,30,1.72800004,2
663215100001640,134351282,2459098.0094468016,59097.512824099998,19.8033352,0.115087345,0,zr,117.3212971,36.907641499999997,0.758000016,0.122000001,20200905512812,663,0xf,0x1,20.0100002,26.1262207,0.034679465,0.101595655,1.23906366e-05,30,1.67400002,2
663215100001640,136850989,2459123.0086389068,59122.509895800002,18.9597683,0.0595396571,0,zr,117.3213188,36.907739900000003,0.323000014,-0.0460000001,20200930509896,663,0xf,0x1,20.8999996,26.1999226,0.0218244717,0.0882122293,4.92110075e-06,30,1.21200001,1
663215100001640,137040671,2459124.9056326449,59124.406712999997,19.0645561,0.0645292252,0,zr,117.32130739999999,36.9077032,0.787,-0.00600000005,20201002406713,663,0xf,0x1,20.1399994,26.1295242,0.0328293294,0.090561904,1.12647158e-05,30,2.1559999,1
663215100001640,137250918,2459127.008306853,59126.509189800003,19.6349049,0.100814201,0,zr,117.32134910000001,36.907745300000002,0.726000011,-0.119999997,20201004509190,663,0xf,0x1,20.8400002,26.227602,0.0223993137,0.0910990536,5.43024635e-06,30,1.171,1
663215100001640,137452550,2459129.02481692,59128.525509300001,19.0940857,0.0660174787,32768,zr,117.3212103,36.907814999999999,0.545000017,-0.166999996,20201006525498,663,0xf,0x1,19.7600002,25.7056313,0.0616550297,0.0876083747,4.28145322e-05,30,1.10300004,1
663215100001640,137647012,2459130.9696196551,59130.470127300003,19.5330372,0.0930456743,0,zr,117.3213129,36.907701799999998,1.58899999,-0.207000002,20201008470127,663,0xf,0x1,20.6399994,26.249361,0.0233837962,0.0881832466,5.64016773e-06,30,1.29900002,1
663215100001640,138150571,2459136.0056916582,59135.505717599997,19.4477615,0.0870093331,0,zr,117.3213459,36.907755399999999,0.887000024,0.00999999978,20201013505718,663,0xf,0x1,21.1800003,26.2451515,0.020078497,0.0843120739,4.10720122e-06,30,1.10399997,1
663215100001640,138350468,2459138.0048534512,59137.504687499997,19.1529522,0.0690974072,0,zr,117.3213035,36.907766799999997,0.811999977,-0.0590000004,20201015504688,663,0xf,0x1,21.3700008,26.1922798,0.0210449006,0.0833963603,4.51708229e-06,30,1.09300005,1
663215100001640,138548603,2459139.9863862647,59139.486030100001,19.4071751,0.0842788219,0,zr,117.321279,36.907755199999997,0.505999982,-0.0199999996,20201017486018,663,0xf,0x1,21.3099995,26.0556469,0.0222686492,0.0874329284,5.15753709e-06,30,1.13,1
663215100001640,138749203,2459141.9925855291,59141.492037000004,19.3236961,0.0789384246,0,zr,117.3212972,36.907743699999997,0.540000021,0.00700000022,20201019492037,663,0xf,0x1,21.5599995,26.2548256,0.0204586703,0.0814793035,4.267451e-06,30,1.097,1
663215100001640,138949710,2459143.9978468232,59143.497106499999,19.44133,0.0865706503,0,zr,117.32133570000001,36.907736,0.901000023,-0.0439999998,20201021497095,663,0xf,0x1,21.6000004,26.2579079,0.0207990035,0.0836139843,4.44807392e-06,30,1.07200003,1
663215100001640,139149968,2459146.0006186664,59145.4996875,19.603632,0.0983627141,0,zr,117.3212915,36.9077451,1.67999995,-0.123999998,20201023499688,663,0xf,0x1,21.5499992,26.2261257,0.0192163419,0.084604986,3.8034002e-06,30,1.05599999,1
663215100001640,139534491,2459149.846213623,59149.344919000003,19.5374699,0.0933708996,0,zr,117.3214352,36.907596400000003,0.574000001,-0.063000001,20201027344919,663,0xf,0x1,19.8500004,26.1259708,0.03689228,0.10013812,1.39122312e-05,30,2.03399992,1
663215100001640,139648741,2459150.9888208648,59150.487418999997,19.6238213,0.0999385118,0,zr,117.3212767,36.907747000000001,0.873000026,0.0579999983,20201028487407,663,0xf,0x1,21.2700005,26.3110142,0.0205014981,0.0790375099,4.32388788e-06,30,1.05299997,1
663215100001640,139846472,2459152.9663082683,59152.464722199999,19.3825417,0.082664907,0,zr,117.3213044,36.907717900000002,0.805999994,0.00600000005,20201030464711,663,0xf,0x1,20.5,26.2939415,0.0241234321,0.0897256508,5.99143414e-06,30,1.09000003,1
663215100001640,140146591,2459155.9677768061,59155.465914400003,20.4311562,0.186261564,0,zr,117.3214832,36.907741999999999,0.405999988,-0.0189999994,20201102465914,663,0xf,0x1,20.7900009,26.2925301,0.024873551,0.0833401084,6.46286298e-06,30,1.06900001,1
663215100001640,140952056,2459164.023146621,59163.5205671,19.0063686,0.0617036186,0,zr,117.3213179,36.907779900000001,1.48699999,-0.101000004,20201110520289,663,0xf,0x1,21.3199997,26.2893124,0.0208169054,0.0905930921,4.51518008e-06,30,1.00100005,1
663215100001640,141142303,2459165.9257749286,59165.423032400002,19.0740433,0.0650032908,0,zr,117.3212941,36.9077713,0.79400003,0.0219999999,20201112423021,663,0xf,0x1,21.3299999,26.2912045,0.0200325884,0.0843953714,4.14081842e-06,30,1.10599995,1
663215100001640,141443498,2459168.9379831748,59168.434988399997,18.7187576,0.049635116,0,zr,117.3213294,36.907760099999997,1.03299999,-0.0590000004,20201115434988,663,0xf,0x1,21.1900005,26.2969742,0.020269962,0.0867670774,4.25893813e-06,30,1.05999994,1
663215100001640,141640518,2459170.9083407498,59170.405185199998,19.4799061,0.0892363936,0,zr,117.32127920000001,36.907732799999998,0.569000006,0.0270000007,20201117405185,663,0xf,0x1,21.1800003,26.2930737,0.0198609494,0.0849694684,4.02935257e-06,30,1.11800003,1
663215100001640,142849982,2459183.0038836892,59182.499826400002,19.2510777,0.0745818168,0,zr,117.3213695,36.9077822,0.768999994,0.0560000017,20201129499271,663,0xf,0x1,20.4500008,26.2854023,0.027694799,0.094431743,7.91602451e-06,30,1.02100003,1
663215100001640,143048133,2459184.9855203778,59184.481331000003,18.9374924,0.0585353039,0,zr,117.32129569999999,36.907792200000003,0.395000011,-0.0689999983,20201201481308,663,0xf,0x1,20.4200001,26.2965546,0.028411828,0.0876259282,8.31102261e-06,30,1.00899994,1
663215100001640,143938473,2459193.8894547378,59193.384733799998,20.8713684,0.234997749,0,zr,117.3211788,36.907807400000003,0.449000001,-0.0370000005,20201210384734,663,0xf,0x1,21.5200005,26.2678051,0.0200481657,0.0876377001,4.16665898e-06,30,1.02999997,2
663215100001640,144034341,2459194.8481861488,59194.343414399998,19.6596489,0.102796838,0,zr,117.3211819,36.907817000000001,1.05999994,-0.0549999997,20201211343403,663,0xf,0x1,21.1599998,26.2858791,0.0207823049,0.0854993239,4.4725507e-06,30,1.10800004,2
663215100001640,144048822,2459194.9930085163,59194.488229199997,20.1100426,0.146122843,0,zr,117.32135169999999,36.907789100000002,0.419,-0.00200000009,20201211488229,663,0xf,0x1,20.6900005,26.2863541,0.0232069176,0.0887991488,5.5521291e-06,30,1.051,2
663215100001640,144147780,2459195.9826311059,59195.4778009,19.1180687,0.0672538877,0,zr,117.32128710000001,36.907716399999998,0.644999981,-0.0240000002,20201212477801,663,0xf,0x1,20.8500004,26.0871391,0.0228161123,0.083190918,5.39357598e-06,30,1.03900003,1
663215100001640,144147875,2459195.9835802545,59195.478750000002,19.520834,0.0921564475,0,zr,117.3212417,36.9078102,1.01600003,-0.0769999996,20201212478738,663,0xf,0x1,20.9300003,26.1319675,0.0217509158,0.088132374,4.89862759e-06,30,1.03999996,2
663215100001640,144248687,2459196.9917556262,59196.486875000002,18.993763,0.0611096844,0,zr,117.3212707,36.907764200000003,0.764999986,0.0939999968,20201213486840,663,0xf,0x1,20.4500008,26.284832,0.0267268345,0.093155548,7.35364802e-06,30,1.05900002,2
663215100001640,144427832,2459198.7832882083,59198.278321799997,19.3858585,0.0828803182,0,zr,117.32133349999999,36.907812900000003,0.753000021,-0.0710000023,20201215278218,663,0xf,0x1,20.6100006,26.2656364,0.0253527332,0.0952696577,6.70915733e-06,30,1.33399999,2
663215100001640,144445446,2459198.9594422444,59198.4544676,20.2460518,0.162141234,0,zr,117.3213241,36.9078114,1.07000005,0.050999999,20201215454468,663,0xf,0x1,21.0599995,26.295023,0.02184489,0.0907300934,4.97875135e-06,30,1.01900005,2
663215100001640,144445543,2459198.9604144916,59198.455439799996,20.3386879,0.173877314,0,zr,117.3212874,36.907727899999998,1.22000003,0.104000002,20201215455417,663,0xf,0x1,20.8700008,26.2976627,0.0233938787,0.0893284157,5.70426209e-06,30,1.01999998,1
663215100001640,144530957,2459199.8145854697,59199.309571799997,19.4450283,0.0868225992,0,zr,117.3213437,36.907705399999998,0.902999997,-0.0529999994,20201216309572,663,0xf,0x1,20.7999992,26.2871628,0.0244068913,0.0899781883,6.14243936e-06,30,1.17200005,2
663215100001640,144540768,2459199.9127033032,59199.4076852,21.0125732,0.249860048,0,zr,117.321614,36.907723099999998,0.587000012,0.0149999997,20201216407685,663,0xf,0x1,20.7700005,26.2909145,0.0236962512,0.0932691842,5.76657249e-06,30,1.00100005,2
663215100001640,144636532,2459200.8703844915,59200.365324099999,19.9283295,0.126914382,0,zr,117.32126169999999,36.907764200000003,0.58099997,-0.120999999,20201217365324,663,0xf,0x1,20.9200001,26.0536423,0.0255463384,0.0769917816,6.70842974e-06,30,1.03100002,1
663215100001640,144638371,2459200.8887764937,59200.383715299999,19.8212624,0.116716951,0,zr,117.32128659999999,36.907718299999999,0.906000018,-0.0710000023,20201217383715,663,0xf,0x1,20.6900005,25.8775997,0.0259855557,0.0826804563,6.91839932e-06,30,1.01100004,2
663215100001640,144832193,2459202.8270752956,59202.321932899999,19.5539207,0.0945877731,0,zr,117.3213339,36.907738199999997,0.633000016,0.0209999997,20201219321933,663,0xf,0x1,20.7999992,26.2861118,0.0229439083,0.0885620564,5.44264685e-06,30,1.10699999,2
663215100001640,144841383,2459202.9189771269,59202.413830999998,19.9938984,0.133563399,0,zr,117.3212716,36.9077506,0.404000014,0.0900000036,20201219413565,663,0xf,0x1,21.0599995,26.2911205,0.0209638625,0.0882549807,4.52521363e-06,30,1.00100005,2
663215100001640,144928415,2459203.7893356425,59203.284155100002,20.0710564,0.141793758,0,zr,117.3211653,36.9078217,0.745999992,0.202000007,20201220284155,663,0xf,0x1,20.6499996,26.2653027,0.0250062086,0.0918989703,6.43856583e-06,30,1.23199999,2
663215100001640,144945217,2459203.9573629913,59203.452175899998,19.7762051,0.112662442,0,zr,117.32127,36.9078102,0.476999998,-0.0520000011,20201220452176,663,0xf,0x1,20.9200001,26.2874317,0.0229343511,0.0896446332,5.43055012e-06,30,1.03299999,1
663215100001640,144946428,2459203.9694699557,59203.464282399997,18.9625053,0.0596643798,0,zr,117.3212563,36.907787499999998,0.910000026,-0.0829999968,20201220464282,663,0xf,0x1,20.7999992,26.2868633,0.0252167787,0.0908228904,6.55870372e-06,30,1.05299997,2
663215100001640,145036513,2459204.8703606268,59204.365138900001,19.732563,0.108864971,0,zr,117.32128729999999,36.907819699999997,0.263000011,-0.00700000022,20201221365139,663,0xf,0x1,21.3600006,26.2880249,0.0207889117,0.0875937417,4.44572242e-06,30,1.01800001,2
663215100001640,145043384,2459204.9390668795,59204.433842600003,20.7652664,0.223829985,0,zr,117.32131680000001,36.907826300000004,0.995999992,0.0379999988,20201221433819,663,0xf,0x1,21.4400005,26.2775288,0.0207660105,0.0896896645,4.43039744e-06,30,1.01499999,2
663215100001640,145245759,2459206.9628887349,59206.457592600003,19.0179119,0.0622530878,32768,zr,117.32130549999999,36.907766700000003,0.333999991,-0.108999997,20201223457593,663,0xf,0x1,20.1900005,25.4520607,0.0340513475,0.0836140364,1.19225788e-05,30,1.05499995,2
663215100001640,145636211,2459210.8675343897,59210.362118099998,19.2251625,0.0730893984,0,zr,117.32126270000001,36.907762699999999,0.823000014,-0.0209999997,20201227362060,663,0xf,0x1,20.8299999,26.2974358,0.0244570039,0.0856087431,6.17378691e-06,30,1.00699997,1
663215100001640,146228991,2459216.7954701679,59216.289919000003,19.617281,0.0994252339,0,zr,117.3213477,36.9077859,0.234999999,0.0149999997,20210102289919,663,0xf,0x1,20.5400009,26.2761097,0.0246274825,0.0848472267,6.32337151e-06,30,1.09000003,2
663215100001640,146233576,2459216.8413158958,59216.335763900002,19.5148602,0.0917241871,0,zr,117.32146419999999,36.907917400000002,0.721000016,0.206,20210102335382,663,0xf,0x1,20.2099991,26.2707539,0.0333311781,0.098128207,1.16087585e-05,30,1.01499999,1
663215100001640,146335815,2459217.8637290145,59217.358159700001,19.4482059,0.0870397463,0,zr,117.3213157,36.907734400000002,0.850000024,-0.0680000037,20210103358113,663,0xf,0x1,20.8999996,26.281498,0.0226363465,0.0872395709,5.2717769e-06,30,1.00100005,2
663215100001640,146435115,2459218.8567418493,59218.3511574,19.6332588,0.100683644,0,zr,117.32140459999999,36.907799500000003,0.981000006,-0.00100000005,20210104351146,663,0xf,0x1,20.9799995,26.2866058,0.02665722,0.0844277367,7.54926987e-06,30,1.00199997,2
663215100001640,146440443,2459218.9100181111,59218.404432900003,19.2940102,0.0771258324,0,zr,117.321309,36.907789600000001,0.625,0.0469999984,20210104404433,663,0xf,0x1,21.0699997,26.2802906,0.0215372983,0.0846604928,4.7698004e-06,30,1.02400005,1
663215100001640,146448487,2459218.9904590161,59218.484872699999,19.1038857,0.0665196851,0,zr,117.3213777,36.907779099999999,0.595000029,0.0370000005,20210104484873,663,0xf,0x1,20.8099995,26.2600918,0.0218710732,0.0877249092,4.93188736e-06,30,1.24300003,2
663215100001640,146628113,2459220.786743416,59220.281134299999,19.9997253,0.134169519,0,zr,117.321324,36.907760699999997,0.896000028,0.194999993,20210106281123,663,0xf,0x1,20.7399998,26.2701073,0.0241756756,0.090220958,6.03071294e-06,30,1.08500004,2
663215100001640,146630885,2459220.814463635,59220.308854199997,19.5691872,0.0957312956,0,zr,117.32131149999999,36.907811199999998,0.922999978,-0.0130000003,20210106308854,663,0xf,0x1,21.2299995,26.277544,0.0210355408,0.0877400413,4.56229236e-06,30,1.03299999,1
663215100001640,146637701,2459220.8826240944,59220.377013899997,19.1324463,0.0680071265,32768,zr,117.32130429999999,36.907810599999998,0.637000024,0.192000002,20210106376632,663,0xf,0x1,19.8999996,25.7308216,0.0377712734,0.105386324,1.50931201e-05,30,1.005,3
663215100001640,146637748,2459220.8830986004,59220.377488400001,19.1608448,0.0695220903,32768,zr,117.3213159,36.907784999999997,0.527999997,0.0759999976,20210106377488,663,0xf,0x1,19.9500008,25.663229,0.034848392,0.100380428,1.25352681e-05,30,1.00600004,3
663215100001640,146637796,2459220.8835732061,59220.377962999999,18.9591599,0.059511926,32768,zr,117.3213092,36.907754099999998,0.958999991,-0.0460000001,20210106377963,663,0xf,0x1,20.0699997,25.6284771,0.0366021208,0.095793806,1.39705435e-05,30,1.00600004,3
663215100001640,146637842,2459220.8840361107,59220.378425900002,19.2223911,0.0729317591,32768,zr,117.3213013,36.907788500000002,0.88499999,-0.143000007,20210106378426,663,0xf,0x1,20.1299992,25.6557808,0.0347258411,0.0882420763,1.25214092e-05,30,1.00600004,3
663215100001640,146637890,2459220.8845107169,59220.3789005,18.9786911,0.0604079477,32768,zr,117.3213037,36.907732799999998,0.921000004,-0.230000004,20210106378900,663,0xf,0x1,19.9099998,25.4410076,0.0395458937,0.0853653997,1.67451781e-05,30,1.00600004,3
663215100001640,146724649,2459221.7521121833,59221.246493099999,20.5993595,0.206367731,0,zr,117.3212851,36.907837100000002,0.684000015,0.0130000003,20210107246493,663,0xf,0x1,21.1000004,26.2546501,0.0210239496,0.0872475356,4.545097e-06,30,1.18400002,2
663215100001640,146742061,2459221.9262341415,59221.420613399998,19.1666565,0.0698365867,0,zr,117.3212946,36.907725999999997,0.861000001,0.0329999998,20210107420613,663,0xf,0x1,20.9400005,26.2758923,0.0239352044,0.0889808685,5.94313633e-06,30,1.06299996,2
663215100001640,146826082,2459222.7664496857,59222.260821800002,18.8513374,0.0548272207,0,zr,117.32130909999999,36.907779400000003,1.01300001,0.00100000005,20210108260810,663,0xf,0x1,21.2700005,26.2855873,0.0202570558,0.0814413801,4.25583858e-06,30,1.125,2
663215100001640,146832233,2459222.8279663865,59222.322337999998,19.524128,0.092395626,0,zr,117.321327,36.907762499999997,0.973999977,-0.122000001,20210108322338,663,0xf,0x1,21.2900009,26.2805729,0.021166414,0.0902037024,4.60485671e-06,30,1.01199996,1
663215100001640,146929730,2459223.8029382797,59223.297303200001,19.7152214,0.107390754,0,zr,117.3213196,36.907747700000002,1.22800004,-0.0520000011,20210109297292,663,0xf,0x1,20.9899998,26.2756081,0.0203332324,0.0862683207,4.28781732e-06,30,1.03799999,2
663215100001640,146944321,2459223.9488535221,59223.443217599997,19.363224,0.0814217553,0,zr,117.3213757,36.907758100000002,0.788999975,-0.0790000036,20210109443218,663,0xf,0x1,20.8199997,26.2785378,0.0227293,0.0921546072,5.30346415e-06,30,1.13499999,2
663215100001640,147025462,2459224.7602696638,59224.2546296,20.9854374,0.247003794,0,zr,117.3213689,36.907681500000002,1.27499998,-0.296000004,20210110254630,663,0xf,0x1,21.1700001,26.2805729,0.0196841042,0.0875366479,3.99956571e-06,30,1.12699997,2
663215100001640,147029826,2459224.8039041711,59224.298263899997,19.6253128,0.100055896,0,zr,117.3213215,36.907777000000003,1.16799998,-0.0700000003,20210110298252,663,0xf,0x1,21.0200005,26.282711,0.0220081937,0.0910921916,4.94446977e-06,30,1.03299999,1
663215100001640,147029918,2459224.804830078,59224.299189799996,19.7212334,0.107899599,0,zr,117.3213377,36.907667699999998,1.02499998,-0.107000001,20210110299190,663,0xf,0x1,21.0200005,26.2856216,0.0216737073,0.0903017223,4.83966232e-06,30,1.03199995,2
663215100001640,147135622,2459225.8618708015,59225.356226900003,19.1596451,0.0694573298,0,zr,117.32138860000001,36.907868700000002,1.41999996,-0.215000004,20210111355845,663,0xf,0x1,20.6000004,26.2829113,0.0292827394,0.103723012,9.3756953e-06,30,1.00199997,2
663215100001640,147240061,2459226.9062589915,59226.400613400001,20.0083237,0.135068342,0,zr,117.321403,36.907896700000002,0.60799998,0.00100000005,20210112400602,663,0xf,0x1,20.5,26.2733803,0.0239552669,0.090945065,5.93891264e-06,30,1.051,1
663215100001640,147326614,2459227.7717913855,59227.2661458,20.437645,0.187155664,0,zr,117.3212431,36.907799099999998,1.09500003,0.0439999998,20210113266146,663,0xf,0x1,21.3600006,26.2238674,0.0214040875,0.0826151669,4.76185232e-06,30,1.07599998,2
663215100001640,147331790,2459227.8235506602,59227.317905099997,19.9201317,0.126104936,0,zr,117.3212936,36.907774400000001,1.12600005,-0.194999993,20210113317859,663,0xf,0x1,21.4500008,26.1605911,0.0217491835,0.0869278163,4.8858542e-06,30,1.00600004,2
663215100001640,147424533,2459228.7509796261,59228.245335599997,19.4662209,0.0882811919,0,zr,117.32132,36.907775000000001,0.699000001,-0.0309999995,20210114245324,663,0xf,0x1,21.25,26.2754097,0.0208394956,0.0860249698,4.48851506e-06,30,1.12300003,2
663215100001640,147432871,2459228.8343591443,59228.328715299998,20.4671211,0.191257209,0,zr,117.32140769999999,36.907746400000001,0.925999999,0.148000002,20210114328715,663,0xf,0x1,21.3799992,26.299469,0.0208984111,0.0781324729,4.52414179e-06,30,1.00100005,1
663215100001640,147444880,2459228.9544513836,59228.4488079,20.5968761,0.206106424,0,zr,117.3214284,36.9077433,1.12300003,-0.449000001,20210114448808,663,0xf,0x1,20.9400005,26.2419643,0.0212090295,0.0924990773,4.63879087e-06,30,1.204,2
663215100001640,147526646,2459229.7721105763,59229.266469900002,19.423872,0.0853912532,0,zr,117.3214433,36.907688200000003,0.82099998,0.194999993,20210115266377,663,0xf,0x1,20.2199993,26.2822418,0.0319365263,0.0874170363,1.04827159e-05,30,1.06400001,2
663215100001640,147624310,2459230.7487376803,59230.2431019,19.2761879,0.0760587752,0,zr,117.3212973,36.9078065,0.432000011,0.0219999999,20210116243102,663,0xf,0x1,21.3099995,26.2835464,0.0215418655,0.0839753821,4.75847219e-06,30,1.11300004,2
663215100001640,147628782,2459230.7934596334,59230.2878241,21.2069836,0.270322323,0,zr,117.3213203,36.907885399999998,0.317000002,-0.0199999996,20210116287812,663,0xf,0x1,21.3999996,26.279501,0.0210298039,0.0899827555,4.53476832e-06,30,1.02499998,1
663215100001640,147643505,2459230.9406925179,59230.435057900002,19.1679173,0.0699050426,0,zr,117.321326,36.907792600000001,0.685000002,-0.0670000017,20210116435058,663,0xf,0x1,20.9099998,26.2771664,0.0209371764,0.0876924396,4.52339054e-06,30,1.17200005,2
663215100001640,147730708,2459231.8127119327,59231.307083300002,19.2750816,0.0759930536,0,zr,117.3213495,36.907781800000002,0.999000013,-0.147,20210117307072,663,0xf,0x1,20.9899998,26.2624645,0.0218272489,0.092453368,4.90846332e-06,30,1.00600004,2
663215100001640,147736010,2459231.8657324226,59231.360104200001,18.7933273,0.0524816215,0,zr,117.3213229,36.907775700000002,0.838999987,0.0460000001,20210117360104,663,0xf,0x1,21.2600002,26.2846279,0.019419618,0.0872328728,3.9020988e-06,30,1.01499999,2
663215100001640,147830130,2459232.8069280908,59232.301307900001,20.8109741,0.228641033,0,zr,117.3211989,36.907803399999999,1.778,-0.280000001,20210118301308,663,0xf,0x1,21.5699997,26.289217,0.0198571701,0.083750762,4.06984555e-06,30,1.00800002,2
663215100001640,147832694,2459232.8325643544,59232.326944400003,19.4517097,0.0872797742,0,zr,117.3213112,36.907752799999997,1.42299998,-0.112999998,20210118326944,663,0xf,0x1,21.7099991,26.2817917,0.0235115532,0.0863190368,5.71511555e-06,30,1,1
663215100001640,147834856,2459232.8541845507,59232.348564799999,20.4085388,0.183171138,0,zr,117.3213974,36.907711200000001,0.462000012,0.0219999999,20210118348565,663,0xf,0x1,21.5699997,26.2926502,0.0214804634,0.0855882615,4.76844752e-06,30,1.00800002,2
663215100001640,147923704,2459233.7426592964,59233.2370486,19.8000889,0.114794597,0,zr,117.321265,36.907749899999999,0.681999981,0.0860000029,20210119236968,663,0xf,0x1,21.2900009,26.2654705,0.0205555707,0.0853668451,4.35587481e-06,30,1.10699999,2
663215100001640,147929153,2459233.7971495199,59233.291539400001,19.6532707,0.102282166,0,zr,117.32132300000001,36.907722200000002,1.102,-0.0240000002,20210119291539,663,0xf,0x1,21.3400002,26.2643929,0.0201216731,0.0898747146,4.14227497e-06,30,1.01300001,2
663215100001640,149424592,2459248.751186315,59248.245925900002,18.9216919,0.0578345098,0,zr,117.32128520000001,36.907777799999998,0.677999973,0.0520000011,20210203245926,663,0xf,0x1,21.1599998,26.2459869,0.0221377891,0.0864231363,5.05726939e-06,30,1.01699996,1
663215100001640,149621569,2459250.7208819254,59250.215694400002,19.9953613,0.133715317,0,zr,117.3213434,36.907811500000001,1.09200001,-0.00899999961,20210205215683,663,0xf,0x1,20.8299999,26.2816849,0.0237626415,0.0892800614,5.8090186e-06,30,1.051,1
663215100001640,149820238,2459252.7074922123,59252.202384299999,19.5786209,0.0964449123,0,zr,117.3213216,36.907769000000002,1.18799996,0.112999998,20210207202373,663,0xf,0x1,21.6499996,26.2870369,0.0222763736,0.0842578933,5.17717626e-06,30,1.06599998,1
663215100001640,150018751,2459254.692533927,59254.187511600001,21.1039066,0.259473085,0,zr,117.32127819999999,36.907803899999998,0.801999986,-0.287,20210209187500,663,0xf,0x1,21.5,26.2462273,0.02187174,0.0883464888,4.95301902e-06,30,1.08700001,1
663215100001640,150221501,2459256.719940424,59256.215011599998,19.768116,0.111949094,0,zr,117.32131339999999,36.907733899999997,0.930999994,-0.0790000036,20210211215012,663,0xf,0x1,21.6900005,26.253521,0.0229316801,0.0888538286,5.42956332e-06,30,1.02699995,1
663215100001640,150624803,2459260.7527573574,59260.248032399999,19.223875,0.0730160996,0,zr,117.32126909999999,36.907755899999998,0.927999973,0.0689999983,20210215247963,663,0xf,0x1,21.0599995,26.2359447,0.0220544785,0.0909242705,5.0239255e-06,30,1,1
663215100001640,150921719,2459263.7217593398,59263.2171991,19.1663895,0.0698221028,0,zr,117.3212022,36.9078892,0.93599999,0.0670000017,20210218217106,663,0xf,0x1,20.3400002,26.2966404,0.034139622,0.0963284746,1.20086715e-05,30,1.00699997,1
663215100001640,151121312,2459265.717567849,59265.213125000002,19.1699104,0.0700133741,0,zr,117.3213205,36.907786600000001,0.717000008,-0.0149999997,20210220213044,663,0xf,0x1,21.1700001,26.2953911,0.0225056596,0.0914783329,5.2249211e-06,30,1.00600004,1
663215100001640,151317591,2459267.6802367382,59267.175914400003,18.703846,0.0490877926,0,zr,117.321352,36.907752299999999,0.746999979,0.0179999992,20210222175903,663,0xf,0x1,20.3600006,26.297224,0.0267592631,0.0901634917,7.46592787e-06,30,1.03999996,1
663215100001640,151725929,2459271.7633502614,59271.259294000003,19.3841896,0.0827718452,0,zr,117.3212781,36.907845600000002,1.01100004,0.158000007,20210226259294,663,0xf,0x1,20.2600002,26.2866364,0.0274056941,0.0933769345,7.75838453e-06,30,1.02400005,1
663215100001640,152418405,2459278.6876118798,59278.184050900003,19.0625725,0.0644305795,0,zr,117.32127629999999,36.907760799999998,0.924000025,0.00300000003,20210305184051,663,0xf,0x1,21.0900002,26.2838078,0.0212116521,0.0914027095,4.60716228e-06,30,1.00300002,1
663215100001640,152720171,2459281.7050422356,59281.201713000002,19.4678917,0.0883972049,0,zr,117.32127370000001,36.907780700000004,0.739000022,-0.0909999982,20210308201632,663,0xf,0x1,20.6900005,26.0271873,0.0255573485,0.0935525596,6.72360829e-06,30,1.00199997,1
663215100001640,153721640,2459291.7189016989,59291.216400500001,19.1172199,0.0672097057,0,zr,117.32131870000001,36.907782099999999,0.702000022,0.00999999978,20210318216100,663,0xf,0x1,20.4599991,25.7663879,0.0285475515,0.0811570659,8.37408879e-06,30,1.03999996,1
663215100001640,153917652,2459293.6788579142,59293.176527800002,18.7650566,0.0513806418,0,zr,117.3213306,36.9077865,1.02600002,-0.00499999989,20210320176447,663,0xf,0x1,21.0100002,26.2862186,0.0214123912,0.0894766301,4.73148066e-06,30,1.005,1
663215100001640,154819260,2459302.6941188923,59302.192604199998,19.0688953,0.0647455901,0,zr,117.3213391,36.9078163,0.331999987,-0.0610000007,20210329192604,663,0xf,0x1,20.4699993,26.2610798,0.0274910871,0.0868517756,7.74893215e-06,30,1.04999995,1
663215100001640,155028886,2459304.7901854105,59304.2888657,19.3357792,0.0796889961,0,zr,117.3212669,36.907790599999998,1.18799996,-0.0909999982,20210331288866,663,0xf,0x1,20.0400009,26.1567383,0.0328217149,0.0945962593,1.11251056e-05,30,1.48699999,1
663215100001640,155321466,2459307.71570965,59307.214664400002,19.0360012,0.0631250814,0,zr,117.3213197,36.907768300000001,0.884000003,-0.0469999984,20210403214664,663,0xf,0x1,21.4500008,26.261116,0.0226766039,0.0886261165,5.31936394e-06,30,1.13699996,1
663215100001640,155522479,2459309.7256469731,59309.224791699999,19.3521652,0.0807188526,0,zr,117.3213081,36.907781,1.68799996,-0.0480000004,20210405224792,663,0xf,0x1,21.0799999,26.1482067,0.0226240437,0.0833075494,5.26163149e-06,30,1.19299996,1
663215100001640,155715790,2459311.6585769136,59311.157905100001,19.0929909,0.065961659,0,zr,117.32134499999999,36.9077676,1.125,-0.148000002,20210407157870,663,0xf,0x1,20.8199997,25.9751167,0.0229531601,0.0821354315,5.43755186e-06,30,1.03400004,1
663215100001640,155919399,2459313.6944710012,59313.193993100002,18.9680004,0.0599156432,0,zr,117.3212837,36.9077451,1.12300003,-0.0599999987,20210409193981,663,0xf,0x1,20.9400005,26.1859303,0.0218559522,0.0856968313,4.98884719e-06,30,1.12399995,1
663215100001640,156116203,2459315.6623271294,59315.162037000002,20.5991039,0.20634079,0,zr,117.321292,36.907712199999999,0.596000016,0.0920000002,20210411162037,663,0xf,0x1,21.3099995,26.1663704,0.0276677832,0.0851477012,7.92387345e-06,30,1.05900002,1
663215100001640,156316253,2459317.6626338004,59317.162534700001,19.2969933,0.0773059502,0,zr,117.3212939,36.907786100000003,0.721000016,-0.0549999997,20210413162535,663,0xf,0x1,21.5799999,26.269062,0.0211669914,0.0847252831,4.63055676e-06,30,1.07099998,1
663215100001640,158220253,2459336.7008523704,59336.202534700002,19.0067463,0.0617215186,0,zr,117.3213118,36.9077798,0.841000021,-0.0710000023,20210502202535,663,0xf,0x1,20.6499996,26.2015133,0.0241572745,0.0972875357,6.02176078e-06,30,1.495,1
663215100001640,160817402,2459362.6702580927,59362.1740278,20.0384712,0.138263673,0,zr,117.32128179999999,36.907778999999998,0.907000005,-0.126000002,20210528174005,663,0xf,0x1,20.5699997,26.1719952,0.0262795445,0.0994306654,7.19625496e-06,30,2.00200009,2
663215100001640,160817498,2459362.6712186285,59362.174988400002,19.8037224,0.115122333,0,zr,117.3213276,36.907753700000001,0.540000021,-0.107000001,20210528174965,663,0xf,0x1,20.6399994,26.1642246,0.0253816824,0.0944128707,6.6147004e-06,30,2.01900005,2
663215100001640,160817596,2459362.6721907654,59362.175960599998,19.8838806,0.122583099,0,zr,117.32138620000001,36.907836000000003,1.13399994,0.122000001,20210528175937,663,0xf,0x1,20.5300007,26.1563663,0.0256998334,0.0961542502,6.81549636e-06,30,2.03500009,2
663215100001640,160817692,2459362.6731513906,59362.176921300001,20.0798798,0.142763451,0,zr,117.3212616,36.907702800000003,1.48199999,0.449999988,20210528176910,663,0xf,0x1,20.5400009,26.1533566,0.0258745775,0.0980037227,6.8589643e-06,30,2.05200005,2
663215100001640,160917402,2459363.6701905257,59363.1740278,19.0386944,0.0632560998,0,zr,117.3213301,36.907766500000001,1.86800003,0.123000003,20210529174005,663,0xf,0x1,20.4899998,26.1612206,0.0268052239,0.0929431245,7.36984202e-06,30,2.04900002,2
663215100001640,160917500,2459363.6711626574,59363.175000000003,19.0042152,0.0616016686,0,zr,117.3212879,36.9078272,0.772000015,0.0410000011,20210529174977,663,0xf,0x1,20.4500008,26.1637039,0.0279525649,0.0981349349,8.06042135e-06,30,2.06699991,2
663215100001640,160917596,2459363.6721231891,59363.175960599998,19.2962036,0.0772582591,0,zr,117.32124260000001,36.907780700000004,0.458999991,-0.0890000015,20210529175949,663,0xf,0x1,20.5,26.1547546,0.0258201696,0.0999277011,6.85403393e-06,30,2.08400011,2
663215100001640,160917693,2459363.6730954312,59363.176932900002,19.4105129,0.0845000073,0,zr,117.3213825,36.9077804,0.750999987,-0.00600000005,20210529176910,663,0xf,0x1,20.4699993,26.1720505,0.0277795475,0.0948262885,7.90503145e-06,30,2.102,2
663215100001640,160917789,2459363.67405596,59363.177893499997,19.3701019,0.0818620771,0,zr,117.3212839,36.907815599999999,0.47299999,0.0189999994,20210529177882,663,0xf,0x1,20.5599995,26.1646233,0.0257278662,0.0964986086,6.79953473e-06,30,2.11999989,2
663215100001640,161316444,2459367.6603489397,59367.164444399998,19.258934,0.0750405863,0,zr,117.3213579,36.907766500000001,0.404000014,-0.0390000008,20210602164444,663,0xf,0x1,19.9799995,26.0146179,0.0344157405,0.0960806683,1.22239144e-05,30,2.07299995,2
663215100001640,161316685,2459367.6627562861,59367.166851900001,19.4099464,0.0844623595,0,zr,117.3213275,36.907841400000002,1.20799994,0.208000004,20210602166852,663,0xf,0x1,20.0799999,25.9365349,0.03355873,0.093035914,1.16206165e-05,30,2.11800003,2
663215100001640,161416732,2459368.663169011,59368.167326399998,19.1747818,0.0702788681,0,zr,117.3212711,36.907786700000003,0.635999978,0.0839999989,20210603167326,663,0xf,0x1,19.8199997,26.0722942,0.0354749411,0.0977064073,1.3088681e-05,30,2.18099999,2
663215100001640,161416973,2459368.6655762615,59368.169733800001,19.8180428,0.116422646,0,zr,117.3213054,36.907604200000002,0.360000014,-0.0769999996,20210603169734,663,0xf,0x1,20.1399994,26.0645275,0.0311618373,0.0946857706,1.00212128e-05,30,2.23099995,2
663215100001640,161417214,2459368.6679835157,59368.172141199997,18.958498,0.0594818406,0,zr,117.3213437,36.907767900000003,1.04100001,0.0399999991,20210603172141,663,0xf,0x1,20.2800007,26.0548401,0.0304144695,0.0931686386,9.47658646e-06,30,2.28299999,2
663215100001640,161417454,2459368.6703907661,59368.1745486,19.3565788,0.0809985846,0,zr,117.321347,36.907754799999999,0.453999996,0.0769999996,20210603174549,663,0xf,0x1,20.2299995,26.0539856,0.0295337774,0.0945422128,9.01039675e-06,30,2.33800006,2
663215100001640,161516539,2459369.6611757078,59369.165393499999,19.9689655,0.130998179,0,zr,117.32120089999999,36.9078947,0.451000005,0.0579999983,20210604165394,663,0xf,0x1,19.9099998,26.1185417,0.037264239,0.0923943147,1.43636553e-05,30,2.19700003,2
663215100001640,161516778,2459369.6635714658,59369.167789400002,19.988018,0.13295427,0,zr,117.3212843,36.907812499999999,0.462000012,-0.143000007,20210604167778,663,0xf,0x1,20.0300007,26.104496,0.0338455997,0.0994718596,1.17600302e-05,30,2.24699998,2
663215100001640,161517016,2459369.6659439094,59369.170162000002,20.3003826,0.168942928,0,zr,117.3210709,36.907790400000003,0.836000025,-0.160999998,20210604170162,663,0xf,0x1,20.3299999,26.0828094,0.0310459025,0.100730091,9.87631847e-06,30,2.29999995,2
663215100001640,161517255,2459369.6683396772,59369.172557899998,18.939455,0.0586230531,0,zr,117.3213331,36.907762300000002,0.526000023,-0.0529999994,20210604172558,663,0xf,0x1,20.3999996,26.074749,0.0290138368,0.0999368504,8.64531557e-06,30,2.35599995,2
663215100001640,161517447,2459369.6702608601,59369.174479200003,19.3078575,0.0779658407,0,zr,117.32133039999999,36.907779300000001,0.625,0.0680000037,20210604174479,663,0xf,0x1,20.4400005,26.0692177,0.0266852975,0.0993146077,7.34945797e-06,30,2.40300012,2
663215100001640,161617549,2459370.6712200325,59370.175497700002,19.4963455,0.0903977454,0,zr,117.32132230000001,36.907854700000001,0.51700002,-0.143000007,20210605175486,663,0xf,0x1,20,26.0656872,0.0342458822,0.10023731,1.22148604e-05,30,2.49900007,2
663215100001640,161916855,2459373.6641057539,59373.168553199997,19.0406971,0.063353695,0,zr,117.3213693,36.907819600000003,0.462000012,-0.0649999976,20210608168553,663,0xf,0x1,19.4500008,26.0991116,0.0428683721,0.0971652344,2.07700632e-05,30,2.53399992,2
663215100001640,161917090,2459373.666455212,59373.170902799997,19.3021545,0.0776187181,0,zr,117.32117479999999,36.907728599999999,0.531000018,-0.0130000003,20210608170891,663,0xf,0x1,19.6900005,26.0915985,0.0374809355,0.100800246,1.48067229e-05,30,2.5999999,2
663215100001640,161917325,2459373.6688045892,59373.173252300003,19.3403149,0.0799726844,0,zr,117.32130189999999,36.907890299999998,0.720000029,-0.307999998,20210608173252,663,0xf,0x1,19.75,26.0857353,0.0372960828,0.100772299,1.45251488e-05,30,2.671,2
663215100001640,169250483,2459447.0004011076,59446.504838000001,19.9581947,0.129903987,0,zr,117.32166119999999,36.907800199999997,0.934000015,-0.179000005,20210820504826,663,0xf,0x1,19.9699993,25.9516907,0.0403014757,0.096885547,1.65621532e-05,30,2.64100003,1
663215100001640,169250719,2459447.002762347,59446.5071991,19.060688,0.0643370077,0,zr,117.3214237,36.907694800000002,1.03199995,-0.181999996,20210820507199,663,0xf,0x1,19.9400005,25.9551373,0.0364247784,0.100855812,1.36331837e-05,30,2.5710001,1
663215100001640,169250957,2459447.0051351916,59446.509571800001,19.0862236,0.065617606,0,zr,117.3211534,36.9076904,0.628000021,-0.112999998,20210820509560,663,0xf,0x1,19.4599991,25.9716969,0.0429557264,0.0956773534,2.13739786e-05,30,2.50600004,1
663215100001640,169550616,2459450.0019035293,59449.506169,19.1394043,0.0683749691,0,zr,117.3212219,36.907614100000004,0.535000026,-0.00400000019,20210823506169,663,0xf,0x1,19.1299992,25.8381939,0.0413141474,0.0988355353,2.49427612e-05,30,2.38199997,1
663215100001640,169650303,2459450.9988263929,59450.503032400004,19.1522274,0.0690585449,0,zr,117.3213619,36.907700900000002,0.319000006,-0.0390000008,20210824503032,663,0xf,0x1,19.2399998,25.9568233,0.0408660509,0.0980589911,2.19425128e-05,30,2.39199996,1
663215100001640,169650543,2459451.0012339246,59450.505439799999,19.3838539,0.082750015,0,zr,117.3215421,36.907478599999997,0.92900002,-0.323000014,20210824505440,663,0xf,0x1,19.5499992,25.9905014,0.0394103117,0.091433838,1.69744981e-05,30,2.33500004,1
663215100001640,169650783,2459451.0036298754,59450.507835600001,19.4864082,0.0896938816,0,zr,117.3217118,36.907840899999997,0.404000014,-0.0810000002,20210824507836,663,0xf,0x1,19.6200008,25.9840565,0.0380555093,0.0997800231,1.56445785e-05,30,2.27999997,1
663215100001640,169750270,2459451.998563183,59451.502708300002,19.7760296,0.112646952,0,zr,117.32136939999999,36.907869599999998,0.493000001,-0.0670000017,20210825502697,663,0xf,0x1,19.8600006,26.1178131,0.0350851975,0.0857819542,1.24666358e-05,30,2.33500004,1
663215100001640,169750511,2459452.0009707306,59451.505115699998,19.231163,0.0734321102,0,zr,117.3213755,36.907784300000003,0.864000022,-0.137999997,20210825505116,663,0xf,0x1,20.1000004,26.1249561,0.0312656164,0.0915207192,9.91037905e-06,30,2.27999997,1
663215100001640,169750751,2459452.0033667726,59451.507511600001,19.4717293,0.0886644199,0,zr,117.321444,36.907647300000001,0.617999971,0.00999999978,20210825507500,663,0xf,0x1,20.0599995,26.1345615,0.0309472885,0.0866575539,9.73115311e-06,30,2.22799993,1
663215100001640,169850518,2459453.0011023693,59452.505185200003,19.2452049,0.074240759,0,zr,117.321517,36.907715500000002,1.35000002,-0.075000003,20210826505174,663,0xf,0x1,20.0900002,26.1380825,0.029561162,0.0793260112,8.88555132e-06,30,2.2190001,1
663215100001640,169850754,2459453.0034636301,59452.507546300003,19.2825966,0.0764406845,0,zr,117.3213458,36.907774000000003,0.620999992,0.111000001,20210826507546,663,0xf,0x1,20.3500004,26.1014824,0.0436374396,0.0891555697,1.93246178e-05,30,2.171,1
663215100001640,169850991,2459453.0058364803,59452.509918999996,19.2341022,0.0736006349,32768,zr,117.32135270000001,36.9077403,0.658999979,0.115999997,20210826509907,663,0xf,0x1,19.8400002,25.9050045,0.0974872038,0.0805969164,0.000101708916,30,2.12400007,1
663215100001640,169851465,2459453.0105705708,59452.514652799997,19.5910454,0.0973928273,0,zr,117.3215599,36.907709199999999,0.537,-0.0430000015,20210826514641,663,0xf,0x1,19.8299999,26.1490097,0.0339929648,0.0830035955,1.189866e-05,30,2.03800011,1
663215100001640,169950457,2459454.0005523013,59453.504571799996,19.6017323,0.0982156694,0,zr,117.3213947,36.9077749,0.588999987,0.157000005,20210827504572,663,0xf,0x1,20.3899994,26.1774578,0.0299483687,0.0915919915,9.1297361e-06,30,2.17600012,1
663215100001640,169950694,2459454.0029250644,59453.506944399996,19.6878948,0.105107091,0,zr,117.3212331,36.907793400000003,0.593999982,0.122000001,20210827506944,663,0xf,0x1,20.2999992,26.1806412,0.0294348374,0.091193758,8.80904827e-06,30,2.12899995,1
663215100001640,169950930,2459454.0052864179,59453.509305599997,19.6073322,0.0986496583,0,zr,117.3212602,36.907837299999997,0.291000009,0.0219999999,20210827509306,663,0xf,0x1,20.2099991,26.1810951,0.0311322045,0.0904112905,9.90822991e-06,30,2.08500004,1
663215100001640,169951167,2459454.0076591605,59453.511678199997,19.3091049,0.0780419409,0,zr,117.3214112,36.9077232,0.330000013,0.0439999998,20210827511667,663,0xf,0x1,19.9899998,26.1839027,0.0354362652,0.0903518349,1.27434496e-05,30,2.04200006,1
663215100001640,170549484,2459459.991234208,59459.494849499999,19.7298584,0.108633719,0,zr,117.3212705,36.907775800000003,1.18499994,-0.158000007,20210902494838,663,0xf,0x1,20.8600006,26.1768284,0.0242957678,0.0882873386,6.0015027e-06,30,2.04999995,1
663215100001640,170549737,2459459.9937575855,59459.497372700003,19.9585876,0.129943818,0,zr,117.32133229999999,36.9077597,0.717999995,0.0500000007,20210902497350,663,0xf,0x1,20.8500004,26.1725807,0.0220548175,0.0943848565,4.96801067e-06,30,2.00699997,1
663215100001640,170549988,2459459.9962693644,59459.499884299999,19.7728062,0.112362169,0,zr,117.321337,36.9077172,1.79700005,0.270000011,20210902499873,663,0xf,0x1,20.8899994,26.1748219,0.0217626579,0.0919698551,4.83753502e-06,30,1.96500003,1
663215100001640,170550240,2459459.9987926474,59459.502407400003,19.7702675,0.112138435,0,zr,117.321319,36.907743799999999,1.02999997,0.167999998,20210902502384,663,0xf,0x1,21.0100002,26.1793041,0.0215529632,0.0938488618,4.75955585e-06,30,1.92499995,1
663215100001640,170649613,2459460.9925905289,59460.496134300003,18.955677,0.0593537539,0,zr,117.3213291,36.907790300000002,1.09899998,-0.130999997,20210903496123,663,0xf,0x1,20.8999996,26.1826191,0.0241045859,0.0883363783,5.95283745e-06,30,1.98099995,1
663215100001640,170649865,2459460.9951138147,59460.4986574,19.3222847,0.0788512379,0,zr,117.32127629999999,36.907761100000002,0.555000007,0.111000001,20210903498657,663,0xf,0x1,20.8600006,26.1823311,0.0230431873,0.0934372693,5.45750709e-06,30,1.94099998,1
663215100001640,170650120,2459460.9976603016,59460.501203699998,19.5803127,0.0965734273,0,zr,117.3212628,36.907766899999999,0.911000013,-0.0350000001,20210903501192,663,0xf,0x1,20.9599991,26.183382,0.0238884948,0.0940956101,5.84594363e-06,30,1.90199995,1
663215100001640,170650373,2459461.0001951838,59460.503738400002,19.4667397,0.0883171931,0,zr,117.3213167,36.907768900000001,0.497000009,-0.0149999997,20210903503738,663,0xf,0x1,20.9799995,26.1998272,0.0216776505,0.0892421454,4.82016458e-06,30,1.86500001,1
663215100001640,170650627,2459461.0027300669,59460.5062731,19.8755035,0.121782489,0,zr,117.32133159999999,36.907750499999999,0.621999979,0.130999997,20210903506273,663,0xf,0x1,20.9500008,26.1926308,0.0220985767,0.0892994404,4.96845314e-06,30,1.829,1
663215100001640,170749517,2459461.9917022702,59461.4951736,18.8979454,0.0567990169,0,zr,117.3212925,36.907747800000003,0.851999998,-0.0729999989,20210904495174,663,0xf,0x1,21.0900002,26.1837635,0.0210118238,0.092424795,4.50910193e-06,30,1.95299995,1
663215100001640,170749770,2459461.9942371584,59461.497708299998,19.0263805,0.062659651,0,zr,117.32129089999999,36.907763299999999,0.538999975,-0.0780000016,20210904497708,663,0xf,0x1,21.1399994,26.1912651,0.0213942882,0.0932715312,4.69467022e-06,30,1.91400003,1
663215100001640,170750024,2459461.9967721459,59461.500243100003,18.9514027,0.0591602102,0,zr,117.3212906,36.907755999999999,0.412999988,0.00100000005,20210904500243,663,0xf,0x1,21.0699997,26.1912994,0.0222435836,0.0920863152,5.05942535e-06,30,1.87600005,1
663215100001640,170750277,2459461.9993070322,59461.5027778,18.909153,0.0572850667,0,zr,117.3213217,36.907764800000002,0.913999975,0.0109999999,20210904502778,663,0xf,0x1,21.1299992,26.1990566,0.0206118114,0.0904517248,4.32690877e-06,30,1.84000003,1
663215100001640,170750532,2459462.0018535187,59461.505324099999,19.115757,0.0671335757,0,zr,117.3213422,36.907744200000003,0.592999995,0.0469999984,20210904505312,663,0xf,0x1,21.1100006,26.2007504,0.0234359521,0.0903282911,5.59956288e-06,30,1.80499995,1
663215100001640,170849687,2459462.9934773673,59462.496874999997,19.4285297,0.0857042596,0,zr,117.32135150000001,36.907792499999999,0.898000002,-0.120999999,20210905496875,663,0xf,0x1,21.1499996,26.1744003,0.0226883776,0.0931255817,5.27013663e-06,30,1.88499999,1
663215100001640,170849938,2459462.9959891541,59462.4993866,19.2821198,0.0764122009,0,zr,117.3213626,36.907767999999997,1.03799999,-0.116999999,20210905499387,663,0xf,0x1,21.1299992,26.1800232,0.0235254243,0.0895247385,5.6564777e-06,30,1.84899998,1
663215100001640,170850190,2459462.9985124469,59462.501909699997,18.8318195,0.0540248081,0,zr,117.3213061,36.907763899999999,0.414000005,0.0189999994,20210905501898,663,0xf,0x1,21.2299995,26.1866226,0.0250165556,0.0884467363,6.35301512e-06,30,1.81500006,1
663215100001640,170850442,2459463.001024236,59462.5044213,18.9815369,0.0605397448,0,zr,117.32129759999999,36.9077646,1.153,-0.0920000002,20210905504410,663,0xf,0x1,21.2099991,26.1873989,0.0224324577,0.0925854445,5.12693123e-06,30,1.78100002,1
663215100001640,170850693,2459463.0035360223,59462.506932900003,19.2298679,0.0733580366,0,zr,117.3213399,36.907768699999998,0.819000006,-0.112999998,20210905506933,663,0xf,0x1,21.1399994,26.1908436,0.022598397,0.0901416093,5.18854722e-06,30,1.75,1
663215100001640,171747179,2459471.9691004208,59471.471793999997,19.251976,0.0746340826,0,zr,117.3213203,36.907754500000003,0.879999995,-0.0799999982,20210914471782,663,0xf,0x1,20.9099998,25.9023914,0.0236128382,0.0990299582,5.73082252e-06,30,1.89300001,1
663215100001640,172950390,2459484.0022521978,59483.5039005,19.2494278,0.0744858384,0,zr,117.321342,36.907756200000001,0.603999972,-0.0179999992,20210926503900,663,0xf,0x1,20.7299995,26.1735992,0.0244181622,0.0871341899,6.07808261e-06,30,1.29700005,1
663215100001640,173544539,2459489.9442927069,59489.445393499998,19.0796394,0.0652847737,0,zr,117.3212769,36.907765900000001,0.709999979,0.0909999982,20211002445347,663,0xf,0x1,20.75,26.0399265,0.0239491276,0.0944446474,5.94566654e-06,30,1.61300004,1
663215100001640,174246445,2459496.9640190075,59496.464456000002,20.3527222,0.17571418,0,zr,117.32144289999999,36.907792800000003,0.839999974,-0.140000001,20211009464456,663,0xf,0x1,21.1299992,26.2532177,0.0203913208,0.0875046104,4.30338378e-06,30,1.31900001,1
663215100001640,174448835,2459498.9881130075,59498.488356499998,19.1218147,0.0674492568,0,zr,117.32128710000001,36.907786600000001,0.671999991,-0.0149999997,20211011488356,663,0xf,0x1,21.1299992,26.2560711,0.0196543708,0.087888591,3.99483906e-06,30,1.17999995,2
663215100001640,174650302,2459501.0029703695,59500.503020800003,19.0097771,0.061865285,0,zr,117.3213116,36.907749799999998,0.671999991,0.061999999,20211013503021,663,0xf,0x1,21.3099995,26.2670803,0.0199020579,0.0843766257,4.08157348e-06,30,1.11399996,1
663215100001640,174937225,2459503.8724816451,59503.372256900002,18.7117367,0.0493765585,0,zr,117.3214468,36.907787399999997,1.01800001,0.0179999992,20211016372257,663,0xf,0x1,19.7600002,26.1606331,0.0353007093,0.0924507007,1.28663305e-05,30,2.09500003,1
663215100001640,175048347,2459504.9838036471,59504.483472200001,19.6380596,0.101064913,32768,zr,117.32135,36.907745900000002,0.866999984,-0.0659999996,20211017483461,663,0xf,0x1,20.9500008,25.8356876,0.0358033329,0.084761478,1.31256265e-05,30,1.13999999,2
663215100001640,175544987,2459509.9506792543,59509.449872700003,19.470808,0.0886001885,0,zr,117.32135,36.907724399999999,0.284000009,-0.0140000004,20211022449861,663,0xf,0x1,20.7099991,26.2822113,0.02419471,0.0872488841,6.01210468e-06,30,1.21399999,1
663215100001640,175740245,2459511.9034459493,59511.4024537,19.3483467,0.0804776475,0,zr,117.32128040000001,36.9077372,0.458000004,0.107000001,20211024402442,663,0xf,0x1,20.1399994,26.2526836,0.0269657932,0.0939311683,7.90413105e-06,30,1.46099997,1
663215100001640,176450917,2459519.0108372103,59518.509178200002,19.6175728,0.0994481072,0,zr,117.32130840000001,36.907783299999998,0.550999999,0.0500000007,20211031509167,663,0xf,0x1,21.7399998,26.2871819,0.0204749722,0.085721761,4.31356375e-06,30,1.01400006,1
663215100001640,176834165,2459522.8436649209,59522.341655099997,19.7900982,0.113898061,0,zr,117.32127490000001,36.907765599999998,1.26499999,0.00400000019,20211104341655,663,0xf,0x1,21.2000008,26.2283401,0.0231952351,0.0880568773,5.58664669e-06,30,1.76800001,1
663215100001640,177044745,2459524.9496530294,59524.447453699999,20.8547344,0.233246803,0,zr,117.32128729999999,36.907812,1.00999999,-0.170000002,20211106447454,663,0xf,0x1,21.4699993,26.2963676,0.0217035133,0.0805734098,4.83967051e-06,30,1.08800006,1
663215100001640,177248959,2459526.9919753107,59526.489594899998,19.0584774,0.0642274693,0,zr,117.32128760000001,36.907766899999999,0.837000012,0.126000002,20211108489583,663,0xf,0x1,21.3899994,26.2940083,0.0199452024,0.0846924707,4.10964731e-06,30,1.01199996,1
663215100001640,177536319,2459529.8658246654,59529.363194400001,19.4399242,0.0864750743,0,zr,117.3213568,36.9077293,0.75999999,-0.0309999995,20211111363102,663,0xf,0x1,20.8400002,26.2643185,0.0242420267,0.0928562656,6.05085506e-06,30,1.38900006,1
663215100001640,177742171,2459531.9245185289,59531.421713000003,21.039732,0.252718449,0,zr,117.3214021,36.907745499999997,0.725000024,0.061999999,20211113421701,663,0xf,0x1,21.4099998,26.2933483,0.0209387727,0.0864875093,4.49773279e-06,30,1.10399997,1
663215100001640,178248666,2459536.9898883528,59536.486666700002,19.1504307,0.068962343,0,zr,117.32131870000001,36.907772399999999,1.26699996,0.0700000003,20211118486609,663,0xf,0x1,20.8799992,26.2949944,0.02416634,0.0891220272,5.92194601e-06,30,1,1
663215100001640,178430584,2459538.8092102329,59538.305844900002,19.5237179,0.0923658162,0,zr,117.3214273,36.907766000000002,0.702000022,-0.0810000002,20211120305833,663,0xf,0x1,20.2299995,26.222002,0.0266657714,0.0888979733,7.35677168e-06,30,1.67499995,1
663215100001640,179637122,2459550.8754577301,59550.371226900003,19.6926155,0.105498143,0,zr,117.321275,36.907769600000002,0.660000026,-0.0350000001,20211202371192,663,0xf,0x1,21.4599991,26.2912312,0.0203363467,0.0789813623,4.21761706e-06,30,1.10099995,1
663215100001640,187532848,2459629.8329946441,59629.328483800004,19.9452858,0.128603905,0,zr,117.32142709999999,36.907660999999997,0.644999981,0.00100000005,20220219328472,663,0xf,0x1,20.5100002,26.2858028,0.0260198098,0.0796115771,7.00949386e-06,30,1.12399995,1
663215100001640,188216350,2459636.6675874456,59636.163506899997,20.3653622,0.177381396,0,zr,117.3213196,36.907716999999998,0.586000025,0.0109999999,20220226163426,663,0xf,0x1,21.3099995,26.2676868,0.0218483862,0.0826003775,4.8924021e-06,30,1.04400003,1
663215100001640,188624098,2459640.7447805526,59640.240983800002,20.585886,0.204949617,0,zr,117.3212295,36.907840200000003,0.757000029,0.0780000016,20220302240972,663,0xf,0x1,21.3600006,26.2904625,0.0201165192,0.0773828179,4.18986747e-06,30,1.01499999,1
663215100001640,191818146,2459672.6825423436,59672.181469900002,20.1269226,0.148033187,0,zr,117.3213099,36.907731599999998,0.629000008,0.064000003,20220403181458,663,0xf,0x1,21.4400005,26.1171856,0.0236723218,0.081810385,5.78970048e-06,30,1.05299997,1
663215100001640,192216538,2459676.6660771007,59676.165381899998,19.5141125,0.0916702598,0,zr,117.32127939999999,36.907777600000003,0.626999974,-0.147,20220407165359,663,0xf,0x1,20.7700005,26.2133045,0.0228694212,0.0920192152,5.41021018e-06,30,1.04400003,1
663215100001640,192621800,2459680.7183183511,59680.218009299999,18.8390141,0.0543190427,0,zr,117.3214273,36.907697499999998,1.07099998,-0.105999999,20220411217998,663,0xf,0x1,19.1299992,26.0172386,0.0393351205,0.102480114,2.21588434e-05,30,1.23099995,1
663215100001640,192916002,2459683.6600514208,59683.160023099997,19.8210869,0.116700925,0,zr,117.3212552,36.907749799999998,1.051,0.0120000001,20220414160012,663,0xf,0x1,20.6299992,26.2422466,0.0236868896,0.0889472663,5.80583583e-06,30,1.07000005,1
663215100001640,193316386,2459687.663512737,59687.1638657,19.6186523,0.0995326862,0,zr,117.32133640000001,36.9077731,0.727999985,0.0439999998,20220418163866,663,0xf,0x1,20.8600006,26.2100487,0.0238867719,0.088078782,5.92195784e-06,30,1.10599995,1
663215100001640,193517847,2459689.6779281949,59689.178472200001,19.8188515,0.116496563,0,zr,117.3214677,36.907771799999999,0.880999982,0.0529999994,20220420178461,663,0xf,0x1,20.4799995,26.1981411,0.0282667018,0.0942065269,8.27096392e-06,30,1.16999996,1
663215100001640,194318013,2459697.6788463104,59697.180138900003,19.2260323,0.0731389821,0,zr,117.32129569999999,36.907755700000003,0.411000013,0.0500000007,20220428180127,663,0xf,0x1,21.0499992,26.1623726,0.0216554925,0.0858291388,4.8427346e-06,30,1.27199996,1
663215100001640,197117254,2459725.6689329832,59725.172546299997,20.1793652,0.154108033,0,zr,117.32149769999999,36.9077275,1.11500001,-0.00600000005,20220526172535,663,0xf,0x1,20.5599995,26.0932655,0.028499471,0.0992859527,8.39650875e-06,30,1.88199997,2
663215100001640,197117348,2459725.6698703971,59725.173483799997,20.0438347,0.138839334,0,zr,117.321189,36.907800799999997,0.763000011,-0.0390000008,20220526173484,663,0xf,0x1,20.5699997,26.0957355,0.0281484127,0.0997245088,8.17892851e-06,30,1.89600003,2
663215100001640,197117443,2459725.6708194423,59725.174432899999,20.179512,0.154125467,0,zr,117.3214006,36.907827400000002,0.851000011,0.155000001,20220526174421,663,0xf,0x1,20.5300007,26.0933914,0.0275034029,0.0984843746,7.84158874e-06,30,1.90999997,2
663215100001640,197117537,2459725.6717568659,59725.1753704,20.1624985,0.152131185,0,zr,117.32125499999999,36.907838099999999,0.462000012,-0.0489999987,20220526175370,663,0xf,0x1,20.5100002,26.0923882,0.0303978212,0.0971225649,9.51935635e-06,30,1.92499995,2
663215100001640,197217266,2459726.6689785342,59726.172661999997,19.7924767,0.114110857,0,zr,117.3212929,36.907762599999998,0.561999977,-0.0839999989,20220527172662,663,0xf,0x1,20.9699993,26.157444,0.0270450916,0.091735132,7.48676848e-06,30,1.92499995,2
663215100001640,197217361,2459726.669927571,59726.173611099999,19.5894356,0.0972695127,0,zr,117.3213499,36.907783299999998,1.52499998,-0.184,20220527173600,663,0xf,0x1,20.9799995,26.1543808,0.0260622986,0.094747141,6.96240113e-06,30,1.94000006,2
663215100001640,197217454,2459726.670865004,59726.1745486,19.9595299,0.130039155,0,zr,117.3213413,36.907755600000002,0.725000024,0.050999999,20220527174549,663,0xf,0x1,20.9799995,26.1584835,0.0270898547,0.0941897556,7.54753728e-06,30,1.95500004,2
663215100001640,197217549,2459726.6718140366,59726.175497700002,20.3096085,0.170120701,0,zr,117.32133,36.907795499999999,0.330000013,-0.0189999994,20220527175486,663,0xf,0x1,20.8299999,26.1565399,0.0266436879,0.0907635391,7.27882798e-06,30,1.97000003,2
663215100001640,197217643,2459726.6727514658,59726.176435200003,19.9163952,0.125737533,0,zr,117.32125360000001,36.907776300000002,0.351000011,-0.0189999994,20220527176435,663,0xf,0x1,20.9200001,26.155323,0.0269419178,0.0958681405,7.4488089e-06,30,1.98500001,2
663215100001640,197716530,2459731.6612841622,59731.1653009,19.7520924,0.110548705,0,zr,117.32138500000001,36.907835499999997,0.239999995,-0.151999995,20220601165301,663,0xf,0x1,19.8500004,26.0932789,0.0355307534,0.0938869789,1.30882381e-05,30,2.02800012,2
663215100001640,197717004,2459731.6660292582,59731.170046300002,19.4356365,0.0861841887,0,zr,117.3214578,36.907709400000002,0.365999997,-0.0549999997,20220601170035,663,0xf,0x1,20.0300007,26.079731,0.031517677,0.0965280384,1.01815021e-05,30,2.11299992,2
663215100001640,197717240,2459731.6683901954,59731.172407400001,19.3507004,0.0806262121,0,zr,117.3212844,36.907772799999996,0.717000008,-0.180999994,20220601172407,663,0xf,0x1,20,26.0767517,0.0330661424,0.105724603,1.13261749e-05,30,2.15899992,2
663215100001640,197717478,2459731.6707627391,59731.174780100002,19.5611038,0.0951240584,0,zr,117.3212292,36.907844900000001,0.377999991,0.101000004,20220601174780,663,0xf,0x1,20.0799999,26.0680809,0.0328113437,0.101003073,1.11743075e-05,30,2.20700002,2
663215100001640,197817146,2459732.6673895158,59732.1714699,20.1365662,0.149134427,0,zr,117.3212293,36.907737900000001,0.796000004,-0.280000001,20220602171458,663,0xf,0x1,20.3500004,26.0935917,0.0290242881,0.0913010314,8.73991303e-06,30,2.19499993,2
663215100001640,197817385,2459732.6697736681,59732.173854200002,19.3941269,0.0834198818,0,zr,117.32129519999999,36.907751099999999,1.00300002,-0.0610000007,20220602173843,663,0xf,0x1,20.2700005,26.0780582,0.030330589,0.0945493728,9.48884735e-06,30,2.24499989,2
663215100001640,198216621,2459736.661894598,59736.1662153,19.4239159,0.0853942111,0,zr,117.3212705,36.907711900000002,0.558000028,-0.175999999,20220606166215,663,0xf,0x1,19.8600006,26.1330719,0.033771418,0.0967572704,1.19119795e-05,30,2.31900001,2
663215100001640,198216863,2459736.664313456,59736.168634299996,20.0741844,0.142136842,0,zr,117.3212659,36.907731200000001,0.505999982,-0.407000005,20220606168634,663,0xf,0x1,19.8099995,26.1282539,0.0353019983,0.0953125954,1.29162681e-05,30,2.37599993,2
663215100001640,198217105,2459736.6667322167,59736.1710532,19.721653,0.107935198,0,zr,117.32129639999999,36.907827500000003,0.351000011,-0.00200000009,20220606171053,663,0xf,0x1,20.0200005,26.1196518,0.0342707783,0.102901645,1.20634777e-05,30,2.43600011,2
663215100001640,198217348,2459736.6691626799,59736.173483799997,19.605917,0.0985397398,0,zr,117.3214186,36.907782300000001,0.600000024,-0.151999995,20220606173472,663,0xf,0x1,19.9899998,26.119854,0.0343853347,0.0995402187,1.21819976e-05,30,2.49900007,2
663215100001640,198217590,2459736.6715815337,59736.175902800001,19.749073,0.110286713,0,zr,117.3213373,36.907787800000001,1.03999996,-0.433999985,20220606175903,663,0xf,0x1,19.9400005,26.1219482,0.03372363,0.0986083895,1.17054124e-05,30,2.56699991,2
663215100001640,198316664,2459737.6622657678,59737.166643500001,19.6911564,0.10537713,0,zr,117.3212173,36.90766,0.559000015,-0.522000015,20220607166632,663,0xf,0x1,19.3999996,26.1450157,0.0408292189,0.0957393274,1.96471174e-05,30,2.39400005,2
663215100001640,198316906,2459737.6646846416,59737.169062499997,19.5833321,0.0968032703,0,zr,117.3214478,36.907750900000003,0.686999977,-0.150000006,20220607169062,663,0xf,0x1,19.6399994,26.1280823,0.0353131518,0.0992964581,1.30523649e-05,30,2.45499992,2
663215100001640,198317148,2459737.6671034992,59737.171481500001,19.3685379,0.0817617178,0,zr,117.3213453,36.907888700000001,1.02100003,-0.286000013,20220607171481,663,0xf,0x1,19.6900005,26.1262283,0.0402189121,0.0986342207,1.68355946e-05,30,2.51999998,2
663215100001640,198317633,2459737.6719527203,59737.176331000002,19.6513634,0.102128744,0,zr,117.3213514,36.907794500000001,1.01699996,-0.549000025,20220607176331,663,0xf,0x1,19.6900005,26.1069603,0.0378134623,0.101393603,1.49487005e-05,30,2.66000009,2
663215100001640,198416945,2459738.6650223862,59738.169456000003,18.5057659,0.0424589254,0,zr,117.32086769999999,36.9077348,0.63499999,0.524999976,20220608169456,663,0xf,0x1,18.4899998,26.0393677,0.0423630252,0.105831742,4.34535468e-05,30,2.53900003,2
663215100001640,205850181,2459812.9974213014,59812.501817099997,20.0054493,0.134767383,0,zr,117.3215131,36.907839899999999,1.23800004,-0.316000015,20220821501817,663,0xf,0x1,20.3099995,26.0342999,0.0405306742,0.095177412,1.68879797e-05,30,2.67199993,1
663215100001640,205850655,2459813.0021553794,59812.506550899998,19.9397316,0.128048107,0,zr,117.3212686,36.9077415,0.800999999,-0.130999997,20220821506551,663,0xf,0x1,20.2199993,26.0526237,0.0284563303,0.0865913257,8.35706305e-06,30,2.53299999,1
663215100001640,205950193,2459813.9975939025,59813.501932899999,19.2520256,0.0746369958,0,zr,117.3212182,36.907736399999997,0.948000014,-0.0430000015,20220822501921,663,0xf,0x1,20.25,26.0100269,0.0315005518,0.089513354,1.01482328e-05,30,2.58599997,1
663215100001640,205950432,2459813.9999898402,59813.504328700001,19.307766,0.0779602379,0,zr,117.32131459999999,36.907799500000003,1.01300001,0.0579999983,20220822504329,663,0xf,0x1,20.2099991,26.0157852,0.0310095474,0.0975758135,9.86776831e-06,30,2.51900005,1
663215100001640,205950673,2459814.0023973789,59813.506736099996,19.4383812,0.0863702372,0,zr,117.3213059,36.907721100000003,0.5,0.00499999989,20220822506725,663,0xf,0x1,20.1299992,26.0364227,0.0350164659,0.0890443549,1.26054465e-05,30,2.45499992,1
663215100001640,205951153,2459814.0072009605,59813.511539400002,19.5462036,0.0940149128,0,zr,117.32135049999999,36.907799599999997,0.643999994,0.0879999995,20220822511528,663,0xf,0x1,19.5900002,26.0522671,0.0402534455,0.0920865387,1.74491688e-05,30,2.33599997,1
663215100001640,206050349,2459814.9992145752,59814.5034954,18.8111973,0.0531916246,0,zr,117.3213537,36.907787800000001,0.663999975,0.0240000002,20220823503495,663,0xf,0x1,20.2399998,26.0520039,0.0294512343,0.0894393399,8.88770592e-06,30,2.46799994,1
663215100001640,206050590,2459815.0016221181,59814.505902800003,19.1369114,0.0682429522,0,zr,117.3213001,36.907690500000001,0.769999981,-0.116999999,20220823505903,663,0xf,0x1,20.0799999,26.0448761,0.0342084765,0.0952567309,1.2003301e-05,30,2.40700006,1
663215100001640,206050831,2459815.0040296665,59814.508310199999,19.4303646,0.0858278871,0,zr,117.321209,36.907698600000003,0.232999995,-0.0120000001,20220823508299,663,0xf,0x1,20.0100002,26.0663605,0.0309075527,0.0946901217,9.80601271e-06,30,2.34800005,1
663215100001640,206051070,2459815.0064256061,59814.510706000001,19.4063644,0.0842251927,0,zr,117.32137760000001,36.907830699999998,0.702000022,-0.131999999,20220823510706,663,0xf,0x1,19.6100006,26.0833607,0.0377499536,0.0887280107,1.5092437e-05,30,2.29299998,1
663215100001640,206150487,2459816.0006513293,59815.504872700003,18.9206066,0.0577866957,0,zr,117.321325,36.907802099999998,0.577000022,0.0820000023,20220824504873,663,0xf,0x1,20.4200001,26.0314484,0.0345127098,0.0868631154,1.21099392e-05,30,2.36500001,1
663215100001640,206150726,2459816.0030472795,59815.507268499998,19.4897594,0.0899306163,0,zr,117.3212667,36.907845700000003,0.921999991,0.172000006,20220824507268,663,0xf,0x1,20.3700008,26.0457096,0.0287607759,0.0857861117,8.56364841e-06,30,2.30900002,1
663215100001640,206150967,2459816.0054548169,59815.509675900001,18.900341,0.0569024906,0,zr,117.32140939999999,36.907747800000003,0.319999993,-0.00700000022,20220824509676,663,0xf,0x1,20.1700001,26.0491982,0.0325290598,0.0850155503,1.08447439e-05,30,2.25500011,1
663215100001640,206151207,2459816.0078508682,59815.512071800003,19.1009388,0.0663682297,0,zr,117.32129329999999,36.907737900000001,0.59799999,0.0790000036,20220824512072,663,0xf,0x1,19.9300003,26.0568848,0.0343446061,0.0935745835,1.2198584e-05,30,2.204,1
663215100001640,206250502,2459817.0008623726,59816.505023099999,19.5533466,0.0945449993,0,zr,117.3213571,36.907749600000002,1.12100005,-0.211999997,20220825505012,663,0xf,0x1,20.5900002,26.0589924,0.0279381797,0.0867752135,8.05111722e-06,30,2.2980001,1
663215100001640,206250741,2459817.003258422,59816.507419000001,19.6824512,0.104657955,0,zr,117.3213621,36.907770399999997,0.606999993,-0.189999998,20220825507419,663,0xf,0x1,20.4300003,26.0620956,0.0270764139,0.088236548,7.57005455e-06,30,2.24499989,1
663215100001640,206250982,2459817.0056659849,59816.509826399997,19.3110695,0.0781620219,32768,zr,117.3211792,36.907893600000001,0.800999999,0.127000004,20220825509826,663,0xf,0x1,20.1700001,26.0897446,0.0545850173,0.0756674334,3.0755662e-05,30,2.19400001,1
663215100001640,206251223,2459817.0080735236,59816.5122338,19.1097012,0.0668196306,0,zr,117.3212553,36.907670899999999,0.231000006,0.0160000008,20220825512222,663,0xf,0x1,19.8899994,26.0913525,0.0357771777,0.084502548,1.3335557e-05,30,2.14599991,1
663215100001640,206251464,2459817.0104810772,59816.514641200003,19.2164993,0.072597675,0,zr,117.3212296,36.907746199999998,0.565999985,0.188999996,20220825514630,663,0xf,0x1,19.6800003,26.1041946,0.0354130827,0.0903905109,1.3346782e-05,30,2.0999999,1
663215100001640,206350331,2459817.9992112522,59817.503310200002,19.8411903,0.118554331,0,zr,117.3212985,36.907710999999999,0.584999979,-0.223000005,20220826503299,663,0xf,0x1,20.6900005,26.0082359,0.0244310386,0.0891050994,6.14036935e-06,30,2.2750001,1
663215100001640,206350570,2459818.0016072094,59817.505706000004,19.766428,0.111800775,0,zr,117.32121619999999,36.907746400000001,0.954999983,-0.160999998,20220826505706,663,0xf,0x1,20.6800003,26.0264931,0.0249270722,0.0912094787,6.43893236e-06,30,2.22300005,1
663215100001640,206351052,2459818.0064223069,59817.510520800002,19.3434753,0.0801709592,0,zr,117.3213854,36.907746099999997,0.51700002,-0.103,20220826510521,663,0xf,0x1,20.0799999,26.0405788,0.0323089734,0.0837817565,1.08102813e-05,30,2.12700009,1
663215100001640,206351292,2459818.0088298661,59817.512928199998,19.2052422,0.0719639882,0,zr,117.3213367,36.907862100000003,0.546000004,0.064000003,20220826512917,663,0xf,0x1,19.9699993,26.0583572,0.0324625187,0.0877247006,1.10023802e-05,30,2.08100009,1
663215100001640,206450623,2459819.0022027618,59818.506238399998,19.622364,0.0998238847,0,zr,117.32129279999999,36.9077974,0.649999976,0.00300000003,20220827506227,663,0xf,0x1,20.6900005,26.1315613,0.0232844483,0.0863610059,5.58234842e-06,30,2.15700006,1
663215100001640,206450861,2459819.0045756153,59818.508611099998,19.795681,0.114398181,0,zr,117.3212741,36.907766299999999,0.388999999,-0.0710000023,20220827508600,663,0xf,0x1,20.5900002,26.1408997,0.0253345091,0.0894177705,6.58264707e-06,30,2.11100006,1
663215100001640,206451097,2459819.0069368687,59818.510972199998,19.495472,0.0903356373,0,zr,117.3212829,36.907798800000002,0.497999996,0.0689999983,20220827510972,663,0xf,0x1,20.25,26.1447124,0.0288936123,0.0862560645,8.58283147e-06,30,2.06699991,1
663215100001640,206451334,2459819.0093097198,59818.513344899999,19.6156502,0.0992976874,0,zr,117.3212621,36.907693500000001,1.15799999,-0.48300001,20220827513345,663,0xf,0x1,20.0300007,26.1519089,0.0404988937,0.0882412344,1.69685245e-05,30,2.02600002,1
663215100001640,207049454,2459824.9909156468,59824.4945486,19.0793743,0.0652713701,0,zr,117.3213528,36.907753599999999,0.762000024,-0.00800000038,20220902494537,663,0xf,0x1,20.9099998,26.0831757,0.0225041844,0.0977843404,5.26117492e-06,30,2.06800008,1
663215100001640,207049707,2459824.9934390276,59824.497071799997,19.3109779,0.0781564787,0,zr,117.32134840000001,36.907755100000003,0.384000003,0.0340000018,20220902497049,663,0xf,0x1,20.9899998,26.092844,0.0228456389,0.089742057,5.37613005e-06,30,2.02399993,1
663215100001640,207049958,2459824.995950711,59824.499583299999,19.0294571,0.062808089,0,zr,117.3213104,36.907790800000001,0.400000006,-0.0329999998,20220902499572,663,0xf,0x1,20.8700008,26.0972786,0.0220827255,0.0899675414,5.03366755e-06,30,1.98199999,1
663215100001640,207050210,2459824.998474088,59824.502106499996,19.1994762,0.071641691,0,zr,117.3213543,36.907749000000003,0.296999991,0.0270000007,20220902502095,663,0xf,0x1,20.9799995,26.1073647,0.0224156473,0.0868668556,5.17925309e-06,30,1.94099998,1
663215100001640,207050462,2459825.0009973757,59824.5046296,19.7132816,0.107226975,0,zr,117.32123439999999,36.907764200000003,0.550000012,0.0460000001,20220902504606,663,0xf,0x1,20.9300003,26.1092014,0.022553768,0.0891815573,5.24532425e-06,30,1.90199995,1
663215100001640,207149670,2459825.9931397922,59825.496701399999,19.4085121,0.084367305,0,zr,117.32130429999999,36.907797100000003,0.862999976,-0.0130000003,20220903496690,663,0xf,0x1,20.8099995,26.0655346,0.0330189727,0.0997635275,1.12914759e-05,30,1.98399997,1
663215100001640,207149923,2459825.9956746767,59825.499236099997,19.4415665,0.0865866989,0,zr,117.3212983,36.907795900000004,1.245,-0.075000003,20220903499225,663,0xf,0x1,20.8099995,26.1046238,0.0252253637,0.0976687744,6.62345337e-06,30,1.94299996,1
663215100001640,207150177,2459825.9982095589,59825.501770800001,19.728756,0.108539596,0,zr,117.3213097,36.907740199999999,0.550000012,0.0410000011,20220903501759,663,0xf,0x1,20.5499992,26.1118336,0.0341467261,0.104634449,1.20239119e-05,30,1.90400004,1
663215100001640,207150430,2459826.000744544,59825.504305599999,19.2945061,0.077155754,0,zr,117.32128779999999,36.907731800000001,0.878000021,-0.0869999975,20220903504294,663,0xf,0x1,20.6800003,26.1226196,0.0243382063,0.0942598954,6.12938493e-06,30,1.86699998,1
663215100001640,207150684,2459826.0032794327,59825.506840299997,19.6897945,0.105264328,0,zr,117.3212242,36.907758800000003,0.757000029,0.133000001,20220903506840,663,0xf,0x1,20.6900005,26.1219292,0.0240335856,0.0947917998,5.9797303e-06,30,1.83099997,1
663215100001640,207349582,2459827.9924056898,59827.495821800003,19.8326321,0.117761955,0,zr,117.3212556,36.907758600000001,0.995999992,-0.0649999976,20220905495810,663,0xf,0x1,20.7999992,26.114584,0.0227257814,0.0886087641,5.32012655e-06,30,1.91199994,1
663215100001640,207349833,2459827.9949173783,59827.498333299998,19.76227,0.111436218,0,zr,117.3212408,36.907740599999997,0.720000029,-0.0199999996,20220905498322,663,0xf,0x1,20.7600002,26.1162567,0.0243843552,0.0903948694,6.14029841e-06,30,1.875,1
663215100001640,207350084,2459827.9974291651,59827.500844900002,19.4367256,0.0862579271,0,zr,117.3212755,36.907776499999997,0.531000018,-0.0960000008,20220905500833,663,0xf,0x1,20.8799992,26.1257477,0.0220728572,0.0850567594,5.04748186e-06,30,1.83899999,1
663215100001640,207350336,2459827.9999525505,59827.503368099999,20.2662392,0.16464144,0,zr,117.3213138,36.907746099999997,0.588999987,0.0549999997,20220905503357,663,0xf,0x1,20.8999996,26.131279,0.0222913995,0.0848417655,5.21404399e-06,30,1.80499995,1
663215100001640,207350587,2459828.0024642348,59827.505879600001,19.641861,0.101367675,0,zr,117.32135719999999,36.907708399999997,0.990999997,0.00499999989,20220905505880,663,0xf,0x1,20.9300003,26.1329193,0.0223536771,0.08611615,5.19446394e-06,30,1.77199996,1
663215100001640,207449798,2459828.994644484,59828.497986100003,19.2332478,0.0735515878,0,zr,117.3212868,36.907796900000001,1.50199997,0.111000001,20220906497975,663,0xf,0x1,20.7900009,26.1234093,0.0381999053,0.0922536924,1.50710284e-05,30,1.84099996,1
663215100001640,207450543,2459829.0020987513,59828.505439799999,19.6176796,0.0994565114,0,zr,117.3211907,36.907678799999999,0.513999999,-0.00300000003,20220906505417,663,0xf,0x1,20.6800003,26.1409111,0.0385299325,0.0869928747,1.53842993e-05,30,1.74300003,1
663215100001640,207450791,2459829.0045758286,59828.5079167,20.2130604,0.158123672,0,zr,117.3214141,36.907769600000002,0.800000012,-0.0780000016,20220906507905,663,0xf,0x1,20.7700005,26.1413097,0.0279341787,0.0917898118,8.08909681e-06,30,1.71399999,1
663215100001640,209247296,2459846.9711088594,59846.472963,19.6831951,0.104719222,0,zr,117.32133109999999,36.907775000000001,1.07000005,-0.0340000018,20220924472963,663,0xf,0x1,21.1900005,26.222374,0.0223372374,0.0896965489,5.14766452e-06,30,1.56400001,1
663215100001640,209449430,2459848.9926335188,59848.494305599997,20.0146637,0.135734901,0,zr,117.32127699999999,36.907767200000002,1.00399995,-0.0120000001,20220926494294,663,0xf,0x1,21.2299995,26.2290134,0.0211060587,0.084062621,4.58370778e-06,30,1.35699999,1
663215100001640,209945378,2459853.952568152,59853.453784700003,19.2921562,0.0770141035,0,zr,117.3212667,36.907759300000002,0.773000002,0.00999999978,20221001453785,663,0xf,0x1,21.6299992,26.2272797,0.0218440164,0.0894037187,4.87660964e-06,30,1.56500006,1
663215100001640,210249733,2459856.9964061775,59856.497338000001,19.3675499,0.08169844,0,zr,117.3212877,36.907744800000003,1.23899996,-0.0370000005,20221004497326,663,0xf,0x1,21.5599995,26.2492714,0.0235949438,0.0864196643,5.76252978e-06,30,1.22500002,1
663215100001640,210448850,2459858.9877629578,59858.488506900001,19.8101959,0.115708411,0,zr,117.32131870000001,36.907761899999997,1.27699995,-0.0199999996,20221006488507,663,0xf,0x1,21.4099998,26.2368774,0.0190135259,0.0843963698,3.73852708e-06,30,1.24000001,1
663215100001640,210645532,2459860.9547667489,59860.455324100003,19.3441963,0.0802162811,0,zr,117.32134569999999,36.907775100000002,1.46200001,-0.0649999976,20221008455324,663,0xf,0x1,20.8299999,26.2184105,0.0241967328,0.0917887166,6.03110584e-06,30,1.398,1
663215100001640,210849260,2459862.9922410436,59862.492604200001,19.3066673,0.0778932869,0,zr,117.3213574,36.907741100000003,0.515999973,-0.0130000003,20221010492604,663,0xf,0x1,20.6299992,26.2503834,0.0223332718,0.0818260685,5.16318232e-06,30,1.17700005,1
663215100001640,211150278,2459866.0027142917,59865.502789400001,20.9448643,0.242733479,0,zr,117.321417,36.9079908,0.773000002,-0.219999999,20221013502766,663,0xf,0x1,20.9699993,26.2585831,0.0228630602,0.0863536522,5.46178217e-06,30,1.11600006,1
663215100001640,211340478,2459867.9048873312,59867.404780099998,19.6386909,0.101115078,0,zr,117.32141129999999,36.907718899999999,1.09000003,-0.0970000029,20221015404768,663,0xf,0x1,20.0599995,26.1142807,0.0316670947,0.0911349356,1.03483035e-05,30,1.67499995,1
663215100001640,211742597,2459871.9264652235,59871.425972199999,19.5021744,0.0908132643,0,zr,117.32126479999999,36.907723599999997,1.69700003,0.0399999991,20221019425949,663,0xf,0x1,20.3199997,26.237606,0.0367629714,0.0821254998,1.39701324e-05,30,1.39400005,1
663215100001640,212048660,2459874.9873946127,59874.486608799998,20.9992523,0.248457909,0,zr,117.3214262,36.907795399999998,0.541000009,-0.0460000001,20221022486574,663,0xf,0x1,21.1900005,26.2639046,0.0198096968,0.0798246413,4.03567356e-06,30,1.09399998,1
663215100001640,212448495,2459878.9861193071,59878.484953699997,19.743988,0.109846964,0,zr,117.3213142,36.907763699999997,0.675000012,0.0390000008,20221026484942,663,0xf,0x1,21.3099995,26.2636452,0.0211858526,0.0857799202,4.62443404e-06,30,1.07200003,1
663215100001640,213346222,2459887.9642200288,59887.462222200003,20.1818657,0.154403046,32768,zr,117.32123439999999,36.907750900000003,0.508000016,-0.074000001,20221104462222,663,0xf,0x1,21.1599998,26.2582626,0.0202776715,0.0876895413,4.24623477e-06,30,1.06799996,1
663215100001640,213544774,2459889.9499195968,59889.447743099998,20.3994999,0.181947142,0,zr,117.3212953,36.907949700000003,0.903999984,-0.187000006,20221106447708,663,0xf,0x1,20.5400009,26.2664452,0.0233054552,0.0822212175,5.60652279e-06,30,1.08899999,1
663215100001640,214942659,2459903.9299522215,59903.426597199999,19.8272953,0.117270343,0,zr,117.3213073,36.907766799999997,0.731000006,-0.0439999998,20221120426597,663,0xf,0x1,21.2700005,26.2717667,0.0204113182,0.0881639421,4.31835906e-06,30,1.05200005,1
663215100001640,215640365,2459910.9075339627,59910.403657399998,19.6939888,0.105612181,0,zr,117.3213519,36.907781800000002,0.894999981,0.160999998,20221127403646,663,0xf,0x1,21.1900005,26.2715588,0.021009624,0.092955783,4.57420902e-06,30,1.05999994,1
663215100001640,216040356,2459914.9077156577,59914.403564799999,20.9544182,0.24373889,0,zr,117.3214286,36.907716200000003,0.667999983,-0.00700000022,20221201403553,663,0xf,0x1,21.2199993,26.2827606,0.0196732618,0.0838985741,3.99258761e-06,30,1.04100001,1
663215100001640,217633711,2459930.8421546533,59930.337118099997,21.0150089,0.250116348,0,zr,117.3213233,36.907787300000003,1.14100003,-0.0670000017,20221217337118,663,0xf,0x1,21.1900005,26.2539196,0.0227153525,0.089782998,5.32409649e-06,30,1.08500004,1
663215100001640,218131009,2459935.8153304164,59935.310092599997,20.5759583,0.203904629,0,zr,117.32132300000001,36.907781399999998,0.846000016,0.0109999999,20221222310093,663,0xf,0x1,21.3299999,26.1614475,0.0224569011,0.0884849504,5.22526898e-06,30,1.12100005,1
663215100001640,221531245,2459969.8179782173,59969.312453699997,20.7354889,0.220695972,0,zr,117.3211632,36.907856700000004,0.55400002,0.0820000023,20230125312303,663,0xf,0x1,20.9200001,26.2744827,0.0234594438,0.0963980779,5.64087168e-06,30,1,1
663215100001640,227715833,2460031.659991086,60031.158333300002,21.2750626,0.277487993,0,zr,117.32136079999999,36.9076582,0.479000002,-0.224000007,20230328158333,663,0xf,0x1,21.0499992,26.2550049,0.0223839115,0.0899578854,5.17134595e-06,30,1.00600004,1
663215100001640,229519511,2460049.6950702514,60049.1951157,20.9779739,0.246218204,0,zr,117.3213008,36.907777400000001,0.740999997,-0.254000008,20230415195116,663,0xf,0x1,21.3500004,26.1872272,0.0221586246,0.0895950645,5.05983189e-06,30,1.17799997,1
663215100001640,230120407,2460055.7034574039,60055.204074100002,20.5675125,0.203015804,0,zr,117.3213303,36.907472499999997,0.481999993,-0.184,20230421204051,663,0xf,0x1,20.6700001,26.2126713,0.0249448437,0.0887829363,6.45591081e-06,30,1.29299998,1
663215100001640,230318528,2460057.6844858993,60057.185289399997,20.866684,0.2345047,0,zr,117.32128609999999,36.907677399999997,0.894999981,-0.377999991,20230423185243,663,0xf,0x1,21.2000008,26.2151604,0.0281219184,0.0857402086,8.12448252e-06,30,1.22800004,1
663215100001640,243849842,2460192.9949906375,60192.498425899998,20.9799709,0.24642849,0,zr,117.3213968,36.907871299999996,0.532999992,-0.204999998,20230905498426,663,0xf,0x1,20.7999992,26.1883926,0.0229818821,0.0872483477,5.47915351e-06,30,1.88300002,1
663215100001640,245950201,2460214.0003193021,60213.502013899997,20.9852829,0.246987581,0,zr,117.3211975,36.907620299999998,0.735000014,-0.153999999,20230926501991,663,0xf,0x1,21.2999992,26.2497921,0.0192146823,0.0868954957,3.84474242e-06,30,1.31500006,1
663215100001640,247849700,2460232.9970938843,60232.497002299999,20.0686035,0.141525447,0,zr,117.3213221,36.9077579,0.680999994,-0.0170000009,20231015496991,663,0xf,0x1,21.2900009,26.2642937,0.0203874689,0.0861087665,4.29361398e-06,30,1.11899996,1
663215100001640,248249364,2460236.9941209527,60236.493645800001,19.2364597,0.0737360269,0,zr,117.3213722,36.907734599999998,0.660000026,-0.00899999961,20231019493634,663,0xf,0x1,21.1100006,26.2651749,0.01977841,0.0852253288,4.03758031e-06,30,1.09800005,1
663215100001640,248449006,2460238.9907356971,60238.490069400003,20.9492836,0.243198633,0,zr,117.3212789,36.907802799999999,0.700999975,0.237000003,20231021490069,663,0xf,0x1,21.3199997,26.269968,0.0191234555,0.0784972683,3.78057325e-06,30,1.09399998,1
663215100001640,248742959,2460241.9305413761,60241.429594900001,18.8841019,0.056205038,0,zr,117.3213681,36.907795700000001,1.32599998,0.0419999994,20231024429595,663,0xf,0x1,20.3899994,26.2273331,0.0267859735,0.0861747935,7.46693286e-06,30,1.29299998,1
663215100001640,249449241,2460248.9940290451,60248.492419000002,19.5852203,0.0969472602,0,zr,117.3213141,36.907817700000003,0.806999981,-0.023,20231031492407,663,0xf,0x1,20.1100006,26.2846546,0.0297753084,0.0870235562,9.18477235e-06,30,1.03499997,1
663215100001640,249948656,2460253.9886293947,60253.486562500002,19.3237915,0.078944318,0,zr,117.3213061,36.907778800000003,0.495000005,-0.0649999976,20231105486562,663,0xf,0x1,21.25,26.273428,0.0234103184,0.0893482566,5.69544181e-06,30,1.02499998,1
663215100001640,250350957,2460258.0119966147,60257.509571800001,19.2233868,0.0729883462,0,zr,117.3210614,36.907843999999997,0.621999979,0.00600000005,20231109509572,663,0xf,0x1,20.1100006,26.264473,0.0331345201,0.0997768119,1.13586193e-05,30,1.00100005,1
663215100001640,250545769,2460259.9602910401,60259.457696799996,19.4524288,0.0873291045,0,zr,117.3213798,36.907759300000002,1.39400005,0.136999995,20231111457662,663,0xf,0x1,21.0300007,26.2566242,0.0215875767,0.0926104411,4.7982976e-06,30,1.04299998,1
663215100001640,250744216,2460261.9449283741,60261.442164400003,21.0209637,0.250743151,0,zr,117.3213743,36.907719999999998,1.23599994,0.0700000003,20231113442164,663,0xf,0x1,21.4400005,26.2373161,0.0217947178,0.0896856785,4.9059181e-06,30,1.05999994,1
663215100001640,253443225,2460288.9369389596,60288.4322569,19.3632698,0.0814246461,0,zr,117.3212541,36.907745200000001,0.735000014,0.0120000001,20231210432188,663,0xf,0x1,21.1000004,26.2530556,0.0211781133,0.0950305834,4.63862943e-06,30,1,1
663215100001640,253838412,2460292.8893547207,60292.384120399998,19.3169785,0.0785243735,32768,zr,117.3213602,36.9077755,0.79400003,-0.0610000007,20231214384109,663,0xf,0x1,21.0499992,27.4527149,0.0186920948,0.0945802703,3.61072466e-06,90,1.01999998,1
663215100001640,253944603,2460293.9513156512,60293.4460301,19.2215405,0.0728833973,32768,zr,117.3212972,36.907759300000002,0.472000003,-0.061999999,20231215446007,663,0xf,0x1,20.3999996,26.9893646,0.0243232027,0.093445763,6.18022341e-06,90,1.00999999,1
663215100001640,256126918,2460315.7747899387,60315.269189799998,19.6745358,0.104008175,0,zr,117.3213385,36.9077634,0.77700001,-0.00300000003,20240106269178,663,0xf,0x1,21.1900005,26.2381535,0.0216811392,0.0925810784,4.88835394e-06,30,1.12300003,1
663215100001640,256825903,2460322.7646852043,60322.2590394,19.1670303,0.0698568895,0,zr,117.3212276,36.907677,1.13499999,-0.0399999991,20240113259039,663,0xf,0x1,20.3199997,26.2515736,0.026880566,0.09277042,7.46726528e-06,30,1.09800005,1
663215100001640,257025693,2460324.7625764078,60324.256932900003,20.374094,0.178540736,0,zr,117.32125910000001,36.907726699999998,0.841000021,-0.243000001,20240115256933,663,0xf,0x1,21.1900005,26.2467899,0.0215826072,0.0937434211,4.82142832e-06,30,1.09000003,1
663215100001640,257239497,2460326.9006104092,60326.394976900003,19.5376053,0.0933808014,0,zr,117.3212961,36.907771799999999,0.619000018,-0.057,20240117394919,663,0xf,0x1,21.2700005,26.1642342,0.0206006076,0.0889505148,4.39648147e-06,30,1.06200004,1
663215100001640,258635085,2460340.8562365421,60340.350856500001,19.1980171,0.0715603754,0,zr,117.3212997,36.907775200000003,1.12399995,-0.111000001,20240131350845,663,0xf,0x1,21.1399994,26.2418003,0.0224284623,0.0866975486,5.27736074e-06,30,1.051,1
663215100001640,259730164,2460351.8066047104,60351.301643500003,19.8733902,0.121581279,0,zr,117.3213212,36.907779400000003,1.20899999,-0.00100000005,20240211301620,663,0xf,0x1,21.0300007,26.2538242,0.0227242038,0.09011399,5.35887057e-06,30,1.023,2
663215100001640,259825048,2460352.7554023964,60352.250486099998,20.0509644,0.139607698,0,zr,117.3212839,36.907761600000001,0.765999973,0.0120000001,20240212250451,663,0xf,0x1,21.4300003,26.2523975,0.0211318024,0.0868233517,4.64632421e-06,30,1.00100005,1
663215100001640,260025854,2460354.7633586051,60354.258541700001,20.131731,0.148581415,0,zr,117.32130770000001,36.907829499999998,0.708000004,-0.0160000008,20240214258519,663,0xf,0x1,21.3199997,26.1723957,0.023930423,0.0910616294,5.93646382e-06,30,1,1
663215100001640,260330064,2460357.8053035191,60357.300648099997,19.8682251,0.121090837,0,zr,117.321338,36.907781999999997,1.01600003,0.160999998,20240217300637,663,0xf,0x1,21.1900005,26.2619858,0.0220778808,0.0863680169,5.06838614e-06,30,1.04499996,1
663215100001640,261427314,2460368.7771197525,60368.273148100001,19.7345009,0.109030865,0,zr,117.321333,36.907754500000003,0.597000003,-0.0700000003,20240228273148,663,0xf,0x1,20.8400002,26.2122078,0.023849098,0.0914298296,5.94804987e-06,30,1.04900002,1
663215100001640,262026807,2460374.771616336,60374.268078699999,18.9299049,0.0581975728,0,zr,117.3213348,36.907740099999998,0.760999978,0.0419999994,20240305268079,663,0xf,0x1,21.1399994,26.0383892,0.0236311667,0.0918322504,6.06516232e-06,30,1.07099998,1
663215100001640,263723605,2460391.7381807039,60391.236053200002,19.1732521,0.0701953918,0,zr,117.321352,36.907764200000003,0.453999996,0.0439999998,20240322236053,663,0xf,0x1,19.8500004,25.9660549,0.0347985178,0.0807901323,1.29382388e-05,30,1.10500002,1
663215100001640,264326024,2460397.7618231163,60397.260243099998,19.8045273,0.115195036,0,zr,117.3212941,36.907755600000002,0.746999979,-0.138999999,20240328260220,663,0xf,0x1,20.9099998,26.2011604,0.0237699635,0.0885347202,5.91559456e-06,30,1.25600004,1
663215100001640,266522026,2460419.7197668757,60419.220266199998,18.9000149,0.0568884164,0,zr,117.3213004,36.907778399999998,0.874000013,0.0419999994,20240419220243,663,0xf,0x1,20.6800003,26.1957321,0.025334971,0.0907433704,6.66881124e-06,30,1.36899996,1
663215100001640,266721754,2460421.71685821,60421.217546300002,20.0536747,0.139900878,0,zr,117.321421,36.9077792,0.690999985,-0.261000007,20240421217546,663,0xf,0x1,20.4200001,26.1454048,0.0287887249,0.096215494,8.60600358e-06,30,1.38699996,1
663215100001640,267519908,2460429.6976552578,60429.199085599997,19.7662201,0.111782461,0,zr,117.32127269999999,36.907778299999997,0.680999994,-0.0160000008,20240429199086,663,0xf,0x1,21.0400009,26.1729145,0.0224801619,0.0913717225,5.30701027e-06,30,1.41100001,1
663215100001640,267918355,2460433.6817623968,60433.183553199997,19.3133507,0.0783017203,0,zr,117.3213107,36.907753599999999,0.717000008,-0.00100000005,20240503183553,663,0xf,0x1,21.1100006,26.1210804,0.0223305076,0.0904788151,5.19928471e-06,30,1.37899995,1
663215100001640,268121858,2460435.7166163786,60435.218588000003,18.8763714,0.0558764264,32768,zr,117.3213178,36.9077913,0.398999989,0.172999993,20240505218588,663,0xf,0x1,18.5,25.5309944,0.0485184602,0.0995706618,5.93847726e-05,30,1.74800003,1
663215100001640,270416793,2460458.6641550097,60458.167939799998,18.9964695,0.0612366982,0,zr,117.3213373,36.907739399999997,0.952000022,-0.163000003,20240528167940,663,0xf,0x1,20.4599991,26.1179962,0.0282356385,0.0972577259,8.30258705e-06,30,1.91499996,2
663215100001640,270417140,2460458.6676154737,60458.171400500003,19.3890133,0.0830857232,0,zr,117.32136939999999,36.907803000000001,0.300999999,0.023,20240528171400,663,0xf,0x1,20.4300003,26.1166,0.0280575454,0.10060095,8.22853144e-06,30,1.96899998,2
663215100001640,270417486,2460458.6710758298,60458.1748611,19.2428341,0.0741035491,0,zr,117.3212827,36.907742599999999,0.658999979,0.0350000001,20240528174861,663,0xf,0x1,20.4200001,26.115406,0.0275088325,0.100469626,7.84801432e-06,30,2.02699995,2
663215100001640,270517244,2460459.6685896567,60459.172442100004,19.1995659,0.071646668,0,zr,117.32131699999999,36.907755000000002,0.816999972,-0.0799999982,20240529172431,663,0xf,0x1,20.2900009,26.1010437,0.0301079098,0.10166546,9.33454248e-06,30,2.03200006,2
663215100001640,270517583,2460459.6719806278,60459.175833300003,19.3955154,0.0835108757,0,zr,117.32133640000001,36.9077433,0.56400001,0.0250000004,20240529175822,663,0xf,0x1,20.4699993,26.088995,0.0286500547,0.103059247,8.425347e-06,30,2.09299994,2
663215100001640,270617606,2460460.6721459012,60460.176064799998,20.0603523,0.140625462,0,zr,117.3211799,36.907840899999997,0.331,-0.0189999994,20240530176053,663,0xf,0x1,20.2800007,26.0628796,0.0291479826,0.100983202,8.80401967e-06,30,2.1500001,2
663215100001640,271117613,2460465.671902121,60465.176134300003,19.0664272,0.0646224543,32768,zr,117.32153750000001,36.908000399999999,0.667999983,-0.259000003,20240604176123,663,0xf,0x1,19,25.3808327,0.0479903854,0.106900528,3.97222684e-05,30,2.46000004,2
663215100001640,271217660,2460466.6723176045,60466.1766088,18.9066162,0.0571746342,0,zr,117.3214079,36.907848399999999,0.720000029,-0.118000001,20240605176597,663,0xf,0x1,19.4400005,26.002943,0.0449173488,0.105187267,2.31334343e-05,30,2.54699993,2
663215100001640,271316930,2460467.6649571126,60467.1693056,19.4079247,0.0843283758,0,zr,117.321282,36.907770300000003,0.532000005,-0.107000001,20240606169306,663,0xf,0x1,19.6200008,26.0414009,0.0381451361,0.0912181512,1.60167128e-05,30,2.42499995,2
663215100001640,279549894,2460549.9949416122,60549.498946799999,19.7821369,0.113188401,0,zr,117.3212372,36.907845299999998,0.967999995,0.0240000002,20240827498947,663,0xf,0x1,20.4799995,26.1278706,0.0275421664,0.098780185,7.79799211e-06,30,2.28200006,1
663215100001640,279550194,2460549.997939406,60549.501944399999,19.8494816,0.11932686,0,zr,117.3211948,36.907719100000001,0.509000003,-0.0480000004,20240827501887,663,0xf,0x1,20.3999996,26.1462765,0.0303079057,0.0890891179,9.4360521e-06,30,2.21700001,1
663215100001640,279650182,2460550.9978885502,60550.501828699998,19.6838989,0.10477718,0,zr,117.32119369999999,36.907617199999997,0.423000008,-0.00100000005,20240828501817,663,0xf,0x1,20.0499992,26.1517353,0.035124179,0.0971455872,1.27016301e-05,30,2.16400003,1
663215100001640,283945516,2460593.9548416603,60593.455161999998,20.3197098,0.17141816,0,zr,117.321365,36.9077591,0.623000026,-0.105999999,20241010455150,663,0xf,0x1,21.0100002,26.2250023,0.0211288203,0.0894120112,4.6260111e-06,30,1.35500002,1
663215100001640,284150806,2460596.0079433159,60595.508067100003,19.9329929,0.127376989,0,zr,117.32128350000001,36.9077372,0.635999978,0.0979999974,20241012508056,663,0xf,0x1,21.2399998,26.2591591,0.0188828707,0.0864614993,3.68288443e-06,30,1.10599995,1
663215100001640,284351759,2460598.0176615063,60597.517592600001,20.0267258,0.137010857,0,zr,117.3212947,36.907747800000003,0.935000002,-0.00499999989,20241014517581,663,0xf,0x1,21.4300003,26.2720623,0.0210672915,0.081603542,4.59897592e-06,30,1.06900001,1
663215100001640,284850586,2460603.0064152861,60602.505868100001,19.1709023,0.0700673386,0,zr,117.321196,36.907643700000001,0.402999997,0.0240000002,20241019505868,663,0xf,0x1,19.7600002,26.2428131,0.0337340049,0.0946963206,1.20140785e-05,30,1.06500006,1
663215100001640,285042490,2460604.9256379935,60604.424907400004,19.1593018,0.0694388077,32768,zr,117.3214072,36.907733,0.514999986,-0.0780000016,20241021424907,663,0xf,0x1,19.6599998,25.4732685,0.043494489,0.0843304247,2.18244677e-05,30,1.35599995,1
663215100001640,285442780,2460608.928912092,60608.427800899997,19.4503899,0.0871892795,0,zr,117.3213452,36.907764100000001,0.953000009,-0.172000006,20241025427708,663,0xf,0x1,21.1599998,26.2456093,0.0216219947,0.0869200602,4.85597684e-06,30,1.27699995,1
663215100001640,286046399,2460614.9656693013,60614.463993099998,19.7824097,0.113212653,0,zr,117.3213631,36.9077895,0.508000016,-0.057,20241031463981,663,0xf,0x1,21.2800007,26.2461147,0.0196774863,0.0832437947,4.02308888e-06,30,1.08599997,1
663215100001640,286244451,2460616.9463721844,60616.444513900002,19.6877785,0.105097525,0,zr,117.3212752,36.907785199999999,0.924000025,0.136000007,20241102444514,663,0xf,0x1,20.9200001,25.9356098,0.0233228616,0.0835923478,5.67887309e-06,30,1.12300003,1
663215100001640,286843355,2460622.9359489004,60622.433553199997,19.9477749,0.128853664,0,zr,117.32124810000001,36.907803700000002,0.717999995,-0.0790000036,20241108433542,663,0xf,0x1,20.7399998,26.2564545,0.0249971114,0.0886367559,6.47942761e-06,30,1.10800004,1
663215100001640,287052736,2460625.0299392049,60624.527361100001,19.5718365,0.0959312096,0,zr,117.32134809999999,36.907767,0.726000011,-0.00300000003,20241110527326,663,0xf,0x1,21.3700008,26.249773,0.0216072649,0.0906319618,4.84512748e-06,30,1.00300002,1
663215100001640,287438168,2460628.8845949695,60628.3816898,19.4798298,0.0892310292,0,zr,117.3212147,36.907778200000003,0.499000013,-0.023,20241114381655,663,0xf,0x1,20.5400009,26.2347069,0.0235578883,0.0921336189,5.80571532e-06,30,1.23599994,1
663215100001640,288240149,2460636.9050376536,60636.401493099998,19.6580105,0.102664411,0,zr,117.3213542,36.90775,1.29799998,0.0839999989,20241122401481,663,0xf,0x1,21.0900002,26.235754,0.0228550825,0.0915119126,5.45469175e-06,30,1.09200001,1
663215100001640,288940230,2460643.9063522974,60643.402303199997,19.0231934,0.0625062734,32768,zr,117.3213842,36.907797299999999,1.28199995,-0.352999985,20241129402280,663,0xf,0x1,20.0200005,25.5459003,0.0329966769,0.092717953,1.13887181e-05,30,1.04999995,1
663215100001640,289144295,2460645.9471368883,60645.4429514,19.0014172,0.0614695512,32768,zr,117.3213143,36.907752799999997,0.681999981,-0.0260000005,20241201442940,663,0xf,0x1,20.0400009,25.3292484,0.0386868306,0.0938418061,1.60698692e-05,30,1.00199997,1
663215100001640,289440550,2460648.9098834973,60648.405509299999,19.223259,0.0729811043,0,zr,117.32129740000001,36.9077451,0.824999988,-0.0599999987,20241204405475,663,0xf,0x1,21.7000008,26.2401104,0.0238264445,0.0856324136,5.95081156e-06,30,1.02499998,1
663215100001640,289846821,2460652.9728318485,60652.468217599999,20.8790283,0.235803843,0,zr,117.3211493,36.907697200000001,0.547999978,0.0350000001,20241208468218,663,0xf,0x1,21.2900009,26.2539101,0.0205198564,0.087773785,4.36843357e-06,30,1.01400006,1
663215100001640,290934293,2460663.8480817718,60663.342939800001,19.9589005,0.129975438,0,zr,117.32125069999999,36.9077111,0.368000001,0.172999993,20241219342882,663,0xf,0x1,20.6700001,26.2654476,0.0232174713,0.0888793245,5.59233331e-06,30,1.05799997,1
663215100001640,291340267,2460667.9079670198,60667.402673600001,19.3483162,0.080475688,32768,zr,117.3212144,36.9077439,0.686999977,-0.0370000005,20241223402627,663,0xf,0x1,19.8999996,25.6351509,0.0389502309,0.0851379409,1.60122217e-05,30,1.00100005,1
663215100001640,291738344,2460671.8888655845,60671.383449100002,19.9137878,0.125481844,32768,zr,117.3211409,36.907807300000002,0.546000004,-0.186000004,20241227383438,663,0xf,0x1,20.0900002,25.3697109,0.0398697518,0.0836173147,1.66633163e-05,30,1,1
663215100001640,292141409,2460675.9196118871,60675.414097200002,21.0908852,0.258102655,0,zr,117.3213248,36.907676899999998,0.83099997,-0.231000006,20241231414086,663,0xf,0x1,21.1700001,26.2587757,0.0205917545,0.0940641537,4.4400017e-06,30,1.023,1
663215100001640,293831019,2460692.8158255755,60692.310196799997,19.0987091,0.0662539154,0,zr,117.3213729,36.907755000000002,1.05299997,-0.0280000009,20250117310185,663,0xf,0x1,20.6299992,26.2402153,0.0243352745,0.0909000933,6.16930311e-06,30,1.00399995,1
663215100001640,294032396,2460694.8295800625,60694.323969899997,19.5641327,0.0953511447,0,zr,117.32128229999999,36.907795299999997,0.765999973,-0.0419999994,20250119323866,663,0xf,0x1,20.9500008,26.2507401,0.023969505,0.0925138965,5.96915015e-06,30,1,1
663215100001640,294523762,2460699.743163385,60699.237627299997,18.9340534,0.0583819523,0,zr,117.3212382,36.9079123,1.39300001,0.0680000037,20250124237627,663,0xf,0x1,19.8099995,26.2499027,0.0351212211,0.101611972,1.30854569e-05,30,1.07299995,1
663215100001640,295619925,2460710.7044864008,60710.199259300003,21.0269489,0.251373053,0,zr,117.3214761,36.907767100000001,0.824000001,0.104999997,20250204199236,663,0xf,0x1,21.3400002,26.2580662,0.0224041212,0.0835162327,5.16855562e-06,30,1.09200001,1
663215100001640,295628944,2460710.7946681711,60710.289444399998,19.5491142,0.0942305848,0,zr,117.3212284,36.907783600000002,1.13,-0.155000001,20250204289444,663,0xf,0x1,21.1100006,26.070097,0.0233728644,0.087085709,5.72609088e-06,30,1.00199997,1
663215100001640,297231289,2460726.8173325672,60726.312893499999,21.0176811,0.250397682,0,zr,117.3213964,36.907868499999999,1.324,0.0790000036,20250220312755,663,0xf,0x1,21.2900009,26.2464066,0.0197939388,0.0872756839,4.07092875e-06,30,1.09000003,1
663215100001640,297617184,2460730.6760376217,60730.171840299998,21.1523991,0.26457715,0,zr,117.32112069999999,36.907855699999999,0.326999992,-0.0680000037,20250224171829,663,0xf,0x1,21.3600006,26.249361,0.021869529,0.0885370672,5.03534784e-06,30,1.03799999,1
663215100001640,297824097,2460732.7450322574,60732.240972200001,21.0708084,0.255989552,0,zr,117.3212621,36.907780199999998,1.153,-0.351000011,20250226240914,663,0xf,0x1,21.3999996,26.2407093,0.0217317175,0.0882654488,4.95537961e-06,30,1.00699997,1
663215100001640,317050638,2460925.0030653677,60924.506388900001,20.6671638,0.213504314,0,zr,117.3210778,36.907547899999997,0.846000016,0.130999997,20250906506389,663,0xf,0x1,20.8400002,26.1000938,0.0236898176,0.097301051,5.79089146e-06,30,1.72500002,1
663215100001640,317051037,2460925.0070471554,60924.510370399999,21.1419106,0.263473272,0,zr,117.32142690000001,36.9077403,0.458000004,-0.298000008,20250906510370,663,0xf,0x1,20.8999996,26.1019039,0.0228002369,0.0876239464,5.41198551e-06,30,1.67900002,1
663215100001640,320045758,2460954.9568560757,60954.457581000002,20.487175,0.194085538,0,zr,117.32136130000001,36.907792299999997,0.987999976,-0.0280000009,20251006457569,663,0xf,0x1,20.6499996,26.2151089,0.0267099738,0.0870682374,7.48361344e-06,30,1.41700006,1
663315100001694,138648997,2459140.990429379,59140.489976899997,19.1402569,0.0920878425,0,zi,117.3213276,36.907761999999998,1.347,0.0140000004,20201018489977,663,0xf,0x1,20.7199993,25.5472565,0.0195360072,0.184890255,6.13671409e-06,30,1.11000001,2
663315100001694,143041692,2459184.9211064582,59184.416921299999,19.4210873,0.112607464,0,zi,117.3212836,36.907747000000001,0.187999994,0.0610000007,20201201416887,663,0xf,0x1,20.2600002,25.609087,0.023773849,0.178772107,9.155915e-06,30,1.02100003,2
663315100001694,143446598,2459188.9704239853,59188.465983800001,20.4795876,0.192435458,0,zi,117.3211652,36.907981200000002,0.574999988,-0.317999989,20201205465961,663,0xf,0x1,20.3199997,25.6185875,0.02308736,0.179819018,8.65149923e-06,30,1.00600004,2
663315100001694,144845755,2459202.9627057747,59202.457557900001,19.2385254,0.0989183933,0,zi,117.32134379999999,36.907787300000003,0.777999997,-0.0869999975,20201219457558,663,0xf,0x1,20.25,25.6035252,0.0217744764,0.177243203,7.69641792e-06,30,1.03699994,2
663315100001694,145134350,2459205.8487642799,59205.343506899997,19.7068367,0.136224687,0,zi,117.32132799999999,36.907720699999999,0.474000007,-0.0189999994,20201222343495,663,0xf,0x1,20.7900009,25.5888367,0.0203514006,0.17872563,6.61390868e-06,30,1.04299998,2
663315100001694,146638733,2459220.8929483085,59220.387338,18.7267532,0.0676034838,0,zi,117.321253,36.907739800000002,0.860000014,0.156000003,20210106387303,663,0xf,0x1,19.8500004,25.0877533,0.0291790999,0.181695148,1.42719909e-05,30,1.01300001,2
663315100001694,147236217,2459226.8678214774,59226.362175900002,19.3208656,0.104936339,0,zi,117.3213128,36.907707199999997,1.04499996,-0.0790000036,20210112361944,663,0xf,0x1,19.9500008,25.5908661,0.0248933434,0.183182299,1.03475286e-05,30,1.00600004,2
663315100001694,147536271,2459229.868360173,59229.362719899997,19.6363106,0.130201846,0,zi,117.3214023,36.907876600000002,0.89200002,-0.00800000038,20210115362685,663,0xf,0x1,20.0400009,25.5983105,0.0322402269,0.18259865,1.73730641e-05,30,1.01300001,2
663315100001694,147823418,2459232.7398105906,59232.234189800001,20.0162296,0.16292727,0,zi,117.3213284,36.907782099999999,1.046,0.0289999992,20210118234190,663,0xf,0x1,21.1299992,25.5852299,0.0278741848,0.177359968,1.30621702e-05,30,1.12300003,2
663315100001694,149431062,2459248.8158831205,59248.310624999998,19.3782043,0.109280095,0,zi,117.32134069999999,36.907755000000002,0.635999978,-0.107000001,20210203310625,663,0xf,0x1,20.5699997,25.5852032,0.0193206966,0.181414083,6.21200115e-06,30,1.01199996,2
663315100001694,149723806,2459251.7432144238,59251.238067099999,19.4008846,0.111031726,0,zi,117.32128590000001,36.907775800000003,0.277999997,0.0379999988,20210206238067,663,0xf,0x1,21.0300007,25.5978851,0.0202386752,0.178919494,6.88925365e-06,30,1.01699996,2
663315100001694,150032559,2459254.8306064592,59254.325590300003,19.1321697,0.0915430486,0,zi,117.3212582,36.907777199999998,0.453999996,-0.0309999995,20210209325590,663,0xf,0x1,20.6299992,25.5971699,0.0208608098,0.175877139,7.29933436e-06,30,1.05400002,2
663315100001694,150930106,2459263.8056202014,59263.301064799998,19.2043304,0.0964975804,0,zi,117.32101179999999,36.9076576,0.680999994,-0.0659999996,20210218301065,663,0xf,0x1,19.7099991,25.6013298,0.03126451,0.181819126,1.6247217e-05,30,1.05400002,2
663315100001694,152027708,2459274.7809302164,59274.277083300003,19.1175308,0.0905636474,0,zi,117.3208344,36.907819400000001,0.662999988,-0.0340000018,20210301277083,663,0xf,0x1,19.2999992,25.5915318,0.0353979655,0.174902275,2.10450216e-05,30,1.06599998,2
663315100001694,153718578,2459291.6882908568,59291.185787000002,19.2118607,0.0970266834,0,zi,117.3212845,36.907748699999999,0.782999992,0.0520000011,20210318185775,663,0xf,0x1,20.8199997,25.5798607,0.021054497,0.179714456,7.23983385e-06,30,1.00699997,2
663315100001694,154918074,2459303.6821637112,59303.180740700001,19.8679924,0.150207728,0,zi,117.3212073,36.907840200000003,0.69599998,0.151999995,20210330180741,663,0xf,0x1,20.5100002,25.5949936,0.0220233314,0.177579299,8.18075932e-06,30,1.03499997,2
663315100001694,155317850,2459307.6795555782,59307.178506900003,20.5433102,0.196045876,0,zi,117.3213634,36.907791099999997,0.279000014,-0.00300000003,20210403178472,663,0xf,0x1,20.6599998,25.5993099,0.0218440779,0.174829632,7.9069614e-06,30,1.04900002,2
663315100001694,155816701,2459312.6675896808,59312.167013899998,19.2441025,0.0993175879,0,zi,117.32134720000001,36.907755700000003,0.742999971,-0.00200000009,20210408167014,663,0xf,0x1,20.5200005,25.5781021,0.0200469848,0.181920812,6.60189744e-06,30,1.05299997,2
663315100001694,156118079,2459315.68108693,59315.180798599999,19.3275108,0.105433397,0,zi,117.32131320000001,36.907766700000003,0.458999991,0.0399999991,20210411180787,663,0xf,0x1,20.9899998,25.5605106,0.0252576638,0.182942554,1.07579308e-05,30,1.102,2
663315100001694,170949074,2459463.9874172155,59463.490740699999,19.7243767,0.137735963,0,zi,117.3212875,36.907759900000002,0.381000012,0.0250000004,20210906490718,663,0xf,0x1,20.2900009,25.4863777,0.0244706683,0.180701703,9.72100224e-06,30,1.93700004,2
663315100001694,171249641,2459466.993318791,59466.496412,19.2418671,0.0991574377,0,zi,117.32132,36.907737599999997,0.633000016,-0.101999998,20210909496400,663,0xf,0x1,20.6599998,25.465868,0.0199183319,0.183633998,6.45298178e-06,30,1.745,2
663315100001694,171847907,2459472.9764640196,59472.479074100003,19.2477932,0.0995824561,0,zi,117.32132540000001,36.907716899999997,0.994000018,-0.0120000001,20210915479074,663,0xf,0x1,20.2900009,25.5337925,0.0265279822,0.1727743,1.14451805e-05,30,1.75699997,2
663315100001694,172345456,2459477.9523739526,59477.4545602,19.1943779,0.0958017707,0,zi,117.32147809999999,36.907786700000003,0.467999995,-0.0670000017,20210920454549,663,0xf,0x1,19.8999996,25.555378,0.0383745171,0.175912485,2.51847214e-05,30,1.90499997,2
663315100001694,172649597,2459480.9940536302,59480.495972199999,20.1674595,0.175052673,0,zi,117.3213046,36.9077834,0.566999972,-0.0850000009,20210923495961,663,0xf,0x1,20.5100002,25.5014591,0.0232460443,0.176087379,9.06005607e-06,30,1.39499998,2
663315100001694,173148575,2459485.984284773,59485.485752300003,18.8018799,0.0715502277,0,zi,117.3212868,36.907735000000002,0.786000013,-0.458999991,20210928485752,663,0xf,0x1,19.0100002,25.063879,0.0398322754,0.188436061,2.81906905e-05,30,1.37199998,2
663315100001694,176447622,2459518.977882856,59518.476226899998,19.6156082,0.128453478,0,zi,117.3212589,36.9077421,0.565999985,-0.0329999998,20211031476215,663,0xf,0x1,20.8600006,25.5926075,0.0191083793,0.179674506,5.95897563e-06,30,1.05999994,2
663315100001694,176749791,2459521.9998500142,59521.497916699998,19.4782848,0.117145114,0,zi,117.3212137,36.907721700000003,0.773999989,-0.170000002,20211103497905,663,0xf,0x1,20.5200005,25.5812855,0.0213881042,0.181655198,7.33423167e-06,30,1.01699996,2
663315100001694,177048612,2459524.9883254995,59524.4861227,19.5793686,0.125417978,0,zi,117.32124810000001,36.9077512,0.629000008,-0.0649999976,20211106486123,663,0xf,0x1,20.8600006,25.6003685,0.0223176461,0.178470686,8.2210654e-06,30,1.02100003,2
663315100001694,177650638,2459531.0091169598,59530.506388900001,18.7937737,0.0711139813,0,zi,117.3212436,36.907800299999998,0.75,0.00400000019,20211112506377,663,0xf,0x1,19.9099998,25.5997734,0.0276933908,0.182591915,1.23473701e-05,30,1,2
663315100001694,178647850,2459540.9820398288,59540.478506899999,19.5528412,0.12321794,0,zi,117.3212395,36.907741000000001,0.917999983,-0.231999993,20211122478507,663,0xf,0x1,20.1299992,25.6028423,0.0233396608,0.181054011,8.87978513e-06,30,1,2
663315100001694,179633285,2459550.8370871213,59550.3328588,19.110754,0.0901132524,0,zi,117.32130290000001,36.907747700000002,1.07099998,-0.0989999995,20211202332859,663,0xf,0x1,20.7999992,25.5817547,0.019930901,0.177055523,6.80191806e-06,30,1.23699999,2
663315100001694,187634144,2459630.8458976247,59630.341446799997,19.4755955,0.1169293,0,zi,117.3212417,36.907777799999998,0.759000003,0.0480000004,20220220341412,663,0xf,0x1,20.0699997,25.6185951,0.0255669449,0.170944855,1.09759894e-05,30,1.17700005,2
663315100001694,192117879,2459675.6795852105,59675.178796300002,19.6701775,0.133082211,0,zi,117.3213463,36.907795,0.850000024,-0.0370000005,20220406178796,663,0xf,0x1,20.6900005,25.4891777,0.0234377962,0.179607794,9.2258806e-06,30,1.06400001,2
663315100001694,209041935,2459844.9173152749,59844.419351899996,19.3073978,0.10393402,0,zi,117.3213123,36.907762300000002,0.795000017,-0.158000007,20220922419340,663,0xf,0x1,20.2199993,25.5333977,0.0249864124,0.178947523,1.03261773e-05,30,2.52900004,2
663315100001694,210048880,2459854.9876878182,59854.488807900001,19.887907,0.15193747,0,zi,117.3212704,36.907734699999999,0.957000017,-0.208000004,20221002488681,663,0xf,0x1,20.7999992,25.512907,0.0224177111,0.178353459,8.23301161e-06,30,1.29400003,2
663315100001694,210342079,2459857.9199537085,59857.420798599996,19.7059822,0.136151165,0,zi,117.3212886,36.907749000000003,0.497000009,0.100000001,20221005420787,663,0xf,0x1,20.6800003,25.4769821,0.0230565965,0.18630141,8.56248244e-06,30,1.81400001,2
663315100001694,210639319,2459860.8926310642,59860.3931944,19.7794952,0.142509326,0,zi,117.32154730000001,36.907664099999998,0.921999991,-0.294,20221008393194,663,0xf,0x1,19.8700008,25.4624958,0.0304237083,0.181418166,1.52711946e-05,30,2.125,2
663315100001694,210943774,2459863.9374702335,59863.437743100003,20.1259441,0.171861351,0,zi,117.3212142,36.907870699999997,0.409999996,-0.196999997,20221011437731,663,0xf,0x1,20.0200005,25.5069447,0.0253679603,0.177985236,1.03680077e-05,30,1.46800005,2
663315100001694,211242311,2459866.9231264819,59866.4231134,19.1873379,0.0953120217,0,zi,117.321293,36.907767700000001,0.423000008,-0.0710000023,20221014423113,663,0xf,0x1,20.1200008,25.541338,0.0250909906,0.179949358,1.03392285e-05,30,1.52100003,2
663315100001694,211849907,2459872.9996699532,59872.4990741,20.0369186,0.164655894,0,zi,117.3212746,36.9077305,0.483999997,-0.0500000007,20221020499062,663,0xf,0x1,20.7399998,25.558918,0.0223177578,0.184854612,8.15585918e-06,30,1.07700002,2
663315100001694,212247546,2459876.9764382066,59876.475463000002,19.6317654,0.129817218,0,zi,117.321383,36.9079354,0.735000014,-0.0769999996,20221024475463,663,0xf,0x1,19.8899994,25.5527649,0.0290876422,0.185996398,1.43710522e-05,30,1.10899997,2
663315100001694,212549943,2459880.000694186,59879.499432899996,20.0829659,0.16843611,0,zi,117.3212783,36.9077555,0.629999995,-0.0250000004,20221027499433,663,0xf,0x1,20.3799992,25.5569668,0.0227964651,0.181939423,8.64813774e-06,30,1.03999996,2
663315100001694,212844915,2459882.9506924693,59882.449155100003,19.4765835,0.117008582,32768,zi,117.32128539999999,36.907771400000001,0.536000013,0.0170000009,20221030449155,663,0xf,0x1,20.3600006,25.0525837,0.0255666301,0.183970183,1.06742627e-05,30,1.13800001,2
663315100001694,215241258,2459906.9161655521,59906.412580999997,19.574789,0.125036776,0,zi,117.3212532,36.907755899999998,1.14699996,0.104999997,20221123412546,663,0xf,0x1,20.9099998,25.5737896,0.0215314683,0.177821785,7.69728649e-06,30,1.06400001,2
663315100001694,230116658,2460055.665972461,60055.166585600004,20.1109257,0.17067723,0,zi,117.3212235,36.907777799999998,0.59799999,-0.191,20230421166586,663,0xf,0x1,20.6299992,25.540926,0.0243269745,0.184329942,1.02614067e-05,30,1.13600004,2
663315100001694,245147407,2460205.9716731017,60205.474074099999,20.5254803,0.19473958,0,zi,117.321383,36.907698500000002,0.737999976,-0.301999986,20230918474074,663,0xf,0x1,20.5499992,25.52948,0.0210664235,0.185091913,7.09081951e-06,30,1.73500001,2
663315100001694,248341244,2460237.9130052319,60237.412442100001,19.0630684,0.0869963691,0,zi,117.32129879999999,36.907816099999998,1.61699998,-0.143000007,20231020412431,663,0xf,0x1,20.6499996,25.5330677,0.0207336675,0.178718194,7.29139447e-06,30,1.47899997,2
663315100001694,249043195,2460244.9331865562,60244.431956,19.4557667,0.115345478,0,zi,117.3212582,36.907798800000002,0.66900003,-0.075000003,20231027431944,663,0xf,0x1,20.1000004,25.5457668,0.0249879658,0.183016077,1.05486588e-05,30,1.24000001,2
663315100001694,249941271,2460253.9147800989,60253.4127199,19.2336769,0.0985723287,0,zi,117.3212894,36.907757199999999,1.17799997,-0.197999999,20231105412720,663,0xf,0x1,20.5,25.5656776,0.0216580853,0.176994875,7.79752099e-06,30,1.21599996,2
663315100001694,250345457,2460257.9569917675,60257.454571800001,19.2208557,0.0976617038,0,zi,117.32122149999999,36.9077895,0.512000024,0.0500000007,20231109454572,663,0xf,0x1,20.1100006,25.5788555,0.0255003031,0.180212274,1.08549293e-05,30,1.05799997,2
663315100001694,250644800,2460260.950688628,60260.448009300002,19.1991386,0.0961341411,0,zi,117.3212601,36.907725900000003,0.65200001,-0.125,20231112447998,663,0xf,0x1,20.5400009,25.5731392,0.0199049469,0.179892987,6.38154734e-06,30,1.05499995,2
663315100001694,256030306,2460314.808654407,60314.303067100001,19.7600555,0.140822291,0,zi,117.3213422,36.9077512,0.643000007,0.116999999,20240105303067,663,0xf,0x1,20.5900002,25.5520554,0.0217716116,0.185464516,8.03753028e-06,30,1.04999995,2
663315100001694,256834218,2460322.8478333647,60322.342187499999,19.6286621,0.129554749,0,zi,117.3212924,36.907705700000001,0.958000004,-0.136999995,20240113342164,663,0xf,0x1,20.1000004,25.5496616,0.023994239,0.18176277,9.98840642e-06,30,1,2
663315100001694,257139189,2460325.8975372738,60325.391898100002,19.6015415,0.127271309,0,zi,117.32125019999999,36.907748599999998,1.11699998,0.199000001,20240116391898,663,0xf,0x1,20.6700001,25.5215416,0.0194306821,0.183722496,6.44027295e-06,30,1.051,2
663315100001694,258636523,2460340.8706111102,60340.3652315,19.4044952,0.111312293,0,zi,117.3213087,36.907778899999997,0.50999999,-0.0810000002,20240131365231,663,0xf,0x1,20.2700005,25.5534954,0.0230350364,0.172914341,9.13841086e-06,30,1.08000004,2
663315100001694,259924218,2460353.7470554379,60353.2421875,19.4311752,0.11339961,0,zi,117.3212156,36.907740799999999,0.787,-0.127000004,20240213242176,663,0xf,0x1,20.9099998,25.5551758,0.020004008,0.179886773,6.77260687e-06,30,1.00300002,2
663315100001694,260238949,2460356.8941957848,60356.389490699999,19.6830597,0.134183764,0,zi,117.3213046,36.907769899999998,0.541000009,0.0549999997,20240216389491,663,0xf,0x1,20.8400002,25.5370598,0.0202521402,0.182809219,6.65509015e-06,30,1.35099995,2
663315100001694,261435071,2460368.8546838402,60368.350717599998,19.3410778,0.106453478,0,zi,117.32125259999999,36.907811299999999,1.12399995,0.131999999,20240228350706,663,0xf,0x1,19.9799995,25.4940777,0.0256334189,0.185337454,1.11089485e-05,30,1.31500006,2
663315100001694,264425763,2460398.7591266441,60398.257638900002,19.2797871,0.101901077,0,zi,117.32124260000001,36.907817600000001,0.893000007,-0.112000003,20240329257639,663,0xf,0x1,20.2099991,25.5357876,0.023260938,0.1836126,9.082004e-06,30,1.25600004,2
663315100001694,266720357,2460421.7028896324,60421.203576400003,19.1559696,0.0931539237,0,zi,117.3213382,36.907732500000002,0.797999978,-0.0149999997,20240421203565,663,0xf,0x1,20.25,25.4759693,0.0268098488,0.181152597,1.23253185e-05,30,1.30200005,2
707101300004616,62949351,2458383.9914907352,58383.493518499999,21.3495979,0.231480241,0,zg,117.3212475,36.907859799999997,0.532000005,0.074000001,20180922493472,707,0x1,0x3,21.7299995,26.1200981,0.0268062074,-0.0745538995,7.59692603e-06,30,1.34899998,1
707101300004616,67452622,2458429.0284125484,58428.526226900001,21.6136436,0.253261566,0,zg,117.3213872,36.907701699999997,1.17499995,-0.680000007,20181106526227,707,0x1,0x3,21.6900005,26.219101,0.0265886448,-0.0506435446,7.57533326e-06,30,1.00699997,3
707101300004616,67643280,2458430.9351558653,58430.432800900002,21.5028172,0.244119406,0,zg,117.3214553,36.9075761,0.479000002,0.238999993,20181108432789,707,0x1,0x3,22.0900002,26.1886902,0.0244957693,-0.0577265583,6.32374986e-06,30,1.09099996,3
707101300004616,68346762,2458437.9705846123,58437.4676273,21.1213512,0.212651968,0,zg,117.3215446,36.907689599999998,0.882000029,-0.27700001,20181115467627,707,0x1,0x3,21.1900005,26.2181683,0.0306996088,-0.0554370061,1.03363509e-05,30,1.01400006,1
707101300004616,71032824,2458464.8330384577,58464.328240700001,20.8582878,0.190951586,0,zg,117.32132319999999,36.907811500000001,0.578000009,0.0939999968,20181212328229,707,0x1,0x3,21.3799992,26.1758327,0.0313366726,-0.0492987297,1.05058816e-05,30,1.12,1
707101300004616,71441546,2458468.9204593524,58468.415462999998,20.2298946,0.134583712,0,zg,117.321292,36.907743699999997,0.978999972,-0.108000003,20181216415463,707,0x1,0x3,21.8299999,26.2168179,0.0238889307,-0.0590948276,6.15970384e-06,30,1.00600004,1
707101300004616,72646724,2458480.9726784932,58480.467245400003,20.0038757,0.114566416,0,zg,117.3211079,36.907866400000003,0.924000025,0.137999997,20181228467234,707,0x1,0x3,20.3500004,26.1770821,0.0364065133,-0.037606515,2.14139709e-05,30,1.125,1
707101300004616,73826903,2458492.7746711979,58492.269039400002,19.3576012,0.0708692521,32768,zg,117.32121549999999,36.907964800000002,0.771000028,0.0549999997,20190109269039,707,0x1,0x3,19.4599991,24.2591114,0.0457680114,-0.0737815499,8.28936027e-05,30,1.08000004,1
707101300004616,73924320,2458493.7488436615,58493.243205999999,20.3571815,0.146878392,0,zg,117.32134360000001,36.907772399999999,0.99000001,0.164000005,20190110243206,707,0x1,0x3,21.4200001,26.1846981,0.0283738822,-0.0698839128,8.74772195e-06,30,1.13800001,1
707101300004616,75244490,2458506.9504657127,58506.4449074,19.2508831,0.0654326379,0,zg,117.32167099999999,36.908024900000001,0.959999979,0.0460000001,20190123444884,707,0x1,0x3,19.4400005,26.1841106,0.0404337011,-0.0489319377,5.32143858e-05,30,1.31799996,1
707101300004616,75524329,2458509.748802586,58509.243298599999,19.5363216,0.0810292959,0,zg,117.3215833,36.9077342,0.519999981,0.103,20190126243241,707,0x1,0x3,20.2700005,26.2023869,0.0384605527,-0.0563848615,2.39801193e-05,30,1.04400003,1
707101300004616,76817615,2458522.6812447165,58522.176157399997,19.6089954,0.0855616033,0,zg,117.32129329999999,36.907753599999999,0.787999988,-0.023,20190208176146,707,0x1,0x3,21.4099998,26.1608906,0.0289500691,-0.0424540639,9.03143427e-06,30,1.10500002,1
707101300004616,76817802,2458522.6831080387,58522.178020799998,19.8289356,0.100781791,0,zg,117.3213204,36.907781300000003,0.606000006,0.101000004,20190208177998,707,0x1,0x3,21.5499992,26.1618309,0.0253443569,-0.0488843918,6.88560067e-06,30,1.10000002,3
707101300004616,76923688,2458523.7419281169,58523.236886600003,19.9887905,0.113318235,0,zg,117.3213269,36.9077549,0.861000001,0.0829999968,20190209236806,707,0x1,0x3,21.9599991,26.1919403,0.0254663806,-0.0597306192,7.00945066e-06,30,1.01300001,3
707101300004616,78025616,2458534.7606382906,58534.256169,19.2452526,0.0651582256,32768,zg,117.32134379999999,36.907938000000001,0.790000021,-0.0790000036,20190220256111,707,0x1,0x3,19.6299992,25.9323235,0.143902749,0.0595175773,0.00054451637,30,1.01800001,1
707101300004616,78025714,2458534.7616104395,58534.257141200003,19.4079742,0.0735954642,0,zg,117.3213836,36.907783100000003,0.606999993,-0.0340000018,20190220257106,707,0x1,0x3,19.7399998,26.1710472,0.0410073809,0.0024500154,4.12507106e-05,30,1.01900005,3
707101300004616,78522312,2458539.7272830056,58539.223124999997,19.836298,0.101331547,0,zg,117.3212922,36.907715600000003,0.735000014,-0.100000001,20190225223113,707,0x1,0x3,21.2399998,26.1643772,0.0492709838,-0.0183315352,2.68073418e-05,30,1.00899994,3
707101300004616,78618023,2458540.6843259884,58540.180231500002,19.8958836,0.10587883,0,zg,117.3213147,36.907743199999999,0.709999979,-0.0120000001,20190226180220,707,0x1,0x3,21.8700008,26.1867542,0.0270924307,-0.0701614246,7.89355636e-06,30,1.01999998,3
707101300004616,79325614,2458547.7597378143,58547.256145799998,20.6882095,0.176921725,0,zg,117.321245,36.907613699999999,1.12199998,-0.280999988,20190305256134,707,0x1,0x3,21.2900009,26.173027,0.0289171021,-0.0324760936,9.18085698e-06,30,1.06200004,1
707101300004616,80224451,2458556.7473936337,58556.244513899997,20.0539513,0.118789643,0,zg,117.3215252,36.907716800000003,0.504999995,-0.0970000029,20190314244514,707,0x1,0x3,20.4599991,26.1563454,0.0367684513,-0.00816566311,1.8477378e-05,30,1.08800006,3
707101300004616,81317562,2458567.6775523284,58567.175625000003,19.651741,0.088340342,32768,zg,117.3212506,36.9078503,1.19000006,-0.0179999992,20190325175590,707,0x1,0x3,20.9200001,26.1685753,0.0336162411,-0.125148371,1.32863888e-05,30,1.02699995,3
707101300004616,81318743,2458567.6893568668,58567.187430600003,20.4744129,0.158752963,0,zg,117.3213141,36.907668299999997,0.546000004,-0.0560000017,20190325187384,707,0x1,0x3,21.0699997,26.1181526,0.031163821,-0.0240479708,1.08870854e-05,30,1.03999996,1
707101300004616,81419668,2458568.6985244309,58568.196689800003,20.3520203,0.146366894,0,zg,117.3212485,36.907780899999999,1.17799997,-0.0160000008,20190326196678,707,0x1,0x3,21.6700001,26.0545082,0.0290765595,-0.0583089925,9.09456776e-06,30,1.05900002,3
707101300004616,81516694,2458569.6702529718,58569.1669444,20.1516705,0.127381384,0,zg,117.3212465,36.907780000000002,0.754999995,-0.00200000009,20190327166609,707,0x1,0x3,21.75,28.6065178,0.0357998759,-0.108689189,1.40015609e-05,300,1.02400005,2
707101300004616,81815641,2458572.657882486,58572.156411999997,20.0291309,0.116681054,32768,zg,117.3212832,36.907695699999998,0.824999988,-0.141000003,20190330156377,707,0x1,0x3,20.6900005,25.5070839,0.0371495299,-0.0505586192,1.92053758e-05,30,1.02100003,3
707101300004616,81916287,2458573.6642472791,58573.162870400003,20.2694511,0.138330907,0,zg,117.3213839,36.907742399999997,0.976000011,-0.128999993,20190331162870,707,0x1,0x3,21.6599998,26.1342621,0.0279300362,-0.0727419779,8.32823389e-06,30,1.02999997,3
707101300004616,82717422,2458581.6748454948,58581.174224499999,20.5304718,0.163909793,0,zg,117.3213166,36.907760199999998,1.29999995,-0.216999993,20190408174225,707,0x1,0x3,21.3400002,26.0650291,0.0293009169,-0.068154037,9.21067021e-06,30,1.08299994,3
707101300004616,82816531,2458582.6658391096,58582.165312500001,20.0693092,0.120109543,0,zg,117.3213591,36.907696999999999,1.08200002,0.115000002,20190409165301,707,0x1,0x3,21.4300003,26.127346,0.0291409269,-0.0833231211,9.00542091e-06,30,1.07099998,3
707101300004616,83021270,2458584.7130396129,58584.212708300001,19.6716919,0.0896664187,0,zg,117.3213612,36.907697800000001,0.542999983,-0.0299999993,20190411212708,707,0x1,0x3,20.9400005,26.0852947,0.0336053036,-0.0434440747,1.30762564e-05,30,1.22599995,1
707101300004616,83021361,2458584.7139423196,58584.2136111,19.3758011,0.0718421191,0,zg,117.3212821,36.907703699999999,0.555999994,-0.0590000004,20190411213600,707,0x1,0x3,20.8099995,26.0834179,0.0327889286,-0.0432223789,1.33629255e-05,30,1.23000002,3
707101300004616,83118021,2458585.6804588819,58585.180219900001,20.076643,0.120743826,0,zg,117.3213487,36.907801599999999,0.850000024,-0.349000007,20190412180208,707,0x1,0x3,20.6100006,26.1133556,0.0361150205,-0.0411742851,1.80184252e-05,30,1.125,3
707101300004616,83320585,2458587.7059021262,58587.205856499997,20.1405411,0.126379803,0,zg,117.3213628,36.9077251,0.518000007,-0.335000008,20190414205845,707,0x1,0x3,20.3999996,26.0725727,0.0378809422,-0.0493154228,2.28659701e-05,30,1.23199999,1
707101300004616,83715672,2458591.6563937943,58591.156724499997,20.0269928,0.11650078,0,zg,117.3211762,36.907692900000001,0.878000021,-0.310000002,20190418156713,707,0x1,0x3,20.5200005,26.1117916,0.0381792374,-0.0399162695,2.12630821e-05,30,1.10599995,1
707101300004616,84017879,2458594.678179211,58594.178796300002,19.6347866,0.0872280747,0,zg,117.3212532,36.907701500000002,0.270000011,0.00999999978,20190421178785,707,0x1,0x3,20.9099998,26.121294,0.032852944,-0.0363815054,1.27222565e-05,30,1.20000005,1
707101300004616,84217501,2458596.6742064385,58596.175011599997,20.4582195,0.157085493,0,zg,117.321293,36.907837999999998,0.555000007,-0.165999994,20190423175000,707,0x1,0x3,21.2800007,26.1439533,0.0289558768,-0.0646685362,9.17008583e-06,30,1.20700002,3
707101300004616,84420459,2458598.7035996346,58598.204594900002,20.039753,0.117579743,0,zg,117.3213136,36.907775000000001,0.451999992,-0.0829999968,20190425204583,707,0x1,0x3,21.5599995,26.0558147,0.0281459447,-0.0657085031,8.51819004e-06,30,1.38100004,3
707101300004616,84420640,2458598.7054050625,58598.206400499999,20.5304699,0.163909554,0,zg,117.32127610000001,36.9077001,0.624000013,0.100000001,20190425206400,707,0x1,0x3,21.5300007,26.052536,0.0279497318,-0.0590529405,8.40751727e-06,30,1.39199996,1
707101300004616,84518619,2458599.6851053894,58599.186192100002,19.9447708,0.109740339,32768,zg,117.3212745,36.907680300000003,0.954999983,0.188999996,20190426186123,707,0x1,0x3,21.0100002,25.8299618,0.0402185172,-0.0586009957,1.89277798e-05,30,1.29299998,3
707101300004616,84620671,2458600.7055315608,58600.206713,19.987648,0.113224208,0,zg,117.3213597,36.9077457,0.307000011,0.0250000004,20190427206713,707,0x1,0x3,21.1800003,26.0845299,0.0304682218,-0.0599219091,1.02941658e-05,30,1.42999995,3
707101300004616,85122307,2458605.7214380479,58605.223078700001,20.645916,0.173432827,0,zg,117.3214483,36.907761700000002,0.405000001,-0.158000007,20190502223079,707,0x1,0x3,21.1700001,25.9968452,0.0320119187,-0.0567739829,1.11681557e-05,30,1.68700004,3
707101300004616,85215331,2458606.6515857796,58606.153310200003,20.7153435,0.179159999,0,zg,117.32128539999999,36.907816799999999,0.730000019,0.00899999961,20190503153287,707,0x1,0x3,21.0900002,26.087471,0.0297295786,-0.0745280161,9.92953665e-06,30,1.22899997,3
707101300004616,85216489,2458606.6631703307,58606.164895800001,20.6605377,0.174638987,0,zg,117.3212695,36.907663700000001,0.49000001,0.0710000023,20190503164896,707,0x1,0x3,21.4599991,26.0615158,0.028317662,-0.0544971041,8.43362432e-06,30,1.28199995,1
707101300004616,85417612,2458608.6742176786,58608.176122700002,20.0476761,0.118253671,0,zg,117.32129639999999,36.907749799999998,0.270000011,-0.0109999999,20190505176123,707,0x1,0x3,21.5,26.0206871,0.0278275032,-0.0540459491,8.23858136e-06,30,1.37300003,3
707101300004616,85518071,2458609.6787237995,58609.1807176,19.7898102,0.0979045779,0,zg,117.3213708,36.907681799999999,0.802999973,0.842999995,20190506180718,707,0x1,0x3,20.5200005,26.068718,0.0371592082,-0.0365739241,1.86718353e-05,30,1.41999996,3
707101300004616,85518164,2458609.679649598,58609.1816435,19.8600826,0.103125751,0,zg,117.321123,36.907759300000002,0.963999987,0.050999999,20190506181632,707,0x1,0x3,20.7000008,26.0709839,0.0399935208,-0.0416797511,2.00347949e-05,30,1.42700005,1
707101300004616,96948442,2458723.9804331209,58723.484421300003,19.1278877,0.0597085543,0,zg,117.3212872,36.907776800000001,0.851000011,0.0120000001,20190828484421,707,0x1,0x3,21.0599995,25.7912884,0.031933371,-0.0397524536,1.17250347e-05,30,2.18099999,1
707101300004616,97248792,2458726.9841394136,58726.487928199997,18.4081573,0.0357271135,0,zg,117.32130050000001,36.907758600000001,0.976000011,-0.0610000007,20190831487928,707,0x1,0x3,20.9599991,25.8616047,0.0358623043,-0.0297155865,1.4597269e-05,30,1.98399997,1
707101300004616,97949016,2458733.9868771457,58733.490162000002,18.4712372,0.0372903123,0,zg,117.3212662,36.907766500000001,0.832000017,0.0260000005,20190907490162,707,0x1,0x3,20.6900005,25.9430866,0.0405235179,-0.0278386269,2.06180957e-05,30,1.70899999,1
707101300004616,98248943,2458736.9863792011,58736.489432900002,19.354969,0.0707296729,0,zg,117.3213234,36.9077658,0.31400001,0.0130000003,20190910489433,707,0x1,0x3,21.2600002,26.0000896,0.0307053886,-0.0700450465,1.02837721e-05,30,1.63199997,1
707101300004616,98550759,2458740.004779953,58739.507592599999,18.7681656,0.0459127575,0,zg,117.321285,36.907805000000003,0.676999986,-0.0179999992,20190913507593,707,0x1,0x3,20.2000008,26.0191898,0.0398220234,-0.0343079939,2.80205022e-05,30,1.41799998,1
707101300004616,98850944,2458743.0068792715,58742.509444399999,18.8926582,0.0502292179,0,zg,117.3212776,36.907761700000002,0.625999987,0.0689999983,20190916509120,707,0x1,0x3,20.1800003,25.8785954,0.0364676081,-0.0395412669,2.44790099e-05,30,1.35500002,1
707101300004616,99450781,2458749.0057628579,58748.5078125,19.1130352,0.0590546988,0,zg,117.3213085,36.907745599999998,1.08899999,-0.151999995,20190922507627,707,0x1,0x3,20.6599998,26.0450764,0.0360382199,-0.0360298045,1.73018125e-05,30,1.27699995,1
707101300004616,99748431,2458751.982532348,58751.484317100003,20.0505505,0.118499018,0,zg,117.3213544,36.9077397,0.414000005,0.0979999974,20190925484306,707,0x1,0x3,21.1299992,25.9296703,0.0322296731,-0.0609564781,1.15810426e-05,30,1.35899997,1
707101300004616,100246719,2458756.9658690235,58756.4671991,18.8209629,0.0476882979,0,zg,117.3212746,36.907795100000001,1.41499996,-0.0419999994,20190930467188,707,0x1,0x3,21.0599995,26.0517883,0.0333333425,-0.0764783546,1.2724774e-05,30,1.38,1
707101300004616,100338501,2458757.8837665059,58757.385011600003,19.0508404,0.0564004853,0,zg,117.32113,36.907737699999998,1.08800006,0.305000007,20191001384803,707,0x1,0x3,19.9300003,25.8072453,0.0387775823,-0.0181242805,3.05777976e-05,30,2.31200004,2
707101300004616,100547108,2458759.9700375618,58759.471087999998,20.5928612,0.169056296,0,zg,117.3211962,36.9077415,1.18200004,0.243000001,20191003471076,707,0x1,0x3,21.3899994,26.0544624,0.0284636617,-0.0594472401,8.70362328e-06,30,1.31099999,1
707101300004616,100947234,2458763.9716763701,58763.4723495,18.9331932,0.051734563,0,zg,117.3212869,36.907768900000001,0.805000007,0.0759999976,20191007472350,707,0x1,0x3,21.6100006,26.0671673,0.0288710929,-0.0740566701,8.7919816e-06,30,1.25100005,1
707101300004616,101247363,2458766.9732468291,58766.473634299997,19.7402458,0.0943664163,0,zg,117.3213665,36.907779499999997,0.699999988,-0.0350000001,20191010473634,707,0x1,0x3,21.6200008,26.0873165,0.0284051318,-0.0887142196,8.52140511e-06,30,1.21099997,1
707101300004616,102142287,2458775.9233404538,58775.422870399998,19.5789471,0.0836585537,0,zg,117.3213027,36.907776400000003,0.661000013,-0.181999996,20191019422847,707,0x1,0x3,20.4500008,26.0449314,0.0338544548,-0.0436430573,1.73462704e-05,30,1.33500004,1
707101300004616,102452678,2458779.0275494251,58778.526782399997,18.8202057,0.0476622805,0,zg,117.3213282,36.907761100000002,1.29200006,0.00200000009,20191022526759,707,0x1,0x3,20.6200008,26.1159821,0.0346841924,-0.0380252413,1.5338137e-05,30,1.02100003,1
707101300004616,102747559,2458781.9766378803,58781.475590299997,20.3022041,0.141484961,0,zg,117.32143790000001,36.9079494,1.07099998,1.09500003,20191025475544,707,0x1,0x3,20.3400002,26.1127377,0.0380091593,-0.0472776555,2.08685833e-05,30,1.08399999,1
707101300004616,103046910,2458784.9704389228,58784.469108800004,19.0878887,0.0579654239,0,zg,117.32129209999999,36.907770900000003,0.665000021,-0.0149999997,20191028469086,707,0x1,0x3,20.6700001,26.0702591,0.0352188163,-0.0676113144,1.62981341e-05,30,1.08000004,1
707101300004616,103545702,2458789.9588189954,58789.4570255,20.9181194,0.195887089,0,zg,117.32135,36.907752899999998,0.75,-0.143999994,20191102457025,707,0x1,0x3,21.6100006,26.1303787,0.0273457393,-0.0905286595,8.04513184e-06,30,1.07700002,1
707101300004616,103653603,2458791.0379223446,58790.536030099996,19.7490425,0.0949857086,0,zg,117.3213394,36.907770900000003,1.046,0.0450000018,20191103535984,707,0x1,0x3,21.5699997,26.1568871,0.0284805447,-0.0990145206,8.69319956e-06,30,1.00899994,1
707101300004616,103952799,2458794.0301603796,58793.527997700003,20.6296082,0.17208755,0,zg,117.32131219999999,36.907761700000002,0.411000013,0.0250000004,20191106527963,707,0x1,0x3,21.6499996,26.1353626,0.0269347206,-0.0929427147,7.77471541e-06,30,1.00899994,1
707101300004616,104255104,2458797.0534720575,58796.551041699997,20.418745,0.153055638,0,zg,117.32147670000001,36.907749699999997,0.677999973,-0.0280000009,20191109551019,707,0x1,0x3,20.9899998,26.1380749,0.0317094289,-0.0803888589,1.15592775e-05,30,1.02999997,1
707101300004616,104853984,2458803.0427909382,58802.539849499997,18.9917278,0.0539996028,0,zg,117.3212638,36.907749000000003,0.984000027,0.0469999984,20191115539826,707,0x1,0x3,20.3700008,26.131031,0.0360216647,-0.0668813139,2.17656943e-05,30,1.03600001,1
707101300004616,105149189,2458805.9950807318,58805.491898100001,18.9623699,0.0528498851,0,zg,117.3213062,36.907792000000001,1.02999997,-0.0680000037,20191118491898,707,0x1,0x3,20.5,26.1393471,0.0333042331,-0.0479953662,1.56580081e-05,30,1.00899994,1
707101300004616,105743473,2458811.9383771727,58811.434733800001,19.0610771,0.056828212,0,zg,117.3212912,36.907744999999998,0.89200002,0.0329999998,20191124434734,707,0x1,0x3,21.0699997,26.1066532,0.0320877209,-0.0622786991,1.11963145e-05,30,1.023,1
707101300004616,107953796,2458834.0429527694,58833.537963000002,19.5397091,0.0812352225,0,zg,117.3211074,36.907729699999997,0.665000021,-0.063000001,20191216537917,707,0x1,0x3,19.7399998,26.232132,0.0386402197,-0.0457908399,3.66937747e-05,30,1.26100004,3
707101300004616,108241374,2458836.9188653482,58836.41375,20.7807999,0.184559584,0,zg,117.32123249999999,36.907894499999998,1.05900002,0.338999987,20191219413738,707,0x1,0x3,21.2999992,26.2673264,0.0295212362,-0.082071431,9.47472108e-06,30,1.00999999,3
707101300004616,108241467,2458836.9197912859,58836.4146759,20.8596058,0.191060305,0,zg,117.321321,36.907738299999998,0.89200002,0.0579999983,20191219414664,707,0x1,0x3,21.3299999,26.260128,0.0282715764,-0.0791832656,8.68650659e-06,30,1.01100004,1
707101300004616,108348611,2458837.9912700201,58837.486111099999,19.6886787,0.0908102617,0,zg,117.32130309999999,36.9076661,1.02100003,-0.126000002,20191220486088,707,0x1,0x3,20.7399998,26.2428055,0.0337932594,-0.0484001413,1.43595935e-05,30,1.11600006,3
707101300004616,109248583,2458846.9912862862,58846.485833300001,19.8553123,0.102763638,0,zg,117.3212613,36.907772899999998,0.94599998,-0.0900000036,20191229485833,707,0x1,0x3,21.3299999,26.253624,0.0317123346,-0.0833141059,1.07351152e-05,30,1.19200003,1
707101300004616,109547033,2458849.9758569384,58849.470335600003,20.2793999,0.139284149,0,zg,117.3212463,36.907772299999998,0.911000013,-0.120999999,20200101470336,707,0x1,0x3,21.3400002,26.250536,0.029742945,-0.0756087825,9.4436582e-06,30,1.16600001,1
707101300004616,109846385,2458852.9694291619,58852.463854200003,19.6431694,0.0877763629,0,zg,117.3213154,36.907745200000001,0.771000028,0.0610000007,20200104463843,707,0x1,0x3,21.8199997,26.2550793,0.0268092733,-0.075086832,7.69630878e-06,30,1.17200005,1
707101300004616,109946193,2458853.9675223981,58853.461932899998,19.754631,0.095381096,0,zg,117.32129860000001,36.907739399999997,0.597000003,-0.00200000009,20200105461910,707,0x1,0x3,21.7700005,26.2474976,0.0249912422,-0.0681884587,6.69068686e-06,30,1.17499995,1
707101300004616,110048631,2458854.9919220544,58854.486319399999,19.1703243,0.0616204143,0,zg,117.32131560000001,36.907728800000001,0.824999988,0.0289999992,20200106486319,707,0x1,0x3,20.3099995,26.2047882,0.0370120369,-0.0341523327,2.06772092e-05,30,1.28799999,1
707101300004616,110118181,2458855.6874276535,58855.181817099998,18.6286411,0.0415865295,0,zg,117.32141470000001,36.907627599999998,0.726999998,0.00800000038,20200107181794,707,0x1,0x3,19.7399998,26.185009,0.0404426567,-0.0484701321,4.16025105e-05,30,1.48399997,1
707101300004616,110711271,2458861.6183648938,58861.112719899997,19.2814827,0.0669454858,0,zg,117.3212936,36.907818599999999,0.197999999,-0.0280000009,20200113112720,707,0x1,0x3,20.3500004,25.9806461,0.0376589708,-0.0241439212,2.21714836e-05,30,2.09100008,1
707101300004616,111019579,2458864.7014380959,58864.195798599998,19.1324081,0.0599091165,0,zg,117.3213107,36.907748400000003,0.848999977,0.0379999988,20200116195799,707,0x1,0x3,21.3899994,26.2413921,0.0273872577,-0.0982511118,7.99191275e-06,30,1.255,1
707101300004616,111339199,2458867.8976074248,58867.391990700002,19.22925,0.0643848851,0,zg,117.3212979,36.907752700000003,0.853999972,-0.0130000003,20200119391979,707,0x1,0x3,21.5400009,26.2603188,0.0267357491,-0.0756016448,7.62525997e-06,30,1.08599997,1
707101300004616,112219612,2458876.701587392,58876.196122699999,19.1983833,0.0629206151,0,zg,117.3212838,36.907772600000001,0.883000016,0.0189999994,20200128196123,707,0x1,0x3,21.6100006,26.2259178,0.0256626233,-0.0669282451,7.00249211e-06,30,1.13399994,1
707101300004616,112221696,2458876.7224317905,58876.216967599998,19.7012653,0.0916665494,0,zg,117.3212697,36.9077597,0.810000002,0.00700000022,20200128216875,707,0x1,0x3,21.7000008,26.2560139,0.0268553719,-0.0904283449,7.73232205e-06,30,1.08200002,3
707101300004616,112321953,2458877.7249756623,58877.219536999997,19.4106045,0.0737406835,0,zg,117.32127730000001,36.907766000000002,0.456999987,0.0529999994,20200129219525,707,0x1,0x3,21.3199997,26.2375088,0.027963303,-0.0815577954,8.48118998e-06,30,1.07099998,3
707101300004616,112424928,2458878.7546931352,58878.2492824,19.3657322,0.0713022277,0,zg,117.3212979,36.907992999999998,0.908999979,0.252999991,20200130249282,707,0x1,0x3,20.1599998,26.2478943,0.0409236327,-0.0490607657,2.84277867e-05,30,1.02499998,3
707101300004616,112517475,2458879.6801410341,58879.1747569,19.4499474,0.0759483054,0,zg,117.3213858,36.907767,1.17400002,0.202000007,20200131174757,707,0x1,0x3,20.8099995,26.1778202,0.0329719186,-0.0485921763,1.31234019e-05,30,1.176,1
707101300004616,112525648,2458879.7618632559,58879.256481500001,19.3487396,0.0704004467,0,zg,117.3214408,36.9079002,0.981000006,0.180999994,20200131256435,707,0x1,0x3,20.4500008,26.2479095,0.0352350846,-0.0458585285,1.78308565e-05,30,1.01699996,3
707101300004616,112623969,2458880.7450509765,58880.239699099999,19.7712708,0.096567221,0,zg,117.3212401,36.907777699999997,0.47299999,-0.0289999992,20200201239676,707,0x1,0x3,21.2999992,26.2583447,0.0275221411,-0.0669541657,8.07661399e-06,30,1.02900004,3
707101300004616,112718520,2458881.6905299677,58881.185208299998,19.3521385,0.0705799237,0,zg,117.3214148,36.907772700000002,0.537999988,0.00600000005,20200202185208,707,0x1,0x3,21.0499992,26.2427197,0.0298687089,-0.0605985783,1.02985496e-05,30,1.12600005,1
707101300004616,112721918,2458881.7245103731,58881.219189800002,18.9450626,0.0521850549,0,zg,117.3213758,36.907753900000003,0.507000029,-0.0219999999,20200202219178,707,0x1,0x3,20.8799992,26.2717915,0.032377623,-0.08470691,1.23975287e-05,30,1.05299997,3
707101300004616,113026030,2458884.7655146513,58884.260300900001,19.7737865,0.0967477784,0,zg,117.3214696,36.907641499999997,0.560000002,0.138999999,20200205260266,707,0x1,0x3,20,26.2702904,0.0377719924,-0.0602366664,2.77732724e-05,30,1.00899994,3
707101300004616,113126562,2458885.7708002524,58885.265625,19.4921017,0.0783872306,0,zg,117.3210582,36.907648999999999,0.681999981,-0.395999998,20200206265625,707,0x1,0x3,19.6399994,26.1255436,0.0363131203,-0.0373283029,3.56557939e-05,30,1.00800002,3
707101300004616,113323612,2458887.7412180263,58887.2361227,18.9426842,0.0520943888,0,zg,117.3212863,36.907738600000002,0.564999998,0.00400000019,20200208236088,707,0x1,0x3,20.0699997,26.2497101,0.037908569,-0.0286156218,2.98540526e-05,30,1.01600003,3
707101300004616,113426988,2458888.7749353503,58888.269884300003,19.1370182,0.0601144545,0,zg,117.3212643,36.907718500000001,0.467000008,-0.152999997,20200209269884,707,0x1,0x3,19.7900009,26.2805538,0.0378648601,-0.0638748035,3.51082963e-05,30,1.00999999,3
707101300004616,113625680,2458890.761767074,58890.256805600002,19.2216625,0.0640216023,0,zg,117.3213519,36.907789299999997,0.81099999,-0.00100000005,20200211256806,707,0x1,0x3,19.7999992,26.2469444,0.0584995411,-0.0355912708,8.26872565e-05,30,1.00800002,3
707101300004616,113630861,2458890.813570153,58890.308611100001,18.948143,0.0523026884,0,zg,117.3213062,36.907733100000002,0.806999981,-0.0700000003,20200211308600,707,0x1,0x3,20.3199997,26.2514515,0.0360704064,-0.049094405,2.12132018e-05,30,1.04900002,1
707101300004616,113717343,2458891.6783556654,58891.173437500001,19.0823441,0.0577282235,0,zg,117.3213196,36.907776200000001,1.12899995,0.0839999989,20200212173380,707,0x1,0x3,21.5699997,26.2373905,0.0268311948,-0.0715485439,7.71430223e-06,30,1.08800006,3
707101300004616,113818396,2458892.688838935,58892.183969899997,19.3860798,0.0723976269,0,zg,117.32130340000001,36.907761800000003,0.726000011,-0.0989999995,20200213183947,707,0x1,0x3,21.6800003,26.2452011,0.0250687003,-0.0858956873,6.77272692e-06,30,1.06099999,3
707101300004616,113920246,2458893.7072833283,58893.202465299997,19.2895203,0.0673489645,0,zg,117.32130770000001,36.907746400000001,0.897000015,0.0260000005,20200214202465,707,0x1,0x3,21.8700008,26.2416477,0.0258059725,-0.0804306567,7.18168485e-06,30,1.03100002,3
707101300004616,114018252,2458894.6872906312,58894.182523099997,18.1918297,0.0309804715,0,zg,117.3213038,36.907770800000002,0.755999982,-0.0170000009,20200215182500,707,0x1,0x3,21.75,26.2488098,0.0258720964,-0.0870769471,7.15460101e-06,30,1.05499995,3
707101300004616,114116803,2458895.6727477843,58895.168032399997,19.0542068,0.0565407425,0,zg,117.3212965,36.907773900000002,1.71200001,-0.0359999985,20200216168009,707,0x1,0x3,21.6100006,26.251606,0.0278450865,-0.0846834183,8.31396846e-06,30,1.07599998,1
707101300004616,114119902,2458895.7037415332,58895.199027800001,19.4133034,0.0738900304,0,zg,117.3212575,36.907765900000001,1.23300004,0.0250000004,20200216199028,707,0x1,0x3,21.6100006,26.2650089,0.0291643348,-0.093918778,9.23520383e-06,30,1.02900004,3
707101300004616,114422288,2458898.7274271054,58898.222881900001,19.6404648,0.0875990838,0,zg,117.3212525,36.907747899999997,0.407000005,0.0219999999,20200219222801,707,0x1,0x3,21.5499992,26.2449245,0.0286549684,-0.0791328996,8.80150674e-06,30,1.00899994,1
707101300004616,114423750,2458898.7420443632,58898.237500000003,18.9211369,0.0512814932,0,zg,117.3213176,36.907779499999997,0.246999994,0.0130000003,20200219237488,707,0x1,0x3,21.8899994,26.250536,0.0265713818,-0.090957351,7.61074625e-06,30,1.00800002,3
707101300004616,114426899,2458898.7735356395,58898.268993099999,19.2792587,0.0668343529,0,zg,117.3213267,36.907759900000002,0.397000015,0.00499999989,20200219268970,707,0x1,0x3,21.9500008,26.2478142,0.0262919739,-0.0948722437,7.37014034e-06,30,1.02600002,1
707101300004616,114520114,2458899.7056338172,58899.201145799998,19.0205154,0.0551543236,0,zg,117.3213008,36.907771599999997,0.528999984,-0.0410000011,20200220201100,707,0x1,0x3,21.8199997,26.2680073,0.0274357907,-0.0961726606,8.05979289e-06,30,1.01699996,3
707101300004616,114628062,2458900.7850484345,58900.280624999999,19.0711651,0.0572531745,0,zg,117.32129949999999,36.9077737,0.665000021,-0.00400000019,20200221280613,707,0x1,0x3,21.3700008,26.246706,0.0282885823,-0.0723240077,8.67535437e-06,30,1.04799998,3
707101300004616,114630033,2458900.8047578344,58900.300335599997,18.5958824,0.0406435728,0,zg,117.3212983,36.907747100000002,0.805000007,0.00400000019,20200221300336,707,0x1,0x3,21.4300003,26.2502098,0.0294250101,-0.0847216919,9.37014283e-06,30,1.08299994,1
707101300004616,114923788,2458903.7421206883,58903.237881900001,19.0103188,0.0547421798,0,zg,117.3213038,36.907745800000001,1.23199999,-0.0649999976,20200224237847,707,0x1,0x3,21.8199997,26.2259731,0.025912825,-0.0722515881,7.17521652e-06,30,1.01300001,1
707101300004616,114923878,2458903.74302343,58903.238784699999,19.1920662,0.062625356,0,zg,117.32129089999999,36.907740599999997,1.23899996,0.0120000001,20200224238785,707,0x1,0x3,21.7999992,26.2409248,0.0273034647,-0.0871166512,7.90050944e-06,30,1.01400006,3
707101300004616,115015152,2458904.6557072927,58904.151527800001,18.8479652,0.0486273728,0,zg,117.3213094,36.907755299999998,0.842999995,-0.101999998,20200225151505,707,0x1,0x3,21.7399998,26.2114525,0.0275669228,-0.0746710449,8.15026306e-06,30,1.06099999,3
707101300004616,115115814,2458905.6622610968,58905.158148100003,18.7224579,0.0444384106,0,zg,117.3212997,36.907814799999997,0.409999996,0.00499999989,20200226158137,707,0x1,0x3,20.8099995,26.2319832,0.0335677005,-0.0647044107,1.36264516e-05,30,1.046,3
707101300004616,115226357,2458906.7676149709,58906.263576400001,19.6336842,0.0871561989,0,zg,117.3212511,36.907776499999997,0.423999995,0.0260000005,20200227263565,707,0x1,0x3,21.2299995,26.2448483,0.0310571417,-0.0729006529,1.04812043e-05,30,1.04700005,1
707101300004616,115226495,2458906.7689921805,58906.264953700003,19.5638943,0.0827206969,0,zg,117.32130770000001,36.907757799999999,0.430999994,0.0480000004,20200227264954,707,0x1,0x3,21.0499992,26.2410469,0.0307707079,-0.0617098995,1.0679154e-05,30,1.04900002,3
707101300004616,115518762,2458909.6914621424,58909.187627300002,19.1562061,0.0609771386,0,zg,117.3213816,36.9077968,0.926999986,0.0390000008,20200301187616,707,0x1,0x3,20.1599998,26.24333,0.0393015668,-0.0442899354,2.69611628e-05,30,1.00999999,1
707101300004616,115519200,2458909.6958368151,58909.192002299998,19.4148502,0.0739757866,0,zg,117.321095,36.907791000000003,1.24399996,-0.00600000005,20200301192002,707,0x1,0x3,20.3099995,26.241642,0.0363610461,-0.0410791487,2.11111783e-05,30,1.00899994,1
707101300004616,115519290,2458909.6967395586,58909.192905099997,19.5467167,0.0816629753,0,zg,117.3212102,36.907740199999999,0.713,0.0790000036,20200301192905,707,0x1,0x3,20.2399998,26.2425327,0.0377670154,-0.0445896238,2.36717588e-05,30,1.00899994,3
707101300004616,115815292,2458912.6565467338,58912.152928199997,19.1419106,0.0603331476,0,zg,117.32129,36.907794600000003,0.757000029,0.023,20200304152917,707,0x1,0x3,20.7999992,26.2434731,0.0320237055,-0.0631090403,1.28737356e-05,30,1.02900004,1
707101300004616,116118023,2458915.6836198219,58915.180231500002,18.9847908,0.0537254252,0,zg,117.32130960000001,36.907730700000002,1.22300005,0.214000002,20200307180208,707,0x1,0x3,20.2199993,26.2490406,0.0359427184,-0.0534309074,2.3065737e-05,30,1.00800002,1
707101300004616,116118120,2458915.6845919448,58915.181203699998,18.7727928,0.0460651964,0,zg,117.3212903,36.907740400000002,0.252000004,-0.0250000004,20200307181169,707,0x1,0x3,20.4099998,26.2316628,0.0372420624,-0.0596349984,2.21709306e-05,30,1.00800002,3
707101300004616,116320552,2458917.7087501269,58917.205520800002,19.2566872,0.065716818,32768,zg,117.3213281,36.907820700000002,0.595000029,-0.437999994,20200309205486,707,0x1,0x3,19.2099991,25.7120266,0.0400917307,-0.0459526926,6.7654757e-05,30,1.01699996,1
707101300004616,116321259,2458917.7158213677,58917.212592600001,19.1352215,0.0600343086,0,zg,117.3213746,36.907799500000003,0.595000029,0.00700000022,20200309212535,707,0x1,0x3,19.4899998,25.83885,0.038238667,-0.036234159,4.96470711e-05,30,1.02199996,3
707101300004616,118528056,2458939.7818631632,58939.280567100002,18.8991528,0.0504669994,0,zg,117.321298,36.907738500000001,0.626999974,0.075000003,20200331280556,707,0x1,0x3,20.1700001,25.6517544,0.0391591638,-0.0280684289,2.88910887e-05,30,1.44500005,3
707101300004616,118615752,2458940.6587371146,58940.157523100002,19.4434223,0.0755775869,0,zg,117.3213111,36.907781100000001,0.549000025,-0.239999995,20200401157477,707,0x1,0x3,19.7800007,25.7217731,0.0401057899,-0.0722687319,4.22319572e-05,30,1.02999997,3
707101300004616,120220238,2458956.7020738088,58956.202384299999,19.3187084,0.0688354224,0,zg,117.3213192,36.9077853,0.550000012,0.0430000015,20200417202384,707,0x1,0x3,21.5900002,26.1726303,0.0258948505,-0.0594029576,7.13566124e-06,30,1.26199996,3
707101300004616,120819526,2458962.6943891449,58962.195266199997,19.6182213,0.0861541927,0,zg,117.3212901,36.907759599999999,1.05200005,-0.112000003,20200423195266,707,0x1,0x3,21.4799995,26.1710167,0.0261345152,-0.0646042749,7.33778006e-06,30,1.30799997,3
707101300004616,120915673,2458963.6557690389,58963.156736099998,19.6864738,0.0906609893,0,zg,117.3212853,36.907784399999997,0.936999977,-0.064000003,20200424156736,707,0x1,0x3,21.6900005,26.171978,0.0280958265,-0.0613910034,8.39853601e-06,30,1.15900004,1
707101300004616,120915859,2458963.6576322657,58963.158599499999,19.5815315,0.0838206112,0,zg,117.3213045,36.907736800000002,1.17900002,-0.0379999988,20200424158576,707,0x1,0x3,21.6200008,26.1889915,0.0274677593,-0.0756297112,8.04742467e-06,30,1.16499996,3
707101300004616,120918084,2458963.6798755708,58963.180844900002,19.2801476,0.0668787211,0,zg,117.3212968,36.907752799999997,0.967000008,-0.0299999993,20200424180833,707,0x1,0x3,21.6000004,26.1673374,0.0291006435,-0.0762265623,8.99026963e-06,30,1.25100005,1
707101300004616,120918178,2458963.6808129842,58963.181782400003,19.0812798,0.0576827973,0,zg,117.32131939999999,36.907750800000002,0.675999999,-0.00999999978,20200424181759,707,0x1,0x3,21.6599998,26.159399,0.0280887429,-0.0714529455,8.4161793e-06,30,1.255,3
707101300004616,121017171,2458964.6706512286,58964.171713000003,20.2106934,0.132789761,0,zg,117.3213397,36.907741700000003,1.25699997,0.237000003,20200425171713,707,0x1,0x3,21.5499992,26.0992756,0.0289889332,-0.0634002239,9.09146547e-06,30,1.22300005,3
707101300004616,121119528,2458965.6941324798,58965.195289399999,19.1932507,0.0626806244,0,zg,117.3212992,36.907737500000003,0.833000004,-0.112999998,20200426195289,707,0x1,0x3,21.3799992,26.1711254,0.0267611612,-0.0683019981,7.60335161e-06,30,1.35300004,3
707101300004616,121221942,2458966.7181695779,58966.219421299997,19.2321453,0.0645240918,32768,zg,117.3211501,36.907821800000001,0.510999978,0.179000005,20200427219410,707,0x1,0x3,19.75,24.9003296,0.051138714,-0.0441858433,7.64848664e-05,30,1.54200006,3
707101300004616,121222223,2458966.7209818331,58966.222233799999,19.1815796,0.0621384531,32768,zg,117.3213587,36.907726500000003,1.13199997,-0.319000006,20200427222211,707,0x1,0x3,20.0400009,25.0973778,0.0839651525,-0.0440566652,0.000150710912,30,1.56599998,1
707101300004616,121320040,2458967.6990630459,58967.200405099997,19.1183128,0.0592861362,0,zg,117.321316,36.907771799999999,0.897000015,0.0209999997,20200428200405,707,0x1,0x3,21.2199993,26.1368008,0.0297747478,-0.062607266,9.67470623e-06,30,1.41900003,3
707101300004616,121621535,2458970.7137418268,58970.2153588,19.1440811,0.0604304075,0,zg,117.3213894,36.907775600000001,0.514999986,-0.0489999987,20200501215359,707,0x1,0x3,20.3799992,26.0973873,0.0380434729,-0.0262820702,2.18002897e-05,30,1.60300004,1
707101300004616,121920010,2458973.6982197864,58973.200104199997,19.3079395,0.0682830736,0,zg,117.3212801,36.907748699999999,0.397000015,-0.0329999998,20200504200104,707,0x1,0x3,20.3199997,26.1203003,0.0375942253,-0.0307729729,2.28052504e-05,30,1.53999996,1
707101300004616,122523334,2458979.7309367433,58979.2333449,19.2898598,0.067366004,0,zg,117.32139100000001,36.907809800000003,0.465000004,0.00100000005,20200510233345,707,0x1,0x3,20.6399994,25.8866386,0.0363697149,-0.0166690368,1.76250378e-05,30,2.16199994,1
707101300004616,123320672,2458987.7036660728,58987.2067245,19.8812675,0.104747228,0,zg,117.3213951,36.907783899999998,0.368999988,0.0280000009,20200518206655,707,0x1,0x3,20.9799995,26.0655937,0.0306007657,-0.0448265895,1.09158518e-05,30,2.07800007,1
707101300004616,133850659,2459093.0028610937,59092.506597200001,19.7421989,0.0945035592,0,zg,117.32127269999999,36.9076764,1.26699996,-0.216000006,20200831506597,707,0x1,0x3,20.9400005,26.0451279,0.0334437042,-0.0384981893,1.41295723e-05,30,1.71599996,1
707101300004616,136647490,2459120.9734626599,59120.474907399999,19.2599297,0.0658761337,0,zg,117.32131680000001,36.907744700000002,0.691999972,-0.0350000001,20200928474907,707,0x1,0x3,21.4899998,26.1617622,0.027031444,-0.0536033772,7.79837865e-06,30,1.35399997,3
707101300004616,136647630,2459120.9748632922,59120.476307899997,19.1143074,0.0591103919,0,zg,117.3212927,36.9077609,0.72299999,0.0879999995,20200928476308,707,0x1,0x3,21.3799992,26.1623268,0.0281406753,-0.0521517061,8.41125075e-06,30,1.34599996,1
707101300004616,136749043,2459121.9890885712,59121.4904398,19.8936615,0.105706118,0,zg,117.3213329,36.907746500000002,0.662,-0.0680000037,20200929490440,707,0x1,0x3,21.6599998,26.1450806,0.0242496356,-0.0585542805,6.16565148e-06,30,1.25899994,3
707101300004616,136750843,2459122.0070879487,59121.508437500001,19.3513584,0.0705386698,0,zg,117.3212973,36.907765400000002,1.28499997,-0.133000001,20200929508426,707,0x1,0x3,21.6599998,26.1699562,0.0266672038,-0.0668765232,7.53266113e-06,30,1.18599999,1
707101300004616,137053185,2459125.0307833529,59124.531851899999,20.2708359,0.138463363,0,zg,117.3212734,36.907787200000001,0.326000005,-0.116999999,20201002531852,707,0x1,0x3,20.4599991,26.2168102,0.0347930379,-0.0452975109,1.87405094e-05,30,1.09399998,1
707101300004616,137544350,2459129.9429015703,59129.443506900003,19.4890652,0.0782089755,0,zg,117.3213197,36.907768500000003,0.344999999,-0.104000002,20201007443507,707,0x1,0x3,20.5100002,26.157896,0.0349499471,-0.0505543612,1.73938042e-05,30,1.39600003,3
707101300004616,138053059,2459135.0304708513,59134.530590299997,20.6992168,0.177829623,0,zg,117.3212675,36.907748900000001,0.864000022,-0.444000006,20201012530590,707,0x1,0x3,21.0599995,26.2529373,0.0297054518,-0.0713466927,1.00114557e-05,30,1.04499996,3
707101300004616,138142775,2459135.9277211297,59135.427754600001,20.6838722,0.176563859,0,zg,117.3212334,36.907686400000003,0.589999974,-0.0379999988,20201013427731,707,0x1,0x3,21.5499992,26.1445217,0.0256208982,-0.0572095811,7.17396779e-06,30,1.39199996,3
707101300004616,138142868,2459135.9286472099,59135.428680600002,21.044445,0.206307888,0,zg,117.3213705,36.907742900000002,0.386000007,0.0320000015,20201013428681,707,0x1,0x3,21.6200008,26.1440945,0.0269994773,-0.0607271343,7.9052179e-06,30,1.38600004,1
707101300004616,138244525,2459136.945318792,59136.445254600003,19.0412693,0.0560038649,0,zg,117.3213208,36.9077664,1.42299998,-0.0170000009,20201014445243,707,0x1,0x3,21.6700001,26.2184448,0.0254425649,-0.0660471544,6.72260876e-06,30,1.27900004,3
707101300004616,138344518,2459137.9453453976,59137.445185199998,19.0433807,0.0560910963,0,zg,117.3213161,36.907750900000003,0.532999992,-0.0540000014,20201015445185,707,0x1,0x3,21.6900005,26.0931644,0.0270866342,-0.0587447062,7.64205106e-06,30,1.26699996,3
707101300004616,138344612,2459137.9462829903,59137.446122699999,18.7762833,0.0461806022,0,zg,117.321292,36.9077658,0.499000013,-0.0460000001,20201015446123,707,0x1,0x3,21.7000008,26.0983219,0.0270294361,-0.0672762543,7.67137863e-06,30,1.26199996,1
707101300004616,138544832,2459139.9486743123,59139.448321800002,20.9666405,0.19988966,0,zg,117.3213736,36.907708300000003,0.791000009,-0.0350000001,20201017448310,707,0x1,0x3,21.5200005,25.7996426,0.0296695884,-0.0496430062,9.47114313e-06,30,1.22899997,1
707101300004616,138651942,2459141.0198766179,59140.5194213,19.1181736,0.0592800565,0,zg,117.32129689999999,36.907741600000001,0.569000006,0.00200000009,20201018519410,707,0x1,0x3,21.2399998,26.2352085,0.0290771574,-0.0854182467,9.05575416e-06,30,1.03799999,3
707101300004616,138744583,2459141.9463773766,59141.4458333,19.40485,0.0734232962,0,zg,117.3212685,36.907759200000001,0.500999987,0.0450000018,20201019445833,707,0x1,0x3,21.75,26.1956577,0.0247062519,-0.0555700995,6.62050343e-06,30,1.21599996,3
707101300004616,138745162,2459141.9521650337,59141.451620400003,20.7236023,0.17984128,0,zg,117.3212844,36.9077354,1.28299999,-0.0240000002,20201019451620,707,0x1,0x3,21.8500004,26.2114105,0.0255495533,-0.0734991655,7.07326308e-06,30,1.19400001,1
707101300004616,138848436,2459142.985006921,59142.484363399999,19.7213211,0.0930465534,0,zg,117.3212999,36.907758600000001,0.904999971,0.0930000022,20201020484363,707,0x1,0x3,22.0599995,26.2340298,0.0257369429,-0.0622105971,6.94694882e-06,30,1.09000003,3
707101300004616,138940612,2459143.9068542682,59143.406122699998,20.8966732,0.194118023,0,zg,117.32138670000001,36.907738000000002,1.43799996,-0.252999991,20201021406100,707,0x1,0x3,21.7800007,26.1859837,0.028908534,-0.0622621402,8.83259781e-06,30,1.38999999,1
707101300004616,138940706,2459143.9077918618,59143.407060199999,20.5887032,0.168713331,0,zg,117.3213411,36.907722900000003,0.74000001,0.0869999975,20201021407060,707,0x1,0x3,21.7800007,26.1820354,0.0265901964,-0.0612827055,7.45733041e-06,30,1.38399994,3
707101300004616,139048396,2459144.9848043662,59144.4839699,19.3294144,0.0693891868,0,zg,117.32133399999999,36.907760099999997,0.908999979,0.00800000038,20201022483808,707,0x1,0x3,22.1200008,26.2430077,0.0247753263,-0.0656055659,6.49627555e-06,30,1.079,3
707101300004616,139146728,2459145.9682081691,59145.467280099998,19.6465378,0.0879976153,0,zg,117.3212927,36.907756999999997,0.762000024,0.0649999976,20201023467268,707,0x1,0x3,21.9200001,26.207325,0.0262312815,-0.0785093829,7.3532874e-06,30,1.11099994,1
707101300004616,139146964,2459145.9705694956,59145.469641199998,20.4774647,0.159068078,0,zg,117.32128489999999,36.907767300000003,1.02199996,-0.0250000004,20201023469630,707,0x1,0x3,21.8199997,26.2052727,0.0247232318,-0.067510955,6.50985567e-06,30,1.10500002,3
707101300004616,139546314,2459149.9644539324,59149.463148100003,19.8002071,0.0986619145,0,zg,117.32136970000001,36.907772700000002,0.542999983,-0.0529999994,20201027463148,707,0x1,0x3,21.3099995,26.2243729,0.0297296941,-0.0585638098,9.56484109e-06,30,1.09500003,3
707101300004616,139549630,2459149.9976168578,59149.496307900001,20.5666485,0.166893959,0,zg,117.32140889999999,36.907748900000001,1.51800001,0.0189999994,20201027496308,707,0x1,0x3,21.3999996,26.2500038,0.0294784885,-0.0759619474,9.27091605e-06,30,1.03699994,1
707101300004616,139749040,2459151.9919006014,59151.490405099998,19.3314228,0.0694935918,0,zg,117.32132009999999,36.907761999999998,0.959999979,0.0219999999,20201029490405,707,0x1,0x3,20.8700008,26.3220978,0.0329524577,-0.0822613537,1.30293702e-05,30,1.03699994,1
707101300004616,139749231,2459151.9938104888,59151.492314800002,19.4338551,0.0750373527,0,zg,117.3212082,36.907776599999998,0.746999979,-0.0939999968,20201029492315,707,0x1,0x3,21,26.3096333,0.0290087648,-0.0646410957,9.5330779e-06,30,1.03499997,3
707101300004616,139852839,2459153.0299831936,59152.528391200001,19.5116978,0.0795474276,0,zg,117.3212888,36.907800600000002,0.736999989,-0.104999997,20201030528380,707,0x1,0x3,20.9200001,26.3085384,0.0325016901,-0.0671593249,1.26781852e-05,30,1.00899994,3
707101300004616,140141006,2459155.9119266844,59155.410069400001,20.4364643,0.154858366,0,zg,117.3212719,36.907583700000004,0.331999987,-0.128999993,20201102410069,707,0x1,0x3,20.4599991,26.2538395,0.0390778221,-0.0410787277,2.14912652e-05,30,1.20700002,3
707101300004616,140249043,2459156.9923955542,59156.4904398,19.3244667,0.0691327304,0,zg,117.32135049999999,36.907745599999998,0.333999991,-0.00100000005,20201103490405,707,0x1,0x3,20.6000004,26.2822132,0.0325963534,-0.0356142148,1.44605119e-05,30,1.023,3
707101300004616,140249143,2459156.993391051,59156.491435199998,19.009985,0.0547287427,0,zg,117.3212655,36.907744999999998,1.00300002,-0.0160000008,20201103491400,707,0x1,0x3,20.5499992,26.2822075,0.0353399701,-0.0405841991,1.75259174e-05,30,1.02199996,1
707101300004616,140340048,2459157.9025242403,59157.400486099999,19.166214,0.0614323765,0,zg,117.32134550000001,36.907800000000002,0.526000023,-0.0890000015,20201104400486,707,0x1,0x3,20.3400002,26.2226372,0.0365682244,-0.0357214473,2.16380686e-05,30,1.22300005,3
707101300004616,140446484,2459158.9669835018,59158.4648495,18.652132,0.0422792733,0,zg,117.3213208,36.907744200000003,0.495999992,-0.0250000004,20201105464838,707,0x1,0x3,20.4300003,26.2692986,0.0366045944,-0.0484539196,2.02035117e-05,30,1.046,3
707101300004616,140446578,2459158.9679210894,59158.465787000001,19.0149593,0.054929316,0,zg,117.3212731,36.907716399999998,1.03199995,0.119999997,20201105465775,707,0x1,0x3,20.3799992,26.270483,0.0344534144,-0.0440904535,1.81067044e-05,30,1.04499996,1
707101300004616,140944283,2459163.9454083857,59163.442835599999,19.9234657,0.108043,0,zg,117.3213317,36.9077488,1.40900004,-0.218999997,20201110442824,707,0x1,0x3,21.4599991,26.3061447,0.0280982554,-0.0827600881,8.54092195e-06,30,1.05900002,3
707101300004616,141045359,2459164.9562593023,59164.453599499997,20.5219326,0.163205385,0,zg,117.3213744,36.907820600000001,1.07599998,0.0399999991,20201111453472,707,0x1,0x3,21.1399994,26.3581848,0.0313045904,-0.107476823,1.13793112e-05,30,1.03900003,3
707101300004616,141144878,2459165.9515294293,59165.448784699998,19.8268166,0.100624003,0,zg,117.3212683,36.907753800000002,0.768999994,-0.0289999992,20201112448785,707,0x1,0x3,21.7800007,26.3214359,0.0254122578,-0.0937032849,6.99226575e-06,30,1.04200006,1
707101300004616,141144972,2459165.9524670071,59165.449722199999,19.5910206,0.0844182298,0,zg,117.3213025,36.907738799999997,0.414999992,0.0390000008,20201112449722,707,0x1,0x3,21.7999992,26.3236465,0.0254008882,-0.09292835,6.99423072e-06,30,1.03999996,3
707101300004616,141248182,2459166.984660768,59166.481828700002,19.2500362,0.0653913096,0,zg,117.3212944,36.907782500000003,0.917999983,0.0579999983,20201113481817,707,0x1,0x3,21.6200008,26.2999897,0.0279594678,-0.0743179694,8.48937998e-06,30,1.01100004,3
707101300004616,141351168,2459168.0146080726,59167.511689799998,19.3499699,0.0704653412,0,zg,117.32123350000001,36.907769299999998,1.48199999,-0.0529999994,20201114511690,707,0x1,0x3,21.1000004,26.3106041,0.0304597449,-0.0615593828,1.02805807e-05,30,1.01199996,3
707101300004616,141447416,2459168.9771647179,59168.474166699998,20.8372803,0.18921864,0,zg,117.3213026,36.907648999999999,0.953999996,-0.0850000009,20201115474155,707,0x1,0x3,21.4300003,26.3231506,0.0278430711,-0.078091152,8.42474401e-06,30,1.01199996,1
707101300004616,141644759,2459170.9507515882,59170.447592600001,19.8789864,0.104571618,0,zg,117.3213002,36.907728599999999,0.977999985,0.0270000007,20201117447593,707,0x1,0x3,21.8199997,26.3126221,0.023624178,-0.0780975893,5.96504378e-06,30,1.02699995,1
707101300004616,141644853,2459170.9516891618,59170.448530100002,20.0740356,0.120517954,0,zg,117.32133779999999,36.907765900000001,0.407999992,-0.00200000009,20201117448530,707,0x1,0x3,21.7999992,26.3026714,0.0242135245,-0.0666984692,6.20537003e-06,30,1.02600002,3
707101300004616,141741494,2459171.9181786827,59171.414942099997,19.4883919,0.0781694949,0,zg,117.3213178,36.907736,0.90200001,-0.0469999984,20201118414942,707,0x1,0x3,21.7199993,26.2938042,0.024734892,-0.0746716186,6.5459808e-06,30,1.07000005,3
707101300004616,141944883,2459173.9522278463,59173.448831000002,21.165451,0.216289759,0,zg,117.321353,36.907803899999998,0.600000024,-0.0780000016,20201120448796,707,0x1,0x3,21.7099991,26.3039055,0.0254484303,-0.0861966833,6.98041958e-06,30,1.01900005,3
707101300004616,141945638,2459173.9597863401,59173.456388899998,19.0344276,0.0557221808,32768,zg,117.3212874,36.907788099999998,0.598999977,-0.0410000011,20201120456389,707,0x1,0x3,20.3899994,25.0773487,0.0458096527,-0.0813365057,3.66242421e-05,30,1.01400006,1
707101300004616,142238946,2459176.8930887766,59176.389467599998,19.3332596,0.0695892274,0,zg,117.3212858,36.9077573,0.711000025,0.0450000018,20201123389456,707,0x1,0x3,21.7199993,26.2395916,0.0257519353,-0.0460263379,7.07340951e-06,30,1.09500003,3
707101300004616,142341504,2459177.9187435792,59177.415046299997,21.0111904,0.203564644,0,zg,117.3215522,36.907628600000002,1.49300003,-0.0219999999,20201124415046,707,0x1,0x3,21.4099998,26.3104038,0.0284643862,-0.0974259302,8.73472891e-06,30,1.04299998,3
707101300004616,142352061,2459178.0243184757,59177.520613399996,21.10989,0.211706519,0,zg,117.3211762,36.907803100000002,0.504999995,-0.0390000008,20201124520486,707,0x1,0x3,21.6000004,26.3194332,0.0263804886,-0.0901146531,7.54280836e-06,30,1.046,1
707101300004616,142545785,2459179.9617042681,59179.4578588,19.2302628,0.0644335598,0,zg,117.3212908,36.907770800000002,0.675999999,-0.0160000008,20201126457847,707,0x1,0x3,21.4300003,26.3065376,0.0278805271,-0.0658953637,8.35428909e-06,30,1.00800002,3
707101300004616,142649290,2459180.9968238478,59180.4929051,18.9752121,0.0533494018,0,zg,117.3212693,36.907734099999999,0.734000027,0.0890000015,20201127492894,707,0x1,0x3,20.5799999,26.2942352,0.0344371013,-0.0396846794,1.65635083e-05,30,1.023,1
707101300004616,142649383,2459180.9977498101,59180.493831,19.0719147,0.0572848991,0,zg,117.321302,36.907818900000002,0.709999979,-0.00200000009,20201127493831,707,0x1,0x3,20.3999996,26.3055782,0.0340296179,-0.0555867031,1.76412941e-05,30,1.02400005,3
707101300004616,142751687,2459182.0208650175,59181.516875000001,19.5348282,0.0809386298,0,zg,117.32134069999999,36.907740199999999,0.838999987,-0.0410000011,20201128516875,707,0x1,0x3,20.7000008,26.3005142,0.0350042433,-0.0602886975,1.60164109e-05,30,1.05799997,3
707101300004616,142853074,2459183.0348000764,59182.5307407,18.797966,0.046905186,0,zg,117.3213485,36.907726599999997,0.605000019,-0.0390000008,20201129530741,707,0x1,0x3,20.2199993,26.2869682,0.0360603631,-0.0414754786,2.20309066e-05,30,1.09000003,1
707101300004616,143045508,2459184.9592686621,59184.455081,18.7979546,0.0469047837,0,zg,117.3212937,36.907720400000002,0.425999999,0.00200000009,20201201455035,707,0x1,0x3,20.5,26.2879238,0.0390140265,-0.0394526124,2.29263787e-05,30,1.00899994,1
707101300004616,143442328,2459188.9277246017,59188.423286999998,19.2529869,0.0655355006,0,zg,117.32128640000001,36.907757599999997,0.702000022,-0.00999999978,20201205423241,707,0x1,0x3,20.75,26.2955494,0.0341221094,-0.0409688503,1.48457057e-05,30,1.00999999,3
707101300004616,143442425,2459188.9286969593,59188.424259300002,19.3568726,0.0708305985,0,zg,117.32131680000001,36.907715799999998,0.685000002,-0.0670000017,20201205424236,707,0x1,0x3,20.8199997,26.300436,0.0332302377,-0.0536016449,1.39415415e-05,30,1.00999999,1
707101300004616,143539300,2459189.8975048829,59189.393009300002,19.5662479,0.082866706,0,zg,117.3213253,36.9077798,0.739000022,0.0160000008,20201206392963,707,0x1,0x3,20.8899994,26.3488617,0.0336835049,-0.0996046737,1.36309627e-05,30,1.02999997,2
707101300004616,143829846,2459192.8031223277,59192.298460600003,19.6915646,0.0910059512,32768,zg,117.3213301,36.907743000000004,0.94599998,-0.130999997,20201209298426,707,0x1,0x3,20.3500004,25.689497,0.039919205,-0.0364122316,2.58568725e-05,30,1.25100005,2
707101300004616,143838494,2459192.8896086463,59192.384942099998,19.1829529,0.0622019768,32768,zg,117.3213093,36.907775999999998,1.06700003,-0.0909999982,20201209384942,707,0x1,0x3,20.7399998,25.8545322,0.036809355,-0.0648728833,1.77490929e-05,30,1.02999997,3
707101300004616,143841127,2459192.9159410945,59192.411273099999,19.2050819,0.0632353872,32768,zg,117.32147500000001,36.907760799999998,0.644999981,0.0469999984,20201209411273,707,0x1,0x3,19.8999996,25.2136288,0.0494943857,-0.0471562259,5.70416014e-05,30,1.01100004,2
707101300004616,143934981,2459193.854533846,59193.3498148,20.6126366,0.170687556,32768,zg,117.3212231,36.907817799999997,1.204,-0.296999991,20201210349815,707,0x1,0x3,21.5900002,26.2972889,0.0268892534,-0.111944787,7.85663633e-06,30,1.08000004,2
707101300004616,143935814,2459193.8628675956,59193.3581481,19.9622917,0.111152947,0,zg,117.3212838,36.9077451,1.19599998,-0.194999993,20201210358148,707,0x1,0x3,21.7900009,26.2661037,0.0263201836,-0.0679530799,7.40606447e-06,30,1.06400001,1
707101300004616,143936248,2459193.8672081302,59193.362488400002,19.3078766,0.0682798475,0,zg,117.3212858,36.907786899999998,1.10500002,-0.0549999997,20201210362419,707,0x1,0x3,21.6200008,26.2955761,0.0280996207,-0.0992860124,8.47215415e-06,30,1.05599999,3
707101300004616,143944043,2459193.9451637291,59193.440439799997,21.5450783,0.247605562,0,zg,117.3212922,36.907703599999998,0.690999985,-0.209999993,20201210440370,707,0x1,0x3,21.6100006,26.281189,0.0249373801,-0.0638429746,6.71951284e-06,30,1.01199996,2
707101300004616,144042593,2459194.9307135763,59194.425937499997,19.9747276,0.112164795,0,zg,117.321415,36.907665399999999,0.583999991,0.0240000002,20201211425938,707,0x1,0x3,20.9400005,25.8697491,0.0340316668,-0.0676965192,1.39781177e-05,30,1.00899994,3
707101300004616,144042688,2459194.9316627318,59194.426886599998,20.0196304,0.115881868,0,zg,117.321251,36.907795,0.885999978,-0.0989999995,20201211426875,707,0x1,0x3,20.8600006,25.9216537,0.0345131531,-0.0690421686,1.44949645e-05,30,1.00899994,2
707101300004616,144233467,2459196.8395490148,59196.334675899998,20.8050251,0.186557889,0,zg,117.3210888,36.907626299999997,1.25399995,-0.259000003,20201213334664,707,0x1,0x3,21.2399998,26.2767906,0.028939411,-0.0559414364,9.1218426e-06,30,1.09500003,2
707101300004616,144242965,2459196.9345306177,59196.429652799998,19.5091724,0.0793969259,0,zg,117.3213406,36.907700800000001,1.36199999,-0.0199999996,20201213429630,707,0x1,0x3,20.8799992,26.2992973,0.0357158855,-0.0571691059,1.46862112e-05,30,1.01100004,2
707101300004616,144435291,2459198.8578866227,59198.352916700002,21.3497601,0.231493592,0,zg,117.32137969999999,36.907763899999999,0.64200002,-0.00999999978,20201215352917,707,0x1,0x3,21.5499992,26.3068943,0.0276213661,-0.0852928087,8.28933116e-06,30,1.04999995,2
707101300004616,144437001,2459198.8749823268,59198.370011600004,20.2175808,0.133431345,0,zg,117.3213011,36.9077281,0.713999987,0.0199999996,20201215369745,707,0x1,0x3,21.5300007,26.2948799,0.0263785962,-0.0584871359,7.47772492e-06,30,1.028,3
707101300004616,144437096,2459198.8759313668,59198.370960599997,20.1968384,0.131505817,0,zg,117.3213792,36.907805500000002,0.871999979,-0.0540000014,20201215370949,707,0x1,0x3,21.5599995,26.3121281,0.0266294032,-0.0813821852,7.67518668e-06,30,1.02699995,1
707101300004616,144438141,2459198.8863832587,59198.381412000002,19.9402332,0.109376907,0,zg,117.3213037,36.9077591,0.698000014,0.074000001,20201215381412,707,0x1,0x3,21.7000008,26.2976856,0.0254865661,-0.0664401054,7.07232266e-06,30,1.01800001,2
707101300004616,144534184,2459199.8468554402,59199.341840300003,19.5987892,0.084910579,0,zg,117.3213049,36.907753399999997,0.588999987,-0.0520000011,20201216341840,707,0x1,0x3,21.3899994,26.2887516,0.0278920084,-0.0533295609,8.44087936e-06,30,1.06400001,2
707101300004616,144534277,2459199.8477929826,59199.342777799997,19.8175316,0.0999354795,0,zg,117.321298,36.907792600000001,0.389999986,-0.0260000005,20201216342778,707,0x1,0x3,21.1599998,26.2934856,0.0301733781,-0.0597401336,1.00127736e-05,30,1.06200004,3
707101300004616,144553142,2459200.0364472112,59199.531423599998,19.151762,0.060776148,0,zg,117.3213777,36.907732799999998,0.941999972,-0.0480000004,20201216531424,707,0x1,0x3,21.0400009,26.2689705,0.0325687826,-0.0678852126,1.20669274e-05,30,1.24000001,2
707101300004616,144630645,2459200.8115161015,59200.306458300001,20.7555046,0.182472944,0,zg,117.32132609999999,36.907806600000001,1.05799997,0.0170000009,20201217306366,707,0x1,0x3,21.3700008,25.875206,0.0303305723,-0.0561592132,1.02478143e-05,30,1.14100003,2
707101300004616,144642827,2459200.9333386249,59200.428275500002,19.150774,0.0607315525,32768,zg,117.32134480000001,36.907734099999999,0.920000017,-0.111000001,20201217428264,707,0x1,0x3,20.9200001,25.6261806,0.03540878,-0.0505501181,1.54985792e-05,30,1.01600003,1
707101300004616,144642925,2459200.9343224703,59200.429259299999,19.0344181,0.0557217896,32768,zg,117.3212838,36.9077105,1.07700002,-0.0890000015,20201217429236,707,0x1,0x3,20.9099998,25.6410408,0.0359171033,-0.0744498968,1.59889532e-05,30,1.01600003,3
707101300004616,144645868,2459200.9637450343,59200.458680600001,19.4010334,0.0732135847,32768,zg,117.3213282,36.907836199999998,0.746999979,-0.0419999994,20201217458669,707,0x1,0x3,20.2600002,25.3889256,0.0406274647,-0.0258763134,2.86906361e-05,30,1.04799998,2
707101300004616,144741425,2459201.9193644044,59201.4142593,20.6510677,0.173857808,0,zg,117.3212431,36.907706900000001,0.768999994,-0.159999996,20201218414259,707,0x1,0x3,21.0900002,26.320343,0.0314166471,-0.0763111711,1.28162574e-05,30,1.00999999,2
707101300004616,144834510,2459202.8502475433,59202.345104200002,19.8996067,0.106168739,0,zg,117.3212813,36.907755100000003,0.342999995,0.0340000018,20201219345104,707,0x1,0x3,21,26.2983093,0.0333117396,-0.0707777515,1.2697883e-05,30,1.04499996,2
707101300004616,144836120,2459202.8663477013,59202.361203699998,19.9252071,0.108180828,0,zg,117.321198,36.907780799999998,0.643999994,0.064000003,20201219361181,707,0x1,0x3,21.3099995,26.2950993,0.0290810987,-0.0668507665,9.27517067e-06,30,1.02600002,3
707101300004616,144848745,2459202.9926027632,59202.4874537,19.996994,0.113995634,0,zg,117.32132129999999,36.9078029,1.28799999,-0.0829999968,20201219487442,707,0x1,0x3,21.4200001,26.2837887,0.0262758676,-0.0596987009,7.54936718e-06,30,1.11699998,2
707101300004616,144931520,2459203.8203900629,59203.315208300002,20.8839912,0.193071842,0,zg,117.3213983,36.9077105,0.996999979,-0.112999998,20201220315208,707,0x1,0x3,21.0900002,26.2796402,0.0306204408,-0.0647872463,1.04812916e-05,30,1.09599996,2
707101300004616,144939209,2459203.8972796742,59203.392094900002,19.7049179,0.0919164345,0,zg,117.3212667,36.907772000000001,0.822000027,0.0489999987,20201220392083,707,0x1,0x3,21.3199997,26.3051472,0.0287865065,-0.0721913353,9.01737349e-06,30,1.00800002,1
707101300004616,144939304,2459203.8982288106,59203.393043999997,19.7863693,0.0976551473,0,zg,117.32132439999999,36.907690899999999,0.48300001,-0.0250000004,20201220393032,707,0x1,0x3,21.2600002,26.2995815,0.0289880335,-0.0645490214,9.17750094e-06,30,1.00800002,3
707101300004616,144939548,2459203.9006710052,59203.395486100002,19.974699,0.112162471,0,zg,117.32128899999999,36.9077549,1.46099997,-0.135000005,20201220395486,707,0x1,0x3,21.2099991,26.3109455,0.0308416504,-0.0787616596,1.0600872e-05,30,1.00800002,2
707101300004616,145031190,2459204.817129422,59204.311909700002,19.4819241,0.0777913481,0,zg,117.3213374,36.907775800000003,0.837000012,-0.063000001,20201221311898,707,0x1,0x3,21.6599998,26.2774258,0.0263813883,-0.0664705262,7.45244279e-06,30,1.097,2
707101300004616,145034604,2459204.8512627101,59204.346041700002,19.6787949,0.090143092,0,zg,117.3213274,36.907741799999997,0.753000021,-0.00400000019,20201221346042,707,0x1,0x3,21.6000004,26.3067207,0.0277081579,-0.0910003781,8.35623086e-06,30,1.03699994,2
707101300004616,145044115,2459204.9463819442,59204.441157399997,20.8365898,0.189161658,0,zg,117.3215111,36.9077305,1.097,-0.0289999992,20201221441157,707,0x1,0x3,21.7299995,26.3145237,0.0256465059,-0.0832640678,7.09578126e-06,30,1.03799999,3
707101300004616,145125812,2459205.7633792786,59205.258125,19.0555477,0.0565967225,0,zg,117.3212887,36.907746199999998,0.632000029,0.0379999988,20201222257951,707,0x1,0x3,21.2099991,26.2335072,0.0296990089,-0.0603562668,9.52897517e-06,30,1.273,2
707101300004616,145138660,2459205.8918677247,59205.3866088,21.0773621,0.209023237,0,zg,117.32132129999999,36.9077281,1.18599999,-0.108000003,20201222386609,707,0x1,0x3,22.0200005,26.2703819,0.0237043817,-0.0633695722,6.05916284e-06,30,1.00800002,3
707101300004616,145138848,2459205.8937427923,59205.388483800001,21.1622314,0.21602416,0,zg,117.3212735,36.907780000000002,1.00999999,-0.340999991,20201222388484,707,0x1,0x3,21.7000008,26.0472355,0.0270712189,-0.0799455345,7.91769708e-06,30,1.00800002,2
707101300004616,145236888,2459206.8741820306,59206.368888899997,19.2535419,0.0655626878,32768,zg,117.32138310000001,36.907677499999998,1.05200005,-0.0920000002,20201223368889,707,0x1,0x3,20.1700001,25.1523132,0.0444655269,-0.0605426878,4.00409735e-05,30,1.01300001,2
707101300004616,145240506,2459206.910363765,59206.405069400003,18.9116268,0.0509273373,32768,zg,117.3212834,36.907746000000003,1.28400004,-0.136999995,20201223405035,707,0x1,0x3,20.0100002,24.9835281,0.0418913923,-0.0549563915,4.06418694e-05,30,1.01199996,2
707101300004616,145625696,2459210.7623809339,59210.256967599998,19.6725349,0.0897229388,0,zg,117.3211367,36.907650099999998,0.549000025,-0.0390000008,20201227256956,707,0x1,0x3,20.1900005,26.2513046,0.0373398513,-0.0362217017,2.40524441e-05,30,1.21800005,3
707101300004616,145626233,2459210.7677514823,59210.262338,19.8550301,0.102742314,0,zg,117.3211866,36.9078114,0.736999989,0.075000003,20201227262338,707,0x1,0x3,20.4200001,26.2747746,0.0346363671,-0.0656363517,1.83419925e-05,30,1.19700003,1
707101300004616,146345596,2459217.9615314514,59217.455960599997,19.2448177,0.0651370659,0,zg,117.32136079999999,36.907742800000001,1.13600004,-0.0280000009,20210103455949,707,0x1,0x3,20.6800003,26.2747746,0.0351013057,-0.049110394,1.62743618e-05,30,1.14400005,2
707101300004616,146424320,2459218.7487888415,59218.243205999999,19.25527,0.0656473041,0,zg,117.32137160000001,36.907753,1.09399998,-0.128999993,20210104243206,707,0x1,0x3,21.25,26.2658195,0.0294221658,-0.0629199073,9.40984046e-06,30,1.18700004,2
707101300004616,146424414,2459218.7497263574,59218.2441435,19.7126751,0.0924493521,0,zg,117.3212625,36.907757099999998,0.799000025,-0.0989999995,20210104244144,707,0x1,0x3,21.5400009,26.2632313,0.0252537802,-0.0627127662,6.91521291e-06,30,1.18400002,3
707101300004616,146424508,2459218.7506638709,59218.245081000001,19.8951912,0.105824962,0,zg,117.321275,36.907783199999997,0.430999994,0.0590000004,20210104245081,707,0x1,0x3,21.3600006,26.2757702,0.0261354297,-0.0681737587,7.52008782e-06,30,1.18099999,1
707101300004616,146543248,2459219.9380874364,59219.432488400002,19.0856285,0.0578685924,0,zg,117.3213727,36.907760099999997,0.920000017,0.0209999997,20210105432488,707,0x1,0x3,20.5300007,26.2704945,0.0355920047,-0.0401191264,1.68486549e-05,30,1.09599996,2
707101300004616,146626084,2459220.7664537779,59220.260844900004,20.1416245,0.126477182,0,zg,117.32136629999999,36.9077719,0.949999988,-0.140000001,20210106260845,707,0x1,0x3,21.3299999,26.2573986,0.0288032535,-0.0703632012,8.90231058e-06,30,1.11600006,2
707101300004616,146635230,2459220.8579131281,59220.352303200001,20.7993469,0.186089516,0,zg,117.3210746,36.907736499999999,1.12600005,-0.136999995,20210106352257,707,0x1,0x3,20.9599991,26.1514435,0.0318782926,-0.0549895763,1.20393788e-05,30,1.00800002,1
707101300004616,146735383,2459221.8594511347,59221.353831,21.2034035,0.219420433,0,zg,117.3212623,36.907766000000002,0.666000009,0.050999999,20210107353831,707,0x1,0x3,21.8299999,26.2905235,0.0231105275,-0.0675262138,5.77207766e-06,30,1.00899994,2
707101300004616,146739021,2459221.8958403692,59221.3902199,18.9360409,0.0518422462,0,zg,117.3212941,36.907750999999998,0.762000024,0.0179999992,20210107390220,707,0x1,0x3,21.3600006,26.3011303,0.0278479662,-0.0774582103,8.41468409e-06,30,1.03299999,2
707101300004616,146743391,2459221.9395328569,59221.433912,19.8208351,0.10017997,0,zg,117.3213353,36.907734099999999,0.725000024,-0.128000006,20210107433877,707,0x1,0x3,21.3299999,26.2655945,0.0287744533,-0.0588962771,9.04843273e-06,30,1.11300004,3
707101300004616,146830578,2459222.8114152583,59222.305786999998,20.7869358,0.185065627,32768,zg,117.3215575,36.907507099999997,0.783999979,0.108000003,20210108305752,707,0x1,0x3,21.0100002,26.3236427,0.0350499898,-0.127120271,1.43622819e-05,30,1.02699995,2
707101300004616,146838437,2459222.8900038595,59222.384375000001,19.6034508,0.085207358,0,zg,117.3213384,36.907768500000003,0.808000028,-0.0370000005,20210108384375,707,0x1,0x3,21.6200008,26.2885189,0.0252985228,-0.05922601,6.97069845e-06,30,1.02999997,1
707101300004616,146838533,2459222.8909644671,59222.385335600004,19.6812668,0.0903094709,0,zg,117.3213251,36.907753700000001,1.61399996,-0.185000002,20210108385324,707,0x1,0x3,21.7199993,26.305336,0.0253109895,-0.0788723007,6.92455342e-06,30,1.03100002,3
707101300004616,146841111,2459222.9167401548,59222.411111100002,21.434824,0.238510609,0,zg,117.3212882,36.907757199999999,0.458000004,-0.0130000003,20210108411111,707,0x1,0x3,21.8199997,26.2866135,0.0240855459,-0.0685008839,6.253224e-06,30,1.06900001,2
707101300004616,146917990,2459223.6855416815,59223.179907400001,19.2938156,0.0675655901,0,zg,117.3212491,36.907818800000001,0.395000011,0.00100000005,20210109179907,707,0x1,0x3,21.3700008,26.1829376,0.0281474181,-0.0586127192,8.49479875e-06,30,1.44200003,2
707101300004616,146932662,2459223.8322556624,59223.326620400003,19.7192917,0.0929060727,0,zg,117.32128419999999,36.907773599999999,1.37399995,-0.112000003,20210109326574,707,0x1,0x3,21.3700008,26.2854462,0.0290741865,-0.0588277765,9.22961499e-06,30,1.01100004,3
707101300004616,146941594,2459223.9215848753,59223.415949100003,21.0904961,0.210106611,0,zg,117.3214428,36.907809200000003,0.674000025,-0.0540000014,20210109415949,707,0x1,0x3,21.4599991,26.2972298,0.0268071294,-0.0787050724,7.72437943e-06,30,1.08399999,2
707101300004616,147032884,2459224.8344830088,59224.3288426,19.7002258,0.0915955305,0,zg,117.3213262,36.907794199999998,0.568000019,-0.00400000019,20210110328796,707,0x1,0x3,21.5400009,26.3141174,0.0257830657,-0.0838005543,7.21580136e-06,30,1.00899994,2
707101300004616,147042263,2459224.9282796853,59224.422638900003,20.98489,0.201395154,0,zg,117.3212584,36.907796099999999,0.985000014,-0.133000001,20210110422639,707,0x1,0x3,21.0100002,26.2909317,0.0347294956,-0.0677025616,1.36889139e-05,30,1.10500002,2
707101300004616,147043266,2459224.9383028219,59224.432661999999,18.9559784,0.0526032299,0,zg,117.3212896,36.907755299999998,1.13600004,-0.0130000003,20210110432650,707,0x1,0x3,21.1100006,26.2868004,0.0311577376,-0.0769460648,1.09522753e-05,30,1.13199997,1
707101300004616,147043359,2459224.9392403257,59224.4335995,18.7874355,0.0465516113,0,zg,117.32129140000001,36.907740699999998,0.95599997,-0.00499999989,20210110433588,707,0x1,0x3,21.0599995,26.2761631,0.0322966725,-0.0604646653,1.18992448e-05,30,1.13499999,3
707101300004616,147121771,2459225.7233633916,59225.2177199,19.6360111,0.0873079449,0,zg,117.3213018,36.907725800000001,0.768000007,-0.101000004,20210111217685,707,0x1,0x3,21.4300003,26.2206192,0.027806107,-0.0538365208,8.40597477e-06,30,1.21099997,2
707101300004616,147121864,2459225.7242892939,59225.2186458,19.7388859,0.0942709893,0,zg,117.32126220000001,36.907775899999997,0.173999995,-0.0170000009,20210111218646,707,0x1,0x3,21.3199997,26.224514,0.0292430874,-0.0582762398,9.31340401e-06,30,1.20799994,3
707101300004616,147133693,2459225.8425767561,59225.336932899998,19.5805454,0.0837587565,0,zg,117.3212625,36.907772199999997,0.870999992,-0.0240000002,20210111336933,707,0x1,0x3,21.4899998,26.3057137,0.0281448252,-0.0987080038,8.64923186e-06,30,1.00800002,2
707101300004616,147230579,2459226.8114441251,59226.305798599999,19.1219006,0.0594440512,0,zg,117.32134739999999,36.9077822,1.25699997,-0.111000001,20210112305752,707,0x1,0x3,21.5599995,26.2907772,0.027110666,-0.0698222443,8.0731752e-06,30,1.01800001,1
707101300004616,147231070,2459226.816351532,59226.310705999997,19.3992729,0.0731170252,0,zg,117.321302,36.907736499999999,0.524999976,-0.0240000002,20210112310694,707,0x1,0x3,21.4599991,26.2887535,0.0268726069,-0.0637989864,7.83587802e-06,30,1.01400006,3
707101300004616,147238866,2459226.8943145908,59226.388669,18.9351978,0.0518103056,0,zg,117.32126479999999,36.907768400000002,0.898000002,-0.0340000018,20210112388669,707,0x1,0x3,21.4699993,26.2908783,0.0267437808,-0.0733400658,7.77599689e-06,30,1.04900002,2
707101300004616,147322443,2459227.7300784928,59227.224432900002,18.8836193,0.0499003828,0,zg,117.3212875,36.907752299999999,0.492000014,0.0170000009,20210113224433,707,0x1,0x3,21.5799999,26.261961,0.0264600627,-0.0731341317,7.56424561e-06,30,1.16700006,2
707101300004616,147334362,2459227.8492682399,59227.343622699998,19.3432617,0.0701122656,0,zg,117.32128350000001,36.907761600000001,1.53199995,-0.128999993,20210113343530,707,0x1,0x3,21.7900009,26.1975803,0.0252264738,-0.071791403,6.92181402e-06,30,1.01100004,3
707101300004616,147345414,2459227.9597888896,59227.454143499999,19.185379,0.0623144321,0,zg,117.32127989999999,36.907764200000003,0.377000004,-0.0260000005,20210113454120,707,0x1,0x3,21.2999992,26.18367,0.0309261121,-0.0832468793,1.03407892e-05,30,1.23699999,2
707101300004616,147426238,2459228.7680282937,59228.262384299996,19.1211967,0.059413068,0,zg,117.3213105,36.9077597,1.07599998,-0.0860000029,20210114262373,707,0x1,0x3,21.7800007,26.2896748,0.0250035804,-0.0725424811,6.72579245e-06,30,1.06400001,2
707101300004616,147428090,2459228.7865467551,59228.280902799997,20.9229431,0.196285009,0,zg,117.32129689999999,36.907781200000002,0.68900001,-0.234999999,20210114280903,707,0x1,0x3,21.6700001,26.2975578,0.0269108284,-0.0785769895,7.79624588e-06,30,1.03600001,1
707101300004616,147428570,2459228.7913499447,59228.285706000002,19.2134628,0.0636314973,0,zg,117.3213001,36.9077737,0.882000029,0.0179999992,20210114285706,707,0x1,0x3,21.6800003,26.3056927,0.026221158,-0.0889926255,7.37556593e-06,30,1.03100002,3
707101300004616,147440159,2459228.9072408387,59228.401597199998,19.4671097,0.076931946,0,zg,117.32132,36.907746199999998,0.773999989,-0.0780000016,20210114401597,707,0x1,0x3,21.5900002,26.2914829,0.0255939942,-0.0720920116,7.03202613e-06,30,1.08200002,2
707101300004616,147530295,2459229.8085919344,59229.302951400001,19.3872871,0.0724631101,0,zg,117.32160039999999,36.907676100000003,0.312000006,0.193000004,20210115302905,707,0x1,0x3,20.1700001,26.2774105,0.039510522,-0.0333343558,2.59737735e-05,30,1.01400006,3
707101300004616,147531616,2459229.8218094781,59229.316168999998,19.2203789,0.0639604107,0,zg,117.3212935,36.907759800000001,0.996999979,-0.0109999999,20210115316169,707,0x1,0x3,20.9899998,26.3061543,0.0334662125,-0.0690995008,1.27811327e-05,30,1.00899994,2
707101300004616,147630738,2459230.8130197255,59230.307384300002,19.7392235,0.0942946449,0,zg,117.3213487,36.907742300000002,0.740999997,-0.074000001,20210116307384,707,0x1,0x3,21.3500004,26.2918911,0.0273359269,-0.0542298034,8.10503934e-06,30,1.01100004,2
707101300004616,147630832,2459230.8139572195,59230.308321800003,19.8460102,0.102060825,0,zg,117.3212901,36.907766299999999,0.435000002,0.0790000036,20210116308322,707,0x1,0x3,21.6100006,26.2957172,0.0250316449,-0.0597020723,6.72565875e-06,30,1.01100004,3
707101300004616,147630931,2459230.8149525137,59230.3093171,19.9486561,0.110052273,0,zg,117.3211342,36.907752600000002,1.08899999,-0.150000006,20210116309282,707,0x1,0x3,21.3600006,26.3034096,0.0293381903,-0.0631647706,9.3209901e-06,30,1.00999999,1
707101300004616,147641145,2459230.9170930777,59230.411458299997,19.5164337,0.0798302963,0,zg,117.32134050000001,36.9077439,0.412999988,0.064000003,20210116411458,707,0x1,0x3,21.6299992,26.281971,0.0250279717,-0.057920523,6.7165879e-06,30,1.11899996,2
707101300004616,147724523,2459231.7508605821,59231.245231499997,18.9670639,0.0530318655,0,zg,117.3213161,36.907783000000002,1.28299999,-0.0130000003,20210117245232,707,0x1,0x3,20.7800007,26.2668724,0.0372612961,-0.0616368763,1.65848796e-05,30,1.08200002,2
707101300004616,147826031,2459232.7659330619,59232.260312500002,19.5494652,0.0818312913,0,zg,117.3213138,36.907773200000001,0.940999985,-0.00600000005,20210118260312,707,0x1,0x3,21.9200001,26.2969074,0.0245425403,-0.0746703967,6.39342761e-06,30,1.04999995,2
707101300004616,147828093,2459232.7865578784,59232.2809375,19.2772369,0.0667334422,0,zg,117.32130650000001,36.907748699999999,0.818000019,0.0700000003,20210118280926,707,0x1,0x3,22.0200005,26.2922649,0.0239712261,-0.0594294518,6.09603967e-06,30,1.02400005,1
707101300004616,147828193,2459232.787553269,59232.281932899998,19.3549194,0.070727028,0,zg,117.3213162,36.907758299999998,1.09899998,0.0590000004,20210118281898,707,0x1,0x3,22,26.2869835,0.0238458272,-0.0618460141,6.055428e-06,30,1.02400005,3
707101300004616,147839356,2459232.8991841101,59232.393564799997,19.5848465,0.0840289295,0,zg,117.3213082,36.907757199999999,0.565999985,0.0250000004,20210118393519,707,0x1,0x3,22,26.2869511,0.0261616725,-0.0683402047,7.24389156e-06,30,1.08800006,2
707101300004616,147936504,2459233.8706556028,59233.365046300001,19.6176929,0.0861201584,0,zg,117.3213801,36.907728900000002,1.02499998,-0.00499999989,20210119365035,707,0x1,0x3,21.2399998,26.2731419,0.0318805799,-0.0577468313,1.09891462e-05,30,1.04299998,2
707101300004616,149422472,2459248.7299833614,59248.224722200001,18.7188988,0.0443260185,0,zg,117.3213087,36.907758899999997,0.883000016,-0.0340000018,20210203224676,707,0x1,0x3,21.7099991,26.3024406,0.0245574098,-0.0762370378,6.4697183e-06,30,1.03799999,3
707101300004616,149422565,2459248.7309208298,59248.225659700001,19.0234203,0.0552723669,0,zg,117.32133880000001,36.907749899999999,1.704,-0.0989999995,20210203225660,707,0x1,0x3,21.5699997,26.3069305,0.0271307956,-0.0794675574,7.87904355e-06,30,1.03699994,1
707101300004616,149626378,2459250.7689703754,59250.263784700001,19.7313042,0.0937406719,0,zg,117.3211451,36.907821200000001,0.917999983,0.0670000017,20210205263773,707,0x1,0x3,21.0200005,26.2975769,0.0315382108,-0.0676659346,1.13677497e-05,30,1.00800002,3
707101300004616,149626472,2459250.7699078456,59250.264722200001,19.6614037,0.0889802948,0,zg,117.3212932,36.907752500000001,1.08299994,-0.0240000002,20210205264722,707,0x1,0x3,21.1000004,26.296648,0.029856259,-0.063767232,9.92225887e-06,30,1.00800002,1
707101300004616,149726399,2459251.7691393881,59251.263993100001,18.8243637,0.0478054136,0,zg,117.321293,36.907735899999999,0.326999992,-0.0120000001,20210206263982,707,0x1,0x3,21.6399994,26.3146172,0.0258046053,-0.0860796049,7.25480459e-06,30,1.00800002,3
707101300004616,149825723,2459252.7623394425,59252.257233800003,19.9919968,0.113582619,0,zg,117.32130050000001,36.907741899999998,1.41799998,-0.101000004,20210207257164,707,0x1,0x3,21.9300003,26.2909145,0.0229180399,-0.0582951941,5.70264092e-06,30,1.00800002,1
707101300004616,149825817,2459252.7632769025,59252.258171300004,19.889925,0.105416283,0,zg,117.3212863,36.907764299999997,0.949999988,0.0729999989,20210207258171,707,0x1,0x3,21.9899998,26.2988529,0.023031028,-0.0676760674,5.76305865e-06,30,1.00800002,3
707101300004616,149923805,2459253.7431196319,59253.238055599999,21.2719955,0.225078702,0,zg,117.3214643,36.907617399999999,0.291999996,-0.123999998,20210208238056,707,0x1,0x3,21.4699993,26.107338,0.0280888882,-0.0793720633,8.51541245e-06,30,1.01400006,3
707101300004616,150028557,2459254.7905966649,59254.285578700001,19.7421551,0.0945004523,0,zg,117.3213293,36.907768599999997,0.926999986,-0.0149999997,20210209285486,707,0x1,0x3,21.9699993,26.2890091,0.0232985672,-0.0589564405,5.88536341e-06,30,1.01900005,3
707101300004616,150028656,2459254.7915804214,59254.286562499998,19.8343143,0.101183154,0,zg,117.32133930000001,36.907761499999999,0.822000027,0.134000003,20210209286551,707,0x1,0x3,22.1200008,26.2951832,0.0231893416,-0.0677121952,5.76362345e-06,30,1.01999998,1
707101300004616,150119878,2459255.7037611539,59255.198784699998,19.7054787,0.0919549167,32768,zg,117.3213152,36.907797299999999,0.625999987,-0.074000001,20210210198715,707,0x1,0x3,21.3299999,25.7653255,0.0447493047,-0.0750131309,2.20202237e-05,30,1.04799998,3
707101300004616,150229166,2459256.7965918705,59256.291666700003,19.4728642,0.0772646815,0,zg,117.3213267,36.907774500000002,1.41600001,0.00800000038,20210211291655,707,0x1,0x3,21.6399994,26.2699261,0.0273602586,-0.0709354505,8.07876586e-06,30,1.02999997,3
707101300004616,150232570,2459256.8306295336,59256.325706000003,19.67342,0.0897821933,0,zg,117.3213136,36.907760000000003,1.72500002,-0.00200000009,20210211325706,707,0x1,0x3,21.7600002,26.2593498,0.0241020899,-0.0693793893,6.2115505e-06,30,1.08299994,1
707101300004616,150333018,2459257.8350599823,59257.3301852,19.1612015,0.0612039007,32768,zg,117.321226,36.907773900000002,0.57099998,-0.0560000017,20210212330012,707,0x1,0x3,20.1100006,24.8153839,0.0414677113,-0.041860152,3.74357405e-05,30,1.09899998,3
707101300004616,150619489,2459260.6996235875,59260.194895799999,19.1191139,0.0593213551,0,zg,117.3213248,36.907758200000004,1.04999995,-0.0780000016,20210215194884,707,0x1,0x3,21.3600006,26.1196175,0.0292751975,-0.0811062977,9.50180038e-06,30,1.03499997,1
707101300004616,150619583,2459260.7005610373,59260.1958333,19.2539978,0.06558498,0,zg,117.32129810000001,36.907740199999999,0.656000018,0.0439999998,20210215195833,707,0x1,0x3,21.4599991,26.1643066,0.0293338634,-0.082927458,9.47365788e-06,30,1.03400004,3
707101300004616,151026803,2459264.772531494,59264.268032400003,19.7791882,0.0971363559,0,zg,117.32132110000001,36.907748499999997,0.768000007,-0.0289999992,20210219268021,707,0x1,0x3,21.4300003,26.3095627,0.0263453573,-0.0520198978,7.73887223e-06,30,1.028,3
707101300004616,151119835,2459265.7028002334,59265.198356499997,19.0315609,0.0556046702,0,zg,117.321303,36.907781,1.02100003,0.0280000009,20210220198241,707,0x1,0x3,21.2199993,26.319418,0.0274610166,-0.0713938773,8.20255627e-06,30,1.01800001,1
707101300004616,151120142,2459265.7058671499,59265.201423600003,18.8661461,0.0492717922,0,zg,117.3212845,36.9077579,0.962000012,0.0410000011,20210220201412,707,0x1,0x3,21.2600002,26.3048573,0.0280081853,-0.053707391,8.3699997e-06,30,1.01600003,3
707101300004616,151215297,2459266.6573602473,59266.152974500001,19.0572567,0.0566681735,0,zg,117.321358,36.907752100000003,0.908999979,0.00899999961,20210221152975,707,0x1,0x3,20.1900005,26.2560978,0.0387846529,-0.0494983122,2.47469179e-05,30,1.07500005,3
707101300004616,151322752,2459267.7318422114,59267.227523100002,19.7978668,0.0984909981,0,zg,117.32133450000001,36.907755000000002,1.02199996,-0.0560000017,20210222227512,707,0x1,0x3,20.5799999,26.3093395,0.0359170996,-0.0559003316,1.68778352e-05,30,1.00899994,3
707101300004616,151322846,2459267.7327796463,59267.228460600003,19.4961739,0.0786269307,0,zg,117.3212391,36.907807900000002,0.540000021,-0.023,20210222228461,707,0x1,0x3,20.6900005,26.3036327,0.0321630947,-0.050516203,1.36701865e-05,30,1.00899994,1
707101300004616,151623535,2459270.7394836922,59270.235358799997,19.640707,0.0876149312,0,zg,117.3215105,36.9079075,0.584999979,-0.169,20210225235324,707,0x1,0x3,19.9899998,26.2878571,0.0411929451,-0.0498698987,3.42049825e-05,30,1.01499999,1
707101300004616,151817759,2459272.6815862833,59272.177592599997,19.0385475,0.0558915921,0,zg,117.3213298,36.907746500000002,1.03199995,0.0439999998,20210227177593,707,0x1,0x3,19.9099998,26.2913418,0.0371063985,-0.0584510379,2.95313566e-05,30,1.01900005,1
707101300004616,151817853,2459272.6825237139,59272.178530099998,19.1670094,0.0614687055,0,zg,117.32131010000001,36.907884199999998,1.01900005,-0.0729999989,20210227178530,707,0x1,0x3,19.9799995,26.2796497,0.0380756631,-0.0482631512,3.12044831e-05,30,1.01900005,3
707101300004616,152016332,2459274.6671768385,59274.163321799999,19.3877373,0.0724875927,0,zg,117.3214385,36.907754500000003,0.479000002,-0.0320000015,20210301163322,707,0x1,0x3,19.8999996,26.2767677,0.0381652899,-0.0450084545,3.16940459e-05,30,1.02699995,3
707101300004616,152016427,2459274.6681257631,59274.1642708,19.4466362,0.0757599398,0,zg,117.3212911,36.907755899999998,0.822000027,0.60799998,20210301164259,707,0x1,0x3,19.5799999,26.2676659,0.0366330333,-0.0475809388,3.67458852e-05,30,1.02600002,1
707101300004616,152220380,2459276.7075158809,59276.203807899998,19.0153465,0.0549449697,0,zg,117.32131649999999,36.907757799999999,0.759000003,0.00499999989,20210303203704,707,0x1,0x3,21.5400009,26.271122,0.0270957015,-0.0507906079,7.93733307e-06,30,1.00899994,1
707101300004616,153621594,2459290.7185366135,59290.215949099998,19.3372765,0.0697987676,0,zg,117.3213397,36.907743199999999,0.42899999,-0.0250000004,20210317215903,707,0x1,0x3,21.6900005,26.2927475,0.0261426903,-0.0821169689,7.49786568e-06,30,1.05200005,1
707101300004616,153817559,2459292.6780081042,59292.175590300001,19.0462818,0.0562111773,0,zg,117.3213281,36.907755399999999,0.412999988,-0.0329999998,20210319175532,707,0x1,0x3,21.4599991,26.266449,0.0268826503,-0.0672896579,7.91948332e-06,30,1.01499999,1
707101300004616,154920758,2459303.7090015085,59303.207581000002,19.9179344,0.107606009,0,zg,117.3212472,36.907816500000003,0.298999995,-0.0500000007,20210330207581,707,0x1,0x3,20.2999992,26.2655106,0.0379017405,-0.0502450392,2.38426055e-05,30,1.10699999,1
707101300004616,155622517,2459310.7259339923,59310.225173600003,19.9248276,0.108150795,0,zg,117.32120449999999,36.907709400000002,0.995000005,0.0299999993,20210406225162,707,0x1,0x3,21.0300007,26.204113,0.0328431278,-0.0626602173,1.20201166e-05,30,1.227,1
707101300004616,155822649,2459312.7270631869,59312.226493100003,20.0022087,0.114427976,0,zg,117.321383,36.907711200000001,1.04999995,-0.0939999968,20210408226447,707,0x1,0x3,21.1800003,26.2493858,0.0302206371,-0.0713587478,1.01711257e-05,30,1.25600004,1
707101300004616,156021939,2459314.7197781727,59314.219398100002,21.0883827,0.209932327,0,zg,117.3213342,36.907956300000002,0.811999977,-0.0780000016,20210410219363,707,0x1,0x3,21.3899994,26.2456703,0.0280594602,-0.0828482658,8.62032812e-06,30,1.24899995,1
707101300004616,156220608,2459316.7062784126,59316.206087999999,19.202137,0.0630967766,32768,zg,117.3213178,36.907775999999998,0.653999984,0.00999999978,20210412206088,707,0x1,0x3,21.2000008,26.2221279,0.0325159393,-0.117739737,1.18028393e-05,30,1.21599996,1
707101300004616,156318468,2459317.6847844757,59317.184687499997,19.7609558,0.0958303288,0,zg,117.3213015,36.9077415,0.745000005,-0.0280000009,20210413184688,707,0x1,0x3,21.8299999,26.2514439,0.0240104999,-0.0736286789,6.15881845e-06,30,1.14999998,2
707101300004616,158121990,2459335.7183137946,59335.219907400002,19.2219505,0.0640353784,0,zg,117.3212801,36.907737400000002,0.615999997,-0.057,20210501219896,707,0x1,0x3,20.5699997,25.8044205,0.036716599,-0.0492060445,1.93294836e-05,30,1.63800001,1
707101300004616,171749546,2459471.9927714015,59471.495462999999,18.7783127,0.0462478809,0,zg,117.3212438,36.907774099999997,1.20700002,-0.108999997,20210914495440,707,0x1,0x3,21.0400009,25.785675,0.0328479521,-0.0408470444,1.26944633e-05,30,1.47500002,1
707101300004616,172045195,2459474.9495117576,59474.451955999997,19.1460876,0.0605205521,0,zg,117.32130100000001,36.9077591,0.85799998,0.00800000038,20210917451944,707,0x1,0x3,21.3999996,25.9498158,0.0300591905,-0.0496521369,9.78333537e-06,30,1.82000005,1
707101300004616,172347053,2459477.9683475643,59477.470532400002,19.1286774,0.0597435683,0,zg,117.32139170000001,36.907818200000001,0.889999986,0.0860000029,20210920470521,707,0x1,0x3,20.1399994,26.1665382,0.0389683843,-0.0275001805,2.83656682e-05,30,1.54299998,1
707101300004616,172548773,2459479.9857235369,59479.487731499998,19.5557232,0.0822159052,0,zg,117.3213398,36.907707199999997,0.666000009,-0.133000001,20210922487720,707,0x1,0x3,20.3099995,26.1677532,0.0387301147,-0.0418980382,2.50809589e-05,30,1.37899995,1
707101300004616,173043035,2459484.9287946993,59484.430358799997,19.7398491,0.0943385512,0,zg,117.3212468,36.907751500000003,0.236000001,-0.214000002,20210927430336,707,0x1,0x3,20.1399994,25.9711609,0.0393043384,-0.0203485824,2.82483361e-05,30,1.75100005,1
707101300004616,173449481,2459488.9936253843,59488.494814799997,19.3329945,0.0695753768,0,zg,117.32129949999999,36.907779300000001,0.561999977,-0.0680000037,20211001494803,707,0x1,0x3,21.2399998,26.2283001,0.0286337938,-0.0522131622,9.0785943e-06,30,1.22000003,1
707101300004616,174250612,2459497.0056897192,59496.506122699997,18.8796043,0.04975513,32768,zg,117.3213305,36.907681799999999,0.779999971,-0.219999999,20211009506111,707,0x1,0x3,19.7199993,24.8235703,0.0598922484,-0.0791990906,0.000106985965,30,1.11099994,1
707101300004616,174350447,2459498.0041415947,59497.504479199997,20.0640926,0.11965996,0,zg,117.3212453,36.907791099999997,0.578999996,-0.00300000003,20211010504479,707,0x1,0x3,21.4899998,26.2564564,0.0284413211,-0.0633799955,8.80472089e-06,30,1.10899997,2
707101300004616,174450790,2459499.0076634861,59498.507905099999,20.0155792,0.115542501,0,zg,117.32133589999999,36.907767700000001,0.651000023,-0.0189999994,20211011507894,707,0x1,0x3,21.6299992,26.2534103,0.0267952997,-0.0628536642,7.71489977e-06,30,1.09399998,2
707101300004616,174644630,2459500.9462519959,59500.446307899998,18.795845,0.046833735,0,zg,117.3212657,36.907763500000001,0.947000027,0.00800000038,20211013446296,707,0x1,0x3,20.8299999,26.2102909,0.0362170413,-0.0605771728,1.57796712e-05,30,1.29100001,1
707101300004616,174742099,2459501.9210329656,59501.420995400003,18.7863197,0.046514336,0,zg,117.32131440000001,36.907764,0.507000029,-0.0289999992,20211014420787,707,0x1,0x3,21.5400009,26.1763668,0.0260163061,-0.0499977544,7.36678476e-06,30,1.42299998,2
707101300004616,174844655,2459502.9466868998,59502.4465509,20.6692314,0.17535615,0,zg,117.321253,36.907818399999996,0.768000007,0.150999993,20211015446539,707,0x1,0x3,21.0100002,26.215271,0.0368983522,-0.058181297,1.54367408e-05,30,1.26300001,2
707101300004616,174949388,2459503.99412543,59503.493888899997,20.2032242,0.132096663,0,zg,117.32124930000001,36.907793300000002,0.453999996,-0.135000005,20211016493889,707,0x1,0x3,21.3700008,26.2436352,0.030413229,-0.07995978,1.00564221e-05,30,1.09500003,1
707101300004616,176437148,2459518.8731276896,59518.371481499998,19.2140331,0.063658528,0,zg,117.32130979999999,36.907753399999997,0.903999984,-0.0299999993,20211031371470,707,0x1,0x3,21.4500008,26.2154331,0.0280586481,-0.0654612407,8.4544854e-06,30,1.44400001,1
707101300004616,176845454,2459522.9565687212,59522.454548599999,20.2730942,0.13867946,0,zg,117.3213356,36.907741799999997,0.442999989,-0.0160000008,20211104454537,707,0x1,0x3,21.8700008,26.3007259,0.0254508499,-0.0849040523,6.9695825e-06,30,1.06900001,1
707101300004616,177051600,2459525.0182123696,59524.516006899998,19.5994263,0.0849511027,0,zg,117.3212812,36.907772600000001,1.02699995,-0.0810000002,20211106515891,707,0x1,0x3,21.9400005,26.3301964,0.0239537731,-0.0955143049,6.23116966e-06,30,1.00800002,1
707101300004616,177245182,2459526.9542057775,59526.451828700003,21.0643711,0.207951546,0,zg,117.3212647,36.907786399999999,0.270999998,0.0399999991,20211108451817,707,0x1,0x3,21.9099998,26.3169289,0.0238531493,-0.0863960907,6.12752638e-06,30,1.05400002,1
707101300004616,177539059,2459529.8932229416,59529.390590299998,19.3140621,0.0685965642,0,zg,117.3213293,36.907718099999997,0.796999991,-0.0659999996,20211111390579,707,0x1,0x3,21.2099991,26.2753601,0.0318531431,-0.0634744912,1.09525454e-05,30,1.19000006,1
707101300004616,177738299,2459531.8857999491,59531.382997699999,19.0797596,0.0576180182,0,zg,117.32127920000001,36.907748099999999,1.11000001,-0.0700000003,20211113382986,707,0x1,0x3,21.6499996,26.2828579,0.025997851,-0.0770586282,7.26784674e-06,30,1.19799995,1
707101300004616,178241098,2459536.9141993821,59536.4109838,19.3164196,0.0687176287,0,zg,117.32132590000001,36.907704600000002,0.535000026,-0.0680000037,20211118410972,707,0x1,0x3,20.4099998,26.2954063,0.0363302492,-0.0601879545,1.98423277e-05,30,1.079,1
707101300004616,178437319,2459538.8765650582,59538.373194400003,19.7347832,0.0939836428,0,zg,117.32130309999999,36.907722100000001,0.495000005,-0.0610000007,20211120373194,707,0x1,0x3,20.2800007,26.2607155,0.034888953,-0.0427913032,2.16546141e-05,30,1.16499996,1
707101300004616,179629703,2459550.8012629719,59550.297036999997,21.2152672,0.220399141,0,zg,117.3213059,36.907741700000003,0.657999992,-0.216000006,20211202297037,707,0x1,0x3,21.6299992,26.2324371,0.0262681525,-0.0689899027,7.47251715e-06,30,1.36000001,1
707101300004616,188321431,2459637.7183263656,59637.214317099999,20.1460896,0.126878589,0,zg,117.321309,36.907853099999997,0.518999994,0.0160000008,20220227214039,707,0x1,0x3,21.2000008,26.2761116,0.0301703438,-0.0440092683,1.00637762e-05,30,1.00899994,1
707101300004616,188517372,2459639.6775997868,59639.1737269,20.161972,0.12831372,0,zg,117.3212991,36.907705200000002,0.441000015,0.0520000011,20220301173715,707,0x1,0x3,21.0400009,26.2690773,0.0320706032,-0.0385451913,1.17317295e-05,30,1.01900005,1
707101300004616,191720879,2459671.7099602739,59671.208796300001,20.2699699,0.138380602,0,zg,117.32134050000001,36.907717699999999,0.587000012,0.0390000008,20220402208773,707,0x1,0x3,21.1399994,26.2615452,0.0338675603,-0.0802784711,1.26981122e-05,30,1.13,1
707101300004616,192324629,2459677.7468886198,59677.2462963,20.5271378,0.163634658,0,zg,117.3213038,36.907845899999998,0.578999996,-0.254000008,20220408246285,707,0x1,0x3,20.2900009,26.1466064,0.0389218442,-0.0525386669,2.35778116e-05,30,1.35500002,1
707101300004616,192928271,2459683.7827364192,59683.282719900002,18.928009,0.0515391827,0,zg,117.3211723,36.907710199999997,0.625,0.0759999976,20220414282708,707,0x1,0x3,19.2199993,26.1152344,0.0386063755,-0.0480664149,6.28768103e-05,30,1.81099999,1
707101300004616,194117961,2459695.6785106962,59695.179618100003,19.3951817,0.0728931576,0,zg,117.3213461,36.907763600000003,1.23800004,0.0700000003,20220426179606,707,0x1,0x3,21.1599998,25.9871311,0.0312583148,-0.0587560162,1.11332392e-05,30,1.26300001,1
707101300004616,194320042,2459697.6991337324,59697.200428199998,20.6404266,0.17298007,0,zg,117.32139340000001,36.907746400000001,0.451000005,0.0320000015,20220428200417,707,0x1,0x3,21.3299999,26.1290264,0.0286806915,-0.0609417148,9.01362091e-06,30,1.40900004,1
707101300004616,194619640,2459700.6948319632,59700.196400499997,19.8759022,0.104334444,0,zg,117.32131320000001,36.907786799999997,2.0079999,0.101000004,20220501196400,707,0x1,0x3,21.1200008,26.1575222,0.0304175038,-0.0615290143,1.02876274e-05,30,1.43799996,1
707101300004616,208547271,2459839.9702556441,59839.472719899997,19.7111588,0.0923449695,0,zg,117.321314,36.907863300000002,0.657000005,-0.0979999974,20220917472697,707,0x1,0x3,20.6800003,26.1684723,0.0343524106,-0.039433822,1.53593337e-05,30,1.60300004,1
707101300004616,209250329,2459847.0014472008,59846.503298600001,19.8813648,0.104754746,0,zg,117.32129980000001,36.9077378,1.17700005,-0.136999995,20220924503275,707,0x1,0x3,21.4899998,26.2558479,0.0309203938,-0.0784378052,1.03042257e-05,30,1.26900005,1
707101300004616,209547343,2459849.971854399,59849.473437499997,21.2042198,0.219487786,0,zg,117.3212157,36.907842199999997,0.513000011,-0.0370000005,20220927473426,707,0x1,0x3,21.4200001,26.2042847,0.0321625434,-0.074762702,1.11594736e-05,30,1.38800001,1
707101300004616,209948607,2459853.984862878,59853.486076399997,20.0295563,0.116716869,0,zg,117.32132590000001,36.907780000000002,0.878000021,-0.0260000005,20221001486030,707,0x1,0x3,21.8299999,26.2426224,0.0274699647,-0.0676559284,8.1415692e-06,30,1.26100004,1
707101300004616,210147255,2459855.971529841,59855.472557900001,19.8559914,0.102815144,0,zg,117.3212283,36.907796099999999,0.746999979,-0.0410000011,20221003472546,707,0x1,0x3,21.7399998,26.2009506,0.027834231,-0.0766941234,8.43132784e-06,30,1.29999995,1
707101300004616,210347655,2459857.9757113182,59857.476550899999,19.6172562,0.0860919878,0,zg,117.32129140000001,36.907771799999999,0.898000002,-0.0790000036,20221005476551,707,0x1,0x3,21.75,26.2081833,0.025782045,-0.0673297271,7.17450803e-06,30,1.25399995,1
707101300004616,211147499,2459865.9749222235,59865.474999999999,20.3055992,0.14181447,0,zg,117.3211841,36.907706500000003,0.441000015,-0.063000001,20221013474965,707,0x1,0x3,20.5900002,26.2532959,0.0335255414,-0.0550902635,1.56834631e-05,30,1.17400002,1
707101300004616,211347064,2459867.9707617168,59867.470648100003,19.8652859,0.103521973,0,zg,117.3212865,36.9077792,0.762000024,-0.179000005,20221015470613,707,0x1,0x3,20.5699997,26.1670837,0.0354581177,-0.0520541929,1.79264498e-05,30,1.16999996,1
707101300004616,211748513,2459871.9856376317,59871.485138900003,20.0634937,0.119608246,0,zg,117.3213062,36.907752000000002,0.73299998,0.0790000036,20221019485127,707,0x1,0x3,20.6299992,26.2640972,0.0381653123,-0.044933483,1.9017918e-05,30,1.09800005,1
707101300004616,212251273,2459877.0137102595,59876.512731499999,19.9414711,0.109476,0,zg,117.3213962,36.907786700000003,1.29799998,-0.112999998,20221024512732,707,0x1,0x3,21.2000008,26.2834263,0.0314458907,-0.0734132081,1.10549345e-05,30,1.02900004,1
707101300004616,212547173,2459879.9729947634,59879.4717361,19.4794025,0.0776443481,0,zg,117.32131649999999,36.907745599999998,1.11000001,-0.0769999996,20221027471725,707,0x1,0x3,21.4400005,26.2819252,0.028664181,-0.0940077603,8.86793532e-06,30,1.079,1
707101300004616,212745959,2459881.9610400191,59881.4595949,20.1864853,0.130552173,0,zg,117.3212843,36.907753999999997,0.899999976,-0.116999999,20221029459595,707,0x1,0x3,21.6599998,26.2661514,0.0254435372,-0.0744123757,6.99954307e-06,30,1.09399998,1
707101300004616,214442959,2459898.9325467353,59898.429594900001,19.868515,0.103768542,0,zg,117.3212989,36.9077579,0.72299999,-0.0939999968,20221115429583,707,0x1,0x3,21.0200005,26.3073578,0.0297615156,-0.0780470967,1.0560434e-05,30,1.06099999,1
707101300004616,214841194,2459902.9152194029,59902.411944400003,19.698534,0.0914800912,0,zg,117.32136010000001,36.907782900000001,0.677999973,-0.0529999994,20221119411898,707,0x1,0x3,20.9200001,26.2838707,0.0341140255,-0.0760032237,1.3363956e-05,30,1.07299995,1
707101300004616,215040332,2459904.9067528765,59904.403321799997,20.1647549,0.128566369,0,zg,117.32139890000001,36.907724600000002,0.93599999,-0.158000007,20221121403310,707,0x1,0x3,21.5,26.2520981,0.0280121304,-0.0985518843,8.56249426e-06,30,1.08000004,1
707101300004616,215234976,2459906.8533482766,59906.349768499997,19.9309559,0.108637154,0,zg,117.32131889999999,36.907802500000003,0.550999999,0.0450000018,20221123349769,707,0x1,0x3,21.6000004,26.2550678,0.0261758827,-0.0730901435,7.45527768e-06,30,1.22399998,1
707101300004616,247846349,2460232.9635837469,60232.463495399999,21.5616341,0.248971224,0,zg,117.3213114,36.907767700000001,0.883000016,-0.490999997,20231015463484,707,0x1,0x3,21.7000008,26.2512455,0.0245260503,-0.0591951199,6.54120686e-06,30,1.19799995,1
707101300004616,248044960,2460234.9498855276,60234.449606499998,19.3147774,0.0686332881,0,zg,117.321322,36.907747999999998,0.453999996,-0.0109999999,20231017449595,707,0x1,0x3,21.5599995,26.1813698,0.0323794,-0.0568305887,1.13341221e-05,30,1.23199999,1
707101300004616,248241331,2460236.9137776005,60236.413310199998,19.6753845,0.0899139345,0,zg,117.3213093,36.907785099999998,0.910000026,-0.0199999996,20231019413299,707,0x1,0x3,21.4400005,26.2038555,0.0267521236,-0.058716815,7.71248597e-06,30,1.39300001,1
707101300004616,248444680,2460238.9474677322,60238.446805599997,19.082819,0.0577484742,0,zg,117.3212944,36.907752500000001,0.310000002,0.0359999985,20231021446794,707,0x1,0x3,21.7299995,26.2227936,0.025341047,-0.0544034988,6.96690267e-06,30,1.199,1
707101300004616,248746844,2460241.9693993079,60241.468449100001,19.5960102,0.0847341567,0,zg,117.32118079999999,36.907772100000003,0.944999993,-0.00800000038,20231024468438,707,0x1,0x3,21.2399998,26.251215,0.0309123173,-0.0657226145,1.03638104e-05,30,1.10699999,1
707101300004616,249037137,2460244.8726021359,60244.371377299998,19.6406174,0.087609075,0,zg,117.32080430000001,36.907859199999997,0.270999998,-0.0900000036,20231027371366,707,0x1,0x3,19.8099995,26.198349,0.0374391377,-0.0554326214,3.42830426e-05,30,1.53999996,1
707101300004616,249944646,2460253.9485331583,60253.446469900002,20.2637482,0.137786418,0,zg,117.3213599,36.907727199999997,0.893999994,-0.151999995,20231105446470,707,0x1,0x3,21.2800007,26.2728577,0.0277861133,-0.0530809052,8.65518541e-06,30,1.08200002,1
707101300004616,250247962,2460256.9819637411,60256.479629599999,18.9989872,0.054288242,0,zg,117.32131560000001,36.907777799999998,0.829999983,-0.0140000004,20231108479618,707,0x1,0x3,21.1299992,26.2845688,0.030694494,-0.0678354278,1.05469544e-05,30,1.02199996,1
707101300004616,250438362,2460258.8861238072,60258.383622699999,19.142498,0.0603594221,0,zg,117.3212922,36.907766899999999,1.07799995,-0.0649999976,20231110383611,707,0x1,0x3,21.1700001,26.2301483,0.0301867649,-0.0738226548,1.0207963e-05,30,1.23399997,1
707101300004616,250634851,2460260.8511892431,60260.348518500003,19.7323837,0.0938159674,0,zg,117.3213338,36.907747999999998,0.824999988,-0.0500000007,20231112348519,707,0x1,0x3,21.2199993,26.2065907,0.0293154959,-0.0483728722,9.60461057e-06,30,1.38800001,1
707101300004616,250842856,2460262.9314119928,60262.4285648,19.2542896,0.0655992851,0,zg,117.32131390000001,36.907758899999997,1.26100004,0.108000003,20231114428495,707,0x1,0x3,21.6700001,26.292635,0.0248440877,-0.0810368061,6.68843722e-06,30,1.06900001,1
707101300004616,253330061,2460287.8052326068,60287.300613400002,19.256361,0.0657008439,0,zg,117.3212825,36.907772899999998,0.861999989,0.0219999999,20231209300613,707,0x1,0x3,21.3500004,26.2440014,0.0295382217,-0.0681515783,9.88871398e-06,30,1.25100005,1
707101300004616,253439208,2460288.8967631529,60288.392083300001,18.9825611,0.0536376536,32768,zg,117.3213044,36.907764200000003,0.814999998,0.0399999991,20231210392072,707,0x1,0x3,21.4099998,26.2958336,0.0266154446,-0.0697701275,7.88613852e-06,30,1.02199996,2
707101300004616,253536493,2460289.8696630518,60289.364930600001,18.9592876,0.0527307615,0,zg,117.3212949,36.907763799999998,1.11300004,0.0140000004,20231211364931,707,0x1,0x3,21.3999996,26.1924248,0.0300438702,-0.091938138,9.93466438e-06,30,1.05200005,1
707101300004616,253542498,2460289.9297240679,60289.424988400002,18.6439514,0.0420364253,0,zg,117.32131560000001,36.907758000000001,1.44500005,0.0390000008,20231211424977,707,0x1,0x3,20.8999996,25.8410988,0.0349958427,-0.0860745907,1.5278225e-05,30,1.00800002,2
707101300004616,253740524,2460291.9100815118,60291.405243100002,19.1612129,0.0612044409,0,zg,117.3213557,36.907747899999997,0.503000021,0.0209999997,20231213405231,707,0x1,0x3,21.3700008,26.2907925,0.0364031866,-0.06258744,1.45151671e-05,30,1.00999999,1
707101300004616,253833001,2460292.8352432461,60292.330011600003,18.9552422,0.0525749288,32768,zg,117.32130050000001,36.907768799999999,0.588,0.00999999978,20231214330012,707,0x1,0x3,21.6100006,27.4779625,0.0205361377,-0.0753448084,4.61799709e-06,90,1.10500002,1
707101300004616,253845210,2460292.9573441534,60292.452106500001,19.9554443,0.110599056,32768,zg,117.321349,36.907673000000003,0.610000014,-0.0810000002,20231214452083,707,0x1,0x3,20.9599991,26.9063683,0.0311833657,-0.0733700395,1.10514839e-05,90,1.02699995,1
707101300004616,253852994,2460293.0351835242,60292.529942100002,20.6591587,0.174525261,32768,zg,117.3212855,36.907776300000002,1.01900005,-0.155000001,20231214529942,707,0x1,0x3,21.7199993,27.4649258,0.021644013,-0.0881348029,5.17965418e-06,90,1.20299995,1
707101300004616,253934798,2460293.8532669791,60293.347986100001,19.7843132,0.097506322,32768,zg,117.32125859999999,36.907781300000003,1.23699999,-0.0979999974,20231215347940,707,0x1,0x3,20.7999992,27.0266571,0.0312836953,-0.069199495,1.15900712e-05,90,1.06200004,1
707101300004616,253949622,2460294.0015148134,60293.496226900003,18.8772278,0.0496694036,32768,zg,117.32131630000001,36.907760600000003,0.875,-0.0390000008,20231215496181,707,0x1,0x3,21.7700005,27.4772568,0.0199432429,-0.0703154355,4.34573258e-06,90,1.10599995,1
707101300004616,254036989,2460294.8752245437,60294.369895800002,20.3113537,0.142373934,32768,zg,117.32139290000001,36.9077786,0.768999994,0.0869999975,20231216369884,707,0x1,0x3,21.2399998,27.2706966,0.0251396336,-0.0894281045,6.96255984e-06,90,1.028,1
707101300004616,254039342,2460294.8987557371,60294.393425900002,18.7085075,0.0439997464,32768,zg,117.3212894,36.907778100000002,1.06900001,-0.00800000038,20231216393414,707,0x1,0x3,21.3500004,27.4314556,0.022699248,-0.0654178262,5.65949586e-06,90,1.01100004,1
707101300004616,254246672,2460296.9717992991,60296.466724500002,19.5553722,0.0821942464,0,zg,117.3213327,36.907769000000002,0.92900002,0.061999999,20231218466713,707,0x1,0x3,21.5300007,26.3013783,0.0269674566,-0.0866174474,8.04347474e-06,30,1.06200004,1
707101300004616,256027033,2460314.7759224293,60314.270335599998,18.5184937,0.0385191329,0,zg,117.32134120000001,36.907739999999997,0.992999971,0.0280000009,20240105270336,707,0x1,0x3,21.2099991,26.2796707,0.032290522,-0.0702535361,1.16203519e-05,30,1.10399997,1
707101300004616,256728347,2460321.7891166499,60321.283472199997,19.5070477,0.0792705789,0,zg,117.3212036,36.907837800000003,1.204,-0.0829999968,20240112283461,707,0x1,0x3,21.0100002,26.149147,0.0337718911,-0.106100477,1.32981941e-05,30,1.04299998,1
707101300004616,257033979,2460324.8454349837,60324.339791699997,19.3247986,0.0691498742,0,zg,117.321287,36.907740400000002,1.03699994,0.0769999996,20240115339699,707,0x1,0x3,21.5499992,26.3039913,0.0259580966,-0.0807557181,7.50520167e-06,30,1.00999999,1
707101300004616,257245039,2460326.9560266109,60326.450393500003,19.889389,0.105374716,32768,zg,117.3212994,36.907905900000003,0.476999998,-0.0270000007,20240117450394,707,0x1,0x3,21.0499992,25.9740944,0.0337116793,-0.0961758494,1.35409982e-05,30,1.25899994,1
707101300004616,259828004,2460352.784961171,60352.280046300002,20.9299603,0.19686389,0,zg,117.3212242,36.907794899999999,0.407000005,0.00300000003,20240212280035,707,0x1,0x3,21.7000008,26.3022823,0.0246314593,-0.0774876252,6.55600979e-06,30,1.01999998,1
707101300004616,259830119,2460352.8061059518,60352.3011921,19.6332664,0.0871290118,0,zg,117.3212844,36.907781700000001,0.855000019,-0.127000004,20240212301192,707,0x1,0x3,21.4799995,26.3066063,0.0266600456,-0.0813715979,7.82927054e-06,30,1.04200006,2
707101300004616,260024510,2460354.7499217899,60354.245104200003,19.8237152,0.100393578,32768,zg,117.3212278,36.907725200000002,0.723999977,-0.246999994,20240214245093,707,0x1,0x3,20.3700008,25.3514366,0.0424551927,-0.0687662512,3.24489629e-05,30,1.00800002,1
707101300004616,260340150,2460357.9061543816,60357.401504599999,19.4615154,0.0766099542,0,zg,117.3213142,36.907746500000002,0.731000006,-0.0130000003,20240217401505,707,0x1,0x3,21.5599995,26.2332668,0.0280299839,-0.0810639933,8.59953707e-06,30,1.46899998,1
707101300004616,261440969,2460368.9136612006,60368.409699099997,19.146431,0.0605359897,0,zg,117.3211216,36.907806999999998,0.89200002,-0.104000002,20240228409699,707,0x1,0x3,19.7299995,26.0791378,0.0466518737,-0.0516480096,5.78842446e-05,30,1.84500003,1
707101300004616,263719875,2460391.7008808483,60391.198750000003,20.5924129,0.169019341,0,zg,117.3213162,36.9077409,0.722000003,-0.133000001,20240322198750,707,0x1,0x3,20.5799999,26.258709,0.0370266587,-0.0470998436,1.91485378e-05,30,1.04799998,1
707101300004616,264516260,2460399.6640079315,60399.162604199999,20.1718903,0.129216015,0,zg,117.321231,36.907819500000002,0.709999979,0.0659999996,20240330162593,707,0x1,0x3,21.0499992,26.2690086,0.0326233953,-0.0614438765,1.21186667e-05,30,1.02999997,1
707101300004616,265017847,2460404.6794050704,60404.178472200001,19.9609966,0.111048028,0,zg,117.3213516,36.907700200000001,0.310000002,0.0289999992,20240404178472,707,0x1,0x3,21.4500008,26.2801113,0.0270789526,-0.0787315667,8.05826585e-06,30,1.074,1
707101300004616,265415998,2460408.6605431507,60408.159988400002,19.3380375,0.069838576,32768,zg,117.3212886,36.907760699999997,0.61500001,-0,20240408159977,707,0x1,0x3,20.6000004,25.627142,0.0355315283,-0.069715023,1.91442141e-05,30,1.05999994,1
707101300004616,267524320,2460429.7417715793,60429.243205999999,19.0827637,0.0577461347,0,zg,117.3212281,36.9078163,0.568000019,0.0759999976,20240429243206,707,0x1,0x3,20.5599995,26.1158371,0.0370772481,-0.0813208595,1.99479364e-05,30,1.84599996,1
707101300004616,267920398,2460433.7021888522,60433.203981500003,21.0292492,0.205054283,0,zg,117.3213073,36.907789100000002,0.510999978,-0.00100000005,20240503203981,707,0x1,0x3,21.2299995,26.0675049,0.0293609817,-0.054025691,9.62426566e-06,30,1.54799998,1
707101300004616,268119751,2460435.6955418666,60435.197511600003,19.8774738,0.104455255,0,zg,117.32140510000001,36.907570399999997,0.623000026,0.0399999991,20240505197512,707,0x1,0x3,20.0100002,26.0639973,0.0411998294,-0.0484746322,3.32661184e-05,30,1.53999996,1
707101300004616,281249749,2460566.9947453332,60566.497499999998,18.9439507,0.0521426499,32768,zg,117.3212833,36.907744399999999,0.500999987,-0.0329999998,20240913497488,707,0x1,0x3,21.1200008,25.8773193,0.0318585299,-0.0444654934,1.13542719e-05,30,1.47599995,1
707101300004616,281747363,2460571.9712967733,60571.473634299997,19.7687683,0.0963879973,0,zg,117.321153,36.907811600000002,0.680000007,-0.388999999,20240918473588,707,0x1,0x3,20.0400009,26.1848068,0.0371684395,-0.0600488596,2.94628808e-05,30,1.55799997,1
707101300004616,282142848,2460575.9264907627,60575.428483800002,18.9797611,0.053527616,0,zg,117.3212606,36.907718600000003,0.620000005,-0.0839999989,20240922428472,707,0x1,0x3,19.8700008,26.025589,0.0382867642,-0.0480787382,3.21548832e-05,30,1.94400001,1
707101300004616,282249218,2460576.9902889584,60576.4921875,19.3342857,0.0696427077,0,zg,117.3212949,36.907744600000001,0.769999981,-0.074000001,20240923492188,707,0x1,0x3,20.8799992,26.1675434,0.0321754664,-0.0490631871,1.25067263e-05,30,1.33399999,1
707101300004616,282349049,2460577.9886884252,60577.490497699997,19.0075035,0.0546290241,0,zg,117.3212662,36.907795700000001,0.699000001,0.0719999969,20240924490255,707,0x1,0x3,20.6900005,26.1900406,0.0351237282,-0.0606853217,1.59932733e-05,30,1.32799995,1
707101300004616,283951163,2460594.0113169923,60593.511631900001,20.3694515,0.148098275,0,zg,117.321426,36.9077409,0.451000005,0.0450000018,20241010511620,707,0x1,0x3,20.8999996,26.2524052,0.0336151533,-0.047880996,1.30611343e-05,30,1.09000003,1
707101300004616,284147782,2460595.9776973985,60595.477824100002,19.1856174,0.0623254888,0,zg,117.32130359999999,36.907749699999997,1.06200004,-0.0149999997,20241012477812,707,0x1,0x3,21.5100002,26.2634354,0.0271605402,-0.0774289519,7.94302287e-06,30,1.16900003,1
707101300004616,284346583,2460597.965897216,60597.465833299997,20.7871227,0.185081124,0,zg,117.3212395,36.907757500000002,1.08899999,-0.00600000005,20241014465822,707,0x1,0x3,21.6800003,26.2657814,0.0257606767,-0.0734397173,7.17022112e-06,30,1.19200003,1
707101300004616,284549528,2460599.9955480262,60599.495289400002,19.248127,0.065298155,0,zg,117.3213179,36.907769999999999,0.381000012,-0.0419999994,20241016495278,707,0x1,0x3,20.7600002,26.2757702,0.0321866125,-0.0577724651,1.35197533e-05,30,1.09000003,1
707101300004616,285642570,2460610.9270056011,60610.425706000002,21.0467052,0.206494331,32768,zg,117.3216352,36.907813900000001,0.559000015,-0.305999994,20241027425706,707,0x1,0x3,21.0499992,25.9325943,0.0335030258,-0.0599071495,1.28912889e-05,30,1.21000004,1
707101300004616,286050571,2460615.0073976726,60614.505717599997,19.8522873,0.102534659,0,zg,117.3213356,36.907745200000001,0.574000001,0.00499999989,20241031505718,707,0x1,0x3,21.5100002,26.3200455,0.0281437784,-0.105975218,8.75310616e-06,30,1.01699996,1
707101300004616,286743054,2460621.9328512461,60621.430544000003,19.2496128,0.0653706491,0,zg,117.3212602,36.907863599999999,0.787,-0.0109999999,20241107430544,707,0x1,0x3,20.2999992,26.2000656,0.0401862152,-0.0613672026,2.46885938e-05,30,1.10099995,1
707101300004616,286945179,2460623.9542787909,60623.451794000001,20.1172009,0.124298528,0,zg,117.3213483,36.907703300000001,0.870999992,-0.0199999996,20241109451771,707,0x1,0x3,21.4400005,26.3146057,0.0286969319,-0.0991887227,9.03768978e-06,30,1.04900002,1
707101300004616,287139212,2460625.8947820654,60625.392129599997,20.1115513,0.123798534,0,zg,117.3212484,36.907747200000003,0.500999987,-0.0560000017,20241111391991,707,0x1,0x3,21.4599991,26.2485771,0.0284562334,-0.0685559437,8.68880215e-06,30,1.18200004,1
707101300004616,288328635,2460637.7899653972,60637.286354199998,19.0879955,0.0579699688,0,zg,117.3213287,36.907797299999999,0.493999988,0.00400000019,20241123286354,707,0x1,0x3,20.8500004,26.1646194,0.0341596827,-0.0650629699,1.43697216e-05,30,1.62300003,1
707101300004616,288638481,2460640.8886531466,60640.384814800003,19.4491806,0.0759045929,0,zg,117.3212946,36.907769500000001,0.75999999,0.0270000007,20241126384803,707,0x1,0x3,21.5300007,26.2727623,0.0255988594,-0.0654820278,7.23981339e-06,30,1.08700001,1
707101300004616,289039421,2460644.8983290331,60644.394213,20.1677246,0.128836513,0,zg,117.32115659999999,36.907778499999999,0.88499999,0.136000007,20241130394213,707,0x1,0x3,21.2900009,26.2923412,0.0283279233,-0.0865719989,8.91472791e-06,30,1.04999995,1
707101300004616,289438349,2460648.8878682256,60648.383495399998,20.6733856,0.175698876,0,zg,117.32136060000001,36.907779099999999,0.637000024,0.0399999991,20241204383495,707,0x1,0x3,21.9400005,26.274868,0.0248582475,-0.084518142,6.72010037e-06,30,1.04900002,1
707101300004616,289635930,2460650.8637979901,60650.359305600003,19.1833458,0.0622201934,0,zg,117.3213257,36.907748400000003,0.930000007,-0.0179999992,20241206359306,707,0x1,0x3,21.6599998,26.2638912,0.0259166248,-0.0807100683,7.38337667e-06,30,1.08299994,1
707101300004616,289834859,2460652.8532069735,60652.348599500001,20.8866692,0.193292737,0,zg,117.3212498,36.907861599999997,0.588999987,0.0970000029,20241208348588,707,0x1,0x3,21.3299999,26.2740803,0.0296289008,-0.0745819733,9.54158895e-06,30,1.09500003,1
707101300004616,290428200,2460658.786920114,60658.282002300002,19.3191929,0.0688604191,0,zg,117.3214373,36.907704899999999,0.157000005,-0.0149999997,20241214281991,707,0x1,0x3,20,26.2393665,0.0373118818,-0.0479804091,3.02831086e-05,30,1.26400006,1
707101300004616,290945464,2460663.9597876812,60663.454641199998,19.8904629,0.105457939,0,zg,117.3213447,36.907782599999997,0.535000026,-0.187000006,20241219454630,707,0x1,0x3,20.75,26.3143272,0.0352746993,-0.0728674233,1.67336202e-05,30,1.04999995,1
707101300004616,291141244,2460665.9176644981,60665.412442100001,20.2739601,0.13876234,0,zg,117.32128470000001,36.907716600000001,0.686999977,0.0309999995,20241221412431,707,0x1,0x3,21.3199997,26.2844925,0.0274916496,-0.0542535856,8.48009677e-06,30,1.01300001,1
707101300004616,292334574,2460677.8512928635,60677.345740700002,19.8840618,0.104962736,0,zg,117.321327,36.907797500000001,0.529999971,0.0790000036,20250102345718,707,0x1,0x3,21.5599995,26.2047863,0.0272605438,-0.0699337497,8.25254847e-06,30,1.01100004,1
707101300004616,292943759,2460683.943221698,60683.437592599999,19.0592957,0.0567535013,0,zg,117.32150110000001,36.907580099999997,1.39100003,0.564999998,20250108437581,707,0x1,0x3,19.3600006,26.212738,0.0420674905,-0.0521331914,6.01475658e-05,30,1.13,1
707101300004616,297519422,2460729.698484852,60729.194224500003,21.2239017,0.221111417,0,zg,117.3210373,36.907893799999997,0.75999999,-0.381999999,20250223194167,707,0x1,0x3,21.3899994,26.1991444,0.027858831,-0.0660006925,8.6090804e-06,30,1.01600003,1
707101300004616,300423939,2460758.7413693047,60758.239398099999,21.5667248,0.249391198,0,zg,117.321326,36.907628500000001,0.573000014,-0.437000006,20250324239352,707,0x1,0x3,21.4300003,26.2346306,0.027386846,-0.0452676378,8.42630106e-06,30,1.14999998,1
707201300016686,62950856,2458384.0065383683,58383.508564800002,21.2749081,0.262469649,0,zr,117.3213009,36.907766000000002,0.535000026,-0.250999987,20180922508553,707,0x1,0x3,21.5,26.0455112,0.0216518231,0.0955467969,5.01548993e-06,30,1.26999998,1
707201300016686,66938797,2458423.8896932211,58423.387974500001,20.7146225,0.21038413,0,zr,117.3210576,36.907722800000002,0.88499999,-0.317000002,20181101387963,707,0x1,0x3,20.7999992,26.0641956,0.0236326177,0.094980143,5.87013665e-06,30,1.33099997,3
707201300016686,67346695,2458427.969046562,58427.466955999997,21.0317497,0.239865065,0,zr,117.32158459999999,36.907891399999997,0.609000027,-0.289999992,20181105466944,707,0x1,0x3,20.6900005,26.141449,0.0284991488,0.107370526,8.61980152e-06,30,1.04299998,3
707201300016686,67646724,2458430.9696034193,58430.467245400003,21.4139233,0.275392771,0,zr,117.3214491,36.907676100000003,0.944999993,-0.252000004,20181108467234,707,0x1,0x3,21.4599991,26.1168022,0.0200464185,0.0865739882,4.30588534e-06,30,1.03199995,3
707201300016686,68651934,2458441.0225462457,58440.519340300001,20.776207,0.216109157,0,zr,117.3213445,36.907748599999998,0.751999974,0.075000003,20181118519340,707,0x1,0x3,21.6200008,26.1026649,0.0227035154,0.086779505,5.58774855e-06,30,1.02199996,1
707201300016686,70751689,2458462.0215452593,58461.516898100002,20.7874413,0.217153549,0,zr,117.321234,36.907760799999998,0.771000028,-0.504000008,20181209516887,707,0x1,0x3,20.7800007,25.8512192,0.0241192728,0.0878637731,6.2835893e-06,30,1.11899996,1
707201300016686,71029797,2458464.8027706677,58464.297974499998,20.1577835,0.155098945,0,zr,117.32155950000001,36.907614799999998,0.962000012,-0.0799999982,20181212297975,707,0x1,0x3,20.3999996,26.1321316,0.0352130644,0.111521594,1.33509157e-05,30,1.22399998,1
707201300016686,71727914,2458471.784264056,58471.279143500004,20.5257683,0.192827821,0,zr,117.32128830000001,36.907629399999998,0.449999988,-0.0989999995,20181219279144,707,0x1,0x3,20.4200001,26.0971622,0.0248032697,0.0962653011,6.59562829e-06,30,1.22300005,1
707201300016686,71829146,2458472.7966314,58472.291469900003,20.3059082,0.170310378,0,zr,117.3211491,36.907607400000003,0.490999997,-0.138999999,20181220291470,707,0x1,0x3,20.2199993,26.1053162,0.029195074,0.104280025,9.00856685e-06,30,1.16600001,1
707201300016686,72032916,2458474.8344057892,58474.329166700001,19.7863026,0.120086394,0,zr,117.3211498,36.907960199999998,1.153,-0.126000002,20181222329155,707,0x1,0x3,20.0599995,26.1236744,0.0300812759,0.0865657106,9.78911794e-06,30,1.05799997,1
707201300016686,72642582,2458480.9312538044,58480.425821800003,19.6013432,0.104937278,0,zr,117.32116000000001,36.907770800000002,0.614000022,-0.0439999998,20181228425810,707,0x1,0x3,20.2999992,26.094717,0.0264630131,0.099957712,7.64980723e-06,30,1.03999996,1
707201300016686,72744758,2458481.9530394603,58481.447581,20.1075745,0.150062859,0,zr,117.3211821,36.907696399999999,0.458999991,-0.0140000004,20181229447569,707,0x1,0x3,20.8500004,26.1049461,0.0220977701,0.0881052613,5.30952002e-06,30,1.08299994,1
707201300016686,73244888,2458486.954451968,58486.448888899999,19.3434715,0.0865528733,0,zr,117.32122459999999,36.90784,0.508000016,0.00200000009,20190103448889,707,0x1,0x3,20.3799992,26.1149445,0.0287755039,0.0898351818,8.95499488e-06,30,1.11899996,1
707201300016686,73622177,2458490.7273849547,58490.221770800003,20.6583996,0.205157518,0,zr,117.32132559999999,36.907637200000003,0.393999994,0.0109999999,20190107221771,707,0x1,0x3,20.9899998,26.0986118,0.0218405705,0.0824076533,5.06953893e-06,30,1.24600005,1
707201300016686,75125819,2458505.7637718883,58505.258194399998,19.1634483,0.0755388588,0,zr,117.3212774,36.9079415,1.19099998,-0.0900000036,20190122258021,707,0x1,0x3,19.5900002,26.1090908,0.0388381183,0.0987653285,1.70820585e-05,30,1.03900003,2
707201300016686,75127028,2458505.775866711,58505.270289400003,19.1044407,0.0722355694,0,zr,117.3212886,36.907870000000003,1.24199998,0.130999997,20190122270116,707,0x1,0x3,19.4099998,26.1022644,0.0401728302,0.100395501,1.92316693e-05,30,1.02499998,2
707201300016686,75130892,2458505.8145003328,58505.308923600001,19.099823,0.0719831884,0,zr,117.32132060000001,36.907794699999997,0.676999986,-0.0729999989,20190122308750,707,0x1,0x3,19.3799992,26.106863,0.0381430238,0.0992029309,1.7214923e-05,30,1.00800002,2
707201300016686,75133547,2458505.8410508283,58505.335474500003,18.6741829,0.0522398725,0,zr,117.3212539,36.9077336,0.497000009,0.00400000019,20190122335220,707,0x1,0x3,19.6800003,26.1164818,0.0327495895,0.0904272422,1.19186752e-05,30,1.01800001,2
707201300016686,75136346,2458505.8690364938,58505.363460599998,18.6409569,0.0509655289,0,zr,117.3212771,36.907754099999998,1.06400001,-0.157000005,20190122363137,707,0x1,0x3,19.5200005,26.124218,0.0364784338,0.0833696872,1.53005931e-05,30,1.04999995,2
707201300016686,75225766,2458506.7632235354,58506.257662000004,18.8273354,0.0585848466,0,zr,117.3212419,36.907787200000001,0.528999984,0.0130000003,20190123257477,707,0x1,0x3,19.9200001,26.1167812,0.0320586339,0.0977109298,1.10916681e-05,30,1.03600001,2
707201300016686,75227394,2458506.7795080696,58506.2739468,18.9508934,0.064306803,0,zr,117.3212406,36.907677399999997,0.797999978,0.057,20190123273762,707,0x1,0x3,19.9099998,26.1163445,0.0326135717,0.0979749486,1.14050117e-05,30,1.01999998,2
707201300016686,75228988,2458506.7954453034,58506.2898843,19.5673008,0.10232836,0,zr,117.3214651,36.907780799999998,0.971000016,-0.158999994,20190123289711,707,0x1,0x3,20.0799999,26.1225147,0.0306569487,0.088367261,1.0084711e-05,30,1.00999999,2
707201300016686,75232217,2458506.8277363521,58506.322175900001,19.2946815,0.0834247842,0,zr,117.3212228,36.907942499999997,0.833000004,-0.211999997,20190123321968,707,0x1,0x3,19.7700005,26.1190319,0.0339390785,0.0921847373,1.25643228e-05,30,1.01199996,2
707201300016686,75233945,2458506.8450161642,58506.339456000002,18.7227306,0.0541658662,0,zr,117.3213501,36.907766799999997,0.836000025,0.134000003,20190123339167,707,0x1,0x3,20.2399998,26.1234112,0.0268809013,0.0890966207,7.86550845e-06,30,1.02400005,2
707201300016686,75237479,2458506.8803512543,58506.3747917,19.2496967,0.0806359872,0,zr,117.3212643,36.9077409,1.13900006,-0.233999997,20190123374468,707,0x1,0x3,20.2199993,26.1268597,0.0285506882,0.0837552622,8.68427833e-06,30,1.07500005,2
707201300016686,75239119,2458506.8967513689,58506.391192100004,18.9794502,0.065710783,0,zr,117.3212549,36.907697800000001,0.358999997,0.0410000011,20190123390903,707,0x1,0x3,20.1399994,26.1227627,0.0295652766,0.086122945,9.34815671e-06,30,1.11199999,2
707201300016686,75240733,2458506.9128969819,58506.407337999997,19.4865875,0.0963655934,0,zr,117.3212027,36.907789200000003,0.791000009,0.135000005,20190123407083,707,0x1,0x3,19.6700001,26.1105633,0.0364531539,0.0899298638,1.45279264e-05,30,1.15900004,2
707201300016686,75527858,2458509.7840912212,58509.278588000001,19.1483841,0.0746815503,0,zr,117.3212135,36.907758100000002,0.759000003,0,20190126278530,707,0x1,0x3,20.5300007,26.1185188,0.0255638827,0.0917472094,6.93698621e-06,30,1.01199996,1
707201300016686,75720951,2458511.7149719219,58511.209513900001,19.7842445,0.11990881,0,zr,117.3213327,36.907732799999998,0.629000008,0.00600000005,20190128209051,707,0x1,0x3,21.3400002,26.0315418,0.0216687992,0.0911909863,5.05340859e-06,30,1.097,2
707201300016686,75721192,2458511.7173792613,58511.211921299997,20.428997,0.183122158,0,zr,117.3213049,36.9077798,0.976999998,-0.147,20190128211782,707,0x1,0x3,21.3299999,26.0553398,0.0210905559,0.0841231272,4.79416349e-06,30,1.09099996,2
707201300016686,75721917,2458511.7246359866,58511.219178200001,20.3283081,0.172640204,0,zr,117.32141439999999,36.907741999999999,0.875999987,-0.216000006,20190128219028,707,0x1,0x3,20.8299999,26.0407562,0.0228384882,0.0851055086,5.57744625e-06,30,1.07599998,2
707201300016686,75722403,2458511.7294970648,58511.224039399996,19.0129356,0.0673975199,0,zr,117.32131,36.907764100000001,0.866999984,-0.0869999975,20190128223889,707,0x1,0x3,21.0200005,26.0206738,0.0205350108,0.0786549896,4.52517315e-06,30,1.06700003,2
707201300016686,75722646,2458511.7319275057,58511.226469900001,18.8009548,0.0574347712,0,zr,117.3213133,36.907738799999997,1.35800004,-0.057,20190128226319,707,0x1,0x3,21.0599995,26.0258675,0.0212810673,0.0785447732,4.84473412e-06,30,1.06200004,2
707201300016686,75722892,2458511.7343811453,58511.2289236,18.7625122,0.0558022521,0,zr,117.321288,36.907728200000001,1.30999994,-0.105999999,20190128228762,707,0x1,0x3,20.9500008,26.0344467,0.0222379901,0.077259168,5.31763726e-06,30,1.05799997,2
707201300016686,75723136,2458511.7368231853,58511.231365699998,19.0259857,0.068066828,0,zr,117.3212972,36.907741199999997,0.660000026,0.00600000005,20190128231204,707,0x1,0x3,21.0400009,26.0387993,0.0210161451,0.0801445916,4.75322986e-06,30,1.05400002,2
707201300016686,75723381,2458511.7392768227,58511.233819399997,19.2659016,0.0816301852,0,zr,117.3212319,36.907771400000001,0.976000011,0.0289999992,20190128233646,707,0x1,0x3,20.9799995,26.0415192,0.0217011496,0.0795395076,5.08196717e-06,30,1.04999995,2
707201300016686,75723628,2458511.7417420652,58511.236284699997,19.4047775,0.0906386748,0,zr,117.3213473,36.907737500000003,0.533999979,0.00899999961,20190128236111,707,0x1,0x3,20.4599991,26.0423965,0.0282876771,0.0760703608,8.57343366e-06,30,1.046,2
707201300016686,75724371,2458511.7491724798,58511.243715299999,19.2022552,0.0777921528,0,zr,117.3212963,36.907775000000001,0.40200001,-0.0410000011,20190128243519,707,0x1,0x3,21.1599998,26.0390091,0.0214587171,0.076201573,4.97328438e-06,30,1.03600001,2
707201300016686,75725126,2458511.7567185927,58511.251261600002,18.848114,0.0595080405,0,zr,117.3212296,36.907761899999997,1.12800002,-0.0289999992,20190128251042,707,0x1,0x3,21.0900002,26.0761795,0.0211097468,0.068900533,4.80444987e-06,30,1.028,2
707201300016686,75725378,2458511.7592416303,58511.253784699999,18.9868164,0.0660780445,0,zr,117.3212712,36.907779499999997,0.935000002,-0.00800000038,20190128253565,707,0x1,0x3,21.2800007,26.1038475,0.0200593993,0.0782318339,4.36091204e-06,30,1.02499998,2
707201300016686,75726543,2458511.7708964422,58511.265439800001,20.1357651,0.152881175,0,zr,117.32129519999999,36.907758000000001,0.536000013,0.0140000004,20190128265243,707,0x1,0x3,20.9400005,26.127861,0.0243153367,0.0609707013,6.32791352e-06,30,1.01600003,2
707201300016686,75726859,2458511.7740560607,58511.268599499999,20.6724453,0.206463218,0,zr,117.32124349999999,36.907821300000002,0.713,-0.116999999,20190128268403,707,0x1,0x3,21.1299992,26.1345406,0.0223791953,0.0656426176,5.37762526e-06,30,1.01400006,2
707201300016686,75727177,2458511.777227283,58511.271770799998,20.3082829,0.170557141,0,zr,117.3211975,36.9077451,0.773999989,-0.0759999976,20190128271562,707,0x1,0x3,21.1700001,26.1314144,0.0203869231,0.0680462196,4.46022887e-06,30,1.01199996,2
707201300016686,75727498,2458511.7804448004,58511.2749884,20.2738647,0.166986674,0,zr,117.32121789999999,36.90784,0.856000006,-0.120999999,20190128274757,707,0x1,0x3,21.1299992,26.1329975,0.0213815533,0.0672223866,4.89280819e-06,30,1.01100004,2
707201300016686,75727822,2458511.7836855217,58511.278229199997,18.9062347,0.062173456,0,zr,117.3212441,36.9077786,0.619000018,-0.00300000003,20190128277986,707,0x1,0x3,21.1100006,26.1416569,0.0224152487,0.0645215809,5.37068945e-06,30,1.00999999,2
707201300016686,75728150,2458511.7869608402,58511.281504600003,18.6914673,0.0529167615,0,zr,117.321258,36.907780600000002,0.643000007,0.0170000009,20190128281238,707,0x1,0x3,21.0799999,26.1310558,0.0226021037,0.0651924461,5.50221193e-06,30,1.00899994,2
707201300016686,75728481,2458511.7902709581,58511.284814799998,18.9440002,0.0639725626,0,zr,117.3212675,36.907767999999997,1.75999999,-0.0599999987,20190128284525,707,0x1,0x3,21.2000008,26.1534328,0.0204765666,0.0660690814,4.49120034e-06,30,1.00800002,2
707201300016686,75728814,2458511.7936041746,58511.2881481,18.85742,0.059926562,0,zr,117.3212836,36.907767800000002,0.961000025,-0.0410000011,20190128287824,707,0x1,0x3,21.2199993,26.1339111,0.0194538403,0.0714065284,4.03619833e-06,30,1.00800002,2
707201300016686,75729149,2458511.7969490918,58511.291493099998,19.5748291,0.10290046,0,zr,117.32132489999999,36.907759499999997,0.753000021,-0.0900000036,20190128291146,707,0x1,0x3,21.0499992,26.1090012,0.0212068558,0.0647215769,4.839334e-06,30,1.00800002,2
707201300016686,75729484,2458511.8003054075,58511.294849500002,19.6477623,0.108584821,0,zr,117.3213001,36.907752600000002,0.964999974,0.075000003,20190128294468,707,0x1,0x3,21.2199993,26.1249352,0.02018396,0.069327414,4.37205426e-06,30,1.00800002,2
707201300016686,75729824,2458511.803696523,58511.298240700002,19.6431561,0.10821823,0,zr,117.3213361,36.907746400000001,0.845000029,0.00200000009,20190128297812,707,0x1,0x3,21.1700001,26.1413288,0.0212771464,0.0668458939,4.89987906e-06,30,1.00899994,2
707201300016686,75730195,2458511.8074117275,58511.301956000003,19.1945381,0.077338919,0,zr,117.3212362,36.907754699999998,1.00199997,-0.00700000022,20190128301493,707,0x1,0x3,21.1599998,26.1487675,0.0217781793,0.063397482,5.07101095e-06,30,1.00999999,2
707201300016686,75731283,2458511.8182910536,58511.312835600002,18.7314968,0.0545219183,0,zr,117.3212619,36.907764899999997,0.742999971,-0.0419999994,20190128312280,707,0x1,0x3,21.1100006,26.1429939,0.0223919172,0.0665050745,5.4030811e-06,30,1.01400006,2
707201300016686,75731645,2458511.8219136619,58511.316458300003,19.7390232,0.116058417,0,zr,117.3212604,36.9077646,1.01900005,-0.0419999994,20190128315880,707,0x1,0x3,21.0900002,26.1580563,0.0242488589,0.0564710721,6.35617289e-06,30,1.01699996,2
707201300016686,75732005,2458511.8255131729,58511.320057899997,19.9084473,0.13097091,0,zr,117.32127319999999,36.9077044,1.40799999,0.0909999982,20190128319479,707,0x1,0x3,21.0300007,26.1614456,0.0237914529,0.0585405901,6.09022936e-06,30,1.01900005,2
707201300016686,75732719,2458511.8326541865,58511.3271991,20.8476562,0.22275126,0,zr,117.321231,36.907859799999997,0.674000025,0.0350000001,20190128326644,707,0x1,0x3,21.2000008,26.1485882,0.0210238453,0.0641763434,4.73769842e-06,30,1.02499998,2
707201300016686,75733075,2458511.8362073,58511.330752299997,20.4300518,0.183231533,0,zr,117.3213445,36.907810099999999,0.93900001,0.108999997,20190128330208,707,0x1,0x3,21.1700001,26.1309509,0.0212170444,0.0752515495,4.8359916e-06,30,1.02900004,2
707201300016686,75733429,2458511.8397489102,58511.334294,19.0391197,0.0687472895,0,zr,117.3213047,36.907773800000001,1.15199995,-0.0560000017,20190128333750,707,0x1,0x3,20.9599991,26.1392059,0.0232955012,0.0686364174,5.79200105e-06,30,1.03299999,2
707201300016686,75733782,2458511.8432789207,58511.337824100003,18.863924,0.0602209121,0,zr,117.3213385,36.907779499999997,1.54200006,0.00100000005,20190128337292,707,0x1,0x3,20.8899994,26.1251049,0.0225942526,0.0702152476,5.47282025e-06,30,1.03699994,2
707201300016686,75734134,2458511.8467973317,58511.341342599997,18.979948,0.0657355636,0,zr,117.32131560000001,36.907747999999998,0.467000008,-0.0189999994,20190128340810,707,0x1,0x3,21.0200005,26.1170158,0.0222952589,0.0675266534,5.36738844e-06,30,1.04200006,2
707201300016686,75734484,2458511.8503041402,58511.344849499998,19.6160412,0.10608092,0,zr,117.32123489999999,36.907777400000001,0.801999986,0.0170000009,20190128344329,707,0x1,0x3,21.0799999,26.1088753,0.0206279047,0.0726490766,4.597523e-06,30,1.04700005,2
707201300016686,75734834,2458511.8537994521,58511.348344899998,19.3686714,0.0882112384,0,zr,117.3213148,36.907788600000003,1.41600001,0.0289999992,20190128347836,707,0x1,0x3,21.0599995,26.1044731,0.0207911506,0.0752074867,4.65764197e-06,30,1.05200005,2
707201300016686,75735184,2458511.857294762,58511.351840299998,19.4636536,0.0947281495,0,zr,117.32121890000001,36.907753200000002,1.16299999,0.0900000036,20190128351331,707,0x1,0x3,21.1599998,26.1165199,0.0213845689,0.0745409504,4.92673826e-06,30,1.05799997,2
707201300016686,75735531,2458511.8607668737,58511.355312500003,19.5776253,0.103113696,0,zr,117.3212757,36.907770499999998,0.833999991,0.0480000004,20190128354815,707,0x1,0x3,21.0300007,26.1194592,0.020688815,0.0724126175,4.64225013e-06,30,1.06400001,2
707201300016686,75736224,2458511.8676995966,58511.3622454,18.7001362,0.0532599054,0,zr,117.32127389999999,36.907761700000002,0.981000006,0.00899999961,20190128361759,707,0x1,0x3,21.0499992,26.133379,0.0222488139,0.0673723295,5.30325906e-06,30,1.07700002,2
707201300016686,75736569,2458511.8711485076,58511.365694400003,18.9026871,0.0620072037,0,zr,117.32132350000001,36.907794699999997,1.08500004,-0.00700000022,20190128365208,707,0x1,0x3,21.0300007,26.1367741,0.0231578518,0.0655929297,5.75159993e-06,30,1.08399999,2
707201300016686,75736913,2458511.8745859177,58511.369131899999,19.0961342,0.0717822611,0,zr,117.3212523,36.907806299999997,0.586000025,0.00899999961,20190128368657,707,0x1,0x3,20.8500004,26.1221733,0.0242672283,0.0666572899,6.33311902e-06,30,1.09200001,2
707201300016686,75737256,2458511.8780233301,58511.372569400002,19.3476772,0.086827606,0,zr,117.3213037,36.907808199999998,1.13800001,-0.0260000005,20190128372106,707,0x1,0x3,20.7199993,26.1165428,0.0243297014,0.0680674985,6.40525286e-06,30,1.10000002,2
707201300016686,75825944,2458512.7648753063,58512.259444399999,18.6738949,0.0522287078,0,zr,117.32129190000001,36.9077445,0.865999997,0.0329999998,20190129259248,707,0x1,0x3,20.8099995,25.7592468,0.0344372801,0.0684638396,1.27146704e-05,30,1.01800001,2
707201300016686,75826258,2458512.7680118228,58512.262581000003,19.1449738,0.0744887963,32768,zr,117.32133930000001,36.907779099999999,0.734000027,-0.107000001,20190129262384,707,0x1,0x3,20.6599998,25.4289989,0.041200757,0.0793175474,1.82295862e-05,30,1.01600003,2
707201300016686,75936329,2458513.8686990244,58513.363298600001,19.1229,0.073253125,32768,zr,117.3212753,36.907736399999997,0.638999999,-0.127000004,20190130362824,707,0x1,0x3,20.1100006,24.3399658,0.0425081179,0.076507546,2.16327007e-05,30,1.09099996,2
707201300016686,75936673,2458513.8721364243,58513.366736099997,19.0070915,0.0670999214,32768,zr,117.3212717,36.907757400000001,1.48800004,-0.254000008,20190130366273,707,0x1,0x3,20.3700008,24.6592617,0.0539417379,0.0705551282,3.16201586e-05,30,1.09899998,2
707201300016686,75937016,2458513.8755622264,58513.370161999999,18.8910885,0.061466936,32768,zr,117.3213413,36.907758299999998,1.10099995,0.0410000011,20190130369699,707,0x1,0x3,21.3299999,25.5243454,0.0461842157,0.0836229697,2.27812088e-05,30,1.10699999,2
707201300016686,75937357,2458513.8789765257,58513.373576400001,18.4835148,0.0453852303,32768,zr,117.3212839,36.907765300000001,0.924000025,0.0379999988,20190130373125,707,0x1,0x3,21.1499996,25.3909492,0.0440715663,0.0965568796,2.07146222e-05,30,1.11600006,2
707201300016686,76021026,2458514.7156419004,58514.210266200003,18.7766533,0.0563968904,0,zr,117.3214359,36.907798,1.64199996,0.177000001,20190131209850,707,0x1,0x3,20.5499992,26.3764381,0.0414584316,0.103207275,1.88243466e-05,30,1.07700002,2
707201300016686,76021268,2458514.7180608273,58514.2126852,18.8989582,0.0618329532,0,zr,117.321282,36.907762499999997,1.08099997,-0.120999999,20190131212546,707,0x1,0x3,21.5200005,26.0966892,0.0206864513,0.0865924358,4.65911944e-06,30,1.07299995,2
707201300016686,76021511,2458514.7204912566,58514.215115699997,18.9690933,0.0651979446,0,zr,117.3213054,36.9077488,0.823000014,-0.0649999976,20190131214965,707,0x1,0x3,21.0499992,25.7817383,0.0252646301,0.0918056518,6.86486192e-06,30,1.06799996,2
707201300016686,76021754,2458514.7229217845,58514.217546300002,19.6250267,0.10678529,0,zr,117.3213045,36.907776599999998,0.709999979,-0.0960000008,20190131217384,707,0x1,0x3,21.6000004,26.0534668,0.023887122,0.0851593241,6.22302969e-06,30,1.06299996,2
707201300016686,76021998,2458514.7253638124,58514.2199884,20.1450558,0.153815329,0,zr,117.32128779999999,36.907761999999998,0.927999973,0.0979999974,20190131219826,707,0x1,0x3,21.7299995,26.0934849,0.0215082485,0.0888802037,5.02506418e-06,30,1.05900002,2
707201300016686,76022243,2458514.72780594,58514.222430599999,19.9795609,0.137610406,0,zr,117.3212697,36.907768400000002,1.18400002,-0.0399999991,20190131222257,707,0x1,0x3,21.5900002,26.0569897,0.0216852129,0.0929970965,5.12025372e-06,30,1.05499995,2
707201300016686,76022488,2458514.730259568,58514.224884299998,20.5501251,0.195092082,0,zr,117.3212837,36.907772199999997,1.00800002,0.0460000001,20190131224711,707,0x1,0x3,21.4599991,26.0906143,0.0195028391,0.0900399089,4.12611735e-06,30,1.051,2
707201300016686,76022733,2458514.7327131918,58514.227337999997,20.5595055,0.195964098,32768,zr,117.3211304,36.907796400000002,0.856999993,0.26699999,20190131227164,707,0x1,0x3,21.0200005,25.5909958,0.0292229559,0.0829491168,9.13449094e-06,30,1.04700005,2
707201300016686,76023228,2458514.7376551507,58514.232280099997,20.6411781,0.203556538,0,zr,117.3213545,36.907781499999999,0.959999979,-0.151999995,20190131232095,707,0x1,0x3,21.6000004,26.0286922,0.0209106561,0.0872955099,4.72180363e-06,30,1.03999996,2
707201300016686,76023476,2458514.7401434775,58514.234768499999,20.3374004,0.173586652,32768,zr,117.32127610000001,36.907720300000001,0.936999977,-0.192000002,20190131234572,707,0x1,0x3,20.9200001,25.572937,0.0291462708,0.0916089043,9.09177561e-06,30,1.03699994,2
707201300016686,76023725,2458514.7426318037,58514.2372569,19.2451363,0.0803583488,0,zr,117.3213231,36.907759599999999,1.176,-0.0879999995,20190131237060,707,0x1,0x3,21.3700008,25.8526745,0.022777088,0.0882669166,5.61360594e-06,30,1.03400004,2
707201300016686,76023975,2458514.7451317292,58514.239756900002,18.9128933,0.0624867938,0,zr,117.32130600000001,36.907769799999997,1.44700003,0.143999994,20190131239560,707,0x1,0x3,21.6700001,26.0527325,0.0216348916,0.0848051235,5.0276617e-06,30,1.03100002,2
707201300016686,76024228,2458514.7476548548,58514.242280099999,18.9501038,0.0642683879,0,zr,117.32129639999999,36.907755399999999,0.229000002,-0.00200000009,20190131242060,707,0x1,0x3,21.3999996,25.8539162,0.0241186805,0.0870849118,6.29510851e-06,30,1.02900004,2
707201300016686,76024480,2458514.7501778798,58514.244803200003,18.702446,0.0533517711,0,zr,117.3213121,36.907768300000001,0.898999989,-0.0140000004,20190131244583,707,0x1,0x3,21.5100002,25.9564114,0.0219523869,0.0845372379,5.19214336e-06,30,1.02600002,2
707201300016686,76025430,2458514.7596799969,58514.254305599999,19.5081234,0.0979259685,0,zr,117.3212882,36.907781399999998,0.950999975,0.134000003,20190131254109,707,0x1,0x3,21.3999996,25.887764,0.0227763504,0.0888964534,5.6272529e-06,30,1.01800001,2
707201300016686,76025744,2458514.7628164049,58514.257442100003,19.4011707,0.0903935134,0,zr,117.3212723,36.907720400000002,0.606000006,0.0710000023,20190131257245,707,0x1,0x3,21.0200005,25.6548119,0.0261168759,0.0913854316,7.37383198e-06,30,1.01600003,2
707201300016686,76026060,2458514.76597611,58514.260601900001,18.9990845,0.0666944236,0,zr,117.3212965,36.907766199999998,1.06200004,-0.0590000004,20190131260405,707,0x1,0x3,21.2999992,25.9119625,0.0204200502,0.0845037997,4.51950109e-06,30,1.01400006,2
707201300016686,76026699,2458514.7723647198,58514.266990700002,18.7646046,0.0558897927,32768,zr,117.321309,36.907781200000002,0.748000026,0.0390000008,20190131266759,707,0x1,0x3,20.1299992,24.9226398,0.0493464246,0.0838639885,2.68639833e-05,30,1.01100004,2
707201300016686,76027023,2458514.7756054229,58514.270231499999,18.7964211,0.0572395884,32768,zr,117.321286,36.907772100000003,0.296000004,0.00400000019,20190131269988,707,0x1,0x3,19.6000004,24.5544376,0.0776149035,0.0846126005,8.28430784e-05,30,1.00999999,2
707201300016686,76027350,2458514.7788807256,58514.273506899997,19.3599586,0.0876346081,32768,zr,117.3212705,36.9077439,0.882000029,0.0250000004,20190131273241,707,0x1,0x3,20.6499996,25.4186554,0.0290631149,0.0811870471,9.07676622e-06,30,1.00899994,2
707201300016686,76027681,2458514.7821908272,58514.276817099999,19.5435658,0.100542367,32768,zr,117.32123249999999,36.907699600000001,0.651000023,0.00999999978,20190131276516,707,0x1,0x3,20.3299999,25.041296,0.0335863531,0.0855172798,1.23067721e-05,30,1.00800002,2
707201300016686,76028015,2458514.7855241247,58514.280150500002,19.9168777,0.131746799,32768,zr,117.3211854,36.907762900000002,0.861999989,0.111000001,20190131279826,707,0x1,0x3,20.5200005,25.239645,0.0296197999,0.087366797,9.39776237e-06,30,1.00800002,2
707201300016686,76030107,2458514.8064493979,58514.301076399999,18.9770031,0.0655892193,32768,zr,117.3213549,36.9078412,0.76700002,-0.0729999989,20190131300556,707,0x1,0x3,19.2199993,24.038023,0.0483091138,0.0933756232,4.35481961e-05,30,1.01199996,2
707201300016686,76030471,2458514.8100834899,58514.304710600001,18.9850178,0.0659881607,32768,zr,117.3212656,36.907729500000002,0.284000009,0.0299999993,20190131304155,707,0x1,0x3,19.2399998,24.1439419,0.0492387302,0.0951944143,4.47145321e-05,30,1.01400006,2
707201300016686,76031193,2458514.8173055723,58514.311932899996,19.4303474,0.0923946798,32768,zr,117.3211996,36.907676000000002,0.776000023,-0.0939999968,20190131311343,707,0x1,0x3,19.9300003,24.633955,0.038710013,0.0862951055,1.85493882e-05,30,1.01900005,2
707201300016686,76032261,2458514.827988049,58514.322615700003,18.7823982,0.0566404015,32768,zr,117.3213269,36.907774500000002,1.15199995,0.0350000001,20190131322060,707,0x1,0x3,20.3999996,25.0863495,0.0320430771,0.0857996047,1.10113842e-05,30,1.02900004,2
707201300016686,76032615,2458514.8315296392,58514.326157399999,19.0065689,0.0670734048,32768,zr,117.3212563,36.9078163,0.49000001,0.0799999982,20190131325613,707,0x1,0x3,20.1800003,24.8183117,0.0363072231,0.0874381512,1.54784921e-05,30,1.03299999,2
707201300016686,76033320,2458514.8385780305,58514.333206000003,19.6614304,0.109678619,32768,zr,117.3212666,36.907652400000003,0.876999974,-0.194999993,20190131332685,707,0x1,0x3,19.7800007,24.5139256,0.0402608886,0.0950548649,2.0778878e-05,30,1.04200006,2
707201300016686,76035755,2458514.8629291882,58514.357557900003,19.0207596,0.0677979738,32768,zr,117.32132970000001,36.907725800000001,0.86500001,0.125,20190131357072,707,0x1,0x3,19.9099998,24.7593899,0.0420962945,0.0853788704,2.08706515e-05,30,1.08399999,2
707201300016686,76036785,2458514.8732297723,58514.367858799997,19.3222961,0.0851819217,32768,zr,117.3213197,36.907746199999998,1.02400005,-0.166999996,20190131367396,707,0x1,0x3,20.8799992,25.5547733,0.0262407251,0.0906331092,7.39303323e-06,30,1.10800004,2
707201300016686,76822276,2458522.7278515585,58522.2227662,19.2917862,0.0832425356,0,zr,117.32129140000001,36.907770599999999,1.28900003,-0.0340000018,20190208222755,707,0x1,0x3,21.1599998,26.0885277,0.0222050305,0.103007741,5.26436133e-06,30,1.02600002,3
707201300016686,76822370,2458522.7287890194,58522.223703700001,19.0973721,0.0718496144,0,zr,117.3213011,36.907767200000002,0.609000027,0.0599999987,20190208223692,707,0x1,0x3,21.5200005,26.0882664,0.0213363022,0.0886959955,4.89190643e-06,30,1.02499998,1
707201300016686,77221329,2458526.7182025639,58526.2132986,19.0345726,0.0685109347,32768,zr,117.3212424,36.907688999999998,1.33500004,0.0370000005,20190212213241,707,0x1,0x3,20.4599991,26.1648293,0.0753313899,0.101640075,6.16174439e-05,30,1.02499998,1
707201300016686,77222273,2458526.7276350129,58526.222731499998,19.4649658,0.0948211849,0,zr,117.321387,36.907763299999999,0.888999999,-0.0979999974,20190212222685,707,0x1,0x3,20.4400005,26.0367489,0.0306535494,0.110099718,9.99872191e-06,30,1.01699996,3
707201300016686,78420344,2458538.7076735245,58538.203449100001,20.1083221,0.150137395,32768,zr,117.3210393,36.907768699999998,0.549000025,-0.216999993,20190224203438,707,0x1,0x3,19.9200001,25.0663795,0.0394835249,0.103918195,1.76953181e-05,30,1.00999999,1
707201300016686,78620069,2458540.7047875258,58540.200694400002,20.7879486,0.217200756,0,zr,117.321404,36.907777500000002,1.03799999,-0.273000002,20190226200637,707,0x1,0x3,21.1599998,26.2794209,0.0513713434,0.093782708,2.83478475e-05,30,1.00899994,3
707201300016686,78923853,2458543.7424143646,58543.238530100003,19.9403343,0.133921668,32768,zr,117.3214603,36.907755199999997,1.301,0.0340000018,20190301238495,707,0x1,0x3,20.6200008,26.0268955,0.0298273824,0.101413913,9.5737887e-06,30,1.02400005,3
707201300016686,78923952,2458543.7434096863,58543.239525500001,19.760088,0.117839947,0,zr,117.3213365,36.907783500000001,0.744000018,-0.133000001,20190301239479,707,0x1,0x3,20.9300003,25.8854885,0.0239419099,0.0895000622,6.19383491e-06,30,1.02499998,1
707201300016686,79318643,2458547.6900324407,58547.186435199998,19.4084721,0.0908905715,0,zr,117.32129860000001,36.907775700000002,1.03799999,-0.115000002,20190305186354,707,0x1,0x3,21.0900002,26.15098,0.0256603789,0.105289556,7.10933864e-06,30,1.00800002,3
707201300016686,81314333,2458567.6452635592,58567.143333300002,19.7242279,0.114819728,0,zr,117.32127269999999,36.907728400000003,0.625,0.0390000008,20190325143333,707,0x1,0x3,21.1399994,26.0620918,0.0256345328,0.108357608,7.1380955e-06,30,1.00800002,3
707201300016686,81314424,2458567.6461778767,58567.144247700002,19.5430527,0.100504093,0,zr,117.32126940000001,36.907697400000004,1.21500003,-0.0729999989,20190325144248,707,0x1,0x3,21.2099991,26.0399475,0.0227792487,0.104285553,5.59495857e-06,30,1.00800002,1
707201300016686,81525125,2458569.7545508221,58569.251250000001,19.8303661,0.123934597,32768,zr,117.3212893,36.907745800000001,0.592000008,-0.128000006,20190327251111,707,0x1,0x3,20.8999996,27.8659573,0.0263314042,0.0950707421,7.7569166e-06,300,1.21700001,2
707201300016686,81923614,2458573.7375158179,58573.236145800001,19.9045925,0.130617261,0,zr,117.3213547,36.907591099999998,0.765999973,0.0590000004,20190331235903,707,0x1,0x3,20.2800007,26.0385876,0.032705199,0.0949121267,1.14152735e-05,30,1.20000005,3
707201300016686,82019171,2458574.6929937825,58574.191713,19.5251122,0.0991725698,32768,zr,117.3212383,36.907734599999998,0.848999977,-0.224999994,20190401191516,707,0x1,0x3,19.8500004,25.0950508,0.0366844907,0.0986297429,1.5067294e-05,30,1.08000004,3
707201300016686,82715762,2458581.6582498914,58581.157627300003,19.8828869,0.128637612,32768,zr,117.3214491,36.907751300000001,0.773999989,-0.0769999996,20190408157604,707,0x1,0x3,20.1900005,25.371563,0.0348894745,0.100331083,1.3156975e-05,30,1.05299997,3
707201300016686,82716520,2458581.665830153,58581.165208300001,19.7245159,0.114843667,0,zr,117.32128229999999,36.907799699999998,0.845000029,0.0780000016,20190408165185,707,0x1,0x3,20.2299995,25.6998825,0.0324598551,0.0935802534,1.12701846e-05,30,1.06599998,1
707201300016686,83015921,2458584.6595494333,58584.159212999999,19.5846596,0.103651635,0,zr,117.3212096,36.9077822,0.745000005,-0.0810000002,20190411159178,707,0x1,0x3,20.7199993,26.03475,0.024384357,0.100517966,6.37664652e-06,30,1.07000005,1
707201300016686,83116641,2458585.6666523111,58585.166411999999,19.6964684,0.112523735,0,zr,117.3214016,36.907798200000002,1.07599998,-0.375999987,20190412166412,707,0x1,0x3,20.0100002,26.0020313,0.0317452513,0.0991272405,1.09514776e-05,30,1.09000003,3
707201300016686,83415137,2458588.6513327551,58588.151377299997,19.7285519,0.115180641,32768,zr,117.3213148,36.907809100000001,0.626999974,-0.137999997,20190415151308,707,0x1,0x3,20.2700005,25.8836842,0.0395003445,0.0903381258,1.74529905e-05,30,1.07599998,3
707201300016686,83714203,2458591.6417077021,58591.142036999998,19.3072662,0.0842212737,0,zr,117.3212588,36.907751599999997,0.677999973,-0.109999999,20190418142014,707,0x1,0x3,20.5699997,26.0364094,0.0287308265,0.0935571045,8.80621155e-06,30,1.07299995,3
707201300016686,83714296,2458591.6426336132,58591.142962999998,19.598444,0.104712911,0,zr,117.32124779999999,36.907721100000003,0.621999979,0.063000001,20190418142951,707,0x1,0x3,20.6399994,26.0305233,0.0264623519,0.0955830067,7.53871836e-06,30,1.07500005,1
707201300016686,84415371,2458598.6527248207,58598.153715300003,19.9425907,0.134132117,0,zr,117.3213257,36.907758800000003,0.714999974,-0.074000001,20190425153715,707,0x1,0x3,21.3199997,26.0173779,0.0232620314,0.090138793,5.80953201e-06,30,1.15100002,1
707201300016686,84415464,2458598.6536506307,58598.154641200003,20.3596344,0.175902858,0,zr,117.3212977,36.907848999999999,1.60599995,-0.0790000036,20190425154630,707,0x1,0x3,21.3199997,26.0223579,0.0229185447,0.0945749432,5.66942754e-06,30,1.15400004,3
707201300016686,84515156,2458599.6504790299,58599.151562500003,19.2597809,0.0812532529,0,zr,117.3212393,36.907741199999997,0.545000017,0.0299999993,20190426151551,707,0x1,0x3,21.0400009,26.0288448,0.0228239298,0.102763005,5.64444872e-06,30,1.153,3
707201300016686,85217482,2458606.67310003,58606.174826399998,19.6343613,0.107521065,0,zr,117.3212601,36.907725399999997,1.37199998,-0.136999995,20190503174815,707,0x1,0x3,21.2000008,25.9799442,0.0217549447,0.100334734,5.04081345e-06,30,1.33399999,3
707201300016686,85218666,2458606.6849392587,58606.186666699999,19.6218204,0.106533483,0,zr,117.3212948,36.907775000000001,1.34500003,0.0649999976,20190503186667,707,0x1,0x3,21.2700005,25.9863529,0.0221945457,0.0951488018,5.21219908e-06,30,1.40600002,1
707201300016686,86321509,2458617.7124137757,58617.215092600003,19.4473038,0.0935761184,0,zr,117.3212541,36.907710000000002,0.648000002,-0.187000006,20190514215081,707,0x1,0x3,20.25,25.9111595,0.0294640865,0.104017973,9.11051484e-06,30,2.00500011,3
707201300016686,86321598,2458617.7133049038,58617.215983800001,19.2225361,0.0789957717,0,zr,117.3212869,36.907704899999999,0.697000027,-0.0649999976,20190514215984,707,0x1,0x3,20.2900009,25.9034004,0.0311083756,0.10193602,1.01622836e-05,30,2.01900005,1
707201300016686,88416996,2458638.6657761005,58638.169965300003,19.4783249,0.0957727209,0,zr,117.32131630000001,36.907733899999997,0.875999987,-0.217999995,20190604169954,707,0x1,0x3,19.8799992,25.855217,0.0353035294,0.100567281,1.33495332e-05,30,2.21700001,2
707201300016686,88417653,2458638.6723497971,58638.176539400003,19.2574768,0.0811118707,0,zr,117.3213313,36.907767999999997,0.69599998,-0.0520000011,20190604176528,707,0x1,0x3,20.2199993,25.8304062,0.0331280865,0.111597039,1.16220426e-05,30,2.35299993,2
707201300016686,88716855,2458641.6641883207,58641.168553199997,18.8007584,0.0574262887,32768,zr,117.32142810000001,36.908031299999998,0.416999996,0.050999999,20190607168553,707,0x1,0x3,18.9799995,26.1733475,0.119510509,0.0983033478,0.000259269582,30,2.35700011,2
707201300016686,88717144,2458641.6670817439,58641.171446799999,18.7561417,0.0555366166,0,zr,117.3212947,36.907738799999997,0.361000001,-0.0560000017,20190607171377,707,0x1,0x3,20.1299992,25.8607426,0.0323809162,0.110274166,1.12220405e-05,30,2.42199993,2
707201300016686,88717432,2458641.6699634762,58641.174328699999,18.767477,0.0560102463,0,zr,117.3212765,36.907686300000002,1.27600002,0.0140000004,20190607174271,707,0x1,0x3,20.2199993,25.8550415,0.031079011,0.113482498,1.04001792e-05,30,2.49099994,2
707201300016686,88717722,2458641.6728568082,58641.1772222,19.6017761,0.10497079,0,zr,117.3212441,36.907728400000003,0.99000001,-0.112000003,20190607177164,707,0x1,0x3,20.2600002,25.8539543,0.0298058297,0.111047983,9.49257173e-06,30,2.56399989,2
707201300016686,96950631,2458724.0023326548,58723.506319400003,19.2661934,0.0816482082,0,zr,117.3213169,36.9077208,0.742999971,0.0450000018,20190828506319,707,0x1,0x3,20.6200008,25.8984852,0.0247846004,0.0912137702,6.55573513e-06,30,1.84099996,1
707201300016686,97250791,2458727.0041292934,58726.5079167,18.3710613,0.0418308787,0,zr,117.3213215,36.9077074,0.791000009,-0.0560000017,20190831507917,707,0x1,0x3,20.5100002,25.9290295,0.0296475124,0.108330511,9.26169196e-06,30,1.72399998,1
707201300016686,97951331,2458734.0100271143,58733.513310200004,19.8181725,0.122860655,0,zr,117.32133399999999,36.907754199999999,0.643000007,-0.0350000001,20190907513310,707,0x1,0x3,20.7999992,25.9695015,0.0239894427,0.0988253504,6.03590979e-06,30,1.49600005,1
707201300016686,98251104,2458737.0079897195,58736.511041700003,18.7209835,0.05409519,0,zr,117.3212984,36.907772299999998,0.492000014,-0.0219999999,20190910511042,707,0x1,0x3,20.9400005,25.9757175,0.0232088063,0.102171041,5.69611393e-06,30,1.45099998,1
707201300016686,98547075,2458739.9679366215,58739.470752300003,18.9036255,0.0620511808,0,zr,117.3213691,36.907792499999999,0.745000005,0.0729999989,20190913470752,707,0x1,0x3,20.0200005,25.9312057,0.0332443304,0.100120597,1.16961764e-05,30,1.74199998,1
707201300016686,99149335,2458745.9910445078,58745.493356500003,18.5566788,0.047886882,0,zr,117.3213058,36.907759499999997,0.981999993,-0.0930000022,20190919493356,707,0x1,0x3,20.1399994,25.973423,0.0323899686,0.0932895392,1.10661176e-05,30,1.40400004,1
707201300016686,99448773,2458748.9856800721,58748.487731499998,18.6167717,0.0500597879,0,zr,117.32132729999999,36.907761499999999,0.513000011,-0.00899999961,20190922487593,707,0x1,0x3,20.5799999,25.9336853,0.0260544419,0.100802176,7.14943235e-06,30,1.38800001,1
707201300016686,100250709,2458757.0057685417,58756.5070949,19.1979408,0.0775384307,0,zr,117.3212959,36.907755999999999,0.52700001,-0.075000003,20190930507095,707,0x1,0x3,21.2800007,26.0050354,0.0217304807,0.0904469118,5.08220273e-06,30,1.18799996,1
707201300016686,100344207,2458757.9408320514,58757.442071799996,18.8953514,0.0616649389,0,zr,117.3212779,36.907763600000003,0.202999994,-0.0179999992,20191001442014,707,0x1,0x3,20.7000008,25.9686508,0.0245233104,0.0938763842,6.40310418e-06,30,1.54200006,2
707201300016686,100550851,2458760.007471588,58759.508518499999,18.8514652,0.0596583784,0,zr,117.32130650000001,36.907764100000001,1.61099994,-0.0480000004,20191003508495,707,0x1,0x3,21.3099995,26.0041008,0.0224733558,0.095101811,5.36824427e-06,30,1.15499997,1
707201300016686,100950920,2458764.0085317888,58763.509201399997,18.9020824,0.0619789287,0,zr,117.3213161,36.9077555,0.519999981,-0.0430000015,20191007509190,707,0x1,0x3,21.3099995,26.0035992,0.0220730472,0.0945871249,5.20263802e-06,30,1.12100005,1
707201300016686,101546631,2458769.9662182215,58769.466319400002,20.3140755,0.171159416,0,zr,117.3212611,36.907736800000002,0.372999996,-0.00899999961,20191013466296,707,0x1,0x3,20.5400009,25.993906,0.0261230934,0.100991972,7.28214127e-06,30,1.20799994,1
707201300016686,101853826,2458773.0384573704,58772.538263900002,20.3909607,0.179166406,0,zr,117.3212542,36.907480999999997,0.465000004,-0.254999995,20191016538241,707,0x1,0x3,20.3700008,26.0120621,0.0261709113,0.0961641744,7.37327173e-06,30,1.02499998,1
707201300016686,102448873,2458778.9895017799,58778.488738400003,19.2536182,0.0808755308,0,zr,117.3213262,36.907750100000001,0.730000019,-0.0700000003,20191022488738,707,0x1,0x3,20.0100002,26.0182476,0.0315747596,0.101461209,1.07331425e-05,30,1.07299995,1
707201300016686,102749203,2458781.9930861569,58781.492037000004,20.0171795,0.141206414,0,zr,117.32127490000001,36.907720900000001,0.760999978,-0.134000003,20191025492025,707,0x1,0x3,20.2099991,26.0372143,0.0330026001,0.0991358384,1.16582896e-05,30,1.05299997,1
707201300016686,103351346,2458788.0150748384,58787.513460599999,18.7695446,0.0560970865,0,zr,117.3213178,36.907806399999998,1.22500002,-0.104999997,20191031513368,707,0x1,0x3,19.8700008,26.030756,0.0341112688,0.0995984152,1.2411253e-05,30,1.01300001,1
707201300016686,103749634,2458791.998322193,58791.496342600003,19.2745953,0.0821683854,0,zr,117.3213145,36.907727700000002,0.754000008,0.050999999,20191104496343,707,0x1,0x3,21.0499992,26.0226879,0.0250147041,0.100833729,6.6702728e-06,30,1.01699996,1
707201300016686,103951515,2458794.0173120322,58793.515150500003,19.3814392,0.0890627354,0,zr,117.3212771,36.907760199999998,1.65900004,-0.0109999999,20191106515081,707,0x1,0x3,21.0100002,26.0265446,0.024711486,0.105841644,6.5375184e-06,30,1.00800002,1
707201300016686,104536718,2458799.8698615376,58799.3671875,19.3558254,0.0873621926,0,zr,117.3213198,36.907755000000002,1.05999994,-0.186000004,20191112367188,707,0x1,0x3,20.4300003,26.0130043,0.0291008502,0.0954457298,8.97810241e-06,30,1.28400004,1
707201300016686,104733400,2458801.8368452988,58801.334004600001,19.1532249,0.0749560073,0,zr,117.3212745,36.9077482,0.537,0.150999993,20191114333877,707,0x1,0x3,20.1299992,25.97295,0.0312452894,0.0888958648,1.03749635e-05,30,1.44799995,2
707201300016686,104733445,2458801.8372967374,58801.334455999997,19.3955002,0.0900091901,0,zr,117.3212726,36.907747899999997,0.616999984,-0.061999999,20191114334456,707,0x1,0x3,20.0499992,25.9591465,0.0324580818,0.087095201,1.12110711e-05,30,1.44500005,2
707201300016686,104733490,2458801.8377481792,58801.3349074,19.3661251,0.0880423337,0,zr,117.32122529999999,36.907828299999998,0.486000001,-0.0430000015,20191114334907,707,0x1,0x3,20.0799999,25.9627705,0.0308511183,0.0930050761,1.00331954e-05,30,1.44200003,2
707201300016686,104733535,2458801.8381996048,58801.335358800003,19.40732,0.0908119231,0,zr,117.3214049,36.907772700000002,0.667999983,-0.137999997,20191114335359,707,0x1,0x3,20.2000008,25.9889526,0.0318780094,0.09030696,1.07863843e-05,30,1.43900001,2
707201300016686,104733581,2458801.838651055,58801.335810199998,19.443676,0.0933222175,0,zr,117.3212286,36.907698099999998,0.866999984,-0.0719999969,20191114335810,707,0x1,0x3,20.1000004,25.9713211,0.0305095166,0.0898410976,9.84683447e-06,30,1.43599999,2
707201300016686,104733626,2458801.8391024955,58801.336261600001,19.6795387,0.111141711,0,zr,117.32120620000001,36.907819099999998,0.219999999,0.0280000009,20191114336262,707,0x1,0x3,20.1200008,25.974184,0.0321444832,0.0904746726,1.09754692e-05,30,1.43299997,2
707201300016686,104733671,2458801.8395539322,58801.336712999997,19.654211,0.109099731,0,zr,117.32122270000001,36.9077409,0.745000005,-0.0829999968,20191114336713,707,0x1,0x3,20.1200008,25.9658566,0.0306424517,0.0998994559,9.98944688e-06,30,1.42999995,2
707201300016686,104733716,2458801.8400053615,58801.3371644,19.5943584,0.104397349,0,zr,117.3213513,36.907769299999998,0.319999993,0.0689999983,20191114337164,707,0x1,0x3,20.1800003,25.965004,0.0320195481,0.0921972319,1.0899168e-05,30,1.426,2
707201300016686,104733761,2458801.8404567018,58801.337615700002,19.8097782,0.122125424,0,zr,117.3213277,36.907789700000002,0.597000003,-0.319999993,20191114337616,707,0x1,0x3,20.1700001,25.9714108,0.0308706257,0.0893333927,1.01280775e-05,30,1.42299998,2
707201300016686,104733806,2458801.8409081493,58801.338067099998,19.6400433,0.10797108,0,zr,117.3211946,36.907764100000001,0.551999986,-0.0199999996,20191114338067,707,0x1,0x3,20.2000008,25.9656887,0.0333182737,0.0939856917,1.18655516e-05,30,1.41999996,2
707201300016686,104733851,2458801.8413595762,58801.338518500001,19.5357323,0.0999589115,0,zr,117.3213583,36.907808199999998,1.04100001,0.215000004,20191114338518,707,0x1,0x3,20.1200008,25.9343777,0.038880568,0.0904193968,1.62386459e-05,30,1.41700006,2
707201300016686,104733942,2458801.8422624497,58801.339421299999,19.6477928,0.108587205,0,zr,117.3213971,36.907664099999998,0.404000014,-0.0790000036,20191114339421,707,0x1,0x3,20.0300007,25.9164276,0.0323758163,0.0915394798,1.12837452e-05,30,1.41100001,2
707201300016686,104733987,2458801.842713892,58801.339872700002,19.6991005,0.112739846,0,zr,117.32132660000001,36.907483599999999,0.138999999,-0.0350000001,20191114339873,707,0x1,0x3,19.9599991,25.9157352,0.033919327,0.09213195,1.24224771e-05,30,1.40799999,2
707201300016686,104734077,2458801.8436167696,58801.340775500001,19.7483482,0.11684446,0,zr,117.3213288,36.9077579,0.532999992,0,20191114340775,707,0x1,0x3,19.8299999,25.8569946,0.0374847613,0.0928660184,1.52910015e-05,30,1.40199995,2
707201300016686,104735568,2458801.858525441,58801.355682900001,18.481163,0.0453073494,32768,zr,117.3212279,36.907761899999997,0.314999998,0.064000003,20191114355683,707,0x1,0x3,18.7600002,25.2693768,0.061689321,0.0907232761,8.32230435e-05,30,1.31500006,2
707201300016686,104735613,2458801.8589768801,58801.356134299996,18.8154106,0.0580619685,32768,zr,117.3212164,36.9077555,0.523999989,0.0920000002,20191114356123,707,0x1,0x3,19.2199993,25.573452,0.0492421538,0.100304939,3.68470392e-05,30,1.31200004,2
707201300016686,104735703,2458801.8598796576,58801.357037000002,18.961277,0.0648136511,0,zr,117.3212065,36.907824699999999,0.856000006,-0.114,20191114357025,707,0x1,0x3,19.6800003,25.7612362,0.0355893224,0.0990040526,1.48653144e-05,30,1.30700004,2
707201300016686,104735748,2458801.8603310902,58801.357488399997,18.9648323,0.0649881959,32768,zr,117.3212865,36.907788400000001,0.574000001,-0.0560000017,20191114357477,707,0x1,0x3,19.8199997,25.8397884,0.0334994085,0.0929623097,1.24593444e-05,30,1.30499995,2
707201300016686,104735792,2458801.8607709301,58801.357928199999,19.1845016,0.0767532885,0,zr,117.32124260000001,36.907711499999998,0.550999999,-0.064000003,20191114357928,707,0x1,0x3,20.0900002,25.9372807,0.0324396789,0.0960666165,1.1315863e-05,30,1.30299997,2
707201300016686,104735839,2458801.8612339641,58801.358391200003,19.3854141,0.0893293247,0,zr,117.3213142,36.9076223,0.717999995,0.00800000038,20191114358380,707,0x1,0x3,20.1499996,25.9871159,0.0294053666,0.091643393,9.15943929e-06,30,1.29999995,2
707201300016686,104735884,2458801.8616853957,58801.358842599999,19.2903233,0.0831506178,0,zr,117.3214143,36.907703400000003,0.26699999,0.00700000022,20191114358831,707,0x1,0x3,20.1800003,25.9740238,0.0323243253,0.0874744952,1.12931248e-05,30,1.29799998,2
707201300016686,104735929,2458801.862136839,58801.359294000002,19.4257603,0.0920774043,0,zr,117.3213473,36.9077579,0.409000009,0.103,20191114359294,707,0x1,0x3,20.0699997,25.9384766,0.0332560986,0.0960507989,1.19404231e-05,30,1.296,2
707201300016686,104736246,2458801.8653084114,58801.362465300001,18.9053841,0.0621335879,0,zr,117.3212927,36.907781100000001,0.787999988,0.0149999997,20191114362396,707,0x1,0x3,20.1499996,25.9823723,0.0360100344,0.0872117803,1.39161439e-05,30,1.27999997,2
707201300016686,104736291,2458801.8657598468,58801.362916700004,18.9796848,0.0657224581,0,zr,117.3213367,36.907758700000002,0.407999992,0.0460000001,20191114362917,707,0x1,0x3,20.1900005,25.9726353,0.0300804712,0.0866107568,9.69294706e-06,30,1.278,2
707201300016686,104736336,2458801.8662112853,58801.363368099999,19.3687077,0.0882136896,0,zr,117.3213288,36.9077074,0.796000004,-0.0160000008,20191114363368,707,0x1,0x3,20.1599998,25.9814243,0.0310292728,0.088832818,1.02607401e-05,30,1.27600002,2
707201300016686,104736381,2458801.8666626257,58801.363819400001,19.1458664,0.0745392144,0,zr,117.3212987,36.907787300000003,0.819999993,0.0320000015,20191114363819,707,0x1,0x3,20.2800007,26.0076656,0.0291043054,0.0896175802,9.06721198e-06,30,1.273,2
707201300016686,104736427,2458801.867114062,58801.364270799997,19.0332336,0.0684415027,0,zr,117.32133,36.907741799999997,0.652999997,-0.0160000008,20191114364271,707,0x1,0x3,20.2000008,25.9931488,0.0314127468,0.0882548094,1.04856663e-05,30,1.27100003,2
707201300016686,104736472,2458801.8675655005,58801.3647222,19.4504642,0.0937978029,0,zr,117.32132060000001,36.907726099999998,0.526000023,0.0610000007,20191114364722,707,0x1,0x3,20.2099991,26.0081863,0.0296288561,0.090117678,9.34748823e-06,30,1.26900005,2
707201300016686,104736518,2458801.8680285369,58801.365185199997,19.346632,0.0867592245,0,zr,117.3213657,36.907767999999997,0.340999991,0.0579999983,20191114365174,707,0x1,0x3,20.1700001,25.9993534,0.0309520233,0.090818502,1.02983759e-05,30,1.26699996,2
707201300016686,104736563,2458801.8684799829,58801.3656366,19.2022934,0.0777944028,0,zr,117.3212462,36.907670600000003,0.661000013,-0.0469999984,20191114365637,707,0x1,0x3,20.1399994,25.9910622,0.0327990353,0.0867741629,1.14756767e-05,30,1.26499999,2
707201300016686,104736608,2458801.8689314178,58801.366088000002,19.4959946,0.0970444605,0,zr,117.3213054,36.9077944,0.684000015,0.0430000015,20191114366088,707,0x1,0x3,20.1200008,25.9547157,0.0308562033,0.0919219255,1.01984351e-05,30,1.26300001,2
707201300016686,104736653,2458801.8693828564,58801.366539399998,19.5057392,0.0977521315,0,zr,117.3212911,36.907701699999997,0.206,0.0890000015,20191114366539,707,0x1,0x3,20.0900002,25.9664841,0.0291629359,0.0931896269,9.08753191e-06,30,1.26100004,2
707201300016686,104736699,2458801.8698341916,58801.3669907,19.5753365,0.102939151,0,zr,117.3213377,36.907743500000002,0.421000004,-0.0469999984,20191114366991,707,0x1,0x3,20.1000004,25.9560642,0.0339267589,0.0939263478,1.24824364e-05,30,1.25899994,2
707201300016686,104736744,2458801.8702856279,58801.367442100003,19.7901669,0.120420203,0,zr,117.3213643,36.9076716,0.547999978,0.050999999,20191114367442,707,0x1,0x3,20.1499996,25.9378948,0.0296926238,0.0981907025,9.44937619e-06,30,1.25699997,2
707201300016686,104736789,2458801.8707370702,58801.367893499999,19.9161987,0.131684244,0,zr,117.321307,36.907713399999999,0.432000011,-0.057,20191114367894,707,0x1,0x3,19.9799995,25.9229279,0.0342910029,0.0914428011,1.26843752e-05,30,1.255,2
707201300016686,104736834,2458801.8711885065,58801.368344900002,19.4636021,0.0947245136,0,zr,117.3213373,36.907752199999997,0.667999983,0.254000008,20191114368345,707,0x1,0x3,19.9799995,25.9103298,0.0349672996,0.096219413,1.31223069e-05,30,1.25199997,2
707201300016686,104736879,2458801.8716399455,58801.368796299997,19.44981,0.0937518552,0,zr,117.3213271,36.907806000000001,0.619000018,0.0879999995,20191114368796,707,0x1,0x3,20.0100002,25.8945541,0.0380559862,0.0986128375,1.55049656e-05,30,1.25,2
707201300016686,104736924,2458801.8720913818,58801.3692477,19.5406342,0.100323677,0,zr,117.32135239999999,36.907710600000001,0.749000013,-0.319000006,20191114369248,707,0x1,0x3,19.7999992,25.8353615,0.0345518105,0.103356145,1.32021341e-05,30,1.24800003,2
707201300016686,104736969,2458801.8725428195,58801.369699100003,19.6434135,0.108238697,0,zr,117.32136079999999,36.907776599999998,0.495999992,-0.305000007,20191114369699,707,0x1,0x3,19.9400005,25.844141,0.0372394174,0.0908589885,1.51799795e-05,30,1.24600005,2
707201300016686,104737015,2458801.8729942655,58801.370150499999,19.6296921,0.107152469,0,zr,117.3212516,36.907699899999997,0.628000021,-0.217999995,20191114370150,707,0x1,0x3,19.8999996,25.8634434,0.0366019867,0.100039624,1.45120994e-05,30,1.24399996,2
707201300016686,104737105,2458801.8738970337,58801.371053199997,19.38451,0.0892686546,32768,zr,117.3213731,36.907778499999999,1.046,-0.0680000037,20191114371053,707,0x1,0x3,19.7299995,25.7802391,0.0381244458,0.095149003,1.64144658e-05,30,1.24100006,2
707201300016686,104737285,2458801.8757027881,58801.372858800001,19.0011463,0.0667986274,32768,zr,117.32134480000001,36.907691399999997,0.287,-0.119999997,20191114372859,707,0x1,0x3,19.3400002,25.5681152,0.0446774811,0.0968605429,2.7993754e-05,30,1.23300004,2
707201300016686,104737331,2458801.8761542439,58801.373310199997,19.3993683,0.0902711898,0,zr,117.3211,36.9077786,0.875999987,-0.175999999,20191114373310,707,0x1,0x3,19.5400009,25.6401196,0.039075993,0.0901832581,1.93828891e-05,30,1.23099995,2
707201300016686,104737376,2458801.8766056686,58801.3737616,19.185257,0.0767971724,0,zr,117.321287,36.907709400000002,0.707000017,-0.214000002,20191114373762,707,0x1,0x3,19.5100002,25.5660706,0.0528162792,0.0862231404,3.71238966e-05,30,1.22899997,2
707201300016686,104737466,2458801.8775085378,58801.374664399998,19.475399,0.0955636203,0,zr,117.3213949,36.907754500000003,0.609000027,-0.330000013,20191114374664,707,0x1,0x3,19.5599995,25.7031517,0.0456822515,0.0839108378,2.55857049e-05,30,1.22500002,2
707201300016686,104737782,2458801.8806685121,58801.377824100004,19.1838074,0.076712884,0,zr,117.3212996,36.90775,0.243000001,-0.104999997,20191114377824,707,0x1,0x3,19.5599995,25.6056461,0.0580264851,0.0935051367,4.55798108e-05,30,1.21200001,2
707201300016686,104737872,2458801.8815713893,58801.378726900002,18.8169842,0.0581306815,0,zr,117.3212867,36.907779300000001,0.551999986,0.0149999997,20191114378727,707,0x1,0x3,19.7299995,25.7121048,0.0371580869,0.103422888,1.65297261e-05,30,1.20899999,2
707201300016686,104737917,2458801.8820227198,58801.379178199997,19.0831108,0.0710772872,0,zr,117.3213958,36.907731499999997,0.409999996,0.0240000002,20191114379178,707,0x1,0x3,19.5799999,25.7060471,0.0527815484,0.0952679813,3.52283532e-05,30,1.20700002,2
707201300016686,104737962,2458801.8824741677,58801.3796296,19.4525108,0.0939416438,0,zr,117.32125739999999,36.907730800000003,0.477999985,-0.128999993,20191114379630,707,0x1,0x3,19.6700001,25.7463131,0.0399654992,0.0855137482,1.85179415e-05,30,1.20500004,2
707201300016686,104738008,2458801.8829256017,58801.380081000003,19.0258408,0.0680593327,0,zr,117.3213212,36.907787399999997,0.472000003,-0.137999997,20191114380069,707,0x1,0x3,19.4699993,25.6428413,0.0391043462,0.101046294,1.89493148e-05,30,1.204,2
707201300016686,104738098,2458801.8838284817,58801.380983800002,19.4155102,0.0913720503,0,zr,117.3212635,36.907648299999998,0.545000017,-0.163000003,20191114380984,707,0x1,0x3,19.4300003,25.5423126,0.0457993746,0.0949405283,2.89690488e-05,30,1.20000005,2
707201300016686,104738143,2458801.8842799133,58801.381435199997,19.1964588,0.077451475,0,zr,117.3213648,36.907821400000003,0.703000009,0.236000001,20191114381435,707,0x1,0x3,19.2600002,25.5453129,0.0409740135,0.0945446566,2.53205544e-05,30,1.19799995,2
707201300016686,104738278,2458801.885634237,58801.382789399999,19.1800537,0.0764950737,32768,zr,117.3212438,36.907919800000002,0.358999997,0.169,20191114382789,707,0x1,0x3,19.2700005,25.4839401,0.0480161756,0.104421593,3.51453637e-05,30,1.19299996,2
707201300016686,104738369,2458801.8865370136,58801.383692099997,19.0555,0.0696056932,32768,zr,117.3212336,36.907765699999999,0.550999999,-0.147,20191114383692,707,0x1,0x3,19.1100006,25.387495,0.0402178466,0.093040444,2.98408395e-05,30,1.19000006,2
707201300016686,104738459,2458801.8874398926,58801.384594900002,18.9570656,0.0646075681,32768,zr,117.32119059999999,36.907735000000002,0.84799999,-0.0149999997,20191114384595,707,0x1,0x3,19.1700001,25.3571453,0.0476663522,0.103401646,4.08609631e-05,30,1.18700004,2
707201300016686,104738504,2458801.8878913294,58801.385046299998,19.2531509,0.080846943,32768,zr,117.32121789999999,36.907804300000002,0.70599997,-0.400000006,20191114385046,707,0x1,0x3,19.4799995,25.5899887,0.0394210406,0.0941496491,2.09984828e-05,30,1.18499994,2
707201300016686,104738549,2458801.8883427619,58801.385497700001,19.2830067,0.0826923326,0,zr,117.32130100000001,36.907797899999998,0.583000004,-0.061999999,20191114385498,707,0x1,0x3,19.7299995,25.7148552,0.0391515195,0.0925536007,1.82435288e-05,30,1.18299997,2
707201300016686,104738594,2458801.8887942065,58801.385949099997,19.159523,0.0753145292,0,zr,117.3212041,36.907753100000001,0.569999993,0.0289999992,20191114385949,707,0x1,0x3,19.5599995,25.6984577,0.0381849147,0.0945225433,1.78482915e-05,30,1.18200004,2
707201300016686,104738640,2458801.8892456363,58801.3864005,19.254385,0.0809224248,0,zr,117.3213264,36.907755399999999,0.672999978,-0.171000004,20191114386400,707,0x1,0x3,19.9799995,25.8662338,0.0398121141,0.0996757895,1.71984411e-05,30,1.17999995,2
707201300016686,104738686,2458801.8897085753,58801.386863400003,18.8804398,0.0609752424,0,zr,117.3213251,36.907754300000001,0.416000009,-0.0109999999,20191114386852,707,0x1,0x3,20.0300007,25.8805923,0.0335585959,0.100990012,1.21577523e-05,30,1.17900002,2
707201300016686,104738731,2458801.8901600162,58801.387314799998,18.9135933,0.0625198185,0,zr,117.3212888,36.907732500000002,0.75999999,0.0160000008,20191114387315,707,0x1,0x3,20.0400009,25.8587227,0.035624817,0.0938259959,1.39133708e-05,30,1.17700005,2
707201300016686,104738776,2458801.890611453,58801.387766200001,18.9338608,0.0634842813,0,zr,117.3213106,36.907743500000002,0.672999978,0.00100000005,20191114387766,707,0x1,0x3,20.1399994,25.8859768,0.031866841,0.0949460939,1.1067038e-05,30,1.17499995,2
707201300016686,104738821,2458801.8910628948,58801.388217599997,18.9577217,0.0646396577,0,zr,117.32125449999999,36.907770800000002,0.843999982,0.0130000003,20191114388218,707,0x1,0x3,20.0599995,25.8908215,0.0327458419,0.0905361623,1.17016561e-05,30,1.17400002,2
707201300016686,104738866,2458801.8915143311,58801.388669,18.9911003,0.0662926435,0,zr,117.32128470000001,36.907753300000003,0.560000002,0.0979999974,20191114388669,707,0x1,0x3,20.1000004,25.8931942,0.0319633447,0.0931642652,1.10338851e-05,30,1.17200005,2
707201300016686,104738912,2458801.8919657688,58801.389120400003,19.3650627,0.087971963,0,zr,117.3212949,36.907768900000001,0.25999999,-0.0890000015,20191114389120,707,0x1,0x3,19.9500008,25.86693,0.0334741138,0.089783363,1.22046376e-05,30,1.171,2
707201300016686,104738957,2458801.8924172055,58801.389571799999,19.3154163,0.0847409368,0,zr,117.32131390000001,36.907829,0.658999979,-0.177000001,20191114389572,707,0x1,0x3,19.8500004,25.8062649,0.0340898111,0.0995752439,1.29706841e-05,30,1.16900003,2
707201300016686,104739182,2458801.8946742951,58801.391828699998,19.2679119,0.0817543045,32768,zr,117.32133210000001,36.907725900000003,0.232999995,0.119999997,20191114391829,707,0x1,0x3,19.2900009,25.4997902,0.0424355119,0.0932657644,2.82346064e-05,30,1.16199994,2
707201300016686,104739408,2458801.8969313786,58801.394085599997,19.4725552,0.0953607038,0,zr,117.3214291,36.9076807,1.06799996,-0.240999997,20191114394086,707,0x1,0x3,19.8999996,25.8244648,0.0361208059,0.090531826,1.4671793e-05,30,1.15400004,2
707201300016686,104739453,2458801.8973828228,58801.394537,19.640686,0.108022071,0,zr,117.3213559,36.9078564,0.722000003,0.105999999,20191114394537,707,0x1,0x3,19.8899994,25.7876148,0.0368171744,0.0964790359,1.50660489e-05,30,1.153,2
707201300016686,104739498,2458801.89783426,58801.394988400003,19.5746517,0.10288693,0,zr,117.32136250000001,36.9077445,0.792999983,-0.0850000009,20191114394988,707,0x1,0x3,19.9500008,25.80756,0.035948582,0.0971507579,1.43593788e-05,30,1.15199995,2
707201300016686,104739635,2458801.8992001875,58801.396354199998,19.7180214,0.114303127,0,zr,117.32119230000001,36.907738799999997,0.796000004,-0.126000002,20191114396354,707,0x1,0x3,20.0699997,25.906971,0.0348631814,0.0850632191,1.30715189e-05,30,1.14699996,2
707201300016686,104739680,2458801.8996516187,58801.396805600001,19.5874481,0.103865646,0,zr,117.3212965,36.907768099999998,0.598999977,-0.157000005,20191114396806,707,0x1,0x3,20.2299995,25.9353886,0.0291259401,0.0913876146,9.15459805e-06,30,1.14600003,2
707201300016686,104739725,2458801.9001029567,58801.397256900003,19.8281689,0.123740599,0,zr,117.32129089999999,36.907662799999997,0.930000007,-0.216999993,20191114397257,707,0x1,0x3,20.1700001,25.94911,0.0324104615,0.099167563,1.1307141e-05,30,1.14499998,2
707201300016686,104739770,2458801.9005544051,58801.397708299999,20.1384239,0.153148189,0,zr,117.32115760000001,36.907859799999997,0.989000022,0.435000002,20191114397708,707,0x1,0x3,20.2900009,25.9513855,0.0302120671,0.0972808748,9.74972136e-06,30,1.14300001,2
707201300016686,104739815,2458801.9010058329,58801.398159700002,19.7514801,0.11710947,0,zr,117.3212959,36.907688299999997,0.800000012,0.178000003,20191114398160,707,0x1,0x3,20.2600002,25.9654217,0.0303384326,0.0967154875,9.86499072e-06,30,1.14199996,2
707201300016686,104739861,2458801.9014572725,58801.398611099998,20.0628548,0.145645142,0,zr,117.3212769,36.907694999999997,0.888000011,0.0250000004,20191114398611,707,0x1,0x3,20.2900009,25.9517956,0.0298886504,0.0963459834,9.63836919e-06,30,1.13999999,2
707201300016686,104739906,2458801.9019087125,58801.399062500001,20.1652679,0.155856103,0,zr,117.3212539,36.907767,0.386000007,0.0130000003,20191114399062,707,0x1,0x3,20.2600002,25.9492092,0.0308663286,0.0994769484,1.01919613e-05,30,1.13900006,2
707201300016686,104740042,2458801.9032745147,58801.400428200002,20.0491562,0.144305944,0,zr,117.3214421,36.907827300000001,0.319000006,0.0260000005,20191114400417,707,0x1,0x3,20.3099995,25.9691086,0.0298082605,0.0988705382,9.52502251e-06,30,1.13499999,2
707201300016686,104740403,2458801.9068860421,58801.404039399997,19.9367733,0.133590013,0,zr,117.3211275,36.9077956,0.746999979,-0.254000008,20191114404039,707,0x1,0x3,20.2600002,25.9537487,0.0329591483,0.0907480866,1.18499074e-05,30,1.125,2
707201300016686,104740494,2458801.9077888043,58801.404942100002,19.8867035,0.128984123,0,zr,117.3213192,36.907689499999996,0.823000014,-0.0839999989,20191114404942,707,0x1,0x3,20.2999992,25.9636688,0.0305056535,0.0936189368,9.98610267e-06,30,1.12199998,2
707201300016686,104740900,2458801.9118516538,58801.409004599998,19.94067,0.13395302,0,zr,117.3212343,36.907731099999999,0.864000022,-0.0599999987,20191114409005,707,0x1,0x3,20.2900009,25.9506721,0.0306225866,0.0918300375,1.00602947e-05,30,1.11199999,2
707201300016686,104740990,2458801.9127545236,58801.409907399997,19.8806381,0.12843363,0,zr,117.32132489999999,36.907722800000002,0.512000024,0.129999995,20191114409907,707,0x1,0x3,20.3299999,25.9616184,0.0286502969,0.0876771882,8.80413245e-06,30,1.10899997,2
707201300016686,104741081,2458801.913657398,58801.410810200003,19.1414089,0.0742878839,0,zr,117.321352,36.907737500000003,0.47299999,-0.0700000003,20191114410810,707,0x1,0x3,20.1900005,25.9015255,0.0307681095,0.0947516337,1.01574251e-05,30,1.10699999,2
707201300016686,104741126,2458801.914108838,58801.411261599998,18.8195801,0.0582441911,0,zr,117.32133159999999,36.907738100000003,0.493999988,0.0270000007,20191114411262,707,0x1,0x3,20.1900005,25.914938,0.0303171948,0.095088318,9.86976102e-06,30,1.10599995,2
707201300016686,104741216,2458801.9150117161,58801.412164399997,19.0104504,0.067270793,0,zr,117.32129999999999,36.907761800000003,0.754999995,-0.0939999968,20191114412164,707,0x1,0x3,20.0200005,25.9056759,0.0347957872,0.0957517847,1.28796637e-05,30,1.10399997,2
707201300016686,104741351,2458801.9163659276,58801.413518499998,18.9341469,0.0634980053,0,zr,117.3213499,36.907817799999997,1.27400005,0.138999999,20191114413519,707,0x1,0x3,19.9699993,25.8154297,0.0370065533,0.0934244394,1.52382408e-05,30,1.10000002,2
707201300016686,104741396,2458801.9168173736,58801.413969900001,19.1956558,0.0774043649,0,zr,117.321237,36.907797000000002,0.783999979,0.150000006,20191114413970,707,0x1,0x3,19.9300003,25.8407459,0.0360771976,0.0965264142,1.42473127e-05,30,1.09899998,2
707201300016686,104741442,2458801.9172688061,58801.414421300004,19.0441513,0.0690098181,0,zr,117.32131010000001,36.9077342,0.693000019,0.0109999999,20191114414421,707,0x1,0x3,19.9799995,25.8463879,0.0368330106,0.0926535949,1.51567447e-05,30,1.09800005,2
707201300016686,104741487,2458801.9177202429,58801.414872699999,18.9836617,0.0659205168,0,zr,117.3213344,36.9078005,0.790000021,-0.138999999,20191114414873,707,0x1,0x3,19.8999996,25.8079453,0.0378862806,0.0925611779,1.6595448e-05,30,1.097,2
707201300016686,104741578,2458801.9186346261,58801.415786999998,18.9219875,0.0629174113,0,zr,117.3212462,36.907732699999997,0.493999988,-0.0450000018,20191114415787,707,0x1,0x3,19.9699993,25.838316,0.0332325287,0.0990178138,1.20975019e-05,30,1.09500003,2
707201300016686,104741623,2458801.919086061,58801.416238400001,19.1375771,0.0740724429,0,zr,117.32128899999999,36.907752700000003,0.456,0.0340000018,20191114416238,707,0x1,0x3,19.9300003,25.8027344,0.0382988751,0.0995170474,1.64410521e-05,30,1.09399998,2
707201300016686,104741668,2458801.9195374977,58801.416689799997,18.7832985,0.056678649,0,zr,117.3213141,36.907776200000001,0.79400003,0.0399999991,20191114416690,707,0x1,0x3,20.1000004,25.8497162,0.035941381,0.0969645232,1.44264895e-05,30,1.09300005,2
707201300016686,104741714,2458801.9199889349,58801.4171412,18.9607391,0.0647873059,0,zr,117.3213269,36.907756999999997,0.633000016,-0.118000001,20191114417141,707,0x1,0x3,20.1599998,25.9050388,0.0334484801,0.0868552774,1.22230804e-05,30,1.09200001,2
707201300016686,104741759,2458801.9204403767,58801.417592600003,19.0646477,0.0700898245,0,zr,117.3212717,36.907756900000003,0.501999974,-0.0810000002,20191114417593,707,0x1,0x3,20.1900005,25.9078674,0.0318868347,0.0883640945,1.12022881e-05,30,1.09099996,2
707201300016686,104741804,2458801.9208918107,58801.418043999998,18.775425,0.0563449375,0,zr,117.3213331,36.907754799999999,0.772000015,-0.0729999989,20191114418044,707,0x1,0x3,20.1200008,25.8978634,0.0341531932,0.103256732,1.28975053e-05,30,1.09000003,2
707201300016686,104741849,2458801.9213432516,58801.418495400001,18.7739944,0.0562845357,0,zr,117.3212901,36.907769199999997,0.61500001,0.0759999976,20191114418495,707,0x1,0x3,20.1200008,25.8624573,0.0325254798,0.0990569368,1.15933399e-05,30,1.08899999,2
707201300016686,104742481,2458801.9276631824,58801.424814799997,19.2874737,0.082971856,0,zr,117.32132660000001,36.907752100000003,0.356000006,0.0289999992,20191114424815,707,0x1,0x3,19.5,25.6376667,0.045332551,0.105131172,2.68334989e-05,30,1.07599998,1
707201300016686,107328958,2458827.7942584069,58827.2895833,19.9021473,0.130393118,0,zr,117.32123780000001,36.907711499999998,0.841000021,-0.118000001,20191210289583,707,0x1,0x3,20.0900002,25.9935818,0.0325965658,0.0975330174,1.12469224e-05,30,1.28900003,1
707201300016686,107641766,2458830.9225016967,58830.417662,19.5537434,0.101304889,0,zr,117.3213835,36.907766600000002,0.556999981,-0.108999997,20191213417222,707,0x1,0x3,20.4099998,26.1870384,0.026757773,0.0895262435,7.65678669e-06,30,1.00800002,1
707201300016686,107935682,2458833.8618101757,58833.356828700002,19.256794,0.0810699835,0,zr,117.3212223,36.907826499999999,0.532999992,-0.0320000015,20191216356829,707,0x1,0x3,20.2999992,26.1689358,0.0262792017,0.0915831476,7.41257099e-06,30,1.04299998,1
707201300016686,108146814,2458835.9732235339,58835.468148100001,19.5846653,0.10365209,0,zr,117.3213609,36.9077871,0.565999985,0.00800000038,20191218468056,707,0x1,0x3,20.3500004,26.1565609,0.025994949,0.0989222974,7.25546624e-06,30,1.06400001,3
707201300016686,108246290,2458836.9680224746,58836.462905100001,20.6574936,0.205073357,0,zr,117.3213011,36.907800600000002,0.912999988,0.210999995,20191219462824,707,0x1,0x3,21.2700005,26.1541634,0.0209094342,0.0905797631,4.68361623e-06,30,1.05999994,3
707201300016686,108247163,2458836.9767496311,58836.4716319,20.5674667,0.196704149,0,zr,117.3213427,36.9077786,0.815999985,0.0160000008,20191219471586,707,0x1,0x3,21.2199993,26.158392,0.0208814777,0.0878918618,4.65661333e-06,30,1.07599998,1
707201300016686,108325597,2458837.7611218686,58837.255972200001,19.2678165,0.0817484111,0,zr,117.32122149999999,36.9078096,0.698000014,0.0170000009,20191220255972,707,0x1,0x3,20.5599995,26.1302643,0.0258098599,0.0965228006,7.17112653e-06,30,1.32200003,2
707201300016686,108326290,2458837.7680550455,58837.262905099997,19.7404175,0.116175741,0,zr,117.3214191,36.907815100000001,0.483999997,0.115999997,20191220262870,707,0x1,0x3,20.3700008,26.1249695,0.0276603419,0.0973442048,8.14423674e-06,30,1.28600001,2
707201300016686,108326798,2458837.7731362591,58837.2679861,19.9838963,0.138021886,0,zr,117.32134689999999,36.907647799999999,1.15199995,-0.103,20191220267986,707,0x1,0x3,20.7099991,26.1365051,0.0258490201,0.0963101834,7.15572241e-06,30,1.26199996,2
707201300016686,108327168,2458837.7768401126,58837.2716898,19.8957539,0.129808545,0,zr,117.32116240000001,36.907924899999998,1.57299995,-0.184,20191220271690,707,0x1,0x3,20.3500004,26.1364269,0.0262578018,0.0997441113,7.35544927e-06,30,1.245,2
707201300016686,108327452,2458837.7796759158,58837.274525499997,20.1757393,0.156917706,0,zr,117.32150129999999,36.907973800000001,0.657999992,-0.00600000005,20191220274479,707,0x1,0x3,20.4899998,26.1324062,0.0261926185,0.0964807048,7.31532737e-06,30,1.23300004,2
707201300016686,108327877,2458837.7839236995,58837.278773099999,19.1243362,0.0733329207,0,zr,117.3213064,36.9077725,1.21700001,-0.0549999997,20191220278773,707,0x1,0x3,20.1200008,26.1361809,0.0297573097,0.0978660509,9.51234233e-06,30,1.21500003,2
707201300016686,108327975,2458837.7849075398,58837.279756900003,19.1402073,0.0742202625,0,zr,117.32135100000001,36.9076697,1.70299995,-0.0790000036,20191220279711,707,0x1,0x3,20.3199997,26.1390648,0.0287756063,0.10109397,8.85676673e-06,30,1.21200001,2
707201300016686,108328668,2458837.7918407209,58837.286689799999,19.4356003,0.092759192,0,zr,117.32132780000001,36.907863599999999,0.927999973,0.0130000003,20191220286690,707,0x1,0x3,20.3199997,26.1453915,0.0269179586,0.100600429,7.77343485e-06,30,1.18499994,2
707201300016686,108329447,2458837.799630444,58837.294479199998,20.1144905,0.150752053,0,zr,117.3212552,36.907698600000003,0.763999999,-0.160999998,20191220294468,707,0x1,0x3,20.6700001,26.1393738,0.0246168729,0.0996194258,6.45958926e-06,30,1.15900004,2
707201300016686,108329722,2458837.802373548,58837.297222200003,19.8435707,0.125105247,0,zr,117.3214522,36.907739999999997,0.906000018,-0.197999999,20191220297222,707,0x1,0x3,20.5900002,26.1464844,0.0259180032,0.0962230489,7.17793455e-06,30,1.14999998,2
707201300016686,108329814,2458837.803299489,58837.298148100002,20.1109371,0.150397882,0,zr,117.3213715,36.907723900000001,0.481000006,-0.0250000004,20191220298137,707,0x1,0x3,20.7000008,26.1448517,0.0235813241,0.0963412076,5.92774904e-06,30,1.14699996,2
707201300016686,108330324,2458837.8083922938,58837.303240699999,20.6815834,0.207312703,0,zr,117.32143480000001,36.9077518,0.713999987,-0.256999999,20191220303229,707,0x1,0x3,20.9200001,26.1485291,0.0226961523,0.0983139947,5.48971548e-06,30,1.13199997,2
707201300016686,108330469,2458837.8098507607,58837.304699100001,20.8697739,0.224807382,0,zr,117.3212386,36.907736300000003,1.12800002,-0.308999985,20191220304688,707,0x1,0x3,20.9200001,26.1517525,0.0224884599,0.0966291651,5.40258316e-06,30,1.12800002,2
707201300016686,108330793,2458837.8130915882,58837.307939799997,20.7298965,0.211804032,0,zr,117.3213429,36.907782599999997,1.23800004,-0.331,20191220307917,707,0x1,0x3,21.1000004,26.1508389,0.0204703715,0.0940417722,4.46490822e-06,30,1.11899996,2
707201300016686,108331368,2458837.8188326214,58837.313680599997,19.1516647,0.0748674273,0,zr,117.32132729999999,36.907813500000003,1.28100002,0.0109999999,20191220313669,707,0x1,0x3,20.6700001,26.1507664,0.0242382381,0.09739732,6.27622103e-06,30,1.10399997,2
707201300016686,108331940,2458837.8245619535,58837.319409700001,19.7533646,0.117269039,0,zr,117.3213652,36.907777299999999,1.04700005,-0.144999996,20191220319410,707,0x1,0x3,20.4300003,26.1494789,0.0272404905,0.101073265,7.90678041e-06,30,1.09099996,2
707201300016686,108332079,2458837.8259509103,58837.320798599998,20.0162315,0.141115025,0,zr,117.32136439999999,36.907759800000001,0.527999997,0.0700000003,20191220320775,707,0x1,0x3,20.9799995,26.1543789,0.0225846078,0.100120194,5.46556839e-06,30,1.08800006,2
707201300016686,108332562,2458837.8307775077,58837.325624999998,20.0162544,0.141117334,0,zr,117.3213204,36.907770499999998,0.556999981,-0.104999997,20191220325602,707,0x1,0x3,21.1100006,26.1605167,0.0210473519,0.0901549682,4.73776345e-06,30,1.07700002,2
707201300016686,108332754,2458837.8326988821,58837.327546300003,20.0910969,0.148427308,0,zr,117.32141679999999,36.907758999999999,0.926999986,0.156000003,20191220327488,707,0x1,0x3,20.8400002,26.1583996,0.0249188002,0.0935024843,6.61100057e-06,30,1.074,2
707201300016686,108332844,2458837.8336017225,58837.328449100001,19.9650669,0.136239991,0,zr,117.3212607,36.907887199999998,0.861999989,-0.0960000008,20191220328449,707,0x1,0x3,20.5,26.1503696,0.0269239005,0.0960041136,7.71854502e-06,30,1.07200003,2
707201300016686,108333362,2458837.8387755309,58837.333622700004,20.0310936,0.142550424,0,zr,117.3213781,36.907704899999999,1.35099995,-0.358999997,20191220333530,707,0x1,0x3,20.6100006,26.1534691,0.0252774805,0.0999560505,6.79974937e-06,30,1.06200004,2
707201300016686,108333407,2458837.8392269523,58837.334074099999,19.8142166,0.122513771,0,zr,117.3212637,36.907761700000002,0.771000028,-0.0379999988,20191220334062,707,0x1,0x3,20.6900005,26.1536331,0.0249564871,0.103223294,6.65021571e-06,30,1.06200004,2
707201300016686,108333543,2458837.8405927084,58837.335439800001,19.6248245,0.106769361,0,zr,117.3212472,36.907752700000003,1.07500005,-0.175999999,20191220335428,707,0x1,0x3,20.8600006,26.1592007,0.0229214206,0.0967273489,5.61608567e-06,30,1.05900002,2
707201300016686,108333635,2458837.8415071429,58837.336354200001,19.6796761,0.111152858,0,zr,117.3213183,36.907755000000002,0.827000022,0.0900000036,20191220336354,707,0x1,0x3,20.8899994,26.1560516,0.0229833089,0.0980658904,5.62471769e-06,30,1.05799997,2
707201300016686,108333745,2458837.8426066851,58837.337453699998,19.4045506,0.0906232595,0,zr,117.32136970000001,36.907767300000003,0.782000005,0.0240000002,20191220337350,707,0x1,0x3,20.7999992,26.1649265,0.0231319964,0.0875214562,5.69018039e-06,30,1.05599999,2
707201300016686,108334054,2458837.8456971147,58837.340543999999,19.0551777,0.0695887208,0,zr,117.3212406,36.907798499999998,0.303000003,0.00400000019,20191220340440,707,0x1,0x3,20.7999992,26.1568069,0.0228536539,0.0929185897,5.54123608e-06,30,1.051,2
707201300016686,108334099,2458837.8461485305,58837.340995400002,19.0376053,0.0686684847,0,zr,117.3213203,36.907765499999996,0.792999983,-0.100000001,20191220340995,707,0x1,0x3,20.8099995,26.1542492,0.0233379137,0.0961101279,5.80463438e-06,30,1.04999995,2
707201300016686,108334192,2458837.8470744686,58837.341921300002,19.2429428,0.0802251175,0,zr,117.3212985,36.907778700000001,0.79400003,0.0410000011,20191220341898,707,0x1,0x3,20.7199993,26.1553612,0.0234168284,0.0965287015,5.84384952e-06,30,1.04900002,2
707201300016686,108334488,2458837.8500375883,58837.344884300001,19.7397289,0.116117783,0,zr,117.32131080000001,36.9077366,0.855000019,-0.0700000003,20191220344769,707,0x1,0x3,20.5599995,26.1592236,0.0259882342,0.0962914377,7.18395859e-06,30,1.04400003,2
707201300016686,108334826,2458837.8534173258,58837.348263899999,19.8731861,0.127759546,0,zr,117.3212975,36.907732500000002,1.16900003,-0.0199999996,20191220348171,707,0x1,0x3,20.7000008,26.1547241,0.0248570628,0.0922021121,6.58375393e-06,30,1.03999996,2
707201300016686,108335842,2458837.8635797324,58837.358425899998,20.741457,0.212878704,0,zr,117.3213732,36.907769000000002,0.421000004,-0.160999998,20191220358310,707,0x1,0x3,20.9500008,26.162077,0.0233796462,0.0936255977,5.85357157e-06,30,1.028,2
707201300016686,108336439,2458837.8695521718,58837.364398099999,20.6139565,0.201025963,0,zr,117.3214363,36.907706900000001,0.856000006,-0.0520000011,20191220364352,707,0x1,0x3,21.1399994,26.165617,0.0226767715,0.09524367,5.50223149e-06,30,1.02199996,2
707201300016686,108336539,2458837.8705476164,58837.365393499997,20.2680511,0.166385204,0,zr,117.3212645,36.907822299999999,0.787999988,-0.112000003,20191220365347,707,0x1,0x3,20.9799995,26.1587124,0.0224370435,0.097770229,5.38233007e-06,30,1.02100003,2
707201300016686,108336584,2458837.8709990354,58837.3658449,20.1517811,0.154493123,0,zr,117.3212908,36.907712600000004,0.77700001,-0.0790000036,20191220365833,707,0x1,0x3,21.0699997,26.162487,0.022333134,0.0916050151,5.3176941e-06,30,1.02100003,2
707201300016686,108336729,2458837.8724458888,58837.3672917,19.8055286,0.121754393,0,zr,117.32140099999999,36.907764999999998,1.42400002,0.0130000003,20191220367234,707,0x1,0x3,21.2900009,26.1651897,0.0210695006,0.093369931,4.73427053e-06,30,1.01999998,2
707201300016686,108337245,2458837.8776080995,58837.372453700002,19.4399109,0.0930593163,0,zr,117.3213267,36.907726799999999,0.718999982,0.0189999994,20191220372211,707,0x1,0x3,21.0499992,26.156702,0.0223630704,0.0973521695,5.31752903e-06,30,1.01600003,2
707201300016686,108337290,2458837.8780595153,58837.372905099997,19.3057213,0.0841230974,0,zr,117.32137880000001,36.907765400000002,0.421999991,0.0410000011,20191220372905,707,0x1,0x3,20.9599991,26.1615124,0.0223568603,0.0972562954,5.35124673e-06,30,1.01600003,2
707201300016686,108337386,2458837.8790201591,58837.373865699999,19.2730312,0.0820713192,0,zr,117.32126169999999,36.907706900000001,1.35000002,-0.0700000003,20191220373819,707,0x1,0x3,20.9899998,26.1597748,0.0234962758,0.0984617844,5.89473848e-06,30,1.01499999,2
707201300016686,108337693,2458837.8820874817,58837.376932899999,19.4790001,0.0958210975,0,zr,117.321235,36.907803299999998,0.819999993,0.0700000003,20191220376852,707,0x1,0x3,20.9899998,26.1637917,0.0216980968,0.0911974758,5.02917646e-06,30,1.01300001,2
707201300016686,108337857,2458837.8837310453,58837.378576399999,19.5367355,0.100033507,0,zr,117.3213149,36.907775200000003,1.28699994,0.0250000004,20191220378380,707,0x1,0x3,21.1299992,26.1605721,0.0218892377,0.0917486623,5.14835438e-06,30,1.01300001,2
707201300016686,108337958,2458837.8847379861,58837.379583299997,19.5998859,0.104824394,0,zr,117.32132300000001,36.907729600000003,0.792999983,-0.109999999,20191220379479,707,0x1,0x3,21.25,26.163723,0.0220155474,0.0935520157,5.15509646e-06,30,1.01199996,2
707201300016686,108338481,2458837.8899696926,58837.384814800003,19.9610748,0.135864049,0,zr,117.3213988,36.907782900000001,0.377999991,-0.0659999996,20191220384572,707,0x1,0x3,21.0599995,26.1619987,0.022853082,0.0979993045,5.57340945e-06,30,1.00999999,2
707201300016686,108339012,2458837.8952824096,58837.390127300001,19.1909428,0.077128619,0,zr,117.3213063,36.907752700000003,0.722000003,0.0500000007,20191220389676,707,0x1,0x3,21.0599995,26.1599216,0.0223719887,0.093699567,5.34121455e-06,30,1.00899994,2
707201300016686,108339677,2458837.9019261715,58837.396770799998,19.5212307,0.0988865271,0,zr,117.3214079,36.9077603,1.23800004,0.172000006,20191220396562,707,0x1,0x3,20.7299995,26.165926,0.0240315534,0.097272478,6.1526348e-06,30,1.00800002,2
707201300016686,108340006,2458837.9052249053,58837.400069399999,19.499649,0.0973092765,0,zr,117.3213461,36.907776800000001,0.279000014,-0.0410000011,20191220399630,707,0x1,0x3,20.8299999,26.1644382,0.022978615,0.0908022746,5.66287008e-06,30,1.00800002,2
707201300016686,108340608,2458837.91124374,58837.406088000003,20.0876045,0.14808175,0,zr,117.32147430000001,36.907879700000002,0.809000015,-0.143999994,20191220405556,707,0x1,0x3,20.6599998,26.1583042,0.0248776786,0.102552973,6.61358808e-06,30,1.00899994,2
707201300016686,108340982,2458837.9149822961,58837.409826399999,20.281002,0.16772598,0,zr,117.3213409,36.9077384,1.65699995,0.0140000004,20191220409294,707,0x1,0x3,21.0799999,26.1657448,0.0214053392,0.090304777,4.88688738e-06,30,1.00999999,2
707201300016686,108341268,2458837.9178412096,58837.412685199997,20.7158871,0.210501671,0,zr,117.3214309,36.907572100000003,0.757000029,-0.264999986,20191220412581,707,0x1,0x3,20.8400002,26.1595821,0.0225098878,0.0973132998,5.40236624e-06,30,1.01100004,2
707201300016686,108341313,2458837.9182926309,58837.4131366,20.8994446,0.227565646,0,zr,117.32126049999999,36.907737400000002,0.432999998,-0.0700000003,20191220413125,707,0x1,0x3,20.8400002,26.1611404,0.0220726393,0.0951040834,5.20781487e-06,30,1.01100004,2
707201300016686,108343218,2458837.937344281,58837.432187500002,19.8195839,0.122984618,0,zr,117.321442,36.907851000000001,0.393000007,-0.0419999994,20191220432188,707,0x1,0x3,20.3799992,26.1624165,0.0277344007,0.0977135152,8.2290635e-06,30,1.023,3
707201300016686,108427694,2458838.7821343029,58838.276944400001,19.5516701,0.101149172,32768,zr,117.32120569999999,36.907744600000001,0.419999987,-0.0410000011,20191221276944,707,0x1,0x3,19.9500008,25.4928894,0.0362298749,0.0927883983,1.41683549e-05,30,1.21200001,2
707201300016686,108427974,2458838.7849354064,58838.279745400003,19.8105774,0.122195229,0,zr,117.32140699999999,36.907732899999999,0.797999978,-0.150000006,20191221279745,707,0x1,0x3,20.1100006,25.6968098,0.0327348486,0.102509685,1.14711283e-05,30,1.20099998,2
707201300016686,108428756,2458838.7927597179,58838.287569400003,19.1936512,0.077286981,0,zr,117.3212844,36.907749600000002,0.728999972,-0.0299999993,20191221287569,707,0x1,0x3,20.1499996,25.9319916,0.0281531885,0.0976869017,8.55379949e-06,30,1.17299998,2
707201300016686,108428987,2458838.7950631073,58838.289872699999,19.4674644,0.0949985236,0,zr,117.3213002,36.907762599999998,0.843999982,-0.0480000004,20191221289861,707,0x1,0x3,20.6599998,26.0007515,0.0244602542,0.0953439698,6.41680163e-06,30,1.16499996,2
707201300016686,108429262,2458838.7978178184,58838.292627299998,19.3933811,0.0898659229,0,zr,117.32125569999999,36.9076758,0.995000005,-0.112000003,20191221292581,707,0x1,0x3,20.0499992,25.9217091,0.0329378173,0.0956129953,1.16033516e-05,30,1.15600002,2
707201300016686,108429671,2458838.8019036753,58838.296713000003,20.3050251,0.170218706,0,zr,117.3212953,36.907790599999998,0.550000012,-0.0450000018,20191221296690,707,0x1,0x3,20.4699993,25.9123974,0.0258386042,0.0959521905,7.16337263e-06,30,1.14300001,2
707201300016686,108429761,2458838.8028064189,58838.297615700001,19.79562,0.120892599,0,zr,117.3211103,36.907695400000001,1.33200002,-0.386999995,20191221297616,707,0x1,0x3,20.0499992,25.8729935,0.0293700192,0.0982435346,9.21751052e-06,30,1.13999999,2
707201300016686,108430280,2458838.807991812,58838.302800899997,20.1969776,0.159079492,0,zr,117.3213914,36.907698000000003,0.861999989,-0.402999997,20191221302743,707,0x1,0x3,20.1800003,25.8473854,0.0294249374,0.096111834,9.2026894e-06,30,1.12600005,2
707201300016686,108431841,2458838.8236059169,58838.318414399997,19.7774582,0.119324908,0,zr,117.3214373,36.907941800000003,0.968999982,0.0879999995,20191221318403,707,0x1,0x3,20.0499992,26.0539417,0.0312694758,0.092877157,1.05024428e-05,30,1.08700001,2
707201300016686,108432021,2458838.8254114916,58838.320219900001,19.3923187,0.0897942111,0,zr,117.3213684,36.907857399999997,1.574,-0.201000005,20191221320220,707,0x1,0x3,20.0599995,26.0408306,0.0313072577,0.0965750068,1.05093304e-05,30,1.08299994,2
707201300016686,108432252,2458838.8277147817,58838.322523100003,19.1575375,0.0752012953,0,zr,117.3214438,36.907669200000001,1.06900001,0.656000018,20191221322512,707,0x1,0x3,19.6000004,26.0661583,0.0409982912,0.0960163996,1.83379361e-05,30,1.07799995,2
707201300016686,108432796,2458838.8331548977,58838.327963000003,19.8906269,0.129341066,0,zr,117.32128350000001,36.907774600000003,1.546,0.407000005,20191221327870,707,0x1,0x3,20.0599995,25.9292126,0.0300888568,0.099751696,9.67419783e-06,30,1.06799996,2
707201300016686,108432940,2458838.8346016561,58838.329409700003,19.5049744,0.0976964682,0,zr,117.32126030000001,36.907722399999997,0.273000002,-0.0209999997,20191221329340,707,0x1,0x3,20.1499996,25.9005527,0.0297897216,0.102396771,9.45558168e-06,30,1.06500006,2
707201300016686,108434834,2458838.8535375898,58838.348344899998,19.2438335,0.0802791789,32768,zr,117.3212534,36.9079111,0.625,-0.172000006,20191221348322,707,0x1,0x3,19.7600002,25.2145348,0.0401444435,0.0906360671,1.79777217e-05,30,1.03600001,2
707201300016686,108435284,2458838.8580400473,58838.352847200003,19.4707775,0.0952340886,32768,zr,117.32171940000001,36.907954500000002,0.748000026,-0.273999989,20191221352743,707,0x1,0x3,19.6299992,25.3824558,0.0422793254,0.0993984342,2.03268901e-05,30,1.03100002,2
707201300016686,108440148,2458838.9066762403,58838.401481499997,19.0454998,0.0690803379,32768,zr,117.321359,36.907767100000001,0.538999975,-0.0939999968,20191221401481,707,0x1,0x3,19.9300003,25.444315,0.0403707922,0.0893897787,1.78062637e-05,30,1.00800002,2
707201300016686,108440402,2458838.9092226387,58838.404027800003,19.3417816,0.0864427537,32768,zr,117.32139650000001,36.907665700000003,1.33099997,-0.513000011,20191221403889,707,0x1,0x3,19.7199993,25.2474232,0.0362370722,0.0975582898,1.49308908e-05,30,1.00899994,2
707201300016686,108440506,2458838.910264276,58838.405069400003,19.1073036,0.072392419,32768,zr,117.3213933,36.907818900000002,0.56400001,-0.123000003,20191221404919,707,0x1,0x3,19.6299992,25.2670746,0.0386568531,0.0849722102,1.69892919e-05,30,1.00899994,2
707201300016686,109228275,2458846.7882024022,58846.282754599997,19.7376823,0.115945704,0,zr,117.3213291,36.907775399999998,0.476000011,-0.101999998,20191229282755,707,0x1,0x3,20.9200001,25.9921951,0.0231886432,0.0906970724,5.68127734e-06,30,1.12100005,1
707201300016686,109229255,2458846.7980059595,58846.2925579,19.9177361,0.131825954,0,zr,117.3213341,36.907771099999998,0.626999974,-0.0109999999,20191229292523,707,0x1,0x3,21.1499996,26.1373978,0.0220690127,0.091916889,5.15036891e-06,30,1.09599996,2
707201300016686,109229902,2458846.8044760302,58846.2990278,19.8189812,0.122931726,0,zr,117.3213184,36.907731300000002,0.657999992,-0.103,20191229299028,707,0x1,0x3,21.0100002,26.1478062,0.0244313814,0.0915411264,6.35245715e-06,30,1.08200002,2
707201300016686,109230042,2458846.8058764664,58846.300428199997,19.4360237,0.0927886963,0,zr,117.321314,36.907757699999998,0.532999992,-0.0520000011,20191229300417,707,0x1,0x3,21.1800003,26.1618137,0.0233189929,0.0837409943,5.81391578e-06,30,1.079,2
707201300016686,109230193,2458846.8073812062,58846.301932900002,19.2240524,0.07908649,0,zr,117.3213113,36.907745300000002,0.684000015,-0.0839999989,20191229301852,707,0x1,0x3,21.1299992,26.1599331,0.0226905607,0.0882619098,5.46594038e-06,30,1.07599998,2
707201300016686,109230284,2458846.808295534,58846.302847200001,19.2642403,0.0815276951,0,zr,117.32114540000001,36.907761600000001,0.606999993,0.0149999997,20191229302836,707,0x1,0x3,20.6900005,26.1650982,0.0363302678,0.0864818096,1.39801969e-05,30,1.074,2
707201300016686,109230770,2458846.8131567575,58846.307708300003,19.125391,0.0733915791,0,zr,117.32129190000001,36.907757699999998,1.12800002,0.0689999983,20191229307685,707,0x1,0x3,21.1399994,26.1674309,0.0220297929,0.0912927315,5.13198074e-06,30,1.06500006,2
707201300016686,109230814,2458846.8135965681,58846.308148099997,19.0231361,0.067920059,0,zr,117.3213372,36.907741700000003,1.13,-0.0829999968,20191229308148,707,0x1,0x3,21.0699997,26.1642952,0.0227329191,0.0935309902,5.48356957e-06,30,1.06400001,2
707201300016686,109230967,2458846.8151244093,58846.309675899996,19.1787453,0.0764193311,0,zr,117.3212839,36.907756999999997,0.610000014,-0.061999999,20191229309606,707,0x1,0x3,20.8700008,26.1627731,0.0228215158,0.0950222984,5.50243703e-06,30,1.06099999,2
707201300016686,109231343,2458846.8188861096,58846.313437500001,19.7171288,0.114229076,0,zr,117.3211872,36.907747499999999,0.768999994,-0.0430000015,20191229313368,707,0x1,0x3,20.8799992,26.1621609,0.0238044541,0.0890257135,6.0185771e-06,30,1.05499995,2
707201300016686,109231828,2458846.8237357344,58846.318287000002,19.4652672,0.094842568,0,zr,117.3212359,36.907770399999997,0.51700002,0.0450000018,20191229318171,707,0x1,0x3,20.9300003,26.1663342,0.0232310407,0.0883447006,5.75569084e-06,30,1.04700005,2
707201300016686,109232062,2458846.8260737942,58846.320625,19.461935,0.0946065113,0,zr,117.32129999999999,36.9077512,0.555000007,-0.0340000018,20191229320602,707,0x1,0x3,21,26.1690025,0.0228181742,0.088578783,5.54153939e-06,30,1.04400003,2
707201300016686,109232344,2458846.8288979679,58846.323449099997,19.2699738,0.081881851,0,zr,117.3213095,36.907738600000002,0.788999975,0.061999999,20191229323414,707,0x1,0x3,21.2399998,26.1731167,0.0218850393,0.0858142078,5.07915502e-06,30,1.03999996,2
707201300016686,109232842,2458846.8338748966,58846.328425899999,19.0767155,0.070733659,0,zr,117.3213047,36.907759800000001,1.13100004,0.0270000007,20191229328322,707,0x1,0x3,21.4599991,26.1680889,0.0196053255,0.0903016031,4.10301209e-06,30,1.03400004,2
707201300016686,109233253,2458846.8379838034,58846.332534699999,19.0296402,0.0682554469,0,zr,117.32132369999999,36.907748499999997,0.657999992,-0.0399999991,20191229332384,707,0x1,0x3,21.3700008,26.1580524,0.0207459442,0.0862051174,4.58000522e-06,30,1.02900004,2
707201300016686,109233723,2458846.8426830247,58846.337233799997,19.2045212,0.0779257566,0,zr,117.3213155,36.907769799999997,0.745999992,-0.0700000003,20191229337222,707,0x1,0x3,21.3299999,26.1708202,0.0205371454,0.088187553,4.49632989e-06,30,1.02499998,2
707201300016686,109233975,2458846.8452061904,58846.339756900001,19.4750061,0.0955355316,0,zr,117.3212862,36.907783299999998,1.13,-0.0120000001,20191229339745,707,0x1,0x3,21.2000008,26.1612625,0.0211997554,0.0970439613,4.77368849e-06,30,1.02199996,2
707201300016686,109234020,2458846.8456576006,58846.340208299996,19.6457405,0.108423784,0,zr,117.32132590000001,36.907822899999999,0.769999981,0.00300000003,20191229340208,707,0x1,0x3,21.2399998,26.1630363,0.0215014163,0.095675692,4.92754725e-06,30,1.02199996,2
707201300016686,109234065,2458846.8461090149,58846.340659699999,19.5077515,0.097898826,0,zr,117.32127010000001,36.907752700000003,0.261999995,-0.0430000015,20191229340660,707,0x1,0x3,21.25,26.1580868,0.0224119797,0.0961224809,5.34892797e-06,30,1.02100003,2
707201300016686,109234211,2458846.8475674526,58846.342118100001,19.5866795,0.103806615,0,zr,117.3212722,36.907755600000002,0.822000027,-0.00800000038,20191229342060,707,0x1,0x3,21.3700008,26.174015,0.0206560846,0.0852627605,4.54639849e-06,30,1.01999998,2
707201300016686,109234620,2458846.8516531573,58846.346203699999,19.9836636,0.137999803,0,zr,117.32130239999999,36.907754799999999,0.425000012,-0.0350000001,20191229346134,707,0x1,0x3,21.6200008,26.1760406,0.0203440767,0.0836304799,4.43891849e-06,30,1.01699996,2
707201300016686,109235263,2458846.8580885241,58846.352638900004,19.8189049,0.122925028,0,zr,117.3212947,36.907726500000003,1.85899997,-0.0649999976,20191229352350,707,0x1,0x3,21.4699993,26.1214046,0.0203275997,0.090639554,4.42028704e-06,30,1.01300001,2
707201300016686,109235613,2458846.8615840133,58846.356134299996,19.0795784,0.0708873048,0,zr,117.32130359999999,36.9077652,0.83099997,-0.0309999995,20191229356042,707,0x1,0x3,21.3099995,26.0773163,0.0215862505,0.0927499607,4.98072859e-06,30,1.01199996,2
707201300016686,109235923,2458846.8646858935,58846.359236099997,19.0087414,0.0671837926,0,zr,117.32128609999999,36.907762099999999,0.638000011,0.0500000007,20191229359005,707,0x1,0x3,21.2099991,25.9905357,0.0223233625,0.0910165235,5.30771558e-06,30,1.00999999,2
707201300016686,109235968,2458846.8651373051,58846.3596875,19.1303349,0.0736670494,0,zr,117.3212932,36.907751599999997,1.34399998,-0.128999993,20191229359687,707,0x1,0x3,21.1700001,25.9960289,0.0210238826,0.0917313769,4.7483154e-06,30,1.00999999,2
707201300016686,109236097,2458846.8664220381,58846.360972199996,18.9164486,0.0626547486,0,zr,117.3212913,36.907758399999999,0.555999994,-0,20191229360590,707,0x1,0x3,21.2900009,26.0642681,0.0206974261,0.0901340768,4.57537999e-06,30,1.00999999,2
707201300016686,109236458,2458846.8700332306,58846.364583299997,19.1925049,0.0772198886,0,zr,117.32131440000001,36.907742300000002,1.30900002,-0.0240000002,20191229364525,707,0x1,0x3,21.2000008,26.028141,0.0219874252,0.0897262245,5.20090452e-06,30,1.00899994,2
707201300016686,109236577,2458846.8712254614,58846.365775500002,18.975378,0.0655086413,0,zr,117.32130290000001,36.9077634,0.644999981,0.0170000009,20191229365475,707,0x1,0x3,21.3199997,26.0681973,0.0219302047,0.0831045955,5.3286758e-06,30,1.00899994,2
707201300016686,109236622,2458846.8716768725,58846.366226899998,19.0966797,0.0718119144,0,zr,117.32130479999999,36.9077646,0.978999972,0.0209999997,20191229366227,707,0x1,0x3,21.3999996,26.0744019,0.0223228149,0.085157603,5.3137328e-06,30,1.00800002,2
707201300016686,109236667,2458846.8721281844,58846.3666782,19.2555714,0.0809950382,0,zr,117.32128729999999,36.907769700000003,1.02900004,0.0769999996,20191229366678,707,0x1,0x3,21.5200005,26.1101551,0.0202800576,0.0871478841,4.39638552e-06,30,1.00800002,2
707201300016686,109236785,2458846.8733088151,58846.367858799997,19.4833527,0.0961330906,0,zr,117.3212898,36.9077579,0.61500001,-0.0280000009,20191229367604,707,0x1,0x3,21.5900002,26.1499367,0.0204584133,0.086927861,4.4833946e-06,30,1.00800002,2
707201300016686,109237057,2458846.8760287846,58846.3705787,19.8503723,0.125711292,0,zr,117.3212985,36.907766199999998,0.79400003,0.0299999993,20191229370046,707,0x1,0x3,21.6100006,26.1749992,0.0204501618,0.0891974047,4.50764492e-06,30,1.00800002,2
707201300016686,109237103,2458846.8764801966,58846.371030100003,19.7080669,0.113478579,0,zr,117.3212917,36.907739900000003,0.671999991,-0.0610000007,20191229371030,707,0x1,0x3,21.6200008,26.1676941,0.0207891054,0.0889301077,4.65555195e-06,30,1.00800002,2
707201300016686,109237574,2458846.8811909165,58846.375740700001,19.9676533,0.136483938,0,zr,117.32129260000001,36.907768500000003,0.550999999,-0.0359999985,20191229375521,707,0x1,0x3,21.5900002,26.1732368,0.0209334381,0.0880226418,4.70675695e-06,30,1.00800002,2
707201300016686,109238327,2458846.8887259094,58846.383275499997,19.2408581,0.0800986737,0,zr,117.32127250000001,36.907776800000001,1.29799998,-0.0170000009,20191229382917,707,0x1,0x3,21.4799995,26.1734486,0.0200371929,0.0865644217,4.3021796e-06,30,1.00899994,2
707201300016686,109239140,2458846.8968511163,58846.391400499997,19.2874508,0.0829704404,0,zr,117.3213262,36.907738999999999,1.09099996,-0.050999999,20191229391377,707,0x1,0x3,21.4599991,26.1690331,0.0200088453,0.0914430171,4.26708857e-06,30,1.01199996,2
707201300016686,109239673,2458846.9021868524,58846.396736100003,19.7308044,0.115369081,0,zr,117.32131750000001,36.907728599999999,1.08800006,-0.148000002,20191229396678,707,0x1,0x3,21.5300007,26.1633034,0.0211976729,0.094599314,4.78673201e-06,30,1.01499999,2
707201300016686,109239770,2458846.9031590763,58846.397708299999,19.7765217,0.119244449,0,zr,117.3213184,36.907769600000002,0.425999999,-0.0209999997,20191229397639,707,0x1,0x3,21.5200005,26.1590195,0.0206331518,0.0911418647,4.56102862e-06,30,1.01600003,2
707201300016686,109239913,2458846.9045827123,58846.399131899998,19.8950024,0.129740015,0,zr,117.3213198,36.907770200000002,0.934000015,0.135000005,20191229399062,707,0x1,0x3,21.3899994,26.1184597,0.0217619725,0.094575271,5.06147353e-06,30,1.01699996,2
707201300016686,109525339,2458849.7589080557,58849.2533912,20.7746658,0.215965867,0,zr,117.3212271,36.9077834,0.386000007,-0.0179999992,20200101253275,707,0x1,0x3,21.25,26.1388397,0.0208695885,0.0928905308,4.62753997e-06,30,1.18700004,2
707201300016686,109525980,2458849.7653201926,58849.259803200002,19.7137413,0.113948047,0,zr,117.3212833,36.907766600000002,1.352,-0.188999996,20200101259780,707,0x1,0x3,21.4300003,26.1380939,0.021308234,0.0933450535,4.85704095e-06,30,1.16499996,2
707201300016686,109526550,2458849.7710264144,58849.265509299999,19.2939491,0.0833786726,0,zr,117.3213143,36.907766100000003,0.768000007,-0.0829999968,20200101265498,707,0x1,0x3,21.3600006,26.14538,0.0215888657,0.0914287716,4.9517198e-06,30,1.14699996,2
707201300016686,109526689,2458849.7724152445,58849.266898100002,19.3477802,0.0868343934,0,zr,117.321303,36.907761000000001,0.713,-0.0579999983,20200101266875,707,0x1,0x3,21.2600002,26.1422405,0.021465661,0.0926041156,4.8783686e-06,30,1.14199996,2
707201300016686,109527065,2458849.7761769239,58849.2706597,19.5976562,0.104652002,0,zr,117.32132559999999,36.907773599999999,0.989000022,-0.0309999995,20200101270602,707,0x1,0x3,21.3700008,26.1431427,0.0217750128,0.095042102,5.03333331e-06,30,1.13100004,2
707201300016686,109527446,2458849.7799849072,58849.2744676,20.277895,0.167404145,0,zr,117.32125000000001,36.907764,0.822000027,0.0920000002,20200101274468,707,0x1,0x3,21.4799995,26.1534386,0.0200257283,0.0893052444,4.2543038e-06,30,1.12100005,2
707201300016686,109527593,2458849.7814548374,58849.275937500002,20.2202911,0.161464646,0,zr,117.3213221,36.907755399999999,0.455000013,0.0719999969,20200101275891,707,0x1,0x3,21.4899998,26.1538334,0.0209940672,0.0937592313,4.68152939e-06,30,1.11699998,2
707201300016686,109527967,2458849.7851933171,58849.279675899998,19.6548691,0.109152399,0,zr,117.3213078,36.907770300000003,0.963999987,0.114,20200101279676,707,0x1,0x3,21.4599991,26.1534405,0.0212924108,0.0917949528,4.81384723e-06,30,1.10699999,2
707201300016686,109528012,2458849.7856447264,58849.2801273,19.7515163,0.117112502,0,zr,117.3213248,36.907753599999999,0.400999993,-0.0500000007,20200101280127,707,0x1,0x3,21.5599995,26.1491146,0.0222461205,0.0911215097,5.26468875e-06,30,1.10599995,2
707201300016686,109528210,2458849.7876239684,58849.282106500003,19.5046921,0.0976758897,0,zr,117.3213354,36.9077506,0.796999991,0.0759999976,20200101282037,707,0x1,0x3,21.5799999,26.1542892,0.0233340692,0.0882806033,5.79402877e-06,30,1.10099995,2
707201300016686,109528732,2458849.7928439798,58849.287326400001,19.019928,0.067755267,0,zr,117.3213056,36.907758800000003,0.773000002,-0.0769999996,20200101287245,707,0x1,0x3,21.6000004,26.1558514,0.02218787,0.0899926871,5.22448954e-06,30,1.08899999,2
707201300016686,109528777,2458849.7932953895,58849.287777799997,19.1145802,0.0727927312,0,zr,117.32129860000001,36.907767900000003,0.488000005,-0.0299999993,20200101287778,707,0x1,0x3,21.6599998,26.1654243,0.0230836757,0.0889131203,5.68928499e-06,30,1.08800006,2
707201300016686,109529438,2458849.7999043302,58849.294386599999,19.1978092,0.0775307342,0,zr,117.32130600000001,36.9077482,0.869000018,0.00400000019,20200101294375,707,0x1,0x3,21.6200008,26.1566734,0.0223002099,0.0881535411,5.30747502e-06,30,1.074,2
707201300016686,109529532,2458849.8008418493,58849.2953241,19.4724636,0.0953542441,0,zr,117.32134790000001,36.907743199999999,0.731999993,0.0170000009,20200101295301,707,0x1,0x3,21.5499992,26.1592445,0.0213596933,0.0926174149,4.87724401e-06,30,1.07299995,2
707201300016686,109530067,2458849.8061891636,58849.3006713,20.0619946,0.145560995,0,zr,117.32128710000001,36.9077397,1.10300004,0.0930000022,20200101300660,707,0x1,0x3,21.5699997,26.1508751,0.0214083157,0.0935774893,4.91268247e-06,30,1.06299996,2
707201300016686,109530112,2458849.8066405724,58849.301122700002,20.0891457,0.148234308,0,zr,117.32132970000001,36.907732899999999,0.708000004,0.0659999996,20200101301123,707,0x1,0x3,21.5699997,26.1600266,0.0210905857,0.09133555,4.77454114e-06,30,1.06200004,2
707201300016686,109530314,2458849.8086660155,58849.3031481,20.2049713,0.159895778,0,zr,117.32130890000001,36.907753499999998,0.726000011,-0.0260000005,20200101303056,707,0x1,0x3,21.3199997,26.1548519,0.0199088585,0.0928614587,4.26575207e-06,30,1.05799997,2
707201300016686,109530510,2458849.8106221571,58849.305104200001,21.0796032,0.244313598,0,zr,117.32130650000001,36.907737500000003,1.46899998,0.555999994,20200101305035,707,0x1,0x3,21.4200001,26.1575203,0.0208774898,0.09250696,4.6443738e-06,30,1.05499995,2
707201300016686,109530555,2458849.8110735677,58849.305555600004,21.0219669,0.238955617,0,zr,117.32132369999999,36.907663399999997,0.658999979,-0.134000003,20200101305544,707,0x1,0x3,21.5599995,26.1619167,0.0208878499,0.0884975791,4.7007843e-06,30,1.05400002,2
707201300016686,109531131,2458849.8168374901,58849.311319400003,20.5992126,0.199655414,0,zr,117.3212328,36.907726699999998,0.566999972,0.0120000001,20200101311308,707,0x1,0x3,21.5300007,26.1601963,0.0218374971,0.0907151997,5.1189304e-06,30,1.046,2
707201300016686,109531644,2458849.8219649959,58849.316446800003,19.0064583,0.0670677796,0,zr,117.3213083,36.907754199999999,0.541999996,-0.00100000005,20200101316424,707,0x1,0x3,21.6200008,26.1627617,0.0209036507,0.0899958536,4.695386e-06,30,1.03900003,2
707201300016686,109531754,2458849.8230645196,58849.317546300001,19.3381042,0.0862034634,0,zr,117.3212594,36.907762200000001,0.795000017,-0.00100000005,20200101317454,707,0x1,0x3,21.6499996,26.1651955,0.020636674,0.089375101,4.5636998e-06,30,1.03699994,2
707201300016686,109532245,2458849.8279720228,58849.322453699999,19.1452274,0.0745031387,0,zr,117.3212905,36.9077366,1.23800004,0.00899999961,20200101322431,707,0x1,0x3,21.6299992,26.165493,0.0204611775,0.0877820626,4.46906051e-06,30,1.03100002,2
707201300016686,109532527,2458849.8307961812,58849.325277800002,19.4036236,0.0905601606,0,zr,117.3212985,36.907772399999999,1.02100003,-0.00600000005,20200101325243,707,0x1,0x3,21.5900002,26.1687527,0.0230879094,0.0865192264,5.70953989e-06,30,1.028,2
707201300016686,109532621,2458849.8317337008,58849.326215300003,19.5197792,0.098779805,0,zr,117.3213152,36.907747700000002,0.819000006,0.00899999961,20200101326169,707,0x1,0x3,21.6599998,26.167944,0.0222566072,0.089574568,5.30958096e-06,30,1.02699995,2
707201300016686,109532666,2458849.8321851101,58849.326666699999,19.6101665,0.105622545,0,zr,117.321309,36.907758100000002,0.647000015,-0.00499999989,20200101326667,707,0x1,0x3,21.7000008,26.1713314,0.0239416938,0.0910896286,6.15376621e-06,30,1.02699995,2
707201300016686,109532711,2458849.8326365203,58849.327118100002,19.6528702,0.108992577,0,zr,117.3212911,36.907755700000003,0.615999997,-0.0460000001,20200101327106,707,0x1,0x3,21.7000008,26.174036,0.02460609,0.0852475315,6.47306979e-06,30,1.02600002,2
707201300016686,109532755,2458849.8330763294,58849.327557899996,19.9620533,0.135956138,0,zr,117.3212917,36.9077512,0.483999997,0.0759999976,20200101327558,707,0x1,0x3,21.7099991,26.1612186,0.0246993471,0.0893033147,6.50862739e-06,30,1.02600002,2
707201300016686,109533884,2458849.8443612657,58849.338842600002,19.7489777,0.116897672,0,zr,117.3212747,36.9077506,0.384000003,-0.0680000037,20200101338681,707,0x1,0x3,21.6599998,26.1663361,0.0217131954,0.0897979364,5.04924628e-06,30,1.01699996,2
707201300016686,109534045,2458849.8459700989,58849.340451399999,19.1953201,0.0773847252,0,zr,117.32129949999999,36.907746699999997,0.400000006,-0.0219999999,20200101340382,707,0x1,0x3,21.6700001,26.166729,0.0219420809,0.0868185014,5.16605678e-06,30,1.01600003,2
707201300016686,109534447,2458849.8499979824,58849.344479200001,19.0594959,0.0698167458,0,zr,117.3213038,36.907756999999997,0.981000006,-0.0610000007,20200101344398,707,0x1,0x3,21.6100006,26.1720657,0.0214826874,0.0860328227,4.93402013e-06,30,1.01300001,2
707201300016686,109534493,2458849.8504493916,58849.344930599997,19.005455,0.0670168325,0,zr,117.32131560000001,36.907759300000002,1.01100004,0.0160000008,20200101344931,707,0x1,0x3,21.6299992,26.1710682,0.0206947848,0.0873834416,4.59522835e-06,30,1.01300001,2
707201300016686,109535275,2458849.8582735551,58849.352754599997,19.6471252,0.108534008,0,zr,117.3212754,36.9077567,0.335999995,-0.00499999989,20200101352488,707,0x1,0x3,21.5699997,26.1626072,0.0211057924,0.0924994946,4.8100942e-06,30,1.00999999,2
707201300016686,109535421,2458849.8597319843,58849.354212999999,19.8478966,0.125490516,0,zr,117.32131649999999,36.907744000000001,1.10500002,0.0219999999,20200101353935,707,0x1,0x3,21.5499992,26.1763783,0.0201372281,0.0861589983,4.36084974e-06,30,1.00899994,2
707201300016686,109535466,2458849.8601833945,58849.354664400002,19.9640675,0.13614586,0,zr,117.3213155,36.907713100000002,0.579999983,0.00800000038,20200101354653,707,0x1,0x3,21.5599995,26.1755486,0.0207472462,0.0870114192,4.61636591e-06,30,1.00899994,2
707201300016686,109537347,2458849.8789915815,58849.373472200001,19.0387459,0.0687278509,0,zr,117.32132590000001,36.907768400000002,0.677999973,0.0289999992,20200101372940,707,0x1,0x3,21.1499996,26.1613674,0.0215559825,0.0942332745,4.94231745e-06,30,1.00899994,2
707201300016686,109537392,2458849.8794429908,58849.373923599996,19.0886936,0.0713786334,0,zr,117.3213148,36.907776499999997,0.653999984,0.0610000007,20200101373924,707,0x1,0x3,21.1100006,26.1583176,0.0223284233,0.0961862653,5.30901252e-06,30,1.00899994,2
707201300016686,109537989,2458849.8854153138,58849.379895799997,19.3353863,0.0860270113,0,zr,117.3213379,36.907749899999999,0.907999992,-0.0659999996,20200101379595,707,0x1,0x3,21.1900005,26.1599064,0.0211214442,0.0955597311,4.79094433e-06,30,1.01100004,2
707201300016686,109538282,2458849.8883436751,58849.382824100001,19.9649048,0.136224702,0,zr,117.3212645,36.9077518,0.879000008,0.141000003,20200101382743,707,0x1,0x3,21.0100002,26.1584263,0.0232613832,0.0956244245,5.77925948e-06,30,1.01199996,2
707201300016686,109538618,2458849.8917002426,58849.386180599999,19.9066925,0.130809814,0,zr,117.3212992,36.907774699999997,0.958999991,-0.0920000002,20200101386157,707,0x1,0x3,21.0799999,26.161005,0.0225515887,0.0955168605,5.40108931e-06,30,1.01400006,2
707201300016686,109539108,2458849.8966077426,58849.391087999997,19.688921,0.111905918,0,zr,117.32135409999999,36.907752100000003,0.375,-0.0160000008,20200101391030,707,0x1,0x3,21.0799999,26.1602364,0.0227958784,0.0941481143,5.5392411e-06,30,1.01699996,2
707201300016686,109539153,2458849.897059151,58849.3915394,19.3503895,0.087005198,0,zr,117.3213374,36.907803399999999,1.301,-0.0939999968,20200101391539,707,0x1,0x3,20.7700005,26.1636639,0.028234005,0.101872079,8.49923163e-06,30,1.01699996,2
707201300016686,109539557,2458849.9010985345,58849.395578700001,19.3978691,0.0901695341,0,zr,117.3213124,36.907771400000001,1.25,-0.0729999989,20200101395289,707,0x1,0x3,21.4500008,26.1671848,0.0217511058,0.0913186818,5.03503588e-06,30,1.01999998,2
707201300016686,109539684,2458849.9023601599,58849.396840300004,19.4225464,0.0918557048,0,zr,117.3213148,36.907775800000003,0.412,0.0289999992,20200101396667,707,0x1,0x3,21.4200001,26.1628227,0.0211993847,0.0923250541,4.81462985e-06,30,1.02100003,2
707201300016686,109539938,2458849.9049065122,58849.399386600002,19.1056557,0.0723020956,0,zr,117.3213088,36.907772399999999,0.762000024,-0.0989999995,20200101399225,707,0x1,0x3,21.3400002,26.1720638,0.0210088827,0.0905944481,4.69002362e-06,30,1.023,2
707201300016686,109540237,2458849.9078926737,58849.402372700002,19.633709,0.107469529,0,zr,117.3213171,36.907734900000001,1.09399998,0.0939999968,20200101402361,707,0x1,0x3,21.3600006,26.1699829,0.0210762322,0.0923788548,4.71578687e-06,30,1.02600002,2
707201300016686,109540493,2458849.9104506271,58849.404930600002,19.2913036,0.0832122564,0,zr,117.3212769,36.907703099999999,1.24000001,0.0939999968,20200101404919,707,0x1,0x3,21.1100006,26.170578,0.022196278,0.0982563421,5.2523219e-06,30,1.02900004,2
707201300016686,109540538,2458849.9109019348,58849.405381899996,19.32481,0.0853436217,0,zr,117.3213136,36.907742599999999,0.948000014,-0.0590000004,20200101405382,707,0x1,0x3,21.2399998,26.1620846,0.0218208358,0.0960746258,5.06931974e-06,30,1.02900004,2
707201300016686,109540829,2458849.9138186933,58849.408298599999,19.7927361,0.12064264,0,zr,117.3213143,36.907763699999997,0.546000004,0.0970000029,20200101408275,707,0x1,0x3,21.3899994,26.1680145,0.0206057895,0.0925788432,4.52425911e-06,30,1.03199995,2
707201300016686,109540924,2458849.9147678139,58849.409247700001,20.0939598,0.148710892,0,zr,117.32130170000001,36.907723900000001,0.583000004,-0.0149999997,20200101409225,707,0x1,0x3,21.3400002,26.1652775,0.0208908767,0.0963834673,4.64202822e-06,30,1.03400004,2
707201300016686,109540969,2458849.9152192213,58849.409699099997,19.9868145,0.138299331,0,zr,117.32132780000001,36.907767100000001,0.779999971,-0.0769999996,20200101409699,707,0x1,0x3,21.3600006,26.1581326,0.0207981803,0.0920483992,4.59197645e-06,30,1.03400004,2
707201300016686,109541155,2458849.9170710607,58849.411550899997,20.0322132,0.14265874,0,zr,117.32127199999999,36.907738299999998,0.773000002,-0.138999999,20200101411528,707,0x1,0x3,21.3600006,26.1625309,0.0211962368,0.0935220271,4.79602977e-06,30,1.03600001,2
707201300016686,109541560,2458849.9211221412,58849.4156019,20.622282,0.201799989,0,zr,117.3213282,36.907750800000002,1.27699995,-0.101000004,20200101415440,707,0x1,0x3,21.3899994,26.1625233,0.0213270858,0.0903257281,4.87566422e-06,30,1.04200006,2
707201300016686,109541722,2458849.922742472,58849.417222199998,20.825798,0.220719337,0,zr,117.3213192,36.907859299999998,0.672999978,-0.264999986,20200101417106,707,0x1,0x3,21.2600002,26.1670418,0.0217173304,0.0980107263,5.05296384e-06,30,1.04400003,2
707201300016686,109645836,2458850.9639087971,58850.4583681,19.2619514,0.0813867301,0,zr,117.32136850000001,36.9078971,0.397000015,0.00600000005,20200102458368,707,0x1,0x3,20.1399994,26.1469917,0.0322160088,0.102733411,1.11365798e-05,30,1.13699996,1
707201300016686,109725449,2458851.7600457976,58851.254490699997,19.1149635,0.0728139058,0,zr,117.3214251,36.907652200000001,0.421999991,0.319999993,20200103254317,707,0x1,0x3,19.2399998,25.646019,0.0459480844,0.101194665,2.9466175e-05,30,1.16400003,2
707201300016686,109726950,2458851.7750576693,58851.269502299998,19.5623207,0.101951338,0,zr,117.32122579999999,36.907781700000001,0.99000001,0.0869999975,20200103269433,707,0x1,0x3,20.1700001,25.8402767,0.0297444016,0.0941610932,9.47240551e-06,30,1.12,2
707201300016686,109727130,2458851.7768633012,58851.271307900002,19.326498,0.0854523554,0,zr,117.32133640000001,36.907716999999998,1.01499999,-0.180000007,20200103271308,707,0x1,0x3,20.3999996,25.9384537,0.0275714677,0.0972764865,8.08854111e-06,30,1.11500001,2
707201300016686,109727421,2458851.7797684534,58851.274212999997,19.174757,0.0761887804,0,zr,117.3213009,36.907760400000001,1.255,0.0260000005,20200103274144,707,0x1,0x3,20.7000008,26.032814,0.023527097,0.100575902,5.90438867e-06,30,1.10699999,2
707201300016686,109728265,2458851.7882061061,58851.282650499998,19.9749489,0.137173429,0,zr,117.3212546,36.907725599999999,1.46399999,-0.0920000002,20200103282639,707,0x1,0x3,20.9400005,26.1009998,0.0235057306,0.0925843418,5.92475635e-06,30,1.08800006,2
707201300016686,109728401,2458851.7895718277,58851.284016199999,20.3183613,0.1716052,0,zr,117.3214158,36.907731699999999,1.03100002,0.0520000011,20200103284016,707,0x1,0x3,21.0300007,26.0764503,0.0214754641,0.0937454998,4.91950141e-06,30,1.08500004,2
707201300016686,109728818,2458851.793738605,58851.288182900003,19.6390877,0.107895255,0,zr,117.321245,36.907742399999997,1.23099995,0.0390000008,20200103288171,707,0x1,0x3,20.9799995,26.1322498,0.021613583,0.0929568931,4.96052598e-06,30,1.07599998,2
707201300016686,109728962,2458851.7951853327,58851.289629600004,19.834631,0.124311849,0,zr,117.3212458,36.907653500000002,0.550000012,0.0160000008,20200103289618,707,0x1,0x3,20.9200001,26.1228275,0.0227419697,0.0930391476,5.49868309e-06,30,1.07299995,2
707201300016686,109729428,2458851.7998382123,58851.294282399998,19.088089,0.0713459402,0,zr,117.32133039999999,36.907741100000003,0.504000008,-0.0670000017,20200103294271,707,0x1,0x3,20.8299999,26.1484661,0.0231994726,0.095907338,5.7643133e-06,30,1.06400001,2
707201300016686,109730511,2458851.8106717067,58851.305115700001,19.5487385,0.10092935,0,zr,117.3211781,36.907785099999998,0.703999996,0.0520000011,20200103305000,707,0x1,0x3,20.6100006,26.1590824,0.0250913799,0.0943769664,6.73002614e-06,30,1.04700005,2
707201300016686,109730751,2458851.8130676462,58851.307511600004,19.5215492,0.0989100412,0,zr,117.3214151,36.907724000000002,0.790000021,-0.0599999987,20200103307477,707,0x1,0x3,20.3899994,26.1658936,0.0270697996,0.0886855498,7.77467812e-06,30,1.04299998,2
707201300016686,109731033,2458851.8158917013,58851.310335599999,19.8258801,0.123538718,0,zr,117.32118149999999,36.907698099999998,0.367000014,0.0149999997,20200103310243,707,0x1,0x3,20.6299992,26.1533012,0.0252132472,0.0947668403,6.77302751e-06,30,1.03900003,2
707201300016686,109731788,2458851.8234381317,58851.317881900002,20.3948421,0.179570571,0,zr,117.3213449,36.907685499999999,0.477999985,0.150000006,20200103317836,707,0x1,0x3,20.8999996,26.1692638,0.0238662343,0.0895888209,6.07087441e-06,30,1.02999997,2
707201300016686,109731953,2458851.8250932614,58851.319537000003,20.4008579,0.180196732,0,zr,117.3211926,36.907795299999997,1.26400006,0.101000004,20200103319387,707,0x1,0x3,20.6800003,26.1653214,0.0234799292,0.0899646208,5.87351087e-06,30,1.02900004,2
707201300016686,109732699,2458851.8325470923,58851.326990699999,18.9449692,0.0640194416,0,zr,117.3213198,36.907699899999997,0.611999989,-0.0260000005,20200103326968,707,0x1,0x3,20.5,26.1576786,0.0274028983,0.100183405,8.00429916e-06,30,1.02100003,2
707201300016686,109732744,2458851.8329984983,58851.327442100002,19.0823936,0.0710386559,0,zr,117.3213756,36.907736,0.629000008,-0.0299999993,20200103327442,707,0x1,0x3,20.5,26.153038,0.028072115,0.0990677401,8.46630155e-06,30,1.02100003,2
707201300016686,109733057,2458851.8361351518,58851.330578699999,18.9430561,0.0639269277,0,zr,117.3213595,36.907823200000003,1.19500005,-0.0469999984,20200103330428,707,0x1,0x3,20.3700008,26.1568565,0.0276856367,0.097226657,8.23664777e-06,30,1.01900005,2
707201300016686,109733103,2458851.8365865615,58851.331030100002,19.152914,0.0749383345,0,zr,117.3213552,36.907746799999998,0.748000026,0.0359999985,20200103331030,707,0x1,0x3,20.6900005,26.1585445,0.0242212582,0.10083361,6.25150869e-06,30,1.01800001,2
707201300016686,109733479,2458851.8403482316,58851.334791699999,19.2773476,0.0823394135,0,zr,117.3211708,36.907714800000001,0.926999986,-0.0149999997,20200103334722,707,0x1,0x3,20.5599995,26.1299725,0.0261354502,0.0948645249,7.28237137e-06,30,1.01600003,2
707201300016686,109733746,2458851.8430218739,58851.337465299999,19.749958,0.116980642,0,zr,117.3212848,36.907833400000001,0.465999991,0.00200000009,20200103337188,707,0x1,0x3,20.3199997,26.0476265,0.0286747478,0.0991564915,8.76306967e-06,30,1.01400006,2
707201300016686,109733961,2458851.845174714,58851.339618099999,19.9485435,0.134688288,0,zr,117.3212505,36.907730000000001,1.19799995,-0.0289999992,20200103339537,707,0x1,0x3,20.6800003,26.1172104,0.025071077,0.0950191244,6.68543817e-06,30,1.01300001,2
707201300016686,109734094,2458851.8465057351,58851.340949099998,19.9033279,0.13050133,0,zr,117.32134929999999,36.907746500000002,0.788999975,-0.104000002,20200103340752,707,0x1,0x3,20.75,26.1059971,0.0248243995,0.0931316614,6.5499521e-06,30,1.01199996,2
707201300016686,109734194,2458851.8475010497,58851.341944400003,19.9108734,0.131193861,0,zr,117.3215021,36.907762400000003,0.412999988,0.0179999992,20200103341852,707,0x1,0x3,20.5499992,26.0755386,0.0261443499,0.0935645178,7.27951237e-06,30,1.01199996,2
707201300016686,109734363,2458851.8491909821,58851.343634299999,19.5367584,0.100035191,0,zr,117.3213597,36.907750499999999,0.907999992,0.0489999987,20200103343403,707,0x1,0x3,20.2999992,25.8694668,0.0290829763,0.0997897685,8.99447059e-06,30,1.01100004,2
707201300016686,109734564,2458851.8512048214,58851.345648100003,19.6390324,0.107890919,0,zr,117.3211512,36.907727299999998,1.653,0.284999996,20200103345486,707,0x1,0x3,20.3600006,26.0157413,0.0279682614,0.10057959,8.32612841e-06,30,1.00999999,2
707201300016686,109735686,2458851.8624203154,58851.356863399997,19.2224064,0.0789880008,0,zr,117.321191,36.907720500000003,1.09899998,0.565999985,20200103356678,707,0x1,0x3,19.7700005,25.9351368,0.0368912704,0.0943905711,1.47468736e-05,30,1.00800002,2
707201300016686,109736321,2458851.8687746213,58851.363217600003,19.6029568,0.105062269,0,zr,117.3213727,36.907764899999997,0.88499999,0.0240000002,20200103363056,707,0x1,0x3,20.0400009,25.8844872,0.0328974053,0.0990972146,1.15060247e-05,30,1.00800002,2
707201300016686,109736734,2458851.8729065959,58851.367349499997,19.8288956,0.123804674,0,zr,117.3212553,36.907710999999999,0.620999992,-0.100000001,20200103367211,707,0x1,0x3,20.2000008,25.8344727,0.0316711739,0.0983130708,1.07975438e-05,30,1.00899994,2
707201300016686,109737597,2458851.8815294444,58851.375972200003,20.2164879,0.161074758,0,zr,117.3212611,36.907704899999999,0.788999975,-0.170000002,20200103375961,707,0x1,0x3,20.6599998,26.1129742,0.0282518808,0.101552956,8.55264807e-06,30,1.01100004,2
707201300016686,109738192,2458851.8874786459,58851.381921300002,19.0302277,0.0682858229,0,zr,117.3212218,36.9077427,0.275999993,-0.0130000003,20200103381840,707,0x1,0x3,20.3299999,26.0098705,0.0281314086,0.0978386402,8.50734614e-06,30,1.01400006,2
707201300016686,109738768,2458851.8932426395,58851.387685200003,19.6639557,0.109881736,0,zr,117.3214768,36.907767200000002,0.712000012,0.0149999997,20200103387662,707,0x1,0x3,20.4200001,26.1321983,0.0270745568,0.104490571,7.86048986e-06,30,1.01800001,2
707201300016686,109738813,2458851.8936940525,58851.388136599999,19.5802479,0.103314012,0,zr,117.321243,36.907720500000003,0.629999995,0.0219999999,20200103388125,707,0x1,0x3,20.5200005,26.1365318,0.0272193141,0.101463899,7.91512139e-06,30,1.01900005,2
707201300016686,109738953,2458851.8950944743,58851.389537000003,19.4186707,0.0915890038,0,zr,117.32131,36.907754799999999,0.379999995,-0.0209999997,20200103389514,707,0x1,0x3,20.6399994,26.1629505,0.0263588186,0.097537145,7.40899577e-06,30,1.01999998,2
707201300016686,109739390,2458851.8994580493,58851.393900499999,19.7813263,0.119657427,0,zr,117.32124020000001,36.907789299999997,0.828000009,0.0710000023,20200103393889,707,0x1,0x3,20.8600006,26.1505699,0.0240543447,0.0993798822,6.19034654e-06,30,1.023,2
707201300016686,109739555,2458851.9011131767,58851.3955556,19.6629601,0.109801665,0,zr,117.32133140000001,36.907741799999997,0.569000006,-0.0379999988,20200103395394,707,0x1,0x3,21.0200005,26.1422462,0.0225157887,0.0970778167,5.43407214e-06,30,1.02499998,2
707201300016686,109739769,2458851.9032544107,58851.397696799999,19.7110271,0.113723271,0,zr,117.3213636,36.9078345,0.827000022,-0.0909999982,20200103397465,707,0x1,0x3,20.7800007,26.1233177,0.0251374152,0.0999305621,6.80019548e-06,30,1.02699995,2
707201300016686,109739814,2458851.9037057213,58851.398148100001,19.6313515,0.107283339,0,zr,117.3212954,36.907746799999998,0.931999981,0.0659999996,20200103398148,707,0x1,0x3,20.7000008,26.1086788,0.0249391366,0.100478522,6.64741356e-06,30,1.02699995,2
707201300016686,109739991,2458851.9054766516,58851.399919000003,19.0904427,0.0714732856,0,zr,117.32131,36.907721000000002,0.851999998,-0.119999997,20200103399699,707,0x1,0x3,21.0200005,26.0919151,0.0231134221,0.0972299054,5.7323814e-06,30,1.02900004,2
707201300016686,109740037,2458851.9059280599,58851.400370399999,19.150919,0.0748251081,0,zr,117.321251,36.907736200000002,0.754999995,-0.00400000019,20200103400370,707,0x1,0x3,20.9200001,26.0923424,0.022072332,0.0925115123,5.22679693e-06,30,1.02999997,2
707201300016686,109740475,2458851.9103146335,58851.404756900003,19.4992294,0.0972788334,0,zr,117.3213125,36.907738899999998,1.01100004,0.0140000004,20200103404722,707,0x1,0x3,20.8299999,26.0205193,0.0222122259,0.0961112604,5.3172862e-06,30,1.03499997,2
707201300016686,109741041,2458851.9159745281,58851.410416699997,19.1611462,0.0754072294,0,zr,117.3213578,36.9077427,0.697000027,-0.0179999992,20200103410255,707,0x1,0x3,20.5499992,26.0985184,0.0269120447,0.103743024,7.75417448e-06,30,1.04200006,2
707201300016686,109741179,2458851.9173518512,58851.411794,19.1298618,0.0736406371,0,zr,117.3213362,36.907759800000001,0.458999991,0.0350000001,20200103411782,707,0x1,0x3,20.7399998,26.0251827,0.025080448,0.0995197222,6.78449442e-06,30,1.04400003,2
707201300016686,109741421,2458851.9197708904,58851.414212999996,19.2300987,0.0794491991,0,zr,117.32142930000001,36.907767999999997,0.934000015,-0.128999993,20200103414190,707,0x1,0x3,20.5300007,26.0462914,0.0271362495,0.0951204523,7.93393792e-06,30,1.04700005,2
707201300016686,109741465,2458851.9202106991,58851.414652799998,19.3236485,0.0852688327,0,zr,117.3213725,36.9077664,0.975000024,-0.135000005,20200103414653,707,0x1,0x3,20.8700008,26.1198635,0.0236663073,0.097944133,6.03064473e-06,30,1.04799998,2
707201300016686,109743327,2458851.9388337131,58851.4332755,20.1664734,0.155978039,0,zr,117.321309,36.907743099999998,0.829999983,-0.143000007,20200103433264,707,0x1,0x3,21.0400009,26.1554146,0.0221079458,0.0914754048,5.21892798e-06,30,1.08099997,1
707201300016686,109842953,2458852.93511145,58852.429537000004,20.0226116,0.14173016,0,zr,117.32130650000001,36.907762099999999,1.04799998,-0.143999994,20200104429537,707,0x1,0x3,21.6800003,26.1784306,0.0234390981,0.0886844173,5.87179375e-06,30,1.079,1
707201300016686,109925363,2458853.7592208977,58853.253634300003,19.3910961,0.0897117853,0,zr,117.3212812,36.907764999999998,0.654999971,-0.0529999994,20200105253461,707,0x1,0x3,21.1100006,26.1207352,0.0234116446,0.0888148993,5.89413685e-06,30,1.14999998,2
707201300016686,109926600,2458853.7715936787,58853.266006899998,19.8773441,0.128135368,0,zr,117.321353,36.907741299999998,0.637000024,-0.0610000007,20200105265961,707,0x1,0x3,20.9099998,25.9480648,0.0252766125,0.0938532054,6.86428939e-06,30,1.11399996,2
707201300016686,109926644,2458853.7720335843,58853.2664468,19.8534126,0.125982955,0,zr,117.3213379,36.907788199999999,1.22000003,-0.196999997,20200105266447,707,0x1,0x3,20.9599991,25.9441662,0.0269499682,0.0895525739,7.81727613e-06,30,1.11300004,2
707201300016686,109926883,2458853.7744178218,58853.268831000001,20.5552883,0.195572019,0,zr,117.3213066,36.907704799999998,0.726999998,0.0170000009,20200105268831,707,0x1,0x3,21.0200005,26.0110683,0.0260905102,0.0933833197,7.31235059e-06,30,1.10699999,2
707201300016686,109926928,2458853.7748692273,58853.269282399997,20.1676979,0.156102151,0,zr,117.321297,36.907750399999998,0.0700000003,-0,20200105269282,707,0x1,0x3,21.1299992,26.043478,0.0265669003,0.0911022499,7.59678915e-06,30,1.10599995,2
707201300016686,109927837,2458853.783966559,58853.2783796,20.2602177,0.165575296,0,zr,117.3213669,36.9077488,1.08399999,-0.194999993,20200105278380,707,0x1,0x3,21.0900002,26.043087,0.0250323918,0.0911926776,6.72103852e-06,30,1.08500004,2
707201300016686,109927883,2458853.7844179668,58853.278831000003,19.9731236,0.13700074,0,zr,117.3213109,36.907729500000002,0.658999979,-0.0219999999,20200105278831,707,0x1,0x3,21.2000008,26.0779934,0.0270186402,0.0886279643,7.84837084e-06,30,1.08399999,2
707201300016686,109928291,2458853.788503726,58853.282916700002,19.4701042,0.095186159,0,zr,117.32128779999999,36.907753300000003,0.940999985,0.100000001,20200105282917,707,0x1,0x3,21.2000008,26.1130085,0.0230255909,0.0906672627,5.68456699e-06,30,1.07599998,2
707201300016686,109928383,2458853.7894180389,58853.283831000001,19.0213261,0.0678270534,0,zr,117.3212991,36.907758999999999,0.432000011,-0.050999999,20200105283819,707,0x1,0x3,21.2399998,26.1224957,0.0239515752,0.0896201283,6.11473251e-06,30,1.074,2
707201300016686,109928818,2458853.7937700027,58853.288182900003,19.0996971,0.0719762966,0,zr,117.3212801,36.907753599999999,0.637000024,-0.104999997,20200105288171,707,0x1,0x3,20.7600002,26.0637951,0.023510024,0.0948916078,5.92721335e-06,30,1.06500006,2
707201300016686,109929202,2458853.7976126568,58853.292025499999,19.8724213,0.127690464,0,zr,117.3213768,36.907753100000001,0.59799999,-0.180999994,20200105291921,707,0x1,0x3,20.8500004,26.096384,0.0219761301,0.0935740322,5.18330535e-06,30,1.05900002,2
707201300016686,109929247,2458853.7980640642,58853.292476900002,19.8141689,0.122509599,0,zr,117.32132660000001,36.907739800000002,0.528999984,-0.0179999992,20200105292465,707,0x1,0x3,20.7199993,26.097168,0.0229808539,0.0876614973,5.63199183e-06,30,1.05799997,2
707201300016686,109929498,2458853.8005756009,58853.294988399997,19.8938103,0.129631251,0,zr,117.3213112,36.907734300000001,0.683000028,-0.115999997,20200105294884,707,0x1,0x3,21.0200005,26.0978394,0.0225550905,0.0852239132,5.43402484e-06,30,1.05400002,2
707201300016686,109929543,2458853.8010270051,58853.2954398,20.0527172,0.14465332,0,zr,117.3212949,36.907838699999999,1.09099996,0.237000003,20200105295428,707,0x1,0x3,20.8199997,26.1017456,0.0241133738,0.0881683752,6.21988738e-06,30,1.05299997,2
707201300016686,109929877,2458853.8043603557,58853.298773100003,19.652071,0.108928643,0,zr,117.32125069999999,36.9077713,0.635999978,0.0430000015,20200105298692,707,0x1,0x3,20.8600006,26.1131306,0.0234117471,0.0928191543,5.83804876e-06,30,1.04799998,2
707201300016686,109930070,2458853.8062932827,58853.300706000002,19.6254635,0.106819592,0,zr,117.3213087,36.9077585,0.88499999,-0.147,20200105300590,707,0x1,0x3,20.7199993,26.1185589,0.0230118074,0.093455255,5.65409709e-06,30,1.04499996,2
707201300016686,109930431,2458853.8099044352,58853.304317100003,19.3963032,0.0900635496,0,zr,117.321303,36.907745900000002,1.32599998,-0.165000007,20200105304190,707,0x1,0x3,21.0200005,26.117403,0.0219301116,0.092396073,5.1592674e-06,30,1.03999996,2
707201300016686,109930585,2458853.8114438578,58853.305856500003,19.0804405,0.0709336177,0,zr,117.32129140000001,36.907724399999999,0.556999981,-0.0320000015,20200105305764,707,0x1,0x3,20.7700005,26.10672,0.0231232066,0.0918646082,5.70032853e-06,30,1.03799999,2
707201300016686,109930680,2458853.812392971,58853.306805599997,18.7839489,0.0567063354,0,zr,117.32127250000001,36.907750200000002,0.824999988,-0.0149999997,20200105306782,707,0x1,0x3,20.7099991,26.1164398,0.0235597212,0.0966025442,5.93064487e-06,30,1.03699994,2
707201300016686,109930724,2458853.8128327779,58853.307245399999,18.6529694,0.0514222234,0,zr,117.32129089999999,36.9077269,0.365999997,0.0289999992,20200105307245,707,0x1,0x3,20.7900009,26.1115303,0.0232758131,0.0930549502,5.78395338e-06,30,1.03600001,2
707201300016686,109930986,2458853.8154485133,58853.309861100002,19.2012978,0.0777357891,0,zr,117.3213171,36.907782900000001,1.07000005,-0.0930000022,20200105309838,707,0x1,0x3,20.6399994,26.1574707,0.0244005378,0.0923334882,6.32410001e-06,30,1.03299999,2
707201300016686,109931453,2458853.8201244813,58853.314536999998,19.6150188,0.106001087,0,zr,117.32138140000001,36.907689900000001,1.14400005,0.0780000016,20200105314525,707,0x1,0x3,20.6100006,26.0771408,0.0255201459,0.0956886634,6.9449693e-06,30,1.028,2
707201300016686,109931728,2458853.8228676198,58853.317280099996,19.548172,0.100886829,0,zr,117.32125600000001,36.9077956,0.609000027,0.0419999994,20200105317269,707,0x1,0x3,20.5799999,26.0983315,0.0235524327,0.0985113978,5.90963919e-06,30,1.02499998,2
707201300016686,109931825,2458853.8238398349,58853.3182523,19.7097263,0.113615714,0,zr,117.3212454,36.907752700000003,0.610000014,-0.0399999991,20200105318218,707,0x1,0x3,20.8199997,26.153923,0.0233399589,0.0977507457,5.79544121e-06,30,1.02400005,2
707201300016686,109931943,2458853.8250204506,58853.319432900003,19.7769299,0.119279452,0,zr,117.32130100000001,36.907776699999999,0.84799999,-0.00100000005,20200105319306,707,0x1,0x3,20.7600002,26.1481628,0.0243830141,0.0990523472,6.31481726e-06,30,1.023,2
707201300016686,109932557,2458853.8311663363,58853.325578700002,20.5484047,0.194932103,0,zr,117.3213446,36.907809999999998,0.389999986,-0.150000006,20200105325544,707,0x1,0x3,20.8999996,26.0945969,0.0226494633,0.0945754945,5.46678348e-06,30,1.01800001,2
707201300016686,109933533,2458853.8409233759,58853.335335600001,19.7278023,0.115117982,0,zr,117.32131769999999,36.907762099999999,0.602999985,0.0790000036,20200105335278,707,0x1,0x3,20.9699993,26.151062,0.023818329,0.0967701748,6.01716465e-06,30,1.01199996,2
707201300016686,109933686,2458853.842451198,58853.3368634,18.8218842,0.05834518,0,zr,117.32131939999999,36.907739399999997,0.941999972,0.00600000005,20200105336759,707,0x1,0x3,21.1100006,26.1465263,0.0214626752,0.092828311,4.91653827e-06,30,1.01199996,2
707201300016686,109934576,2458853.8513518237,58853.345763899997,19.2922459,0.0832714736,0,zr,117.32126409999999,36.9077506,0.875999987,0.00400000019,20200105345336,707,0x1,0x3,21.1000004,26.1325436,0.0219281334,0.0913152993,5.1473894e-06,30,1.00899994,2
707201300016686,109934956,2458853.8551481767,58853.349560199997,19.5939369,0.104364902,0,zr,117.3212699,36.907744100000002,1.20500004,0.00100000005,20200105349317,707,0x1,0x3,21.1200008,26.1382351,0.0218614247,0.0915878564,5.09152278e-06,30,1.00800002,2
707201300016686,109936072,2458853.8663173323,58853.360729200002,19.3010597,0.0838275999,0,zr,117.32131029999999,36.907743699999997,0.529999971,-0.0379999988,20200105360312,707,0x1,0x3,21.1900005,26.1602802,0.0228732843,0.0954318047,5.58907004e-06,30,1.00800002,2
707201300016686,109936531,2458853.8709006952,58853.365312499998,19.3875484,0.0894728452,0,zr,117.3213155,36.907760400000001,0.465000004,0.0219999999,20200105365197,707,0x1,0x3,21.25,26.1646976,0.022402117,0.0900133774,5.35658819e-06,30,1.00999999,2
707201300016686,109937760,2458853.8831925653,58853.377604200003,19.9267521,0.132659435,0,zr,117.3213227,36.907743199999999,1.82099998,-0.184,20200105377604,707,0x1,0x3,21.3600006,26.1648636,0.0223500449,0.0907717347,5.36304651e-06,30,1.01499999,2
707201300016686,109937908,2458853.8846739857,58853.379085599998,20.1005573,0.149365306,0,zr,117.3212683,36.907785199999999,0.600000024,-0.0260000005,20200105379028,707,0x1,0x3,21.3299999,26.1756306,0.0230328813,0.0930898413,5.68088353e-06,30,1.01600003,2
707201300016686,109938085,2458853.8864449109,58853.3808565,20.5501022,0.195089936,0,zr,117.3212887,36.907727800000004,0.876999974,-0.192000002,20200105380648,707,0x1,0x3,21.3299999,26.1661758,0.0221009701,0.0969800353,5.19257901e-06,30,1.01699996,2
707201300016686,109938439,2458853.8899865579,58853.384398100003,20.2785416,0.167471066,0,zr,117.321336,36.907764200000003,1.03799999,-0.209999993,20200105384352,707,0x1,0x3,21.1599998,26.1376133,0.0237703938,0.097403571,6.02949922e-06,30,1.01999998,2
707201300016686,109938755,2458853.8931464027,58853.387557900001,20.5679016,0.19674468,0,zr,117.3212879,36.907737699999998,0.455000013,-0.00200000009,20200105387280,707,0x1,0x3,21.3799992,26.154974,0.0237062424,0.0920324996,5.98973656e-06,30,1.02199996,2
707201300016686,109939447,2458853.9000677965,58853.394479199997,19.0457783,0.069094941,0,zr,117.321292,36.907764800000002,1.33599997,-0.075000003,20200105394329,707,0x1,0x3,21.2700005,26.1660328,0.0222239606,0.0974886119,5.23248036e-06,30,1.02900004,2
707201300016686,109939684,2458853.9024289283,58853.396840300004,19.10429,0.0722272769,0,zr,117.32131769999999,36.907743000000004,1.04900002,-0.0309999995,20200105396817,707,0x1,0x3,21.4400005,26.173502,0.021906713,0.090357393,5.13439454e-06,30,1.03199995,2
707201300016686,109939811,2458853.9037020458,58853.398113399999,19.1205235,0.0731213689,0,zr,117.3213131,36.907746000000003,1.17499995,-0.0700000003,20200105397917,707,0x1,0x3,21.4599991,26.1706829,0.0208378062,0.0914707258,4.64374534e-06,30,1.03299999,2
707201300016686,109940231,2458853.9079035022,58853.402314799998,19.3494759,0.0869453698,0,zr,117.32134240000001,36.907751300000001,0.906000018,-0.00999999978,20200105402141,707,0x1,0x3,21.4099998,26.1735172,0.0226144698,0.0945862755,5.41174586e-06,30,1.03799999,2
707201300016686,109940478,2458853.9103688365,58853.404780099998,19.4362621,0.0928052813,0,zr,117.32129620000001,36.907739999999997,0.713999987,-0.0160000008,20200105404757,707,0x1,0x3,21.4400005,26.1632652,0.0235068034,0.0951744467,5.87954719e-06,30,1.04200006,2
707201300016686,109940662,2458853.912209162,58853.406620399997,19.3167896,0.084828794,0,zr,117.3212805,36.907723400000002,0.550000012,-0.0710000023,20200105406609,707,0x1,0x3,21.4599991,26.1707573,0.0214038193,0.0944640562,4.90950379e-06,30,1.04400003,2
707201300016686,109940707,2458853.9126605676,58853.4070718,19.3945007,0.0899416357,0,zr,117.32130220000001,36.907749699999997,1.23800004,0.0240000002,20200105407072,707,0x1,0x3,21.5400009,26.1714687,0.0232342817,0.0911489353,5.74972728e-06,30,1.04499996,2
707201300016686,109941188,2458853.9174754317,58853.411886599999,19.5406761,0.100326784,0,zr,117.3213406,36.907744700000002,1.26400006,0.112999998,20200105411794,707,0x1,0x3,21.5300007,26.1806488,0.022353461,0.0913117081,5.3485669e-06,30,1.05200005,2
707201300016686,109941428,2458853.9198712646,58853.414282400001,19.4283714,0.0922578573,0,zr,117.3212827,36.907763699999997,0.402999997,-0.0529999994,20200105414271,707,0x1,0x3,21.4200001,26.168272,0.0225587711,0.0948073864,5.42584212e-06,30,1.05599999,2
707201300016686,109941564,2458853.9212369835,58853.415648100003,19.5305939,0.0995778143,0,zr,117.32126270000001,36.907754799999999,0.832000017,-0.0939999968,20200105415648,707,0x1,0x3,21.6100006,26.1724949,0.024825938,0.0893338248,6.59657962e-06,30,1.05799997,2
707201300016686,109941784,2458853.9234361122,58853.417847199999,19.2918091,0.0832440406,0,zr,117.3213203,36.907746299999999,1.03999996,-0.0599999987,20200105417766,707,0x1,0x3,21.5799999,26.1676807,0.0231756382,0.0905235708,5.76036837e-06,30,1.06200004,2
707201300016686,109941829,2458853.9238875182,58853.418298600001,19.3860855,0.089374423,0,zr,117.3213318,36.9077561,0.851999998,-0.0649999976,20200105418299,707,0x1,0x3,21.6599998,26.175993,0.0235273018,0.0887213424,5.86914666e-06,30,1.06299996,2
707201300016686,109941874,2458853.9243389247,58853.418749999997,19.3018684,0.0838787705,0,zr,117.3212821,36.907760799999998,0.950999975,0.145999998,20200105418750,707,0x1,0x3,21.6399994,26.1757755,0.0214104261,0.0898944438,4.88281785e-06,30,1.06400001,2
707201300016686,109941966,2458853.9252533372,58853.419664399997,19.23279,0.0796112046,0,zr,117.3213282,36.9077293,1.06200004,0.074000001,20200105419653,707,0x1,0x3,21.6200008,26.172678,0.0221473649,0.0885146707,5.25507085e-06,30,1.06500006,2
707201300016686,109942851,2458853.9341075546,58853.428518499997,20.0592861,0.145295739,0,zr,117.32130359999999,36.907787499999998,1.07000005,0.0350000001,20200105428507,707,0x1,0x3,21.6000004,26.1746273,0.0214893892,0.0869662836,4.93594871e-06,30,1.08299994,1
707201300016686,110044512,2458854.9507294782,58854.445127300001,19.8072357,0.12190333,0,zr,117.32133779999999,36.9080315,0.643999994,0.404000014,20200106445116,707,0x1,0x3,19.6900005,26.1452694,0.0392816924,0.101506889,1.70548083e-05,30,1.13,1
707201300016686,110134695,2458855.8525684047,58855.346956000001,19.2047863,0.07794144,0,zr,117.32130669999999,36.907815200000002,1.19200003,-0.104999997,20200107346863,707,0x1,0x3,20.0799999,26.1111851,0.0313416012,0.0996940657,1.04263891e-05,30,1.00800002,1
707201300016686,110219868,2458856.704301307,58856.198680599999,19.7120895,0.113811195,0,zr,117.321263,36.907705800000002,0.453999996,-0.0729999989,20200108198657,707,0x1,0x3,20.2900009,26.13204,0.026666062,0.1025839,7.70191309e-06,30,1.35300004,1
707201300016686,110626902,2458860.7746716416,58860.269027800001,19.6681671,0.110221133,0,zr,117.3213908,36.907720300000001,0.437000006,-0.114,20200112269016,707,0x1,0x3,20.0200005,26.1639519,0.0326355062,0.0928032696,1.14412387e-05,30,1.06599998,1
707201300016686,110821523,2458862.7208764446,58862.215231499998,18.4651871,0.0447824672,0,zr,117.3212808,36.907754099999998,0.998000026,0.0189999994,20200114215220,707,0x1,0x3,20.8299999,26.1326237,0.0232815929,0.0968884379,5.76372622e-06,30,1.19700003,1
707201300016686,110830427,2458862.8099156846,58862.304270799999,19.1035271,0.0721855238,0,zr,117.3213171,36.907776900000002,0.419,-0.0549999997,20200114304271,707,0x1,0x3,20.8099995,26.1553745,0.0245799627,0.0977777988,6.42938949e-06,30,1.01600003,1
707201300016686,111024565,2458864.7512990064,58864.245659699998,18.9962959,0.0665538087,0,zr,117.3213147,36.907741999999999,0.50999999,-0.0829999968,20200116245648,707,0x1,0x3,21.5900002,26.1483936,0.0214681234,0.0917128772,4.94142023e-06,30,1.09099996,1
707201300016686,111326859,2458867.7742174328,58867.268599499999,18.4766846,0.0451595187,0,zr,117.3212904,36.907746600000003,0.65200001,0.00300000003,20200119268576,707,0x1,0x3,21.3999996,26.1540985,0.0208450537,0.0912172049,4.65125095e-06,30,1.03699994,1
707201300016686,111726849,2458871.774061237,58871.2684954,18.5658894,0.0482128561,0,zr,117.321298,36.907750100000001,0.755999982,0.0270000007,20200123268484,707,0x1,0x3,21.3199997,26.1614723,0.020628497,0.091204606,4.54137717e-06,30,1.02499998,1
707201300016686,111921228,2458873.7178108622,58873.2122801,18.8287945,0.0586491749,0,zr,117.32130770000001,36.907755100000003,1.005,-0.00800000038,20200125212269,707,0x1,0x3,21.4400005,26.1197796,0.0213462822,0.0900160819,4.85444207e-06,30,1.11199999,1
707201300016686,112024836,2458874.7538776156,58874.248368100001,18.6096878,0.049797941,0,zr,117.32133399999999,36.9077597,0.853999972,-0.0149999997,20200126248345,707,0x1,0x3,20.9500008,25.6564236,0.0249672439,0.0850225687,6.65048356e-06,30,1.03799999,1
707201300016686,112121744,2458875.7229300975,58875.217442100002,19.2905674,0.0831659585,0,zr,117.3213193,36.907776400000003,0.386000007,-0.0520000011,20200127217431,707,0x1,0x3,21.1299992,26.1346626,0.0218033735,0.0900069326,5.09823576e-06,30,1.08700001,1
707201300016686,112328456,2458877.7899971688,58877.284560200002,19.2875576,0.0829770863,0,zr,117.3212857,36.907747499999999,1.26999998,0.0140000004,20200129284560,707,0x1,0x3,20.8999996,26.1410217,0.0238487255,0.0990241989,6.08067148e-06,30,1.00800002,3
707201300016686,112418577,2458878.6911879932,58878.185775500002,18.9132862,0.0625053644,0,zr,117.32154749999999,36.907642899999999,0.44600001,0.0109999999,20200130185775,707,0x1,0x3,19.6900005,26.1304169,0.0377251953,0.102944113,1.56513506e-05,30,1.148,1
707201300016686,112427534,2458878.7807572214,58878.275347199997,19.1489105,0.0747113824,0,zr,117.32138759999999,36.907704299999999,0.681999981,-0.00499999989,20200130275312,707,0x1,0x3,20.6100006,26.1633148,0.0254316144,0.0927941874,6.87389638e-06,30,1.00899994,3
707201300016686,112527564,2458879.7810292928,58879.275648100003,18.3563366,0.0413903035,0,zr,117.32127319999999,36.9077439,0.816999972,0.0130000003,20200131275613,707,0x1,0x3,20.1900005,26.1601219,0.0311272312,0.0944685936,1.03833854e-05,30,1.00899994,3
707201300016686,112620616,2458880.7115219096,58880.206168999997,18.9347305,0.0635259822,0,zr,117.3213344,36.907761899999997,0.787999988,-0.0410000011,20200201206157,707,0x1,0x3,21.0400009,26.1517754,0.0220505055,0.0888850465,5.19926652e-06,30,1.08200002,1
707201300016686,112621447,2458880.7198318541,58880.214479200004,19.2814751,0.082596682,0,zr,117.3213133,36.907771699999998,0.74000001,0.0430000015,20200201214456,707,0x1,0x3,21.1800003,26.1459255,0.0212005004,0.0967394561,4.78757192e-06,30,1.06500006,3
707201300016686,112725936,2458881.7646826673,58881.2593634,18.4748306,0.0450984426,0,zr,117.32131269999999,36.907742300000002,0.458000004,-0.00300000003,20200202259363,707,0x1,0x3,21.0200005,26.1609116,0.0226311814,0.0949110836,5.467748e-06,30,1.01199996,3
707201300016686,112815497,2458882.6602661079,58882.154976899998,18.3406563,0.0409272462,0,zr,117.32138,36.907785199999999,1.04499996,-0.0390000008,20200203154931,707,0x1,0x3,20.0900002,26.1277409,0.0297340602,0.0996394604,9.45992542e-06,30,1.21899998,1
707201300016686,112821605,2458882.7213403499,58882.216053199998,18.8162079,0.0580967255,0,zr,117.3213844,36.907829100000001,0.391000003,0.273000002,20200203215995,707,0x1,0x3,19.0100002,26.1326618,0.0416526608,0.105978146,2.63997063e-05,30,1.05299997,3
707201300016686,112924457,2458883.7498228368,58883.244571800002,19.0360928,0.0685898513,0,zr,117.3213283,36.907775700000002,0.721000016,0.0350000001,20200204244537,707,0x1,0x3,20.0400009,26.1096668,0.0330000743,0.0985545367,1.16818701e-05,30,1.01800001,3
707201300016686,113017704,2458884.6822654409,58884.177048600002,19.305418,0.0841038898,0,zr,117.3213464,36.907446399999998,0.345999986,-0.0199999996,20200205177025,707,0x1,0x3,19.3600006,26.1378403,0.0408115275,0.0987793431,1.96070578e-05,30,1.12600005,1
707201300016686,113019150,2458884.6967208986,58884.191504599999,18.6396179,0.0509149134,0,zr,117.32139720000001,36.907812900000003,1.00600004,0.00600000005,20200205191493,707,0x1,0x3,19.6900005,26.136879,0.0360446759,0.104393102,1.38768892e-05,30,1.09000003,3
707201300016686,113118663,2458885.6918102135,58885.186631899996,18.797821,0.0572997704,0,zr,117.3213542,36.907761000000001,0.356999993,-0.0860000029,20200206186632,707,0x1,0x3,18.8099995,25.8859386,0.040255513,0.103844345,2.87387575e-05,30,1.09500003,1
707201300016686,113120329,2458885.7084762566,58885.203298599998,19.010376,0.0672669709,0,zr,117.32088829999999,36.9078534,0.754000008,0.202999994,20200206203299,707,0x1,0x3,19.1599998,26.0408478,0.0393766202,0.0914508998,2.07957837e-05,30,1.06099999,3
707201300016686,113315061,2458887.6557122786,58887.150613400001,18.9552116,0.0645170733,0,zr,117.3213538,36.907748699999999,0.907000005,-0.195999995,20200208150463,707,0x1,0x3,20.0100002,26.1559849,0.0344372578,0.100220591,1.31407051e-05,30,1.18400002,3
707201300016686,113618667,2458890.6916429121,58890.1866782,18.9602928,0.0647654682,0,zr,117.3211883,36.907778399999998,0.749000013,-0.00600000005,20200211186632,707,0x1,0x3,19.9300003,26.1317387,0.0362376012,0.0961839408,1.39769309e-05,30,1.06599998,3
707201300016686,113714015,2458891.645070238,58891.140150500003,18.6234741,0.0503089987,0,zr,117.32128849999999,36.907757500000002,0.689999998,-0.00899999961,20200212140127,707,0x1,0x3,21.2900009,26.1277714,0.0215053074,0.0954834148,4.95680524e-06,30,1.18200004,3
707201300016686,113828093,2458892.7858017557,58892.2809375,18.853508,0.0597502403,0,zr,117.3212887,36.907758299999998,0.509000003,0.057,20200213280938,707,0x1,0x3,21.0499992,26.1420536,0.0216489863,0.096258007,5.04113132e-06,30,1.02199996,1
707201300016686,113925739,2458893.7622110429,58893.257395799999,19.391716,0.0897535905,0,zr,117.32130960000001,36.907739200000002,0.879000008,-0.0500000007,20200214257350,707,0x1,0x3,21.6399994,26.1541843,0.0224164817,0.0894628167,5.33760522e-06,30,1.00999999,3
707201300016686,114021987,2458894.7246382912,58894.2198727,19.0880432,0.0713434219,0,zr,117.3212742,36.907750200000002,0.643999994,-0.00899999961,20200215219861,707,0x1,0x3,21.6100006,26.1503658,0.0209624637,0.0929991752,4.69037923e-06,30,1.01400006,3
707201300016686,114025016,2458894.7549260105,58894.250161999997,19.0706749,0.0704106465,0,zr,117.3212821,36.9077567,0.583000004,-0.0649999976,20200215250116,707,0x1,0x3,21.6599998,26.1489525,0.0207738057,0.0894901156,4.6677992e-06,30,1.00899994,1
707201300016686,114125798,2458895.762696676,58895.257986099998,19.3562355,0.0873891786,0,zr,117.3212743,36.907756599999999,0.563000023,0.0240000002,20200216257963,707,0x1,0x3,21.4799995,26.1501274,0.0204303432,0.0915258005,4.45864544e-06,30,1.01199996,3
707201300016686,114226663,2458896.7712875772,58896.266631899998,19.3489819,0.0869130418,0,zr,117.3212992,36.907733299999997,1.78999996,-0.0689999983,20200217266632,707,0x1,0x3,21.3500004,26.1473217,0.0215468649,0.0966472775,4.96185976e-06,30,1.01999998,3
707201300016686,114413894,2458898.6434968235,58898.138946799998,19.1680069,0.0758002028,0,zr,117.32130189999999,36.907761899999997,0.398000002,-0.0390000008,20200219138947,707,0x1,0x3,21.6399994,26.1252804,0.0216445737,0.0857149661,5.01343675e-06,30,1.12600005,1
707201300016686,114415018,2458898.6547345822,58898.1501852,19.2120094,0.0783688277,0,zr,117.32130890000001,36.907753800000002,0.465999991,-0.0549999997,20200219150104,707,0x1,0x3,21.6700001,26.1212521,0.0224669408,0.0903737321,5.41948839e-06,30,1.097,1
707201300016686,114416133,2458898.6658797455,58898.161331000003,19.4028549,0.0905079544,0,zr,117.3213125,36.907740400000002,0.162,0.0140000004,20200219161319,707,0x1,0x3,21.5900002,26.1340599,0.0212317389,0.0866825357,4.83575604e-06,30,1.07299995,3
707201300016686,114524043,2458899.744925498,58899.2404398,18.5063972,0.0461510718,0,zr,117.3213001,36.907753100000001,0.991999984,-0.0320000015,20200220240440,707,0x1,0x3,21.5699997,26.1515179,0.0208510384,0.0906446278,4.61631589e-06,30,1.00999999,3
707201300016686,114617137,2458900.6758073382,58900.171377300001,19.1037712,0.0721988976,0,zr,117.32136180000001,36.907756300000003,0.930999994,0.0540000014,20200221171366,707,0x1,0x3,20.6299992,25.6113987,0.0373467021,0.093325749,1.50063615e-05,30,1.04700005,3
707201300016686,114619290,2458900.6973338425,58900.192905099997,18.4215622,0.0433849543,32768,zr,117.3213205,36.907778499999999,0.377000004,0.0520000011,20200221192905,707,0x1,0x3,21.1000004,25.8978653,0.0273948405,0.0977234617,8.02740669e-06,30,1.02199996,1
707201300016686,114918398,2458903.6882237485,58903.183981499998,19.0906982,0.071487166,0,zr,117.321309,36.907746799999998,1.44000006,0.108000003,20200224183970,707,0x1,0x3,21.4599991,26.1321239,0.0219955128,0.0941203237,5.17020044e-06,30,1.02199996,1
707201300016686,114920396,2458903.7082108674,58903.203969900002,18.6130848,0.0499232933,0,zr,117.3212987,36.907762300000002,0.925000012,-0.0170000009,20200224203970,707,0x1,0x3,21.3799992,26.1319466,0.020277841,0.0948444456,4.40523672e-06,30,1.00999999,3
707201300016686,114920487,2458903.7091136086,58903.2048727,18.8657284,0.0603028126,0,zr,117.3212884,36.907760600000003,0.499000013,0.0500000007,20200224204873,707,0x1,0x3,21.5400009,26.1304932,0.021435257,0.0935178995,4.91293349e-06,30,1.00999999,1
707201300016686,115019521,2458904.699396546,58904.195219900001,19.3223305,0.0851841494,0,zr,117.3213176,36.907769500000001,0.414999992,-0.0329999998,20200225195174,707,0x1,0x3,21.4500008,26.1297913,0.0226989035,0.0923387483,5.47047239e-06,30,1.01300001,3
707201300016686,115119605,2458905.7001636811,58905.196053200001,19.2145481,0.0785195529,0,zr,117.3212972,36.907759300000002,0.796999991,0.0199999996,20200226196053,707,0x1,0x3,20.7299995,26.1370564,0.0251050517,0.0981747732,6.66754931e-06,30,1.01100004,3
707201300016686,115219842,2458906.7024689079,58906.198425900002,18.9567814,0.0645937026,0,zr,117.3213143,36.907754199999999,0.925999999,-0.0170000009,20200227198426,707,0x1,0x3,20.9699993,26.096262,0.0214890111,0.0899969041,4.87870511e-06,30,1.00899994,1
707201300016686,115219932,2458906.7033716459,58906.1993287,18.9828186,0.0658784881,0,zr,117.32130189999999,36.907753300000003,0.869000018,-0.0340000018,20200227199329,707,0x1,0x3,20.8099995,26.103241,0.0225279182,0.0899962187,5.4169418e-06,30,1.00899994,3
707201300016686,115512013,2458909.6239785315,58909.120138899998,18.7304878,0.0544807799,0,zr,117.3214112,36.9078205,1.21099997,0.180000007,20200301120127,707,0x1,0x3,19.6499996,26.1241493,0.0432426184,0.101738155,2.06482746e-05,30,1.097,1
707201300016686,115515298,2458909.6568234074,58909.152986100002,18.831852,0.0587842278,0,zr,117.32137400000001,36.907689599999998,0.917999983,0.474000007,20200301152951,707,0x1,0x3,19.4899998,26.1466351,0.0449342765,0.0878058448,2.35733842e-05,30,1.03799999,3
707201300016686,115718538,2458911.6890720548,58911.185381900003,18.6841736,0.0526299663,0,zr,117.3214163,36.907850199999999,0.898999989,0.0140000004,20200303185347,707,0x1,0x3,20.0699997,26.0097332,0.0290711541,0.0934359878,9.00876694e-06,30,1.00899994,3
707201300016686,115817495,2458912.6785705993,58912.1749537,18.8377495,0.0590456352,0,zr,117.32129930000001,36.907760799999998,0.670000017,0.0399999991,20200304174873,707,0x1,0x3,20.8500004,26.1430073,0.022079723,0.0881946385,5.23026483e-06,30,1.01199996,1
707201300016686,115817604,2458912.67965852,58912.176041699997,19.1361656,0.0739932656,0,zr,117.3213386,36.907775600000001,0.981000006,0.00999999978,20200304175949,707,0x1,0x3,20.7399998,26.148262,0.0243426375,0.0902795047,6.41826364e-06,30,1.01199996,3
707201300016686,116115755,2458915.6609479771,58915.157557899998,18.7577019,0.0556015596,0,zr,117.32133210000001,36.907748099999999,0.361000001,0.0170000009,20200307157512,707,0x1,0x3,20.4200001,26.1397781,0.0292411745,0.0949441418,9.09716346e-06,30,1.01699996,1
707201300016686,116116560,2458915.6689913501,58915.1656019,19.0674286,0.0702376738,0,zr,117.32126890000001,36.907789800000003,0.759000003,0.0949999988,20200307165602,707,0x1,0x3,20.3799992,26.1529713,0.0265100356,0.0895926952,7.52125197e-06,30,1.01300001,3
707201300016686,118417321,2458938.6746170609,58938.1732176,18.9367485,0.0636229366,0,zr,117.32131699999999,36.907755799999997,0.88499999,0,20200330173194,707,0x1,0x3,21.25,26.1026821,0.0209619887,0.091142647,4.66669189e-06,30,1.04200006,1
707201300016686,118515067,2458939.6519795801,58939.150671299998,19.4304295,0.0924003795,0,zr,117.3213647,36.907772000000001,0.930000007,-0.0790000036,20200331150660,707,0x1,0x3,20.8799992,26.0655365,0.0228205156,0.0935929865,5.53150221e-06,30,1.02100003,1
707201300016686,118517506,2458939.6763753882,58939.1750694,19.1270428,0.0734835193,0,zr,117.32128950000001,36.907777299999999,0.84799999,-0.00100000005,20200331175058,707,0x1,0x3,21.0200005,26.1058044,0.0222804453,0.0951267406,5.31101841e-06,30,1.04900002,3
707201300016686,118620119,2458940.7024020152,58940.201192100001,18.8105316,0.0578494594,32768,zr,117.3214782,36.907844400000002,0.407999992,0.0199999996,20200401201169,707,0x1,0x3,19.0599995,25.3574772,0.0585594885,0.0893118307,5.86874921e-05,30,1.10599995,3
707201300016686,119015376,2458944.6545987828,58944.153761599999,18.9641228,0.0649532825,0,zr,117.3213111,36.9077518,0.985000014,-0.122000001,20200405153750,707,0x1,0x3,20.4500008,26.1131916,0.027267931,0.0955507532,7.98379551e-06,30,1.03799999,3
707201300016686,119015469,2458944.6555361915,58944.1546991,18.6326656,0.0506529734,0,zr,117.32128350000001,36.907755700000003,0.349000007,0.061999999,20200405154676,707,0x1,0x3,20.5200005,26.1138649,0.0265115481,0.0919086561,7.59202749e-06,30,1.03999996,1
707201300016686,120019422,2458954.6941052517,58954.194224500003,19.1163044,0.0728879571,0,zr,117.3213141,36.907753900000003,0.818000019,0.0970000029,20200415194225,707,0x1,0x3,21.1399994,26.0825748,0.0216798242,0.0963864923,5.02070998e-06,30,1.204,3
707201300016686,120119958,2458955.6993682547,58955.199583299996,18.7379341,0.054785002,0,zr,117.3213185,36.907756999999997,0.342999995,0.00300000003,20200416199583,707,0x1,0x3,21.3299999,26.1065941,0.0227931682,0.094127655,5.5248106e-06,30,1.23699999,1
707201300016686,120120048,2458955.7002709676,58955.200486100002,18.9008846,0.0619229078,0,zr,117.3213078,36.9077567,0.731999993,-0.0649999976,20200416200486,707,0x1,0x3,21.2800007,26.1054096,0.0227952115,0.0956976712,5.53340624e-06,30,1.24100006,3
707201300016686,120215763,2458956.6573326909,58956.157638899997,19.0566483,0.069666259,0,zr,117.3212996,36.907756499999998,0.523000002,-0.0549999997,20200417157627,707,0x1,0x3,21.4099998,26.1130867,0.0212012175,0.0921867564,4.80756125e-06,30,1.10699999,3
707201300016686,121023710,2458964.7360385829,58964.237106499997,19.1007996,0.0720364824,0,zr,117.3212971,36.907730800000003,0.742999971,0.00499999989,20200425237106,707,0x1,0x3,21.0200005,26.0138626,0.0235129111,0.0993913934,5.87348677e-06,30,1.65499997,3
707201300016686,121216398,2458966.6627349546,58966.163981500002,18.9902992,0.0662524626,0,zr,117.32131750000001,36.907741299999998,0.479000002,0.050999999,20200427163912,707,0x1,0x3,21.0499992,26.0237312,0.0243043508,0.095060356,6.39904101e-06,30,1.21399999,3
707201300016686,121915781,2458973.6559318779,58973.157812500001,20.2092972,0.160338372,0,zr,117.3213212,36.9077433,0.370000005,-0.130999997,20200504157812,707,0x1,0x3,20.8199997,26.0999928,0.0269486681,0.0961547196,7.77490914e-06,30,1.27100003,1
707201300016686,122222530,2458976.7231508316,58976.225300899998,19.5538406,0.101312235,0,zr,117.32129759999999,36.907749699999997,0.903999984,0.136000007,20200507225301,707,0x1,0x3,20.0400009,26.0530396,0.0326645896,0.0996904373,1.13084634e-05,30,1.903,1
707201300016686,123316677,2458987.6637155302,58987.166770800002,19.6660576,0.110050999,0,zr,117.3213387,36.907706699999999,0.549000025,-0.0469999984,20200518166759,707,0x1,0x3,20.7800007,26.1008377,0.0248200577,0.099277854,6.5810018e-06,30,1.58299994,1
707201300016686,124416405,2458998.6601966284,58998.164050899999,19.2916222,0.0832322612,0,zr,117.32136300000001,36.907742399999997,0.606000006,0.153999999,20200529164039,707,0x1,0x3,20.2999992,26.0290546,0.0299511161,0.104026869,9.52429764e-06,30,1.88699996,2
707201300016686,124416899,2458998.6651384924,58998.1689931,19.8513775,0.125801116,0,zr,117.32134120000001,36.907710199999997,0.949000001,-0.0729999989,20200529168993,707,0x1,0x3,20.5499992,26.0255833,0.0276257433,0.102780536,8.048175e-06,30,1.95700002,2
707201300016686,124417393,2458998.6700802539,58998.1739352,19.9348602,0.133412033,0,zr,117.321268,36.907699299999997,0.829999983,-0.133000001,20200529173935,707,0x1,0x3,20.5400009,26.028923,0.0296813101,0.107571021,9.23156767e-06,30,2.03299999,2
707201300016686,124417887,2458998.6750220242,58998.178877300001,20.155014,0.154819369,0,zr,117.32135719999999,36.907679399999999,0.647000015,-0.115000002,20200529178877,707,0x1,0x3,20.5400009,26.0199699,0.0271768309,0.103877626,7.72925705e-06,30,2.11599994,2
707201300016686,125016509,2459004.6608593408,59004.1650926,19.0217667,0.0678497106,0,zr,117.3213353,36.907738500000001,0.307000011,-0.050999999,20200604164653,707,0x1,0x3,19.3999996,25.9755726,0.0422356538,0.111647084,2.14241172e-05,30,2.16100001,2
707201300016686,125016993,2459004.6656970405,59004.169930600001,19.332325,0.0858286768,0,zr,117.3212071,36.907695099999998,0.871999979,-0.130999997,20200604169896,707,0x1,0x3,19.5699997,25.9308681,0.043041274,0.10643699,2.08841011e-05,30,2.25500011,2
707201300016686,125017476,2459004.670534641,59004.174768500001,19.4279346,0.092227675,0,zr,117.32108719999999,36.907628199999998,0.829999983,0.109999999,20200604174734,707,0x1,0x3,19.7099991,25.9474602,0.0384635143,0.106097035,1.65038346e-05,30,2.35700011,2
707201300016686,125017959,2459004.6753607639,59004.179594900001,19.4080849,0.0908641294,0,zr,117.32135390000001,36.9077439,0.739000022,0,20200604179572,707,0x1,0x3,19.8099995,25.9285908,0.040421918,0.108344048,1.7640532e-05,30,2.46799994,2
707201300016686,132749692,2459081.9924978395,59081.4969213,18.8438606,0.0593177974,0,zr,117.32129070000001,36.907725300000003,0.490999997,-0.0340000018,20200820496910,707,0x1,0x3,20.3999996,25.5921478,0.0304402877,0.109262183,9.80412551e-06,30,2.32800007,2
707201300016686,132750186,2459081.997440218,59081.501863400001,19.2659492,0.0816331208,0,zr,117.3213743,36.9078023,0.423000008,0.0320000015,20200820501852,707,0x1,0x3,20.4400005,25.6269245,0.0320580453,0.112312838,1.10438214e-05,30,2.227,2
707201300016686,132750681,2459082.0023941952,59081.506817100002,19.3490067,0.0869146064,0,zr,117.3213769,36.907720699999999,0.981999993,-0.0399999991,20200820506794,707,0x1,0x3,20.2299995,25.6530075,0.0342923701,0.116646409,1.25543756e-05,30,2.13400006,2
707201300016686,132751175,2459082.0073366789,59081.511759300003,18.9721375,0.0653482825,0,zr,117.32130770000001,36.907754099999998,0.832000017,-0.0260000005,20200820511748,707,0x1,0x3,19.6700001,25.6613827,0.0393986888,0.124088883,1.75481255e-05,30,2.04999995,2
707201300016686,132949376,2459083.9894516449,59083.493761600002,19.38834,0.0895261094,0,zr,117.32129810000001,36.907840999999998,0.666999996,-0.0719999969,20200822493762,707,0x1,0x3,20.0599995,25.3703175,0.040093001,0.121984258,1.71238444e-05,30,2.27900004,2
707201300016686,132949864,2459083.9943361292,59083.498645799998,19.8700581,0.127477318,0,zr,117.3212939,36.907696100000003,0.714999974,-0.279000014,20200822498646,707,0x1,0x3,20.3099995,25.410038,0.0359912664,0.108499743,1.37926581e-05,30,2.18400002,2
707201300016686,132950843,2459084.0041284035,59083.508437500001,19.2315235,0.0795349032,0,zr,117.3214394,36.907735799999998,1.22899997,0.215000004,20200822508438,707,0x1,0x3,20.0699997,25.4995308,0.0373154134,0.110748827,1.48069248e-05,30,2.01600003,2
707201300016686,133149509,2459085.9909015438,59085.495092600002,19.2270317,0.0792649984,0,zr,117.3212309,36.907779099999999,0.508000016,0.057,20200824495046,707,0x1,0x3,20.8700008,25.8299713,0.0249308441,0.111564912,6.57392184e-06,30,2.14899993,2
707201300016686,133150004,2459085.9958555456,59085.500046300003,19.6205139,0.106431037,0,zr,117.3212838,36.907740500000003,0.583999991,0.107000001,20200824500012,707,0x1,0x3,20.7800007,25.8494339,0.0254152119,0.105560534,6.88950649e-06,30,2.06299996,2
707201300016686,133150499,2459086.0008095535,59085.504999999997,19.8546047,0.126089558,0,zr,117.32120620000001,36.9076977,0.773000002,-0.0280000009,20200824504954,707,0x1,0x3,20.7299995,25.8735256,0.0269812252,0.105306275,7.70279985e-06,30,1.98399997,2
707201300016686,133150995,2459086.0057635549,59085.509953699999,19.8708954,0.127552792,0,zr,117.3213619,36.907796500000003,0.853999972,-0.0769999996,20200824509907,707,0x1,0x3,20.3199997,25.8958244,0.0285001826,0.100460157,8.65917082e-06,30,1.91199994,2
707201300016686,133349846,2459087.9943935578,59087.4984606,19.417448,0.0915049836,0,zr,117.3213466,36.907747100000002,1.03799999,-0.296000004,20200826498414,707,0x1,0x3,20.4599991,25.7184124,0.0299886968,0.113691561,9.56526219e-06,30,2.00099993,2
707201300016686,133350343,2459087.9993707775,59087.503437500003,18.9433327,0.0639402941,0,zr,117.32132060000001,36.9077251,0.326000005,-0.0140000004,20200826503391,707,0x1,0x3,20.5699997,25.7305813,0.0278251003,0.107622959,8.23733535e-06,30,1.92700005,2
707201300016686,133350840,2459088.0043364018,59087.508402799998,19.2885132,0.0830370337,0,zr,117.32121549999999,36.907742900000002,0.708000004,0.075000003,20200826508368,707,0x1,0x3,20.4300003,25.7645187,0.0287210364,0.108508945,8.79633444e-06,30,1.85800004,2
707201300016686,133550609,2459090.0021616081,59089.506099500002,19.5451431,0.100660279,0,zr,117.3213702,36.907590399999997,1.08000004,-0.151999995,20200828506053,707,0x1,0x3,19.6100006,25.8894272,0.0402957313,0.118745483,1.92870757e-05,30,1.81799996,2
707201300016686,133551113,2459090.0071967519,59089.511134300003,19.0251923,0.0680259168,0,zr,117.32127,36.907700300000002,0.44600001,-0.023,20200828511088,707,0x1,0x3,19.6000004,25.9246559,0.0421245024,0.0986687243,2.07920948e-05,30,1.75699997,2
707201300016686,133551615,2459090.0122201848,59089.516157400001,19.1538277,0.074990198,0,zr,117.32129620000001,36.907704299999999,0.60799998,-0.215000004,20200828516123,707,0x1,0x3,19.5499992,25.929121,0.0403098054,0.112940863,2.03421896e-05,30,1.70099998,2
707201300016686,133749865,2459091.9948523566,59091.4986574,18.8813057,0.0610150471,0,zr,117.3213396,36.907751599999997,0.465999991,-0.0260000005,20200830498611,707,0x1,0x3,21.1200008,26.082222,0.0216426291,0.102403738,5.12287306e-06,30,1.84300005,2
707201300016686,133750356,2459091.9997600946,59091.503564799998,19.6397285,0.107946128,0,zr,117.3213231,36.907739399999997,1.33200002,-0.0140000004,20200830503519,707,0x1,0x3,21.0200005,26.0894413,0.0230106544,0.101458319,5.80810593e-06,30,1.78199995,2
707201300016686,133750847,2459092.0046678344,59091.508472200003,19.2527199,0.0808205605,0,zr,117.3212808,36.907733100000002,0.791999996,-0.063000001,20200830508438,707,0x1,0x3,20.8600006,26.100523,0.022734765,0.101508915,5.68828864e-06,30,1.72500002,2
707201300016686,133751339,2459092.0095871668,59091.513391200002,19.0668716,0.0702079907,0,zr,117.3213804,36.907715899999999,0.174999997,-0.00499999989,20200830513356,707,0x1,0x3,20.5599995,26.1039543,0.0251177847,0.104070731,6.92406229e-06,30,1.67299998,2
707201300016686,134246020,2459096.9567532926,59096.460208299999,19.1473579,0.0746234879,0,zr,117.3213638,36.907691700000001,0.481999993,0.0149999997,20200904460185,707,0x1,0x3,20.0200005,25.9770088,0.0334511735,0.106024869,1.21857665e-05,30,2.24000001,1
707201300016686,134348344,2459097.9800695893,59097.4834491,19.3330097,0.0858729705,32768,zr,117.32140800000001,36.907814199999997,0.35800001,-0.0359999985,20200905483449,707,0x1,0x3,19.7299995,25.909132,0.052016139,0.107050791,3.02588742e-05,30,1.82799995,3
707201300016686,136049894,2459114.9969625613,59114.498946799999,18.8366547,0.0589969791,0,zr,117.3213252,36.9077579,0.442000002,0.0560000017,20200922498947,707,0x1,0x3,21.1499996,26.0188904,0.022542147,0.100088947,5.45584408e-06,30,1.31099999,3
707201300016686,136451160,2459119.0099847275,59118.5116088,19.9589157,0.135661021,0,zr,117.321285,36.907758600000001,0.591000021,-0.00300000003,20200926511597,707,0x1,0x3,21.5400009,26.1393471,0.0222727396,0.0935700461,5.23213157e-06,30,1.204,3
707201300016686,136650983,2459121.008396497,59120.509837999998,19.4850426,0.0962545052,0,zr,117.3212917,36.907719,1.16900003,-0.136000007,20200928509838,707,0x1,0x3,21.2099991,26.1279411,0.0224423651,0.0964439809,5.28435521e-06,30,1.19000006,3
707201300016686,136651265,2459121.0112092528,59120.512650500001,20.2450638,0.164011627,0,zr,117.32137350000001,36.907783999999999,1.47000003,0.00300000003,20200928512639,707,0x1,0x3,21.2199993,26.136982,0.0213415809,0.0999473855,4.79789514e-06,30,1.17999995,1
707201300016686,136747596,2459121.9746080255,59121.475960600001,19.2827301,0.0826750472,0,zr,117.32129310000001,36.907731699999999,0.651000023,0.0790000036,20200929475961,707,0x1,0x3,20.9500008,26.07757,0.0246175732,0.0980009511,6.39070868e-06,30,1.33200002,3
707201300016686,136851037,2459123.0091135502,59122.510370399999,18.8917732,0.0614986718,0,zr,117.321332,36.907756800000001,1.00399995,-0.0920000002,20200930510370,707,0x1,0x3,20.7700005,26.0784302,0.0243789274,0.0988929197,6.45362115e-06,30,1.16900003,1
707201300016686,137039567,2459124.8945899047,59124.395671300001,19.3540688,0.0872467235,0,zr,117.3212784,36.907751500000003,1.05700004,0.0439999998,20201002395509,707,0x1,0x3,20.1399994,25.9844475,0.0341174714,0.107367687,1.24335465e-05,30,2.02900004,1
707201300016686,137047431,2459124.9732431271,59124.474317100001,19.64991,0.10875605,0,zr,117.3213468,36.907780600000002,0.389999986,-0.0250000004,20201002474317,707,0x1,0x3,20.5799999,26.114275,0.027090745,0.100865394,7.95447886e-06,30,1.29799998,3
707201300016686,137047525,2459124.9741807198,59124.475254600002,20.0139694,0.140897274,0,zr,117.321275,36.907735799999998,0.79400003,-0.169,20201002475255,707,0x1,0x3,20.6299992,26.1114597,0.0253156126,0.0963508189,6.95512608e-06,30,1.29299998,1
707201300016686,137149712,2459125.9961514748,59125.4971296,19.740736,0.116202526,0,zr,117.3213123,36.9077457,1.08099997,-0.0430000015,20201003497106,707,0x1,0x3,20.7800007,26.1411572,0.0243548509,0.0952328965,6.37160929e-06,30,1.18700004,3
707201300016686,137252564,2459127.0247667166,59126.525648100003,19.7648983,0.118249811,0,zr,117.3212997,36.907736499999999,0.556999981,-0.119000003,20201004525625,707,0x1,0x3,20.6299992,26.1235752,0.0249272492,0.101143084,7.34550076e-06,30,1.09500003,3
707201300016686,137350413,2459128.0033428273,59127.504131900001,19.2594337,0.0812319443,32768,zr,117.3213471,36.907767200000002,0.88499999,0.0170000009,20201005504132,707,0x1,0x3,20.3999996,25.9559937,0.0726268739,0.104813419,6.21073195e-05,30,1.14499998,3
707201300016686,137450546,2459129.004768705,59128.505463000001,19.868206,0.12731038,0,zr,117.32123249999999,36.907745200000001,0.624000013,0.0729999989,20201006505451,707,0x1,0x3,20.4699993,26.0707722,0.0287409518,0.100186862,8.97615701e-06,30,1.13300002,1
707201300016686,137450781,2459129.0071184281,59128.5078125,19.1004486,0.0720173344,0,zr,117.32125569999999,36.9077749,0.920000017,-0.063000001,20201006507801,707,0x1,0x3,20.5300007,25.9822502,0.0276753567,0.094057098,8.29715191e-06,30,1.12699997,3
707201300016686,137550230,2459130.001703498,59129.502303200003,20.3363247,0.173474669,0,zr,117.3213602,36.907723900000001,0.523999989,-0.0799999982,20201007502303,707,0x1,0x3,21.0400009,26.1501541,0.0244639777,0.0940592885,6.41395309e-06,30,1.13499999,3
707201300016686,137647060,2459130.9700943031,59130.4706019,19.283556,0.0827265903,0,zr,117.3213026,36.907783500000001,0.757000029,0.00100000005,20201008470602,707,0x1,0x3,20.7299995,26.1401253,0.0235778503,0.0996138155,6.00374506e-06,30,1.23800004,3
707201300016686,137647246,2459130.9719578838,59130.472465300001,19.3289032,0.0856074542,0,zr,117.3212776,36.9077573,0.726999998,-0.0810000002,20201008472465,707,0x1,0x3,20.6800003,26.143507,0.0239430293,0.100020982,6.1387932e-06,30,1.23000002,1
707201300016686,138050310,2459135.0029797987,59134.503101900002,19.1118412,0.0726418346,0,zr,117.3213215,36.907744200000003,0.947000027,-0.0149999997,20201012503044,707,0x1,0x3,20.8700008,26.1281452,0.0228293613,0.102706507,5.68500536e-06,30,1.097,3
707201300016686,138148651,2459135.9864884028,59135.486516199999,19.996603,0.139232561,0,zr,117.321377,36.907771599999997,0.989000022,-0.100000001,20201013486505,707,0x1,0x3,21.2700005,26.117733,0.0223983731,0.0998449624,5.48493244e-06,30,1.13300002,1
707201300016686,138148745,2459135.9874259974,59135.4874537,19.4501038,0.0937725306,0,zr,117.32131510000001,36.907728900000002,1.09300005,-0.144999996,20201013487454,707,0x1,0x3,21.3999996,26.1322155,0.0198782422,0.0926104188,4.31880107e-06,30,1.13,3
707201300016686,138248107,2459136.981144059,59136.481076399999,20.4951935,0.189955741,0,zr,117.3212831,36.9077269,0.244000003,-0.0320000015,20201014481065,707,0x1,0x3,21.4099998,26.1472797,0.0225398615,0.0961390361,5.32011927e-06,30,1.14100003,3
707201300016686,138348855,2459137.9887175881,59137.488553199997,20.2871876,0.168367058,0,zr,117.3213574,36.907728400000003,1.47399998,-0.165000007,20201015488542,707,0x1,0x3,21.3299999,26.082325,0.021018872,0.096906133,4.6990649e-06,30,1.11300004,3
707201300016686,138548695,2459139.987312254,59139.486956000001,19.2232628,0.0790392607,0,zr,117.321274,36.907748599999998,1.24899995,-0.0799999982,20201017486956,707,0x1,0x3,21.2900009,25.9468403,0.0227304008,0.100866206,5.47247373e-06,30,1.10300004,1
707201300016686,138548789,2459139.9882498407,59139.487893500002,19.3210106,0.0850993916,0,zr,117.3213257,36.907775100000002,0.674000025,0.0250000004,20201017487894,707,0x1,0x3,21.3400002,25.9455738,0.0230114609,0.098320812,5.61358456e-06,30,1.10099995,3
707201300016686,138653840,2459141.038859942,59140.538402799997,19.1211777,0.0731576309,0,zr,117.3213172,36.907739599999999,1.38900006,-0.0879999995,20201018538403,707,0x1,0x3,20.8600006,26.1264553,0.0236905795,0.0979787931,5.94363928e-06,30,1.01900005,3
707201300016686,138748969,2459141.9902474019,59141.489699099999,19.4732037,0.0954069346,0,zr,117.32132729999999,36.907753599999999,1.43499994,0.00899999961,20201019489699,707,0x1,0x3,21.5499992,26.1431847,0.0197406802,0.0937903672,4.22014045e-06,30,1.08399999,1
707201300016686,138749109,2459141.9916479406,59141.491099500003,19.5682487,0.102400221,0,zr,117.321281,36.9077761,0.745999992,0.0309999995,20201019491100,707,0x1,0x3,21.7000008,26.1472435,0.0207936279,0.0939366221,4.68948929e-06,30,1.08099997,3
707201300016686,138852697,2459143.0276268143,59142.526979200004,18.9189339,0.0627724528,0,zr,117.32130669999999,36.907738899999998,1.11099994,0.0329999998,20201020526979,707,0x1,0x3,21.7299995,26.1467342,0.0220684074,0.0888704583,5.13752457e-06,30,1.02400005,3
707201300016686,138947712,2459143.977868007,59143.477129600004,19.1192436,0.0730504543,0,zr,117.3213147,36.907727000000001,1.54499996,-0.0419999994,20201021477118,707,0x1,0x3,21.4400005,26.1431332,0.0217948258,0.0979643017,5.13714213e-06,30,1.10000002,3
707201300016686,139044462,2459144.9454602958,59144.444629600002,18.9603252,0.0647670403,0,zr,117.32129879999999,36.9077591,0.771000028,-0.0209999997,20201022444630,707,0x1,0x3,21.6700001,26.133461,0.0217539109,0.0952932462,5.03796809e-06,30,1.18900001,3
707201300016686,139149103,2459145.9919604375,59145.491030099998,18.9260387,0.06311021,0,zr,117.3213169,36.907753700000001,0.389999986,-0.0130000003,20201023491030,707,0x1,0x3,21.6000004,26.1086674,0.0206376128,0.0985079631,4.55608779e-06,30,1.06099999,1
707201300016686,139149196,2459145.9928980293,59145.491967599999,19.2906685,0.0831723213,0,zr,117.32128849999999,36.907760500000002,0.61500001,0.0320000015,20201023491968,707,0x1,0x3,21.7000008,26.114996,0.0212117415,0.0923382938,4.83216309e-06,30,1.05900002,3
707201300016686,139539310,2459149.8944011121,59149.393101900001,19.3202744,0.0850521028,0,zr,117.3212547,36.907848899999998,0.855000019,-0.0240000002,20201027393102,707,0x1,0x3,20.3400002,26.0810795,0.0295412969,0.102578975,9.36149991e-06,30,1.36899996,3
707201300016686,139648931,2459150.9907191405,59150.4893171,19.6110878,0.105694339,0,zr,117.321308,36.907756399999997,0.776000023,-0.0710000023,20201028489317,707,0x1,0x3,21.5300007,26.2014503,0.0194144025,0.0885522515,4.05988203e-06,30,1.04200006,3
707201300016686,139751020,2459152.0117056575,59151.510208300002,19.8686676,0.127352059,0,zr,117.32125189999999,36.907786899999998,0.550000012,0.0529999994,20201029510174,707,0x1,0x3,21.0400009,26.1940956,0.0225515272,0.10178595,5.46255296e-06,30,1.01800001,1
707201300016686,139751774,2459152.0192411589,59151.517743099997,18.9624023,0.0648688376,0,zr,117.3212719,36.907764700000001,1.09200001,-0.0909999982,20201029517743,707,0x1,0x3,21.0200005,26.2109699,0.020638179,0.0893062577,4.54431347e-06,30,1.01300001,3
707201300016686,139845289,2459152.9544784641,59152.452893499998,20.238575,0.163343444,0,zr,117.3213073,36.9076886,0.787999988,-0.125,20201030452894,707,0x1,0x3,20.3099995,26.1919231,0.0283143334,0.0987356305,8.63072546e-06,30,1.10000002,3
707201300016686,139947651,2459153.9781959066,59153.476516199997,19.4372425,0.0928734615,0,zr,117.3212791,36.907710999999999,0.75999999,0.0930000022,20201031476458,707,0x1,0x3,20.7999992,26.198061,0.0234308522,0.096426785,5.91023081e-06,30,1.04900002,1
707201300016686,140145402,2459155.9558891277,59155.454027799999,19.124485,0.0733412132,0,zr,117.3213069,36.907750999999998,0.995000005,0.0649999976,20201102454028,707,0x1,0x3,20.8299999,26.1897049,0.0252395403,0.0927939415,6.87563261e-06,30,1.079,3
707201300016686,140251428,2459157.016240322,59156.5142824,19.5503216,0.101048015,0,zr,117.32137,36.907687500000002,0.922999978,-0.0900000036,20201103514248,707,0x1,0x3,20.7399998,26.1942787,0.0234709885,0.0959408283,5.92848346e-06,30,1.00899994,3
707201300016686,140251521,2459157.0171779068,59156.5152199,19.3262711,0.0854376778,0,zr,117.321383,36.907766100000003,0.493000001,0.0149999997,20201103515220,707,0x1,0x3,20.7999992,26.1852493,0.0250167735,0.0962422565,6.72938677e-06,30,1.00899994,1
707201300016686,140347658,2459157.978630648,59157.476585600001,20.1973076,0.15911305,0,zr,117.3214284,36.907716000000001,0.704999983,-0.0370000005,20201104476574,707,0x1,0x3,20.3899994,26.1816463,0.0262610335,0.0953299105,7.32462559e-06,30,1.03400004,3
707201300016686,140438457,2459158.8866985627,59158.384571800001,19.0596123,0.0698229223,0,zr,117.32112360000001,36.9076977,0.312000006,0.0270000007,20201105384352,707,0x1,0x3,19.6800003,26.1391697,0.0375408679,0.108632952,1.53109359e-05,30,1.28199995,1
707201300016686,140438848,2459158.8906108993,59158.388483800001,18.9202843,0.0628365204,0,zr,117.3213595,36.9077384,0.693000019,-0.0500000007,20201105388472,707,0x1,0x3,19.9699993,26.1479492,0.0323579833,0.102017313,1.11721856e-05,30,1.26400006,3
707201300016686,140951127,2459164.0138518186,59163.511273099997,20.2354965,0.16302672,0,zr,117.3213068,36.9077664,0.950999975,-0.0930000022,20201110511262,707,0x1,0x3,21.5,26.2057037,0.02002386,0.0903509855,4.3604864e-06,30,1.00899994,3
707201300016686,141051652,2459165.0191930104,59164.516527799999,20.5408058,0.194225788,0,zr,117.3212855,36.9076947,1.14600003,0.219999999,20201111516493,707,0x1,0x3,21.4300003,26.2019176,0.019409759,0.0927301049,4.09124505e-06,30,1.01100004,3
707201300016686,141142396,2459165.9267125074,59165.423969900003,18.9274158,0.0631758869,0,zr,117.3213044,36.907746299999999,0.164000005,-0.00600000005,20201112423958,707,0x1,0x3,21.5200005,26.1712284,0.0199314672,0.0948030949,4.24924701e-06,30,1.08500004,1
707201300016686,141142489,2459165.927638487,59165.424895800003,19.3341484,0.0859467164,0,zr,117.3213023,36.9077713,0.86500001,-0.101000004,20201112424896,707,0x1,0x3,21.3999996,26.1866894,0.0198149551,0.0945452005,4.23405027e-06,30,1.08299994,3
707201300016686,141252528,2459167.0281251227,59166.5252894,20.8405724,0.222092748,0,zr,117.3213093,36.907806999999998,0.828999996,-0.0350000001,20201113524931,707,0x1,0x3,21.6200008,26.1829834,0.0232428014,0.0935797095,5.85151793e-06,30,1.01900005,3
707201300016686,141349608,2459167.9990049717,59167.496088,19.6392479,0.107907929,0,zr,117.3212583,36.907778100000002,1.06599998,0.061999999,20201114496088,707,0x1,0x3,20.8500004,26.199852,0.0213460252,0.0957724825,4.91400124e-06,30,1.00800002,3
707201300016686,141443312,2459168.9361196221,59168.433125000003,18.9037514,0.0620570444,0,zr,117.32129860000001,36.9077555,0.354000002,0.00499999989,20201115433113,707,0x1,0x3,21.1299992,26.1923294,0.0205237139,0.0968582556,4.50357902e-06,30,1.05299997,3
707201300016686,141443405,2459168.9370455993,59168.434050900003,18.6630592,0.0518093407,0,zr,117.32129209999999,36.907733899999997,0.99000001,-0.0379999988,20201115434051,707,0x1,0x3,21.0100002,26.1958599,0.0228831656,0.094308123,5.61804882e-06,30,1.051,1
707201300016686,141551077,2459170.0138585144,59169.510775499999,19.2374687,0.0798935518,0,zr,117.3212755,36.907779400000003,1.11699998,0.0930000022,20201116510775,707,0x1,0x3,20.9099998,26.2003193,0.0217150506,0.0959314927,5.04276068e-06,30,1.01499999,3
707201300016686,141640565,2459170.9088152847,59170.405659700002,19.5260925,0.099244982,0,zr,117.321333,36.907769500000001,1.87199998,0.0500000007,20201117405660,707,0x1,0x3,21.3199997,26.1878624,0.0210585352,0.0962009653,4.74459284e-06,30,1.09500003,3
707201300016686,141641359,2459170.9167557303,59170.413599500003,19.3077717,0.084253408,0,zr,117.3213186,36.907752700000003,0.458999991,-0.0419999994,20201117413600,707,0x1,0x3,21.2700005,26.1963387,0.0200911239,0.0904439539,4.30334194e-06,30,1.07799995,1
707201300016686,141746846,2459171.9717014693,59171.468460600001,19.0331421,0.0684367418,0,zr,117.32129519999999,36.907750200000002,0.992999971,-0.0439999998,20201118468391,707,0x1,0x3,21.4699993,26.1948624,0.0218564644,0.0921958685,5.13130772e-06,30,1.01100004,3
707201300016686,141940534,2459173.9087406453,59173.405347200001,19.0681229,0.0702746063,32768,zr,117.32137350000001,36.907789600000001,0.458999991,-0.175999999,20201120405347,707,0x1,0x3,19.5200005,24.3532677,0.180127189,0.113432392,0.000449159008,30,1.07799995,3
707201300016686,142146932,2459175.972880662,59175.469328699997,19.2105083,0.078279838,32768,zr,117.3213298,36.907790499999997,0.449999988,0.0469999984,20201122469201,707,0x1,0x3,20.7800007,25.2092152,0.0305709634,0.0945168585,1.01451596e-05,30,1.00800002,1
707201300016686,142242437,2459176.9279987989,59176.424375000002,19.4232292,0.0919027776,0,zr,117.32131769999999,36.907769700000003,0.721000016,-0.0540000014,20201123424363,707,0x1,0x3,21.5,26.1768417,0.0212778915,0.0931213051,4.84460134e-06,30,1.03499997,3
707201300016686,142346974,2459177.9734467347,59177.469745399998,20.6915493,0.208239198,0,zr,117.32126820000001,36.907842100000003,0.426999986,-0.108999997,20201124469676,707,0x1,0x3,21.2999992,26.2112923,0.0224665403,0.0897880197,6.22252628e-06,30,1.00800002,1
707201300016686,142537394,2459179.8777862471,59179.373946799999,18.8741207,0.0606854372,0,zr,117.3212643,36.907769799999997,0.574000001,-0.00400000019,20201126373947,707,0x1,0x3,20.4799995,26.1846008,0.0251630042,0.0957314223,6.77610205e-06,30,1.11300004,3
707201300016686,142746447,2459181.9684656127,59181.464479200004,18.7214966,0.0541159585,0,zr,117.321276,36.907766899999999,0.291999996,-0.0189999994,20201128464352,707,0x1,0x3,20.8700008,26.1988506,0.0232448429,0.101411402,5.87498425e-06,30,1.00899994,3
707201300016686,142844387,2459182.947930797,59182.4438773,19.7055702,0.113272548,0,zr,117.321333,36.9077561,0.48300001,-0.0149999997,20201129443831,707,0x1,0x3,20.7199993,26.191906,0.0244588628,0.0956097394,6.49153753e-06,30,1.00899994,1
707201300016686,143048181,2459184.986006509,59184.481817100001,19.1842957,0.0767413005,0,zr,117.32130789999999,36.907755299999998,0.898000002,-0.0769999996,20201201481794,707,0x1,0x3,20.4599991,26.1888943,0.0267105531,0.0945923701,7.70110455e-06,30,1.023,1
707201300016686,143138873,2459185.8929866459,59185.388738399997,20.0770626,0.147041455,0,zr,117.3213035,36.907779599999998,0.681999981,0.217999995,20201202388738,707,0x1,0x3,20.3099995,26.1968498,0.0289530754,0.0856586099,9.00642499e-06,30,1.04900002,3
707201300016686,143435961,2459188.8640518244,59188.359618100003,20.4599323,0.186326444,0,zr,117.3213507,36.907978499999999,0.721000016,0.00800000038,20201205359618,707,0x1,0x3,20.6800003,26.2018642,0.0235717129,0.0948826522,6.00231488e-06,30,1.08800006,3
707201300016686,143436733,2459188.8717721989,59188.367337999996,19.3212643,0.085115619,0,zr,117.32131769999999,36.907747000000001,0.229000002,0.0250000004,20201205367303,707,0x1,0x3,20.6800003,26.2012882,0.0231552087,0.0970976427,5.77705987e-06,30,1.07200003,1
707201300016686,143534412,2459189.848613068,59189.344120399997,19.3305016,0.0857107192,0,zr,117.32131029999999,36.907745499999997,0.763000011,0.0189999994,20201206344109,707,0x1,0x3,21,26.1895752,0.0215229522,0.0923504457,4.99804719e-06,30,1.11899996,2
707201300016686,143534504,2459189.8495390234,59189.345046299997,19.8821907,0.128574446,0,zr,117.32131219999999,36.907736800000002,0.799000025,0.0149999997,20201206345046,707,0x1,0x3,20.9200001,26.2013798,0.0216764845,0.0925235227,5.03900492e-06,30,1.11699998,3
707201300016686,143844209,2459192.9467646005,59192.442094899998,19.4009495,0.0903784484,32768,zr,117.3213047,36.907752100000003,0.833000004,-0.225999996,20201209442095,707,0x1,0x3,19.9799995,25.5846672,0.0367549099,0.0869896933,1.46949706e-05,30,1.01199996,2
707201300016686,143930510,2459193.8098208099,59193.305104200001,19.0632973,0.070018135,0,zr,117.3213124,36.907770999999997,1.15400004,0.0729999989,20201210305093,707,0x1,0x3,21.5799999,26.1303577,0.0217926614,0.0966502279,5.07263167e-06,30,1.21099997,2
707201300016686,143938614,2459193.8908668091,59193.386145800003,20.1161728,0.150919989,0,zr,117.3212984,36.907760500000002,0.680000007,-0.0460000001,20201210386146,707,0x1,0x3,21.5100002,26.1652927,0.0212256759,0.0944985971,4.83362737e-06,30,1.02600002,2
707201300016686,143949537,2459194.0000972529,59193.4953704,21.3229122,0.266932249,0,zr,117.3213978,36.907790400000003,0.375,-0.0260000005,20201210495370,707,0x1,0x3,21.4200001,26.1783161,0.0202776063,0.0944146439,4.40648591e-06,30,1.07799995,3
707201300016686,143949630,2459194.0010348065,59193.496307900001,20.9822426,0.235262752,0,zr,117.32130909999999,36.907840200000003,0.312999994,-0.0399999991,20201210496308,707,0x1,0x3,21.3600006,26.1766644,0.0198925473,0.0946164355,4.23749543e-06,30,1.08000004,1
707201300016686,143950480,2459194.0095305569,59193.504803199998,19.5386429,0.100175403,0,zr,117.3213389,36.907761999999998,0.742999971,0.0250000004,20201210504803,707,0x1,0x3,21.25,26.1715126,0.0212941412,0.09989167,4.86870067e-06,30,1.09899998,2
707201300016686,144036234,2459194.867122245,59194.362349499999,19.7406845,0.116198197,0,zr,117.3212585,36.907797000000002,0.750999987,0.023,20201211362326,707,0x1,0x3,21.3999996,26.1704426,0.0201402046,0.094302237,4.3716027e-06,30,1.05200005,2
707201300016686,144039366,2459194.8984433915,59194.393668999997,19.5000935,0.0973415524,0,zr,117.3212936,36.907744100000002,0.541000009,0.0810000002,20201211393669,707,0x1,0x3,21.1599998,25.97966,0.0218047053,0.0889335647,5.14263729e-06,30,1.01699996,3
707201300016686,144046526,2459194.9700443279,59194.465266200001,19.7833805,0.119834416,0,zr,117.3213239,36.907738700000003,1.02900004,0.0450000018,20201211464977,707,0x1,0x3,21.1299992,26.1977711,0.0214150082,0.0922657028,4.97382052e-06,30,1.03499997,2
707201300016686,144133773,2459195.8425545753,59195.337731500003,20.2414131,0.163635567,32768,zr,117.3212269,36.907831999999999,1.40900004,-0.126000002,20201212337720,707,0x1,0x3,20.5100002,25.5119419,0.0273830891,0.0958088636,8.13789575e-06,30,1.09399998,2
707201300016686,144147638,2459195.9812190323,59195.476388900002,19.1857567,0.0768262222,0,zr,117.3213164,36.907784499999998,0.737999976,-0.00999999978,20201212476389,707,0x1,0x3,20.6700001,25.9756203,0.0241917372,0.0965079591,6.33189848e-06,30,1.05400002,3
707201300016686,144147732,2459195.9821565789,59195.477326400003,19.0759277,0.0706914365,0,zr,117.3213425,36.907731699999999,0.546999991,-0.063000001,20201212477326,707,0x1,0x3,20.8299999,25.9428883,0.0233238414,0.097774595,5.8696678e-06,30,1.05499995,1
707201300016686,144238072,2459196.8856046037,59196.380729199998,19.4010315,0.0903840363,0,zr,117.3212185,36.907656799999998,1.05499995,0.263000011,20201213380694,707,0x1,0x3,20.2199993,26.1822853,0.0294029173,0.100297973,9.40673362e-06,30,1.023,3
707201300016686,144238909,2459196.8939730152,59196.389097200001,20.2329178,0.16276142,0,zr,117.32120879999999,36.907976400000003,0.610000014,-0.0689999983,20201213389074,707,0x1,0x3,20.3999996,26.1804466,0.0275912974,0.102677308,8.2850629e-06,30,1.01699996,2
707201300016686,144248789,2459196.9927741732,59196.487893500002,19.02034,0.0677764267,0,zr,117.32133020000001,36.907798700000001,0.711000025,0.00400000019,20201213487847,707,0x1,0x3,20.7600002,26.1919479,0.0240094885,0.0935239494,6.18366448e-06,30,1.08000004,2
707201300016686,144427878,2459198.7837511287,59198.2787847,19.6695766,0.110334873,0,zr,117.3213588,36.9078132,1.28299999,-0.00200000009,20201215278785,707,0x1,0x3,20.6800003,26.1667709,0.0255138911,0.104537562,6.97228415e-06,30,1.26600003,2
707201300016686,144443223,2459198.9372074199,59198.432233799998,19.6396122,0.107936852,0,zr,117.3212903,36.9077451,0.83099997,-0.123000003,20201215432211,707,0x1,0x3,21.3099995,26.1925373,0.0216645189,0.0947630033,5.06439028e-06,30,1.01499999,1
707201300016686,144443317,2459198.9381449618,59198.433171299999,19.5013027,0.0974294245,0,zr,117.3213228,36.907772600000001,0.911000013,-0.0320000015,20201215433171,707,0x1,0x3,21.2000008,26.2022896,0.0206109416,0.0942116007,4.6026812e-06,30,1.01499999,3
707201300016686,144445400,2459198.9589792271,59198.454004599997,20.5528927,0.195349336,0,zr,117.3212291,36.907779599999998,1.18700004,-0.230000004,20201215453970,707,0x1,0x3,20.8400002,26.1976471,0.0311170034,0.0945527107,1.03610719e-05,30,1.03400004,2
707201300016686,144539569,2459199.9007119755,59199.395694400002,19.6611214,0.109653801,0,zr,117.3213001,36.907797600000002,0.224000007,0.00200000009,20201216395694,707,0x1,0x3,21.0799999,26.1959476,0.0225501284,0.0937753245,5.49343122e-06,30,1.00999999,3
707201300016686,144541057,2459199.9155969555,59199.410578700001,21.030653,0.239763141,0,zr,117.3211355,36.907503499999997,1.13399994,-0.583999991,20201216410567,707,0x1,0x3,21.1700001,26.1916676,0.0214037951,0.0977129489,4.95601171e-06,30,1.00800002,2
707201300016686,144635892,2459200.8639837047,59200.358923599997,20.3414879,0.174012452,32768,zr,117.321425,36.907784700000001,0.809000015,-0.0829999968,20201217358924,707,0x1,0x3,20.3899994,25.5253258,0.0300728101,0.0943330899,9.78747812e-06,30,1.03400004,3
707201300016686,144636439,2459200.8694584481,59200.364398099999,20.2826881,0.167900667,0,zr,117.3213185,36.907807400000003,0.717000008,-0.187999994,20201217364329,707,0x1,0x3,21,25.8715038,0.0245135874,0.093459703,6.44303191e-06,30,1.028,1
707201300016686,144639120,2459200.8962652199,59200.391203699997,19.2702999,0.0819019973,32768,zr,117.3212966,36.907697800000001,0.356999993,0.107000001,20201217391192,707,0x1,0x3,20.5,25.6147118,0.0270748474,0.097214669,8.01804345e-06,30,1.00999999,2
707201300016686,144742747,2459201.9325825549,59201.427476899997,19.5686455,0.102430344,0,zr,117.3212573,36.907750700000001,1.19799995,-0.174999997,20201218427465,707,0x1,0x3,21.2299995,26.1856441,0.0215737838,0.100452997,5.00269334e-06,30,1.01699996,3
707201300016686,144832429,2459202.8294364964,59202.324293999998,19.5065022,0.0978077203,0,zr,117.3212273,36.907698199999999,0.861000001,-0.00800000038,20201219324294,707,0x1,0x3,20.5499992,26.1800423,0.0242747813,0.105529673,6.33396303e-06,30,1.08200002,2
707201300016686,144838518,2459202.8903301689,59202.385185200001,19.5167408,0.0985566005,0,zr,117.3213265,36.907782099999999,0.734000027,0.0219999999,20201219385139,707,0x1,0x3,20.7299995,26.188448,0.0240225308,0.104030661,6.25363282e-06,30,1.00999999,2
707201300016686,144838612,2459202.8912677085,59202.386122700002,19.3028469,0.0839407742,0,zr,117.32129980000001,36.907741999999999,1.09099996,0.0489999987,20201219386123,707,0x1,0x3,20.8299999,26.1916027,0.0227232967,0.0977653787,5.59518821e-06,30,1.00999999,3
707201300016686,144928368,2459203.788861122,59203.283680599998,19.9024734,0.130423024,0,zr,117.3212501,36.907719499999999,0.435000002,0.064000003,20201220283681,707,0x1,0x3,20.5900002,26.1621227,0.025531698,0.0997344181,6.99964085e-06,30,1.18900001,2
707201300016686,144944928,2459203.9544693795,59203.449282399997,19.4421043,0.0932123661,0,zr,117.32130739999999,36.907786399999999,0.781000018,-0.064000003,20201220449282,707,0x1,0x3,20.9200001,26.1914196,0.0236776844,0.0991777033,6.07341963e-06,30,1.046,3
707201300016686,144945071,2459203.9559046295,59203.450717599997,19.7609901,0.117916748,0,zr,117.32146710000001,36.907747800000003,0.514999986,0.00700000022,20201220450718,707,0x1,0x3,20.7600002,26.1872673,0.0268613528,0.100289792,7.86396322e-06,30,1.04799998,1
707201300016686,144946521,2459203.9704074892,59203.465219899997,19.1040554,0.0722144246,0,zr,117.32133570000001,36.907735299999999,1.71399999,0.0209999997,20201220465220,707,0x1,0x3,20.8299999,26.1948586,0.0280335341,0.0916154459,8.52266476e-06,30,1.07299995,2
707201300016686,145038464,2459204.8898636564,59204.384641199998,20.4424477,0.184517086,0,zr,117.3212893,36.907758999999999,0.656000018,0.0469999984,20201221384630,707,0x1,0x3,21.5400009,26.1924229,0.0199996773,0.0940820277,4.30239743e-06,30,1.00899994,3
707201300016686,145043289,2459204.9381177421,59204.432893500001,20.6748981,0.206691265,0,zr,117.3213985,36.907792999999998,0.790000021,0.00700000022,20201221432859,707,0x1,0x3,21.3299999,26.1888123,0.0214179773,0.0970918611,4.9352916e-06,30,1.02900004,2
707201300016686,145119641,2459205.7016640082,59205.196411999998,18.9926338,0.0663695931,0,zr,117.3213217,36.907768400000002,0.912,-0.0949999988,20201222196389,707,0x1,0x3,20.9599991,26.1081867,0.0232007615,0.10081099,5.70760176e-06,30,1.73399997,2
707201300016686,145132273,2459205.8279881296,59205.322731499997,20.1122589,0.150529504,32768,zr,117.3213246,36.907715799999998,1.01999998,0.0419999994,20201222322650,707,0x1,0x3,20.7600002,25.5244541,0.0360171534,0.0890229493,1.39328204e-05,30,1.06900001,2
707201300016686,145245618,2459206.9614766859,59206.456180599998,18.8910599,0.0614656061,32768,zr,117.3213417,36.907788799999999,1.05700004,-0.191,20201223456181,707,0x1,0x3,20.2399998,25.3711319,0.0334181711,0.0848789662,1.21233952e-05,30,1.07099998,2
707201300016686,145636062,2459210.8660412477,59210.360625000001,19.6987038,0.112707339,0,zr,117.3212834,36.907738299999998,0.925000012,0.0370000005,20201227360579,707,0x1,0x3,20.7199993,26.2010937,0.0218133908,0.097818464,5.14738304e-06,30,1.01100004,3
707201300016686,145636158,2459210.8670018739,59210.361585600003,19.4961319,0.0970543921,0,zr,117.3212915,36.9077567,0.959999979,-0.0610000007,20201227361574,707,0x1,0x3,20.7600002,26.1905594,0.0221243743,0.0985350832,5.31347314e-06,30,1.01100004,1
707201300016686,146117724,2459215.6827755813,59215.177245400002,18.7077866,0.0535647906,0,zr,117.32107809999999,36.907919700000001,0.301999986,0.416999996,20210101177130,707,0x1,0x3,18.2900009,26.1005287,0.0495552085,0.0980541706,7.13515255e-05,30,1.648,2
707201300016686,146228898,2459216.794532652,59216.288981500002,19.9096146,0.131078139,0,zr,117.3213081,36.907736800000002,1.10300004,-0.0340000018,20210102288935,707,0x1,0x3,20.8500004,26.1909294,0.0234674681,0.0864698887,5.97913186e-06,30,1.07599998,2
707201300016686,146233724,2459216.8427974274,59216.337245399998,19.390131,0.0896466896,0,zr,117.32139359999999,36.907730399999998,0.532000005,0,20210102337234,707,0x1,0x3,20.6700001,26.1954651,0.0233096685,0.090292275,5.94320227e-06,30,1.01499999,1
707201300016686,146241481,2459216.9203681974,59216.414814800002,19.1164513,0.0728960559,0,zr,117.321517,36.907641699999999,0.532999992,0.0289999992,20210102414792,707,0x1,0x3,19.3600006,25.7866745,0.0462396964,0.107046857,2.95844548e-05,30,1.04700005,2
707201300016686,146334857,2459217.854145559,59217.3485764,19.6465187,0.108485773,0,zr,117.3213693,36.907727100000002,0.566999972,0.103,20210103348576,707,0x1,0x3,21.0200005,26.2041454,0.0215285383,0.0863783583,5.03667843e-06,30,1.00899994,3
707201300016686,146338275,2459217.8883243087,59217.382754600003,20.4182529,0.182006001,0,zr,117.3212463,36.907786600000001,0.372999996,0.0170000009,20210103382755,707,0x1,0x3,20.8600006,26.1904316,0.0221623722,0.0971396342,5.38502081e-06,30,1.01600003,2
707201300016686,146430510,2459218.810687975,59218.305104200001,19.8342018,0.124273859,0,zr,117.3213488,36.9077853,0.746999979,-0.238000005,20210104305104,707,0x1,0x3,20.9699993,26.1831779,0.0201225542,0.0939655229,4.38138841e-06,30,1.03999996,2
707201300016686,146440761,2459218.9132009563,59218.407615700002,19.1224823,0.073229976,0,zr,117.32134050000001,36.907738600000002,1.12300003,-0.0920000002,20210104407616,707,0x1,0x3,21.0400009,26.180891,0.0217991434,0.0945111662,5.14219892e-06,30,1.04499996,3
707201300016686,146440855,2459218.9141384698,59218.408553200003,19.1650333,0.0756295919,0,zr,117.3213052,36.907752899999998,0.887000024,-0.0979999974,20210104408553,707,0x1,0x3,21.2099991,26.2006245,0.0218843725,0.0902200416,5.1873435e-06,30,1.046,1
707201300016686,146441812,2459218.923710404,59218.418124999997,19.3371239,0.0861397311,0,zr,117.3212997,36.907754099999998,1.12300003,-0.0879999995,20210104418125,707,0x1,0x3,21.2600002,26.1861858,0.0235887468,0.0918992832,6.06518006e-06,30,1.06099999,2
707201300016686,146526271,2459219.7683167625,59219.262719899998,19.3513699,0.0870695263,0,zr,117.3213009,36.907753100000001,0.906000018,-0.0240000002,20210105262708,707,0x1,0x3,21.2099991,26.1688519,0.0195941422,0.0936441794,4.13416683e-06,30,1.11800003,2
707201300016686,146535195,2459219.8575540343,59219.351955999999,18.9900112,0.066238001,0,zr,117.3212997,36.907761600000001,1.10500002,-0.061999999,20210105351956,707,0x1,0x3,21.0200005,26.1794949,0.0212033894,0.0957530588,4.83972053e-06,30,1.00800002,2
707201300016686,146536901,2459219.8746144515,59219.369016199998,19.9586582,0.135636806,0,zr,117.32125499999999,36.9077804,1.46000004,-0.114,20210105368947,707,0x1,0x3,20.9599991,26.1791916,0.0219587572,0.0979365855,5.2269761e-06,30,1.01199996,3
707201300016686,146628208,2459220.7876924281,59220.282083300001,20.1729755,0.156637043,0,zr,117.3213313,36.907716499999999,1.21899998,0.162,20210106282083,707,0x1,0x3,20.9799995,26.1672363,0.0253398325,0.103132002,6.89895069e-06,30,1.06799996,2
707201300016686,146630020,2459220.8058176371,59220.300208300003,19.1831818,0.0766765252,0,zr,117.32129740000001,36.907753300000003,0.748000026,-0.00999999978,20210106300208,707,0x1,0x3,21.1800003,26.1645832,0.0209900606,0.0964376554,4.75603247e-06,30,1.03999996,3
707201300016686,146630215,2459220.80776216,59220.302152800003,19.1044941,0.0722384378,0,zr,117.3212499,36.907769000000002,0.801999986,-0.0710000023,20210106302118,707,0x1,0x3,21.0799999,26.1768932,0.0218223855,0.0968627557,5.14516796e-06,30,1.03699994,1
707201300016686,146725657,2459221.7621932873,59221.2565741,19.6290588,0.107102573,0,zr,117.3212978,36.9077707,0.547999978,-0.0540000014,20210107256562,707,0x1,0x3,21.0699997,26.1613827,0.0223360453,0.0964241847,5.36102607e-06,30,1.12,3
707201300016686,146725751,2459221.7631307975,59221.257511600001,19.8773727,0.128137961,0,zr,117.3212576,36.907747000000001,0.566999972,-0.0700000003,20210107257512,707,0x1,0x3,21.1299992,26.1637058,0.0218308456,0.0919564217,5.11105054e-06,30,1.11699998,2
707201300016686,146826128,2459222.7669125898,59222.261284699998,18.7845726,0.0567328669,0,zr,117.3213075,36.907772000000001,0.583000004,0.0140000004,20210108261285,707,0x1,0x3,21.4599991,26.184267,0.0219615884,0.0927795246,5.18730121e-06,30,1.10099995,2
707201300016686,146834204,2459222.8476771405,59222.342048600003,19.442564,0.0932445005,0,zr,117.3212935,36.907762499999997,0.602999985,0.0430000015,20210108342026,707,0x1,0x3,21.1900005,26.1893787,0.022548683,0.100312576,5.45117746e-06,30,1.00800002,1
707201300016686,146834298,2459222.8486146485,59222.342986099997,19.351923,0.0871058106,0,zr,117.3213014,36.907731900000002,1.26300001,0.0839999989,20210108342975,707,0x1,0x3,21.2999992,26.1847382,0.0211919881,0.0980494469,4.82516953e-06,30,1.00800002,3
707201300016686,146834394,2459222.8495753547,59222.3439468,19.4595604,0.0944385976,0,zr,117.3212776,36.907778200000003,0.486999989,-0.0480000004,20210108343935,707,0x1,0x3,21.3600006,26.1874504,0.0222104136,0.0930186138,5.29762383e-06,30,1.00800002,2
707201300016686,146928050,2459223.7861442715,59223.280509299999,19.3500214,0.0869811326,0,zr,117.3213306,36.907736100000001,0.675999999,-0.00899999961,20210109280509,707,0x1,0x3,21.1499996,26.1508465,0.0203747563,0.0912754536,4.49173012e-06,30,1.05700004,2
707201300016686,146930728,2459223.8129152455,59223.307280100002,20.7723427,0.215749979,0,zr,117.3212529,36.907663599999999,0.711000025,-0.0900000036,20210109307280,707,0x1,0x3,21.2299995,26.1803188,0.0210985243,0.0995091647,4.77897356e-06,30,1.023,3
707201300016686,146944369,2459223.9493280239,59223.443692100001,19.2832737,0.0827090144,0,zr,117.3213683,36.9077804,0.938000023,-0.108000003,20210109443692,707,0x1,0x3,20.8199997,26.1813164,0.0231424198,0.100460127,5.77173205e-06,30,1.15699995,2
707201300016686,147025416,2459224.7598067592,59224.254166699997,20.6436157,0.203783154,0,zr,117.3211436,36.907839000000003,0.792999983,0.226999998,20210110254155,707,0x1,0x3,21.2199993,26.1799545,0.0197059996,0.0964912102,4.17493857e-06,30,1.10500002,2
707201300016686,147030060,2459224.8062421842,59224.300601900002,19.8253326,0.123490497,0,zr,117.3212529,36.907717699999999,1.03100002,0.120999999,20210110300602,707,0x1,0x3,21.0599995,26.1812057,0.0219270252,0.0982230455,5.21132415e-06,30,1.02699995,2
707201300016686,147030886,2459224.8145060185,59224.308865699997,20.9855728,0.235572338,0,zr,117.3212793,36.907836600000003,0.953000009,-0.148000002,20210110308831,707,0x1,0x3,21.3899994,26.183506,0.0205658153,0.0918887332,4.54807287e-06,30,1.01900005,1
707201300016686,147030980,2459224.815443526,59224.309803199998,20.7242775,0.211281657,0,zr,117.32121739999999,36.9077409,0.492000014,-0.075000003,20210110309803,707,0x1,0x3,21.3700008,26.1852093,0.019706931,0.0918048844,4.18433592e-06,30,1.01900005,3
707201300016686,147125891,2459225.7645556289,59225.258911999998,20.6325455,0.202754021,0,zr,117.3212882,36.907777099999997,0.617999971,-0.208000004,20210111258912,707,0x1,0x3,21.1800003,26.157196,0.0203710273,0.0983503163,4.48632272e-06,30,1.08700001,2
707201300016686,147135675,2459225.8624032061,59225.356759299997,19.3828697,0.0891586095,0,zr,117.3213451,36.907747499999999,0.694000006,0.0430000015,20210111356690,707,0x1,0x3,21.4899998,26.1698189,0.0218673907,0.0944591761,5.18834668e-06,30,1.01400006,3
707201300016686,147138228,2459225.8879240658,59225.382280099999,18.9395447,0.0637575388,0,zr,117.3213061,36.907747000000001,0.541000009,0.0399999991,20210111382269,707,0x1,0x3,21.1800003,26.1425171,0.0212809965,0.0939295292,4.91195033e-06,30,1.03699994,2
707201300016686,147226392,2459226.7695690733,59226.263923600003,20.5975609,0.199501872,0,zr,117.3213092,36.9077105,0.657000005,-0.0270000007,20210112263889,707,0x1,0x3,20.9400005,26.1274452,0.0247883145,0.0959944054,6.66205187e-06,30,1.07200003,2
707201300016686,147226578,2459226.7714324733,59226.265786999997,20.6043472,0.200132728,0,zr,117.3212532,36.907817899999998,0.734000027,0.179000005,20210112265787,707,0x1,0x3,21.1700001,26.1232986,0.0218527634,0.0945329368,5.18154502e-06,30,1.06799996,1
707201300016686,147240677,2459226.9124163971,59226.4067708,19.6406975,0.108022906,0,zr,117.3212788,36.907766799999997,0.828999996,-0.104999997,20210112406725,707,0x1,0x3,21.2000008,26.1773796,0.0203343574,0.0945940539,4.49986373e-06,30,1.08200002,2
707201300016686,147326519,2459227.7708423873,59227.265196799999,20.487587,0.189175457,0,zr,117.32127730000001,36.907735299999999,0.966000021,-0.0109999999,20210113265197,707,0x1,0x3,21.4699993,26.1341076,0.0201741681,0.0904950723,4.37914832e-06,30,1.06400001,2
707201300016686,147330871,2459227.8143608663,59227.308715300001,19.2283344,0.0793431848,0,zr,117.3213152,36.907769700000003,1.495,-0.0549999997,20210113308692,707,0x1,0x3,21.4699993,26.0350742,0.0227168053,0.0891213268,5.63353524e-06,30,1.01400006,3
707201300016686,147332413,2459227.8297774554,59227.324131900001,20.7670231,0.21525538,0,zr,117.32143430000001,36.907760799999998,1.13499999,0.143999994,20210113324086,707,0x1,0x3,21.5699997,26.0885849,0.0225111004,0.0881327242,5.50531877e-06,30,1.00899994,2
707201300016686,147424296,2459228.748607032,59228.242962999997,20.2556171,0.165100336,0,zr,117.32132300000001,36.907721100000003,0.512000024,-0.057,20210114242963,707,0x1,0x3,21.4699993,26.1784554,0.0205954406,0.0940799788,4.50294192e-06,30,1.10599995,2
707201300016686,147432634,2459228.8319864506,59228.326342599998,19.9656963,0.136299327,0,zr,117.32135220000001,36.907734900000001,0.621999979,0.00999999978,20210114326331,707,0x1,0x3,21.4099998,26.1788387,0.0207681209,0.0958681852,4.61843138e-06,30,1.00800002,1
707201300016686,147432729,2459228.8329355465,59228.327291699999,20.0380001,0.143220291,0,zr,117.32134840000001,36.907803100000002,1.02699995,0.0359999985,20210114327280,707,0x1,0x3,21.5699997,26.1941872,0.020472547,0.0910882577,4.51085953e-06,30,1.00800002,3
707201300016686,147444928,2459228.954925884,59228.449282399997,20.3389549,0.173748508,0,zr,117.3213015,36.907674999999998,1.33299994,-0.164000005,20210114449271,707,0x1,0x3,21.0200005,26.1459618,0.0235805083,0.0944163576,5.92579363e-06,30,1.22800004,2
707201300016686,147624262,2459230.7482630839,59230.242627300002,19.2942905,0.0834001526,0,zr,117.32127490000001,36.907755600000002,0.542999983,-0.0390000008,20210116242627,707,0x1,0x3,21.2800007,26.1801758,0.0202460811,0.0950028375,4.41277552e-06,30,1.09300005,2
707201300016686,147625181,2459230.7574528363,59230.251817099997,19.888195,0.129119724,0,zr,117.32134910000001,36.907713999999999,0.500999987,0.00800000038,20210116251748,707,0x1,0x3,21.2900009,26.1766529,0.0207448788,0.0948998258,4.61199033e-06,30,1.074,1
707201300016686,147625736,2459230.762996804,59230.257361099997,19.6172485,0.106175356,0,zr,117.3213204,36.907792999999998,0.467999995,-0.0160000008,20210116257361,707,0x1,0x3,21.4200001,26.1776638,0.020183133,0.093277581,4.37615836e-06,30,1.06400001,3
707201300016686,147643552,2459230.9411554164,59230.435520799998,19.2368088,0.079853639,0,zr,117.32128280000001,36.907726099999998,0.644999981,0.118000001,20210116435521,707,0x1,0x3,21,26.1707554,0.0216087736,0.0990340039,5.01547629e-06,30,1.19500005,2
707201300016686,147719844,2459231.7040785034,59231.198449099997,19.2813663,0.0825899094,0,zr,117.32131440000001,36.907786299999998,1.19700003,-0.0520000011,20210117198449,707,0x1,0x3,20.5699997,26.1730728,0.0289828293,0.0984370708,8.9707728e-06,30,1.22300005,2
707201300016686,147729848,2459231.8041124973,59231.298483799997,19.5979919,0.104677893,0,zr,117.3212837,36.907772999999999,1.14499998,-0.0289999992,20210117298426,707,0x1,0x3,20.6399994,26.1757565,0.0258958284,0.0970126018,7.17020248e-06,30,1.01400006,3
707201300016686,147730611,2459231.81173974,59231.306111099999,19.1848087,0.0767710879,0,zr,117.3213238,36.907787300000003,0.935000002,-0.0649999976,20210117306111,707,0x1,0x3,20.6100006,26.1121998,0.0257079434,0.101593331,7.05422826e-06,30,1.00999999,2
707201300016686,147830224,2459232.8078655833,59232.302245400002,20.6317997,0.20268476,0,zr,117.3212699,36.907766199999998,0.528999984,0.0120000001,20210118302245,707,0x1,0x3,21.6700001,26.1902924,0.0210003853,0.0933440477,4.72086185e-06,30,1.01100004,1
707201300016686,147830318,2459232.8088030755,59232.303182900003,20.2979774,0.169486761,0,zr,117.32132989999999,36.907760699999997,1.35500002,0.0289999992,20210118303183,707,0x1,0x3,21.6900005,26.1894073,0.022529481,0.0894538388,5.41653253e-06,30,1.00999999,3
707201300016686,147830658,2459232.812205744,59232.306585600003,19.1692028,0.0758688897,0,zr,117.32130739999999,36.907749699999997,0.967999995,-0.103,20210118306516,707,0x1,0x3,21.5499992,26.1932945,0.0206205267,0.0909429565,4.52284166e-06,30,1.00899994,2
707201300016686,147923751,2459233.7431222918,59233.237511599997,19.6901112,0.112003207,0,zr,117.3213193,36.907750100000001,0.637000024,-0.0280000009,20210119237512,707,0x1,0x3,21.4899998,26.1564541,0.0209007449,0.0973021686,4.6805053e-06,30,1.08700001,2
707201300016686,147928256,2459233.788179616,59233.282569399998,18.6700687,0.0520801805,0,zr,117.32132590000001,36.907745800000001,0.483999997,0.0309999995,20210119282569,707,0x1,0x3,21.4899998,26.169466,0.0208985545,0.0926391408,4.66991742e-06,30,1.02100003,2
707201300016686,147929011,2459233.7957258332,59233.290115700001,19.6027336,0.105044983,0,zr,117.32128830000001,36.907794299999999,0.896000028,-0.0439999998,20210119290116,707,0x1,0x3,21.3400002,26.1675434,0.0219249409,0.0961846635,5.13019131e-06,30,1.01499999,3
707201300016686,149423785,2459248.7431195006,59248.237858799999,19.3611622,0.0877140164,0,zr,117.3213423,36.907775700000002,1.05200005,0.0320000015,20210203237836,707,0x1,0x3,21.3600006,26.1215763,0.0254320316,0.0973705873,7.02495299e-06,30,1.02400005,3
707201300016686,149424310,2459248.748362415,59248.2431019,19.099659,0.0719742179,0,zr,117.32129519999999,36.907775899999997,1.06099999,-0.0599999987,20210203243102,707,0x1,0x3,21.2700005,26.1299305,0.0200962219,0.0873010904,4.36948949e-06,30,1.01999998,1
707201300016686,149622704,2459250.7322356896,59250.227048599998,20.4401283,0.18427667,0,zr,117.32118,36.907725599999999,0.769999981,-0.169,20210205227049,707,0x1,0x3,21.2000008,26.1933537,0.0200022757,0.0889447778,4.30597311e-06,30,1.02900004,1
707201300016686,149622798,2459250.7331731557,59250.227986099999,19.8685265,0.127339274,0,zr,117.3213023,36.907766000000002,0.657000005,0.0109999999,20210205227986,707,0x1,0x3,20.9799995,26.19384,0.0220368952,0.0928407162,5.25930909e-06,30,1.028,3
707201300016686,149721722,2459251.7223703545,59251.217222200001,19.8134937,0.122450404,0,zr,117.3212949,36.907761000000001,0.514999986,-0.0480000004,20210206217199,707,0x1,0x3,21.5300007,26.1845798,0.0209096968,0.0945412666,4.73751879e-06,30,1.03699994,3
707201300016686,149829093,2459252.7960417392,59252.290937500002,20.9110012,0.22863996,0,zr,117.3211451,36.907486300000002,0.980000019,0.0949999988,20210207290532,707,0x1,0x3,21.2800007,26.1816711,0.0207891762,0.102022365,4.67727614e-06,30,1.01900005,3
707201300016686,149837335,2459252.8784572589,59252.3733565,19.4842358,0.0961965248,0,zr,117.3213172,36.907741899999998,0.486999989,-0.0610000007,20210207373299,707,0x1,0x3,21.6700001,26.1685791,0.0207785722,0.0916571319,4.61482796e-06,30,1.18700004,1
707201300016686,149930116,2459253.8062302922,59253.301168999998,19.0981407,0.0718914866,0,zr,117.3212966,36.907769899999998,0.870000005,0.00700000022,20210208301146,707,0x1,0x3,21.5599995,26.1768723,0.0205010064,0.0891362876,4.53248822e-06,30,1.03100002,3
707201300016686,150018609,2459254.6911218925,59254.186099500002,20.6435375,0.203775883,0,zr,117.3213547,36.9077792,0.778999984,-0.107000001,20210209186053,707,0x1,0x3,21.4200001,26.1426296,0.0199213922,0.0948198065,4.25943654e-06,30,1.074,1
707201300016686,150018703,2459254.6920593493,59254.187037000003,20.6308651,0.202597857,0,zr,117.3212893,36.907779900000001,0.402999997,-0.112999998,20210209187037,707,0x1,0x3,21.4599991,26.1399574,0.0206686165,0.0932437629,4.59822832e-06,30,1.07200003,3
707201300016686,150127858,2459255.7835607817,59255.278588000001,19.4817028,0.0960147157,0,zr,117.3213248,36.907750900000003,0.626999974,0.0599999987,20210210278542,707,0x1,0x3,21.2999992,26.1742764,0.0217160899,0.100140013,5.10497193e-06,30,1.01600003,3
707201300016686,150221833,2459256.7232619659,59256.218333299999,19.6770115,0.110936582,0,zr,117.3213051,36.907748099999999,1.19700003,-0.0500000007,20210211218333,707,0x1,0x3,21.7000008,26.1507511,0.022564549,0.0919419453,5.49699553e-06,30,1.02199996,3
707201300016686,150222406,2459256.7289908933,59256.224062499998,19.4687328,0.0950886533,0,zr,117.32128419999999,36.907761999999998,0.805000007,0.00899999961,20210211224062,707,0x1,0x3,21.7399998,26.1614189,0.0216058679,0.0925651193,5.07521872e-06,30,1.01699996,1
707201300016686,150321785,2459257.7227391214,59257.217858800002,19.5364494,0.100012235,0,zr,117.3212777,36.907767,0.416000009,0.0120000001,20210212217847,707,0x1,0x3,21.8600006,26.186821,0.0200060606,0.0918843076,4.32692786e-06,30,1.01999998,3
707201300016686,150624261,2459260.747340952,59260.242615700001,19.3738708,0.0885570943,0,zr,117.32136800000001,36.907712099999998,0.926999986,-0.120999999,20210215242604,707,0x1,0x3,20.7099991,25.9703465,0.0247524288,0.0892902687,6.66628102e-06,30,1.00800002,1
707201300016686,150624406,2459260.7487876713,59260.244062500002,19.3200169,0.0850355923,0,zr,117.321314,36.907752899999998,1.00399995,0.100000001,20210215244051,707,0x1,0x3,20.8400002,26.0255547,0.0224421974,0.089219287,5.50669574e-06,30,1.00800002,3
707201300016686,150922505,2459263.729617699,59263.225057900003,20.0429268,0.143699095,0,zr,117.3213595,36.907786199999997,0.372999996,-0.0560000017,20210218224977,707,0x1,0x3,20.4300003,26.2054653,0.0287515055,0.0941244438,9.02084503e-06,30,1.00899994,3
707201300016686,151019215,2459264.6966563547,59264.192152800002,19.424799,0.0920110792,0,zr,117.3213329,36.907798300000003,0.441000015,0.0450000018,20210219192130,707,0x1,0x3,21.3299999,26.2026176,0.0218630172,0.095470421,5.21920674e-06,30,1.02600002,3
707201300016686,151121443,2459265.7188756736,59265.2144329,19.3465881,0.0867564306,0,zr,117.32137419999999,36.907760199999998,1.08200002,-0.061999999,20210220214282,707,0x1,0x3,20.6900005,26.2123165,0.0245274864,0.102471016,6.3506368e-06,30,1.00999999,3
707201300016686,151121537,2459265.7198131154,59265.215370400001,19.3979816,0.0901772082,0,zr,117.32133,36.907766299999999,1.09899998,-0.0680000037,20210220215370,707,0x1,0x3,21.3099995,26.2117195,0.0208133571,0.089626126,4.54480551e-06,30,1.00999999,1
707201300016686,151326758,2459267.7718975926,59267.267581,19.4178047,0.0915294588,0,zr,117.3212961,36.907722200000002,0.952000022,-0.0209999997,20210222267546,707,0x1,0x3,20.5699997,26.2056103,0.0263613146,0.0894723758,7.31429827e-06,30,1.03699994,3
707201300016686,151327109,2459267.7754158638,59267.271099500002,19.5739784,0.102835633,0,zr,117.3212032,36.907799799999999,0.578000009,-0.0829999968,20210222270648,707,0x1,0x3,20.5300007,26.1987438,0.0263027418,0.100735821,7.24833444e-06,30,1.04100001,1
707201300016686,151629768,2459270.8018059279,59270.297685199999,19.3612194,0.087717779,0,zr,117.32130979999999,36.907741799999997,0.44600001,0.0160000008,20210225297685,707,0x1,0x3,19.9699993,26.1868114,0.0339127406,0.0964413509,1.21169714e-05,30,1.10699999,1
707201300016686,151629862,2459270.8027433571,59270.2986227,19.2777519,0.0823646411,0,zr,117.3212121,36.907823700000002,1.05400002,-0.583000004,20210225298611,707,0x1,0x3,19.6800003,26.1823387,0.0411771834,0.0871952176,1.83619613e-05,30,1.10899997,3
707201300016686,151726120,2459271.7652598331,59271.2612037,19.5729656,0.102758601,0,zr,117.3212796,36.907812900000003,0.763999999,-0.143999994,20210226261192,707,0x1,0x3,20.1900005,26.2054005,0.0306091178,0.0979536921,9.7957427e-06,30,1.04299998,3
707201300016686,151825409,2459272.7580856206,59272.254097199999,19.4380646,0.0929307267,0,zr,117.32120519999999,36.907661900000001,0.902999997,-0.259000003,20210227253738,707,0x1,0x3,19.4799995,26.1777668,0.0393636562,0.0965866745,1.73336375e-05,30,1.03699994,3
707201300016686,151825513,2459272.7591272574,59272.2551389,19.115448,0.0728406236,0,zr,117.3214821,36.907860499999998,1.10500002,-0.196999997,20210227255093,707,0x1,0x3,19.5900002,26.1782494,0.0365512259,0.106351219,1.46959783e-05,30,1.03799999,1
707201300016686,152228334,2459276.7870470346,59276.283344900003,19.3510876,0.0870510042,0,zr,117.32129949999999,36.9078005,0.395000011,0.0209999997,20210303283345,707,0x1,0x3,20.9699993,26.1735172,0.022664167,0.0934209377,5.53060499e-06,30,1.11199999,1
707201300016686,152625668,2459280.760092577,59280.2566898,20.0414429,0.143554837,0,zr,117.3213657,36.907795100000001,0.606000006,-0.0240000002,20210307256644,707,0x1,0x3,21.6700001,26.1902943,0.0202345774,0.0924818814,4.39446967e-06,30,1.07599998,1
707201300016686,153624457,2459290.7471568398,59290.244571800002,19.7164421,0.114172071,0,zr,117.3213018,36.907737099999999,0.726000011,-0.101999998,20210317244572,707,0x1,0x3,21.3600006,26.1759167,0.0200304836,0.0934923813,4.36175651e-06,30,1.11099994,1
707201300016686,153822505,2459292.7274713707,59292.225057900003,19.3152409,0.0847297236,0,zr,117.3212825,36.9077324,0.637000024,0.023,20210319225058,707,0x1,0x3,21.3899994,26.1608295,0.020669423,0.0882262141,4.629675e-06,30,1.07799995,1
707201300016686,154020719,2459294.7094382425,59294.207199099998,18.7128525,0.0537677445,0,zr,117.3213126,36.907751599999997,0.916999996,-0.0680000037,20210321207199,707,0x1,0x3,20.7999992,26.1285496,0.0226711892,0.100353427,5.63603862e-06,30,1.05599999,1
707201300016686,154322261,2459297.7245850945,59297.222615699997,18.8970375,0.0617434084,0,zr,117.3213487,36.907701799999998,0.77700001,-0.123000003,20210324222604,707,0x1,0x3,19.8400002,26.1059856,0.0319396704,0.0994495675,1.14620461e-05,30,1.10300004,1
707201300016686,154924719,2459303.7486159089,59303.247199099998,19.0669594,0.0702126846,0,zr,117.32131939999999,36.907736100000001,0.347000003,-0.0649999976,20210330247199,707,0x1,0x3,20.7700005,26.1487751,0.0264076293,0.0967149734,7.50573054e-06,30,1.23899996,1
707201300016686,155219667,2459306.6978192665,59306.196678200002,19.5172462,0.0985936821,0,zr,117.3212975,36.907739999999997,1.329,0.104000002,20210402196655,707,0x1,0x3,21.3099995,26.1288071,0.0214351583,0.098881349,4.94556207e-06,30,1.10000002,1
707201300016686,155420089,2459308.7018433725,59308.200891200002,19.2345371,0.0797164738,0,zr,117.32130119999999,36.907774799999999,1.079,0.0680000037,20210404200891,707,0x1,0x3,21.3799992,26.1546631,0.0212262906,0.0956551954,4.84230713e-06,30,1.125,1
707201300016686,155618100,2459310.681771514,59310.181006899998,19.4489822,0.0936938077,0,zr,117.3212594,36.907732600000003,0.924000025,0.112999998,20210406181007,707,0x1,0x3,21.1299992,26.1542797,0.0214240048,0.0993508622,4.94992037e-06,30,1.08899999,1
707201300016686,155817442,2459312.6749963686,59312.174421299998,19.8004761,0.121314317,0,zr,117.3212905,36.907715400000001,0.617999971,0.0350000001,20210408174398,707,0x1,0x3,21.0100002,26.1666851,0.022796575,0.101832613,5.59208729e-06,30,1.08700001,1
707201300016686,156018239,2459314.6827794276,59314.182395800002,19.5841103,0.103609614,0,zr,117.3212917,36.9077305,0.758000016,0.0469999984,20210410182384,707,0x1,0x3,21.3500004,26.1551361,0.02130601,0.0980879366,4.88448859e-06,30,1.11899996,1
707201300016686,156218021,2459316.6804127968,59316.180219900001,19.4509525,0.0938321352,0,zr,117.3212915,36.907759200000001,0.578999996,-0.0689999983,20210412180208,707,0x1,0x3,21.5400009,26.10355,0.0211978443,0.0922746807,4.82395671e-06,30,1.12800002,1
707201300016686,156316348,2459317.6635828125,59317.163483800003,19.3332481,0.0858884156,0,zr,117.321325,36.907756599999999,0.763000011,-0.0329999998,20210413163472,707,0x1,0x3,21.6499996,26.1657715,0.0216411781,0.097551018,5.02908688e-06,30,1.09300005,2
707201300016686,156520116,2459319.7010735101,59319.201169,19.386343,0.0893917233,0,zr,117.3213209,36.907769199999997,1.67799997,-0.0450000018,20210415201169,707,0x1,0x3,21.1299992,26.1430397,0.0224117953,0.09904515,5.42921271e-06,30,1.22899997,1
707201300016686,156719912,2459321.6988345468,59321.199120400001,20.8693485,0.224767804,0,zr,117.3211699,36.9077749,0.720000029,-0.0680000037,20210417199120,707,0x1,0x3,21.2800007,26.1033421,0.0229669511,0.0952918306,5.71844612e-06,30,1.24399996,1
707201300016686,157118439,2459325.6837344901,59325.184398099998,19.5504112,0.101054721,0,zr,117.32132420000001,36.907651399999999,1.55999994,0.134000003,20210421184387,707,0x1,0x3,20.4500008,26.140667,0.0271091349,0.103359058,7.86598321e-06,30,1.22800004,1
707201300016686,157520390,2459329.7028599083,59329.203900499997,19.5156708,0.0984780565,0,zr,117.3213008,36.907744100000002,0.612999976,0.0450000018,20210425203900,707,0x1,0x3,20.4699993,26.1102085,0.02531223,0.0975405052,6.89239778e-06,30,1.38399994,1
707201300016686,160717349,2459361.6697944142,59361.173495399999,19.6297302,0.107155465,0,zr,117.32132989999999,36.9077597,0.555000007,0.00400000019,20210527173449,707,0x1,0x3,20.1399994,26.0789661,0.030764997,0.105389826,1.02076792e-05,30,1.92999995,2
707201300016686,161016249,2459364.6585970544,59364.162499999999,19.4677429,0.0950183272,0,zr,117.3212944,36.907768300000001,0.583000004,0.0469999984,20210530162083,707,0x1,0x3,20.2299995,26.0762882,0.030245658,0.0999686345,9.74836894e-06,30,1.88900006,2
707201300016686,161016484,2459364.6609463948,59364.164849499997,19.3517666,0.0870955735,0,zr,117.3212456,36.9078078,0.588,-0.00200000009,20210530164838,707,0x1,0x3,20.2999992,26.0567646,0.0305733457,0.105826132,9.96067411e-06,30,1.92299998,2
707201300016686,161016719,2459364.6632958427,59364.167199099997,19.3458176,0.0867060125,0,zr,117.3213342,36.9078005,0.628000021,-0.00899999961,20210530167188,707,0x1,0x3,20.3299999,26.0615616,0.0290976129,0.102958336,9.11079132e-06,30,1.95700002,2
707201300016686,161016956,2459364.6656567836,59364.169560200004,19.0166779,0.0675887465,0,zr,117.3213197,36.907753599999999,0.523000002,-0.00400000019,20210530169537,707,0x1,0x3,20.3899994,26.0553703,0.0292940065,0.110102013,9.145484e-06,30,1.99300003,2
707201300016686,161017190,2459364.6680061291,59364.171909700002,19.1506653,0.0748107806,0,zr,117.3213593,36.907738700000003,0.740999997,0.050999999,20210530171898,707,0x1,0x3,20.4799995,26.0330944,0.0291759446,0.115938485,9.05765773e-06,30,2.02999997,2
707201300016686,161116300,2459365.6590410154,59365.163009299999,19.6884613,0.111868434,0,zr,117.3212954,36.907687199999998,0.134000003,0.0260000005,20210531162593,707,0x1,0x3,20.0799999,26.0217018,0.0345006026,0.0961239785,1.27285339e-05,30,1.93499994,2
707201300016686,161116535,2459365.6613903581,59365.165358799997,19.5362816,0.0999997482,0,zr,117.32123869999999,36.907731400000003,0.351000011,0.023,20210531165347,707,0x1,0x3,20.2099991,26.0060043,0.0314364359,0.103584312,1.05514182e-05,30,1.97099996,2
707201300016686,161116771,2459365.6637513028,59365.167719899997,19.4205856,0.091720663,0,zr,117.3212237,36.907781300000003,0.693000019,-0.0960000008,20210531167697,707,0x1,0x3,20.1299992,26.003067,0.0328808874,0.11234311,1.14564418e-05,30,2.00699997,2
707201300016686,161117008,2459365.6661122502,59365.170080999997,19.2890053,0.0830679238,0,zr,117.321274,36.907762599999998,0.331999987,-0.111000001,20210531170058,707,0x1,0x3,20.1000004,26.005249,0.0339272618,0.11602582,1.22921001e-05,30,2.04399991,2
707201300016686,161117243,2459365.6684616948,59365.172430600003,19.4577332,0.094309561,0,zr,117.3212695,36.907682100000002,0.75999999,-0.061999999,20210531172419,707,0x1,0x3,20.2399998,25.995739,0.0356261283,0.104545802,1.35009395e-05,30,2.08299994,2
707201300016686,161316490,2459367.6608119053,59367.164907400002,19.0839729,0.0711237341,0,zr,117.3212631,36.907755199999997,0.430000007,-0.0520000011,20210602164907,707,0x1,0x3,20.1000004,25.9160137,0.0362513699,0.108523451,1.39845333e-05,30,2.04900002,2
707201300016686,161316732,2459367.6632307558,59367.167326399998,19.3407192,0.0863735005,0,zr,117.32132319999999,36.907807499999997,0.510999978,0.0270000007,20210602167326,707,0x1,0x3,20.1900005,25.8701725,0.0355436243,0.100099102,1.35816808e-05,30,2.08899999,2
707201300016686,161316973,2459367.6656380049,59367.169733800001,19.7077026,0.113448448,32768,zr,117.3213654,36.907714800000001,0.479000002,-0.206,20210602169734,707,0x1,0x3,19.6599998,25.4628258,0.0977173969,0.0947309434,0.0001137851,30,2.13100004,2
707201300016686,161416778,2459368.6636319854,59368.167789400002,19.0912189,0.0715153366,0,zr,117.3213284,36.9077737,0.592000008,0.101999998,20210603167789,707,0x1,0x3,20.0599995,25.9794998,0.0347469375,0.106345065,1.28775728e-05,30,2.14499998,2
707201300016686,161417260,2459368.6684464798,59368.172604200001,19.2277031,0.0793053433,0,zr,117.321218,36.9077141,1.12399995,0.00700000022,20210603172604,707,0x1,0x3,20.25,25.9702816,0.0308049992,0.103865273,1.00947163e-05,30,2.23600006,2
707201300016686,161417502,2459368.6708652275,59368.175023099997,19.3237419,0.0852748901,0,zr,117.3211846,36.9077403,0.584999979,0.0939999968,20210603175023,707,0x1,0x3,20.2399998,25.9640312,0.0297805909,0.111632623,9.39220263e-06,30,2.28399992,2
707201300016686,161516825,2459369.6640343294,59369.168252299998,20.1504841,0.154362291,0,zr,117.32111159999999,36.907917699999999,0.726999998,-0.0729999989,20210604168252,707,0x1,0x3,20.1800003,26.0054913,0.0330382586,0.111624897,1.15817029e-05,30,2.204,2
707201300016686,161517063,2459369.6664184933,59369.1706366,19.7490044,0.116899967,0,zr,117.3212984,36.907839699999997,0.647000015,0.0489999987,20210604170637,707,0x1,0x3,20.3099995,26.0026283,0.0334612019,0.10731817,1.19892775e-05,30,2.25099993,2
707201300016686,161517302,2459369.668802551,59369.173020800001,19.0433273,0.0689667761,0,zr,117.3213721,36.907743500000002,0.689999998,0.0850000009,20210604173021,707,0x1,0x3,20.4400005,25.9959259,0.0278411061,0.109863184,8.26983614e-06,30,2.29900002,2
707201300016686,161517494,2459369.6707237274,59369.174942099999,19.0681267,0.0702748075,0,zr,117.32124779999999,36.907741299999998,0.624000013,0.074000001,20210604174942,707,0x1,0x3,20.4500008,25.9854927,0.0282885339,0.108373985,8.49147182e-06,30,2.33999991,2
707201300016686,161617596,2459370.6716828947,59370.175960599998,19.5794373,0.103252053,0,zr,117.3211397,36.907773900000002,0.312999994,0.0240000002,20210605175961,707,0x1,0x3,20.1200008,25.9755077,0.0352445804,0.108378068,1.32289279e-05,30,2.42400002,2
707201300016686,161817681,2459372.6724246209,59372.1768171,19.9661522,0.136342376,0,zr,117.3212996,36.907793499999997,0.319000006,-0.229000002,20210607176817,707,0x1,0x3,19.9099998,25.8411293,0.0391813852,0.106370524,1.66191621e-05,30,2.57999992,2
707201300016686,161916807,2459373.6636312758,59373.1680787,18.8112831,0.057882119,0,zr,117.32127800000001,36.907784200000002,0.568000019,-0.123000003,20210608168079,707,0x1,0x3,19.5,26.0135059,0.0409753062,0.106140807,1.93892683e-05,30,2.43099999,2
707201300016686,161917278,2459373.6683417149,59373.1727894,19.6586723,0.109457225,0,zr,117.32133899999999,36.907685399999998,0.586000025,-0.200000003,20210608172778,707,0x1,0x3,19.7999992,26.0089874,0.0354884826,0.107521974,1.35235432e-05,30,2.546,2
707201300016686,161917513,2459373.6706910799,59373.175138899998,19.7858772,0.120049663,0,zr,117.3212699,36.9076497,0.573000014,-0.250999987,20210608175139,707,0x1,0x3,19.8099995,26.0000381,0.0374892242,0.101952925,1.50846936e-05,30,2.60800004,2
707201300016686,168850126,2459442.9966144771,59442.501261600002,19.5131531,0.0982935801,0,zr,117.32135940000001,36.907850699999997,0.474999994,-0.152999997,20210816501262,707,0x1,0x3,20,25.6917858,0.040333569,0.113557003,1.70493804e-05,30,2.49000001,1
707201300016686,168850605,2459443.0014063339,59442.506053199999,19.4684219,0.0950665325,0,zr,117.321094,36.907948599999997,0.70599997,-0.426999986,20210816506042,707,0x1,0x3,19.5,25.726141,0.0438790284,0.108307503,2.20863312e-05,30,2.37899995,1
707201300016686,168850844,2459443.0038023354,59442.508449100002,18.8729591,0.0606323518,0,zr,117.3213591,36.907636099999998,0.870999992,0.101000004,20210816508438,707,0x1,0x3,19.3199997,25.7380333,0.04521944,0.108237594,2.56750664e-05,30,2.32599998,1
707201300016686,168949788,2459443.9932850967,59443.497881900003,19.0176392,0.0676379427,32768,zr,117.3212783,36.907702,0.785000026,-0.138999999,20210817497870,707,0x1,0x3,19.8700008,25.267477,0.0463159978,0.116271906,2.34490235e-05,30,2.50600004,1
707201300016686,168950267,2459443.9980770554,59443.5026736,19.4842892,0.0962003767,0,zr,117.32121189999999,36.9078746,0.665000021,-0.158000007,20210817502662,707,0x1,0x3,19.7700005,25.3360329,0.0456293784,0.115201242,2.27121091e-05,30,2.39299989,1
707201300016686,168950746,2459444.0028689895,59443.507465299997,19.1471176,0.0746099427,0,zr,117.3215203,36.907758999999999,0.744000018,-0.0850000009,20210817507454,707,0x1,0x3,19.4300003,25.3840485,0.0457887091,0.115980722,2.71562076e-05,30,2.28900003,1
707201300016686,169049824,2459444.9936957583,59444.498240699999,19.0381145,0.0686949715,0,zr,117.3213544,36.907701199999998,0.657000005,0.0460000001,20210818498241,707,0x1,0x3,19.7299995,25.5890961,0.0459885634,0.111133583,2.28377648e-05,30,2.43199992,1
707201300016686,169050063,2459444.9960917826,59444.500636600002,19.409235,0.090942651,0,zr,117.3214589,36.907695699999998,0.936999977,-0.170000002,20210818500625,707,0x1,0x3,19.5799999,25.5970669,0.0442107171,0.109909914,2.18216119e-05,30,2.37700009,1
707201300016686,169050303,2459444.9984877151,59444.503032400004,19.1132259,0.0727180615,0,zr,117.32134310000001,36.9076898,0.90200001,0.354999989,20210818503021,707,0x1,0x3,19.2399998,25.5782394,0.0444163866,0.123866536,2.77540657e-05,30,2.32500005,1
707201300016686,169250767,2459447.0032368824,59446.507673599997,19.4838543,0.096169129,0,zr,117.3212898,36.907789399999999,0.504999995,-0.0179999992,20210820507674,707,0x1,0x3,19.8299999,25.8652515,0.0397702605,0.104769945,1.72403397e-05,30,2.12899995,1
707201300016686,169251003,2459447.0055981143,59446.510034699997,19.1028519,0.0721486211,0,zr,117.3213095,36.907800399999999,0.493999988,-0.254999995,20210820510035,707,0x1,0x3,19.4899998,25.8684196,0.0443995073,0.108067647,2.30941332e-05,30,2.08800006,1
707201300016686,169750223,2459451.9980886518,59451.502233799998,19.8209152,0.123101637,0,zr,117.3213342,36.907770800000002,0.625,-0.377000004,20210825502234,707,0x1,0x3,20.0900002,26.0092506,0.033891812,0.102247365,1.22143165e-05,30,1.99300003,1
707201300016686,169750464,2459452.0004962054,59451.504641200001,19.3614845,0.0877353474,0,zr,117.3212731,36.907764800000002,1.06500006,0.00200000009,20210825504641,707,0x1,0x3,20.2600002,26.0168934,0.0303260628,0.0980447605,9.82130859e-06,30,1.95700002,1
707201300016686,169750703,2459452.0028921552,59451.507037000003,19.4406624,0.0931117833,0,zr,117.32124570000001,36.907735099999996,0.512000024,0.0240000002,20210825507037,707,0x1,0x3,20.0400009,26.0261765,0.0332137868,0.100547388,1.18221069e-05,30,1.92200005,1
707201300016686,169750943,2459452.0052882079,59451.509432899999,19.2866478,0.0829200894,0,zr,117.3213056,36.907905599999999,0.388999999,-0.00899999961,20210825509433,707,0x1,0x3,19.9500008,26.0362148,0.0341653153,0.101963833,1.24894241e-05,30,1.88900006,1
707201300016686,171747225,2459471.9695633613,59471.472256900001,19.1574039,0.0751936883,0,zr,117.3212819,36.907726099999998,0.338999987,-0.0179999992,20210914472257,707,0x1,0x3,20.8700008,25.800251,0.0250839926,0.108018599,6.68258735e-06,30,1.68099999,1
707201300016686,172349734,2459477.9951670244,59477.497349500001,18.6569004,0.0515726767,0,zr,117.3213205,36.907744899999997,0.629000008,-0.00800000038,20210920497280,707,0x1,0x3,20.3899994,26.1421757,0.028268205,0.105214104,8.57772193e-06,30,1.35399997,1
707201300016686,173048689,2459484.9853392062,59484.486898100004,19.7529984,0.117238015,0,zr,117.3212609,36.9077354,0.558000028,0.00700000022,20210927486898,707,0x1,0x3,20.7999992,26.0625496,0.0265000202,0.0936433375,7.4773975e-06,30,1.30700004,1
707201300016686,173444496,2459488.9437712017,59488.444965299997,19.2217464,0.0789485946,0,zr,117.3213026,36.907748699999999,0.88499999,-0.0820000023,20211001444873,707,0x1,0x3,21.1599998,26.1202908,0.0224143043,0.0940593258,5.36719335e-06,30,1.50699997,1
707201300016686,174246493,2459496.9644936658,59496.464930599999,20.4290695,0.183129564,0,zr,117.321276,36.907769999999999,0.899999976,0.0579999983,20211009464919,707,0x1,0x3,21.1900005,26.1508408,0.0216689799,0.0975661725,5.05023081e-06,30,1.25399995,1
707201300016686,174346826,2459497.9679228128,59497.468263900002,20.0008297,0.139636591,0,zr,117.32117940000001,36.907735000000002,0.423999995,-0.104999997,20211010468264,707,0x1,0x3,20.6299992,26.1564693,0.0266081225,0.101626471,7.60100784e-06,30,1.22800004,2
707201300016686,174449357,2459498.9933334086,59498.493576399997,19.4023304,0.0904722959,0,zr,117.321296,36.9077433,0.545000017,-0.0399999991,20211011493576,707,0x1,0x3,21.3799992,26.1657658,0.0204176381,0.0927661508,4.45431124e-06,30,1.13100004,2
707201300016686,174649817,2459500.9981204034,59500.498171300002,18.8335876,0.0588610396,0,zr,117.3212894,36.907761399999998,0.432000011,-0.00600000005,20211013498160,707,0x1,0x3,21.3400002,26.1580791,0.0213502347,0.0975466371,4.95601853e-06,30,1.10399997,1
707201300016686,174848658,2459502.9867254626,59502.486585600003,19.2744732,0.0821607634,0,zr,117.32131680000001,36.907733399999998,0.703999996,-0.0659999996,20211015486586,707,0x1,0x3,20.8999996,26.1661186,0.0244854521,0.0962914228,6.4614519e-06,30,1.12,2
707201300016686,174937273,2459503.8729563011,59503.3727315,18.6620598,0.0517708734,0,zr,117.32133109999999,36.907822099999997,0.930999994,-0.0590000004,20211016372731,707,0x1,0x3,19.7800007,26.0658798,0.0378823504,0.104566276,1.53609326e-05,30,1.82000005,1
707201300016686,175048488,2459504.9852158907,59504.4848843,19.7190285,0.114386842,32768,zr,117.32126390000001,36.907788699999998,0.626999974,0.00400000019,20211017484884,707,0x1,0x3,21.1499996,25.7583828,0.0343329422,0.09403079,1.26695677e-05,30,1.11000001,2
707201300016686,175546728,2459509.968088333,59509.467280099998,19.6085396,0.10549587,0,zr,117.321245,36.907745400000003,0.990999997,0.0970000029,20211022467268,707,0x1,0x3,20.7600002,26.1852112,0.0243259612,0.0911239833,6.39341215e-06,30,1.12,1
707201300016686,175837533,2459512.8764200294,59512.375335600002,19.993784,0.138963416,0,zr,117.32138070000001,36.907892799999999,0.625999987,-0.0769999996,20211025375336,707,0x1,0x3,20.4699993,26.1330547,0.0277334824,0.0974878967,8.20521473e-06,30,1.53999996,1
707201300016686,176449893,2459519.0005932613,59518.498935199998,19.0139179,0.0674476549,0,zr,117.3212935,36.907747999999998,0.819000006,-0.063000001,20211031498924,707,0x1,0x3,21.4300003,26.1998634,0.0203958899,0.0937142223,4.50590687e-06,30,1.023,1
707201300016686,176834212,2459522.8441394591,59522.342129600001,19.6317768,0.107316934,0,zr,117.3213363,36.907738999999999,0.469999999,-0.0219999999,20211104342118,707,0x1,0x3,21.2600002,26.1288643,0.0221642628,0.0989548787,5.22233131e-06,30,1.59200001,1
707201300016686,177044890,2459524.9510999564,59524.4489005,19.7028313,0.11304678,0,zr,117.32131459999999,36.907749000000003,0.270999998,-0.0340000018,20211106448889,707,0x1,0x3,21.7299995,26.1913433,0.0221466161,0.093671076,5.30039688e-06,30,1.06900001,1
707201300016686,177249695,2459526.999337059,59526.496956000003,19.4202251,0.0916958973,0,zr,117.321293,36.907729500000002,0.859000027,-0.0759999976,20211108496956,707,0x1,0x3,21.3899994,26.1898136,0.0198183041,0.0961650684,4.24676364e-06,30,1.01100004,1
707201300016686,177740201,2459531.9048177628,59531.402013899999,19.1082649,0.0724452138,0,zr,117.3213173,36.907747499999999,1.58599997,-0.0419999994,20211113402002,707,0x1,0x3,21.6000004,26.1842899,0.0234644208,0.0940677673,5.90083027e-06,30,1.13499999,1
707201300016686,179636196,2459550.8661978231,59550.361967600002,19.2161655,0.0786157623,0,zr,117.32132970000001,36.907766299999999,0.783999979,0.129999995,20211202361968,707,0x1,0x3,21.4899998,26.1314125,0.0214509834,0.0907936245,4.92957588e-06,30,1.10300004,1
707201300016686,187116313,2459625.6678796671,59625.1631366,19.9029598,0.130467579,0,zr,117.32129500000001,36.907795999999998,0.584999979,-0.0480000004,20220215163067,707,0x1,0x3,20.1200008,26.2002449,0.0312189627,0.100359172,1.05520994e-05,30,1.09000003,1
707201300016686,187430709,2459628.8116648672,59628.307094900003,19.6373272,0.107755743,0,zr,117.32135289999999,36.907822400000001,0.855000019,0.0419999994,20220218307037,707,0x1,0x3,20.7700005,26.1917953,0.0239610299,0.0950797573,6.23956794e-06,30,1.08299994,1
707201300016686,187617376,2459630.6782224793,59630.173761600003,19.6222839,0.106569871,32768,zr,117.321245,36.907608199999999,0.573000014,0.063000001,20220220173750,707,0x1,0x3,19.7800007,24.75494,0.041393593,0.0934375897,2.05421857e-05,30,1.04499996,1
707201300016686,188515239,2459639.6562701911,59639.152395800003,19.973032,0.136992037,0,zr,117.32136149999999,36.907747200000003,1.10300004,0.00200000009,20220301152384,707,0x1,0x3,21.1200008,26.1760483,0.0225848258,0.099312827,5.56090026e-06,30,1.04100001,1
707201300016686,192119480,2459675.6955905817,59675.1948032,19.9418106,0.13405928,0,zr,117.32132,36.907792600000001,0.603999972,0.0120000001,20220406194560,707,0x1,0x3,21.1900005,26.0781536,0.0218310859,0.0923812389,5.14733938e-06,30,1.12100005,1
707201300016686,192315215,2459677.6527541364,59677.152152800001,20.3945236,0.179537296,0,zr,117.3212498,36.907595399999998,1.08399999,-0.135000005,20220408151898,707,0x1,0x3,20.7900009,26.1055336,0.024510093,0.0977278799,6.4806477e-06,30,1.046,1
707201300016686,192916096,2459683.6609888375,59683.160960599998,19.7621346,0.118014187,0,zr,117.3213423,36.907768900000001,0.449000001,-0.075000003,20220414160961,707,0x1,0x3,20.8600006,26.1453133,0.0226607081,0.0901934654,5.5796163e-06,30,1.09200001,1
707201300016686,193316528,2459687.6649363013,59687.1652894,19.4326324,0.0925531089,0,zr,117.32133779999999,36.907770300000003,0.31400001,-0.0399999991,20220418165278,707,0x1,0x3,20.8999996,26.1325054,0.0224877242,0.0917584524,5.49665401e-06,30,1.13,1
707201300016686,193517752,2459689.676979172,59689.177523099999,19.7256775,0.114940636,0,zr,117.3213035,36.907779599999998,0.651000023,0.00800000038,20220420177523,707,0x1,0x3,20.2999992,26.1154041,0.0283784159,0.09667328,8.64292178e-06,30,1.18700004,1
707201300016686,194120285,2459695.7017492238,59695.202858800003,20.2739105,0.166991606,0,zr,117.3214172,36.907737099999999,0.806999981,-0.0790000036,20220426202859,707,0x1,0x3,20.7700005,25.9717731,0.0229258798,0.0925095379,5.63071353e-06,30,1.38999999,1
707201300016686,195422004,2459708.7177681411,59708.220046299997,19.2382889,0.0799431428,0,zr,117.3212558,36.907445199999998,0.574999988,0.0970000029,20220509220035,707,0x1,0x3,19.5499992,26.0897465,0.0412147827,0.104398914,1.95668435e-05,30,1.88399994,1
707201300016686,197017250,2459724.6689578881,59724.172500000001,20.3939819,0.17948094,0,zr,117.3214356,36.907767800000002,0.280999988,-0.0379999988,20220525172477,707,0x1,0x3,20.4799995,25.9851856,0.0271591321,0.0928957686,7.84597705e-06,30,1.83299994,2
707201300016686,197017346,2459724.6699184114,59724.173460600003,20.7035389,0.209353805,0,zr,117.3213251,36.907773200000001,0.731999993,-0.490999997,20220525173449,707,0x1,0x3,20.5300007,25.9766769,0.026878316,0.0966530889,7.74449563e-06,30,1.84500003,2
707201300016686,197017443,2459724.6708906544,59724.174432899999,20.5292625,0.193152666,0,zr,117.3215561,36.907575100000003,0.853999972,-0.381000012,20220525174410,707,0x1,0x3,20.5200005,25.967308,0.0288324412,0.0934518054,8.91343461e-06,30,1.85800004,2
707201300016686,197117207,2459725.668458513,59725.1720718,20.2277718,0.162232608,0,zr,117.3214304,36.907673299999999,0.398000002,0.0130000003,20220526172060,707,0x1,0x3,20.6399994,26.0235462,0.0288385842,0.102114044,8.86910948e-06,30,1.86300004,2
707201300016686,197117302,2459725.669407445,59725.173020800001,20.0836945,0.147695407,0,zr,117.3214282,36.907789800000003,0.416999996,-0.125,20220526173009,707,0x1,0x3,20.6000004,26.0235138,0.0313121565,0.100930907,1.0470184e-05,30,1.875,2
707201300016686,197117395,2459725.6703448654,59725.173958300002,20.1568756,0.155007407,0,zr,117.3212281,36.907763099999997,0.314999998,-0.112999998,20220526173958,707,0x1,0x3,20.5799999,26.0246754,0.0288768969,0.0971362814,8.79682284e-06,30,1.88800001,2
707201300016686,197217219,2459726.6685156692,59726.172199100001,19.3667507,0.0880838186,0,zr,117.32132679999999,36.907779300000001,1.27999997,-0.129999995,20220527172188,707,0x1,0x3,20.9799995,26.096674,0.0228916518,0.0950040072,5.59810451e-06,30,1.90100002,2
707201300016686,197217313,2459726.6694530998,59726.173136600002,19.6143761,0.10595081,0,zr,117.3212735,36.907752299999999,0.921999991,-0.0109999999,20220527173137,707,0x1,0x3,20.9400005,26.112339,0.0242866687,0.0971544459,6.28061525e-06,30,1.91499996,2
707201300016686,197217408,2459726.6704020333,59726.174085600003,19.5247002,0.0991422236,0,zr,117.3212802,36.907769600000002,0.801999986,-0.0949999988,20220527174074,707,0x1,0x3,21.0300007,26.0986633,0.0235107746,0.098553732,5.90080845e-06,30,1.92799997,2
707201300016686,197217502,2459726.6713394709,59726.175023099997,20.1153183,0.15083459,0,zr,117.32134240000001,36.907784399999997,0.912999988,-0.0299999993,20220527175023,707,0x1,0x3,20.9400005,26.1002178,0.0246572606,0.0984762833,6.48560763e-06,30,1.94200003,2
707201300016686,197217596,2459726.6722769039,59726.175960599998,19.9206409,0.13209413,0,zr,117.3213283,36.907756399999997,1.21500003,-0.0340000018,20220527175961,707,0x1,0x3,21.0300007,26.0855408,0.0247061439,0.0995924249,6.52059634e-06,30,1.95500004,2
707201300016686,197616525,2459730.661302302,59730.165254599997,18.9780121,0.0656393468,0,zr,117.3213021,36.907745300000002,0.30399999,0.0370000005,20220531165243,707,0x1,0x3,20.1100006,26.112505,0.0303377155,0.089962773,9.98292398e-06,30,1.95799994,2
707201300016686,197616762,2459730.663674844,59730.167627299998,19.3538399,0.0872316808,0,zr,117.321291,36.907629499999999,1.28400004,-0.107000001,20220531167604,707,0x1,0x3,20.2000008,26.0979538,0.0284120236,0.0869023129,8.67688777e-06,30,1.99399996,2
707201300016686,197617236,2459730.668408331,59730.172361099998,19.9939613,0.138980359,0,zr,117.32126390000001,36.907802699999998,1.051,-0.391000003,20220531172338,707,0x1,0x3,20.4099998,26.0877533,0.0267785173,0.0944002643,7.65191817e-06,30,2.06999993,2
707201300016686,197716957,2459731.6655547824,59731.169571799997,19.3719826,0.0884313509,0,zr,117.3213339,36.907806000000001,0.57099998,-0.229000002,20220601169560,707,0x1,0x3,20.0300007,26.027895,0.0311209355,0.0805291831,1.04135042e-05,30,2.06900001,2
707201300016686,197717193,2459731.6679157256,59731.171932899997,19.3155441,0.0847490951,0,zr,117.3212734,36.907786299999998,0.521000028,0.063000001,20220601171933,707,0x1,0x3,20.1499996,26.0152054,0.0312549919,0.0942962617,1.0507456e-05,30,2.10899997,2
707201300016686,197717430,2459731.6702882801,59731.174305599998,19.609272,0.105552934,0,zr,117.3214188,36.907746699999997,0.317999989,-0.0289999992,20220601174306,707,0x1,0x3,20.2800007,25.9975986,0.0287005324,0.10127911,8.88425893e-06,30,2.15100002,2
707201300016686,197817194,2459732.6678639892,59732.171944399997,19.944809,0.134339243,0,zr,117.32128760000001,36.907779699999999,1.12600005,-0.0329999998,20220602171933,707,0x1,0x3,20.2900009,26.0349865,0.0282468796,0.091441974,8.51378718e-06,30,2.15799999,2
707201300016686,197817431,2459732.6702365382,59732.174317099998,19.4077663,0.0908424109,0,zr,117.3212862,36.907739499999998,0.298000008,-0.0489999987,20220602174317,707,0x1,0x3,20.3400002,26.0195484,0.0290618278,0.0913284048,8.98634516e-06,30,2.2019999,2
707201300016686,198116863,2459735.6643717387,59735.168634299996,19.7811089,0.119638756,0,zr,117.3213221,36.907757799999999,0.736000001,-0.0949999988,20220605168634,707,0x1,0x3,20.1700001,25.9903889,0.0319471993,0.0933407769,1.09337061e-05,30,2.25099993,2
707201300016686,198216668,2459736.662369071,59736.166689799997,19.4471455,0.0935650021,0,zr,117.3212695,36.907784399999997,0.449999988,-0.064000003,20220606166678,707,0x1,0x3,19.8600006,26.0828152,0.031632781,0.0921054408,1.09338343e-05,30,2.26600003,2
707201300016686,198217394,2459736.6696256502,59736.173946800001,19.874958,0.12791957,0,zr,117.3213767,36.907740400000002,0.874000013,-0.298000008,20220606173947,707,0x1,0x3,20.1200008,26.045702,0.0328605101,0.102617525,1.15553976e-05,30,2.42400002,2
707201300016686,198316711,2459737.6627403419,59737.167118099998,19.5035858,0.0975953788,0,zr,117.3212219,36.907767499999999,0.472000003,-0.0189999994,20220607167106,707,0x1,0x3,19.5499992,26.0600224,0.0387358069,0.100586496,1.70578987e-05,30,2.33200002,2
707201300016686,198317680,2459737.6724273036,59737.1768056,19.5658226,0.102216333,0,zr,117.3215792,36.9077141,1.40199995,-0.541999996,20220607176806,707,0x1,0x3,19.7700005,26.0321217,0.0331997126,0.102971882,1.18170892e-05,30,2.56100011,2
707201300016686,205249818,2459806.9934742707,59806.498182900003,18.7535667,0.0554296412,0,zr,117.3212612,36.9077701,0.757000029,0.0450000018,20220815498183,707,0x1,0x3,19.9500008,25.8306713,0.0397238322,0.102165878,1.72209711e-05,30,2.66100001,1
707201300016686,205250057,2459806.995870186,59806.500578699997,19.1552773,0.0750726163,0,zr,117.3213191,36.907769000000002,0.712000012,-0.075000003,20220815500579,707,0x1,0x3,20,25.8341351,0.0351500548,0.109176598,1.32846963e-05,30,2.59599996,1
707201300016686,205250297,2459806.998266106,59806.502974499999,19.5688629,0.102446802,0,zr,117.3212573,36.907781700000001,0.898000002,-0.405999988,20220815502975,707,0x1,0x3,19.7900009,25.8657265,0.0431266055,0.10109029,2.06314271e-05,30,2.53399992,1
707201300016686,205250537,2459807.0006621219,59806.505370400002,19.2738132,0.0821198374,0,zr,117.3213561,36.907846200000002,0.282000005,0.00400000019,20220815505370,707,0x1,0x3,19.6599998,25.891716,0.0423028655,0.10552796,2.07569828e-05,30,2.47399998,1
707201300016686,205250776,2459807.0030580438,59806.507766199997,19.2447166,0.080332838,0,zr,117.32134670000001,36.907963700000003,0.712000012,-0.446999997,20220815507766,707,0x1,0x3,19.3899994,25.8957024,0.044584427,0.107241347,2.61034038e-05,30,2.41799998,1
707201300016686,205350194,2459807.9972846615,59807.501944399999,18.9895573,0.066215232,0,zr,117.3212746,36.907772899999998,0.684000015,-0.0900000036,20220816501944,707,0x1,0x3,19.8999996,25.9069862,0.0416888632,0.106455512,1.87229016e-05,30,2.49099994,1
707201300016686,205350434,2459807.9996806774,59807.504340300002,18.8274384,0.0585893691,0,zr,117.3213744,36.907733299999997,0.361000001,0.0710000023,20220816504340,707,0x1,0x3,19.75,25.9210548,0.0453816168,0.0988666043,2.28568388e-05,30,2.43400002,1
707201300016686,205350673,2459808.0020765974,59807.506736099996,19.1023331,0.0721202791,0,zr,117.321305,36.907627400000003,0.684000015,0.0109999999,20220816506736,707,0x1,0x3,19.4699993,25.940836,0.0455886647,0.118347466,2.51566435e-05,30,2.37899995,1
707201300016686,205450369,2459808.9990825406,59808.503692099999,19.4884586,0.0965002477,0,zr,117.3211921,36.907790200000001,0.949000001,0.194000006,20220817503692,707,0x1,0x3,19.8999996,25.9165859,0.0381613784,0.0979337245,1.57836112e-05,30,2.38599992,1
707201300016686,205450608,2459809.0014785607,59808.506088000002,18.8159866,0.0580870993,0,zr,117.3212138,36.907706099999999,1.13100004,0.137999997,20220817506088,707,0x1,0x3,19.7099991,25.940546,0.0449809246,0.1051967,2.24774867e-05,30,2.33400011,1
707201300016686,205450848,2459809.0038744821,59808.508483799997,18.9246273,0.0630429611,0,zr,117.3212888,36.907709400000002,0.375999987,-0.0469999984,20220817508484,707,0x1,0x3,19.4500008,25.9522057,0.0423988365,0.106995344,2.20144011e-05,30,2.28299999,1
707201300016686,205650932,2459811.0048237033,59810.509328699998,19.5789204,0.103212528,0,zr,117.3212719,36.907791899999999,0.754999995,0.112999998,20220819509317,707,0x1,0x3,19.8199997,25.8845272,0.0433371328,0.0965949744,2.08728779e-05,30,2.16100001,1
707201300016686,205749989,2459811.9954444282,59811.4998958,20.2090416,0.16031228,0,zr,117.321433,36.907912000000003,0.726999998,-0.218999997,20220820499896,707,0x1,0x3,20.3400002,25.9505558,0.0315422863,0.10875652,1.06875186e-05,30,2.29200006,1
707201300016686,205850229,2459812.9978959332,59812.502291700002,19.8965549,0.12988171,0,zr,117.32130909999999,36.907722900000003,0.479999989,-0.187000006,20220821502292,707,0x1,0x3,20.4200001,25.9272232,0.0349376202,0.107465327,1.32041769e-05,30,2.19000006,1
707201300016686,205950145,2459813.9971192726,59813.501458300001,18.9691849,0.0652024746,0,zr,117.3212741,36.907739399999997,0.832000017,-0.0879999995,20220822501400,707,0x1,0x3,20.2399998,25.9133587,0.03360001,0.108661279,1.21404073e-05,30,2.15499997,1
707201300016686,205950385,2459813.9995153076,59813.503854199997,19.128046,0.0735393837,0,zr,117.3214019,36.907765499999996,1.39400005,-0.270000011,20220822503854,707,0x1,0x3,20.2199993,25.9182262,0.0339821354,0.108531848,1.24355893e-05,30,2.11299992,1
707201300016686,205950626,2459814.0019228556,59813.5062616,19.460289,0.0944900662,0,zr,117.3212341,36.907754500000003,0.493000001,0.245000005,20220822506250,707,0x1,0x3,20.0699997,25.9304829,0.0334464274,0.108327083,1.20372324e-05,30,2.07200003,1
707201300016686,206050303,2459814.9987515481,59814.503032400004,18.6711941,0.0521238148,0,zr,117.3213269,36.907771099999998,0.563000023,-0.0860000029,20220823503021,707,0x1,0x3,20.3400002,25.939579,0.0307967663,0.105243027,1.01988153e-05,30,2.07999992,1
707201300016686,206050542,2459815.0011474909,59814.505428199998,18.9714031,0.0653119832,0,zr,117.3213183,36.907756399999997,0.750999987,0.0299999993,20220823505428,707,0x1,0x3,20.2399998,25.9407082,0.0312089231,0.113285668,1.04890032e-05,30,2.04099989,1
707201300016686,206150439,2459816.0001767012,59815.504398099998,19.3451157,0.0866601616,0,zr,117.32131080000001,36.907800899999998,0.777999997,0.112999998,20220824504398,707,0x1,0x3,20.6399994,25.934967,0.0304878484,0.101099901,9.96582094e-06,30,2.01300001,1
707201300016686,206150680,2459816.0025843466,59815.506805600002,19.1612568,0.0754135028,0,zr,117.32132900000001,36.907782599999997,0.587000012,-0.023,20220824506794,707,0x1,0x3,20.5,25.9382572,0.0304271001,0.102124728,9.90708577e-06,30,1.97599995,1
707201300016686,206150920,2459816.0049802898,59815.509201399997,18.8109837,0.0578691028,0,zr,117.32136060000001,36.907746299999999,1.14999998,-0.173999995,20220824509201,707,0x1,0x3,20.3600006,25.942358,0.0315721482,0.105214871,1.06741518e-05,30,1.94099998,1
707201300016686,206151160,2459816.0073878402,59815.5116088,19.182312,0.0766260773,0,zr,117.3213121,36.907776200000001,0.467999995,0.0540000014,20220824511597,707,0x1,0x3,20,25.9634705,0.0374530219,0.0956393108,1.50601882e-05,30,1.90699995,1
707201300016686,206151401,2459816.0097953891,59815.514016200003,19.5533943,0.10127864,0,zr,117.3212795,36.9077913,0.657999992,-0.162,20220824514005,707,0x1,0x3,19.7900009,25.9766045,0.0391809419,0.105288945,1.69572268e-05,30,1.87399995,1
707201300016686,206250454,2459817.000387846,59816.504548600002,19.710598,0.113687783,0,zr,117.3213221,36.907789899999997,0.414999992,0.0359999985,20220825504549,707,0x1,0x3,20.7399998,25.9786377,0.0359701626,0.0942001119,1.39728081e-05,30,1.96899998,1
707201300016686,206250694,2459817.0027837916,59816.506944399996,19.5953407,0.104473129,0,zr,117.3213006,36.9076612,0.734000027,-0.134000003,20220825506944,707,0x1,0x3,20.4400005,25.9654636,0.0294642355,0.0969465151,9.35027037e-06,30,1.93400002,1
707201300016686,206250936,2459817.0052029416,59816.5093634,19.1081905,0.0724411011,0,zr,117.3213872,36.907761700000002,0.305000007,0.0410000011,20220825509352,707,0x1,0x3,20.3500004,25.980484,0.0340794325,0.105026327,1.25301785e-05,30,1.89999998,1
707201300016686,206251175,2459817.0075989934,59816.511759300003,18.9617443,0.0648365617,0,zr,117.32134019999999,36.9077725,0.540000021,-0.0489999987,20220825511759,707,0x1,0x3,20.0900002,25.9902439,0.0384436511,0.0981627926,1.60165309e-05,30,1.86699998,1
707201300016686,206251416,2459817.0100065437,59816.514166699999,19.3625526,0.0878059343,0,zr,117.3213073,36.907731200000001,0.758000016,-0.194999993,20220825514155,707,0x1,0x3,19.7800007,26.0058975,0.0402154662,0.103287064,1.81206342e-05,30,1.83599997,1
707201300016686,206350283,2459817.9987366241,59817.502835599997,19.9463387,0.13448216,0,zr,117.3212903,36.907767200000002,0.515999973,0.0489999987,20220826502836,707,0x1,0x3,20.8400002,25.9106903,0.0239625107,0.100700729,6.13928023e-06,30,1.954,1
707201300016686,206350524,2459818.0011442765,59817.5052431,19.6274052,0.106972359,0,zr,117.3212891,36.907741600000001,0.694999993,-0.00700000022,20220826505232,707,0x1,0x3,20.7299995,25.9208145,0.0268122237,0.101285242,7.69919279e-06,30,1.91900003,1
707201300016686,206350765,2459818.0035518259,59817.507650500003,19.6731949,0.110627338,0,zr,117.3213306,36.907701699999997,1.09200001,0.0179999992,20220826507639,707,0x1,0x3,20.6200008,25.9237213,0.0281365588,0.103196204,8.48213949e-06,30,1.88600004,1
707201300016686,206351004,2459818.0059477822,59817.510046299998,19.7209797,0.114549145,0,zr,117.32126580000001,36.9077299,0.920000017,0.0540000014,20220826510046,707,0x1,0x3,20.3899994,25.9415798,0.029919235,0.102869757,9.65303479e-06,30,1.85399997,1
707201300016686,206351245,2459818.0083553372,59817.512453700001,19.1455555,0.0745216459,0,zr,117.3212621,36.907795800000002,0.744000018,-0.0680000037,20220826512454,707,0x1,0x3,20.1399994,25.9583092,0.0325581841,0.0966644585,1.1486075e-05,30,1.82299995,1
707201300016686,206849458,2459822.99081128,59822.494583300002,19.8710403,0.127565891,0,zr,117.3212417,36.907700599999998,0.816999972,0.00800000038,20220831494572,707,0x1,0x3,20.5699997,26.0224228,0.0287950654,0.109763809,8.94365621e-06,30,1.87800002,1
707201300016686,206849703,2459822.9932651483,59822.497037000001,19.8507614,0.125746071,0,zr,117.3213413,36.907804400000003,0.596000016,-0.158999994,20220831497025,707,0x1,0x3,20.7999992,26.0282669,0.0265708137,0.101898037,7.70874885e-06,30,1.84599996,1
707201300016686,206849949,2459822.9957190137,59822.4994907,20.0614014,0.145502836,0,zr,117.32138329999999,36.907722700000001,0.736999989,0.0839999989,20220831499479,707,0x1,0x3,20.7299995,26.0309544,0.029294258,0.100263417,9.36635934e-06,30,1.81500006,1
707201300016686,209247250,2459846.970645817,59846.472500000003,19.7418423,0.116295643,0,zr,117.32131269999999,36.907714599999998,1.05200005,-0.0970000029,20220924472488,707,0x1,0x3,21.2000008,26.1347008,0.0240481365,0.0945605636,6.1583246e-06,30,1.449,1
707201300016686,209550541,2459850.0038365298,59849.505416699998,19.7905159,0.120450407,0,zr,117.32131510000001,36.907733100000002,0.884000003,-0.141000003,20220927505417,707,0x1,0x3,21.2700005,26.1616192,0.0206928849,0.0920503736,4.57953456e-06,30,1.22399998,1
707201300016686,209938942,2459853.8881986979,59853.389421300002,20.1932144,0.158695489,0,zr,117.32136509999999,36.907754300000001,0.79400003,-0.0649999976,20221001389421,707,0x1,0x3,20.9699993,26.0538254,0.0247724783,0.103562646,6.52612698e-06,30,2.20799994,1
707201300016686,210149047,2459855.9894481264,59855.490474500002,19.8513813,0.125801429,0,zr,117.3213064,36.907734099999999,0.765999973,0.075000003,20221003490405,707,0x1,0x3,21.6700001,26.1286697,0.0214695893,0.0954476446,4.94724145e-06,30,1.21800005,1
707201300016686,210348812,2459857.9872865174,59857.488125000003,19.7161026,0.114143878,0,zr,117.32129980000001,36.9077366,0.765999973,-0.119000003,20221005488090,707,0x1,0x3,21.4799995,26.1361237,0.0238339789,0.095868744,6.05264404e-06,30,1.20599997,1
707201300016686,210550961,2459860.0089709437,59859.509618099997,19.4116402,0.0911069661,0,zr,117.3213121,36.907753100000001,0.874000013,-0.134000003,20221007509560,707,0x1,0x3,21.5499992,26.1414375,0.0205500759,0.0947249308,4.60495494e-06,30,1.11800003,1
707201300016686,210850348,2459863.0031216918,59862.503483799999,19.6557407,0.109222256,0,zr,117.32133020000001,36.907755899999998,0.856000006,-0.0439999998,20221010503484,707,0x1,0x3,20.6599998,26.1754627,0.0258840583,0.0937430263,7.25890186e-06,30,1.11300004,1
707201300016686,211150326,2459866.0031888443,59865.503263899998,20.6331463,0.20280993,0,zr,117.321254,36.907704199999998,0.526000023,-0.238000005,20221013503264,707,0x1,0x3,21.0200005,26.1728859,0.0256798845,0.0952701643,7.15457827e-06,30,1.09399998,1
707201300016686,211340430,2459867.9044127832,59867.404305600001,19.5709209,0.102603145,0,zr,117.3214569,36.907795499999999,0.527999997,-0.222000003,20221015404294,707,0x1,0x3,20.0599995,26.0457821,0.0312282871,0.0858080015,1.05388608e-05,30,1.53299999,1
707201300016686,211742644,2459871.9269398646,59871.426446799996,19.6315651,0.107300267,0,zr,117.3213193,36.907696999999999,0.441000015,-0.0370000005,20221019426435,707,0x1,0x3,20.3099995,26.1485443,0.0373119712,0.101974696,1.49106818e-05,30,1.31200004,1
707201300016686,211946537,2459873.9660586705,59873.465370400001,19.7389145,0.116049297,0,zr,117.32128489999999,36.907755999999999,0.702000022,0.0299999993,20221021465359,707,0x1,0x3,21.4300003,26.0852966,0.0217543878,0.0931455567,5.09688925e-06,30,1.13499999,1
707201300016686,212248666,2459876.9876429765,59876.486666700002,19.7991524,0.121199273,0,zr,117.3213827,36.907913999999998,0.550000012,-0.0359999985,20221024486655,707,0x1,0x3,20.5200005,26.1723289,0.0262347143,0.0982759222,7.48166849e-06,30,1.06599998,1
707201300016686,212542258,2459879.9238350075,59879.422580999999,20.128931,0.152195811,0,zr,117.32127629999999,36.907774000000003,0.959999979,-0.178000003,20221027422581,707,0x1,0x3,20.7399998,26.1478138,0.0280069988,0.102824591,8.51364712e-06,30,1.22800004,1
707201300016686,212749201,2459881.993462062,59881.492013900002,20.1787243,0.157220855,0,zr,117.3212807,36.9077172,0.533999979,-0.0590000004,20221029491979,707,0x1,0x3,21.4899998,26.1797543,0.0199627522,0.0890390202,4.30561749e-06,30,1.03699994,1
707201300016686,212944444,2459883.9460741398,59883.444444399996,20.2958355,0.169264495,0,zr,117.3212693,36.907731599999998,0.720000029,0.0280000009,20221031444433,707,0x1,0x3,21.3500004,26.1701088,0.0207242407,0.0950688943,4.63230299e-06,30,1.11800003,1
707201300016686,214139012,2459895.8928233786,59895.390127300001,20.1187229,0.151174471,0,zr,117.3213769,36.907736499999999,0.665000021,-0.023,20221112390127,707,0x1,0x3,20.6299992,26.1637707,0.0242680442,0.0915323794,6.31942385e-06,30,1.18400002,1
707201300016686,214440684,2459898.9097902407,59898.406840299998,20.0445023,0.143852472,0,zr,117.3212533,36.907773900000002,0.930000007,0.153999999,20221115406748,707,0x1,0x3,21.0200005,26.1918297,0.0214661919,0.0916463509,4.97145038e-06,30,1.10899997,1
707201300016686,214838500,2459902.8882728508,59902.385000000002,19.5338898,0.0998221561,0,zr,117.3213475,36.907750499999999,0.911000013,-0.0149999997,20221119385000,707,0x1,0x3,20.3899994,26.1805248,0.0310961362,0.096627295,1.04998417e-05,30,1.13900006,1
707201300016686,215045364,2459904.9570807945,59904.4536458,19.485342,0.096276015,0,zr,117.321298,36.907703499999997,1.07299995,0.0329999998,20221121453646,707,0x1,0x3,21.2700005,26.1533394,0.0201505981,0.0959590375,4.39640326e-06,30,1.01499999,1
707201300016686,215238428,2459906.8878648016,59906.384282400002,19.6738663,0.11068166,0,zr,117.32131889999999,36.907754799999999,0.940999985,-0.151999995,20221123384259,707,0x1,0x3,21.3299999,26.1904144,0.0195370875,0.0942970961,4.11565179e-06,30,1.11099994,1
707201300016686,215540935,2459909.9131573699,59909.409351900002,19.8783836,0.128229439,0,zr,117.3213451,36.907733299999997,1.30499995,0.120999999,20221126409340,707,0x1,0x3,21.5,26.2060356,0.020126503,0.0887288377,4.38041798e-06,30,1.04499996,1
707201300016686,215940715,2459913.9112371313,59913.407152799999,21.3187065,0.266541243,0,zr,117.32129329999999,36.907777099999997,0.921999991,-0.261999995,20221130407025,707,0x1,0x3,21.2099991,26.1939812,0.019112559,0.0903609619,3.9389447e-06,30,1.03400004,1
707201300016686,217838188,2459932.8870105501,59932.3818866,21.1692791,0.252650142,32768,zr,117.3212508,36.907807200000001,0.375999987,-0.153999999,20221219381875,707,0x1,0x3,21.4699993,26.2019882,0.0190944858,0.0868479609,3.95222651e-06,30,1.01199996,1
707201300016686,221530840,2459969.8139274074,59969.308402800001,20.8124771,0.219480991,0,zr,117.3213679,36.907674200000002,1.051,-0.335999995,20230125308391,707,0x1,0x3,20.9899998,26.2389812,0.0250316057,0.0772291049,6.84957831e-06,30,1.00899994,1
707201300016686,221732054,2459971.8260245519,59971.320544000002,20.8267365,0.220806479,0,zr,117.3214155,36.907830599999997,0.832000017,0.0170000009,20230127320509,707,0x1,0x3,21.1499996,26.1913414,0.0208057277,0.098193787,4.67562177e-06,30,1.01800001,1
707201300016686,226718122,2460021.6837761267,60021.1812269,21.3504543,0.269492626,0,zr,117.3211462,36.908056199999997,0.818000019,-0.108999997,20230318181204,707,0x1,0x3,21.1800003,26.1669617,0.021419039,0.0916288197,4.94169399e-06,30,1.01600003,1
707201300016686,229124005,2460045.7403899184,60045.240057900002,21.238966,0.259128332,0,zr,117.3214329,36.907759499999997,0.944000006,0.310000002,20230411240058,707,0x1,0x3,21.4500008,26.1390514,0.0240770224,0.0956628695,6.2789104e-06,30,1.36199999,1
707201300016686,245950248,2460214.0007938468,60213.502488400001,21.549345,0.287981868,0,zr,117.32121720000001,36.907735700000003,0.653999984,-0.0109999999,20230926502488,707,0x1,0x3,21.3899994,26.1662235,0.0213725995,0.095919624,4.99828593e-06,30,1.25100005,1
707201300016686,247150865,2460226.0080803297,60225.508657400002,21.3036652,0.265142918,0,zr,117.3214414,36.907867000000003,0.515999973,0.0199999996,20231008508646,707,0x1,0x3,21.1700001,26.1332054,0.0225312896,0.0944735333,5.5467217e-06,30,1.11600006,1
707201300016686,247849605,2460232.9961446919,60232.496053199997,20.1625195,0.155577898,0,zr,117.3213239,36.907736700000001,0.469999999,-0.0359999985,20231015496053,707,0x1,0x3,21.4099998,26.1788578,0.0200349782,0.0967662707,4.34999492e-06,30,1.09899998,1
707201300016686,248042482,2460234.9251030311,60234.424826399998,19.6418495,0.108114429,0,zr,117.321291,36.907753599999999,0.809000015,0.0170000009,20231017424815,707,0x1,0x3,21.3299999,26.1029377,0.0236860607,0.0942602605,6.05207606e-06,30,1.35599995,1
707201300016686,248249317,2460236.9936464089,60236.493171299997,19.1191444,0.0730449706,0,zr,117.32135220000001,36.907767100000001,0.558000028,-0.0199999996,20231019493125,707,0x1,0x3,21.1100006,26.1770916,0.0215572007,0.095690541,5.06688093e-06,30,1.08099997,1
707201300016686,248449101,2460238.9916848806,60238.491018499997,20.8612938,0.224019051,0,zr,117.3213696,36.907775600000001,0.448000014,0.0439999998,20231021491019,707,0x1,0x3,21.6000004,26.1689777,0.0215587821,0.0940719545,5.04492482e-06,30,1.07500005,1
707201300016686,248742431,2460241.9252630742,60241.424317099998,19.246994,0.0804713219,0,zr,117.3213468,36.907930100000002,0.731999993,-0.0320000015,20231024424317,707,0x1,0x3,20.1800003,26.1348171,0.0335967802,0.0994647294,1.21929243e-05,30,1.25899994,1
707201300016686,249249998,2460247.0014130305,60246.499988399999,19.9700432,0.136709586,0,zr,117.3211726,36.907827300000001,0.856999993,-0.243000001,20231029499977,707,0x1,0x3,20.5599995,26.1897678,0.0258180853,0.0942004174,7.26555709e-06,30,1.02900004,1
707201300016686,249948893,2460253.9910023096,60253.488935200003,19.3301926,0.0856907666,0,zr,117.3212951,36.907738700000003,0.703000009,0.0500000007,20231105488935,707,0x1,0x3,21.3999996,26.1983624,0.0212883521,0.0932546332,4.94594087e-06,30,1.02100003,1
707201300016686,250444506,2460258.9475758909,60258.445069399997,20.1328926,0.152592853,0,zr,117.3213181,36.907747700000002,1.18099999,-0.108999997,20231110445058,707,0x1,0x3,21.2199993,26.1767807,0.0202590823,0.092712909,4.44376747e-06,30,1.05900002,1
707201300016686,250643312,2460260.9358030446,60260.433125000003,20.8596592,0.223867059,0,zr,117.32130720000001,36.907731800000001,0.697000027,0.0710000023,20231112433125,707,0x1,0x3,21.4300003,26.1826267,0.0204538014,0.0948591828,4.58131535e-06,30,1.07099998,1
707201300016686,250847232,2460262.9751772839,60262.472326399999,19.5819492,0.103444107,0,zr,117.3212747,36.907731800000001,0.513000011,-0.0209999997,20231114472326,707,0x1,0x3,21.7399998,26.1884594,0.0233967304,0.0933618993,5.98243378e-06,30,1.01499999,1
707201300016686,253331877,2460287.8233933412,60287.3187731,19.4706345,0.0952239037,0,zr,117.3213004,36.907745400000003,1.42900002,0.103,20231209318773,707,0x1,0x3,20.9599991,26.1727543,0.0215722136,0.0947111398,5.09857591e-06,30,1.17900002,1
707201300016686,253734292,2460291.8477634452,60291.3429282,19.4314804,0.0924731642,0,zr,117.32133779999999,36.9077658,0.944999993,0.0370000005,20231213342917,707,0x1,0x3,21.0900002,26.1810627,0.0215738304,0.089723058,5.07075265e-06,30,1.08200002,1
707201300016686,253838768,2460292.8929196983,60292.387685200003,19.5152569,0.0984477252,32768,zr,117.32132180000001,36.907741899999998,0.612999976,-0.0529999994,20231214387650,707,0x1,0x3,21.4699993,27.374445,0.0175461024,0.096144408,3.38701921e-06,90,1.01699996,1
707201300016686,253940995,2460293.9152375385,60293.4099537,18.9497318,0.0642503276,32768,zr,117.3213298,36.907789299999997,1.03999996,-0.0179999992,20231215409942,707,0x1,0x3,20.7199993,27.312067,0.0221702382,0.100076728,5.40625979e-06,90,1.00800002,1
707201300016686,254244571,2460296.9507915047,60296.4457176,20.3302898,0.172846422,0,zr,117.321326,36.907752000000002,0.625999987,-0.0289999992,20231218445683,707,0x1,0x3,21.0799999,26.0117168,0.021634642,0.087801896,5.10220298e-06,30,1.03199995,1
707201300016686,256042197,2460314.9275681735,60314.4219792,20.7771645,0.216198206,0,zr,117.3212298,36.907788699999998,0.694000006,0.00700000022,20240105421968,707,0x1,0x3,21.3199997,26.178772,0.0207716376,0.0930780321,4.67162226e-06,30,1.07000005,1
707201300016686,257023873,2460324.7443819498,60324.238738400003,19.8049564,0.121704504,0,zr,117.32132249999999,36.907719999999998,0.836000025,0.169,20240115238727,707,0x1,0x3,21.3299999,26.1618195,0.01962802,0.0941129848,4.22490939e-06,30,1.11500001,1
707201300016686,257240243,2460326.9080640581,60326.402430599999,19.4505539,0.0938040763,0,zr,117.3213592,36.907749500000001,1.39199996,-0.0179999992,20240117402419,707,0x1,0x3,21.2999992,26.1208649,0.0208596587,0.095327571,4.77355252e-06,30,1.097,1
707201300016686,258634836,2460340.8537482168,60340.3483681,19.1422157,0.074333325,0,zr,117.3213004,36.907774500000002,1.65100002,0.0489999987,20240131348368,707,0x1,0x3,21.1700001,26.1749134,0.0209723786,0.092753619,4.81394318e-06,30,1.06500006,1
707201300016686,259730305,2460351.8080167435,60351.303055600001,20.1264229,0.151944607,0,zr,117.3212951,36.907766199999998,0.782999992,-0.0710000023,20240211303044,707,0x1,0x3,21.2000008,26.1851044,0.0197373256,0.0944392607,4.24637437e-06,30,1.04100001,2
707201300016686,259824666,2460352.7515831795,60352.246666699997,19.6080532,0.105458029,0,zr,117.32128950000001,36.907769999999999,0.536000013,-0.0149999997,20240212246644,707,0x1,0x3,21.5100002,26.1876259,0.0207622424,0.0923089311,4.68564576e-06,30,1.00800002,1
707201300016686,260025957,2460354.7643886581,60354.259571800001,19.9718533,0.136880577,32768,zr,117.3213634,36.907726500000003,0.674000025,-0.0419999994,20240214259525,707,0x1,0x3,20.7800007,25.6634674,0.0251602773,0.088916257,6.95975814e-06,30,1.01100004,1
707201300016686,260322300,2460357.7276690104,60357.223009300003,19.9740448,0.137087777,0,zr,117.32136730000001,36.907778200000003,1.09200001,-0.0689999983,20240217222998,707,0x1,0x3,21.2999992,26.1836529,0.0199801642,0.0899583623,4.36839491e-06,30,1.01100004,1
707201300016686,261427362,2460368.7775943177,60368.273622699999,19.8082657,0.121993244,0,zr,117.3213195,36.907786799999997,0.838,-0.100000001,20240228273623,707,0x1,0x3,21.0200005,26.1342373,0.0211046431,0.093603529,4.84404882e-06,30,1.06799996,1
707201300016686,262026665,2460374.7701928415,60374.2666551,18.9959221,0.0665350184,0,zr,117.3213054,36.907773200000001,0.395000011,0.00800000038,20240305266644,707,0x1,0x3,21.3099995,26.0647945,0.0205256511,0.0878488943,4.59151534e-06,30,1.08700001,1
707201300016686,263721631,2460391.7184486729,60391.216319400002,19.2799606,0.0825021639,0,zr,117.32133450000001,36.907793699999999,0.541000009,-0.00400000019,20240322216273,707,0x1,0x3,20.7600002,26.1801414,0.0235231426,0.0916673094,6.11965288e-06,30,1.079,1
707201300016686,264328245,2460397.7840316528,60397.282453699998,20.3278465,0.172592044,0,zr,117.3213209,36.907680999999997,0.677999973,0.0430000015,20240328282442,707,0x1,0x3,20.9300003,26.120142,0.0222332422,0.0949105695,5.4191346e-06,30,1.40100002,1
707201300016686,265015892,2460404.6598583236,60404.1589236,20.8966904,0.227309585,0,zr,117.32134600000001,36.907776599999998,0.782999992,-0.237000003,20240404158924,707,0x1,0x3,21.2399998,26.1835728,0.0205605663,0.0972156674,4.60962428e-06,30,1.04200006,1
707201300016686,265424780,2460408.7483472358,60408.247800899997,19.0766945,0.0707325041,0,zr,117.3213365,36.907729699999997,0.563000023,-0.0769999996,20240408247801,707,0x1,0x3,20.8299999,25.9843521,0.0262463856,0.0977234468,7.55391511e-06,30,1.37199998,1
707201300016686,266723712,2460421.7364396318,60421.237129599998,19.6941128,0.112330608,0,zr,117.3212259,36.907768500000003,0.736999989,-0.0140000004,20240421237002,707,0x1,0x3,20.2900009,26.0661488,0.0291376691,0.0991251171,9.19853392e-06,30,1.551,1
707201300016686,267521608,2460429.7146560908,60429.216088000001,19.2151184,0.0785534978,0,zr,117.3213015,36.9077141,1.04900002,0.0149999997,20240429216088,707,0x1,0x3,20.7800007,26.0964928,0.0231254566,0.0960850716,5.81165204e-06,30,1.55799997,1
707201300016686,267918214,2460433.680350523,60433.182141199999,19.1185341,0.0730111971,0,zr,117.3212947,36.907773800000001,0.65200001,-0.0780000016,20240503182141,707,0x1,0x3,21.2600002,26.0531235,0.0230456945,0.0953828394,5.76687535e-06,30,1.38800001,1
707201300016686,270416746,2460458.6636805404,60458.167465300001,19.0951271,0.0717274845,0,zr,117.3212954,36.9077871,0.889999986,-0.101000004,20240528167465,707,0x1,0x3,20.5,26.0744114,0.0262365527,0.103571035,7.37150413e-06,30,1.89199996,2
707201300016686,270417093,2460458.6671525002,60458.170937499999,19.1113091,0.0726125017,0,zr,117.3212858,36.907742200000001,0.662999988,-0.0689999983,20240528170926,707,0x1,0x3,20.5699997,26.0654068,0.0264793579,0.100532472,7.55324027e-06,30,1.94099998,2
707201300016686,270417439,2460458.6706128628,60458.174398100004,19.355423,0.0873357579,0,zr,117.3213001,36.907749899999999,0.504999995,-0.122000001,20240528174387,707,0x1,0x3,20.3799992,26.0522213,0.0283018202,0.108585708,8.66858409e-06,30,1.99300003,2
707201300016686,270517196,2460459.6681151846,60459.171967599999,19.359869,0.0876286179,0,zr,117.3212451,36.907738100000003,0.865999997,-0.0189999994,20240529171968,707,0x1,0x3,20.3799992,26.0505924,0.026655782,0.0950879827,7.59462318e-06,30,1.99699998,2
707201300016686,270517535,2460459.6715061562,60459.175358799999,19.1839123,0.0767189786,0,zr,117.32126460000001,36.907752299999999,0.592999995,0.0780000016,20240529175359,707,0x1,0x3,20.5799999,26.0434856,0.0256638657,0.0971189812,7.06620813e-06,30,2.05100012,2
707201300016686,270617559,2460460.6716714334,60460.175590300001,20.3071728,0.170441926,0,zr,117.32117890000001,36.907882700000002,0.862999976,-0.356999993,20240530175590,707,0x1,0x3,20.4200001,26.0298767,0.0266392361,0.0983451903,7.60249941e-06,30,2.10100007,2
707201300016686,271217613,2460466.6718431283,60466.176134300003,19.2356586,0.0797841623,0,zr,117.32134120000001,36.907758899999997,0.683000028,-0.0710000023,20240605176088,707,0x1,0x3,19.6399994,25.952961,0.0402908251,0.101012215,1.77395668e-05,30,2.44199991,2
707201300016686,279549749,2460549.9934947118,60549.497499999998,19.6869469,0.111744754,0,zr,117.32132590000001,36.907807599999998,0.344000012,0.0439999998,20240827496887,707,0x1,0x3,20.4799995,26.0518265,0.0352469124,0.103650428,1.33036374e-05,30,1.97500002,1
707201300016686,279550043,2460549.9964347025,60549.500439800002,19.8611488,0.126675874,0,zr,117.3213238,36.907764,0.717999995,0.225999996,20240827500405,707,0x1,0x3,20.5599995,26.0571499,0.0276634768,0.103443094,8.19699562e-06,30,1.92999995,1
707201300016686,281247142,2460566.9686667621,60566.4714236,19.6782513,0.11103718,0,zr,117.3215301,36.907875799999999,0.58099997,0.0280000009,20240913471400,707,0x1,0x3,20.0699997,25.7399464,0.0354931355,0.107873254,1.34125667e-05,30,1.71300006,1
707201300016686,282347283,2460577.9710247163,60577.472835599998,19.7994118,0.121221855,0,zr,117.32133640000001,36.9076618,0.661000013,0.0250000004,20240924472824,707,0x1,0x3,20.7999992,26.0985794,0.0251652747,0.100420475,6.75286628e-06,30,1.43799996,1
707201300016686,283945468,2460593.9543671287,60593.454687500001,20.7083035,0.209796667,0,zr,117.32121429999999,36.907867400000001,0.495000005,-0.114,20241010454572,707,0x1,0x3,20.9799995,26.1405697,0.0263464656,0.0977718905,7.44986255e-06,30,1.28699994,1
707201300016686,284150759,2460596.0074687731,60595.507592599999,19.7148094,0.114036582,0,zr,117.32124810000001,36.907746699999997,0.513999999,0.0560000017,20241012507593,707,0x1,0x3,21.3099995,26.1679268,0.0203101505,0.0964873284,4.50537027e-06,30,1.08700001,1
707201300016686,284349172,2460597.9917909079,60597.491724500003,20.1129189,0.150595352,0,zr,117.321348,36.907763099999997,0.610000014,0.115999997,20241014491713,707,0x1,0x3,21.5200005,26.1866112,0.0199055597,0.0938897505,4.24198561e-06,30,1.11199999,1
707201300016686,285045375,2460604.954483375,60604.453750000001,20.5052795,0.190923095,0,zr,117.3213275,36.907747999999998,0.541000009,-0.0270000007,20241021453738,707,0x1,0x3,21,26.1715393,0.0247144997,0.0946732461,6.56013435e-06,30,1.16700006,1
707201300016686,285450762,2460609.0087460889,60608.507627300001,19.3629913,0.0878349319,0,zr,117.3213138,36.907752500000001,1.94400001,0.0729999989,20241025507616,707,0x1,0x3,21.3299999,26.1890087,0.0197853036,0.0918216333,4.24587688e-06,30,1.02999997,1
707201300016686,285646474,2460610.9660487156,60610.464745400001,19.2986965,0.0836780965,32768,zr,117.3213755,36.9077865,1.23099995,-0.319000006,20241027464745,707,0x1,0x3,20.3099995,25.5049019,0.035386771,0.100416549,1.34825332e-05,30,1.09099996,1
707201300016686,286045057,2460614.9522536579,60614.450578700002,20.0329094,0.142726198,0,zr,117.3213105,36.907710700000003,1.22399998,-0.203999996,20241031450567,707,0x1,0x3,21.4400005,26.1699181,0.0201644748,0.0947658569,4.47835691e-06,30,1.09899998,1
707201300016686,286244546,2460616.9473213675,60616.445462999996,19.8570347,0.126307011,32768,zr,117.3213293,36.907787599999999,0.54400003,-0.0390000008,20241102445463,707,0x1,0x3,20.9699993,25.7491283,0.0260532051,0.0929367095,7.36301672e-06,30,1.09800005,1
707201300016686,287136106,2460625.8637145697,60625.361064800003,20.0111599,0.140627235,0,zr,117.3213714,36.907759499999997,0.59799999,0.0140000004,20241111361053,707,0x1,0x3,20.9599991,26.1352863,0.0229901243,0.10265296,5.6900617e-06,30,1.31900001,1
707201300016686,287735109,2460631.8542482862,60631.351099500003,19.7108898,0.113711938,0,zr,117.3211642,36.907588199999999,0.746999979,-0.365999997,20241117351100,707,0x1,0x3,19.7000008,26.1456242,0.0358265303,0.0930386782,1.4275699e-05,30,1.28600001,1
707201300016686,288140994,2460635.9134109295,60635.409942099999,20.1631413,0.155640841,0,zr,117.32131699999999,36.907770900000003,0.384000003,0.0289999992,20241121409931,707,0x1,0x3,20.7099991,26.1804066,0.023636207,0.091916725,6.00873227e-06,30,1.06400001,1
707201300016686,288338265,2460637.8862689836,60637.382650500003,20.3985195,0.179953277,0,zr,117.32137950000001,36.907755799999997,0.714999974,-0.101000004,20241123382593,707,0x1,0x3,21.2399998,26.1721573,0.0213947874,0.0923293605,4.96482107e-06,30,1.11199999,1
707201300016686,288636277,2460640.866614555,60640.362777800001,19.7655373,0.118304327,0,zr,117.3213133,36.907754799999999,0.504999995,0.0520000011,20241126362778,707,0x1,0x3,21.2600002,26.1649284,0.0203932654,0.0956990644,4.49734716e-06,30,1.14400005,1
707201300016686,289043339,2460644.9375098539,60644.4333912,19.2422085,0.0801805481,0,zr,117.321316,36.907762599999998,0.128999993,-0.0179999992,20241130433299,707,0x1,0x3,21.3999996,26.183609,0.0195691735,0.0921394229,4.15291288e-06,30,1.01199996,1
707201300016686,289442451,2460648.9288892755,60648.424513899998,19.3131771,0.0845978186,0,zr,117.32129399999999,36.907746500000002,0.566999972,-0.0340000018,20241204424468,707,0x1,0x3,21.8099995,26.1799812,0.0261026006,0.0880163312,7.42364227e-06,30,1.01100004,1
707201300016686,289642822,2460650.9327256884,60650.428229199999,19.7308273,0.115370966,0,zr,117.3213119,36.907774799999999,0.76700002,0.115000002,20241206428218,707,0x1,0x3,21.3400002,26.1726398,0.0202483181,0.0941088572,4.45027263e-06,30,1.00899994,1
707201300016686,290934717,2460663.8523180387,60663.347175900002,19.9180546,0.131855324,0,zr,117.3213926,36.907739999999997,0.648000002,-0.0280000009,20241219347014,707,0x1,0x3,20.7900009,26.197216,0.0235288218,0.0899720341,6.010996e-06,30,1.04299998,1
707201300016686,291144516,2460665.9503856106,60665.445162000004,20.0280647,0.142257079,0,zr,117.3212556,36.907737099999999,0.317999989,0.0529999994,20241221445035,707,0x1,0x3,21.1200008,26.0955944,0.0258613676,0.0991741419,7.28142913e-06,30,1.04400003,1
707201300016686,292020393,2460674.7094231397,60674.203935199999,19.5082226,0.0979331881,0,zr,117.3214466,36.907862299999998,1.13800001,0.0189999994,20241230203924,707,0x1,0x3,20.2900009,26.1469345,0.0293653887,0.107723325,9.33047249e-06,30,1.46700001,1
707201300016686,292327386,2460677.779416556,60677.273865700001,19.375515,0.0886666924,0,zr,117.3213236,36.907761200000003,0.592999995,0.0179999992,20250102273785,707,0x1,0x3,21.4300003,26.1756821,0.0193813816,0.0903958231,4.11446808e-06,30,1.11099994,1
707201300016686,293830829,2460692.8139273892,60692.308298600001,19.4943199,0.0969232768,0,zr,117.32134240000001,36.907766000000002,1.04900002,0.0199999996,20250117308299,707,0x1,0x3,20.9500008,26.1660252,0.0247509498,0.0890552923,6.71905627e-06,30,1.00999999,1
707201300016686,294032196,2460694.8275777851,60694.321967600001,19.317318,0.0848626047,0,zr,117.32132319999999,36.907769399999999,1.20599997,-0.167999998,20250119321956,707,0x1,0x3,21.1399994,26.1800709,0.0202312842,0.0920483395,4.48913806e-06,30,1.00899994,1
707201300016686,294523810,2460699.7436379781,60699.238101900002,19.0656147,0.0701411813,0,zr,117.32137040000001,36.907897300000002,0.628000021,0.233999997,20250124238102,707,0x1,0x3,19.7800007,26.1760788,0.0367011391,0.10510356,1.50578617e-05,30,1.05900002,1
707201300016686,297321863,2460727.7230183631,60727.218634299999,20.9604263,0.233234644,0,zr,117.3213909,36.907781499999999,0.5,0.0329999998,20250221218623,707,0x1,0x3,21.3500004,26.1748447,0.0197904259,0.0968504548,4.24826339e-06,30,1.00899994,1
707201300016686,297720355,2460731.7076827446,60731.203553200001,21.3120117,0.265918851,0,zr,117.32131390000001,36.907679399999999,0.609000027,-0.228,20250225203542,707,0x1,0x3,21.4599991,26.1848106,0.0204197094,0.0928515717,4.55005465e-06,30,1.00899994,1
707201300016686,321048762,2460964.987860912,60964.487627299997,21.3448124,0.268968105,0,zr,117.3213612,36.907907399999999,0.48300001,-0.0939999968,20251016487627,707,0x1,0x3,21.2999992,26.1889,0.0204299688,0.0907415003,4.5871725e-06,30,1.11000001,1
707301300013761,138649091,2459140.9913669657,59140.490914399998,19.4419651,0.117218241,0,zi,117.3213599,36.907699000000001,0.578999996,-0.0450000018,20201018490914,707,0x1,0x3,20.6100006,25.4339657,0.0203048401,0.186551794,5.93574805e-06,30,1.08700001,2
707301300013761,142344773,2459177.9514312125,59177.447731499997,18.7477188,0.0703602135,0,zi,117.3212659,36.907743799999999,1.52199996,-0.143000007,20201124447558,707,0x1,0x3,20.4500008,25.5257187,0.0290586501,0.181815028,1.37836169e-05,30,1.01300001,2
707301300013761,142744637,2459181.9503624574,59181.446377300002,19.7305298,0.141778618,0,zi,117.3213445,36.907702899999997,0.722000003,-0.150999993,20201128446377,707,0x1,0x3,20.2299995,25.50453,0.0234997775,0.18431896,8.23558912e-06,30,1.00899994,2
707301300013761,142832971,2459182.8337562843,59182.329710600003,19.9613266,0.162109286,0,zi,117.3213137,36.907741999999999,0.254000008,-0.0149999997,20201129329711,707,0x1,0x3,20.3700008,25.4943256,0.0228305943,0.181302637,7.77771766e-06,30,1.23399997,2
707301300013761,143041642,2459184.9206087254,59184.4164236,19.3862495,0.112755947,0,zi,117.32128640000001,36.907740799999999,1.22599995,-0.0769999996,20201201416424,707,0x1,0x3,20.3099995,25.5152493,0.0222468972,0.178441718,7.21175911e-06,30,1.02100003,2
707301300013761,144845662,2459202.9617682397,59202.4566204,19.5082874,0.122666538,0,zi,117.3212884,36.907753200000002,0.541999996,0.118000001,20201219456609,707,0x1,0x3,20.3199997,25.4972878,0.020954404,0.187864408,6.40861845e-06,30,1.05299997,2
707301300013761,145134631,2459205.851576881,59205.3463194,19.5611439,0.127105296,0,zi,117.3212841,36.907788099999998,0.839999974,-0.0460000001,20201222346319,707,0x1,0x3,20.7800007,25.151144,0.0254675131,0.182166144,9.64544142e-06,30,1.03299999,2
707301300013761,146453064,2459219.036235027,59218.530648100001,19.7452793,0.143078893,0,zi,117.3213331,36.907776499999997,0.972000003,-0.0189999994,20210104530139,707,0x1,0x3,20.3799992,25.4422798,0.0220469832,0.186745748,7.05403181e-06,30,1.55799997,2
707301300013761,147039312,2459224.8987656743,59224.393125000002,19.4589119,0.118596777,0,zi,117.32120020000001,36.907819699999997,0.842000008,-0.00100000005,20210110393125,707,0x1,0x3,19.8099995,25.4689121,0.0265524257,0.192604288,1.05839135e-05,30,1.04799998,2
707301300013761,147341373,2459227.9193838555,59227.413738399999,18.8708839,0.0772496685,0,zi,117.32129500000001,36.907755600000002,0.660000026,0.00600000005,20210113413704,707,0x1,0x3,20.4799995,25.1018848,0.0225944798,0.186789885,7.5238363e-06,30,1.10300004,2
707301300013761,147639499,2459230.9006348858,59230.394999999997,20.5249138,0.197963953,0,zi,117.32129399999999,36.907743400000001,0.940999985,-0.239999995,20210116394988,707,0x1,0x3,20.7900009,25.4849129,0.0199949685,0.186031923,5.77454512e-06,30,1.08000004,2
707301300013761,149430922,2459248.8144826717,59248.309224500001,19.4215755,0.115572616,0,zi,117.3214194,36.907791799999998,1.28699994,0.150999993,20210203309225,707,0x1,0x3,20.6499996,25.4765759,0.0200471096,0.190665528,5.86331453e-06,30,1.02499998,2
707301300013761,149723947,2459251.7446264699,59251.239479199998,19.6898785,0.138208568,0,zi,117.3213274,36.9077342,0.477999985,-0.064000003,20210206239479,707,0x1,0x3,21.0200005,25.4918785,0.0216177981,0.183705807,6.91834703e-06,30,1.01600003,2
707301300013761,150032700,2459254.8320183977,59254.3270023,19.462101,0.118857242,0,zi,117.3213014,36.907753900000003,0.680999994,-0.0189999994,20210209326991,707,0x1,0x3,21,25.4851017,0.0211058371,0.185112432,6.48792775e-06,30,1.07500005,2
707301300013761,150632621,2459260.8309360747,59260.326215300003,20.1519451,0.177815348,0,zi,117.3217782,36.907828899999998,0.542999983,-0.256999999,20210215326215,707,0x1,0x3,20.2000008,24.9919453,0.0255570766,0.187480971,9.70132805e-06,30,1.11000001,2
707301300013761,151219901,2459266.703399132,59266.1990162,19.37463,0.111839302,0,zi,117.32122200000001,36.907728200000001,0.833000004,-0.199000001,20210221199016,707,0x1,0x3,19.75,25.5026302,0.0300178155,0.191425771,1.27983776e-05,30,1.01600003,2
707301300013761,151618221,2459270.68633901,59270.182210600004,19.2510777,0.102407537,0,zi,117.3213042,36.9077549,0.48300001,-0.112999998,20210225182211,707,0x1,0x3,20.0200005,25.5150776,0.0271455757,0.182371393,1.0576201e-05,30,1.01999998,2
707301300013761,153718719,2459291.6897028345,59291.187199100001,19.2977562,0.105901659,0,zi,117.32129,36.907749099999997,0.582000017,0.00600000005,20210318187199,707,0x1,0x3,20.7700005,25.4627571,0.0190261565,0.185011476,5.28764258e-06,30,1.02100003,2
707301300013761,154828686,2459302.788369298,59302.286863399997,19.2229652,0.100344777,0,zi,117.3212348,36.907734099999999,0.649999976,0.0170000009,20210329286840,707,0x1,0x3,20.2600002,25.4609661,0.0273799282,0.185746208,1.07804444e-05,30,1.44500005,2
707301300013761,155917640,2459313.6768800844,59313.1764005,19.5051727,0.122407503,0,zi,117.321252,36.907772299999998,0.578000009,0.00800000038,20210409176389,707,0x1,0x3,20.7900009,25.3961735,0.0201908872,0.18836014,6.02664295e-06,30,1.097,2
707301300013761,156223587,2459316.7360671465,59316.235879599997,19.2164688,0.0998726711,0,zi,117.3213236,36.907751099999999,0.82099998,0.0209999997,20210412235880,707,0x1,0x3,20.7600002,25.4084682,0.0234761592,0.180458784,8.04553747e-06,30,1.36199999,2
707301300013761,170949120,2459463.9878802476,59463.491203700003,19.4268208,0.115994602,0,zi,117.32133519999999,36.9077591,0.925999999,-0.165999994,20210906491204,707,0x1,0x3,20.4599991,25.3888206,0.0254569408,0.192449316,9.07397589e-06,30,1.71200001,2
707301300013761,171847859,2459472.9759893809,59472.478599499998,18.8800125,0.0777843744,0,zi,117.32131819999999,36.907752299999999,0.933000028,0.00499999989,20210915478600,707,0x1,0x3,20.2900009,25.4280128,0.0257748179,0.186861694,9.77043965e-06,30,1.59200001,2
707301300013761,172345502,2459477.9528369014,59477.455023100003,19.0887527,0.0909395814,0,zi,117.32133949999999,36.907731599999998,0.717000008,0.061999999,20210920455023,707,0x1,0x3,20.0200005,25.4297523,0.0285333209,0.191000059,1.14374834e-05,30,1.69000006,2
707301300013761,172650241,2459481.0005010115,59480.502418999997,20.2406769,0.184226632,0,zi,117.3212367,36.907705200000002,0.51700002,-0.219999999,20210923502419,707,0x1,0x3,20.4899998,25.4006767,0.0224457476,0.186749518,7.35210506e-06,30,1.28299999,2
707301300013761,173447824,2459488.9770497284,59488.478240700002,19.8021736,0.1481096,0,zi,117.3212982,36.907754300000001,0.859000027,-0.135000005,20211001478229,707,0x1,0x3,20.6000004,25.4521732,0.0207326934,0.188902482,6.32733281e-06,30,1.29499996,2
707301300013761,174447893,2459498.978690804,59498.478935200001,20.7073212,0.211315632,0,zi,117.3211888,36.907661699999998,0.805000007,-0.277999997,20211011478935,707,0x1,0x3,20.7299995,25.4643211,0.02057207,0.18693988,6.09766676e-06,30,1.17700005,2
707301300013761,176447479,2459518.9764475217,59518.474791699999,19.8568268,0.15294686,0,zi,117.32126940000001,36.9077232,0.940999985,-0.0430000015,20211031474792,707,0x1,0x3,21.1599998,25.4908276,0.0195460003,0.187296852,5.55608221e-06,30,1.05299997,2
707301300013761,176749509,2459521.9970256435,59521.495092600002,19.5007515,0.122040361,0,zi,117.3213853,36.907731099999999,0.800999999,0.0590000004,20211103495081,707,0x1,0x3,20.4300003,25.4817505,0.0217061471,0.190554127,6.950836e-06,30,1.01900005,2
707301300013761,177048894,2459524.9911498376,59524.488946799996,19.7729473,0.14552319,0,zi,117.3214445,36.907766500000001,0.930000007,0.00200000009,20211106488947,707,0x1,0x3,20.7999992,25.4929466,0.0219822247,0.187363908,6.95952303e-06,30,1.01800001,2
707301300013761,177530839,2459529.8110167072,59529.3083912,19.6068726,0.131006822,0,zi,117.3213336,36.907849499999998,0.910000026,-0.207000002,20211111308391,707,0x1,0x3,19.9699993,25.4628735,0.0326843709,0.189260796,1.50351716e-05,30,1.74100006,2
707301300013761,177833201,2459532.8348957771,59532.332013899999,19.6240997,0.1324898,0,zi,117.3213004,36.907744600000001,0.589999974,-0.189999998,20211114332002,707,0x1,0x3,20.25,25.4890995,0.0235219765,0.187668756,7.71914074e-06,30,1.45299995,2
707301300013761,178649064,2459540.9941819506,59540.4906481,19.5893021,0.129501492,0,zi,117.3212489,36.907778299999997,0.750999987,-0.141000003,20211122490602,707,0x1,0x3,20.1599998,25.5103016,0.0249720737,0.188081354,9.36016568e-06,30,1.01199996,2
707301300013761,179633097,2459550.8352003973,59550.330972199998,19.0060043,0.0855102465,0,zi,117.32131149999999,36.907746600000003,0.726000011,-0.0109999999,20211202330972,707,0x1,0x3,20.9699993,25.4710045,0.020206131,0.187895447,6.01930242e-06,30,1.199,2
707301300013761,187129822,2459625.8029651269,59625.298229200002,19.4691315,0.119432598,0,zi,117.3214102,36.907827400000002,0.995999992,-0.501999974,20220215298229,707,0x1,0x3,19.7600002,25.5401306,0.0300441068,0.187322497,1.34481988e-05,30,1.05200005,2
707301300013761,187422107,2459628.7256512959,59628.221076399997,20.1150169,0.174938947,0,zi,117.3213021,36.907749699999997,0.294,-0.180000007,20220218221065,707,0x1,0x3,20.3299999,25.5120163,0.0231089462,0.190276369,8.03376861e-06,30,1.00999999,2
707301300013761,188628337,2459640.7871732959,59640.283379599998,19.8659916,0.153756633,0,zi,117.3213714,36.907830300000001,0.532000005,-0,20220302283333,707,0x1,0x3,20.7800007,25.5039921,0.0193601623,0.189529225,5.55644419e-06,30,1.10300004,2
707301300013761,191820082,2459672.7018924127,59672.200821799997,19.5137444,0.123120949,0,zi,117.32133279999999,36.907746299999999,0.828000009,0.0439999998,20220403200810,707,0x1,0x3,20.5400009,25.0117435,0.0289147459,0.181380719,1.27513531e-05,30,1.11600006,2
707301300013761,192117976,2459675.6805573138,59675.179768499998,19.2458382,0.102020621,0,zi,117.32129550000001,36.907792600000001,0.985000014,-0.0780000016,20220406179757,707,0x1,0x3,20.7299995,25.4038372,0.0202768296,0.183382228,6.056644e-06,30,1.08500004,2
707301300013761,194116600,2459695.664900769,59695.166006899999,19.7018013,0.139253318,0,zi,117.32133039999999,36.9077871,0.995999992,0.131999999,20220426165995,707,0x1,0x3,20.6000004,25.3518009,0.0206382591,0.183108136,6.28270345e-06,30,1.20599997,2
707301300013761,207449300,2459828.9896673029,59828.4930093,19.5949459,0.129984185,0,zi,117.3213212,36.907736499999999,0.526000023,0.0209999997,20220906493009,707,0x1,0x3,20.4099998,25.3589458,0.0358454995,0.189822569,1.87691876e-05,30,1.70000005,2
707301300013761,209042076,2459844.9187274044,59844.420763900001,19.8106976,0.148864448,0,zi,117.32127,36.907786600000001,1.10000002,-0.0489999987,20220922420764,707,0x1,0x3,20.5200005,25.4426975,0.0217445232,0.1882689,6.6727066e-06,30,2.08599997,2
707301300013761,210049021,2459854.9890999403,59854.490219899999,20.1341743,0.176444158,0,zi,117.3214064,36.907716600000001,1.46500003,-0.134000003,20221002490220,707,0x1,0x3,20.5499992,25.4651737,0.0375833325,0.191161394,2.17629822e-05,30,1.23000002,2
707301300013761,210342127,2459857.9204282528,59857.421273100001,19.3391476,0.109070934,0,zi,117.3212982,36.907761700000002,1.04700005,-0.192000002,20221005421262,707,0x1,0x3,20.6700001,25.3941479,0.0201355964,0.191076428,5.65484197e-06,30,1.625,2
707301300013761,210638797,2459860.8874106864,59860.387974500001,19.7100391,0.139976308,0,zi,117.32126049999999,36.907730700000002,0.916999996,-0.203999996,20221008387975,707,0x1,0x3,19.9799995,25.356039,0.0286640357,0.190204188,1.1647031e-05,30,1.91799998,2
707301300013761,211242358,2459866.92360113,59866.423587999998,19.2743683,0.104140222,0,zi,117.3212656,36.907764700000001,0.66900003,0.0289999992,20221014423576,707,0x1,0x3,20.3199997,25.4463692,0.0228946041,0.185076401,7.73176907e-06,30,1.40999997,2
707301300013761,211849859,2459872.9991953056,59872.498599500002,20.0520973,0.169825554,0,zi,117.32131029999999,36.9077901,0.460999995,-0.0900000036,20221020498588,707,0x1,0x3,20.8700008,25.4810982,0.0193685722,0.18388851,5.41009558e-06,30,1.06400001,2
707301300013761,212844771,2459882.9492571382,59882.447719900003,19.6642704,0.135972604,32768,zi,117.32123350000001,36.907751400000002,0.787,-0.0350000001,20221030447720,707,0x1,0x3,20.1700001,24.9442711,0.024614973,0.184036493,8.76787271e-06,30,1.11600006,2
707301300013761,214134491,2459895.8476111959,59895.344919000003,19.6137943,0.131601825,0,zi,117.3212017,36.907722800000002,0.634000003,-0.208000004,20221112344919,707,0x1,0x3,19.8799992,25.466795,0.0274081789,0.186567903,1.08372969e-05,30,1.40699995,2
707301300013761,214436162,2459898.8645665497,59898.361620399999,19.4044857,0.114204444,0,zi,117.3213891,36.907760699999997,0.368000001,0.116999999,20221115361620,707,0x1,0x3,20.5799999,25.4874859,0.0214659721,0.183813602,6.75489446e-06,30,1.26800001,2
707301300013761,214733038,2459901.8335704887,59901.330381899999,19.9413948,0.16037783,0,zi,117.32135049999999,36.907831100000003,0.986999989,-0.270000011,20221118330382,707,0x1,0x3,20.4099998,25.4883938,0.0237113405,0.18217431,8.15964904e-06,30,1.39499998,2
707301300013761,215036900,2459904.8724330086,59904.369004599997,19.9589882,0.161906689,0,zi,117.32125240000001,36.907738100000003,0.992999971,-0.103,20221121369005,707,0x1,0x3,20.7199993,25.448988,0.0205304436,0.183446631,6.22745665e-06,30,1.17200005,2
707301300013761,215936186,2459913.8659446519,59913.361863400001,19.9708328,0.162931263,0,zi,117.3213842,36.907823700000002,1.23899996,-0.270999998,20221130361852,707,0x1,0x3,20.5900002,25.4848328,0.0202612933,0.184464306,6.01444708e-06,30,1.11899996,2
707301300013761,217937531,2459933.8804765861,59933.3753125,20.4154301,0.193780407,0,zi,117.32130189999999,36.907719700000001,1.01499999,0.127000004,20221220375312,707,0x1,0x3,20.5799999,25.1514301,0.031197561,0.17150104,1.42797298e-05,30,1.01400006,2
707301300013761,245147361,2460205.9712100662,60205.473611100002,20.3767719,0.192118183,0,zi,117.32129089999999,36.907642899999999,1.01999998,0.00400000019,20230918473600,707,0x1,0x3,20.5200005,25.4487724,0.0219218433,0.186657503,6.93512538e-06,30,1.57599998,2
707301300013761,245850238,2460213.0005995706,60212.502384300002,20.8159084,0.219263911,0,zi,117.3213305,36.907620199999997,0.317999989,-0.160999998,20230925502315,707,0x1,0x3,20.7000008,25.4759083,0.0191805046,0.184643015,5.31766409e-06,30,1.26400006,2
707301300013761,247749424,2460231.9942430262,60231.4942477,19.8543015,0.152723551,0,zi,117.3213087,36.9077141,0.63499999,0.0610000007,20231014494213,707,0x1,0x3,20.5200005,25.4673004,0.0205626041,0.185976505,6.25996154e-06,30,1.11099994,2
707301300013761,248048924,2460234.9895305606,60234.489247700003,20.0684547,0.171177298,0,zi,117.32130909999999,36.907757699999998,1.12699997,-0.184,20231017489248,707,0x1,0x3,20.9200001,25.4664555,0.0216113888,0.185305953,6.81406345e-06,30,1.10300004,2
707301300013761,248341101,2460237.9115814976,60237.411018500003,19.1362133,0.0941810682,0,zi,117.3212444,36.907754799999999,0.833000004,0.0659999996,20231020411019,707,0x1,0x3,20.6299992,25.4452133,0.0209271573,0.18716374,6.34591788e-06,30,1.38999999,2
707301300013761,249043148,2460244.9327120115,60244.431481500003,19.5268764,0.1242183,0,zi,117.3212528,36.907783000000002,1.15400004,-0.131999999,20231027431262,707,0x1,0x3,20.0900002,25.4678764,0.0246075504,0.181246445,8.88403883e-06,30,1.19500005,2
707301300013761,250345124,2460257.9536696775,60257.451249999998,19.0498219,0.0883499831,0,zi,117.321181,36.907781100000001,0.638999999,-0.0460000001,20231109451250,707,0x1,0x3,20.0799999,25.5058212,0.0253457073,0.176493376,9.74281647e-06,30,1.05299997,2
707301300013761,250644944,2460260.9521238464,60260.449444400001,19.170208,0.09655983,0,zi,117.32133399999999,36.907794099999997,0.656000018,0.00700000022,20231112449433,707,0x1,0x3,20.75,25.486208,0.0197664201,0.186823621,5.81257927e-06,30,1.04400003,2
707301300013761,250945260,2460263.9555369508,60263.4526042,20.3496914,0.190782696,0,zi,117.3213018,36.907788099999998,0.977999985,-0.268000007,20231115452604,707,0x1,0x3,20.6100006,25.4746914,0.0188761242,0.181278363,5.1495972e-06,30,1.02999997,2
707301300013761,254134583,2460295.8508590595,60295.345833300002,19.7674618,0.145038083,0,zi,117.3213512,36.907776200000001,0.335999995,-0.127000004,20231217345833,707,0x1,0x3,20.0499992,25.3054619,0.0280358195,0.174678981,1.18964335e-05,30,1.05599999,2
707301300013761,256030451,2460314.8101012278,60314.304513900002,20.1177864,0.175158054,0,zi,117.3212561,36.907820399999999,0.629000008,0.0780000016,20240105304502,707,0x1,0x3,20.75,25.4907856,0.0190817025,0.184562609,5.37073993e-06,30,1.03999996,2
707301300013761,256834362,2460322.8492685645,60322.343622699998,19.7889309,0.14693734,0,zi,117.3212412,36.907737400000002,0.757000029,0.0879999995,20240113343611,707,0x1,0x3,20.2199993,25.4809303,0.0220841058,0.188219354,7.05982393e-06,30,1.00999999,2
707301300013761,257139048,2460325.8961252794,60325.390486099997,19.6808281,0.137417033,0,zi,117.32131339999999,36.907809899999997,1.36199999,-0.0529999994,20240116390486,707,0x1,0x3,20.8400002,25.4568272,0.0202089474,0.183571443,6.25293114e-06,30,1.06700003,2
707301300013761,258227649,2460336.7819804037,60336.276493099998,19.3501301,0.109922796,0,zi,117.321392,36.9077409,0.221000001,-0.0390000008,20240127276493,707,0x1,0x3,19.5799999,25.4651299,0.0297327973,0.181675851,1.33759549e-05,30,1.01199996,2
707301300013761,258636883,2460340.8742105025,60340.368831,18.8673592,0.0770440921,0,zi,117.3212889,36.907734900000001,1.06500006,-0.158999994,20240131368819,707,0x1,0x3,20.4300003,25.4593582,0.0209211372,0.182128221,6.4762944e-06,30,1.10899997,2
707301300013761,259924655,2460353.7514186236,60353.246550900003,19.1313744,0.0938463286,0,zi,117.32129430000001,36.907784300000003,0.430999994,-0.0320000015,20240213246551,707,0x1,0x3,21.1900005,25.4893742,0.0207165889,0.186236769,6.2950744e-06,30,1.00800002,2
707301300013761,261435024,2460368.8542093793,60368.350243100002,19.3221951,0.107764974,0,zi,117.32126649999999,36.907647099999998,0.693000019,0.0329999998,20240228350243,707,0x1,0x3,20.2399998,25.4271946,0.0235183965,0.185231239,8.16558077e-06,30,1.33200002,2
707301300013761,264427421,2460398.775699202,60398.274212999997,19.0427284,0.0878849253,0,zi,117.3213332,36.907808699999997,0.834999979,0.0379999988,20240329274201,707,0x1,0x3,20.1499996,25.4717274,0.0240137167,0.186076283,8.82656241e-06,30,1.36600006,2
707301300013761,266720310,2460421.7024151776,60421.203101899999,19.8180599,0.149516374,0,zi,117.32134689999999,36.907775999999998,0.926999986,0.0939999968,20240421203090,707,0x1,0x3,20.2399998,25.4130592,0.0242203865,0.183715805,8.99545103e-06,30,1.31900001,2
707301300013761,269518143,2460449.678303442,60449.1814352,19.4666328,0.119227901,0,zi,117.32124109999999,36.907738199999997,0.63499999,-0.0120000001,20240519181424,707,0x1,0x3,19.8700008,25.4236317,0.0272651967,0.188907668,1.09728508e-05,30,1.75800002,2
707301300013761,282148606,2460575.9840769088,60575.486064800003,19.095953,0.0914253891,0,zi,117.3213654,36.907880300000002,0.593999982,-0.023,20240922486065,707,0x1,0x3,19.7000008,25.4329529,0.0411841571,0.183464557,2.51361325e-05,30,1.38600004,1
707301300013761,282244771,2460576.945817356,60576.447719900003,19.5100193,0.122810692,0,zi,117.32128350000001,36.907732600000003,0.493999988,-0.0900000036,20240923447708,707,0x1,0x3,20.2999992,25.3930187,0.0235169213,0.192691669,7.86928649e-06,30,1.67400002,1
