oid,expid,hjd,mjd,mag,magerr,catflags,filtercode,ra,dec,chi,sharp,filefracday,field,ccdid,qid,limitmag,magzp,magzprms,clrcoeff,clrcounc,exptime,airmass,programid
600114200000940,50948473,2458263.9815338138,58263.484733800004,19.1371307,0.0608409196,0,zg,1.494597,29.684467600000001,0.739000022,-0.0810000002,20180525484722,600,0xe,0x2,19.7700005,26.2020798,0.0394538529,-0.0246964339,4.80695671e-05,30,1.63199997,1
600114200000940,52344675,2458277.9445728399,58277.446759300001,18.7052155,0.0442695506,0,zg,1.4946552,29.684398099999999,0.781000018,-0.0309999995,20180608446678,600,0xe,0x2,20.6700001,26.1138191,0.0375184678,-0.0866227746,2.35210737e-05,30,1.63100004,1
600114200000940,52644787,2458280.9459209172,58280.447870399999,18.7976303,0.0473286286,0,zg,1.4946549,29.6844055,0.685000002,-0,20180611447859,600,0xe,0x2,21.5300007,26.2357941,0.0271704197,-0.0897061303,9.70061228e-06,30,1.53699994,1
600114200000940,52944750,2458283.9457928366,58283.447500000002,18.7324333,0.0451455377,0,zg,1.4946747,29.684409599999999,1.03299999,-0.0260000005,20180614447488,600,0xe,0x2,21.3999996,26.22715,0.0282924101,-0.0646219179,1.06219513e-05,30,1.46899998,1
600114200000940,53244607,2458286.9446162656,58286.446076400003,18.9511776,0.0529716536,0,zg,1.4946313,29.684425399999999,0.995000005,0.00200000009,20180617446076,600,0xe,0x2,21.4799995,26.2576313,0.0289122593,-0.0661441758,1.12201024e-05,30,1.41600001,1
600114200000940,53543311,2458289.9319034093,58289.433113400002,19.4170151,0.0751253739,0,zg,1.4946398999999999,29.6844304,0.674000025,-0.00600000005,20180620433113,600,0xe,0x2,21.4500008,26.2365952,0.0299016163,-0.0620630756,1.17987674e-05,30,1.45299995,1
600114200000940,53844373,2458292.9427840007,58292.443738399998,18.9515171,0.0529849641,0,zg,1.4946410999999999,29.684408300000001,0.49000001,0.00300000003,20180623443738,600,0xe,0x2,21.7700005,26.2592888,0.0254208893,-0.0725652575,8.37486368e-06,30,1.32299995,1
600114200000940,54248204,2458296.9814413646,58296.482048600003,18.967432,0.0536125489,0,zg,1.4946267,29.6844459,1.11500001,-0.141000003,20180627482014,600,0xe,0x2,20.1399994,26.2730618,0.0370038822,-0.0425949991,3.20002146e-05,30,1.11399996,1
600114200000940,54546475,2458299.9644084238,58299.464756900001,18.7816563,0.0467824712,0,zg,1.49457,29.684408399999999,0.510999978,0.0189999994,20180630464688,600,0xe,0x2,20.4799995,26.2248688,0.0375273451,-0.0267556403,2.62249723e-05,30,1.14100003,1
600114200000940,54844212,2458302.94204074,58302.4421296,19.5075512,0.0804428384,0,zg,1.4945412,29.684392800000001,0.866999984,-0.075000003,20180703442118,600,0xe,0x2,20.8500004,26.2236271,0.0360984467,-0.0335701331,2.0088688e-05,30,1.19500005,1
600114200000940,55146084,2458305.9610199952,58305.460844900001,19.1729774,0.0624993779,0,zg,1.4946413999999999,29.684425300000001,0.386000007,-0.0320000015,20180706460845,600,0xe,0x2,20.9400005,26.2372608,0.033734113,-0.0751363039,1.63479308e-05,30,1.10500002,1
600114200000940,55945804,2458313.9589168229,58313.458043999999,19.3008213,0.0688142926,0,zg,1.4946611999999999,29.684416800000001,0.588999987,-0.0359999985,20180714457523,600,0xe,0x2,21.8999996,26.1288395,0.0256393868,-0.0535041504,8.64473077e-06,30,1.06200004,1
600114200000940,56048687,2458314.9878369486,58314.486875000002,19.5417919,0.0825487152,0,zg,1.4946421000000001,29.684414400000001,0.611000001,0.0710000023,20180715486863,600,0xe,0x2,21.1200008,26.1058178,0.0365561992,-0.0449313112,1.90033697e-05,30,1.01900005,1
600114200000940,56048732,2458314.9882883835,58314.487326399998,19.3147774,0.069542788,0,zg,1.4946963,29.6844152,0.908999979,0.104999997,20180715487326,600,0xe,0x2,21.1299992,26.1028042,0.0328669958,-0.0364709571,1.61966364e-05,30,1.01900005,1
600114200000940,56543637,2458319.937764084,58319.4363773,18.8031578,0.047519356,0,zg,1.4946363,29.684437899999999,0.819000006,-0.00700000022,20180720436366,600,0xe,0x2,21.4599991,26.2554417,0.0302372333,-0.0180954542,1.216088e-05,30,1.07299995,1
600114200000940,56846171,2458322.9633554569,58322.461712999997,19.4227543,0.0754518211,0,zg,1.4945231999999999,29.6844626,0.782000005,-0.0170000009,20180723461701,600,0xe,0x2,21.2999992,26.3077297,0.0333086364,-0.02343826,1.48916924e-05,30,1.023,1
600114200000940,57746125,2458331.9636279484,58331.46125,19.7904606,0.099480629,0,zg,1.4946839999999999,29.684379700000001,1.12399995,0.108999997,20180801461250,600,0xe,0x2,20.4799995,26.2621479,0.0392459668,-0.0243186038,2.98172345e-05,30,1.00999999,1
600114200000940,58046221,2458334.9648234965,58334.462210600002,19.4922352,0.0795178935,0,zg,1.4946438,29.6844097,1.07200003,-0.166999996,20180804462199,600,0xe,0x2,20.7700005,26.2938175,0.0434691906,-0.00509844348,3.01090513e-05,30,1.00999999,1
600114200000940,58338156,2458337.8843980338,58337.381562499999,19.2540417,0.0664294064,0,zg,1.4946238999999999,29.684417199999999,1.04400003,-0.0460000001,20180807381539,600,0xe,0x2,21.4500008,26.2580509,0.0306552518,-0.0251326207,1.24594271e-05,30,1.08599997,1
600114200000940,58636765,2458340.8707071408,58340.367650499997,18.9025822,0.0511064678,32768,zg,1.4946729000000001,29.684414,2.37800002,-0.303000003,20180810367639,600,0xe,0x2,20.6499996,25.2226715,0.0422056764,0.00018136263,2.98523137e-05,30,1.10000002,1
600114200000940,58940146,2458343.904743698,58343.401469900004,19.5378876,0.0823059231,0,zg,1.494642,29.684419800000001,2.14899993,0.00899999961,20180813401458,600,0xe,0x2,21.4400005,26.2359009,0.0322636329,-0.0293659829,1.38902633e-05,30,1.02600002,1
600114200000940,59235895,2458346.8624358876,58346.358958299999,18.9560547,0.0531630404,0,zg,1.4946339,29.6843982,0.492000014,-0.0130000003,20180816358947,600,0xe,0x2,21.7600002,26.1665535,0.0293144826,-0.0343797915,1.12733978e-05,30,1.08200002,1
600114200000940,59539333,2458349.8970113671,58349.393333300002,19.5102711,0.0806082189,0,zg,1.4946378,29.6844188,0.966000021,-0.0439999998,20180819393310,600,0xe,0x2,21.7700005,26.2576752,0.0283721145,-0.0398221649,1.05446097e-05,30,1.01999998,1
600114200000940,59839787,2458352.9017378539,58352.397870399996,19.6197281,0.0875415951,0,zg,1.4946501999999999,29.684412999999999,0.55400002,0.0649999976,20180822397859,600,0xe,0x2,21.6599998,26.2495155,0.0290910583,-0.0448681712,1.10810297e-05,30,1.01300001,1
600114200000940,60742890,2458361.9332780279,58361.428900500003,19.3093014,0.0692559704,0,zg,1.4946979,29.6843991,0.949000001,0.0560000017,20180831428889,600,0xe,0x2,20.5499992,26.3216896,0.0372632183,-0.0302977469,2.35938569e-05,30,1.03799999,1
600114200000940,61028908,2458364.7936047763,58364.289085600001,19.4415398,0.0765304118,0,zg,1.4946166000000001,29.684387699999998,1.03799999,-0.0879999995,20180903289074,600,0xe,0x2,21.4799995,26.2441273,0.0299410336,-0.0462427959,1.17360314e-05,30,1.13399994,1
600114200000940,61330214,2458367.8067985666,58367.302141200002,20.0413551,0.119606093,0,zg,1.4947102000000001,29.684472100000001,1.08500004,-0.141000003,20180906302118,600,0xe,0x2,21.5100002,26.2678909,0.0288863759,-0.0536158569,1.10149176e-05,30,1.07700002,1
600114200000940,61439138,2458368.8960933643,58368.391388900003,19.8128166,0.10114824,0,zg,1.4947082,29.684415900000001,0.782999992,-0.0379999988,20180907391366,600,0xe,0x2,21.7199993,26.3012199,0.0269851517,-0.0553818941,9.57628163e-06,30,1.01800001,1
600114200000940,61633821,2458370.8430023137,58370.338217600001,20.7280788,0.182927728,0,zg,1.4946952,29.684456999999998,0.574000001,-0.153999999,20180909338206,600,0xe,0x2,21.8600006,26.3114166,0.0244056564,-0.0669932142,7.8728699e-06,30,1.01499999,1
600114200000940,61635253,2458370.8573199897,58370.352534700003,19.9902802,0.115258455,0,zg,1.4946923999999999,29.684408699999999,0.810000002,0.0659999996,20180909352535,600,0xe,0x2,21.9500008,26.3056202,0.0234711561,-0.0617157668,7.23147923e-06,30,1.00899994,1
600114200000940,61939087,2458373.8957798691,58373.390879600003,20.6934738,0.18002522,0,zg,1.4946379000000001,29.684405000000002,0.953999996,-0.222000003,20180912390856,600,0xe,0x2,21.6800003,26.3108292,0.0258663148,-0.0666963011,8.88675822e-06,30,1.03100002,1
600114200000940,62230821,2458376.8132162872,58376.308217600003,20.7069435,0.181154966,0,zg,1.4947151000000001,29.6844815,0.419999987,-0.0579999983,20180915308183,600,0xe,0x2,21.8700008,26.3243999,0.025917355,-0.0854070634,8.90745741e-06,30,1.02699995,1
600114200000940,62435370,2458378.8587642699,58378.353703699999,20.2727489,0.140839562,0,zg,1.4946353999999999,29.684413899999999,1.17799997,0.061999999,20180917353692,600,0xe,0x2,21.9599991,26.3101387,0.0252692625,-0.0578654744,8.44963597e-06,30,1.01100004,1
600114200000940,62533655,2458379.8416390852,58379.3365509,21.1368828,0.217217445,0,zg,1.4947334999999999,29.684362,1.08000004,-0.246000007,20180918336539,600,0xe,0x2,21.4500008,26.3092918,0.0280094668,-0.0424942933,1.05489171e-05,30,1.00800002,1
600114200000940,62824756,2458382.7527311947,58382.247569400002,20.5177059,0.16528213,0,zg,1.4946069,29.684360900000001,0.962000012,0.252999991,20180921247558,600,0xe,0x2,20.8999996,26.2865067,0.0335424803,-0.0874023959,1.7153905e-05,30,1.11199999,1
600114200000940,64334550,2458397.8508519395,58397.345509300001,19.9293976,0.110242844,32768,zg,1.4946927999999999,29.6843775,0.595000029,-0.0939999968,20181006345498,600,0xe,0x2,21.6800003,26.2999306,0.0291401427,-0.118436784,1.14432196e-05,30,1.06299996,1
600114200000940,67118259,2458425.6873631901,58425.182592600002,20.2695179,0.140526772,0,zg,1.4947307999999999,29.684404499999999,0.680000007,-0.0949999988,20181103182546,600,0xe,0x2,21.2800007,25.890913,0.0373259708,-0.0729153305,1.95656976e-05,30,1.02199996,1
600114200000940,67419859,2458428.703240186,58428.1985995,19.9353409,0.11072439,0,zg,1.4946254000000001,29.6844082,0.818000019,0.0289999992,20181106198275,600,0xe,0x2,21.8199997,26.3068581,0.0262057111,-0.0462549776,9.10947438e-06,30,1.00999999,1
600114200000940,67725020,2458431.7547049122,58431.2502083,19.7022247,0.0931359679,0,zg,1.4946641000000001,29.684441899999999,0.633000016,0.333000004,20181109250162,600,0xe,0x2,20.4500008,26.266798,0.0408884436,-0.0562690198,2.97620518e-05,30,1.06099999,1
600114200000940,68025659,2458434.7609398509,58434.256597200001,19.8454285,0.103624903,0,zg,1.4946443,29.684158700000001,0.802999973,0.0700000003,20181112256597,600,0xe,0x2,20.4300003,26.2879295,0.0393696204,-0.0434609316,2.893688e-05,30,1.09300005,1
600114200000940,68321545,2458437.7196313152,58437.215451399999,19.0193329,0.0557176545,0,zg,1.4946465,29.684392299999999,1.39699996,-0.0450000018,20181115215440,600,0xe,0x2,21.0499992,26.325943,0.0333924368,-0.0612542741,1.58220955e-05,30,1.03299999,1
600114200000940,68919513,2458443.6989577878,58443.195138900002,19.6036987,0.0864917934,0,zg,1.4946486999999999,29.684387099999999,0.416999996,-0.129999995,20181121195139,600,0xe,0x2,20.5599995,26.2991886,0.0470988266,-0.0478994995,4.14352871e-05,30,1.02900004,1
600114200000940,73915240,2458493.6521153352,58493.152407399997,20.5187111,0.165366411,0,zg,1.4947564,29.684440800000001,1.48399997,-0.0240000002,20190110152396,600,0xe,0x2,21.4899998,26.2591305,0.0302580986,-0.0706028268,1.23790369e-05,30,1.31299996,1
600114200000940,74915645,2458503.655277052,58503.1564583,19.1484261,0.061358355,0,zg,1.4946826,29.684481300000002,0.745000005,0.128000006,20190120156447,600,0xe,0x2,19.9099998,26.2277527,0.0383072719,-0.0381995179,3.99660312e-05,30,1.54799998,1
600114200000940,75316025,2458507.6587278214,58507.160254599999,19.2955189,0.0685395673,0,zg,1.4946974,29.684427100000001,0.568000019,-0.0250000004,20190124160243,600,0xe,0x2,20.8600006,26.1896915,0.0347225703,-0.0468987525,1.81247287e-05,30,1.70599997,1
600114200000940,75613942,2458510.6376427645,58510.139421300002,19.8036499,0.100461535,0,zg,1.4947071999999999,29.684465700000001,1.06700003,-0.123000003,20190127139410,600,0xe,0x2,20.0400009,26.1199131,0.0399091505,-0.030233942,3.90231107e-05,30,1.56799996,1
600114200000940,88744667,2458641.9443948776,58641.446678200002,20.9878235,0.204714656,0,zg,1.4947105999999999,29.6844736,0.643000007,-0.177000001,20190607446678,600,0xe,0x2,21.6599998,26.1074619,0.0288547277,-0.0637285709,1.10568226e-05,30,1.66600001,1
600114200000940,89044856,2458644.9465161306,58644.448564799997,20.8886223,0.196393847,0,zg,1.4945968999999999,29.684295599999999,1.56400001,-0.330000013,20190610448565,600,0xe,0x2,21.2299995,26.1320839,0.0310227033,-0.0511109903,1.31558863e-05,30,1.55999994,1
600114200000940,89347251,2458647.970704963,58647.472511599997,19.9895668,0.11519856,0,zg,1.4946135,29.684387000000001,1.14900005,-0.152999997,20190613472500,600,0xe,0x2,21.0499992,26.0720291,0.0337247066,-0.0522623695,1.56364804e-05,30,1.31500006,1
600114200000940,90645721,2458660.9564928855,58660.457210599998,19.6992493,0.0929285735,0,zg,1.4946571,29.684390100000002,0.986000001,-0.123000003,20190626457211,600,0xe,0x2,21.4699993,26.2068672,0.0277005937,-0.060556002,1.05638783e-05,30,1.21200001,1
600114200000940,90946136,2458663.9609079766,58663.461365700001,20.776125,0.186957717,0,zg,1.4948013,29.684400199999999,1.12399995,-0.370999992,20190629461366,600,0xe,0x2,21.1800003,25.9586048,0.0353705101,-0.0610597469,1.78831415e-05,30,1.16299999,1
600114200000940,91546336,2458669.9634340866,58669.463368099998,20.9659386,0.202878952,0,zg,1.4948191,29.684469799999999,1.16400003,-0.0419999994,20190705463356,600,0xe,0x2,21.7600002,26.2283535,0.0273532066,-0.0720881894,9.83602331e-06,30,1.10500002,1
600114200000940,91842916,2458672.9294921625,58672.4291667,20.1903534,0.133000568,0,zg,1.4946447,29.684429000000002,0.723999977,-0.0299999993,20190708429155,600,0xe,0x2,21.9099998,26.1805782,0.0266015567,-0.0629914254,9.39101119e-06,30,1.19200003,1
600114200000940,91948577,2458673.9861933538,58673.485775499998,20.6235943,0.174163818,0,zg,1.4947623000000001,29.684371200000001,0.697000027,0.0610000007,20190709485764,600,0xe,0x2,21,26.2528076,0.0311111342,-0.0591844656,1.41704122e-05,30,1.03799999,1
600114200000940,92145018,2458675.9507745239,58675.450185200003,20.551981,0.168156981,0,zg,1.4946842,29.6843459,1.45799994,0.256000012,20190711450174,600,0xe,0x2,21.9300003,26.2222881,0.0265198089,-0.0702431947,9.40067548e-06,30,1.097,1
600114200000940,92445072,2458678.9515794595,58678.450729199998,20.5851898,0.170942545,0,zg,1.4946953999999999,29.684423500000001,1.69700003,0.0430000015,20190714450729,600,0xe,0x2,21.7299995,26.2415123,0.0273841526,-0.0704519078,9.95296341e-06,30,1.07599998,1
600114200000940,93042158,2458684.9229493188,58684.421585600001,20.3321037,0.146660954,0,zg,1.4946729000000001,29.684393400000001,0.745000005,-0.328000009,20190720421586,600,0xe,0x2,20.5400009,26.2193413,0.0357644111,-0.0368106402,2.14388183e-05,30,1.10699999,1
600114200000940,93444263,2458688.9443420889,58688.4426389,20.7110023,0.181495428,0,zg,1.4946923000000001,29.684464599999998,0.256999999,-0.063000001,20190724442627,600,0xe,0x2,21.3400002,26.1913872,0.0293349456,-0.0507812314,1.17653381e-05,30,1.04100001,1
600114200000940,93648525,2458690.9871277134,58690.485254599997,20.6776752,0.17869997,0,zg,1.4946225,29.684409500000001,0.486000001,-0.0810000002,20190726485255,600,0xe,0x2,21.5100002,26.1580906,0.0280629229,-0.0556413643,1.03841403e-05,30,1.00800002,1
600114200000940,93749196,2458691.9939237377,58691.491967599999,21.2241249,0.224535108,0,zg,1.4947722999999999,29.684253900000002,0.675000012,0.112999998,20190727491968,600,0xe,0x2,21.2900009,26.1994629,0.0279123913,-0.0455009006,1.06927437e-05,30,1.00899994,1
600114200000940,94041893,2458694.921129765,58694.418935200003,20.8591785,0.193924189,32768,zg,1.4946881000000001,29.684330599999999,0.802999973,-0.00600000005,20190730418924,600,0xe,0x2,21.7299995,26.2765446,0.0285812113,-0.120598108,1.07973365e-05,30,1.05299997,1
600114200000940,94347883,2458697.9812695854,58697.478831,20.7689667,0.186357379,0,zg,1.4947619000000001,29.6844565,0.774999976,0.0399999991,20190802478831,600,0xe,0x2,21.7700005,26.1742649,0.0284832269,-0.0539978817,1.07064252e-05,30,1.01100004,1
600114200000940,94947972,2458703.9826211529,58703.479722199998,21.0110493,0.206662774,0,zg,1.4946146,29.6843751,0.665000021,-0.0149999997,20190808479653,600,0xe,0x2,21.8999996,26.1931934,0.0257940553,-0.0625576824,8.81425967e-06,30,1.023,1
600114200000940,95244146,2458706.9445859971,58706.441469899997,20.7778988,0.187106609,0,zg,1.4947398999999999,29.6843802,0.688000023,-0.179000005,20190811441435,600,0xe,0x2,21.4599991,26.2251091,0.0292252526,-0.0465027168,1.15675102e-05,30,1.00800002,1
600114200000940,95546675,2458709.9700896158,58709.466759299998,20.2409687,0.13778162,0,zg,1.494656,29.684383499999999,0.79400003,-0.0289999992,20190814466748,600,0xe,0x2,20.8999996,26.2253075,0.0342444032,-0.0409177206,1.80000789e-05,30,1.02600002,1
600114200000940,96340590,2458717.9097549692,58717.405902799997,20.6505661,0.176426172,0,zg,1.4947788,29.6844316,0.577000022,0.197999999,20190822405868,600,0xe,0x2,21.0699997,26.2077389,0.0313386619,-0.0435030982,1.3672473e-05,30,1.00800002,3
600114200000940,96441196,2458718.9158814042,58718.411967599997,20.7699814,0.186442494,0,zg,1.4945984000000001,29.6843982,0.448000014,-0.0839999989,20190823411956,600,0xe,0x2,21.3099995,26.2222557,0.0284760352,-0.0524907224,1.07550331e-05,30,1.00800002,3
600114200000940,96441292,2458718.9168420578,58718.412928199999,20.7070847,0.181166768,0,zg,1.4949309,29.684241199999999,0.662,0.178000003,20190823412894,600,0xe,0x2,21.1399994,26.225359,0.0319589414,-0.052077692,1.41900437e-05,30,1.00800002,1
600114200000940,96548670,2458719.9906798196,58719.486701399997,20.1503811,0.12930572,0,zg,1.4946854999999999,29.684383199999999,0.810000002,-0.0989999995,20190824486690,600,0xe,0x2,21.1599998,26.1765499,0.0303146001,-0.0418881252,1.24431981e-05,30,1.11800003,3
600114200000940,96840049,2458722.9046450243,58722.4004977,19.4130154,0.0748986974,0,zg,1.4946519,29.684397499999999,1.34599996,-0.101999998,20190827400498,600,0xe,0x2,21.9400005,26.1773071,0.0298434868,-0.0559196025,1.20132208e-05,30,1.00800002,3
600114200000940,96943938,2458723.9435918136,58723.439386600003,20.1190968,0.126464978,0,zg,1.4946515,29.684397000000001,1.15900004,-0.165999994,20190828439190,600,0xe,0x2,21.8299999,26.1856174,0.0260823574,-0.06265378,9.00842224e-06,30,1.03999996,3
600114200000940,97042331,2458724.9275690974,58724.4233102,20.6171722,0.173625112,0,zg,1.4946364000000001,29.684378899999999,1.04999995,-0.165999994,20190829423310,600,0xe,0x2,21.5699997,26.1943569,0.0287789535,-0.0427979454,1.11458494e-05,30,1.02400005,1
600114200000940,97043423,2458724.9384955815,58724.434236100002,19.7406731,0.0958542824,0,zg,1.4946893999999999,29.6843957,1.10000002,-0.112000003,20190829434225,600,0xe,0x2,21.6299992,26.1947918,0.0269059706,-0.0570857748,9.59202498e-06,30,1.03699994,3
600114200000940,97342206,2458727.9264755803,58727.422060199999,20.4417248,0.157748461,0,zg,1.4947159000000001,29.684397000000001,0.419999987,-0.0489999987,20190901422014,600,0xe,0x2,21.6800003,26.1919022,0.0276902113,-0.0752820447,1.00883926e-05,30,1.03100002,1
600114200000940,97342349,2458727.9279108495,58727.423495399999,20.3353577,0.146983862,0,zg,1.4946158,29.684497799999999,0.861000001,-0.0869999975,20190901423009,600,0xe,0x2,21.3099995,26.1695232,0.0321723819,-0.0378801562,1.37432116e-05,30,1.03299999,3
600114200000940,97839986,2458732.9045116571,58732.399861099999,20.9245739,0.199409366,0,zg,1.494764,29.684404099999998,0.884000003,-0.00400000019,20190906399768,600,0xe,0x2,21.8099995,26.1807995,0.0264276378,-0.0522298552,9.269781e-06,30,1.02199996,3
600114200000940,97945126,2458733.9559577536,58733.451261599999,20.4036751,0.153854892,0,zg,1.4946911000000001,29.684403799999998,1.04400003,-0.0949999988,20190907451262,600,0xe,0x2,21.75,26.1887779,0.0267833285,-0.0633220226,9.40783684e-06,30,1.12600005,3
600114200000940,98040089,2458734.9056273261,58734.400891199999,20.4858418,0.162314683,0,zg,1.4946128000000001,29.684503599999999,0.773999989,-0.109999999,20190908400833,600,0xe,0x2,21.3700008,26.2160854,0.0312733464,-0.0693971813,1.31106999e-05,30,1.02900004,3
600114200000940,98142354,2458735.9283195212,58735.423541700002,20.4343739,0.156992868,0,zg,1.4947063,29.6843611,0.953999996,-0.0109999999,20190909423542,600,0xe,0x2,21.7600002,26.1896687,0.0271501988,-0.0562992804,9.80961704e-06,30,1.07000005,3
600114200000940,98247331,2458736.9781293408,58736.473310200003,20.8165874,0.190351725,0,zg,1.4946908999999999,29.684452100000001,1.88,0.531000018,20190910473310,600,0xe,0x2,21.6599998,26.1787701,0.0290810056,-0.0633291677,1.11910194e-05,30,1.24300003,3
600114200000940,98247421,2458736.9790321714,58736.474213000001,20.9150372,0.198609471,0,zg,1.4948429999999999,29.684457800000001,0.333999991,0.0350000001,20190910474213,600,0xe,0x2,21.7299995,26.1792145,0.0292061269,-0.069672972,1.12386042e-05,30,1.24800003,1
600114200000940,98347465,2458737.9795100056,58737.474652800003,20.4469032,0.158281684,0,zg,1.4946889000000001,29.6844526,0.578999996,0.0359999985,20190911474653,600,0xe,0x2,21.5300007,26.1631088,0.0296788868,-0.0558649227,1.17143427e-05,30,1.26400006,3
600114200000940,98917789,2458743.6829412952,58743.177893499997,20.0888386,0.123761177,0,zg,1.4946861,29.684357500000001,0.442000002,-0.308999985,20190917177454,600,0xe,0x2,19.9799995,25.9681244,0.0408714339,-0.0264633875,4.2713451e-05,30,1.56299996,1
600114200000940,99017689,2458744.6819746122,58744.176898099999,20.9571915,0.202145219,0,zg,1.4947423,29.684333500000001,0.538999975,-0.179000005,20190918176458,600,0xe,0x2,20.9699993,26.0754471,0.0351720676,-0.0345782712,1.81291834e-05,30,1.546,1
600114200000940,99117700,2458745.6821061363,58745.177002299999,20.5223122,0.165668488,0,zg,1.4946778000000001,29.684404300000001,0.944000006,0.00100000005,20190919176586,600,0xe,0x2,21.4899998,26.1105766,0.0309471153,-0.049001161,1.29258879e-05,30,1.51999998,1
600114200000940,99317689,2458747.6820522724,58747.176898099999,20.4638748,0.160034463,0,zg,1.4947699999999999,29.684461599999999,0.925000012,-0.0869999975,20190921176493,600,0xe,0x2,21,26.0521393,0.0333182141,-0.0444188043,1.66650352e-05,30,1.47300005,1
600114200000940,99517753,2458749.6827334263,58749.1775347,19.7824364,0.0988880396,0,zg,1.4946134,29.6843805,0.963999987,-0.112999998,20190923177130,600,0xe,0x2,21.2000008,26.077692,0.0330324918,-0.0524847731,1.47825685e-05,30,1.42499995,1
600114200000940,100418434,2458758.6896657445,58758.184340300002,20.4901562,0.162764028,0,zg,1.4944641000000001,29.684441899999999,1.05299997,0.335000008,20191002183981,600,0xe,0x2,21.1399994,26.1397171,0.0330279097,-0.0649019927,1.50350334e-05,30,1.23599994,1
600114200000940,100617675,2458760.6820961596,58760.176759299997,20.9153824,0.198638439,0,zg,1.4946685,29.6843757,0.532000005,-0.36500001,20191004176400,600,0xe,0x2,21.3400002,26.1638145,0.0315016806,-0.0484178066,1.36856097e-05,30,1.24600005,1
600114200000940,100717576,2458761.6811042004,58761.175763899999,20.3732872,0.150778502,0,zg,1.4947244,29.684373399999998,0.56400001,-0.147,20191005175417,600,0xe,0x2,20.8500004,26.1417561,0.0349435285,-0.0320534483,1.81340583e-05,30,1.23800004,1
600114200000940,100817552,2458762.6808630098,58762.175520800003,20.780468,0.187322021,0,zg,1.4946767000000001,29.6845015,0.675999999,-0.231999993,20191006175162,600,0xe,0x2,20.9099998,26.1578369,0.0351261422,-0.0284701455,1.85906265e-05,30,1.227,1
600114200000940,101035790,2458764.8632462053,58764.357905099998,21.1675224,0.219787359,0,zg,1.4947543000000001,29.684427100000001,0.771000028,0.159999996,20191008357905,600,0xe,0x2,21.4899998,26.1907654,0.0303635281,-0.0652007535,1.21297926e-05,30,1.10099995,1
600114200000940,103419104,2458788.6959009534,58788.191041700004,20.6712418,0.178160429,0,zg,1.4945915000000001,29.6843556,1.20899999,-0.284000009,20191101191042,600,0xe,0x2,20.9899998,26.2084885,0.0369371027,-0.0795721933,1.90279661e-05,30,1.01699996,1
600114200000940,103720322,2458791.7079680152,58791.2032292,20.6609745,0.177299142,0,zg,1.4946383000000001,29.684438,0.60799998,-0.141000003,20191104203229,600,0xe,0x2,21.1100006,26.2122421,0.0342496596,-0.0740487352,1.63204131e-05,30,1.00800002,1
600114200000940,104020155,2458794.7061573719,58794.201550899998,20.3516102,0.148603499,0,zg,1.4944023,29.684431199999999,0.605000019,-0.231999993,20191107201551,600,0xe,0x2,20.8299999,26.1898804,0.0340134501,-0.0507833436,1.85896351e-05,30,1.00800002,1
600114200000940,104821952,2458802.723719927,58802.219525499997,20.4604874,0.159684166,0,zg,1.494548,29.6844207,0.509000003,0.143999994,20191115219514,600,0xe,0x2,20.75,26.2008228,0.0324252769,-0.0472186841,1.78698683e-05,30,1.03400004,1
600114200000940,104917493,2458803.6790705342,58803.174930599998,20.6966095,0.180288196,0,zg,1.4945923999999999,29.684380699999998,0.72299999,-0.112000003,20191116174931,600,0xe,0x2,20.9099998,26.0828285,0.0346457697,-0.0484614074,1.80085135e-05,30,1.00800002,1
600114200000940,105815892,2458812.6624988448,58812.1589236,20.2398529,0.137675032,0,zg,1.4947231999999999,29.684466,0.602999985,-0.061999999,20191125158924,600,0xe,0x2,21.5499992,26.1935158,0.0372236781,-0.107140437,1.85838871e-05,30,1.00899994,1
600114200000940,108310920,2458837.6108162482,58837.109201400002,19.9017525,0.108025596,0,zg,1.4946759000000001,29.684421199999999,1.38499999,0.074000001,20191220109109,600,0xe,0x2,21.1299992,26.3476295,0.0354354829,-0.0706568062,1.73632434e-05,30,1.01900005,1
600114200000940,109615864,2458850.6590994108,58850.158645800002,20.5154438,0.165092349,0,zg,1.4947641,29.684116800000002,0.683000028,0.0270000007,20200102158646,600,0xe,0x2,20.2600002,26.2909222,0.0411105342,-0.0469563976,3.08890885e-05,30,1.22800004,1
600114200000940,110209024,2458856.5901605147,58856.090243099999,20.8956432,0.196982741,0,zg,1.4946725999999999,29.684469799999999,0.709999979,-0.252999991,20200108090231,600,0xe,0x2,20.8700008,26.3583336,0.0370121375,-0.059424337,2.14592237e-05,30,1.06400001,1
600114200000940,110510434,2458859.6039859923,58859.1043403,20.121521,0.126683503,0,zg,1.4947119,29.684351100000001,0.250999987,-0.160999998,20200111104294,600,0xe,0x2,20.1800003,26.3492203,0.0357702784,-0.0588569827,2.77691361e-05,30,1.11800003,1
600114200000940,112113443,2458875.6326761572,58875.134432899999,21.0433617,0.209372997,0,zg,1.4947691999999999,29.684493100000001,0.634000003,-0.116999999,20200127134433,600,0xe,0x2,21.1100006,26.2317009,0.0328709297,-0.0593360811,1.48290619e-05,30,1.51400006,1
600114200000940,126438979,2459018.8884508293,59018.389791699999,20.3849049,0.151950985,0,zg,1.4948812,29.6844565,0.899999976,-0.170000002,20200618389780,600,0xe,0x2,21.0900002,26.1570759,0.0386905894,-0.048163306,2.07234625e-05,30,2.02399993,1
600114200000940,127336972,2459027.8691476216,59027.369722199997,20.3304558,0.146497279,0,zg,1.4945561999999999,29.684371899999999,0.869000018,-0.194000006,20200627369722,600,0xe,0x2,20.8799992,26.0468254,0.0397147462,-0.0443638787,2.30630721e-05,30,1.94599998,1
600114200000940,127638416,2459030.8838539496,59030.384166700002,20.0392456,0.119423956,0,zg,1.4947135,29.684377600000001,0.758000016,-0.0989999995,20200630384167,600,0xe,0x2,21.0499992,26.1815434,0.0360827819,-0.0622516721,1.82179119e-05,30,1.63900006,1
600114200000940,127848168,2459032.9815600333,59032.481689799999,20.2898617,0.142503634,0,zg,1.4946876,29.6845298,0.92900002,0.175999999,20200702481644,600,0xe,0x2,21.0799999,26.3672009,0.0340409316,-0.0696258396,1.62339456e-05,30,1.07599998,1
600114200000940,128046524,2459034.9652866367,59034.465243099999,20.3478355,0.1482265,0,zg,1.4946207,29.684427400000001,0.757000029,-0.101000004,20200704465243,600,0xe,0x2,20.8099995,26.3523617,0.0353230163,-0.0489577092,1.92402749e-05,30,1.102,1
600114200000940,128246813,2459036.968355271,59036.4681366,19.4513588,0.0771002695,0,zg,1.494637,29.684353600000001,0.736000001,-0.104999997,20200706468137,600,0xe,0x2,20.7000008,26.3670483,0.0363143422,-0.0409659371,2.18328551e-05,30,1.08099997,1
600114200000940,128446274,2459038.9631361375,59038.462743099997,19.6683578,0.0908003449,0,zg,1.4945556,29.684396100000001,0.702000022,-0.152999997,20200708462743,600,0xe,0x2,20.5799999,26.3770809,0.0358182229,-0.0324613303,2.22961462e-05,30,1.08099997,1
600114200000940,128647517,2459040.9757423252,59040.475173600003,20.2430325,0.137978777,0,zg,1.4946615000000001,29.6844514,0.59799999,-0.0909999982,20200710475127,600,0xe,0x2,20.9799995,26.3526249,0.03244932,-0.0352874957,1.55845191e-05,30,1.04700005,1
600114200000940,128648518,2459040.9857548052,59040.485185199999,19.742466,0.09598279,0,zg,1.4946386,29.684413899999999,0.437000006,-0.0700000003,20200710485174,600,0xe,0x2,20.8700008,26.3699055,0.0321436338,-0.0568017922,1.56710521e-05,30,1.03199995,1
600114200000940,128836149,2459042.8622260578,59042.361493099997,20.1195259,0.126503631,0,zg,1.4946143000000001,29.6844067,0.75,-0.291999996,20200712361493,600,0xe,0x2,20.7999992,26.1770134,0.0342542082,-0.0466200747,1.81619325e-05,30,1.53699994,1
600114200000940,128936222,2459043.8630421124,59043.362222199998,19.5120869,0.0807187781,0,zg,1.4946915999999999,29.684426200000001,0.542999983,0.0680000037,20200713362222,600,0xe,0x2,20.9400005,26.2106686,0.0349077433,-0.0358640216,1.79163544e-05,30,1.50600004,1
600114200000940,129246510,2459046.9661925817,59046.465104199997,20.7229252,0.182495475,0,zg,1.4947583,29.6844231,1.66199994,-0.0970000029,20200716465104,600,0xe,0x2,21.8099995,26.3753986,0.0317104645,-0.0816342011,1.3464276e-05,30,1.03699994,1
600114200000940,129346641,2459047.9675865229,59047.466412000002,20.0717773,0.12225575,0,zg,1.4946566999999999,29.684400499999999,0.540000021,0.101000004,20200717466412,600,0xe,0x2,22.0699997,26.3793335,0.0315585695,-0.0787010863,1.35589989e-05,30,1.03199995,1
600114200000940,129445723,2459048.9584932742,59048.4572338,20.7992744,0.188899517,0,zg,1.4946531999999999,29.684430899999999,1.28600001,0.0909999982,20200718457234,600,0xe,0x2,21.9200001,26.381628,0.0321733579,-0.0918510482,1.38039468e-05,30,1.04100001,3
600114200000940,129448475,2459048.9860187317,59048.484756899998,20.3663578,0.1500815,0,zg,1.4947406000000001,29.684398399999999,0.963,0.0149999997,20200718484757,600,0xe,0x2,21.4899998,26.3758564,0.0287635792,-0.0680848956,1.11293593e-05,30,1.01300001,1
600114200000940,129545520,2459049.9565530377,59049.455208300002,21.4183617,0.240827322,0,zg,1.4947394000000001,29.6843675,0.591000021,-0.119999997,20200719455162,600,0xe,0x2,21.8899994,26.3699551,0.030073259,-0.0775927827,1.21100948e-05,30,1.03999996,3
600114200000940,129545664,2459049.957988366,59049.456643500002,21.1419449,0.21764195,0,zg,1.4946801000000001,29.684354800000001,0.800000012,0.209000006,20200719456609,600,0xe,0x2,21.9599991,26.3745289,0.029442152,-0.0802979618,1.15806679e-05,30,1.03799999,1
600114200000940,129643622,2459050.9376551295,59050.436226899998,20.4364567,0.157206655,0,zg,1.4947094000000001,29.684417799999999,0.910000026,-0.122000001,20200720436227,600,0xe,0x2,21.8299999,26.3549767,0.0293474756,-0.0766810775,1.15565808e-05,30,1.06799996,3
600114200000940,129745253,2459051.9540490792,59051.452534700002,21.1275406,0.216433764,0,zg,1.4947104,29.684380300000001,0.574999988,0.0599999987,20200721452535,600,0xe,0x2,21.7800007,26.3420582,0.0344008096,-0.0870389342,1.58952498e-05,30,1.03600001,3
600114200000940,129845033,2459052.9519341709,59052.450335599999,21.0100346,0.206577659,0,zg,1.4946713,29.684391399999999,0.458000004,-0.064000003,20200722450324,600,0xe,0x2,22.1299992,26.3803234,0.0331794471,-0.0955726355,1.4687932e-05,30,1.03499997,3
600114200000940,129848581,2459052.9874117645,59052.4858102,20.5141792,0.164986253,0,zg,1.4946237,29.684430500000001,0.862999976,-0.00200000009,20200722485799,600,0xe,0x2,21.4400005,26.3868408,0.0306768883,-0.0739539042,1.28271395e-05,30,1.00800002,1
600114200000940,129940803,2459053.9097113796,59053.408032400002,20.9128971,0.198429942,0,zg,1.4946621,29.684366499999999,1.23000002,0.202999994,20200723408032,600,0xe,0x2,21.9400005,26.3752232,0.032409519,-0.0992609859,1.38804744e-05,30,1.11699998,1
600114200000940,129943706,2459053.9387416202,59053.437060199998,20.197403,0.13365972,0,zg,1.4947187,29.684384300000001,0.811999977,0.105999999,20200723437060,600,0xe,0x2,22.0400009,26.3849335,0.0347631834,-0.105709285,1.62709675e-05,30,1.051,3
600114200000940,130045498,2459054.9567548577,59054.454988400001,20.5328522,0.166552544,0,zg,1.4947471000000001,29.684412099999999,1.39900005,0.0189999994,20200724454745,600,0xe,0x2,21.9899998,26.3691902,0.0327877514,-0.087708205,1.42805757e-05,30,1.023,3
600114200000940,130049630,2459054.998077807,59054.496307900001,20.9832916,0.204334497,0,zg,1.4947013,29.684405000000002,0.621999979,-0.307999998,20200724496296,600,0xe,0x2,20.8799992,26.3656635,0.0323868096,-0.0464582667,1.60868185e-05,30,1.00899994,1
600114200000940,130142122,2459055.9230736331,59055.421226899998,19.9769363,0.114143543,0,zg,1.4946683999999999,29.684371899999999,0.811999977,-0.0590000004,20200725421227,600,0xe,0x2,21.8700008,26.3303471,0.03357815,-0.0869526938,1.50486712e-05,30,1.07099998,1
600114200000940,130142216,2459055.9240112049,59055.422164399999,19.8989468,0.107802749,0,zg,1.4947359,29.684405399999999,0.68900001,0.0199999996,20200725422153,600,0xe,0x2,21.5799999,26.3303566,0.0328702815,-0.0852278173,1.42525769e-05,30,1.06900001,3
600114200000940,130242711,2459056.9290479282,59056.4271181,20.3174057,0.145206556,0,zg,1.4947231999999999,29.684374999999999,0.699000001,-0.0189999994,20200726426817,600,0xe,0x2,21.8400002,26.33288,0.0311435517,-0.0791898221,1.29321061e-05,30,1.05400002,3
600114200000940,130340334,2459057.9053548723,59057.403344899998,19.4155884,0.0750444159,0,zg,1.4947292999999999,29.684420100000001,0.925999999,-0.00300000003,20200727403345,600,0xe,0x2,21.6900005,26.3509159,0.0352480412,-0.0933378264,1.64772118e-05,30,1.10000002,3
600114200000940,130541957,2459059.9217457189,59059.419571799997,20.3033962,0.143828094,0,zg,1.4947497000000001,29.684390199999999,0.628000021,0.0309999995,20200729419549,600,0xe,0x2,21.9300003,26.3656998,0.0308483876,-0.0846797675,1.26920213e-05,30,1.05299997,3
600114200000940,130542049,2459059.9226717004,59059.420497699997,19.9717865,0.113715611,0,zg,1.4946727,29.6843705,0.382999986,-0.0250000004,20200729420498,600,0xe,0x2,21.9500008,26.372097,0.0324387848,-0.0909600854,1.37862526e-05,30,1.051,1
600114200000940,130746437,2459061.9667128166,59061.464375000003,20.3818932,0.151646659,0,zg,1.494718,29.684426599999998,0.986000001,0.0250000004,20200731464352,600,0xe,0x2,21.9300003,26.3553371,0.0311013572,-0.0771569833,1.30058161e-05,30,1.00800002,3
600114200000940,131237085,2459066.8735767296,59066.370856499998,20.1879082,0.132772595,0,zg,1.4945872,29.684388599999998,0.58099997,0.0970000029,20200805370822,600,0xe,0x2,20.4599991,26.3220425,0.0357031822,-0.0286861304,2.39563469e-05,30,1.12199998,1
600114200000940,131241865,2459066.9213812896,59066.418657399998,19.9758549,0.114053577,0,zg,1.494629,29.684435000000001,0.843999982,-0.0909999982,20200805418646,600,0xe,0x2,20.5100002,26.3569984,0.0353129394,-0.0312908702,2.27024975e-05,30,1.02699995,3
600114200000940,131339778,2459067.9005875876,59067.397789399998,20.0052891,0.116522893,0,zg,1.4946273999999999,29.684322699999999,0.720000029,-0.144999996,20200806397697,600,0xe,0x2,20.5900002,26.3664093,0.0351865552,-0.0346308723,2.02464107e-05,30,1.05299997,3
600114200000940,131538087,2459069.8838260667,59069.380879600001,19.5769634,0.0847672746,0,zg,1.49468,29.684392599999999,0.843999982,-0.114,20200808380880,600,0xe,0x2,20.9500008,26.3681831,0.0334142745,-0.0467501171,1.65748224e-05,30,1.07500005,3
600114200000940,131741777,2459071.9208734035,59071.417777800001,20.5548058,0.16839397,0,zg,1.4946474999999999,29.684372199999999,0.680000007,-0.0599999987,20200810417407,600,0xe,0x2,21.2299995,26.3709259,0.0308474433,-0.0473471917,1.31812021e-05,30,1.01600003,1
600114200000940,131741968,2459071.9227832374,59071.419687499998,20.4685268,0.1605165,0,zg,1.4946359,29.6844611,0.976000011,0.116999999,20200810419653,600,0xe,0x2,21.2800007,26.3786488,0.030266922,-0.0605286099,1.24261005e-05,30,1.01400006,3
600114200000940,131836041,2459072.8635801454,59072.360416700001,20.175375,0.131607592,0,zg,1.4946579,29.684423299999999,0.617999971,0.0430000015,20200811360417,600,0xe,0x2,21.2199993,26.3305607,0.0313056298,-0.0677996874,1.34098127e-05,30,1.10500002,3
600114200000940,131932990,2459073.8331398489,59073.329907400002,19.8042355,0.10050527,0,zg,1.4945907,29.684404399999998,0.610000014,0.0909999982,20200812329907,600,0xe,0x2,21.1599998,26.3355732,0.0299259014,-0.0654898584,1.26141913e-05,30,1.199,3
600114200000940,131938295,2459073.8861876307,59073.382951400003,20.4324265,0.156792909,0,zg,1.4946140999999999,29.6843793,1.02400005,-0.0549999997,20200812382951,600,0xe,0x2,21.3799992,26.3369408,0.0290693939,-0.0540675819,1.14985451e-05,30,1.04999995,1
600114200000940,132135888,2459075.86226315,59075.358888900002,20.4732304,0.161004052,0,zg,1.4947131,29.684403700000001,0.638000011,0.0560000017,20200814358889,600,0xe,0x2,21.6299992,26.2505074,0.0325132348,-0.076383017,1.41427718e-05,30,1.08800006,3
600114200000940,132136980,2459075.8731782073,59075.369803200003,20.2993679,0.143433034,0,zg,1.4947519,29.684381699999999,1.079,0.108999997,20200814369803,600,0xe,0x2,21.6900005,26.269701,0.0307519641,-0.0820343941,1.24818043e-05,30,1.06400001,1
600114200000940,132249699,2459077.0004428606,59076.496990699998,18.9193516,0.0517416187,0,zg,1.4946868,29.684396700000001,0.958999991,-0.00400000019,20200815496979,600,0xe,0x2,21.4400005,26.2783737,0.028602235,-0.0683395937,1.12301395e-05,30,1.08599997,1
600114200000940,132337598,2459077.8794953129,59077.375983799997,18.997654,0.054827366,0,zg,1.4946687999999999,29.684405000000002,0.941999972,-0.0179999992,20200816375914,600,0xe,0x2,21.8500004,26.2787151,0.0320048817,-0.0716776475,1.36215876e-05,30,1.04400003,3
600114200000940,132337715,2459077.88066439,59077.3771528,19.3385448,0.0708017126,0,zg,1.4946904000000001,29.684417,0.552999973,-0.0289999992,20200816377025,600,0xe,0x2,21.9300003,26.2827549,0.0339619406,-0.0759371519,1.55551497e-05,30,1.04200006,1
600114200000940,132339568,2459077.8991957395,59077.395682900002,20.4593391,0.159565359,0,zg,1.4946758,29.684405099999999,0.632000029,-0.0120000001,20200816395683,600,0xe,0x2,21.7800007,26.1506443,0.0332245044,-0.0676472709,1.4746136e-05,30,1.01999998,1
600114200000940,132440575,2459078.9093324076,59078.405752300001,19.7923164,0.0996181592,0,zg,1.494699,29.684389700000001,0.550000012,-0.0920000002,20200817405752,600,0xe,0x2,21.5400009,26.20158,0.0380525589,-0.0765604228,1.92089137e-05,30,1.01100004,1
600114200000940,132534498,2459079.8486301475,59079.3449884,19.5657272,0.0840524063,0,zg,1.4946588999999999,29.684404900000001,1.421,0.0170000009,20200818344988,600,0xe,0x2,21.7700005,26.2242451,0.0327371322,-0.0841365084,1.42860963e-05,30,1.09500003,3
600114200000940,132535251,2459079.8561538402,59079.352511600002,19.5215454,0.0812971145,0,zg,1.4946955,29.684400400000001,1,0.109999999,20200818352512,600,0xe,0x2,21.8700008,26.2210884,0.0314598233,-0.0772611201,1.3280559e-05,30,1.07700002,1
600114200000940,132642512,2459080.9288388891,59080.425127299997,19.8015461,0.100304484,0,zg,1.4946983,29.6843842,1.43799996,0.0710000023,20200819425127,600,0xe,0x2,21.5,26.0757885,0.033289969,-0.0601575486,1.50572005e-05,30,1.00899994,1
600114200000940,132644512,2459080.9488401674,59080.445127300001,19.0122318,0.0554242767,0,zg,1.4946982,29.684401300000001,0.917999983,-0.0480000004,20200819445093,600,0xe,0x2,21.3999996,26.1034889,0.0341948606,-0.0678754076,1.58040475e-05,30,1.01999998,1
600114200000940,132644606,2459080.9497777279,59080.446064800002,18.9990425,0.0548839197,32768,zg,1.4946839999999999,29.684394999999999,1.19099998,0.0170000009,20200819446065,600,0xe,0x2,21.1700001,25.7942028,0.0411697477,-0.0618776307,2.47076405e-05,30,1.02100003,3
600114200000940,132735379,2459081.8575669667,59081.353796299998,20.1460114,0.128906175,0,zg,1.4945299000000001,29.684398900000001,1.06200004,-0.0240000002,20200820353796,600,0xe,0x2,21.4899998,26.0733013,0.0342614986,-0.0762282461,1.60727923e-05,30,1.06299996,1
600114200000940,132746578,2459081.9695647284,59081.465787000001,19.2584248,0.0666491762,0,zg,1.4947021,29.6843915,0.467000008,0.0199999996,20200820465787,600,0xe,0x2,21.6499996,26.1159172,0.0344973691,-0.0768138915,1.61596054e-05,30,1.04999995,3
600114200000940,133043972,2459084.9436827027,59084.439722199997,20.3727322,0.150722563,0,zg,1.4947166000000001,29.684390100000002,1.44099998,-0.254000008,20200823439572,600,0xe,0x2,21.7199993,26.2853642,0.0314566679,-0.0858372971,1.33321755e-05,30,1.02600002,1
600114200000940,133044231,2459084.9462754559,59084.442314799999,20.1629848,0.13046287,0,zg,1.4947473,29.684392299999999,0.555000007,-0.0759999976,20200823442303,600,0xe,0x2,21.7999992,26.2885456,0.0313221663,-0.093229115,1.33173098e-05,30,1.02900004,3
600114200000940,133135821,2459085.8622326138,59085.358217599998,20.0015373,0.11620573,0,zg,1.4947047,29.684432699999999,0.907000005,0.136000007,20200824357951,600,0xe,0x2,21.8600006,26.2838268,0.0354234576,-0.072230503,1.67597718e-05,30,1.03799999,3
600114200000940,133135868,2459085.8626956437,59085.358680600002,20.0830078,0.123245053,0,zg,1.4946915999999999,29.684399299999999,0.597000003,0.174999997,20200824358681,600,0xe,0x2,21.9200001,26.2872906,0.0341674536,-0.0767332613,1.55715388e-05,30,1.03699994,1
600114200000940,133333905,2459087.8431802848,59087.339050900002,20.2141762,0.135236815,0,zg,1.4947442,29.6843726,0.522000015,-0.0450000018,20200826339051,600,0xe,0x2,21.5499992,26.1385231,0.0352425128,-0.075883247,1.64122102e-05,30,1.05999994,3
600114200000940,133333998,2459087.8441178366,59087.339988400003,20.1405449,0.128407598,0,zg,1.494734,29.684406299999999,0.344000012,-0.0260000005,20200826339988,600,0xe,0x2,21.6299992,26.1499043,0.0348010547,-0.0827655643,1.59995452e-05,30,1.05799997,1
600114200000940,133347936,2459087.9835007056,59087.479363400002,20.0679264,0.121917933,0,zg,1.4947508,29.684414100000001,1.35300004,0.182999998,20200826479363,600,0xe,0x2,21.4599991,26.1014538,0.033785481,-0.0738422945,1.53936489e-05,30,1.11800003,1
600114200000940,133432787,2459088.8320552148,59088.327870399997,19.6447582,0.0892049745,0,zg,1.4946396,29.684377999999999,0.638000011,-0.0529999994,20200827327859,600,0xe,0x2,21.2800007,26.0721703,0.0328957736,-0.0633500144,1.51618433e-05,30,1.07799995,1
600114200000940,133447521,2459088.9794128719,59088.4752199,19.2881985,0.0681621358,0,zg,1.4946492,29.684387699999998,0.753000021,-0.00800000038,20200827475220,600,0xe,0x2,21.3400002,26.1353931,0.0324679501,-0.0717514902,1.46874236e-05,30,1.11399996,3
600114200000940,133531010,2459089.8143429472,59089.310104199998,19.9994431,0.116028994,0,zg,1.4947885999999999,29.684338199999999,0.503000021,-0.0960000008,20200828310104,600,0xe,0x2,20.9099998,26.1835747,0.0336170159,-0.0410335027,1.65559813e-05,30,1.11600006,1
600114200000940,133537618,2459089.8804229586,59089.376180599997,19.5764294,0.0847331509,0,zg,1.4946914,29.684399299999999,1.26600003,-0.165999994,20200828376111,600,0xe,0x2,21.6499996,26.2144947,0.0311020575,-0.0685314238,1.30218332e-05,30,1.01100004,3
600114200000940,133632638,2459090.8306822837,59090.326388900001,19.7373104,0.0956136882,0,zg,1.4946512999999999,29.684422600000001,0.981000006,-0.303000003,20200829326389,600,0xe,0x2,20.6399994,26.2635937,0.0376996063,-0.0447309688,2.37084605e-05,30,1.06900001,1
600114200000940,133641967,2459090.92397425,59090.419675899997,20.5283108,0.16617167,0,zg,1.4946408,29.684404099999998,0.93900001,-0.0179999992,20200829419653,600,0xe,0x2,21.8400002,26.2915745,0.0308797844,-0.0742260218,1.26974537e-05,30,1.02199996,1
600114200000940,133730668,2459091.8110347185,59091.306689800003,20.3950691,0.152980462,0,zg,1.4944499,29.684402500000001,0.751999974,-0.264999986,20200830306690,600,0xe,0x2,20.6800003,26.3665485,0.0349360332,-0.0460972637,1.97785539e-05,30,1.11000001,1
600114200000940,133744765,2459091.95200274,59091.447650499998,20.5077763,0.164449215,0,zg,1.494658,29.684366900000001,0.957000017,-0.170000002,20200830447650,600,0xe,0x2,21.8099995,26.3821068,0.0277558342,-0.0856613442,1.02803378e-05,30,1.06700003,3
600114200000940,133833693,2459092.8413307481,59092.336932899998,20.3004208,0.143536285,0,zg,1.4946955,29.684369199999999,1.04700005,-0.0359999985,20200831336898,600,0xe,0x2,20.4899998,26.3226242,0.0372684151,-0.0327680409,2.37281401e-05,30,1.04100001,1
600114200000940,134047223,2459094.9767371966,59094.472233799999,19.6592293,0.0901800841,0,zg,1.4946836999999999,29.6844286,0.643000007,-0.0379999988,20200902472199,600,0xe,0x2,19.9500008,26.2080784,0.0407918692,-0.0463643298,4.76801688e-05,30,1.15699995,3
600114200000940,135334934,2459107.854355623,59107.349340300003,20.2285652,0.136599571,0,zg,1.4946010000000001,29.68441,1.35399997,-0.0839999989,20200915349340,600,0xe,0x2,21.6100006,25.9369373,0.0345964208,-0.0816634372,1.61538992e-05,30,1.00800002,1
600114200000940,135532155,2459109.8266246035,59109.3215509,20.5507355,0.168052554,0,zg,1.4945423,29.68441,0.671999991,0.0729999989,20200917321528,600,0xe,0x2,21.3799992,25.8864059,0.0351409204,-0.0612469353,1.68797524e-05,30,1.01100004,1
600114200000940,135534769,2459109.8527712328,59109.347696800003,20.4110069,0.154601634,32768,zg,1.4947827,29.684514799999999,0.925999999,-0.0399999991,20200917347627,600,0xe,0x2,21.1499996,25.6547546,0.0378053896,-0.0637358651,2.06569803e-05,30,1.00899994,1
600114200000940,135736557,2459111.8707070113,59111.365578700003,21.4096069,0.240092993,0,zg,1.4946854000000001,29.684376799999999,0.527999997,0.153999999,20200919365521,600,0xe,0x2,21.6599998,26.2096786,0.0305932127,-0.0682922751,1.2562864e-05,30,1.02499998,1
600114200000940,135939108,2459113.8962644194,59113.391087999997,20.9827805,0.204291582,0,zg,1.4947105999999999,29.6843571,0.676999986,-0.0160000008,20200921391088,600,0xe,0x2,21.7800007,26.2394829,0.0296402276,-0.0897444785,1.16882175e-05,30,1.07500005,1
600114200000940,136032074,2459114.8259371989,59114.320740700001,20.4374695,0.157310784,0,zg,1.4947729999999999,29.684406800000001,0.748000026,0.0820000023,20200922320741,600,0xe,0x2,21.8199997,26.2721996,0.0315756537,-0.0835135728,1.32700598e-05,30,1.00800002,1
600114200000940,136126834,2459115.7735605338,59115.268344900003,19.8116074,0.101057447,0,zg,1.4946931999999999,29.684382599999999,0.963999987,0.00700000022,20200923268310,600,0xe,0x2,21.4300003,26.294651,0.0314147249,-0.0496833399,1.31046845e-05,30,1.04999995,1
600114200000940,136224388,2459116.7491228371,59116.243888899997,20.9663658,0.202914834,0,zg,1.4945778000000001,29.684512699999999,0.726999998,0.0560000017,20200924243889,600,0xe,0x2,21.4300003,26.215704,0.0314234383,-0.0744530261,1.31256547e-05,30,1.09599996,1
600114200000940,136326999,2459117.7752516977,59117.269999999997,20.6326046,0.174919605,0,zg,1.4947018999999999,29.6844158,0.625999987,-0.101000004,20200925270000,600,0xe,0x2,21.3600006,26.3349934,0.0295851231,-0.062425822,1.17637301e-05,30,1.03900003,1
600114200000940,136437192,2459118.8771903012,59118.3719213,21.0398941,0.209082246,0,zg,1.4947033000000001,29.6844137,0.660000026,-0.123000003,20200926371921,600,0xe,0x2,22.0300007,26.3631268,0.0290575232,-0.0901016891,1.10922119e-05,30,1.06299996,1
600114200000940,136533614,2459119.841428475,59119.3361458,20.7995224,0.188920259,0,zg,1.4947942000000001,29.6842638,0.907000005,-0.230000004,20200927336111,600,0xe,0x2,21.0699997,26.3499794,0.0337726064,-0.0609286055,1.6018661e-05,30,1.01800001,1
600114200000940,136732693,2459121.8322393605,59121.326932900003,20.2702999,0.14060244,0,zg,1.4947140999999999,29.6842808,0.566999972,0.151999995,20200929326933,600,0xe,0x2,20.7399998,26.3245335,0.0347385369,-0.0429988988,2.01525181e-05,30,1.01499999,1
600114200000940,136825437,2459122.7596904938,59122.254374999997,20.58564,0.170980334,0,zg,1.4946261999999999,29.684391399999999,0.351999998,-0.173999995,20200930254363,600,0xe,0x2,20.3199997,26.3027287,0.0362113789,-0.0321031809,2.73005262e-05,30,1.04200006,1
600114200000940,137325043,2459127.7557816366,59127.250439800002,19.9248199,0.109873116,0,zg,1.4945512999999999,29.684429999999999,0.714999974,-0.263000011,20201005250440,600,0xe,0x2,20.1000004,25.9183941,0.0380394831,-0.0293777306,3.89728193e-05,30,1.02900004,1
600114200000940,137532771,2459129.8330615195,59129.3277199,20.2157154,0.135382265,0,zg,1.4947438,29.684436300000002,0.638999999,-0.112999998,20201007327720,600,0xe,0x2,21.2299995,26.3424244,0.0296199135,-0.0653095692,1.21047096e-05,30,1.03999996,1
600114200000940,138026880,2459134.7741224803,59134.2688079,19.88587,0.106768861,0,zg,1.4946724,29.684397300000001,0.730000019,-0.0869999975,20201012268796,600,0xe,0x2,21.4799995,26.3131504,0.0324103683,-0.0771926343,1.41478185e-05,30,1.00800002,1
600114200000940,138234298,2459136.8482781453,59136.342986099997,19.583107,0.0851606503,0,zg,1.4946864,29.684411699999998,1.24899995,0.0839999989,20201014342975,600,0xe,0x2,21.9099998,26.3424549,0.0305526536,-0.0870225951,1.25083725e-05,30,1.11099994,1
600114200000940,139032057,2459144.8257229072,59144.320578699997,19.9079914,0.108522721,0,zg,1.4947596000000001,29.684402800000001,0.799000025,-0.101000004,20201022320567,600,0xe,0x2,22.0699997,26.2972507,0.0345737599,-0.103618369,1.56681417e-05,30,1.10899997,1
600114200000940,139719454,2459151.6994891781,59151.194548599997,20.2046452,0.134339258,0,zg,1.4945306,29.684390499999999,0.640999973,-0.26699999,20201029194549,600,0xe,0x2,20.3799992,26.3923645,0.0340161994,-0.0435475297,2.30361547e-05,30,1.01900005,1
600114200000940,139923592,2459153.7407928514,59153.2359259,19.8120117,0.101087794,0,zg,1.4947884,29.684365199999998,0.674000025,-0.0670000017,20201031235914,600,0xe,0x2,20.3600006,26.3936329,0.0382295288,-0.0309841111,2.81827142e-05,30,1.01300001,1
600114200000940,140326876,2459157.7734658304,59157.268761599997,20.110672,0.125707731,0,zg,1.4946811,29.6844027,0.472000003,-0.0869999975,20201104268762,600,0xe,0x2,20.8500004,26.3540268,0.0336106718,-0.0515935309,1.71563624e-05,30,1.07000005,1
600114200000940,141325626,2459167.7604684718,59167.2562616,20.7505398,0.184811711,0,zg,1.4945790999999999,29.684425699999998,0.990999997,-0.187000006,20201114256262,600,0xe,0x2,21.0900002,26.3842201,0.0305112675,-0.0656204447,1.27081512e-05,30,1.10500002,1
600114200000940,141522707,2459169.7311654575,59169.2270718,20.814537,0.190179706,0,zg,1.4946197999999999,29.684501000000001,0.65200001,0.0930000022,20201116227072,600,0xe,0x2,21.2000008,26.390049,0.0323652439,-0.0739675313,1.40946895e-05,30,1.05299997,1
600114200000940,143418329,2459188.6860869867,59188.183298600001,20.8241692,0.190987587,0,zg,1.4947295,29.684440599999999,0.657999992,-0.284999996,20201205183264,600,0xe,0x2,20.8299999,26.3847542,0.0313263796,-0.0596168265,1.45227077e-05,30,1.06799996,1
600114200000940,144018349,2459194.6858030516,59194.183495400001,20.6724052,0.178257942,0,zg,1.4948186000000001,29.6843194,1.09300005,-0.131999999,20201211183495,600,0xe,0x2,20.8400002,26.3750381,0.0355470777,-0.0797342882,1.83502634e-05,30,1.10699999,1
600114200000940,144519292,2459199.6948158122,59199.192928199998,20.7493057,0.184708238,0,zg,1.4945789,29.6844404,0.791000009,-0.128000006,20201216192859,600,0xe,0x2,20.7700005,26.3588467,0.0330454335,-0.0570779033,1.59749252e-05,30,1.18400002,1
600114200000940,144819788,2459202.6995109217,59202.1978819,20.809206,0.189732552,0,zg,1.4945983,29.684353300000001,0.638999999,-0.158000007,20201219197847,600,0xe,0x2,20.9699993,26.35676,0.0327920951,-0.0713316128,1.52669782e-05,30,1.24100006,1
600114200000940,145110797,2459205.6093493029,59205.107974500002,20.750948,0.184845924,0,zg,1.4947588000000001,29.684380099999998,0.606000006,0.0989999995,20201222107963,600,0xe,0x2,21.3400002,26.384634,0.031229388,-0.0636647791,1.32971563e-05,30,1.02400005,2
600114200000940,146613574,2459220.6357677272,59220.135740700003,20.6497726,0.176359653,0,zg,1.4946785,29.6843884,1.375,-0.064000003,20210106135741,600,0xe,0x2,21.25,26.3314342,0.0317185931,-0.0747420862,1.36848575e-05,30,1.18400002,1
600114200000940,146914422,2459223.6439797999,59223.1442245,20.7804813,0.187323213,0,zg,1.4947242000000001,29.6844061,0.851000011,-0.272000015,20210109144225,600,0xe,0x2,21.1499996,26.3249454,0.0316376574,-0.069619745,1.37127181e-05,30,1.25899994,1
600114200000940,147913172,2459233.6305902391,59233.131724500003,20.223938,0.136160523,0,zg,1.4946974,29.684378299999999,0.77700001,0.0410000011,20210119131725,600,0xe,0x2,21.1000004,26.3073978,0.0303507932,-0.0486485288,1.29972441e-05,30,1.34300005,1
600114200000940,162843484,2459382.9334077253,59382.434849500001,20.9169064,0.198766232,0,zg,1.4946661999999999,29.684437800000001,1.03100002,-0.462000012,20210617434850,600,0xe,0x2,21.2800007,26.0261307,0.0344184227,-0.0587451495,1.62104679e-05,30,1.49600005,1
600114200000940,163143254,2459385.9313557991,59385.432546299999,20.3955536,0.153029546,0,zg,1.4946387999999999,29.6844514,1.26699996,-0.344999999,20210620432535,600,0xe,0x2,21.1499996,26.2070351,0.0348771885,-0.0660691783,1.6996868e-05,30,1.44700003,1
600114200000940,164345118,2459397.9510253519,59397.451180600001,20.3819313,0.151650518,0,zg,1.4948139,29.684437899999999,0.391000003,0.0309999995,20210702451169,600,0xe,0x2,21.0599995,26.2704544,0.0323408432,-0.0619834401,1.48557037e-05,30,1.16499996,2
600114200000940,164345306,2459397.9529120279,59397.453067100003,20.5168762,0.165212512,0,zg,1.4947113000000001,29.684394300000001,0.600000024,-0.25999999,20210702453056,600,0xe,0x2,21.1800003,26.2734051,0.028857857,-0.0559675172,1.16533074e-05,30,1.15799999,3
600114200000940,164540612,2459399.9061382785,59399.406122699998,20.1468067,0.128978699,0,zg,1.494604,29.684400100000001,1.44099998,-0.057,20210704406111,600,0xe,0x2,21.4300003,26.1802444,0.0334626473,-0.0701954439,1.51291697e-05,30,1.36199999,1
600114200000940,164640402,2459400.9041306539,59400.404027800003,21.1757202,0.220474958,0,zg,1.4948383999999999,29.684362400000001,0.742999971,-0.294999987,20210705404016,600,0xe,0x2,21.1499996,26.2462635,0.0315767229,-0.0683910847,1.3640346e-05,30,1.35800004,3
600114200000940,164741415,2459401.9143463555,59401.414155099999,20.8940735,0.196851015,0,zg,1.4947594,29.6844252,0.873000026,0.00400000019,20210706414144,600,0xe,0x2,21.2800007,26.3017159,0.0316448063,-0.0620978363,1.36851841e-05,30,1.28199995,3
600114200000940,164741509,2459401.9152839566,59401.4150926,20.8482056,0.193003774,0,zg,1.4945816000000001,29.684336299999998,0.662,-0.112999998,20210706415093,600,0xe,0x2,21.1299992,26.3128548,0.0332080349,-0.0769523308,1.5383117e-05,30,1.27699995,1
600114200000940,164845392,2459402.9542058641,59402.453923599998,20.8751526,0.195263982,0,zg,1.4947953,29.684381800000001,1.10599995,-0.247999996,20210707453912,600,0xe,0x2,21.2900009,26.3147774,0.033192955,-0.0688388422,1.51866352e-05,30,1.11199999,3
600114200000940,164940056,2459403.9009321374,59403.400567099998,20.771225,0.186546803,0,zg,1.4947820000000001,29.684391999999999,0.643999994,-0.224000007,20210708400556,600,0xe,0x2,21.5300007,26.154686,0.0308759827,-0.0655744523,1.28916008e-05,30,1.32799995,3
600114200000940,164940434,2459403.90470568,59403.404340300003,20.7919292,0.188283443,0,zg,1.4946602,29.684392299999999,1.03499997,-0.173999995,20210708404329,600,0xe,0x2,21.5499992,26.1745167,0.0326158591,-0.0622338355,1.46861139e-05,30,1.30599999,1
600114200000940,165741381,2459411.9148813677,59411.413819399997,20.5706444,0.169722438,0,zg,1.4947166000000001,29.684391900000001,1.00899994,-0.0920000002,20210716413819,600,0xe,0x2,21.4899998,26.0153542,0.0318431333,-0.0684257299,1.42609078e-05,30,1.16199994,1
600114200000940,166042627,2459414.9275934766,59414.426273099998,20.3724861,0.150697827,0,zg,1.4947556,29.6844039,1.02100003,-0.0599999987,20210719426238,600,0xe,0x2,21.8199997,26.2771759,0.0295743141,-0.0885155424,1.20608292e-05,30,1.09800005,1
600114200000940,166444856,2459418.9502254417,59418.448564799997,20.1755791,0.131626353,0,zg,1.4946326000000001,29.684474900000001,0.865999997,-0.367000014,20210723448530,600,0xe,0x2,20.4699993,26.0801525,0.0344529934,-0.0329579934,2.50521407e-05,30,1.03400004,1
600114200000940,166941107,2459423.9131473275,59423.4110764,19.1842251,0.063029699,32768,zg,1.4946883,29.684345799999999,0.619000018,-0.423000008,20210728411065,600,0xe,0x2,19.1800003,25.3583279,0.0570320822,-0.0538056903,0.000191032319,30,1.07599998,2
600114200000940,167030040,2459424.8025481752,59424.300405100003,19.7036877,0.0932380855,0,zg,1.4946383000000001,29.684439399999999,0.795000017,-0.0549999997,20210729300394,600,0xe,0x2,20.6399994,26.1609173,0.0401975028,-0.0345093422,2.68806507e-05,30,1.699,2
600114200000940,167043674,2459424.938901905,59424.436747699998,19.1329842,0.0606521666,0,zg,1.494653,29.684405099999999,0.848999977,-0.0579999983,20210729436748,600,0xe,0x2,20.8999996,26.3167286,0.0324955657,-0.0484808832,1.62803026e-05,30,1.02900004,1
600114200000940,167044326,2459424.9454186349,59424.443263900001,19.3368759,0.0707125515,0,zg,1.4946675,29.684369199999999,0.882000029,-0.0109999999,20210729443264,600,0xe,0x2,20.8799992,26.3136082,0.0321351998,-0.0425117947,1.61113967e-05,30,1.02199996,2
600114200000940,167137256,2459425.8747990471,59425.372569400002,19.5901604,0.0856144056,0,zg,1.4946572,29.684339099999999,0.65200001,-0.0879999995,20210730372558,600,0xe,0x2,20.9400005,26.2316666,0.0325727351,-0.0474618636,1.62390934e-05,30,1.17299998,2
600114200000940,167237939,2459426.8817083812,59426.379398099998,20.4556828,0.159187376,0,zg,1.4946501999999999,29.684422699999999,0.672999978,-0.222000003,20210731379398,600,0xe,0x2,21.2000008,26.2703838,0.0306399912,-0.0670712069,1.35279888e-05,30,1.13900006,2
600114200000940,167336809,2459427.8704791674,59427.368090299999,19.6319485,0.0883500129,0,zg,1.4946725000000001,29.6843787,0.81400001,-0.143000007,20210801368090,600,0xe,0x2,21.4400005,26.2775211,0.0290745031,-0.0647469535,1.13617516e-05,30,1.16900003,2
600114200000940,167336902,2459427.8714167434,59427.369027799999,19.6650391,0.0905744061,0,zg,1.4946481,29.684385200000001,0.832000017,0.0390000008,20210801369028,600,0xe,0x2,21.2399998,26.2776127,0.0301971715,-0.0684043393,1.26858667e-05,30,1.16600001,1
600114200000940,167346395,2459427.9663547967,59427.463958300003,20.2271767,0.136467755,0,zg,1.4946138,29.6843313,0.54400003,0.0370000005,20210801463866,600,0xe,0x2,21.25,26.2758064,0.0300925542,-0.0579734668,1.29781156e-05,30,1.00699997,2
600114200000940,167432776,2459428.8302307399,59428.327766199996,19.9483147,0.111781657,0,zg,1.4946950000000001,29.684408699999999,0.512000024,-0.0480000004,20210802327766,600,0xe,0x2,21.0499992,26.2198524,0.033763703,-0.0611550324,1.56750793e-05,30,1.35699999,2
600114200000940,167532199,2459429.8245330439,59429.321990700002,19.8287201,0.102349505,0,zg,1.4946485,29.684419699999999,0.698000014,-0.0649999976,20210803321991,600,0xe,0x2,21.4300003,26.2440166,0.0310104471,-0.0619112551,1.28496986e-05,30,1.37699997,2
600114200000940,167542828,2459429.9308376801,59429.428287000002,20.3493767,0.14838028,0,zg,1.4947302,29.684417199999999,0.596000016,-0.0560000017,20210803428218,600,0xe,0x2,21.5400009,26.316103,0.0304501317,-0.0546520613,1.27035528e-05,30,1.023,2
600114200000940,167542922,2459429.9317752603,59429.429224500003,20.839138,0.192243218,0,zg,1.4945914,29.684450999999999,0.458000004,0.158000007,20210803429225,600,0xe,0x2,21.4099998,26.3338642,0.0302682482,-0.0734218657,1.25843389e-05,30,1.02199996,1
600114200000940,167640998,2459430.9126151898,59430.409988400002,20.783865,0.187606931,0,zg,1.4946884,29.684347500000001,1.34099996,-0.0549999997,20210804409988,600,0xe,0x2,21.6100006,26.32551,0.0302214231,-0.0807448179,1.24231501e-05,30,1.04299998,2
600114200000940,167646278,2459430.9654202727,59430.4627894,20.7411518,0.184024334,0,zg,1.4946073,29.6844328,0.698000014,-0.00300000003,20210804462697,600,0xe,0x2,21.5599995,26.3208733,0.0297601484,-0.0661628619,1.21029725e-05,30,1.00800002,2
600114200000940,168043686,2459434.9397951583,59434.436863399998,20.2545166,0.139079988,0,zg,1.4946744000000001,29.684443300000002,0.335999995,-0.0289999992,20210808436840,600,0xe,0x2,21.3899994,26.3090782,0.0316277221,-0.0654246882,1.40328611e-05,30,1.00899994,1
600114200000940,168139195,2459435.8949582656,59435.391955999999,20.275013,0.141059101,0,zg,1.4946874999999999,29.684430899999999,1.48399997,0,20210809391944,600,0xe,0x2,21.5900002,26.2545319,0.0294884648,-0.0676225647,1.19276838e-05,30,1.04999995,2
600114200000940,168143624,2459435.9392555291,59435.436249999999,20.7378273,0.183745384,0,zg,1.4946870999999999,29.684412500000001,1.38399994,0.229000002,20210809436250,600,0xe,0x2,21.7600002,26.2784977,0.0297392607,-0.0793365166,1.20540917e-05,30,1.00800002,2
600114200000940,168234517,2459436.848245488,59436.345173599999,20.137352,0.128117114,0,zg,1.4947264,29.684361599999999,0.476999998,-0.0810000002,20210810345174,600,0xe,0x2,21.6700001,26.1991005,0.0323329493,-0.0784078613,1.41141909e-05,30,1.16299999,2
600114200000940,168439165,2459438.8948739618,59438.3916551,20.4422951,0.157807082,0,zg,1.4946748999999999,29.684370699999999,0.875999987,-0.167999998,20210812391655,600,0xe,0x2,21.4500008,26.1649227,0.0303886048,-0.0716418028,1.25289662e-05,30,1.03799999,2
600114200000940,168444128,2459438.9445070908,59438.441284699999,20.9830837,0.204317093,0,zg,1.4946299000000001,29.6843681,0.971000016,-0.108999997,20210812441285,600,0xe,0x2,21.6100006,26.1775894,0.0310262814,-0.0644237399,1.31182951e-05,30,1.00800002,2
600114200000940,168543663,2459439.9399243998,59439.436631899996,19.7463055,0.0962584987,0,zg,1.4947092,29.684379100000001,0.976999998,-0.0989999995,20210813436632,600,0xe,0x2,21.4599991,26.1350346,0.0361784324,-0.0720440298,1.78783212e-05,30,1.00699997,1
600114200000940,168831965,2459442.8231432592,59442.319652799997,20.763752,0.18592,0,zg,1.4948524000000001,29.684396,0.829999983,-0.153999999,20210816319653,600,0xe,0x2,21.1700001,26.2000103,0.0353136994,-0.0829659998,1.74727902e-05,30,1.199,2
600114200000940,169042975,2459444.9333873461,59444.429756899997,20.9871616,0.204659104,0,zg,1.4945565000000001,29.684453099999999,0.764999986,0.074000001,20210818429757,600,0xe,0x2,21.2700005,26.1468391,0.0374007784,-0.0793653801,1.92925763e-05,30,1.00899994,1
600114200000940,169523832,2459449.7422543583,59449.238321800003,19.2796631,0.0677247941,0,zg,1.4946288999999999,29.684348400000001,1.00999999,-0.225999996,20210823238322,600,0xe,0x2,19.9200001,26.1831932,0.0366128609,-0.0285094157,3.9938921e-05,30,1.62800002,1
600114200000940,169645688,2459450.9608919611,59450.456886599997,19.6515064,0.0896584839,0,zg,1.4945945,29.684541599999999,0.782999992,-0.331999987,20210824456875,600,0xe,0x2,19.7399998,26.1591759,0.0403062962,-0.0394420289,5.27280208e-05,30,1.05200005,2
600114200000940,169832277,2459452.8268913734,59452.3227778,19.8424072,0.103393309,0,zg,1.4946891,29.684428700000002,0.694000006,-0.0540000014,20210826322708,600,0xe,0x2,20.8500004,26.3389759,0.0356741995,-0.0455944352,2.08160218e-05,30,1.09800005,2
600114200000940,169937149,2459453.875665809,59453.371493099999,20.1555786,0.129782051,0,zg,1.4946579,29.684437299999999,1.148,0.173999995,20210827371319,600,0xe,0x2,21.0900002,26.3802567,0.0316514894,-0.0479321443,1.50324759e-05,30,1.01600003,1
600114200000940,169937244,2459453.8766148672,59453.372442100001,20.3930721,0.152778059,0,zg,1.4946273999999999,29.684373399999998,0.837000012,-0.27700001,20210827372431,600,0xe,0x2,21.0499992,26.3777561,0.0302105006,-0.0523453206,1.37817533e-05,30,1.01499999,2
600114200000940,170036384,2459454.8680700948,59454.363842600003,19.5065937,0.0803847313,0,zg,1.4946676999999999,29.684408399999999,1.40999997,0.0160000008,20210828363843,600,0xe,0x2,21.1399994,26.3632755,0.0295354817,-0.0511429422,1.2628142e-05,30,1.01999998,2
600114200000940,170041685,2459454.9210822899,59454.416851900001,19.3541489,0.071640946,0,zg,1.4946922,29.684411999999998,1.00399995,-0.00200000009,20210828416806,600,0xe,0x2,21.1200008,26.3498764,0.0298534762,-0.0511415116,1.30744293e-05,30,1.01600003,2
600114200000940,170132910,2459455.8333884813,59455.329108799997,20.6115799,0.173156023,0,zg,1.4947199,29.684384099999999,0.753000021,-0.0419999994,20210829329109,600,0xe,0x2,21.1900005,26.2941227,0.0316912644,-0.0638084337,1.44241421e-05,30,1.06500006,2
600114200000940,170133879,2459455.8430765043,59455.338796299999,20.5811234,0.170601487,0,zg,1.4946656,29.6843982,0.680000007,0.112999998,20210829338796,600,0xe,0x2,21.1800003,26.2918148,0.0302674938,-0.0500926003,1.34911152e-05,30,1.04700005,1
600114200000940,170428398,2459458.7884140844,59458.283981499997,20.4463959,0.158229366,0,zg,1.4947295,29.684349300000001,0.754999995,0.108999997,20210901283970,600,0xe,0x2,21.6000004,26.2640114,0.0353259668,-0.093905516,1.69021041e-05,30,1.16700006,2
600114200000940,170529983,2459459.8043207163,59459.299837999999,20.8949928,0.196928144,0,zg,1.4947980000000001,29.684403400000001,1.60399997,0.151999995,20210902299745,600,0xe,0x2,21.5900002,26.3516731,0.0335262083,-0.0910654366,1.54869176e-05,30,1.10800004,2
600114200000940,170638921,2459460.8937480724,59460.389213000002,20.7668266,0.18617785,0,zg,1.494696,29.6843936,0.583999991,-0.0759999976,20210903389213,600,0xe,0x2,21.8799992,26.3735123,0.0322348699,-0.0898026153,1.40335569e-05,30,1.00999999,2
600114200000940,170726228,2459461.7668559863,59461.262280100003,20.6071854,0.172787428,0,zg,1.4949059,29.684398099999999,1.13100004,0.0960000008,20210904262280,600,0xe,0x2,21.0499992,26.3218575,0.0385040566,-0.0649646819,2.14490738e-05,30,1.22300005,1
600114200000940,170726321,2459461.7677935334,59461.263217599997,20.9214706,0.199149013,0,zg,1.4947542,29.684416500000001,0.980000019,0.00899999961,20210904263218,600,0xe,0x2,21.5300007,26.3281422,0.0312501751,-0.0771358386,1.32554378e-05,30,1.21800005,2
600114200000940,170847626,2459462.9808927011,59462.476261600001,19.9299698,0.110289142,0,zg,1.4946769,29.684411799999999,1.023,-0.128999993,20210905476262,600,0xe,0x2,21.7199993,26.3325806,0.030931782,-0.0825797468,1.29869768e-05,30,1.20000005,2
600114200000940,170935375,2459463.8584198584,59463.353750000002,19.988493,0.115108557,0,zg,1.4946587,29.684366399999998,0.910000026,-0.156000003,20210906353738,600,0xe,0x2,21.6700001,26.3532543,0.0327689163,-0.0790010244,1.47483543e-05,30,1.00999999,2
600114200000940,170937177,2459463.8764414378,59463.371770799997,20.4476357,0.158357114,0,zg,1.4947461,29.684435300000001,1.01800001,-0.153999999,20210906371725,600,0xe,0x2,21.7000008,26.3573647,0.0319476724,-0.083632946,1.4041605e-05,30,1.00800002,1
600114200000940,170942655,2459463.9312239131,59463.426550900003,19.8074875,0.100748532,0,zg,1.4946737000000001,29.684393700000001,0.326000005,0.0320000015,20210906426551,600,0xe,0x2,21.8700008,26.3482552,0.0301703662,-0.0825413689,1.22768133e-05,30,1.06099999,2
600114200000940,171026079,2459464.7655073856,59464.2607986,20.7222443,0.182438374,0,zg,1.4947111,29.684365799999998,0.725000024,0.0879999995,20210907260799,600,0xe,0x2,21.5699997,26.2888355,0.0329114944,-0.0737702027,1.48748213e-05,30,1.19400001,2
600114200000940,171140427,2459465.9090271927,59465.404270799998,20.4742756,0.161112666,0,zg,1.4947157,29.684376799999999,0.973999977,0.197999999,20210908404248,600,0xe,0x2,21.5,26.2870121,0.0331275873,-0.0793836713,1.51646345e-05,30,1.03400004,1
600114200000940,171143292,2459465.9376857532,59465.432928200004,20.6729717,0.178305507,0,zg,1.4946963,29.6843608,0.751999974,-0.114,20210908432928,600,0xe,0x2,21.7700005,26.2716808,0.0294729844,-0.088789843,1.18419694e-05,30,1.08700001,2
600114200000940,171233276,2459466.8375599408,59466.332766200001,20.2045307,0.134328514,0,zg,1.4947522,29.684410400000001,0.870000005,0.00200000009,20210909332766,600,0xe,0x2,21.7600002,26.3211517,0.0308889542,-0.0720825344,1.29289047e-05,30,1.01800001,2
600114200000940,171242949,2459466.9342882559,59466.4294907,20.1714706,0.131246045,0,zg,1.4947219,29.684347800000001,0.898999989,-0.101000004,20210909429479,600,0xe,0x2,21.6200008,26.3201389,0.0300076231,-0.0845391527,1.22356578e-05,30,1.08500004,2
600114200000940,171321850,2459467.7233351273,59467.218506899997,19.7612228,0.097336404,0,zg,1.4946893999999999,29.6843936,0.930000007,-0.0460000001,20210910218495,600,0xe,0x2,21.3299999,26.1616325,0.0325197093,-0.0637035146,1.43842608e-05,30,1.375,2
600114200000940,171342688,2459467.9317228445,59467.426886599998,20.76437,0.185971737,0,zg,1.4947648,29.684449900000001,0.930999994,-0.0359999985,20210910426875,600,0xe,0x2,21.4799995,26.2930756,0.0296995603,-0.0766776651,1.1974852e-05,30,1.08599997,2
600114200000940,171526855,2459469.773457326,59469.268553200003,20.5154457,0.165092587,0,zg,1.4947018999999999,29.6844182,1.24000001,0.143999994,20210912268553,600,0xe,0x2,21.75,26.3561096,0.0296057668,-0.0908143222,1.19459828e-05,30,1.11899996,2
600114200000940,171636575,2459470.8706946783,59470.3657523,20.6798058,0.178878665,0,zg,1.4946273999999999,29.684360399999999,1.04799998,-0.0430000015,20210913365729,600,0xe,0x2,21.6200008,26.3585491,0.030810209,-0.0737862289,1.27935891e-05,30,1.01199996,2
600114200000940,171937777,2459473.8828164688,59473.3777778,20.7534714,0.18505764,0,zg,1.4946974,29.684400799999999,0.968999982,0.163000003,20210916377766,600,0xe,0x2,22.0499992,26.3631954,0.0298372135,-0.0899207145,1.20880186e-05,30,1.02900004,2
600114200000940,172038728,2459474.8923481777,59474.387280100003,20.2833881,0.141872808,0,zg,1.4947052999999999,29.6844082,1.05599999,-0.196999997,20210917387234,600,0xe,0x2,21.1100006,26.3371449,0.030718267,-0.0560903028,1.33462281e-05,30,1.04499996,1
600114200000940,172041568,2459474.9207517742,59474.415682899999,20.4922466,0.162981644,0,zg,1.4947442,29.684361800000001,0.60799998,0.130999997,20210917415683,600,0xe,0x2,21.6399994,26.3229809,0.0301157888,-0.0903064609,1.23463797e-05,30,1.10599995,2
600114200000940,172331520,2459477.8203534614,59477.315208300002,20.452486,0.158857524,0,zg,1.4947587,29.684431799999999,0.485000014,-0.172000006,20210920315208,600,0xe,0x2,20.4400005,26.39925,0.0365598463,-0.0492809266,2.63880684e-05,30,1.00999999,1
600114200000940,172521751,2459479.7227001642,59479.2175116,20.145401,0.12885046,0,zg,1.4944288999999999,29.684627299999999,0.566999972,-0.150999993,20210922217512,600,0xe,0x2,20.0799999,26.2810974,0.040059533,-0.0501120761,3.97246986e-05,30,1.20299995,1
600114200000940,173020043,2459484.7057170165,59484.200439799999,20.3572216,0.14916499,0,zg,1.4947733999999999,29.684395899999998,0.708999991,0.0329999998,20210927200081,600,0xe,0x2,21.7900009,26.2778873,0.0351486653,-0.0880622119,1.68058868e-05,30,1.21800005,2
600114200000940,173037188,2459484.8771662395,59484.371886599998,20.7440453,0.184267044,0,zg,1.4945980000000001,29.684403,0.210999995,-0.0170000009,20210927371887,600,0xe,0x2,21.3700008,26.2977772,0.0287465174,-0.0524869673,1.1458731e-05,30,1.06700003,1
600114200000940,173126940,2459485.7747011613,59485.269409699999,20.7520313,0.184936881,0,zg,1.4947250000000001,29.6843963,0.463,-0.0500000007,20210928269410,600,0xe,0x2,21.1900005,25.9777546,0.0342455693,-0.0502557009,1.71646334e-05,30,1.02999997,2
600114200000940,173340854,2459487.9138563992,59487.408541700002,19.9096413,0.108654499,0,zg,1.4946847999999999,29.684365199999998,0.893999994,-0.112000003,20210930408530,600,0xe,0x2,21.2600002,26.3063831,0.0311694667,-0.0649259984,1.3518038e-05,30,1.20299995,2
600114200000940,173426488,2459488.770206403,59488.264884299999,20.6212883,0.173970342,0,zg,1.4945651,29.6844207,0.74000001,0.074000001,20211001264884,600,0xe,0x2,21.3999996,26.360054,0.0333543606,-0.0780388266,1.52203784e-05,30,1.02600002,1
600114200000940,173536538,2459489.8707118356,59489.365381900003,20.3309708,0.146548375,0,zg,1.4946797999999999,29.684353999999999,0.786000013,-0.123999998,20211002365347,600,0xe,0x2,21.4899998,26.2797375,0.0303415526,-0.0794667974,1.24684075e-05,30,1.08200002,2
600114200000940,173634579,2459490.8511339673,59490.345798599999,19.0482216,0.0569289438,0,zg,1.4946706999999999,29.6844164,0.377999991,0.0130000003,20211003345787,600,0xe,0x2,21.5200005,26.3512726,0.0318693668,-0.0791180581,1.38429887e-05,30,1.04900002,1
600114200000940,174034187,2459494.847217238,59494.341874999998,19.9992924,0.116016351,0,zg,1.4946733999999999,29.684393100000001,0.638999999,0,20211007341875,600,0xe,0x2,21.4099998,26.0510464,0.03629921,-0.0703506619,1.81984142e-05,30,1.06099999,2
600114200000940,174333848,2459497.8438150589,59497.338483799998,20.2458572,0.138249159,0,zg,1.4946550999999999,29.684414199999999,0.510999978,0.0599999987,20211010338472,600,0xe,0x2,20.9200001,26.3525352,0.0333907679,-0.0622316115,1.59448828e-05,30,1.07099998,2
600114200000940,174333942,2459497.8447525497,59497.339421299999,20.4328423,0.156835467,0,zg,1.4946463999999999,29.684493499999999,0.462000012,-0.0780000016,20211010339421,600,0xe,0x2,20.8600006,26.3505268,0.0327766016,-0.0553797223,1.52816119e-05,30,1.07299995,1
600114200000940,174422408,2459498.7294109785,59498.224085599999,20.2827568,0.141811326,0,zg,1.4947846,29.684370999999999,1.04999995,0.0710000023,20211011224086,600,0xe,0x2,21.5900002,26.3475208,0.0310926717,-0.074463062,1.3216817e-05,30,1.04299998,2
600114200000940,174434047,2459498.845799007,59498.340474500001,20.0488396,0.120253772,0,zg,1.4947834,29.6844009,0.611999989,-0.00800000038,20211011340463,600,0xe,0x2,21.7700005,26.3476009,0.0299487635,-0.0831114352,1.20694422e-05,30,1.08099997,2
600114200000940,174821101,2459502.7163024792,59502.211018499998,19.4820633,0.0789093673,0,zg,1.4946594,29.684374800000001,0.713,0.143999994,20211015211007,600,0xe,0x2,20.7600002,26.3477993,0.0308140125,-0.0425859392,1.50295282e-05,30,1.046,2
600114200000940,174838221,2459502.8874922181,59502.382210600001,20.4274616,0.156283841,0,zg,1.4946014999999999,29.684393199999999,0.620999992,-0.0939999968,20211015382199,600,0xe,0x2,20.7600002,26.3031406,0.0347838178,-0.0533340313,1.81984924e-05,30,1.27199996,1
600114200000940,175025627,2459504.7615264552,59504.2562731,19.6743584,0.0912101492,0,zg,1.4946421000000001,29.684435499999999,0.875999987,0.00999999978,20211017256227,600,0xe,0x2,20.7199993,26.3511066,0.0329328664,-0.0477610081,1.75637324e-05,30,1.00699997,1
600114200000940,175043089,2459504.9361415561,59504.430891199998,20.4146805,0.154976457,0,zg,1.494764,29.684360099999999,1.06299996,-0.326999992,20211017430822,600,0xe,0x2,20.6000004,26.2442932,0.0362999327,-0.0439594015,2.22695053e-05,30,1.71500003,2
600114200000940,176318159,2459517.6865124451,59517.181597199997,19.7685356,0.0978688523,0,zg,1.4946979,29.684393799999999,0.828000009,0.120999999,20211030181586,600,0xe,0x2,21.9699993,26.3890648,0.0308053866,-0.0792689919,1.27272779e-05,30,1.02999997,2
600114200000940,176321563,2459517.720550634,59517.215636599998,20.2184219,0.135638028,0,zg,1.4946505000000001,29.684429600000001,0.925999999,0.0120000001,20211030215613,600,0xe,0x2,21.8899994,26.394104,0.0302658025,-0.0827053934,1.23825821e-05,30,1.00800002,2
600114200000940,176426599,2459518.7708711619,59518.265995399997,20.6578007,0.177032948,0,zg,1.4947907,29.684440200000001,1.04299998,0.166999996,20211031265995,600,0xe,0x2,21.8199997,26.3915577,0.0336932018,-0.0959360898,1.52765861e-05,30,1.04400003,1
600114200000940,176426694,2459518.7718201228,59518.266944399998,20.5490952,0.167914987,0,zg,1.4947273000000001,29.684446300000001,1.12699997,-0.150000006,20211031266933,600,0xe,0x2,21.6800003,26.3858547,0.0325286388,-0.0915045142,1.42367535e-05,30,1.04499996,2
600114200000940,176617484,2459520.6796516823,59520.174849499999,20.5100784,0.164642334,0,zg,1.4946823,29.684383199999999,0.824000001,0.00400000019,20211102174664,600,0xe,0x2,21.5300007,26.3828106,0.0308222901,-0.070194371,1.2795058e-05,30,1.028,2
600114200000940,176628902,2459520.7938254052,59520.289027799998,20.1315422,0.127589598,0,zg,1.4947244,29.684405399999999,0.825999975,-0.0340000018,20211102288958,600,0xe,0x2,21.7199993,26.3902493,0.0295900665,-0.0944753885,1.16517613e-05,30,1.10300004,2
600114200000940,176720550,2459521.7102696183,59521.205509300002,20.2468605,0.138345301,0,zg,1.4946569999999999,29.684397199999999,0.338,-0.00800000038,20211103205509,600,0xe,0x2,21.8299999,26.3966122,0.028753072,-0.086252138,1.10489973e-05,30,1.00800002,2
600114200000940,176721060,2459521.7153620082,59521.210601899998,20.131134,0.127552643,0,zg,1.4946717,29.6844179,0.601000011,0.0350000001,20211103210475,600,0xe,0x2,21.4699993,26.3908978,0.0291590951,-0.0714836493,1.14403865e-05,30,1.00699997,1
600114200000940,176723436,2459521.7391225253,59521.234363399999,20.0292225,0.118561782,0,zg,1.4947039,29.684401300000001,0.601000011,-0.0160000008,20211103234363,600,0xe,0x2,21.9500008,26.3899879,0.029396005,-0.0811176673,1.15824869e-05,30,1.01699996,2
600114200000940,176821341,2459522.7181323334,59522.213414400001,20.5862961,0.17103529,0,zg,1.4946010000000001,29.684461599999999,0.920000017,-0,20211104213391,600,0xe,0x2,21.5499992,26.384058,0.0321587734,-0.0772452578,1.41937471e-05,30,1.00800002,2
600114200000940,176825309,2459522.7578065349,59522.253090300001,19.4323044,0.075998269,0,zg,1.4946887,29.684403,0.80400002,0.050999999,20211104252951,600,0xe,0x2,21.8999996,26.3850517,0.0306146964,-0.083132647,1.25889565e-05,30,1.04100001,2
600114200000940,176932026,2459523.8249359326,59523.320266199997,20.3506393,0.148506507,0,zg,1.494721,29.684346000000001,0.713,-0.0410000011,20211105320197,600,0xe,0x2,21.7199993,26.3773289,0.0310524572,-0.106061235,1.29558348e-05,30,1.24800003,2
600114200000940,177030766,2459524.812287352,59524.307661999999,19.7402191,0.0958217531,0,zg,1.4947081,29.684402599999999,1.29499996,-0.0649999976,20211106307662,600,0xe,0x2,21.8099995,26.362854,0.0298538804,-0.0852822512,1.18108819e-05,30,1.20299995,2
600114200000940,177119254,2459525.6971307811,59525.192546300001,20.3924007,0.152709886,0,zg,1.4946288000000001,29.6844316,1.08299994,0.226999998,20211107192535,600,0xe,0x2,21.75,26.3841686,0.0301465504,-0.0701358691,1.23022692e-05,30,1.00800002,2
600114200000940,177231988,2459526.8244150979,59526.319884299999,20.1405258,0.128405854,0,zg,1.4946649999999999,29.6843726,0.549000025,-0.0869999975,20211108319884,600,0xe,0x2,21.7900009,26.3462238,0.0290260091,-0.0800105333,1.11887975e-05,30,1.28900003,2
600114200000940,177315878,2459527.6632745354,59527.158784699997,19.7794266,0.0986665562,0,zg,1.4946712,29.684430899999999,0.191,0.0189999994,20211109158773,600,0xe,0x2,21.5599995,26.3741531,0.0288036671,-0.0616829731,1.12295893e-05,30,1.02499998,2
600114200000940,177324200,2459527.7464880203,59527.242002300001,20.2807941,0.141620487,0,zg,1.4947843000000001,29.684386499999999,1.17799997,-0.157000005,20211109241562,600,0xe,0x2,21.4799995,26.3535614,0.0294185542,-0.0731253102,1.1714812e-05,30,1.04400003,2
600114200000940,177524399,2459529.7483770032,59529.243993099997,20.3625813,0.149702311,0,zg,1.4945161,29.684373900000001,0.52700001,0.00300000003,20211111243993,600,0xe,0x2,20.9899998,26.394289,0.0328534469,-0.0720327944,1.51250533e-05,30,1.05700004,2
600114200000940,177532516,2459529.8295416278,59529.325162000001,19.9493504,0.111866437,0,zg,1.4947215,29.684337200000002,0.866999984,-0.107000001,20211111325162,600,0xe,0x2,21.1599998,26.3350315,0.0309638083,-0.0656897947,1.3195152e-05,30,1.37100005,2
600114200000940,177613892,2459530.6432603425,59530.138923600003,19.3606758,0.0719949529,0,zg,1.4946823,29.6844097,0.439999998,0.00100000005,20211112138912,600,0xe,0x2,20.8099995,26.3943634,0.0310780015,-0.059519615,1.48782729e-05,30,1.03999996,1
600114200000940,177630443,2459530.8087607711,59530.304432899997,19.7322617,0.0952535123,0,zg,1.4947435,29.684470399999999,0.921000004,0.0670000017,20211112304329,600,0xe,0x2,20.8099995,26.3638077,0.0343168676,-0.0722659379,1.81940777e-05,30,1.26499999,2
600114200000940,177720674,2459531.7110268339,59531.206747700002,20.3324623,0.146696448,0,zg,1.4946018999999999,29.684317799999999,0.58099997,0.148000002,20211113206748,600,0xe,0x2,20.6599998,26.393137,0.03488582,-0.0503687672,2.00058475e-05,30,1.01699996,2
600114200000940,177736357,2459531.8678468461,59531.363576399999,20.6348705,0.175109625,0,zg,1.4945241,29.684465100000001,0.837000012,-0.221000001,20211113363518,600,0xe,0x2,20.8299999,26.266264,0.0327801704,-0.0521752238,1.62383021e-05,30,1.79799998,2
600114200000940,177819456,2459532.6987847802,59532.194560199998,18.8670273,0.0497890748,0,zg,1.4946949,29.684410499999998,0.666000009,-0.0419999994,20211114194560,600,0xe,0x2,20.8799992,26.401577,0.0332858041,-0.0558713153,1.63831392e-05,30,1.01100004,2
600114200000940,177819550,2459532.6997338245,59532.1955093,18.9298306,0.052143015,0,zg,1.4946505000000001,29.6843939,0.672999978,-0.0489999987,20211114195498,600,0xe,0x2,20.8299999,26.3998966,0.0331512839,-0.0605480745,1.68270071e-05,30,1.01100004,1
600114200000940,178231353,2459536.8175143539,59536.3135301,19.1154594,0.0598612539,0,zg,1.4946857,29.684408699999999,0.707000017,0.0309999995,20211118313183,600,0xe,0x2,19.8700008,26.3168106,0.0386389829,-0.0161941424,4.09007916e-05,30,1.42400002,2
600114200000940,178624531,2459540.7490490782,59540.245312500003,19.5235443,0.0814198777,0,zg,1.4948172,29.684359000000001,0.758000016,-0.0260000005,20211122245301,600,0xe,0x2,20.0799999,26.3772297,0.0392552465,-0.0483909808,3.35251425e-05,30,1.13499999,2
600114200000940,178624681,2459540.7505535679,59540.2468171,19.4469948,0.0768464804,0,zg,1.4946508000000001,29.6843763,1.50600004,-0.286000013,20211122246748,600,0xe,0x2,20.1700001,26.3717251,0.0373504013,-0.0455521494,2.94094589e-05,30,1.13900006,1
600114200000940,178825784,2459542.7614503526,59542.257847200002,20.9315243,0.199992299,0,zg,1.4946371000000001,29.684512000000002,0.345999986,-0.202999994,20211124257836,600,0xe,0x2,20.9300003,26.3282261,0.0317443609,-0.0525942035,1.51459099e-05,30,1.20000005,2
600114200000940,179618758,2459550.6906184526,59550.187580999998,20.8661385,0.194507957,0,zg,1.494705,29.6843693,0.855000019,0.163000003,20211202187569,600,0xe,0x2,21.2000008,26.3818264,0.0305354521,-0.0716424137,1.27730227e-05,30,1.05900002,2
600114200000940,179623612,2459550.7391564795,59550.2361227,18.3933315,0.0355799198,0,zg,1.4946953999999999,29.684409899999999,0.76700002,-0.0149999997,20211202235995,600,0xe,0x2,21.7000008,26.346096,0.031241389,-0.0746903718,1.29982436e-05,30,1.20099998,2
600114200000940,194749129,2459701.9868551772,59701.491296300002,18.8433628,0.0489338152,32768,zg,1.4946524000000001,29.684420899999999,0.66900003,0.00600000005,20220502491285,600,0xe,0x2,19.9699993,25.7901459,0.0436320528,-0.0148946997,4.97211586e-05,30,2.7249999,1
600114200000940,194749366,2459701.9892279757,59701.493669000003,18.5412102,0.0394056849,32768,zg,1.4946155999999999,29.684402200000001,0.592999995,-0.0280000009,20220502493657,600,0xe,0x2,19.9200001,25.8076382,0.0457885116,-0.0266234763,5.77278806e-05,30,2.64599991,1
600114200000940,194749603,2459701.9915891723,59701.496030100003,18.9092636,0.0513584614,32768,zg,1.4945984000000001,29.684317499999999,0.697000027,0.160999998,20220502496030,600,0xe,0x2,19.6299992,25.8386211,0.0387076475,-0.027977258,5.36157786e-05,30,2.57200003,1
600114200000940,194749840,2459701.9939619699,59701.498402800004,18.6034412,0.0411702208,32768,zg,1.4946455000000001,29.684503100000001,0.883000016,-0.0930000022,20220502498403,600,0xe,0x2,19.3500004,25.8483849,0.0411158204,-0.0407441743,7.98488618e-05,30,2.50200009,1
600114200000940,200337443,2459757.8738145991,59757.374432899996,18.3253937,0.0339835733,0,zg,1.4946394000000001,29.684410499999998,0.493000001,-0.0170000009,20220627374410,600,0xe,0x2,21.0100002,26.1154537,0.0340851843,-0.0639730692,1.66068839e-05,30,1.89100003,1
600114200000940,200343224,2459757.9316321504,59757.432245399999,19.3020248,0.0688767582,0,zg,1.4946827,29.684432699999999,0.861999989,-0.0649999976,20220627432245,600,0xe,0x2,21.3500004,26.2487183,0.0315393656,-0.0625117868,1.37882962e-05,30,1.32200003,1
600114200000940,200743270,2459761.9324426563,59761.432708300003,19.1945667,0.0635214671,0,zg,1.4947028,29.684401399999999,1.08200002,-0.0189999994,20220701432708,600,0xe,0x2,21.6200008,26.3027267,0.0312290955,-0.0597582385,1.30972594e-05,30,1.25999999,1
600114200000940,201042582,2459764.9258175921,59764.425821800003,19.202858,0.0639186651,0,zg,1.494656,29.684398099999999,1.09300005,0.0450000018,20220704425822,600,0xe,0x2,21.5599995,26.3312244,0.0278934743,-0.0783758536,1.06221396e-05,30,1.25300002,1
600114200000940,201242631,2459766.9264901918,59766.426319400001,19.2106247,0.0642931163,0,zg,1.4946379999999999,29.684388599999998,0.374000013,-0.00300000003,20220706426319,600,0xe,0x2,21.2600002,26.3400097,0.0314854197,-0.0892940611,1.3748584e-05,30,1.22500002,1
600114200000940,201543068,2459769.9311163868,59769.430682899998,19.08144,0.0583575629,0,zg,1.4946881000000001,29.684411900000001,0.791000009,-0.0320000015,20220709430671,600,0xe,0x2,21.4799995,26.3257408,0.0314708985,-0.0771082863,1.36937288e-05,30,1.17299998,1
600114200000940,201740652,2459771.9071336826,59771.406527799998,19.1404037,0.0609903894,0,zg,1.4946576,29.684354500000001,1.63900006,-0.177000001,20220711406516,600,0xe,0x2,20.8899994,26.3061752,0.0322687961,-0.0619502552,1.60234194e-05,30,1.25399995,1
600114200000940,201745217,2459771.952785783,59771.452175899998,19.1795406,0.062808238,0,zg,1.4947187,29.684403700000001,1.02600002,-0.00600000005,20220711452176,600,0xe,0x2,21.6200008,26.3276768,0.0315060019,-0.0781629607,1.3558335e-05,30,1.09000003,1
600114200000940,202738228,2459781.8837453378,59781.382280099999,18.7756481,0.0465789624,0,zg,1.494651,29.684383499999999,0.646000028,0.0590000004,20220721382280,600,0xe,0x2,20.8099995,26.0971184,0.0341753848,-0.0537656285,1.81641717e-05,30,1.23899996,1
600114200000940,202744232,2459781.9437967553,59781.4423264,19.6659508,0.0906363577,32768,zg,1.4947265999999999,29.684400700000001,0.990999997,-0.0820000023,20220721442326,600,0xe,0x2,20.3299999,25.661581,0.0423884429,-0.0459571742,4.08840569e-05,30,1.05299997,1
600114200000940,203143189,2459785.9337034202,59785.431898100003,19.0671711,0.0577391684,0,zg,1.4946836999999999,29.684392800000001,0.734000027,0.0579999983,20220725431898,600,0xe,0x2,21.7199993,26.2743568,0.0308715925,-0.0612738766,1.29576756e-05,30,1.05299997,2
600114200000940,203144574,2459785.9475471769,59785.445740700001,19.1762905,0.0626551211,0,zg,1.4946550999999999,29.684403400000001,0.912,-0.0399999991,20220725445718,600,0xe,0x2,22,26.279398,0.03138813,-0.0799961686,1.36988619e-05,30,1.03199995,2
600114200000940,203234987,2459786.8517540698,59786.349872699997,19.1046753,0.0593800545,0,zg,1.4946725000000001,29.6843875,0.856999993,0.0109999999,20220726349873,600,0xe,0x2,21.6900005,26.2121716,0.0312198382,-0.0919771194,1.33629874e-05,30,1.34200001,2
600114200000940,203247087,2459786.9727710304,59786.470879599998,19.1048317,0.0593870394,0,zg,1.4946733000000001,29.684404900000001,0.864000022,0.0289999992,20220726470868,600,0xe,0x2,21.9300003,26.2623253,0.0315073952,-0.0800647959,1.3704479e-05,30,1.00999999,2
600114200000940,203336496,2459787.86693036,59787.364965300003,18.8539352,0.0493137762,0,zg,1.4946805000000001,29.684389299999999,0.763999999,0.00800000038,20220727364931,600,0xe,0x2,21.6700001,26.2231731,0.0319449268,-0.0771621689,1.39198701e-05,30,1.24399996,2
600114200000940,203338824,2459787.8902076888,59787.388240699998,19.0888824,0.0586829707,0,zg,1.4946748999999999,29.6843997,0.890999973,-0.00899999961,20220727388241,600,0xe,0x2,21.8899994,26.2511425,0.0310413186,-0.0736412704,1.29991549e-05,30,1.14900005,1
600114200000940,203344734,2459787.9493213701,59787.447349499998,18.7105713,0.0444403179,0,zg,1.4946619999999999,29.6844207,0.961000025,0.0700000003,20220727447338,600,0xe,0x2,21.6499996,26.2768078,0.0318027288,-0.062680088,1.41303562e-05,30,1.02400005,2
600114200000940,203536959,2459789.8717236579,59789.369594900003,19.1847172,0.0630529523,0,zg,1.4946660000000001,29.684384000000001,0.34799999,-0.0199999996,20220729369525,600,0xe,0x2,21.5599995,26.1267662,0.0311644431,-0.0675462037,1.32502264e-05,30,1.19799995,2
600114200000940,203541079,2459789.9129307242,59789.410798600002,18.9967117,0.0547890477,0,zg,1.4946372000000001,29.684404900000001,0.924000025,0.0529999994,20220729410799,600,0xe,0x2,21.5499992,26.2162838,0.031766098,-0.0890511796,1.38671294e-05,30,1.07200003,2
600114200000940,203541443,2459789.9165653191,59789.414432899997,18.9774857,0.0540133193,0,zg,1.4946870999999999,29.684373600000001,0.796000004,0.0250000004,20220729414352,600,0xe,0x2,21.5699997,26.2259159,0.0295913275,-0.0820930228,1.20115692e-05,30,1.06500006,1
600114200000940,203634094,2459790.8431563615,59790.340949099998,19.2576866,0.0666121244,32768,zg,1.4946994,29.684379,1.12899995,-0.0179999992,20220730340938,600,0xe,0x2,20.7600002,25.6314087,0.0716233701,-0.0434677191,8.46071489e-05,30,1.33000004,2
600114200000940,203636234,2459790.8645585026,59790.362349499999,18.94104,0.0525762998,0,zg,1.4946735,29.684401300000001,0.725000024,-0.0260000005,20220730362315,600,0xe,0x2,21.5499992,26.2061558,0.0311101209,-0.0861271918,1.32352634e-05,30,1.21800005,2
600114200000940,203930769,2459793.8101403955,59793.307696800002,18.812479,0.0478430018,0,zg,1.4946577999999999,29.684396,0.806999981,-0.0410000011,20220802307697,600,0xe,0x2,21.3299999,26.1614914,0.0332007632,-0.0665860251,1.53830042e-05,30,1.51600003,2
600114200000940,203944582,2459793.9482763424,59793.4458218,18.7641373,0.046191968,0,zg,1.4946877000000001,29.684410400000001,1.30700004,0.104999997,20220802445752,600,0xe,0x2,21.6100006,26.2898426,0.0308871027,-0.0563237295,1.30582785e-05,30,1.01199996,1
600114200000940,203947429,2459793.9767507836,59793.474294,19.2970352,0.068618007,0,zg,1.4946683000000001,29.68441,1.20500004,-0.135000005,20220802474225,600,0xe,0x2,21.6900005,26.3207664,0.0296252593,-0.0740692466,1.20172836e-05,30,1.00899994,2
600114200000940,204140879,2459795.9114039321,59795.408796299998,18.7825813,0.0468138978,0,zg,1.4946841,29.684384300000001,1.15199995,0.0920000002,20220804408796,600,0xe,0x2,21.8999996,26.284441,0.0309808888,-0.0652403757,1.32189944e-05,30,1.046,1
600114200000940,204143517,2459795.9377832781,59795.435173600003,19.1709557,0.0624045655,32768,zg,1.4946710000000001,29.684405999999999,0.550000012,0.0109999999,20220804435162,600,0xe,0x2,20.4400005,25.3060055,0.0423530228,-0.0439706892,4.04874663e-05,30,1.01600003,2
600114200000940,204246179,2459796.9644826651,59796.461794000003,19.0545559,0.0571983606,0,zg,1.4947248,29.684412900000002,1.03699994,0.063000001,20220805461701,600,0xe,0x2,21.6100006,26.2736073,0.0316873565,-0.0487493314,1.38431251e-05,30,1.00800002,2
600114200000940,204339142,2459797.8941831389,59797.391423599998,21.1885948,0.221554875,0,zg,1.4945392,29.684339600000001,0.878000021,0.0680000037,20220806391424,600,0xe,0x2,21.8299999,26.3543396,0.0297409873,-0.06965141,1.20165105e-05,30,1.06700003,2
600114200000940,204340053,2459797.903292621,59797.400532400003,18.5476227,0.0395831093,0,zg,1.4946794000000001,29.684410499999998,0.899999976,-0.0199999996,20220806400532,600,0xe,0x2,21.4099998,26.3716412,0.0316584259,-0.0922334045,1.37848156e-05,30,1.04999995,2
600114200000940,204439290,2459798.8957402646,59798.392905100001,19.3062439,0.0690963492,0,zg,1.4946496,29.6843833,0.720000029,-0.0219999999,20220807392894,600,0xe,0x2,21.6700001,26.3079777,0.0293874722,-0.0812840089,1.18241624e-05,30,1.05900002,2
600114200000940,204439875,2459798.9015856036,59798.39875,19.4229221,0.0754614025,0,zg,1.4946765,29.684399200000001,0.81400001,0.00899999961,20220807398681,600,0xe,0x2,21.6200008,26.284668,0.0306596253,-0.073177658,1.29649507e-05,30,1.04900002,1
600114200000940,204442261,2459798.9254531027,59798.422615700001,18.7811928,0.0467667691,0,zg,1.4946828000000001,29.6844055,0.370000005,-0.0350000001,20220807422593,600,0xe,0x2,21.5599995,26.3100243,0.0314642079,-0.0647228733,1.35529999e-05,30,1.01900005,2
600114200000940,204637915,2459800.8821379896,59800.379155100003,19.0576096,0.0573287643,0,zg,1.4946364000000001,29.684403100000001,0.907999992,0.0689999983,20220809379144,600,0xe,0x2,21.1599998,26.3096638,0.0316416249,-0.0640343949,1.41758237e-05,30,1.07599998,2
600114200000940,204742087,2459801.9239387317,59801.420879600002,18.8187904,0.0480636247,0,zg,1.4946689,29.684385500000001,0.597000003,-0.0130000003,20220810420868,600,0xe,0x2,21.0599995,26.3268967,0.0348683968,-0.0473156571,1.84486544e-05,30,1.01400006,2
600114200000940,204944248,2459803.945692908,59803.442488399996,19.3278389,0.0702318028,0,zg,1.4947315999999999,29.684411000000001,0.518999994,-0.00800000038,20220812442477,600,0xe,0x2,20.2700005,26.3025513,0.0400189459,-0.0260996502,3.71667593e-05,30,1.00800002,1
600114200000940,205142137,2459805.9247207297,59805.421377300001,19.1700287,0.0623611733,0,zg,1.4947058,29.684393700000001,0.300999999,-0.0280000009,20220814421377,600,0xe,0x2,20.6100006,26.3241005,0.0365331322,-0.0370116383,2.43915165e-05,30,1.00899994,2
600114200000940,205226984,2459806.7732513458,59806.2698495,19.2114906,0.0643350482,32768,zg,1.4946857,29.684425000000001,0.829999983,-0.0829999968,20220815269850,600,0xe,0x2,19.5699997,26.015831,0.103031918,-0.0550664067,0.000350349437,30,1.53799999,2
600114200000940,205337848,2459807.881961171,59807.378483799999,19.1781349,0.0627419725,0,zg,1.4947196,29.6843556,0.90200001,-0.150000006,20220816378380,600,0xe,0x2,20.5100002,26.3122444,0.03744464,-0.0194425415,2.61520599e-05,30,1.04200006,2
600114200000940,205344128,2459807.9447663175,59807.441284699999,19.2734623,0.0674088821,0,zg,1.4947311000000001,29.684360399999999,0.800000012,0.138999999,20220816441192,600,0xe,0x2,20.3799992,26.3111515,0.0367852859,-0.00510086911,2.65861563e-05,30,1.01100004,2
600114200000940,205425976,2459808.7633049428,59808.2597685,19.1722565,0.0624655932,32768,zg,1.4946748000000001,29.6845116,0.527999997,0.658999979,20220817259769,600,0xe,0x2,19.2600002,25.906208,0.11087136,0.00869545061,0.00060596969,30,1.58299994,2
600114200000940,205432478,2459808.8283209391,59808.324780100003,18.939043,0.0524988212,0,zg,1.4946518,29.684404099999998,1.18299997,-0.0430000015,20220817324768,600,0xe,0x2,20.9200001,26.2511463,0.031836208,-0.0390528738,1.60742602e-05,30,1.16999996,1
600114200000940,205542633,2459809.9299447071,59809.426331000002,19.2448177,0.0659693852,0,zg,1.4946758,29.684414799999999,1.64199996,-0.142000005,20220818426285,600,0xe,0x2,21.0699997,26.2944584,0.0317464955,-0.0354080163,1.50823116e-05,30,1.00800002,2
600114200000940,205636694,2459810.8706193566,59810.366944399997,19.1596088,0.0618753023,0,zg,1.4946846,29.6844176,0.875,-0.141000003,20220819366944,600,0xe,0x2,20.3899994,26.1925583,0.0444219746,-0.0232143141,3.51786948e-05,30,1.04700005,1
600114200000940,205641203,2459810.9157148865,59810.412037000002,20.6179523,0.173690557,0,zg,1.4945861,29.684397100000002,0.550000012,-0.164000005,20220819412025,600,0xe,0x2,21.1299992,26.2145786,0.0312010534,-0.0392042249,1.45150734e-05,30,1.00800002,2
600114200000940,205728255,2459811.7862915965,59811.282557899998,18.7062206,0.0443015322,0,zg,1.4946562000000001,29.684388800000001,1.15900004,-0.0649999976,20220820282558,600,0xe,0x2,21.5,26.1594296,0.0309623107,-0.0779427364,1.30193066e-05,30,1.33599997,2
600114200000940,205747261,2459811.9763615392,59811.472615699997,19.2683601,0.0671501085,0,zg,1.4946896000000001,29.6844146,0.865999997,-0.0270000007,20220820472604,600,0xe,0x2,21.3400002,26.3000793,0.0295391865,-0.0494334139,1.21803942e-05,30,1.05900002,2
600114200000940,205830078,2459812.8045850918,59812.300787,19.0233307,0.0558835901,0,zg,1.4946294,29.684406899999999,1.19500005,-0.0170000009,20220821300787,600,0xe,0x2,21.4899998,26.133131,0.0345644429,-0.0894278288,1.61217722e-05,30,1.22399998,2
600114200000940,205830755,2459812.8113564174,59812.3075579,18.6934853,0.0438982956,0,zg,1.4946843000000001,29.684426200000001,0.995000005,0.0350000001,20220821307546,600,0xe,0x2,21.6599998,26.2406082,0.0310702883,-0.076901257,1.31765237e-05,30,1.19500005,1
600114200000940,205842456,2459812.9283660837,59812.424560200001,18.9438896,0.0526871271,0,zg,1.4946934999999999,29.684431199999999,1.37899995,-0.104999997,20220821424560,600,0xe,0x2,21.3899994,26.2910671,0.03016771,-0.0389975049,1.27004787e-05,30,1.00999999,2
600114200000940,205934912,2459813.8529836824,59813.349120400002,18.680851,0.0435026065,0,zg,1.4946866999999999,29.684407,0.786000013,0.00200000009,20220822349109,600,0xe,0x2,21.5300007,26.2848549,0.0320156813,-0.0835450143,1.41900473e-05,30,1.06400001,2
600114200000940,206032179,2459814.8257166967,59814.321794000003,18.9768238,0.0539868437,0,zg,1.4946961999999999,29.6843854,0.65200001,-0.0540000014,20220823321782,600,0xe,0x2,21.5400009,26.2972507,0.0311477669,-0.100268804,1.34086522e-05,30,1.125,2
600114200000940,206033112,2459814.8350459668,59814.331122700001,19.1743603,0.0625643134,0,zg,1.4946849,29.684401099999999,1.49800003,0.0340000018,20220823331111,600,0xe,0x2,21.7600002,26.2904549,0.0320116654,-0.0778788999,1.39437961e-05,30,1.09899998,1
600114200000940,206042320,2459814.927134858,59814.423205999999,19.3261795,0.0701438859,0,zg,1.4946862999999999,29.684417400000001,0.883000016,-0.0560000017,20220823423206,600,0xe,0x2,21.4899998,26.2929325,0.0317933001,-0.0565196574,1.39972817e-05,30,1.01100004,2
600114200000940,206126703,2459815.7710164371,59815.267036999998,19.1733017,0.0625146031,0,zg,1.4946648,29.684403,1.773,0.150999993,20220824267037,600,0xe,0x2,21.3700008,26.1822968,0.0312124304,-0.0524362363,1.36505487e-05,30,1.36600006,2
600114200000940,206227787,2459816.7819094877,59816.277870400001,19.0802498,0.0583057217,0,zg,1.4947001,29.6843802,0.638000011,-0.0729999989,20220825277870,600,0xe,0x2,21.5599995,26.2093277,0.0307194944,-0.0647891611,1.27768872e-05,30,1.28400004,2
600114200000940,206243956,2459816.9436087715,59816.4395602,19.1566086,0.0617361479,0,zg,1.4946763000000001,29.6843802,1.53199995,-0.0130000003,20220825439560,600,0xe,0x2,21.7199993,26.2945156,0.0298087858,-0.0667079538,1.21159464e-05,30,1.02999997,2
600114200000940,206244050,2459816.9445579257,59816.440509300002,19.1536255,0.0615981519,0,zg,1.4946961000000001,29.6843781,0.890999973,0.023,20220825440498,600,0xe,0x2,21.7900009,26.3055115,0.0307672359,-0.0906144455,1.29000482e-05,30,1.03100002,1
600114200000940,206331399,2459817.8180921697,59817.313993099997,19.2633324,0.066896148,0,zg,1.4946546999999999,29.684392500000001,1.03400004,-0.0359999985,20220826313773,600,0xe,0x2,21.5300007,26.2350578,0.0316703133,-0.0582044199,1.40934908e-05,30,1.12399995,2
600114200000940,206432527,2459818.8294342244,59818.325277800002,18.8231735,0.0482175313,0,zg,1.4946649999999999,29.684392599999999,0.995999992,-0.0240000002,20220827325023,600,0xe,0x2,21.6900005,26.301342,0.0299262181,-0.0747190788,1.20731347e-05,30,1.08599997,2
600114200000940,206436761,2459818.8717745142,59818.367615700001,19.132061,0.0606101863,0,zg,1.4946698,29.684399599999999,0.824999988,-0.0920000002,20220827367581,600,0xe,0x2,21.9200001,26.3157902,0.0296069682,-0.0755399168,1.20461154e-05,30,1.01900005,1
600114200000940,206446775,2459818.9719190095,59818.467754600002,18.6373138,0.0421715938,0,zg,1.4946883,29.684404199999999,0.584999979,0.0160000008,20220827467743,600,0xe,0x2,21.7299995,26.3029919,0.0299557503,-0.0746234804,1.21032645e-05,30,1.09000003,2
600114200000940,206943150,2459823.9359322949,59823.431504599997,18.8873787,0.0505383499,0,zg,1.4946828999999999,29.684433599999998,0.507000029,-0.0359999985,20220901431493,600,0xe,0x2,21.4799995,26.3030663,0.0302521698,-0.0602740049,1.25881288e-05,30,1.04499996,2
600114200000940,207026847,2459824.7729413155,59824.268472199998,19.2612534,0.0667914078,0,zg,1.4946618,29.684412500000001,0.980000019,0.0890000015,20220902268438,600,0xe,0x2,21.4300003,26.2609577,0.0301957,-0.0635318607,1.25301121e-05,30,1.222,2
600114200000940,207035012,2459824.8546004547,59824.3501273,19.1766682,0.0626728535,32768,zg,1.4946609,29.684386700000001,1.40499997,0.0590000004,20220902350127,600,0xe,0x2,21.1499996,25.8357792,0.0581040569,-0.0766155943,5.10886712e-05,30,1.01999998,1
600114200000940,207131284,2459825.8173668478,59825.312847200003,19.426384,0.0756590366,0,zg,1.4946537,29.684405000000002,0.228,0.0250000004,20220903312836,600,0xe,0x2,21.5900002,26.282074,0.0301634036,-0.0632879734,1.2140028e-05,30,1.07099998,2
600114200000940,207146173,2459825.9662628239,59825.461736099998,19.1977806,0.0636751205,0,zg,1.4947007000000001,29.684434700000001,1.09800005,-0.0170000009,20220903461736,600,0xe,0x2,21.3899994,26.2510948,0.030051697,-0.0553514063,1.21976245e-05,30,1.12600005,2
600114200000940,207233366,2459826.8382366919,59826.333669,18.9509201,0.052961573,0,zg,1.494705,29.684415399999999,0.626999974,0.0500000007,20220904333657,600,0xe,0x2,21.4899998,26.28512,0.0307080355,-0.059492588,1.28651682e-05,30,1.03199995,2
600114200000940,207234093,2459826.8455055342,59826.340937499997,18.9935608,0.054661084,0,zg,1.4946718000000001,29.684382299999999,1.05400002,0.0909999982,20220904340926,600,0xe,0x2,21.4200001,26.023119,0.0385364443,-0.058340624,2.05318574e-05,30,1.02400005,1
600114200000940,207237312,2459826.8776945244,59826.373124999998,18.6746597,0.0433102474,32768,zg,1.4948033999999999,29.684438100000001,0.852999985,-0.0469999984,20220904373102,600,0xe,0x2,19.7999992,25.8556252,0.0419235118,-0.0242263339,4.10311295e-05,30,1.00699997,2
600114200000940,207342124,2459827.9258674127,59827.421249999999,18.9884415,0.0544538349,0,zg,1.4946737999999999,29.684401900000001,0.922999978,0.0489999987,20220905421250,600,0xe,0x2,21.3500004,26.2849751,0.0311216582,-0.0598470159,1.34708271e-05,30,1.046,2
600114200000940,207540289,2459829.9075975958,59829.402893500002,19.0792961,0.0582642034,0,zg,1.4946796,29.6843887,0.588999987,-0.0399999991,20220907402894,600,0xe,0x2,21.3400002,26.3185902,0.0296022464,-0.0710355341,1.21797866e-05,30,1.028,1
600114200000940,207540384,2459829.9085467346,59829.403842599997,18.8458195,0.0490217805,0,zg,1.4946564,29.6844164,0.616999984,-0.0489999987,20220907403831,600,0xe,0x2,21.1800003,26.3201733,0.0305564199,-0.0744733065,1.31135757e-05,30,1.02999997,2
600114200000940,207617825,2459830.6829888099,59830.1782523,18.7973785,0.0473199748,32768,zg,1.4947356999999999,29.684423599999999,0.360000014,-0.023,20220908178241,600,0xe,0x2,19.5900002,25.9722176,0.0412323475,-0.0333529226,5.73232683e-05,30,1.84300005,2
600114200000940,208522664,2459839.7316997694,59839.226643499998,18.9977417,0.0548309535,0,zg,1.4946774,29.684407400000001,0.902999997,-0.0649999976,20220917226644,600,0xe,0x2,21.2299995,26.3102837,0.0305080842,-0.0437731184,1.28954189e-05,30,1.22599995,2
600114200000940,208535208,2459839.8571432494,59839.3520833,19.287508,0.0681266636,0,zg,1.4946781,29.684381800000001,0.609000027,-0.0920000002,20220917351979,600,0xe,0x2,21.5200005,26.361248,0.0300385952,-0.0628137141,1.2520105e-05,30,1.00999999,2
600114200000940,208540229,2459839.9073530836,59839.402291699997,18.9857788,0.0543464273,0,zg,1.4946915999999999,29.684405600000002,0.675999999,-0.0140000004,20220917402176,600,0xe,0x2,21.4899998,26.3652859,0.0298538804,-0.0812366456,1.21743733e-05,30,1.07200003,2
600114200000940,208643892,2459840.9440140724,59840.438923599999,18.9551926,0.0531291552,0,zg,1.4946801999999999,29.6844097,1.24300003,0.0590000004,20220918438924,600,0xe,0x2,21.3099995,26.3384628,0.028504841,-0.0727358758,1.11043146e-05,30,1.19000006,2
600114200000940,208730834,2459841.8134586359,59841.308344899997,18.9693928,0.0536904559,0,zg,1.4946695999999999,29.684393199999999,0.381999999,0.0410000011,20220919308345,600,0xe,0x2,21.8700008,26.3667774,0.0296162143,-0.0753017738,1.1842194e-05,30,1.01600003,2
600114200000940,208732754,2459841.8326605386,59841.327546300003,19.2501774,0.066236265,0,zg,1.4946952,29.684391900000001,0.704999983,0.00400000019,20220919327535,600,0xe,0x2,21.8500004,26.37393,0.0300982594,-0.0776288584,1.22756155e-05,30,1.00800002,2
600114200000940,208738984,2459841.8949653488,59841.389849500003,19.2205505,0.0647750944,0,zg,1.4946946000000001,29.684398900000001,0.52700001,0.0179999992,20220919389838,600,0xe,0x2,21.4500008,26.3690434,0.0311053414,-0.081327647,1.32094628e-05,30,1.05799997,2
600114200000940,208744789,2459841.9530108222,59841.447893500001,18.8033829,0.0475271493,0,zg,1.4946857,29.684386400000001,0.243000001,0.0299999993,20220919447685,600,0xe,0x2,21.5400009,26.3424015,0.0308385845,-0.0735526532,1.29262617e-05,30,1.24100006,2
600114200000940,208829836,2459842.8035069588,59842.298368099997,18.8767586,0.0501457453,0,zg,1.4946834,29.684399599999999,1.00800002,-0.0379999988,20220920298333,600,0xe,0x2,21.7399998,26.362318,0.0303128678,-0.0709911361,1.25006136e-05,30,1.023,1
600114200000940,208829931,2459842.8044559825,59842.299317099998,18.8391933,0.0487848744,0,zg,1.4946851000000001,29.684394999999999,0.995999992,0.0340000018,20220920299306,600,0xe,0x2,21.7999992,26.3684444,0.0299343225,-0.0733207539,1.20877048e-05,30,1.02199996,2
600114200000940,208931953,2459843.8247002871,59843.319537000003,18.8381119,0.0487463363,0,zg,1.4946801000000001,29.684420599999999,0.801999986,0.0340000018,20220921319491,600,0xe,0x2,21.1700001,26.3633728,0.032319773,-0.0513752773,1.45991717e-05,30,1.00800002,2
600114200000940,209026825,2459844.7734369049,59844.268252299997,19.1077023,0.0595147312,0,zg,1.4946657999999999,29.684391699999999,0.725000024,0.0930000022,20220922268218,600,0xe,0x2,21.6900005,26.3581772,0.0282059703,-0.0704731569,1.07604701e-05,30,1.05700004,1
600114200000940,209026920,2459844.774386025,59844.269201399999,18.9894772,0.054495696,0,zg,1.4946933,29.684402899999998,0.921999991,-0.00999999978,20220922269201,600,0xe,0x2,21.6399994,26.3669529,0.0286662728,-0.0787828565,1.10265028e-05,30,1.05499995,2
600114200000940,209124258,2459845.7477861205,59845.242580999999,18.6203976,0.0416678265,0,zg,1.4946747,29.6843915,0.878000021,-0.0560000017,20220923242569,600,0xe,0x2,21.7800007,26.3479843,0.030228978,-0.0856331438,1.2380272e-05,30,1.11000001,2
600114200000940,209223741,2459846.7426436287,59846.237418999997,18.9705162,0.053735178,0,zg,1.4946602,29.684413599999999,1.31299996,-0.129999995,20220924237419,600,0xe,0x2,21.2099991,26.3248539,0.0321845971,-0.0579131544,1.4504737e-05,30,1.11600006,2
600114200000940,209237872,2459846.8839541944,59846.378726900002,19.0280628,0.0560806543,0,zg,1.4946817999999999,29.6843918,0.215000004,-0.0260000005,20220924378113,600,0xe,0x2,21.4500008,26.3489265,0.029943468,-0.0764691755,1.23552391e-05,30,1.06299996,2
600114200000940,209337724,2459847.882490586,59847.377245399999,18.8801651,0.0502713099,0,zg,1.4946809000000001,29.684421700000001,0.649999976,0.0799999982,20220925376887,600,0xe,0x2,21.3199997,26.3468208,0.0309167951,-0.0686795413,1.34238217e-05,30,1.06500006,2
600114200000940,209436583,2459848.8710947381,59848.365833299998,18.8223515,0.0481886081,0,zg,1.4946731,29.684397499999999,0.579999983,-0.0280000009,20220926365833,600,0xe,0x2,21.6599998,26.3335361,0.0301375985,-0.0630153939,1.22988604e-05,30,1.04900002,2
600114200000940,209438018,2459848.8854468595,59848.380185200003,20.478138,0.161513716,0,zg,1.4947957999999999,29.6843605,1.45500004,-0.153999999,20220926380185,600,0xe,0x2,21.5900002,26.3358822,0.0315087102,-0.0720155984,1.36870849e-05,30,1.07700002,2
600114200000940,209527020,2459849.7754833195,59849.270208299997,18.6241856,0.0417799726,0,zg,1.4946774,29.684392500000001,1.477,-0.00499999989,20220927269630,600,0xe,0x2,21.6299992,26.3477879,0.0294317212,-0.0814551935,1.17816999e-05,30,1.03299999,1
600114200000940,209527115,2459849.7764324322,59849.271157399999,18.7909698,0.0471000113,0,zg,1.4946663,29.684408099999999,0.938000023,-0.100000001,20220927271146,600,0xe,0x2,21.7800007,26.3518906,0.0296360273,-0.0846519768,1.18689995e-05,30,1.03199995,2
600114200000940,209544918,2459849.954467305,59849.449189799998,19.0487576,0.0569516532,0,zg,1.4946888,29.684390700000002,0.716000021,-0.0780000016,20220927449190,600,0xe,0x2,21.2600002,26.2766819,0.0314586386,-0.0500176884,1.34413094e-05,30,1.37399995,2
600114200000940,209931582,2459853.8211424304,59853.315821800003,18.8483963,0.0491142944,0,zg,1.4946824999999999,29.684403400000001,0.837000012,-0.0920000002,20221001315764,600,0xe,0x2,21.6499996,26.3457623,0.0324970558,-0.0595718138,1.45257591e-05,30,1.01100004,2
600114200000940,210026581,2459854.7711379328,59854.265810199999,18.9449768,0.0527294651,0,zg,1.4946903,29.6843976,0.825999975,0.0329999998,20221002265799,600,0xe,0x2,21.7999992,26.3301582,0.0311723351,-0.0644977689,1.30305698e-05,30,1.023,2
600114200000940,210036313,2459854.8684649719,59854.363136599997,19.1016464,0.0592457131,0,zg,1.4946683999999999,29.684408900000001,1.13900006,-0.0480000004,20221002362998,600,0xe,0x2,21.5,26.3191357,0.0327478796,-0.0601318441,1.45592667e-05,30,1.07500005,2
600114200000940,210037271,2459854.8780483319,59854.372719899999,18.8810921,0.0503055081,0,zg,1.4946997,29.684387999999998,1.35599995,-0.0109999999,20221002372708,600,0xe,0x2,21.2900009,26.3956966,0.0319985114,-0.0934560895,1.67659618e-05,30,1.09800005,1
600114200000940,210132462,2459855.8299636329,59855.3246296,18.8429909,0.0489205122,0,zg,1.4946518,29.6843906,1.17499995,0.00400000019,20221003324630,600,0xe,0x2,22.0200005,26.3193188,0.0300146751,-0.0755620748,1.23122099e-05,30,1.02100003,2
600114200000940,210224425,2459856.7495974116,59856.244259300001,19.0660439,0.0576906055,0,zg,1.4946390000000001,29.6843945,1.24600005,-0.0329999998,20221004243935,600,0xe,0x2,20.7999992,26.3052197,0.0331298746,-0.022922501,1.70401909e-05,30,1.04200006,2
600114200000940,210225540,2459856.7607432562,59856.255405099997,19.308176,0.0691971853,0,zg,1.4946687000000001,29.684420500000002,0.727999985,0.00300000003,20221004255394,600,0xe,0x2,21,26.3118629,0.0318129137,-0.0365886092,1.5002448e-05,30,1.028,1
600114200000940,210231725,2459856.8225952871,59856.317256900002,18.9342232,0.0523123331,0,zg,1.4946712,29.684408999999999,1.17900002,0.023,20221004317222,600,0xe,0x2,21.0699997,26.3091812,0.0319231078,-0.0397833511,1.43828993e-05,30,1.01699996,2
600114200000940,210822244,2459862.7277753302,59862.222442099999,18.7297726,0.0450589992,0,zg,1.4946546000000001,29.684431499999999,0.597000003,-0.0260000005,20221010222442,600,0xe,0x2,20.0900002,26.3178978,0.0357649662,-0.042581331,3.14629542e-05,30,1.051,1
600114200000940,210843745,2459862.9427856687,59862.437453699997,18.5336514,0.0391978137,0,zg,1.4946653999999999,29.684386400000001,0.207000002,-0.0450000018,20221010437454,600,0xe,0x2,19.7000008,26.2715797,0.0351736881,-0.0239136927,4.47621715e-05,30,1.56900001,2
600114200000940,210941625,2459863.9215756785,59863.416250000002,19.0198212,0.0557379052,0,zg,1.4947401,29.6843781,0.449999988,-0.127000004,20221011415694,600,0xe,0x2,19.7700005,26.2506065,0.040583998,-0.0278591327,5.12842271e-05,30,1.41100001,2
600114200000940,211015854,2459864.6638616412,59864.158541700002,19.0719681,0.0579462722,0,zg,1.4946975,29.684408699999999,0.815999985,-0.138999999,20221012158542,600,0xe,0x2,20.3799992,26.2582226,0.0365759432,-0.0323404111,2.64703303e-05,30,1.22599995,2
600114200000940,211038851,2459864.8938364838,59864.388518500004,19.1084328,0.0595472232,0,zg,1.4946938000000001,29.6844137,0.726000011,-0.186000004,20221012388507,600,0xe,0x2,20.1299992,26.2579994,0.0357284434,-0.016649466,2.84457838e-05,30,1.25800002,1
600114200000940,211144589,2459865.9511991059,59865.445891199997,19.1443138,0.061169453,0,zg,1.4947246999999999,29.684445499999999,0.675999999,-0.191,20221013445822,600,0xe,0x2,20.0799999,26.224123,0.036455784,-0.0377579182,2.9940531e-05,30,1.75699997,2
600114200000940,211222494,2459866.7302416246,59866.224942100001,18.6519394,0.0426131524,0,zg,1.4946794999999999,29.6844067,0.574999988,-0.0520000011,20221014224931,600,0xe,0x2,21.0699997,26.3417797,0.0330168121,-0.0450001657,1.56056867e-05,30,1.03100002,1
600114200000940,211222587,2459866.7311791126,59866.225879600002,18.5632801,0.040020518,0,zg,1.4946195,29.684416899999999,0.828000009,-0.0879999995,20221014225880,600,0xe,0x2,20.8999996,26.3374329,0.0336586237,-0.035644535,1.74783854e-05,30,1.02999997,2
600114200000940,211232146,2459866.8267683042,59866.321469900002,18.8555183,0.0493709669,0,zg,1.4946292999999999,29.684414799999999,0.469000012,0.0179999992,20221014321262,600,0xe,0x2,20.9099998,26.3288784,0.0321438313,-0.0482454188,1.59550073e-05,30,1.05799997,2
600114200000940,211322498,2459867.7302756915,59867.224988399998,19.1380177,0.06088138,0,zg,1.4946929,29.6844012,0.586000025,-0.0379999988,20221015224977,600,0xe,0x2,21.1100006,26.3078384,0.0308711417,-0.0607738942,1.32122177e-05,30,1.028,2
600114200000940,211329733,2459867.8026243458,59867.297337999997,18.9836731,0.0542616062,0,zg,1.4946368000000001,29.6844325,0.896000028,-0.0829999968,20221015296910,600,0xe,0x2,20.5900002,26.2860851,0.0333071388,-0.0350693911,1.83857137e-05,30,1.02600002,2
600114200000940,211514524,2459869.6505025914,59869.1452431,19.0273762,0.0560520142,0,zg,1.4946588000000001,29.684404099999998,1.20799994,0.0120000001,20221017145231,600,0xe,0x2,21.3999996,26.3032532,0.0305962134,-0.0730182752,1.27116055e-05,30,1.22399998,2
600114200000940,211528274,2459869.7880004304,59869.282743099997,19.1482925,0.061352212,0,zg,1.4946976999999999,29.684418900000001,0.787999988,-0.0250000004,20221017282731,600,0xe,0x2,21.1299992,26.3201427,0.0323511511,-0.0461041816,1.45005506e-05,30,1.01800001,1
600114200000940,211538688,2459869.8921421878,59869.386886599998,18.6889267,0.0437550247,0,zg,1.4946523,29.6844225,0.575999975,-0.0689999983,20221017386887,600,0xe,0x2,20.4799995,26.2860298,0.0488097444,-0.0237900764,3.88513581e-05,30,1.32500005,2
600114200000940,211632019,2459870.8254365693,59870.320196799999,18.8035469,0.0475328416,0,zg,1.4946794999999999,29.684428799999999,1.14499998,-0.074000001,20221018320116,600,0xe,0x2,20.9599991,26.3325615,0.03222166,-0.0520530306,1.47403225e-05,30,1.07700002,2
600114200000940,211636212,2459870.8673686041,59870.362129599998,19.1073055,0.0594970547,0,zg,1.4947098999999999,29.684386100000001,1.05999994,-0,20221018362130,600,0xe,0x2,21.25,26.3228645,0.0315565802,-0.0725885332,1.37845618e-05,30,1.21099997,2
600114200000940,211722643,2459871.7316583181,59871.226435199998,19.0157127,0.0555678681,0,zg,1.4946641000000001,29.684391999999999,0.818000019,0,20221019226435,600,0xe,0x2,21.0100002,26.3564854,0.0331340171,-0.0581044704,1.54352019e-05,30,1.01600003,2
600114200000940,211724809,2459871.7533130073,59871.248090300003,19.0658836,0.0576837249,0,zg,1.4947041000000001,29.684417499999999,1.03999996,-0.0549999997,20221019248079,600,0xe,0x2,20.8400002,26.3580303,0.0327310525,-0.0573328324,1.5930309e-05,30,1.00699997,1
600114200000940,211724951,2459871.7547365786,59871.249513900002,19.1496429,0.0614143983,0,zg,1.4946766,29.684439600000001,1.37399995,-0.0659999996,20221019249514,600,0xe,0x2,21.2700005,26.3565006,0.0310023632,-0.0644474402,1.30029757e-05,30,1.00699997,2
600114200000940,211828572,2459872.7909312597,59872.285729199997,19.0911217,0.058781296,0,zg,1.4946577999999999,29.684408099999999,0.527999997,0.00400000019,20221020285683,600,0xe,0x2,21.4599991,26.3555126,0.0301876329,-0.0688368753,1.22501397e-05,30,1.02900004,2
600114200000940,211832057,2459872.8257800261,59872.320578699997,18.8442154,0.0489643253,0,zg,1.4946991000000001,29.684421700000001,0.871999979,0.0430000015,20221020320150,600,0xe,0x2,20.8799992,26.3285522,0.0321511887,-0.0446115397,1.4995393e-05,30,1.09099996,2
600114200000940,211920532,2459873.7105065044,59873.205324100003,18.9931946,0.0546462312,0,zg,1.494659,29.684407199999999,0.737999976,-0.0790000036,20221021205312,600,0xe,0x2,21.4599991,26.3237858,0.0301622339,-0.0548086241,1.24598391e-05,30,1.03199995,2
600114200000940,211921484,2459873.7200316978,59873.2148495,18.903389,0.0511368327,0,zg,1.4946773,29.684396,0.947000027,-0.0329999998,20221021214850,600,0xe,0x2,21.6800003,26.3311958,0.0299845543,-0.0601684265,1.22171823e-05,30,1.02199996,1
600114200000940,211926025,2459873.7654357962,59873.260254599998,18.5394497,0.0393571481,0,zg,1.4946619000000001,29.684393199999999,0.986000001,-0.0439999998,20221021260150,600,0xe,0x2,21.7199993,26.3253555,0.0301662199,-0.0660654902,1.24131775e-05,30,1.01100004,2
600114200000940,212038024,2459874.8853984848,59874.3802431,18.919241,0.0517373905,0,zg,1.4946903,29.684412200000001,1.097,0.0890000015,20221022379988,600,0xe,0x2,21.6399994,26.2782135,0.0329743214,-0.0745157227,1.46982675e-05,30,1.36899996,2
600114200000940,212230142,2459876.8065304756,59876.301423600002,18.9103107,0.0513981134,0,zg,1.4946908999999999,29.684443000000002,0.737999976,0.0370000005,20221024301412,600,0xe,0x2,21.0100002,26.3360882,0.0345208608,-0.0740355924,1.65714318e-05,30,1.07200003,2
600114200000940,212323391,2459877.7389933364,59877.233912000003,19.1010265,0.0592182502,0,zg,1.4947079999999999,29.684390700000002,0.952000022,-0.0560000017,20221025233900,600,0xe,0x2,21.2099991,26.3525009,0.0330289491,-0.0643697158,1.48893541e-05,30,1.00699997,2
600114200000940,212328755,2459877.7926377165,59877.287557900003,18.6059189,0.0412424579,0,zg,1.4946945,29.6844173,0.77700001,-0.0480000004,20221025287558,600,0xe,0x2,21.5499992,26.3503838,0.0306095071,-0.0753403381,1.28116635e-05,30,1.051,1
600114200000940,212340950,2459877.9145785812,59877.409502299997,19.0009499,0.0549617,0,zg,1.4946629,29.6844009,0.338999987,-0.0410000011,20221025409502,600,0xe,0x2,21.1599998,26.2325401,0.0325251035,-0.0409607142,1.46999118e-05,30,1.71099997,2
600114200000940,212418733,2459878.692391864,59878.187338000003,19.0013256,0.0549770296,0,zg,1.4946820999999999,29.684406800000001,0.838999987,0.0419999994,20221026186910,600,0xe,0x2,21.2199993,26.3479214,0.0324573033,-0.0601067953,1.4579753e-05,30,1.03799999,2
600114200000940,212436121,2459878.8662639633,59878.361215299999,18.9853935,0.0543309115,0,zg,1.4946896999999999,29.6844167,1.01100004,-0.0299999993,20221026360938,600,0xe,0x2,20.7299995,26.2978745,0.0346015617,-0.0408461876,1.80638217e-05,30,1.31799996,2
600114200000940,212523236,2459879.7373833284,59879.232361100003,19.1004848,0.0591942295,0,zg,1.494693,29.684400700000001,0.658999979,0.00800000038,20221027232338,600,0xe,0x2,21.1299992,26.3416996,0.0347378328,-0.0523077399,1.65252786e-05,30,1.00699997,2
600114200000940,212531203,2459879.8170567253,59879.312037000003,19.0438747,0.0567448139,0,zg,1.4946704,29.684424499999999,1.08200002,0.00400000019,20221027312037,600,0xe,0x2,21.1399994,26.3136559,0.0340912901,-0.0613217764,1.59192787e-05,30,1.11899996,2
600114200000940,212624949,2459880.7544805882,59880.2494907,19.2130909,0.0644125268,0,zg,1.4946911000000001,29.684392299999999,1.25999999,-0.0390000008,20221028249491,600,0xe,0x2,21.4099998,26.3454819,0.0307840183,-0.0623302236,1.29586397e-05,30,1.01499999,2
600114200000940,212626473,2459880.7697231872,59880.264733800002,18.9776764,0.0540209636,0,zg,1.4946628,29.6844134,0.474999994,-0.0280000009,20221028264734,600,0xe,0x2,21.3899994,26.3540421,0.0308369659,-0.0760822892,1.28225265e-05,30,1.02999997,2
600114200000940,212733354,2459881.8384954231,59881.333541699998,19.2668419,0.0670733377,0,zg,1.4946762,29.6844094,1.27499998,-0.0960000008,20221029333530,600,0xe,0x2,21.5300007,26.312521,0.0292983744,-0.0758474395,1.15275434e-05,30,1.21800005,2
600114200000940,212733960,2459881.8445600136,59881.339606499998,19.3070164,0.0691366419,0,zg,1.4947193000000001,29.684404900000001,1.01999998,-0.103,20221029339606,600,0xe,0x2,21.2600002,26.3197498,0.0311980937,-0.0890828222,1.32537043e-05,30,1.24600005,1
600114200000940,212735629,2459881.8612492313,59881.3562963,19.2507095,0.066262871,0,zg,1.4947264,29.684411000000001,1.18499994,0.050999999,20221029356204,600,0xe,0x2,21.3199997,26.2944508,0.0299917646,-0.0717973933,1.22544607e-05,30,1.33800006,2
600114200000940,212924758,2459883.7524668369,59883.247581000003,19.0463142,0.0568480827,0,zg,1.4946857,29.684396100000001,0.792999983,0.0610000007,20221031247546,600,0xe,0x2,21.5699997,26.3522911,0.0285922196,-0.0841537192,1.11337586e-05,30,1.01999998,1
600114200000940,213116291,2459885.6677293344,59885.162916699999,19.3434486,0.0710643828,0,zg,1.4945748999999999,29.684452,0.753000021,0.0379999988,20221102162905,600,0xe,0x2,20.1399994,26.2854939,0.0402229726,-0.0185019076,3.29250142e-05,30,1.046,2
600114200000940,213315079,2459887.655529846,59887.1507986,18.7734413,0.0465044864,0,zg,1.4946531999999999,29.684481300000002,0.786000013,-0.00300000003,20221104150799,600,0xe,0x2,20.1599998,26.3211136,0.0378844514,-0.0191415381,3.12972334e-05,30,1.05700004,2
600114200000940,213418709,2459888.6917815744,59888.1870949,18.7261238,0.0449406393,0,zg,1.4947714999999999,29.684457500000001,0.675999999,0.0890000015,20221105187037,600,0xe,0x2,19.1900005,26.0894737,0.0438293219,-0.0211453065,9.2630522e-05,30,1.01199996,2
600114200000940,213425831,2459888.7629937413,59888.258310199999,18.5898094,0.0407754704,0,zg,1.4946314999999999,29.684448700000001,0.822000027,-0.165999994,20221105258299,600,0xe,0x2,19.9099998,26.2280941,0.0427012704,-0.0469404571,5.04924537e-05,30,1.05200005,2
600114200000940,214034645,2459894.850850177,59894.346458300002,18.8676567,0.0498120524,0,zg,1.4945648,29.684394399999999,0.856000006,0.838,20221111346447,600,0xe,0x2,18.8500004,26.2774868,0.0450718589,-0.0365948081,0.000150977037,30,1.53400004,1
600114200000940,214131741,2459895.8217599252,59895.317418999999,19.2865887,0.0680793896,0,zg,1.4945786000000001,29.6844492,0.675000012,0.0649999976,20221112317419,600,0xe,0x2,20.4599991,26.2813282,0.03629658,-0.0234819949,2.39132605e-05,30,1.33399999,2
600114200000940,214323261,2459897.7368526361,59897.232615699999,18.9845009,0.0542949513,0,zg,1.4947026999999999,29.6844097,0.736000001,0.00499999989,20221114232604,600,0xe,0x2,20.6900005,26.3237,0.0348409563,-0.0314017944,1.85105291e-05,30,1.04999995,2
600114200000940,214416373,2459898.6679231063,59898.163738399999,19.043766,0.0567402318,0,zg,1.4946710999999999,29.684393199999999,1.20799994,-0.108000003,20221115163738,600,0xe,0x2,21.5499992,26.3305626,0.030446833,-0.0555984899,1.25146862e-05,30,1.00999999,2
600114200000940,214514966,2459899.6537926304,59899.1496644,18.7840424,0.0468636006,0,zg,1.4946394999999999,29.684466100000002,0.802999973,-0.057,20221116149595,600,0xe,0x2,20.8999996,26.3655987,0.0358177237,-0.0530273914,1.83316934e-05,30,1.01699996,2
600114200000940,214515060,2459899.6547300792,59899.150601900001,18.9179115,0.0516867302,0,zg,1.4946832999999999,29.684402899999998,0.610000014,-0.0359999985,20221116150602,600,0xe,0x2,20.8500004,26.3675518,0.0352041833,-0.0579438396,1.82337026e-05,30,1.01600003,1
600114200000940,214627828,2459900.7823491008,59900.278287000001,19.1067982,0.0594744533,0,zg,1.4945921,29.684242000000001,0.782000005,2.33500004,20221117278275,600,0xe,0x2,19.0100002,26.3172989,0.0437233374,-0.0115012266,0.000101982623,30,1.20299995,2
600114200000940,214712273,2459901.6267431849,59901.1227315,18.8126316,0.0478483178,32768,zg,1.4946367,29.684370399999999,1.25300002,0.107000001,20221118122662,600,0xe,0x2,19.8500004,24.9845753,0.0678867623,-0.0197452288,0.000150197622,30,1.03999996,2
600114200000940,214721847,2459901.7224781145,59901.218472200002,18.8800087,0.0502654985,0,zg,1.4946804,29.6844249,0.527999997,-0.0599999987,20221118218472,600,0xe,0x2,21.1900005,26.1846504,0.0328686908,-0.0599765703,1.50390497e-05,30,1.04499996,1
600114200000940,214829150,2459902.7954450292,59902.291504599998,18.7234993,0.0448557623,0,zg,1.4946353000000001,29.684540999999999,0.933000028,0.150999993,20221119291493,600,0xe,0x2,19.8099995,26.3067417,0.0400945209,-0.0357115455,4.32111192e-05,30,1.29400003,2
600114200000940,214830347,2459902.8074118891,59902.303472200001,18.713316,0.0445281193,0,zg,1.4947431,29.684417499999999,0.873000026,-0.0280000009,20221119303461,600,0xe,0x2,20.2000008,26.2855625,0.0377770923,-0.0344146639,2.89727996e-05,30,1.36699998,2
600114200000940,214917344,2459903.6773347952,59903.173449100002,19.1441994,0.0611642078,0,zg,1.4946786000000001,29.684441199999998,0.819000006,0.0820000023,20221120173403,600,0xe,0x2,20.5799999,26.1058922,0.0391291976,-0.0471765809,2.5217485e-05,30,1.00899994,2
600114200000940,214922872,2459903.7326091263,59903.228726900001,19.8376579,0.103030078,0,zg,1.4948139,29.684420200000002,0.989000022,0.115999997,20221120228727,600,0xe,0x2,21.1700001,26.3572922,0.0317695066,-0.0722117126,1.38622854e-05,30,1.074,2
600114200000940,215015062,2459904.6544489511,59904.150625000002,19.1306057,0.0605441146,0,zg,1.494694,29.684452100000001,0.809000015,0.0670000017,20221121150625,600,0xe,0x2,20.5200005,26.1462593,0.0385944694,-0.0531154647,2.50379508e-05,30,1.00899994,2
600114200000940,215112407,2459905.6278354633,59905.1240741,19.0840549,0.0584716946,0,zg,1.4946478000000001,29.684414700000001,0.564999998,-0.0529999994,20221122124062,600,0xe,0x2,21.3299999,26.1733227,0.031470526,-0.0549733639,1.36009176e-05,30,1.02499998,2
600114200000940,215119263,2459905.6963958219,59905.1926389,19.1658783,0.0621671416,0,zg,1.4947277999999999,29.684422300000001,0.477999985,0.0460000001,20221122192581,600,0xe,0x2,20.7800007,26.1418247,0.0367166027,-0.0320823491,1.99846218e-05,30,1.02499998,1
600114200000940,215217254,2459906.6762390905,59906.172546299997,19.0031471,0.0550514422,0,zg,1.4946831,29.684439699999999,0.65200001,0.0299999993,20221123172523,600,0xe,0x2,21.2600002,26.356823,0.0320381261,-0.0501394533,1.39375634e-05,30,1.01199996,2
600114200000940,215221918,2459906.7228795011,59906.219189800002,19.181736,0.0629119277,0,zg,1.494718,29.684398099999999,0.317000002,-0.0299999993,20221123219190,600,0xe,0x2,21.2199993,26.3669319,0.0336084366,-0.0832064822,1.55022244e-05,30,1.07099998,2
600114200000940,215313342,2459907.6370547856,59907.1334259,18.7341022,0.0451999195,0,zg,1.4946423,29.6843991,0.493000001,0.023,20221124133414,600,0xe,0x2,20.25,26.3465672,0.0408437885,-0.0360878482,2.90826229e-05,30,1.01300001,1
600114200000940,215313436,2459907.6379922256,59907.1343634,18.837677,0.0487308428,0,zg,1.4946790000000001,29.6844322,0.748000026,0.0379999988,20221124134352,600,0xe,0x2,20.4899998,26.3489685,0.0386037081,-0.0506114662,2.46636773e-05,30,1.01199996,2
600114200000940,215519567,2459909.6991597321,59909.195671300004,19.0948067,0.0589434355,0,zg,1.4946739,29.684404099999998,0.885999978,0.0860000029,20221126195660,600,0xe,0x2,21.4400005,26.3542213,0.0301303789,-0.0566731729,1.24722883e-05,30,1.04299998,1
600114200000940,215519660,2459909.7000971651,59909.196608799997,18.9676113,0.0536196977,0,zg,1.4946415,29.684412699999999,0.978999972,-0.112000003,20221126196609,600,0xe,0x2,21.3799992,26.3539619,0.0306277871,-0.0518771484,1.2705781e-05,30,1.04499996,2
600114200000940,215528350,2459909.7869891999,59909.283506899999,19.0551262,0.0572227128,0,zg,1.4946816999999999,29.684401399999999,0.940999985,0.0890000015,20221126283495,600,0xe,0x2,21.2000008,26.3052063,0.0293821488,-0.0549735501,1.17971276e-05,30,1.36199999,2
600114200000940,215634469,2459910.8481072695,59910.344699100002,18.3339615,0.0341795906,0,zg,1.4947428,29.6843848,0.760999978,-0.0320000015,20221127344699,600,0xe,0x2,19.7800007,26.1891899,0.0429087691,-0.0269123316,4.88527621e-05,30,2.10700011,2
600114200000940,216017312,2459914.676256944,59914.173125000001,18.9000435,0.0510111265,0,zg,1.4946889999999999,29.684433800000001,0.474000007,-0.0179999992,20221201173102,600,0xe,0x2,20.6700001,26.3497944,0.0339149348,-0.0338757969,1.79756771e-05,30,1.03100002,2
600114200000940,216021715,2459914.7202814659,59914.217152800004,18.6478672,0.0424896516,0,zg,1.4946606,29.684400700000001,0.582000017,-0.0140000004,20221201217153,600,0xe,0x2,20.8799992,26.3606205,0.0311397631,-0.0622008219,1.42987146e-05,30,1.12100005,2
600114200000940,216021810,2459914.7212304967,59914.218101899998,18.7850723,0.0468986593,0,zg,1.4946784,29.684411999999998,0.741999984,-0.0549999997,20221201218102,600,0xe,0x2,20.75,26.3559036,0.0305962749,-0.0620078892,1.47392802e-05,30,1.12399995,1
600114200000940,216826337,2459922.7658854392,59922.263379600001,18.9409676,0.0525734723,0,zg,1.4946942000000001,29.684481399999999,0.912999988,0.120999999,20221209263206,600,0xe,0x2,19.8099995,26.2627068,0.0398937911,-0.00480565103,4.99529269e-05,30,1.47599995,2
600114200000940,216922008,2459923.722509488,59923.220080999999,18.2793999,0.0329565927,0,zg,1.4946752000000001,29.6844234,0.656000018,-0.0340000018,20221210220069,600,0xe,0x2,20.5900002,26.3174,0.0397514775,-0.0439290553,2.78028292e-05,30,1.22300005,1
600114200000940,216930262,2459923.8050490045,59923.3026273,18.4923401,0.038085781,0,zg,1.4946489000000001,29.684441100000001,0.200000003,-0.00999999978,20221210302222,600,0xe,0x2,19.8999996,26.1878223,0.0404210836,-0.0125633851,4.32830057e-05,30,1.98500001,2
600114200000940,217016421,2459924.6665645237,59924.164212999996,18.963398,0.0534526818,0,zg,1.4946504,29.684404399999998,1.16999996,-0.138999999,20221211164213,600,0xe,0x2,20.9599991,26.3345261,0.0290168058,-0.047538802,1.22936499e-05,30,1.05999994,2
600114200000940,217413908,2459928.6411066279,59928.1390856,19.1093273,0.0595871322,0,zg,1.4947348,29.684422699999999,1.00699997,-0.0529999994,20221215139063,600,0xe,0x2,20.5100002,26.2760849,0.0396269783,-0.0421014838,2.62656085e-05,30,1.03699994,1
600114200000940,217414002,2459928.6420440408,59928.140023100001,19.2179604,0.0646489486,0,zg,1.4946233,29.6844559,0.934000015,-0.00800000038,20221215140023,600,0xe,0x2,20.7199993,26.2726765,0.0351570472,-0.0419267341,1.95208868e-05,30,1.03799999,2
600114200000940,217425878,2459928.7607955583,59928.258784700003,19.4049149,0.0744417086,0,zg,1.494882,29.6844359,0.893000007,-0.0689999983,20221215258600,600,0xe,0x2,19.8500004,26.1373291,0.0386103615,-0.0318661183,3.57039098e-05,30,1.58399999,2
600114200000940,217625402,2459930.755869058,59930.254027800001,18.7317467,0.045123186,0,zg,1.4946391000000001,29.684425900000001,0.588999987,-0.0209999997,20221217253414,600,0xe,0x2,20.6100006,26.2610378,0.0385994688,-0.0550798215,2.31119102e-05,30,1.59099996,2
600114200000940,217812866,2459932.6303490973,59932.128668999998,19.7051868,0.0933428779,0,zg,1.4946571,29.684392599999999,0.210999995,0.023,20221219128669,600,0xe,0x2,21.5799999,26.3456669,0.0295171104,-0.0582983419,1.19344822e-05,30,1.03699994,2
600114200000940,217919518,2459933.6967727724,59933.195185199998,18.949688,0.0529133789,0,zg,1.4946625,29.684434599999999,0.953000009,-0.0909999982,20221220195185,600,0xe,0x2,20.7700005,26.0818539,0.0336125009,-0.042828504,1.76779176e-05,30,1.23399997,1
600114200000940,218118275,2459935.6841684785,59935.182754599999,19.0910034,0.0587761104,0,zg,1.4946341999999999,29.684434499999998,1.04499996,-0.0430000015,20221222182743,600,0xe,0x2,21.2900009,26.30933,0.0322496742,-0.0620134175,1.41754435e-05,30,1.20299995,1
600114200000940,218119548,2459935.6968988548,59935.195486099998,19.1328278,0.060645014,0,zg,1.4946953999999999,29.68439,1.01900005,-0.0670000017,20221222195475,600,0xe,0x2,21.1599998,26.302536,0.0284441207,-0.0607808232,1.10902056e-05,30,1.26300001,2
600114200000940,218123329,2459935.7347080009,59935.233298599996,18.5263996,0.0389996916,0,zg,1.4946588999999999,29.684434599999999,0.202000007,-0.0260000005,20221222233299,600,0xe,0x2,20.7800007,26.0742073,0.0338220336,-0.0324088894,1.78605551e-05,30,1.523,2
600114200000940,218314434,2459937.6455812631,59937.144340300001,18.924202,0.0519269444,0,zg,1.4946938999999999,29.684420200000002,0.507000029,-0.00800000038,20221224144271,600,0xe,0x2,21.3600006,26.3590984,0.0304441247,-0.0758678168,1.27263311e-05,30,1.09399998,1
600114200000940,219713526,2459951.6352495612,59951.135266199999,19.3465977,0.0712335855,0,zg,1.4945322999999999,29.6844611,1.41100001,-0.0820000023,20230107135255,600,0xe,0x2,20.0300007,26.3320312,0.0396389775,-0.0254546236,3.75715281e-05,30,1.18799996,1
600114200000940,221615950,2459970.6578086009,59970.159502299997,19.0310249,0.0562044345,0,zg,1.4947417999999999,29.684710299999999,1.19400001,0.731999993,20230126159502,600,0xe,0x2,18.7700005,26.2198315,0.0415448397,-0.0221824106,0.000115495473,30,1.76199996,1
600114200000940,221813311,2459972.6312545855,59972.133113399999,19.38451,0.0733029023,0,zg,1.4946765,29.684459799999999,1.03699994,-0.118000001,20230128133113,600,0xe,0x2,20.5599995,26.2588158,0.040221978,-0.0506173708,2.78166735e-05,30,1.53100002,1
600114200000940,236941290,2460123.9123546556,60123.412905099998,20.2274094,0.136489943,0,zg,1.4945740000000001,29.6844699,0.885999978,-0.00400000019,20230628412905,600,0xe,0x2,21.0300007,26.2431259,0.0325583853,-0.0688213855,1.50218148e-05,30,1.44099998,1
600114200000940,237138381,2460125.8834400005,60125.383819399998,19.9684143,0.113436073,0,zg,1.4946792,29.684387600000001,1.07599998,-0.215000004,20230630383785,600,0xe,0x2,20.4799995,26.142025,0.0364303254,-0.0339691751,2.49061777e-05,30,1.66499996,1
600114200000940,237944739,2460133.947720543,60133.447395800002,20.683939,0.179225445,0,zg,1.4946885000000001,29.684532799999999,0.773999989,-0.310000002,20230708447361,600,0xe,0x2,20.8299999,26.3226471,0.0340256393,-0.0324069001,1.85925182e-05,30,1.12699997,1
600114200000940,238140440,2460135.9049054268,60135.404409700001,19.6650867,0.0905776471,0,zg,1.494672,29.684397499999999,0.437999994,-0.00600000005,20230710404387,600,0xe,0x2,20.7700005,26.313839,0.0351811685,-0.0305330511,1.90552219e-05,30,1.28299999,1
600114200000940,238338702,2460137.887694139,60137.3870255,19.7472763,0.0963282958,0,zg,1.4946056000000001,29.684416299999999,1.61600006,0.129999995,20230712386979,600,0xe,0x2,21.2299995,26.1699963,0.032997679,-0.0487869307,1.56298065e-05,30,1.35300004,1
600114200000940,238545538,2460139.9562304206,60139.455381899999,18.9884815,0.0544554666,0,zg,1.4946885999999999,29.684393499999999,0.841000021,0.00899999961,20230714455336,600,0xe,0x2,21.5699997,26.2950058,0.0296526067,-0.0855245292,1.19851493e-05,30,1.06599998,1
600114200000940,238835872,2460142.8598264055,60142.358726899998,18.3526688,0.0346128643,0,zg,1.4946675,29.6844006,1.22000003,0.0280000009,20230717358715,600,0xe,0x2,21.3999996,26.1432056,0.0326942205,-0.0590602644,1.49819844e-05,30,1.45899999,1
600114200000940,239042486,2460144.9261380103,60144.4248611,18.5395145,0.0393589176,0,zg,1.4946469,29.6843884,0.800999999,-0.0500000007,20230719424850,600,0xe,0x2,21.6000004,26.3254452,0.0301471259,-0.0725288764,1.25175875e-05,30,1.10599995,1
600114200000940,239445666,2460148.9582856307,60148.456666700004,18.626503,0.0418487824,0,zg,1.4946813999999999,29.684405399999999,0.815999985,-0.0149999997,20230723456655,600,0xe,0x2,21.7299995,26.2780972,0.0328712389,-0.0732577443,1.49474236e-05,30,1.02600002,1
600114200000940,239536716,2460149.868859645,60149.367164399999,17.9470654,0.0266822949,0,zg,1.4946554000000001,29.6843921,0.666000009,0.0170000009,20230724367164,600,0xe,0x2,21.7199993,26.2776108,0.0280185174,-0.0772073865,1.05051104e-05,30,1.27699995,2
600114200000940,239544842,2460149.9501279863,60149.448425900002,18.2971954,0.0333489217,0,zg,1.4946801999999999,29.6843927,0.949000001,0,20230724448414,600,0xe,0x2,21.5300007,26.323349,0.0289054736,-0.0751835704,1.14324976e-05,30,1.03299999,2
600114200000940,239641513,2460150.9169216156,60150.415138900004,18.6661148,0.043046467,0,zg,1.4946718000000001,29.684380699999998,0.838999987,-0.0160000008,20230725415139,600,0xe,0x2,21.75,26.2730255,0.0314794444,-0.06880036,1.36050021e-05,30,1.08899999,1
600114200000940,239847018,2460152.972137894,60152.4701852,18.5992088,0.0410471335,0,zg,1.4947075999999999,29.684404600000001,0.588,0.0460000001,20230727470150,600,0xe,0x2,21.2900009,26.3185787,0.0338806845,-0.067968756,1.6009737e-05,30,1.00899994,2
600114200000940,239847112,2460152.9730754755,60152.471122700001,18.604969,0.0412147343,0,zg,1.4946546999999999,29.684394999999999,1,0.0489999987,20230727471123,600,0xe,0x2,21.5100002,26.3113823,0.0309858974,-0.0592797659,1.34328675e-05,30,1.00899994,1
600114200000940,239941652,2460153.9185580355,60153.4165278,18.4670601,0.0374249704,0,zg,1.4947239000000001,29.684417,0.779999971,-0.00600000005,20230728416412,600,0xe,0x2,21.1000004,26.2664433,0.0338592231,-0.0402826108,1.67708804e-05,30,1.06700003,2
600114200000940,239943612,2460153.9381545475,60153.436122699997,18.4361229,0.0366360731,0,zg,1.4946699000000001,29.684411300000001,0.684000015,0.109999999,20230728436123,600,0xe,0x2,21.6900005,26.2882652,0.0320493765,-0.068579033,1.41328956e-05,30,1.03499997,2
600114200000940,240037274,2460154.8748512007,60154.372743100001,18.6208115,0.0416800566,32768,zg,1.494664,29.684392599999999,0.497999996,0.0540000014,20230729372523,600,0xe,0x2,20.5599995,25.7983646,0.0436964333,-0.0427725948,3.22843771e-05,30,1.18799996,2
600114200000940,240143462,2460155.9368236293,60155.4346296,18.076479,0.0289020389,0,zg,1.4946763999999999,29.684404900000001,1.05799997,-0.0489999987,20230730434618,600,0xe,0x2,21.8299999,26.30299,0.03010072,-0.0750641674,1.24513281e-05,30,1.02999997,2
600114200000940,240144440,2460155.946604521,60155.444409700001,18.10993,0.029520018,0,zg,1.4946701,29.6843954,1.37300003,-0.0340000018,20230730444398,600,0xe,0x2,21.7600002,26.3027325,0.029221341,-0.0712593719,1.16409246e-05,30,1.01999998,2
600114200000940,240534859,2460159.8511043303,60159.348599500001,18.6418781,0.0423087962,0,zg,1.4947021,29.684355799999999,0.268999994,0.0160000008,20230803348530,600,0xe,0x2,19.7399998,26.3145065,0.0409869291,-0.0437073447,4.67469072e-05,30,1.23399997,2
600114200000940,240630343,2460160.8060166519,60160.303437499999,18.6204453,0.0416692384,0,zg,1.4946988999999999,29.684401600000001,0.75,-0.0649999976,20230804303009,600,0xe,0x2,20.1000004,26.2820015,0.0387346298,-0.0450879969,3.50356459e-05,30,1.51199996,2
600114200000940,240640163,2460160.904218737,60160.4016319,18.2439308,0.0321931243,0,zg,1.4946606,29.684373099999998,0.736000001,0.0250000004,20230804401620,600,0xe,0x2,20.5200005,26.3706932,0.0325914621,-0.0540820733,1.911463e-05,30,1.05900002,2
600114200000940,240740789,2460161.9105579723,60161.4078935,18.6026707,0.0411477573,0,zg,1.4946676000000001,29.684376499999999,1.02199996,0.023,20230805407894,600,0xe,0x2,20.7399998,26.3341217,0.0339797102,-0.0304306112,1.88947142e-05,30,1.04400003,2
600114200000940,240742138,2460161.9240544112,60161.421388900002,18.1956959,0.0311932731,0,zg,1.4946446,29.684423200000001,0.344000012,0.0179999992,20230805421377,600,0xe,0x2,20.4300003,26.3450642,0.0374203399,-0.0159965903,2.56866733e-05,30,1.02600002,2
600114200000940,240840090,2460162.9036431895,60162.4009028,18.3340263,0.0341810696,0,zg,1.4946545,29.684379799999999,1.35899997,-0.0399999991,20230806400903,600,0xe,0x2,21.0200005,26.3564491,0.0310586281,-0.0508731529,1.46893317e-05,30,1.051,1
600114200000940,240935251,2460163.8553240523,60163.352511600002,18.2527084,0.0323797949,0,zg,1.4946637,29.684395299999998,0.47299999,-0.0240000002,20230807352419,600,0xe,0x2,20.9599991,26.3195381,0.0307672173,-0.0510797203,1.40566262e-05,30,1.171,2
600114200000940,241146615,2460165.9691275763,60165.466157399998,18.2526093,0.0323776789,0,zg,1.49468,29.684401099999999,0.444000006,0.0120000001,20230809466146,600,0xe,0x2,21.1700001,26.2614117,0.0462648906,-0.0508235507,2.96032122e-05,30,1.01400006,2
600114200000940,241438440,2460168.8875917615,60168.384409699996,18.0899563,0.0291487314,0,zg,1.4946676000000001,29.6843863,1.10399997,-0.0489999987,20230812384375,600,0xe,0x2,21.6700001,26.3596382,0.0313264057,-0.100325853,1.32664627e-05,30,1.051,1
600114200000940,241535930,2460169.862556844,60169.359305600003,18.4117775,0.0360302962,0,zg,1.4946849,29.684402800000001,1.09899998,0.0949999988,20230813359306,600,0xe,0x2,20.7099991,25.7667904,0.150517911,0.000316017744,0.000366833963,30,1.09899998,2
600114200000940,241546236,2460169.9656196279,60169.462361099999,18.1110191,0.0295404457,0,zg,1.4946799,29.6844137,1.24699998,0.0130000003,20230813462338,600,0xe,0x2,21.4500008,26.3188286,0.0318611674,-0.0603923872,1.38504365e-05,30,1.01900005,2
600114200000940,241636142,2460170.8647451079,60170.361423599999,17.83568,0.024973534,0,zg,1.4946520000000001,29.684398699999999,0.686999977,0.0270000007,20230814361424,600,0xe,0x2,21.6700001,26.3006763,0.0310364068,-0.0748760104,1.30609988e-05,30,1.08599997,1
600114200000940,241636237,2460170.8656942742,60170.362372700001,17.8159447,0.024688866,0,zg,1.4946564,29.684394000000001,0.493999988,-0.00200000009,20230814362361,600,0xe,0x2,21.7999992,26.3068142,0.0310308784,-0.0816063136,1.30492563e-05,30,1.08399999,2
600114200000940,241645870,2460170.9620319931,60170.458703700002,18.5193443,0.0388081111,0,zg,1.4946925,29.684416599999999,0.736000001,-0.0370000005,20230814458704,600,0xe,0x2,21.5599995,26.3011189,0.0320830233,-0.0786842406,1.39531749e-05,30,1.01800001,2
600114200000940,241736468,2460171.868078446,60171.364687499998,18.2981644,0.0333704613,0,zg,1.494678,29.684397000000001,0.56400001,-0.0689999983,20230815364676,600,0xe,0x2,21.7399998,26.3182755,0.0323609076,-0.07780426,1.42837025e-05,30,1.07299995,2
600114200000940,241746136,2460171.9647632996,60171.461365700001,17.9525814,0.0267715938,0,zg,1.4946922,29.684402800000001,1.15499997,0.0599999987,20230815461215,600,0xe,0x2,21.5699997,26.3133278,0.030648144,-0.0695569441,1.28096081e-05,30,1.023,2
600114200000940,241938556,2460173.8890950913,60173.385567099998,18.3566303,0.034705542,0,zg,1.4946710000000001,29.684418999999998,0.841000021,-0.00499999989,20230817385567,600,0xe,0x2,21.3500004,26.3351803,0.0323031358,-0.0580238812,1.44591495e-05,30,1.02999997,2
600114200000940,241946733,2460173.970871455,60173.467338000002,18.4258366,0.036378514,0,zg,1.4946573000000001,29.684412999999999,0.419,-0.0179999992,20230817467338,600,0xe,0x2,21.1800003,26.3339062,0.0326653048,-0.0599619672,1.50324777e-05,30,1.03699994,2
600114200000940,241946828,2460173.9718205184,60173.468287000003,18.3410225,0.0343422703,0,zg,1.4946685,29.6843997,1.39600003,-0.0909999982,20230817468275,600,0xe,0x2,21.4899998,26.3234653,0.0311773773,-0.0608882196,1.32086298e-05,30,1.03799999,1
600114200000940,242033637,2460174.8399684005,60174.336377300002,18.3679028,0.0349710658,32768,zg,1.494664,29.684377600000001,0.411000013,0.0109999999,20230818336343,600,0xe,0x2,21.1800003,26.3484573,0.0332974754,-0.110457249,1.53266737e-05,30,1.125,2
600114200000940,242042031,2460174.923909151,60174.420312499999,18.4123878,0.0360453203,0,zg,1.4947162000000001,29.684427599999999,0.802999973,0.0280000009,20230818420150,600,0xe,0x2,21.25,26.3550777,0.0344381779,-0.0536239333,1.61612716e-05,30,1.00699997,2
600114200000940,242644192,2460180.9458959284,60180.4419213,18.3756943,0.0351561606,32768,zg,1.4947218,29.684381900000002,0.721000016,0.063000001,20230824441875,600,0xe,0x2,21.1700001,25.1403618,0.0605024174,-0.104724251,5.98460101e-05,30,1.02900004,1
600114200000940,242644291,2460180.9468913851,60180.442916699998,18.6768456,0.0433780551,32768,zg,1.4947071000000001,29.684428700000002,0.504000008,0.00700000022,20230824442894,600,0xe,0x2,21.1299992,25.033802,0.066214636,-0.103074446,7.50071194e-05,30,1.02999997,2
600114200000940,242734090,2460181.844930538,60181.340902800002,18.1955357,0.0311900377,0,zg,1.4946866999999999,29.6844185,1.02999997,0.0560000017,20230825340891,600,0xe,0x2,21.6399994,26.3509769,0.0296901315,-0.0713295788,1.18306843e-05,30,1.06599998,2
600114200000940,242739400,2460181.898035462,60181.394004599999,18.7962875,0.0472824499,0,zg,1.4946917,29.6843994,1.25100005,-0.0260000005,20230825393993,600,0xe,0x2,21.4899998,26.3692379,0.0313057303,-0.0815717727,1.34894526e-05,30,1.00800002,2
600114200000940,242840421,2460182.9083024254,60182.404213000002,18.3439331,0.0344096459,0,zg,1.4946642999999999,29.684398399999999,1.03299999,-0.0370000005,20230826404201,600,0xe,0x2,21.2900009,26.3734074,0.0327165201,-0.0781416669,1.46799994e-05,30,1.00800002,2
600114200000940,242840516,2460182.909251478,60182.405162000003,18.3157845,0.0337654948,0,zg,1.4946929,29.684412399999999,0.476999998,0.0170000009,20230826405150,600,0xe,0x2,21.4599991,26.3660507,0.0294259861,-0.0739312395,1.18093694e-05,30,1.00800002,1
600114200000940,242843059,2460182.9346812358,60182.430590299999,18.2580929,0.0324950442,0,zg,1.4946472,29.684418699999998,0.644999981,-0.0340000018,20230826430579,600,0xe,0x2,21.1200008,26.3689423,0.0324358828,-0.0839769021,1.46908269e-05,30,1.02199996,2
600114200000940,243041520,2460184.9194108681,60184.415208300001,18.0849209,0.0290562026,0,zg,1.4946759000000001,29.684401099999999,0.699999988,-0.0439999998,20230828415116,600,0xe,0x2,21.3099995,26.3455753,0.0299854651,-0.0582823679,1.24162198e-05,30,1.01400006,2
600114200000940,243042357,2460184.9277794268,60184.423576399997,18.4021492,0.0357942879,0,zg,1.4946778999999999,29.684410700000001,0.51700002,0.00899999961,20230828423426,600,0xe,0x2,21.0900002,26.343071,0.0331379659,-0.0605667047,1.58691382e-05,30,1.02100003,2
600114200000940,243042451,2460184.928716979,60184.424513899998,18.4967403,0.0382023379,0,zg,1.4946752999999999,29.684406500000001,0.716000021,-0.00999999978,20230828424514,600,0xe,0x2,21.4599991,26.3483677,0.0297087636,-0.0659468025,1.2009009e-05,30,1.02199996,1
600114200000940,243117783,2460185.682079724,60185.1778356,18.6118622,0.041416429,0,zg,1.4946717,29.684368800000001,0.693000019,-0.171000004,20230829177512,600,0xe,0x2,19.7800007,26.1169624,0.0409859903,-0.0221487097,4.94199048e-05,30,2.40199995,2
600114200000940,243147678,2460185.9810427972,60185.476782400001,18.4255466,0.0363712981,0,zg,1.4946845,29.6843811,1.20799994,0.00700000022,20230829476771,600,0xe,0x2,21.4599991,26.3436222,0.0290227719,-0.0794226974,1.16889123e-05,30,1.12800002,2
600114200000940,243227916,2460186.7834699326,60186.279166699998,18.278141,0.032929074,0,zg,1.4946702000000001,29.684400799999999,1.15199995,0.0120000001,20230830278877,600,0xe,0x2,20.1299992,26.3151379,0.0382885337,-0.0293565914,3.47076493e-05,30,1.21399999,2
600114200000940,243246575,2460186.9700654093,60186.465752299999,18.2680817,0.0327103175,0,zg,1.4946671,29.684426999999999,0.742999971,-0.0769999996,20230830465718,600,0xe,0x2,20.3299999,26.3190002,0.037762206,-0.0286378041,3.00521369e-05,30,1.10399997,1
600114200000940,243246670,2460186.9710145607,60186.466701400001,18.205349,0.0313899033,0,zg,1.4946440999999999,29.684408600000001,0.428000003,-0.0410000011,20230830466690,600,0xe,0x2,20.3400002,26.3028202,0.0372450836,-0.033184845,2.87380844e-05,30,1.10699999,2
600114200000940,243741148,2460191.9160405751,60191.411481499999,18.2993088,0.0333959311,0,zg,1.4946485,29.684428199999999,0.893000007,0.0469999984,20230904411412,600,0xe,0x2,20.6100006,26.3644733,0.0357097238,-0.0465538204,2.11670977e-05,30,1.028,2
600114200000940,243743748,2460191.9420486819,60191.437488399999,18.3599396,0.0347832106,0,zg,1.494651,29.6843921,0.896000028,-0.0309999995,20230904437477,600,0xe,0x2,20.6499996,26.3525562,0.0331989713,-0.0381592736,1.8633873e-05,30,1.07000005,1
600114200000940,243832762,2460192.8322286131,60192.327627300001,18.4303875,0.0364921875,0,zg,1.4946579,29.684414799999999,0.838999987,0.0280000009,20230905327627,600,0xe,0x2,20.7999992,26.3284836,0.0326267369,-0.0248349849,1.67410271e-05,30,1.03699994,2
600114200000940,243839400,2460192.8986089383,60192.394004599999,18.3764954,0.0351752639,0,zg,1.4946697,29.6844064,0.437000006,-0.023,20230905393982,600,0xe,0x2,21.0599995,26.3402309,0.0309033524,-0.0411799029,1.40510365e-05,30,1.01499999,2
600114200000940,243931729,2460193.8219374404,60193.317291699997,18.4439487,0.0368336067,0,zg,1.494707,29.684414,0.606000006,0.023,20230906317280,600,0xe,0x2,20.8700008,26.3181343,0.0342624746,-0.0381397642,1.81820396e-05,30,1.04900002,2
600114200000940,243949151,2460193.9961695941,60193.491516200003,18.427227,0.0364132114,0,zg,1.4946778000000001,29.684409500000001,0.873000026,-0.0450000018,20230906491516,600,0xe,0x2,21.0400009,26.3133507,0.0313249007,-0.0597310551,1.37569641e-05,30,1.27900004,2
600114200000940,244029045,2460194.7951395931,60194.290451399997,18.2714252,0.0327828191,0,zg,1.4946747,29.684398600000002,0.591000021,-0.0579999983,20230907290451,600,0xe,0x2,21.4899998,26.3594112,0.0303013995,-0.0867456719,1.2326479e-05,30,1.10000002,2
600114200000940,244030982,2460194.8145154342,60194.3098264,18.5569191,0.0398420841,0,zg,1.4946598,29.6844185,0.810000002,-0.0460000001,20230907309826,600,0xe,0x2,21.5900002,26.3490238,0.0300630108,-0.0711587965,1.23184664e-05,30,1.05700004,1
600114200000940,244040976,2460194.9144618288,60194.409768500002,18.3804436,0.0352696143,0,zg,1.4946896000000001,29.6844076,1.08599997,0.0780000016,20230907409757,600,0xe,0x2,21.4599991,26.3491707,0.0292623248,-0.0596128926,1.20008381e-05,30,1.03600001,2
600114200000940,244134347,2460195.8482049699,60195.343472200002,18.4715519,0.0375413112,0,zg,1.4946743,29.684412200000001,1.20700002,0.00800000038,20230908343472,600,0xe,0x2,21.2099991,26.2629395,0.0314012095,-0.0546140708,1.37092075e-05,30,1.01300001,2
600114200000940,244141306,2460195.9178027585,60195.413067100002,18.7033463,0.0442101434,0,zg,1.4946637,29.684389299999999,0.643000007,-0.0540000014,20230908413067,600,0xe,0x2,21.4699993,26.2644749,0.0314786956,-0.0796150938,1.35390319e-05,30,1.04499996,2
600114200000940,244227598,2460196.7807547878,60196.275983799998,18.4253864,0.0363673158,32768,zg,1.4946698,29.6843903,0.816999972,-0.0769999996,20230909275949,600,0xe,0x2,20.7099991,25.4204922,0.057372272,-0.0506708138,5.9269114e-05,30,1.12600005,1
600114200000940,244227692,2460196.7816923265,60196.276921299999,18.5383644,0.0393272415,32768,zg,1.4946568,29.684387000000001,0.602999985,-0.0160000008,20230909276921,600,0xe,0x2,20.5300007,25.2213211,0.043898534,-0.0594931655,3.96022369e-05,30,1.12300003,2
600114200000940,244233300,2460196.8377826107,60196.333009299997,17.8983688,0.0259133987,0,zg,1.4946267,29.684422600000001,2.77600002,-0.193000004,20230909332998,600,0xe,0x2,21.3999996,26.3217545,0.0411046296,-0.0530032404,2.3358054e-05,30,1.01900005,2
600114200000940,244433837,2460198.8432310661,60198.338379599998,18.461298,0.0372763872,32768,zg,1.4946729999999999,29.6843453,0.739000022,-0.0410000011,20230911338310,600,0xe,0x2,19.9799995,25.2636242,0.106745876,0.0092863841,0.000299597537,30,1.01199996,2
600114200000940,244438943,2460198.8942862786,60198.389432900003,18.4259415,0.0363811292,0,zg,1.4946893000000001,29.684411600000001,0.609000027,0.0329999998,20230911389433,600,0xe,0x2,21.3999996,26.3310089,0.0301571358,-0.0624543205,1.25160241e-05,30,1.02499998,2
600114200000940,244638777,2460200.8927034801,60200.387777800002,18.766037,0.0462555923,0,zg,1.4946794999999999,29.684404700000002,0.819000006,-0.0500000007,20230913387766,600,0xe,0x2,21.75,26.3557549,0.031995289,-0.0884016976,1.39035874e-05,30,1.02900004,2
600114200000940,244638872,2460200.8936526128,60200.388726899997,18.8032913,0.0475239716,0,zg,1.4946956,29.684395899999998,0.621999979,0.0140000004,20230913388715,600,0xe,0x2,21.7399998,26.3623028,0.0309732538,-0.0956717432,1.30411063e-05,30,1.02999997,1
600114200000940,244648634,2460200.9912716476,60200.486342600001,18.1413422,0.0301177558,0,zg,1.4946708,29.684412099999999,0.728999972,0.0149999997,20230913486331,600,0xe,0x2,21.4699993,26.2843952,0.0322760344,-0.065937154,1.39853973e-05,30,1.36199999,2
600114200000940,244747336,2460201.9783306969,60201.4733681,18.6284561,0.041906897,0,zg,1.4946931999999999,29.6844173,1.91199994,-0.0869999975,20230914473356,600,0xe,0x2,21.4099998,26.2801075,0.0333286151,-0.0689546019,1.50943115e-05,30,1.29999995,2
600114200000940,244822497,2460202.7299641301,60202.224976899997,18.7377186,0.0453180373,0,zg,1.4946600999999999,29.6843921,0.74000001,-0.00999999978,20230915224977,600,0xe,0x2,21.5100002,26.2712154,0.0309780985,-0.0761603341,1.31341103e-05,30,1.26400006,2
600114200000940,244841211,2460202.9171113721,60202.412118100001,18.4799538,0.037760172,0,zg,1.4946632,29.684418699999998,1.09099996,-0.0399999991,20230915412118,600,0xe,0x2,21.7000008,26.310461,0.0348334648,-0.0740279108,1.64524154e-05,30,1.08000004,1
600114200000940,244841306,2460202.9180604019,60202.413067100002,18.4928551,0.0380994007,0,zg,1.4946912000000001,29.684411099999998,0.925999999,-0.111000001,20230915413067,600,0xe,0x2,21.8400002,26.3114586,0.0329596549,-0.0771731511,1.454023e-05,30,1.08200002,2
600114200000940,244937486,2460203.8798845145,60203.374861099997,18.5734425,0.0403076448,0,zg,1.4946956,29.684417199999999,0.876999974,0.023,20230916374861,600,0xe,0x2,21.6800003,26.3345852,0.0356071517,-0.0914914533,1.73868248e-05,30,1.02400005,2
600114200000940,244941211,2460203.9171426422,60203.412118100001,18.3279705,0.0340423509,0,zg,1.4946984999999999,29.684398699999999,0.998000026,-0.0140000004,20230916412106,600,0xe,0x2,22.0599995,26.3333149,0.0351436697,-0.10558524,1.68344613e-05,30,1.08599997,2
600114200000940,245033826,2460204.8433161536,60204.338263899997,18.705183,0.0442685299,0,zg,1.4947062,29.684407,1.19599998,0.00200000009,20230917338252,600,0xe,0x2,21.8099995,26.3464165,0.0344910286,-0.0846752375,1.62776487e-05,30,1.00699997,2
600114200000940,245033921,2460204.8442652817,60204.339212999999,18.5856514,0.0406559929,0,zg,1.4946870000000001,29.6844024,0.675999999,0.00899999961,20230917339201,600,0xe,0x2,22.0799999,26.3479481,0.0341200307,-0.093459025,1.57950526e-05,30,1.00699997,1
600114200000940,245044056,2460204.9456223026,60204.440567099999,18.0997715,0.0293303393,0,zg,1.4946797000000001,29.6844307,0.77700001,-0.0610000007,20230917440567,600,0xe,0x2,21.7399998,26.3095417,0.0352500081,-0.0758110955,1.67501876e-05,30,1.18299997,2
600114200000940,245127293,2460205.7780187479,60205.272939800001,18.69491,0.0439431816,0,zg,1.4946792,29.6843881,0.824000001,0.0289999992,20230918272940,600,0xe,0x2,21.7600002,26.3410854,0.0316764377,-0.0909187794,1.35998616e-05,30,1.07099998,2
600114200000940,245136842,2460205.8735075155,60205.3684259,18.7640209,0.0461881012,0,zg,1.4946955,29.684423299999999,0.926999986,-0.112000003,20230918368275,600,0xe,0x2,21.8700008,26.3366966,0.0355623588,-0.079534933,1.71406737e-05,30,1.023,2
600114200000940,245229627,2460206.8013798571,60206.296273100001,18.5948048,0.0409195721,0,zg,1.4947288999999999,29.684399500000001,0.828999996,0.0769999996,20230919296262,600,0xe,0x2,21.3500004,26.3471909,0.0337290056,-0.0460945517,1.56668357e-05,30,1.02900004,2
600114200000940,245240475,2460206.9098665048,60206.404756900003,18.4417725,0.0367785282,0,zg,1.4946520000000001,29.684404799999999,1.02900004,-0.0549999997,20230919404734,600,0xe,0x2,21.2600002,26.3619766,0.0319081061,-0.0861926153,1.43905172e-05,30,1.08800006,1
600114200000940,245240728,2460206.9123897702,60206.4072801,18.290844,0.033208169,0,zg,1.4946820999999999,29.6843927,1.01499999,0.0399999991,20230919407211,600,0xe,0x2,21.3099995,26.3589478,0.0312729552,-0.0866769925,1.34858292e-05,30,1.09399998,2
600114200000940,245327127,2460207.7764049289,60207.271273099999,18.6369057,0.0421593599,0,zg,1.4946949,29.6843976,1.09899998,0.0850000009,20230920271100,600,0xe,0x2,21.4799995,26.353611,0.0346874446,-0.0676499531,1.65742258e-05,30,1.06299996,2
600114200000940,245340487,2460207.9100078531,60207.404872699997,18.6091366,0.0413365215,0,zg,1.4946969000000001,29.684392500000001,0.981000006,0.0289999992,20230920404861,600,0xe,0x2,21.8700008,26.3436241,0.0327178277,-0.0777701363,1.44523119e-05,30,1.09500003,2
600114200000940,245531876,2460209.8239415991,60209.3187616,18.4926186,0.0380931534,0,zg,1.4947214,29.6844158,1.54799998,0.0970000029,20230922318738,600,0xe,0x2,20.75,26.2161865,0.036190737,-0.0539727062,1.9474297e-05,30,1.00800002,1
600114200000940,245531972,2460209.8249022197,60209.319722200002,18.524456,0.0389467813,0,zg,1.4947305,29.6844289,0.503000021,-0.00600000005,20230922319711,600,0xe,0x2,20.2999992,26.0602627,0.0395498239,-0.0356268957,2.71224762e-05,30,1.00800002,2
600114200000940,245537774,2460209.8829243863,60209.377743099998,18.6358299,0.0421270989,0,zg,1.4946858999999999,29.684422999999999,0.586000025,0.050999999,20230922377743,600,0xe,0x2,21.0300007,26.1745071,0.0400411114,-0.0574476644,2.28078134e-05,30,1.04999995,2
600114200000940,245738986,2460211.8950835373,60211.389861099997,18.284811,0.0330752172,0,zg,1.4946778999999999,29.6844182,0.964999974,0.0209999997,20230924389850,600,0xe,0x2,21.4799995,26.3458767,0.0326466672,-0.071731478,1.45363028e-05,30,1.08500004,2
600114200000940,245823156,2460212.7368003707,60212.231562499997,18.5777855,0.0404311232,0,zg,1.4946759000000001,29.684416800000001,0.980000019,0.0140000004,20230925231493,600,0xe,0x2,20.7600002,26.3400497,0.0318171382,-0.0655248612,1.53645833e-05,30,1.12800002,2
600114200000940,245841390,2460212.9191415734,60212.413900500003,18.2129822,0.0315465964,0,zg,1.4946714000000001,29.6844097,0.605000019,0.0219999999,20230925413900,600,0xe,0x2,21.8400002,26.3375397,0.0306230523,-0.0763586983,1.25885126e-05,30,1.16499996,1
600114200000940,245915519,2460213.660450351,60213.155196799999,18.1850586,0.030978594,0,zg,1.4946469,29.684418399999998,0.703999996,0.0710000023,20230926155197,600,0xe,0x2,20.5699997,26.2573776,0.0357512534,-0.0292926189,2.17370143e-05,30,1.54400003,2
600114200000940,246016364,2460214.6689150976,60214.163645799999,18.4679184,0.0374471657,0,zg,1.4946140999999999,29.6844079,0.50999999,-0.00999999978,20230927163634,600,0xe,0x2,20.4300003,26.2723293,0.039664451,-0.0367033817,3.09207244e-05,30,1.44700003,2
600114200000940,246038012,2460214.8853998356,60214.380127299999,18.4493198,0.0369699448,0,zg,1.4946524000000001,29.6844292,0.536000013,-0.0140000004,20230927380127,600,0xe,0x2,20.4300003,26.3355865,0.0367182828,-0.0270945001,2.47117096e-05,30,1.08099997,1
600114200000940,246042134,2460214.9266157108,60214.421342599999,18.7576199,0.0459745377,0,zg,1.4946889999999999,29.6843927,0.361999989,-0.0149999997,20230927421331,600,0xe,0x2,20.2999992,26.3182812,0.0333793126,-0.0292648897,2.27661149e-05,30,1.21700001,2
600114200000940,246119533,2460215.7006194587,60215.195335600001,18.3511848,0.0345782228,0,zg,1.4946695000000001,29.684368200000002,0.853999972,-0.0649999976,20230928195324,600,0xe,0x2,20.2099991,26.3207169,0.0373129435,-0.0415284447,3.20852305e-05,30,1.23500001,2
600114200000940,246146944,2460215.974731815,60215.469444399998,19.108963,0.0595708638,0,zg,1.4946758,29.684374600000002,0.50999999,-0.0970000029,20230928469444,600,0xe,0x2,20.0900002,26.2574863,0.0370342731,-0.0150751099,3.43005449e-05,30,1.55400002,2
600114200000940,246221943,2460216.7247296278,60216.219432899998,18.3345528,0.0341931768,0,zg,1.4946759000000001,29.684375299999999,0.647000015,0.0540000014,20230929219421,600,0xe,0x2,20.1299992,26.346981,0.0402841717,-0.0160819199,3.99024975e-05,30,1.13100004,2
600114200000940,246233435,2460216.8396499972,60216.334351899997,18.9624405,0.0534148254,0,zg,1.4946579,29.6843611,0.916999996,-0.00400000019,20230929333947,600,0xe,0x2,20,26.3677769,0.0387475006,-0.0360523425,3.8754275e-05,30,1.01900005,1
600114200000940,246247358,2460216.9788876101,60216.473588000001,18.9168053,0.0516446047,0,zg,1.4946632,29.684418000000001,0.786000013,-0.241999999,20230929473588,600,0xe,0x2,19.3400002,26.3106804,0.04069639,-0.0676691756,7.1930408e-05,30,1.62399995,2
600114200000940,246620540,2460220.7107368433,60220.205405100001,18.9660912,0.053559389,0,zg,1.4947139,29.684383100000002,0.98299998,-0.122000001,20231003205405,600,0xe,0x2,20.5499992,26.2973614,0.0344554856,-0.0433645248,2.02736464e-05,30,1.14100003,2
600114200000940,246640163,2460220.906964737,60220.4016319,18.2947388,0.0332943797,0,zg,1.4946626000000001,29.684412900000002,0.647000015,-0.0700000003,20231003401562,600,0xe,0x2,20.3799992,26.2768021,0.0397226661,-0.0372430831,2.84083708e-05,30,1.20200002,2
600114200000940,246718129,2460221.6866329415,60221.181296299997,18.8507423,0.0491986796,0,zg,1.4946353000000001,29.684379400000001,1.02999997,0.0529999994,20231004181296,600,0xe,0x2,21.1599998,26.2651558,0.0302353837,-0.0685192421,1.28576676e-05,30,1.22500002,2
600114200000940,246736131,2460221.8666568152,60221.361319399999,18.8051395,0.0475879759,0,zg,1.4946372999999999,29.684426899999998,0.541999996,0.0270000007,20231004361250,600,0xe,0x2,20.6700001,26.3351078,0.0360571221,-0.0409990549,2.02953361e-05,30,1.08200002,2
600114200000940,246736226,2460221.8676059195,60221.362268500001,18.7417717,0.0454508401,0,zg,1.4946238000000001,29.6844052,0.514999986,-0.0289999992,20231004362257,600,0xe,0x2,20.6000004,26.3272476,0.0330614112,-0.0338234641,1.81642008e-05,30,1.08399999,1
600114200000940,246821736,2460222.7227013949,60222.217361100003,18.3027916,0.0334736109,0,zg,1.4946545,29.684423500000001,0.825999975,-0.0209999997,20231005217326,600,0xe,0x2,20.9400005,26.3409882,0.0328144282,-0.0660124347,1.52868997e-05,30,1.09200001,2
600114200000940,246843083,2460222.9361740951,60222.430833300001,18.4156189,0.0361250006,0,zg,1.4946469,29.6844079,1.24699998,-0.0260000005,20231005430833,600,0xe,0x2,20.1900005,26.2825947,0.0408664979,-0.0276383776,3.30622861e-05,30,1.39300001,2
600114200000940,246929163,2460223.7969742515,60223.2916319,19.2883968,0.0681723058,0,zg,1.4947096,29.684422099999999,0.985000014,0.0700000003,20231006291481,600,0xe,0x2,20.7900009,26.347126,0.0338283628,-0.0701285973,1.70260901e-05,30,1.00800002,2
600114200000940,246931578,2460223.8211293751,60223.315787,18.4236107,0.0363231003,0,zg,1.4947039,29.6844131,0.49000001,0.00100000005,20231006315336,600,0xe,0x2,20.9799995,26.3296604,0.0340177827,-0.052886188,1.67411235e-05,30,1.01999998,1
600114200000940,246937221,2460223.8775530094,60223.372210599999,19.1243343,0.0602603927,0,zg,1.4946864,29.684413299999999,1.15799999,0.0579999983,20231006371933,600,0xe,0x2,21.1100006,26.3160172,0.0317202397,-0.065327704,1.43057468e-05,30,1.12600005,2
600114200000940,247025851,2460224.7638611733,60224.258518499999,18.7174301,0.0446601659,0,zg,1.4946942000000001,29.6844204,0.890999973,0.0780000016,20231007258507,600,0xe,0x2,21.4099998,26.3317451,0.0325134732,-0.0603973791,1.46283328e-05,30,1.01699996,2
600114200000940,247029180,2460224.7971482608,60224.291805599998,19.048027,0.0569206513,0,zg,1.4946534,29.6844219,0.680999994,0.00300000003,20231007291759,600,0xe,0x2,21.3600006,26.3410492,0.0308716949,-0.067701757,1.32281193e-05,30,1.00800002,2
600114200000940,247220614,2460226.71148476,60226.206145800003,19.265152,0.0669879317,0,zg,1.494661,29.684414700000001,1.67700005,0.155000001,20231009205810,600,0xe,0x2,21.5699997,26.3079185,0.0305356532,-0.0698869452,1.26298119e-05,30,1.09200001,2
600114200000940,247324550,2460227.7508439203,60227.245509300003,19.0862045,0.0585656725,0,zg,1.4946611999999999,29.6843985,0.759000003,-0.0140000004,20231010245498,600,0xe,0x2,21.0699997,26.0275211,0.0345374458,-0.0613061562,1.70790408e-05,30,1.02199996,2
600114200000940,247336809,2460227.8734242721,60227.368090299999,18.9473114,0.0528204963,0,zg,1.4946680000000001,29.684417499999999,0.614000022,-0.0540000014,20231010367731,600,0xe,0x2,21.1499996,26.3285122,0.0310231727,-0.0492586903,1.33770036e-05,30,1.14699996,2
600114200000940,247424729,2460228.7526205513,60228.247291699998,19.3253536,0.0701001585,0,zg,1.4946854000000001,29.684400199999999,1.227,-0.0489999987,20231011247280,600,0xe,0x2,21.4300003,26.3620949,0.0337271281,-0.0781513453,1.53979345e-05,30,1.01800001,1
600114200000940,247424824,2460228.7535695452,60228.248240699999,19.1818485,0.0629172325,0,zg,1.4946938999999999,29.684407100000001,1.04900002,0.0670000017,20231011248229,600,0xe,0x2,21.1499996,26.35602,0.0314322673,-0.0677794293,1.37412417e-05,30,1.01699996,2
600114200000940,247437833,2460228.8836612483,60228.378333300003,18.640152,0.0422568507,0,zg,1.494669,29.6843991,0.855000019,-0.0399999991,20231011378148,600,0xe,0x2,21.2600002,26.3138695,0.0359600112,-0.0563695505,1.78960145e-05,30,1.19599998,2
600114200000940,247634769,2460230.8530085217,60230.347696800003,18.7208481,0.0447701886,0,zg,1.4946765,29.684409599999999,1.41299999,-0.0250000004,20231013347338,600,0xe,0x2,21.3199997,26.3191795,0.0302109141,-0.0674321949,1.24174139e-05,30,1.11000001,2
600114200000940,247638342,2460230.8887372497,60230.3834259,19.2424603,0.0658523887,0,zg,1.4946740999999999,29.684400799999999,1.21500003,-0.0289999992,20231013383299,600,0xe,0x2,21.25,26.2921772,0.033424668,-0.060428448,1.50912238e-05,30,1.24300003,2
600114200000940,247719408,2460231.6993885124,60231.1940856,19.3662758,0.0723001361,0,zg,1.4946923999999999,29.6844006,1.13499999,-0.0329999998,20231014194074,600,0xe,0x2,21.5599995,26.3160381,0.0296824779,-0.0729409158,1.21150661e-05,30,1.08800006,2
600114200000940,247721763,2460231.7229415607,60231.217638900001,18.6458836,0.0424296483,0,zg,1.4946774,29.684410400000001,1.028,-0.0549999997,20231014217639,600,0xe,0x2,21.3299999,26.3256741,0.0318711363,-0.0650978535,1.37570423e-05,30,1.04200006,1
600114200000940,247730479,2460231.8100933908,60231.3047917,18.4986877,0.0382540412,0,zg,1.4946649999999999,29.6844134,0.893000007,-0.0820000023,20231014304780,600,0xe,0x2,21.1900005,26.3313408,0.035030596,-0.0584438555,1.66956215e-05,30,1.03100002,2
600114200000940,247821281,2460232.7181033553,60232.212812500002,19.2685089,0.0671576485,0,zg,1.4946948,29.684398099999999,0.977999985,-0.101000004,20231015212812,600,0xe,0x2,21.2700005,26.3312149,0.0314142667,-0.0511225648,1.36360441e-05,30,1.046,2
600114200000940,247823664,2460232.7419340601,60232.2366435,18.7711964,0.046428863,0,zg,1.4946836999999999,29.684406500000001,0.628000021,0.0810000002,20231015236632,600,0xe,0x2,21.4699993,26.3398933,0.0325938873,-0.0684852079,1.44933047e-05,30,1.01800001,2
600114200000940,247921563,2460233.720914023,60233.215636599998,19.0807838,0.0583289862,0,zg,1.4947037000000001,29.6844468,0.958999991,-0.0199999996,20231016215625,600,0xe,0x2,20.9500008,26.3391075,0.0349856168,-0.0546252243,1.76346402e-05,30,1.03699994,2
600114200000940,247921657,2460233.7218515109,60233.216574099999,19.0011959,0.0549717695,0,zg,1.4947048999999999,29.684414199999999,1.60899997,0.0250000004,20231016216574,600,0xe,0x2,21.1700001,26.3378468,0.0319163091,-0.0590903014,1.42472509e-05,30,1.03600001,1
600114200000940,247934716,2460233.8524399297,60233.347164400002,18.6023884,0.0411395766,0,zg,1.4946855999999999,29.684399899999999,1.14499998,-0.0199999996,20231016347153,600,0xe,0x2,21.4599991,26.3198357,0.0303060357,-0.061491359,1.2728794e-05,30,1.13300002,2
600114200000940,248020569,2460234.7109570485,60234.2056944,18.6904926,0.0438041948,0,zg,1.4946577000000001,29.684398600000002,0.75999999,-0.0450000018,20231017205694,600,0xe,0x2,21.6200008,26.3226261,0.0309043769,-0.0674794838,1.30574563e-05,30,1.04799998,2
600114200000940,248031846,2460234.8237214689,60234.3184606,18.8885422,0.0505815744,0,zg,1.4946961000000001,29.684407,0.65200001,0.00300000003,20231017318322,600,0xe,0x2,21.4899998,26.3232307,0.0289118122,-0.0657012984,1.14263521e-05,30,1.06599998,2
600114200000940,248119545,2460235.7006977815,60235.195451400003,19.3352203,0.0706242695,0,zg,1.4946809000000001,29.684414499999999,0.98299998,-0.0939999968,20231018195451,600,0xe,0x2,21.3799992,26.3379688,0.0317545757,-0.0634842813,1.38924752e-05,30,1.06200004,2
600114200000940,248119689,2460235.7021444575,60235.196898100003,19.3661919,0.0722955167,0,zg,1.4946805000000001,29.684416599999999,0.412999988,-0.057,20231018196887,600,0xe,0x2,21.4200001,26.329937,0.0299580712,-0.0574269444,1.22905749e-05,30,1.05900002,1
600114200000940,248135715,2460235.8623963613,60235.357152800003,19.24086,0.0657730252,0,zg,1.4947067000000001,29.684410499999998,0.836000025,-0.0120000001,20231018357118,600,0xe,0x2,21.4899998,26.3325176,0.0296174325,-0.0867475495,1.19151227e-05,30,1.18799996,2
600114200000940,248220615,2460236.7113856403,60236.206157400004,18.7263107,0.0449467003,0,zg,1.4946876,29.684395599999998,0.728999972,-0.0280000009,20231019206157,600,0xe,0x2,21.6100006,26.3167362,0.0313393325,-0.0734760314,1.32189016e-05,30,1.03900003,2
600114200000940,248225413,2460236.759359248,60236.254131900001,19.0971642,0.0590474457,0,zg,1.4946945,29.6844003,0.704999983,-0.00899999961,20231019254051,600,0xe,0x2,21.5499992,26.3196354,0.0307683311,-0.0704303831,1.28490383e-05,30,1.00699997,2
600114200000940,248321384,2460237.7190512079,60237.213842600002,18.3580208,0.0347381346,0,zg,1.4946976999999999,29.684399299999999,1.17299998,0.00100000005,20231020213831,600,0xe,0x2,21.4200001,26.3005886,0.0315522961,-0.0559473,1.39323975e-05,30,1.02600002,2
600114200000940,248323195,2460237.7371642436,60237.231956000003,18.4236107,0.0363231003,0,zg,1.4946584999999999,29.6843954,0.64200002,0.0480000004,20231020231852,600,0xe,0x2,21.3700008,26.2997017,0.0328223333,-0.058030989,1.53788242e-05,30,1.01199996,2
600114200000940,248324593,2460237.7511454611,60237.245937500003,19.2029839,0.0639247373,0,zg,1.4946664999999999,29.684402899999998,0.523999989,-0.0320000015,20231020245903,600,0xe,0x2,21.7999992,26.318367,0.0308875553,-0.0807253718,1.28199517e-05,30,1.00699997,1
600114200000940,248420986,2460238.7150487928,60238.209861099996,19.3104916,0.0693182349,0,zg,1.4947056999999999,29.684393499999999,0.197999999,-0.0140000004,20231021209861,600,0xe,0x2,21.4200001,26.3282528,0.0300324913,-0.0593899339,1.25798961e-05,30,1.02699995,2
600114200000940,248423124,2460238.7364372299,60238.231249999997,18.8173485,0.048013106,0,zg,1.4946645000000001,29.6844039,0.850000024,0.108000003,20231021231250,600,0xe,0x2,21.7399998,26.3384972,0.0302671324,-0.0709850639,1.23831114e-05,30,1.01100004,2
600114200000940,248517390,2460239.6790665146,60239.173900499998,19.2935905,0.0684399083,0,zg,1.4946600000000001,29.684394699999999,0.319000006,0.00700000022,20231022173900,600,0xe,0x2,21.2399998,26.3593597,0.0298493207,-0.0692973509,1.2153354e-05,30,1.08399999,2
600114200000940,248526531,2460239.7704764046,60239.2653125,18.6748657,0.04331664,0,zg,1.4946683999999999,29.684398300000002,0.896000028,-0.0120000001,20231022265266,600,0xe,0x2,21.5599995,26.3608818,0.0293375645,-0.0677110255,1.17168847e-05,30,1.01400006,1
600114200000940,248527863,2460239.7837978918,60239.278634299997,18.7248631,0.0448998548,0,zg,1.4946950000000001,29.684408300000001,0.423999995,-0.0489999987,20231022278623,600,0xe,0x2,21.5499992,26.345232,0.0305843372,-0.0591140166,1.28445063e-05,30,1.02600002,2
600114200000940,248832429,2460242.8293795502,60242.324293999998,19.1899166,0.0632998273,0,zg,1.4946470000000001,29.684456900000001,0.529999971,-0.0480000004,20231025324294,600,0xe,0x2,20.8199997,26.3161449,0.0341227278,-0.0395625159,1.9110872e-05,30,1.13800001,2
600114200000940,248833679,2460242.8418791955,60242.336794000003,18.8287811,0.0484152585,0,zg,1.4946568,29.684394600000001,0.828999996,0.0280000009,20231025336620,600,0xe,0x2,20.7800007,26.3089542,0.035475757,-0.0432190001,1.99112565e-05,30,1.18299997,1
600114200000940,248836135,2460242.8664386934,60242.361354200002,19.2912426,0.0683187842,0,zg,1.4947143000000001,29.6844587,0.763999999,-0.0829999968,20231025361354,600,0xe,0x2,20.5900002,26.2779598,0.0375086293,-0.0240139905,2.6371752e-05,30,1.29900002,2
600114200000940,249016667,2460244.671709937,60244.166678200003,18.4282608,0.0364390165,0,zg,1.4946762,29.684407400000001,0.970000029,-0.109999999,20231027166632,600,0xe,0x2,20.1599998,26.3453255,0.0414436758,-0.0409225635,3.99886267e-05,30,1.07000005,2
600114200000940,249114180,2460245.6468068352,60245.141805599997,19.1299057,0.0605123788,0,zg,1.4946944,29.684415000000001,0.620999992,-0.115999997,20231028141736,600,0xe,0x2,19.9899998,26.3466263,0.0373081267,-0.0638299137,3.84436935e-05,30,1.12699997,2
600114200000940,249129083,2460245.795829766,60245.290833300001,19.1360092,0.0607897863,0,zg,1.4946747,29.684409599999999,0.643000007,-0.145999998,20231028290822,600,0xe,0x2,19.8600006,26.3447285,0.0396353453,-0.0441612564,4.42138698e-05,30,1.07099998,1
600114200000940,249141778,2460245.9227816695,60245.417789400002,18.569376,0.0401924551,0,zg,1.4946489999999999,29.684329699999999,0.662,-0.165999994,20231028417350,600,0xe,0x2,18.9500008,26.2112637,0.0400595218,-0.0287787598,9.65978325e-05,30,1.93499994,2
600114200000940,249512736,2460249.6322234906,60249.1273611,19.0069351,0.055206582,0,zg,1.4946896000000001,29.684419900000002,1.13800001,0.0659999996,20231101127234,600,0xe,0x2,20.6700001,26.3425789,0.0372136123,-0.065171212,2.20820166e-05,30,1.13800001,2
600114200000940,249531806,2460249.8229222745,60249.318067100001,19.0356941,0.0564001426,32768,zg,1.4946785,29.684339399999999,0.842999995,0.122000001,20231101317975,600,0xe,0x2,19.7999992,26.0076313,0.0425158329,-0.027384663,5.12623919e-05,30,1.18400002,2
600114200000940,249615146,2460250.6562929791,60250.151469900004,18.8630295,0.0496433675,0,zg,1.494688,29.684408399999999,0.888000011,-0.0299999993,20231102151470,600,0xe,0x2,21.3099995,26.3414974,0.0306674466,-0.0666732788,1.27815383e-05,30,1.06799996,2
600114200000940,249617217,2460250.6769981761,60250.172175899999,18.6322937,0.042021323,0,zg,1.4946841,29.684418099999998,0.708000004,-0.00600000005,20231102172164,600,0xe,0x2,20.6599998,26.3549232,0.0358179361,-0.0629483163,1.96679866e-05,30,1.03299999,2
600114200000940,249617311,2460250.6779356385,60250.1731134,18.4827385,0.0378330685,0,zg,1.4946588000000001,29.6844234,0.368000001,0.0130000003,20231102173113,600,0xe,0x2,20.6700001,26.3572273,0.0337184668,-0.0619124062,1.76625254e-05,30,1.03199995,1
600114200000940,249714299,2460251.647781298,60251.142997700001,19.2497749,0.0662162229,0,zg,1.4947064999999999,29.6844301,1.33099997,0.0860000029,20231103142986,600,0xe,0x2,20.7600002,26.334507,0.0361985117,-0.0650429651,1.91190702e-05,30,1.08000004,2
600114200000940,249722359,2460251.7283798428,60251.223599500001,19.212923,0.0644043759,0,zg,1.4946617,29.6844185,0.815999985,-0.0179999992,20231103223518,600,0xe,0x2,20.8799992,26.3462887,0.0321988389,-0.0444045328,1.51051217e-05,30,1.00999999,2
600114200000940,249819129,2460252.6960366811,60252.1912963,18.9393101,0.0525091738,0,zg,1.4946839999999999,29.684400700000001,1.24899995,-0.0309999995,20231104191285,600,0xe,0x2,21.5300007,26.3353977,0.0300877392,-0.0654572397,1.22094016e-05,30,1.01100004,1
600114200000940,249819226,2460252.6970088403,60252.192268500003,18.9471283,0.0528133288,0,zg,1.4946858000000001,29.6844039,0.702000022,0.0469999984,20231104192245,600,0xe,0x2,21.7099991,26.3432789,0.0313999169,-0.0739454627,1.34208631e-05,30,1.01100004,2
600114200000940,249834055,2460252.8452896443,60252.3405556,18.8794746,0.0502457917,0,zg,1.4946702999999999,29.684409899999999,0.72299999,0.0260000005,20231104340556,600,0xe,0x2,20.9799995,26.2851238,0.0318819657,-0.0348789953,1.47718429e-05,30,1.33800006,2
600114200000940,249921473,2460253.7194305044,60253.2147338,18.8947296,0.0508121252,0,zg,1.4946678,29.684420599999999,0.666000009,-0.057,20231105214734,600,0xe,0x2,21.3999996,26.35746,0.031651374,-0.0691706315,1.35245346e-05,30,1.00899994,2
600114200000940,249936781,2460253.8725024662,60253.367812500001,18.6966095,0.0439968184,0,zg,1.4947128000000001,29.684401099999999,1.12100005,0.00300000003,20231105367373,600,0xe,0x2,20.8899994,26.2607918,0.0313046277,-0.0311458819,1.49976067e-05,30,1.574,2
600114200000940,250018517,2460254.6898275581,60254.185173600003,18.7903881,0.047080107,0,zg,1.4946782999999999,29.684414,1.12699997,-0.112000003,20231106185162,600,0xe,0x2,21.6499996,26.3673019,0.0292633399,-0.0838640407,1.16242481e-05,30,1.01199996,2
600114200000940,250019809,2460254.7027436811,60254.1980903,18.4016304,0.0357816368,0,zg,1.4946623000000001,29.684397000000001,0.707000017,-0.00300000003,20231106198056,600,0xe,0x2,21.3500004,26.3665524,0.0310299601,-0.0844403952,1.29531136e-05,30,1.00800002,1
600114200000940,250031591,2460254.82056246,60254.315914400002,18.8681717,0.0498308688,0,zg,1.494686,29.684426999999999,0.351999998,-0.0260000005,20231106315903,600,0xe,0x2,21.1299992,26.3197155,0.0296723042,-0.0524727926,1.22443589e-05,30,1.23399997,2
600114200000940,250118343,2460255.6880461462,60255.183437500003,19.2516689,0.0663107783,0,zg,1.4946827,29.684413800000002,0.428000003,0.0270000007,20231107183438,600,0xe,0x2,21.5300007,26.3563995,0.0302364025,-0.0584843531,1.24860089e-05,30,1.01100004,2
600114200000940,250120178,2460255.7063902048,60255.2017824,19.0546875,0.0572040007,0,zg,1.4947268,29.684385299999999,0.675999999,-0.0289999992,20231107201736,600,0xe,0x2,21.0200005,26.3627033,0.0334445722,-0.0720398501,1.58709208e-05,30,1.00699997,2
600114200000940,250321619,2460257.7207043213,60257.216192100001,18.6431751,0.0423478819,0,zg,1.4946971,29.684477300000001,0.742999971,-0.00899999961,20231109216181,600,0xe,0x2,20.3299999,26.3377647,0.0391108207,-0.0439402983,2.78938387e-05,30,1.01400006,1
600114200000940,250329718,2460257.8016957277,60257.2971875,18.8053303,0.0475945845,0,zg,1.4946121999999999,29.684354899999999,0.805999994,-0.0439999998,20231109297176,600,0xe,0x2,20.0400009,26.3122311,0.0432841741,-0.0535649359,4.1255309e-05,30,1.18799996,2
600114200000940,250416254,2460258.6670117467,60258.162546300002,18.6735783,0.0432767682,0,zg,1.4946317,29.6844815,0.626999974,0.0189999994,20231110162546,600,0xe,0x2,20.3299999,26.2344227,0.0395726822,-0.047669515,2.70008568e-05,30,1.01999998,2
600114200000940,250432219,2460258.8266564952,60258.322199100003,18.677784,0.0434071869,0,zg,1.4947534,29.684426999999999,1.13699996,-0.0309999995,20231110322199,600,0xe,0x2,20.5799999,26.2686825,0.0373290703,-0.0453653857,2.19502654e-05,30,1.32599998,2
600114200000940,250519364,2460259.6980589572,60259.193645799998,18.8662376,0.0497602299,0,zg,1.4946902,29.684415999999999,0.708000004,0.0179999992,20231111193634,600,0xe,0x2,21.1200008,26.3256321,0.0324679092,-0.0504012965,1.48639247e-05,30,1.00800002,1
600114200000940,250519458,2460259.6989964088,60259.194583299999,18.8530407,0.0492815152,0,zg,1.4946903,29.684411000000001,1.07200003,0.0350000001,20231111194583,600,0xe,0x2,21.0499992,26.3323364,0.032332696,-0.0520595126,1.49075768e-05,30,1.00800002,2
600114200000940,250521605,2460259.7204652019,60259.216053199998,18.8167171,0.0479910374,0,zg,1.4946701,29.684419299999998,0.962000012,0.00999999978,20231111216030,600,0xe,0x2,21.2299995,26.323719,0.0331436954,-0.0481909625,1.53119654e-05,30,1.01800001,2
600114200000940,250616439,2460260.6687607546,60260.164398100002,18.8308926,0.0484899394,0,zg,1.4946713,29.684411799999999,0.713,0.0170000009,20231112164363,600,0xe,0x2,21.3500004,26.3490067,0.0311790556,-0.0631117597,1.32892264e-05,30,1.01400006,2
600114200000940,250623833,2460260.7426920538,60260.238333300003,18.9526215,0.0530282296,0,zg,1.4947071999999999,29.684414100000001,0.773999989,0.0160000008,20231112237905,600,0xe,0x2,21.0699997,26.3427467,0.0322318301,-0.0561007634,1.4624974e-05,30,1.04900002,2
600114200000940,250720460,2460261.7089136988,60261.204606500003,18.5075169,0.0384896509,0,zg,1.4946718999999999,29.684415900000001,0.845000029,0.00700000022,20231113204606,600,0xe,0x2,21.4699993,26.3401222,0.0303672329,-0.0664198995,1.23890304e-05,30,1.01400006,2
600114200000940,250730086,2460261.8051700527,60261.300868099999,18.3116016,0.0336711518,0,zg,1.4946701,29.684414499999999,0.629999995,-0.00899999961,20231113300845,600,0xe,0x2,21.4400005,26.2948322,0.0306211989,-0.0569715798,1.28251495e-05,30,1.25300002,1
600114200000940,250730181,2460261.806119001,60261.3018171,18.3920193,0.0355481543,0,zg,1.4946746,29.684421400000002,0.769999981,-0.0399999991,20231113301806,600,0xe,0x2,21.1100006,26.2878094,0.030842483,-0.0500559025,1.32919104e-05,30,1.25800002,2
600114200000940,250819190,2460262.6961629945,60262.191909699999,18.6834736,0.0435843915,0,zg,1.4946819,29.6844134,1.30499995,0.0120000001,20231114191852,600,0xe,0x2,21.6499996,26.3404255,0.030133184,-0.0695276856,1.23664986e-05,30,1.00899994,2
600114200000940,250822533,2460262.7295870413,60262.2253356,18.5620747,0.039986629,0,zg,1.4946767999999999,29.684406299999999,0.829999983,-0.0610000007,20231114225336,600,0xe,0x2,21.6299992,26.3511868,0.0295307785,-0.0870721638,1.18019198e-05,30,1.03799999,2
600114200000940,251410980,2460268.6137084085,60268.109803200001,18.6002693,0.0410779454,0,zg,1.4946626999999999,29.684447299999999,0.836000025,-0.0350000001,20231120109792,600,0xe,0x2,20.2000008,26.3455276,0.0383865237,-0.0399219617,2.73927108e-05,30,1.05400002,2
600114200000940,251433293,2460268.8368310002,60268.332939799999,18.9644794,0.0534955226,0,zg,1.4946716,29.6844918,1.21399999,0.0130000003,20231120332928,600,0xe,0x2,20.2299995,26.2267094,0.0392233953,-0.0422365516,2.9061126e-05,30,1.63900006,1
600114200000940,251434890,2460268.8527906886,60268.348900500001,19.1062279,0.0594491027,32768,zg,1.49472,29.6844416,0.85799998,0.0769999996,20231120348900,600,0xe,0x2,19.5300007,25.8086586,0.0494158752,-0.0508536622,8.57872801e-05,30,1.84099996,2
600114200000940,253010763,2460284.610415292,60284.107638900001,18.4975319,0.0382233486,0,zg,1.4946752000000001,29.684397199999999,0.952000022,0.00400000019,20231206106678,600,0xe,0x2,21.2299995,26.337883,0.0333963893,-0.0541672818,1.55601228e-05,30,1.00999999,2
600114200000940,253022173,2460284.7245035581,60284.2217361,18.5955925,0.0409423597,0,zg,1.4946686,29.684413899999999,0.911000013,-0.0179999992,20231206221725,600,0xe,0x2,20.9400005,26.3315353,0.0339361429,-0.0701144338,1.61058069e-05,30,1.18099999,2
600114200000940,253122434,2460285.7270290935,60285.224340300003,17.9439774,0.0266324859,0,zg,1.4946546999999999,29.684419800000001,0.432999998,-0.00600000005,20231207224329,600,0xe,0x2,21.3099995,26.3182945,0.0312609896,-0.0645808429,1.32986133e-05,30,1.20299995,2
600114200000940,253320609,2460287.7086305222,60287.206099499999,18.3777199,0.0352044851,0,zg,1.4946807,29.684402800000001,1.08299994,-0.0289999992,20231209206100,600,0xe,0x2,21.2199993,26.3330975,0.0312118642,-0.071727775,1.31397546e-05,30,1.15400004,2
600114200000940,253320704,2460287.7095795474,60287.207048600001,18.5083771,0.0385126844,0,zg,1.4947028,29.684422000000001,0.648000002,-0.075000003,20231209207037,600,0xe,0x2,20.8700008,26.3317394,0.032097511,-0.0732029527,1.47505752e-05,30,1.15699995,1
600114200000940,253430822,2460288.8106711176,60288.308229200004,18.4145336,0.0360982195,32768,zg,1.4946946999999999,29.6843857,1.19400001,0.180000007,20231210308160,600,0xe,0x2,19.5599995,26.1707935,0.0390354618,-0.0304893497,5.00816459e-05,30,2.07399988,2
600114200000940,253517621,2460289.6785866097,60289.176215300002,17.9993114,0.0275467075,0,zg,1.4946710999999999,29.684412699999999,0.524999976,-0.0350000001,20231211176215,600,0xe,0x2,20.7900009,25.9850903,0.0352135301,-0.0490401164,1.96573237e-05,30,1.08399999,2
600114200000940,253518372,2460289.6860975921,60289.183726900003,18.2127247,0.0315412916,0,zg,1.4946733000000001,29.684420299999999,0.917999983,0.0140000004,20231211183657,600,0xe,0x2,20.7800007,26.1729107,0.03560213,-0.0503208824,1.9808278e-05,30,1.102,1
600114200000940,253519962,2460289.701998983,60289.1996296,18.4641857,0.0373507664,0,zg,1.4946826,29.6844106,0.933000028,0.0520000011,20231211199618,600,0xe,0x2,21.1299992,26.2392597,0.0332009159,-0.0708640218,1.5264739e-05,30,1.14999998,2
600114200000940,253621587,2460290.7181655057,60290.2158796,18.4219513,0.0362818502,0,zg,1.4946686,29.684399200000001,1.11300004,-0,20231212215880,600,0xe,0x2,21.5799999,26.3097076,0.030190479,-0.0673039928,1.22542542e-05,30,1.22599995,2
600114200000940,253623487,2460290.7371570263,60290.234872699999,18.4651375,0.0373753048,0,zg,1.4946827,29.684415600000001,0.64200002,-0.0590000004,20231212234861,600,0xe,0x2,21.2700005,26.3029728,0.0303098466,-0.0694306195,1.25434244e-05,30,1.32599998,2
600114200000940,253718026,2460291.6824722947,60291.180266199997,18.4534168,0.0370744057,0,zg,1.4947010999999999,29.684408300000001,0.781000018,-0.0410000011,20231213180266,600,0xe,0x2,21.3799992,26.3423309,0.0329340361,-0.0782290027,1.47108767e-05,30,1.10800004,2
600114200000940,253718121,2460291.6834213138,60291.181215299999,18.6354065,0.042114418,0,zg,1.4946790999999999,29.684411099999998,0.986000001,0.00999999978,20231213181204,600,0xe,0x2,21,26.3417282,0.0326364227,-0.0818969086,1.45680096e-05,30,1.11000001,1
600114200000940,253724966,2460291.7518646726,60291.249664399998,18.4363251,0.0366411731,0,zg,1.4946495,29.684413899999999,0.559000015,-0.0189999994,20231213249595,600,0xe,0x2,21.1499996,26.2750206,0.0328966826,-0.0601691715,1.47015116e-05,30,1.44700003,2
600114200000940,254113553,2460295.6374051846,60295.135532400003,18.4279327,0.0364308283,0,zg,1.4946581000000001,29.684403499999998,1.23899996,-0.0759999976,20231217135521,600,0xe,0x2,20.8500004,26.1587658,0.0348555371,-0.0491132624,1.89079801e-05,30,1.03799999,2
600114200000940,254117270,2460295.6745778951,60295.172708300001,18.079567,0.028958289,0,zg,1.4946694,29.684389400000001,0.488999993,-0.0529999994,20231217172708,600,0xe,0x2,21.0499992,26.21492,0.0350220352,-0.0581492968,1.71957236e-05,30,1.11699998,2
600114200000940,254226863,2460296.7704099156,60296.268634300002,18.1880951,0.0310396627,0,zg,1.4946649000000001,29.684339300000001,0.843999982,0.00100000005,20231218268634,600,0xe,0x2,19.8600006,25.9270687,0.042037718,-0.0152166551,4.57606657e-05,30,1.78799999,2
600114200000940,255712262,2460311.6230868208,60311.122627299999,18.1993027,0.0312665477,0,zg,1.4946619000000001,29.684408699999999,0.65200001,-0.0419999994,20240102122616,600,0xe,0x2,21.2399998,26.3371582,0.029273415,-0.0806208849,1.16677702e-05,30,1.09899998,1
600114200000940,257320570,2460327.7047206261,60327.205706000001,18.0373898,0.0282034744,0,zg,1.4946477,29.6844134,0.822000027,0.00200000009,20240118205694,600,0xe,0x2,19.7099991,26.1618652,0.0399161391,-0.0158311855,4.73011678e-05,30,2.15300012,1
600114200000940,258315209,2460337.6502556773,60337.152094899997,18.5698433,0.0402056687,32768,zg,1.4946884,29.684419500000001,0.970000029,-0.0529999994,20240128152095,600,0xe,0x2,18.9599991,25.9665508,0.0483713597,-0.0333004631,0.000152013657,30,1.72800004,1
600114200000940,258714621,2460341.6440490331,60341.146215300003,18.6998978,0.04410078,0,zg,1.4946410999999999,29.684427599999999,0.688000023,0.0199999996,20240201146215,600,0xe,0x2,20.3700008,26.2174931,0.0380262807,-0.0330941789,2.60636934e-05,30,1.79400003,1
600114200000940,272544982,2460479.9484887496,60479.449826399999,17.861618,0.0253557507,0,zg,1.4946668000000001,29.684415600000001,0.441000015,-0.00400000019,20240618449826,600,0xe,0x2,20.6499996,26.247633,0.0399062335,-0.0663730949,2.40758927e-05,30,1.35800004,1
600114200000940,273345840,2460487.9577470226,60487.458402800003,18.7602921,0.0460635573,0,zg,1.4946615000000001,29.6843851,0.961000025,-0.136000007,20240626458391,600,0xe,0x2,20.9300003,26.2828503,0.031621255,-0.0526772141,1.50681753e-05,30,1.19799995,1
600114200000940,274042730,2460494.9272536067,60494.427303199998,18.9913712,0.0545723327,0,zg,1.4946667,29.684399800000001,0.925000012,0.0769999996,20240703427268,600,0xe,0x2,21.3099995,26.2831783,0.0328456163,-0.0751406029,1.45820295e-05,30,1.25199997,1
600114200000940,274845219,2460502.9528510706,60502.4521991,18.8323135,0.0485402867,0,zg,1.4946847000000001,29.684426899999998,0.966000021,-0.135000005,20240711452199,600,0xe,0x2,21.2999992,26.1574497,0.0310905464,-0.0538775586,1.35488526e-05,30,1.08599997,1
600114200000940,275144557,2460505.9464907316,60505.445578699997,18.8916454,0.0506970547,0,zg,1.4946994,29.684398300000002,0.637000024,0.0199999996,20240714445579,600,0xe,0x2,21.5400009,26.2072754,0.0318080112,-0.0689524338,1.37383267e-05,30,1.08299994,1
600114200000940,275541016,2460509.9114153772,60509.410162,18.6929436,0.0438812599,0,zg,1.4946834,29.684394399999999,1.01199996,-0.00700000022,20240718410162,600,0xe,0x2,21.6800003,26.1880436,0.0308368113,-0.0704360604,1.26910736e-05,30,1.153,1
600114200000940,275743474,2460511.9361713356,60511.434745400002,18.4574604,0.0371778645,0,zg,1.4946963,29.6843495,0.391000003,0.00700000022,20240720434745,600,0xe,0x2,20.1700001,26.2035255,0.0387001075,-0.0269919895,3.39742983e-05,30,1.07099998,1
600114200000940,276043231,2460514.9339934867,60514.432314799997,18.4063377,0.0358966887,0,zg,1.4946645999999999,29.684378500000001,0.605000019,-0.0419999994,20240723432280,600,0xe,0x2,20.3799992,26.2337265,0.0410425551,-0.0284434389,3.2839951e-05,30,1.05900002,1
600114200000940,276244377,2460516.9456193219,60516.4437731,19.0735722,0.0580156744,0,zg,1.49464,29.684398000000002,0.273000002,-0.0439999998,20240725443773,600,0xe,0x2,20.0699997,26.1637192,0.040875975,-0.0097237872,4.25780672e-05,30,1.03299999,1
600114200000940,276542645,2460519.9285494294,60519.426458299997,18.8574905,0.0494423509,0,zg,1.4946801000000001,29.684364899999998,0.437999994,-0.0430000015,20240728426458,600,0xe,0x2,21.0799999,26.346899,0.0298553109,-0.0570625216,1.24940861e-05,30,1.046,1
600114200000940,276736748,2460521.8697363683,60521.367488399999,18.221302,0.0317186192,0,zg,1.4946732,29.684409500000001,0.697000027,-0.00600000005,20240730367488,600,0xe,0x2,21.2000008,26.2827873,0.030591201,-0.0712705851,1.27734993e-05,30,1.19000006,1
600114200000940,277134738,2460525.8499468663,60525.347384300003,18.8215904,0.0481618792,0,zg,1.4946702999999999,29.6844024,1.29400003,-0.075000003,20240803347350,600,0xe,0x2,21.1700001,26.2247696,0.0318736918,-0.0533831865,1.41556457e-05,30,1.23000002,1
600114200000940,277334905,2460527.851767737,60527.349050899997,18.7722225,0.0464634262,0,zg,1.4946629,29.684397799999999,0.904999971,-0.0219999999,20240805349051,600,0xe,0x2,21.4799995,26.2378254,0.0307767615,-0.0590208769,1.2753444e-05,30,1.199,1
600114200000940,277734890,2460531.8519167146,60531.348900500001,18.9943905,0.0546947457,0,zg,1.4946752000000001,29.6843921,0.771000028,-0.0599999987,20240809348831,600,0xe,0x2,21.6100006,26.2137985,0.0322807655,-0.0745351464,1.4136861e-05,30,1.15699995,1
600114200000940,277829967,2460532.8029349833,60532.299675900002,19.0467224,0.0568653606,32768,zg,1.4946906,29.684415900000001,0.524999976,-0.050999999,20240810299664,600,0xe,0x2,21.5300007,26.8694744,0.0254574083,-0.0461544469,8.66294613e-06,60,1.39499998,1
600114200000940,277930512,2460533.8084588507,60533.305127300002,18.3174229,0.0338025317,32768,zg,1.4946873000000001,29.684402200000001,0.866999984,-0.0280000009,20240811305127,600,0xe,0x2,20.2000008,25.4234734,0.170357078,0.000925297383,0.000732025714,60,1.34000003,1
600114200000940,278234737,2460536.8507445683,60536.347372700002,18.8822079,0.0503467433,0,zg,1.4946566999999999,29.684396799999998,0.971000016,-0.0719999969,20240814347373,600,0xe,0x2,21.2399998,26.3377647,0.0305173956,-0.0636607558,1.28671336e-05,30,1.11800003,1
600114200000940,278436162,2460538.8651292645,60538.361620399999,18.8700237,0.0498985648,0,zg,1.4946778000000001,29.684405900000002,0.910000026,-0.0480000004,20240816361620,600,0xe,0x2,21.1800003,26.3284798,0.0311583709,-0.0471658148,1.38737996e-05,30,1.06900001,1
600114200000940,278635680,2460540.8604463525,60540.3568056,18.9904022,0.0545331053,0,zg,1.4946253,29.684405600000002,0.270000011,0.0109999999,20240818356794,600,0xe,0x2,20.5900002,26.3599281,0.0323845521,-0.0512975119,1.87937258e-05,30,1.06799996,1
600114200000940,279038857,2460544.8924715491,60544.388576400001,19.0109615,0.0553720035,0,zg,1.4946360000000001,29.684422600000001,0.850000024,-0.0900000036,20240822388542,600,0xe,0x2,20.3199997,26.3456478,0.0389527082,-0.0291172154,3.18208913e-05,30,1.01300001,1
600114200000940,279332962,2460547.8336995458,60547.329629599997,18.5308266,0.039120473,0,zg,1.4946394000000001,29.6843854,0.342999995,0.0370000005,20240825329630,600,0xe,0x2,20.8400002,26.326561,0.0328706689,-0.0520902015,1.63941022e-05,30,1.08599997,1
600114200000940,279546706,2460549.9712511972,60549.467060199997,18.5216846,0.0388715155,0,zg,1.4946895,29.684400499999999,0.474999994,0.00400000019,20240827467049,600,0xe,0x2,21.4699993,26.3364258,0.0299894921,-0.0892437547,1.21585754e-05,30,1.09200001,1
600114200000940,279732219,2460551.8264909172,60551.322199100003,18.9730759,0.0538371392,0,zg,1.4946948,29.684411399999998,0.907000005,-0.0879999995,20240829322176,600,0xe,0x2,21.3899994,26.3484192,0.0312817916,-0.0920323133,1.33499479e-05,30,1.07799995,1
600114200000940,279930236,2460553.8067560345,60553.302361100003,19.1264153,0.0603543594,0,zg,1.4946603999999999,29.684372199999999,0.949000001,0.0109999999,20240831302350,600,0xe,0x2,21.5,26.3199215,0.0296826009,-0.0673761889,1.17996924e-05,30,1.11399996,1
600114200000940,280242892,2460556.9334716019,60556.428923599997,18.9295197,0.0521310419,0,zg,1.4946849,29.684396199999998,1.27199996,-0.104999997,20240903428889,600,0xe,0x2,21.7000008,26.310215,0.0302888937,-0.0803223848,1.22188885e-05,30,1.05200005,1
600114200000940,280436211,2460558.866754578,60558.362118099998,19.039957,0.0565794781,0,zg,1.4946629,29.684404499999999,0.764999986,-0.074000001,20240905362106,600,0xe,0x2,21.4899998,26.3068886,0.0312399585,-0.062187504,1.32501727e-05,30,1.00800002,1
600114200000940,280632747,2460560.8321983456,60560.327476899998,19.0708237,0.0578967892,0,zg,1.4946969999999999,29.684399899999999,0.72299999,0.0579999983,20240907327454,600,0xe,0x2,21.2199993,26.0887337,0.0356953032,-0.0574397072,1.77219317e-05,30,1.028,1
600114200000940,280832402,2460562.8288303367,60562.324027800001,18.7614784,0.046103131,0,zg,1.4946651,29.684411799999999,1.31500006,-0.0370000005,20240909324005,600,0xe,0x2,21.3899994,26.1191158,0.032783296,-0.0569670834,1.52935263e-05,30,1.02600002,1
600114200000940,281028811,2460564.792990461,60564.288113399998,19.1327286,0.0606405176,0,zg,1.4946697,29.684406500000001,0.586000025,-0.0769999996,20240911287789,600,0xe,0x2,21.5200005,26.3233776,0.0293113124,-0.0791771114,1.17992986e-05,30,1.07500005,1
600114200000940,281240530,2460566.9102523965,60566.405300899998,19.0724506,0.057967104,32768,zg,1.4947155999999999,29.684426599999998,1.18599999,-0.0320000015,20240913405301,600,0xe,0x2,21.0400009,26.0156517,0.0363337286,-0.0537374131,1.8462295e-05,30,1.05900002,1
600114200000940,281527728,2460569.7823226047,60569.277280100003,18.812252,0.0478351042,0,zg,1.4946784,29.684374300000002,0.861999989,-0.0340000018,20240916277234,600,0xe,0x2,20.3299999,26.3483009,0.0377191305,-0.0606524013,2.88589799e-05,30,1.06900001,1
600114200000940,282140277,2460575.9079752616,60575.402777800002,18.8808289,0.0502957776,0,zg,1.4946507,29.684383,0.70599997,-0.061999999,20240922402708,600,0xe,0x2,20.6700001,26.2883816,0.0376465432,-0.0449853279,2.33789888e-05,30,1.10899997,1
600114200000940,282226114,2460576.7663606433,60576.261145800003,19.1180763,0.0599786304,0,zg,1.4946912999999999,29.6844076,0.514999986,0.0329999998,20240923261146,600,0xe,0x2,21.1499996,26.3136139,0.0326812565,-0.0692260638,1.49045964e-05,30,1.06299996,1
600114200000940,282334560,2460577.8508371538,60577.3456019,18.5884705,0.0407369211,0,zg,1.4946374,29.6844243,0.773999989,0.0340000018,20240924345590,600,0xe,0x2,20.6800003,26.3187027,0.0346090309,-0.0500126369,1.86038105e-05,30,1.01900005,1
600114200000940,282433256,2460578.8378217095,60578.332569400001,19.1393986,0.0609444156,0,zg,1.4946799,29.684401000000001,0.624000013,-0.063000001,20240925332558,600,0xe,0x2,21.5900002,26.3141232,0.0282629412,-0.0592107289,1.07699407e-05,30,1.01199996,1
600114200000940,282647295,2460580.9782356145,60580.472951399999,18.3039322,0.0334990732,0,zg,1.4947066,29.6843991,1.00800002,-0.0419999994,20240927472940,600,0xe,0x2,20.6499996,26.2177925,0.0395112187,-0.0429381952,2.48706692e-05,30,1.58200002,1
600114200000940,282839263,2460582.897946002,60582.392638899997,18.4390011,0.0367085487,0,zg,1.494669,29.684404799999999,0.867999971,0.0579999983,20240929392604,600,0xe,0x2,21.4699993,26.3258915,0.0302009918,-0.0717979148,1.21838948e-05,30,1.13600004,1
600114200000940,283821920,2460592.724537285,60592.219201400003,19.085146,0.0585193634,0,zg,1.4946816000000001,29.684406500000001,0.216000006,-0.0199999996,20241009219190,600,0xe,0x2,21.7099991,26.3363857,0.0304987747,-0.0763624832,1.2388924e-05,30,1.05900002,1
600114200000940,284031135,2460594.8166770795,60594.311354199999,18.4155941,0.0361243784,0,zg,1.4946900000000001,29.6843912,0.70599997,-0.0219999999,20241011311319,600,0xe,0x2,21.2600002,26.3294735,0.0303370263,-0.0763810501,1.24689986e-05,30,1.03199995,1
600114200000940,284219979,2460596.705097069,60596.199791699997,18.4035683,0.0358289331,0,zg,1.494653,29.684388800000001,0.628000021,0.00700000022,20241013199479,600,0xe,0x2,21.0300007,26.3470497,0.034239646,-0.046356827,1.76186277e-05,30,1.07700002,1
600114200000940,284421026,2460598.715546974,60598.210266200003,19.1641598,0.0620870329,0,zg,1.4946664999999999,29.684415999999999,0.523000002,0.0799999982,20241015210150,600,0xe,0x2,20.4500008,26.3400784,0.0365079902,-0.0344360173,2.48133802e-05,30,1.046,1
600114200000940,284628018,2460600.7854342498,60600.280185199998,18.9127808,0.0514917001,0,zg,1.4945695000000001,29.684407100000001,0.226999998,0.050999999,20241017280185,600,0xe,0x2,19.5900002,26.3603573,0.0370922908,-0.0253626592,4.96294488e-05,30,1.01699996,1
600114200000940,284928416,2460603.7893582196,60603.284166700003,19.2236252,0.0649251416,0,zg,1.4946584999999999,29.6844155,0.671999991,0.104999997,20241020284120,600,0xe,0x2,20.4500008,26.3569927,0.0385132469,-0.0588930659,2.66531879e-05,30,1.028,1
600114200000940,285324987,2460607.7549675903,60607.249872699998,18.5221119,0.0388831235,0,zg,1.4946748000000001,29.684403499999998,0.680000007,-0.00800000038,20241024249861,600,0xe,0x2,21.6599998,26.3508511,0.0307941772,-0.0695387796,1.26045652e-05,30,1.00999999,1
600114200000940,285730173,2460611.8067081836,60611.301736100002,19.2388535,0.0656737313,32768,zg,1.4947225,29.6845161,0.588999987,0.0989999995,20241028301736,600,0xe,0x2,20.0699997,25.7284088,0.0540834814,-0.0352812856,6.23228116e-05,30,1.102,1
600114200000940,286138881,2460615.8936433755,60615.388819400003,18.6005707,0.0410867073,0,zg,1.4946819,29.684459400000001,1.35300004,-0.0710000023,20241101388819,600,0xe,0x2,20.7199993,26.1964092,0.0357592255,-0.029929556,2.04730622e-05,30,1.70799994,1
600114200000940,286439408,2460618.8987855874,60618.394085599997,19.137722,0.060867887,0,zg,1.4943975,29.6843349,1.10099995,0.0379999988,20241104393692,600,0xe,0x2,20.0699997,26.1800251,0.0425527617,-0.0249239672,4.05978499e-05,30,1.89400005,1
600114200000940,286628921,2460620.793828493,60620.289212999996,18.7093697,0.04440194,0,zg,1.4946313,29.684408699999999,0.906000018,0.0900000036,20241106289201,600,0xe,0x2,20.9799995,26.1443024,0.0339967683,-0.0497024246,1.70455332e-05,30,1.13699996,1
600114200000940,286820597,2460622.7104972298,60622.205972199998,19.2203121,0.0647634715,0,zg,1.4946234,29.684400799999999,1.70899999,0,20241108205914,600,0xe,0x2,20.5799999,26.3454609,0.0341321006,-0.0498096161,1.8634486e-05,30,1.00899994,1
600114200000940,287034259,2460624.8470109738,60624.342592599998,19.0616398,0.0575013682,0,zg,1.4946881999999999,29.684413500000002,0.672999978,0.0189999994,20241110342593,600,0xe,0x2,20.8799992,26.1073418,0.0340077244,-0.0392117463,1.7587392e-05,30,1.48699999,1
600114200000940,287211057,2460626.6149044805,60626.110578699998,19.2608452,0.0667708293,0,zg,1.4946181000000001,29.684308099999999,1.273,-0.222000003,20241112110579,600,0xe,0x2,19.6900005,26.3343487,0.0388918221,-0.0349645205,4.25592734e-05,30,1.09399998,1
600114200000940,287419829,2460628.7025099448,60628.1982986,18.9417763,0.0526049212,0,zg,1.4946556,29.684461200000001,0.662,-0.101999998,20241114198252,600,0xe,0x2,20.0200005,26.3335495,0.0395554081,-0.0224246345,3.98359807e-05,30,1.01300001,1
600114200000940,288023682,2460634.740679441,60634.236828699999,19.0901852,0.0587401427,0,zg,1.4947211,29.684453099999999,0.577000022,0.0130000003,20241120236794,600,0xe,0x2,20.5200005,26.3101997,0.0374182127,-0.0315482989,2.37831791e-05,30,1.09599996,1
600114200000940,288228033,2460636.7840547785,60636.2803356,19.0133057,0.0554685406,0,zg,1.4946976999999999,29.684390799999999,0.397000015,0.0399999991,20241122280081,600,0xe,0x2,21.1499996,26.2737293,0.0323750563,-0.0608815141,1.4854545e-05,30,1.28499997,1
600114200000940,288915342,2460643.656670189,60643.153425899996,19.3040657,0.0689828992,0,zg,1.494661,29.684456399999998,0.643000007,0.0289999992,20241129153368,600,0xe,0x2,20.7900009,26.2036419,0.0367657579,-0.0423748828,1.98636244e-05,30,1.01100004,1
600114200000940,289322271,2460647.7256613085,60647.222719899997,19.1528034,0.0615601465,0,zg,1.4946877999999999,29.684408000000001,0.917999983,0.0390000008,20241203222708,600,0xe,0x2,21.1200008,26.2005901,0.035214588,-0.0556186102,1.74003144e-05,30,1.16199994,1
600114200000940,289520313,2460649.7059253934,60649.203136600001,19.2114449,0.0643328056,0,zg,1.4946797000000001,29.684414199999999,0.746999979,-0.057,20241205203137,600,0xe,0x2,21.4699993,26.3305073,0.0291534979,-0.090026319,1.12388952e-05,30,1.11600006,1
600114200000940,289720689,2460651.7095292471,60651.206898099997,19.2356834,0.0655171573,0,zg,1.4946660000000001,29.684454800000001,1.28499997,0.0390000008,20241207206898,600,0xe,0x2,21.0599995,26.3109703,0.0327059515,-0.0616217069,1.50617716e-05,30,1.14499998,1
600114200000940,289918327,2460653.6857481995,60653.1832755,19.1959133,0.0635857657,0,zg,1.4946554000000001,29.684373900000001,0.85799998,-0.00100000005,20241209183264,600,0xe,0x2,20.8099995,26.3588982,0.0322917178,-0.0659789667,1.60681302e-05,30,1.09200001,1
600114200000940,290425490,2460658.7569613168,60658.254907399998,18.5586662,0.0398910083,0,zg,1.4946896000000001,29.684377900000001,1.33599997,-0.0179999992,20241214254711,600,0xe,0x2,20.1299992,26.269392,0.0463460609,-0.0449540578,5.07075711e-05,30,1.53299999,1
600114200000940,290609113,2460660.5930328602,60660.091134299997,18.6431847,0.0423481725,0,zg,1.4946002,29.684425300000001,1.03900003,0.0879999995,20241216091123,600,0xe,0x2,20.4699993,26.3196106,0.0369567312,-0.0278774612,2.52368645e-05,30,1.00699997,1
600114200000940,290923568,2460663.7373111248,60663.235682899998,18.5706081,0.040227294,0,zg,1.4947111,29.684479700000001,1.12199998,-0.0160000008,20241219235671,600,0xe,0x2,19.9799995,26.2652607,0.0421783067,-0.0228532013,4.37394337e-05,30,1.48300004,1
600114200000940,291119938,2460665.7008437319,60665.199386599998,20.1499996,0.129270807,0,zg,1.4946653000000001,29.6844179,0.629999995,-0.0759999976,20241221199340,600,0xe,0x2,21.1800003,26.2904091,0.032830853,-0.0660043359,1.46820676e-05,30,1.27499998,1
600114200000940,291309271,2460667.5940106194,60667.0927199,19.0082741,0.0552615188,0,zg,1.4947165,29.6844225,0.439999998,0.0359999985,20241223092708,600,0xe,0x2,21.0300007,26.3427639,0.0343935862,-0.0503647141,1.64618505e-05,30,1.01400006,1
600114200000940,291926545,2460673.7661914206,60673.265451400002,18.7920666,0.0471375696,0,zg,1.4946524000000001,29.684396499999998,1.15400004,0.127000004,20241229265440,600,0xe,0x2,20.4799995,26.143177,0.0372134112,-0.0324243531,2.457763e-05,30,2.31299996,1
600114200000940,292309762,2460677.5980217638,60677.097627299998,19.1216774,0.0601405837,0,zg,1.4946368999999999,29.684420299999999,1.06700003,-0.0250000004,20250102097627,600,0xe,0x2,21.3899994,26.3410721,0.0293113217,-0.0581361838,1.14278155e-05,30,1.04999995,1
600114200000940,292511935,2460679.6195634906,60679.119351900001,18.809269,0.0477312841,0,zg,1.4946546999999999,29.684426599999998,0.873000026,-0.0920000002,20250104119352,600,0xe,0x2,20.9899998,26.326973,0.0332198329,-0.0496676862,1.55230064e-05,30,1.11099994,1
600114200000940,293021833,2460684.718084062,60684.218333299999,18.4561119,0.0371433236,0,zg,1.4947398999999999,29.684495099999999,0.971000016,-0.0329999998,20250109218299,600,0xe,0x2,19.1100006,26.067852,0.0501218885,-0.0253629945,0.000122559475,30,1.96700001,1
600114200000940,294013961,2460694.6384858661,60694.139618100002,19.3189449,0.0697618648,0,zg,1.4946231000000001,29.684433299999998,0.771000028,-0.0500000007,20250119139618,600,0xe,0x2,19.8999996,26.2618084,0.0404047631,-0.0487519354,4.1495925e-05,30,1.39499998,1
600114200000940,294515609,2460699.6545340782,60699.156099500004,18.5885792,0.0407400765,0,zg,1.4946174999999999,29.6844538,0.971000016,-0.229000002,20250124156100,600,0xe,0x2,19.7000008,26.2403526,0.044184085,-0.0307152122,5.87003997e-05,30,1.66900003,1
600114200000940,295211978,2460706.6176364073,60706.119780100002,18.9821491,0.0542003512,0,zg,1.4946765,29.684404099999998,0.98299998,-0.158000007,20250131119780,600,0xe,0x2,21.1800003,26.2450695,0.0311707165,-0.0551528633,1.36873568e-05,30,1.49600005,1
600114200000940,309947402,2460853.9734377502,60853.474027800003,19.2218342,0.0648376495,0,zg,1.4947029999999999,29.6844091,0.648000002,-0.0850000009,20250627474016,600,0xe,0x2,20.9599991,26.1962605,0.0312174838,-0.0732518509,1.44120695e-05,30,1.13399994,1
600114200000940,313332640,2460887.8287050091,60887.326400500002,18.907093,0.0512764417,0,zg,1.4946493999999999,29.684402500000001,1.33000004,-0.0670000017,20250731326389,600,0xe,0x2,21.3199997,26.2768097,0.032010179,-0.0653618798,1.39983995e-05,30,1.40400004,1
600114200000940,314143750,2460895.9404300097,60895.4375,18.656002,0.0427367985,0,zg,1.4946725000000001,29.684381800000001,0.779999971,-0.074000001,20250808437384,600,0xe,0x2,20.5799999,26.2477989,0.0349752083,-0.0352569409,2.26327647e-05,30,1.00899994,1
600114200000940,314446278,2460898.9659401216,60898.4627894,19.1675262,0.0622441284,0,zg,1.4946942000000001,29.6843884,0.442999989,-0.0329999998,20250811462789,600,0xe,0x2,20.2199993,26.2744942,0.0372926295,-0.0313831791,3.12474403e-05,30,1.01600003,1
600114200000940,314740439,2460901.9077560743,60901.4043981,19.5152168,0.0809097588,0,zg,1.4947246000000001,29.6843878,0.91900003,-0.063000001,20250814404387,600,0xe,0x2,20.0900002,26.0889225,0.0386410467,-0.0364578441,3.86010288e-05,30,1.01800001,1
600114200000940,315029770,2460904.8012625026,60904.297708300001,19.0171432,0.0556269959,0,zg,1.4946804,29.6844109,0.411000013,0.0170000009,20250817297708,600,0xe,0x2,21.2999992,26.297802,0.0313361771,-0.076680325,1.33013937e-05,30,1.29100001,1
600114200000940,315534162,2460909.8454973265,60909.341620400002,18.9191952,0.0517356172,0,zg,1.4946539000000001,29.684398900000001,0.550999999,0.0359999985,20250822341620,600,0xe,0x2,21.6399994,26.2371101,0.030438995,-0.0667917877,1.25967099e-05,30,1.079,1
600114200000940,315737089,2460911.8748904769,60911.3708912,18.9645233,0.0534972213,0,zg,1.4946591,29.684391399999999,1.01400006,-0.075000003,20250824370891,600,0xe,0x2,21.5900002,26.2887421,0.029902,-0.0707444698,1.20558225e-05,30,1.023,1
600114200000940,316031912,2460914.82328927,60914.319120400003,19.0134277,0.0554735549,0,zg,1.4946538,29.6844033,0.949999988,-0.0179999992,20250827319109,600,0xe,0x2,21.5599995,26.2858829,0.0301762614,-0.0703226328,1.23483223e-05,30,1.10000002,1
600114200000940,316329778,2460917.8021194362,60917.2977894,19.1111584,0.0596688464,0,zg,1.4946609,29.684424799999999,0.75,-0.0419999994,20250830297778,600,0xe,0x2,21.4899998,26.2816772,0.0309882797,-0.0612188168,1.28478796e-05,30,1.13900006,1
600114200000940,316533033,2460919.8347695465,60919.330335600003,19.5087948,0.0805183947,0,zg,1.4946807,29.684389599999999,0.795000017,-0.0520000011,20250901330324,600,0xe,0x2,21.6399994,26.2934971,0.0307458844,-0.0680422783,1.27488711e-05,30,1.04799998,1
600114200000940,316944278,2460923.9474178832,60923.442789399996,18.9812737,0.0541652031,0,zg,1.4946721999999999,29.684409500000001,0.889999986,-0.0850000009,20250905442778,600,0xe,0x2,21.0300007,26.2936516,0.0312567279,-0.0692174211,1.35301971e-05,30,1.09099996,1
600114200000940,317333894,2460927.8437396195,60927.338946800002,19.1017494,0.0592502542,0,zg,1.4947096,29.6844468,0.675000012,-0.104999997,20250909338947,600,0xe,0x2,20.1800003,26.3501339,0.0397801176,-0.0329528265,3.54362237e-05,30,1.01400006,1
600114200000940,317533863,2460929.8435036754,60929.338634300002,19.6622467,0.0903846547,0,zg,1.4946744000000001,29.684398300000002,0.686999977,-0.108999997,20250911338634,600,0xe,0x2,20.4500008,26.2739201,0.0382119603,-0.0327452458,2.89805685e-05,30,1.01100004,1
600114200000940,317831289,2460932.8178666919,60932.312893499999,19.4343567,0.076116167,0,zg,1.4947031,29.684419800000001,0.712000012,0.0439999998,20250914312882,600,0xe,0x2,21.1299992,26.3128242,0.032160975,-0.0618946217,1.42004965e-05,30,1.02400005,1
600114200000940,318035699,2460934.8620281341,60934.356990699998,19.1714916,0.0624297,0,zg,1.4946634000000001,29.684411000000001,0.80400002,-0.0489999987,20250916356528,600,0xe,0x2,21.4699993,26.3114815,0.0300332122,-0.064588055,1.21365665e-05,30,1.01100004,1
600114200000940,318731540,2460941.8206162914,60941.315405100002,20.2401733,0.13770555,0,zg,1.4946628,29.684396899999999,0.527999997,-0.125,20250923315394,600,0xe,0x2,21.5300007,26.3298149,0.0297419187,-0.0764702857,1.18969529e-05,30,1.00800002,1
600114200000940,318931802,2460943.8232688177,60943.318020799998,20.4717598,0.160851687,0,zg,1.4946112,29.6843304,0.739000022,-0.157000005,20250925317975,600,0xe,0x2,21.2399998,26.3450851,0.0313593671,-0.0706610009,1.35084092e-05,30,1.00699997,1
600114200000940,319537406,2460949.8793852129,60949.374062499999,20.6010838,0.172275662,0,zg,1.494648,29.684363600000001,1.051,-0.101999998,20251001374062,600,0xe,0x2,21.4300003,26.3454647,0.0293641612,-0.081674397,1.15877374e-05,30,1.09599996,1
600114200000940,321222672,2460966.7319617975,60966.226724499997,20.8844757,0.196045995,0,zg,1.4947839999999999,29.684412900000002,0.686999977,-0.155000001,20251018226713,600,0xe,0x2,21.4400005,26.3349609,0.0298630781,-0.0633740649,1.19543747e-05,30,1.01800001,1
600114200000940,321423127,2460968.7364714099,60968.231273099998,20.407032,0.15419659,0,zg,1.4946701,29.684363000000001,0.760999978,-0.0350000001,20251020231204,600,0xe,0x2,21.5,26.3466244,0.0312586315,-0.0651802123,1.30195258e-05,30,1.01100004,1
600214200018784,51444750,2458268.9446416805,58268.447500000002,19.3546047,0.0765009224,0,zr,1.4945577999999999,29.684469400000001,1.08000004,-0.108999997,20180530447500,600,0xe,0x2,19.7700005,26.0954418,0.0368879363,0.0769202411,1.79762119e-05,30,1.95200002,1
600214200018784,51744320,2458271.9405643027,58271.443206000004,19.3740139,0.077628538,0,zr,1.4947649000000001,29.684453699999999,0.643999994,-0.0209999997,20180602443206,600,0xe,0x2,20.1900005,26.0718994,0.030638488,0.0809473172,1.22767296e-05,30,1.88900006,1
600214200018784,52047901,2458274.9766014102,58274.479016199999,19.3232632,0.0747136101,0,zr,1.4946541,29.684386499999999,0.786000013,-0.0430000015,20180605479005,600,0xe,0x2,20.7299995,26.1474056,0.0250707772,0.0933018848,8.31212583e-06,30,1.41299999,1
600214200018784,52342656,2458277.9243744505,58277.426562499997,19.1803131,0.0670716092,0,zr,1.4945600999999999,29.6844754,0.245000005,0.0219999999,20180608426563,600,0xe,0x2,20.5,26.0420799,0.025671877,0.0821911693,8.59646752e-06,30,1.89400005,1
600214200018784,52647903,2458280.977092436,58280.479039400001,19.3447571,0.075934954,0,zr,1.4946633,29.6843611,0.644999981,-0.104000002,20180611479028,600,0xe,0x2,20.7999992,26.1613407,0.0229539499,0.0928980112,6.93053471e-06,30,1.30700004,1
600214200018784,52946773,2458283.9660260086,58283.467731500001,19.1826324,0.0671891198,0,zr,1.4946322000000001,29.684424100000001,1.30900002,0.0729999989,20180614467720,600,0xe,0x2,20.9099998,26.1602058,0.0218918268,0.0951052159,6.31974808e-06,30,1.32500005,1
600214200018784,53246810,2458286.9666436133,58286.468101899998,19.2178955,0.0690012872,0,zr,1.4946713,29.684360900000001,0.393000007,0.0140000004,20180617468090,600,0xe,0x2,21.3799992,26.1803856,0.0185023379,0.0880656093,4.50015114e-06,30,1.27699995,1
600214200018784,53546851,2458289.9673115253,58289.468518499998,19.3188152,0.0744632781,0,zr,1.4946577999999999,29.684393700000001,0.504999995,-0.0170000009,20180620468507,600,0xe,0x2,21.25,26.1641235,0.0192212015,0.0967993885,4.82819723e-06,30,1.23399997,1
600214200018784,53847836,2458292.9774166839,58292.478368099997,19.4566498,0.0826097205,0,zr,1.4946286,29.684428799999999,0.870999992,0.0729999989,20180623478345,600,0xe,0x2,21.1299992,26.1752071,0.020209536,0.0927078575,5.33892126e-06,30,1.15999997,1
600214200018784,54236096,2458296.8603427918,58296.360960600003,19.1835785,0.0672370642,0,zr,1.4946784,29.684362499999999,0.546000004,0.0270000007,20180627360949,600,0xe,0x2,19.5799999,26.10215,0.0383206792,0.0768277273,2.03439977e-05,30,2.14499998,1
600214200018784,54541964,2458299.9192887647,58299.419641200002,19.3509674,0.0762913972,0,zr,1.4945957000000001,29.6843769,1.05200005,-0.134000003,20180630419641,600,0xe,0x2,20.6599998,26.1029301,0.0250090677,0.101557076,8.16695228e-06,30,1.35399997,1
600214200018784,54841402,2458302.9139364553,58302.414027799998,19.021698,0.0595209599,0,zr,1.4946174999999999,29.684446399999999,0.805999994,-0.0820000023,20180703414028,600,0xe,0x2,20.4300003,26.1316242,0.028343454,0.108109556,1.05932631e-05,30,1.33800006,1
600214200018784,55143336,2458305.9335407773,58305.433368099999,19.5719929,0.0900624245,0,zr,1.4946128000000001,29.684416500000001,1.57200003,0.0399999991,20180706433368,600,0xe,0x2,20.6499996,26.1235714,0.0236049257,0.0901758894,7.34614878e-06,30,1.19700003,1
600214200018784,55644246,2458310.9430758064,58310.442465300002,20.3650742,0.156668961,0,zr,1.4944997,29.684352799999999,1.04900002,-0.0659999996,20180711442454,600,0xe,0x2,20.9400005,26.0270844,0.0275302734,0.108185805,1.00357483e-05,30,1.11800003,1
600214200018784,55942193,2458313.9228025754,58313.421932899997,19.4979687,0.0852117166,0,zr,1.4946256,29.684397100000002,1.11199999,0.107000001,20180714421910,600,0xe,0x2,21.5499992,26.0344906,0.0206534453,0.0912558883,5.6362519e-06,30,1.15799999,1
600214200018784,56245527,2458316.9564095419,58316.4552778,19.0040894,0.0587396771,0,zr,1.4946446,29.6844091,0.477999985,-0.0359999985,20180717455208,600,0xe,0x2,21.5499992,26.093977,0.0198681653,0.0886955336,5.15611919e-06,30,1.05200005,1
600214200018784,56544789,2458319.9492812702,58319.447893500001,18.9269676,0.0554454252,0,zr,1.4946444000000001,29.6843851,1.03600001,0.0540000014,20180720447882,600,0xe,0x2,21.7999992,26.1701145,0.0206175391,0.0911390185,5.70102748e-06,30,1.051,1
600214200018784,56841278,2458322.914427727,58322.412789399998,19.2565594,0.0710450634,0,zr,1.4946402999999999,29.684411399999998,0.944000006,0.0419999994,20180723412766,600,0xe,0x2,21.4099998,26.1848316,0.0178576726,0.0835057944,4.24582686e-06,30,1.11000001,1
600214200018784,57443525,2458328.9373900187,58328.435254600001,19.2342396,0.0698579624,0,zr,1.4946381,29.684379499999999,0.633000016,-0.141000003,20180729435243,600,0xe,0x2,19.6599998,25.8355179,0.0399851575,0.101768903,2.2318598e-05,30,1.03400004,1
600214200018784,57741016,2458331.9125358881,58331.410162,19.3725739,0.0775443241,0,zr,1.494607,29.684449399999998,0.583000004,-0.0560000017,20180801410104,600,0xe,0x2,20.5900002,26.157198,0.0257674735,0.082965441,8.76632657e-06,30,1.05999994,1
600214200018784,58038590,2458334.8885097774,58334.385902800001,19.4441261,0.0818358064,0,zr,1.4946461,29.6844036,0.768000007,0.108000003,20180804385891,600,0xe,0x2,21,26.1656857,0.0204441268,0.088831,5.47386753e-06,30,1.09500003,1
600214200018784,58038635,2458334.888961209,58334.386354200004,19.3030376,0.0735819489,0,zr,1.4946808,29.684423899999999,1.10099995,-0.0769999996,20180804386354,600,0xe,0x2,21.0599995,26.1705971,0.0204648878,0.0886109993,5.5052069e-06,30,1.09399998,1
600214200018784,58333842,2458337.8412581584,58337.338425900001,19.3295975,0.0750715435,0,zr,1.4946868,29.6844191,1.70599997,-0.114,20180807338414,600,0xe,0x2,21.5200005,26.1593151,0.0184328109,0.0881041139,4.51331016e-06,30,1.23300004,1
600214200018784,58935747,2458343.8607475883,58343.357476899997,19.0777931,0.0620843135,0,zr,1.4946473,29.684429399999999,0.349999994,-0.0370000005,20180813357465,600,0xe,0x2,21.5900002,26.1426411,0.0207020119,0.0922645405,5.59940963e-06,30,1.10599995,1
600214200018784,59239626,2458346.8997417204,58346.396261599999,19.4212914,0.0804423019,0,zr,1.4946548,29.684358700000001,0.925999999,0.00300000003,20180816396238,600,0xe,0x2,21.5,26.1142159,0.022942258,0.0937869698,6.92965114e-06,30,1.02400005,1
600214200018784,59534840,2458349.8520779503,58349.348402800002,19.3102264,0.073982209,0,zr,1.4946595,29.684398300000002,0.984000027,0.0450000018,20180819348380,600,0xe,0x2,21.6700001,26.1564808,0.0197469387,0.0900506079,5.11709231e-06,30,1.08800006,1
600214200018784,59846613,2458352.970005936,58352.466134299997,19.3703957,0.0774171427,0,zr,1.4946789,29.6844216,0.551999986,0.00899999961,20180822466111,600,0xe,0x2,21.8500004,26.1615887,0.0208965484,0.0918926224,5.83274868e-06,30,1.06200004,1
600214200018784,60147392,2458355.9779750528,58355.473923600002,19.5636215,0.0895015299,0,zr,1.4946226,29.684393400000001,0.73299998,0.0439999998,20180825473900,600,0xe,0x2,20.9699993,26.1797752,0.024162313,0.0904990807,7.78359663e-06,30,1.097,1
600214200018784,60730826,2458361.8126352169,58361.308263899999,20.0594959,0.128136456,0,zr,1.4946496,29.6844602,0.731999993,-0.0529999994,20180831308252,600,0xe,0x2,20.6700001,26.2167473,0.0216137208,0.0868356004,6.09887866e-06,30,1.102,1
600214200018784,61032442,2458364.8289421783,58364.3244213,20.8402882,0.198495746,0,zr,1.4946382,29.6844207,0.792999983,0.246999994,20180903324363,600,0xe,0x2,21.3400002,26.1325245,0.0205562264,0.0949925855,5.51609401e-06,30,1.04999995,1
600214200018784,61337057,2458367.8752390919,58367.3705787,19.7741776,0.10457094,0,zr,1.4946674,29.684390199999999,0.963,-0.0410000011,20180906370544,600,0xe,0x2,21.6000004,26.1763382,0.0196836181,0.0900155231,5.13868099e-06,30,1.00800002,1
600214200018784,61430473,2458368.8094345685,58368.304733800003,19.2971497,0.073255688,0,zr,1.4946157,29.684376799999999,0.758000016,0.075000003,20180907304722,600,0xe,0x2,21.3799992,26.1803474,0.0195930135,0.0884034708,5.05783737e-06,30,1.06599998,1
600214200018784,61539056,2458369.8953133803,58369.390567100003,20.1926651,0.140242621,0,zr,1.4946794000000001,29.684433800000001,0.787999988,-0.0579999983,20180908390567,600,0xe,0x2,21.5699997,26.1708069,0.0201067086,0.0949416831,5.39873599e-06,30,1.01999998,1
600214200018784,61631106,2458370.8158484283,58370.3110648,20.6129036,0.17931366,0,zr,1.4945781,29.684389700000001,0.583999991,0.0689999983,20180909311053,600,0xe,0x2,21.4599991,26.1892204,0.0197483916,0.088163875,5.15052125e-06,30,1.04499996,1
600214200018784,61640627,2458370.911060534,58370.406273100001,20.9055843,0.204004169,0,zr,1.4946383999999999,29.684277999999999,0.759000003,-0.206,20180909406262,600,0xe,0x2,21.4799995,26.1907825,0.0188665874,0.0932575464,4.76604009e-06,30,1.04100001,1
600214200018784,61732581,2458371.8306336878,58371.325810200004,20.0534325,0.127600268,0,zr,1.4946526,29.684385899999999,1.046,-0.142000005,20180910325799,600,0xe,0x2,21.5799999,26.1956844,0.0184536446,0.0930732936,4.48717219e-06,30,1.023,1
600214200018784,61834334,2458372.8482069527,58372.3433449,19.5219498,0.0867564604,0,zr,1.4946159999999999,29.6844237,0.92900002,0.0599999987,20180911343345,600,0xe,0x2,21.2600002,26.1992264,0.0194560308,0.0976045802,5.01840259e-06,30,1.00999999,1
600214200018784,61930717,2458373.8120731665,58373.307175900001,20.4865036,0.168487549,0,zr,1.4946994,29.684416200000001,0.479999989,0.0199999996,20180912307118,600,0xe,0x2,21.4699993,26.199707,0.0186921544,0.0887194723,4.59608373e-06,30,1.03900003,1
600214200018784,62035098,2458374.8559177727,58374.350983800003,20.5957813,0.177869201,0,zr,1.4946391999999999,29.684438400000001,0.809000015,-0.057,20180913350972,600,0xe,0x2,21.4699993,26.1940823,0.0196137726,0.0955607146,5.11199005e-06,30,1.00800002,1
600214200018784,62236221,2458376.8672110057,58376.362210599997,19.3837852,0.07820227,0,zr,1.4946606,29.6843924,0.523000002,0.0109999999,20180915362211,600,0xe,0x2,21.6200008,26.1899128,0.0205355361,0.0903426707,5.57623662e-06,30,1.01300001,1
600214200018784,62538741,2458379.8925085696,58379.387418999999,20.8481026,0.199154973,0,zr,1.4946268,29.684346699999999,0.569000006,-0.112999998,20180918387407,600,0xe,0x2,21.4799995,26.2051563,0.0189778395,0.0920104384,4.72274996e-06,30,1.04999995,1
600214200018784,62834834,2458382.8535090429,58382.348344899998,20.0754662,0.129554883,0,zr,1.4946896000000001,29.684413200000002,0.822000027,-0.133000001,20180921348264,600,0xe,0x2,21.2000008,26.1863842,0.0221706647,0.0914918929,6.48002469e-06,30,1.01499999,1
600214200018784,63125541,2458385.7606416363,58385.255416699998,20.3493443,0.155146077,0,zr,1.4947372000000001,29.684378500000001,0.708999991,-0.0219999999,20180924255405,600,0xe,0x2,20.5900002,26.1831398,0.0274224021,0.0877092108,9.87298426e-06,30,1.07200003,1
600214200018784,64622128,2458400.7266225629,58400.221284699997,20.0283356,0.125396892,0,zr,1.4946372999999999,29.684380600000001,0.588,-0.0149999997,20181009221227,600,0xe,0x2,21.4200001,26.1651325,0.0195333678,0.0878467038,5.06682773e-06,30,1.05900002,1
600214200018784,67121332,2458425.7180911242,58425.213321800002,19.8542824,0.110830672,32768,zr,1.4945659,29.684450900000002,0.555999994,0.0590000004,20181103213322,600,0xe,0x2,20.7199993,25.6334724,0.0314812474,0.098896727,1.32948171e-05,30,1.00999999,1
600214200018784,67424538,2458428.7500204695,58428.2453819,19.5717278,0.0900445655,0,zr,1.4946876,29.6843903,1.12199998,-0.151999995,20181106245370,600,0xe,0x2,21.3199997,26.1887321,0.0210386477,0.095334135,5.92212518e-06,30,1.03999996,1
600214200018784,67714858,2458431.6530896118,58431.148587999996,18.8942566,0.0541093722,0,zr,1.4946322000000001,29.684412200000001,1.097,-0.0869999975,20181109148414,600,0xe,0x2,20.5599995,26.165329,0.026410548,0.0990786329,9.3423705e-06,30,1.04200006,1
600214200018784,68018653,2458434.690885759,58434.186539399998,19.4059868,0.0795209706,1,zr,1.4941807,29.684418300000001,2.69799995,-0.172000006,20181112186528,600,0xe,0x2,20.7199993,26.1983471,0.0227536522,0.0878200382,6.94114124e-06,30,1.00999999,1
600214200018784,69334120,2458447.8447486088,58447.341203700002,19.2379284,0.070052743,0,zr,1.494807,29.6844535,0.851999998,-0.0560000017,20181125341169,600,0xe,0x2,19.7000008,26.1320705,0.0366996825,0.0841381624,1.85460158e-05,30,1.977,1
600214200018784,70217050,2458456.6734135165,58456.170509299998,19.8090725,0.10726244,0,zr,1.4947349999999999,29.6845657,0.893000007,-0.150000006,20181204170509,600,0xe,0x2,20.4300003,26.1986866,0.0270889811,0.0904057994,9.73428814e-06,30,1.04200006,1
600214200018784,70320414,2458457.7069680402,58457.204143499999,19.5237122,0.0868709609,0,zr,1.4946619000000001,29.6844632,0.970000029,-0.0900000036,20181205204132,600,0xe,0x2,20.4400005,26.1989307,0.0245472249,0.0743586496,8.0010841e-06,30,1.12,1
600214200018784,71426312,2458468.765047763,58468.263124999998,20.1017132,0.131906912,0,zr,1.4945564,29.684513299999999,0.460000008,0.0149999997,20181216263125,600,0xe,0x2,20.5100002,26.1367874,0.0256691221,0.0916769281,8.76447302e-06,30,1.68099999,1
600214200018784,72013517,2458474.6365887462,58474.1351736,20.6838608,0.185299516,0,zr,1.494604,29.684422900000001,0.638999999,-0.0670000017,20181222135162,600,0xe,0x2,20.7600002,26.2020798,0.0285229702,0.0869358033,1.08193308e-05,30,1.06599998,1
600214200018784,73614188,2458490.6418663636,58490.141886600002,20.1226196,0.133798242,0,zr,1.494853,29.684487799999999,1.35699999,-0.125,20190107141887,600,0xe,0x2,20.5400009,26.1900215,0.0283128656,0.0927369818,1.07200267e-05,30,1.21700001,1
600214200018784,74912265,2458503.6214722362,58503.122650500001,20.135006,0.134925932,0,zr,1.4947337000000001,29.684530599999999,0.597000003,-0.314999998,20190120122650,600,0xe,0x2,20.0499992,26.1542091,0.0293923803,0.0849965662,1.1645252e-05,30,1.29799998,1
600214200018784,85848436,2458612.9802215113,58612.484363399999,20.752985,0.191130877,0,zr,1.4947036,29.684514700000001,0.474999994,-0.0410000011,20190509484306,600,0xe,0x2,20.7700005,25.9273415,0.0244282465,0.0961278677,7.90447484e-06,30,2.38800001,2
600214200018784,88242348,2458636.9208221016,58636.423483799997,20.7295971,0.189157844,0,zr,1.4945987000000001,29.684373600000001,0.948000014,-0.166999996,20190602423472,600,0xe,0x2,20.9300003,25.9238434,0.0303499512,0.0987417549,1.22044485e-05,30,2.27399993,1
600214200018784,89944478,2458653.943465651,58653.444780099999,19.9037342,0.114837557,0,zr,1.4947006,29.684408399999999,0.842000008,-0.0199999996,20190619444769,600,0xe,0x2,20.6299992,26.0534649,0.0239881594,0.0933697,7.69386497e-06,30,1.38800001,1
600214200018784,91846530,2458672.9656295511,58672.465300900003,20.9853725,0.210735083,0,zr,1.4945497000000001,29.6844255,0.768999994,-0.127000004,20190708465289,600,0xe,0x2,21.7600002,26.1119843,0.0196646117,0.0882074386,5.10792052e-06,30,1.08000004,1
600214200018784,92447538,2458678.976234308,58678.475381900003,20.9609871,0.208678007,0,zr,1.4946950000000001,29.684398399999999,1.51499999,-0.201000005,20190714475370,600,0xe,0x2,21.7700005,26.1326256,0.019532213,0.0906450599,5.03063757e-06,30,1.03400004,1
600214200018784,93740415,2458691.9061039882,58691.404155099997,20.6150246,0.179492593,0,zr,1.4947174000000001,29.6844307,1.20599997,0.0810000002,20190727404155,600,0xe,0x2,21.3799992,26.0696354,0.0197067652,0.0922525525,5.17192484e-06,30,1.10300004,1
600214200018784,94040296,2458694.9051562692,58694.402963,20.67519,0.184568048,0,zr,1.4946037000000001,29.684432399999999,0.776000023,0.063000001,20190730402951,600,0xe,0x2,21.8999996,26.1108284,0.0195693504,0.0923541188,5.13640543e-06,30,1.08500004,1
600214200018784,94640313,2458700.9058027412,58700.403136599998,20.7607994,0.191790104,0,zr,1.4946466,29.684426200000001,0.848999977,-0.0879999995,20190805403137,600,0xe,0x2,21.9200001,26.1014404,0.0243878122,0.0891246423,7.85375323e-06,30,1.05200005,1
600214200018784,94942550,2458703.9284042087,58703.425509300003,21.1809921,0.227237582,0,zr,1.4946691000000001,29.6844106,0.684000015,-0.0719999969,20190808425498,600,0xe,0x2,21.8299999,26.0975971,0.022912316,0.0860897079,6.86866906e-06,30,1.01499999,1
600214200018784,95240307,2458706.9061920168,58706.403078700001,20.980999,0.21036613,0,zr,1.4947136999999999,29.6845064,0.319000006,-0.0430000015,20190811403067,600,0xe,0x2,21.75,26.1186066,0.0228939895,0.0903666317,6.94332221e-06,30,1.028,1
600214200018784,95840355,2458712.9070836501,58712.403553199998,20.3849716,0.158599958,0,zr,1.4944397,29.684364800000001,0.432999998,-0.312000006,20190817403542,600,0xe,0x2,20.5499992,26.1436024,0.0241203811,0.0907358602,7.65665845e-06,30,1.01400006,1
600214200018784,96447741,2458718.9813367543,58718.477419000003,20.9908047,0.211193442,0,zr,1.4946862999999999,29.684425000000001,0.713999987,-0.112000003,20190823477361,600,0xe,0x2,21.2399998,26.1124573,0.0195005052,0.0913595259,5.03770934e-06,30,1.08599997,3
600214200018784,96447833,2458718.9822511156,58718.478333300001,20.6230049,0.180165768,0,zr,1.4945432999999999,29.684427199999998,0.528999984,-0.170000002,20190823478322,600,0xe,0x2,21.0100002,26.1076527,0.0202822853,0.0885548443,5.45544344e-06,30,1.08800006,1
600214200018784,96731785,2458721.8219444579,58721.317858800001,19.8717861,0.112236701,32768,zr,1.4946166000000001,29.684403499999998,0.783999979,0.00800000038,20190826317847,600,0xe,0x2,20.9500008,25.5464306,0.0769489929,0.0816552863,7.80398914e-05,30,1.11500001,1
600214200018784,96939041,2458723.8946192176,58723.3904167,20.3073788,0.151101559,0,zr,1.4946655,29.684418099999998,0.672999978,-0.0930000022,20190828390382,600,0xe,0x2,21.7999992,26.0873184,0.0223298818,0.0866104066,6.59685338e-06,30,1.00800002,3
600214200018784,97040030,2458724.9045585543,58724.400300900001,20.2877579,0.149221957,0,zr,1.4946967,29.684403,0.869000018,-0.254999995,20190829400266,600,0xe,0x2,21.2199993,26.0983677,0.0187258217,0.0873961151,4.59385274e-06,30,1.00899994,3
600214200018784,97040137,2458724.9056350156,58724.401377299997,20.2761707,0.148115724,0,zr,1.4946788,29.684366900000001,0.944999993,-0.261000007,20190829401296,600,0xe,0x2,21.1200008,26.0937805,0.0207491051,0.0963194147,5.70479733e-06,30,1.00899994,1
600214200018784,97332829,2458727.8327092463,58727.328298599998,20.4079762,0.160837129,0,zr,1.4947024,29.684407100000001,1.33000004,0.155000001,20190901328287,600,0xe,0x2,21.7099991,26.0766487,0.0221768357,0.0963146016,6.5347117e-06,30,1.05400002,3
600214200018784,97637982,2458730.8843853138,58730.3798264,19.8838596,0.113214344,0,zr,1.4946345999999999,29.6843778,0.721000016,-0.0790000036,20190904379792,600,0xe,0x2,21.6200008,26.0684681,0.0255500898,0.0918888003,8.61337867e-06,30,1.00800002,1
600214200018784,97846585,2458732.9705099501,58732.465856499999,20.9869556,0.210868716,0,zr,1.4943109999999999,29.6843307,0.592000008,-0.160999998,20190906465856,600,0xe,0x2,21.0799999,25.9785614,0.0265300851,0.0864506438,9.28901045e-06,30,1.16600001,3
600214200018784,97939126,2458733.8959552115,58733.391261600002,20.592617,0.177602291,0,zr,1.4946417999999999,29.6844225,0.76700002,-0.0560000017,20190907391262,600,0xe,0x2,21.6499996,26.098259,0.0203829855,0.0924785584,5.46458614e-06,30,1.01699996,3
600214200018784,98139341,2458735.8981910208,58735.393414400001,21.6140366,0.263769269,0,zr,1.49458,29.684436600000002,0.82099998,-0.188999996,20190909393368,600,0xe,0x2,21.6100006,26.1077595,0.0221597794,0.0885002688,6.52088693e-06,30,1.02400005,3
600214200018784,98241979,2458736.924608802,58736.419791699998,20.9593868,0.208542943,0,zr,1.4945708,29.6844453,0.944999993,-0.206,20190910419792,600,0xe,0x2,21.2099991,26.1112118,0.0203741156,0.0837596506,5.47548188e-06,30,1.06799996,1
600214200018784,98243070,2458736.9355235179,58736.430705999999,20.8251686,0.197220325,0,zr,1.4947538,29.684418600000001,0.633000016,-0.164000005,20190910430660,600,0xe,0x2,21.5599995,26.1009617,0.0204141326,0.0881690308,5.5561668e-06,30,1.09200001,3
600214200018784,98332932,2458737.8341805139,58737.329328699998,19.7540302,0.103041962,0,zr,1.4946223999999999,29.6843903,0.93599999,-0.0460000001,20190911329259,600,0xe,0x2,20.3799992,26.101881,0.0279339328,0.104000509,1.03588854e-05,30,1.01800001,3
600214200018784,99014832,2458744.6533974791,58744.148321799999,20.487587,0.1685929,0,zr,1.4946623000000001,29.684405399999999,0.930999994,-0.0379999988,20190918147801,600,0xe,0x2,20.9799995,25.989193,0.0240231007,0.103222504,7.61198089e-06,30,1.89499998,1
600214200018784,99114835,2458745.6534595275,58745.148356500002,21.1776066,0.226951957,0,zr,1.4945127,29.684765299999999,0.358999997,-0.0900000036,20190919147847,600,0xe,0x2,21.0100002,26.0272121,0.0207718499,0.0900779814,5.72180033e-06,30,1.85300004,1
600214200018784,99214811,2458746.6532423706,58746.148113399999,20.8032684,0.19537282,0,zr,1.4946385,29.684442000000001,0.598999977,-0.219999999,20190920147616,600,0xe,0x2,20.7199993,25.9718971,0.027772855,0.0982018262,1.01682717e-05,30,1.81700003,1
600214200018784,99514817,2458749.6533693871,58749.148171300003,20.8899422,0.202684641,0,zr,1.4946729000000001,29.684373000000001,1.01800001,-0.414999992,20190923147697,600,0xe,0x2,21.0599995,25.9685669,0.0234903712,0.0907827541,7.35288313e-06,30,1.70899999,1
600214200018784,99614815,2458750.6533778938,58750.148159700002,20.6250477,0.180338144,0,zr,1.4944972999999999,29.684419500000001,0.688000023,-0.393000007,20190924147685,600,0xe,0x2,20.6299992,25.9866753,0.0271992665,0.0970405564,9.81062203e-06,30,1.676,1
600214200018784,100415556,2458758.6608923152,58758.155567100002,20.5511818,0.174106717,0,zr,1.4945556,29.684391300000001,0.962000012,-0.160999998,20191002155359,600,0xe,0x2,20.8799992,26.0349808,0.0241175592,0.0937392265,7.76291017e-06,30,1.40600002,1
600214200018784,101041270,2458764.9180492456,58764.412708299998,20.7094536,0.187458634,0,zr,1.494656,29.6844027,0.819999993,-0.0390000008,20191008412674,600,0xe,0x2,21.1499996,26.0702209,0.0206642058,0.0834353268,5.65324262e-06,30,1.33000004,1
600214200018784,101727010,2458771.7753937463,58771.270104199997,19.6699982,0.096863538,0,zr,1.4947520999999999,29.684301399999999,0.477999985,0.115000002,20191015270069,600,0xe,0x2,20.1700001,26.0869255,0.0280561931,0.0957233012,1.03373122e-05,30,1.00800002,1
600214200018784,102020200,2458774.7072479981,58774.2020023,19.9584656,0.119395748,0,zr,1.4947550999999999,29.684429099999999,0.411000013,-0.0289999992,20191018201991,600,0xe,0x2,20.8400002,26.0973167,0.0217751916,0.0846404657,6.22218158e-06,30,1.04999995,1
600214200018784,102320027,2458777.7054652236,58777.200277800002,19.8686829,0.111986361,0,zr,1.4946565999999999,29.684392599999999,0.842000008,-0.123999998,20191021200255,600,0xe,0x2,21.0400009,26.0905132,0.0216629636,0.0940976441,6.27303098e-06,30,1.03999996,1
600214200018784,103614483,2458790.6496205684,58790.144838,19.9456768,0.118319213,0,zr,1.4946876,29.684370399999999,0.828000009,0.0769999996,20191103144826,600,0xe,0x2,20.7999992,26.1076698,0.0216490794,0.085794434,6.1770279e-06,30,1.07599998,1
600214200018784,103711100,2458791.6157495608,58791.111006899999,20.0692825,0.129004419,0,zr,1.4947264,29.684499299999999,0.749000013,-0.101000004,20191104110995,600,0xe,0x2,20.7800007,26.0880489,0.0227206498,0.0821404383,6.81473011e-06,30,1.16600001,1
600214200018784,104726671,2458801.7709606597,58801.266712999997,19.7601795,0.10350664,0,zr,1.4947478999999999,29.684283000000001,0.377999991,-0.165000007,20191114266713,600,0xe,0x2,19.8199997,25.8021927,0.0355098993,0.0858565718,1.71441498e-05,30,1.13,1
600214200018784,104924769,2458803.7518325113,58803.247696799997,19.9839153,0.121558353,0,zr,1.4944535000000001,29.684367999999999,0.727999985,-0.411000013,20191116247650,600,0xe,0x2,19.9400005,25.6816845,0.033097066,0.0874694586,1.4395453e-05,30,1.09200001,1
600214200018784,105222750,2458806.7314584367,58806.227500000001,20.73979,0.190017819,0,zr,1.4945748000000001,29.684367300000002,0.504000008,-0.00100000005,20191119227500,600,0xe,0x2,20.8899994,26.0938015,0.0220801793,0.0811675489,6.41474116e-06,30,1.06500006,1
600214200018784,105824377,2458812.7473425544,58812.243773100003,19.7523079,0.102912091,0,zr,1.4947147999999999,29.684409800000001,0.591000021,-0.0270000007,20191125243773,600,0xe,0x2,21.0900002,26.0855484,0.0241656788,0.0821087286,7.70103816e-06,30,1.153,1
600214200018784,106014835,2458814.6517947149,58814.148356500002,19.6023293,0.0921212137,0,zr,1.4948847000000001,29.6843681,1.11000001,0.740999997,20191127148356,600,0xe,0x2,19.7800007,26.039465,0.0371151753,0.0979128927,1.8346087e-05,30,1.00800002,1
600214200018784,107908549,2458833.5874578785,58833.085497699998,19.2036133,0.0682614595,0,zr,1.4947261999999999,29.684404000000001,0.975000024,-0.0989999995,20191216085417,600,0xe,0x2,20.7099991,26.2271328,0.0234008916,0.0908390433,7.19084937e-06,30,1.00899994,1
600214200018784,108308785,2458837.589475513,58837.087858799998,20.8690872,0.20092535,0,zr,1.4948665000000001,29.684252499999999,0.441000015,-0.0710000023,20191220087778,600,0xe,0x2,21.0599995,26.2255459,0.0207652953,0.0945890471,5.64786205e-06,30,1.00800002,1
600214200018784,109914186,2458853.6420473205,58853.1418634,19.3867989,0.0783800334,32768,zr,1.4947207,29.684438700000001,0.759000003,-0.361000001,20200105141852,600,0xe,0x2,19.5,25.5768604,0.0440947339,0.0868466496,3.0890671e-05,30,1.19099998,1
600214200018784,110213082,2458856.6307355296,58856.130821799998,20.2994461,0.150340676,0,zr,1.4947387000000001,29.684391099999999,0.73299998,-0.0689999983,20200108130822,600,0xe,0x2,20.8799992,26.2344379,0.0260754526,0.0923907906,8.94737241e-06,30,1.17900002,1
600214200018784,110515393,2458859.6535763848,58859.153935200004,20.1488743,0.13619487,0,zr,1.4945611000000001,29.684323299999999,0.788999975,0.349000007,20200111153935,600,0xe,0x2,20.3199997,26.2101192,0.0260861889,0.0909558311,9.02182455e-06,30,1.33399999,1
600214200018784,112110900,2458875.6072499952,58875.109004600003,20.7894554,0.194207549,0,zr,1.4946832000000001,29.684301699999999,1.42400002,-0.023,20200127108924,600,0xe,0x2,20.8899994,26.1854,0.0213929135,0.0931426734,6.07789025e-06,30,1.32599998,1
600214200018784,122548084,2458979.9767893264,58979.480844899997,19.9270897,0.116766989,0,zr,1.4945124999999999,29.684257599999999,0.261999995,-0.00200000009,20200510480799,600,0xe,0x2,20.3899994,25.9947987,0.0290752184,0.099159956,1.12755279e-05,30,2.35500002,2
600214200018784,122747635,2458981.9724021191,58981.4763542,19.8862457,0.113408245,0,zr,1.4947197000000001,29.6843909,1.12399995,-0.149000004,20200512476343,600,0xe,0x2,20.3700008,26.0838547,0.0267095212,0.105262935,9.40113114e-06,30,2.32999992,2
600214200018784,126446982,2459018.9684923268,59018.469826400004,20.5606899,0.174908876,0,zr,1.4946371000000001,29.684438199999999,0.432000011,-0.0839999989,20200618469815,600,0xe,0x2,21.5100002,26.2144623,0.0222850461,0.0893453807,6.65695825e-06,30,1.245,1
600214200018784,127646872,2459030.968421584,59030.468726899999,19.3290024,0.0750378668,0,zr,1.4946699000000001,29.684418600000001,0.595000029,-0.0219999999,20200630468727,600,0xe,0x2,21.1000004,26.2076473,0.0238713864,0.088187784,7.5333428e-06,30,1.12300003,1
600214200018784,128238534,2459036.8855585689,59036.385347199997,20.2004337,0.140966848,0,zr,1.4946524999999999,29.684398099999999,0.762000024,-0.107000001,20200706385347,600,0xe,0x2,20.6200008,26.2120895,0.0244911294,0.100483149,8.07547531e-06,30,1.47099996,1
600214200018784,128345964,2459037.959946556,59037.459641200003,20.3115463,0.151501834,0,zr,1.4946516000000001,29.684392599999999,0.904999971,-0.432000011,20200707459641,600,0xe,0x2,20.7000008,26.263195,0.0250415951,0.0915262252,8.36382969e-06,30,1.09500003,1
600214200018784,128438017,2459038.880559349,59038.380173600002,19.2730446,0.071934782,0,zr,1.4947325,29.684412900000002,0.492000014,0.0489999987,20200708380162,600,0xe,0x2,20.3500004,26.238718,0.0253742896,0.0913606584,8.61573062e-06,30,1.46899998,1
600214200018784,128545447,2459039.9549588556,59039.454479200002,20.3560677,0.155796677,0,zr,1.4945805000000001,29.684380600000001,1.23800004,-0.141000003,20200709454468,600,0xe,0x2,20.6599998,26.2717648,0.0226294044,0.0940331221,6.81653319e-06,30,1.09500003,1
600214200018784,128638586,2459040.8864289825,59040.385868099998,20.5695572,0.175656915,0,zr,1.4946957999999999,29.684330299999999,0.637000024,-0.152999997,20200710385868,600,0xe,0x2,20.9899998,26.2192078,0.0213023294,0.0872749314,6.05616788e-06,30,1.38499999,1
600214200018784,128846466,2459042.9654064002,59042.464664400002,19.3858624,0.0783247203,0,zr,1.4946752999999999,29.684356699999999,0.238999993,-0.0329999998,20200712464664,600,0xe,0x2,21.2399998,26.2066059,0.0275735725,0.0866758451,1.01784535e-05,30,1.05499995,1
600214200018784,129047280,2459044.973717201,59044.472800900003,20.5506573,0.17406249,0,zr,1.4945488,29.684307700000002,0.704999983,-0.112000003,20200714472650,600,0xe,0x2,21.1200008,26.2492752,0.0211195257,0.0938866958,5.92646666e-06,30,1.03400004,1
600214200018784,129442819,2459048.9294513664,59048.428194400003,20.9121571,0.204558611,0,zr,1.4947562999999999,29.684468800000001,0.465999991,-0.194000006,20200718428194,600,0xe,0x2,21.5100002,26.2658539,0.0228157043,0.0835030824,7.05247521e-06,30,1.09899998,3
600214200018784,129542192,2459049.9232631833,59049.421921300003,21.5850677,0.261325479,0,zr,1.4947383000000001,29.684386499999999,1.13699996,-0.375,20200719421921,600,0xe,0x2,21.6599998,26.254755,0.0228108019,0.0870639384,7.01384351e-06,30,1.10800004,3
600214200018784,129542284,2459049.924189162,59049.422847200003,19.9301033,0.117017657,0,zr,1.4947577000000001,29.684378800000001,0.749000013,0.123999998,20200719422847,600,0xe,0x2,21.6000004,26.2537937,0.0207902379,0.0847209617,5.78795198e-06,30,1.10599995,1
600214200018784,129648027,2459050.9817097844,59050.480277800001,20.956768,0.208322048,0,zr,1.4947301,29.684374999999999,1.51699996,-0.252000004,20200720480278,600,0xe,0x2,21.5499992,26.252449,0.0213051233,0.0875517502,6.10161078e-06,30,1.01199996,1
600214200018784,129742748,2459051.9290006477,59051.427488399997,21.1275921,0.222732782,0,zr,1.4947781,29.684353600000001,0.228,-0.0579999983,20200721427488,600,0xe,0x2,21.5799999,26.2373562,0.0222546458,0.0828648582,6.63638593e-06,30,1.08099997,3
600214200018784,129945835,2459053.960039713,59053.458356499999,20.0591736,0.128107756,0,zr,1.4947071000000001,29.684353000000002,0.898999989,0.149000004,20200723458356,600,0xe,0x2,21.8700008,26.2648773,0.0238155443,0.0823767409,7.56331929e-06,30,1.023,3
600214200018784,130039003,2459054.89179572,59054.390034700002,19.9346466,0.117396288,0,zr,1.4947286,29.6843644,1.01499999,0.144999996,20200724390023,600,0xe,0x2,21.6200008,26.2482719,0.0225827582,0.0868820325,6.74246348e-06,30,1.16700006,1
600214200018784,130040571,2459054.9074799349,59054.405717599999,19.7862301,0.10549432,0,zr,1.4947207,29.6844006,1.097,-0.120999999,20200724405718,600,0xe,0x2,21.6599998,26.2519016,0.0230911411,0.0826220736,7.08619473e-06,30,1.11600006,3
600214200018784,130144195,2459055.9438044569,59055.441956000002,20.573782,0.17601335,0,zr,1.4946849,29.684379799999999,0.317999989,-0.00700000022,20200725441956,600,0xe,0x2,21.6299992,26.2425194,0.0220915657,0.0843538716,6.48764171e-06,30,1.03499997,3
600214200018784,130144873,2459055.9505874184,59055.448738400002,20.7460003,0.190541625,0,zr,1.4947322999999999,29.6843638,0.744000018,-0.0520000011,20200725448715,600,0xe,0x2,21.5799999,26.2396984,0.0233448725,0.0878266841,7.2253215e-06,30,1.02699995,1
600214200018784,130246283,2459056.9647683795,59056.462835600003,20.1104565,0.132695943,0,zr,1.4947045000000001,29.684391900000001,0.838,0.0939999968,20200726462824,600,0xe,0x2,21.6800003,26.2292118,0.0251512136,0.084250465,8.41566452e-06,30,1.01300001,3
600214200018784,130345148,2459057.9534954345,59057.4514815,20.3996067,0.160022601,0,zr,1.4946735,29.684404300000001,0.533999979,-0.194000006,20200727451470,600,0xe,0x2,21.6700001,26.242281,0.02262046,0.0887352526,6.81344272e-06,30,1.01900005,3
600214200018784,130642114,2459060.9234003103,59060.421145799999,19.9869461,0.121817768,0,zr,1.494661,29.6843921,0.465000004,0.0390000008,20200730420972,600,0xe,0x2,21.8299999,26.2395802,0.0232499465,0.0870111659,7.25249402e-06,30,1.046,3
600214200018784,130734951,2459061.8518425352,59061.349513900001,18.8602791,0.0527590625,0,zr,1.4946558999999999,29.684382200000002,0.579999983,0.0199999996,20200731349491,600,0xe,0x2,21.1800003,26.2077808,0.0302331783,0.0913371369,1.20485711e-05,30,1.25999999,1
600214200018784,130743850,2459061.9408426583,59061.438506899998,19.6276855,0.0938738808,0,zr,1.4947031,29.684397799999999,1.14999998,-0.151999995,20200731438299,600,0xe,0x2,21.5699997,26.2374382,0.0213813055,0.0879564434,6.16243824e-06,30,1.02100003,3
600214200018784,130846086,2459062.9632848687,59062.460868100003,19.8226566,0.10832499,0,zr,1.4946583,29.684398099999999,1.19599998,0.0710000023,20200801460845,600,0xe,0x2,21.3799992,26.2303791,0.0221670344,0.0868381411,6.60331625e-06,30,1.00800002,3
600214200018784,130846179,2459062.964210839,59062.461794000003,19.7669811,0.104022674,0,zr,1.4947005,29.684401000000001,0.573000014,-0.0280000009,20200801461794,600,0xe,0x2,21.5100002,26.2397079,0.0209694039,0.0846308842,5.93472487e-06,30,1.00800002,1
600214200018784,130935059,2459063.8530769711,59063.350590299997,19.8525867,0.110695235,0,zr,1.4948109999999999,29.6843887,0.649999976,0.0900000036,20200802350590,600,0xe,0x2,20.3899994,26.2402134,0.026235139,0.0853799433,9.08461061e-06,30,1.22800004,1
600214200018784,131035081,2459064.8533749063,59064.350810199998,19.0078983,0.0589077435,0,zr,1.4946790000000001,29.684390400000002,0.352999985,0.00899999961,20200803350810,600,0xe,0x2,20.1200008,26.2364559,0.0273806415,0.0936179161,9.95452319e-06,30,1.21500003,1
600214200018784,131042049,2459064.9230678552,59064.420497699997,19.0516949,0.0608774833,0,zr,1.4946651,29.684379199999999,0.792999983,-0.00100000005,20200803420498,600,0xe,0x2,20.6100006,26.2583618,0.0240776315,0.0898076147,7.82011739e-06,30,1.03100002,3
600214200018784,131138653,2459065.8891842184,59065.386539400002,19.4859619,0.0844478756,0,zr,1.4946105999999999,29.684386400000001,0.82099998,-0.134000003,20200804386539,600,0xe,0x2,20.2700005,26.2205677,0.025386313,0.0949904919,8.52594985e-06,30,1.08700001,1
600214200018784,131145765,2459065.9603008055,59065.4576505,19.6061478,0.0923832878,0,zr,1.4946826,29.684346000000001,0.469999999,-0.0280000009,20200804457639,600,0xe,0x2,20.3999996,26.2477551,0.0248969607,0.0967275351,8.19047818e-06,30,1.00800002,1
600214200018784,131145871,2459065.9613656881,59065.458715300003,19.886385,0.113419585,0,zr,1.4946098000000001,29.684408600000001,1.08200002,-0.263999999,20200804458681,600,0xe,0x2,20.4799995,26.2369919,0.02453015,0.092048794,7.91901675e-06,30,1.00800002,3
600214200018784,131438314,2459068.8860203316,59068.383148100002,19.3546886,0.0765058026,0,zr,1.4946847999999999,29.684381200000001,1.02699995,-0.00200000009,20200807383113,600,0xe,0x2,21.0100002,26.2563152,0.0231328867,0.0884668902,7.09509641e-06,30,1.07599998,1
600214200018784,131438407,2459068.8869464006,59068.384074100002,19.5250359,0.08695703,0,zr,1.4946675,29.684405900000002,0.564999998,0.00600000005,20200807384074,600,0xe,0x2,21.0599995,26.2596645,0.0222996231,0.0940266475,6.55984604e-06,30,1.074,3
600214200018784,131542012,2459069.9230766827,59069.4201273,19.8983135,0.114393041,0,zr,1.4947101,29.684386,0.493000001,0.0439999998,20200808420104,600,0xe,0x2,21.0799999,26.2736588,0.020669546,0.0908961743,5.61658635e-06,30,1.01800001,3
600214200018784,131735652,2459071.8596189399,59071.356527800002,19.8450012,0.110090755,0,zr,1.4947309,29.684380000000001,0.629999995,-0.0240000002,20200810356528,600,0xe,0x2,21.0900002,26.2556591,0.0200114362,0.085264653,5.31554269e-06,30,1.12399995,1
600214200018784,131735917,2459071.8622695352,59071.3591782,19.7058372,0.0994593725,0,zr,1.4946834,29.684392200000001,0.86500001,0.0179999992,20200810359178,600,0xe,0x2,21.1499996,26.2424812,0.0203925483,0.0972901583,5.51896574e-06,30,1.11600006,3
600214200018784,131738699,2459071.8900840613,59071.386990699997,20.063673,0.128506541,0,zr,1.4947078,29.6843951,1.60500002,0.108000003,20200810386991,600,0xe,0x2,21.1100006,26.2612915,0.0208506696,0.0916429386,5.77351057e-06,30,1.05299997,1
600214200018784,132236424,2459076.8676908328,59076.364247700003,20.1724606,0.138367355,0,zr,1.4947636,29.684400799999999,0.978999972,-0.0179999992,20200815364236,600,0xe,0x2,21.3400002,26.0770683,0.0366092473,0.0804580525,1.7836659e-05,30,1.07000005,1
600214200018784,132345587,2459077.9593964764,59077.455879599998,19.7064114,0.0995013714,0,zr,1.4946877999999999,29.6843906,1.20599997,-0.116999999,20200816455845,600,0xe,0x2,21.6900005,26.2030449,0.023220785,0.0867687538,7.13615191e-06,30,1.023,3
600214200018784,132345680,2459077.9603225379,59077.456805599999,19.7361603,0.101701178,0,zr,1.4946841,29.684397400000002,1.03199995,-0.149000004,20200816456806,600,0xe,0x2,21.5599995,26.2067928,0.0218983311,0.0842836723,6.35835886e-06,30,1.02400005,1
600214200018784,132347094,2459077.9744669851,59077.470949100003,20.0808582,0.130036086,0,zr,1.4946550999999999,29.684372499999998,0.876999974,0.0700000003,20200816470949,600,0xe,0x2,21.5499992,26.1835613,0.0236164052,0.0874990374,7.54952498e-06,30,1.04100001,1
600214200018784,132434896,2459078.8525462383,59078.348969899998,20.0917473,0.13101089,0,zr,1.4946439,29.684367300000002,0.620000005,-0.0189999994,20200817348924,600,0xe,0x2,21.4500008,26.1773548,0.0209042672,0.0854142457,5.79391963e-06,30,1.09200001,1
600214200018784,132540068,2459079.9043282936,59079.400682899999,20.0140038,0.124149784,0,zr,1.4946755,29.684412699999999,0.675000012,0.00800000038,20200818400683,600,0xe,0x2,21.6700001,26.162653,0.0250348728,0.0873825327,8.37453081e-06,30,1.01300001,1
600214200018784,132542004,2459079.9236929598,59079.420046300002,19.1949005,0.0678140372,0,zr,1.494604,29.684401699999999,0.930999994,0.0649999976,20200818420023,600,0xe,0x2,21.2399998,26.1435452,0.0246017184,0.0902884826,8.10666006e-06,30,1.00800002,3
600214200018784,132634258,2459080.8462872757,59080.342580999997,20.1920967,0.140189573,0,zr,1.4947010000000001,29.684374200000001,0.888000011,-0.0930000022,20200819342569,600,0xe,0x2,21.3700008,26.1047249,0.0228385516,0.088408269,6.92540016e-06,30,1.09399998,1
600214200018784,132635694,2459080.8606516039,59080.356944400002,19.4519634,0.0823193416,0,zr,1.4946733999999999,29.6843939,0.763000011,-0.0280000009,20200819356933,600,0xe,0x2,21.4300003,26.1025906,0.0228768233,0.0892871618,6.98664098e-06,30,1.06299996,3
600214200018784,132636896,2459080.8726778803,59080.368969900002,19.2084694,0.0685120821,0,zr,1.4946819,29.684380999999998,0.869000018,0.0359999985,20200819368958,600,0xe,0x2,21.5699997,26.123106,0.0236953627,0.085580878,7.52540927e-06,30,1.04200006,1
600214200018784,132739983,2459081.9036115799,59081.399837999998,19.152523,0.0656801537,0,zr,1.4946685,29.684383400000002,0.625999987,0.0289999992,20200820399838,600,0xe,0x2,21.3799992,26.1101112,0.0227363128,0.0975275636,6.88586761e-06,30,1.00999999,1
600214200018784,132741898,2459081.9227562905,59081.418981499999,19.8950081,0.114122741,0,zr,1.4946535000000001,29.684356099999999,0.911000013,-0.00999999978,20200820418900,600,0xe,0x2,21.5699997,26.1136246,0.0241989046,0.092101641,7.78106914e-06,30,1.00800002,3
600214200018784,132846612,2459082.9699629559,59082.466122700003,20.0360641,0.126072913,0,zr,1.49465,29.6844039,0.717000008,-0.0320000015,20200821466123,600,0xe,0x2,20.9799995,26.1027203,0.0230100509,0.0933757871,7.0973224e-06,30,1.05599999,3
600214200018784,133029490,2459084.7988591841,59084.294907399999,20.1625519,0.137452394,0,zr,1.4946603999999999,29.684428199999999,0.754999995,-0.0540000014,20200823294907,600,0xe,0x2,21.1200008,26.0953293,0.0229261946,0.0835841,6.97953874e-06,30,1.22099996,1
600214200018784,133030481,2459084.808767186,59084.304814800002,19.64077,0.0947896913,0,zr,1.4946661999999999,29.684414,1.324,-0.0289999992,20200823304803,600,0xe,0x2,21.2900009,26.0975513,0.022323342,0.0850478858,6.59694024e-06,30,1.17900002,3
600214200018784,133133105,2459085.8350666077,59085.331053200003,19.5901985,0.0912929773,0,zr,1.4946925,29.6843781,0.82099998,-0.0289999992,20200824331042,600,0xe,0x2,21.7099991,26.2008057,0.0234185364,0.0841370523,7.24430174e-06,30,1.08899999,3
600214200018784,133233839,2459086.8424633569,59086.338391199999,20.0433807,0.126714781,0,zr,1.4946869,29.684397799999999,0.648000002,0.0560000017,20200825338380,600,0xe,0x2,21.5900002,26.1899986,0.0229876377,0.0881522,7.04366494e-06,30,1.06700003,1
600214200018784,133237687,2459086.8809493906,59086.376875000002,19.4637794,0.0830533653,0,zr,1.4947267,29.684365499999998,0.933000028,-0.0540000014,20200825376806,600,0xe,0x2,21.6100006,26.193409,0.0232156273,0.0900983959,7.17737885e-06,30,1.01600003,3
600214200018784,133335885,2459087.8629847118,59087.3588542,20.1536236,0.136630908,0,zr,1.4946721000000001,29.6844371,0.616999984,0.0890000015,20200826358854,600,0xe,0x2,21.5499992,26.1113815,0.0233923756,0.0943476036,7.34681316e-06,30,1.02999997,3
600214200018784,133337561,2459087.8797448664,59087.3756134,19.8389378,0.109609351,0,zr,1.4946691000000001,29.684394399999999,0.697000027,0.0780000016,20200826375567,600,0xe,0x2,21.6399994,26.1236553,0.0263554491,0.0926493779,9.24395863e-06,30,1.01499999,1
600214200018784,133337607,2459087.880207892,59087.376076400004,20.0112553,0.123911515,0,zr,1.4946866000000001,29.684395899999998,1.11000001,-0.0299999993,20200826376076,600,0xe,0x2,21.6399994,26.1249733,0.0261301659,0.0862608105,9.00952818e-06,30,1.01400006,1
600214200018784,133439574,2459088.8999292916,59088.395740699998,20.0175037,0.124453589,0,zr,1.4946754,29.684400499999999,1.00300002,0.0170000009,20200827395729,600,0xe,0x2,21.6299992,26.1098309,0.024074506,0.0866414011,7.88766647e-06,30,1.00800002,1
600214200018784,133439868,2459088.9028693535,59088.398680600003,20.0219345,0.124838807,0,zr,1.4946995000000001,29.6844006,1.10599995,-0.119000003,20200827398634,600,0xe,0x2,21.5900002,26.1112709,0.0238227807,0.0868802369,7.63954631e-06,30,1.00800002,3
600214200018784,133545832,2459089.9625685983,59089.458321799997,19.9411297,0.117938057,0,zr,1.494702,29.684404199999999,0.337000012,0.0120000001,20200828458322,600,0xe,0x2,21.3700008,26.1601944,0.0198959839,0.0852094144,5.31340265e-06,30,1.07799995,1
600214200018784,133746388,2459091.9682419705,59091.463888899998,20.2210102,0.14289394,0,zr,1.4947079999999999,29.6843927,0.395000011,-0.0710000023,20200830463889,600,0xe,0x2,21.5200005,26.2718353,0.0226799902,0.0771982521,6.90113848e-06,30,1.10599995,3
600214200018784,133937537,2459093.8798202998,59093.375370399997,19.7661018,0.103955813,0,zr,1.4945687000000001,29.6843836,0.596000016,-0.123000003,20200901375370,600,0xe,0x2,20.3799992,26.2518215,0.0275157113,0.0897884741,1.00916159e-05,30,1.00800002,3
600214200018784,134138217,2459095.8867226038,59095.382175899998,19.722271,0.100669131,0,zr,1.4946953999999999,29.684413599999999,1.41199994,-0.405000001,20200903382153,600,0xe,0x2,20.2600002,26.2132492,0.0296739489,0.0898979083,1.1727192e-05,30,1.00800002,3
600214200018784,134138265,2459095.8871972281,59095.382650500003,20.2860126,0.149055138,0,zr,1.4948054,29.6843246,0.639999986,-0.00600000005,20200903382639,600,0xe,0x2,20.2900009,26.2069912,0.0360614695,0.0881296098,1.74024208e-05,30,1.00800002,1
600214200018784,134236260,2459096.8671963625,59096.362604200003,19.9881401,0.121919975,0,zr,1.4947060000000001,29.684541599999999,0.898000002,-0.0289999992,20200904362581,600,0xe,0x2,20.3199997,26.2375832,0.0266496371,0.0862445459,9.54425468e-06,30,1.00899994,1
600214200018784,134436434,2459098.8690215051,59098.364340300002,19.097229,0.0629993528,0,zr,1.4946572,29.684378299999999,0.791999996,-0.0160000008,20200906364317,600,0xe,0x2,20.6100006,26.2203255,0.0263593867,0.0929935127,9.27290785e-06,30,1.00800002,1
600214200018784,134535046,2459099.8551861588,59099.350463000002,20.3151855,0.151851743,0,zr,1.4946600000000001,29.684443900000002,1.02900004,-0.319000006,20200907350463,600,0xe,0x2,20.7999992,26.1900063,0.0243215319,0.0935455337,7.92309675e-06,30,1.00999999,1
600214200018784,135233833,2459106.8433165536,59106.338333300002,19.9598446,0.119512163,0,zr,1.4946747,29.684441899999999,0.882000029,-0.0900000036,20200914338241,600,0xe,0x2,21.4500008,25.8317699,0.025466511,0.0910181776,8.73849785e-06,30,1.00800002,1
600214200018784,135439262,2459108.8976741857,59108.392627300003,19.6892185,0.0982483923,0,zr,1.4947062,29.684427199999998,0.755999982,0.0379999988,20200916392627,600,0xe,0x2,21.3600006,25.9900513,0.0230257493,0.0901340097,7.06444507e-06,30,1.051,1
600214200018784,135541127,2459109.916349309,59109.411273099999,19.7457657,0.102420084,0,zr,1.4946862999999999,29.6843988,1.13,-0.160999998,20200917411273,600,0xe,0x2,21.1800003,25.9354992,0.0228552725,0.0940609425,6.99047996e-06,30,1.09599996,1
600214200018784,135636737,2459110.872475096,59110.367372699999,19.6893234,0.0982559919,32768,zr,1.4946231999999999,29.684417100000001,0.663999975,0.151999995,20200918367373,600,0xe,0x2,20.5300007,25.4438915,0.053185083,0.0917156115,3.81166174e-05,30,1.02400005,1
600214200018784,135833930,2459112.8444577949,59112.339305599999,19.8660069,0.111771002,0,zr,1.4946797999999999,29.6843921,0.797999978,-0.0540000014,20200920339306,600,0xe,0x2,21.8400002,26.233532,0.0238461941,0.0838129595,7.57585258e-06,30,1.00899994,1
600214200018784,135839995,2459112.9051073198,59112.399953699998,20.2425671,0.144925207,0,zr,1.4946737000000001,29.684392599999999,0.856999993,-0.0289999992,20200920399954,600,0xe,0x2,21.6100006,26.2242374,0.0233403016,0.0805080608,7.18650381e-06,30,1.08899999,1
600214200018784,135928012,2459113.7853012411,59113.2801273,20.1392994,0.13531813,0,zr,1.4946908999999999,29.684434700000001,0.754000008,0.0219999999,20200921280127,600,0xe,0x2,21.6800003,26.1756878,0.0220114812,0.0848967507,6.4828123e-06,30,1.03999996,1
600214200018784,136236406,2459116.8692986155,59116.364062499997,19.7634144,0.103751823,0,zr,1.4946846,29.6843799,0.788999975,0.0829999968,20200924364063,600,0xe,0x2,21.7199993,26.2221622,0.0234382227,0.089106001,7.357713e-06,30,1.04100001,1
600214200018784,136337206,2459117.8773135748,59117.372060200003,20.4054108,0.16058746,0,zr,1.4946778000000001,29.6843945,0.703000009,0.0579999983,20200925372060,600,0xe,0x2,21.7000008,26.2282009,0.0238613561,0.0867935717,7.56355439e-06,30,1.05799997,1
600214200018784,136424459,2459118.7498619854,59118.244594900003,21.1631775,0.22573483,0,zr,1.4947709,29.6844942,1.09300005,-0.30399999,20200926244583,600,0xe,0x2,21.3400002,26.2570362,0.0214777365,0.0900671557,6.11432324e-06,30,1.08099997,1
600214200018784,136432650,2459118.8317729374,59118.326504600001,20.2969246,0.150098994,0,zr,1.4946264,29.684362499999999,0.870999992,0.061999999,20200926326505,600,0xe,0x2,21.3899994,26.2498016,0.0231652651,0.0911361426,7.13085274e-06,30,1.01100004,1
600214200018784,137033564,2459124.8409791682,59124.335648100001,19.1581802,0.0659610108,0,zr,1.4946256,29.684412099999999,0.305999994,0.00999999978,20201002335648,600,0xe,0x2,20.2000008,26.220047,0.0356757306,0.0874718353,1.70486837e-05,30,1.03199995,1
600214200018784,137129418,2459125.7995258421,59125.294189799999,19.6777458,0.0974197313,0,zr,1.4947347,29.6843799,0.943000019,0.0120000001,20201003294178,600,0xe,0x2,20.5699997,26.2521782,0.0243326128,0.0887479112,7.91395178e-06,30,1.00800002,1
600214200018784,137523430,2459129.7396473675,59129.234305600003,19.4326668,0.0811337158,0,zr,1.4946448999999999,29.684427500000002,0.501999974,-0.0689999983,20201007234294,600,0xe,0x2,21.3799992,26.2268867,0.0240807272,0.0893372074,7.90143713e-06,30,1.04400003,1
600214200018784,137723550,2459131.740844911,59131.235509300001,20.7707558,0.192630053,0,zr,1.4946926,29.6843945,1.051,0.257999986,20201009235509,600,0xe,0x2,21.3600006,26.207962,0.0204069987,0.0904406309,5.63455569e-06,30,1.03400004,1
600214200018784,138020366,2459134.7089841682,59134.203669000002,19.943306,0.118120402,0,zr,1.4947473,29.684354200000001,0.912999988,-0.0149999997,20201012203657,600,0xe,0x2,21.3099995,26.2254448,0.019982703,0.0825379565,5.34625997e-06,30,1.07500005,1
600214200018784,138220744,2459136.7127358294,59136.2074421,20.4436493,0.164312154,0,zr,1.4946991999999999,29.684374999999999,0.605000019,0.0939999968,20201014207442,600,0xe,0x2,21.5200005,26.2304211,0.0235998333,0.0863779932,7.50074469e-06,30,1.05599999,1
600214200018784,138430603,2459138.8112947736,59138.3060301,19.3461437,0.0760143995,0,zr,1.4946908000000001,29.684360900000001,0.602999985,-0.0590000004,20201016305984,600,0xe,0x2,21.2999992,26.2038975,0.020673044,0.0839663595,5.77487344e-06,30,1.04400003,1
600214200018784,138624920,2459140.7544331634,59140.249201400002,20.0751266,0.129524723,0,zr,1.4946923999999999,29.6844076,1.04700005,-0.0879999995,20201018249201,600,0xe,0x2,21.7099991,26.2147141,0.0241453797,0.0859107748,7.90721151e-06,30,1.00800002,1
600214200018784,139021342,2459144.7185727428,59144.213425900001,20.2931137,0.149734169,0,zr,1.4945974,29.684385200000001,0.990999997,-0.0520000011,20201022213403,600,0xe,0x2,21.7099991,26.094162,0.0253188927,0.0916383266,8.54865175e-06,30,1.01900005,1
600214200018784,140124313,2459155.7479253919,59155.243136600002,20.6561852,0.182964802,0,zr,1.4946294,29.684391699999999,0.561999977,-0.273000002,20201102243102,600,0xe,0x2,20.7600002,26.2805386,0.0233977735,0.0887931436,7.32456738e-06,30,1.023,1
600214200018784,141320607,2459167.7102861148,59167.206076399998,19.8775425,0.112701938,0,zr,1.4946529,29.684442700000002,0.56099999,-0.0839999989,20201114206076,600,0xe,0x2,21.2700005,26.2856884,0.0198842492,0.0880963579,5.25022733e-06,30,1.01900005,1
600214200018784,141517053,2459169.674629386,59169.1705324,20.1780033,0.138880536,0,zr,1.4946984999999999,29.684437899999999,1.31500006,0.108000003,20201116170521,600,0xe,0x2,21,26.2785683,0.022941662,0.089032203,7.10116774e-06,30,1.00699997,1
600214200018784,141721133,2459171.7153059347,59171.211330999999,20.0497513,0.127275527,0,zr,1.4946353000000001,29.684428499999999,1.22300005,0.064000003,20201118211227,600,0xe,0x2,20.7999992,26.2911625,0.0225016493,0.0890837461,7.36950778e-06,30,1.03699994,1
600214200018784,141922209,2459173.7259448343,59173.222094899997,20.3074017,0.151103839,0,zr,1.4946391999999999,29.684372700000001,1.09099996,0.0850000009,20201120222095,600,0xe,0x2,21.3600006,26.2788334,0.0204129107,0.0861466825,5.60519948e-06,30,1.06299996,1
600214200018784,143026400,2459184.7670914838,59184.264004600001,19.8863945,0.113420367,0,zr,1.4946417999999999,29.684456399999998,0.386000007,-0.125,20201201264005,600,0xe,0x2,20.3799992,26.2402287,0.0248451792,0.0909767374,8.25296684e-06,30,1.33299994,1
600214200018784,144014915,2459194.6514655827,59194.1491551,20.459507,0.165857658,0,zr,1.4946599,29.684496299999999,0.741999984,-0.0480000004,20201211149051,600,0xe,0x2,20.9400005,26.2663326,0.0225634631,0.0908115059,6.76848776e-06,30,1.03699994,1
600214200018784,144813267,2459202.6343083205,59202.132673599997,20.9850826,0.210710645,0,zr,1.4946505000000001,29.684417,0.497000009,-0.00499999989,20201219132674,600,0xe,0x2,21.1000004,26.2708855,0.0211511049,0.0925567374,5.96604468e-06,30,1.04499996,1
600214200018784,147116658,2459225.6661587986,59225.166585600004,20.1662903,0.137797222,0,zr,1.494729,29.684344599999999,1.17700005,-0.128999993,20210111166586,600,0xe,0x2,20.6800003,26.2114315,0.0219611768,0.0884046108,6.44196825e-06,30,1.43400002,1
600214200018784,147313200,2459227.6313992874,59227.132002300001,19.9767323,0.120945305,0,zr,1.4946124999999999,29.684449999999998,0.739000022,0.178000003,20210113132002,600,0xe,0x2,20.3400002,25.970871,0.0323244669,0.0871944577,1.38319965e-05,30,1.25300002,1
600214200018784,149815968,2459252.6569927651,59252.159687500003,19.8617172,0.111426219,0,zr,1.4945999999999999,29.684400100000001,0.796000004,0.00600000005,20210207159688,600,0xe,0x2,20.4400005,26.1533947,0.0262803696,0.0937989131,9.1787042e-06,30,2.40400004,1
600214200018784,151511615,2459269.6123345816,59269.1161574,19.8474083,0.110282287,0,zr,1.4946758,29.684524100000001,0.597000003,-0.0219999999,20210224116157,600,0xe,0x2,20.1399994,26.1621666,0.0298907459,0.0943924338,1.18104372e-05,30,2.48699999,2
600214200018784,158249313,2459336.9887055424,59336.493136600002,19.3621655,0.0769383162,0,zr,1.4947294,29.684394300000001,0.926999986,-0.223000005,20210502493137,600,0xe,0x2,19.8799992,26.0412197,0.0363567509,0.107131027,1.77039055e-05,30,2.64100003,1
600214200018784,158249549,2459336.9910667436,59336.495497700002,19.5348625,0.0875988007,0,zr,1.4946269000000001,29.684281899999998,0.538999975,-0.147,20210502495498,600,0xe,0x2,19.6200008,26.0559464,0.0400280766,0.0997941867,2.22610161e-05,30,2.56699991,1
600214200018784,158449049,2459338.9861494955,59338.490497699997,19.7352276,0.101631641,0,zr,1.4946200000000001,29.684510299999999,0.861000001,-0.291000009,20210504490498,600,0xe,0x2,20.0699997,26.0642262,0.0320450142,0.101931959,1.35309429e-05,30,2.5539999,1
600214200018784,158548773,2459339.9834266123,59339.487731499998,20.201849,0.14109908,0,zr,1.4946961000000001,29.684386700000001,0.465999991,-0.00999999978,20210505487732,600,0xe,0x2,20.6000004,26.0417843,0.0261842273,0.104912795,9.07083086e-06,30,2.55500007,1
600214200018784,158549013,2459339.9858341254,59339.490138900001,20.0745602,0.129474148,0,zr,1.4946284000000001,29.684436699999999,0.904999971,-0.114,20210505490139,600,0xe,0x2,20.4200001,26.060503,0.0261226613,0.099408783,9.00279065e-06,30,2.4849999,1
600214200018784,158549495,2459339.9906491358,59339.494953699999,20.0981865,0.131589472,0,zr,1.4947661000000001,29.684456699999998,0.675000012,-0.120999999,20210505494954,600,0xe,0x2,20,26.0861492,0.0347067341,0.0972338095,1.59493866e-05,30,2.35599995,1
600214200018784,158649173,2459340.9874761435,59340.491736099997,20.2392483,0.144611642,0,zr,1.4946271,29.684336500000001,0.870000005,-0.467999995,20210506491736,600,0xe,0x2,20.2199993,26.0821705,0.0296327658,0.0959391519,1.16902802e-05,30,2.36800003,1
600214200018784,158848978,2459342.9856133796,59342.489780099997,20.1949158,0.140452266,0,zr,1.4946618,29.684526200000001,0.602999985,-0.238000005,20210508489780,600,0xe,0x2,20.3199997,26.0499554,0.0276199263,0.101335824,1.00561974e-05,30,2.28200006,1
600214200018784,159048620,2459344.9821351436,59344.486203699998,19.8331738,0.109153293,0,zr,1.4946991000000001,29.6843316,1.48300004,-0.375,20210510486204,600,0xe,0x2,20.3199997,26.0022526,0.02688553,0.0976171419,9.56192616e-06,30,2.23900008,1
600214200018784,159048863,2459344.9845658648,59344.488634300003,20.2322941,0.143955529,0,zr,1.4947630999999999,29.684287900000001,0.785000026,-0.119000003,20210510488623,600,0xe,0x2,20.2999992,26.0173931,0.0277045872,0.0973390192,1.01590413e-05,30,2.18499994,1
600214200018784,159049104,2459344.9869733904,59344.491041699999,19.4533119,0.0824027881,0,zr,1.4947402999999999,29.684364500000001,0.882000029,0.0450000018,20210510491042,600,0xe,0x2,20.0699997,26.0214138,0.0339149535,0.0995798707,1.52144112e-05,30,2.13499999,1
600214200018784,159149113,2459345.9871170213,59345.491134299999,19.8686333,0.11198242,0,zr,1.4947144999999999,29.684399500000001,0.718999982,-0.361000001,20210511491134,600,0xe,0x2,19.9699993,26.086586,0.0319967382,0.0961012542,1.35619748e-05,30,2.079,1
600214200018784,159947658,2459353.9730176991,59353.476585600001,19.6181984,0.0932147279,0,zr,1.4946522,29.684359300000001,0.907000005,-0.141000003,20210519476505,600,0xe,0x2,20.5100002,26.1114464,0.0254378933,0.100417435,8.59404099e-06,30,1.949,1
600214200018784,162845490,2459382.9534673132,59382.454907400002,20.010376,0.123835295,0,zr,1.4946565000000001,29.684432399999999,0.961000025,-0.0869999975,20210617454907,600,0xe,0x2,21.0799999,26.071291,0.0217901599,0.0941702798,6.40759299e-06,30,1.347,1
600214200018784,163344560,2459387.9445820991,59387.445601899999,20.9723568,0.209637165,0,zr,1.4944966,29.684397799999999,1.17299998,-0.284999996,20210622445602,600,0xe,0x2,20.9699993,26.0032902,0.0244551692,0.091822654,8.02309933e-06,30,1.32000005,1
600214200018784,163945277,2459393.9522745763,59393.452777799997,20.5297108,0.172295451,0,zr,1.4942453,29.684300100000002,0.876999974,0.00899999961,20210628452766,600,0xe,0x2,20.7099991,26.2106247,0.0222624037,0.0904769897,6.64465279e-06,30,1.20200002,1
600214200018784,164044972,2459394.9493054785,59394.449722199999,19.9623432,0.119723454,0,zr,1.4946467000000001,29.6844073,0.986000001,0.0710000023,20210629449722,600,0xe,0x2,20.7900009,26.1265106,0.0257683527,0.0907560736,8.93590186e-06,30,1.20299995,3
600214200018784,164240613,2459396.9058878487,59396.406134299999,20.3602848,0.156205103,0,zr,1.4946975,29.684359700000002,0.944000006,0.231000006,20210701406134,600,0xe,0x2,20.8299999,26.1371841,0.0231171772,0.0972243026,7.20173284e-06,30,1.41999996,3
600214200018784,164341144,2459397.9112880668,59397.411446799997,20.8111,0.196033478,0,zr,1.4946693,29.684387600000001,0.875,-0.310000002,20210702411435,600,0xe,0x2,21.0100002,26.1520195,0.022150442,0.0948583484,6.5732238e-06,30,1.36300004,3
600214200018784,164538664,2459399.8866573512,59399.386643500002,20.7836056,0.193714023,32768,zr,1.4947003999999999,29.684366600000001,0.718999982,0.229000002,20210704386632,600,0xe,0x2,21.1000004,25.9245567,0.0868300796,0.0809029937,0.000101569625,30,1.51199996,1
600214200018784,164842703,2459402.9273169013,59402.427037000001,19.9253426,0.116621807,0,zr,1.4946881000000001,29.684427199999998,0.358999997,0.0209999997,20210707427037,600,0xe,0x2,21.0100002,26.2042561,0.0247635171,0.0847005844,8.28078009e-06,30,1.20599997,3
600214200018784,164942539,2459403.9257607278,59403.425393500002,21.083519,0.219014764,0,zr,1.4947585000000001,29.6844304,0.77700001,-0.0320000015,20210708425382,600,0xe,0x2,21.3299999,26.1465054,0.0237547811,0.0884772763,7.63783191e-06,30,1.20200002,3
600214200018784,165342458,2459407.9252995895,59407.424583300002,21.1034374,0.220695138,0,zr,1.4946516000000001,29.6844313,0.717000008,-0.32100001,20210712424583,600,0xe,0x2,21.5,25.970396,0.0250888336,0.0885241628,8.44255101e-06,30,1.16199994,1
600214200018784,165544851,2459409.9494106038,59409.448518500001,20.0731449,0.129348025,0,zr,1.4946520000000001,29.684397100000002,1.41499996,0.0359999985,20210714448507,600,0xe,0x2,21.4200001,26.0931816,0.0232807025,0.0826390088,7.2984426e-06,30,1.07799995,1
600214200018784,165745449,2459411.9555561952,59411.454490700002,21.0908012,0.219629049,0,zr,1.4947273999999999,29.6843693,0.540000021,-0.0120000001,20210716454491,600,0xe,0x2,21.3899994,26.0557384,0.0239273142,0.0870029256,7.8471312e-06,30,1.05499995,1
600214200018784,166841000,2459422.9119891156,59422.410000000003,20.4393272,0.163890883,0,zr,1.4947098000000001,29.684353900000001,1.01499999,0.0659999996,20210727409919,600,0xe,0x2,20.7399998,26.2142887,0.0260102693,0.0898211971,9.12245196e-06,30,1.08500004,1
600214200018784,166843311,2459422.9351044307,59422.433113400002,20.5122795,0.170825005,0,zr,1.4945508999999999,29.6843532,0.75,0.0130000003,20210727433102,600,0xe,0x2,20.8700008,26.2071533,0.0229358692,0.0930698663,7.15912984e-06,30,1.04100001,2
600214200018784,167036142,2459424.8635716666,59424.361423599999,19.4265652,0.080762133,0,zr,1.4947010000000001,29.684414700000001,0.584999979,0.0170000009,20210729361192,600,0xe,0x2,20.7700005,26.1785259,0.0233216844,0.0918219313,7.36112361e-06,30,1.23099995,2
600214200018784,167040197,2459424.9041305757,59424.401979200004,20.0542431,0.127671838,0,zr,1.4947121999999999,29.684377900000001,0.811999977,0.156000003,20210729401968,600,0xe,0x2,20.7399998,26.1991711,0.021968836,0.0843252018,6.62841649e-06,30,1.09099996,1
600214200018784,167041546,2459424.9176154756,59424.415462999998,20.0113869,0.123922855,0,zr,1.4946891,29.684365400000001,0.550000012,-0.0949999988,20210729415451,600,0xe,0x2,20.8600006,26.2122803,0.0226936899,0.0909303352,7.06630135e-06,30,1.06099999,2
600214200018784,167241092,2459426.9132387131,59426.410925900003,19.2277184,0.0695148483,0,zr,1.4946883,29.684369199999999,0.638000011,0.0460000001,20210731410926,600,0xe,0x2,21.0699997,26.1706715,0.0232768245,0.088734068,7.40574751e-06,30,1.05999994,2
600214200018784,167334241,2459427.8448058115,59427.342419000001,20.6362305,0.181281447,0,zr,1.4947083999999999,29.684406599999999,0.307000011,0.0759999976,20210801342407,600,0xe,0x2,21.2399998,26.182291,0.0224933419,0.0867856964,6.80199082e-06,30,1.28600001,2
600214200018784,167342497,2459427.9273702973,59427.424976900002,19.5274277,0.0871128812,0,zr,1.4946797000000001,29.684395200000001,0.746999979,-0.101999998,20210801424965,600,0xe,0x2,21.2900009,26.1933403,0.0203812178,0.0925062224,5.62969217e-06,30,1.03299999,1
600214200018784,167345736,2459427.9597570696,59427.457361100001,20.4048214,0.160530165,0,zr,1.4946701,29.684348499999999,0.898000002,-0.188999996,20210801457361,600,0xe,0x2,21.2999992,26.1936779,0.0216134153,0.0906125307,6.30733985e-06,30,1.00800002,2
600214200018784,167438653,2459428.8890086017,59428.386539400002,19.291481,0.0729428679,0,zr,1.4946543000000001,29.684394999999999,0.437999994,0.0410000011,20210802386528,600,0xe,0x2,21.3400002,26.2056637,0.0204124302,0.0882468596,5.6379331e-06,30,1.102,2
600214200018784,167446670,2459428.969176915,59428.466701400001,19.5214462,0.0867237151,0,zr,1.4946969000000001,29.684384900000001,1.33099997,0.0979999974,20210802466690,600,0xe,0x2,21.4200001,26.2216015,0.0207832586,0.0844980031,5.84746294e-06,30,1.00699997,2
600214200018784,167538284,2459429.8853943273,59429.382847200002,20.5132656,0.170908093,0,zr,1.4947007000000001,29.684383799999999,0.663999975,-0.0280000009,20210803382801,600,0xe,0x2,21.4799995,26.2104492,0.0210469775,0.0910943672,5.9677518e-06,30,1.10500002,1
600214200018784,167538379,2459429.8863434992,59429.383796299997,20.8388596,0.198375344,0,zr,1.4947478999999999,29.684380399999998,1.42400002,-0.128999993,20210803383785,600,0xe,0x2,21.3400002,26.2100353,0.0210951306,0.086867176,6.01794545e-06,30,1.102,2
600214200018784,167546145,2459429.9640115714,59429.4614583,20.42276,0.162276775,0,zr,1.4946969000000001,29.684366799999999,0.865999997,0.184,20210803461354,600,0xe,0x2,21.5300007,26.2268944,0.0225852318,0.0861063227,6.94750861e-06,30,1.00699997,2
600214200018784,167635236,2459430.8549834066,59430.352361099998,19.6473522,0.0952533633,0,zr,1.4946706000000001,29.684413599999999,0.615999997,0.0700000003,20210804352292,600,0xe,0x2,21.3899994,26.1892395,0.022254765,0.0936735347,6.76367017e-06,30,1.199,2
600214200018784,167638496,2459430.8875901424,59430.3849653,20.6698875,0.184120774,0,zr,1.4947583,29.684353099999999,1.38999999,-0.0419999994,20210804384965,600,0xe,0x2,21.4699993,26.2227364,0.0213384312,0.0835510492,6.22409789e-06,30,1.09200001,2
600214200018784,168035924,2459434.8621736746,59434.359247699998,20.8834572,0.202137589,0,zr,1.4946113000000001,29.684409299999999,1.16999996,-0.144999996,20210808359236,600,0xe,0x2,21.6299992,26.2155361,0.0228164662,0.0841450393,6.93696302e-06,30,1.13399994,2
600214200018784,168036907,2459434.8720008051,59434.369074100003,20.4174347,0.161757976,0,zr,1.4947581999999999,29.684349000000001,0.340999991,0.0410000011,20210808369074,600,0xe,0x2,21.5599995,26.2113514,0.0214350019,0.0886454359,6.19373532e-06,30,1.10500002,1
600214200018784,168137124,2459435.874250744,59435.371249999997,20.9901485,0.21113801,0,zr,1.4946002,29.6843702,0.629000008,0.0719999969,20210809371250,600,0xe,0x2,21.3099995,26.1560745,0.0221267771,0.0884222686,6.61629429e-06,30,1.09200001,2
600214200018784,168236258,2459436.8656541645,59436.362581000001,19.7566147,0.10323707,0,zr,1.494661,29.684402200000001,0.968999982,0.0869999975,20210810362581,600,0xe,0x2,21.4099998,26.1300125,0.0215274002,0.0868544206,6.26424662e-06,30,1.10800004,2
600214200018784,168238226,2459436.885343106,59436.382268499998,20.9806385,0.210335732,0,zr,1.4946724,29.6843638,0.839999974,0.108000003,20210810382269,600,0xe,0x2,21.6200008,26.1480579,0.0232586376,0.0829744264,7.33889374e-06,30,1.06200004,1
600214200018784,168238321,2459436.8862922685,59436.3832176,20.8361263,0.198144674,0,zr,1.4946915000000001,29.684457200000001,0.842999995,0.118000001,20210810383206,600,0xe,0x2,21.7600002,26.1465321,0.0255745631,0.0852827728,8.84977908e-06,30,1.05999994,2
600214200018784,168446508,2459438.9683050686,59438.465081000002,20.6963444,0.18635273,0,zr,1.4946704,29.684428700000002,0.810000002,-0.0839999989,20210812465081,600,0xe,0x2,21.3299999,26.1158962,0.0231146775,0.0820869207,7.179357e-06,30,1.01999998,2
600214200018784,168537478,2459439.8780682557,59439.374780099999,20.5790558,0.17645824,0,zr,1.4947157,29.684379,0.569999993,0.0450000018,20210813374444,600,0xe,0x2,21.1800003,26.0605354,0.0227255281,0.0906830356,6.96144298e-06,30,1.06099999,2
600214200018784,168539166,2459439.8949560453,59439.391666700001,21.3007221,0.237338066,0,zr,1.4947144999999999,29.684367900000002,1.09500003,0.462000012,20210813391667,600,0xe,0x2,21.3600006,26.0867157,0.0223145708,0.0885010734,6.82604832e-06,30,1.03400004,1
600214200018784,168546138,2459439.9646831281,59439.461388900003,20.9153137,0.204824924,0,zr,1.4946489999999999,29.684465100000001,0.522000015,0.187999994,20210813461227,600,0xe,0x2,21.4599991,26.0936146,0.0237894841,0.0897964314,7.66994708e-06,30,1.01900005,2
600214200018784,168646232,2459440.9656902198,59440.462326399997,19.6499443,0.0954364538,0,zr,1.4946862999999999,29.6843915,0.272000015,-0.0120000001,20210814462234,600,0xe,0x2,21.4699993,26.11409,0.0223969333,0.0841322988,6.84701536e-06,30,1.023,2
600214200018784,168834017,2459442.8436654648,59442.340173600001,20.6865463,0.185526133,0,zr,1.4946961999999999,29.684346600000001,0.950999975,-0.023,20210816340162,600,0xe,0x2,21.5400009,26.1444645,0.0267193802,0.0828818679,9.65648178e-06,30,1.125,1
600214200018784,168834111,2459442.8446030184,59442.341111100002,20.8466682,0.199033976,0,zr,1.4947752000000001,29.684445,0.485000014,0.0839999989,20210816341100,600,0xe,0x2,21.5400009,26.1435852,0.0237920173,0.0847651139,7.64950255e-06,30,1.12300003,2
600214200018784,168930056,2459443.8041231455,59443.300567099999,19.8807678,0.112963341,0,zr,1.4946839999999999,29.684375200000002,0.936999977,0.0610000007,20210817300556,600,0xe,0x2,20.8400002,25.9737034,0.0240589213,0.0946366191,7.82282586e-06,30,1.27600002,2
600214200018784,169048467,2459444.9883099091,59444.484675899999,19.5284004,0.0871763155,0,zr,1.4947786000000001,29.684396199999998,1.48699999,0.184,20210818484676,600,0xe,0x2,21.4300003,26.0484505,0.0236972515,0.0878591612,7.61688034e-06,30,1.074,2
600214200018784,169234417,2459446.8479317748,59446.344178200001,20.0933495,0.131154716,0,zr,1.4946675,29.6845432,0.621999979,-0.0289999992,20210820343623,600,0xe,0x2,20.7000008,26.1869869,0.0232113227,0.091597721,7.1900231e-06,30,1.08500004,2
600214200018784,169241628,2459446.9200428613,59446.416284699997,20.5861378,0.177055597,0,zr,1.4947873,29.6844173,0.405999988,-0.116999999,20210820416250,600,0xe,0x2,20.6499996,26.1712532,0.0242910534,0.0960392952,8.03120929e-06,30,1.00699997,2
600214200018784,169532193,2459449.8258705568,59449.321932899999,20.0011368,0.123037092,0,zr,1.4947484,29.684422999999999,1.36600006,-0.0120000001,20210823321933,600,0xe,0x2,20.3899994,26.2152939,0.0252411459,0.0772405863,8.72061264e-06,30,1.12300003,2
600214200018784,169728287,2459451.7869241107,59451.282870399999,19.7021751,0.0991914421,0,zr,1.4946082000000001,29.684411399999998,0.57099998,-0.0430000015,20210825282870,600,0xe,0x2,20.0499992,26.1132488,0.039983768,0.0930091366,2.18268469e-05,30,1.25399995,2
600214200018784,169734303,2459451.847089638,59451.3430324,20.0642433,0.128557086,0,zr,1.4947382,29.684378299999999,0.829999983,-0.136000007,20210825343021,600,0xe,0x2,20.2999992,26.2194176,0.0274126455,0.0837509111,1.02105523e-05,30,1.05900002,1
600214200018784,169826663,2459452.7707422427,59452.266631899998,20.0836525,0.130285829,0,zr,1.4945934000000001,29.684358199999998,0.414000005,-0.0769999996,20210826266273,600,0xe,0x2,20.7900009,26.1989174,0.0262915343,0.0933787525,9.24967298e-06,30,1.329,2
600214200018784,169844035,2459452.9444790813,59452.440358799999,19.5031548,0.0855435878,0,zr,1.4946938000000001,29.684363099999999,0.707000017,0.0820000023,20210826440347,600,0xe,0x2,20.9500008,26.2563801,0.0258762445,0.0884162113,9.07232334e-06,30,1.03499997,2
600214200018784,169930812,2459453.8122941484,59453.308125000003,20.3223667,0.152542681,0,zr,1.4946891,29.6844027,0.681999981,-0.254999995,20210827308044,600,0xe,0x2,20.8799992,26.2633934,0.0232956465,0.0854762122,7.32631952e-06,30,1.13199997,2
600214200018784,169934079,2459453.8449695911,59453.340798600002,19.5473289,0.0884190276,0,zr,1.4946512000000001,29.6843878,0.827000022,0.0540000014,20210827340799,600,0xe,0x2,20.9300003,26.2653389,0.0218530819,0.0919111371,6.53133793e-06,30,1.05299997,1
600214200018784,169946847,2459453.9726502975,59453.468472200002,19.4403038,0.0816009939,0,zr,1.4946775999999999,29.684418699999998,0.474000007,-0.0149999997,20210827468414,600,0xe,0x2,20.9899998,26.2565117,0.0224386565,0.0905755833,6.82377276e-06,30,1.09399998,2
600214200018784,170032554,2459454.8297693888,59454.325543999999,20.0972195,0.13150242,0,zr,1.4946558000000001,29.684408099999999,0.800000012,0.0419999994,20210828325475,600,0xe,0x2,21.1399994,26.2434216,0.0263136625,0.0870377347,9.30818987e-06,30,1.07799995,2
600214200018784,170043871,2459454.9429468811,59454.438715299999,19.5071239,0.0857984424,0,zr,1.4946183,29.6843994,0.416000009,-0.00899999961,20210828438704,600,0xe,0x2,21.2000008,26.2421265,0.0240242667,0.0918784067,7.85523025e-06,30,1.04100001,2
600214200018784,170434305,2459458.8474911614,59458.343055600002,20.861742,0.2003057,0,zr,1.4946725000000001,29.684384600000001,1.14199996,-0.00600000005,20210901343044,600,0xe,0x2,21.6299992,26.2106915,0.0223698393,0.0824881643,6.85556597e-06,30,1.02999997,2
600214200018784,170526894,2459459.7734279935,59459.268946800003,19.9138832,0.11567302,0,zr,1.4947125999999999,29.684405300000002,0.605000019,0.0759999976,20210902268912,600,0xe,0x2,21.2700005,26.2338829,0.0227897074,0.0834342763,6.99282191e-06,30,1.21700001,2
600214200018784,170536149,2459459.8659788417,59459.361493099997,21.0439644,0.215677977,0,zr,1.4947077,29.684403700000001,0.500999987,-0.0979999974,20210902361481,600,0xe,0x2,21.6499996,26.2489491,0.0245641954,0.0845098197,8.23726896e-06,30,1.01199996,2
600214200018784,170536243,2459459.866916385,59459.362430599998,20.7169666,0.188092351,0,zr,1.4946900000000001,29.684452,0.588999987,-0.0909999982,20210902362431,600,0xe,0x2,21.4699993,26.2539425,0.0220458768,0.0847739205,6.64951767e-06,30,1.01100004,1
600214200018784,170631998,2459460.82452018,59460.319988399999,20.6718292,0.184284568,0,zr,1.4945989,29.684448799999998,0.501999974,0.0780000016,20210903319977,600,0xe,0x2,21.4799995,26.2539482,0.022109054,0.0804065168,6.62818411e-06,30,1.05599999,2
600214200018784,170637400,2459460.8785389573,59460.374004600002,20.6567764,0.18301475,0,zr,1.4946206,29.684347899999999,0.81099999,0.0270000007,20210903373993,600,0xe,0x2,21.4599991,26.2516327,0.0212165043,0.0857741311,6.13980683e-06,30,1.00699997,2
600214200018784,170737795,2459461.8825326767,59461.377951399998,19.4929962,0.0848946273,0,zr,1.4946934999999999,29.684389599999999,0.588,-0.0700000003,20210904377847,600,0xe,0x2,21.3199997,26.2590256,0.0226902533,0.0828526318,7.03114483e-06,30,1.00800002,2
600214200018784,170931996,2459463.8246336724,59463.319965299997,20.8264503,0.197328448,0,zr,1.4947207,29.684447800000001,0.273999989,0.00400000019,20210906319954,600,0xe,0x2,21.5200005,26.2404232,0.0224503838,0.0858071595,6.87366628e-06,30,1.04299998,1
600214200018784,170932740,2459463.8320760992,59463.3274074,21.1728458,0.226550341,0,zr,1.4947284000000001,29.684446900000001,0.566999972,0.206,20210906327407,600,0xe,0x2,21.5900002,26.2348156,0.0237400699,0.0872878209,7.69147391e-06,30,1.03199995,2
600214200018784,170938796,2459463.8926343461,59463.387963000001,20.8237,0.197096467,0,zr,1.4946575,29.684393,1.08500004,-0.115000002,20210906387882,600,0xe,0x2,21.5,26.2427883,0.0227086022,0.0903926939,6.9481066e-06,30,1.01400006,2
600214200018784,171032518,2459464.8298967429,59464.325185200003,20.8262291,0.197309732,0,zr,1.4946813999999999,29.6843757,0.505999982,0.0379999988,20210907325185,600,0xe,0x2,21.75,26.2366505,0.0250572506,0.0843732506,8.48995751e-06,30,1.03199995,2
600214200018784,171039684,2459464.90155487,59464.396840300004,20.8132439,0.196214318,0,zr,1.4946478999999999,29.684425999999998,0.707000017,-0.143000007,20210907396713,600,0xe,0x2,21.3999996,26.214201,0.0227127522,0.0886108354,7.04551121e-06,30,1.023,2
600214200018784,171135168,2459465.8564440482,59465.351689800002,21.0502281,0.216206312,0,zr,1.4946486999999999,29.684407700000001,0.69599998,-0.201000005,20210908351690,600,0xe,0x2,21.5300007,26.2173443,0.020585157,0.0824561417,5.79320476e-06,30,1.00899994,2
600214200018784,171135615,2459465.8609118303,59465.356157399998,20.896244,0.203216195,0,zr,1.4947060999999999,29.684403400000001,0.878000021,0.200000003,20210908356076,600,0xe,0x2,21.3199997,26.2123032,0.0215574354,0.0876612291,6.35313199e-06,30,1.00800002,1
600214200018784,171135709,2459465.8618493732,59465.357094899999,21.0667076,0.217596531,0,zr,1.4945606,29.6843778,0.788999975,0.0670000017,20210908357095,600,0xe,0x2,21.4899998,26.2087479,0.021748418,0.0830900148,6.46371927e-06,30,1.00800002,2
600214200018784,171235398,2459466.8587760865,59466.353981499997,19.6416531,0.0948517919,0,zr,1.4946775999999999,29.684384399999999,0.906000018,-0.00300000003,20210909353935,600,0xe,0x2,21.6800003,26.2290459,0.0215887036,0.0855999514,6.29754504e-06,30,1.00800002,2
600214200018784,171239185,2459466.8966479828,59466.3918519,20.6302605,0.180777788,0,zr,1.4945752999999999,29.684393199999999,1.10000002,-0.158999994,20210909391840,600,0xe,0x2,21.3799992,26.2240734,0.0207985416,0.0859081745,5.90872423e-06,30,1.023,2
600214200018784,171335917,2459467.8640118809,59467.3591782,20.6066532,0.178786278,0,zr,1.4946797999999999,29.6843988,0.717000008,0.074000001,20210910359167,600,0xe,0x2,21.6900005,26.2038231,0.0243169349,0.0864506587,8.07202377e-06,30,1.00699997,1
600214200018784,171336011,2459467.8649494187,59467.360115700001,20.7209358,0.18842721,0,zr,1.4947452999999999,29.684346900000001,0.737999976,-0.0399999991,20210910360104,600,0xe,0x2,21.5599995,26.2110958,0.022623118,0.083858341,6.95884683e-06,30,1.00699997,2
600214200018784,171435888,2459468.8637600988,59468.358888900002,21.1383324,0.223638892,0,zr,1.4947086000000001,29.684431,0.66900003,0.0469999984,20210911358796,600,0xe,0x2,21.5900002,26.2262363,0.0220738463,0.0818092823,6.69775909e-06,30,1.00800002,2
600214200018784,171535847,2459469.8633795488,59469.358472200001,19.8156815,0.107778363,0,zr,1.4946936,29.684366000000001,1.43200004,0.0820000023,20210912358438,600,0xe,0x2,21.5499992,26.2548122,0.0229837801,0.0837273896,7.17125567e-06,30,1.00800002,1
600214200018784,171535940,2459469.8643170809,59469.359409700002,20.0921211,0.131044492,0,zr,1.4946942000000001,29.684381900000002,1.495,0.151999995,20210912359410,600,0xe,0x2,21.7199993,26.2482414,0.0247611832,0.0886515155,8.33134982e-06,30,1.00800002,2
600214200018784,171625620,2459470.761142307,59470.256203700003,20.9233952,0.205506682,0,zr,1.4946037999999999,29.684371599999999,0.444999993,-0.0439999998,20210913256030,600,0xe,0x2,21.2999992,26.2353401,0.0227427743,0.0892976746,7.03251726e-06,30,1.14999998,2
600214200018784,171641177,2459470.9167147302,59470.411770799998,21.0121803,0.212996602,0,zr,1.4947907,29.6843602,0.453000009,0.0850000009,20210913411771,600,0xe,0x2,21.5,26.2363186,0.0227097869,0.0871428475,7.00013197e-06,30,1.07000005,2
600214200018784,171742629,2459471.9312740033,59471.4262963,21.0177498,0.213466525,0,zr,1.4947292999999999,29.684544299999999,1.41100001,-0.00300000003,20210914426296,600,0xe,0x2,21.2700005,26.0702076,0.0215586945,0.09151382,6.30021896e-06,30,1.11199999,1
600214200018784,171742774,2459471.9327208619,59471.427743100001,20.875267,0.201446652,0,zr,1.4946446,29.6843419,0.816999972,-0.104999997,20210914427743,600,0xe,0x2,21.3999996,26.0687962,0.0222435966,0.0896948949,6.70725467e-06,30,1.11600006,2
600214200018784,171836410,2459472.8691164884,59472.3641088,20.2944603,0.149863124,0,zr,1.4946553,29.684379199999999,0.86500001,-0.0379999988,20210915364086,600,0xe,0x2,21.4899998,26.2440071,0.0238312427,0.0844145864,7.6372171e-06,30,1.01400006,2
600214200018784,171839177,2459472.8967793444,59472.391770800001,21.2150249,0.230108619,0,zr,1.4947239999999999,29.684397799999999,0.759000003,0.120999999,20210915391771,600,0xe,0x2,21.5499992,26.2512455,0.0214241389,0.0839679763,6.2299805e-06,30,1.04400003,2
600214200018784,172025997,2459474.7650413369,59474.259976900001,19.6299706,0.0940332636,0,zr,1.4946898,29.684365799999998,0.476999998,-0.0579999983,20210917259780,600,0xe,0x2,21.0499992,26.2283401,0.0212107934,0.0890418366,6.08660184e-06,30,1.10500002,2
600214200018784,172245431,2459476.9594408344,59476.454317099997,20.005888,0.123447202,0,zr,1.4945683999999999,29.684328699999998,0.796000004,-0.197999999,20210919454248,600,0xe,0x2,20.4599991,26.2201939,0.0257495642,0.0950100198,8.84889232e-06,30,1.278,2
600214200018784,172325858,2459477.7637317688,59477.258587999997,19.7573662,0.103293814,0,zr,1.4946881000000001,29.684469100000001,0.763999999,-0.333000004,20210920258553,600,0xe,0x2,20.3899994,26.2844601,0.0253703799,0.0841201767,8.77589719e-06,30,1.08800006,1
600214200018784,172327599,2459477.7811396061,59477.275995399999,20.6497002,0.18241775,0,zr,1.4946591,29.684336999999999,0.848999977,0.0520000011,20210920275995,600,0xe,0x2,20.6399994,26.2829876,0.0268125441,0.0911546126,9.74773502e-06,30,1.05200005,2
600214200018784,172420871,2459478.7138814749,59478.208715300003,19.5715599,0.0900333449,0,zr,1.4947092,29.684475500000001,0.546999991,-0.250999987,20210921208715,600,0xe,0x2,20.0499992,26.2459145,0.0327955969,0.0927700773,1.44007181e-05,30,1.25699997,2
600214200018784,173026493,2459484.770208755,59484.264930600002,20.5867023,0.177103281,0,zr,1.4947017,29.6844298,1.50300002,-0.252999991,20210927264919,600,0xe,0x2,21.4099998,26.2179031,0.0252819788,0.0855998173,8.67489325e-06,30,1.03900003,1
600214200018784,173031981,2459484.8250937285,59484.319814800001,20.9469948,0.207497597,0,zr,1.4946695999999999,29.684426999999999,0.611999989,-0.074000001,20210927319780,600,0xe,0x2,21.3299999,26.2092323,0.0276732352,0.0910854861,1.04398141e-05,30,1.00899994,2
600214200018784,173226748,2459486.7727915677,59486.267488400001,20.3590374,0.15608409,0,zr,1.4946931999999999,29.6846061,0.927999973,-0.0869999975,20210929267488,600,0xe,0x2,20.9699993,26.2553463,0.0229965951,0.0928726867,7.18877573e-06,30,1.02900004,2
600214200018784,173229442,2459486.7997247791,59486.294421300001,20.9708519,0.209510207,0,zr,1.4945579,29.684351400000001,0.354999989,0.127000004,20210929294352,600,0xe,0x2,21.1599998,26.2550087,0.0212274715,0.0887695104,6.09636572e-06,30,1.00899994,2
600214200018784,173325011,2459487.7554289377,59487.250115700001,20.7571278,0.191480398,0,zr,1.4946687999999999,29.684426500000001,0.865999997,-0.150000006,20210930249688,600,0xe,0x2,21.2299995,26.1758118,0.0221603848,0.0890680477,6.59883744e-06,30,1.04900002,2
600214200018784,173333493,2459487.8402446429,59487.334930600002,20.7612839,0.191830993,0,zr,1.4947244,29.684474000000002,0.707000017,-0.104000002,20210930334745,600,0xe,0x2,20.9699993,26.2147045,0.0222085547,0.0900798142,6.63130459e-06,30,1.02400005,2
600214200018784,173430917,2459488.8145006597,59488.309178199997,19.5004902,0.0853729248,0,zr,1.4946927000000001,29.684416899999999,0.34799999,0.0560000017,20211001309167,600,0xe,0x2,21.4400005,26.2557964,0.0213072821,0.0879817307,6.11462019e-06,30,1.00899994,1
600214200018784,173431013,2459488.815461366,59488.3101389,19.7208977,0.100567557,0,zr,1.4946801000000001,29.684441100000001,0.726999998,0.128999993,20211001310127,600,0xe,0x2,21.5200005,26.2552032,0.0233384091,0.0903089494,7.36134098e-06,30,1.00899994,2
600214200018784,173540141,2459489.9067421379,59489.401411999999,19.2431602,0.0703300089,0,zr,1.4946265999999999,29.684396,1.21599996,0.0769999996,20211002401412,600,0xe,0x2,21.1399994,26.2276516,0.0221115928,0.0908169299,6.61485319e-06,30,1.19599998,2
600214200018784,173629065,2459490.7959948047,59490.290659699996,19.8987465,0.114428565,32768,zr,1.4947611999999999,29.684559700000001,0.728999972,-0.291000009,20211003290648,600,0xe,0x2,20.2700005,25.2659149,0.0670778751,0.0686426908,6.18423146e-05,30,1.00699997,1
600214200018784,173723332,2459491.73866081,59491.233321799999,19.3647747,0.0770898312,0,zr,1.4946788,29.684393499999999,1.45899999,-0.0299999993,20211004233322,600,0xe,0x2,21.0100002,26.1058159,0.022028517,0.0875206366,6.62440971e-06,30,1.05999994,2
600214200018784,174027853,2459494.7838724321,59494.278530099997,19.8016644,0.106686383,0,zr,1.4946792,29.6843963,1.04799998,0.174999997,20211007278484,600,0xe,0x2,21.2000008,26.1989098,0.0214387663,0.0811166838,6.24825771e-06,30,1.00800002,2
600214200018784,174330614,2459497.8114772625,59497.306145800001,19.2347069,0.0698826015,0,zr,1.4946724,29.684399800000001,0.393000007,0.0489999987,20211010306123,600,0xe,0x2,21.3799992,26.2551403,0.0224140976,0.0879323632,6.74839384e-06,30,1.02199996,1
600214200018784,174433221,2459498.8375351704,59498.332210599998,19.4268436,0.0807790905,0,zr,1.4946834,29.684396,1.41900003,0.0149999997,20211011332211,600,0xe,0x2,21.2999992,26.25737,0.0225580446,0.0856911615,6.85040641e-06,30,1.06400001,2
600214200018784,174818855,2459502.6938374713,59502.188553200001,19.6416607,0.0948522985,0,zr,1.4947302,29.684417799999999,0.734000027,-0.0179999992,20211015188403,600,0xe,0x2,20.7099991,26.2494564,0.0231093746,0.0865256637,7.12239853e-06,30,1.09200001,2
600214200018784,174835115,2459502.8564394643,59502.3511574,19.1690063,0.0665018559,0,zr,1.4946594,29.684407799999999,0.828000009,-0.0769999996,20211015351146,600,0xe,0x2,20.6000004,26.2450123,0.0254102778,0.0879525989,8.6496002e-06,30,1.14100003,2
600214200018784,174917400,2459503.6792749278,59503.174004599998,20.3631477,0.156482279,0,zr,1.494594,29.684408099999999,0.833999991,-0.207000002,20211016174005,600,0xe,0x2,20.5699997,26.244751,0.0235480107,0.0853901953,7.42025895e-06,30,1.12399995,2
600214200018784,175014888,2459504.6541439849,59504.148888900003,20.4358292,0.163550019,0,zr,1.4946128999999999,29.684280900000001,0.338999987,0.0260000005,20211017148877,600,0xe,0x2,20.5499992,26.2441082,0.0252528507,0.0935969576,8.66095343e-06,30,1.20500004,2
600214200018784,175136203,2459505.8672711188,59505.362036999999,19.6777706,0.0974215493,0,zr,1.4946491,29.684448700000001,0.60799998,0.0879999995,20211018361806,600,0xe,0x2,19.5699997,26.246315,0.0377091132,0.0837421939,2.00458617e-05,30,1.21399999,2
600214200018784,175815033,2459512.6554117575,59512.150335600003,19.5297775,0.0872661695,0,zr,1.4946408,29.6844182,0.782000005,-0.0820000023,20211025149861,600,0xe,0x2,21.5,26.2506294,0.0236410238,0.0892622247,7.49745777e-06,30,1.12199998,1
600214200018784,175815128,2459512.6563608316,59512.151284699998,19.4129944,0.0799415559,0,zr,1.4946503,29.684401699999999,1.24199998,-0.0780000016,20211025151273,600,0xe,0x2,21.6299992,26.2658157,0.0231748912,0.088825047,7.17869216e-06,30,1.11899996,2
600214200018784,175833914,2459512.8442142773,59512.339143500001,21.1082268,0.221099138,0,zr,1.4946980999999999,29.684377399999999,0.781000018,-0.358999997,20211025338611,600,0xe,0x2,21.1100006,26.2069397,0.0224687289,0.0936582386,6.79178675e-06,30,1.19799995,2
600214200018784,176313784,2459517.6427639821,59517.1378472,19.8984871,0.114407301,0,zr,1.4946552,29.6843921,0.537999988,0.0149999997,20211030137812,600,0xe,0x2,21.2600002,26.2706947,0.0220324844,0.0824706554,6.53758889e-06,30,1.11800003,2
600214200018784,176334953,2459517.8544461909,59517.349537000002,19.3512993,0.0763105452,0,zr,1.4946929,29.6844109,1.62899995,-0.0689999983,20211030349456,600,0xe,0x2,21.0400009,26.2576008,0.0225109849,0.0815928057,6.75215506e-06,30,1.31799996,2
600214200018784,176430471,2459518.8095848998,59518.304710600001,19.794672,0.106145054,0,zr,1.4946971,29.6844015,0.782999992,0.00499999989,20211031304711,600,0xe,0x2,21.4099998,26.2781563,0.0219502579,0.0812507048,6.53060351e-06,30,1.13199997,1
600214200018784,176430613,2459518.8110085465,59518.306134300001,19.7431545,0.102224275,0,zr,1.4947144000000001,29.684411099999998,1.17999995,0.0500000007,20211031306123,600,0xe,0x2,21.4500008,26.2686806,0.0219650306,0.0819222853,6.53141524e-06,30,1.13699996,2
600214200018784,176621179,2459520.7165947128,59520.211794000003,19.8994865,0.114489108,32768,zr,1.4946997,29.684421199999999,0.708000004,-0.0120000001,20211102211782,600,0xe,0x2,21.1200008,25.9620876,0.120920867,0.0841681138,0.000197707224,30,1.00699997,2
600214200018784,176625555,2459520.7603545557,59520.255555600001,20.1902447,0.140017375,0,zr,1.4946565000000001,29.684388899999998,0.99000001,0.0500000007,20211102255556,600,0xe,0x2,21.3999996,26.2757397,0.0208028983,0.0855809599,5.84427653e-06,30,1.03600001,2
600214200018784,176715984,2459521.6646116986,59521.1598495,19.9773884,0.121001162,0,zr,1.4947204000000001,29.6844027,0.925000012,0.00100000005,20211103159838,600,0xe,0x2,21.4899998,26.2720604,0.0227723736,0.0878125727,6.95907738e-06,30,1.04499996,1
600214200018784,176725597,2459521.760730423,59521.255972200001,20.7004662,0.186700463,0,zr,1.4946488,29.684382500000002,0.986999989,-0.0670000017,20211103255972,600,0xe,0x2,21.6100006,26.2769985,0.0232279785,0.0843043551,7.32026319e-06,30,1.04100001,2
600214200018784,176819278,2459522.6975082192,59522.192789399996,20.1447906,0.135820523,0,zr,1.4947013,29.684472400000001,1.04400003,0.191,20211104192778,600,0xe,0x2,21.6100006,26.2801228,0.0220813416,0.0842461959,6.56580642e-06,30,1.00999999,2
600214200018784,176830765,2459522.8123643701,59522.307650499999,19.8246403,0.108480841,0,zr,1.4946904000000001,29.684415900000001,0.568000019,-0.0309999995,20211104307639,600,0xe,0x2,21.1399994,26.2663918,0.0218217727,0.0822864547,6.34981552e-06,30,1.18099999,2
600214200018784,176913542,2459523.640106116,59523.135428200003,19.7217236,0.100628652,0,zr,1.4946531999999999,29.6844091,0.606000006,-0.0130000003,20211105135417,600,0xe,0x2,21.3999996,26.2682056,0.0231968649,0.0842108428,7.26434655e-06,30,1.08200002,1
600214200018784,176914307,2459523.6477562836,59523.143078699999,20.3829689,0.158405438,0,zr,1.4946636,29.684382800000002,1.39600003,0.074000001,20211105143067,600,0xe,0x2,21.3600006,26.2692108,0.0227441769,0.087757118,7.01370118e-06,30,1.06500006,2
600214200018784,176922806,2459523.7327409494,59523.228067099997,20.5873928,0.177161574,0,zr,1.4946834,29.684373999999998,0.97299999,-0.153999999,20211105228056,600,0xe,0x2,21.6000004,26.2735443,0.0228121746,0.0900627077,7.06622086e-06,30,1.01600003,2
600214200018784,177025163,2459524.7562598386,59524.251631899999,20.4713116,0.167008087,0,zr,1.4947566000000001,29.684380099999998,1.097,0.0160000008,20211106251632,600,0xe,0x2,21.6399994,26.2766457,0.0224351734,0.086872451,6.84766565e-06,30,1.04700005,2
600214200018784,177116189,2459525.6664840141,59525.161898099999,19.6894684,0.0982664526,0,zr,1.4946885000000001,29.684398600000002,0.813000023,-0.0790000036,20211107161898,600,0xe,0x2,21.7299995,26.2831783,0.0262260083,0.0916156769,9.21232095e-06,30,1.028,1
600214200018784,177116283,2459525.6674214685,59525.1628356,19.4834919,0.0842915252,0,zr,1.4946515,29.684412600000002,0.704999983,0.00300000003,20211107162836,600,0xe,0x2,21.4099998,26.2741909,0.0248786844,0.092006512,8.32405567e-06,30,1.02699995,2
600214200018784,177125530,2459525.7598824315,59525.255300899997,19.6796494,0.0975568369,0,zr,1.4946531000000001,29.684398099999999,1.03100002,-0.0890000015,20211107255197,600,0xe,0x2,21.4899998,26.2740669,0.0234302729,0.0884278491,7.42256634e-06,30,1.05799997,2
600214200018784,177213100,2459526.6355468347,59526.131006900003,19.1571922,0.0659118667,0,zr,1.4946181999999999,29.684401699999999,0.944999993,0.0520000011,20211108130995,600,0xe,0x2,21.1299992,26.2805882,0.0219532847,0.0829273015,6.56261909e-06,30,1.07299995,2
600214200018784,177225814,2459526.7626819173,59526.258148100002,19.4147072,0.0800447091,0,zr,1.4946819,29.684387000000001,0.832000017,0.00499999989,20211108258148,600,0xe,0x2,21.5499992,26.2769756,0.0219043326,0.0864689425,6.45513774e-06,30,1.06900001,2
600214200018784,177319068,2459527.6951711606,59527.1906829,20.3112621,0.151474535,0,zr,1.4946416,29.684409200000001,0.64200002,0.0289999992,20211109190671,600,0xe,0x2,21.5499992,26.2715778,0.0273907222,0.084917441,1.01491869e-05,30,1.00699997,1
600214200018784,177319163,2459527.6961201178,59527.191631900001,20.3342247,0.153685421,0,zr,1.4947155000000001,29.684440500000001,1.04700005,-0.216000006,20211109191620,600,0xe,0x2,21.5799999,26.2595272,0.0248459354,0.0893001631,8.3288287e-06,30,1.00699997,2
600214200018784,177325332,2459527.7578069479,59527.253321800003,19.7424755,0.102173366,0,zr,1.494664,29.684427299999999,0.372000009,-0.0140000004,20211109253148,600,0xe,0x2,20.5900002,25.8520355,0.0276705343,0.0898112729,1.03026914e-05,30,1.06400001,2
600214200018784,177518609,2459529.6904864376,59529.186099500002,19.5420036,0.0880678073,0,zr,1.4946516999999999,29.6844067,1.07299995,-0.0590000004,20211111186088,600,0xe,0x2,21.3400002,26.2807007,0.0196863003,0.0864187703,5.18291836e-06,30,1.00699997,2
600214200018784,177534118,2459529.845559374,59529.3411806,19.2187653,0.069046624,0,zr,1.4946893000000001,29.684404900000001,0.523999989,0.0670000017,20211111340949,600,0xe,0x2,20.8799992,26.2424717,0.0211864598,0.0883991048,5.97811459e-06,30,1.49300003,2
600214200018784,177623550,2459530.7398408828,59530.235509300001,19.8785915,0.112786889,0,zr,1.4945606,29.684377900000001,0.510999978,0.074000001,20211112235509,600,0xe,0x2,20.7299995,26.2749977,0.0211756714,0.0890781134,6.05598052e-06,30,1.04700005,1
600214200018784,177625225,2459530.7565875873,59530.252256899999,20.5039062,0.17011857,0,zr,1.4946604999999999,29.6844626,0.63499999,0.199000001,20211112252257,600,0xe,0x2,21.0300007,26.2791786,0.0198797379,0.0860345364,5.35062873e-06,30,1.08000004,2
600214200018784,177725368,2459531.7579571563,59531.253680599999,19.4658585,0.083183147,0,zr,1.4946516000000001,29.684402200000001,0.963,-0.0780000016,20211113253472,600,0xe,0x2,20.7600002,26.2753925,0.0229268484,0.0913907066,7.09810047e-06,30,1.08899999,2
600214200018784,177813902,2459532.6432554731,59532.139027800004,19.8389397,0.109609522,0,zr,1.4946771999999999,29.6844018,0.451999992,-0.0930000022,20211114139028,600,0xe,0x2,20.8899994,26.2821121,0.0211701281,0.089879863,6.08011078e-06,30,1.03199995,1
600214200018784,177836665,2459532.8708699346,59532.366655099999,19.4190655,0.0803076848,0,zr,1.4945461,29.684386499999999,0.537,-0.0250000004,20211114366655,600,0xe,0x2,20.1800003,26.2116833,0.0261601899,0.0936017185,9.12466749e-06,30,1.88300002,2
600214200018784,178335589,2459537.8598114373,59537.355891200001,20.9139061,0.204706192,0,zr,1.4946455000000001,29.684317199999999,0.717999995,0.0299999993,20211119355706,600,0xe,0x2,21.1499996,26.1935444,0.0212084539,0.0915739238,6.05599826e-06,30,1.92900002,2
600214200018784,178617090,2459540.6746442378,59540.170902799997,19.3036671,0.0736169145,0,zr,1.4946124999999999,29.684356099999999,0.532000005,0.00700000022,20211122170856,600,0xe,0x2,20.1900005,26.2841473,0.0276238248,0.0928861201,1.03034345e-05,30,1.00999999,1
600214200018784,178818472,2459542.6883303188,59542.1847222,21.3706894,0.243240476,0,zr,1.4947907,29.684309500000001,0.504000008,-0.307999998,20211124184711,600,0xe,0x2,21.2199993,26.2621918,0.0213533472,0.0862908587,6.14803639e-06,30,1.02400005,2
600214200018784,178820849,2459542.7121019075,59542.208495400002,20.0366879,0.126127422,0,zr,1.4947189999999999,29.6844523,0.653999984,0.134000003,20211124208495,600,0xe,0x2,21.0400009,26.2731819,0.0206477754,0.089638263,5.74741216e-06,30,1.05700004,2
600214200018784,179612388,2459550.6269311449,59550.123888900001,17.9592705,0.0282101464,0,zr,1.4946870000000001,29.684392899999999,0.975000024,-0.0240000002,20211202123877,600,0xe,0x2,20.7600002,26.2800159,0.0274294429,0.0851694271,1.01025571e-05,30,1.00800002,2
600214200018784,179615034,2459550.6533874562,59550.150347199997,18.1586456,0.0320845731,0,zr,1.4946647,29.684420800000002,0.730000019,-0.00499999989,20211202150289,600,0xe,0x2,21.1599998,26.2762547,0.0228960477,0.0853060037,7.04602098e-06,30,1.01300001,2
600214200018784,186911268,2459623.6095783347,59623.112685200002,18.1679688,0.0322836936,0,zr,1.4946723,29.684384000000001,0.143000007,0.00800000038,20220213112639,600,0xe,0x2,20.1100006,26.2140083,0.0299957097,0.0835011825,1.20622726e-05,30,1.80299997,2
600214200018784,186911568,2459623.6125758211,59623.115682900003,18.1737156,0.0324072838,0,zr,1.4946393,29.6843787,0.774999976,-0.0280000009,20220213115556,600,0xe,0x2,20.1299992,26.2137394,0.0314448439,0.0795615986,1.32623263e-05,30,1.84599996,2
600214200018784,186911866,2459623.6155617125,59623.118669000003,18.2811871,0.0348410159,0,zr,1.4946687999999999,29.6843921,0.765999973,0.00999999978,20220213118553,600,0xe,0x2,20.2299995,26.212307,0.0317110568,0.0848128423,1.33785943e-05,30,1.89100003,2
600214200018784,186912165,2459623.618547603,59623.121655100003,18.4131966,0.0381702036,0,zr,1.4947090000000001,29.6843839,0.782000005,0.0399999991,20220213121539,600,0xe,0x2,20.0200005,26.2094345,0.0302599575,0.0862089321,1.23037526e-05,30,1.93799996,2
600214200018784,186912464,2459623.6215334884,59623.124641199996,18.3843307,0.0374084823,0,zr,1.4946283,29.684394699999999,0.634000003,-0.0719999969,20220213124525,600,0xe,0x2,19.8799992,26.2105312,0.0380654819,0.0813073739,1.95014418e-05,30,1.98899996,2
600214200018784,187011388,2459624.6107128379,59624.113888899999,18.2499905,0.0341100655,0,zr,1.494691,29.6843632,0.626999974,0.0689999983,20220214113877,600,0xe,0x2,20.0799999,26.2031822,0.035533756,0.0909936205,1.68920906e-05,30,1.85899997,2
600214200018784,187011692,2459624.6137450272,59624.116921300003,18.2758064,0.0347134918,0,zr,1.4946834,29.684373799999999,0.628000021,0.0250000004,20220214116910,600,0xe,0x2,20.1200008,26.2020016,0.0322628804,0.0809760243,1.3895472e-05,30,1.90600002,2
600214200018784,187011995,2459624.6167772114,59624.119953699999,18.2754402,0.0347048379,0,zr,1.4945776,29.684381500000001,1.23300004,-0.00300000003,20220214119942,600,0xe,0x2,20.0699997,26.1996288,0.0340214334,0.0859573409,1.55156013e-05,30,1.95500004,2
600214200018784,187012298,2459624.6198094031,59624.122986100003,18.3318062,0.0360715128,0,zr,1.4946455999999999,29.684376700000001,0.704999983,0.075000003,20220214122975,600,0xe,0x2,20.1000004,26.1980534,0.0307577569,0.0864260346,1.2605914e-05,30,2.0079999,2
600214200018784,187012603,2459624.6228531906,59624.1260301,18.3062267,0.0354427285,0,zr,1.4946401,29.684373099999998,0.428000003,0.0590000004,20220214126019,600,0xe,0x2,20.0499992,26.1794262,0.0316480398,0.085904561,1.3357715e-05,30,2.06299996,2
600214200018784,187111512,2459625.6118830717,59625.1151273,17.9078026,0.0273210201,0,zr,1.4946469,29.684429000000002,0.862999976,0.0299999993,20220215115116,600,0xe,0x2,19.8500004,26.2154922,0.0342001505,0.08361049,1.55988018e-05,30,1.921,2
600214200018784,187111814,2459625.6149036633,59625.118148100002,17.873476,0.0267514307,0,zr,1.4946481,29.684401300000001,0.722000003,0.0460000001,20220215118137,600,0xe,0x2,20.0900002,26.2120991,0.0281333867,0.0834353417,1.06419548e-05,30,1.97099996,2
600214200018784,187112118,2459625.6179359537,59625.121180599999,17.821701,0.0259264391,0,zr,1.4946250000000001,29.6843954,1.29299998,0.0540000014,20220215121157,600,0xe,0x2,19.8600006,26.2022629,0.031731572,0.083104603,1.35793525e-05,30,2.02399993,2
600214200018784,187112420,2459625.6209565504,59625.124201400002,17.8234806,0.0259541161,0,zr,1.4947083999999999,29.6843991,0.245000005,-0.0219999999,20220215124190,600,0xe,0x2,19.8700008,26.2040424,0.0335468836,0.0823141038,1.50679671e-05,30,2.08100009,2
600214200018784,187112722,2459625.6239771401,59625.127222199997,17.9575157,0.0281791221,0,zr,1.4946161,29.6844149,0.671000004,0.0130000003,20220215127211,600,0xe,0x2,20.0499992,26.1972523,0.0309787393,0.0822824314,1.28740348e-05,30,2.14100003,2
600214200018784,187312458,2459627.6212054407,59627.124583299999,18.4546108,0.0392975621,0,zr,1.4946671,29.684440200000001,0.501999974,-0.0520000011,20220217124572,600,0xe,0x2,19.5799999,26.1458683,0.0364381224,0.0852459297,1.87862952e-05,30,2.20000005,2
600214200018784,187312758,2459627.6242029411,59627.127581000001,18.362833,0.0368537046,0,zr,1.4946131,29.6844714,0.497999996,-0.00200000009,20220217127581,600,0xe,0x2,19.4099998,26.1290092,0.0386493243,0.0868387073,2.18872028e-05,30,2.26799989,2
600214200018784,187313059,2459627.6272120299,59627.130590300003,18.2301979,0.0336568579,0,zr,1.4945847000000001,29.684312200000001,0.791999996,0.0130000003,20220217130579,600,0xe,0x2,19.2999992,26.1342316,0.0398156084,0.0891308188,2.41160105e-05,30,2.33999991,2
600214200018784,188210898,2459636.6050618109,59636.108981500001,18.0286751,0.0294787567,0,zr,1.4946585999999999,29.6843808,0.555000007,0.0359999985,20220226108947,600,0xe,0x2,19.4099998,26.1265793,0.0400554053,0.081854023,2.32516832e-05,30,2.41599989,2
600214200018784,188211138,2459636.6074690735,59636.111388899997,17.9629898,0.0282760728,0,zr,1.494577,29.684387000000001,0.180000007,0.0140000004,20220226111366,600,0xe,0x2,19.6499996,26.1098175,0.0367786847,0.0929075852,1.88099784e-05,30,2.48200011,2
600214200018784,188211380,2459636.6098879441,59636.113807900001,18.1542931,0.031992197,0,zr,1.4946064999999999,29.684475299999999,0.741999984,-0.00300000003,20220226113785,600,0xe,0x2,19.7999992,26.0953407,0.0354079306,0.0900666788,1.66004556e-05,30,2.55299997,2
600214200018784,188211622,2459636.6123068072,59636.116226899998,18.0503502,0.0298919585,0,zr,1.4946596999999999,29.684416500000001,0.760999978,0.0160000008,20220226116192,600,0xe,0x2,19.8999996,26.0893078,0.0347260237,0.0951475203,1.61974185e-05,30,2.62700009,2
600214200018784,188211863,2459636.614714073,59636.118634300001,18.3183708,0.0357394442,0,zr,1.4947089,29.684408300000001,0.917999983,0.00200000009,20220226118611,600,0xe,0x2,19.8400002,26.0776253,0.0353065953,0.0951890945,1.66669088e-05,30,2.70600009,2
600214200018784,194848965,2459702.9852521541,59702.489652800003,18.9418106,0.0560635813,0,zr,1.4945757,29.684372100000001,0.614000022,-0.0280000009,20220503489641,600,0xe,0x2,20.1599998,25.9017105,0.0309768412,0.103627324,1.26962786e-05,30,2.68799996,1
600214200018784,194849207,2459702.9876712477,59702.492071799999,19.1511784,0.0656135827,0,zr,1.4947343,29.684347299999999,0.731000006,0.0949999988,20220503492060,600,0xe,0x2,20.1499996,25.9171619,0.0303164832,0.0982954577,1.22636602e-05,30,2.6099999,1
600214200018784,194849449,2459702.9900902584,59702.494490700003,19.1911716,0.0676234737,0,zr,1.4946301,29.6845359,1.48300004,-0.0780000016,20220503494491,600,0xe,0x2,19.5599995,25.9421597,0.0406663343,0.0975763425,2.24393862e-05,30,2.53600001,1
600214200018784,194849692,2459702.9925209563,59702.4969213,19.0265732,0.059739247,0,zr,1.4946493000000001,29.6842741,1.24399996,-0.308999985,20220503496921,600,0xe,0x2,19.4400005,25.9395485,0.0406446233,0.0964218229,2.42098431e-05,30,2.46700001,1
600214200018784,195348449,2459707.9803121118,59707.484490700001,18.9885902,0.0580610447,0,zr,1.4943428000000001,29.6844705,0.880999982,0.749000013,20220508484491,600,0xe,0x2,19.1299992,26.1135674,0.0435423143,0.107198246,3.22871929e-05,30,2.43300009,1
600214200018784,195349177,2459707.9875925495,59707.491770799999,18.7908993,0.0501169153,0,zr,1.4945774000000001,29.684117000000001,1.00199997,0.367000014,20220508491759,600,0xe,0x2,18.75,26.1128349,0.0474424139,0.121645793,5.01187751e-05,30,2.25200009,1
600214200018784,195448327,2459708.9791450957,59708.483275500002,19.0416985,0.0604218394,0,zr,1.4946638000000001,29.684503800000002,1.38600004,0.023,20220509483275,600,0xe,0x2,19.7199993,26.1122322,0.0375961103,0.103693321,1.9382047e-05,30,2.39299989,1
600214200018784,195448570,2459708.9815757149,59708.485705999999,19.0338116,0.0600648895,0,zr,1.4946956,29.6844474,1.43799996,-0.123999998,20220509485706,600,0xe,0x2,19.7999992,26.1193581,0.0359454788,0.105509534,1.72018717e-05,30,2.33100009,1
600214200018784,195448813,2459708.9840064384,59708.488136599997,19.2001247,0.0680819303,0,zr,1.4946680000000001,29.684491699999999,0.572000027,0.128000006,20220509488137,600,0xe,0x2,19.7700005,26.1237373,0.0353105441,0.101026125,1.64771809e-05,30,2.273,1
600214200018784,195449300,2459708.9888793775,59708.4930093,18.8108387,0.0508606918,0,zr,1.4947309,29.684408099999999,0.541000009,0.00600000005,20220509492998,600,0xe,0x2,19.2700005,26.1403332,0.0389389172,0.101045594,2.33046303e-05,30,2.16499996,1
600214200018784,195648305,2459710.9790253895,59710.483055600002,18.8893814,0.0539133251,0,zr,1.4946946999999999,29.684519399999999,1.79999995,-0.0309999995,20220511483056,600,0xe,0x2,19.8600006,26.1082497,0.0382761657,0.104724064,1.96291512e-05,30,2.26399994,1
600214200018784,195649033,2459710.9863057733,59710.4903356,18.8144245,0.0509957708,0,zr,1.4946647,29.684567999999999,0.873000026,-0.0240000002,20220511490336,600,0xe,0x2,19.4699993,26.1313076,0.0445433185,0.109054692,2.74791746e-05,30,2.10800004,1
600214200018784,195649276,2459710.9887365005,59710.492766199997,18.8290386,0.0515505075,0,zr,1.4946467000000001,29.6843775,0.535000026,-0.0829999968,20220511492755,600,0xe,0x2,19.1100006,26.1399479,0.0433267578,0.103832416,3.39647522e-05,30,2.06100011,1
600214200018784,196446575,2459718.962168566,59718.465752299999,18.7093678,0.0472017117,0,zr,1.4945894,29.6843696,0.713,0,20220519465590,600,0xe,0x2,20.2000008,26.0830936,0.0312895998,0.0902016014,1.31732577e-05,30,2.16400003,1
600214200018784,196446771,2459718.9641362838,59718.4677199,18.5809479,0.0430003218,0,zr,1.4946311999999999,29.6844143,0.584999979,0.0430000015,20220519467650,600,0xe,0x2,20.3899994,26.0805988,0.0262904074,0.0915216133,9.27576912e-06,30,2.12400007,1
600214200018784,196446968,2459718.9661040055,59718.469687500001,18.7582321,0.048924841,0,zr,1.4946214,29.684414700000001,0.970000029,-0.122000001,20220519469618,600,0xe,0x2,20.4200001,26.0809975,0.0260857418,0.0969349593,9.13445638e-06,30,2.08500004,1
600214200018784,196447165,2459718.9680717243,59718.471655100002,18.6768551,0.0460940897,0,zr,1.4946503,29.684401999999999,0.476999998,0.0329999998,20220519471586,600,0xe,0x2,20.2900009,26.0915737,0.0294166822,0.0941748098,1.15707717e-05,30,2.0480001,1
600214200018784,196447362,2459718.9700394473,59718.473622700003,18.7785587,0.0496627539,0,zr,1.4946231999999999,29.684433800000001,0.481000006,-0.0280000009,20220519473553,600,0xe,0x2,20.3600006,26.0953407,0.0270775091,0.0987820104,9.85002953e-06,30,2.01200008,1
600214200018784,196546728,2459719.9637573673,59719.467280099998,19.1192398,0.0640526414,0,zr,1.4947318000000001,29.684295500000001,0.699000001,-0.107000001,20220520467211,600,0xe,0x2,19.6499996,26.1141586,0.0363937691,0.102274813,1.79327963e-05,30,2.079,1
600214200018784,196547122,2459719.9677044041,59719.471226900001,18.9173374,0.0550483949,0,zr,1.4948701,29.6843626,0.811999977,0.0719999969,20220520471146,600,0xe,0x2,19.3400002,26.1092014,0.0418882258,0.10342475,2.8121467e-05,30,2.00600004,1
600214200018784,200144809,2459755.9473058926,59755.4480903,19.0104942,0.059022598,0,zr,1.4946835999999999,29.684402800000001,0.446999997,0.00800000038,20220625448079,600,0xe,0x2,20.9200001,26.229353,0.0237973221,0.100678973,7.68608879e-06,30,1.26499999,1
600214200018784,201239390,2459766.894068426,59766.393900499999,18.8176918,0.0511192083,0,zr,1.4946739,29.684400199999999,0.949000001,0.00400000019,20220706393889,600,0xe,0x2,21.3299999,26.215517,0.0231027193,0.0925585255,7.24287247e-06,30,1.41400003,1
600214200018784,201940641,2459773.9071918805,59773.406411999997,18.6056633,0.0437733941,0,zr,1.4946948,29.684398300000002,0.973999977,-0.0379999988,20220713406366,600,0xe,0x2,20.3700008,26.1852722,0.0266762562,0.0892301425,9.72690032e-06,30,1.22800004,1
600214200018784,201944863,2459773.9494178761,59773.448634300003,18.8976593,0.0542467237,32768,zr,1.494672,29.6843866,0.922999978,-0.158999994,20220713448588,600,0xe,0x2,20.3099995,26.0364838,0.0690890476,0.0832826048,6.47948254e-05,30,1.08500004,1
600214200018784,202041122,2459774.9120939644,59774.411226900003,18.82477,0.0513877757,0,zr,1.4946653999999999,29.684402500000001,0.602999985,0.0109999999,20220714411227,600,0xe,0x2,20.6200008,26.1875,0.0235698968,0.0886137038,7.54376379e-06,30,1.19599998,1
600214200018784,202044777,2459774.9486480537,59774.4477778,18.8757992,0.0533711649,0,zr,1.4946815,29.684380000000001,0.680999994,-0.0410000011,20220714447766,600,0xe,0x2,20.7999992,26.1985493,0.0240859985,0.0939333886,7.89138994e-06,30,1.08099997,1
600214200018784,202240337,2459776.9044189039,59776.4033796,18.7657375,0.0491958447,0,zr,1.4946526,29.684383799999999,1.02699995,0.0240000002,20220716403368,600,0xe,0x2,20.6200008,26.2124577,0.0236714687,0.0784300417,7.53838958e-06,30,1.20500004,1
600214200018784,202242664,2459776.9276848212,59776.426643500003,18.9918575,0.0582034104,0,zr,1.4946900999999999,29.6844039,0.685000002,-0.100000001,20220716426597,600,0xe,0x2,20.6000004,26.2185917,0.0238324739,0.0820297971,7.81959443e-06,30,1.12199998,1
600214200018784,202436744,2459778.8686502664,59778.367442100003,18.9084625,0.0546852201,0,zr,1.4946652,29.684385899999999,0.244000003,-0.0120000001,20220718367442,600,0xe,0x2,20.3600006,26.1132908,0.0262264851,0.0864735618,9.24042797e-06,30,1.37,2
600214200018784,202542358,2459779.9248865871,59779.423587999998,19.3094254,0.073937498,0,zr,1.4946444000000001,29.6843687,0.688000023,-0.0829999968,20220719423588,600,0xe,0x2,21.0200005,26.2162762,0.0200443752,0.0843564942,5.53317068e-06,30,1.10699999,1
600214200018784,202940879,2459783.9104325604,59783.408796299998,18.9884357,0.058054354,0,zr,1.4946682,29.6844,0.537,0.0170000009,20220723408785,600,0xe,0x2,21.4699993,26.0952339,0.0284799114,0.087259531,1.10636838e-05,30,1.11800003,1
600214200018784,203141094,2459785.9127526688,59785.410949099998,18.8333607,0.0517158285,0,zr,1.4946870999999999,29.684401000000001,1.32599998,0.023,20220725410938,600,0xe,0x2,21.5599995,26.2020321,0.0229364056,0.0789842084,7.22951063e-06,30,1.097,2
600214200018784,203141188,2459785.9136902471,59785.411886599999,18.8457737,0.0521940105,0,zr,1.4946976000000001,29.6843903,0.500999987,-0.0309999995,20220725411887,600,0xe,0x2,21.6700001,26.1984463,0.0233537052,0.0837670937,7.50435083e-06,30,1.09500003,1
600214200018784,203146243,2459785.964238463,59785.462430599997,19.0080128,0.058912795,0,zr,1.4947081,29.684414799999999,0.579999983,0.00899999961,20220725462350,600,0xe,0x2,21.2999992,26.1238461,0.0259385277,0.0914543793,9.24446158e-06,30,1.01600003,2
600214200018784,203236803,2459786.8699152856,59786.368032400002,18.8853207,0.0537505746,0,zr,1.4946694,29.684388800000001,0.808000028,-0.0680000037,20220726367801,600,0xe,0x2,21.5200005,26.1540985,0.0245927889,0.0845049694,8.2597744e-06,30,1.24199998,2
600214200018784,203240945,2459786.9113423354,59786.409456000001,19.1888485,0.067505002,0,zr,1.4946816000000001,29.684394399999999,0.448000014,-0.0120000001,20220726409444,600,0xe,0x2,21.5499992,26.164608,0.0234150179,0.0815927386,7.5784701e-06,30,1.09399998,2
600214200018784,203340861,2459787.9105797745,59787.4086111,18.9773941,0.0575760677,0,zr,1.4946805000000001,29.6843808,0.782000005,-0.0500000007,20220727408611,600,0xe,0x2,21.5699997,26.1841984,0.0223685559,0.0863772556,6.80787116e-06,30,1.09000003,1
600214200018784,203340956,2459787.9115289524,59787.409560200002,18.9455948,0.0562223494,0,zr,1.4946769,29.6843906,0.734000027,-0.0590000004,20220727409549,600,0xe,0x2,21.4799995,26.1953869,0.0234011933,0.0823977515,7.41953136e-06,30,1.08700001,2
600214200018784,203342716,2459787.9291346064,59787.427164399996,19.017498,0.0593336225,0,zr,1.4946997,29.684368500000001,1.10800004,-0.0909999982,20220727427153,600,0xe,0x2,21.4400005,26.2122822,0.0211193115,0.0721496269,6.09747167e-06,30,1.051,2
600214200018784,203441653,2459788.9185906262,59788.416539400001,18.979969,0.057687223,0,zr,1.4946869,29.684377999999999,0.683000028,-0.00499999989,20220728416458,600,0xe,0x2,21.5,26.1718197,0.0235015731,0.0875550434,7.55447945e-06,30,1.06599998,2
600214200018784,203442686,2459788.9289154736,59788.426863399996,18.7498798,0.0486252345,0,zr,1.4946678,29.6843906,0.89200002,-0.0120000001,20220728426852,600,0xe,0x2,21.4300003,26.1865387,0.0217695404,0.0822680071,6.50457196e-06,30,1.04700005,2
600214200018784,203545115,2459789.9532928062,59789.451157399999,18.8859749,0.0537767634,0,zr,1.4946706999999999,29.684422300000001,1.83500004,-0.128999993,20220729451146,600,0xe,0x2,21.0499992,26.1337986,0.0239128638,0.100160368,7.83518681e-06,30,1.01600003,2
600214200018784,203545209,2459789.9542303798,59789.4520949,18.9024696,0.0544414893,0,zr,1.4947238,29.684404499999999,0.574999988,-0.0350000001,20220729452095,600,0xe,0x2,21,26.1313,0.023659382,0.0979994237,7.68896098e-06,30,1.01499999,1
600214200018784,203547295,2459789.9750885782,59789.472951399999,19.1675186,0.0664272606,0,zr,1.4946522,29.684394999999999,0.986000001,-0.0860000029,20220729472940,600,0xe,0x2,21.3099995,26.1324692,0.02223338,0.0868220031,6.77112712e-06,30,1.00699997,2
600214200018784,203941627,2459793.9187253136,59793.416273100003,19.040926,0.0603867881,0,zr,1.4946729000000001,29.684384000000001,0.731999993,0.0240000002,20220802416273,600,0xe,0x2,21.6399994,26.1966877,0.0249078218,0.0824573562,8.53958954e-06,30,1.04200006,2
600214200018784,204138431,2459795.8869228293,59795.384317099997,19.0116425,0.0590734631,0,zr,1.4946564,29.684403,0.745000005,0.057,20220804384317,600,0xe,0x2,21.3600006,26.0314884,0.0290408637,0.0869989693,1.16691126e-05,30,1.09599996,1
600214200018784,204139391,2459795.8965184744,59795.393912,19.0941887,0.0628553182,0,zr,1.4946774,29.684404900000001,1.54200006,0.0540000014,20220804393912,600,0xe,0x2,21.1700001,25.9469719,0.0298564322,0.0756793544,1.21916164e-05,30,1.07299995,2
600214200018784,204144303,2459795.9456426823,59795.443032399999,19.223732,0.0693059713,32768,zr,1.4947199,29.684426899999998,0.839999974,0.0979999974,20220804443021,600,0xe,0x2,20.1200008,25.3406525,0.0372600071,0.106503889,1.93236374e-05,30,1.01100004,2
600214200018784,204245615,2459796.9588456387,59796.456157400004,18.8335953,0.0517248288,0,zr,1.4946735,29.684383799999999,0.745000005,-0.00800000038,20220805456053,600,0xe,0x2,21.8500004,26.2054844,0.0266084336,0.0810841098,9.62529248e-06,30,1.00699997,2
600214200018784,204336530,2459797.8680584282,59797.365300899997,19.0901623,0.0626650304,0,zr,1.4947349000000001,29.6843799,0.912999988,0.00600000005,20220806365301,600,0xe,0x2,21.4300003,26.2632942,0.0232191645,0.0736093074,7.30753482e-06,30,1.13399994,2
600214200018784,204347061,2459797.9733789484,59797.470613400001,18.7351837,0.0481032059,0,zr,1.4946733999999999,29.6843903,1.046,-0.0869999975,20220806470590,600,0xe,0x2,21.3600006,26.257843,0.0299149118,0.0875974745,1.23472992e-05,30,1.01199996,2
600214200018784,204437090,2459798.8737362977,59798.370902800001,18.9955292,0.0583638288,0,zr,1.4947059,29.684367900000002,1.54799998,-0.0879999995,20220807370903,600,0xe,0x2,21.3099995,26.2333088,0.0233020689,0.0817239732,7.48746334e-06,30,1.11000001,2
600214200018784,204444334,2459798.9461838617,59798.443344899999,19.0556965,0.0610609166,0,zr,1.4946873000000001,29.684411600000001,1.19799995,-0.0799999982,20220807443322,600,0xe,0x2,21.2800007,26.2055702,0.023798719,0.0939289555,7.76709749e-06,30,1.00800002,2
600214200018784,204444428,2459798.9471214325,59798.4442824,18.9289989,0.0555295795,0,zr,1.4946828000000001,29.684411099999998,0.987999976,-0.0590000004,20220807444282,600,0xe,0x2,21.2299995,26.2088242,0.0231021978,0.0948251411,7.31100045e-06,30,1.00800002,1
600214200018784,204644096,2459800.9439480524,59800.440960599997,19.0078182,0.0589042157,0,zr,1.4946499,29.684390100000002,0.903999984,-0.00600000005,20220809440949,600,0xe,0x2,21.6499996,26.2017021,0.0260967948,0.089507319,9.29040652e-06,30,1.00800002,2
600214200018784,204735060,2459801.8536558887,59801.350601899998,18.5740242,0.0427866913,0,zr,1.4946609,29.6843936,1.199,-0.0590000004,20220810350590,600,0xe,0x2,20.9400005,26.2206593,0.0273178276,0.0922211632,1.01451215e-05,30,1.14699996,2
600214200018784,204745457,2459801.9576333831,59801.454571800001,18.9820995,0.0577793457,0,zr,1.4946899,29.684375899999999,1.22099996,-0.0289999992,20220810454560,600,0xe,0x2,21.1900005,26.2510815,0.021222936,0.0865973532,6.15930821e-06,30,1.00999999,1
600214200018784,204746128,2459801.9643467721,59801.461284700003,18.9859505,0.0579463243,0,zr,1.4946584999999999,29.684384099999999,1.32299995,-0.0299999993,20220810461227,600,0xe,0x2,21.1000004,26.2478485,0.0215505362,0.0806469396,6.3310431e-06,30,1.01300001,2
600214200018784,204826223,2459802.7653537532,59802.2622338,19.0907803,0.062694177,0,zr,1.4946078,29.684402500000001,0.568000019,-0.0390000008,20220811262083,600,0xe,0x2,19.5499992,25.8566666,0.0425428413,0.0783710107,2.66838815e-05,30,1.74100006,2
600214200018784,204846098,2459802.964118157,59802.460983800003,18.8101196,0.0508336611,0,zr,1.4946615000000001,29.6843775,0.638000011,-0.0189999994,20220811460972,600,0xe,0x2,20.8799992,26.2669678,0.0227996726,0.091630958,7.04016611e-06,30,1.01400006,2
600214200018784,204938188,2459803.885086793,59803.3818866,18.9148922,0.0549480841,0,zr,1.4946566999999999,29.68441,0.404000014,-0.0599999987,20220812381887,600,0xe,0x2,20.6100006,26.2056179,0.0281213373,0.0949320272,1.08689019e-05,30,1.05400002,1
600214200018784,204943604,2459803.9392457553,59803.436041699999,19.1220493,0.0641884208,0,zr,1.4946721999999999,29.684376199999999,0.911000013,0.0250000004,20220812436030,600,0xe,0x2,20.6100006,26.2327614,0.0252328683,0.0892695561,8.89849616e-06,30,1.00699997,2
600214200018784,205040773,2459804.9110041955,59804.407731500003,18.929287,0.0555415414,0,zr,1.4946919000000001,29.684423500000001,0.878000021,-0.207000002,20220813407732,600,0xe,0x2,19.8500004,26.126915,0.0354797728,0.101524562,1.77258771e-05,30,1.01800001,2
600214200018784,205144671,2459805.9500581892,59805.446712999998,18.6800575,0.0462018214,0,zr,1.4946712,29.684370999999999,0.621999979,-0.0410000011,20220814446713,600,0xe,0x2,20.6399994,26.1950703,0.0299681816,0.0961820632,1.21769426e-05,30,1.01100004,2
600214200018784,205148068,2459805.9840304344,59805.480682900001,18.9630775,0.056962315,0,zr,1.4946592999999999,29.684397799999999,0.64200002,-0.0710000023,20220814480683,600,0xe,0x2,20.6499996,26.2321491,0.0277221818,0.0892846435,1.05027466e-05,30,1.04499996,2
600214200018784,205234821,2459806.85162488,59806.348217600003,18.9787064,0.0576326922,0,zr,1.4946469,29.684399899999999,0.875,-0.0939999968,20220815348218,600,0xe,0x2,20.7800007,26.2245598,0.0264183227,0.0938702822,9.40956488e-06,30,1.11199999,2
600214200018784,205237059,2459806.8739991244,59806.370590300001,19.3643608,0.0770657137,0,zr,1.4946306,29.684388500000001,0.300999999,0.0280000009,20220815370556,600,0xe,0x2,20.5900002,26.2291927,0.024710495,0.0935338959,8.28343309e-06,30,1.05999994,1
600214200018784,205243533,2459806.9387488659,59806.435335599999,19.0004997,0.0585817695,0,zr,1.4946356999999999,29.684421100000002,0.550999999,0.00100000005,20220815435289,600,0xe,0x2,20.6499996,26.2182045,0.0252483543,0.0919090286,8.82684253e-06,30,1.00800002,2
600214200018784,205331836,2459807.8218413796,59807.318368100001,19.1077118,0.0634987429,0,zr,1.4946282,29.6843875,0.101999998,0.00300000003,20220816318368,600,0xe,0x2,20.7000008,26.1966476,0.0251195151,0.0945516825,8.56209408e-06,30,1.20700002,2
600214200018784,205336179,2459807.865270237,59807.361793999997,18.8338013,0.0517327376,0,zr,1.4946512999999999,29.684412200000001,1.02999997,-0.105999999,20220816361794,600,0xe,0x2,20.7399998,26.2205887,0.0221624374,0.0882464573,6.72751003e-06,30,1.07200003,2
600214200018784,205434914,2459808.8526859782,59808.349143500003,18.7538471,0.0487672687,0,zr,1.494651,29.6843854,0.58099997,-0.111000001,20220817349132,600,0xe,0x2,21.0100002,26.1905651,0.0242446549,0.0920170918,8.10766232e-06,30,1.09500003,2
600214200018784,205443699,2459808.9405390522,59808.4369907,20.4497261,0.164904475,0,zr,1.4946136999999999,29.684328900000001,0.806999981,-0.0909999982,20220817436944,600,0xe,0x2,21.1399994,26.2274799,0.0252444334,0.0891049132,8.87211263e-06,30,1.00999999,1
600214200018784,205530134,2459809.8049480505,59809.301342600003,19.1223793,0.0642043874,0,zr,1.4947125999999999,29.684422300000001,0.824999988,0.050999999,20220818301343,600,0xe,0x2,20.6100006,26.1784019,0.0252058301,0.0914504603,8.61530953e-06,30,1.26100004,2
600214200018784,205546615,2459809.9697737154,59809.466157399998,18.8276901,0.0514990054,0,zr,1.4946501999999999,29.684374500000001,1.24199998,-0.074000001,20220818466157,600,0xe,0x2,21.1800003,26.2236347,0.0206641424,0.0869806781,5.8363571e-06,30,1.03999996,2
600214200018784,205642284,2459810.9265257809,59810.422847200003,18.8020153,0.0505300537,0,zr,1.4946645999999999,29.6844112,0.470999986,-0.0379999988,20220819422836,600,0xe,0x2,21.1299992,26.169733,0.025317993,0.0945037305,8.79428535e-06,30,1.00800002,1
600214200018784,205737824,2459811.8819805454,59811.378240700004,18.7534523,0.0487531237,0,zr,1.4946693,29.684391600000001,0.34799999,0.0130000003,20220820378241,600,0xe,0x2,21.3799992,26.1912479,0.0209650658,0.0884207934,5.99027726e-06,30,1.028,2
600214200018784,205834416,2459812.8479675371,59812.344166700001,18.9717865,0.0573348068,0,zr,1.4946799,29.6843732,0.869000018,-0.0450000018,20220821344155,600,0xe,0x2,21.6299992,26.2245636,0.0220726952,0.0771493763,6.68648772e-06,30,1.08099997,1
600214200018784,205834780,2459812.8516019653,59812.347800900003,18.924778,0.0553549156,0,zr,1.4946649000000001,29.684403199999998,1.09599996,0.0280000009,20220821347731,600,0xe,0x2,21.7600002,26.2145557,0.0265851431,0.0890277475,9.67734195e-06,30,1.07299995,2
600214200018784,205840855,2459812.9123580866,59812.408553200003,18.8637104,0.0528937019,0,zr,1.4946687999999999,29.684375800000002,1.00999999,0.00400000019,20220821408519,600,0xe,0x2,21.6399994,26.2183399,0.0246172007,0.0881388932,8.42882127e-06,30,1.00699997,2
600214200018784,205938684,2459813.8907059194,59813.386840300001,18.974205,0.0574387386,0,zr,1.4946558999999999,29.684393199999999,1.00100005,-0.0149999997,20220822386840,600,0xe,0x2,21.4699993,26.2049465,0.0235580709,0.0921780989,7.57299085e-06,30,1.01499999,2
600214200018784,205942148,2459813.92534925,59813.421481500001,18.6880608,0.0464723967,0,zr,1.4947263,29.684396899999999,0.999000013,0.0350000001,20220822421424,600,0xe,0x2,20.6200008,26.1926994,0.0267119929,0.100763358,9.80206823e-06,30,1.00999999,2
600214200018784,206038079,2459814.8847248908,59814.380798600003,18.8516464,0.0524219498,0,zr,1.4946843999999999,29.6844182,1.24000001,0.050999999,20220823380694,600,0xe,0x2,21.1100006,26.2294388,0.0234662797,0.0976665989,7.59006389e-06,30,1.01699996,2
600214200018784,206039988,2459814.9038117505,59814.399884300001,18.9121799,0.0548370481,0,zr,1.4946805999999999,29.684382899999999,0.856999993,0.0329999998,20220823399861,600,0xe,0x2,21.6499996,26.2229939,0.0231217556,0.0835268423,7.33734805e-06,30,1.00800002,1
600214200018784,206040082,2459814.9047493073,59814.400821800002,18.9617481,0.056905631,0,zr,1.4946755,29.6843866,0.43599999,-0.0250000004,20220823400822,600,0xe,0x2,21.6700001,26.2265739,0.0226157494,0.0798210651,7.0008382e-06,30,1.00800002,2
600214200018784,206133599,2459815.8399789892,59815.335995399997,18.7889156,0.0500435941,0,zr,1.4946785,29.684383400000002,0.787,-0.0340000018,20220824335752,600,0xe,0x2,21.4899998,26.1836491,0.024581477,0.0855112895,8.26635278e-06,30,1.08099997,2
600214200018784,206139376,2459815.8977486384,59815.393761599997,18.8147526,0.0510081835,0,zr,1.4946805999999999,29.684399899999999,0.815999985,-0.0240000002,20220824393750,600,0xe,0x2,21.6100006,26.200386,0.0203713384,0.0864664987,5.76838374e-06,30,1.00899994,2
600214200018784,206238122,2459816.8852720736,59816.381226899997,18.871603,0.0532048941,0,zr,1.4946843999999999,29.6843808,0.428000003,-0.0299999993,20220825381215,600,0xe,0x2,21.4500008,26.1483116,0.0262991637,0.0856207684,9.44613021e-06,30,1.01300001,1
600214200018784,206338208,2459817.8861862905,59817.382083299999,18.9040947,0.0545074604,0,zr,1.4946653000000001,29.6844052,1.25100005,0.0960000008,20220826382060,600,0xe,0x2,21.6000004,26.1808147,0.027389694,0.087255232,1.02835984e-05,30,1.01100004,2
600214200018784,206347881,2459817.9829278975,59817.478819399999,19.014534,0.0592017472,0,zr,1.4947550000000001,29.684366900000001,0.725000024,-0.0189999994,20220826478808,600,0xe,0x2,21.3099995,26.1965275,0.0229969993,0.0706790462,7.18307911e-06,30,1.11199999,2
600214200018784,206441144,2459818.915608075,59818.411446799997,18.93116,0.0556192659,0,zr,1.4946424,29.684394000000001,0.541999996,0.00100000005,20220827411424,600,0xe,0x2,21.6200008,26.2330666,0.0210365411,0.0837988332,6.06782351e-06,30,1.01100004,1
600214200018784,206441238,2459818.9165456267,59818.412384299998,18.8101749,0.0508357733,0,zr,1.4946721000000001,29.684388500000001,0.889999986,0.0610000007,20220827412384,600,0xe,0x2,21.6700001,26.2220211,0.0237311926,0.0883776993,7.71422947e-06,30,1.01100004,2
600214200018784,206731814,2459821.8224672945,59821.318148099999,18.7689285,0.0493115894,0,zr,1.4946804,29.6844064,0.947000027,0.0729999989,20220830318137,600,0xe,0x2,21.6800003,26.2396317,0.0267116167,0.0874909908,9.75408693e-06,30,1.08399999,1
600214200018784,206934652,2459823.8509512423,59823.3465278,19.268259,0.0716753229,0,zr,1.4946704,29.684419900000002,1.34099996,-0.00100000005,20220901346516,600,0xe,0x2,21.2600002,26.2203827,0.0234421734,0.0895018652,7.49079709e-06,30,1.02699995,2
600214200018784,206940862,2459823.9130492578,59823.408622700001,19.1211739,0.0641460493,0,zr,1.4946762,29.684393799999999,0.89200002,0.0540000014,20220901408623,600,0xe,0x2,21.3500004,26.2169247,0.0216670334,0.0883489624,6.48438845e-06,30,1.01800001,2
600214200018784,207032482,2459824.8292983072,59824.324826399999,18.8347263,0.0517682135,0,zr,1.4947207,29.684390199999999,0.522000015,-0.0329999998,20220902324826,600,0xe,0x2,21.3099995,26.1994686,0.0223046225,0.0801903084,6.81957545e-06,30,1.05400002,2
600214200018784,207036412,2459824.8685942385,59824.364120400001,19.147522,0.0654329211,0,zr,1.4946987,29.6844134,0.745000005,0.0780000016,20220902364109,600,0xe,0x2,21.5,26.1943226,0.0245202966,0.0864032954,8.22897709e-06,30,1.01100004,1
600214200018784,207039612,2459824.9005981055,59824.396122700004,18.7799015,0.0497119203,0,zr,1.4946713,29.6843839,0.435000002,0.0270000007,20220902396088,600,0xe,0x2,21.7999992,26.2135353,0.023243634,0.0838691369,7.56444342e-06,30,1.01199996,2
600214200018784,207135993,2459825.8644525059,59825.359930600003,18.8813496,0.0535919815,0,zr,1.4946754,29.684395599999998,1.14999998,-0.0780000016,20220903359687,600,0xe,0x2,21.2199993,26.1892338,0.0231714062,0.091633074,7.371631e-06,30,1.01100004,2
600214200018784,207229923,2459826.8038021829,59826.2992361,18.5678959,0.0425986685,0,zr,1.4947151000000001,29.684348499999999,0.625,0.023,20220904299225,600,0xe,0x2,20.5400009,26.1763744,0.0311208609,0.0730733871,1.33796357e-05,30,1.097,2
600214200018784,207230549,2459826.8100640783,59826.305497699999,18.8060246,0.0506799929,0,zr,1.4946417999999999,29.684360699999999,0.822000027,-0.0659999996,20220904305498,600,0xe,0x2,21.1399994,26.1846695,0.0222428441,0.0845717788,6.79858158e-06,30,1.08200002,1
600214200018784,207336049,2459827.8651123838,59827.3604977,18.9700222,0.0572591275,0,zr,1.4946838,29.684387699999998,0.978999972,0.064000003,20220905360440,600,0xe,0x2,21.25,26.19771,0.0217127968,0.0852493197,6.543361e-06,30,1.00899994,2
600214200018784,207542885,2459829.9335593884,59829.428854199999,18.9485302,0.0563458391,0,zr,1.4946744000000001,29.684394699999999,0.967000008,-0.0649999976,20220907428854,600,0xe,0x2,21.4899998,26.2205296,0.022589989,0.0886919871,6.9852008e-06,30,1.07000005,2
600214200018784,207545530,2459829.9600071968,59829.455300900001,18.9212704,0.055210162,0,zr,1.4946614,29.684389100000001,0.435000002,-0.0430000015,20220907455289,600,0xe,0x2,21.2000008,26.2073421,0.0202427879,0.0836762041,5.57469821e-06,30,1.13999999,1
600214200018784,207545623,2459829.9609447345,59829.456238400002,18.9899178,0.0581188612,0,zr,1.4946786999999999,29.684413599999999,0.708999991,0.0149999997,20220907456238,600,0xe,0x2,21.25,26.2059975,0.0196221191,0.080239363,5.19491323e-06,30,1.14300001,2
600214200018784,208826275,2459842.767892566,59842.2627546,18.6940727,0.0466768481,0,zr,1.4946558999999999,29.684419800000001,0.509000003,-0.0419999994,20220920262755,600,0xe,0x2,21.3700008,26.2549763,0.0220244154,0.0936193243,6.56815291e-06,30,1.079,2
600214200018784,208838521,2459842.89036089,59842.385219900003,18.9890232,0.0580798723,0,zr,1.4946816999999999,29.6843863,0.768999994,-0.00300000003,20220920385208,600,0xe,0x2,21.1599998,26.2811146,0.0207083821,0.0770759583,5.85636963e-06,30,1.05400002,1
600214200018784,208927870,2459843.783866033,59843.278703700002,18.6491623,0.0451745018,0,zr,1.4947007000000001,29.684381399999999,0.898000002,0.0900000036,20220921278704,600,0xe,0x2,21.5,26.2653599,0.0233033989,0.088421382,7.30816555e-06,30,1.04400003,2
600214200018784,208940275,2459843.9079197934,59843.4027546,18.5526543,0.042135369,0,zr,1.4946645000000001,29.684396799999998,0.799000025,0.0469999984,20220921402743,600,0xe,0x2,21.4699993,26.2574806,0.0233066212,0.0919327289,7.34674359e-06,30,1.09800005,2
600214200018784,209030270,2459844.8078936641,59844.302708299998,18.7133694,0.0473401695,0,zr,1.4946408,29.6844,1.36899996,-0.0379999988,20220922302697,600,0xe,0x2,21.3500004,26.263382,0.0219049286,0.0904819742,6.51444907e-06,30,1.01499999,2
600214200018784,209031517,2459844.8203592347,59844.3151736,18.8000431,0.0504564531,0,zr,1.4946698,29.684427899999999,1.54499996,0.172000006,20220922315162,600,0xe,0x2,21.3099995,26.262928,0.0225177854,0.0955040827,6.91770401e-06,30,1.00899994,1
600214200018784,209041193,2459844.9171206062,59844.411932900002,18.8604469,0.0527656525,0,zr,1.4946672000000001,29.684391300000001,0.907000005,-0.103,20220922411921,600,0xe,0x2,21.4400005,26.263361,0.0197482537,0.0860404372,5.3623512e-06,30,1.13300002,2
600214200018784,209240289,2459846.9081212324,59846.402893500002,18.8584747,0.05268839,0,zr,1.4946683999999999,29.684411900000001,1.40999997,0.0130000003,20220924402894,600,0xe,0x2,21.5,26.2464142,0.0231698621,0.0838550776,7.33820843e-06,30,1.12199998,2
600214200018784,209241898,2459846.9242095225,59846.418981499999,18.6927757,0.0466326475,0,zr,1.4946572,29.684404600000001,1.25199997,0.0199999996,20220924418634,600,0xe,0x2,21.2900009,26.2347565,0.0217403155,0.0906763151,6.45533191e-06,30,1.176,2
600214200018784,209324616,2459847.7514119176,59847.246168999998,18.8112946,0.0508778691,0,zr,1.4946546999999999,29.6843957,0.586000025,0.00700000022,20220925246169,600,0xe,0x2,21.4200001,26.2591877,0.0211695302,0.0838484243,6.12396616e-06,30,1.08599997,2
600214200018784,209326181,2459847.7670602961,59847.261817099999,18.7673759,0.0492552146,0,zr,1.4946687000000001,29.6843933,0.518999994,0.0149999997,20220925261655,600,0xe,0x2,21.3799992,26.2501907,0.0207204949,0.0848676935,5.85957423e-06,30,1.05400002,1
600214200018784,209342980,2459847.9350492596,59847.429803200001,21.0163231,0.213346124,0,zr,1.4946417000000001,29.684361299999999,1.56799996,-0.266000003,20220925429618,600,0xe,0x2,21.3500004,26.2333889,0.0256280899,0.0902625024,9.01304702e-06,30,1.23300004,2
600214200018784,209424422,2459848.74948401,59848.244224499998,18.6218204,0.0442877077,0,zr,1.4946978,29.684397199999999,1.96700001,0.0199999996,20220926244225,600,0xe,0x2,21.4799995,26.2447262,0.0239159837,0.0859077498,7.79487618e-06,30,1.08399999,2
600214200018784,209431776,2459848.8230268904,59848.317766200002,18.311367,0.0355679318,0,zr,1.4946746,29.684409599999999,0.349000007,-0.0379999988,20220926317766,600,0xe,0x2,21.4500008,26.2507172,0.0254316051,0.0848215967,8.90108731e-06,30,1.00800002,2
600214200018784,209530718,2459849.8124630554,59849.307187500002,18.8873844,0.0538332425,0,zr,1.4946752999999999,29.6843793,0.416000009,-0.0280000009,20220927307188,600,0xe,0x2,21.4599991,26.2572765,0.0222624075,0.0888904631,6.76124864e-06,30,1.00800002,1
600214200018784,209530814,2459849.813423668,59849.308148099997,18.7951279,0.0502736159,0,zr,1.4946539000000001,29.6844012,0.361000001,-0.063000001,20220927308148,600,0xe,0x2,21.4699993,26.2499828,0.021557318,0.088241972,6.32709271e-06,30,1.00699997,2
600214200018784,209533657,2459849.8418500707,59849.336574100002,18.5766888,0.0428687483,0,zr,1.4946771000000001,29.684414700000001,0.768999994,-0.0860000029,20220927336528,600,0xe,0x2,21.1800003,26.2472744,0.0226602871,0.0898785964,7.04727199e-06,30,1.01699996,2
600214200018784,209939138,2459853.8967101197,59853.391388900003,18.5929604,0.043374002,0,zr,1.4946725999999999,29.6843854,1.27900004,-0.00700000022,20221001391389,600,0xe,0x2,21.7900009,26.2546673,0.0257569347,0.0889681876,9.03803539e-06,30,1.14600003,2
600214200018784,210028937,2459854.7947028959,59854.289375,18.8577213,0.0526589155,0,zr,1.4946796,29.684377399999999,0.971000016,-0.00600000005,20221002289363,600,0xe,0x2,21.6299992,26.2506943,0.0208358634,0.0811413154,5.88581452e-06,30,1.00800002,1
600214200018784,210029031,2459854.7956404015,59854.290312500001,18.9160328,0.0549948625,0,zr,1.4946557,29.684389700000001,0.537999988,0.0320000015,20221002290312,600,0xe,0x2,21.7199993,26.2450161,0.023882363,0.0853448957,7.77932019e-06,30,1.00800002,2
600214200018784,210035314,2459854.8584764111,59854.353148100003,18.9066963,0.0546132959,0,zr,1.4946758,29.684384600000001,0.825999975,0.0340000018,20221002353148,600,0xe,0x2,21.5100002,26.2316093,0.0248643085,0.088154532,8.41548353e-06,30,1.05599999,2
600214200018784,210134821,2459855.8535517473,59855.348217600003,18.6620026,0.0455982089,0,zr,1.4946807,29.684395599999998,0.624000013,-0.0189999994,20221003348206,600,0xe,0x2,21.6800003,26.2249813,0.0268490016,0.0843706951,9.81424364e-06,30,1.05200005,2
600214200018784,210142905,2459855.9343854068,59855.429050899998,18.9162178,0.0550024435,0,zr,1.4946801999999999,29.6843766,0.321999997,0.0379999988,20221003428750,600,0xe,0x2,21.5400009,26.1961155,0.0249474254,0.087134622,8.40066423e-06,30,1.34899998,2
600214200018784,210230623,2459856.8115767497,59856.3062384,18.8238831,0.0513540469,0,zr,1.4946728,29.684386799999999,0.799000025,-0.061999999,20221004306227,600,0xe,0x2,21.1000004,26.2359467,0.0201101173,0.0914098322,5.49295601e-06,30,1.00999999,1
600214200018784,210234728,2459856.8526185881,59856.347280100003,18.9972992,0.0584413409,0,zr,1.4946576,29.684388999999999,0.727999985,0.00999999978,20221004347280,600,0xe,0x2,21.2999992,26.2364578,0.0223255139,0.0873449892,6.77279513e-06,30,1.05499995,2
600214200018784,210827923,2459862.7845690376,59862.279236100003,19.8833904,0.113176182,0,zr,1.4947607000000001,29.684367999999999,0.537999988,-0.107000001,20221010279155,600,0xe,0x2,20.2099991,26.2565384,0.0308585484,0.096459955,1.28522433e-05,30,1.00699997,1
600214200018784,211026865,2459864.7739764587,59864.268657400004,18.7359772,0.0481312387,0,zr,1.4946638999999999,29.6843921,0.92900002,-0.0590000004,20221012268657,600,0xe,0x2,20.6700001,26.1978989,0.0275555532,0.0948269218,1.0339736e-05,30,1.00699997,1
600214200018784,211033608,2459864.8414064692,59864.336087999996,18.7328911,0.0480223559,0,zr,1.4946950000000001,29.6843757,0.620999992,-0.0810000002,20221012335903,600,0xe,0x2,20.4699993,26.2168083,0.0285900328,0.0896696448,1.10872215e-05,30,1.07599998,2
600214200018784,211116209,2459865.6674057245,59865.162094899999,19.0013371,0.0586185493,0,zr,1.4946481,29.6843939,0.967000008,0.108000003,20221013162083,600,0xe,0x2,20.8199997,26.2175407,0.0224253349,0.0867416784,6.82617883e-06,30,1.19799995,2
600214200018784,211139649,2459865.9018015573,59865.396493100001,18.9555397,0.0566419475,0,zr,1.494656,29.684403700000001,1.38499999,0.0370000005,20221013395961,600,0xe,0x2,20.4099998,26.2194996,0.0260288734,0.0902780965,9.23595144e-06,30,1.31700003,2
600214200018784,211234542,2459866.8507263153,59866.345428200002,18.8312969,0.0516368076,0,zr,1.4946405,29.684397199999999,0.644999981,-0.0869999975,20221014345359,600,0xe,0x2,20.75,26.2315025,0.0234869905,0.0943915322,7.41734266e-06,30,1.11300004,1
600214200018784,211236035,2459866.8656567344,59866.360358799997,18.9209671,0.0551976934,0,zr,1.4946945,29.684376400000001,1.14900005,-0.0540000014,20221014360289,600,0xe,0x2,20.75,26.2459736,0.0224940237,0.0792576671,6.8709378e-06,30,1.16100001,2
600214200018784,211320495,2459867.7102412437,59867.204953699998,18.7232971,0.0476856865,0,zr,1.4946638000000001,29.684404799999999,0.674000025,0.00800000038,20221015204919,600,0xe,0x2,21.3400002,26.221344,0.0225414336,0.0872707888,6.83234612e-06,30,1.05799997,2
600214200018784,211331910,2459867.8243948529,59867.319108800002,18.7426109,0.0483662523,32768,zr,1.4946223000000001,29.684436600000002,0.509000003,-0.0680000037,20221015318785,600,0xe,0x2,19.6599998,25.5337696,0.0580614619,0.0959658697,4.95026725e-05,30,1.05799997,2
600214200018784,211517947,2459869.6847381685,59869.1794792,18.8871613,0.0538242646,0,zr,1.4946854999999999,29.684392200000001,0.89200002,-0.00499999989,20221017179479,600,0xe,0x2,21.3099995,26.2332573,0.0207422357,0.0885610282,5.88057355e-06,30,1.10300004,2
600214200018784,211626971,2459870.774951275,59870.269710599998,18.7576141,0.0489025787,0,zr,1.4946651,29.684414700000001,0.666000009,-0.0450000018,20221018269676,600,0xe,0x2,21.0699997,26.2507076,0.0230391473,0.0910742879,7.20155094e-06,30,1.01100004,2
600214200018784,211717211,2459871.6773422323,59871.172118100003,18.6961651,0.0467482395,0,zr,1.4946782999999999,29.6843924,0.759000003,-0.0359999985,20221019172106,600,0xe,0x2,21.1800003,26.2560863,0.0195787754,0.0838558376,5.20667209e-06,30,1.10800004,2
600214200018784,211719797,2459871.7031981526,59871.197974499999,18.8525486,0.0524570718,0,zr,1.4946893000000001,29.684410400000001,0.837000012,-0.0289999992,20221019197975,600,0xe,0x2,21,26.2465153,0.0202367026,0.0900166184,5.56753548e-06,30,1.051,1
600214200018784,211729950,2459871.8047240144,59871.299502299997,18.8612728,0.0527980439,0,zr,1.4946831,29.684438100000001,0.843999982,-0.00700000022,20221019299363,600,0xe,0x2,20.6700001,26.2502556,0.0228587165,0.09667968,7.10004633e-06,30,1.04400003,2
600214200018784,211820795,2459872.7131550619,59872.2079514,18.7671928,0.0492486022,0,zr,1.4946647,29.684411099999998,1.00600004,-0.116999999,20221020207951,600,0xe,0x2,21.1700001,26.2524071,0.0206335094,0.0907817483,5.72147383e-06,30,1.03199995,2
600214200018784,211835940,2459872.8646101961,59872.359409700002,18.9342213,0.055746574,0,zr,1.494661,29.6844009,0.462000012,0.023,20221020359271,600,0xe,0x2,21.0200005,26.2254238,0.0218940694,0.0938476697,6.41348379e-06,30,1.22399998,2
600214200018784,211917259,2459873.677775715,59873.1725926,18.8469696,0.0522403382,0,zr,1.4947064999999999,29.684378200000001,0.676999986,-0.00999999978,20221021172593,600,0xe,0x2,20.9400005,26.2428646,0.0232924204,0.083066605,7.37503842e-06,30,1.09300005,1
600214200018784,211932020,2459873.8253881461,59873.3202083,18.9847488,0.057894174,32768,zr,1.4946359,29.68441,1.02699995,-0.0729999989,20221021320127,600,0xe,0x2,20.8500004,25.7388153,0.0386822149,0.0948563144,2.03526251e-05,30,1.097,2
600214200018784,212026776,2459874.7729243152,59874.267766199999,18.9639778,0.0570006855,0,zr,1.4946731,29.684404900000001,0.57099998,0.0250000004,20221022267720,600,0xe,0x2,21.1700001,26.2241974,0.0223529115,0.0925611183,6.77319849e-06,30,1.01699996,2
600214200018784,212031795,2459874.823108308,59874.3179514,18.9460869,0.0562430471,0,zr,1.4946488,29.6844067,0.933000028,0.0280000009,20221022317743,600,0xe,0x2,21.2199993,26.2411461,0.0197758116,0.076932095,5.34788205e-06,30,1.09800005,2
600214200018784,212232072,2459876.8258355479,59876.320729200001,18.7957935,0.0502983592,0,zr,1.4946322999999999,29.6844292,0.712000012,-0.0579999983,20221024320718,600,0xe,0x2,20.4799995,26.2300758,0.0252365116,0.0900367722,8.54815971e-06,30,1.12100005,2
600214200018784,212329967,2459877.8047553683,59877.299675900002,18.7383938,0.0482166857,0,zr,1.4946372000000001,29.684399800000001,0.797999978,0.00400000019,20221025299664,600,0xe,0x2,21.1900005,26.2426491,0.0214930754,0.0943330079,6.27261898e-06,30,1.074,2
600214200018784,212334831,2459877.8533882676,59877.348310200003,18.5360661,0.0416380055,0,zr,1.4946642999999999,29.684399800000001,0.56400001,-0.0170000009,20221025348299,600,0xe,0x2,21.2700005,26.2385082,0.0199689344,0.0891026556,5.32837112e-06,30,1.23500001,2
600214200018784,212334924,2459877.8543257406,59877.349247700004,18.5808754,0.042998068,0,zr,1.4946733999999999,29.684405000000002,0.838999987,-0.0689999983,20221025349248,600,0xe,0x2,21.1800003,26.2333851,0.0206619538,0.0904038176,5.69939402e-06,30,1.24000001,1
600214200018784,212413564,2459878.6407034621,59878.135648099997,18.8790874,0.0535019003,0,zr,1.4946705,29.684386700000001,0.713999987,-0.0649999976,20221026135648,600,0xe,0x2,21.3099995,26.2462616,0.0213519521,0.0905587003,6.21532581e-06,30,1.16299999,2
600214200018784,212423785,2459878.7429111791,59878.237858799999,18.5316162,0.0415058285,0,zr,1.494699,29.684415099999999,0.672999978,0.00200000009,20221026237859,600,0xe,0x2,20.9200001,26.2486019,0.0221546739,0.0926441401,6.66288406e-06,30,1.00800002,2
600214200018784,212525888,2459879.7639103001,59879.258888900004,18.8151894,0.051024653,0,zr,1.4946676000000001,29.684410499999998,0.643999994,-0.0359999985,20221027258866,600,0xe,0x2,21.1700001,26.2417793,0.0214222744,0.0944160894,6.15660247e-06,30,1.02100003,2
600214200018784,212527758,2459879.7826018147,59879.277581000002,18.8114471,0.0508836135,0,zr,1.4946732,29.684389800000002,0.953999996,0.108000003,20221027277535,600,0xe,0x2,21.1399994,26.2419147,0.0211712364,0.0876109079,6.02440468e-06,30,1.04299998,1
600214200018784,212535781,2459879.8628307641,59879.357812499999,18.7666283,0.0492281131,0,zr,1.4946484,29.684457500000001,0.573000014,0.0299999993,20221027357812,600,0xe,0x2,20.6200008,26.2183971,0.0243664328,0.0961455107,7.90166632e-06,30,1.31400001,2
600214200018784,212615003,2459880.655027797,59880.150034699996,18.7312889,0.0479659401,0,zr,1.4946857,29.6844106,0.938000023,-0.134000003,20221028149757,600,0xe,0x2,21.2199993,26.2405987,0.0230312124,0.0922293589,7.16188333e-06,30,1.10099995,2
600214200018784,212617312,2459880.6781173586,59880.173125000001,18.9894733,0.0580994897,0,zr,1.4946642999999999,29.684400100000001,0.731999993,-0.0270000007,20221028173125,600,0xe,0x2,21.0599995,26.2448101,0.0207970329,0.0838928446,5.86965371e-06,30,1.051,2
600214200018784,212725457,2459881.7595282486,59881.254571799996,18.9567528,0.0566933863,0,zr,1.4946664000000001,29.684414499999999,0.597000003,-0.0109999999,20221029254525,600,0xe,0x2,21.1299992,26.255188,0.0210231971,0.0884084776,5.92674769e-06,30,1.02199996,2
600214200018784,212728359,2459881.7885549539,59881.283599499999,19.0696068,0.0617030896,0,zr,1.4946955,29.684395800000001,0.282000005,0.0160000008,20221029283600,600,0xe,0x2,21.2299995,26.2462559,0.0203855801,0.0849927813,5.58637521e-06,30,1.06400001,1
600214200018784,212729240,2459881.7973625502,59881.292407399997,19.1483707,0.0654748157,0,zr,1.494683,29.6843851,0.745000005,-0.0299999993,20221029292280,600,0xe,0x2,21.4200001,26.2527122,0.0214359947,0.0856364816,6.23729056e-06,30,1.08200002,2
600214200018784,212929811,2459883.8029973521,59883.2981134,18.7228813,0.0476711541,0,zr,1.4946569999999999,29.684422399999999,0.772000015,-0.0120000001,20221031298090,600,0xe,0x2,20.7199993,26.2392998,0.0228333306,0.0933643505,7.05852972e-06,30,1.11099994,1
600214200018784,213123281,2459885.7376223798,59885.232812499999,19.0735874,0.0618881434,0,zr,1.4946642999999999,29.684366700000002,1.61800003,0.0209999997,20221102232720,600,0xe,0x2,20.7199993,26.2483959,0.0232555084,0.0972342715,7.28934674e-06,30,1.01300001,2
600214200018784,213329850,2459887.8032318666,59887.298506899999,18.7325993,0.0480120666,32768,zr,1.4946656,29.684388800000001,0.65200001,0.0350000001,20221104298507,600,0xe,0x2,20.3999996,26.2311974,0.0260788612,0.0947336704,9.0521562e-06,30,1.14499998,2
600214200018784,213429200,2459888.7966843508,59888.292002299997,18.7701378,0.0493555143,32768,zr,1.4946819,29.684398000000002,0.819999993,-0.156000003,20221105291991,600,0xe,0x2,19.8299999,26.1017094,0.0338106789,0.0808431208,1.55464913e-05,30,1.13300002,2
600214200018784,213531959,2459889.824231124,59889.3195949,18.6979561,0.0468094833,0,zr,1.4946235000000001,29.6843933,0.847000003,-0.061999999,20221106319491,600,0xe,0x2,19.8999996,26.2408695,0.0313948058,0.0904934108,1.31880624e-05,30,1.255,2
600214200018784,214013527,2459894.6396806808,59894.1352778,18.8388939,0.0519283935,0,zr,1.4946819,29.684398000000002,1.02699995,-0.115000002,20221111135278,600,0xe,0x2,20.4500008,26.2660866,0.0245717149,0.0830242634,8.08249933e-06,30,1.051,2
600214200018784,214026693,2459894.7713289605,59894.266932899998,18.5936852,0.0433966741,0,zr,1.4946060000000001,29.6844137,0.862999976,0.0520000011,20221111266933,600,0xe,0x2,19.9599991,26.2485733,0.0300551672,0.100963436,1.21461972e-05,30,1.10800004,1
600214200018784,214026788,2459894.7722779145,59894.267881899999,18.5421257,0.0418188795,0,zr,1.494667,29.684435499999999,1.01300001,-0.120999999,20221111267870,600,0xe,0x2,20.3199997,26.2500134,0.0259458441,0.0964789987,8.96928304e-06,30,1.11000001,2
600214200018784,214117467,2459895.6790244556,59895.174675900002,18.9378147,0.0558964461,0,zr,1.4946534,29.684434799999998,0.751999974,-0.0289999992,20221112174549,600,0xe,0x2,20.7299995,26.2505703,0.0241003521,0.100275978,7.80731625e-06,30,1.00899994,2
600214200018784,214214545,2459896.6497479649,59896.1454514,18.8082848,0.0507647544,0,zr,1.494677,29.684398099999999,1.42499995,-0.0199999996,20221113145440,600,0xe,0x2,21.1100006,26.2435436,0.019844668,0.0897794589,5.25834184e-06,30,1.02900004,2
600214200018784,214226578,2459896.7700770199,59896.265786999997,18.7211037,0.0476090983,0,zr,1.4946717,29.684421499999999,0.790000021,0.00499999989,20221113265775,600,0xe,0x2,20.7199993,26.2366867,0.0230599139,0.0940473303,7.15376063e-06,30,1.12,1
600214200018784,214230466,2459896.8089522785,59896.304664399999,19.0577221,0.0611539856,0,zr,1.4946216999999999,29.6843757,0.481999993,0.00499999989,20221113304606,600,0xe,0x2,20.5900002,26.2235432,0.0228404216,0.0941704661,6.96659117e-06,30,1.27699995,2
600214200018784,214327733,2459897.7815724271,59897.277338,18.8709049,0.0531773195,0,zr,1.4946660000000001,29.6844526,1.15499997,-0.0170000009,20221114277338,600,0xe,0x2,20.7199993,26.2337246,0.0223563835,0.0934859812,6.76886248e-06,30,1.16700006,2
600214200018784,214431714,2459898.821317134,59898.317141200001,18.813324,0.0509542823,0,zr,1.4946577999999999,29.6844182,0.426999986,-0.0410000011,20221115317072,600,0xe,0x2,20.6100006,26.1422634,0.0266888831,0.101681419,9.56965778e-06,30,1.38600004,2
600214200018784,214517546,2459899.6795897423,59899.175463,18.6490078,0.0451694615,0,zr,1.4946788,29.684294000000001,0.926999986,0.60799998,20221116175394,600,0xe,0x2,19.6499996,26.2605801,0.0399446934,0.0947106481,2.17162597e-05,30,1.00699997,1
600214200018784,214517648,2459899.6806081794,59899.176481499999,18.6248226,0.0443840921,0,zr,1.4946168,29.684351199999998,0.869000018,0.195999995,20221116176447,600,0xe,0x2,19.5799999,26.2583561,0.0423823744,0.0972386748,2.52562513e-05,30,1.00699997,2
600214200018784,214622303,2459900.7270978121,59900.223032399997,19.1534042,0.0657237992,0,zr,1.4947725999999999,29.684369100000001,0.745000005,0.173999995,20221117223021,600,0xe,0x2,19.5499992,26.2522755,0.0376325138,0.0917393565,1.96731762e-05,30,1.04799998,2
600214200018784,214623545,2459900.7395160757,59900.235451400004,19.0855446,0.0624475479,0,zr,1.4948246999999999,29.684383499999999,1.37199998,0.184,20221117235440,600,0xe,0x2,19.8600006,26.2641964,0.0319316424,0.0891727358,1.36976305e-05,30,1.07099998,2
600214200018784,214714944,2459901.6534544807,59901.149444399998,18.7939186,0.0502287596,32768,zr,1.4946227000000001,29.684403,1.11500001,-0.103,20221118149387,600,0xe,0x2,20.4099998,25.7863197,0.0295941196,0.090947859,1.17311392e-05,30,1.01300001,2
600214200018784,214715350,2459901.6575167384,59901.153506900002,19.0133991,0.0591513515,0,zr,1.4946562999999999,29.6844216,1.051,-0.136999995,20221118153507,600,0xe,0x2,20.5200005,25.8848782,0.0253856461,0.093721956,8.66011214e-06,30,1.01100004,1
600214200018784,214719358,2459901.6975954194,59901.193588000002,19.0396194,0.0603275448,32768,zr,1.4946366,29.684418900000001,0.873000026,-0.181999996,20221118193542,600,0xe,0x2,20.0300007,25.3298378,0.0363589413,0.0962903053,1.85742265e-05,30,1.01600003,2
600214200018784,214820673,2459902.7106817928,59902.206736100001,19.1016273,0.0632084012,0,zr,1.4946193000000001,29.6843845,0.829999983,-0.118000001,20221119206690,600,0xe,0x2,20.5599995,26.2513885,0.02259041,0.0957502872,6.8413442e-06,30,1.03199995,2
600214200018784,214919537,2459903.6992547223,59903.195370399997,19.139431,0.0650349632,0,zr,1.4947315999999999,29.684410700000001,1.13399994,0.0920000002,20221120195359,600,0xe,0x2,20.5699997,26.2580318,0.024838673,0.094524391,8.25700863e-06,30,1.023,2
600214200018784,215023144,2459904.7352655786,59904.231446799997,19.233284,0.0698075518,0,zr,1.4946775999999999,29.684377099999999,0.768000007,0.0579999983,20221121231435,600,0xe,0x2,20.8099995,26.1737041,0.0206816755,0.0819858015,5.78027402e-06,30,1.08700001,2
600214200018784,215031847,2459904.8222853555,59904.318472200001,19.0645618,0.0614693724,0,zr,1.4946630000000001,29.684475200000001,1.33399999,-0.0299999993,20221121318229,600,0xe,0x2,20.0799999,26.1443005,0.0289691333,0.0928239226,1.12622056e-05,30,1.528,2
600214200018784,215118660,2459905.6903661094,59905.186608800002,18.8252811,0.0514072441,0,zr,1.4946508000000001,29.6844219,0.5,-0.00300000003,20221122186597,600,0xe,0x2,21,26.065958,0.0262028929,0.0894940495,9.22146683e-06,30,1.01999998,2
600214200018784,215118762,2459905.6913845423,59905.187627300002,18.8275261,0.0514927804,0,zr,1.4946362,29.684418300000001,0.771000028,-0.123999998,20221122187581,600,0xe,0x2,21,26.1390934,0.0237970334,0.0934268832,7.64855395e-06,30,1.01999998,1
600214200018784,215125406,2459905.7578153997,59905.254062499997,18.9684677,0.0571925342,32768,zr,1.494629,29.684429999999999,0.326999992,-0.0970000029,20221122253889,600,0xe,0x2,20.1100006,25.7521744,0.0461178161,0.0893721357,2.85583028e-05,30,1.16199994,2
600214200018784,215215039,2459906.6540877521,59906.1503935,19.0591354,0.0612190254,0,zr,1.4946777,29.684394600000001,0.592999995,0.0219999999,20221123150394,600,0xe,0x2,21.25,26.2665997,0.0213019829,0.088201955,6.09636754e-06,30,1.00800002,2
600214200018784,215223898,2459906.7426698804,59906.238981499999,19.1036949,0.0633068904,0,zr,1.4946609,29.684407799999999,0.755999982,-0.0489999987,20221123238912,600,0xe,0x2,21.1700001,26.2592392,0.0207906514,0.0895896927,5.8135588e-06,30,1.12100005,2
600214200018784,215315023,2459907.6538592642,59907.150231500003,18.9137802,0.0549025163,0,zr,1.4946983,29.684406599999999,1.00100005,0.0520000011,20221124150185,600,0xe,0x2,20.2099991,25.9950428,0.0297274888,0.096478872,1.31498737e-05,30,1.00699997,2
600214200018784,215315120,2459907.6548313927,59907.151203699999,19.084589,0.0624026768,32768,zr,1.494599,29.684456399999998,0.853999972,-0.199000001,20221124151204,600,0xe,0x2,20.0200005,25.7878742,0.0346600674,0.0876701996,1.92047009e-05,30,1.00699997,1
600214200018784,215421068,2459908.7142389682,59908.210682899997,18.9641953,0.0570099503,0,zr,1.4947246999999999,29.684388299999998,0.555999994,-0.0170000009,20221125210498,600,0xe,0x2,20.4099998,26.2757835,0.0249010026,0.0877032131,8.36475192e-06,30,1.06500006,2
600214200018784,215512719,2459909.6306922715,59909.127199100003,18.8321991,0.0516713485,0,zr,1.4946553,29.684424,0.941999972,0.0860000029,20221126127095,600,0xe,0x2,20.9300003,26.2665653,0.0209071729,0.095751442,5.91269918e-06,30,1.01300001,2
600214200018784,215521890,2459909.7223873166,59909.218900499996,18.876915,0.053415481,0,zr,1.4946846,29.684412500000001,0.573000014,0.0790000036,20221126218889,600,0xe,0x2,21.1200008,26.273428,0.020925872,0.0901138857,5.89201682e-06,30,1.08899999,1
600214200018784,215527040,2459909.7738883155,59909.270405099996,18.8030586,0.0505690202,0,zr,1.4946489999999999,29.684385899999999,0.40200001,0.0189999994,20221126270127,600,0xe,0x2,20.9899998,26.2493401,0.020055443,0.0907779336,5.41142617e-06,30,1.28299999,2
600214200018784,215615230,2459910.6557249995,59910.152303199997,18.8929596,0.0540571362,0,zr,1.4946519,29.684437800000001,0.620000005,-0.0340000018,20221127152292,600,0xe,0x2,20.9099998,26.2623978,0.0234050602,0.0981466919,7.38858716e-06,30,1.00800002,2
600214200018784,215624254,2459910.7459617336,59910.242546300004,18.8284473,0.0515279397,0,zr,1.4946579,29.684381399999999,0.82099998,0.00700000022,20221127242245,600,0xe,0x2,20.8600006,26.2548008,0.0215934757,0.091941528,6.27248119e-06,30,1.16999996,2
600214200018784,215719065,2459911.6940081241,59911.190659699998,18.827137,0.0514779128,32768,zr,1.4946478000000001,29.6843675,1.25600004,0.119000003,20221128190544,600,0xe,0x2,19.6299992,24.8264313,0.0874698609,0.0730647445,0.000132818546,30,1.04400003,2
600214200018784,215719159,2459911.6949455542,59911.191597199999,18.7931938,0.0502018891,32768,zr,1.4946031,29.684400499999999,0.694999993,-0.0930000022,20221128191597,600,0xe,0x2,19.6700001,24.9394836,0.0627613291,0.0836939886,6.22074731e-05,30,1.046,1
600214200018784,216012942,2459914.6325564794,59914.1294213,18.9300156,0.0555717573,0,zr,1.4946672999999999,29.684432900000001,0.944000006,0.00100000005,20221201129375,600,0xe,0x2,20.5699997,26.2604713,0.0243239868,0.100935653,7.96931181e-06,30,1.00800002,2
600214200018784,216013039,2459914.6335286065,59914.130393500003,18.9260406,0.0554071032,0,zr,1.4946557,29.6844167,0.661000013,-0.0430000015,20221201130370,600,0xe,0x2,20.6900005,26.2584934,0.0246405471,0.100142561,8.21181311e-06,30,1.00699997,1
600214200018784,216828673,2459922.7892400329,59922.286736100003,18.8436337,0.0521112345,0,zr,1.4946885000000001,29.684376199999999,0.42899999,-0.0799999982,20221209286725,600,0xe,0x2,20.2099991,26.1639252,0.0278477035,0.0907070562,1.03643833e-05,30,1.71300006,2
600214200018784,216832466,2459922.8271652306,59922.324664400003,19.0644951,0.0614662915,0,zr,1.4946360000000001,29.684274200000001,0.425000012,-0.126000002,20221209324514,600,0xe,0x2,19.5799999,26.1432686,0.0414257571,0.103037395,2.43783343e-05,30,2.39700007,2
600214200018784,216911059,2459923.6130277156,59923.110590299999,18.9568806,0.0566987991,0,zr,1.4946486999999999,29.684431100000001,0.711000025,0.0439999998,20221210110567,600,0xe,0x2,20.7399998,26.2516747,0.0242849328,0.0981790945,7.90948707e-06,30,1.00699997,2
600214200018784,216918289,2459923.6853250307,59923.182893500001,18.7139072,0.0473588035,0,zr,1.4946824999999999,29.684407499999999,0.219999999,-0.0109999999,20221210182824,600,0xe,0x2,20.8500004,26.2444744,0.0249612797,0.099170737,8.30999124e-06,30,1.09500003,1
600214200018784,216918432,2459923.6867601098,59923.184328700001,18.7256279,0.0477672182,0,zr,1.4946341000000001,29.684425300000001,0.462000012,0.023,20221210184294,600,0xe,0x2,20.7000008,26.2413216,0.0240709558,0.0999594927,7.78176582e-06,30,1.09800005,2
600214200018784,217014585,2459924.6482095309,59924.145856499999,19.0056686,0.0588093176,0,zr,1.4946269000000001,29.684400700000001,0.819999993,0.0780000016,20221211145833,600,0xe,0x2,21.0300007,26.2575874,0.020993337,0.0905505493,5.87821296e-06,30,1.03100002,2
600214200018784,217415678,2459928.6588019216,59928.156782400001,19.074728,0.0619412921,0,zr,1.4946394999999999,29.6844438,0.524999976,-0.075000003,20221215156771,600,0xe,0x2,20.8199997,26.2059345,0.0234312434,0.0956950113,7.31103592e-06,30,1.06700003,1
600214200018784,217415773,2459928.6597509403,59928.157731500003,19.0764408,0.062021181,0,zr,1.4946451000000001,29.6843881,0.722000003,-0.0810000002,20221215157731,600,0xe,0x2,20.4099998,26.2086258,0.0246779006,0.0972163156,8.10698202e-06,30,1.06799996,2
600214200018784,217421631,2459928.7183338609,59928.216319400002,19.0399323,0.0603416935,0,zr,1.4946372999999999,29.684418999999998,0.839999974,-0.00899999961,20221215216319,600,0xe,0x2,20.4400005,26.1740913,0.0249445196,0.0929757357,8.35005449e-06,30,1.27100003,2
600214200018784,217616717,2459930.6690246528,59930.167175900002,19.1840153,0.0672592595,0,zr,1.4946908999999999,29.684371299999999,1.39699996,-0.109999999,20221217167014,600,0xe,0x2,20.7000008,26.2542439,0.0210828632,0.086766921,5.93618961e-06,30,1.10399997,2
600214200018784,217627790,2459930.7797442931,59930.277905100003,18.9811363,0.0577376708,0,zr,1.4946436999999999,29.684465700000001,0.952000022,0.00999999978,20221217277905,600,0xe,0x2,19.9200001,26.1841736,0.0374991149,0.099723734,1.89426664e-05,30,1.89300001,1
600214200018784,217629976,2459930.8016058179,59930.299768500001,19.0740471,0.0619095787,0,zr,1.4948920999999999,29.684435400000002,0.85799998,0.0610000007,20221217299699,600,0xe,0x2,19.8899994,26.1530972,0.0354491137,0.0896507874,1.68864699e-05,30,2.31900001,2
600214200018784,217818282,2459932.6844994854,59932.182824099997,19.3172665,0.0743763298,32768,zr,1.4946109999999999,29.684432000000001,1.62899995,-0.0670000017,20221219182639,600,0xe,0x2,21.1599998,26.2403908,0.0219165236,0.0944628045,6.42035548e-06,30,1.171,2
600214200018784,217915178,2459933.6533737681,59933.151782399997,19.0518475,0.060884472,0,zr,1.4946219000000001,29.6843887,0.651000023,-0.00899999961,20221220151771,600,0xe,0x2,20.9200001,26.1296482,0.0214393679,0.0903601125,6.15715453e-06,30,1.08500004,1
600214200018784,218114285,2459935.6442762022,59935.142858799998,18.9364529,0.0558395796,0,zr,1.4946140999999999,29.6844334,1.50199997,-0.160999998,20221222142859,600,0xe,0x2,20.8299999,26.2572403,0.0207122844,0.0882128254,5.74781507e-06,30,1.07799995,2
600214200018784,218116275,2459935.664170247,59935.162754600002,18.5488434,0.0420204774,0,zr,1.4946581999999999,29.684383,1.05200005,0.00600000005,20221222162755,600,0xe,0x2,20.6399994,26.109087,0.0236088466,0.0839621201,7.54481152e-06,30,1.13,1
600214200018784,218128366,2459935.785073922,59935.283668999997,19.0380058,0.0602544211,0,zr,1.4946212999999999,29.684415000000001,0.802999973,-0.0869999975,20221222282975,600,0xe,0x2,20.4400005,26.0674763,0.0267778803,0.0927648395,9.60994203e-06,30,2.26099992,2
600214200018784,218315344,2459937.6546892454,59937.153449099998,19.3665447,0.0771927014,0,zr,1.4946123,29.684410199999999,1.05599999,-0.126000002,20221224153449,600,0xe,0x2,20.6800003,26.2581444,0.0249738321,0.094602935,8.38859523e-06,30,1.11899996,1
600214200018784,220213822,2459956.6377618276,59956.138229199998,18.9000149,0.0543420091,0,zr,1.4947326999999999,29.684420100000001,1.03900003,0.0649999976,20230112138218,600,0xe,0x2,20.3799992,26.2059364,0.0270639509,0.0968847573,9.81737321e-06,30,1.26300001,1
600214200018784,220413865,2459958.638010954,59958.138657399999,18.7575054,0.0488986708,0,zr,1.4946457,29.6844404,0.479000002,-0.0179999992,20230114138657,600,0xe,0x2,20.7800007,26.2402916,0.0232091527,0.0957632661,7.23191579e-06,30,1.29400003,1
600214200018784,221213960,2459966.6382559869,59966.139606500001,19.1994381,0.0680466443,0,zr,1.4947054,29.684486700000001,0.962000012,-0.131999999,20230122139606,600,0xe,0x2,19.8899994,26.2228165,0.0345759615,0.0931162462,1.60126565e-05,30,1.44599998,1
600214200018784,221815589,2459972.6540304753,59972.155891199996,19.493454,0.084923774,0,zr,1.4947117000000001,29.684484300000001,0.707000017,0.0529999994,20230128155880,600,0xe,0x2,20.2299995,26.1926861,0.0321792327,0.0927991048,1.38306696e-05,30,1.78600001,1
600214200018784,231848390,2460072.9797096229,60072.483900500003,19.6042824,0.0922551677,0,zr,1.4945664999999999,29.6844584,0.787,-0.296000004,20230508483889,600,0xe,0x2,19.8199997,26.055233,0.0344150327,0.0997290388,1.60541749e-05,30,2.46799994,1
600214200018784,231848579,2460072.9816078101,60072.485798599999,19.6876564,0.0981351584,0,zr,1.4946265000000001,29.6843428,0.419999987,-0.0599999987,20230508485799,600,0xe,0x2,19.8500004,26.0606194,0.0358394422,0.104593225,1.72761447e-05,30,2.41700006,1
600214200018784,231849054,2460072.9863534411,60072.490544,19.8258781,0.108578153,0,zr,1.4946067999999999,29.6843526,0.340000004,-0.119000003,20230508490532,600,0xe,0x2,19.6800003,26.0858383,0.0358783305,0.101903789,1.77515758e-05,30,2.29699993,1
600214200018784,232149047,2460075.986431303,60075.490474500002,19.887207,0.113486513,0,zr,1.4945310999999999,29.684350200000001,0.492000014,-0.129999995,20230511490463,600,0xe,0x2,19.7900009,26.0812931,0.0378116295,0.114439137,1.96296642e-05,30,2.11899996,1
600214200018784,232847699,2460082.973332345,60082.476990700001,20.699234,0.186596513,0,zr,1.4946010000000001,29.684332300000001,0.685000002,-0.356000006,20230518476991,600,0xe,0x2,20.6800003,26.0482101,0.0315778628,0.0944111273,1.35297651e-05,30,2.01300001,1
600214200018784,232946710,2460083.9635071685,60083.4671065,20.0177479,0.124474719,0,zr,1.4946250999999999,29.684380699999998,0.861000001,0.0890000015,20230519467106,600,0xe,0x2,21.0499992,25.9837341,0.0240621548,0.0971575603,7.89278965e-06,30,2.1500001,1
600214200018784,232947115,2460083.9675583174,60083.471157400003,20.4556274,0.165479615,0,zr,1.4946094999999999,29.684459499999999,0.795000017,0.0430000015,20230519471146,600,0xe,0x2,20.9799995,26.0065956,0.0253146384,0.092308268,8.60380078e-06,30,2.06999993,1
600214200018784,232947318,2460083.9695839323,60083.473182900001,20.604332,0.178590536,0,zr,1.4947446,29.684385899999999,0.619000018,-0.128999993,20230519473171,600,0xe,0x2,20.9799995,26.0033035,0.0219655838,0.0958957225,6.56765269e-06,30,2.03200006,1
600214200018784,232947520,2460083.9716094597,60083.475208299998,20.9602356,0.208614588,0,zr,1.4946923000000001,29.684433899999998,0.76700002,-0.472000003,20230519475197,600,0xe,0x2,21.0200005,26.0202007,0.0224074312,0.0947990343,6.80370022e-06,30,1.99600005,1
600214200018784,233146590,2460085.9624258624,60085.465902800002,20.7076836,0.187309265,0,zr,1.4946775000000001,29.684361599999999,0.786000013,-0.416999996,20230521465648,600,0xe,0x2,20.7199993,26.0557251,0.025117388,0.0871739537,8.48839227e-06,30,2.06599998,1
600214200018784,233146787,2460085.9643935799,60085.467870400003,20.5492325,0.173942327,0,zr,1.4947786000000001,29.684437299999999,0.787,-0.128000006,20230521467801,600,0xe,0x2,20.8500004,26.0602798,0.0224624965,0.0880926922,6.81245729e-06,30,2.02900004,1
600214200018784,236944681,2460123.9462696114,60123.446817099997,20.0315323,0.12567623,0,zr,1.4947115,29.6844398,1.12,0.0170000009,20230628446817,600,0xe,0x2,21.3400002,26.21278,0.0208530333,0.086480014,5.90683203e-06,30,1.23399997,1
600214200018784,237940356,2460133.9038856896,60133.403564799999,20.1466141,0.135987639,0,zr,1.4946469,29.684396400000001,0.486999989,-0.0320000015,20230708403553,600,0xe,0x2,20.7600002,26.2335587,0.0207242277,0.0918666497,5.80613278e-06,30,1.31799996,1
600214200018784,238145212,2460135.9526295285,60135.452129600002,19.6753368,0.097246483,0,zr,1.4946496,29.684370000000001,0.774999976,-0.104000002,20230710452130,600,0xe,0x2,21.1000004,26.2634563,0.0199122429,0.0796708614,5.3720496e-06,30,1.09899998,1
600214200018784,238340365,2460137.9043274983,60137.403657399998,19.7497063,0.102716245,0,zr,1.4946634000000001,29.684386199999999,0.623000026,-0.00499999989,20230712403646,600,0xe,0x2,21.0699997,26.1496296,0.0217137001,0.0934528038,6.42894065e-06,30,1.25800002,1
600214200018784,238539326,2460139.8941069925,60139.393263899998,19.1460762,0.0653616041,0,zr,1.4946697,29.684402500000001,1.05499995,0.0489999987,20230714393252,600,0xe,0x2,21.0599995,26.1839294,0.0219004415,0.0915242434,6.56286511e-06,30,1.28400004,1
600214200018784,238844629,2460142.9474034081,60142.446296299997,18.2426643,0.0339413583,0,zr,1.4946725999999999,29.684385200000001,1.10699999,-0.0500000007,20230717446285,600,0xe,0x2,21.6299992,26.1728611,0.0225973465,0.0828802884,7.09140295e-06,30,1.06799996,1
600214200018784,239038939,2460144.8906719536,60144.3893981,18.3977928,0.0377612822,0,zr,1.4946595,29.684383199999999,0.79400003,-0.0219999999,20230719389387,600,0xe,0x2,21.6299992,26.2181625,0.0245118402,0.09019766,8.28029533e-06,30,1.23399997,1
600214200018784,239238701,2460146.8884579716,60146.387013899999,18.3204288,0.0357900709,0,zr,1.4946820999999999,29.6844012,0.935000002,-0.0930000022,20230721386979,600,0xe,0x2,21.2299995,26.2218208,0.0219599679,0.0871137083,6.52726976e-06,30,1.22000003,1
600214200018784,239242768,2460146.9291327451,60146.427685199997,18.8523426,0.0524490476,0,zr,1.4946988999999999,29.6844216,0.978999972,-0.0149999997,20230721427674,600,0xe,0x2,21.3600006,26.2410336,0.0237745941,0.0860680193,7.73990996e-06,30,1.08500004,1
600214200018784,239438660,2460148.8882218068,60148.3866088,18.5203972,0.0411747657,0,zr,1.4946809000000001,29.684404700000002,0.462000012,0.00700000022,20230723386597,600,0xe,0x2,21.3299999,26.1728592,0.0217768438,0.0824791119,6.49737103e-06,30,1.199,1
600214200018784,239540038,2460149.9020799464,60149.400381899999,18.3935471,0.0376495756,0,zr,1.4946651,29.684396400000001,0.510999978,0.00200000009,20230724400370,600,0xe,0x2,21.2900009,26.2240963,0.021162618,0.0786930397,6.10759162e-06,30,1.13800001,2
600214200018784,239542057,2460149.9222784471,60149.420578700003,18.5766315,0.0428669825,0,zr,1.4946752000000001,29.684382400000001,1.09000003,-0.0240000002,20230724420579,600,0xe,0x2,21.5699997,26.231493,0.0218733493,0.0800028443,6.53621555e-06,30,1.08200002,2
600214200018784,239644712,2460150.948914988,60150.447129599997,18.4151382,0.0382221527,0,zr,1.4946680000000001,29.684407199999999,0.875999987,0.0670000017,20230725447118,600,0xe,0x2,21.4799995,26.1935234,0.0234737676,0.0874211416,7.5671087e-06,30,1.03100002,1
600214200018784,239739142,2460151.8932873025,60151.391423599998,18.5942192,0.0434133895,0,zr,1.4946729000000001,29.6844015,1.37800002,-0.112999998,20230726391354,600,0xe,0x2,21.5499992,26.193861,0.0220608674,0.0869003758,6.61880722e-06,30,1.14900005,2
600214200018784,239740438,2460151.9062513839,60151.404386599999,18.4918785,0.0403477065,0,zr,1.4946607999999999,29.684390799999999,1.11500001,-0.0460000001,20230726404387,600,0xe,0x2,21.5599995,26.2024403,0.0227996092,0.0841695666,7.09828828e-06,30,1.10899997,2
600214200018784,239840701,2460152.9089613836,60152.407013900003,18.5599785,0.0423572548,0,zr,1.494694,29.684380399999998,0.838999987,-0.0340000018,20230727407002,600,0xe,0x2,21.0599995,26.226532,0.0219981316,0.0858097374,6.68969506e-06,30,1.09500003,2
600214200018784,239840795,2460152.9098989619,60152.407951399997,18.5987682,0.0435560644,0,zr,1.4946626999999999,29.6844067,1.01900005,0.0309999995,20230727407951,600,0xe,0x2,21.2199993,26.2283421,0.022042485,0.0879457444,6.63017909e-06,30,1.09300005,1
600214200018784,239947118,2460153.9732153192,60153.471180599998,18.0477142,0.0298412666,0,zr,1.4946647,29.684390100000002,0.825999975,0.0329999998,20230728471169,600,0xe,0x2,21.6499996,26.2136917,0.0215601102,0.0906140432,6.49965068e-06,30,1.00800002,2
600214200018784,240136935,2460155.8715406372,60155.369351900001,17.9771004,0.0285282806,0,zr,1.4946561,29.684393100000001,0.713,0.050999999,20230730369248,600,0xe,0x2,20.6399994,26.1921864,0.0237041619,0.0911320597,7.54714983e-06,30,1.19099998,2
600214200018784,240147280,2460155.9749980131,60155.472800900003,18.2422447,0.0339317285,0,zr,1.4946638999999999,29.684385800000001,0.69599998,-0.057,20230730472789,600,0xe,0x2,21.3899994,26.1955204,0.0211223047,0.0919294506,6.12240729e-06,30,1.00699997,1
600214200018784,240237009,2460156.8723617392,60156.370092600002,18.2043438,0.0330769345,0,zr,1.4946714999999999,29.6843702,0.451999992,0.00100000005,20230731370093,600,0xe,0x2,20.7000008,26.184557,0.0238538422,0.0930507556,7.74320051e-06,30,1.17700005,2
600214200018784,240440534,2460158.9077780163,60158.405347200001,17.8262024,0.0259965733,32768,zr,1.4947136000000001,29.684410100000001,0.254999995,-0.0299999993,20230802405347,600,0xe,0x2,18.0300007,24.7692814,0.487792879,0.250687718,0.0144802695,30,1.06200004,2
600214200018784,240539214,2460159.8946494618,60159.392141199998,18.1211033,0.0312996879,0,zr,1.4946671,29.68439,0.964999974,-0.075000003,20230803392130,600,0xe,0x2,20.5200005,26.257391,0.0237845164,0.0858384967,7.61632646e-06,30,1.08500004,1
600214200018784,240539307,2460159.8955870369,60159.393078699999,18.1269722,0.0314206369,0,zr,1.4946436000000001,29.684388299999998,1.19799995,-0.0829999968,20230803393079,600,0xe,0x2,20.5699997,26.245266,0.022454882,0.0881384462,6.84190718e-06,30,1.08299994,2
600214200018784,240547460,2460159.9771212228,60159.4746065,18.2980747,0.0352453627,0,zr,1.4946618,29.6843903,1.26900005,-0.0370000005,20230803474537,600,0xe,0x2,20.5,26.2533722,0.0231800955,0.100217313,7.40704854e-06,30,1.00999999,2
600214200018784,240625709,2460160.7596704033,60160.2570949,19.3518353,0.0763413385,0,zr,1.4947013,29.684505999999999,0.328000009,0.0299999993,20230804257083,600,0xe,0x2,19.8400002,26.1637897,0.0384555086,0.100650713,1.99587994e-05,30,2.14599991,2
600214200018784,240644342,2460160.9460159852,60160.443425899997,18.5019417,0.04063721,0,zr,1.4946573999999999,29.6843927,0.781000018,0.0390000008,20230804443380,600,0xe,0x2,20.8600006,26.2716084,0.0216161236,0.0950645208,6.35228798e-06,30,1.01100004,2
600214200018784,240746723,2460161.9699028367,60161.467233800002,18.4083958,0.0380421691,0,zr,1.4946448999999999,29.684401600000001,1.36699998,-0.0540000014,20230805467222,600,0xe,0x2,20.8999996,26.265852,0.0220654495,0.0900834277,6.62378125e-06,30,1.00899994,2
600214200018784,240844429,2460162.9470376996,60162.444294000001,18.3237247,0.035871312,0,zr,1.4946618,29.6843924,0.838,0.00400000019,20230806444248,600,0xe,0x2,21,26.2710476,0.0234503541,0.0904421732,7.53346421e-06,30,1.00899994,1
600214200018784,240938646,2460163.8892849307,60163.386469899997,18.2832813,0.0348908305,0,zr,1.4946653999999999,29.6844094,0.862999976,-0.057,20230807386470,600,0xe,0x2,21.0699997,26.2617302,0.0210865196,0.0819538087,6.08455548e-06,30,1.07299995,2
600214200018784,240943674,2460163.9395665345,60163.436747699998,18.2280254,0.0336075909,0,zr,1.4946698,29.684401999999999,0.810000002,0.0170000009,20230807436748,600,0xe,0x2,21,26.2522373,0.0212207753,0.0947552994,6.20058927e-06,30,1.00999999,2
600214200018784,241532630,2460169.8295567967,60169.326307900003,18.218502,0.0333928093,0,zr,1.4946828000000001,29.6843763,0.83099997,0.0140000004,20230813326192,600,0xe,0x2,21.3500004,26.213192,0.020674808,0.0830458626,5.76209823e-06,30,1.21099997,2
600214200018784,241541892,2460169.9221790652,60169.418923600002,17.9150696,0.0274439752,0,zr,1.4947066,29.684436699999999,0.897000015,-0.0549999997,20230813418762,600,0xe,0x2,21.2800007,26.2351952,0.0236634556,0.0957417563,7.59548402e-06,30,1.01100004,2
600214200018784,241638062,2460170.883947853,60170.380624999998,17.9897079,0.0287564397,0,zr,1.4946678,29.684393499999999,0.755999982,0.0219999999,20230814380625,600,0xe,0x2,21.5599995,26.2158165,0.0241494849,0.0898728445,7.942509e-06,30,1.04799998,2
600214200018784,241640296,2460170.906287414,60170.402963,18.0725479,0.0303237941,0,zr,1.4946765,29.684399599999999,1.171,-0.0280000009,20230814402963,600,0xe,0x2,21.5400009,26.2177277,0.0237356815,0.0841883868,7.66592893e-06,30,1.01999998,1
600214200018784,241740296,2460171.9063565889,60171.402963,18.1526642,0.0319577269,0,zr,1.494678,29.684407100000001,1.12,-0.0599999987,20230815402905,600,0xe,0x2,21.4899998,26.2258244,0.0241135843,0.0837978274,7.92602896e-06,30,1.01800001,2
600214200018784,241743708,2460171.9404792362,60171.437083299999,18.4107971,0.038106136,0,zr,1.4946923999999999,29.684388299999998,0.67900002,0.0359999985,20230815437072,600,0xe,0x2,21.5499992,26.2293167,0.022152802,0.0818403214,6.73362092e-06,30,1.00800002,2
600214200018784,241933784,2460173.8413719786,60173.337847199997,18.3578377,0.0367263146,0,zr,1.4947244,29.684382100000001,0.335999995,0.0120000001,20230817337812,600,0xe,0x2,21.2099991,26.2392426,0.0208091065,0.0851884484,5.83528708e-06,30,1.12800002,2
600214200018784,241934050,2460173.8440342597,60173.340509299996,18.2588139,0.0343147106,0,zr,1.4946737999999999,29.6843991,0.814999998,-0.0729999989,20230817340255,600,0xe,0x2,21.4300003,26.2351398,0.0231957864,0.0876290649,7.30103648e-06,30,1.12,1
600214200018784,241944350,2460173.9470387683,60173.443506900003,18.0244179,0.0293985717,0,zr,1.4946831,29.684398600000002,1.54999995,-0.0520000011,20230817443438,600,0xe,0x2,21.2399998,26.2344704,0.0260967631,0.0911286995,9.2822811e-06,30,1.01300001,2
600214200018784,242037151,2460174.8751096325,60174.371516200001,18.6376057,0.0447971597,0,zr,1.4946689,29.6843857,1.04400003,-0.0399999991,20230818371505,600,0xe,0x2,21.4899998,26.2362843,0.0214182418,0.0890204459,6.30334671e-06,30,1.04499996,2
600214200018784,242635674,2460180.860717243,60180.356747700003,18.5800514,0.0429725908,32768,zr,1.4947276,29.684419200000001,0.648000002,0.0370000005,20230824356620,600,0xe,0x2,19.6700001,24.03578,0.107833259,0.105525069,0.000196230234,30,1.04299998,2
600214200018784,242744565,2460181.9496935783,60181.445659700003,18.1227074,0.0313326903,0,zr,1.4946817999999999,29.6844052,0.533999979,-0.023,20230825445648,600,0xe,0x2,21.0599995,26.2572231,0.02274503,0.0934096724,6.97861242e-06,30,1.03699994,2
600214200018784,242834108,2460182.8451737864,60182.341088000001,18.4096107,0.0380745158,0,zr,1.4946704,29.684402800000001,0.746999979,-0.00600000005,20230826341088,600,0xe,0x2,21.3500004,26.2541065,0.0213939473,0.0891287103,6.28807811e-06,30,1.05999994,1
600214200018784,242834203,2460182.8461228409,60182.342037000002,18.2505512,0.0341230147,0,zr,1.4946866999999999,29.6844064,0.842000008,-0.00100000005,20230826342026,600,0xe,0x2,21.4599991,26.2508926,0.0217313729,0.0877003744,6.48861896e-06,30,1.05799997,2
600214200018784,242845068,2460182.9547749832,60182.450682900002,18.3096657,0.0355264321,0,zr,1.4946408,29.684410400000001,0.552999973,0.0140000004,20230826450671,600,0xe,0x2,21.4500008,26.2510929,0.0219842438,0.0907295719,6.62676393e-06,30,1.04799998,2
600214200018784,242947927,2460183.9834212633,60183.479270800002,18.4071903,0.0380101129,0,zr,1.4946440999999999,29.684391600000001,2.0539999,-0.00700000022,20230827479201,600,0xe,0x2,21,26.2648544,0.0231613703,0.0782868639,7.28864279e-06,30,1.11899996,2
600214200018784,243046624,2460184.9704553639,60184.466249999998,18.9517689,0.0564824566,0,zr,1.4946877999999999,29.684383199999999,0.953999996,0.0329999998,20230828466238,600,0xe,0x2,21.4099998,26.241684,0.020931866,0.088311024,5.99508576e-06,30,1.09200001,2
600214200018784,243046769,2460184.9719022419,60184.467696799999,18.3362656,0.0361826159,0,zr,1.4946769,29.684404300000001,1.57200003,0.108999997,20230828467697,600,0xe,0x2,21.2999992,26.2428303,0.0215591919,0.0882698372,6.28395446e-06,30,1.09500003,1
600214200018784,243137328,2460185.8775418377,60185.373287000002,18.2165184,0.033348307,0,zr,1.4946611999999999,29.6844027,0.298999995,-0.0199999996,20230829373276,600,0xe,0x2,20.9899998,26.2647018,0.0229210183,0.0932629108,7.25930158e-06,30,1.01199996,2
600214200018784,243223538,2460186.7396827787,60186.235381899998,17.9828262,0.0286315661,0,zr,1.4946554999999999,29.684385899999999,0.898000002,-0.0260000005,20230830235347,600,0xe,0x2,20.4099998,26.2048607,0.0262296256,0.095243983,9.30787155e-06,30,1.48599994,2
600214200018784,243243649,2460186.9408046799,60186.436493100002,18.261013,0.0343659855,0,zr,1.4946904999999999,29.6843909,0.481999993,0.0419999994,20230830436481,600,0xe,0x2,20.4300003,26.2472134,0.0233561564,0.0897554904,7.5651601e-06,30,1.04299998,1
600214200018784,243243743,2460186.9417422293,60186.437430600003,18.2348671,0.0337630287,0,zr,1.4946851999999999,29.6843912,0.0869999975,0.00899999961,20230830437431,600,0xe,0x2,20.2999992,26.2560463,0.027785359,0.084833324,1.07330261e-05,30,1.04499996,2
600214200018784,243746234,2460191.966910928,60191.462349499998,18.3936539,0.0376523547,0,zr,1.4946341999999999,29.684420500000002,1.028,-0.0399999991,20230904462350,600,0xe,0x2,20.5799999,26.2538586,0.0248125959,0.0960481912,8.28591237e-06,30,1.13399994,2
600214200018784,243844112,2460192.9457291649,60192.441122700002,18.5844574,0.0431090891,0,zr,1.4946421999999999,29.6843903,0.740999997,-0.057,20230905441088,600,0xe,0x2,21,26.2526016,0.0204420239,0.0898837224,5.63527919e-06,30,1.08399999,2
600214200018784,243938302,2460193.887669459,60193.3830208,18.4418697,0.0389463417,0,zr,1.4946642999999999,29.684384300000001,0.568000019,-0.0329999998,20230906382870,600,0xe,0x2,21.1000004,26.2397728,0.0230028294,0.0956602767,7.19116997e-06,30,1.00999999,2
600214200018784,243944229,2460193.9469429562,60193.442291699997,18.2923374,0.0351073034,0,zr,1.4946731,29.6844103,0.931999981,-0.0970000029,20230906442292,600,0xe,0x2,21,26.2389278,0.0226076599,0.090628542,6.94294931e-06,30,1.09300005,2
600214200018784,244032138,2460194.8260784368,60194.321388900004,18.3326073,0.0360914357,0,zr,1.4946562000000001,29.684395200000001,1.23300004,0.0160000008,20230907321377,600,0xe,0x2,21.3199997,26.2443199,0.0241173767,0.0914721489,7.95479991e-06,30,1.03799999,2
600214200018784,244032232,2460194.8270159778,60194.322326399997,18.3796082,0.037285693,0,zr,1.4946531999999999,29.684388999999999,0.700999975,-0.0419999994,20230907322326,600,0xe,0x2,21.5900002,26.2663746,0.0261316318,0.0853447244,9.30032093e-06,30,1.03699994,1
600214200018784,244046258,2460194.9672765667,60194.462581,18.4553127,0.0393170342,0,zr,1.4946626000000001,29.6843927,0.656000018,0.0590000004,20230907462581,600,0xe,0x2,21.2800007,26.238184,0.0218165517,0.0936801434,6.42659188e-06,30,1.16299999,2
600214200018784,244129040,2460195.7951356429,60195.2904051,18.4720821,0.0397856124,0,zr,1.4946752999999999,29.684381800000001,0.940999985,-0.0359999985,20230908290394,600,0xe,0x2,21.3600006,26.1878166,0.0225066915,0.0912030041,6.94118171e-06,30,1.09300005,2
600214200018784,244144189,2460195.9466349422,60195.441898099998,18.307415,0.0354716294,0,zr,1.4946702999999999,29.684401399999999,1.04100001,0.00499999989,20230908441887,600,0xe,0x2,21.2000008,26.1841087,0.0224238895,0.0891227573,6.80475523e-06,30,1.10599995,2
600214200018784,244234121,2460196.8459889442,60196.341215300003,18.1392822,0.031676393,0,zr,1.4946619000000001,29.684385899999999,0.663999975,-0.0170000009,20230909341215,600,0xe,0x2,21.4099998,26.1985359,0.0253376644,0.0853718519,8.72972851e-06,30,1.01300001,2
600214200018784,244234216,2460196.8469380825,60196.342164399997,18.1770058,0.0324783325,0,zr,1.4946893999999999,29.684381500000001,0.600000024,0.0130000003,20230909342164,600,0xe,0x2,21.4300003,26.1962929,0.0254763458,0.0900483802,8.81439883e-06,30,1.01300001,1
600214200018784,244235866,2460196.863443349,60196.358669000001,18.4083481,0.0380409025,0,zr,1.4946748999999999,29.684382899999999,0.791000009,-0.0379999988,20230909358646,600,0xe,0x2,21.3799992,26.2148552,0.0218087435,0.0811186805,6.52988911e-06,30,1.00699997,2
600214200018784,244443155,2460198.9364058455,60198.431550900001,18.5470772,0.0419673398,0,zr,1.4946641000000001,29.684380300000001,1.77999997,-0.0299999993,20230911431273,600,0xe,0x2,21.5,26.2420216,0.0224953406,0.0820463076,6.8522495e-06,30,1.10099995,2
600214200018784,244641171,2460200.9166395059,60200.411713000001,18.3941154,0.0376645066,0,zr,1.4946767000000001,29.6843866,0.713999987,-0.0329999998,20230913411713,600,0xe,0x2,21.3299999,26.2530117,0.0208352786,0.083540909,5.83927567e-06,30,1.06700003,2
600214200018784,244641266,2460200.917588538,60200.412662000002,18.616333,0.0441122279,0,zr,1.4946805999999999,29.684389400000001,0.83099997,-0.0560000017,20230913412650,600,0xe,0x2,21.5900002,26.2564125,0.020688694,0.0834991634,5.77914989e-06,30,1.06900001,1
600214200018784,244642790,2460200.9328321619,60200.427905099998,18.1325607,0.0315363966,0,zr,1.4946685,29.684374800000001,0.203999996,-0.00300000003,20230913427870,600,0xe,0x2,21.4099998,26.2482166,0.0211831611,0.0848294497,6.01225929e-06,30,1.10500002,2
600214200018784,244726368,2460201.7686362131,60201.263680600001,18.3818798,0.0373446979,0,zr,1.4946868,29.684396599999999,0.816999972,-0.0549999997,20230914263681,600,0xe,0x2,21.3600006,26.2376938,0.0206891764,0.0835809559,5.79278594e-06,30,1.12100005,2
600214200018784,244742634,2460201.9313036627,60201.426342600003,18.4278297,0.0385638364,0,zr,1.4946656,29.684393700000001,0.675000012,-0.0759999976,20230914426227,600,0xe,0x2,21.5,26.2206879,0.0228599217,0.0909473523,7.09760616e-06,30,1.10899997,2
600214200018784,244825940,2460202.7643980631,60202.259409699996,18.0837173,0.0305444561,0,zr,1.4946771000000001,29.684387999999998,0.38499999,-0.00600000005,20230915259410,600,0xe,0x2,20.9599991,26.2192116,0.0219328329,0.0788792521,6.51600749e-06,30,1.12600005,2
600214200018784,244826803,2460202.7730210451,60202.268032400003,18.3519173,0.0365760401,0,zr,1.4946822,29.6843878,0.883000016,-0.074000001,20230915268032,600,0xe,0x2,21.1900005,26.2226677,0.0214033909,0.0821572766,6.1990022e-06,30,1.102,1
600214200018784,244924056,2460203.7455863594,60203.240567100001,18.3689957,0.0370116644,0,zr,1.4946549,29.684389599999999,1.15900004,-0.00700000022,20230916240567,600,0xe,0x2,21.3400002,26.2185135,0.0217301119,0.0850446522,6.39548762e-06,30,1.18200004,2
600214200018784,244947672,2460203.9817509721,60203.476724499997,18.4062996,0.0379864164,0,zr,1.4946828999999999,29.684376199999999,0.828999996,-0.0250000004,20230916476725,600,0xe,0x2,21.2600002,26.1990414,0.0233866666,0.091186747,7.3736619e-06,30,1.35300004,2
600214200018784,245038140,2460204.8864540085,60204.381400500002,18.1676331,0.0322764851,0,zr,1.4946758,29.684398699999999,1.37899995,0.00999999978,20230917381389,600,0xe,0x2,21.4300003,26.2420616,0.0225061812,0.0879233703,6.86814474e-06,30,1.03499997,1
600214200018784,245038233,2460204.887391536,60204.382338000003,18.1518898,0.0319413468,0,zr,1.4946763999999999,29.684391999999999,0.537,-0.0289999992,20230917382338,600,0xe,0x2,21.6299992,26.2383099,0.0235999972,0.0910584852,7.5380899e-06,30,1.03600001,2
600214200018784,245040906,2460204.9141168054,60204.409062500003,18.5021782,0.0406440347,0,zr,1.4947216000000001,29.684381399999999,1.102,-0.0500000007,20230917409051,600,0xe,0x2,21.3799992,26.2481785,0.0223328434,0.0714413673,6.73216709e-06,30,1.08500004,2
600214200018784,245139284,2460205.8979294882,60205.392847199997,18.2368927,0.0338092521,0,zr,1.4946691000000001,29.684386199999999,1.00199997,-0.0170000009,20230918392836,600,0xe,0x2,21.7800007,26.2516384,0.0225099809,0.0853429288,6.83479584e-06,30,1.05700004,2
600214200018784,245140728,2460205.9123627823,60205.4072801,18.2773132,0.0347491466,0,zr,1.4946896999999999,29.6843793,1.02999997,-0.0130000003,20230918407269,600,0xe,0x2,21.5499992,26.2497711,0.0222559255,0.0789257586,6.7350993e-06,30,1.08800006,2
600214200018784,245222666,2460206.7317715799,60206.2266667,18.4790688,0.0399828888,0,zr,1.4946724,29.684395599999998,1.18599999,0.0120000001,20230919226667,600,0xe,0x2,21.2199993,26.2439804,0.0204209164,0.0862374678,5.67588404e-06,30,1.20500004,2
600214200018784,245243430,2460206.9394159652,60206.4343056,18.3465481,0.0364404507,0,zr,1.4946792,29.684372100000001,1.12300003,0.00800000038,20230919434306,600,0xe,0x2,21.1299992,26.2552776,0.0211249813,0.0791560858,6.07297261e-06,30,1.17999995,1
600214200018784,245243997,2460206.9450874091,60206.439976900001,18.2969551,0.0352183729,0,zr,1.4946543000000001,29.684389899999999,0.319000006,-0.00300000003,20230919439757,600,0xe,0x2,21.3500004,26.2516842,0.0210398044,0.0845053345,5.99185569e-06,30,1.20299995,2
600214200018784,245331450,2460207.8196352208,60207.314502300003,18.2862587,0.0349618196,0,zr,1.4946701,29.6844,0.867999971,0.0270000007,20230920314375,600,0xe,0x2,21.5900002,26.2578888,0.0222947523,0.0855721608,6.76493028e-06,30,1.01100004,2
600214200018784,245333956,2460207.8446937469,60207.339560200002,18.2891178,0.0350301377,0,zr,1.4946828999999999,29.6843963,1.11800003,-0.0109999999,20230920339560,600,0xe,0x2,21.5100002,26.2576771,0.0247648917,0.0884465501,8.38535016e-06,30,1.00800002,2
600214200018784,245527001,2460209.7751905136,60209.270011599998,18.246851,0.0340376273,0,zr,1.4946736,29.684397799999999,0.181999996,0.0270000007,20230922270012,600,0xe,0x2,21.1200008,26.2299767,0.0205281861,0.0878471434,5.64596712e-06,30,1.05499995,2
600214200018784,245527096,2460209.7761395331,60209.270960599999,19.5245342,0.0869244561,0,zr,1.4947520000000001,29.684426999999999,0.975000024,-0.130999997,20230922270949,600,0xe,0x2,20.8700008,26.2182026,0.0228470229,0.0884222835,7.00073588e-06,30,1.05299997,1
600214200018784,245530319,2460209.8083740519,60209.303194400003,18.3580513,0.036731746,32768,zr,1.4946393,29.684470999999998,1.42799997,0.0299999993,20230922303194,600,0xe,0x2,19.0599995,24.9338646,0.0475772135,0.103035443,4.34078684e-05,30,1.01499999,2
600214200018784,245717898,2460211.6841998533,60211.178981500001,18.4984188,0.0405355841,0,zr,1.4947201999999999,29.684401300000001,0.513999999,0,20230924178970,600,0xe,0x2,20.7999992,26.2423668,0.0217417534,0.0884759948,6.39292693e-06,30,1.39400005,2
600214200018784,245744665,2460211.951878577,60211.4466551,18.5629921,0.0424489528,0,zr,1.4946581999999999,29.6843915,1.16999996,-0.0960000008,20230924446620,600,0xe,0x2,21.2900009,26.2371387,0.0209687967,0.0863122419,5.9302688e-06,30,1.30299997,2
600214200018784,245838769,2460212.8929374306,60212.387696799997,18.366703,0.0369527824,0,zr,1.4946702999999999,29.684401399999999,1.35599995,0.0540000014,20230925387697,600,0xe,0x2,21.4099998,26.2755661,0.0235190596,0.0789979473,7.46903515e-06,30,1.08599997,2
600214200018784,245839149,2460212.8967337948,60212.391493100004,18.4303455,0.0386320464,0,zr,1.4946554000000001,29.6844085,1.08399999,0.0329999998,20230925391493,600,0xe,0x2,21.5699997,26.2603493,0.0235522613,0.08841414,7.47457352e-06,30,1.09599996,1
600214200018784,245844168,2460212.9469313389,60212.441689799998,18.2958584,0.0351919569,0,zr,1.4946735,29.684397499999999,0.776000023,0.0359999985,20230925441470,600,0xe,0x2,21.3799992,26.2337036,0.0243154727,0.0919960514,7.99680765e-06,30,1.28999996,2
600214200018784,245919556,2460213.7008213443,60213.195567100003,18.4551582,0.0393127315,0,zr,1.494658,29.684434700000001,0.51700002,0.0130000003,20230926195197,600,0xe,0x2,20.4799995,26.2501793,0.0241949651,0.0876191184,7.93186427e-06,30,1.26100004,2
600214200018784,245934791,2460213.8531734552,60213.347916699997,18.678297,0.0461425483,0,zr,1.4946383000000001,29.6844243,0.643000007,-0.0209999997,20230926347917,600,0xe,0x2,20.9300003,26.2603779,0.022127727,0.0933750272,6.6133548e-06,30,1.02400005,2
600214200018784,246020828,2460214.7135569951,60214.208287000001,18.4669876,0.0396425128,0,zr,1.4946611000000001,29.684413200000002,0.671999991,-0.00899999961,20230927208275,600,0xe,0x2,20.5400009,26.2568359,0.0231313091,0.0895197839,7.24365191e-06,30,1.19099998,2
600214200018784,246029596,2460214.8012319235,60214.2959606,18.5271187,0.0413727276,0,zr,1.494672,29.684389599999999,0.751999974,-0.0160000008,20230927295949,600,0xe,0x2,20.6599998,26.2698898,0.0241721645,0.0920138583,7.91204911e-06,30,1.01100004,1
600214200018784,246049226,2460214.9975425699,60214.492268499998,18.6126728,0.0439956561,0,zr,1.4946485,29.684412300000002,1.14199996,-0.101999998,20230927492176,600,0xe,0x2,20.7600002,26.1948013,0.0255653895,0.0980218053,8.81305277e-06,30,1.78400004,2
600214200018784,246125806,2460215.7633518255,60215.258067100003,18.8280792,0.051513873,0,zr,1.4946680999999999,29.6843915,0.889999986,0.0270000007,20230928257951,600,0xe,0x2,20.5900002,26.2599716,0.0252983738,0.0909392536,8.64689628e-06,30,1.04799998,2
600214200018784,246217513,2460216.6804350712,60216.175138899998,18.7691193,0.0493185222,0,zr,1.4947497000000001,29.6844109,0.896000028,0.108000003,20230929175139,600,0xe,0x2,20.0400009,26.2600307,0.0310992226,0.0795676261,1.31702482e-05,30,1.329,1
600214200018784,246218547,2460216.6907708012,60216.185474500002,18.7503624,0.0486424975,0,zr,1.4946679,29.6844228,0.514999986,0.123999998,20230929185475,600,0xe,0x2,20.1100006,26.2571888,0.0297974888,0.0844823495,1.20917312e-05,30,1.27100003,2
600214200018784,246631212,2460220.8174619768,60220.312129600003,18.8539944,0.0525134169,0,zr,1.4946295999999999,29.684409200000001,1.05200005,0.0320000015,20231003312083,600,0xe,0x2,20.5699997,26.2307034,0.0245136824,0.0949588418,8.04574847e-06,30,1.01199996,2
600214200018784,246635866,2460220.8640016243,60220.358669000001,18.7651825,0.0491757281,0,zr,1.4946775999999999,29.684414400000001,1.421,-0.115000002,20231003358183,600,0xe,0x2,20.6200008,26.1775227,0.023366956,0.0919578224,7.32666513e-06,30,1.07000005,2
600214200018784,246722471,2460221.7300474513,60221.2247106,18.8834877,0.0536773317,0,zr,1.4946404,29.684410400000001,1.28100002,-0.00700000022,20231004224699,600,0xe,0x2,20.9799995,26.2332211,0.0210520085,0.0887281969,5.96118207e-06,30,1.08099997,2
600214200018784,246729347,2460221.7988093575,60221.293472199999,18.7773781,0.0496195592,0,zr,1.4946664999999999,29.684371200000001,0.898000002,-0.0340000018,20231004293113,600,0xe,0x2,20.8799992,26.2428284,0.0210909322,0.093027398,5.95201027e-06,30,1.00699997,1
600214200018784,246734894,2460221.8542841729,60221.348946799997,18.584549,0.0431119427,0,zr,1.4946984000000001,29.684394099999999,0.532000005,0.00499999989,20231004348530,600,0xe,0x2,20.7000008,26.2426376,0.0233265776,0.0893229321,7.41953818e-06,30,1.05700004,2
600214200018784,246824800,2460222.7533496898,60222.248009299998,18.8166313,0.0510791428,0,zr,1.4946497000000001,29.684426899999998,0.532999992,0.0329999998,20231005247454,600,0xe,0x2,20.5699997,26.247858,0.0237176344,0.0900953412,7.63010303e-06,30,1.03400004,2
600214200018784,246827320,2460222.7785464614,60222.273205999998,18.8508835,0.0523922741,0,zr,1.4946485,29.684443999999999,1.23599994,-0.136999995,20231005273148,600,0xe,0x2,20.4699993,26.2490482,0.0245693997,0.0934726447,8.18184162e-06,30,1.01100004,2
600214200018784,246921260,2460223.7179464423,60223.212604200002,18.9288406,0.0555230565,0,zr,1.4947169,29.684407799999999,0.500999987,0.00300000003,20231006212465,600,0xe,0x2,20.3400002,26.2528706,0.0411721021,0.0761552379,2.292926e-05,30,1.097,2
600214200018784,246922543,2460223.7307820627,60223.2254398,18.8967266,0.0542090125,0,zr,1.4946855999999999,29.6844182,0.947000027,-0.0199999996,20231006225440,600,0xe,0x2,21.0900002,26.2337379,0.0219913758,0.0886238366,6.54039013e-06,30,1.06700003,1
600214200018784,246946998,2460223.9753308138,60223.4699884,18.6406193,0.0448952056,0,zr,1.4946200999999999,29.684418900000001,1.09000003,-0.0500000007,20231006469444,600,0xe,0x2,20,26.164587,0.0303544607,0.0912034586,1.23309983e-05,30,1.81599998,2
600214200018784,247033822,2460224.8435718287,60224.338229200002,18.7983227,0.0503923781,0,zr,1.494618,29.684402299999999,0.656000018,-0.0410000011,20231007337870,600,0xe,0x2,20.8899994,26.2533455,0.0218186993,0.0850684717,6.51930804e-06,30,1.05200005,2
600214200018784,247038539,2460224.8907360779,60224.385393500001,18.9748325,0.0574657135,0,zr,1.4946600000000001,29.6844249,0.765999973,0.0209999997,20231007385382,600,0xe,0x2,20.7399998,26.2358627,0.0219125431,0.0895896405,6.51546679e-06,30,1.18099999,2
600214200018784,247223416,2460226.7395055769,60226.2341667,19.1205101,0.0641140044,0,zr,1.4946687000000001,29.6844006,0.27700001,-0.00700000022,20231009233900,600,0xe,0x2,21.4500008,26.2368336,0.0255260933,0.0865972042,8.81997312e-06,30,1.03799999,2
600214200018784,247229018,2460226.7955238894,60226.2901852,19.00844,0.0589316674,0,zr,1.4946786000000001,29.684408699999999,0.518999994,-0.0359999985,20231009290127,600,0xe,0x2,21.3899994,26.2394276,0.0260603949,0.089363493,9.20879302e-06,30,1.00899994,1
600214200018784,247229126,2460226.7966002859,60226.291261600003,18.9510918,0.0564538613,0,zr,1.4946866999999999,29.684394600000001,1.08099997,-0.00300000003,20231009291192,600,0xe,0x2,21.4099998,26.2470741,0.0214886386,0.0860380679,6.2633394e-06,30,1.00999999,2
600214200018784,247325758,2460227.7629155624,60227.257580999998,18.9182873,0.0550874285,0,zr,1.494667,29.684393199999999,0.865999997,-0.00899999961,20231010257569,600,0xe,0x2,21.2800007,26.1952839,0.0222491808,0.0917578042,6.71204498e-06,30,1.01300001,2
600214200018784,247331564,2460227.8209823645,60227.315648099997,18.9087143,0.054695487,0,zr,1.4946678,29.684420299999999,0.799000025,-0.0649999976,20231010315498,600,0xe,0x2,21.25,26.1896629,0.0215960033,0.0895678252,6.32196679e-06,30,1.03100002,2
600214200018784,247418001,2460228.6853408618,60228.180011600001,19.049839,0.0607926026,0,zr,1.4947684000000001,29.684359199999999,0.862999976,-0.0320000015,20231011180012,600,0xe,0x2,20.2399998,26.2470798,0.0290505625,0.0805108696,1.14027162e-05,30,1.153,2
600214200018784,247427684,2460228.7821689593,60228.276840300001,18.9719429,0.0573415123,0,zr,1.4946979,29.684434299999999,1.23500001,0.0439999998,20231011276806,600,0xe,0x2,20.7700005,26.2470436,0.0237874072,0.102388009,7.68807149e-06,30,1.00699997,1
600214200018784,247427777,2460228.7831064533,60228.277777800002,18.9965935,0.0584104285,0,zr,1.4946685,29.684411999999998,0.698000014,-0.0500000007,20231011277766,600,0xe,0x2,21.1000004,26.248703,0.0220839828,0.0942546278,6.62155662e-06,30,1.00800002,2
600214200018784,247629158,2460230.7968978868,60230.291585600004,19.0293427,0.0598636121,0,zr,1.4946349999999999,29.684378800000001,1.01999998,-0.0790000036,20231013291562,600,0xe,0x2,20.7999992,26.2348785,0.0257350206,0.0879194364,8.95452013e-06,30,1.01600003,2
600214200018784,247636342,2460230.8687374578,60230.363425900003,19.0287228,0.0598357506,0,zr,1.4946404,29.684423500000001,0.572000027,-0.0340000018,20231013363426,600,0xe,0x2,21.0100002,26.2230625,0.0210496392,0.0890677199,6.00883777e-06,30,1.15999997,2
600214200018784,247732459,2460231.8298963625,60231.324594899997,18.801281,0.0505026467,0,zr,1.4946592999999999,29.684381599999998,1.05999994,-0.0299999993,20231014324583,600,0xe,0x2,21.3799992,26.2374516,0.0227280911,0.0844547153,7.00533974e-06,30,1.06200004,2
600214200018784,247733827,2460231.8435768015,60231.338275499998,18.8404121,0.0519868545,0,zr,1.4946508999999999,29.684397300000001,0.998000026,-0.0790000036,20231014338102,600,0xe,0x2,21.3999996,26.2376537,0.0217536502,0.0887979195,6.38747815e-06,30,1.09200001,2
600214200018784,247733922,2460231.8445257912,60231.3392245,18.9384136,0.0559214391,0,zr,1.4946797000000001,29.6843827,0.782000005,0.00400000019,20231014339213,600,0xe,0x2,21.2399998,26.2406826,0.0202403702,0.0851673707,5.51651874e-06,30,1.09500003,1
600214200018784,247825557,2460232.7608690215,60232.255578700002,18.596241,0.0434767306,0,zr,1.4946451999999999,29.684403799999998,0.574000001,0.0280000009,20231015255567,600,0xe,0x2,21.1200008,26.2432098,0.0217221286,0.0910430551,6.44169404e-06,30,1.00800002,2
600214200018784,247834520,2460232.8504974563,60232.345208300001,18.9672813,0.0571417846,0,zr,1.4946710999999999,29.684391000000002,0.878000021,-0.0829999968,20231015344965,600,0xe,0x2,21.1499996,26.2415924,0.0212445352,0.0889378041,6.14167129e-06,30,1.11899996,2
600214200018784,247917137,2460233.6766553279,60233.171377300001,18.7618732,0.0490560792,0,zr,1.4946832999999999,29.684421,1.41600001,-0.0260000005,20231016171366,600,0xe,0x2,21.0300007,26.2456474,0.0207711421,0.0791055709,5.89530691e-06,30,1.13699996,1
600214200018784,247918277,2460233.688055675,60233.182777800001,18.9588051,0.0567805171,0,zr,1.4946771999999999,29.684370000000001,0.674000025,-0.0309999995,20231016182778,600,0xe,0x2,20.9400005,26.2366638,0.022912005,0.0854090974,7.17491366e-06,30,1.10300004,2
600214200018784,247942379,2460233.9290706632,60233.423796299998,18.4570103,0.0393641554,0,zr,1.4946345999999999,29.684397700000002,1.079,-0.0480000004,20231016423623,600,0xe,0x2,20.8099995,26.206852,0.0221800189,0.0901009291,6.69523024e-06,30,1.58899999,2
600214200018784,248016204,2460234.6673119091,60234.162048600003,18.5742264,0.0427929312,0,zr,1.4946733999999999,29.6843997,0.941999972,-0.0579999983,20231017162002,600,0xe,0x2,21.2000008,26.2421551,0.0203142185,0.0737461448,5.61602747e-06,30,1.15900004,2
600214200018784,248024697,2460234.7522412101,60234.246979199997,18.8333588,0.0517157838,0,zr,1.4946851999999999,29.6843994,0.667999983,-0.0240000002,20231017246968,600,0xe,0x2,21.4500008,26.2511787,0.0226603542,0.0861943886,6.98737676e-06,30,1.00899994,2
600214200018784,248124993,2460235.7551760557,60235.249930600003,18.5914745,0.0433275551,0,zr,1.4946702999999999,29.684404300000001,1.08099997,0.00899999961,20231018249919,600,0xe,0x2,21.3500004,26.2602234,0.0197880212,0.0841729641,5.35195841e-06,30,1.00800002,2
600214200018784,248129447,2460235.7997238804,60235.294479199998,19.1108265,0.0636478662,0,zr,1.4946811,29.684392200000001,0.878000021,-0.0450000018,20231018294155,600,0xe,0x2,21.1599998,26.2607479,0.0205099117,0.085168995,5.76240564e-06,30,1.03199995,1
600214200018784,248130387,2460235.8091218164,60235.303877300001,19.110611,0.0636375844,0,zr,1.4947212999999999,29.684383499999999,0.697000027,0.0729999989,20231018303773,600,0xe,0x2,21.1200008,26.2545185,0.021371698,0.0812235922,6.2788472e-06,30,1.04499996,2
600214200018784,248216008,2460236.6653100783,60236.160081000002,19.2168312,0.068945922,0,zr,1.4946598,29.6843939,0.518000007,0.00800000038,20231019160081,600,0xe,0x2,21.1100006,26.2439518,0.0209468398,0.084284395,5.95308393e-06,30,1.14699996,2
600214200018784,248232398,2460236.8292075149,60236.323981499998,19.1804199,0.0670770481,0,zr,1.4947090000000001,29.6844009,1.04400003,0.119000003,20231019323970,600,0xe,0x2,21.1499996,26.2336559,0.0213331133,0.089309372,6.15939553e-06,30,1.09099996,2
600214200018784,248319525,2460237.7004635767,60237.195254600003,18.9288654,0.0555240437,0,zr,1.4946412,29.684389700000001,0.319999993,-0.0189999994,20231020195220,600,0xe,0x2,21.3999996,26.1878242,0.0252292305,0.092263028,8.62930756e-06,30,1.05200005,2
600214200018784,248320440,2460237.7096184958,60237.204409700003,18.8861313,0.0537830181,0,zr,1.4946652,29.684385800000001,0.698000014,-0.00999999978,20231020204398,600,0xe,0x2,21.3199997,26.217041,0.0205673892,0.088375099,5.75423473e-06,30,1.03799999,1
600214200018784,248417581,2460238.6809986178,60238.175810200002,18.6939697,0.04667335,0,zr,1.4946653000000001,29.684407499999999,1.02100003,-0.0109999999,20231021175810,600,0xe,0x2,21.2900009,26.2407665,0.0217253491,0.0878001004,6.47770185e-06,30,1.08599997,2
600214200018784,248433222,2460238.8374071992,60238.332222199999,18.8763542,0.0533932187,0,zr,1.4946534,29.6843887,1.03100002,0.0149999997,20231021331921,600,0xe,0x2,21.6900005,26.2394485,0.0286284089,0.0898118392,1.11498957e-05,30,1.12899995,2
600214200018784,248513983,2460239.6450047852,60239.139838000003,19.0509682,0.0608442724,0,zr,1.4946993,29.684381299999998,0.981000006,-0.0890000015,20231022139826,600,0xe,0x2,21.2099991,26.2491074,0.0208051186,0.087121509,5.87110799e-06,30,1.19200003,2
600214200018784,248536177,2460239.8669324024,60239.361770800002,19.2035618,0.0682587549,0,zr,1.4946678,29.684398699999999,1.53299999,-0.0590000004,20231022361771,600,0xe,0x2,21.2299995,26.2489376,0.0204925518,0.0845685452,5.68357473e-06,30,1.25800002,2
600214200018784,248541263,2460239.9177992642,60239.412638900001,20.4966736,0.169476971,0,zr,1.4948109000000001,29.6844936,1.296,-0.439999998,20231022412639,600,0xe,0x2,20.9799995,26.2110443,0.0218951348,0.0890751779,6.463109e-06,30,1.64400005,1
600214200018784,248819856,2460242.7036538632,60242.198564799997,18.8995533,0.054323338,0,zr,1.4946221,29.6844234,0.513999999,-0.0450000018,20231025198553,600,0xe,0x2,20.5,26.2399216,0.0259317458,0.0998178869,9.06382957e-06,30,1.028,1
600214200018784,248819950,2460242.7045913385,60242.199502299998,18.762104,0.0490644351,0,zr,1.4946550999999999,29.684424199999999,0.600000024,-0.075000003,20231025199502,600,0xe,0x2,20.6299992,26.2454491,0.0247444287,0.0986742079,8.25025018e-06,30,1.02699995,2
600214200018784,248842231,2460242.9273975315,60242.422314800002,18.6508808,0.0452309549,0,zr,1.4946699999999999,29.6843976,0.441000015,0.0419999994,20231025422315,600,0xe,0x2,20.8999996,26.1684685,0.0223816633,0.092439346,6.73260229e-06,30,1.87699997,2
600214200018784,249018289,2460244.6879247474,60244.182893500001,18.7068195,0.0471138135,0,zr,1.4946773,29.684412399999999,1.14100003,-0.0260000005,20231027182882,600,0xe,0x2,20.2900009,26.2471542,0.027091505,0.0947843492,9.90530953e-06,30,1.04100001,2
600214200018784,249033350,2460244.8385334969,60244.333506900002,18.9489212,0.0563623086,0,zr,1.4946523,29.6843903,0.653999984,-0.0410000011,20231027333495,600,0xe,0x2,20.1700001,26.253231,0.0279066414,0.0838571638,1.04636556e-05,30,1.19099998,2
600214200018784,249118756,2460245.6925691892,60245.187569399997,18.9368668,0.0558568351,0,zr,1.4946628,29.6844261,0.523999989,-0.143000007,20231028187558,600,0xe,0x2,19.8899994,26.2654724,0.0327887386,0.0961674899,1.45970535e-05,30,1.03100002,2
600214200018784,249121685,2460245.7218507561,60245.216851899997,19.0807915,0.062224552,0,zr,1.4946533,29.684394600000001,0.591000021,-0.0909999982,20231028216829,600,0xe,0x2,20.1700001,26.2621307,0.0285287537,0.0948183909,1.11183545e-05,30,1.00899994,1
600214200018784,249237538,2460246.8803425431,60246.375381899998,18.4842129,0.0401288979,0,zr,1.4946382,29.684459799999999,1.03699994,-0.151999995,20231029375382,600,0xe,0x2,19.5100002,26.2267265,0.0408239253,0.0949975252,2.46066065e-05,30,1.47000003,2
600214200018784,249518537,2460249.6902306252,60249.185370400002,18.8948174,0.0541320071,0,zr,1.4946523,29.684408300000001,1.79999995,0.061999999,20231101185359,600,0xe,0x2,20.7000008,26.252388,0.0244527627,0.096464701,8.00298494e-06,30,1.02199996,2
600214200018784,249541206,2460249.9169117357,60249.412060199997,18.9841995,0.0578703396,0,zr,1.4950745999999999,29.684402500000001,0.736999989,0.0480000004,20231101411956,600,0xe,0x2,19.2199993,26.0757961,0.0433886126,0.103868641,3.08454109e-05,30,2.0250001,2
600214200018784,249625493,2460250.7597496319,60250.2549306,18.5583668,0.0423083082,0,zr,1.4946672000000001,29.684402599999999,0.649999976,0.0160000008,20231102254931,600,0xe,0x2,21.0200005,26.2686253,0.0217358824,0.0910562351,6.4000028e-06,30,1.03400004,2
600214200018784,249625587,2460250.7606985951,60250.255879600001,18.6562214,0.0454068631,0,zr,1.4946778999999999,29.684404199999999,0.601999998,0.00999999978,20231102255868,600,0xe,0x2,21.0400009,26.2605247,0.0210805852,0.0902935043,6.00086378e-06,30,1.03499997,1
600214200018784,249632424,2460250.8290639715,60250.324247700002,18.4144306,0.0382031947,0,zr,1.494656,29.684377000000001,0.418000013,-0.00700000022,20231102324167,600,0xe,0x2,20.3500004,26.2594223,0.0275981035,0.079138957,1.02950435e-05,30,1.222,2
600214200018784,249717113,2460251.6759167686,60251.171134299999,19.1050224,0.0633702427,0,zr,1.4946967,29.684403499999998,0.477999985,-0.0689999983,20231103171065,600,0xe,0x2,21.1700001,26.254673,0.0217559189,0.0875607431,6.38683059e-06,30,1.03100002,2
600214200018784,249720251,2460251.7072928003,60251.2025116,18.5728168,0.0427495651,0,zr,1.4946820999999999,29.684413599999999,0.421999991,0.0450000018,20231103202500,600,0xe,0x2,21.1800003,26.2569866,0.0216059834,0.0916397274,6.31658713e-06,30,1.00800002,2
600214200018784,249816249,2460252.6672415826,60252.162499999999,18.6374245,0.0447912738,0,zr,1.494685,29.684382800000002,1.37199998,0.00800000038,20231104162500,600,0xe,0x2,21.3500004,26.2568817,0.0240022819,0.0844061151,7.78204321e-06,30,1.03900003,2
600214200018784,249827834,2460252.7830816051,60252.278344899998,18.727066,0.0478176363,0,zr,1.4946410999999999,29.6843982,0.837000012,-0.00200000009,20231104278299,600,0xe,0x2,21.0100002,26.2464542,0.0224893913,0.0921142697,6.83152757e-06,30,1.08599997,1
600214200018784,249928153,2460253.7862331835,60253.281539399999,18.7281704,0.0478563569,0,zr,1.4946554000000001,29.6844064,0.787999988,-0.0410000011,20231105281516,600,0xe,0x2,21.2999992,26.2506847,0.0227656402,0.0871754512,6.94533492e-06,30,1.10099995,2
600214200018784,249932480,2460253.8294950733,60253.324803199997,18.1786156,0.0325131565,0,zr,1.4946477,29.6844055,1.00699997,0.0390000008,20231105324734,600,0xe,0x2,21.0100002,26.2386875,0.0220584981,0.0919634476,6.55007989e-06,30,1.26400006,2
600214200018784,250013422,2460254.638880719,60254.134224499998,18.5045338,0.0407121815,0,zr,1.4946839000000001,29.684411999999998,1.28600001,-0.0359999985,20231106134225,600,0xe,0x2,21.2700005,26.2593689,0.022107996,0.0825428441,6.62993534e-06,30,1.08099997,1
600214200018784,250014387,2460254.6485330919,60254.143877299997,18.5774288,0.0428915843,0,zr,1.4946717,29.684398900000001,0.504000008,-0.0270000007,20231106143877,600,0xe,0x2,21.3400002,26.2555809,0.0212974288,0.086385265,6.12729673e-06,30,1.06099999,2
600214200018784,250023415,2460254.7388068642,60254.234155099999,18.661087,0.0455678515,0,zr,1.4946691000000001,29.6844082,0.827000022,-0.104000002,20231106234144,600,0xe,0x2,21.0900002,26.2480965,0.0222243387,0.0921968147,6.65391508e-06,30,1.02199996,2
600214200018784,250116707,2460255.671681196,60255.167071800002,19.0285873,0.0598296449,0,zr,1.4946621,29.6843957,0.566999972,-0.0280000009,20231107167072,600,0xe,0x2,21.2299995,26.2571678,0.0203368757,0.0868817195,5.57844396e-06,30,1.02400005,2
600214200018784,250316418,2460257.6687045502,60257.164189800002,18.5661774,0.0425461456,0,zr,1.4946090999999999,29.684418300000001,0.657999992,-0.0370000005,20231109164178,600,0xe,0x2,20.7000008,26.2528839,0.0241626967,0.0920599401,7.83496125e-06,30,1.02100003,2
600214200018784,250317196,2460257.676481978,60257.171967599999,18.6678391,0.0457923301,0,zr,1.4946942999999999,29.684366099999998,1.10899997,-0.057,20231109171956,600,0xe,0x2,20.4099998,26.253231,0.0290990155,0.0908374339,1.13839278e-05,30,1.01499999,1
600214200018784,250324197,2460257.7464901558,60257.2419792,18.4846516,0.040141385,0,zr,1.4946651,29.684362499999999,1.09599996,0.0179999992,20231109241933,600,0xe,0x2,20.0900002,26.243969,0.0323816948,0.0969595239,1.41276341e-05,30,1.04200006,2
600214200018784,250424434,2460258.7488016426,60258.2443403,18.7387028,0.0482276194,0,zr,1.4946116,29.684420299999999,0.603999972,-0.0350000001,20231110244340,600,0xe,0x2,20.5699997,26.1374454,0.0245194994,0.0868604481,8.09353241e-06,30,1.04999995,2
600214200018784,250425216,2460258.7566253492,60258.252164400001,18.644125,0.0450095907,0,zr,1.4946457,29.684391000000002,0.531000018,-0.0270000007,20231110252130,600,0xe,0x2,20.5200005,26.1207886,0.0264917985,0.083605133,9.45208831e-06,30,1.06500006,2
600214200018784,250513410,2460259.6385250022,60259.134108799997,18.5661163,0.0425442494,0,zr,1.4946680999999999,29.684389700000001,0.688000023,-0.0359999985,20231111134097,600,0xe,0x2,21.1100006,26.2385445,0.0203236006,0.0830206051,5.55600127e-06,30,1.05400002,1
600214200018784,250513504,2460259.6394624538,60259.135046299998,18.6015739,0.0436443239,0,zr,1.4946535000000001,29.6843936,1.09899998,-0.0379999988,20231111135046,600,0xe,0x2,21.2700005,26.2430038,0.0195731223,0.0851651132,5.15367492e-06,30,1.05200005,2
600214200018784,250527271,2460259.7771289642,60259.2727199,18.5164833,0.0410600416,0,zr,1.4946644,29.6844061,1.12600005,-0.0979999974,20231111272581,600,0xe,0x2,21.1100006,26.223156,0.0225231927,0.093899779,6.82319478e-06,30,1.12199998,2
600214200018784,250619835,2460260.702717368,60260.198356499997,18.4442387,0.0390113406,0,zr,1.4946796,29.684425699999998,1.07500005,-0.0120000001,20231112198345,600,0xe,0x2,20.7700005,26.2546463,0.0222908668,0.0910340995,6.6634002e-06,30,1.00999999,2
600214200018784,250621699,2460260.7213505832,60260.216990699999,18.5861912,0.0431629345,0,zr,1.4946812,29.684407400000001,0.836000025,0.0579999983,20231112216979,600,0xe,0x2,21.0100002,26.2504501,0.0211653933,0.0933697373,6.0211496e-06,30,1.02199996,2
600214200018784,250715640,2460261.6607102975,60261.156400499996,18.3477383,0.0364704691,0,zr,1.4946718999999999,29.684410499999998,1.00199997,-0.0829999968,20231113156400,600,0xe,0x2,21.0499992,26.2439213,0.0218429472,0.0977202207,6.39370364e-06,30,1.01800001,1
600214200018784,250715734,2460261.6616592458,60261.157349499998,18.3517094,0.0365707874,0,zr,1.4946557,29.6844134,1.14400005,-0.00499999989,20231113157338,600,0xe,0x2,21.1299992,26.2458801,0.0214416906,0.0903021023,6.15806994e-06,30,1.01800001,2
600214200018784,250725630,2460261.760612288,60261.256307900003,18.43293,0.0387022533,0,zr,1.4946353000000001,29.684412900000002,0.638999999,0.00899999961,20231113256285,600,0xe,0x2,21.25,26.2204418,0.022020489,0.0880191401,6.52626977e-06,30,1.09200001,2
600214200018784,250826769,2460262.7719458807,60262.267696800001,18.5695267,0.042648606,0,zr,1.4946775999999999,29.684381900000002,0.593999982,-0.0560000017,20231114267685,600,0xe,0x2,21.3400002,26.2469406,0.0201276857,0.0875874385,5.44025352e-06,30,1.13199997,2
600214200018784,250937104,2460263.8752289005,60263.371041699997,18.6721001,0.0459346399,0,zr,1.4946429000000001,29.684395800000001,0.744000018,-0.0540000014,20231115370509,600,0xe,0x2,20.4599991,26.1627426,0.0260233469,0.092722632,9.0398571e-06,30,1.97599995,2
600214200018784,251414902,2460268.6529305796,60268.149027799998,18.6484261,0.0451503806,0,zr,1.4947463999999999,29.684407,1.43599999,-0.0790000036,20231120148981,600,0xe,0x2,20.1599998,26.2538586,0.0323499292,0.0945117623,1.4054709e-05,30,1.01100004,2
600214200018784,251415005,2460268.6539606149,60268.150057899999,18.7450562,0.0484531969,0,zr,1.4947371,29.684434700000001,1.39100003,0.103,20231120150012,600,0xe,0x2,20.0100002,26.2545166,0.0304386355,0.0952456072,1.23893697e-05,30,1.00999999,1
600214200018784,251417099,2460268.6748968051,60268.170995400003,18.4968758,0.0404911451,0,zr,1.4946603999999999,29.684418900000001,1.199,0.0320000015,20231120170972,600,0xe,0x2,19.8500004,26.2541695,0.0342100784,0.0924569294,1.56325368e-05,30,1.00800002,2
600214200018784,253013008,2460284.6328556407,60284.130081000003,18.2438984,0.0339696892,0,zr,1.4946484,29.684403799999998,0.591000021,-0.0549999997,20231206130035,600,0xe,0x2,21.4599991,26.240551,0.0257958751,0.0839080215,8.83460143e-06,30,1.00899994,2
600214200018784,253015049,2460284.6532707461,60284.1504977,18.4248962,0.0384845138,0,zr,1.4946562999999999,29.684381900000002,1.05400002,-0.0700000003,20231206150486,600,0xe,0x2,21.5300007,26.2438049,0.0274987537,0.0868899375,1.01133564e-05,30,1.02100003,2
600214200018784,253114908,2460285.6517803599,60285.149085600002,18.0679398,0.0302334353,0,zr,1.4946642999999999,29.684384999999999,0.978999972,-0.0759999976,20231207149074,600,0xe,0x2,21.1499996,26.2423687,0.0207433626,0.0874266028,5.75779541e-06,30,1.02199996,2
600214200018784,253311236,2460287.6148996786,60287.1123611,18.278471,0.0347765684,0,zr,1.4946438,29.684399599999999,0.559000015,-0.0769999996,20231209112350,600,0xe,0x2,21.2600002,26.2415161,0.0226268843,0.0869833082,6.78907327e-06,30,1.00699997,2
600214200018784,253311378,2460287.6163231656,60287.113784699999,18.1208286,0.0312940553,0,zr,1.4946602,29.684400100000001,0.58099997,0.0469999984,20231209113773,600,0xe,0x2,21.1700001,26.2417107,0.0215327479,0.0911425725,6.15930821e-06,30,1.00699997,1
600214200018784,253316070,2460287.6632406875,60287.160706000002,18.4434414,0.0389894396,0,zr,1.4946401,29.684391000000002,0.565999985,0.0170000009,20231209160694,600,0xe,0x2,20.6200008,26.239666,0.0232451037,0.0875935331,7.17625153e-06,30,1.04299998,2
600214200018784,253317834,2460287.680878167,60287.1783449,18.3237209,0.0358711928,0,zr,1.4946761,29.684414100000001,0.643999994,0.0270000007,20231209178345,600,0xe,0x2,20.3700008,26.2426968,0.0241414886,0.0910091549,7.76889283e-06,30,1.07599998,2
600214200018784,253417672,2460288.6791771888,60288.176724500001,18.1817131,0.0325803496,0,zr,1.4946680999999999,29.684397400000002,0.479999989,-0.0170000009,20231210176713,600,0xe,0x2,20.1399994,26.2316856,0.0300550889,0.092708312,1.20365476e-05,30,1.07799995,2
600214200018784,253420158,2460288.7040362521,60288.2015856,18.2759876,0.0347177759,0,zr,1.4945727,29.684379199999999,0.930000007,-0.0189999994,20231210201574,600,0xe,0x2,19.8600006,26.2171078,0.032899674,0.090305984,1.45564909e-05,30,1.148,2
600214200018784,253422969,2460288.7321474655,60288.229699099997,18.0400658,0.0296948701,0,zr,1.4947585000000001,29.6843097,0.865999997,0.115999997,20231210229618,600,0xe,0x2,19.2900009,26.209034,0.0419003144,0.102082595,2.83393056e-05,30,1.26600003,2
600214200018784,253512438,2460289.6267621634,60289.1243866,18.1884861,0.0327278823,0,zr,1.4946972000000001,29.684397700000002,0.693000019,-0.0130000003,20231211124375,600,0xe,0x2,20.4200001,25.9463501,0.024018053,0.0905276611,7.67235997e-06,30,1.01199996,2
600214200018784,253513033,2460289.6327106724,60289.130335599999,18.3788528,0.0372660868,32768,zr,1.4946473,29.684410799999998,0.558000028,0.00499999989,20231211130301,600,0xe,0x2,20.3500004,25.833889,0.0263460297,0.0856453404,9.2934024e-06,30,1.01600003,2
600214200018784,253513128,2460289.6336596953,60289.131284700001,18.2418365,0.0339223742,32768,zr,1.4946518,29.684410400000001,0.674000025,-0.0689999983,20231211131273,600,0xe,0x2,20.2999992,25.7327538,0.0268124491,0.0887988731,9.60574016e-06,30,1.01600003,1
600214200018784,253515120,2460289.6535770609,60289.151203699999,18.2769737,0.0347410999,32768,zr,1.4946299999999999,29.6844182,1.43700004,-0.112000003,20231211151192,600,0xe,0x2,19.9300003,25.6548519,0.034125071,0.0967275947,1.56192273e-05,30,1.03699994,2
600214200018784,253612930,2460290.6315986817,60290.129305599999,18.2440186,0.0339724533,0,zr,1.4946634999999999,29.684396499999998,1.17400002,-0.0599999987,20231212129271,600,0xe,0x2,21.2000008,26.188961,0.024493495,0.087542586,8.02636896e-06,30,1.01699996,2
600214200018784,253617797,2460290.6802635547,60290.177974500002,18.3386955,0.036243327,0,zr,1.4946754,29.684386400000001,0.666000009,0.0469999984,20231212177975,600,0xe,0x2,20.3700008,25.694561,0.0299736951,0.0896488279,1.20363175e-05,30,1.09399998,2
600214200018784,253711060,2460291.6128138006,60291.1106019,18.2952271,0.0351767465,0,zr,1.4946727,29.684423500000001,0.819000006,-0.0430000015,20231213110579,600,0xe,0x2,21.2099991,26.2421417,0.023130158,0.0924322233,7.09672167e-06,30,1.00899994,1
600214200018784,253711153,2460291.6137512205,60291.111539400001,18.1824188,0.0325956866,0,zr,1.4946571,29.684395200000001,0.880999982,0.0109999999,20231213111528,600,0xe,0x2,21.2700005,26.2382488,0.0221937019,0.0903183818,6.52914287e-06,30,1.00899994,2
600214200018784,256116284,2460315.6629413986,60315.162847200001,18.2254887,0.0335501991,0,zr,1.494637,29.6844444,0.822000027,0,20240106162847,600,0xe,0x2,20.1499996,26.2224903,0.0293990988,0.0854089111,1.15004914e-05,30,1.30400002,1
600214200018784,256118736,2460315.6874530655,60315.187361099997,18.2252178,0.0335440822,0,zr,1.4947159000000001,29.6844258,1.18299997,-0.0329999998,20240106187350,600,0xe,0x2,20.0599995,26.2062035,0.0302950963,0.0949631706,1.22075871e-05,30,1.47399998,1
600214200018784,257316335,2460327.6623749016,60327.163356500001,18.1920071,0.032804966,0,zr,1.4946702000000001,29.684398300000002,0.949000001,-0.0520000011,20240118163345,600,0xe,0x2,19.9300003,26.2019482,0.0307107642,0.0988101587,1.24987173e-05,30,1.55200005,1
600214200018784,258314556,2460337.6437284271,60337.1455671,18.4587402,0.0394122377,0,zr,1.4947055,29.6844091,0.616999984,-0.0979999974,20240128145567,600,0xe,0x2,18.9699993,25.9339085,0.0427679606,0.0898989961,3.90400382e-05,30,1.64999998,1
600214200018784,267050657,2460425.0018725405,60424.5065741,18.2110195,0.0332253762,0,zr,1.4946980999999999,29.6844587,0.233999997,-0.0500000007,20240424506146,600,0xe,0x2,18.2099991,25.9933987,0.0376670361,0.0975132361,4.98266891e-05,30,2.91499996,1
600214200018784,267449538,2460428.9908091323,60428.4953819,18.6584167,0.0454794243,0,zr,1.4947364000000001,29.684395299999998,0.889999986,0.0790000036,20240428495382,600,0xe,0x2,19.5499992,26.0344276,0.0466997363,0.106367417,3.10340802e-05,30,2.92600012,1
600214200018784,267449585,2460428.9912837534,60428.495856499998,18.5627327,0.0424410366,0,zr,1.4946501999999999,29.684397000000001,0.860000014,-0.141000003,20240428495845,600,0xe,0x2,19.7000008,26.0496902,0.0451974235,0.0930558592,2.78090993e-05,30,2.90700006,1
600214200018784,267449631,2460428.9917466752,60428.496319400001,18.4515839,0.0392137691,0,zr,1.4945685,29.684443300000002,0.787,-0.0540000014,20240428496319,600,0xe,0x2,19.6399994,26.0344601,0.0384637341,0.108243838,2.01114035e-05,30,2.88899994,1
600214200018784,267549554,2460429.9910069839,60429.495543999998,18.4179306,0.0382969901,0,zr,1.4946402000000001,29.684366000000001,0.546000004,-0.0350000001,20240429495532,600,0xe,0x2,19.7099991,26.0594978,0.0415494591,0.093811214,2.30000387e-05,30,2.81599998,1
600214200018784,267549600,2460429.9914699038,60429.496006900001,18.4778194,0.0399475209,0,zr,1.4946077,29.684405399999999,0.555000007,-0.0260000005,20240429496007,600,0xe,0x2,19.7600002,26.0584354,0.0398791023,0.100177959,2.16031203e-05,30,2.79900002,1
600214200018784,267549648,2460429.9919445156,60429.496481499998,18.4327183,0.0386964865,32768,zr,1.4946950999999999,29.6843158,0.217999995,-0.0170000009,20240429496470,600,0xe,0x2,19.6100006,26.0583134,0.0568629056,0.0970168933,4.47184175e-05,30,2.78200006,1
600214200018784,268048056,2460434.9762283904,60434.480567099999,18.409277,0.0380656198,0,zr,1.4946569000000001,29.6843675,0.568000019,-0.0469999984,20240504480556,600,0xe,0x2,20.4599991,25.9826565,0.0250365715,0.101376124,8.35774972e-06,30,2.86599994,1
600214200018784,268048346,2460434.9791220194,60434.4834606,18.3424129,0.0363364667,0,zr,1.494648,29.684401300000001,1.10300004,-0.0810000002,20240504483449,600,0xe,0x2,20.6200008,25.984745,0.0248776115,0.102396689,8.3032146e-06,30,2.75999999,1
600214200018784,268048787,2460434.983532012,60434.4878704,18.7004814,0.0468959473,0,zr,1.4946883,29.6843842,1.00600004,-0.0769999996,20240504487859,600,0xe,0x2,20.2700005,26.0181255,0.0278637242,0.0914987624,1.02831491e-05,30,2.61400008,1
600214200018784,268348018,2460437.9759816062,60437.480185200002,18.3250847,0.0359048806,0,zr,1.4946765,29.6844149,0.953999996,-0.0260000005,20240507480162,600,0xe,0x2,20.3199997,26.0222588,0.0322025008,0.101097442,1.37018715e-05,30,2.59800005,1
600214200018784,268348313,2460437.978933149,60437.4831366,18.2964764,0.0352068245,0,zr,1.4946630999999999,29.684421700000001,1.17799997,-0.108999997,20240507483125,600,0xe,0x2,20.2299995,26.0376434,0.0291766915,0.0976455659,1.13086508e-05,30,2.50900006,1
600214200018784,268348703,2460437.9828337384,60437.487036999999,18.3883781,0.0375141129,0,zr,1.4946208999999999,29.684380399999998,0.661000013,-0.0140000004,20240507487025,600,0xe,0x2,19.8899994,26.0456581,0.033066988,0.102509841,1.46029497e-05,30,2.40199995,1
600214200018784,268448513,2460438.9809831525,60438.485138900003,18.2265778,0.0335748345,0,zr,1.4946702999999999,29.684397400000002,0.735000014,0.0480000004,20240508485127,600,0xe,0x2,20.25,26.0520458,0.0285444371,0.104508527,1.09308912e-05,30,2.38000011,1
600214200018784,268547756,2460439.9734621295,60439.477569399998,18.6149025,0.0440666154,0,zr,1.494705,29.6844219,1.11600006,0.00400000019,20240509477558,600,0xe,0x2,19.8299999,25.9611454,0.0361759998,0.100996435,1.74369761e-05,30,2.51200008,1
600214200018784,268548101,2460439.9769114042,60439.481018500002,18.3829765,0.0373732224,0,zr,1.4947010999999999,29.684456300000001,0.425000012,-0.0199999996,20240509481007,600,0xe,0x2,19.9099998,25.9670792,0.035788741,0.104962774,1.69945888e-05,30,2.41700006,1
600214200018784,268548493,2460439.9808237026,60439.484930600003,18.488945,0.0402637906,0,zr,1.4946816999999999,29.684373600000001,0.808000028,-0.0700000003,20240509484919,600,0xe,0x2,19.8099995,25.9771652,0.0369939916,0.10296417,1.83518659e-05,30,2.31699991,1
600214200018784,268647725,2460440.9731997042,60440.477256899998,18.3880024,0.0375042967,0,zr,1.4946628,29.684400799999999,1.21000004,-0.0140000004,20240510477234,600,0xe,0x2,20.3199997,26.0330639,0.0296287052,0.102250546,1.15804678e-05,30,2.44499993,1
600214200018784,268648116,2460440.9771120069,60440.481168999999,18.416235,0.0382515267,0,zr,1.4946606,29.684388200000001,0.833000004,-0.0320000015,20240510481146,600,0xe,0x2,20.4300003,26.0473804,0.0304036457,0.104521111,1.21494368e-05,30,2.34299994,1
600214200018784,268648506,2460440.981012607,60440.485069399998,18.6394348,0.0448566228,0,zr,1.4946961000000001,29.684433899999998,0.734000027,-0.057,20240510485058,600,0xe,0x2,20.1900005,26.0587521,0.0322028138,0.101376109,1.36575582e-05,30,2.25,1
600214200018784,273036760,2460484.8666827306,60484.367604200001,18.2732658,0.0346534885,0,zr,1.4946619000000001,29.6843781,1.01100004,0.0869999975,20240623367593,600,0xe,0x2,20.2700005,26.1030369,0.0304958355,0.100724943,1.23909049e-05,30,2.19099998,1
600214200018784,273342565,2460487.9250010704,60487.425659699999,18.924839,0.0553574301,0,zr,1.4946406999999999,29.6844213,0.60799998,-0.0549999997,20240626425660,600,0xe,0x2,20.6200008,26.1673317,0.0245944504,0.0922855213,8.15687326e-06,30,1.37300003,1
600214200018784,274037538,2460494.8753277208,60494.375381899998,19.4396477,0.0815607682,0,zr,1.494677,29.684390799999999,1.32700002,-0.137999997,20240703375382,600,0xe,0x2,21.0300007,26.153616,0.0226263274,0.0926643983,6.74928606e-06,30,1.64499998,1
600214200018784,274839136,2460502.8920123312,60502.391365700001,18.4699173,0.0397247337,0,zr,1.4946775999999999,29.684390100000002,0.908999979,-0.0219999999,20240711391354,600,0xe,0x2,21.0400009,26.0626144,0.0213134065,0.0940619707,6.08798473e-06,30,1.33000004,1
600214200018784,275140184,2460505.9027485196,60505.401840300001,18.6647911,0.0456908271,0,zr,1.4946682,29.684388899999998,0.453000009,-0.00899999961,20240714401829,600,0xe,0x2,21.5900002,26.1269226,0.027752202,0.090265438,1.03492794e-05,30,1.23099995,1
600214200018784,275737138,2460511.8728094166,60511.371388899999,18.6853905,0.0463819243,0,zr,1.4946716,29.684380999999998,0.910000026,-0.0350000001,20240720371377,600,0xe,0x2,20.4400005,26.1192894,0.0270194095,0.0924501419,9.7708471e-06,30,1.30299997,1
600214200018784,276037500,2460514.8766738526,60514.375,18.7248249,0.0477391332,0,zr,1.4946699000000001,29.6843942,0.808000028,0.0700000003,20240723374988,600,0xe,0x2,20.3099995,26.134613,0.031559661,0.0981056988,1.33796511e-05,30,1.24100006,1
600214200018784,276240459,2460516.9064378589,60516.404594899999,18.2175827,0.0333721787,0,zr,1.494651,29.6843945,0.635999978,0.0460000001,20240725404595,600,0xe,0x2,20.2900009,26.1314735,0.0302505922,0.0913435966,1.21032817e-05,30,1.11099994,1
600214200018784,276538178,2460519.8838698715,60519.3817824,18.7512169,0.048673071,0,zr,1.4946694,29.684383799999999,0.717000008,-0.061999999,20240728381771,600,0xe,0x2,21.2099991,26.2415314,0.019242743,0.0890207812,4.98031977e-06,30,1.15699995,1
600214200018784,276740928,2460521.9115337473,60521.409282400004,18.5781155,0.0429127738,0,zr,1.4946813999999999,29.6843845,0.985000014,0.00899999961,20240730409248,600,0xe,0x2,20.9799995,26.2175198,0.0212902855,0.0887746438,6.10621328e-06,30,1.06700003,1
600214200018784,277142371,2460525.9262838415,60525.423715299999,18.6327782,0.0446406156,0,zr,1.4946501999999999,29.684390700000002,0.583999991,-0.0659999996,20240803423704,600,0xe,0x2,21.4899998,26.1904202,0.0215354897,0.0863813236,6.22450534e-06,30,1.02699995,1
600214200018784,277341401,2460527.91673803,60527.414016199997,18.6069946,0.0438155122,0,zr,1.4946523,29.684383700000001,0.307000011,-0.0219999999,20240805414016,600,0xe,0x2,21.4400005,26.180954,0.0224383548,0.0894057974,6.86113208e-06,30,1.03199995,1
600214200018784,277538221,2460529.8850811739,60529.382210600001,18.7672234,0.0492496789,0,zr,1.4946788,29.684393499999999,0.444000006,-0.00200000009,20240807382211,600,0xe,0x2,20.9699993,25.9104309,0.0241129212,0.0856781006,7.81212839e-06,30,1.07799995,1
600214200018784,277836093,2460532.8642010698,60532.360937500001,18.5790691,0.0429422259,32768,zr,1.4946766,29.6843884,0.609000027,-0.00300000003,20240810360938,600,0xe,0x2,21.5900002,26.9069328,0.0167793296,0.0896268412,3.80302845e-06,60,1.11099994,1
600214200018784,277936277,2460533.8661135212,60533.362777800001,18.5603294,0.0423679054,32768,zr,1.4946680999999999,29.684382899999999,1.199,-0.00700000022,20240811362778,600,0xe,0x2,21.6800003,26.9222145,0.0163425021,0.0890689343,3.61139018e-06,60,1.09800005,1
600214200018784,278032946,2460534.8328721048,60534.3294676,18.2528477,0.0341761671,32768,zr,1.4946489000000001,29.6843945,1.04200006,-0.0719999969,20240812329468,600,0xe,0x2,20.9400005,26.7196484,0.0198727995,0.0922173485,5.38958102e-06,60,1.20099998,1
600214200018784,278238561,2460536.8889879207,60536.385613400002,18.707655,0.0471426249,0,zr,1.494648,29.684411399999998,1.59399998,-0.0379999988,20240814385602,600,0xe,0x2,21.1700001,26.238102,0.0223704726,0.0901859179,6.74605735e-06,30,1.03699994,1
600214200018784,278440755,2460538.9110698588,60538.407557899998,18.6513557,0.045246549,0,zr,1.4946577999999999,29.684405399999999,1.02699995,-0.0579999983,20240816407523,600,0xe,0x2,21.4200001,26.2424545,0.0206078868,0.0861149579,5.7489915e-06,30,1.01199996,1
600214200018784,279031648,2460544.8203722201,60544.316481499998,18.5569572,0.0422655344,0,zr,1.4946303999999999,29.6844128,1.11600006,-0.136000007,20240822316435,600,0xe,0x2,20.2299995,26.2240067,0.0269397348,0.0981386825,9.79812648e-06,30,1.14699996,1
600214200018784,279340341,2460547.9074886246,60547.403414400003,18.6651764,0.0457036346,0,zr,1.4946789,29.6844137,1.26499999,-0.0659999996,20240825403391,600,0xe,0x2,21.0499992,26.2308979,0.0234876852,0.09463837,7.34565401e-06,30,1.00699997,1
600214200018784,279540255,2460549.9067453379,60549.402557900001,18.6543045,0.0453436337,0,zr,1.4946691000000001,29.6844106,0.623000026,-0.0299999993,20240827402488,600,0xe,0x2,21.4200001,26.2318344,0.0219488312,0.0870811343,6.43253316e-06,30,1.00800002,1
600214200018784,279942971,2460553.9341120198,60553.429710600001,18.7386894,0.0482271537,0,zr,1.4946811,29.684387999999998,1.14400005,0.0179999992,20240831429711,600,0xe,0x2,21.5599995,26.2342739,0.0212990195,0.0860095248,6.07864604e-06,30,1.03999996,1
600214200018784,280236064,2460556.8651928981,60556.360648100002,18.7631874,0.0491035841,0,zr,1.4946987,29.6844021,0.984000027,0.0350000001,20240903360637,600,0xe,0x2,21.0599995,26.2031384,0.0213292409,0.0926658511,6.18173544e-06,30,1.00999999,1
600214200018784,280433232,2460558.8369615464,60558.332326399999,18.6994896,0.046861954,0,zr,1.4946808,29.684393199999999,0.703000009,0.0109999999,20240905332315,600,0xe,0x2,21.4500008,26.2146339,0.021928411,0.0886095986,6.4910837e-06,30,1.02900004,1
600214200018784,280828752,2460562.7923241905,60562.2875231,18.9174004,0.0550509915,0,zr,1.4946769,29.6843699,0.236000001,0.023,20240909287512,600,0xe,0x2,21.2700005,26.0565815,0.0214273166,0.0905213729,6.24470158e-06,30,1.08899999,1
600214200018784,281238145,2460566.886409001,60566.381458299998,18.5372334,0.041672796,0,zr,1.4947109999999999,29.684404900000001,0.712000012,-0.0140000004,20240913381412,600,0xe,0x2,20.6399994,26.0088673,0.0265150573,0.0985728502,9.32935018e-06,30,1.02400005,1
600214200018784,281533219,2460569.8372432454,60569.332199099998,18.8889999,0.0538980179,0,zr,1.4946339,29.684398300000002,0.995000005,-0.0839999989,20240916332199,600,0xe,0x2,20.5599995,26.2515659,0.0224430747,0.0893489942,6.6916059e-06,30,1.00800002,1
600214200018784,282131663,2460575.8218275784,60575.316631900001,18.8184128,0.0511465035,0,zr,1.4946714999999999,29.6843945,0.646000028,-0.0109999999,20240922316586,600,0xe,0x2,21.0100002,26.2252979,0.0231555142,0.0960428268,7.13774079e-06,30,1.00800002,1
600214200018784,282221798,2460576.7232000716,60576.217986099997,18.8950577,0.0541416667,0,zr,1.4946534,29.684406500000001,0.962000012,0.0140000004,20240923217975,600,0xe,0x2,21.1700001,26.1876335,0.0214728527,0.0881931782,6.1864971e-06,30,1.18799996,1
600214200018784,282436673,2460578.8719889661,60578.366736099997,18.5265789,0.0413567834,0,zr,1.4946618,29.684395500000001,0.745000005,0.0140000004,20240925366725,600,0xe,0x2,21.4400005,26.2270145,0.0210405346,0.0877981186,5.91717253e-06,30,1.04799998,1
600214200018784,282642880,2460580.9340915629,60580.428807900003,18.6816063,0.0462540314,0,zr,1.4946668000000001,29.684391300000001,0.903999984,-0.0280000009,20240927428808,600,0xe,0x2,21.3199997,26.2083359,0.0212259963,0.0850666612,6.05795685e-06,30,1.26199996,1
600214200018784,282834607,2460582.8513830346,60582.346076399997,18.8120422,0.0509060062,0,zr,1.4946982,29.6844012,0.523000002,-0.0209999997,20240929346065,600,0xe,0x2,21.4400005,26.242218,0.0219476297,0.0887796879,6.53393226e-06,30,1.03400004,1
600214200018784,283823645,2460592.7417941107,60592.236458300002,18.9958038,0.0583758205,0,zr,1.4946581000000001,29.684399299999999,0.568000019,-0.0890000015,20241009236424,600,0xe,0x2,21.5699997,26.2361965,0.026391726,0.0867025182,9.38163339e-06,30,1.03199995,1
600214200018784,284021868,2460594.7240041918,60594.218680600003,18.8111572,0.0508727133,0,zr,1.4946576,29.684406800000001,0.437999994,0.0450000018,20241011218669,600,0xe,0x2,20.8899994,26.2398949,0.0197643843,0.090722613,5.21898937e-06,30,1.051,1
600214200018784,284234626,2460596.8515653801,60596.346261600003,18.8083382,0.0507667623,0,zr,1.4946553,29.684370600000001,0.693000019,-0.0759999976,20241013346250,600,0xe,0x2,21.0699997,26.2589912,0.0223268364,0.0899782181,6.59848956e-06,30,1.11199999,1
600214200018784,284432089,2460598.8261704398,60598.320891199997,19.0143871,0.0591952316,0,zr,1.4946467999999999,29.684398300000002,0.324000001,-0.00899999961,20241015320880,600,0xe,0x2,20.2800007,26.2431335,0.028037155,0.0929971784,1.05207291e-05,30,1.06400001,1
600214200018784,284624928,2460600.7545319754,60600.2492824,18.6920872,0.0466091819,0,zr,1.4946522,29.684405900000002,0.811999977,0.0719999969,20241017249144,600,0xe,0x2,19.7900009,26.2502518,0.0350101367,0.0955883637,1.69294908e-05,30,1.00800002,1
600214200018784,284922041,2460603.7256095819,60603.220416700002,18.8354874,0.0517974049,0,zr,1.4946292000000001,29.684401999999999,0.957000017,0.0199999996,20241020220347,600,0xe,0x2,20.5300007,26.2455959,0.0252957307,0.0889976919,8.4833282e-06,30,1.01800001,1
600214200018784,285319633,2460607.7014273461,60607.196330999999,18.6994724,0.0468613878,0,zr,1.4946736,29.6843769,0.600000024,-0.0560000017,20241024196319,600,0xe,0x2,21.4300003,26.2513142,0.0222085435,0.0867417231,6.58343606e-06,30,1.03100002,1
600214200018784,285527902,2460609.7840642058,60609.279027800003,19.1104069,0.0636277497,0,zr,1.4946549,29.684433599999998,0.416999996,-0.00300000003,20241026279028,600,0xe,0x2,21.3400002,26.2391052,0.0229755566,0.0886094868,7.01916588e-06,30,1.04400003,1
600214200018784,286123581,2460615.740640243,60615.2358102,18.8008327,0.0504859239,0,zr,1.494672,29.684402200000001,1.68299997,0.126000002,20241101235810,600,0xe,0x2,21.0200005,26.2219772,0.0227071792,0.0924138799,6.84906581e-06,30,1.01400006,1
600214200018784,286432984,2460618.8345523397,60618.329849499998,18.965889,0.0570822656,0,zr,1.4946539000000001,29.684420899999999,1.25399995,-0.109999999,20241104329850,600,0xe,0x2,20.5100002,26.1992989,0.0258471239,0.0929760933,9.0368967e-06,30,1.28699994,1
600214200018784,286613753,2460620.6421571579,60620.137534699999,18.728714,0.0478754379,0,zr,1.4946799,29.6843653,0.786000013,-0.0450000018,20241106137500,600,0xe,0x2,20.6599998,25.9539165,0.0232832897,0.0843067616,7.20591697e-06,30,1.07000005,1
600214200018784,287029644,2460624.8008675729,60624.296446799999,18.6805553,0.046218615,32768,zr,1.4946413000000001,29.6844435,0.699999988,0.0939999968,20241110296319,600,0xe,0x2,20.0900002,25.8023109,0.0477080345,0.0867632702,3.02049193e-05,30,1.20500004,1
600214200018784,287214781,2460626.6521363026,60626.147812499999,18.7629929,0.0490965135,0,zr,1.4946486000000001,29.684429000000002,0.474999994,-0.0790000036,20241112147778,600,0xe,0x2,20.2199993,26.2448597,0.0253866762,0.096540086,8.49538719e-06,30,1.02699995,1
600214200018784,288020182,2460634.7056816616,60634.201828700003,18.8210144,0.051245071,0,zr,1.4946482999999999,29.684435700000002,0.699000001,-0.133000001,20241120201829,600,0xe,0x2,20.0599995,25.9634323,0.031052174,0.0965085328,1.29515574e-05,30,1.03100002,1
600214200018784,288222695,2460636.7306787027,60636.226955999999,20.1816406,0.139217883,0,zr,1.4946343,29.684378899999999,0.35800001,-0.0790000036,20241122226956,600,0xe,0x2,21.1499996,26.2248726,0.0209472645,0.0894390121,5.86699116e-06,30,1.08599997,1
600214200018784,288517760,2460639.6811291566,60639.177604199998,18.9590664,0.0567916036,0,zr,1.4946869,29.684434899999999,1.15600002,-0.0260000005,20241125177593,600,0xe,0x2,20.9599991,26.2253151,0.0235823486,0.0906080678,7.46489695e-06,30,1.01999998,1
600214200018784,288919202,2460643.6952669756,60643.1920255,18.6235695,0.0443438478,0,zr,1.4946352000000001,29.684346099999999,0.825999975,0.0170000009,20241129192014,600,0xe,0x2,20.1399994,26.2138348,0.0303298607,0.0860345364,1.22068559e-05,30,1.05299997,1
600214200018784,289317299,2460647.6759429215,60647.1729977,18.96101,0.0568742268,0,zr,1.4946904999999999,29.684381800000001,0.813000023,-0.00300000003,20241203172998,600,0xe,0x2,20.8999996,26.0179787,0.0261413883,0.0850225016,9.15775217e-06,30,1.03999996,1
600214200018784,289524530,2460649.748086378,60649.245300900002,18.923172,0.0552885532,0,zr,1.4946511,29.684389700000001,0.97299999,-0.0989999995,20241205245301,600,0xe,0x2,21.3500004,26.2117596,0.0212575141,0.0839405954,6.03252511e-06,30,1.28699994,1
600214200018784,289712855,2460651.6311905948,60651.128553199997,18.8458252,0.0521960035,0,zr,1.4946607999999999,29.684401000000001,0.860000014,-0.0170000009,20241207128542,600,0xe,0x2,20.9899998,26.2280083,0.0204220694,0.0895161852,5.61672096e-06,30,1.00999999,1
600214200018784,289916715,2460653.6696268148,60653.167152800001,18.9920979,0.0582139157,0,zr,1.4946919000000001,29.684451899999999,0.981000006,0.023,20241209166863,600,0xe,0x2,20.8199997,26.2524261,0.0221127383,0.0964734629,6.58786666e-06,30,1.05700004,1
600214200018784,290415043,2460658.6525025708,60658.150439800003,18.9022827,0.0544338971,0,zr,1.4946488,29.6844106,0.972000003,-0.142000005,20241214150440,600,0xe,0x2,20.5200005,26.2404213,0.0270060245,0.09657152,9.74247087e-06,30,1.05200005,1
600214200018784,290925862,2460663.7602489027,60663.258622699999,18.8256512,0.0514213145,0,zr,1.4946252,29.6843371,0.961000025,-0.104999997,20241219258611,600,0xe,0x2,20.0100002,26.1996269,0.0357870273,0.0908745155,1.70789663e-05,30,1.71899998,1
600214200018784,291115445,2460665.6559170927,60665.154455999997,18.8462906,0.0522140525,0,zr,1.4946562999999999,29.684397300000001,1.28600001,0.0130000003,20241221154444,600,0xe,0x2,20.5100002,25.8744354,0.0274340026,0.0901471972,1.16626925e-05,30,1.102,1
600214200018784,291315268,2460667.653970601,60667.152685200002,18.9878483,0.0580287874,0,zr,1.4946680000000001,29.684417100000001,0.428000003,0.0160000008,20241223152685,600,0xe,0x2,20.8500004,26.2039318,0.0221123453,0.0892280787,6.60173509e-06,30,1.11199999,1
600214200018784,291914107,2460673.6418277114,60673.141076400003,18.8323021,0.051675275,0,zr,1.4946303999999999,29.684402599999999,0.745000005,-0.123999998,20241229141076,600,0xe,0x2,20.3400002,26.0185947,0.0308259055,0.0838897154,1.27522426e-05,30,1.12600005,1
600214200018784,292120189,2460675.7024637274,60675.2018981,18.9911022,0.0581704453,0,zr,1.4946431,29.684388599999998,1.62300003,-0.180000007,20241231201840,600,0xe,0x2,21.0100002,26.2132721,0.0203653872,0.0893017873,5.53579184e-06,30,1.47500002,1
600214200018784,292515729,2460679.6574998368,60679.157291700001,18.9387817,0.055936832,0,zr,1.4947022999999999,29.6844079,0.505999982,-0.0399999991,20250104157292,600,0xe,0x2,20.9200001,26.2280083,0.0197615046,0.0914272964,5.17752551e-06,30,1.25600004,1
600214200018784,292710303,2460681.6030645506,60681.103032400002,18.9578094,0.0567381978,0,zr,1.4946321,29.684394699999999,0.602999985,0.0599999987,20250106103021,600,0xe,0x2,20.7199993,26.11026,0.0311871935,0.0930279642,1.29496093e-05,30,1.08299994,1
600214200018784,293018674,2460684.686501334,60684.186747699998,19.0554314,0.0610487685,0,zr,1.4947440999999999,29.684357200000001,1.03100002,-0.0260000005,20250109186748,600,0xe,0x2,19.1599998,26.1282902,0.0501215197,0.104237355,3.96793948e-05,30,1.55999994,1
600214200018784,293211103,2460686.6106106415,60686.111030100001,18.9471111,0.0562861115,0,zr,1.4946621,29.684401900000001,0.69599998,-0.0410000011,20250111111019,600,0xe,0x2,20.7999992,26.2357101,0.0261120442,0.0908461362,9.05258639e-06,30,1.14400005,1
600214200018784,294011034,2460694.6092175525,60694.110347200003,18.6645527,0.0456828997,0,zr,1.4946527999999999,29.684444500000001,0.551999986,-0.0130000003,20250119110347,600,0xe,0x2,20.7399998,26.2241783,0.0218771491,0.089960292,6.39224345e-06,30,1.227,1
600214200018784,294512421,2460699.6226503127,60699.124213000003,19.1003838,0.0631491765,0,zr,1.4945382,29.684381399999999,0.84799999,0.287,20250124124201,600,0xe,0x2,19.6499996,26.2121124,0.0370003395,0.0913899168,1.85200588e-05,30,1.38300002,1
600214200018784,295216358,2460706.6614407278,60706.163588000003,18.9212303,0.0552085415,0,zr,1.4946851999999999,29.684409500000001,0.426999986,-0.0359999985,20250131163576,600,0xe,0x2,20.6100006,26.1393299,0.0229888316,0.0954952538,6.99154498e-06,30,2.06200004,1
600214200018784,295716476,2460711.6622271524,60711.164768499999,18.8343372,0.0517532602,0,zr,1.4945766,29.684421100000002,0.505999982,-0.159999996,20250205164769,600,0xe,0x2,19.7999992,26.1238937,0.0327546112,0.101645082,1.41442279e-05,30,2.39100003,1
600214200018784,304049348,2460794.988937133,60794.493483799997,18.5637074,0.0424707532,0,zr,1.494705,29.684432999999999,0.391000003,-0.0399999991,20250429493438,600,0xe,0x2,19.6700001,25.9769917,0.0404736549,0.0988485515,2.25346066e-05,30,2.921,1
600214200018784,304049394,2460794.9894001489,60794.493946800001,18.6095219,0.0438955799,0,zr,1.4947041000000001,29.684361299999999,0.992999971,-0.0370000005,20250429493947,600,0xe,0x2,19.7199993,25.9718494,0.0385883339,0.111949019,1.98893049e-05,30,2.90199995,1
600214200018784,304049634,2460794.9917960446,60794.496342600003,18.7838421,0.0498566143,0,zr,1.4945744000000001,29.6843565,0.871999979,-0.0579999983,20250429496343,600,0xe,0x2,19.3899994,25.9992638,0.0492577478,0.097538963,3.62832288e-05,30,2.81200004,1
600214200018784,304948629,2460803.9821284115,60803.486296299998,18.4674664,0.0396559425,0,zr,1.4946884,29.684413500000002,0.825999975,0.063000001,20250508486285,600,0xe,0x2,20.0300007,26.1006908,0.0364422016,0.0952356979,1.76350186e-05,30,2.36899996,1
600214200018784,304949118,2460803.9870129521,60803.491180600002,18.7278137,0.0478438511,0,zr,1.4946697,29.6844432,1.41600001,0.0149999997,20250508491157,600,0xe,0x2,20.1399994,26.1132126,0.0346598551,0.0956317931,1.58415933e-05,30,2.25099993,1
600214200018784,304949604,2460803.9918742939,60803.496041699997,18.7517662,0.0486927368,0,zr,1.4946009,29.684388200000001,1.14699996,0.156000003,20250508496030,600,0xe,0x2,19.6499996,26.1241837,0.0367852412,0.102979764,1.88032081e-05,30,2.14499998,1
600214200018784,305148380,2460805.9797381624,60805.483807899996,18.901041,0.0543835871,0,zr,1.4946398000000001,29.684386,0.637000024,-0.0869999975,20250510483785,600,0xe,0x2,20.3700008,26.0968819,0.0297977179,0.0988852531,1.23551808e-05,30,2.29500008,1
600214200018784,305148820,2460805.9841364869,60805.488206000002,18.867836,0.0530561171,0,zr,1.4946785,29.684445499999999,0.79400003,0.00800000038,20250510488183,600,0xe,0x2,20.0599995,26.0606461,0.0346611254,0.094838731,1.6657099e-05,30,2.1960001,1
600214200018784,305149260,2460805.9885349162,60805.492604200001,18.825367,0.0514105111,0,zr,1.4946172,29.684376100000001,0.68900001,-0.166999996,20250510492581,600,0xe,0x2,19.5100002,26.0761528,0.0404871628,0.0966474265,2.34693416e-05,30,2.10500002,1
600214200018784,305248395,2460806.9799395245,60806.483958299999,18.6200962,0.0442324951,32768,zr,1.4947614,29.684531799999998,0.499000013,-0.0850000009,20250511483947,600,0xe,0x2,19,25.0759583,0.0507877842,0.0944903567,6.04277993e-05,30,2.22900009,1
600214200018784,305248782,2460806.9838055349,60806.487824099997,18.7393494,0.0482505448,0,zr,1.4946402000000001,29.684447200000001,0.398999989,0.0250000004,20250511487824,600,0xe,0x2,20.0200005,25.898304,0.0361528806,0.10789115,1.70759104e-05,30,2.14599991,1
600214200018784,305249274,2460806.9887247942,60806.492743100003,18.7726002,0.0494451486,0,zr,1.4946288999999999,29.684398000000002,0.754999995,-0.0160000008,20250511492743,600,0xe,0x2,19.9599991,25.9445782,0.0337636508,0.100106105,1.5108898e-05,30,2.04900002,1
600214200018784,309642592,2460850.9250730234,60850.425925900003,19.1334324,0.0647415072,0,zr,1.494659,29.684396400000001,1.57200003,-0.0759999976,20250624425926,600,0xe,0x2,21.2199993,26.0953197,0.0219592582,0.0906873345,6.49142521e-06,30,1.41499996,1
600214200018784,309644638,2460850.9455377967,60850.446388900004,18.7290573,0.0478874967,0,zr,1.4946618,29.6843927,1.03299999,-0.0350000001,20250624446377,600,0xe,0x2,21.1499996,26.1257572,0.0217347424,0.0894352943,6.30817203e-06,30,1.28499997,1
600214200018784,309940178,2460853.9011860439,60853.401782399997,18.8887329,0.0538873076,0,zr,1.4946412,29.684402599999999,0.79400003,0.0170000009,20250627401782,600,0xe,0x2,21.1100006,26.1312084,0.0223261062,0.0898475498,6.64086383e-06,30,1.54900002,1
600214200018784,310340607,2460857.9058281244,60857.406076400002,18.8782959,0.053470403,0,zr,1.4946508000000001,29.684396499999998,1.18200004,-0.0140000004,20250701406076,600,0xe,0x2,21.2800007,26.1988602,0.0216205772,0.0878063142,6.28719181e-06,30,1.41999996,1
600214200018784,310546396,2460859.9639013456,60859.463969900004,19.052494,0.0609141029,0,zr,1.4946868,29.684380300000001,0.58099997,-0.0320000015,20250703463970,600,0xe,0x2,21.2900009,26.1739464,0.021724401,0.0833075196,6.3497082e-06,30,1.11500001,1
600214200018784,313336186,2460887.8641707641,60887.361863400001,19.1842289,0.0672701001,0,zr,1.4947208999999999,29.684390499999999,0.938000023,0.00400000019,20250731361863,600,0xe,0x2,21.3500004,26.2269859,0.02039003,0.0857810527,5.54946882e-06,30,1.20500004,1
600214200018784,314138439,2460895.8873241553,60895.384398100003,18.9355373,0.0558014028,0,zr,1.4946710999999999,29.6843985,0.694000006,0.0209999997,20250808384387,600,0xe,0x2,20.2900009,26.1670628,0.0268426128,0.0950718373,9.61870319e-06,30,1.06900001,1
600214200018784,314436513,2460898.868282597,60898.365138900001,18.9686394,0.0571998879,0,zr,1.494669,29.684405000000002,0.721000016,0.064000003,20250811365058,600,0xe,0x2,20.3600006,26.2003021,0.0278405175,0.083405368,1.02680515e-05,30,1.09399998,1
600214200018784,314736877,2460901.8721286021,60901.368773100003,19.0771027,0.0620520711,0,zr,1.4946542,29.6843875,0.563000023,0.0260000005,20250814368773,600,0xe,0x2,20.7099991,26.2308998,0.0225524306,0.0892494395,6.75916044e-06,30,1.06700003,1
600214200018784,315033789,2460904.8414504039,60904.3378935,19.3921394,0.078696005,0,zr,1.4946633,29.684383199999999,0.469000012,-0.0289999992,20250817337824,600,0xe,0x2,21.2999992,26.2348061,0.0204075221,0.085568659,5.52460961e-06,30,1.12399995,1
600214200018784,315537420,2460909.8780803364,60909.374201400002,19.3298664,0.0750867426,0,zr,1.4946823,29.6843979,0.640999973,0.0560000017,20250822374178,600,0xe,0x2,21.5699997,26.1711979,0.0239004213,0.0878638625,7.7468012e-06,30,1.02499998,1
600214200018784,315732521,2460911.8292164542,60911.325219899998,19.0570889,0.0611248724,0,zr,1.4946805000000001,29.6843936,0.601000011,0.0189999994,20250824325220,600,0xe,0x2,21.3799992,26.2024403,0.0204051081,0.0864410326,5.6188469e-06,30,1.10599995,1
600214200018784,316036247,2460914.8666482074,60914.362476900002,19.5652599,0.0896110982,0,zr,1.4946648,29.684391099999999,1.36600006,-0.00800000038,20250827362454,600,0xe,0x2,21.5200005,26.2136345,0.0221609678,0.0836253613,6.59086345e-06,30,1.023,1
600214200018784,316334699,2460917.8513233354,60917.346990700004,19.3873882,0.0784148201,0,zr,1.4946543000000001,29.684382500000002,0.811999977,-0.0240000002,20250830346806,600,0xe,0x2,21.5200005,26.2161617,0.0220165793,0.085647583,6.48630248e-06,30,1.03199995,1
600214200018784,316535767,2460919.8621089174,60919.357673600003,18.7472858,0.0485326201,0,zr,1.4946767999999999,29.684386400000001,0.354999989,0.0909999982,20250901357674,600,0xe,0x2,21.6000004,26.2157421,0.0229617748,0.0873258561,7.13945474e-06,30,1.01600003,1
600214200018784,316938010,2460923.8847298967,60923.380104199998,18.9276829,0.055475045,0,zr,1.4946813999999999,29.6843863,0.558000028,-0.0280000009,20250905379745,600,0xe,0x2,20.5900002,26.1935406,0.0236659832,0.0786764696,7.44942326e-06,30,1.00899994,1
600214200018784,317139342,2460925.8981391429,60925.393425900002,19.4622307,0.0829568282,0,zr,1.4946653000000001,29.6844404,0.845000029,0.264999986,20250907393426,600,0xe,0x2,20.2000008,26.2081642,0.0278854202,0.0929026008,1.0312724e-05,30,1.01900005,1
600214200018784,317330350,2460927.8082983065,60927.303506900003,19.4424229,0.0817311332,0,zr,1.4946334999999999,29.684439300000001,1.42700005,-0.257999986,20250909303495,600,0xe,0x2,20.3400002,26.2561989,0.0275384989,0.0902574807,1.01417936e-05,30,1.05599999,1
600214200018784,317848384,2460932.9888213323,60932.483842599999,19.6619225,0.0962866172,0,zr,1.4946680999999999,29.684396100000001,1.05999994,-0.0439999998,20250914483843,600,0xe,0x2,21.1599998,26.1841698,0.0212071314,0.0932499915,6.00207841e-06,30,1.37199998,1
600214200018784,318028730,2460934.7923385315,60934.287303199999,19.1331406,0.0647272542,0,zr,1.4946718999999999,29.6843991,0.944000006,0.0979999974,20250916287303,600,0xe,0x2,21.3700008,26.2202187,0.0216687433,0.0855493844,6.27653026e-06,30,1.051,1
600214200018784,318435932,2460938.8644746807,60938.359328699997,20.3466072,0.154881448,0,zr,1.4946801000000001,29.684430200000001,0.961000025,0.00800000038,20250920359329,600,0xe,0x2,21.3500004,26.2338352,0.0205258336,0.0901482254,5.62807827e-06,30,1.02100003,1
600214200018784,318724597,2460941.7511819885,60941.245972199999,20.1401215,0.135393098,0,zr,1.4947044,29.684369400000001,1.18599999,-0.101999998,20250923245961,600,0xe,0x2,21.1299992,26.2239475,0.0204387307,0.0807854906,5.57178646e-06,30,1.09899998,1
600214200018784,318925954,2460943.7647956084,60943.259548599999,20.970787,0.209504724,0,zr,1.4945047,29.684476100000001,0.699000001,-0.180999994,20250925259537,600,0xe,0x2,21.4400005,26.2385139,0.0207422525,0.083434023,5.69791564e-06,30,1.05700004,1
600214200018784,319530888,2460949.8142111246,60949.308888899999,20.8802166,0.201864123,0,zr,1.4947239999999999,29.6843307,0.416999996,-0.0810000002,20251001308866,600,0xe,0x2,21.4699993,26.2411823,0.0233432762,0.0877574012,7.24990605e-06,30,1.00899994,1
600214200018784,319727564,2460951.7809828366,60951.275648100003,20.6333027,0.181034446,0,zr,1.4947697,29.684459199999999,0.774999976,0.0540000014,20251003275648,600,0xe,0x2,21.0599995,26.2503147,0.0218994822,0.0914744437,6.36219738e-06,30,1.01199996,1
600214200018784,319922032,2460953.7256654217,60953.220324100002,19.778717,0.104917966,0,zr,1.4946358,29.684378599999999,0.814999998,-0.202000007,20251005220312,600,0xe,0x2,20.5599995,26.2359676,0.0259486865,0.0877288654,8.99499082e-06,30,1.08099997,1
600214200018784,320632987,2460960.8351891576,60960.3298727,19.9629707,0.119776592,0,zr,1.4946713,29.6843997,0.653999984,-0.0340000018,20251012329803,600,0xe,0x2,20.9599991,26.2532902,0.0213636719,0.0935215279,6.07615266e-06,30,1.06400001,1
600214200018784,321219149,2460966.6967310132,60966.191493099999,20.2152882,0.142356858,0,zr,1.4946337000000001,29.684377999999999,1.10399997,-0.136999995,20251018191493,600,0xe,0x2,21.0100002,26.2434731,0.0221126676,0.0843523964,6.54517817e-06,30,1.06700003,1
600214200018784,321429815,2460968.8033565949,60968.298159700003,19.8573055,0.111072525,0,zr,1.4946477,29.684403,0.616999984,-0.0439999998,20251020298160,600,0xe,0x2,21.5100002,26.2564278,0.0242820606,0.0910855085,7.90753711e-06,30,1.04700005,1
600314200002447,54846186,2458302.9617762631,58302.4618634,19.3191681,0.0986583456,0,zi,1.4946941,29.684410499999998,1.19400001,-0.00100000005,20180703461863,600,0xe,0x2,20.5900002,25.4761677,0.0232954919,0.188311055,1.06268044e-05,30,1.125,2
600314200002447,55343564,2458307.9359959359,58307.4356481,19.7660503,0.13587667,0,zi,1.4946695999999999,29.684330899999999,0.762000024,-0.162,20180708435625,600,0xe,0x2,20.3600006,25.39505,0.0225718226,0.185874656,1.02199183e-05,30,1.16700006,2
600314200002447,55839037,2458312.8911504769,58312.390370399997,19.3292789,0.099406004,0,zi,1.4946136999999999,29.684442900000001,0.894999981,-0.0149999997,20180713390370,600,0xe,0x2,20.6599998,25.2392788,0.0241222307,0.186776951,1.16305764e-05,30,1.31700003,2
600314200002447,56548451,2458319.9859047933,58319.484513900003,19.3526363,0.101150766,0,zi,1.4946447,29.684399800000001,1.08399999,-0.144999996,20180720484502,600,0xe,0x2,21.1100006,25.4736366,0.0218515154,0.190959707,9.36431115e-06,30,1.01300001,2
600314200002447,57138324,2458325.8851263793,58325.383240700001,19.3530064,0.101178654,0,zi,1.4946424,29.684367600000002,1.19299996,0.137999997,20180726383229,600,0xe,0x2,19.8799992,25.4650059,0.0294349026,0.186792627,1.66966165e-05,30,1.18099999,2
600314200002447,57938084,2458333.8833737914,58333.380844899999,19.0868835,0.0827560648,0,zi,1.4946432999999999,29.684391600000001,0.684000015,-0.0439999998,20180803380833,600,0xe,0x2,20.6499996,25.4668846,0.0237775166,0.185056657,1.11216332e-05,30,1.11600006,2
600314200002447,58346439,2458337.9672398763,58337.464398099997,19.2374744,0.0927875787,0,zi,1.4946622000000001,29.684396799999998,0.469000012,-0.0480000004,20180807464387,600,0xe,0x2,20.9099998,25.5084743,0.0223388299,0.191024929,1.0091765e-05,30,1.01300001,2
600314200002447,58838425,2458342.8874611682,58342.384259300001,19.2869263,0.0963052362,0,zi,1.4946649999999999,29.6844228,1.03400004,-0.0130000003,20180812384248,600,0xe,0x2,20.4699993,25.4309273,0.0249588657,0.196671784,1.23396385e-05,30,1.05299997,2
600314200002447,59338542,2458347.888974614,58347.385428200003,20.1172256,0.169227675,0,zi,1.4946706000000001,29.684416800000001,0.504999995,0.147,20180817385394,600,0xe,0x2,20.9099998,25.4272251,0.0244455561,0.191685021,1.22193096e-05,30,1.03199995,2
600314200002447,59734574,2458351.8495428823,58351.345740700002,19.1005707,0.0836258382,0,zi,1.4946203,29.684411699999998,0.925000012,-0.00300000003,20180821345729,600,0xe,0x2,21.0100002,25.471571,0.0272022728,0.186053589,1.42204262e-05,30,1.08099997,2
600314200002447,60829712,2458362.8015511706,58362.297129600003,20.1203671,0.169527352,0,zi,1.4945664999999999,29.6844374,0.683000028,-0.0710000023,20180901297118,600,0xe,0x2,20.6900005,25.5193672,0.0224207044,0.185803011,9.57892462e-06,30,1.12600005,2
600314200002447,61230199,2458366.8066034866,58366.301990699998,20.1314182,0.170579672,0,zi,1.4945660999999999,29.684414499999999,0.973999977,-0.0769999996,20180905301898,600,0xe,0x2,20.5599995,25.5004177,0.0268896706,0.188376948,1.38136693e-05,30,1.08399999,2
600314200002447,61934954,2458373.8544473923,58373.349548600003,20.2622185,0.182751715,0,zi,1.4947197000000001,29.684421799999999,1.22899997,-0.228,20180912349537,600,0xe,0x2,20.6599998,25.5222187,0.0201707352,0.18768312,8.02570321e-06,30,1.00800002,2
600314200002447,62333283,2458377.8378660404,58377.332835599998,20.6386223,0.213949203,0,zi,1.4944820000000001,29.684280300000001,0.772000015,-0.202000007,20180916332836,600,0xe,0x2,20.8299999,25.5006218,0.0212697703,0.18716538,8.96333495e-06,30,1.00899994,2
600314200002447,62435769,2458378.8627574821,58378.357696799998,20.0862541,0.166265994,0,zi,1.4948656,29.684414400000001,0.741999984,0.616999984,20180917357685,600,0xe,0x2,20.4899998,25.5372543,0.0292333886,0.183008239,1.64217272e-05,30,1.01400006,2
600314200002447,63331896,2458387.8242304618,58387.3189699,19.9666042,0.154769912,0,zi,1.4947963,29.6844778,0.48300001,0.0799999982,20180926318970,600,0xe,0x2,20.1700001,25.5026035,0.0278332084,0.18377392,1.46075345e-05,30,1.00800002,2
600314200002447,64331268,2458397.8180278302,58397.312685199999,20.4001293,0.194522247,0,zi,1.4946699999999999,29.684367000000002,0.47299999,-0.118000001,20181006312685,600,0xe,0x2,20.8299999,25.477129,0.025329439,0.18664144,1.29402533e-05,30,1.01800001,2
600314200002447,67022554,2458424.7303531612,58424.225544000001,19.1703873,0.0881927162,0,zi,1.4946315999999999,29.684335600000001,0.63499999,-0.0579999983,20181102225532,600,0xe,0x2,19.7700005,25.108387,0.0335271731,0.174282059,2.2558781e-05,30,1.01300001,2
600314200002447,67228252,2458426.7872477514,58426.282523100002,19.8840218,0.146891341,0,zi,1.4945828999999999,29.684428799999999,0.391000003,-0.112000003,20181104282512,600,0xe,0x2,20.0799999,25.446022,0.0310627241,0.175219506,1.9896248e-05,30,1.10300004,2
600314200002447,67623988,2458430.7444299953,58430.239884299997,19.6359196,0.124214828,0,zi,1.4946387999999999,29.684418099999998,1.21500003,0.00200000009,20181108239873,600,0xe,0x2,20.7399998,25.4929199,0.0253060032,0.18284975,1.29088185e-05,30,1.03999996,2
600314200002447,68023641,2458434.7407557266,58434.236411999998,19.1981125,0.0900669545,0,zi,1.4945865,29.684443099999999,0.802999973,-0.0299999993,20181112236400,600,0xe,0x2,19.9799995,25.5151119,0.0293414444,0.184914947,1.784292e-05,30,1.051,2
600314200002447,91244892,2458666.9487260915,58666.448923600001,20.4153156,0.195713654,0,zi,1.4946231999999999,29.6844146,0.725000024,0.0280000009,20190702448900,600,0xe,0x2,20.8899994,25.430315,0.0209445972,0.187245518,8.52744051e-06,30,1.17900002,2
600314200002447,92245326,2458676.9539406104,58676.453263900003,20.2269478,0.179536283,0,zi,1.4946491,29.6844465,0.354999989,-0.0240000002,20190712453252,600,0xe,0x2,20.8199997,25.3989487,0.0272626467,0.18888396,1.4261961e-05,30,1.08299994,2
600314200002447,93734172,2458691.8436682154,58691.341724500002,20.6534271,0.215253711,0,zi,1.4945895,29.684424799999999,0.495999992,0.0540000014,20190727341725,600,0xe,0x2,21.1800003,25.3714275,0.024074493,0.190682501,1.14686827e-05,30,1.38300002,2
600314200002447,94344094,2458697.9433847088,58697.440949099997,20.5756416,0.208400011,0,zi,1.4946261000000001,29.6844243,1.93200004,0.145999998,20190802440949,600,0xe,0x2,21.2600002,25.4116421,0.0230543576,0.191836938,1.03148905e-05,30,1.01600003,2
600314200002447,95543790,2458709.9412334142,58709.4379051,20.3237953,0.188191056,0,zi,1.4946197999999999,29.684417,0.70599997,-0.243000001,20190814437894,600,0xe,0x2,20.5300007,25.4347954,0.0235371813,0.187857941,1.11861254e-05,30,1.00800002,2
600314200002447,95943719,2458713.9407980428,58713.437199100001,20.2800217,0.184349254,0,zi,1.4946969999999999,29.6844331,0.523999989,-0.128000006,20190818437188,600,0xe,0x2,20.1800003,25.434021,0.0273554828,0.181357831,1.45061204e-05,30,1.01199996,2
600314200002447,96337377,2458717.877623281,58717.3737731,20.307291,0.186757967,0,zi,1.4946991000000001,29.684448700000001,0.972000003,0.175999999,20190822373762,600,0xe,0x2,20.5799999,25.4292908,0.0235347431,0.182314947,1.07013284e-05,30,1.028,2
600314200002447,96839390,2458722.8980474547,58722.393900499999,20.4053078,0.194931418,0,zi,1.4946358,29.684380900000001,0.503000021,-0.00100000005,20190827393889,600,0xe,0x2,20.8600006,25.3773079,0.0278756041,0.18018426,1.49420785e-05,30,1.00800002,2
600314200002447,98232856,2458736.8333783695,58736.328564800002,20.351141,0.190518707,0,zi,1.4947733999999999,29.684367200000001,0.736000001,-0.147,20190910328518,600,0xe,0x2,20.3999996,25.4351406,0.0243269168,0.18644543,1.15878993e-05,30,1.02100003,2
600314200002447,99734231,2458751.847555154,58751.3423148,20.2755032,0.183945596,0,zi,1.4946405,29.684527599999999,0.986000001,-0.335999995,20190925342303,600,0xe,0x2,20.4200001,25.3545036,0.0226711109,0.189890236,1.02132244e-05,30,1.01699996,2
600314200002447,100334401,2458757.8493350646,58757.344016199997,20.5387039,0.205145478,0,zi,1.4946908000000001,29.6842501,0.375,0.104000002,20191001344005,600,0xe,0x2,20.6299992,25.4157047,0.0209704824,0.186230779,8.7526787e-06,30,1.03600001,2
600314200002447,101129851,2458765.8038568958,58765.2985185,20.3258438,0.188367456,0,zi,1.4945394000000001,29.684174800000001,0.904999971,-0.223000005,20191009298484,600,0xe,0x2,20.5300007,25.4258442,0.0255836733,0.182586491,1.27056082e-05,30,1.01300001,2
600314200002447,144913995,2459203.6415008181,59203.139953700003,20.2787132,0.184232429,0,zi,1.4945679999999999,29.684360999999999,1.22599995,-0.56099999,20201220139954,600,0xe,0x2,20.3700008,25.5747128,0.0232371651,0.189297497,1.09207431e-05,30,1.06299996,2
600314200002447,146921645,2459223.7162070405,59223.216458299998,20.2002335,0.177062899,0,zi,1.4948418000000001,29.684648800000002,0.504000008,-0.301999986,20210109216458,600,0xe,0x2,19.8600006,25.5422325,0.0259299651,0.188877821,1.3580182e-05,30,1.93700004,2
600314200002447,163144723,2459385.9460445782,59385.447233799998,20.1349087,0.170911521,0,zi,1.4944204000000001,29.684203499999999,1.03799999,-0.133000001,20210620447234,600,0xe,0x2,20.3700008,25.5089092,0.0258057155,0.197696581,1.31902962e-05,30,1.34399998,2
600314200002447,164236648,2459396.8662315612,59396.366481500001,20.1528549,0.172613397,0,zi,1.4946021,29.684339600000001,0.744000018,-0.312000006,20210701366481,600,0xe,0x2,20.2199993,25.4298553,0.0244387593,0.192689419,1.19195984e-05,30,1.83599997,2
600314200002447,164945075,2459403.9511217633,59403.450752299999,20.53965,0.205228806,0,zi,1.4947630999999999,29.684384999999999,1.08700001,-0.0810000002,20210708450741,600,0xe,0x2,21.0100002,25.4716492,0.0270383861,0.192311391,1.48910904e-05,30,1.11300004,2
600314200002447,165743622,2459411.9372908133,59411.436226899998,20.5239258,0.203843355,0,zi,1.4946716,29.6844322,0.746999979,0.0549999997,20210716436227,600,0xe,0x2,20.8999996,25.3919258,0.0304708369,0.194879457,1.8728615e-05,30,1.09399998,2
600314200002447,166834777,2459422.8497617762,59422.347777800001,20.0286369,0.160731182,0,zi,1.4946085,29.684398900000001,0.35800001,-0.150999993,20210727347766,600,0xe,0x2,20.1599998,25.4766369,0.027080724,0.188184798,1.44452051e-05,30,1.33399999,2
600314200002447,167533902,2459429.8415714912,59429.339027800001,20.1415768,0.17154482,0,zi,1.4946078,29.6843702,0.381999999,0.109999999,20210803339028,600,0xe,0x2,20.9599991,25.5065765,0.0262473691,0.192067757,1.41697546e-05,30,1.27499998,2
600314200002447,168039385,2459434.89678276,59434.393854200003,19.9919167,0.157200292,0,zi,1.4946691999999999,29.684381299999998,0.797999978,-0.0769999996,20210808393819,600,0xe,0x2,21.1000004,25.5179176,0.0246210042,0.191320881,1.18521521e-05,30,1.051,2
600314200002447,170432510,2459458.8295388585,59458.325104199997,20.3809624,0.192983419,0,zi,1.4946921,29.684391900000001,0.833000004,-0.157000005,20210901325104,600,0xe,0x2,20.6000004,25.5109615,0.024657784,0.18823877,1.23348254e-05,30,1.05700004,2
600314200002447,171333281,2459467.8376451661,59467.332812499997,20.6161766,0.211971521,0,zi,1.4946472,29.684495900000002,0.391000003,0.0549999997,20210910332813,600,0xe,0x2,21.1000004,25.5101757,0.0287225079,0.190177634,1.72997134e-05,30,1.01600003,2
600314200002447,171634317,2459470.8481129091,59470.343171300003,20.4460278,0.198042154,0,zi,1.494605,29.684372799999998,0.952000022,-0.0670000017,20210913343160,600,0xe,0x2,21.0100002,25.5510273,0.0255638082,0.186089098,1.36835815e-05,30,1.00800002,2
600314200002447,174234914,2459496.8544799094,59496.349143500003,20.1538162,0.172704294,0,zi,1.4946588000000001,29.684382899999999,1.347,-0.123999998,20211009349144,600,0xe,0x2,20.1900005,25.5518169,0.0241056513,0.183931947,1.1957015e-05,30,1.08899999,2
600314200002447,175530121,2459509.8063661349,59509.301215300002,19.9133301,0.149675772,0,zi,1.4946714000000001,29.684425699999998,1.06700003,-0.0599999987,20211022301215,600,0xe,0x2,20.3099995,25.5873299,0.0250001829,0.183420077,1.27656294e-05,30,1.06200004,2
600314200002447,175826814,2459512.7732209307,59512.268148100004,20.106802,0.168232471,0,zi,1.4946136999999999,29.684467399999999,0.718999982,-0.180999994,20211025268125,600,0xe,0x2,20.5100002,25.5538025,0.0251605101,0.193505377,1.34742932e-05,30,1.02499998,2
600314200002447,176917729,2459523.6819677893,59523.177291699998,20.3982887,0.194376171,0,zi,1.4947052000000001,29.6844033,0.925000012,-0.109999999,20211105177245,600,0xe,0x2,20.7299995,25.5732899,0.0266506635,0.184687883,1.45640852e-05,30,1.01800001,2
600314200002447,177227755,2459526.7820907705,59526.277557900001,19.6773148,0.127860114,0,zi,1.4946717,29.6844012,0.551999986,0.0260000005,20211108277546,600,0xe,0x2,20.6299992,25.5883141,0.0237271618,0.183759332,1.15328749e-05,30,1.11600006,2
600314200002447,177528728,2459529.7916617254,59529.287280099998,20.0165367,0.159567431,0,zi,1.4946212999999999,29.684789800000001,0.667999983,-0.178000003,20211111287269,600,0xe,0x2,19.9099998,25.5685368,0.0279929563,0.190907344,1.59364063e-05,30,1.176,2
600314200002447,177815444,2459532.6586712152,59532.154444400003,19.8487587,0.143563226,0,zi,1.4946533,29.684398000000002,0.851000011,0.0599999987,20211114154444,600,0xe,0x2,20.6100006,25.5887585,0.0222166199,0.185802847,9.973538e-06,30,1.01699996,2
600314200002447,178414060,2459538.6444732742,59538.140601899999,20.5513859,0.206262827,0,zi,1.4947286,29.684401300000001,0.601000011,0.00100000005,20211120140590,600,0xe,0x2,20.5200005,25.5573864,0.0360179506,0.185881943,2.67480482e-05,30,1.01499999,2
600314200002447,178823594,2459542.7395537309,59542.235949100002,20.2095871,0.177932173,0,zi,1.4945052999999999,29.684361800000001,0.367000014,-0.125,20211124235949,600,0xe,0x2,20.3400002,25.5675869,0.0241033267,0.18457064,1.1656919e-05,30,1.12300003,2
600314200002447,179619822,2459550.701265845,59550.198229200003,18.1083298,0.039397683,0,zi,1.4946512000000001,29.6843976,1.19700003,0.0340000018,20211202198229,600,0xe,0x2,20.4899998,25.5583305,0.02438212,0.186738417,1.21612175e-05,30,1.08099997,2
600314200002447,199544877,2459749.947478537,59749.448773099997,18.8460789,0.0687784478,0,zi,1.4947162000000001,29.684384000000001,1.41700006,0.203999996,20220619448762,600,0xe,0x2,19.8500004,25.5510788,0.0291372109,0.192419142,1.75583864e-05,30,1.35599995,2
600314200002447,199940070,2459753.8997460646,59753.400706,18.9809704,0.0763032585,0,zi,1.4946674,29.684419900000002,0.456,0.136000007,20220623400706,600,0xe,0x2,20.3700008,25.4419708,0.0248063598,0.186553866,1.24212411e-05,30,1.68299997,2
600314200002447,200243001,2459756.9293117672,59756.430011600001,19.6579514,0.126147076,0,zi,1.4946520999999999,29.684383199999999,0.546000004,-0.0379999988,20220626430000,600,0xe,0x2,20.9599991,25.5449505,0.0261458214,0.190055519,1.37717452e-05,30,1.35300004,2
600314200002447,200744650,2459761.9462401732,59761.446504599997,18.7687225,0.0647992939,0,zi,1.4946651,29.684383799999999,1.32700002,-0.0729999989,20220701446493,600,0xe,0x2,20.6700001,25.5177231,0.0223183949,0.19223018,1.02138883e-05,30,1.19599998,2
600314200002447,201044972,2459764.9497200921,59764.449722199999,18.9588146,0.075014852,0,zi,1.4947233,29.684428700000002,0.527999997,-0.0439999998,20220704449711,600,0xe,0x2,20.8700008,25.5568142,0.0255542621,0.191253498,1.35726714e-05,30,1.153,2
600314200002447,202945010,2459783.9517439501,59783.450104199997,18.9571686,0.0749199539,0,zi,1.4946296999999999,29.684403499999998,0.501999974,-0.00999999978,20220723450104,600,0xe,0x2,20.9200001,25.4821682,0.0232955255,0.195250988,1.1099145e-05,30,1.03299999,2
600314200002447,203242664,2459786.9285312686,59786.426643500003,19.232851,0.0924644172,0,zi,1.4946406999999999,29.684359100000002,0.416000009,0.0219999999,20220726426644,600,0xe,0x2,20.9300003,25.482851,0.0271301847,0.188234493,1.52899374e-05,30,1.05700004,2
600314200002447,203542792,2459789.9300617157,59789.427928199999,18.7463379,0.0636919141,0,zi,1.4946740000000001,29.684441499999998,1.01999998,0.0489999987,20220729427928,600,0xe,0x2,20.75,25.3553391,0.0334013477,0.190657258,2.21141909e-05,30,1.04100001,2
600314200002447,204343542,2459797.9381910814,59797.435428199999,18.8847332,0.0708573535,0,zi,1.4946644,29.684359700000002,0.875,-0.0320000015,20220806435359,600,0xe,0x2,21.1100006,25.5547333,0.0322798118,0.185626894,2.07430166e-05,30,1.01199996,2
600314200002447,204634571,2459800.8486980055,59800.345717600001,18.6814098,0.0605888888,0,zi,1.4946550000000001,29.684448799999998,0.582000017,-0.00200000009,20220809345706,600,0xe,0x2,20.1800003,25.3274097,0.0442992076,0.180451035,4.12183617e-05,30,1.17400002,2
600314200002447,205430659,2459808.8101368151,59808.306597199997,18.7268219,0.0627423003,0,zi,1.4946436000000001,29.684400400000001,0.605000019,-0.023,20220817306597,600,0xe,0x2,20.3999996,25.4508209,0.0241884515,0.185863152,1.21008261e-05,30,1.24899995,2
600314200002447,205740839,2459811.9121329673,59811.408391199999,18.9550171,0.0747960806,0,zi,1.4946820999999999,29.6844003,0.885999978,0.00700000022,20220820408380,600,0xe,0x2,20.9500008,25.4870167,0.0246653594,0.193572059,1.24629751e-05,30,1.00800002,2
600314200002447,206033846,2459814.842384316,59814.338460600004,18.8523026,0.0691090599,0,zi,1.4946993,29.684370099999999,0.588,0.0170000009,20220823338449,600,0xe,0x2,20.7800007,25.497303,0.0259034615,0.192753404,1.35907703e-05,30,1.08099997,2
600314200002447,206334089,2459817.8449918223,59817.340891200001,19.1044884,0.0838763863,0,zi,1.4946851000000001,29.684388999999999,0.963999987,0.208000004,20220826340880,600,0xe,0x2,20.9799995,25.4704895,0.0252635218,0.193537414,1.34295033e-05,30,1.05900002,2
600314200002447,207044636,2459824.9508435433,59824.446365700001,19.119606,0.0848493725,0,zi,1.4947074,29.6843781,0.5,0.00800000038,20220902446343,600,0xe,0x2,21.0799999,25.487606,0.0283708647,0.190577537,1.63730492e-05,30,1.07799995,2
600314200002447,207338854,2459827.8931576475,59827.388541699998,19.4045219,0.105114549,0,zi,1.4946503,29.6844085,0.791000009,0.0489999987,20220905388542,600,0xe,0x2,20.7700005,25.4865208,0.023085881,0.190272868,1.09565872e-05,30,1.01199996,2
600314200002447,208915422,2459843.6593838395,59843.154224500002,18.5700817,0.0556321107,0,zi,1.4946723,29.684402599999999,0.541000009,-0.0309999995,20220921154051,600,0xe,0x2,20.3600006,25.5290813,0.0263070762,0.183541253,1.41215332e-05,30,1.69200003,2
600314200002447,209227328,2459846.7785123214,59846.273287000004,18.6074657,0.0572466515,0,zi,1.4946839000000001,29.684407100000001,0.722000003,-0.0399999991,20220924273287,600,0xe,0x2,21.0200005,25.5164661,0.0275747757,0.19167994,1.57492086e-05,30,1.03999996,2
600314200002447,209535906,2459849.8643387863,59849.3590625,18.7456245,0.0636569634,0,zi,1.494661,29.684381999999999,0.43599999,0.00300000003,20220927359063,600,0xe,0x2,20.5499992,25.5496235,0.0232007243,0.193217292,1.10645005e-05,30,1.04299998,2
600314200002447,209929652,2459853.8018482723,59853.296527799997,18.4776154,0.0518470854,0,zi,1.4947026999999999,29.684414499999999,0.778999984,0.0670000017,20221001296505,600,0xe,0x2,20.5599995,25.5486145,0.0289345533,0.194850013,1.74759316e-05,30,1.00699997,2
600314200002447,210236693,2459856.8722714479,59856.366932899997,18.830349,0.0679499209,0,zi,1.4946476,29.684423299999999,0.638000011,0.0710000023,20221004366933,600,0xe,0x2,20.6800003,25.52635,0.0280615743,0.183568135,1.64650537e-05,30,1.09800005,2
600314200002447,211129833,2459865.8036428038,59865.298333300001,18.6970978,0.0613240078,0,zi,1.4946744000000001,29.6844109,1.102,-0.0869999975,20221013298275,600,0xe,0x2,20.3799992,25.5400982,0.0250315201,0.187483028,1.26238565e-05,30,1.02199996,2
600314200002447,211628986,2459870.7951014163,59870.289861099998,18.7023888,0.0615739934,0,zi,1.4946778000000001,29.6844213,0.582000017,-0.0320000015,20221018289850,600,0xe,0x2,20.5699997,25.5323887,0.0233312324,0.18928346,1.10413521e-05,30,1.02699995,2
600314200002447,211929837,2459873.8035599436,59873.298379599997,18.5387993,0.0543188117,32768,zi,1.4947089,29.6843945,0.850000024,0.0900000036,20221021298380,600,0xe,0x2,19.9400005,24.7978001,0.0482672788,0.173933595,4.90877246e-05,30,1.051,2
600314200002447,212326414,2459877.7692239811,59877.264143499997,18.8338051,0.0681310967,0,zi,1.4946649000000001,29.684426699999999,0.808000028,0.0160000008,20221025264132,600,0xe,0x2,20.5200005,25.5358047,0.0248493925,0.190327972,1.29346263e-05,30,1.02100003,2
600314200002447,212628188,2459880.786875423,59880.281886600002,19.3150597,0.0983559042,0,zi,1.4946617,29.684427599999999,0.864000022,-0.291999996,20221028281887,600,0xe,0x2,20.4799995,25.5390587,0.0254445579,0.192629829,1.31661891e-05,30,1.05499995,2
600314200002447,212926684,2459883.7717254194,59883.266840299999,18.8028145,0.0665235445,0,zi,1.4946345999999999,29.684393400000001,0.991999984,-0.0979999974,20221031266829,600,0xe,0x2,20.5,25.5428143,0.0225718152,0.18972075,1.03897091e-05,30,1.04400003,2
600314200002447,213612050,2459890.6251088642,59890.120509300003,18.6531639,0.0592884645,0,zi,1.4946927999999999,29.684419299999998,1.09599996,-0.00899999961,20221107120509,600,0xe,0x2,20.1100006,25.5311642,0.0284345839,0.184904009,1.69329232e-05,30,1.10699999,2
600314200002447,214126086,2459895.7652120716,59895.260868099998,18.8125114,0.0670224503,0,zi,1.4946847000000001,29.684426899999998,0.917999983,-0.00300000003,20221112260868,600,0xe,0x2,20.3500004,25.5505104,0.0230060294,0.186250433,1.07961459e-05,30,1.09899998,2
600314200002447,214434202,2459898.8461999972,59898.342025500002,19.2452927,0.0933363736,0,zi,1.4946826,29.684420200000002,1.01999998,0.207000002,20221115342014,600,0xe,0x2,20.2199993,25.531292,0.0260618757,0.18762131,1.41495593e-05,30,1.597,2
600314200002447,215210802,2459906.6117178332,59906.108020799998,19.5701599,0.118559636,0,zi,1.4946098999999999,29.684407799999999,0.72299999,0.0890000015,20221123108021,600,0xe,0x2,20.5,25.5581608,0.0271173157,0.186847866,1.51487011e-05,30,1.04200006,2
600314200002447,216025741,2459914.7605446558,59914.257419000001,18.7001152,0.0614664368,0,zi,1.4946389,29.684386,0.552999973,-0.0649999976,20221201257419,600,0xe,0x2,20.4899998,25.5371151,0.0240605287,0.187244147,1.18597027e-05,30,1.28699994,2
600314200002447,235642831,2460110.9266605922,60110.428310199997,20.1428699,0.171667427,0,zi,1.4946642999999999,29.684526300000002,0.763999999,-0.0189999994,20230615428299,600,0xe,0x2,20.0400009,25.4388695,0.025885554,0.200354874,1.39588183e-05,30,1.62600005,2
600314200002447,235941265,2460113.9112477275,60113.412650500002,20.0611153,0.163853675,0,zi,1.4946006000000001,29.684439600000001,0.842000008,-0.231000006,20230618412650,600,0xe,0x2,20.4200001,25.5001144,0.0260471161,0.187454551,1.36310373e-05,30,1.71200001,2
600314200002447,238744994,2460141.9509632923,60141.4499421,18.529789,0.0539468527,0,zi,1.4946831,29.684406800000001,1.20899999,-0.0370000005,20230716449942,600,0xe,0x2,20.6499996,25.4927883,0.0220786426,0.187383026,9.81501216e-06,30,1.06599998,2
600314200002447,239046416,2460144.9654469853,60144.464166700003,18.5481091,0.0547061153,0,zi,1.4946691999999999,29.684412600000002,0.764999986,0.0329999998,20230719464155,600,0xe,0x2,20.9400005,25.5311089,0.0295610595,0.187459707,1.85361951e-05,30,1.02999997,2
600314200002447,239342534,2460147.9268792123,60147.425347199998,18.3552666,0.0472721606,0,zi,1.4946797999999999,29.684409200000001,0.699999988,-0.0790000036,20230722425347,600,0xe,0x2,20.6200008,25.4782658,0.0247479975,0.191764593,1.27418243e-05,30,1.08399999,2
600314200002447,239646829,2460150.9700857531,60150.468298599997,18.2189293,0.0427128822,0,zi,1.4946991999999999,29.684373999999998,0.662999988,0.063000001,20230725468287,600,0xe,0x2,20.8500004,25.4809303,0.0301316567,0.195745885,1.86596972e-05,30,1.01199996,2
600314200002447,240141333,2460155.9155256078,60155.413333299999,18.2185478,0.0427008756,0,zi,1.4946611000000001,29.684385299999999,0.797999978,-0.0430000015,20230730413333,600,0xe,0x2,20.8600006,25.499548,0.0255462639,0.187252462,1.37091156e-05,30,1.06299996,2
600314200002447,240646550,2460160.9681010973,60160.465509299996,18.661747,0.059680488,0,zi,1.4946565999999999,29.684386100000001,1.45200002,-0.223000005,20230804465463,600,0xe,0x2,20.2700005,25.5707474,0.0257461127,0.18752116,1.35243708e-05,30,1.00800002,2
600314200002447,240937015,2460163.8729642932,60163.370150499999,18.0841961,0.0387170613,0,zi,1.4946615999999999,29.684396700000001,0.911000013,-0.0689999983,20230807370139,600,0xe,0x2,20.7399998,25.5291958,0.0234667268,0.189638466,1.146049e-05,30,1.11399996,2
600314200002447,241540873,2460169.9119931483,60169.408738400001,18.5508308,0.0548198931,0,zi,1.494688,29.684404199999999,1.37800002,0.143000007,20230813408727,600,0xe,0x2,20.9400005,25.5238304,0.0271302201,0.195540503,1.52306784e-05,30,1.01699996,2
600314200002447,241942182,2460173.9253591197,60173.421828699997,18.609272,0.0573259145,0,zi,1.4946805000000001,29.6844252,1.11800003,0.0939999968,20230817421817,600,0xe,0x2,20.8700008,25.531271,0.0283841323,0.195824012,1.66390455e-05,30,1.00699997,2
600314200002447,242836643,2460182.8705224521,60182.366435199998,18.2558517,0.0438943058,0,zi,1.4946565000000001,29.684397799999999,1.29400003,0.0299999993,20230826366435,600,0xe,0x2,20.7999992,25.5398521,0.0261057187,0.190457717,1.40611801e-05,30,1.02400005,2
600314200002447,243140285,2460185.907115235,60185.4028588,18.1565361,0.0408024043,0,zi,1.4946322000000001,29.6844222,0.800999999,-0.0199999996,20230829402859,600,0xe,0x2,20.4500008,25.5485363,0.0244989675,0.189241916,1.26837167e-05,30,1.00899994,2
600314200002447,243841067,2460192.9152763938,60192.4106713,18.2573051,0.0439415984,0,zi,1.4946558000000001,29.684384600000001,0.837000012,-0.0610000007,20230905410660,600,0xe,0x2,20.5100002,25.5403061,0.0250266548,0.181873903,1.32684336e-05,30,1.02999997,2
600314200002447,244432299,2460198.8278485802,60198.322997700001,18.2742882,0.0444987454,0,zi,1.4946786999999999,29.684417100000001,0.666999996,-0.0879999995,20230911322986,600,0xe,0x2,20.8500004,25.5122871,0.0242665056,0.188661128,1.21699113e-05,30,1.023,2
600314200002447,244724229,2460201.7472465816,60201.2422917,18.3534317,0.0472071432,0,zi,1.4946569000000001,29.6843857,0.882000029,0.0419999994,20230914242292,600,0xe,0x2,20.5300007,25.5284328,0.0236596242,0.19356297,1.15671037e-05,30,1.19700003,2
600314200002447,245036982,2460204.8748795725,60204.369826399998,19.7110291,0.130874813,0,zi,1.4945974,29.684438700000001,0.537,-0.0719999969,20230917369826,600,0xe,0x2,20.7000008,25.534029,0.0255340654,0.190144986,1.34912616e-05,30,1.02199996,2
600314200002447,245327773,2460207.7828634935,60207.277731499998,18.2912502,0.0450635776,0,zi,1.4946459000000001,29.684394399999999,0.861999989,-0.00700000022,20230920277720,600,0xe,0x2,20.7099991,25.5552502,0.0224875323,0.190724209,9.98764881e-06,30,1.051,2
600314200002447,245736680,2460211.87202761,60211.366805600002,18.3775139,0.0480688065,0,zi,1.4946623000000001,29.684391699999999,1.55599999,-0.129999995,20230924366794,600,0xe,0x2,20.7600002,25.559515,0.0224020742,0.184663385,1.04075816e-05,30,1.04100001,2
600314200002447,246035320,2460214.8584781555,60214.353206,18.4712124,0.0515956841,0,zi,1.4946891,29.6843997,0.768999994,0.0170000009,20230927353206,600,0xe,0x2,20.3400002,25.5752125,0.0239198692,0.186919898,1.20450204e-05,30,1.03400004,2
600314200002447,246925686,2460223.7622057092,60223.256863399998,18.9815216,0.0763356239,0,zi,1.494675,29.684419800000001,0.76700002,-0.0829999968,20231006256852,600,0xe,0x2,20.4300003,25.5335217,0.0248506665,0.19022207,1.30145299e-05,30,1.02100003,2
600314200002447,247232628,2460226.8316232548,60226.326284700001,18.9484844,0.0744212344,0,zi,1.4947155000000001,29.684403400000001,0.879000008,0.137999997,20231009326285,600,0xe,0x2,20.6700001,25.5344849,0.0252435803,0.188607946,1.32932591e-05,30,1.04200006,2
600314200002447,247629988,2460230.805196505,60230.299884300002,18.8428688,0.0686085448,0,zi,1.4946845,29.6844082,0.509000003,-0.00600000005,20231013299873,600,0xe,0x2,20.3400002,25.5288677,0.0264785644,0.188192785,1.42445797e-05,30,1.023,2
600314200002447,247930446,2460233.8097437588,60233.304467599999,18.7817364,0.0654521063,0,zi,1.4946412,29.684426299999998,0.26699999,-0.0260000005,20231016304468,600,0xe,0x2,20.5499992,25.5447369,0.0239791721,0.187661394,1.19967399e-05,30,1.03799999,2
600314200002447,248218136,2460236.686594394,60236.181365700002,19.1334934,0.0857522339,0,zi,1.4946828000000001,29.684373300000001,1.03499997,0.063000001,20231019181285,600,0xe,0x2,20.7199993,25.5364933,0.0229849927,0.187887624,1.10806022e-05,30,1.08599997,2
600314200002447,248530417,2460239.8093411853,60239.3041782,19.0194016,0.0785882473,0,zi,1.4946518,29.684388899999998,1.13699996,0.0340000018,20231022304178,600,0xe,0x2,20.9099998,25.5444012,0.0245656315,0.188118979,1.22846641e-05,30,1.06500006,2
600314200002447,248827071,2460242.7758046654,60242.270717599997,19.4052486,0.105170965,0,zi,1.4946615000000001,29.684388500000001,0.611999989,0.0439999998,20231025270706,600,0xe,0x2,20.5799999,25.5472488,0.0264571421,0.187920779,1.4218439e-05,30,1.02600002,2
600314200002447,249123329,2460245.738296926,60245.233298599996,18.8156223,0.0671832487,0,zi,1.4946086000000001,29.684430800000001,0.740999997,-0.0979999974,20231028233287,600,0xe,0x2,19.6200008,25.5596218,0.0320805348,0.187101021,2.12015311e-05,30,1.00800002,2
600314200002447,249527870,2460249.783560385,60249.278703700002,18.8754921,0.0703547746,0,zi,1.4946417000000001,29.684421799999999,0.588,-0.0610000007,20231101278704,600,0xe,0x2,19.9899998,25.509491,0.0256348234,0.184483618,1.31961242e-05,30,1.06900001,2
600314200002447,249823972,2460252.744460545,60252.2397222,18.6277504,0.0581436269,0,zi,1.4946832000000001,29.6843991,0.739000022,-0.0820000023,20231104239722,600,0xe,0x2,20.6499996,25.54175,0.0254525896,0.181874529,1.30011622e-05,30,1.023,2
600314200002447,250123468,2460255.7392937825,60255.2346875,18.9256592,0.0731256679,0,zi,1.4947132000000001,29.6844033,0.666000009,-0.0329999998,20231107234688,600,0xe,0x2,20.3600006,25.5546589,0.0220414177,0.188502699,9.92024616e-06,30,1.02600002,2
600314200002447,250426221,2460258.7666710392,60258.262210599998,18.4212093,0.0496785603,0,zi,1.4946221,29.684419200000001,0.851999998,-0.0489999987,20231110262211,600,0xe,0x2,20.0900002,25.4972095,0.0267305728,0.192448109,1.47755991e-05,30,1.08700001,2
600314200002447,250617377,2460260.6781352623,60260.173773100003,18.6768303,0.060376022,0,zi,1.4946729999999999,29.684410799999998,1.05400002,0.0469999984,20231112173762,600,0xe,0x2,20.2999992,25.5428314,0.0245007481,0.192769453,1.25247834e-05,30,1.00999999,2
600314200002447,250915260,2460263.6568038687,60263.152604199997,18.4081039,0.0491894074,0,zi,1.4946965000000001,29.684398999999999,0.906000018,0.0450000018,20231115152604,600,0xe,0x2,20.25,25.4901047,0.0262723397,0.188843563,1.40592283e-05,30,1.01699996,2
600314200002447,253020450,2460284.707271114,60284.204502300003,18.231123,0.0430987999,0,zi,1.4946702000000001,29.684417799999999,0.542999983,0.00700000022,20231206204491,600,0xe,0x2,20.3700008,25.5181236,0.0236331131,0.189671308,1.12666285e-05,30,1.12199998,2
600314200002447,255312334,2460307.6241644854,60307.123344899999,18.2518196,0.0437633842,0,zi,1.4946799,29.684367999999999,0.433999985,-0.0560000017,20231229123345,600,0xe,0x2,20.5400009,25.5268192,0.023059329,0.184879228,1.10854962e-05,30,1.07500005,2
600314200002447,257016646,2460324.6657539243,60324.166469900003,18.2842026,0.0448278747,0,zi,1.4946321,29.6844161,0.754999995,-0.0659999996,20240115166470,600,0xe,0x2,20.2600002,25.4262028,0.0262376536,0.189302266,1.401384e-05,30,1.505,2
600314200002447,270345453,2460457.951501633,60457.454536999998,18.0338955,0.0373455919,0,zi,1.4946638999999999,29.684377900000001,0.852999985,-0.057,20240527454537,600,0xe,0x2,20.3299999,25.4708958,0.0241227951,0.184422612,1.15110415e-05,30,1.94099998,2
600314200002447,273338592,2460487.8852637992,60487.385925900002,18.3755569,0.0479981415,0,zi,1.494704,29.684370399999999,0.898000002,-0.0659999996,20240626385914,600,0xe,0x2,20.2099991,25.4495564,0.0273672882,0.186456755,1.53715609e-05,30,1.74699998,2
600314200002447,273642597,2460490.9255735823,60490.425972199999,19.7411766,0.133603334,0,zi,1.4947273999999999,29.6842474,1.12800002,0.0729999989,20240629425961,600,0xe,0x2,20.1299992,25.5341759,0.0271616429,0.194102019,1.49482221e-05,30,1.31900001,2
600314200002447,274546703,2460499.9674283681,60499.467037000002,18.4089527,0.0492209196,0,zi,1.4946618,29.684384399999999,0.874000013,-0.0599999987,20240708467026,600,0xe,0x2,20.5499992,25.4989529,0.0255716629,0.189792067,1.3221249e-05,30,1.07200003,2
600314200002447,274847168,2460502.9723434784,60502.471689799997,18.5462379,0.0546280146,0,zi,1.494686,29.684401600000001,0.282999992,0.0410000011,20240711471690,600,0xe,0x2,20.9799995,25.4602375,0.0246148724,0.194585398,1.23320478e-05,30,1.04799998,2
600314200002447,275146834,2460505.9692589119,60505.4683449,18.5294323,0.0539321899,0,zi,1.4946942000000001,29.684407100000001,0.816999972,0.101000004,20240714468333,600,0xe,0x2,21.1200008,25.441433,0.0285377,0.196950927,1.67659928e-05,30,1.03999996,2
600314200002447,282138439,2460575.8895951845,60575.384398100003,18.7859821,0.0656664893,0,zi,1.4946062,29.684424100000001,0.660000026,-0.0729999989,20240922384398,600,0xe,0x2,20.3500004,25.5149822,0.0232913122,0.189020902,1.12464459e-05,30,1.06599998,1
600314200002447,282232023,2460576.8254475123,60576.320231500002,18.7966385,0.0662077591,0,zi,1.4946453,29.6844134,0.717999995,-0.023,20240923320220,600,0xe,0x2,20.6000004,25.4896374,0.0239591636,0.190176323,1.19225415e-05,30,1.00699997,1
600314200002447,282333763,2460577.8428740106,60577.337638899997,19.5205898,0.114412755,0,zi,1.4946997,29.684446099999999,0.841000021,-0.181999996,20240924337546,600,0xe,0x2,20.2000008,25.5245895,0.0235061776,0.189076051,1.14923887e-05,30,1.01300001,1
648102300004859,50948428,2458263.9810823696,58263.484282400001,18.940731,0.0463815555,0,zg,1.4947836999999999,29.6844687,0.31099999,-0.0520000011,20180525484271,648,0x2,0x3,19.6700001,26.1974201,0.0433163829,-0.0197907239,5.49631077e-05,30,1.53999996,1
648102300004859,51947186,2458273.9693725617,58273.471863400002,19.4278049,0.0656045675,0,zg,1.4945974,29.684381299999998,0.708000004,-0.0450000018,20180604471806,648,0x2,0x3,20.6700001,26.2101784,0.0329151489,-0.0267006345,1.75771456e-05,30,1.41999996,3
648102300004859,52147164,2458275.9693043884,58275.471643500001,18.8483162,0.0435486883,0,zg,1.4946025999999999,29.684469799999999,0.643000007,0.0480000004,20180606471586,648,0x2,0x3,20.3799992,26.1567078,0.0370996408,-0.0503303446,2.67954838e-05,30,1.38300002,3
648102300004859,52346892,2458277.9667388927,58277.468923599998,19.203064,0.0557575412,0,zg,1.4946168,29.684394000000001,1.324,-0.136999995,20180608468912,648,0x2,0x3,21.0499992,26.1278725,0.0319462121,-0.0399452373,1.42721137e-05,30,1.36600006,3
648102300004859,52346986,2458277.9676764612,58277.469861099999,19.4024582,0.0644006431,0,zg,1.4946809000000001,29.6844115,0.754000008,-0.0810000002,20180608469850,648,0x2,0x3,20.9699993,26.1365948,0.0308910627,-0.0459943414,1.32449413e-05,30,1.36000001,1
648102300004859,52443449,2458278.9323815787,58278.434490699998,19.4190922,0.0651878938,0,zg,1.4946535000000001,29.684436000000002,1.13,0.0529999994,20180609434444,648,0x2,0x3,21.1499996,26.1662598,0.0329373777,-0.0728019997,1.41271048e-05,30,1.62699997,3
648102300004859,52546450,2458279.9624745483,58279.464502299998,19.443676,0.0663712025,0,zg,1.4946820000000001,29.684384300000001,1.18200004,-0.0799999982,20180610464479,648,0x2,0x3,21.0499992,26.2367611,0.037102215,-0.0690791756,1.84896417e-05,30,1.35899997,3
648102300004859,52644832,2458280.9463723563,58280.448321800002,18.792717,0.0419503748,0,zg,1.4946244,29.684403799999998,0.564999998,0.023,20180611448322,648,0x2,0x3,21.6599998,26.2187119,0.02456397,-0.0638662726,7.70813585e-06,30,1.45299995,3
648102300004859,52842266,2458282.920871452,58282.422661999997,18.7566566,0.0409542844,0,zg,1.4946317,29.684396799999998,0.284999996,0.0209999997,20180613422639,648,0x2,0x3,21.3899994,25.9842396,0.027850166,-0.0423388705,1.00978805e-05,30,1.63600004,3
648102300004859,52944703,2458283.9453297979,58283.447036999998,18.7495289,0.0407610759,0,zg,1.4946808,29.684396499999998,0.901000023,-0.0540000014,20180614447025,648,0x2,0x3,21.4300003,26.2149296,0.0266619269,-0.0453174636,9.2505752e-06,30,1.403,1
648102300004859,52944796,2458283.9462558758,58283.447962999999,18.6622276,0.0384897925,0,zg,1.4946592000000001,29.684406899999999,0.842000008,0.0130000003,20180614447951,648,0x2,0x3,21.2099991,26.2171192,0.0281986203,-0.0490802042,1.04201326e-05,30,1.39699996,3
648102300004859,53244716,2458286.9457043498,58286.4471644,18.9121838,0.0454822518,0,zg,1.494715,29.6844328,1.34399998,-0.0270000007,20180617447072,648,0x2,0x3,21.1000004,26.2556324,0.032528352,-0.0597938597,1.42868012e-05,30,1.34800005,1
648102300004859,53543266,2458289.9314519716,58289.432661999999,19.4808273,0.0682048276,0,zg,1.4946341000000001,29.6844173,0.962000012,-0.0820000023,20180620432650,648,0x2,0x3,21.4099998,26.214838,0.027596524,-0.0338992029,9.74018894e-06,30,1.38900006,1
648102300004859,53844605,2458292.945098999,58292.446053200001,18.8922329,0.0448667519,0,zg,1.4946546999999999,29.684416299999999,1.26999998,-0.0370000005,20180623446042,648,0x2,0x3,21.7700005,26.2533131,0.0240045972,-0.0593080223,7.43917599e-06,30,1.26300001,1
648102300004859,54546520,2458299.964859854,58299.465208299996,18.7878571,0.0418142937,32768,zg,1.4946820000000001,29.6844064,0.753000021,0.0160000008,20180630465197,648,0x2,0x3,20.5300007,26.1955261,0.0358248278,0.00209619245,2.22108483e-05,30,1.11600006,1
648102300004859,54844305,2458302.9429668062,58302.443055600001,19.431284,0.0657717958,32768,zg,1.4947222,29.684403700000001,0.938000023,-0.075000003,20180703443044,648,0x2,0x3,20.7099991,26.2252979,0.0345008224,-0.00349029666,1.87489331e-05,30,1.16100001,1
648102300004859,55145734,2458305.9575242805,58305.4573495,19.5997124,0.0744547322,0,zg,1.4947098999999999,29.684452499999999,0.437000006,-0.0359999985,20180706457315,648,0x2,0x3,21.1299992,26.2338772,0.031844154,-0.0760852471,1.368215e-05,30,1.09300005,1
648102300004859,55945372,2458313.9545993479,58313.453726899999,19.0663834,0.0506123789,0,zg,1.4946531000000001,29.6844015,0.885999978,0.0240000002,20180714453692,648,0x2,0x3,21.9500008,26.1330051,0.024120247,-0.0498760268,7.54057646e-06,30,1.05400002,1
648102300004859,56243400,2458316.9351345059,58316.4340046,19.7633438,0.0840754509,32768,zg,1.4946136000000001,29.6843942,0.360000014,-0.215000004,20180717433970,648,0x2,0x3,20.0900002,24.9239674,0.147160083,-0.00605193432,0.00056932302,30,1.07700002,1
648102300004859,56542179,2458319.9231795357,58319.421794000002,19.5636101,0.0724935904,0,zg,1.4946432000000001,29.684432099999999,0.805999994,-0.0610000007,20180720421725,648,0x2,0x3,22.0400009,26.2828121,0.0250638966,-0.0699529275,8.04609135e-06,30,1.08700001,1
648102300004859,57144340,2458325.9452934684,58325.443402800003,19.0236492,0.0491222218,32768,zg,1.4947090000000001,29.684424700000001,0.961000025,0.209000006,20180726443345,648,0x2,0x3,20.1000004,26.231163,0.0386163443,-0.00466505345,3.49205329e-05,30,1.02100003,1
648102300004859,57746597,2458331.9683505292,58331.4659722,19.5028515,0.0693181232,0,zg,1.4945941,29.684370399999999,0.414999992,-0.063000001,20180801465961,648,0x2,0x3,20.6900005,26.23983,0.0343308933,-0.0199789591,2.03349045e-05,30,1,1
648102300004859,58032402,2458334.8266299441,58334.324027800001,19.6019592,0.0745785981,0,zg,1.4947012,29.684396499999998,0.550000012,0.0710000023,20180804324016,648,0x2,0x3,21,26.1660442,0.0313531384,-0.0166150909,1.33829617e-05,30,1.30400002,1
648102300004859,58338348,2458337.8863194799,58337.383483799997,19.3675957,0.0627849698,0,zg,1.4946311000000001,29.6843933,0.86500001,-0.0579999983,20180807383426,648,0x2,0x3,22.0100002,26.2516251,0.0226505175,-0.0400925055,6.47685647e-06,30,1.06299996,1
648102300004859,58440321,2458338.90612958,58338.403217599996,19.2385445,0.057192713,0,zg,1.4946359,29.6844079,0.774999976,-0.00899999961,20180808403194,648,0x2,0x3,21.8899994,26.2315655,0.0243164618,-0.0427487008,7.5086964e-06,30,1.02699995,3
648102300004859,58636719,2458340.8702557124,58340.367199100001,18.8631039,0.0439869389,32768,zg,1.4946307000000001,29.684372799999998,1.41499996,-0.0460000001,20180810367130,648,0x2,0x3,20.9699993,25.2295227,0.0368178748,-0.0143846367,2.00632039e-05,30,1.08099997,3
648102300004859,58938063,2458343.8839089284,58343.380636599999,19.2883453,0.0592801943,0,zg,1.4946507,29.684392200000001,0.374000013,0.00899999961,20180813380417,648,0x2,0x3,22.1299992,26.2269955,0.0246775039,-0.0574101843,7.80506798e-06,30,1.03900003,1
648102300004859,58938207,2458343.8853442301,58343.382071799999,19.3539562,0.0621653199,0,zg,1.4946455999999999,29.6843921,0.505999982,0.0540000014,20180813381817,648,0x2,0x3,22.1599998,26.2270947,0.0238388814,-0.0570548512,7.20401795e-06,30,1.03699994,3
648102300004859,59037796,2458344.8813049672,58344.377962999999,19.1161499,0.0524173565,0,zg,1.4946661999999999,29.684415000000001,0.412999988,-0.00999999978,20180814377743,648,0x2,0x3,22,26.2047119,0.0248756055,-0.0428189151,8.14909254e-06,30,1.03900003,3
648102300004859,59140400,2458345.9074172773,58345.404004600001,18.8350563,0.0431604832,0,zg,1.4946598,29.684405099999999,0.657999992,0.0460000001,20180815403970,648,0x2,0x3,22.0200005,26.205864,0.0224260222,-0.0473180115,6.43453859e-06,30,1.00800002,3
648102300004859,59235989,2458346.8633734509,58346.3598958,19.8788376,0.0916326642,0,zg,1.4946511,29.684385200000001,1.44099998,0.0329999998,20180816359873,648,0x2,0x3,22.0900002,26.177845,0.0236184094,-0.0535709932,7.15087117e-06,30,1.06099999,1
648102300004859,59236083,2458346.8643110222,58346.360833300001,21.227932,0.199494123,0,zg,1.4944345000000001,29.684445499999999,1.34000003,-0.0340000018,20180816360810,648,0x2,0x3,22.0400009,26.1779804,0.0241031814,-0.0466315225,7.36600668e-06,30,1.05999994,3
648102300004859,59334015,2458347.8436938813,58347.3401505,19.5915546,0.0740066096,0,zg,1.4946242999999999,29.6844374,0.404000014,0.0410000011,20180817340116,648,0x2,0x3,21.6200008,26.0588093,0.0311540309,-0.0275332574,1.24690778e-05,30,1.10099995,3
648102300004859,59438511,2458348.8887281562,58348.385115700003,19.6529789,0.0774525106,0,zg,1.4946706999999999,29.684423200000001,1.17900002,0.0379999988,20180818385023,648,0x2,0x3,21.7600002,26.2302456,0.0267374273,-0.0242484119,9.1477159e-06,30,1.01699996,3
648102300004859,59539135,2458349.8950321404,58349.391354200001,19.5711689,0.0728995651,0,zg,1.4946326000000001,29.684395200000001,1.01800001,0.0540000014,20180819391319,648,0x2,0x3,22.1499996,26.2615795,0.0243304558,-0.0473461486,7.47800505e-06,30,1.00899994,3
648102300004859,59539233,2458349.896016004,58349.392337999998,19.5452518,0.0715177804,0,zg,1.4946353999999999,29.684400400000001,0.456999987,0.00100000005,20180819392303,648,0x2,0x3,22.1800003,26.258646,0.0229753591,-0.0502028242,6.75686897e-06,30,1.00800002,1
648102300004859,59643624,2458350.9399948576,58350.436249999999,19.6550751,0.0775730461,0,zg,1.494678,29.684391000000002,0.893000007,0.0240000002,20180820436192,648,0x2,0x3,22.2299995,26.2663193,0.022983091,-0.0467483588,6.75388173e-06,30,1.00699997,3
648102300004859,59841225,2458352.9161252365,58352.412256900003,19.6173763,0.0754348785,0,zg,1.4947014999999999,29.684410700000001,1.01699996,0.0309999995,20180822412245,648,0x2,0x3,21.8999996,26.2428589,0.0254556164,-0.0359911472,8.34744787e-06,30,1,1
648102300004859,59841788,2458352.9217505837,58352.417881900001,19.3340282,0.0612724647,0,zg,1.4946571,29.6844158,1.28600001,0.0419999994,20180822417870,648,0x2,0x3,22.0799999,26.2474842,0.0234614685,-0.0429066792,7.09880214e-06,30,1.00199997,3
648102300004859,60739165,2458361.8960307287,58361.3916551,20.1327934,0.110687368,0,zg,1.4946588999999999,29.684329600000002,0.838,-0.165000007,20180831391609,648,0x2,0x3,20.8600006,26.3232613,0.0343767777,-0.0216339864,1.72596192e-05,30,1.00100005,1
648102300004859,60739259,2458361.8969682693,58361.392592600001,20.3373203,0.128645971,0,zg,1.4947954000000001,29.684383499999999,0.75,-0.180000007,20180831392581,648,0x2,0x3,20.8400002,26.3117886,0.0354440771,-0.0174755622,1.87366622e-05,30,1.00100005,3
648102300004859,60934137,2458363.8458506665,58363.341377299999,19.542345,0.0713645443,0,zg,1.4946390000000001,29.6844389,0.991999984,-0.0579999983,20180902341331,648,0x2,0x3,21.1100006,26.2638817,0.0303033069,-0.0303778388,1.23513382e-05,30,1.01900005,3
648102300004859,61027724,2458364.7817640011,58364.277245400001,19.8559151,0.0900799334,0,zg,1.4946629,29.684400799999999,1.47000003,-0.108999997,20180903277234,648,0x2,0x3,21.7299995,26.2228737,0.0265727844,-0.0316727795,9.16621957e-06,30,1.148,1
648102300004859,61027818,2458364.7827015463,58364.278182900001,19.7868176,0.0855582878,0,zg,1.4946548,29.684409500000001,0.632000029,-0.0610000007,20180903278171,648,0x2,0x3,21.7299995,26.2247677,0.0264477059,-0.0286905132,9.02481315e-06,30,1.14499998,3
648102300004859,61130635,2458365.8109213295,58365.306354200002,19.4316406,0.0657889545,0,zg,1.4946474999999999,29.684397100000002,0.788999975,0.0170000009,20180904306343,648,0x2,0x3,22.0100002,26.2584705,0.0266883448,-0.0652886108,9.15224064e-06,30,1.06400001,3
648102300004859,61330259,2458367.8072499852,58367.302592599997,20.3490543,0.129749402,0,zg,1.4947804,29.6844617,0.792999983,0.0869999975,20180906302593,648,0x2,0x3,21.25,26.3008804,0.0299535505,-0.090708077,1.17305672e-05,30,1.05999994,3
648102300004859,61330353,2458367.8081875332,58367.303530099998,20.208395,0.117045857,0,zg,1.4946657000000001,29.684397400000002,0.949000001,-0.151999995,20180906303518,648,0x2,0x3,21.5799999,26.305233,0.0264383536,-0.0951154009,8.97479731e-06,30,1.05900002,1
648102300004859,61437166,2458368.8763703317,58368.371666699997,19.6112251,0.0750919878,0,zg,1.4946199,29.6843769,0.72299999,-0.0309999995,20180907371620,648,0x2,0x3,21.8999996,26.2937679,0.0232756827,-0.0424772725,6.95152266e-06,30,1.00100005,3
648102300004859,61532104,2458369.8257851116,58369.321041700001,20.2480965,0.120515674,0,zg,1.4946313,29.6844106,0.708999991,-0.00700000022,20180908321019,648,0x2,0x3,22.0599995,26.3137894,0.0239682943,-0.0884492397,7.35703998e-06,30,1.023,3
648102300004859,61736752,2458371.8723481991,58371.367523100002,20.5496445,0.14838469,0,zg,1.4946339,29.684399800000001,0.944000006,-0.0689999983,20180910367153,648,0x2,0x3,21.9500008,26.3251858,0.0222879387,-0.0566618554,6.32116416e-06,30,1.00199997,3
648102300004859,61938901,2458373.8939164006,58373.389016200003,20.6865959,0.158704162,0,zg,1.4945851999999999,29.684464999999999,1.94200003,-0.178000003,20180912388970,648,0x2,0x3,21.5799999,26.3248672,0.0262152888,-0.0973829404,8.75674323e-06,30,1.01999998,1
648102300004859,61938994,2458373.8948423313,58373.389942100002,20.9108047,0.175598383,0,zg,1.4946448999999999,29.684481999999999,0.698000014,-0.0329999998,20180912389931,648,0x2,0x3,21.7099991,26.3111172,0.0234212056,-0.0727123544,7.06044739e-06,30,1.02100003,3
648102300004859,62027931,2458374.7842485816,58374.279317100001,20.4838943,0.143003568,0,zg,1.4946136999999999,29.6844787,1.52100003,-0.151999995,20180913279213,648,0x2,0x3,21.75,26.3349895,0.0249852408,-0.0938433483,7.97646408e-06,30,1.06900001,3
648102300004859,62114962,2458375.6554585639,58375.149629599997,20.5703049,0.149941564,0,zg,1.4946406000000001,29.684417,0.354999989,-0.0410000011,20180914149618,648,0x2,0x3,21.75,28.1272163,0.0195270199,-0.0859798416,4.91727997e-06,180,1.87,2
648102300004859,62130665,2458375.8116213395,58375.306655100001,20.7187595,0.161127687,0,zg,1.4946655,29.684415300000001,1.13699996,-0.0829999968,20180914306620,648,0x2,0x3,22.1399994,26.3234558,0.021343831,-0.0714181364,5.88360263e-06,30,1.02100003,3
648102300004859,62139956,2458375.9053975618,58375.3995602,19.9263916,0.0949395448,0,zg,1.4946638999999999,29.6844036,0.569999993,-0.0439999998,20180914399537,648,0x2,0x3,22.7700005,28.2718506,0.0149286147,-0.0706715435,2.86427485e-06,180,1.04200006,2
648102300004859,62230677,2458376.8117694464,58376.306770800002,20.4537773,0.139952183,0,zg,1.4946276999999999,29.684401000000001,1.08200002,-0.0799999982,20180915306667,648,0x2,0x3,22.1000004,26.3024311,0.0230833776,-0.05147494,6.85453051e-06,30,1.01800001,3
648102300004859,62230773,2458376.8127301764,58376.307731499997,20.5879631,0.151272058,0,zg,1.4946790999999999,29.684403499999998,1.08299994,0.134000003,20180915307697,648,0x2,0x3,22.0900002,26.3286037,0.0230211336,-0.0824532956,6.81227448e-06,30,1.01699996,1
648102300004859,62334420,2458377.8492321745,58377.344201400003,20.8844185,0.17361021,0,zg,1.4946914,29.684417799999999,0.279000014,-0.074000001,20180916344144,648,0x2,0x3,21.9300003,26.3277493,0.0244015194,-0.096204862,7.5920525e-06,30,1,3
648102300004859,62434035,2458378.8454189831,58378.3403588,19.582365,0.0735053793,0,zg,1.4946493999999999,29.684468200000001,1.15699995,-0.108000003,20180917340289,648,0x2,0x3,21.9099998,26.3478184,0.0239539314,-0.0953493863,7.31504997e-06,30,1,3
648102300004859,62535150,2458379.856593193,58379.351504600003,20.3104153,0.126145735,0,zg,1.494615,29.684397000000001,0.716000021,-0.00100000005,20180918351447,648,0x2,0x3,21.8199997,26.3469849,0.0234459862,-0.0862333179,7.05882303e-06,30,1.00399995,1
648102300004859,62535241,2458379.8575076154,58379.352419000003,20.2498817,0.120673887,0,zg,1.4946229,29.6844462,1.15799999,0.0329999998,20180918352407,648,0x2,0x3,21.6599998,26.3524513,0.0249952581,-0.0933421999,8.02416707e-06,30,1.00399995,3
648102300004859,62840704,2458382.9122140738,58382.407048599998,21.1837006,0.19616127,0,zg,1.4946693,29.684401099999999,0.593999982,-0.379000008,20180921407049,648,0x2,0x3,21.2900009,26.2961311,0.0286463853,-0.0850972757,1.08627901e-05,30,1.097,1
648102300004859,62944952,2458383.9547140831,58383.4495255,20.2818222,0.123534679,0,zg,1.4946512000000001,29.684369,0.319999993,0.104000002,20180922449468,648,0x2,0x3,20.3999996,26.2772312,0.038270358,-0.110206231,2.69505708e-05,30,1.26199996,3
648102300004859,63136780,2458385.8730279487,58385.3678009,19.6947975,0.0798954666,0,zg,1.4946039,29.684311600000001,0.911000013,-0.229000002,20180924367755,648,0x2,0x3,20.3099995,26.2781067,0.0340943336,-0.0290538073,2.36780888e-05,30,1.03499997,3
648102300004859,63432101,2458388.8262940808,58388.321018499999,20.3140202,0.126478285,0,zg,1.4945337999999999,29.684399299999999,0.84799999,-0.0480000004,20180927321007,648,0x2,0x3,20.5900002,26.3156567,0.0340240188,-0.0586194061,2.02648789e-05,30,1.00199997,3
648102300004859,64334693,2458397.8522755392,58397.3469329,19.7571678,0.0836897045,0,zg,1.494699,29.6843985,0.860000014,0.0460000001,20181006346921,648,0x2,0x3,22.0300007,26.2738686,0.0252197143,-0.0937123746,8.08472942e-06,30,1.05499995,1
648102300004859,64334784,2458397.85318984,58397.347847199999,19.595108,0.0742014349,0,zg,1.4946851999999999,29.684379799999999,1.37199998,-0.0930000022,20181006347836,648,0x2,0x3,22.0100002,26.2787952,0.0252111983,-0.0953458771,8.12617873e-06,30,1.05599999,3
648102300004859,64628152,2458400.7868654383,58400.281527799998,19.8701725,0.0910425633,0,zg,1.4946478000000001,29.684394399999999,1.15699995,-0.0430000015,20181009281343,648,0x2,0x3,22.1299992,26.2794704,0.0220370069,-0.0588525273,6.25278835e-06,30,1,3
648102300004859,64628244,2458400.7877797345,58400.282442099997,19.918148,0.0943579376,0,zg,1.4946448000000001,29.684396599999999,0.698000014,-0.0109999999,20181009282431,648,0x2,0x3,22.0900002,26.3014107,0.0215126779,-0.0882566497,5.92456672e-06,30,1,1
648102300004859,66922327,2458423.72812367,58423.2232755,20.1095123,0.108794212,0,zg,1.494599,29.6843599,1.66299999,-0.0149999997,20181101223264,648,0x2,0x3,21.5,26.3393745,0.0283547919,-0.118850634,1.10087794e-05,30,1.00100005,3
648102300004859,67118209,2458425.6868655053,58425.182094900003,20.1441574,0.111622408,0,zg,1.4946359,29.684433299999998,0.526000023,-0.0209999997,20181103182060,648,0x2,0x3,21.4799995,26.0378666,0.0293404758,-0.0828495175,1.12341886e-05,30,1.00999999,3
648102300004859,67221987,2458426.724600031,58426.2198727,20.4948483,0.144126385,0,zg,1.4945826,29.684402800000001,1.50600004,-0.222000003,20181104219792,648,0x2,0x3,21.1599998,25.9343128,0.0337645933,-0.0994287059,1.53512192e-05,30,1.00300002,3
648102300004859,67222079,2458426.7255259021,58426.220798599999,20.2982063,0.125025004,0,zg,1.4947699000000001,29.684318900000001,0.765999973,-0.0879999995,20181104220787,648,0x2,0x3,21.1900005,25.9966698,0.0348365828,-0.101838641,1.60802392e-05,30,1.00300002,1
648102300004859,67521663,2458429.721225922,58429.216631900003,19.9949455,0.0999145433,0,zg,1.4946998,29.684385200000001,1.66999996,0.208000004,20181107216574,648,0x2,0x3,22.0200005,26.2981186,0.0232038014,-0.0575484596,6.84059614e-06,30,1.005,3
648102300004859,67521754,2458429.7221402773,58429.217546300002,19.9482479,0.0964987129,0,zg,1.4946615000000001,29.6843827,0.514999986,0.00499999989,20181107217535,648,0x2,0x3,21.9200001,26.2994423,0.0255737249,-0.0570270605,8.29933742e-06,30,1.00600004,1
648102300004859,67625440,2458430.7589546954,58430.254409699999,20.0524597,0.104282357,0,zg,1.4946543000000001,29.684419500000001,0.828999996,0.0270000007,20181108254213,648,0x2,0x3,22.0400009,26.3256245,0.0238331649,-0.0984740034,7.20192975e-06,30,1.051,3
648102300004859,67721839,2458431.7228893847,58431.218391199996,19.0894337,0.0514389277,0,zg,1.4946197000000001,29.684486199999998,1.23899996,-0.0250000004,20181109218380,648,0x2,0x3,20.8700008,26.3031044,0.034549728,-0.0821482688,1.74050947e-05,30,1.00999999,3
648102300004859,68121439,2458435.7186892545,58435.214398099997,20.2923965,0.124494717,0,zg,1.4942628,29.684544899999999,1.27900004,0.104999997,20181113214387,648,0x2,0x3,20.7199993,26.3138351,0.0348004326,-0.0701203942,1.8561992e-05,30,1.01499999,1
648102300004859,70313887,2458457.641706924,58457.1388773,19.6103306,0.0750422776,0,zg,1.4947912000000001,29.684259099999998,1.43299997,0.134000003,20181205138750,648,0x2,0x3,20.3899994,26.3220558,0.0378305689,-0.0731467679,2.66291863e-05,30,1.00399995,3
648102300004859,71513052,2458469.6323696938,58469.130520799998,19.7636833,0.0840966552,0,zg,1.494694,29.6843453,0.781000018,-0.101999998,20181217130521,648,0x2,0x3,21.0400009,26.2915688,0.0311667118,-0.0769693255,1.33491776e-05,30,1.02499998,3
648102300004859,72814053,2458482.6412351169,58482.140532400001,20.1413193,0.111388259,0,zg,1.4944797000000001,29.6844614,1.71500003,0,20181230140532,648,0x2,0x3,20.8999996,26.2945042,0.0329119712,-0.0588938221,1.54565132e-05,30,1.11600006,1
648102300004859,73215253,2458486.6528753531,58486.152534699999,20.8590832,0.171701074,0,zg,1.494664,29.6843146,0.963,-0.0329999998,20190103152523,648,0x2,0x3,21.0499992,26.3019257,0.0306772012,-0.090109922,1.25897477e-05,30,1.19500005,1
648102300004859,73316355,2458487.663802396,58487.1635532,20.7280731,0.161829472,0,zg,1.4947254000000001,29.6843982,0.809000015,0.228,20190104163507,648,0x2,0x3,21.5100002,26.2676601,0.0262514334,-0.055351615,8.88326031e-06,30,1.25600004,3
648102300004859,73714964,2458491.6495298459,58491.149641199998,20.5391674,0.147595286,0,zg,1.4945816999999999,29.684448,1.37699997,0.600000024,20190108149583,648,0x2,0x3,20.8299999,26.2820683,0.0345500149,-0.0838045105,1.72413293e-05,30,1.23800004,3
648102300004859,73915332,2458493.6530296495,58493.153321799997,20.5999222,0.152173162,0,zg,1.4947515,29.684396400000001,1.00600004,-0.201000005,20190110153310,648,0x2,0x3,21.5,26.2766609,0.0271885246,-0.0924823433,9.45732882e-06,30,1.28299999,3
648102300004859,73916128,2458493.6609918186,58493.1612847,20.9080734,0.175392628,0,zg,1.4946162999999999,29.684462499999999,1.08099997,-0.381999999,20190110161285,648,0x2,0x3,21.3999996,26.2753468,0.0291425362,-0.106286623,1.10088913e-05,30,1.32799995,1
648102300004859,74014379,2458494.6434149793,58494.143796299999,19.4604893,0.0671941787,0,zg,1.4946092,29.684408300000001,1.16199994,-0.103,20190111143785,648,0x2,0x3,21.3199997,26.2556591,0.0263183601,-0.0742456689,8.95349149e-06,30,1.24899995,3
648102300004859,74916303,2458503.6618505628,58503.1630324,19.5470161,0.071610935,0,zg,1.4945105999999999,29.684527200000002,0.870999992,-0.201000005,20190120163021,648,0x2,0x3,19.9200001,26.2061882,0.0383381546,-0.0418849364,3.62351311e-05,30,1.54100001,1
648102300004859,75516255,2458509.6608613371,58509.162557900003,19.3746662,0.0631089136,0,zg,1.4946986,29.684246399999999,0.791000009,0.449999988,20190126162546,648,0x2,0x3,19.5799999,26.172514,0.0423836522,-0.0272677187,5.48428688e-05,30,1.70299995,1
648102300004859,75613849,2458510.6367169395,58510.138495400002,19.8582764,0.090238668,0,zg,1.4948322999999999,29.684264800000001,1.39900005,-0.158999994,20190127138495,648,0x2,0x3,20.5400009,26.151392,0.034758728,-0.0465735421,2.00943232e-05,30,1.49399996,3
648102300004859,75713501,2458511.6331500704,58511.135011600003,19.0895081,0.0514416061,0,zg,1.4946997,29.6843933,0.526000023,-0.0460000001,20190128134988,648,0x2,0x3,20.8400002,26.1453114,0.0351924524,-0.0582815818,1.8736293e-05,30,1.48699999,3
648102300004859,87947827,2458633.9754013103,58633.478275499998,20.3541107,0.130227461,32768,zg,1.4948584,29.6843799,0.513999999,-0.158000007,20190530478275,648,0x2,0x3,20.1599998,26.0921001,0.0948741585,-0.0456695594,0.000195754648,30,1.47899997,3
648102300004859,88047162,2458634.9688170678,58634.4716204,20.8254185,0.169164419,0,zg,1.4947944,29.684455700000001,1.04299998,-0.233999997,20190531471620,648,0x2,0x3,21.25,26.0665817,0.0309240036,-0.0477916934,1.27980948e-05,30,1.51199996,3
648102300004859,88744805,2458641.9457723941,58641.448055599998,20.6919308,0.159106135,0,zg,1.4946214,29.684381599999998,0.97299999,0.0989999995,20190607448044,648,0x2,0x3,21.5599995,26.1506863,0.0285005942,-0.104017563,1.04491519e-05,30,1.55200005,1
648102300004859,89044901,2458644.9469675748,58644.4490162,20.6056595,0.152605534,0,zg,1.4944691999999999,29.684377999999999,0.107000001,-0.185000002,20190610449016,648,0x2,0x3,21.2199993,26.1761646,0.028791761,-0.0910402983,1.11422778e-05,30,1.47300005,1
648102300004859,89347343,2458647.9716309314,58647.473437499997,19.9645061,0.0976748765,0,zg,1.4946999999999999,29.684404300000001,0.768000007,0.00300000003,20190613473426,648,0x2,0x3,20.8799992,26.0017548,0.0353159197,-0.0840045735,1.8736353e-05,30,1.26499999,1
648102300004859,89647732,2458650.9757652418,58650.477326400003,19.3868256,0.0636704341,0,zg,1.4946967,29.6843939,0.943000019,0.0869999975,20190616477326,648,0x2,0x3,20.4200001,26.2015533,0.0369741693,-0.0451938063,2.71815425e-05,30,1.20899999,1
648102300004859,90645675,2458660.9560415423,58660.456759300003,19.7748013,0.0847958848,0,zg,1.494686,29.6844249,0.661000013,-0.0270000007,20190626456759,648,0x2,0x3,21.5300007,26.2251415,0.0261354335,-0.0769255012,8.77357434e-06,30,1.18200004,1
648102300004859,91247740,2458666.9772123913,58666.477407400002,21.2443581,0.200731874,0,zg,1.4946535999999999,29.6844389,0.572000027,0.157000005,20190702477407,648,0x2,0x3,21.3999996,26.2479649,0.026143387,-0.0688536018,8.91462787e-06,30,1.07299995,1
648102300004859,91546528,2458669.9653555569,58669.465289400003,20.9334717,0.177306294,0,zg,1.4948661999999999,29.684356300000001,1.05400002,-0.275999993,20190705465243,648,0x2,0x3,21.6399994,26.267683,0.0291767027,-0.116922662,1.06869184e-05,30,1.08200002,1
648102300004859,92445357,2458678.9544269093,58678.453576400003,20.6156731,0.153360009,0,zg,1.494678,29.684412399999999,0.990999997,0.0160000008,20190714453576,648,0x2,0x3,21.8700008,26.2728367,0.0249288864,-0.100495361,7.91478487e-06,30,1.05499995,3
648102300004859,92445450,2458678.9553528945,58678.454502300003,20.8167782,0.168513417,0,zg,1.4946142,29.684424400000001,0.565999985,0.0979999974,20190714454491,648,0x2,0x3,21.8700008,26.2619038,0.0243336596,-0.083404243,7.58645137e-06,30,1.05299997,1
648102300004859,93042203,2458684.9234007546,58684.422036999997,20.5421963,0.147823572,0,zg,1.4947263,29.684374399999999,0.375999987,0.104999997,20190720422037,648,0x2,0x3,20.5699997,26.2415104,0.0325188413,-0.0540160201,1.82498898e-05,30,1.08700001,1
648102300004859,93042385,2458684.9252181286,58684.423854200002,20.4358501,0.138160661,0,zg,1.4943218,29.684591699999999,0.680000007,-0.0729999989,20190720423843,648,0x2,0x3,20.5499992,26.2461147,0.0317874029,-0.0598120205,1.78325772e-05,30,1.08299994,3
648102300004859,93147496,2458685.976418552,58685.474965300004,20.5408573,0.147722602,0,zg,1.4945716,29.684377000000001,0.85799998,-0.268000007,20190721474954,648,0x2,0x3,20.9599991,26.244297,0.0308989547,-0.049011413,1.40497295e-05,30,1.00600004,3
648102300004859,93444357,2458688.9452796793,58688.443576400001,20.8026772,0.167450905,0,zg,1.494597,29.684370099999999,1.21200001,-0.216999993,20190724443542,648,0x2,0x3,21.3600006,26.2343616,0.0281242318,-0.0832763016,1.01334344e-05,30,1.028,3
648102300004859,93444450,2458688.9462056551,58688.444502300001,20.7297897,0.161958814,0,zg,1.4946545,29.684332699999999,0.460000008,-0.075000003,20190724444491,648,0x2,0x3,21.3799992,26.2284737,0.0267779697,-0.0776447505,9.13016538e-06,30,1.02699995,1
648102300004859,93645177,2458690.9536411325,58690.451770799998,20.6593933,0.156654358,0,zg,1.4947282,29.684396899999999,0.875,-0.131999999,20190726451759,648,0x2,0x3,21.6000004,26.2072315,0.027819898,-0.100763477,9.87366911e-06,30,1.01300001,3
648102300004859,93941099,2458693.9131083754,58693.410995400001,20.9539452,0.178848982,0,zg,1.4945887,29.684393799999999,0.847000003,-0.00999999978,20190729410995,648,0x2,0x3,22.0300007,26.2420788,0.0241959877,-0.0920547172,7.43441615e-06,30,1.05799997,3
648102300004859,94041847,2458694.9206667221,58694.418472199999,20.8942852,0.1743536,0,zg,1.4947493999999999,29.6843471,1.78699994,0.0299999993,20190730418090,648,0x2,0x3,22.1700001,26.2680874,0.0241277721,-0.0993707702,7.39417055e-06,30,1.03999996,1
648102300004859,94041939,2458694.921592705,58694.419398099999,21.2266178,0.199395061,32768,zg,1.4945489999999999,29.684443600000002,0.708999991,-0.0329999998,20190730419387,648,0x2,0x3,21.7199993,26.3014355,0.0282526743,-0.138416529,1.01966443e-05,30,1.03900003,3
648102300004859,94241539,2458696.9177479297,58696.415393499999,20.5260162,0.1466043,0,zg,1.4946535999999999,29.6844027,0.778999984,0.0270000007,20190801415336,648,0x2,0x3,22.1700001,26.2194519,0.0232576728,-0.0588290691,6.88372666e-06,30,1.03699994,3
648102300004859,94347486,2458697.977299382,58697.474861100003,20.5850334,0.151051283,0,zg,1.4946908000000001,29.6843827,0.833000004,-0.0599999987,20190802474815,648,0x2,0x3,21.9200001,26.2487431,0.0262578093,-0.119242385,8.78837727e-06,30,1.00199997,1
648102300004859,94347586,2458697.9783064546,58697.475868100002,20.8000984,0.167256594,0,zg,1.4947838,29.684392200000001,0.860000014,-0.0450000018,20190802475810,648,0x2,0x3,21.8700008,26.2488365,0.027580535,-0.106305212,9.68831773e-06,30,1.00199997,3
648102300004859,94445187,2458698.9543899577,58698.451874999999,20.8096123,0.167973518,0,zg,1.4946618,29.6843906,0.873000026,0.0329999998,20190803451863,648,0x2,0x3,22.0400009,26.2399673,0.0255945046,-0.0947284177,8.4111598e-06,30,1.00100005,3
648102300004859,94545363,2458699.9562272085,58699.4536343,20.7337456,0.162256837,0,zg,1.4946633,29.684414,0.60799998,0.0890000015,20190804453623,648,0x2,0x3,22.0699997,26.1993885,0.0274459515,-0.0710649937,9.45066313e-06,30,1,3
648102300004859,94647515,2458700.977822179,58700.475150500002,20.6355114,0.154854894,0,zg,1.4946712,29.684412500000001,0.34799999,-0.0460000001,20190805475069,648,0x2,0x3,22,26.2390079,0.0244353916,-0.0936250165,7.54315761e-06,30,1.005,3
648102300004859,94647615,2458700.9788291557,58700.4761574,20.8163948,0.168484569,0,zg,1.4946553,29.684435700000002,1.40199995,-0.149000004,20190805476111,648,0x2,0x3,22,26.2359047,0.024676282,-0.0921010077,7.62759737e-06,30,1.00600004,1
648102300004859,94744899,2458701.9517391841,58701.448993099999,20.9331036,0.177278638,0,zg,1.4945580000000001,29.684452799999999,1.15400004,-0.178000003,20190806448958,648,0x2,0x3,22.1000004,26.1988487,0.022978602,-0.0812153667,6.70338613e-06,30,1,3
648102300004859,94946379,2458703.9666940602,58703.463796299999,20.5135098,0.14566195,0,zg,1.4947330000000001,29.684401699999999,0.68900001,-0.125,20190808463796,648,0x2,0x3,21.9899998,26.2256908,0.0258085709,-0.0877809674,8.52514313e-06,30,1.00399995,1
648102300004859,94946472,2458703.9676200324,58703.464722199999,20.6061554,0.152642846,0,zg,1.4946888,29.684387699999998,1.19400001,0.0820000023,20190808464711,648,0x2,0x3,22,26.21735,0.0259171929,-0.0804113597,8.54507834e-06,30,1.00399995,3
648102300004859,95039799,2458704.9009647137,58704.397997699998,20.4260597,0.137190133,0,zg,1.4947684999999999,29.6844766,1.08000004,-0.194000006,20190809397766,648,0x2,0x3,21.6200008,26.2545567,0.0286254734,-0.0979322791,1.04405271e-05,30,1.02999997,3
648102300004859,95244252,2458706.9456392634,58706.442523099999,20.6221142,0.153845429,32768,zg,1.4948193000000001,29.684459700000001,0.708999991,0.0240000002,20190811442431,648,0x2,0x3,21.6299992,26.303442,0.0298352838,-0.151781306,1.14775085e-05,30,1,3
648102300004859,95244353,2458706.94664635,58706.443530099998,20.7221718,0.161384821,0,zg,1.4946933,29.684349699999999,1.21700001,0.147,20190811443472,648,0x2,0x3,22.0100002,26.2615395,0.0268261749,-0.0935923979,9.2590999e-06,30,1,1
648102300004859,95446262,2458708.9658873952,58708.462627300003,20.7488823,0.163397431,32768,zg,1.4947878000000001,29.684313,1.33299994,-0.216000006,20190813462616,648,0x2,0x3,21.1100006,26.3160076,0.0332247391,-0.127295926,1.49142288e-05,30,1.01199996,3
648102300004859,95546767,2458709.9710039818,58709.467673599996,19.9226303,0.0946737304,0,zg,1.4945887,29.684402599999999,0.442000002,-0.136999995,20190814467662,648,0x2,0x3,20.9099998,26.255249,0.0292176846,-0.0678475723,1.25900206e-05,30,1.01900005,3
648102300004859,96548715,2458719.9911312475,58719.4871528,20.0608101,0.104931593,0,zg,1.4947018999999999,29.6843507,1.19799995,-0.0430000015,20190824487141,648,0x2,0x3,21.1599998,26.2000923,0.031635318,-0.0925608799,1.33830663e-05,30,1.10399997,1
648102300004859,96840700,2458722.9111499889,58722.407002300002,19.610075,0.0750280395,0,zg,1.4946893999999999,29.684403,0.985000014,-0.0160000008,20190827406991,648,0x2,0x3,21.9500008,26.2377911,0.0250688586,-0.11332202,7.88961734e-06,30,1.00199997,1
648102300004859,97139918,2458725.9035008065,58725.399189800002,21.4570732,0.216760039,0,zg,1.4947292999999999,29.684426999999999,0.72299999,-0.0659999996,20190830399132,648,0x2,0x3,22.1599998,26.2219429,0.0241251625,-0.0696090087,7.4090849e-06,30,1.00199997,1
648102300004859,97945081,2458733.9555063331,58733.450810200004,20.3810635,0.132800579,0,zg,1.4947348,29.684406500000001,1.19700003,-0.127000004,20190907450810,648,0x2,0x3,21.7399998,26.2307034,0.0275457148,-0.105115645,9.59850786e-06,30,1.10899997,1
648102300004859,98247285,2458736.9776779227,58736.4728588,21.1192818,0.191307306,0,zg,1.4948223,29.684419299999998,0.904999971,0.00999999978,20190910472859,648,0x2,0x3,21.7299995,26.2052212,0.0273393877,-0.0890766829,9.41094549e-06,30,1.21500003,1
648102300004859,99331825,2458747.8234098884,58747.3182523,20.6533642,0.156200051,0,zg,1.4947535000000001,29.684437200000001,0.917999983,-0.180000007,20190921318206,648,0x2,0x3,21.2199993,26.2184429,0.0319462866,-0.0954387784,1.33940794e-05,30,1.00100005,3
648102300004859,99425782,2458748.7630031281,58748.257824100001,21.1717415,0.195260167,0,zg,1.4945891,29.684419200000001,0.876999974,-0.234999999,20190922257812,648,0x2,0x3,21.5599995,26.110096,0.027923746,-0.0891149789,9.88207557e-06,30,1.06400001,3
648102300004859,99533038,2458749.8355838601,58749.330381899999,20.1018028,0.108173922,32768,zg,1.4946953000000001,29.684363900000001,1.49300003,-0.169,20190923330382,648,0x2,0x3,21.5599995,26.233942,0.0301955119,-0.140655711,1.16105166e-05,30,1.00100005,3
648102300004859,99636256,2458750.8677918031,58750.3625694,20.2054691,0.116793774,0,zg,1.4945963,29.684416500000001,0.79400003,-0.0209999997,20190924362569,648,0x2,0x3,21.25,26.1496105,0.0332990214,-0.101458259,1.44063988e-05,30,1.02699995,1
648102300004859,100028928,2458754.7945681126,58754.289282400001,20.2502098,0.120703056,0,zg,1.4946448999999999,29.6842966,0.984000027,0.140000001,20190928289248,648,0x2,0x3,21.2199993,26.2266808,0.0352530368,-0.10324496,1.63623208e-05,30,1.005,1
648102300004859,100433583,2458758.8411598643,58758.3358333,20.5850449,0.151052237,32768,zg,1.4944645000000001,29.684478800000001,1.19500005,-0.213,20191002335613,648,0x2,0x3,21.2800007,26.2525959,0.0323950611,-0.129347831,1.37017505e-05,30,1.02100003,3
648102300004859,100435179,2458758.8571206774,58758.351794000002,21.0527306,0.186292529,0,zg,1.4945922,29.684363300000001,0.56400001,-0.0329999998,20191002351771,648,0x2,0x3,21.7600002,26.2016468,0.0263464823,-0.0641457513,8.96390611e-06,30,1.04299998,1
648102300004859,100527067,2458759.7760037701,58759.270671300001,21.480629,0.218534946,0,zg,1.4947187,29.684302299999999,1.12899995,-0.061999999,20191003270660,648,0x2,0x3,21.7800007,26.2189369,0.0264952239,-0.0835717097,8.90397223e-06,30,1.00800002,3
648102300004859,100637035,2458760.8756964733,58760.370358799999,20.3214111,0.127162457,0,zg,1.4946769,29.6843498,1.15799999,-0.275000006,20191004370347,648,0x2,0x3,21.6000004,26.2138729,0.0276310965,-0.0832509398,9.69095709e-06,30,1.09200001,3
648102300004859,100728846,2458761.7938012378,58761.288460600001,20.7897758,0.166478753,0,zg,1.4947515,29.684382200000002,0.765999973,0.244000003,20191005288426,648,0x2,0x3,21.5200005,26.2271194,0.0304032955,-0.0869547278,1.18143207e-05,30,1,1
648102300004859,100728953,2458761.794877647,58761.289536999997,20.673315,0.1577034,0,zg,1.4948998,29.6842787,0.649999976,-0.0489999987,20191005289525,648,0x2,0x3,21.3500004,26.2516708,0.0307531003,-0.121885255,1.22035699e-05,30,1,3
648102300004859,101515614,2458769.6614588029,58769.1561458,19.5944118,0.0741632208,0,zg,1.4945898,29.684360300000002,0.381999999,-0.180000007,20191013155764,648,0x2,0x3,19.6100006,26.1631985,0.0419145674,-0.0665337965,5.48116404e-05,30,1.19400001,1
648102300004859,102115537,2458775.6605990133,58775.155370400003,20.8786983,0.17317915,0,zg,1.4946629,29.684457399999999,0.609000027,-0.179000005,20191019154988,648,0x2,0x3,21.6000004,26.1712379,0.0283316188,-0.08830598,1.03176853e-05,30,1.13800001,1
648102300004859,102215459,2458776.659804163,58776.154594899999,20.9528122,0.178763628,0,zg,1.4946805999999999,29.6844523,0.73299998,0.0370000005,20191020154213,648,0x2,0x3,21.6299992,26.1853504,0.0286456421,-0.0859573781,1.04699002e-05,30,1.13199997,1
648102300004859,102415517,2458778.6603396032,58778.155173599996,20.5986252,0.15207541,0,zg,1.4947132000000001,29.684389899999999,1.222,-0.153999999,20191022154792,648,0x2,0x3,21.6499996,26.2021389,0.0296712723,-0.0849971026,1.10620795e-05,30,1.11399996,1
648102300004859,102515497,2458779.6601190302,58779.154976899998,20.7681656,0.164850473,0,zg,1.4947184,29.684342699999998,1.25600004,-0.137999997,20191023154595,648,0x2,0x3,21.7399998,26.1800652,0.0278840903,-0.0710856766,9.89806358e-06,30,1.10699999,1
648102300004859,102815398,2458782.659043049,58782.1539815,20.5883675,0.151302576,0,zg,1.4945786999999999,29.684469499999999,0.72299999,-0.186000004,20191026153600,648,0x2,0x3,21.3999996,26.221859,0.032776583,-0.0801722929,1.3844864e-05,30,1.08800006,1
648102300004859,102915518,2458783.6602168842,58783.155185199998,20.8717918,0.172658682,0,zg,1.4946854999999999,29.6843845,1.02699995,-0.247999996,20191027154803,648,0x2,0x3,21.7000008,26.207346,0.0265972149,-0.0612785555,8.95410085e-06,30,1.079,1
648102300004859,103115484,2458785.6598171126,58785.154849500002,20.6835403,0.158473849,0,zg,1.4946846,29.684414799999999,1.09500003,0.0549999997,20191029154456,648,0x2,0x3,21.7199993,26.2275238,0.0279240701,-0.0932590291,1.00156894e-05,30,1.06799996,1
648102300004859,103216172,2458786.6666576485,58786.161724500002,20.8704414,0.172556996,0,zg,1.4947106999999999,29.684474600000001,0.518000007,-0.123999998,20191030161343,648,0x2,0x3,21.6399994,26.1821938,0.0291047357,-0.0781146586,1.07468941e-05,30,1.04900002,1
648102300004859,103415498,2458788.6598490127,58788.154988399998,20.3027325,0.125439376,0,zg,1.4947195,29.684353000000002,0.503000021,0.0399999991,20191101154595,648,0x2,0x3,21.1299992,26.2203197,0.0322907753,-0.0749065578,1.36391964e-05,30,1.05200005,1
648102300004859,103515535,2458789.6601808756,58789.155358800002,20.695219,0.159353852,0,zg,1.4947406000000001,29.6844687,0.834999979,-0.118000001,20191102154977,648,0x2,0x3,21.3700008,26.2200336,0.0290833283,-0.0706820264,1.08618169e-05,30,1.046,1
648102300004859,103625913,2458790.7639098251,58790.259131899998,20.842247,0.170432568,0,zg,1.4946861,29.684383199999999,0.800000012,-0.194000006,20191103259132,648,0x2,0x3,21.4599991,26.2275181,0.0296432637,-0.0749197304,1.12764665e-05,30,1.03499997,1
648102300004859,103725649,2458791.7612296697,58791.256493100002,20.6828251,0.158419967,0,zg,1.4947379999999999,29.684412300000002,0.930000007,-0.210999995,20191104256482,648,0x2,0x3,21.4699993,26.2435303,0.0296150371,-0.1013043,1.12934595e-05,30,1.03499997,1
648102300004859,103920575,2458793.710404092,58793.205752299997,20.2126999,0.117417812,0,zg,1.4946984000000001,29.6844435,0.65200001,0.0289999992,20191106205683,648,0x2,0x3,21.0200005,26.2292194,0.0310305133,-0.0845326707,1.37644802e-05,30,1,1
648102300004859,103920620,2458793.7108554696,58793.2062037,20.2409782,0.119887024,0,zg,1.4946429000000001,29.684389299999999,0.716000021,-0.158000007,20191106206204,648,0x2,0x3,21.0900002,26.220499,0.0313283801,-0.0799252689,1.33185167e-05,30,1,1
648102300004859,104821724,2458802.7214399595,58802.217245400003,20.7200966,0.161228418,0,zg,1.4946013,29.684426999999999,1.04999995,-0.252000004,20191115217245,648,0x2,0x3,20.9799995,26.2602463,0.0320973992,-0.0921576247,1.46641942e-05,30,1.023,1
648102300004859,105218357,2458806.6875375374,58806.183576399999,20.6504936,0.155983806,0,zg,1.49457,29.684457399999999,0.827000022,0.0939999968,20191119183565,648,0x2,0x3,21.5599995,26.2432995,0.0295870919,-0.110362999,1.11989539e-05,30,1.00399995,1
648102300004859,107912854,2458833.6304982165,58833.128541700004,20.2815247,0.123507701,0,zg,1.4945972000000001,29.684442700000002,1.00899994,-0.104999997,20191216128530,648,0x2,0x3,21.2600002,26.3669987,0.032172922,-0.0930977613,1.34423499e-05,30,1.01800001,1
648102300004859,108210841,2458836.6101158825,58836.108414399998,20.2907295,0.124342971,0,zg,1.4945075999999999,29.684428499999999,0.741999984,-0.00999999978,20191219108403,648,0x2,0x3,21.2299995,26.3808765,0.0318850428,-0.102848388,1.33218291e-05,30,1.00800002,1
648102300004859,109210163,2458846.6024510302,58846.101631899997,21.0866737,0.188850164,0,zg,1.4945515,29.684277600000001,0.86500001,-0.240999997,20191229101632,648,0x2,0x3,21.2900009,26.3817234,0.0304825194,-0.0926792622,1.20601972e-05,30,1.028,1
648102300004859,109512170,2458849.6222486622,58849.121701399999,20.8940773,0.174337983,0,zg,1.4947136000000001,29.684398699999999,0.782999992,-0.101999998,20200101121690,648,0x2,0x3,21.2600002,26.3706207,0.0304132402,-0.0956555977,1.20499881e-05,30,1.07799995,1
648102300004859,110209115,2458856.5910747303,58856.091157399998,20.7044296,0.160047889,0,zg,1.494661,29.6844584,0.704999983,-0.208000004,20200108091146,648,0x2,0x3,20.9599991,26.3818092,0.0331065506,-0.0778847486,1.60885011e-05,30,1.05499995,1
648102300004859,110812740,2458862.6267820415,58862.127407400003,20.2064991,0.116882473,0,zg,1.4947032,29.6843766,1.54799998,0.0659999996,20200114127350,648,0x2,0x3,21.3999996,26.336956,0.0312810689,-0.100310087,1.25258439e-05,30,1.20899999,1
648102300004859,111911863,2458873.6170477611,58873.118634300001,20.5799847,0.150670886,0,zg,1.4947488,29.6844058,0.388999999,-0.129999995,20200125118634,648,0x2,0x3,21.4300003,26.312067,0.0303673279,-0.0896459818,1.18808384e-05,30,1.31400001,3
648102300004859,112113535,2458875.6336019705,58875.135358799998,20.9726334,0.180257201,0,zg,1.4947501000000001,29.684363099999999,1.11000001,-0.0460000001,20200127135336,648,0x2,0x3,21.3500004,26.2698994,0.0288005248,-0.0927091911,1.07523938e-05,30,1.46200001,1
648102300004859,113815306,2458892.6499911454,58892.1530671,19.9738598,0.0983578339,0,zg,1.4947242999999999,29.684407400000001,0.698000014,-0.279000014,20200213153032,648,0x2,0x3,20.5699997,26.0277729,0.0381375626,-0.0443960167,2.51990587e-05,30,2.35299993,1
648102300004859,126039097,2459014.8893002546,59014.390972200003,20.2559986,0.121217258,0,zg,1.4946204999999999,29.6844383,0.528999984,0.0410000011,20200614390972,648,0x2,0x3,21,26.1797295,0.0350158513,-0.0701565072,1.69488903e-05,30,1.99899995,1
648102300004859,126439025,2459018.8889138005,59018.390254600003,20.2511597,0.120787218,0,zg,1.4945055,29.684402800000001,0.972000003,0.142000005,20200618390255,648,0x2,0x3,21.0699997,26.1973839,0.0345281661,-0.0611373819,1.62493507e-05,30,1.84300005,1
648102300004859,126934644,2459023.8455257444,59023.346446800002,20.4832306,0.142935842,0,zg,1.4944303000000001,29.684547500000001,1.42900002,-0.143999994,20200623346400,648,0x2,0x3,21.0300007,26.0519218,0.0386866853,-0.0508799776,2.07597277e-05,30,2.40700006,1
648102300004859,127638370,2459030.8833909156,59030.383703699998,20.113369,0.109105811,0,zg,1.4946223999999999,29.6843921,0.828000009,-0.0500000007,20200630383692,648,0x2,0x3,21.0699997,26.2003822,0.0335823409,-0.0695318729,1.50057576e-05,30,1.54700005,1
648102300004859,127848025,2459032.9801247101,59032.480254599999,20.474041,0.141999483,0,zg,1.4947143000000001,29.6844079,0.922999978,-0.208000004,20200702480243,648,0x2,0x3,21.3199997,26.3786678,0.0285185948,-0.075611718,1.04688816e-05,30,1.06299996,1
648102300004859,128145854,2459035.958672076,59035.458541699998,19.0677471,0.0506608337,0,zg,1.4946819,29.6844085,0.981000006,-0.0949999988,20200705458542,648,0x2,0x3,20.6800003,26.3694324,0.0346679501,-0.0666330829,1.96164383e-05,30,1.09300005,1
648102300004859,128446368,2459038.9640737143,59038.463680599998,19.6958351,0.079957068,0,zg,1.4945961999999999,29.684443600000002,0.764999986,0.0260000005,20200708463681,648,0x2,0x3,20.6599998,26.4052029,0.0343386307,-0.0747264028,1.99245878e-05,30,1.06299996,1
648102300004859,128647372,2459040.9742955039,59040.473726900003,20.5643806,0.149495125,0,zg,1.4946197999999999,29.6844079,0.402999997,-0.185000002,20200710473727,648,0x2,0x3,20.9500008,26.3969059,0.0308755301,-0.0936453789,1.37023344e-05,30,1.03600001,1
648102300004859,128648704,2459040.9876183672,59040.4870486,19.5412178,0.0713052601,0,zg,1.4946497000000001,29.6844176,0.611000001,0.100000001,20200710487049,648,0x2,0x3,20.8099995,26.3897686,0.0326840878,-0.0713680685,1.64975372e-05,30,1.01900005,1
648102300004859,128746170,2459041.9623561101,59041.461701400003,19.7660732,0.0842464641,0,zg,1.4946653999999999,29.684345100000002,0.231999993,0.0390000008,20200711461701,648,0x2,0x3,21.0200005,26.2995472,0.0314678475,-0.0801702663,1.4137021e-05,30,1.051,1
648102300004859,128836195,2459042.862689002,59042.361956000001,20.3816528,0.132857248,0,zg,1.4946143000000001,29.6843416,0.635999978,0.194000006,20200712361956,648,0x2,0x3,20.9099998,26.1997242,0.0329745673,-0.0734163374,1.60210038e-05,30,1.454,1
648102300004859,128936783,2459043.8686560136,59043.367835600002,20.0037365,0.100570537,0,zg,1.4946113999999999,29.684378299999999,1.01699996,-0.0599999987,20200713367836,648,0x2,0x3,21.1000004,26.2735329,0.0306108855,-0.092961207,1.28316551e-05,30,1.39199996,1
648102300004859,129246744,2459046.9685306959,59046.467442100002,20.5304394,0.146937609,0,zg,1.4946143999999999,29.684398600000002,1.41499996,-0.00499999989,20200716467431,648,0x2,0x3,21.8199997,26.4181576,0.0245922431,-0.101787999,7.68911559e-06,30,1.023,1
648102300004859,129248128,2459046.9823744884,59046.481284699999,19.6833878,0.0792210177,0,zg,1.4946675,29.684388999999999,1.03999996,-0.0149999997,20200716481285,648,0x2,0x3,21.6399994,26.4139404,0.0273890626,-0.0985682532,9.4497409e-06,30,1.00999999,1
648102300004859,129448099,2459048.982256915,59048.480995400001,20.0046387,0.100638211,0,zg,1.4946733999999999,29.684380099999998,0.986999989,-0.127000004,20200718480995,648,0x2,0x3,21.7700005,26.3966122,0.0244568381,-0.0747814998,7.63936987e-06,30,1.00600004,1
648102300004859,129545376,2459049.9551062211,59049.453761600002,20.8977013,0.174610972,0,zg,1.4946052999999999,29.6844231,1.22800004,-0.135000005,20200719453762,648,0x2,0x3,22.1000004,26.3854218,0.024219675,-0.0759959891,7.3834135e-06,30,1.02999997,1
648102300004859,129844986,2459052.9514596248,59052.449861100002,20.889019,0.173956871,0,zg,1.4947564,29.6843869,0.495000005,0.00800000038,20200722449664,648,0x2,0x3,22.1499996,26.4223862,0.0258553158,-0.113783076,8.63496462e-06,30,1.02400005,1
648102300004859,129848202,2459052.9836267438,59052.482025500001,20.2693882,0.12241406,0,zg,1.4946805999999999,29.684391300000001,1.13600004,-0.0810000002,20200722482025,648,0x2,0x3,21.7299995,26.403141,0.0234827381,-0.0799189955,6.98902932e-06,30,1.00100005,1
648102300004859,129940849,2459053.9101744038,59053.408495399999,21.029583,0.184548378,0,zg,1.4948231000000001,29.684429999999999,0.58099997,-0.0270000007,20200723408495,648,0x2,0x3,22.1200008,26.3936214,0.0243416093,-0.0948350281,7.56385225e-06,30,1.09500003,1
648102300004859,130048497,2459054.9867458586,59054.484976899999,20.1696873,0.11374978,0,zg,1.4947703999999999,29.6844039,1.10500002,-0.202000007,20200724484977,648,0x2,0x3,21.7800007,26.4011021,0.0234951545,-0.0902951658,6.96502048e-06,30,1,1
648102300004859,130140148,2459055.9033265826,59055.401481499997,20.6203499,0.153712392,0,zg,1.4947225,29.684382400000001,0.941999972,0.134000003,20200725401447,648,0x2,0x3,21.5,26.3764286,0.0304758977,-0.119261518,1.17790833e-05,30,1.09899998,1
648102300004859,130542662,2459059.9287948944,59059.426620400001,20.076292,0.106145151,0,zg,1.49468,29.684403199999998,1.18400002,-0.158999994,20200729426574,648,0x2,0x3,22.0300007,26.3846531,0.0235570725,-0.0798784196,6.97014048e-06,30,1.02999997,1
648102300004859,130637085,2459060.8731069509,59060.370856499998,20.125042,0.110053718,0,zg,1.4946822,29.684388299999998,1.37100005,-0.287,20200730370856,648,0x2,0x3,21.5200005,26.3584461,0.0285784658,-0.0901677534,1.05424551e-05,30,1.14999998,1
648102300004859,131236708,2459066.8698032289,59066.3670833,20.334692,0.12839973,0,zg,1.4946713,29.684484099999999,0.702000022,-0.476000011,20200805367083,648,0x2,0x3,20.4200001,26.3595428,0.0351401865,-0.0592117198,2.42330698e-05,30,1.11099994,1
648102300004859,131340156,2459067.9043609733,59067.401562500003,19.8624001,0.0905165151,0,zg,1.4946683999999999,29.684291699999999,1.26199996,-0.0579999983,20200806401551,648,0x2,0x3,20.6399994,26.4039974,0.0344269983,-0.0722704753,2.01690618e-05,30,1.03400004,3
648102300004859,131444704,2459068.949925628,59068.447048599999,19.1512985,0.0537387766,0,zg,1.4946396,29.684369199999999,0.615999997,-0.00200000009,20200807447002,648,0x2,0x3,20.7700005,26.4136868,0.0302815568,-0.0741276518,1.38677042e-05,30,1,3
648102300004859,131444868,2459068.9515577494,59068.448680599999,18.956356,0.0468832031,0,zg,1.4946166999999999,29.6844058,0.356000006,-0.0469999984,20200807448576,648,0x2,0x3,20.9300003,26.4216938,0.0323657729,-0.0828033388,1.54696481e-05,30,1,1
648102300004859,131535670,2459069.8596460596,59069.3567014,20.4803505,0.142641917,0,zg,1.4947661000000001,29.684377399999999,0.340000004,0.0240000002,20200808356655,648,0x2,0x3,21.1000004,26.3676147,0.0291746948,-0.0640160739,1.16756091e-05,30,1.11699998,3
648102300004859,131742062,2459071.9237208092,59071.420624999999,20.1344604,0.110824049,0,zg,1.4946451999999999,29.6843881,0.523999989,-0.0599999987,20200810420625,648,0x2,0x3,21.3299999,26.3962688,0.0292737465,-0.0820276365,1.10948904e-05,30,1.005,1
648102300004859,131742155,2459071.9246467757,59071.421550899999,19.89501,0.0927442089,0,zg,1.4947239999999999,29.684328799999999,1.16999996,-0.0120000001,20200810421551,648,0x2,0x3,21.4099998,26.4108028,0.0287145954,-0.0922252461,1.05814051e-05,30,1.005,3
648102300004859,131747416,2459071.9772663852,59071.474166699998,20.3560085,0.130407244,0,zg,1.4947064000000001,29.684272499999999,0.814999998,-0.153999999,20200810474132,648,0x2,0x3,21.2600002,26.3897743,0.027756216,-0.0602190755,1.00721836e-05,30,1.01699996,1
648102300004859,131836181,2459072.8649806478,59072.361817099998,20.4063721,0.135255024,0,zg,1.4946705,29.684386700000001,0.616999984,-0.057,20200811361817,648,0x2,0x3,21.4699993,26.3486099,0.0278762095,-0.0808821097,9.91429533e-06,30,1.08299994,3
648102300004859,131838037,2459072.883535285,59072.380370400002,19.4290295,0.0656633526,0,zg,1.4946451000000001,29.684402299999999,1.36699998,-0.184,20200811380336,648,0x2,0x3,21.3400002,26.3521271,0.0272333473,-0.075855501,9.58255532e-06,30,1.046,1
648102300004859,131933725,2459073.8404898713,59073.337256899998,19.4487991,0.0666207448,0,zg,1.4946440000000001,29.684400199999999,0.458999991,-0.0309999995,20200812337257,648,0x2,0x3,21.5499992,26.3491402,0.0261493791,-0.0706962422,8.77959155e-06,30,1.14400005,3
648102300004859,131936164,2459073.8648782112,59073.3616435,19.8193817,0.0876598358,0,zg,1.4946246999999999,29.684416299999999,1.12,0.118000001,20200812361644,648,0x2,0x3,21.4500008,26.3705482,0.0266022403,-0.0871175602,9.11151346e-06,30,1.07700002,1
648102300004859,132135936,2459075.8627376896,59075.359363399999,20.5558281,0.148850679,0,zg,1.4946263,29.684368299999999,0.754999995,-0.0670000017,20200814359363,648,0x2,0x3,21.8899994,26.2749538,0.0244264156,-0.0841768607,7.68097107e-06,30,1.07000005,3
648102300004859,132136030,2459075.8636752572,59075.3603009,20.4576778,0.140344441,0,zg,1.494553,29.684391600000001,0.713,0.0839999989,20200814360289,648,0x2,0x3,21.8199997,26.2787914,0.026044976,-0.0812062547,8.65057427e-06,30,1.06799996,1
648102300004859,132137123,2459075.8746135077,59075.371238400003,20.1614532,0.113059744,0,zg,1.4947608999999999,29.684357299999999,0.791999996,-0.0700000003,20200814371238,648,0x2,0x3,21.8500004,26.2855473,0.0247322097,-0.0773323923,7.75244098e-06,30,1.04700005,1
648102300004859,132245752,2459076.9609725978,59076.457523099998,20.1421547,0.11145708,0,zg,1.4946199,29.684363099999999,1.45000005,-0.300000012,20200815457523,648,0x2,0x3,21.6599998,26.309494,0.0254968461,-0.0671745241,8.33364447e-06,30,1.01400006,1
648102300004859,132245846,2459076.9619101617,59076.458460599999,20.1457176,0.111751482,0,zg,1.4946516000000001,29.684324199999999,0.871999979,0.0439999998,20200815458461,648,0x2,0x3,21.5300007,26.3200722,0.0263652448,-0.0754058361,8.8703182e-06,30,1.01499999,3
648102300004859,132249842,2459077.0018781568,59076.498425899998,19.0510292,0.0500707179,0,zg,1.4946941,29.684398900000001,0.943000019,0.00100000005,20200815498391,648,0x2,0x3,21.5599995,26.2997742,0.0263216831,-0.0747027993,8.80879998e-06,30,1.07700002,1
648102300004859,132339144,2459077.8949593552,59077.3914468,20.2800388,0.123373382,0,zg,1.4946908000000001,29.684382100000001,1.097,0.0810000002,20200816391447,648,0x2,0x3,22.1000004,26.3002834,0.0227033813,-0.0728512704,6.60719843e-06,30,1.01400006,1
648102300004859,132341807,2459077.9215930472,59077.4180787,20.3895035,0.133614987,0,zg,1.4946695000000001,29.6843726,0.753000021,0.074000001,20200816417998,648,0x2,0x3,21.9300003,26.3265247,0.0232785102,-0.0897945091,6.88059299e-06,30,1,1
648102300004859,132341954,2459077.9230630454,59077.419548600003,20.1895485,0.115430504,0,zg,1.494664,29.684384999999999,0.871999979,-0.0949999988,20200816419514,648,0x2,0x3,21.8700008,26.3325558,0.0247206874,-0.0920087323,7.79509264e-06,30,1,3
648102300004859,132440155,2459078.90513073,59078.401550900002,19.1904926,0.0552591607,0,zg,1.4946900000000001,29.6843845,0.651000023,-0.00100000005,20200817401493,648,0x2,0x3,21.9300003,26.2543354,0.0236638356,-0.074390851,7.13391182e-06,30,1.005,1
648102300004859,132534405,2459079.8476925851,59079.344050899999,19.3258972,0.0609123297,0,zg,1.4946896000000001,29.684391300000001,0.898000002,0.0109999999,20200818344051,648,0x2,0x3,21.9699993,26.2374783,0.0262057036,-0.0663042292,8.75610112e-06,30,1.08000004,3
648102300004859,132535344,2459079.8570914012,59079.353449100003,19.6314163,0.0762238055,0,zg,1.4946972000000001,29.684406599999999,0.500999987,-0.0419999994,20200818353438,648,0x2,0x3,21.8299999,26.2598991,0.0262159891,-0.0916210562,8.7853723e-06,30,1.05999994,1
648102300004859,132641351,2459080.9172293451,59080.413518499998,20.0764809,0.106160186,0,zg,1.4946686,29.684401099999999,0.80400002,-0.0160000008,20200819413507,648,0x2,0x3,21.8099995,26.0720062,0.0266586319,-0.0632918775,9.05295838e-06,30,1,1
648102300004859,132641961,2459080.9233293408,59080.419618100001,20.0666008,0.105384037,0,zg,1.4946060000000001,29.6843732,0.609000027,-0.0590000004,20200819419618,648,0x2,0x3,21.6700001,26.1011562,0.0254732668,-0.0731306523,8.35035735e-06,30,1,3
648102300004859,132642061,2459080.9243246983,59080.420613399998,20.2404099,0.119836822,0,zg,1.4947026999999999,29.684402599999999,1.495,-0.188999996,20200819420579,648,0x2,0x3,21.6100006,26.1260166,0.0267699491,-0.0854853019,9.2549335e-06,30,1,1
648102300004859,132746722,2459081.9710000185,59081.467222200001,18.7898331,0.0418695621,0,zg,1.494678,29.684405900000002,1.20500004,-0.0250000004,20200820467222,648,0x2,0x3,21.6000004,26.1359081,0.027950082,-0.0864127576,9.90448189e-06,30,1.04299998,3
648102300004859,132746814,2459081.9719259772,59081.468148100001,18.6706238,0.0387007855,0,zg,1.4946765,29.6843997,0.94599998,-0.0500000007,20200820468148,648,0x2,0x3,21.8199997,26.1250134,0.0253244806,-0.0698358566,8.16525699e-06,30,1.04400003,1
648102300004859,132834140,2459082.8452330111,59082.341400500001,19.29562,0.0595923997,32768,zg,1.4946651,29.684373999999998,0.851000011,-0.0320000015,20200821341400,648,0x2,0x3,21.1700001,25.564621,0.0379440822,-0.0653042942,2.03625586e-05,30,1.06700003,1
648102300004859,132842915,2459082.9329930707,59082.429155099999,19.6928196,0.0797781274,0,zg,1.4947064000000001,29.684401900000001,1.92700005,-0.00200000009,20200821429086,648,0x2,0x3,21.8999996,26.1629658,0.0257718321,-0.0800606459,8.4240146e-06,30,1.005,1
648102300004859,132842961,2459082.9334561001,59082.429618100003,19.6896706,0.0795916393,0,zg,1.4947036,29.6843906,0.435000002,-0.00899999961,20200821429618,648,0x2,0x3,21.8600006,26.1568184,0.0263500977,-0.0732618794,8.86794169e-06,30,1.00600004,3
648102300004859,133034984,2459084.8538046121,59084.349849500002,20.2283516,0.118778832,0,zg,1.4946359,29.684422699999999,0.676999986,-0.0790000036,20200823349850,648,0x2,0x3,21.7099991,26.2351532,0.0271705184,-0.0954930037,9.45230386e-06,30,1.04200006,1
648102300004859,133136055,2459085.864570755,59085.360555599997,20.0009232,0.10036014,0,zg,1.4946778999999999,29.684400400000001,0.287,-0.00600000005,20200824360556,648,0x2,0x3,21.9400005,26.3302231,0.0259028319,-0.105227448,8.58499152e-06,30,1.023,1
648102300004859,133138008,2459085.8840973065,59085.380081000003,20.1580944,0.112779275,0,zg,1.4946851000000001,29.6844286,0.814999998,-0.00300000003,20200824380081,648,0x2,0x3,22.1200008,26.3043594,0.0249951463,-0.0760846883,7.95670894e-06,30,1.00600004,3
648102300004859,133138100,2459085.8850232651,59085.381006900003,20.20755,0.11697308,0,zg,1.4946714999999999,29.684373600000001,0.416999996,0.0410000011,20200824381007,648,0x2,0x3,22.0699997,26.3168011,0.0252750181,-0.0907372311,8.11008977e-06,30,1.00600004,1
648102300004859,133247013,2459086.9742186554,59086.470138899997,20.2339439,0.119268388,0,zg,1.4946183,29.684409200000001,1.08899999,0.172000006,20200825470139,648,0x2,0x3,21.7999992,26.2272644,0.0239646081,-0.0789329112,7.30794e-06,30,1.074,1
648102300004859,133247107,2459086.9751562104,59086.471076399997,20.3240337,0.127405986,0,zg,1.4946169,29.6843869,1.57000005,0.0900000036,20200825471076,648,0x2,0x3,21.8600006,26.2244034,0.0245175231,-0.0738836229,7.67845177e-06,30,1.07599998,3
648102300004859,133334091,2459087.8450438939,59087.340914400003,20.1415024,0.111403398,0,zg,1.4946482999999999,29.684390700000002,1.30900002,-0.0399999991,20200826340914,648,0x2,0x3,21.7700005,26.1560059,0.025885053,-0.0696117058,8.62215438e-06,30,1.04299998,3
648102300004859,133339461,2459087.9003131432,59087.394618099999,19.591177,0.0739859864,0,zg,1.4946710000000001,29.684396100000001,0.973999977,0.00100000005,20200826394618,648,0x2,0x3,22.8799992,28.6713181,0.015488836,-0.0621317551,3.03263619e-06,300,1,2
648102300004859,133432930,2459088.8334904951,59088.329305599997,19.716362,0.0811866149,0,zg,1.4946514,29.6843684,1.68700004,-0.0560000017,20200827329259,648,0x2,0x3,21.3799992,26.0976524,0.0277538244,-0.0702742189,1.01774949e-05,30,1.05900002,1
648102300004859,133447568,2459088.9798758924,59088.475682900003,19.421154,0.0652862489,0,zg,1.4946599,29.684458100000001,1.00300002,0.0560000017,20200827475683,648,0x2,0x3,21.3400002,26.1472225,0.0298211202,-0.070430018,1.17542559e-05,30,1.10099995,3
648102300004859,133530962,2459089.8138683201,59089.3096296,19.7778034,0.0849856883,0,zg,1.4946963,29.684411099999998,0.781000018,-0.0419999994,20200828309630,648,0x2,0x3,20.9099998,26.1969528,0.0333442651,-0.0666435137,1.61330117e-05,30,1.097,1
648102300004859,133632452,2459090.828818785,59090.3245255,19.3484459,0.0619169734,0,zg,1.4946754,29.6843909,0.856000006,-0.0680000037,20200829324514,648,0x2,0x3,20.8400002,26.2641068,0.0327982567,-0.0572029091,1.62700235e-05,30,1.05799997,1
648102300004859,133730762,2459091.8119722647,59091.307627299997,20.0498161,0.104077786,0,zg,1.4944607000000001,29.6844456,0.697000027,-0.201000005,20200830307627,648,0x2,0x3,20.7099991,26.3753986,0.0326476283,-0.0593473725,1.66695318e-05,30,1.08800006,1
648102300004859,133744578,2459091.950139143,59091.445786999997,20.4087315,0.135485828,0,zg,1.4947006,29.684363999999999,0.962000012,0.0799999982,20200830445775,648,0x2,0x3,21.6599998,26.3880997,0.02564523,-0.0754535347,8.31809666e-06,30,1.05299997,3
648102300004859,133830636,2459092.8107619779,59092.306365700002,19.8042145,0.0866744816,0,zg,1.4946717,29.684465500000002,0.477999985,0.0140000004,20200831306366,648,0x2,0x3,20.6399994,26.3189983,0.0342656001,-0.0660083294,1.97308418e-05,30,1.08500004,1
648102300004859,134047365,2459094.9781608698,59094.473657399998,19.5867271,0.0737428591,0,zg,1.4946884,29.6843264,0.397000015,0.0769999996,20200902473634,648,0x2,0x3,19.9899998,26.2072506,0.0385717489,-0.0540268682,3.80704514e-05,30,1.14300001,3
648102300004859,135335355,2459107.8585686544,59107.353553200002,20.2058525,0.116826825,0,zg,1.4947125000000001,29.684365700000001,0.504999995,0.0280000009,20200915353553,648,0x2,0x3,21.6200008,25.9630241,0.0283049196,-0.0797207728,1.00320767e-05,30,1.00199997,1
648102300004859,135532528,2459109.8303632089,59109.325289400003,20.3877335,0.133443713,0,zg,1.4947778,29.6843705,0.922999978,-0.074000001,20200917325289,648,0x2,0x3,21.4400005,25.8709316,0.0299939215,-0.0847468153,1.12827956e-05,30,1.00199997,1
648102300004859,135635168,2459110.8567917813,59110.351689800002,20.4175625,0.136352226,0,zg,1.4944866999999999,29.684418399999998,1.20500004,-0.0610000007,20200918351690,648,0x2,0x3,21.3600006,26.0225754,0.0340791121,-0.0665764734,1.44540245e-05,30,1.005,1
648102300004859,135734460,2459111.8497342821,59111.344606500003,20.6960716,0.159418106,0,zg,1.4946792,29.684431700000001,0.721000016,-0.0480000004,20200919344606,648,0x2,0x3,21.6900005,26.2374153,0.0257500857,-0.0866360962,8.19523575e-06,30,1.00300002,1
648102300004859,135831718,2459112.8223391669,59112.317187499997,20.9518452,0.178690791,0,zg,1.4947520000000001,29.684395599999998,1.05700004,0.160999998,20200920317153,648,0x2,0x3,22,26.3696175,0.0239987765,-0.10026747,7.09579308e-06,30,1.00199997,1
648102300004859,136122282,2459115.7280388167,59115.222824099998,20.9626179,0.179502487,0,zg,1.4947623999999999,29.684465100000001,0.966000021,-0.123000003,20200923222812,648,0x2,0x3,21.3299999,26.3348713,0.0295847878,-0.113847084,1.13644874e-05,30,1.14300001,1
648102300004859,136126641,2459115.7716275943,59115.266411999997,19.9481144,0.0964891091,0,zg,1.4946991999999999,29.6844103,1.04499996,0.101000004,20200923266412,648,0x2,0x3,21.8299999,26.3221607,0.0244652107,-0.0723444894,7.53417771e-06,30,1.03999996,1
648102300004859,136224150,2459116.7467384976,59116.241504600002,20.9950676,0.181947589,0,zg,1.4946851000000001,29.684412900000002,0.69599998,-0.0480000004,20200924241505,648,0x2,0x3,21.6200008,26.2336693,0.0269709602,-0.0701360852,9.41164126e-06,30,1.08299994,1
648102300004859,136327093,2459117.7761892159,59117.270937499998,20.9808788,0.18087852,0,zg,1.4946743,29.684362100000001,1.21599996,0.131999999,20200925270938,648,0x2,0x3,21.5100002,26.3440514,0.0262787677,-0.0670655817,8.80402604e-06,30,1.02600002,1
648102300004859,136437048,2459118.87575508,59118.370486100001,20.8776608,0.173100948,0,zg,1.4946853,29.684419200000001,0.953000009,-0.155000001,20200926370486,648,0x2,0x3,22.0499992,26.3824558,0.0241754316,-0.0907512829,7.34373316e-06,30,1.04999995,1
648102300004859,136522523,2459119.7305126465,59119.225231500001,20.7296276,0.161946535,0,zg,1.4946729999999999,29.684352499999999,0.787999988,0.150000006,20200927225231,648,0x2,0x3,21.1000004,26.3523064,0.0326500759,-0.0723210424,1.44992446e-05,30,1.10300004,1
648102300004859,136730081,2459121.8061163789,59121.300810200002,20.5747414,0.150275826,0,zg,1.4945561000000001,29.6844635,0.423999995,-0.143000007,20200929300810,648,0x2,0x3,20.7800007,26.3375015,0.0335540362,-0.0621129125,1.79576073e-05,30,1,1
648102300004859,136938591,2459123.8912391574,59123.385914400002,19.4542503,0.0668874606,0,zg,1.4946961999999999,29.6843608,0.291999996,-0.00800000038,20201001385903,648,0x2,0x3,19.8500004,26.2882538,0.0384744667,-0.0538887158,3.81937534e-05,30,1.11699998,1
648102300004859,137532629,2459129.8316379217,59129.326296300002,20.0925236,0.107431799,0,zg,1.4946248,29.684402500000001,0.904999971,0.0329999998,20201007326250,648,0x2,0x3,21.3099995,26.3481007,0.0288479067,-0.0654200241,1.06833286e-05,30,1.02900004,1
648102300004859,138024601,2459134.7513332893,59134.246018500002,20.532917,0.14712429,0,zg,1.4946999000000001,29.684395299999998,0.437000006,0.0460000001,20201012246007,648,0x2,0x3,21.6000004,26.3620663,0.0264714826,-0.0963014513,8.76460217e-06,30,1.00600004,1
648102300004859,138234251,2459136.8478036518,59136.3425116,19.5482635,0.0716768578,0,zg,1.4946733999999999,29.684393100000001,1.14900005,0.0240000002,20201014342454,648,0x2,0x3,21.9599991,26.3410912,0.0242555235,-0.0623929836,7.53402128e-06,30,1.09599996,1
648102300004859,138423513,2459138.7404046697,59138.235138900003,19.198967,0.0555945411,0,zg,1.4947025,29.684406800000001,0.791000009,0.00499999989,20201016235104,648,0x2,0x3,21.5,26.2400532,0.027419433,-0.0689334795,9.50831509e-06,30,1.00600004,1
648102300004859,139032293,2459144.8280839482,59144.322939799997,20.1622028,0.113122329,0,zg,1.4947763000000001,29.684417100000001,1.13900006,-0.0109999999,20201022322940,648,0x2,0x3,21.9500008,26.3291931,0.0264241993,-0.098380357,8.80392054e-06,30,1.10099995,1
648102300004859,139719743,2459151.7023710874,59151.197430599997,20.3110733,0.126206368,0,zg,1.4947394000000001,29.684425000000001,0.968999982,-0.314999998,20201029197419,648,0x2,0x3,20.5300007,26.4063854,0.0336009897,-0.0524965413,2.04563657e-05,30,1.00800002,1
648102300004859,141026497,2459164.769346395,59164.264976899998,20.6050568,0.152560115,0,zg,1.4948627000000001,29.684363399999999,0.690999985,-0.074000001,20201111264977,648,0x2,0x3,20.8799992,26.3944969,0.0322604291,-0.0640425831,1.50673995e-05,30,1.09300005,1
648102300004859,141332989,2459167.8340984774,59167.329895800001,20.6212406,0.153779507,0,zg,1.4946358,29.684333200000001,0.875,0.136999995,20201114329896,648,0x2,0x3,20.7700005,26.3321381,0.0346608385,-0.0579198934,1.79536546e-05,30,1.41999996,1
648102300004859,141524171,2459169.7458057986,59169.241713000003,19.8147469,0.0873575509,0,zg,1.4947163000000001,29.6844058,0.921999991,-0.0329999998,20201116241713,648,0x2,0x3,21.4300003,26.4086552,0.0280513484,-0.0776476413,9.94298534e-06,30,1.07000005,1
648102300004859,141724891,2459171.7528846245,59171.248912000003,20.3231525,0.12732403,32768,zg,1.4946238000000001,29.684366399999998,0.913999975,-0.0250000004,20201118248762,648,0x2,0x3,21.0499992,25.7272205,0.0388844088,-0.0927726552,2.02033716e-05,30,1.10000002,1
648102300004859,141926791,2459173.7717637117,59173.267916700002,20.0976086,0.107837923,0,zg,1.4947067000000001,29.684397100000002,1.602,-0.169,20201120267870,648,0x2,0x3,21.1800003,26.4315434,0.0304782391,-0.119238526,1.2182968e-05,30,1.17799997,1
648102300004859,143917924,2459193.6816376261,59193.179247699998,20.7757072,0.165418744,0,zg,1.4946398999999999,29.6843331,0.751999974,-0.101000004,20201210179248,648,0x2,0x3,21.5499992,26.2298946,0.0277725738,-0.0783937871,9.76140291e-06,30,1.07700002,1
648102300004859,144117976,2459195.6819938608,59195.179768499998,20.9417496,0.177930117,0,zg,1.4949068999999999,29.6843641,0.690999985,-0.207000002,20201212179769,648,0x2,0x3,21.0799999,26.3912125,0.0279579405,-0.07804887,1.03129678e-05,30,1.09099996,1
648102300004859,144819835,2459202.6999854902,59202.198356499997,20.4949512,0.144136935,0,zg,1.4946964,29.684414199999999,0.796999991,-0.0460000001,20201219198345,648,0x2,0x3,21.1100006,26.3660431,0.0311969854,-0.081160821,1.30674807e-05,30,1.21700001,1
648102300004859,145111035,2459205.6117333807,59205.110358799997,20.3149261,0.12656197,0,zg,1.4946200999999999,29.684351199999998,0.59799999,-0.136999995,20201222110336,648,0x2,0x3,21.3500004,26.4031734,0.0267727897,-0.0807048529,9.16695171e-06,30,1.01900005,2
648102300004859,146213842,2459216.6388143483,59216.138425899997,20.6224346,0.15386951,0,zg,1.4945581999999999,29.684388299999998,0.601999998,-0.0359999985,20210102138426,648,0x2,0x3,21.5100002,26.2470932,0.0261061843,-0.0754223391,8.50903871e-06,30,1.13600004,1
648102300004859,146411562,2459218.6158347349,59218.115624999999,20.8047943,0.167610407,0,zg,1.4946941,29.6844526,0.437999994,-0.0379999988,20210104115625,648,0x2,0x3,21.3099995,26.383522,0.0275484845,-0.0804852694,9.58198962e-06,30,1.08800006,1
648102300004859,146616108,2459220.6611127262,59220.161088000001,20.5893459,0.151376247,0,zg,1.4947978,29.6843909,0.492000014,-0.0540000014,20210106161053,648,0x2,0x3,21.2199993,26.3183804,0.029792469,-0.0727257356,1.1499199e-05,30,1.273,1
648102300004859,147015135,2459224.6510187294,59224.151354200003,20.8846436,0.173627138,0,zg,1.4946307999999999,29.684313,0.739000022,-0.130999997,20210110151343,648,0x2,0x3,20.9699993,26.3468742,0.0320988372,-0.0730511546,1.39375898e-05,30,1.27900004,1
648102300004859,147615901,2459230.6581436237,59230.159016199999,20.583847,0.150961876,0,zg,1.4944284999999999,29.6842185,1.45799994,-0.312999994,20210116159016,648,0x2,0x3,20.9400005,26.1818027,0.0329055749,-0.0561999232,1.49957132e-05,30,1.42799997,1
648102300004859,149413679,2459248.6344082095,59248.136793999998,19.839489,0.0889835805,0,zg,1.4946448999999999,29.684405900000002,1.09500003,0.0120000001,20210203136794,648,0x2,0x3,20.7700005,26.0764618,0.0365535803,-0.0645639896,2.06960631e-05,30,1.67200005,1
648102300004859,149813478,2459252.6320872656,59252.134780100001,20.646986,0.155719519,0,zg,1.4947299000000001,29.684340200000001,0.810000002,-0.162,20210207134780,648,0x2,0x3,21.0200005,26.2619038,0.0343419053,-0.0876567736,1.60012078e-05,30,1.778,1
648102300004859,150116467,2459255.6617596447,59255.1646759,20.2005405,0.116370201,0,zg,1.4948478000000001,29.6845903,1.11199999,0.104000002,20210210164630,648,0x2,0x3,20.2700005,26.1018696,0.0366617441,-0.035341993,2.83406152e-05,30,2.48399997,1
648102300004859,162843204,2459382.9306065841,59382.4320486,20.7336693,0.162251115,0,zg,1.4946823,29.684577300000001,0.405000001,0.123999998,20210617432049,648,0x2,0x3,21.2999992,26.0476437,0.03109481,-0.0704611391,1.25990373e-05,30,1.44500005,1
648102300004859,164343144,2459397.9312898219,59397.431446800001,20.0325642,0.102751248,0,zg,1.4947395999999999,29.684419699999999,1.19200003,-0.00600000005,20210702431435,648,0x2,0x3,21.2600002,26.2594604,0.0314025879,-0.0615514405,1.28409729e-05,30,1.21300006,2
648102300004859,164540658,2459399.906601219,59399.406585600002,20.1318645,0.110611178,32768,zg,1.494629,29.684356000000001,0.930000007,-0,20210704406586,648,0x2,0x3,21.1299992,26.1624737,0.0434453115,-0.093082197,2.44289258e-05,30,1.30799997,1
648102300004859,164641120,2459400.9113072068,59400.411203700001,20.5868931,0.151191473,0,zg,1.4946054,29.6843501,0.716000021,-0.00999999978,20210705411204,648,0x2,0x3,21.4899998,26.2880592,0.0270248689,-0.0738103837,9.24145843e-06,30,1.26900005,2
648102300004859,164741128,2459401.9114756999,59401.4112847,20.5574608,0.148973703,0,zg,1.4947614,29.6844675,1.28499997,0.180999994,20210706411273,648,0x2,0x3,21.3099995,26.3344231,0.0288150422,-0.0813537985,1.06837761e-05,30,1.255,1
648102300004859,164940527,2459403.9056432564,59403.405277799997,21.0653458,0.187243104,0,zg,1.4947177,29.684424100000001,0.379000008,0.00899999961,20210708405278,648,0x2,0x3,21.6599998,26.2141151,0.0257627312,-0.0828561783,8.34932689e-06,30,1.25699997,1
648102300004859,165740480,2459411.9058643901,59411.404803199999,20.4510269,0.139676258,0,zg,1.4946591,29.6843656,0.643000007,-0.0240000002,20210716404792,648,0x2,0x3,21.4799995,26.0521717,0.0282632671,-0.0934334546,1.03008588e-05,30,1.16700006,1
648102300004859,166042913,2459414.9304525238,59414.429131899997,20.4556465,0.140140057,0,zg,1.4947414000000001,29.684389100000001,1.10399997,-0.137999997,20210719429097,648,0x2,0x3,21.7800007,26.2998333,0.0259691011,-0.0821415931,8.66414302e-06,30,1.074,1
648102300004859,166444903,2459418.9507000749,59418.449039400002,20.2804909,0.12341433,0,zg,1.4947481,29.684440200000001,0.569000006,-0.254999995,20210723449039,648,0x2,0x3,20.4200001,26.1125526,0.0385690108,-0.0713263899,2.99271269e-05,30,1.023,1
648102300004859,167043581,2459424.9379643281,59424.435810199997,19.1107502,0.0522178002,0,zg,1.4946881000000001,29.684381999999999,1.00199997,0.0419999994,20210729435752,648,0x2,0x3,21.1599998,26.3339329,0.0298469476,-0.0568695702,1.22390538e-05,30,1.01900005,1
648102300004859,167238341,2459426.8857250009,59426.383414399999,20.3590298,0.130693883,0,zg,1.4947684999999999,29.6843389,0.504999995,0.133000001,20210731383403,648,0x2,0x3,21.2600002,26.2945137,0.0296227932,-0.0792772323,1.1723324e-05,30,1.10599995,1
648102300004859,167641633,2459430.9189582807,59430.416331,20.2491817,0.120611981,0,zg,1.4946535999999999,29.6843909,0.790000021,-0.104999997,20210804416319,648,0x2,0x3,21.9200001,26.347744,0.0227132533,-0.071654357,6.42775512e-06,30,1.023,1
648102300004859,168141451,2459435.9175178311,59435.414513900003,19.9993515,0.100242816,0,zg,1.4946885999999999,29.6843921,0.878000021,-0.0359999985,20210809414329,648,0x2,0x3,22,26.2860737,0.0260094292,-0.064676784,8.44469469e-06,30,1.01100004,1
648102300004859,168440769,2459438.9109168001,59438.407696800001,19.7929726,0.0859515145,0,zg,1.4947067000000001,29.6844009,1.06900001,-0.0540000014,20210812407697,648,0x2,0x3,21.5699997,26.2124577,0.0285102781,-0.0965199322,1.01207133e-05,30,1.00999999,1
648102300004859,168934355,2459443.8471121308,59443.3435532,20.9149189,0.175908327,0,zg,1.4946463999999999,29.684345400000002,1.39600003,-0.344999999,20210817343519,648,0x2,0x3,21.7000008,26.026535,0.0281564277,-0.080210194,9.91350134e-06,30,1.08899999,1
648102300004859,169937038,2459453.8745545447,59453.3703819,20.2815704,0.123511799,0,zg,1.4947036,29.6844483,0.754999995,0.0719999969,20210827370382,648,0x2,0x3,21.1700001,26.3901024,0.0285397954,-0.0651358888,1.07030019e-05,30,1.00800002,1
648102300004859,170740753,2459461.9121173364,59461.407534700003,20.7037449,0.159996271,0,zg,1.4946626000000001,29.684405999999999,0.451999992,-0.0359999985,20210904407488,648,0x2,0x3,22.0300007,26.3853607,0.0243977476,-0.0786987916,7.47664217e-06,30,1.01800001,1
648102300004859,170936407,2459463.8687444068,59463.364074099998,20.0895615,0.107195981,0,zg,1.4947261999999999,29.684373000000001,0.569999993,0.101999998,20210906364039,648,0x2,0x3,21.8700008,26.3709888,0.0247588828,-0.0702018291,7.81131712e-06,30,1,1
648102300004859,171140571,2459465.9104740522,59465.405717599999,20.4456215,0.13913478,0,zg,1.4947265000000001,29.684360300000002,0.368999988,0.0419999994,20210908405671,648,0x2,0x3,21.8500004,26.3037529,0.0251737516,-0.0727715194,8.07876404e-06,30,1.028,1
648102300004859,171342828,2459467.9331233017,59467.428287000002,20.4821053,0.142820925,0,zg,1.4947185999999999,29.684386400000001,0.739000022,-0.149000004,20210910428287,648,0x2,0x3,21.7600002,26.3217182,0.0253604446,-0.0830931962,8.06146636e-06,30,1.07700002,1
648102300004859,171737350,2459471.8784829085,59471.373506900003,20.6706619,0.157503486,0,zg,1.4946531999999999,29.684400799999999,0.708999991,-0.134000003,20210914373507,648,0x2,0x3,21.5499992,26.1475906,0.0270831268,-0.07584811,9.13492477e-06,30,1.01100004,1
648102300004859,172038924,2459474.8943158342,59474.389247699997,20.2274113,0.118696548,0,zg,1.4946018999999999,29.684408300000001,0.879000008,-0.00600000005,20210917389190,648,0x2,0x3,21.2800007,26.3601093,0.0285580512,-0.0820852965,1.05674808e-05,30,1.03900003,1
648102300004859,172519533,2459479.7005236847,59479.195335600001,19.9497833,0.0966091827,0,zg,1.4946044000000001,29.684339999999999,0.486999989,-0.35800001,20210922195324,648,0x2,0x3,20.0400009,26.2522812,0.038818866,-0.0597838536,3.76326207e-05,30,1.26999998,1
648102300004859,173035956,2459484.8648396768,59484.359560199999,20.5251007,0.146535397,0,zg,1.4946565000000001,29.684335399999998,0.888999999,-0.296000004,20210927359549,648,0x2,0x3,21.3700008,26.3414574,0.0284570195,-0.0848263577,1.02069698e-05,30,1.03600001,1
648102300004859,173426347,2459488.7687942917,59488.2634722,20.7877483,0.166326046,0,zg,1.4946237,29.684425600000001,0.870999992,-0.115000002,20211001263391,648,0x2,0x3,21.7800007,26.3824272,0.0246296581,-0.0784984529,7.4750219e-06,30,1.01699996,1
648102300004859,173634674,2459490.8520830721,59490.346747700001,19.2651463,0.0582969934,0,zg,1.4946619000000001,29.684400700000001,1.86199999,-0.0270000007,20211003346736,648,0x2,0x3,21.8400002,26.3657265,0.0237658098,-0.075332284,6.98050599e-06,30,1.04100001,1
648102300004859,174741586,2459501.9211622076,59501.415868099997,20.4675884,0.141345099,0,zg,1.4947220000000001,29.6844407,0.898999989,-0.123000003,20211014415856,648,0x2,0x3,21.5200005,26.31604,0.0274636801,-0.0892089978,9.47633907e-06,30,1.42400002,1
648102300004859,175120347,2459505.7087092143,59505.203472200003,19.7635021,0.084085308,0,zg,1.4946229,29.6844477,1.36800003,-0.294999987,20211018203472,648,0x2,0x3,20.6299992,26.3871937,0.0316536576,-0.0703311861,1.71081701e-05,30,1.03299999,1
648102300004859,175819034,2459512.6954222429,59512.190347199998,20.8421059,0.170421839,0,zg,1.4946421999999999,29.684367300000002,0.797999978,-0.0719999969,20211025190278,648,0x2,0x3,21.6000004,26.3931065,0.0253578443,-0.0668276474,8.00126872e-06,30,1.02499998,1
648102300004859,176426405,2459518.7689267327,59518.264050899998,20.787466,0.166304708,0,zg,1.4947337000000001,29.684401099999999,0.694999993,0.0350000001,20211031263831,648,0x2,0x3,22.2399998,26.4099197,0.0230368301,-0.0778566077,6.63229639e-06,30,1.03199995,1
648102300004859,176722086,2459521.7256277837,59521.220868099997,19.5063801,0.0694983229,0,zg,1.4946714999999999,29.684383,0.851999998,-0.0140000004,20211103220694,648,0x2,0x3,22.0300007,26.4079247,0.0225053523,-0.071927458,6.33124591e-06,30,1.00199997,1
648102300004859,176919656,2459523.7012377419,59523.196562500001,19.7235985,0.0816248283,0,zg,1.4946923999999999,29.6843717,0.990999997,-0.0130000003,20211105196528,648,0x2,0x3,21.8700008,26.4353638,0.0251678228,-0.100559682,7.90136437e-06,30,1.00100005,1
648102300004859,177119869,2459525.7032762961,59525.198692099999,20.4714108,0.141732454,0,zg,1.4946609,29.684379199999999,1.01600003,-0.0410000011,20211107198565,648,0x2,0x3,22.0200005,26.4107571,0.0231326632,-0.0758110955,6.67227778e-06,30,1,1
648102300004859,177613356,2459530.6379018221,59530.133564800002,19.8238888,0.0879547447,0,zg,1.4946140000000001,29.684423299999999,0.801999986,0.0450000018,20211112133565,648,0x2,0x3,20.4799995,26.397562,0.0336514711,-0.0605042167,1.93154574e-05,30,1.03600001,1
648102300004859,179621609,2459550.7191347945,59550.216099500001,18.3744087,0.0321272612,0,zg,1.4946664000000001,29.6844024,0.709999979,-0.00400000019,20211202216065,648,0x2,0x3,21.5499992,26.4016247,0.0275594275,-0.0950714573,9.58609235e-06,30,1.11300004,1
648102300004859,186814266,2459622.6396231111,59622.142661999998,18.3259773,0.0312076863,0,zg,1.4946908999999999,29.684413500000002,0.596000016,-0.0260000005,20220212142650,648,0x2,0x3,20.0799999,26.1394501,0.0416232832,-0.0328439064,4.0585579e-05,30,2.0999999,1
648102300004859,194749319,2459701.9887533537,59701.493194399998,18.5549316,0.03592664,32768,zg,1.4946595,29.684385899999999,0.866999984,-0.0340000018,20220502493183,648,0x2,0x3,20.0200005,25.8529129,0.0387081727,-0.0426496826,3.86450592e-05,30,2.32200003,1
648102300004859,194749556,2459701.9911261522,59701.495567099999,18.6662655,0.0385910794,32768,zg,1.494645,29.684415399999999,0.47299999,-0.0419999994,20220502495556,648,0x2,0x3,19.7600002,25.8678455,0.0386061519,-0.0388220251,4.39498872e-05,30,2.26799989,1
648102300004859,194749793,2459701.9934989465,59701.4979398,18.5034599,0.034780588,32768,zg,1.4947092,29.684439000000001,0.769999981,0.0710000023,20220502497928,648,0x2,0x3,19.4699993,25.9020901,0.0390658975,-0.0468110442,5.60253902e-05,30,2.21799994,1
648102300004859,198844817,2459742.9463008563,59742.448171299999,18.7697945,0.04131357,0,zg,1.4945851000000001,29.684440500000001,1.01400006,0.0189999994,20220612448137,648,0x2,0x3,20.4799995,26.2747574,0.0325302221,-0.0709947795,1.84281853e-05,30,1.43200004,1
648102300004859,200143093,2459755.9301516041,59755.430937500001,19.3890228,0.0637724921,0,zg,1.4946788,29.684386,0.523000002,-0.0419999994,20220625430938,648,0x2,0x3,21.5699997,26.3277454,0.0272548012,-0.0591288097,9.25781205e-06,30,1.31299996,1
648102300004859,200338740,2459757.8867902369,59757.387407399998,18.7251034,0.0401080251,0,zg,1.4946276000000001,29.6843729,1.47500002,-0.0469999984,20220627387396,648,0x2,0x3,21.2099991,26.2018623,0.031556733,-0.0654400885,1.29770715e-05,30,1.602,1
648102300004859,200343130,2459757.9306945754,59757.431307899999,19.3722496,0.0629979968,0,zg,1.4946256,29.6843717,0.628000021,0.0689999983,20220627431296,648,0x2,0x3,21.5300007,26.2952137,0.027781304,-0.081036754,9.78618391e-06,30,1.28100002,1
648102300004859,200743459,2459761.9343294241,59761.434594899998,19.0682182,0.0506775714,0,zg,1.4946805999999999,29.6843915,0.791999996,0.00300000003,20220701434595,648,0x2,0x3,21.7600002,26.3589993,0.0255542044,-0.0780863911,8.21532558e-06,30,1.21399999,1
648102300004859,201043475,2459764.9347534813,59764.434756900002,19.1499119,0.053685911,32768,zg,1.494583,29.684499299999999,0.978999972,0.0839999989,20220704434653,648,0x2,0x3,21.1700001,26.4687481,0.0312078111,-0.138664767,1.29840173e-05,30,1.17999995,1
648102300004859,201440428,2459768.904626173,59768.404282399999,19.2447357,0.0574475639,0,zg,1.4946481,29.684400400000001,1.14400005,0.0659999996,20220708404271,648,0x2,0x3,21.9099998,26.3364449,0.0259880293,-0.0841009989,8.49104163e-06,30,1.26600003,1
648102300004859,201445135,2459768.9517021198,59768.451354199999,19.2386475,0.0571969263,0,zg,1.4946626999999999,29.684393700000001,0.441000015,0.00700000022,20220708451354,648,0x2,0x3,21.5900002,26.3983936,0.0290166233,-0.113807529,1.06124999e-05,30,1.09399998,1
648102300004859,201641563,2459770.9161560745,59770.415636600002,18.90168,0.0451568887,0,zg,1.4946687999999999,29.684389500000002,0.792999983,-0.0649999976,20220710415613,648,0x2,0x3,21.6800003,26.3537121,0.0251274612,-0.0885133669,8.09151516e-06,30,1.19099998,1
648102300004859,201644714,2459770.9476634436,59770.447141199998,19.0930214,0.0515690073,0,zg,1.4946695000000001,29.684388899999998,1.21300006,-0.0759999976,20220710447141,648,0x2,0x3,21.5499992,26.3872852,0.0258585885,-0.0931177288,8.59395004e-06,30,1.09099996,1
648102300004859,202642787,2459780.9292546092,59780.427870400003,18.7933388,0.0419678017,0,zg,1.4946417999999999,29.684385299999999,1.08399999,-0.0199999996,20220720427801,648,0x2,0x3,20.9400005,26.2429714,0.0319249481,-0.0739397928,1.48296467e-05,30,1.07200003,1
648102300004859,202645012,2459780.951513411,59780.450127299999,18.9797554,0.0476471744,0,zg,1.4946579,29.6843954,0.63499999,0.0130000003,20220720450127,648,0x2,0x3,21.1800003,26.241333,0.0292255487,-0.0542662479,1.15140501e-05,30,1.03299999,1
648102300004859,202845084,2459782.9524005395,59782.450844899999,19.3145237,0.0604126193,0,zg,1.4946763000000001,29.684380399999998,0.328000009,-0.0240000002,20220722450787,648,0x2,0x3,21.6200008,26.302351,0.0253558587,-0.0690129921,8.11850623e-06,30,1.02499998,1
648102300004859,203040347,2459784.9051917945,59784.4034722,18.9474678,0.0465970077,0,zg,1.4946645999999999,29.684382500000002,0.779999971,-0.0240000002,20220724403472,648,0x2,0x3,21.8700008,26.2618542,0.0236646421,-0.0852561072,7.19064155e-06,30,1.10500002,1
648102300004859,203244758,2459786.9494705014,59786.447581,19.1459389,0.0535347387,0,zg,1.4946773,29.684391099999999,1.04499996,-0.0810000002,20220726447569,648,0x2,0x3,22.0599995,26.3124275,0.0237919837,-0.0702346936,7.18471119e-06,30,1.01699996,1
648102300004859,203445506,2459788.9571237839,59788.455069399999,18.8345871,0.0431468152,0,zg,1.4946596000000001,29.684393799999999,1.29499996,-0.0780000016,20220728455035,648,0x2,0x3,21.8899994,26.2713833,0.0240291581,-0.042807702,7.36868606e-06,30,1.00600004,1
648102300004859,203634142,2459790.8436309039,59790.341423600003,19.2939377,0.0595200397,32768,zg,1.4946081,29.684414199999999,0.855000019,-0.0700000003,20220730341412,648,0x2,0x3,20.7000008,25.5657845,0.123718455,-0.0656233802,0.000257134554,30,1.27999997,1
648102300004859,203944776,2459793.9502208983,59793.447766199999,18.7539749,0.0408814661,0,zg,1.4946651,29.684390700000002,0.555000007,-0.00999999978,20220802447766,648,0x2,0x3,22,26.3349419,0.0225504879,-0.071835354,6.43940029e-06,30,1.00300002,1
648102300004859,204141025,2459795.912862346,59795.410254599999,18.7134857,0.0398022905,0,zg,1.4946762,29.6843787,1.551,0.00700000022,20220804410243,648,0x2,0x3,21.7600002,26.3679695,0.0266409013,-0.117708355,8.98066992e-06,30,1.03100002,1
648102300004859,204441187,2459798.9147115946,59798.411874999998,18.7312565,0.0402712375,0,zg,1.4946817999999999,29.684379100000001,0.522000015,0.050999999,20220807411863,648,0x2,0x3,21.8899994,26.3471584,0.0237451456,-0.0642084256,7.17835746e-06,30,1.01999998,1
648102300004859,204743750,2459801.9405603432,59801.4375,19.0966911,0.0517025366,0,zg,1.4946579,29.6843836,0.734000027,-0.0540000014,20220810437500,648,0x2,0x3,21.2399998,26.3514633,0.0278394874,-0.0584163405,1.02680833e-05,30,1,1
648102300004859,204944586,2459803.9490728504,59803.445868100003,19.2356644,0.0570746213,0,zg,1.4946706999999999,29.684425000000001,0.852999985,-0.203999996,20220812445799,648,0x2,0x3,20.5300007,26.3867435,0.0347036272,-0.0717015117,2.21235514e-05,30,1.00100005,1
648102300004859,205244856,2459806.9519789694,59806.448564799997,19.1672878,0.0543529838,0,zg,1.4946978,29.684370999999999,1.11699998,-0.00899999961,20220815448553,648,0x2,0x3,20.7199993,26.3262634,0.0326163322,-0.0605034344,1.6982227e-05,30,1.00600004,1
648102300004859,205432336,2459808.8269088417,59808.323368099998,19.0411701,0.0497266017,0,zg,1.4946828000000001,29.684415300000001,0.992999971,0.00899999961,20220817323356,648,0x2,0x3,20.7399998,26.3272324,0.0362997316,-0.108169444,2.12660489e-05,30,1.14900005,1
648102300004859,205636378,2459810.8674594513,59810.363784699999,19.1164551,0.0524286665,0,zg,1.4947071000000001,29.684396700000001,1,-0.0329999998,20220819363785,648,0x2,0x3,21.0599995,26.210125,0.0377946608,-0.0550704822,1.96215933e-05,30,1.03900003,1
648102300004859,205830126,2459812.8050597217,59812.301261599998,18.9612637,0.0470421724,0,zg,1.4946520999999999,29.684394099999999,1.05599999,-0.0879999995,20220821301250,648,0x2,0x3,21.7199993,26.2266426,0.0279026721,-0.0861007273,9.96918243e-06,30,1.19000006,1
648102300004859,206032324,2459814.8271634867,59814.323240700003,18.9895401,0.0479712002,0,zg,1.494659,29.6843863,1.48800004,-0.00899999961,20220823323229,648,0x2,0x3,21.7999992,26.3441124,0.0256121252,-0.0986836106,8.49091975e-06,30,1.10000002,1
648102300004859,206242834,2459816.9323928203,59816.4283449,18.8800602,0.0444963947,0,zg,1.4946592000000001,29.684395599999998,0.675999999,-0.0149999997,20220825428333,648,0x2,0x3,21.6200008,26.3752422,0.0275011007,-0.114357881,9.43391842e-06,30,1.01100004,1
648102300004859,206436711,2459818.8712768885,59818.367118100003,19.1269703,0.0528199896,0,zg,1.4946579,29.684372100000001,0.614000022,0.0370000005,20220827367037,648,0x2,0x3,21.8700008,26.3725224,0.024066519,-0.106449984,7.41721442e-06,30,1.01100004,1
648102300004859,206737773,2459821.882053847,59821.377731499997,18.5741138,0.0363672562,0,zg,1.4946434,29.6843851,0.662,-0.0280000009,20220830377697,648,0x2,0x3,21.6800003,26.4120445,0.0270325188,-0.119488254,9.31171053e-06,30,1.00100005,1
648102300004859,207034868,2459824.8531536851,59824.3486806,19.2075005,0.055934649,0,zg,1.4946686,29.6843541,1.14699996,0.0419999994,20220902348611,648,0x2,0x3,21.7700005,26.3261948,0.0246449374,-0.0902748108,7.74074215e-06,30,1.01199996,1
648102300004859,207234188,2459826.8464546786,59826.341886599999,18.8817635,0.0445479527,32768,zg,1.4946861,29.6843717,1.13699996,-0.0549999997,20220904341875,648,0x2,0x3,21.3799992,25.9629955,0.0462591164,-0.0869154558,2.81944758e-05,30,1.01300001,1
648102300004859,207540807,2459829.9127830141,59829.408078699998,19.0165939,0.0488813557,0,zg,1.4946843999999999,29.684388500000001,0.518999994,-0.0299999993,20220907408079,648,0x2,0x3,21.3500004,26.3569527,0.0261230152,-0.0872241408,8.80076641e-06,30,1.02699995,1
648102300004859,208629723,2459840.8023204142,59840.297233800004,18.9392948,0.046335768,0,zg,1.4946965000000001,29.684394600000001,0.944999993,0.0489999987,20220918297222,648,0x2,0x3,21.5799999,26.4306183,0.0261545815,-0.11170423,8.68549978e-06,30,1.01999998,1
648102300004859,208635262,2459840.8577154437,59840.352627300002,18.8682213,0.044139877,0,zg,1.4946712,29.684386499999999,0.867999971,-0.0599999987,20220918352604,648,0x2,0x3,21.7000008,26.4206715,0.0266188793,-0.101190068,8.73844965e-06,30,1.005,2
648102300004859,208640016,2459840.9052514345,59840.400161999998,18.85746,0.0438189954,0,zg,1.4946492,29.6843909,0.79400003,0.00899999961,20220918400127,648,0x2,0x3,21.5900002,26.3877945,0.0246999264,-0.069686681,7.50907748e-06,30,1.06200004,1
648102300004859,208730407,2459841.8091877238,59841.3040741,18.9195862,0.045713298,0,zg,1.4946693,29.6843863,0.783999979,0.00200000009,20220919304062,648,0x2,0x3,22.0400009,26.4162884,0.0257515907,-0.0829718038,8.32488604e-06,30,1.01100004,2
648102300004859,208830025,2459842.8053935063,59842.300254599999,18.8498726,0.0435945317,0,zg,1.4946637,29.684394900000001,0.958999991,-0.0489999987,20220920300255,648,0x2,0x3,21.7900009,26.4286652,0.0264586732,-0.105581492,8.77718594e-06,30,1.01199996,1
648102300004859,209026724,2459844.7724299827,59844.267245399999,19.0745106,0.0509019382,0,zg,1.4946651,29.684381299999998,0.670000017,-0.0199999996,20220922267234,648,0x2,0x3,21.8500004,26.3946228,0.0228584055,-0.0694901869,6.5061522e-06,30,1.04499996,1
648102300004859,209332094,2459847.8261933308,59847.320949100002,18.793314,0.0419671349,0,zg,1.4946617,29.684391099999999,0.621999979,0.0280000009,20220925320787,648,0x2,0x3,21.6200008,26.3891697,0.0249702148,-0.063486129,7.754732e-06,30,1,1
648102300004859,209526865,2459849.7739323969,59849.268657400004,18.6270275,0.0376220755,0,zg,1.4946853,29.6843887,0.744000018,0.00100000005,20220927268576,648,0x2,0x3,21.3700008,26.4250298,0.0310596153,-0.133915111,1.22486517e-05,30,1.02400005,1
648102300004859,209726396,2459851.7692704955,59851.263969899999,19.0074692,0.0485720374,0,zg,1.4946584000000001,29.684377900000001,1.12699997,-0.123999998,20220929263507,648,0x2,0x3,21.7600002,26.3109131,0.024512507,-0.0481107011,7.65028017e-06,30,1.023,1
648102300004859,210037127,2459854.8766015228,59854.371273099998,19.1063881,0.0520572662,0,zg,1.4946508000000001,29.684386100000001,0.805000007,-0.0340000018,20221002371273,648,0x2,0x3,22,26.3957348,0.0232389942,-0.109540619,6.69044857e-06,30,1.08200002,1
648102300004859,210225685,2459856.762190063,59856.256851899998,19.1611786,0.054117322,0,zg,1.4946444999999999,29.684388299999998,0.637000024,-0.0219999999,20221004256852,648,0x2,0x3,21.2800007,26.3468246,0.0284943338,-0.0686660632,1.05626714e-05,30,1.01600003,1
648102300004859,210440957,2459858.9149143975,59858.409571800003,18.6894035,0.0391783006,0,zg,1.4946653999999999,29.684380900000001,0.595000029,-0.0450000018,20221006409572,648,0x2,0x3,21.2900009,26.3313541,0.0297911353,-0.0739498809,1.12947801e-05,30,1.25199997,1
648102300004859,210627656,2459860.7819033102,59860.276562500003,18.9458199,0.0465442017,0,zg,1.4946467999999999,29.684390199999999,0.727999985,-0.0820000023,20221008276562,648,0x2,0x3,20.6599998,26.389843,0.0372350775,-0.0663935244,2.44114217e-05,30,1,1
648102300004859,210822150,2459862.7268378371,59862.221504599998,18.8293953,0.0429960899,0,zg,1.4946792,29.684380699999998,0.865999997,0.187999994,20221010221493,648,0x2,0x3,20.2700005,26.3764725,0.0372262336,-0.0571203269,2.95209338e-05,30,1.03999996,1
648102300004859,211039245,2459864.8977716439,59864.392453699998,18.769495,0.0413053408,0,zg,1.4946181000000001,29.684439399999999,0.901000023,0.0309999995,20221012392361,648,0x2,0x3,20.1900005,26.2959461,0.0363021307,-0.0640610084,2.82498804e-05,30,1.24899995,1
648102300004859,211222349,2459866.7287949421,59866.223495400001,18.7366371,0.0404146835,0,zg,1.4946767999999999,29.684369400000001,0.973999977,0.0359999985,20221014223414,648,0x2,0x3,21.1499996,26.397049,0.0293538887,-0.0986477733,1.1621104e-05,30,1.023,1
648102300004859,211514429,2459869.6495535066,59869.144293999998,19.0484467,0.0499802791,0,zg,1.4946820000000001,29.684392599999999,0.887000024,0.0649999976,20221017144294,648,0x2,0x3,21.5300007,26.3377953,0.0263815429,-0.0817777887,8.83627581e-06,30,1.19500005,1
648102300004859,211724474,2459871.7499681702,59871.244745399999,18.9087048,0.0453741327,0,zg,1.4946524000000001,29.684399599999999,1.13600004,-0.0469999984,20221019244676,648,0x2,0x3,21.4200001,26.3807945,0.0279220007,-0.0567689799,9.93580306e-06,30,1,1
648102300004859,211921680,2459873.721987755,59873.216805600001,19.019928,0.0489949994,0,zg,1.4946656,29.6843796,0.349999994,-0.023,20221021216806,648,0x2,0x3,22.0200005,26.3615894,0.0237887055,-0.0629747957,7.13773625e-06,30,1.01100004,1
648102300004859,212328560,2459877.7906817705,59877.285601900003,18.8122597,0.0425033718,0,zg,1.4946439,29.684394300000001,1.38800001,0.0109999999,20221025285602,648,0x2,0x3,21.3899994,26.4111671,0.0279579218,-0.104635917,9.66119023e-06,30,1.03799999,1
648102300004859,212531156,2459879.8165822374,59879.311562499999,18.9998341,0.0483150333,0,zg,1.4945864,29.684413599999999,1.62600005,0.0370000005,20221027311562,648,0x2,0x3,21.0599995,26.4010735,0.0354990847,-0.125694215,1.67987582e-05,30,1.10300004,1
648102300004859,212734008,2459881.8450344983,59881.340081000002,19.3685417,0.0628282279,0,zg,1.4947250999999999,29.6843796,0.776000023,-0.050999999,20221029340081,648,0x2,0x3,21.4599991,26.3693771,0.0282830447,-0.109329849,9.94558195e-06,30,1.222,1
648102300004859,212924614,2459883.7510316889,59883.246145800003,18.9626865,0.0470883995,0,zg,1.4946549,29.684384999999999,1.25100005,0.0469999984,20221031246134,648,0x2,0x3,21.6299992,26.3968296,0.0253571756,-0.087906979,7.8805524e-06,30,1.01199996,1
648102300004859,213422578,2459888.7304719849,59888.225787000003,18.7319107,0.0402886495,32768,zg,1.4948131,29.684358199999998,0.757000029,-0.256000012,20221105225775,648,0x2,0x3,19.1000004,25.8908882,0.0403807461,-0.128310516,0.000110371147,30,1.00699997,1
648102300004859,214024548,2459894.7498832894,59894.245486100001,18.6753082,0.0388191491,0,zg,1.4947595,29.6843991,1.39999998,0.162,20221111245486,648,0x2,0x3,19.8700008,26.3824596,0.0396267176,-0.0535287634,4.21842378e-05,30,1.04900002,1
648102300004859,214218798,2459896.6922803698,59896.187986099998,18.8454018,0.0434629768,0,zg,1.4947543999999999,29.6844708,0.764999986,-0.0289999992,20221113187801,648,0x2,0x3,20.7900009,26.3866577,0.0324043669,-0.0847112909,1.58034327e-05,30,1.00100005,1
648102300004859,214515155,2459899.6556790224,59899.151550900002,18.7818718,0.0416474901,0,zg,1.4946458,29.684409200000001,1.07099998,0.0590000004,20221116151539,648,0x2,0x3,21.1700001,26.4040718,0.0297363102,-0.0797651187,1.13613887e-05,30,1.00699997,1
648102300004859,214721894,2459901.7229526844,59901.2189468,18.8330746,0.0431028269,32768,zg,1.4946619999999999,29.6844036,1.20299995,-0.061999999,20221118218947,648,0x2,0x3,21.1100006,26.2832432,0.0321075097,-0.134367421,1.35163173e-05,30,1.03699994,1
648102300004859,214922778,2459903.7316716765,59903.2277894,19.726263,0.0817867592,0,zg,1.4946752999999999,29.6844182,1.17900002,0.0820000023,20221120227755,648,0x2,0x3,21.3799992,26.3926334,0.0280081108,-0.0883625895,9.92003061e-06,30,1.06099999,1
648102300004859,215119553,2459905.6992891291,59905.195532400001,19.2312088,0.0568924658,32768,zg,1.4946625,29.684419500000001,1.347,0.0500000007,20221122195463,648,0x2,0x3,21.2900009,26.3604164,0.0436937287,-0.133563995,2.39183501e-05,30,1.02100003,1
648102300004859,215313530,2459907.6389296665,59907.135300900001,18.7272472,0.0401648059,0,zg,1.4947374,29.684384300000001,0.588999987,0.0189999994,20221124135301,648,0x2,0x3,20.9699993,26.402916,0.0345058814,-0.103233531,1.63734258e-05,30,1.00399995,1
648102300004859,215519708,2459909.700571632,59909.197083300001,19.0880623,0.0513892695,32768,zg,1.4946389,29.684424700000001,1.074,-0.0700000003,20221126197083,648,0x2,0x3,21.3600006,26.4399204,0.0298823155,-0.128295332,1.11539603e-05,30,1.03699994,1
648102300004859,216017406,2459914.6771943723,59914.174062500002,18.8349972,0.0431587473,0,zg,1.4946599,29.684422399999999,0.256999999,-0.00400000019,20221201174051,648,0x2,0x3,20.9300003,26.432476,0.0339187942,-0.123028077,1.61359112e-05,30,1.02400005,1
648102300004859,216922164,2459923.7240718612,59923.221643500001,18.345211,0.0315681398,0,zg,1.4946961999999999,29.684411699999998,1.25100005,0.0460000001,20221210221551,648,0x2,0x3,20.3700008,26.3986473,0.0395074449,-0.108936474,3.0701678e-05,30,1.20500004,1
648102300004859,217414146,2459928.6434907131,59928.141469900002,19.0995483,0.0518067665,0,zg,1.4946012,29.684322999999999,1.28999996,0.0130000003,20221215141458,648,0x2,0x3,20.5499992,26.3443394,0.0395491198,-0.108185403,2.6707592e-05,30,1.03100002,1
648102300004859,217621565,2459930.7175042755,59930.215659699999,19.1759949,0.0546909459,0,zg,1.4946914,29.684363999999999,0.973999977,-0.0209999997,20221217215660,648,0x2,0x3,20.7600002,26.3437862,0.0348094031,-0.0745716318,1.84772471e-05,30,1.26600003,1
648102300004859,218119453,2459935.6959498394,59935.194537000003,19.1327591,0.0530369058,0,zg,1.4946903,29.684427299999999,0.499000013,0.00700000022,20221222194537,648,0x2,0x3,21.3899994,26.3595486,0.0286559444,-0.0865478814,1.0215258e-05,30,1.23000002,1
648102300004859,218325967,2459937.7609065357,59937.259675900001,19.1866264,0.0551069565,0,zg,1.4944440000000001,29.684286700000001,1.08299994,0.0410000011,20221224259676,648,0x2,0x3,19.8299999,26.2572479,0.040464323,-0.0611115955,4.22479025e-05,30,1.78499997,1
648102300004859,219719640,2459951.6963782976,59951.196400499997,19.1894913,0.0552196875,0,zg,1.4947117000000001,29.684392599999999,0.647000015,0.532999992,20230107196389,648,0x2,0x3,19.5699997,26.3154068,0.040618334,-0.0711790696,5.02970179e-05,30,1.51900005,1
648102300004859,221615903,2459970.6573457178,59970.159039400001,19.1981659,0.0555627346,0,zg,1.4945691999999999,29.6845088,0.734000027,0.120999999,20230126159028,648,0x2,0x3,19.7199993,26.2922878,0.0400178917,-0.0801741555,4.50105872e-05,30,1.65999997,1
648102300004859,221813406,2459972.6322036143,59972.134062500001,19.2607727,0.0581137426,0,zg,1.4948172,29.684445799999999,0.939999998,0.00200000009,20230128134051,648,0x2,0x3,20.3999996,26.3415012,0.0409233011,-0.0945425481,3.13421551e-05,30,1.477,1
648102300004859,222413479,2459978.6324467883,59978.134791700002,19.2157841,0.0562671572,32768,zg,1.4946112,29.6845423,0.460999995,-0.0419999994,20230203134792,648,0x2,0x3,19.2600002,25.9149933,0.0428211838,-0.082739301,8.53406455e-05,30,1.63499999,1
648102300004859,222610296,2459980.600464575,59980.102962999998,19.3222084,0.0607497096,0,zg,1.4947109999999999,29.684434599999999,0.519999981,-0.00200000009,20230205102963,648,0x2,0x3,20.2900009,26.4171619,0.0394174643,-0.111330293,3.23136592e-05,30,1.40799999,1
648102300004859,236941244,2460123.9118916122,60123.412442100001,19.8821449,0.0918588713,0,zg,1.4946170000000001,29.684445400000001,1.51300001,-0.141000003,20230628412431,648,0x2,0x3,21.3600006,26.2972927,0.0279010274,-0.0796145946,9.80621098e-06,30,1.38100004,1
648102300004859,237140797,2460125.9075972224,60125.407974499998,20.3291512,0.127882242,0,zg,1.4946592999999999,29.684464299999998,0.749000013,0.0680000037,20230630407974,648,0x2,0x3,21.0799999,26.2467403,0.0292804148,-0.0838594958,1.13554379e-05,30,1.37399995,1
648102300004859,238040898,2460134.9093902851,60134.408981499997,20.6620407,0.156853914,0,zg,1.4945907,29.684342600000001,0.546000004,0.145999998,20230709408935,648,0x2,0x3,21.2399998,26.3554249,0.029036887,-0.0594965406,1.10074552e-05,30,1.23399997,1
648102300004859,238245672,2460136.9573120959,60136.4567245,20.706234,0.160183907,0,zg,1.4945976000000001,29.684491600000001,0.379000008,0.0199999996,20230711456655,648,0x2,0x3,21.4699993,26.374712,0.0255517624,-0.0739739612,8.20937476e-06,30,1.06500006,1
648102300004859,238545393,2460139.9547835961,60139.453935199999,18.9313278,0.0460828841,0,zg,1.4946581999999999,29.684404700000002,0.470999986,-0.0219999999,20230714453900,648,0x2,0x3,21.7299995,26.32094,0.0255770739,-0.0665691495,8.18353692e-06,30,1.05400002,1
648102300004859,238839393,2460142.8950377675,60142.393935200002,18.437994,0.0333965532,0,zg,1.4946716,29.684391099999999,0.589999974,-0.00800000038,20230717393900,648,0x2,0x3,21.6000004,26.2377167,0.0248546675,-0.0686753392,7.97168923e-06,30,1.204,1
648102300004859,239042586,2460144.9271450946,60144.425868099999,18.4319477,0.0332727432,0,zg,1.4946697,29.684402299999999,1.01800001,-0.0480000004,20230719425822,648,0x2,0x3,21.5799999,26.4053345,0.0275236927,-0.110393062,9.7065531e-06,30,1.08399999,1
648102300004859,239445285,2460148.9544774126,60148.452858800003,18.6265373,0.0376101881,0,zg,1.4946721000000001,29.684366399999998,0.742999971,-0.0350000001,20230723452836,648,0x2,0x3,22.0499992,26.3054352,0.0252708513,-0.0607611015,8.21333924e-06,30,1.01999998,1
648102300004859,239641466,2460150.9164470765,60150.414664399999,18.5347958,0.0354720838,0,zg,1.4946534,29.684388899999998,0.611000001,-0.0340000018,20230725414549,648,0x2,0x3,21.9400005,26.3145466,0.0238163769,-0.0629267767,7.23884887e-06,30,1.07299995,1
648102300004859,239846766,2460152.969614489,60152.467662000003,18.5574265,0.0359835327,0,zg,1.4946737999999999,29.684403799999998,1.32799995,0.0909999982,20230727467546,648,0x2,0x3,21.6700001,26.374836,0.0242184009,-0.0910663381,7.5270691e-06,30,1.00199997,1
648102300004859,240536184,2460159.8643461769,60159.3618403,18.4890499,0.0344689935,0,zg,1.4946314000000001,29.684400799999999,0.704999983,0.0370000005,20230803361840,648,0x2,0x3,20.25,26.3727531,0.0351012796,-0.0723319426,2.62897447e-05,30,1.14999998,1
648102300004859,241136670,2460165.8696642132,60165.366701400002,18.3383064,0.0314380303,0,zg,1.4946602,29.684406800000001,0.404000014,-0.00400000019,20230809366690,648,0x2,0x3,20.8999996,26.1557713,0.0484984666,-0.106724054,3.37860074e-05,30,1.08899999,1
648102300004859,241546525,2460169.9685133342,60169.4652546,18.0967216,0.0273584705,0,zg,1.4946486999999999,29.6843918,0.852999985,-0.0399999991,20230813465185,648,0x2,0x3,21.7399998,26.3987579,0.0255626645,-0.0879559219,8.10481106e-06,30,1.01400006,1
648102300004859,241734626,2460171.8496512719,60171.346261600003,18.4417648,0.0334741026,0,zg,1.4946552,29.684377999999999,0.583000004,-0.050999999,20230815346262,648,0x2,0x3,21.8099995,26.3364487,0.0248641446,-0.0583797023,7.75486478e-06,30,1.09899998,1
648102300004859,242042202,2460174.9256222695,60174.422025499996,18.3714199,0.0320693552,0,zg,1.4946387000000001,29.684396199999998,0.624000013,-0.00300000003,20230818421956,648,0x2,0x3,21.4400005,26.4167194,0.0262035672,-0.0944288671,8.64985213e-06,30,1,1
648102300004859,242533802,2460179.841928984,60179.338020800002,19.2476578,0.0575682819,0,zg,1.494626,29.684374300000002,0.744000018,-0.0359999985,20230823337986,648,0x2,0x3,21.3600006,26.3820667,0.0280783754,-0.059060283,1.0674903e-05,30,1.06799996,1
648102300004859,242739111,2460181.8951417943,60181.391111099998,18.165329,0.0284282472,0,zg,1.4946679,29.684384900000001,0.620999992,0.00300000003,20230825391042,648,0x2,0x3,21.7700005,26.4080181,0.0238824468,-0.0747416466,7.28571831e-06,30,1.00100005,1
648102300004859,243147482,2460185.9790866924,60185.474826400001,18.3677788,0.0319990255,0,zg,1.4946846,29.684391099999999,0.180000007,-0.0149999997,20230829474826,648,0x2,0x3,21.3199997,26.3952599,0.0284735858,-0.0867591873,1.02114018e-05,30,1.10699999,1
648102300004859,243346476,2460187.9691336812,60187.464768500002,18.907093,0.0453241654,0,zg,1.4946649000000001,29.6843781,0.363999993,-0.064000003,20230831464745,648,0x2,0x3,20.1000004,26.3271542,0.0372743458,-0.0463079326,3.30702424e-05,30,1.09500003,1
648102300004859,243833707,2460192.8416735474,60192.337071800001,18.5843124,0.0366045758,0,zg,1.49465,29.684389500000002,0.85799998,-0.0390000008,20230905336944,648,0x2,0x3,21.3299999,26.3893261,0.0263001453,-0.0742204785,8.86309226e-06,30,1.01600003,1
648102300004859,244028997,2460194.7946650735,60194.2899769,18.2197495,0.0293251947,0,zg,1.4946656,29.6843854,0.885999978,-0.0359999985,20230907289977,648,0x2,0x3,21.6700001,26.3951149,0.0239244085,-0.083081916,7.11577968e-06,30,1.08299994,1
648102300004859,244227739,2460196.782166848,60196.277395800003,18.530674,0.035380017,32768,zg,1.4946762,29.684345100000002,0.428000003,0.00200000009,20230909277396,648,0x2,0x3,20.4899998,25.1869583,0.0532855578,-0.0909187868,5.46355404e-05,30,1.10099995,1
648102300004859,244647401,2460200.9789448315,60200.474016200002,18.5593338,0.0360271074,0,zg,1.494658,29.684393400000001,0.744000018,-0,20230913473634,648,0x2,0x3,21.6100006,26.3637543,0.027249638,-0.0921687111,9.28514964e-06,30,1.25699997,1
648102300004859,244841592,2460202.9209192926,60202.415925900001,18.4449997,0.0335408226,0,zg,1.4946686,29.684405399999999,0.540000021,0.050999999,20230915415914,648,0x2,0x3,21.8700008,26.3678226,0.0232840888,-0.0866023302,6.68876191e-06,30,1.07599998,1
648102300004859,245034770,2460204.85276083,60204.347708300003,18.6217804,0.0374950282,0,zg,1.4946600999999999,29.6844033,1.10699999,0.0439999998,20230917347708,648,0x2,0x3,22.0799999,26.4048042,0.0254845116,-0.0968433619,8.03129115e-06,30,1.00100005,1
648102300004859,245240376,2460206.9088711799,60206.403761599999,18.5101833,0.0349273346,0,zg,1.4946666,29.684386,0.832000017,-0.00999999978,20230919403762,648,0x2,0x3,21.7099991,26.3880577,0.0240882244,-0.0645276532,7.31557657e-06,30,1.074,1
648102300004859,245532130,2460209.8264879556,60209.321307899998,18.4806919,0.0342900865,32768,zg,1.4946511,29.684415000000001,0.878000021,-0.0560000017,20230922321238,648,0x2,0x3,21.2000008,26.0809841,0.0332509391,-0.0906062275,1.46848097e-05,30,1,1
648102300004859,245841150,2460212.9167456338,60212.411504600001,18.7135963,0.0398051962,0,zg,1.4946797000000001,29.684393,1.00899994,-0.0549999997,20230925411505,648,0x2,0x3,21.8400002,26.3998318,0.025478024,-0.0995407179,8.06069511e-06,30,1.13800001,1
648102300004859,246038060,2460214.8858744437,60214.380601899997,18.4357624,0.0333507769,0,zg,1.4946676000000001,29.684392800000001,1.12399995,-0.0410000011,20230927380602,648,0x2,0x3,20.4200001,26.395771,0.0367365181,-0.0737805516,2.50737339e-05,30,1.07099998,1
648102300004859,246231868,2460216.8239785163,60216.318680600001,18.8021927,0.0422173515,0,zg,1.4947117999999999,29.6843833,0.797999978,-0.00300000003,20230929318681,648,0x2,0x3,20.1900005,26.4171009,0.0385532416,-0.0847902745,3.29441646e-05,30,1.00300002,1
648102300004859,246718082,2460221.6861584382,60221.180821800001,18.950985,0.0467100218,0,zg,1.49464,29.684391900000001,0.749000013,0.00300000003,20231004180822,648,0x2,0x3,21.5,26.3145199,0.0283962265,-0.0816859454,1.00886718e-05,30,1.19400001,1
648102300004859,246928994,2460223.7952844496,60223.289942099997,18.9534073,0.0467880368,0,zg,1.4946598,29.684408300000001,0.540000021,-0.0170000009,20231006289861,648,0x2,0x3,21.2299995,26.3782616,0.0306283571,-0.0692414269,1.19755223e-05,30,1,1
648102300004859,247425958,2460228.7649120726,60228.259583300001,19.1641331,0.0542311221,0,zg,1.4946853,29.684403700000001,0.74000001,0.00700000022,20231011259525,648,0x2,0x3,21.5499992,26.3954296,0.0247751549,-0.0647385716,7.64731976e-06,30,1.00199997,1
648102300004859,247725518,2460231.7604874512,60231.255185200003,19.1762791,0.0547020063,0,zg,1.4946573999999999,29.684392800000001,1.347,-0.0579999983,20231014255174,648,0x2,0x3,21.6800003,26.3996048,0.025818279,-0.093903482,8.36468826e-06,30,1.00100005,1
648102300004859,247921751,2460233.722788997,60233.2175116,19.0351906,0.0495193154,0,zg,1.4946360000000001,29.6843903,0.968999982,-0.0480000004,20231016217512,648,0x2,0x3,21.1599998,26.4004383,0.0303017125,-0.0923176482,1.19556335e-05,30,1.02400005,1
648102300004859,248119834,2460235.7035912331,60235.198344900004,19.373497,0.0630552024,0,zg,1.4946577000000001,29.684383199999999,1.38499999,0.061999999,20231018198333,648,0x2,0x3,21.7000008,26.4073429,0.0261274483,-0.0998104587,8.69547148e-06,30,1.04299998,1
648102300004859,248323525,2460237.7404627772,60237.235254599997,18.712883,0.0397865027,0,zg,1.4946562999999999,29.684380999999998,1.08299994,0.0149999997,20231020235255,648,0x2,0x3,21.75,26.3623772,0.0245859753,-0.077840969,7.55619476e-06,30,1.00199997,1
648102300004859,248526046,2460239.7656270191,60239.260462999999,18.8905563,0.0448154844,0,zg,1.4946868,29.684384699999999,1.14600003,-0.0549999997,20231022260463,648,0x2,0x3,21.4899998,26.4360142,0.0281655379,-0.119727895,9.75320381e-06,30,1.005,1
648102300004859,248831708,2460242.822169059,60242.317083299997,19.4826698,0.0682971701,0,zg,1.4946967,29.684375899999999,0.75,-0.0469999984,20231025316898,648,0x2,0x3,20.7299995,26.3906021,0.0331186987,-0.0840088874,1.77462844e-05,30,1.102,1
648102300004859,249128988,2460245.7948807981,60245.2898843,19.0637169,0.0505177937,0,zg,1.4946708,29.684354899999999,0.223000005,-0.00499999989,20231028289884,648,0x2,0x3,19.9500008,26.3914757,0.0435606763,-0.066027686,4.64078948e-05,30,1.05900002,1
648102300004859,249617641,2460250.6812341092,60250.176412000001,18.2962265,0.0306622442,0,zg,1.4946273999999999,29.684396799999998,1.03400004,0.00400000019,20231102176412,648,0x2,0x3,21.1599998,26.3874359,0.0307035111,-0.063685663,1.23142081e-05,30,1.01800001,1
648102300004859,249819368,2460252.6984208808,60252.193680600001,19.0028744,0.0484171957,0,zg,1.4946686,29.684382400000001,1.44500005,0.0289999992,20231104193681,648,0x2,0x3,21.7700005,26.39534,0.0249350667,-0.0840527564,7.71306077e-06,30,1.00199997,1
648102300004859,250018320,2460254.687860046,60254.183206000002,18.6280632,0.0376472324,0,zg,1.4946672000000001,29.684369199999999,0.672999978,0.00700000022,20231106183137,648,0x2,0x3,21.7600002,26.3981056,0.0238311701,-0.0719183907,7.07792833e-06,30,1.005,1
648102300004859,250322236,2460257.7268730165,60257.222361100001,18.8291779,0.0429897681,0,zg,1.4946231000000001,29.684339600000001,0.90200001,0.0350000001,20231109222350,648,0x2,0x3,20.5200005,26.3752632,0.0363034531,-0.0456198677,2.16671888e-05,30,1.01199996,1
648102300004859,250520126,2460259.7056743558,60259.201261599999,18.8568039,0.0437995419,32768,zg,1.4945292999999999,29.684432999999999,0.855000019,-0.00999999978,20231111201250,648,0x2,0x3,21.0100002,26.300827,0.0361802317,-0.143509999,1.85992176e-05,30,1.00199997,1
648102300004859,250719379,2460261.6981040831,60261.193796300002,18.8706207,0.0442118421,0,zg,1.4946687000000001,29.6843854,1.16499996,-0.00600000005,20231113193762,648,0x2,0x3,21.4599991,26.427702,0.0272895955,-0.118659884,9.25336644e-06,30,1.00199997,1
648102300004859,250937520,2460263.8793952605,60263.3752083,18.9598122,0.0469950736,0,zg,1.4946507,29.684392200000001,1.255,-0.00600000005,20231115375162,648,0x2,0x3,20.4699993,26.2281666,0.0379960723,-0.0801533386,2.61146288e-05,30,1.90100002,1
648102300004859,253022219,2460284.7249665209,60284.222199099997,18.4782219,0.0342374668,0,zg,1.4946577999999999,29.684390700000002,0.65200001,-0.0179999992,20231206222199,648,0x2,0x3,21.2000008,26.3809948,0.0316586681,-0.0889421552,1.32255072e-05,30,1.16299999,1
648102300004859,253622175,2460290.7240447155,60290.221759300002,18.5468102,0.0357423164,0,zg,1.4946623999999999,29.684377999999999,0.589999974,-0.0130000003,20231212221759,648,0x2,0x3,21.5499992,26.3727188,0.0288360026,-0.0968485922,1.04480469e-05,30,1.227,1
648102300004859,255712215,2460311.6226123623,60311.122152800002,18.1770439,0.0286176261,0,zg,1.4946467000000001,29.684403400000001,0.483999997,-0.0390000008,20240102122153,648,0x2,0x3,21.5,26.3790264,0.0274660625,-0.0992719382,9.62354534e-06,30,1.08500004,1
648102300004859,257320476,2460327.7037832076,60327.2047685,18.0794106,0.027098868,0,zg,1.4946215,29.6844036,0.828000009,0.0379999988,20240118204664,648,0x2,0x3,20.0200005,26.2169476,0.0391438119,-0.0430686288,3.59699407e-05,30,1.96800005,1
648102300004859,258315256,2460337.6507301689,60337.152569400001,18.2431259,0.0297241732,32768,zg,1.4949967,29.6846301,0.74000001,0.301999986,20240128152569,648,0x2,0x3,18.7800007,25.9824886,0.0426513776,-0.0412075147,0.000130508983,30,1.64199996,1
648102300004859,259814202,2460352.6390226814,60352.142025499998,18.6851139,0.0390685424,0,zg,1.4946394999999999,29.684434100000001,0.522000015,-0.0520000011,20240212142002,648,0x2,0x3,20.3999996,26.1948204,0.0423685759,-0.0684525892,3.3657052e-05,30,2.06200004,1
648102300004859,272545366,2460479.9523316612,60479.453669000002,19.8624477,0.0905197337,0,zg,1.4947604999999999,29.684597400000001,0.210999995,0.128999993,20240618453657,648,0x2,0x3,20.9899998,26.309433,0.0350946076,-0.0739715546,1.70250751e-05,30,1.28600001,1
648102300004859,272943226,2460483.931267268,60483.432268500001,18.8206825,0.0427446514,0,zg,1.4946728,29.684358899999999,0.889999986,0.0250000004,20240622432268,648,0x2,0x3,20.25,26.3029385,0.0388350338,-0.0387844257,3.26322224e-05,30,1.34599996,1
648102300004859,273445565,2460488.9550901428,60488.455659699997,18.3601532,0.0318524502,0,zg,1.4946451999999999,29.684387600000001,0.694000006,-0.0529999994,20240627455660,648,0x2,0x3,21.1700001,26.3538914,0.0316098221,-0.0720502809,1.32138266e-05,30,1.16799998,1
648102300004859,274845123,2460502.9518902898,60502.451238399997,18.9453316,0.0465285517,0,zg,1.4946618,29.684387000000001,0.623000026,0.0160000008,20240711451227,648,0x2,0x3,21.6200008,26.2007008,0.0263154171,-0.0597294867,8.64592312e-06,30,1.07200003,1
648102300004859,275144652,2460505.9474399169,60505.446527799999,18.8505363,0.0436141118,0,zg,1.4946687999999999,29.684388200000001,0.38499999,0.0270000007,20240714446528,648,0x2,0x3,21.6000004,26.2703342,0.0255808625,-0.094307363,8.27698477e-06,30,1.06500006,1
648102300004859,275540875,2460509.9100032574,60509.408750000002,18.7455292,0.0406531915,0,zg,1.4946602,29.684388599999998,0.910000026,0.00400000019,20240718408738,648,0x2,0x3,21.7000008,26.2095566,0.0267874412,-0.0571393482,9.06015157e-06,30,1.13300002,1
648102300004859,275743181,2460511.9332427848,60511.431817099998,18.4917374,0.0345268175,0,zg,1.4946672999999999,29.6843982,0.582000017,-0.00499999989,20240720431817,648,0x2,0x3,20.5,26.2390862,0.035940662,-0.0496509969,2.27885484e-05,30,1.06099999,1
648102300004859,276043086,2460514.9325466636,60514.430868099997,18.4435387,0.0335106775,0,zg,1.4946702999999999,29.684395599999998,0.444000006,-0.0419999994,20240723430868,648,0x2,0x3,20.5100002,26.2689114,0.0356425419,-0.0426003113,2.37228014e-05,30,1.04799998,1
648102300004859,276245538,2460516.9572290848,60516.455381899999,18.5580902,0.0359986909,0,zg,1.4946869,29.6843711,1.08200002,-0.143999994,20240725455382,648,0x2,0x3,20.4099998,26.2482891,0.0369124003,-0.0705828145,2.56847288e-05,30,1.01100004,1
648102300004859,276542790,2460519.9299963485,60519.427905099998,18.8356133,0.043176692,0,zg,1.4946457,29.684382800000002,0.76700002,-0.0260000005,20240728427905,648,0x2,0x3,21.2800007,26.3940907,0.0271194782,-0.0790280327,9.46881664e-06,30,1.03199995,1
648102300004859,276739112,2460521.8933725841,60521.391122699999,18.8783989,0.0444461368,0,zg,1.4946404,29.684369,0.760999978,-0.0329999998,20240730391123,648,0x2,0x3,21.3799992,26.3421631,0.0286049042,-0.0757841319,1.04681731e-05,30,1.09099996,1
648102300004859,277134785,2460525.8504214068,60525.3478588,18.8600826,0.0438969247,0,zg,1.4946417000000001,29.684378200000001,0.637000024,0.0179999992,20240803347859,648,0x2,0x3,21.7399998,26.2609348,0.0242621377,-0.0550877154,7.36827678e-06,30,1.19400001,1
648102300004859,277334414,2460527.8468599608,60527.344143499999,18.8063869,0.0423362143,0,zg,1.4946453,29.684377000000001,1.27600002,0.0529999994,20240805344132,648,0x2,0x3,21.6200008,26.2878056,0.0257499795,-0.079317078,8.39325912e-06,30,1.18700004,1
648102300004859,277543166,2460529.9345409893,60529.431666700002,18.5567989,0.035969194,32768,zg,1.4946609,29.684405900000002,1.01499999,-0.0179999992,20240807431667,648,0x2,0x3,20.8899994,25.520916,0.0478923619,-0.0433229618,3.50667506e-05,30,1.00399995,1
648102300004859,277830212,2460532.8053888679,60532.302129600001,18.9662914,0.047205735,32768,zg,1.4946432999999999,29.684381299999998,1.20500004,-0.063000001,20240810302118,648,0x2,0x3,21.8600006,26.9165115,0.0197316632,-0.063117899,4.91223182e-06,60,1.324,1
648102300004859,277930431,2460533.8076485959,60533.304317100003,18.1273193,0.027827384,32768,zg,1.4946317,29.684385599999999,0.871999979,0.0350000001,20240811304306,648,0x2,0x3,20.7099991,25.831934,0.0937720835,-0.030686276,0.000142232486,60,1.296,1
648102300004859,278234313,2460536.8465081737,60536.3431366,18.9232941,0.0458296277,0,zg,1.4946718000000001,29.684379199999999,0.873000026,-0.074000001,20240814343125,648,0x2,0x3,21.5400009,26.382225,0.0266531613,-0.0821059048,9.03435193e-06,30,1.10899997,1
648102300004859,278442693,2460538.9304461596,60538.426932900002,18.3282967,0.0312508345,0,zg,1.4946485,29.6843912,0.800000012,0.0299999993,20240816426933,648,0x2,0x3,21.4599991,26.4288921,0.0279895794,-0.118720949,1.0189985e-05,30,1,1
648102300004859,278935071,2460543.8545488501,60543.350717599998,18.933918,0.0461649224,0,zg,1.4946402999999999,29.6843678,0.372000009,-0.0460000001,20240821350671,648,0x2,0x3,20.5,26.3660545,0.0363739617,-0.0728525072,2.39097299e-05,30,1.04999995,1
648102300004859,279134396,2460545.8479228462,60545.343969900001,18.9736481,0.0474463031,0,zg,1.4946345999999999,29.684426999999999,1.13,-0.109999999,20240823343935,648,0x2,0x3,20.5900002,26.4069653,0.0324373096,-0.0802617222,1.84212076e-05,30,1.05200005,1
648102300004859,279434178,2460548.8459103182,60548.341782399999,19.0096416,0.0486454479,0,zg,1.494651,29.684384600000001,0.889999986,-0.0350000001,20240826341771,648,0x2,0x3,21.1200008,26.3473072,0.0307562891,-0.0772030428,1.2389507e-05,30,1.04200006,1
648102300004859,279629658,2460550.8008221607,60550.296585600001,19.008913,0.0486208163,0,zg,1.4946522,29.684407400000001,1.34800005,-0.00600000005,20240828296574,648,0x2,0x3,21.6499996,26.384325,0.0250445809,-0.0989116207,8.02408795e-06,30,1.13399994,1
648102300004859,279840655,2460552.9108997881,60552.406550899999,18.7483711,0.0407298207,0,zg,1.4946554999999999,29.6843851,1.46399999,-0.0280000009,20240830406551,648,0x2,0x3,21.7000008,26.4053783,0.0245422106,-0.101886943,7.66305311e-06,30,1.00600004,1
648102300004859,280131204,2460555.8165433235,60555.312048599997,20.0176163,0.101614878,0,zg,1.4945843999999999,29.684363600000001,1.46300006,0.116999999,20240902312037,648,0x2,0x3,21.6299992,26.3717194,0.0265370123,-0.0982878879,8.95339417e-06,30,1.06099999,1
648102300004859,280339209,2460557.8966875868,60557.392094900002,18.9414749,0.0464052856,0,zg,1.4946695000000001,29.684383499999999,0.950999975,-0.0109999999,20240904392072,648,0x2,0x3,21.6700001,26.3745575,0.0267991032,-0.115120746,9.10767449e-06,30,1.00600004,1
648102300004859,280537333,2460559.8780141324,60559.373333299998,19.0229683,0.0490989238,0,zg,1.4946701,29.684362,0.875999987,0.0130000003,20240906373090,648,0x2,0x3,21.5,26.3057804,0.0286755133,-0.0680519417,1.04112096e-05,30,1.00100005,1
648102300004859,280832306,2460562.8278695997,60562.323067099998,18.7354374,0.0403826199,0,zg,1.4946508000000001,29.684401699999999,0.833999991,-0.0460000001,20240909323056,648,0x2,0x3,21.5300007,26.183445,0.0266138539,-0.0881233886,8.97912014e-06,30,1.01699996,1
648102300004859,281028678,2460564.791659412,60564.286782399999,19.1225624,0.0526555069,0,zg,1.4946735,29.684392200000001,0.324000001,-0.00100000005,20240911286748,648,0x2,0x3,21.6599998,26.3548222,0.023862021,-0.0691154674,7.14316548e-06,30,1.06200004,1
648102300004859,281240719,2460566.9121506619,60566.407199100002,18.9818954,0.0477177985,32768,zg,1.4946339,29.684404000000001,0.893000007,0.0189999994,20240913407188,648,0x2,0x3,21.0699997,26.0744476,0.0312888883,-0.0806192905,1.30834851e-05,30,1.05200005,1
648102300004859,281527872,2460569.7837694464,60569.278726899996,18.7337971,0.0403388701,0,zg,1.4946556,29.684413899999999,0.458999991,-0.00700000022,20240916278692,648,0x2,0x3,20.1900005,26.39674,0.0394821651,-0.0804596394,3.37213169e-05,30,1.051,1
648102300004859,281831591,2460572.8210405293,60572.315914400002,19.1075439,0.0520997681,0,zg,1.4946592000000001,29.6843276,0.778999984,0.0659999996,20240919315833,648,0x2,0x3,20.2800007,26.3942165,0.0391469188,-0.0749914721,3.27237649e-05,30,1.00300002,1
648102300004859,282130607,2460575.8112718575,60575.306076399997,19.0304794,0.04935674,0,zg,1.4946991000000001,29.684358599999999,0.671000004,-0.0860000029,20240922306076,648,0x2,0x3,20.9400005,26.4014969,0.0332834162,-0.105163887,1.5968606e-05,30,1.00399995,1
648102300004859,282226260,2460576.7678190735,60576.262604199997,19.1269073,0.0528176278,0,zg,1.4946421999999999,29.684385200000001,1.18200004,0.0610000007,20240923262593,648,0x2,0x3,21.3099995,26.3722019,0.0269768536,-0.0838406384,9.33069168e-06,30,1.046,1
648102300004859,282334906,2460577.8542978172,60577.349062499998,18.6479416,0.0381343886,0,zg,1.4946199,29.684383499999999,0.64200002,-0.00100000005,20240924349062,648,0x2,0x3,20.9799995,26.3834324,0.0317490399,-0.0891661867,1.39705826e-05,30,1.01400006,1
648102300004859,282533619,2460579.8414602638,60579.336192100003,19.0189323,0.0489610396,0,zg,1.4946202,29.684368500000001,1.25399995,-0.0949999988,20240926336157,648,0x2,0x3,21.4200001,26.3776093,0.0283196904,-0.0904421136,1.02619842e-05,30,1.00899994,1
648102300004859,282938731,2460583.8926315368,60583.387314799998,18.9494553,0.0466608033,0,zg,1.4946581999999999,29.684392599999999,0.885999978,0.0390000008,20240930387303,648,0x2,0x3,21.7299995,26.3695736,0.0241991486,-0.0766023248,7.47954073e-06,30,1.11300004,1
648102300004859,283836685,2460592.8721870729,60592.366851899998,19.1484203,0.0536290631,0,zg,1.4947315999999999,29.684419299999998,0.680999994,-0.0390000008,20241009366840,648,0x2,0x3,21.1499996,26.3767948,0.0301437397,-0.0887718946,1.18080115e-05,30,1.125,1
648102300004859,284030560,2460594.8109248225,60594.3056019,20.343647,0.129239857,0,zg,1.4946484,29.684460099999999,1.09300005,0.157000005,20241011305602,648,0x2,0x3,21.6499996,26.3988647,0.0259473398,-0.0918765962,8.52598168e-06,30,1.01699996,1
648102300004859,284221997,2460596.7252820609,60596.2199769,18.4261303,0.0331542417,0,zg,1.4946472,29.684386,0.583999991,0.00200000009,20241013219942,648,0x2,0x3,21.2399998,26.3931198,0.02938498,-0.0548445545,1.14474751e-05,30,1.028,1
648102300004859,284424697,2460598.7522594766,60598.246979199997,18.7043476,0.0395639576,0,zg,1.4946431,29.6843909,1.097,0.0960000008,20241015246979,648,0x2,0x3,20.6499996,26.3562794,0.0347968116,-0.0352607705,2.00484501e-05,30,1.00199997,1
648102300004859,284628892,2460600.7941725017,60600.288923599997,18.9259033,0.0459116995,0,zg,1.4946090999999999,29.6844103,0.711000025,0.134000003,20241017288924,648,0x2,0x3,19.6700001,26.3809719,0.0415952653,-0.0615316965,5.42256821e-05,30,1.01699996,1
648102300004859,284926015,2460603.7653425355,60603.260150499998,19.2573452,0.057970617,0,zg,1.4945851000000001,29.684389100000001,0.809000015,0.123000003,20241020260116,648,0x2,0x3,20.4699993,26.4158611,0.0380143151,-0.0978292525,2.62090834e-05,30,1.00300002,1
648102300004859,285322789,2460607.7329889899,60607.227893499999,18.9900055,0.0479866639,0,zg,1.4946524000000001,29.684395599999998,1.07700002,0.100000001,20241024227639,648,0x2,0x3,21.75,26.3977242,0.0251525305,-0.0722337514,7.92778246e-06,30,1.00100005,1
648102300004859,285523959,2460609.7446325095,60609.239594899998,18.6176109,0.0373944715,32768,zg,1.4946742,29.684385800000001,0.328000009,0.0109999999,20241026239595,648,0x2,0x3,21.3799992,26.4358234,0.028578626,-0.136541754,1.0687254e-05,30,1.00100005,1
648102300004859,285730079,2460611.8057707176,60611.300798600001,18.9319687,0.0461031795,32768,zg,1.4947022999999999,29.684356000000001,0.545000017,0.0719999969,20241028300799,648,0x2,0x3,20.2900009,25.4854507,0.043461673,-0.0661718845,4.19284115e-05,30,1.08599997,1
648102300004859,286138929,2460615.8941179556,60615.389294000001,18.7208805,0.0399965458,0,zg,1.4946391000000001,29.684404799999999,0.536000013,-0.00899999961,20241101389282,648,0x2,0x3,20.8099995,26.295372,0.0347173102,-0.105657175,1.78736391e-05,30,1.62600005,1
648102300004859,286436804,2460618.8727451558,60618.368044000003,18.6972294,0.0393796377,0,zg,1.4946797000000001,29.684368200000002,1.09599996,0.0320000015,20241104368044,648,0x2,0x3,20.6700001,26.278677,0.0345725939,-0.0684563965,1.91226172e-05,30,1.50399995,1
648102300004859,287034400,2460624.8484228998,60624.344004600003,19.1320152,0.0530089736,0,zg,1.4946839000000001,29.684393,0.773000002,-0.0469999984,20241110344005,648,0x2,0x3,20.9599991,26.2606907,0.0335754268,-0.111313969,1.58657967e-05,30,1.44299996,1
648102300004859,287211010,2460626.6144300131,60626.110104200001,19.2533188,0.0578030199,0,zg,1.4947455000000001,29.684370300000001,0.916999996,-0.0390000008,20241112110104,648,0x2,0x3,20.1100006,26.3785992,0.0370571613,-0.070531331,3.0380339e-05,30,1.07799995,1
648102300004859,287419982,2460628.7040376631,60628.199826399999,18.8417835,0.0433568694,0,zg,1.4947181,29.684348700000001,0.407000005,0.0649999976,20241114199769,648,0x2,0x3,20.1200008,26.4257889,0.0386225097,-0.110455595,3.34485921e-05,30,1.00699997,1
648102300004859,287711005,2460631.6141007175,60631.110057899998,18.4487438,0.0336183198,0,zg,1.4946237,29.684438400000001,1.87800002,-0.0949999988,20241117110046,648,0x2,0x3,20.2199993,26.3653145,0.0382033922,-0.078680329,3.21659791e-05,30,1.04999995,1
648102300004859,288228081,2460636.7845293521,60636.280810199998,19.1207523,0.0525881723,0,zg,1.4947727,29.684362199999999,0.617999971,-0.0109999999,20241122280799,648,0x2,0x3,20.8999996,26.3710461,0.0319505259,-0.119628564,1.45107351e-05,30,1.25699997,1
648102300004859,288525946,2460639.7629868914,60639.259467600001,18.9728012,0.0474185087,32768,zg,1.4945499,29.684493100000001,0.791999996,-0.215000004,20241125259468,648,0x2,0x3,19.0200005,24.9868546,0.0908498317,-0.0603717566,0.000584912545,30,1.19799995,1
648102300004859,288921461,2460643.7178579327,60643.214618099999,19.0513287,0.0500812083,0,zg,1.4947193000000001,29.684410499999998,1.22000003,-0.00200000009,20241129214618,648,0x2,0x3,20.7199993,26.3109226,0.031756606,-0.0983772352,1.54046247e-05,30,1.08899999,1
648102300004859,289322459,2460647.7275361614,60647.224594899999,19.0477676,0.0499565676,0,zg,1.4946534,29.684377000000001,0.824999988,-0.0390000008,20241203224595,648,0x2,0x3,21.2999992,26.3019276,0.0444151424,-0.109238334,2.50348548e-05,30,1.14999998,1
648102300004859,289520119,2460649.7039810438,60649.201192100001,19.1313133,0.0529826172,0,zg,1.4946558999999999,29.684405399999999,1.11800003,-0.00700000022,20241205201157,648,0x2,0x3,21.6399994,26.3832722,0.0263213795,-0.104470991,8.74253146e-06,30,1.097,1
648102300004859,289720596,2460651.7085918225,60651.205960599997,19.2528839,0.057784941,0,zg,1.4946900999999999,29.684380600000001,0.785000026,-0.0689999983,20241207205926,648,0x2,0x3,21.2700005,26.3501434,0.0270679034,-0.053627681,9.50714548e-06,30,1.125,1
648102300004859,289915361,2460653.6560862102,60653.153611100002,19.1353283,0.0531335026,0,zg,1.4946558000000001,29.684376400000001,1.32099998,-0.063000001,20241209153611,648,0x2,0x3,21.0900002,26.412693,0.0278732274,-0.0814112127,1.05371801e-05,30,1.028,1
648102300004859,290115292,2460655.6552402708,60655.152928199997,18.9945774,0.0481390953,0,zg,1.4947789,29.684466700000002,0.739000022,0.0170000009,20241211152917,648,0x2,0x3,19.3600006,26.1604176,0.0381218195,-0.0799515098,5.71239398e-05,30,1.03400004,1
648102300004859,290421381,2460658.715876807,60658.2138194,19.0050125,0.0484891571,0,zg,1.4946661000000001,29.684393799999999,0.662999988,0.118000001,20241214213819,648,0x2,0x3,20.2099991,26.3672962,0.0377817601,-0.0850319862,3.2366268e-05,30,1.22399998,1
648102300004859,290610106,2460660.602962519,60660.101064800001,18.683033,0.0390154272,32768,zg,1.4946097,29.6845648,0.73299998,0.175999999,20241216101065,648,0x2,0x3,19.2900009,25.7298069,0.0520686619,-0.12067645,0.000111751455,30,1.00199997,1
648102300004859,290909768,2460663.5993254553,60663.097685200002,19.047411,0.0499441139,0,zg,1.4946813999999999,29.684389599999999,0.986999989,-0.00200000009,20241219097662,648,0x2,0x3,21.2800007,26.4288998,0.0297933333,-0.112104185,1.15689427e-05,30,1.00300002,1
648102300004859,291109292,2460665.5943946969,60665.0929282,19.0062313,0.0485302694,0,zg,1.4946542,29.684393799999999,0.933000028,-0.023,20241221092894,648,0x2,0x3,21.5499992,26.4109554,0.0296066105,-0.108673282,1.10243454e-05,30,1.00399995,1
648102300004859,291309465,2460667.595943341,60667.094652799999,18.8273468,0.0429367833,0,zg,1.4946318999999999,29.68439,0.637000024,0.0209999997,20241223094618,648,0x2,0x3,20.9300003,26.419178,0.0339167491,-0.110744037,1.6088039e-05,30,1.00800002,1
648102300004859,291926497,2460673.7657169481,60673.264976899998,18.8631096,0.0439870805,0,zg,1.4943915999999999,29.684523200000001,0.847000003,-0.00700000022,20241229264965,648,0x2,0x3,20.1800003,26.243288,0.0395336859,-0.102051459,3.51480412e-05,30,2.0999999,1
648102300004859,292309810,2460677.5984963207,60677.098101900003,19.1256638,0.0527711809,32768,zg,1.4946295000000001,29.684418300000001,0.762000024,-0.00300000003,20250102098090,648,0x2,0x3,21.3700008,26.4373913,0.0298112929,-0.138036862,1.12753578e-05,30,1.04200006,1
648102300004859,293822091,2460692.7199506098,60692.220914400001,19.003479,0.0484375283,32768,zg,1.4946824000000001,29.684544200000001,0.75,0.261000007,20250117220903,648,0x2,0x3,19.2199993,26.0841064,0.0572202913,-0.0843304619,0.000148920211,30,2.2579999,1
648102300004859,294013270,2460694.631576681,60694.1327083,19.3717823,0.0629765689,0,zg,1.4947041000000001,29.684404300000001,0.549000025,-0.0280000009,20250119132697,648,0x2,0x3,20.4599991,26.3354626,0.038794715,-0.0902583674,2.73167698e-05,30,1.31099999,1
648102300004859,295212072,2460706.6185854385,60706.120729200004,18.955658,0.0468606688,32768,zg,1.4947674,29.684455499999999,1.74699998,-0.0879999995,20250131120718,648,0x2,0x3,20.8199997,26.3780384,0.0364160985,-0.138482034,2.07086523e-05,30,1.44700003,1
648102300004859,307243209,2460826.929321771,60826.432094900003,18.880352,0.0445051976,32768,zg,1.4945999999999999,29.684382599999999,0.815999985,0.224999994,20250531432095,648,0x2,0x3,19.9599991,25.7431469,0.0558700152,-0.0492771901,7.9672187e-05,30,1.96099997,1
648102300004859,309947207,2460853.9714815863,60853.472071800003,19.2170792,0.0563193858,0,zg,1.4946311000000001,29.684396199999998,1.15699995,-0.057,20250627472072,648,0x2,0x3,21.3299999,26.2648354,0.0294952895,-0.0816680267,1.11449463e-05,30,1.11699998,1
648102300004859,310342652,2460857.9262813283,60857.426527800002,19.2643471,0.0582634769,0,zg,1.4946174000000001,29.684392299999999,1.33099997,0.0439999998,20250701426528,648,0x2,0x3,21.5300007,26.3432465,0.0246410444,-0.0800675899,7.77702644e-06,30,1.24699998,1
648102300004859,310539071,2460859.8906425908,60859.390717599999,19.3391743,0.0615015887,0,zg,1.4946374,29.684419500000001,0.934000015,0.0820000023,20250703390718,648,0x2,0x3,21.2800007,26.2641048,0.03021078,-0.085833706,1.1903523e-05,30,1.42799997,1
648102300004859,313332011,2460887.8224197039,60887.3201157,18.9666862,0.0472185984,0,zg,1.4946219999999999,29.684392599999999,0.843999982,0.00400000019,20250731320046,648,0x2,0x3,21.2999992,26.3428402,0.0299311839,-0.0987439007,1.17238278e-05,30,1.38699996,1
648102300004859,314045425,2460894.9571160148,60894.454259300001,19.4046078,0.0645017773,0,zg,1.4946484,29.684382500000002,0.643000007,-0.0299999993,20250807454120,648,0x2,0x3,21.5,26.3825989,0.0272592437,-0.0951400027,9.63596267e-06,30,1,1
648102300004859,314344487,2460897.9479499878,60897.444872699998,19.2849884,0.0591367483,0,zg,1.4946573000000001,29.6844471,0.363000005,-0.0189999994,20250810444630,648,0x2,0x3,20.2900009,26.2560978,0.0379202217,-0.04645022,3.19819192e-05,30,1,1
648102300004859,314741424,2460901.9176063589,60901.414247699999,18.9912758,0.0480289683,32768,zg,1.4946641000000001,29.684414799999999,0.524999976,0.178000003,20250814414213,648,0x2,0x3,19.7600002,25.8635731,0.0389874652,-0.0389275961,4.82271025e-05,30,1.00300002,1
648102300004859,315029959,2460904.8031492317,60904.299594900003,19.1043377,0.0519820191,0,zg,1.4946644,29.684387999999998,0.555000007,0.0160000008,20250817299583,648,0x2,0x3,21.6200008,26.3323956,0.0264045354,-0.0680885538,8.92388744e-06,30,1.24100006,1
648102300004859,315532288,2460909.8267576667,60909.3228819,18.8617649,0.0439470001,0,zg,1.4946501999999999,29.684389599999999,1.04799998,-0.0680000037,20250822322882,648,0x2,0x3,21.7299995,26.2652836,0.0253523141,-0.0822733715,8.1825292e-06,30,1.10699999,1
648102300004859,315736901,2460911.8730153656,60911.369016199998,19.2388191,0.0572039746,0,zg,1.4946644,29.684385200000001,1.16199994,0.0149999997,20250824369005,648,0x2,0x3,21.7199993,26.3407249,0.0256687533,-0.0796070173,8.31423495e-06,30,1.01499999,1
648102300004859,316031959,2460914.8237637966,60914.3195949,19.0676098,0.050655961,0,zg,1.4946598,29.684403,1.07700002,-0.0280000009,20250827319595,648,0x2,0x3,21.7000008,26.3445282,0.0244493503,-0.0907302648,7.53183622e-06,30,1.08099997,1
648102300004859,316329872,2460917.8030569898,60917.2987269,19.0790253,0.0510637015,0,zg,1.4946524999999999,29.684366900000001,0.542999983,0.0120000001,20250830298727,648,0x2,0x3,21.6100006,26.3589897,0.0262451321,-0.103403926,8.74608031e-06,30,1.11300004,1
648102300004859,316532751,2460919.8319454072,60919.3275116,19.5457535,0.0715442672,0,zg,1.4946919000000001,29.684343800000001,1.03100002,-0.104999997,20250901327477,648,0x2,0x3,21.7900009,26.3448029,0.0250277501,-0.0817450806,7.92219998e-06,30,1.03999996,1
648102300004859,316944513,2460923.9497674885,60923.445138900002,18.8416214,0.0433521233,0,zg,1.4946473,29.6843957,0.818000019,-0.0189999994,20250905445139,648,0x2,0x3,21.2399998,26.3351345,0.0280801896,-0.0873820186,1.04941018e-05,30,1.08399999,1
648102300004859,317135620,2460925.8609153782,60925.356203700001,18.8672352,0.044110354,0,zg,1.4946410000000001,29.684372400000001,0.370000005,-0.0390000008,20250907356076,648,0x2,0x3,20.3199997,26.3599529,0.0396107249,-0.0692094788,3.33653443e-05,30,1.00100005,1
648102300004859,317333995,2460927.8447465627,60927.3399537,18.9961624,0.0481920466,0,zg,1.4946432000000001,29.684413299999999,0.662999988,-0.150999993,20250909339919,648,0x2,0x3,20.5100002,26.3897247,0.0386682786,-0.0660861209,2.70234686e-05,30,1.005,1
648102300004859,317534206,2460929.8469297099,60929.342060199997,19.7982426,0.0862896889,0,zg,1.4944535000000001,29.684339000000001,1.02600002,0.141000003,20250911342060,648,0x2,0x3,20.2000008,26.3656616,0.0387209207,-0.114174329,3.25358742e-05,30,1.00199997,1
648102300004859,317831100,2460932.8159800321,60932.311006900003,19.07967,0.0510868132,0,zg,1.4946424,29.684381299999998,0.819999993,0.023,20250914311007,648,0x2,0x3,21.4300003,26.3662052,0.0267471913,-0.0876082629,9.04635726e-06,30,1.01600003,1
648102300004859,318034188,2460934.8469235855,60934.341886599999,19.3773079,0.0632304326,0,zg,1.4946314000000001,29.6843453,0.971000016,0.101999998,20250916341829,648,0x2,0x3,21.0799999,26.3747234,0.038598869,-0.09888044,1.96523251e-05,30,1,1
648102300004859,318428190,2460938.7870537932,60938.281909700003,20.3711414,0.131848335,0,zg,1.4946364999999999,29.684467600000001,0.573000014,0.0130000003,20250920281910,648,0x2,0x3,21.7399998,26.3805084,0.0239726733,-0.0723559633,7.33275238e-06,30,1.03100002,1
648102300004859,318733424,2460941.8394592688,60941.334247699997,20.8939476,0.174328208,0,zg,1.4946367,29.6843234,1.33299994,0.108999997,20250923333970,648,0x2,0x3,21.8899994,26.3573265,0.0252009109,-0.069251053,8.10601159e-06,30,1.00300002,1
648102300004859,318933024,2460943.835491321,60943.330243099997,20.8699646,0.172520995,0,zg,1.4946387999999999,29.684383100000002,0.957000017,-0.0439999998,20250925330174,648,0x2,0x3,21.8299999,26.3771191,0.023453068,-0.0662206337,7.02700527e-06,30,1.00300002,1
648102300004859,319537030,2460949.8756235833,60949.370300900002,20.4527569,0.139849707,0,zg,1.4946474999999999,29.684412399999999,0.541000009,-0.0599999987,20251001370289,648,0x2,0x3,21.5599995,26.4109917,0.0271744058,-0.106023863,9.456724e-06,30,1.07500005,1
648102300004859,319938697,2460953.8923208029,60953.386979199997,20.0180855,0.101650402,0,zg,1.4946862000000001,29.684428799999999,0.721000016,-0.00999999978,20251005386968,648,0x2,0x3,20.2600002,26.3849335,0.0383490212,-0.0913591385,3.13345117e-05,30,1.15199995,1
648102300004859,320625870,2460960.7640208006,60960.258703699998,20.4540787,0.139982611,0,zg,1.4945349999999999,29.684296799999998,1.23699999,0.156000003,20251012258669,648,0x2,0x3,21.2900009,26.4303303,0.0299954414,-0.103854053,1.16616211e-05,30,1.00100005,1
648102300004859,321222483,2460966.7300753309,60966.224838000002,20.9206429,0.176339746,0,zg,1.4947294,29.684352799999999,1.02900004,0.266000003,20251018224826,648,0x2,0x3,21.75,26.398798,0.0249797534,-0.0847163498,7.89856131e-06,30,1.00999999,1
648202300007281,51444796,2458268.9451047103,58268.447962999999,19.172245,0.0642613098,0,zr,1.4946052000000001,29.684469100000001,0.319000006,-0.0560000017,20180530447951,648,0x2,0x3,20.2000008,26.1086311,0.0278078821,0.0982809067,9.68398581e-06,30,1.78600001,1
648202300007281,51744365,2458271.9410157409,58271.443657399999,19.521368,0.0831408873,0,zr,1.4947116,29.684407499999999,0.606999993,-0.166999996,20180602443657,648,0x2,0x3,20.4200001,26.0793514,0.0280914716,0.108825214,1.00011212e-05,30,1.73699999,1
648202300007281,52046682,2458274.9644129733,58274.466828700002,18.860466,0.0511721261,0,zr,1.4946718000000001,29.684350800000001,1.16499996,-0.112000003,20180605466782,648,0x2,0x3,20.7900009,26.1823807,0.0221848451,0.0912250727,6.40604958e-06,30,1.43700004,3
648202300007281,52047856,2458274.9761499749,58274.478564800003,19.1850185,0.0648689643,0,zr,1.494656,29.684394999999999,0.407000005,-0.0199999996,20180605478542,648,0x2,0x3,20.8099995,26.1698666,0.0239343904,0.0982609913,7.45527814e-06,30,1.35599995,1
648202300007281,52247107,2458276.9688141998,58276.471076399997,19.2502975,0.06806878,0,zr,1.4946790999999999,29.684411000000001,0.416999996,-0.0390000008,20180607470961,648,0x2,0x3,20.8099995,26.1643009,0.0217273012,0.0938511118,6.00781323e-06,30,1.37,3
648202300007281,52342519,2458277.9230086459,58277.425196800003,19.3193092,0.0716274604,0,zr,1.49454,29.684390199999999,1.00100005,-0.114,20180608425150,648,0x2,0x3,20.6700001,26.0645485,0.0235631764,0.0929490179,7.09833148e-06,30,1.76400006,3
648202300007281,52342611,2458277.92392301,58277.426111100001,19.2649765,0.0688104108,0,zr,1.4946315999999999,29.684443300000002,0.921999991,-0.123999998,20180608426100,648,0x2,0x3,20.7099991,26.0622005,0.0232908744,0.0877481103,6.93610036e-06,30,1.75300002,1
648202300007281,52447465,2458278.9725468582,58278.474652800003,20.3035088,0.1439161,0,zr,1.4948729999999999,29.684415399999999,0.675999999,-0.0839999989,20180609474606,648,0x2,0x3,20.8899994,26.1582851,0.0217606798,0.0953379348,6.07554057e-06,30,1.31400001,3
648202300007281,52646814,2458280.9662002572,58280.468148100001,19.0495491,0.0587211438,0,zr,1.4946519,29.684375200000002,0.836000025,-0.0820000023,20180611468102,648,0x2,0x3,21.1800003,26.1776676,0.0218521077,0.0881482139,6.1373853e-06,30,1.32000005,3
648202300007281,52647673,2458280.974788948,58280.476736099998,19.5192394,0.0830107629,0,zr,1.4946914,29.6843474,0.367000014,-0.00300000003,20180611476713,648,0x2,0x3,20.9400005,26.1742897,0.0205580182,0.101980254,5.41392819e-06,30,1.27400005,1
648202300007281,52747340,2458281.9715356003,58281.473402800002,19.4017963,0.0761265084,0,zr,1.4947067999999999,29.684399599999999,0.922999978,0.0590000004,20180612473356,648,0x2,0x3,21.1399994,26.1833248,0.0210842155,0.104466207,5.62615878e-06,30,1.27699995,3
648202300007281,52846773,2458282.9659446399,58282.467731500001,19.3435993,0.0729241371,0,zr,1.4947324,29.684401999999999,0.717000008,0.0790000036,20180613467708,648,0x2,0x3,20.7299995,25.8303185,0.0233495589,0.110131808,6.92552567e-06,30,1.29200006,3
648202300007281,52946819,2458283.9664889383,58283.468194399997,19.0903492,0.0605048127,0,zr,1.4947398000000001,29.6844052,0.425000012,0.0270000007,20180614468183,648,0x2,0x3,20.8099995,26.1734905,0.0233069416,0.101892971,6.98217218e-06,30,1.27499998,1
648202300007281,53046718,2458284.9655638575,58284.467187499999,19.2875519,0.0699670166,32768,zr,1.4946341999999999,29.684396799999998,0.68599999,-0.0939999968,20180615467130,648,0x2,0x3,19.8799992,24.7652988,0.0483535826,0.10636913,3.14192548e-05,30,1.26699996,3
648202300007281,53246965,2458286.9681946426,58286.469652799999,19.4059601,0.0763608143,0,zr,1.4946633,29.684405600000002,0.84799999,-0.0659999996,20180617469560,648,0x2,0x3,20.8099995,26.2010574,0.0221634358,0.088818185,6.25392249e-06,30,1.22899997,1
648202300007281,53547004,2458289.9688394503,58289.470046299997,19.1664886,0.0639894009,0,zr,1.4947116,29.684404900000001,1.41499996,-0.112999998,20180620469988,648,0x2,0x3,21.1800003,26.1802921,0.0211631469,0.109322682,5.71878672e-06,30,1.19200003,1
648202300007281,53737619,2458291.8751466502,58291.376192099997,19.1992455,0.0655528605,0,zr,1.4946505999999999,29.684444299999999,0.647000015,-0.111000001,20180622375799,648,0x2,0x3,20.8799992,26.1153374,0.0217178427,0.0932016522,6.03965418e-06,30,1.91700006,3
648202300007281,53737762,2458291.8765819767,58291.377627299997,19.1268101,0.0621477291,0,zr,1.4946358,29.6844033,1.09200001,-0.0260000005,20180622377569,648,0x2,0x3,21.0599995,26.1119118,0.0207769275,0.0981363878,5.5308119e-06,30,1.89499998,3
648202300007281,53737906,2458291.8780172998,58291.379062499997,19.1341095,0.0624823309,0,zr,1.4946339,29.684422000000001,1.15199995,-0.128999993,20180622379016,648,0x2,0x3,20.9300003,26.1152077,0.0213288739,0.0937065333,5.81732229e-06,30,1.87399995,3
648202300007281,53847743,2458292.9764791019,58292.477430600004,19.2906952,0.0701296329,0,zr,1.4946625,29.684385500000001,0.726000011,-0.0480000004,20180623477419,648,0x2,0x3,21.3299999,26.1875858,0.0190587249,0.0981087312,4.69556517e-06,30,1.13699996,1
648202300007281,54236141,2458296.860794242,58296.361411999998,19.2227669,0.0666999146,0,zr,1.4945236,29.684402899999998,0.874000013,0.0979999974,20180627361412,648,0x2,0x3,19.7000008,26.1257343,0.0388397127,0.0805827677,1.95083212e-05,30,1.93400002,1
648202300007281,54542009,2458299.9197401917,58299.420092599998,19.2712708,0.0691309348,0,zr,1.4947220000000001,29.684426299999998,0.685000002,0.0289999992,20180630420093,648,0x2,0x3,20.2999992,26.1337776,0.0292601231,0.114274509,1.08633476e-05,30,1.29999995,1
648202300007281,54841357,2458302.9134849883,58302.413576400002,19.0679741,0.0595195405,0,zr,1.4949448999999999,29.684458200000002,0.972000003,0.226999998,20180703413553,648,0x2,0x3,19.9799995,26.1575603,0.040320728,0.11324507,4.1451538e-05,30,1.29100001,1
648202300007281,55143291,2458305.9330893331,58305.432916700003,19.5836277,0.0870312825,0,zr,1.4946695999999999,29.6844058,0.660000026,-0.0599999987,20180706432894,648,0x2,0x3,20.8700008,26.1416607,0.0202242546,0.0984238461,5.25892983e-06,30,1.16799998,1
648202300007281,55942430,2458313.9251754815,58313.424305599998,19.5233498,0.0832621455,0,zr,1.4946288999999999,29.6844134,1.14100003,-0.023,20180714424294,648,0x2,0x3,21.6200008,26.0594368,0.0204419214,0.0939574167,5.39378425e-06,30,1.12399995,1
648202300007281,56245332,2458316.9544533719,58316.4533218,19.0398788,0.0583067387,0,zr,1.4946689,29.684394600000001,1.21800005,-0.0309999995,20180717453287,648,0x2,0x3,21.5100002,26.1118393,0.0203460474,0.0937214196,5.31570277e-06,30,1.04100001,1
648202300007281,56544984,2458319.9512374364,58319.449849500001,18.9672184,0.0552927926,0,zr,1.4946432000000001,29.684402299999999,0.795000017,-0.0430000015,20180720449792,648,0x2,0x3,21.6900005,26.209177,0.0193413775,0.090126425,4.82590895e-06,30,1.03400004,1
648202300007281,56840947,2458322.9111172473,58322.409479200003,19.3871708,0.0753089115,0,zr,1.4946434,29.6844085,0.810000002,-0.0700000003,20180723409433,648,0x2,0x3,21.7600002,26.2030506,0.0188944507,0.0925125033,4.58214072e-06,30,1.097,1
648202300007281,57443146,2458328.9336050143,58328.431469900002,19.0001431,0.0566368774,0,zr,1.4945713,29.684392200000001,0.866999984,0.0920000002,20180729431400,648,0x2,0x3,20.1000004,25.8855839,0.0333658792,0.104808018,1.45967533e-05,30,1.02499998,1
648202300007281,57740871,2458331.9110890725,58331.4087153,19.4151592,0.0768810809,0,zr,1.4946584999999999,29.684397000000001,0.460999995,-0.0579999983,20180801408704,648,0x2,0x3,20.7900009,26.1449146,0.0268755313,0.0981752872,9.25149016e-06,30,1.04700005,1
648202300007281,58045787,2458334.960482961,58334.457870400001,19.2489815,0.0680026859,0,zr,1.4946678,29.6843833,1.04999995,-0.114,20180804457813,648,0x2,0x3,21.2900009,26.1865158,0.0224301554,0.0993298292,6.38344545e-06,30,1,1
648202300007281,58334880,2458337.85164095,58337.348807900002,19.2804546,0.0696013197,0,zr,1.4946651,29.6843872,0.104999997,-0.00400000019,20180807348796,648,0x2,0x3,21.7000008,26.1864567,0.0183224194,0.0969100073,4.29960801e-06,30,1.15699995,1
648202300007281,58446571,2458338.9686342361,58338.465717599996,19.037508,0.0582056157,0,zr,1.4946598,29.684387699999998,0.883000016,-0.0219999999,20180808465648,648,0x2,0x3,21.6399994,26.1803513,0.019429028,0.100389093,4.78108905e-06,30,1.005,3
648202300007281,58846503,2458342.9682423249,58342.465034699999,19.4016838,0.0761201531,0,zr,1.4946218,29.684378899999999,1.01300001,-0.00999999978,20180812465023,648,0x2,0x3,21.5499992,26.1315765,0.0189189631,0.0931849629,4.56249245e-06,30,1.01199996,3
648202300007281,58935793,2458343.8612105227,58343.3579398,19.2042885,0.0657970384,0,zr,1.4946343,29.684412200000001,1.27900004,-0.0320000015,20180813357928,648,0x2,0x3,21.7299995,26.169632,0.0201140773,0.0840120986,5.20023514e-06,30,1.08299994,3
648202300007281,58936996,2458343.8732368709,58343.3699653,19.0380516,0.0582287796,0,zr,1.4946874999999999,29.684416800000001,1.11300004,-0.0130000003,20180813369954,648,0x2,0x3,21.7199993,26.1534481,0.0232985951,0.0980874076,6.9248199e-06,30,1.05799997,1
648202300007281,59043474,2458344.9380913172,58344.434745400002,19.2433472,0.0677205175,0,zr,1.4946489999999999,29.6844055,0.873000026,-0.0480000004,20180814434722,648,0x2,0x3,21.9300003,26.1723614,0.0214695912,0.0896352604,6.01682359e-06,30,1,3
648202300007281,59138523,2458345.8886428881,58345.385231499997,19.1491928,0.0631796494,0,zr,1.4946634000000001,29.684396700000001,1.27400005,-0.0759999976,20180815385139,648,0x2,0x3,21.7199993,26.1534977,0.0182993412,0.0857011527,4.30651608e-06,30,1.02499998,3
648202300007281,59240745,2458346.9109345758,58346.407453699998,19.4735088,0.0802619457,0,zr,1.4946633,29.684380300000001,0.458999991,0.0240000002,20180816407442,648,0x2,0x3,21.8999996,26.1397476,0.0225011241,0.0953595042,6.41309225e-06,30,1.00399995,1
648202300007281,59240837,2458346.9118605382,58346.408379599998,19.4469337,0.0787047744,0,zr,1.4946651,29.684384099999999,0.728999972,0.0689999983,20180816408368,648,0x2,0x3,21.9300003,26.1401711,0.0212719496,0.0906884596,5.7200059e-06,30,1.00399995,3
648202300007281,59340423,2458347.9077837705,58347.404236100003,19.2106762,0.0661076829,0,zr,1.4946607999999999,29.684404199999999,0.551999986,-0.0399999991,20180817404190,648,0x2,0x3,21.8099995,26.1489754,0.0199264828,0.0902663395,5.15322017e-06,30,1.005,3
648202300007281,59441026,2458348.9138803086,58348.4102662,21.384964,0.233264923,0,zr,1.4947359,29.6843827,1.57700002,-0.351000011,20180818410231,648,0x2,0x3,22.0200005,26.164444,0.0215053484,0.0940585285,5.96931295e-06,30,1.00100005,3
648202300007281,59534652,2458349.8502028277,58349.3465278,19.4336224,0.0779356882,0,zr,1.4946828000000001,29.684382400000001,0.657000005,-0.0170000009,20180819346516,648,0x2,0x3,21.8199997,26.1803112,0.0193253476,0.0915135741,4.79333903e-06,30,1.07200003,3
648202300007281,59534746,2458349.8511403897,58349.347465300001,19.3253155,0.0719459578,0,zr,1.4946482999999999,29.684398000000002,1.03699994,-0.0839999989,20180819347442,648,0x2,0x3,21.7299995,26.183033,0.0184466038,0.0886861086,4.36960045e-06,30,1.07000005,1
648202300007281,59639362,2458350.8973648497,58350.393622700001,18.9652233,0.0552125089,0,zr,1.4946655,29.684389500000002,1.43400002,-0.00499999989,20180820393576,648,0x2,0x3,21.8099995,26.1817837,0.0246183574,0.0978305936,7.75785247e-06,30,1.00600004,3
648202300007281,59738810,2458351.8919067499,58351.388101899996,19.6178799,0.0892425552,0,zr,1.4945980999999999,29.684361299999999,1.20299995,-0.00400000019,20180821388090,648,0x2,0x3,21.7999992,26.182457,0.018751435,0.0959969386,4.50017478e-06,30,1.00800002,3
648202300007281,59832677,2458352.8306338596,58352.326770799998,19.367054,0.0741984621,0,zr,1.4946330000000001,29.684374999999999,0.773999989,-0.0780000016,20180822326736,648,0x2,0x3,21.2700005,26.1756611,0.0203435998,0.0942254737,5.38040968e-06,30,1.10000002,1
648202300007281,59846799,2458352.9718694519,58352.467997699998,19.2419357,0.0676500127,0,zr,1.4946619999999999,29.684396499999998,0.483999997,-0.00999999978,20180822467975,648,0x2,0x3,22.0100002,26.1818161,0.0224730521,0.0920312479,6.52454446e-06,30,1.05200005,3
648202300007281,59945719,2458353.9611310693,58353.457199099998,20.9245892,0.196368814,0,zr,1.4946381,29.684413500000002,1.21599996,0.119999997,20180823457141,648,0x2,0x3,21.7800007,26.2153263,0.0191112533,0.0892132074,4.69926727e-06,30,1.03900003,3
648202300007281,59946570,2458353.9696384785,58353.465706000003,18.8835697,0.0520339422,0,zr,1.4946622000000001,29.684418000000001,0.79400003,-0.101999998,20180823465683,648,0x2,0x3,21.8299999,26.2072239,0.018496776,0.0915839821,4.41516795e-06,30,1.05299997,3
648202300007281,60034681,2458354.8508023224,58354.346817099999,19.0790939,0.0600070171,0,zr,1.4946645999999999,29.684386799999999,0.85799998,-0.0430000015,20180824346782,648,0x2,0x3,20.9500008,26.2070541,0.0236876849,0.101693437,7.26203461e-06,30,1.04499996,3
648202300007281,60045805,2458354.9620474228,58354.4580556,19.3676758,0.0742325038,0,zr,1.4946931000000001,29.6843827,0.972000003,-0.057,20180824457998,648,0x2,0x3,21.1299992,26.2253475,0.0214261115,0.091437906,5.90354057e-06,30,1.04400003,3
648202300007281,60148921,2458355.9932653303,58355.489213000001,19.7327518,0.097031109,0,zr,1.4946599,29.684415699999999,0.740999997,0.0390000008,20180825489201,648,0x2,0x3,21.0900002,26.2079296,0.024409622,0.0950416774,7.61932915e-06,30,1.12199998,1
648202300007281,60149012,2458355.9941796851,58355.4901273,19.654398,0.091656059,0,zr,1.4946767000000001,29.6843726,0.529999971,-0.108999997,20180825490116,648,0x2,0x3,21.1000004,26.191576,0.0217330754,0.096778661,6.0407715e-06,30,1.12399995,3
648202300007281,60242187,2458356.9259810792,58356.421875,19.6023426,0.0882331878,0,zr,1.4947189999999999,29.684474999999999,0.708000004,0.0280000009,20180826421829,648,0x2,0x3,20.3500004,26.2479687,0.0249329992,0.0790131763,8.00999169e-06,30,1.00899994,3
648202300007281,60246995,2458356.9740625168,58356.469953699998,19.0847569,0.0602569468,0,zr,1.4946474999999999,29.684359700000002,0.566999972,-0.108000003,20180826469919,648,0x2,0x3,20.75,26.2259426,0.0211143475,0.0962196216,5.6888116e-06,30,1.07799995,3
648202300007281,60321648,2458357.7206324991,58357.2164815,19.5131912,0.0826421529,0,zr,1.4944980999999999,29.684367699999999,0.532000005,-0.0649999976,20180827216481,648,0x2,0x3,19.8400002,26.1706467,0.0318202339,0.0974270999,1.30299168e-05,30,1.66299999,3
648202300007281,60341480,2458357.918965417,58357.414803200001,18.991827,0.0562940426,0,zr,1.4946512000000001,29.684384399999999,0.610000014,-0.0109999999,20180827414745,648,0x2,0x3,20.7800007,26.233305,0.0229638144,0.100696675,6.70580857e-06,30,1.00600004,3
648202300007281,60440231,2458358.9065317223,58358.402314799998,19.5246334,0.0833408237,0,zr,1.494726,29.684441199999998,0.665000021,-0.136999995,20180828402257,648,0x2,0x3,20.25,26.2169838,0.0274027325,0.102817334,9.51492802e-06,30,1.00199997,3
648202300007281,60440325,2458358.9074692749,58358.403252299999,19.5087185,0.0823705569,0,zr,1.4945638999999999,29.684520800000001,0.809000015,-0.238999993,20180828403229,648,0x2,0x3,19.6800003,26.0450134,0.035634473,0.0923549533,1.68235856e-05,30,1.00199997,1
648202300007281,60532163,2458359.8258987321,58359.321631899998,19.1219444,0.0619258024,0,zr,1.494683,29.684388500000001,0.65200001,-0.0790000036,20180829321620,648,0x2,0x3,20.5599995,26.2236576,0.0232395027,0.090352878,6.92616777e-06,30,1.06700003,3
648202300007281,60535893,2458359.8632040466,58359.358935199998,19.7192039,0.0960824788,0,zr,1.4946812,29.684446999999999,0.739000022,0.130999997,20180829358773,648,0x2,0x3,20.0599995,26.0907211,0.0305377282,0.106857322,1.19703482e-05,30,1.01300001,3
648202300007281,60634210,2458360.846427598,58360.3421065,19.4600716,0.0794708878,0,zr,1.4946477,29.684438199999999,0.402999997,0.0399999991,20180830342072,648,0x2,0x3,20.4099998,26.2206497,0.025704192,0.103491522,8.4831845e-06,30,1.028,3
648202300007281,60734172,2458361.8460975531,58361.341724500002,20.1443005,0.129594818,0,zr,1.4946264,29.6844295,0.541000009,-0.0949999988,20180831341713,648,0x2,0x3,21.2000008,26.2218437,0.0213534776,0.0948014781,5.84253485e-06,30,1.02499998,1
648202300007281,60734986,2458361.8542345748,58361.349861100003,19.9614677,0.114255369,0,zr,1.4946227000000001,29.684410100000001,1.23899996,-0.157000005,20180831349826,648,0x2,0x3,20.9500008,26.2290421,0.0201207735,0.0999518409,5.2141736e-06,30,1.01600003,3
648202300007281,60833707,2458362.8414953928,58362.337071800001,20.1075134,0.126404911,0,zr,1.4946328,29.6844164,0.584999979,-0.063000001,20180901336898,648,0x2,0x3,21.3099995,26.2231388,0.020334933,0.100204468,5.27164048e-06,30,1.02699995,3
648202300007281,60927756,2458363.7820396102,58363.277569400001,19.6379032,0.0905586854,0,zr,1.4946945,29.684407,0.467000008,0.0359999985,20180902277512,648,0x2,0x3,21.1299992,26.1727581,0.020167565,0.0946196094,5.23406652e-06,30,1.15600002,3
648202300007281,61032246,2458364.8269860819,58364.3224653,20.6952724,0.177990437,0,zr,1.4946208999999999,29.684466499999999,1.36000001,0.162,20180903322454,648,0x2,0x3,21.3999996,26.1659584,0.0193587169,0.0902190804,4.77287676e-06,30,1.03999996,1
648202300007281,61032340,2458364.8279236304,58364.323402800001,20.6501884,0.174377322,0,zr,1.4945778000000001,29.684428,0.829999983,-0.0299999993,20180903323380,648,0x2,0x3,21.5599995,26.161869,0.0186767355,0.0924169272,4.50760945e-06,30,1.03900003,3
648202300007281,61134916,2458365.8537358358,58365.349166699998,20.3678684,0.149898708,0,zr,1.4946334999999999,29.684349699999999,0.887000024,-0.0130000003,20180904349144,648,0x2,0x3,21.4400005,26.2143936,0.0176795758,0.0893593729,4.0054847e-06,30,1.00800002,3
648202300007281,61336490,2458367.8695675442,58367.364907399999,19.6258392,0.0897636041,0,zr,1.4946187,29.684393100000001,1.08500004,0.115000002,20180906364861,648,0x2,0x3,21.6299992,26.1933041,0.0206709411,0.101613298,5.50746699e-06,30,1,1
648202300007281,61336584,2458367.8705050843,58367.3658449,19.6744957,0.0930091143,0,zr,1.4946728,29.684387600000001,0.781000018,0.0140000004,20180906365822,648,0x2,0x3,21.8600006,26.2019653,0.0189801399,0.0907942355,4.66308484e-06,30,1,3
648202300007281,61434646,2458368.8511724551,58368.346469900003,20.2186146,0.136182696,0,zr,1.4946898,29.684398999999999,0.737999976,-0.0439999998,20180907346447,648,0x2,0x3,21.8299999,26.2070885,0.0194433741,0.0908063501,4.85412284e-06,30,1.005,3
648202300007281,61538085,2458369.8856023848,58369.3808565,20.4286423,0.155617118,0,zr,1.4946902,29.6843787,0.689999998,-0.172999993,20180908380718,648,0x2,0x3,21.6499996,26.2118702,0.0169675201,0.0862163305,3.67889334e-06,30,1.005,3
648202300007281,61640719,2458370.9119865634,58370.407199100002,20.8461514,0.190082431,0,zr,1.4947328,29.684369199999999,0.79400003,0.134000003,20180909407188,648,0x2,0x3,21.6100006,26.2204151,0.0173554849,0.090808481,3.87010277e-06,30,1.03299999,1
648202300007281,61640813,2458370.9129241016,58370.408136600003,20.649847,0.174349904,0,zr,1.4946598,29.684375899999999,1.29799998,-0.222000003,20180909408125,648,0x2,0x3,21.5200005,26.2301292,0.0193978474,0.0856628641,4.81707457e-06,30,1.03400004,3
648202300007281,61740591,2458371.9107409683,58371.405914399998,20.7978096,0.186208248,0,zr,1.4946520999999999,29.684422900000001,1.00999999,0.0920000002,20180910405891,648,0x2,0x3,21.6299992,26.2310371,0.0171378553,0.0876347348,3.77135757e-06,30,1.03499997,3
648202300007281,61838042,2458372.8852916309,58372.380428199998,20.7439823,0.181894302,0,zr,1.4946193999999999,29.6844082,0.708000004,-0.0529999994,20180911380220,648,0x2,0x3,21.4099998,26.2424316,0.0189415328,0.0771766081,4.58134355e-06,30,1.00999999,3
648202300007281,61932440,2458373.8293075836,58373.324409699999,21.0879631,0.209462166,0,zr,1.4947762,29.684485299999999,0.726000011,-0.0480000004,20180912324398,648,0x2,0x3,21.6100006,26.2024269,0.0182521846,0.0959180817,4.26582756e-06,30,1.00999999,3
648202300007281,61932533,2458373.8302335273,58373.325335599999,20.9250145,0.196402907,0,zr,1.4947149,29.6843231,0.400999993,-0.00899999961,20180912325324,648,0x2,0x3,21.5499992,26.2084503,0.0182159357,0.093819648,4.22096309e-06,30,1.00899994,1
648202300007281,62033962,2458374.8445631801,58374.339629599999,20.7189331,0.179886699,0,zr,1.4946999999999999,29.684440899999998,1.10699999,0.211999997,20180913339514,648,0x2,0x3,21.5499992,26.2184486,0.0182649009,0.0979378372,4.29294641e-06,30,1.00100005,3
648202300007281,62127487,2458375.7807059307,58375.2748727,19.8761177,0.107562661,0,zr,1.4946569000000001,29.684399200000001,0.888999999,-0.104999997,20180914274873,648,0x2,0x3,22.4200001,28.1738739,0.016632637,0.0945300683,3.55593352e-06,180,1.07200003,2
648202300007281,62135109,2458375.8560672156,58375.351099500003,20.3377762,0.147090539,0,zr,1.4946737999999999,29.684409500000001,0.246000007,0.0170000009,20180914351065,648,0x2,0x3,21.6900005,26.2290802,0.0186431948,0.0910136178,4.47680941e-06,30,1,3
648202300007281,62236357,2458376.868576847,58376.363576399999,19.409893,0.0765828714,0,zr,1.4946516000000001,29.684425099999999,2.16199994,-0.0209999997,20180915363576,648,0x2,0x3,21.6299992,26.2372494,0.019126039,0.0835326239,4.74676017e-06,30,1.00600004,1
648202300007281,62236450,2458376.8695027777,58376.364502299999,19.4884109,0.0811480731,0,zr,1.49465,29.684398900000001,0.405999988,-0.0130000003,20180915364491,648,0x2,0x3,21.7800007,26.2237415,0.0186357871,0.0881232172,4.42593864e-06,30,1.00699997,3
648202300007281,62341241,2458377.9174518157,58377.412419,20.8608704,0.191262126,0,zr,1.4946727,29.684441799999998,0.393999994,-0.0810000002,20180916412407,648,0x2,0x3,21.6399994,26.1971569,0.0177835003,0.0923214555,4.04747425e-06,30,1.07700002,3
648202300007281,62439024,2458378.8953047148,58378.390243100002,20.5869675,0.169310451,0,zr,1.4946652,29.6843775,0.680999994,-0.129999995,20180917390208,648,0x2,0x3,21.6599998,26.2251415,0.0189654902,0.0899741426,4.58242812e-06,30,1.03999996,3
648202300007281,62538461,2458379.8897075891,58379.384618099997,20.9933167,0.201876879,0,zr,1.4947166999999999,29.684419500000001,0.802999973,0.213,20180918384606,648,0x2,0x3,21.6599998,26.2154808,0.0190947484,0.0942033753,4.65902667e-06,30,1.03600001,1
648202300007281,62538554,2458379.8906335155,58379.385543999997,20.8392677,0.189530849,0,zr,1.4946241,29.684407199999999,0.512000024,0.0350000001,20180918385532,648,0x2,0x3,21.4799995,26.2214622,0.0184900854,0.0931423306,4.35190213e-06,30,1.03699994,3
648202300007281,62632924,2458380.8343623709,58380.3292477,20.5576572,0.166961432,0,zr,1.4946330999999999,29.684329900000002,0.99000001,-0.0759999976,20180919329225,648,0x2,0x3,21.5100002,26.2137623,0.0197013859,0.0985597521,4.94968981e-06,30,1,3
648202300007281,62832826,2458382.833427581,58382.328263900003,20.6919003,0.177720189,0,zr,1.4946009,29.6844188,0.850000024,-0.144999996,20180921328264,648,0x2,0x3,21.1900005,26.2024345,0.0204627085,0.0993314609,5.40264091e-06,30,1,1
648202300007281,62832961,2458382.834781813,58382.329618099997,20.7946625,0.185956001,0,zr,1.4946576,29.684407499999999,0.31400001,-0.0790000036,20180921329583,648,0x2,0x3,21.1599998,26.2091999,0.0203107242,0.0927460641,5.30548823e-06,30,1,3
648202300007281,62931762,2458383.8228130946,58383.317627299999,19.7132339,0.0956670195,0,zr,1.4946531000000001,29.6843656,0.67900002,-0,20180922317616,648,0x2,0x3,21.1100006,26.185751,0.021989543,0.089782618,6.29742544e-06,30,1,3
648202300007281,63019255,2458384.6977619985,58384.192557900002,19.574892,0.0864754245,0,zr,1.4945942999999999,29.684390100000002,1.03499997,-0.050999999,20180923192535,648,0x2,0x3,20.4899998,26.0940819,0.0278186612,0.0928451195,9.94042875e-06,30,1.27400005,3
648202300007281,63125826,2458385.7634888841,58385.258263900003,20.3811455,0.151143223,0,zr,1.4945189999999999,29.6845231,0.959999979,-0.27700001,20180924258252,648,0x2,0x3,20.5400009,26.1915092,0.0237426795,0.0909837708,7.2640596e-06,30,1.051,3
648202300007281,63231660,2458386.8218528549,58386.3166088,19.5838299,0.0870441422,0,zr,1.4945972999999999,29.684350999999999,0.781000018,-0.140000001,20180925316551,648,0x2,0x3,20.3899994,26.2096176,0.0246455781,0.0905988365,7.79947459e-06,30,1,3
648202300007281,63426506,2458388.7703441745,58388.265069399997,20.1558113,0.130602956,0,zr,1.4946448999999999,29.684401999999999,0.777999997,-0.101999998,20180927265058,648,0x2,0x3,20.7999992,26.1914024,0.0222844705,0.0906808525,6.4438791e-06,30,1.028,1
648202300007281,63624575,2458390.7510525035,58390.245752299998,20.0056038,0.117836729,0,zr,1.4946868,29.684435499999999,0.735000014,-0.074000001,20180929245741,648,0x2,0x3,21.1299992,26.1982117,0.0212842133,0.0975050628,5.78975641e-06,30,1.04900002,3
648202300007281,64621885,2458400.7241920717,58400.2188542,19.9342194,0.112084962,0,zr,1.4946895,29.684387900000001,0.476000011,0.0370000005,20181009218819,648,0x2,0x3,21.6200008,26.1642818,0.0181425884,0.0950402319,4.22139101e-06,30,1.04900002,1
648202300007281,64622027,2458400.7256156658,58400.220277799999,19.9950848,0.116975792,0,zr,1.4946599,29.6844006,0.575999975,0.0289999992,20181009220220,648,0x2,0x3,21.6000004,26.1801319,0.0185082722,0.0880491659,4.38157531e-06,30,1.046,3
648202300007281,66930461,2458423.8094631322,58423.304618100003,20.0792904,0.123991475,0,zr,1.4946124000000001,29.684327199999998,0.734000027,-0.186000004,20181101304595,648,0x2,0x3,21.1399994,26.0964317,0.0210565701,0.0923052579,5.72189629e-06,30,1.125,3
648202300007281,66930554,2458423.8103889963,58423.305544000003,20.0008163,0.117444381,0,zr,1.4946556,29.684424799999999,0.814999998,0.0109999999,20181101305532,648,0x2,0x3,21.1299992,26.112936,0.020329278,0.0867898166,5.30490661e-06,30,1.12800002,1
648202300007281,67023638,2458424.741197634,58424.236388899997,19.4775581,0.0805018246,32768,zr,1.4947170999999999,29.6843638,0.552999973,-0.115999997,20181102236354,648,0x2,0x3,20.0400009,25.4194412,0.0349859446,0.0897059888,1.56555543e-05,30,1.00899994,3
648202300007281,67121468,2458425.7194567714,58425.214687500003,19.9538517,0.113645568,32768,zr,1.4945957000000001,29.6843605,0.578000009,0.140000001,20181103214688,648,0x2,0x3,20.8099995,25.6398582,0.026762927,0.0883055627,9.11122606e-06,30,1.00100005,3
648202300007281,67224391,2458426.7486383105,58426.243911999998,19.4050598,0.0763100982,0,zr,1.4946518,29.684401399999999,0.880999982,-0.147,20181104243854,648,0x2,0x3,21.3299999,26.1138554,0.0204910673,0.0924551561,5.35032586e-06,30,1.01999998,3
648202300007281,67224483,2458426.7495642728,58426.244837999999,19.1679382,0.0640577525,0,zr,1.4946877999999999,29.6843878,0.908999979,-0.0689999983,20181104244826,648,0x2,0x3,21.2700005,26.1297474,0.0203402508,0.0940903947,5.26585973e-06,30,1.02100003,1
648202300007281,67321425,2458427.7189437747,58427.214259300003,18.69631,0.0454984494,32768,zr,1.4948229,29.684363399999999,0.711000025,-0.064000003,20181105214144,648,0x2,0x3,18.8999996,24.3123131,0.0489220209,0.0941819251,5.93647237e-05,30,1.00199997,3
648202300007281,67424445,2458428.7490946082,58428.244456,19.5072365,0.0822807625,0,zr,1.4946082999999999,29.684343699999999,1.35699999,-0.0189999994,20181106244398,648,0x2,0x3,21.2399998,26.1989689,0.0202246811,0.105235174,5.20531194e-06,30,1.02699995,3
648202300007281,67526594,2458429.7705408093,58429.265949100001,19.3180103,0.0715588182,0,zr,1.4946512000000001,29.684365700000001,1.153,0.0419999994,20181107265938,648,0x2,0x3,21.5300007,26.1858196,0.021508364,0.0985572487,5.8764731e-06,30,1.06799996,3
648202300007281,67526687,2458429.7714666654,58429.266875000001,19.4085407,0.076506421,0,zr,1.4946529,29.6843927,0.949999988,-0.0850000009,20181107266863,648,0x2,0x3,21.6299992,26.1912975,0.0205784496,0.0952236652,5.39131497e-06,30,1.07000005,1
648202300007281,67718162,2458431.68612039,58431.181620399999,19.8554192,0.105986737,0,zr,1.4945227999999999,29.6843553,1.10500002,-0.115000002,20181109181620,648,0x2,0x3,20.3799992,26.2023506,0.0323510095,0.0929002017,1.33610711e-05,30,1.00199997,3
648202300007281,67825871,2458432.7631615708,58432.258715299999,18.9359074,0.0540471151,0,zr,1.4946451999999999,29.684398699999999,1.13300002,-0.0529999994,20181110258704,648,0x2,0x3,21.1100006,26.2110844,0.0197784677,0.0848368853,4.95807126e-06,30,1.07000005,1
648202300007281,67826745,2458432.7718995265,58432.267453699998,19.3516712,0.0733602494,0,zr,1.4946699999999999,29.684388200000001,0.824000001,0.057,20181110267454,648,0x2,0x3,20.9200001,26.1957626,0.0218571853,0.0949049518,6.1001997e-06,30,1.09000003,3
648202300007281,68018607,2458434.6904228074,58434.186076400001,19.5603104,0.0855548605,0,zr,1.4945816999999999,29.684408999999999,1.23000002,-0.0419999994,20181112186065,648,0x2,0x3,20.8299999,26.2034874,0.0225508027,0.100061461,6.42435907e-06,30,1,3
648202300007281,68126620,2458435.7704920354,58435.266203699997,19.3506775,0.0733064041,0,zr,1.4945607999999999,29.684423200000001,0.958999991,0.0469999984,20181113266169,648,0x2,0x3,20.5200005,26.2098484,0.0250774566,0.0931333452,8.01781607e-06,30,1.10800004,1
648202300007281,68126712,2458435.7714178907,58435.267129599997,19.4086266,0.0765112713,0,zr,1.4946598,29.684426800000001,0.64200002,0.0189999994,20181113267118,648,0x2,0x3,20.3700008,26.2027855,0.0260635857,0.0961228013,8.64379763e-06,30,1.11099994,3
648202300007281,68326368,2458437.7678577467,58437.263680600001,19.5388641,0.0842174068,0,zr,1.4945506,29.684372799999998,0.958000004,0.0890000015,20181115263634,648,0x2,0x3,20.2399998,26.2059879,0.0290615987,0.0954689085,1.06599155e-05,30,1.11699998,3
648202300007281,68727671,2458441.7806521938,58441.276712999999,19.5621567,0.0856709331,0,zr,1.4946287,29.684419500000001,0.963,0.116999999,20181119276655,648,0x2,0x3,20.0900002,26.1719837,0.0287516136,0.087216109,1.05431782e-05,30,1.20000005,1
648202300007281,69334166,2458447.8452115594,58447.341666699998,19.2217102,0.0666479021,0,zr,1.4945580999999999,29.684453699999999,0.700999975,-0.182999998,20181125341655,648,0x2,0x3,19.75,26.1495438,0.0330886729,0.0827485546,1.40955881e-05,30,1.84599996,3
648202300007281,69334258,2458447.8461257918,58447.342580999997,19.2552052,0.0683158264,0,zr,1.494502,29.684334,0.537,-0.0340000018,20181125342569,648,0x2,0x3,19.6800003,26.1410294,0.0369535387,0.0917066485,1.74901616e-05,30,1.85899997,1
648202300007281,70217143,2458456.6743393382,58456.171435199998,19.8477821,0.10541001,0,zr,1.4946614,29.684446699999999,1.08500004,0.00899999961,20181204171424,648,0x2,0x3,20.7399998,26.2169762,0.0225231107,0.0905973688,6.40388271e-06,30,1.03199995,1
648202300007281,70217942,2458456.6823248193,58456.179421300003,19.5284615,0.0835757703,0,zr,1.4946139000000001,29.684408999999999,1.18200004,0.0130000003,20181204179155,648,0x2,0x3,20.9899998,26.2136726,0.0235407688,0.0969414636,7.04621198e-06,30,1.04400003,3
648202300007281,71026600,2458464.7682650229,58464.266006899998,20.4018517,0.153089762,0,zr,1.4946462,29.684185299999999,0.699000001,0.0549999997,20181212265995,648,0x2,0x3,20.2299995,26.1585808,0.0274968054,0.0889498368,9.77874606e-06,30,1.51900005,1
648202300007281,72112997,2458475.6313045775,58475.129976900003,19.489727,0.0812267661,0,zr,1.4944725999999999,29.6844331,0.572000027,-0.180999994,20181223129977,648,0x2,0x3,20.3500004,26.2207699,0.02747369,0.0677924603,9.58531564e-06,30,1.04799998,3
648202300007281,73210171,2458486.6020582798,58486.101712999996,19.9211063,0.111051679,0,zr,1.4946218,29.684444899999999,0.731000006,-0.0869999975,20190103101701,648,0x2,0x3,21.0699997,26.2143211,0.0213381927,0.0847296715,5.79691778e-06,30,1.051,3
648202300007281,73613207,2458490.6320524481,58490.132071799999,19.610178,0.0887409002,0,zr,1.4947163999999999,29.684499599999999,0.998000026,-0.0390000008,20190107132060,648,0x2,0x3,20.5400009,26.2132988,0.0262271259,0.0780406594,8.70734038e-06,30,1.15600002,1
648202300007281,73614097,2458490.6409520134,58490.140972200003,20.2818089,0.141920432,0,zr,1.4945427,29.684268299999999,1.02499998,0.0299999993,20190107140972,648,0x2,0x3,20.6700001,26.1980267,0.0238625724,0.0945437998,7.21474589e-06,30,1.18900001,3
648202300007281,75711604,2458511.6141817616,58511.116041699999,18.8836174,0.0520357415,0,zr,1.494675,29.684394000000001,0.578999996,-0.0320000015,20190128116030,648,0x2,0x3,20.3400002,26.0675411,0.0252816696,0.0906278342,8.12513917e-06,30,1.35099995,3
648202300007281,85847998,2458612.9758462915,58612.479988400002,20.8328533,0.1890167,0,zr,1.4947444999999999,29.684495999999999,0.81099999,-0.120999999,20190509479988,648,0x2,0x3,20.8700008,25.9434204,0.0248155575,0.106532291,7.88190755e-06,30,2.21099997,2
648202300007281,87847491,2458632.9719741102,58632.474919,20.7557774,0.182839513,0,zr,1.4948414999999999,29.684302800000001,0.941999972,-0.460000008,20190529474907,648,0x2,0x3,20.8700008,26.0676556,0.0233025067,0.103881605,6.96573215e-06,30,1.53100002,3
648202300007281,87943563,2458633.9327593572,58633.435636599999,20.6073513,0.170944095,0,zr,1.4946919000000001,29.684332399999999,0.907000005,-0.0949999988,20190530435637,648,0x2,0x3,21.0400009,25.9473133,0.0248614009,0.109707743,8.059018e-06,30,1.972,3
648202300007281,89047631,2458644.9742729426,58644.476319399997,20.4074554,0.153617531,0,zr,1.4946813000000001,29.6843991,1.48300004,-0.338999987,20190610476319,648,0x2,0x3,21,26.1131325,0.021382641,0.0967148468,5.91037315e-06,30,1.29299998,1
648202300007281,89944570,2458653.9443916366,58653.445705999999,19.8423691,0.105002716,0,zr,1.4946102999999999,29.6844155,0.907999992,0.0909999982,20190619445694,648,0x2,0x3,20.7099991,26.0752411,0.0233320221,0.0957658887,7.02625221e-06,30,1.32700002,1
648202300007281,90343495,2458657.9339767485,58657.434953700002,19.571434,0.0862562656,0,zr,1.4947204000000001,29.684414,0.916000009,-0.140000001,20190623434954,648,0x2,0x3,21.0699997,26.1139431,0.0201339871,0.096832417,5.1759389e-06,30,1.32599998,1
648202300007281,91542108,2458669.9211502788,58669.421088000003,20.986105,0.201298952,0,zr,1.4946002,29.684425699999998,0.897000015,0.0579999983,20190705421088,648,0x2,0x3,21.3999996,26.1316757,0.0247465838,0.0980489179,7.80921164e-06,30,1.22800004,1
648202300007281,91846715,2458672.9674816024,58672.467152800004,21.3108063,0.227321744,0,zr,1.4947378,29.684351599999999,0.782000005,0.0170000009,20190708467141,648,0x2,0x3,21.8899994,26.1358948,0.0185297821,0.0897162333,4.36866412e-06,30,1.05999994,1
648202300007281,92348750,2458677.9882666678,58677.487500000003,19.8364754,0.10456074,0,zr,1.4947056999999999,29.684375500000002,1.04799998,-0.181999996,20190713487500,648,0x2,0x3,21.4500008,26.0985622,0.0241051856,0.0915133283,7.368561e-06,30,1.01300001,3
648202300007281,92447074,2458678.9715927122,58678.470740700002,21.1478653,0.214262962,0,zr,1.4946189999999999,29.684352199999999,0.578999996,0.123000003,20190714470729,648,0x2,0x3,21.6700001,26.1542721,0.0195339378,0.0937670171,4.87456327e-06,30,1.028,3
648202300007281,92447166,2458678.9725187845,58678.471666700003,21.0210571,0.204100132,0,zr,1.4947010000000001,29.684389199999998,0.825999975,-0.0909999982,20190714471655,648,0x2,0x3,21.7399998,26.1504822,0.0202786699,0.0939475819,5.26166605e-06,30,1.02699995,1
648202300007281,92547137,2458679.972315961,58679.471377299997,20.160677,0.13103056,0,zr,1.4947423,29.6843583,0.720000029,-0.133000001,20190715471377,648,0x2,0x3,21.3400002,26.1595631,0.0211816523,0.0943810791,5.6769436e-06,30,1.02400005,3
648202300007281,92642486,2458680.9258821202,58680.4248611,20.2298851,0.13719739,0,zr,1.4946754,29.684336600000002,0.925000012,-0.203999996,20190716424850,648,0x2,0x3,20.8199997,26.1540337,0.0219551101,0.0998869985,6.09869676e-06,30,1.10800004,3
648202300007281,92742854,2458681.9296491947,58681.428541699999,20.3357582,0.146902755,0,zr,1.4947101,29.684363600000001,0.800000012,0.0340000018,20190717428530,648,0x2,0x3,20.6100006,26.1458244,0.0230461825,0.102193728,6.77552271e-06,30,1.09099996,3
648202300007281,92942664,2458683.9279223382,58683.426643500003,20.4769592,0.160192743,0,zr,1.4947828000000001,29.684359199999999,1.17700005,-0.111000001,20190719426644,648,0x2,0x3,20.75,26.1392059,0.0245497022,0.106736369,7.62478385e-06,30,1.08299994,3
648202300007281,93141991,2458685.9213675493,58685.419919,20.7862091,0.185278535,0,zr,1.4947801000000001,29.684376799999999,0.77700001,-0.0299999993,20190721419826,648,0x2,0x3,21.2999992,26.1496754,0.0245861802,0.088374041,7.7020768e-06,30,1.08599997,3
648202300007281,93440625,2458688.9079501391,58688.40625,20.7092552,0.179111123,0,zr,1.4946307000000001,29.684354899999999,0.984000027,-0.112999998,20190724406250,648,0x2,0x3,21.2600002,26.1022644,0.0212663785,0.0896600708,5.74324304e-06,30,1.09899998,3
648202300007281,93442246,2458688.9241668112,58688.422465299998,20.8876266,0.193406463,0,zr,1.4944995000000001,29.684387099999999,0.458999991,0.126000002,20190724422431,648,0x2,0x3,21.2999992,26.104475,0.0265259612,0.0937673599,8.87936494e-06,30,1.06200004,1
648202300007281,93641177,2458690.9136378206,58690.411770799998,21.1069946,0.210987449,0,zr,1.4945804,29.684354500000001,0.693000019,-0.128999993,20190726411771,648,0x2,0x3,21.5300007,26.0768852,0.0249758083,0.0932107866,7.97533357e-06,30,1.07299995,3
648202300007281,93739920,2458691.9011498773,58691.399201400003,20.3268013,0.146071017,0,zr,1.4947140000000001,29.684442700000002,1.06500006,-0.0649999976,20190727399167,648,0x2,0x3,21.3899994,26.0920277,0.0196373481,0.098003909,4.9467094e-06,30,1.09599996,3
648202300007281,93740370,2458691.905652558,58691.403703700002,20.6377773,0.17338264,0,zr,1.4946790999999999,29.684342600000001,0.56400001,-0.0900000036,20190727403704,648,0x2,0x3,21.4799995,26.0867882,0.0206397045,0.0924642086,5.46441652e-06,30,1.08500004,1
648202300007281,93938077,2458693.8828859986,58693.380775500002,20.979393,0.200760961,0,zr,1.4946868,29.684370000000001,0.467000008,0.00700000022,20190729380718,648,0x2,0x3,21.7999992,26.1274509,0.0188475903,0.0883836448,4.52917902e-06,30,1.13300002,3
648202300007281,94040390,2458694.906093841,58694.403900500001,20.9465027,0.198125005,0,zr,1.4946978,29.684397000000001,0.600000024,-0.0909999982,20190730403877,648,0x2,0x3,21.9599991,26.1362572,0.0195939988,0.0929342806,4.85703094e-06,30,1.06700003,1
648202300007281,94040482,2458694.9070198187,58694.404826400001,20.9656525,0.199659705,0,zr,1.4946927999999999,29.684359000000001,0.887000024,0.143999994,20190730404815,648,0x2,0x3,22.0300007,26.1483974,0.0199410692,0.087241374,5.05598791e-06,30,1.06500006,3
648202300007281,94147400,2458695.9762839568,58695.474004600001,20.1844063,0.133127302,0,zr,1.4946708,29.684345400000002,0.694999993,0.0160000008,20190731473982,648,0x2,0x3,21.7800007,26.1284714,0.0177603755,0.0898827687,4.02137539e-06,30,1,3
648202300007281,94237972,2458696.8820737749,58696.379722199999,20.8656082,0.191641808,0,zr,1.4947360999999999,29.684346699999999,1.25699997,-0.344000012,20190801379653,648,0x2,0x3,21.9099998,26.1197987,0.0193273015,0.0920503139,4.77741014e-06,30,1.11199999,3
648202300007281,94343430,2458697.9367406769,58697.4343056,21.2849331,0.225248098,0,zr,1.4947489,29.684406200000002,0.875999987,-0.160999998,20190802434248,648,0x2,0x3,21.9500008,26.1386375,0.0197284296,0.0882827267,4.92911704e-06,30,1.01199996,1
648202300007281,94343521,2458697.9376550522,58697.435219899999,21.024147,0.20434773,0,zr,1.4947448000000001,29.684363399999999,0.638000011,0.0219999999,20190802435208,648,0x2,0x3,21.8199997,26.1368504,0.0189440548,0.0911859199,4.54353085e-06,30,1.01100004,3
648202300007281,94442072,2458698.9232417163,58698.420729199999,20.1404228,0.129256323,0,zr,1.4946813000000001,29.684383400000002,0.879999995,-0.123999998,20190803420590,648,0x2,0x3,21.8199997,26.0893726,0.0206159726,0.0889897272,5.46423416e-06,30,1.023,3
648202300007281,94538184,2458699.8844276229,58699.381840299997,20.8798485,0.192783117,0,zr,1.4946577000000001,29.6844258,0.479999989,0.0359999985,20190804381782,648,0x2,0x3,21.7999992,26.1097527,0.0216759816,0.0872242078,6.03099988e-06,30,1.08500004,3
648202300007281,94942737,2458703.9302677563,58703.427372700004,20.9777527,0.200629473,0,zr,1.4945881999999999,29.6843453,1.13399994,-0.0860000029,20190808427326,648,0x2,0x3,21.9099998,26.1169147,0.0188045129,0.0875319019,4.43269118e-06,30,1.005,1
648202300007281,94942829,2458703.9311937173,58703.428298600003,21.1976776,0.218255162,0,zr,1.4946687000000001,29.684401399999999,0.907999992,-0.136999995,20190808428287,648,0x2,0x3,21.9200001,26.1218395,0.0211128164,0.0877568647,5.61335401e-06,30,1.005,3
648202300007281,95144978,2458705.9528242815,58705.449780100003,20.8383179,0.189454675,0,zr,1.4946997,29.684418000000001,0.860000014,-0.138999999,20190810449699,648,0x2,0x3,21.75,26.1457825,0.0183858909,0.0879509449,4.30401769e-06,30,1.00100005,3
648202300007281,95240538,2458706.9084953982,58706.405381899996,20.9398041,0.197588205,0,zr,1.4945984000000001,29.684363300000001,0.245000005,-0.00899999961,20190811405359,648,0x2,0x3,21.8600006,26.1440067,0.0214511268,0.0905861929,5.83608153e-06,30,1.01600003,1
648202300007281,95240629,2458706.9094098522,58706.406296300003,20.9450302,0.198006988,0,zr,1.4947618,29.6844207,0.990999997,0.229000002,20190811406285,648,0x2,0x3,21.9099998,26.1422672,0.0226727184,0.0915386304,6.50078709e-06,30,1.01499999,3
648202300007281,95347775,2458707.980944965,58707.477754599997,19.977747,0.115566894,0,zr,1.4946702999999999,29.684361500000001,0.639999986,-0.0579999983,20190812477743,648,0x2,0x3,21.6800003,26.134079,0.0205824301,0.0942492709,5.38042241e-06,30,1.02400005,3
648202300007281,95448827,2458708.9915373898,58708.4882755,20.6895294,0.177530169,0,zr,1.4948068000000001,29.684347200000001,0.721000016,0.238999993,20190813488241,648,0x2,0x3,21.2600002,26.1329746,0.0236376729,0.110947222,7.13130066e-06,30,1.04299998,3
648202300007281,95643406,2458710.9374596132,58710.434062499997,20.5949688,0.169951797,0,zr,1.4945535999999999,29.684422999999999,0.497000009,-0.236000001,20190815434028,648,0x2,0x3,20.7800007,26.1577625,0.0228962712,0.0941856876,6.66182495e-06,30,1.00100005,3
648202300007281,95740615,2458711.9096207782,58711.406157400001,20.7556572,0.182829976,0,zr,1.4945462,29.6843185,0.800999999,-0.263999999,20190816406030,648,0x2,0x3,20.9500008,26.1577663,0.0262542367,0.0975046977,8.75275146e-06,30,1.005,3
648202300007281,95936101,2458713.8646124275,58713.3610185,20.6016159,0.170484543,0,zr,1.4945457,29.684370999999999,0.27700001,-0.00400000019,20190818360903,648,0x2,0x3,20.75,26.1255817,0.0244228225,0.0933905244,7.62784794e-06,30,1.04900002,1
648202300007281,95936369,2458713.8672862095,58713.3636921,20.4461632,0.157274336,0,zr,1.494513,29.6843118,0.689999998,0.157000005,20190818363461,648,0x2,0x3,20.5699997,26.1042023,0.0250360239,0.0994231403,8.01653732e-06,30,1.04499996,3
648202300007281,96238160,2458716.8853971497,58716.381608800002,20.7680588,0.183823824,0,zr,1.4946784,29.684294099999999,0.569999993,0.0399999991,20190821381574,648,0x2,0x3,21.1499996,26.1494179,0.022121748,0.09439715,6.19564798e-06,30,1.01300001,3
648202300007281,97148567,2458725.9899868434,58725.485671299997,19.569746,0.0861494839,0,zr,1.4946724,29.6843775,0.644999981,-0.0370000005,20190830485567,648,0x2,0x3,21.6800003,26.123848,0.0196145475,0.0928636342,4.88515752e-06,30,1.14900005,1
648202300007281,97938940,2458733.8941032314,58733.389409700001,20.4153557,0.154362544,0,zr,1.4946976000000001,29.684417,0.717000008,-0.0529999994,20190907389317,648,0x2,0x3,21.7099991,26.1289616,0.0192923136,0.0927686766,4.7457479e-06,30,1.00800002,1
648202300007281,98242120,2458736.9260208663,58736.421203700003,20.985939,0.201285601,0,zr,1.4945489999999999,29.684271599999999,1.17900002,-0.458000004,20190910421192,648,0x2,0x3,21.2999992,26.1207409,0.0210145134,0.0987173766,5.59753516e-06,30,1.05900002,1
648202300007281,99133545,2458745.8405595142,58745.335451400002,20.9860134,0.201291561,0,zr,1.4945895,29.684449099999998,0.287999988,-0.0500000007,20190919335255,648,0x2,0x3,21.0799999,26.1217861,0.0227041375,0.0984295607,6.56477005e-06,30,1,3
648202300007281,99340165,2458747.9068146325,58747.401655100002,20.616106,0.171645761,0,zr,1.4946079999999999,29.684357800000001,0.765999973,-0.0359999985,20190921401493,648,0x2,0x3,21.2900009,26.0945206,0.0231328495,0.0957853198,6.77204707e-06,30,1.08200002,1
648202300007281,99340767,2458747.9128332678,58747.407673599999,20.4808006,0.16055733,0,zr,1.4947182000000001,29.684384600000001,0.987999976,-0.275999993,20190921407604,648,0x2,0x3,21.1900005,26.0956593,0.0211304575,0.0981925502,5.65677783e-06,30,1.09599996,3
648202300007281,99430795,2458748.8131315531,58748.307951399998,20.111517,0.12674962,0,zr,1.4946432000000001,29.684392299999999,0.638000011,-0.123000003,20190922307940,648,0x2,0x3,21.1700001,26.0709763,0.0221416708,0.10515283,6.25922439e-06,30,1.00399995,3
648202300007281,99529848,2458749.8036851007,58749.298483799997,20.971714,0.200145602,0,zr,1.4947144000000001,29.684366399999998,1.07500005,-0.158999994,20190923298426,648,0x2,0x3,21.5200005,26.0779037,0.0212788377,0.0945842862,5.78296567e-06,30,1.00699997,3
648202300007281,99630567,2458750.8108926266,58750.305671299997,20.9477901,0.19822824,0,zr,1.4946064999999999,29.6843185,1.08899999,-0.31400001,20190924305637,648,0x2,0x3,21.3199997,26.0592842,0.0202228185,0.0966462567,5.156513e-06,30,1.00199997,1
648202300007281,100528907,2458759.7944066715,58759.289074100001,20.602253,0.170535564,0,zr,1.4945961999999999,29.6843492,1.21300006,-0.075000003,20191003289039,648,0x2,0x3,21.5300007,26.1203537,0.0206797887,0.0966663659,5.46649244e-06,30,1,3
648202300007281,100733854,2458761.8438824504,58761.338541700003,20.6927452,0.1777879,0,zr,1.4948243000000001,29.684485299999999,1.14400005,0.0909999982,20191005338530,648,0x2,0x3,21.4200001,26.1189327,0.0214986689,0.0938818604,5.8418741e-06,30,1.03499997,3
648202300007281,100733946,2458761.8448083531,58761.339467600003,20.538044,0.165389538,0,zr,1.4946604999999999,29.684419699999999,0.779999971,-0.158999994,20191005339456,648,0x2,0x3,21.4799995,26.122263,0.0205024127,0.0889405906,5.29192766e-06,30,1.03600001,1
648202300007281,101012611,2458764.6314526051,58764.126111099999,20.5825462,0.168956161,0,zr,1.4946349999999999,29.684499899999999,0.912999988,0.163000003,20191008125787,648,0x2,0x3,20.9899998,26.0622616,0.0247829854,0.0991122052,7.85364864e-06,30,1.43599999,1
648202300007281,101412640,2458768.631722461,58768.126400499998,19.934967,0.112144165,0,zr,1.4946311000000001,29.684424100000001,0.441000015,0.0900000036,20191012125868,648,0x2,0x3,20.2099991,26.0841732,0.0291169267,0.0932417512,1.07667092e-05,30,1.35899997,1
648202300007281,101712695,2458771.6322472906,58771.126956,19.5207462,0.0831028372,0,zr,1.4947598,29.684293799999999,0.626999974,-0.261000007,20191015126574,648,0x2,0x3,19.8199997,26.0444984,0.0367574692,0.10247466,1.73095505e-05,30,1.30700004,1
648202300007281,102112703,2458775.6322661201,58775.127036999998,21.0828209,0.209050059,0,zr,1.4946082000000001,29.6843793,0.275000006,0.0219999999,20191019126655,648,0x2,0x3,21.2000008,26.0155296,0.0221589729,0.0965625122,6.28824591e-06,30,1.25,1
648202300007281,102312721,2458777.6323995725,58777.127210600003,20.0973549,0.125532731,0,zr,1.4947486999999999,29.6841972,0.569999993,-0.00499999989,20191021126829,648,0x2,0x3,20.4400005,26.0989227,0.0249575768,0.0954752341,7.93752497e-06,30,1.22399998,1
648202300007281,102412738,2458778.6325509283,58778.127384300002,20.8177452,0.187805891,0,zr,1.4946550999999999,29.684243500000001,0.568000019,0.111000001,20191022127002,648,0x2,0x3,21.3099995,26.0797367,0.0216047522,0.0980546847,5.86499709e-06,30,1.21099997,1
648202300007281,102812613,2458782.6311966428,58782.126134300001,20.9383774,0.197473764,0,zr,1.4944983999999999,29.6842708,0.479000002,-0.145999998,20191026125625,648,0x2,0x3,21.1000004,26.1173534,0.0247330144,0.105702169,7.74662294e-06,30,1.17299998,1
648202300007281,102912733,2458783.6323705171,58783.127337999998,19.8985023,0.109287828,0,zr,1.4946466,29.684377699999999,1.37,-0.180999994,20191027126956,648,0x2,0x3,21.1399994,26.1298065,0.0216899775,0.0917121693,5.94844732e-06,30,1.15900004,1
648202300007281,103213375,2458786.6386841121,58786.133750000001,20.0733833,0.12349011,0,zr,1.4946724,29.6843656,0.638999999,-0.0149999997,20191030133356,648,0x2,0x3,21.0799999,26.0860939,0.0208603851,0.10041523,5.53101518e-06,30,1.11300004,1
648202300007281,103818685,2458792.6915486455,58792.186851899998,20.3987579,0.152798429,0,zr,1.4945134,29.684505000000001,0.92900002,0.118000001,20191105186840,648,0x2,0x3,20.9899998,26.0942059,0.0213666297,0.0966768414,5.74864725e-06,30,1.00399995,1
648202300007281,104625888,2458800.7631916474,58800.258888900004,20.4088554,0.153749675,0,zr,1.4946838,29.684437500000001,0.563000023,-0.136000007,20191113258889,648,0x2,0x3,20.5799999,26.1058216,0.025451865,0.090291135,8.19720572e-06,30,1.08599997,1
648202300007281,104726806,2458801.7723146775,58801.268067099998,19.7721195,0.0998333767,0,zr,1.4946541,29.684470399999999,0.527999997,-0.287999988,20191114268067,648,0x2,0x3,19.9500008,25.8885918,0.0412060879,0.0824447945,2.17852994e-05,30,1.11800003,1
648202300007281,104924668,2458803.7508255811,58803.246689799998,19.9465294,0.113061637,32768,zr,1.4946341999999999,29.684401699999999,0.908999979,-0.0610000007,20191116246678,648,0x2,0x3,20.3700008,25.8497372,0.0499685258,0.102925867,3.16174264e-05,30,1.07700002,1
648202300007281,105222518,2458806.7291437918,58806.225185199997,21.0438595,0.20592761,0,zr,1.4947684000000001,29.684403400000001,0.505999982,-0.312999994,20191119225174,648,0x2,0x3,21.1900005,26.1173115,0.0208977517,0.0923853964,5.63442518e-06,30,1.04999995,1
648202300007281,105824422,2458812.7477939175,58812.244224499998,19.6955776,0.0944474488,0,zr,1.4946322999999999,29.684370399999999,1.60800004,-0.0829999968,20191125244225,648,0x2,0x3,21.5599995,26.1154041,0.0236112457,0.0892418697,7.13285272e-06,30,1.13600004,1
648202300007281,110515484,2458859.6544906101,58859.154849500002,20.5255718,0.164389968,0,zr,1.4946183,29.684398699999999,0.735000014,-0.219999999,20200111154838,648,0x2,0x3,20.4699993,26.2350388,0.023026688,0.0967893824,6.72879833e-06,30,1.30200005,1
648202300007281,111910144,2458873.5998617294,58873.101446799999,20.5725365,0.168154001,0,zr,1.4947214,29.684328600000001,0.765999973,-0.057,20200125101447,648,0x2,0x3,21.3500004,26.2340355,0.0211856663,0.0903420001,5.72014642e-06,30,1.227,3
648202300007281,112110991,2458875.6081643193,58875.109919000002,20.814642,0.18755722,0,zr,1.4947033000000001,29.684301699999999,0.555999994,-0.170000002,20200127109907,648,0x2,0x3,20.8799992,26.216568,0.0214668009,0.0986995995,5.89407409e-06,30,1.29499996,1
648202300007281,121948109,2458973.9767622165,58973.481099500001,20.1536789,0.130415931,0,zr,1.4946701,29.684452799999999,1.23000002,-0.0500000007,20200504481053,648,0x2,0x3,20.5699997,26.1051884,0.0265712757,0.0974491686,8.95872654e-06,30,2.454,2
648202300007281,121948909,2458973.9847602658,58973.489097199999,20.0054455,0.117823608,0,zr,1.4947315000000001,29.6843626,0.629000008,-0.233999997,20200504489051,648,0x2,0x3,20.4699993,26.1178608,0.026219124,0.105523534,8.72322107e-06,30,2.26399994,2
648202300007281,122548179,2458979.9777384656,58979.481793999999,20.1617813,0.131127656,0,zr,1.4946917,29.684433500000001,0.828000009,-0.370000005,20200510481794,648,0x2,0x3,20.4699993,26.0199642,0.0258742012,0.100404017,8.62468733e-06,30,2.08200002,2
648202300007281,122747730,2458981.9733511708,58981.477303200001,19.8127975,0.102800325,0,zr,1.4947197999999999,29.684401000000001,0.426999986,-0.0520000011,20200512477292,648,0x2,0x3,20.3799992,26.1180916,0.0268975478,0.0978400558,9.1144957e-06,30,2.06399989,2
648202300007281,126047267,2459014.9710084349,59014.472673600001,20.6051712,0.170769453,0,zr,1.4943781,29.6845526,0.999000013,-0.230000004,20200614472674,648,0x2,0x3,20.8999996,26.2635498,0.0209528003,0.0950090587,5.56092164e-06,30,1.245,1
648202300007281,126447075,2459018.9694182994,59018.470752300003,20.483593,0.160822228,0,zr,1.4947135,29.684416899999999,0.589999974,-0.074000001,20200618470752,648,0x2,0x3,21.4200001,26.2456684,0.0193087198,0.0929264575,4.74007811e-06,30,1.20500004,1
648202300007281,127247288,2459026.9722298235,59026.472881900001,20.2239056,0.136658534,0,zr,1.4947356999999999,29.684379499999999,0.782000005,-0.0379999988,20200626472882,648,0x2,0x3,21.7000008,26.272562,0.0198619552,0.092351757,5.00630449e-06,30,1.12100005,1
648202300007281,127647935,2459030.9790475182,59030.479351900001,19.3000565,0.0706161633,0,zr,1.4946371000000001,29.6844024,0.902999997,-0.101000004,20200630479340,648,0x2,0x3,21.0100002,26.2320271,0.0225798469,0.0986353979,6.50479842e-06,30,1.07599998,1
648202300007281,128135912,2459035.8592420002,59035.359120399997,19.8014603,0.101966143,0,zr,1.4947294,29.684343800000001,1.24100006,-0.518000007,20200705359109,648,0x2,0x3,20.1900005,26.2024708,0.0356331505,0.0982448086,1.62976321e-05,30,1.65600002,1
648202300007281,128438063,2459038.8810223956,59038.380636599999,19.1997719,0.0655782595,0,zr,1.4946808,29.6843769,0.842000008,0.0710000023,20200708380637,648,0x2,0x3,20.6299992,26.2624149,0.0235946253,0.099010542,7.09337337e-06,30,1.398,1
648202300007281,128638540,2459040.8859659377,59040.385405100002,20.4679298,0.159336478,0,zr,1.4946682,29.684461500000001,0.509000003,-0.101999998,20200710385405,648,0x2,0x3,21.0699997,26.2196293,0.0221637078,0.0973156616,6.29006217e-06,30,1.33200002,1
648202300007281,128846559,2459042.9663323811,59042.465590300002,19.34832,0.0731788501,0,zr,1.4946651,29.6843711,0.524999976,-0.00899999961,20200712465590,648,0x2,0x3,21.3999996,26.2398491,0.0230468698,0.0897603706,6.75237834e-06,30,1.03999996,1
648202300007281,128847605,2459042.976796194,59042.4760532,19.020916,0.0575032793,0,zr,1.4946603999999999,29.684393199999999,1.34099996,0.0659999996,20200712476053,648,0x2,0x3,21.3199997,26.2354946,0.0237873588,0.0896426141,7.12296196e-06,30,1.02600002,1
648202300007281,128948520,2459043.9860389666,59043.485208300001,19.796545,0.101606242,0,zr,1.4946644,29.684412200000001,0.829999983,-0.0960000008,20200713485208,648,0x2,0x3,21.3999996,26.2680302,0.0192540959,0.0896604359,4.66918527e-06,30,1.01300001,1
648202300007281,129542892,2459049.9302660902,59049.428923599997,19.9205151,0.111005262,0,zr,1.4946505000000001,29.684399899999999,0.885999978,-0.0469999984,20200719428924,648,0x2,0x3,21.7700005,26.2780781,0.0195007045,0.0887104496,4.82440146e-06,30,1.07299995,1
648202300007281,129648307,2459050.9845109265,59050.483078700003,20.7556267,0.182827473,0,zr,1.4946345999999999,29.684429699999999,1.12300003,-0.172000006,20200720483079,648,0x2,0x3,21.6100006,26.2741776,0.0192448553,0.0934730768,4.67250902e-06,30,1.00300002,1
648202300007281,129842534,2459052.9269436589,59052.425347199998,20.0245457,0.119398043,0,zr,1.4946638000000001,29.6843763,1.20299995,0.023,20200722425347,648,0x2,0x3,21.8999996,26.2781448,0.0198572166,0.094244644,4.9939672e-06,30,1.06299996,1
648202300007281,130144288,2459055.9447304346,59055.442881900002,20.6220932,0.172125578,0,zr,1.4946478999999999,29.684409500000001,1.28100002,0.143999994,20200725442882,648,0x2,0x3,21.9899998,26.2698231,0.0201185364,0.0901130438,5.104921e-06,30,1.023,1
648202300007281,130249243,2459056.9943658179,59056.492430600003,20.3610249,0.149258628,0,zr,1.4946851000000001,29.684405699999999,0.541999996,0.0240000002,20200726492431,648,0x2,0x3,21.4699993,26.2608967,0.0190886743,0.0925546959,4.60056299e-06,30,1.00199997,1
648202300007281,130643387,2459060.936132831,59060.433877299998,20.3036919,0.143933028,0,zr,1.4947336,29.684377300000001,0.698000014,0.0670000017,20200730433877,648,0x2,0x3,21.8099995,26.2675152,0.0185336303,0.0960117355,4.38128154e-06,30,1.01800001,1
648202300007281,130734048,2459061.8428140078,59061.340486100002,18.9090958,0.053005103,0,zr,1.4946630999999999,29.684398099999999,0.550999999,-0.0419999994,20200731340463,648,0x2,0x3,21.1700001,26.2222061,0.023815671,0.0975624919,7.25429845e-06,30,1.26400006,1
648202300007281,130846797,2459062.9703918239,59062.467974500003,20.2403011,0.138138667,0,zr,1.4947279,29.684419200000001,0.623000026,0.119999997,20200801467905,648,0x2,0x3,21.5400009,26.2598991,0.0186056327,0.0942317247,4.39866972e-06,30,1,1
648202300007281,130935105,2459063.8535399074,59063.3510532,20.1197224,0.127457976,0,zr,1.4948101,29.684393700000001,0.531000018,0.0939999968,20200802351053,648,0x2,0x3,20.5200005,26.2649193,0.0241997316,0.0998348072,7.43235614e-06,30,1.19299996,1
648202300007281,131034513,2459064.8477031523,59064.345138899997,19.9365864,0.112272285,0,zr,1.494774,29.684447599999999,0.99000001,-0.326000005,20200803345127,648,0x2,0x3,20.2900009,26.2456646,0.0255692303,0.106448039,8.31669604e-06,30,1.20599997,1
648202300007281,131145246,2459065.9551152061,59065.452465299997,19.2141113,0.0662754029,0,zr,1.4946630999999999,29.6843717,0.481000006,-0.0659999996,20200804452465,648,0x2,0x3,20.7199993,26.2440968,0.027974464,0.0965844467,1.00039542e-05,30,1,1
648202300007281,131343347,2459067.9362730905,59067.433472199999,19.599844,0.088071838,0,zr,1.4946022000000001,29.6843678,0.344000012,0.0120000001,20200806433438,648,0x2,0x3,20.9699993,26.2921219,0.0216156207,0.095134981,5.9155318e-06,30,1.00399995,3
648202300007281,131438077,2459068.8836475569,59068.380775500002,19.3819847,0.075021036,0,zr,1.4946565999999999,29.684345100000002,1.17900002,0.0370000005,20200807380718,648,0x2,0x3,20.9500008,26.2793407,0.0228613447,0.100329816,6.71641055e-06,30,1.06500006,1
648202300007281,131438170,2459068.8845735271,59068.381701400001,19.4868736,0.081056267,0,zr,1.4946394000000001,29.684353699999999,0.773000002,-0.0729999989,20200807381701,648,0x2,0x3,21.0900002,26.2752304,0.021474557,0.0964211673,5.90538139e-06,30,1.06299996,3
648202300007281,131439958,2459068.9024567697,59068.399583300001,20.1222687,0.127678335,0,zr,1.4947014999999999,29.6843228,0.287,-0.0260000005,20200807399572,648,0x2,0x3,21.0400009,26.2817478,0.0205089226,0.0994877517,5.36714742e-06,30,1.03299999,1
648202300007281,131542152,2459069.9244772894,59069.421527799997,20.1527119,0.130331039,0,zr,1.4946307999999999,29.6844106,0.893000007,-0.0299999993,20200808421528,648,0x2,0x3,21.2800007,26.2830029,0.0225663781,0.0930173025,6.41052702e-06,30,1.00800002,3
648202300007281,131542734,2459069.9302994153,59069.427349500002,20.1452942,0.129681706,0,zr,1.4946904000000001,29.684449900000001,0.625999987,0.0160000008,20200808427338,648,0x2,0x3,21.2800007,26.2852459,0.0217732713,0.0935226381,5.98251745e-06,30,1.00399995,1
648202300007281,131736202,2459071.8651170461,59071.362025499999,19.3512936,0.0733397752,0,zr,1.4946299999999999,29.6843915,1.25199997,-0.0109999999,20200810362014,648,0x2,0x3,21.1599998,26.2786636,0.0190696083,0.0926208049,4.63763718e-06,30,1.08899999,1
648202300007281,131738512,2459071.8882205272,59071.385127299996,19.8681221,0.106951699,0,zr,1.4946572,29.684411300000001,0.625999987,-0.125,20200810385127,648,0x2,0x3,21.1200008,26.2650795,0.0208619684,0.102746405,5.59822138e-06,30,1.04200006,3
648202300007281,131849310,2459072.9962748541,59072.4931019,20.2918987,0.142846823,0,zr,1.494637,29.684370900000001,0.985000014,0.0860000029,20200811493102,648,0x2,0x3,21.1900005,26.2647152,0.0193355661,0.0945683047,4.74770059e-06,30,1.04499996,1
648202300007281,131944390,2459073.9471410462,59073.443900500002,20.2006111,0.134570003,0,zr,1.4946832999999999,29.684377900000001,0.626999974,0.0719999969,20200812443866,648,0x2,0x3,21.5300007,26.2627335,0.0207179245,0.0934048891,5.4604734e-06,30,1.00100005,3
648202300007281,132131868,2459075.8220520527,59075.318680600001,19.1254196,0.0620842353,0,zr,1.4946838,29.6844012,0.816999972,0.0460000001,20200814318669,648,0x2,0x3,21.6599998,26.1705017,0.0225785952,0.0928492025,6.49238746e-06,30,1.19099998,3
648202300007281,132234271,2459076.8461615643,59076.3427199,19.3645973,0.0740639493,32768,zr,1.4946227999999999,29.684393,0.917999983,0.0219999999,20200815342720,648,0x2,0x3,20.9099998,25.5436211,0.0518428348,0.08628124,3.4570392e-05,30,1.10300004,1
648202300007281,132238296,2459076.8864074186,59076.382962999996,20.2974834,0.143360838,0,zr,1.4946632,29.684399200000001,0.959999979,-0.216999993,20200815382812,648,0x2,0x3,21.3600006,26.2062912,0.0203464981,0.0970407724,5.31233854e-06,30,1.02600002,1
648202300007281,132239429,2459076.8977391934,59076.394293999998,20.1494064,0.13004151,0,zr,1.4946754,29.684378599999999,0.907999992,-0.114,20200815394294,648,0x2,0x3,21.4799995,26.2040977,0.0202424675,0.0973874852,5.20135154e-06,30,1.01400006,3
648202300007281,132345253,2459077.9560513552,59077.452534700002,19.4853973,0.0809681192,0,zr,1.4946740000000001,29.684362,0.566999972,0.00899999961,20200816452535,648,0x2,0x3,21.8600006,26.2401772,0.0202097744,0.0865979865,5.18892693e-06,30,1.01199996,3
648202300007281,132345347,2459077.9569889172,59077.453472200003,19.6091976,0.0886771753,0,zr,1.4946786000000001,29.684370699999999,1.14699996,-0.0560000017,20200816453472,648,0x2,0x3,21.8500004,26.2339897,0.0202786457,0.088622652,5.21800303e-06,30,1.01300001,1
648202300007281,132347238,2459077.9759022803,59077.472384300003,20.152441,0.130307421,0,zr,1.4946737000000001,29.684360900000001,0.625999987,0.155000001,20200816472384,648,0x2,0x3,21.6900005,26.2350254,0.018353723,0.0869932696,4.27738132e-06,30,1.03400004,1
648202300007281,132433944,2459078.8430201001,59078.339444400001,19.9657078,0.114595935,0,zr,1.4946809999999999,29.684382400000001,0.566999972,-0.0780000016,20200817339387,648,0x2,0x3,21.5799999,26.1908817,0.0193046127,0.0928023458,4.79389519e-06,30,1.097,3
648202300007281,132434943,2459078.8530092654,59078.349432900002,20.0720634,0.123378411,0,zr,1.4946713,29.684401099999999,1.005,-0.107000001,20200817349433,648,0x2,0x3,21.6599998,26.2070484,0.0185566116,0.0905942619,4.360209e-06,30,1.074,1
648202300007281,132538293,2459079.8865840361,59079.382939800002,20.088419,0.124768786,0,zr,1.4946702000000001,29.684382299999999,1.10500002,0.075000003,20200818382940,648,0x2,0x3,21.7900009,26.1863461,0.0199627075,0.0939992219,5.06011293e-06,30,1.01699996,1
648202300007281,132539695,2459079.9006011514,59079.396955999997,20.1165352,0.127182662,0,zr,1.4946615999999999,29.684401300000001,0.968999982,-0.0939999968,20200818396713,648,0x2,0x3,21.7299995,26.1964912,0.0194264799,0.0899076834,4.82177347e-06,30,1.00600004,1
648202300007281,132539832,2459079.9019670417,59079.398321799999,20.0208054,0.119088709,0,zr,1.4946434,29.684396100000001,0.805000007,-0.00300000003,20200818398148,648,0x2,0x3,21.8199997,26.1977482,0.0195443798,0.0839021876,4.89167041e-06,30,1.005,3
648202300007281,132632511,2459080.8288208451,59080.325115699998,20.164978,0.131409168,0,zr,1.4946706000000001,29.684384000000001,1.08500004,0.142000005,20200819325116,648,0x2,0x3,21.4799995,26.1212749,0.0198546033,0.0926149637,5.07254663e-06,30,1.12199998,1
648202300007281,132635787,2459080.8615776654,59080.357870400003,19.2685661,0.0689930096,0,zr,1.4946698,29.684370300000001,0.409999996,-0.0410000011,20200819357870,648,0x2,0x3,21.5300007,26.1304951,0.0207535829,0.0945049375,5.50269488e-06,30,1.04700005,1
648202300007281,132635974,2459080.8634527847,59080.359745399997,19.5219593,0.0831770599,0,zr,1.4946709,29.684393700000001,0.379999995,-0.0500000007,20200819359734,648,0x2,0x3,21.5100002,26.1318836,0.0196456444,0.0903163254,4.9371215e-06,30,1.04400003,3
648202300007281,132739700,2459081.9007756985,59081.3970023,19.0416203,0.058381144,0,zr,1.494672,29.6844106,0.718999982,-0.0430000015,20200820396562,648,0x2,0x3,21.6000004,26.127655,0.0189813767,0.0936678946,4.58386103e-06,30,1.00300002,1
648202300007281,132739746,2459081.9012387288,59081.397465299997,19.0923538,0.0605938993,0,zr,1.4946626999999999,29.684405399999999,1.04200006,-0.0820000023,20200820397465,648,0x2,0x3,21.6200008,26.1303692,0.0192208048,0.0921674743,4.72738884e-06,30,1.00300002,3
648202300007281,132846755,2459082.9713982427,59082.467557900003,20.0253868,0.11946775,0,zr,1.4947079000000001,29.684381399999999,0.629999995,-0.0799999982,20200821467558,648,0x2,0x3,21.2700005,26.1184502,0.0189877283,0.0995682403,4.59499688e-06,30,1.04799998,1
648202300007281,132846848,2459082.9723242042,59082.468483800003,19.9129982,0.110416517,0,zr,1.4945765,29.684410700000001,1.27999997,-0.00200000009,20200821468484,648,0x2,0x3,20.9300003,26.1130619,0.0234910995,0.102002531,7.01768795e-06,30,1.04999995,3
648202300007281,133048920,2459084.9931648457,59084.4892014,19.8724213,0.107279837,0,zr,1.4946415,29.6844012,0.666999996,-0.0209999997,20200823489201,648,0x2,0x3,21.6200008,26.22118,0.0192952678,0.0896147937,4.73152932e-06,30,1.10800004,3
648202300007281,133049013,2459084.9941024031,59084.490138900001,19.9535618,0.113622427,0,zr,1.4946592999999999,29.684356399999999,1.16100001,-0.0419999994,20200823490139,648,0x2,0x3,21.5599995,26.2173672,0.0191502422,0.0918174386,4.69046427e-06,30,1.11099994,1
648202300007281,133132965,2459085.8336661244,59085.329652799999,19.5379848,0.0841630325,0,zr,1.4946710000000001,29.6843918,0.513000011,0.0160000008,20200824329641,648,0x2,0x3,21.7900009,26.2210007,0.0201485101,0.0888780057,5.16631826e-06,30,1.07500005,1
648202300007281,133133057,2459085.8345920797,59085.330578699999,19.5531788,0.0851079002,0,zr,1.4946492,29.6844015,0.69599998,-0.0309999995,20200824330579,648,0x2,0x3,21.7299995,26.2231865,0.0212762635,0.0906269625,5.74152955e-06,30,1.07299995,3
648202300007281,133233931,2459086.8433893071,59086.339317099999,20.357708,0.148948669,0,zr,1.4947448000000001,29.6844207,0.699000001,-0.0109999999,20200825339317,648,0x2,0x3,21.6800003,26.2087498,0.0209327899,0.0972795114,5.61762363e-06,30,1.04999995,1
648202300007281,133237736,2459086.8814355205,59086.3773611,19.5887833,0.0873608887,0,zr,1.4946508999999999,29.684391300000001,0.63499999,-0.0299999993,20200825377350,648,0x2,0x3,21.8299999,26.2224941,0.0213212445,0.0890224203,5.7969296e-06,30,1.00600004,3
648202300007281,133237903,2459086.8831139151,59086.379039400003,19.6530418,0.0915654302,0,zr,1.4946971,29.684400100000001,1.11099994,0.0410000011,20200825378900,648,0x2,0x3,21.8999996,26.2227631,0.0237252899,0.0888485909,7.15795159e-06,30,1.005,1
648202300007281,133336028,2459087.8644199953,59087.3602894,20.1266098,0.128054604,0,zr,1.4946628,29.684406599999999,0.815999985,-0.00499999989,20200826360289,648,0x2,0x3,21.4899998,26.1383018,0.0207996722,0.0941658914,5.48138905e-06,30,1.01800001,3
648202300007281,133341454,2459087.9202447701,59087.414548599998,20.1114063,0.126739979,0,zr,1.4946767999999999,29.6843811,0.626999974,-0.0469999984,20200826414537,648,0x2,0x3,22.4200001,28.6701412,0.0185559951,0.0997320265,4.36094115e-06,300,1.005,2
648202300007281,133343759,2459087.9417275698,59087.437592599999,20.1476536,0.129888117,0,zr,1.4946663,29.6843623,0.737999976,-0.130999997,20200826437593,648,0x2,0x3,21.4099998,26.1305752,0.0197281614,0.0979245976,4.96580969e-06,30,1.02400005,1
648202300007281,133437896,2459088.8831575611,59088.378969899997,20.0156593,0.118663713,0,zr,1.4946736,29.684396700000001,0.670000017,0.0209999997,20200827378935,648,0x2,0x3,21.5900002,26.1239243,0.0213058423,0.0914583057,5.93699997e-06,30,1.00300002,3
648202300007281,133543003,2459089.9342799755,59089.430034700003,18.9855804,0.0560380146,0,zr,1.494678,29.684415099999999,1.05599999,0.134000003,20200828430023,648,0x2,0x3,21.5300007,26.1875324,0.019123219,0.0920389369,4.66432539e-06,30,1.02199996,1
648202300007281,133543096,2459089.9352059262,59089.430960600002,19.1499901,0.0632167459,0,zr,1.4946604999999999,29.684408099999999,0.474999994,-0.0219999999,20200828430961,648,0x2,0x3,21.5100002,26.1819267,0.018917473,0.0916847661,4.57898886e-06,30,1.023,3
648202300007281,133545738,2459089.9616310485,59089.457384300003,19.9204292,0.110998526,0,zr,1.4946870999999999,29.684400499999999,0.876999974,-0.149000004,20200828457384,648,0x2,0x3,21.4599991,26.1751099,0.0189827196,0.0939091966,4.60105502e-06,30,1.06500006,1
648202300007281,133644277,2459090.9470773675,59090.442777800003,20.1722221,0.13204819,0,zr,1.4946553,29.684408300000001,1.21300006,-0.061999999,20200829442732,648,0x2,0x3,21.8299999,26.2410851,0.0197374001,0.0860121697,4.94831966e-06,30,1.04299998,3
648202300007281,133649723,2459091.001536225,59090.497233800001,20.2332401,0.137500167,0,zr,1.4946387999999999,29.684394399999999,0.620999992,-0.0430000015,20200829497234,648,0x2,0x3,21.6299992,26.2062168,0.0196941793,0.0935471952,4.89246895e-06,30,1.18900001,1
648202300007281,133746482,2459091.9691795204,59091.464826399999,20.2185783,0.136179462,0,zr,1.4946666,29.684389299999999,0.853999972,-0.061999999,20200830464826,648,0x2,0x3,21.8799992,26.2730007,0.019344829,0.0902999043,4.68588996e-06,30,1.09399998,3
648202300007281,133936971,2459093.874160225,59093.369710600004,20.1754532,0.132334009,0,zr,1.4945172,29.6843079,0.745000005,-0.148000002,20200901369711,648,0x2,0x3,20.5100002,26.254034,0.0266942419,0.094226338,8.90091815e-06,30,1.00100005,3
648202300007281,133937064,2459093.8750977712,59093.370648099997,20.0199471,0.119017757,0,zr,1.4945938000000001,29.684274800000001,0.453000009,-0.0960000008,20200901370648,648,0x2,0x3,20.5799999,26.2585411,0.02427404,0.0955349281,7.34467721e-06,30,1.00100005,1
648202300007281,134144696,2459095.9515173296,59095.446967600001,19.4577904,0.0793373808,0,zr,1.4946648,29.6844079,0.499000013,0.0590000004,20200903446944,648,0x2,0x3,20.3199997,26.2266941,0.0261323545,0.1002234,8.47402771e-06,30,1.07799995,3
648202300007281,134434071,2459098.8453977825,59098.340717599996,20.2545967,0.139435709,0,zr,1.4947025,29.684350599999998,0.497000009,-0.0960000008,20200906340718,648,0x2,0x3,20.7099991,26.2329693,0.0225105565,0.0939049423,6.18263084e-06,30,1.00899994,1
648202300007281,135234837,2459106.8533631815,59106.3483796,20.0304565,0.119888425,0,zr,1.4946379999999999,29.684414400000001,0.629999995,0.0309999995,20200914348380,648,0x2,0x3,21.4300003,25.8286781,0.0215601213,0.10046836,5.91343587e-06,30,1,1
648202300007281,135439456,2459108.8996071448,59108.394560200002,19.7136955,0.0956991538,0,zr,1.4946884,29.6843836,0.423000008,0.0299999993,20200916394525,648,0x2,0x3,21.5100002,26.0056229,0.021397993,0.0944954604,5.77777155e-06,30,1.04499996,1
648202300007281,135538675,2459109.8918348318,59109.386759300003,20.9363174,0.197308779,0,zr,1.4947352,29.6843711,0.453999996,-0.0949999988,20200917386748,648,0x2,0x3,21.0200005,25.9086208,0.0226390138,0.105585426,6.46936815e-06,30,1.03699994,1
648202300007281,135541270,2459109.9177845498,59109.412708299998,19.797924,0.101707131,0,zr,1.4946702000000001,29.684380900000001,1.59399998,0.0930000022,20200917412708,648,0x2,0x3,21.1599998,25.9577084,0.0218265597,0.103770204,5.93116783e-06,30,1.08700001,1
648202300007281,135636880,2459110.8739103344,59110.368807899999,19.9629822,0.114376873,32768,zr,1.4945868,29.684417199999999,0.395999998,0.186000004,20200918368808,648,0x2,0x3,20.8299999,25.5964355,0.0716984347,0.0821601078,6.36861078e-05,30,1.01800001,1
648202300007281,135834597,2459112.8511245535,59112.345972199997,19.9686642,0.114833802,0,zr,1.494672,29.684385899999999,0.609000027,-0.0109999999,20200920345961,648,0x2,0x3,21.9200001,26.2625408,0.0235277787,0.0887143016,6.79482218e-06,30,1.005,1
648202300007281,136129274,2459115.7979592117,59115.292743099999,20.6978016,0.178193212,0,zr,1.4945938999999999,29.684479899999999,0.828999996,0.156000003,20200923292407,648,0x2,0x3,21.6900005,26.2419472,0.0198753513,0.0882870927,4.98100098e-06,30,1.00999999,1
648202300007281,136236549,2459116.8707338409,59116.365497699997,19.7327919,0.0970339626,0,zr,1.4946611999999999,29.684375299999999,0.522000015,0.0820000023,20200924365498,648,0x2,0x3,21.7700005,26.2358341,0.0208856277,0.0903072506,5.56137229e-06,30,1.03400004,1
648202300007281,136337065,2459117.8759130528,59117.370659699998,20.4927349,0.161689609,0,zr,1.4946895,29.684387000000001,0.600000024,-0.0309999995,20200925370625,648,0x2,0x3,21.8099995,26.2488136,0.0193217564,0.0904984921,4.76930609e-06,30,1.046,1
648202300007281,136424221,2459118.7474776497,59118.242210600001,20.9197845,0.195983768,0,zr,1.4946071999999999,29.684453099999999,0.477999985,0.181999996,20200926242176,648,0x2,0x3,21.3899994,26.252985,0.0210291333,0.0939476117,5.63632784e-06,30,1.06900001,1
648202300007281,136433899,2459118.8442616207,59118.338993099998,19.8067665,0.102355868,0,zr,1.4946748000000001,29.684392800000001,0.465000004,-0.057,20200926338958,648,0x2,0x3,21.6100006,26.2676926,0.0240208842,0.0925097167,7.25778546e-06,30,1.01100004,1
648202300007281,137521767,2459129.723015388,59129.217673599996,20.3450127,0.147764176,0,zr,1.4947269000000001,29.6844231,0.538999975,0.0370000005,20201007217593,648,0x2,0x3,21.2000008,26.2267323,0.0202254858,0.0967729464,5.03535421e-06,30,1.05799997,1
648202300007281,138020319,2459134.7085095691,59134.203194399997,19.4774017,0.0804925635,0,zr,1.4946865,29.684398000000002,1.23699999,-0.0810000002,20201012203183,648,0x2,0x3,21.4500008,26.2418995,0.0199302454,0.0923650041,4.91293758e-06,30,1.05999994,1
648202300007281,138220697,2459136.7122729332,59136.206979199997,20.2795525,0.141713709,0,zr,1.4946929,29.684417499999999,0.79400003,-0.0689999983,20201014206979,648,0x2,0x3,21.6499996,26.2551136,0.0239055548,0.0927157179,7.20145545e-06,30,1.04299998,1
648202300007281,138430896,2459138.8142345245,59138.308969899997,19.0878582,0.0603942424,0,zr,1.4946695999999999,29.684415399999999,0.192000002,0.0240000002,20201016308958,648,0x2,0x3,21.3700008,26.2166405,0.0185923316,0.0910611972,4.39172754e-06,30,1.03900003,1
648202300007281,138624260,2459140.7478360836,59140.242604200001,20.4820805,0.16067858,0,zr,1.4946604999999999,29.684402800000001,0.787999988,-0.0140000004,20201018242546,648,0x2,0x3,21.6700001,26.22295,0.0202251282,0.0922028199,5.25208952e-06,30,1.00100005,1
648202300007281,139021528,2459144.7204362014,59144.215289400003,20.2421951,0.138310075,0,zr,1.4946945,29.684378899999999,1.21899998,-0.0140000004,20201022215289,648,0x2,0x3,21.8899994,26.1431046,0.0253459141,0.0895730034,8.00705675e-06,30,1.00899994,1
648202300007281,139219285,2459146.6979544242,59146.192858800001,20.412035,0.154049277,32768,zr,1.4945824000000001,29.684328300000001,0.783999979,-0.0769999996,20201024192859,648,0x2,0x3,20.5799999,25.7250938,0.0264042336,0.0849735066,8.74951547e-06,30,1.02499998,1
648202300007281,140124167,2459155.7464670492,59155.2416782,20.4223995,0.15502727,0,zr,1.4945873999999999,29.684394099999999,1.08599997,-0.360000014,20201102241644,648,0x2,0x3,20.8299999,26.2812748,0.0260500424,0.091687113,8.50492415e-06,30,1.01400006,1
648202300007281,140324723,2459157.751938961,59157.247233800001,20.1628799,0.131224394,0,zr,1.494569,29.6843915,0.759000003,-0.0810000002,20201104247211,648,0x2,0x3,21.0200005,26.2716866,0.021172205,0.0928209946,5.66351446e-06,30,1.02499998,1
648202300007281,141017599,2459164.6803695606,59164.175995400001,19.5843124,0.0870749578,32768,zr,1.4945883,29.684448100000001,0.386999995,-0.0309999995,20201111175833,648,0x2,0x3,19.9699993,25.7091618,0.0343088806,0.0938778222,1.59729279e-05,30,1.00100005,1
648202300007281,141321480,2459167.719012422,59167.214803199997,19.9267731,0.11149735,0,zr,1.4946333999999999,29.684387900000001,0.437000006,0.00800000038,20201114214803,648,0x2,0x3,21.4699993,26.2962532,0.0193492491,0.0916420668,4.65651783e-06,30,1.01900005,1
648202300007281,141519565,2459169.6997552109,59169.195659700003,19.9602013,0.114153825,0,zr,1.4946706000000001,29.684369700000001,1.24000001,0.170000002,20201116195625,648,0x2,0x3,21.3899994,26.2984295,0.0186075289,0.092907168,4.33528976e-06,30,1.00800002,1
648202300007281,141922495,2459173.7288034554,59173.224953700003,20.6671524,0.175736785,0,zr,1.4946900000000001,29.684361899999999,1.09000003,0.0680000037,20201120224954,648,0x2,0x3,21.4300003,26.2847099,0.0192836598,0.0899573565,4.71027488e-06,30,1.05900002,1
648202300007281,142422613,2459178.7296537692,59178.226134299999,20.854208,0.190728188,0,zr,1.4945644,29.684426699999999,0.708999991,-0.0820000023,20201125226111,648,0x2,0x3,21.0599995,26.2950058,0.0229274053,0.0892968327,6.64410709e-06,30,1.09099996,1
648202300007281,145016706,2459204.6685175803,59204.167060200001,20.2642059,0.140310735,0,zr,1.4950026999999999,29.6842538,0.675000012,-0.104999997,20201221167025,648,0x2,0x3,20.5200005,26.2716599,0.0271327756,0.101921305,9.2311011e-06,30,1.12300003,1
648202300007281,145612128,2459210.6222145697,59210.121284699999,19.7236919,0.0963958502,0,zr,1.4949581999999999,29.684252900000001,0.675999999,-0.158000007,20201227121285,648,0x2,0x3,19.6499996,26.1033249,0.0366490185,0.105569229,1.71714892e-05,30,1.05400002,2
648202300007281,145713524,2459211.6360821528,59211.135243099998,20.4671917,0.159266621,0,zr,1.4947591,29.684497499999999,0.515999973,-0.316000015,20201228135243,648,0x2,0x3,20.6399994,26.2831402,0.0221312977,0.0974669755,6.11551195e-06,30,1.08899999,2
648202300007281,146111677,2459215.6172515419,59215.116770799999,20.2766991,0.141452327,0,zr,1.4948694,29.684293499999999,0.412,-0.050999999,20210101116771,648,0x2,0x3,20.1700001,26.2701187,0.0283090919,0.102008633,9.98438645e-06,30,1.07200003,2
648202300007281,146611724,2459220.6172741065,59220.117245399997,20.3294067,0.146312654,0,zr,1.4946425000000001,29.684351700000001,1.09099996,-0.0379999988,20210106117234,648,0x2,0x3,21.3299999,26.2618999,0.0196507741,0.0966355354,4.87063517e-06,30,1.10599995,1
648202300007281,147014398,2459224.6436467092,59224.143981499998,20.7092056,0.179107189,0,zr,1.4946588999999999,29.684482500000001,0.800999999,-0.216000006,20210110143889,648,0x2,0x3,20.9899998,26.2672882,0.0210038591,0.0934438631,5.50284039e-06,30,1.24300003,1
648202300007281,147813197,2459232.6309325881,59232.131979199999,21.220665,0.220097423,0,zr,1.494623,29.684432999999999,1.24899995,-0.42899999,20210118131979,648,0x2,0x3,21.3999996,26.2578297,0.0206877366,0.0880495384,5.37894675e-06,30,1.29200006,1
648202300007281,149816015,2459252.6574557377,59252.1601505,19.9937859,0.11686977,0,zr,1.4946565000000001,29.684478500000001,1.24800003,-0.0219999999,20210207160150,648,0x2,0x3,20.7700005,26.1620235,0.0254108924,0.106379159,8.21136564e-06,30,2.18799996,1
648202300007281,151111994,2459265.616356709,59265.119942099998,20.3797398,0.151011452,0,zr,1.4946280999999999,29.6842775,0.640999973,0.185000002,20210220119896,648,0x2,0x3,20.6599998,26.1845856,0.0267516561,0.10828694,9.13992972e-06,30,2.09899998,2
648202300007281,151512440,2459269.6205863915,59269.124409700002,19.6246548,0.0896859318,0,zr,1.4946151000000001,29.684383100000002,1.00899994,0.236000001,20210224124410,648,0x2,0x3,20.2800007,26.1485481,0.0315461978,0.120780565,1.27085641e-05,30,2.43499994,2
648202300007281,151512732,2459269.623502939,59269.127326399997,20.2127132,0.135652959,0,zr,1.4951413,29.684358799999998,0.731000006,0.0130000003,20210224127326,648,0x2,0x3,20.3199997,26.1437397,0.0319821537,0.106349096,1.31017596e-05,30,2.51200008,2
648202300007281,151513024,2459269.6264194562,59269.1302431,20.0378952,0.12050736,0,zr,1.4947514,29.6843632,0.342999995,0.0529999994,20210224130243,648,0x2,0x3,20.2000008,26.1289291,0.0322056636,0.109731376,1.32990226e-05,30,2.5940001,2
648202300007281,158249267,2459336.9882425237,59336.492673599998,19.8718262,0.107234381,0,zr,1.4947067000000001,29.684334100000001,0.490999997,0.0140000004,20210502492674,648,0x2,0x3,20.0300007,26.0611877,0.0363456532,0.107448228,1.68248607e-05,30,2.31800008,1
648202300007281,158349611,2459337.9917209693,59337.496111100001,19.3654995,0.0741133317,0,zr,1.4950566000000001,29.684211900000001,0.773000002,-0.125,20210503496111,648,0x2,0x3,19.2800007,26.0350037,0.0435878187,0.0947698057,2.84320831e-05,30,2.18499994,1
648202300007281,158448761,2459338.9832673729,59338.487615700004,20.0478687,0.121340618,0,zr,1.4945051,29.684318300000001,0.589999974,-0.162,20210504487616,648,0x2,0x3,20.1499996,26.0779285,0.0337416232,0.0992621779,1.44692876e-05,30,2.30900002,1
648202300007281,158449002,2459338.9856748674,59338.490023099999,19.7140884,0.0957263932,0,zr,1.4947182000000001,29.684356900000001,1.22000003,0.0390000008,20210504490023,648,0x2,0x3,20.1399994,26.0861759,0.0331665874,0.104490489,1.41004384e-05,30,2.25500011,1
648202300007281,158449243,2459338.9880824755,59338.492430600003,19.8268166,0.103839636,0,zr,1.4946831,29.6843781,0.370000005,-0.0710000023,20210504492431,648,0x2,0x3,20.0300007,26.0889397,0.0347418673,0.106151454,1.53459041e-05,30,2.204,1
648202300007281,158549207,2459339.9877671115,59339.492071799999,20.1154137,0.127085686,0,zr,1.4946488,29.6844,0.757000029,-0.158000007,20210505492072,648,0x2,0x3,20.3700008,26.0944939,0.0287914313,0.105046675,1.04781711e-05,30,2.1559999,1
648202300007281,158549447,2459339.9901746148,59339.494479200002,20.0505676,0.121566787,0,zr,1.4947254000000001,29.684308600000001,0.787999988,-0.0289999992,20210505494479,648,0x2,0x3,20.3099995,26.0936413,0.0310931373,0.10563314,1.23390537e-05,30,2.1099999,1
648202300007281,159247734,2459346.9733837079,59346.477349499997,20.670248,0.175984979,0,zr,1.4947779999999999,29.684382200000002,0.786000013,-0.312999994,20210512477326,648,0x2,0x3,21.0300007,26.0891457,0.0249124058,0.0975044593,7.82365623e-06,30,2.07299995,1
648202300007281,159247885,2459346.9748885045,59346.478854200002,20.6302071,0.172775865,0,zr,1.4945299999999999,29.684411099999998,0.460000008,0.0560000017,20210512478843,648,0x2,0x3,21.1100006,26.0890884,0.0223770346,0.097577624,6.35332981e-06,30,2.046,1
648202300007281,159248035,2459346.9763931837,59346.4803588,20.7701187,0.183988929,0,zr,1.4945493000000001,29.6842586,0.201000005,0.0179999992,20210512480336,648,0x2,0x3,21.0300007,26.1000118,0.0220954083,0.101228341,6.18311333e-06,30,2.01999998,1
648202300007281,159447490,2459348.9710494699,59348.474907399999,20.4905186,0.161479399,0,zr,1.4947246000000001,29.684384999999999,0.856000006,-0.0670000017,20210514474329,648,0x2,0x3,21,26.0805511,0.0233770907,0.103062585,6.8920167e-06,30,2.01999998,1
648202300007281,159447942,2459348.9755636253,59348.479421299999,20.6726875,0.176180482,0,zr,1.4947043,29.684411399999998,0.791000009,-0.0860000029,20210514479410,648,0x2,0x3,21.1399994,26.0877132,0.0206124317,0.10554035,5.34789615e-06,30,1.94599998,1
648202300007281,159547709,2459349.97329285,59349.477094900001,20.4547577,0.158088043,0,zr,1.494521,29.684166900000001,0.781000018,-0.199000001,20210515477083,648,0x2,0x3,20.6000004,26.1258144,0.0253999867,0.101424776,8.2121669e-06,30,1.94000006,1
648202300007281,162845396,2459382.9525297354,59382.453969900002,20.0442696,0.121039376,0,zr,1.4946607000000001,29.684374999999999,1.67499995,-0.0320000015,20210617453970,648,0x2,0x3,21.2800007,26.1068878,0.0210430529,0.0911018774,5.57602289e-06,30,1.30200005,1
648202300007281,164340420,2459397.9040420279,59397.404201400001,20.7603722,0.18320787,0,zr,1.4946907,29.684345199999999,0.56400001,-0.233999997,20210702404190,648,0x2,0x3,21.1100006,26.1710529,0.0211810172,0.0953928977,5.66732842e-06,30,1.35399997,2
648202300007281,164538711,2459399.8871319871,59399.387118099999,20.6625061,0.175364494,32768,zr,1.4947451,29.684411799999999,0.862999976,-0.246000007,20210704387106,648,0x2,0x3,21.2600002,26.143259,0.0232514143,0.0875627548,6.78246397e-06,30,1.43400002,1
648202300007281,164644787,2459400.9479771336,59400.447870399999,19.8551617,0.105967246,0,zr,1.4946968,29.684367999999999,0.708000004,-0.0869999975,20210705447870,648,0x2,0x3,21.2700005,26.2288151,0.0293001179,0.0963539928,1.07851502e-05,30,1.12399995,2
648202300007281,164744113,2459401.9413279579,59401.441134300003,20.9250412,0.196405053,0,zr,1.4945212000000001,29.684354500000001,0.764999986,-0.0680000037,20210706441123,648,0x2,0x3,21.0900002,26.253809,0.0214484949,0.0959956646,5.88885996e-06,30,1.13600004,1
648202300007281,165342553,2459407.9262487725,59407.425532399997,21.2265739,0.220571041,0,zr,1.4946854000000001,29.684375800000002,0.231999993,0.0240000002,20210712425521,648,0x2,0x3,21.6499996,26.0083427,0.0230673626,0.0927946121,6.63185529e-06,30,1.13399994,1
648202300007281,165544945,2459409.9503481868,59409.449456000002,20.0332775,0.120122857,0,zr,1.4946436000000001,29.6843802,0.897000015,-0.074000001,20210714449456,648,0x2,0x3,21.7600002,26.1142254,0.0218983982,0.0915082395,5.96826658e-06,30,1.05999994,1
648202300007281,165745355,2459411.9546186128,59411.453553200001,21.0244961,0.204375744,0,zr,1.4947157,29.6844085,0.740999997,-0.063000001,20210716453553,648,0x2,0x3,21.7900009,26.0874386,0.0265370533,0.0874724239,8.94586901e-06,30,1.04299998,1
648202300007281,166840891,2459422.910901031,59422.408911999999,20.4953194,0.161934868,0,zr,1.4945809999999999,29.684414499999999,0.930999994,-0.181999996,20210727408877,648,0x2,0x3,20.9300003,26.2191105,0.0254403427,0.0969438702,8.04725732e-06,30,1.07000005,1
648202300007281,167038339,2459424.8855410549,59424.383391199997,20.0821991,0.124238789,0,zr,1.4947343,29.6844547,0.670000017,-0.135000005,20210729383391,648,0x2,0x3,20.9899998,26.2071266,0.0216807574,0.0926096216,5.8983569e-06,30,1.12100005,1
648202300007281,167241237,2459426.9146856279,59426.412372699997,19.2244568,0.066783078,0,zr,1.4946824999999999,29.684397199999999,0.813000023,-0.0989999995,20210731412373,648,0x2,0x3,21.2399998,26.1894398,0.0221079476,0.0909997672,6.20242326e-06,30,1.04299998,1
648202300007281,167440023,2459428.9027017802,59428.400231500003,20.0534496,0.121808678,0,zr,1.4946967,29.684405300000002,0.586000025,0.134000003,20210802400231,648,0x2,0x3,21.6700001,26.2217598,0.0228847601,0.0867818445,6.51028313e-06,30,1.05499995,1
648202300007281,168136447,2459435.8674794347,59435.364479199998,20.5702362,0.167969584,0,zr,1.4946999999999999,29.684414499999999,0.92900002,-0.0820000023,20210809364479,648,0x2,0x3,21.7199993,26.1939564,0.0190720297,0.0897958055,4.60677165e-06,30,1.09099996,1
648202300007281,168435062,2459438.853840929,59438.350624999999,20.6981869,0.178224087,0,zr,1.4946740000000001,29.684426699999999,0.949999988,-0.0130000003,20210812350613,648,0x2,0x3,21.6000004,26.0135422,0.0397472344,0.0837727785,1.94554268e-05,30,1.10599995,1
648202300007281,168639332,2459440.8966808505,59440.393321800002,19.9169941,0.110729218,0,zr,1.4946805999999999,29.684379199999999,0.763000011,-0.0219999999,20210814393322,648,0x2,0x3,21.5400009,26.1051178,0.0211072136,0.0871938989,5.57289786e-06,30,1.01800001,1
648202300007281,168947696,2459443.9805353829,59443.4769676,20.7072964,0.178954124,0,zr,1.4946659,29.684397000000001,0.935000002,0.0469999984,20210817476887,648,0x2,0x3,21.5799999,26.0043087,0.0236420408,0.0968487635,7.00797773e-06,30,1.04400003,1
648202300007281,169934384,2459453.8480137601,59453.343842599999,19.6506157,0.0914033726,0,zr,1.4947051,29.6843887,1.41400003,-0.0370000005,20210827343704,648,0x2,0x3,21.0300007,26.2765923,0.0217481591,0.098944664,5.93726327e-06,30,1.03600001,1
648202300007281,170536528,2459459.8697753204,59459.365289399997,20.718502,0.179852128,0,zr,1.494758,29.684479100000001,0.442000002,0.00300000003,20210902365255,648,0x2,0x3,21.7700005,26.2766914,0.0197626632,0.0903293937,4.98855388e-06,30,1.00199997,1
648202300007281,170736879,2459461.8733771555,59461.368796299997,19.9314251,0.111864164,0,zr,1.4946581999999999,29.684390400000002,0.823000014,0.0879999995,20210904368785,648,0x2,0x3,21.7600002,26.2735882,0.0194030832,0.0918927863,4.77648791e-06,30,1,1
648202300007281,170932646,2459463.8311385619,59463.326469899999,20.673727,0.17626369,0,zr,1.4946834,29.684398999999999,0.764999986,-0.0579999983,20210906326458,648,0x2,0x3,21.7299995,26.2619743,0.0196784064,0.087944679,4.89536978e-06,30,1.023,1
648202300007281,171135071,2459465.855471808,59465.350717599998,21.1565018,0.214955091,0,zr,1.4948078,29.684346600000001,1.21599996,0.129999995,20210908350648,648,0x2,0x3,21.6599998,26.2347202,0.0195691288,0.0909502804,4.79236223e-06,30,1.00199997,1
648202300007281,171338337,2459467.8882142068,59467.383379600004,19.7507687,0.0983051583,0,zr,1.4946472,29.684346999999999,1.199,-0.0439999998,20210910383287,648,0x2,0x3,21.7199993,26.2301159,0.0231195968,0.0885419995,6.68815983e-06,30,1.01100004,1
648202300007281,171539204,2459469.896957133,59469.392048599999,21.1090679,0.211153626,0,zr,1.4945462,29.684424,1.15600002,-0.338999987,20210912392025,648,0x2,0x3,21.6599998,26.2722244,0.0203048158,0.0903149024,5.15916508e-06,30,1.02499998,1
648202300007281,171742821,2459471.9331953744,59471.428217599998,20.8966312,0.194128156,0,zr,1.4945611999999999,29.6844164,1.11500001,-0.236000001,20210914428206,648,0x2,0x3,21.5200005,26.0857468,0.0204441976,0.0987287387,5.14624571e-06,30,1.10300004,1
648202300007281,173430531,2459488.8106349311,59488.305312500001,19.3687496,0.0742914081,0,zr,1.4946607000000001,29.684373799999999,0.43900001,-0.0900000036,20211001305255,648,0x2,0x3,21.4400005,26.2758427,0.0212981328,0.0927123129,5.61572324e-06,30,1.00100005,1
648202300007281,174330761,2459497.8129471531,59497.307615700003,19.3446255,0.0729794428,0,zr,1.4946819,29.684404099999998,0.860000014,0.0130000003,20211010307581,648,0x2,0x3,21.3199997,26.2740002,0.019201383,0.092170544,4.54566725e-06,30,1.01600003,1
648202300007281,174923127,2459503.7365425983,59503.231273099998,19.2950649,0.0703563392,0,zr,1.4946984999999999,29.6844094,0.986000001,0.00999999978,20211016230880,648,0x2,0x3,20.8899994,26.2702179,0.0212044083,0.0967871472,5.56973555e-06,30,1.00999999,1
648202300007281,175815081,2459512.6558863446,59512.150810200001,19.4918556,0.0813542455,0,zr,1.4946401,29.6843924,0.578999996,-0.050999999,20211025150799,648,0x2,0x3,21.6900005,26.2718372,0.0206912179,0.0821959376,5.32605554e-06,30,1.10000002,1
648202300007281,176430518,2459518.8100594794,59518.305185199999,19.715889,0.0958516598,0,zr,1.4946489999999999,29.684394000000001,0.643999994,-0.0839999989,20211031305185,648,0x2,0x3,21.8799992,26.2959118,0.0195218604,0.0883245692,4.73217324e-06,30,1.11800003,1
648202300007281,176715890,2459521.6636627363,59521.158900499999,19.7110615,0.0955162495,0,zr,1.4947007000000001,29.6844027,0.762000024,0.0329999998,20211103158831,648,0x2,0x3,21.6700001,26.2946262,0.0191511102,0.0914916769,4.53796838e-06,30,1.03400004,1
648202300007281,176913589,2459523.6405690983,59523.1358912,19.7331581,0.0970597044,0,zr,1.4946953999999999,29.684406200000002,0.423999995,0.0500000007,20211105135891,648,0x2,0x3,21.6599998,26.2852535,0.0248661935,0.0884041339,7.72778003e-06,30,1.06500006,1
648202300007281,177116001,2459525.6645976002,59525.160011599997,19.9760246,0.115427583,0,zr,1.4946439,29.684356399999999,0.843999982,0.0270000007,20211107159803,648,0x2,0x3,21.8299999,26.309597,0.0244304743,0.0881698057,7.47402328e-06,30,1.01999998,1
648202300007281,177319964,2459527.7041290184,59527.199641200001,20.2307701,0.137277186,0,zr,1.4946554999999999,29.684367600000002,0.939999998,-0.137999997,20211109199479,648,0x2,0x3,21.4799995,26.2332306,0.0244575515,0.0874624625,7.43624241e-06,30,1.00100005,1
648202300007281,177623457,2459530.7389034401,59530.2345718,19.7821522,0.100558385,0,zr,1.4946782999999999,29.684422300000001,1.10099995,-0.00300000003,20211112234502,648,0x2,0x3,20.8400002,26.3000793,0.0223083533,0.0954324976,6.21689742e-06,30,1.03699994,1
648202300007281,177813807,2459532.6423064261,59532.138078700002,19.9687424,0.114840038,0,zr,1.4946819,29.6843659,0.964999974,0.0280000009,20211114138079,648,0x2,0x3,21.0799999,26.2961674,0.0212822706,0.096749194,5.63247067e-06,30,1.023,1
648202300007281,178333056,2459537.8344889376,59537.330567099998,19.9082909,0.110048972,32768,zr,1.4947371,29.684482599999999,0.964999974,-0.0280000009,20211119330567,648,0x2,0x3,20.1100006,25.609272,0.0390065052,0.0979289189,2.02009069e-05,30,1.52900004,1
648202300007281,178620459,2459540.7083341312,59540.204594900002,20.3062134,0.144165561,0,zr,1.494526,29.684446600000001,1.33899999,-0.144999996,20211122204595,648,0x2,0x3,20.5900002,26.3048496,0.023169471,0.0931622609,6.68020948e-06,30,1.03299999,1
648202300007281,179612288,2459550.6259242217,59550.122881900003,17.9728737,0.0281093139,0,zr,1.4947094999999999,29.684387600000001,0.992999971,0.0140000004,20211202122812,648,0x2,0x3,20.5200005,26.2962189,0.0331116319,0.101446494,1.36555473e-05,30,1.00100005,1
648202300007281,187511640,2459629.6128945136,59629.116400500003,18.3860207,0.0366946831,0,zr,1.494556,29.6844456,0.270000011,-0.0109999999,20220219116319,648,0x2,0x3,19.8299999,26.1954041,0.0389074869,0.113475658,1.89110669e-05,30,1.97500002,2
648202300007281,187511938,2459629.6158804209,59629.119386600003,18.3118458,0.0349153057,0,zr,1.4947064999999999,29.684325900000001,0.870999992,0.00600000005,20220219119259,648,0x2,0x3,19.7299995,26.1911411,0.0406117104,0.109092586,2.08882648e-05,30,2.0250001,2
648202300007281,187512238,2459629.6188779268,59629.122384299997,18.1984577,0.0324084647,0,zr,1.494623,29.684366099999998,0.963,0.00700000022,20220219122257,648,0x2,0x3,19.9899998,26.1856461,0.0314550549,0.104495794,1.25207007e-05,30,2.07800007,2
648202300007281,187512538,2459629.6218753308,59629.125381899998,18.6968403,0.0455155633,0,zr,1.4946008,29.684328000000001,1.11300004,-0.075000003,20220219125255,648,0x2,0x3,19.6599998,26.1781578,0.0485916995,0.111423597,3.02100198e-05,30,2.13400006,2
648202300007281,187512837,2459629.6248728405,59629.128379599999,18.395504,0.0369305424,0,zr,1.4946301,29.684348499999999,0.439999998,-0.0289999992,20220219128241,648,0x2,0x3,19.7700005,26.1717739,0.0415138006,0.111129157,2.1754171e-05,30,2.19400001,2
648202300007281,187611675,2459630.6131906281,59630.116759299999,18.1657906,0.0317313969,0,zr,1.4946591,29.6843793,0.615999997,0.00300000003,20220220116725,648,0x2,0x3,20.3600006,26.1351261,0.0281088799,0.109985434,9.95969094e-06,30,2.02699995,2
648202300007281,187611979,2459630.616222837,59630.119791700003,18.2329845,0.033145573,0,zr,1.4946767999999999,29.6843757,0.640999973,0.00400000019,20220220119641,648,0x2,0x3,20.1800003,26.0912647,0.0305549223,0.111163706,1.18596408e-05,30,2.08100009,2
648202300007281,187612282,2459630.6192550426,59630.122824099999,18.1930561,0.0322951637,0,zr,1.4946154,29.684365799999998,0.800000012,-0.0900000036,20220220122662,648,0x2,0x3,20.2900009,26.0572815,0.028590465,0.111880697,1.04110622e-05,30,2.13800001,2
648202300007281,187612585,2459630.6222872511,59630.125856500003,18.2782631,0.0341467299,0,zr,1.4946058,29.684379199999999,0.741999984,-0.075000003,20220220125694,648,0x2,0x3,20.1499996,26.0155754,0.0319113955,0.110159568,1.28653865e-05,30,2.19799995,2
648202300007281,187612887,2459630.6253078636,59630.128877299998,18.2312775,0.0331085958,0,zr,1.4946406999999999,29.684411099999998,0.407999992,-0.0130000003,20220220128727,648,0x2,0x3,20.0400009,25.9494953,0.0332550071,0.118434615,1.41284409e-05,30,2.26200008,2
648202300007281,187712208,2459631.6184527692,59631.122083299997,18.1590157,0.0315934122,32768,zr,1.4946287,29.684339600000001,0.453000009,-0.101999998,20220221122072,648,0x2,0x3,18.8899994,25.2690544,0.0859637782,0.0978964046,0.000168326675,30,2.17700005,2
648202300007281,194049421,2459694.9895263673,59694.494212999998,18.9560947,0.0548466519,32768,zr,1.4949128,29.684476499999999,0.637000024,0.395999998,20220425494201,648,0x2,0x3,18.7099991,25.7360001,0.132064611,0.0818468705,0.000443588739,30,2.83500004,1
648202300007281,194249312,2459696.9885015767,59696.493125000001,19.2555752,0.0683344528,32768,zr,1.4945573000000001,29.684291600000002,0.535000026,-0.0710000023,20220427493125,648,0x2,0x3,19.3299999,26.0042038,0.0513675362,0.0942185074,3.90332862e-05,30,2.69000006,1
648202300007281,194249549,2459696.990874364,59696.495497700002,18.6796417,0.0449644066,32768,zr,1.4945851000000001,29.684683400000001,0.508000016,-0.0399999991,20220427495486,648,0x2,0x3,19.2199993,26.0063477,0.0743920356,0.117969796,8.67264171e-05,30,2.61800003,1
648202300007281,194250260,2459696.9979811073,59696.502604200003,18.6627598,0.0444311164,32768,zr,1.4944591,29.684422099999999,0.321999997,0.412,20220427502593,648,0x2,0x3,18.4500008,26.0365715,0.0649495497,0.105547786,0.00012171908,30,2.42400002,1
648202300007281,194349171,2459697.9871232389,59697.491713000003,19.0108891,0.0570833012,0,zr,1.4947454,29.6843383,0.653999984,-0.136000007,20220428491678,648,0x2,0x3,19.9899998,25.9119148,0.0334496945,0.0969445184,1.42113313e-05,30,2.6500001,1
648202300007281,194349409,2459697.9895075359,59697.494097199997,19.1337662,0.0624665506,0,zr,1.4945406999999999,29.684472,1.09899998,-0.148000002,20220428494086,648,0x2,0x3,19.8799992,25.9148369,0.0351081379,0.106653094,1.55748894e-05,30,2.579,1
648202300007281,194349646,2459697.9918803154,59697.496469899997,19.0822144,0.060144607,0,zr,1.4946440999999999,29.6844696,0.217999995,0.0390000008,20220428496458,648,0x2,0x3,19.8799992,25.932354,0.0339724086,0.101335771,1.45168851e-05,30,2.51300001,1
648202300007281,194349884,2459697.9942530948,59697.498842599998,18.8779449,0.0518226065,0,zr,1.4946979,29.684345199999999,0.441000015,-0.109999999,20220428498831,648,0x2,0x3,19.5499992,25.955162,0.038624879,0.0975570753,1.98553989e-05,30,2.45000005,1
648202300007281,194350122,2459697.9966374738,59697.5012269,18.9169769,0.053309083,0,zr,1.4947773,29.684237199999998,0.409000009,-0.0989999995,20220428501204,648,0x2,0x3,19.3500004,25.9512615,0.0422198251,0.104249202,2.66192874e-05,30,2.39100003,1
648202300007281,194449270,2459698.9881536867,59698.4927083,18.7740936,0.0480909795,0,zr,1.4947566999999999,29.6845578,0.361000001,0.00300000003,20220429492697,648,0x2,0x3,19.4400005,25.9697819,0.0412914902,0.109129734,2.42317274e-05,30,2.54200006,1
648202300007281,194449512,2459698.9905727808,59698.495127299997,18.8374863,0.0503309146,0,zr,1.4946527000000001,29.684533800000001,0.453999996,0.00800000038,20220429495127,648,0x2,0x3,19.4200001,25.9712009,0.0409346968,0.111585073,2.39998353e-05,30,2.47600007,1
648202300007281,194449755,2459698.993003468,59698.497557900002,18.3396015,0.0355677381,0,zr,1.4946773,29.684450900000002,0.878000021,0.0659999996,20220429497546,648,0x2,0x3,19.5599995,25.9933586,0.039490059,0.105003066,2.08771507e-05,30,2.41400003,1
648202300007281,194449997,2459698.9954225542,59698.499976899999,18.6030388,0.0426041149,0,zr,1.4946505000000001,29.6842006,0.27700001,-0.0179999992,20220429499977,648,0x2,0x3,18.9300003,26.0069542,0.0449522361,0.10445264,3.99387791e-05,30,2.35500002,1
648202300007281,194549101,2459699.9865003102,59699.491018499997,19.0369892,0.0581835248,0,zr,1.4946626999999999,29.684369199999999,0.851999998,0.108000003,20220430491007,648,0x2,0x3,20.6000004,25.9445171,0.0280152,0.10834346,9.93709455e-06,30,2.51300001,1
648202300007281,194549343,2459699.9889194025,59699.493437500001,18.9992447,0.0565997623,0,zr,1.4946782000000001,29.6843726,1.03499997,-0.186000004,20220430493438,648,0x2,0x3,20.3899994,25.9528217,0.029743528,0.113488846,1.11886657e-05,30,2.44899988,1
648202300007281,194549585,2459699.9913384961,59699.495856499998,18.8918362,0.052346237,0,zr,1.4946609,29.684393199999999,0.444999993,0.0390000008,20220430495856,648,0x2,0x3,20.3400002,25.9874153,0.0303300042,0.11282856,1.1592464e-05,30,2.38800001,1
648202300007281,194550070,2459699.9961881805,59699.500705999999,19.1696091,0.0641366541,0,zr,1.4946729999999999,29.6843504,0.944000006,0.0590000004,20220430500694,648,0x2,0x3,19.8799992,26.0222664,0.0361007191,0.10704612,1.67932249e-05,30,2.2750001,1
648202300007281,194649240,2459700.9879271155,59700.492407400001,18.9871101,0.0561006367,0,zr,1.4947318000000001,29.684573499999999,0.782999992,-0.112999998,20220501492396,648,0x2,0x3,19.5400009,26.0209007,0.0433576554,0.108876981,2.56639923e-05,30,2.4059999,1
648202300007281,194649482,2459700.9903462124,59700.494826399998,19.1597538,0.0636728331,0,zr,1.4946561,29.6843839,0.973999977,-0.206,20220501494815,648,0x2,0x3,19.3600006,26.0265827,0.0441255532,0.107052945,2.84918751e-05,30,2.34699988,1
648202300007281,194848917,2459702.9847775409,59702.489178199998,19.1753578,0.0644088238,0,zr,1.4944702999999999,29.684456000000001,0.885999978,-0.0680000037,20220503489167,648,0x2,0x3,19.7800007,25.9425926,0.0369712152,0.105202697,1.76958383e-05,30,2.352,1
648202300007281,194849159,2459702.9871966322,59702.491597200002,18.9723167,0.0554986224,0,zr,1.4946645999999999,29.684394600000001,0.781000018,0.0140000004,20220503491586,648,0x2,0x3,20.1100006,25.9596233,0.0307213459,0.103780344,1.20553559e-05,30,2.296,1
648202300007281,194849401,2459702.9896157337,59702.494016199998,18.9492283,0.0545732342,0,zr,1.4946630999999999,29.684353600000001,1.32200003,-0.0359999985,20220503494016,648,0x2,0x3,19.9400005,25.9595528,0.0344808251,0.112026215,1.50749747e-05,30,2.24300003,1
648202300007281,194849644,2459702.992046434,59702.496446800003,19.0175457,0.0573617518,0,zr,1.4947353000000001,29.6844216,1.01800001,0.0729999989,20220503496447,648,0x2,0x3,19.7800007,25.976902,0.0364753008,0.104858115,1.69793529e-05,30,2.19199991,1
648202300007281,194849887,2459702.9944770304,59702.4988773,18.8985672,0.0526020825,0,zr,1.4948395999999999,29.6843556,0.546999991,-0.0109999999,20220503498866,648,0x2,0x3,19.4500008,25.9899654,0.0412850343,0.102153718,2.40274167e-05,30,2.14299989,1
648202300007281,195946993,2459713.9660589332,59713.469930599997,19.1590252,0.0636386424,0,zr,1.4945769,29.6843857,0.550000012,0.133000001,20220514469329,648,0x2,0x3,20.1900005,26.0553799,0.0305444114,0.108412385,1.17051723e-05,30,2.12400007,1
648202300007281,195947193,2459713.9680613396,59713.4719329,19.0405445,0.0583351925,0,zr,1.4946614,29.6843799,0.407000005,0.00700000022,20220514471921,648,0x2,0x3,20.0799999,25.9729805,0.03312172,0.105145685,1.36904446e-05,30,2.08500004,1
648202300007281,195947593,2459713.9720661608,59713.475937499999,19.0653362,0.059404511,0,zr,1.4947083999999999,29.6843857,1.00800002,0.158000007,20220514475926,648,0x2,0x3,20.4500008,26.1148052,0.0249335766,0.0995873734,7.73367537e-06,30,2.01399994,1
648202300007281,195947793,2459713.9740685751,59713.477939800003,18.889616,0.0522621721,0,zr,1.4946702000000001,29.684404300000001,0.656000018,0.100000001,20220514477928,648,0x2,0x3,20.5,26.1160889,0.0259883683,0.101249345,8.44295209e-06,30,1.98099995,1
648202300007281,196046966,2459714.9658481111,59714.4696644,19.0192604,0.0574336946,0,zr,1.4946648,29.684367200000001,0.428000003,-0.0460000001,20220515469074,648,0x2,0x3,20.0200005,26.1552868,0.0316331498,0.113988832,1.25679016e-05,30,2.07800007,1
648202300007281,196047166,2459714.9678505235,59714.471666700003,18.9674721,0.0553030223,0,zr,1.494696,29.684386700000001,0.739000022,0.0209999997,20220515471644,648,0x2,0x3,20.0799999,26.1625156,0.0301156845,0.101557665,1.12917596e-05,30,2.04099989,1
648202300007281,196047366,2459714.9698529346,59714.473668999999,19.0627689,0.0592928343,0,zr,1.4947438,29.684420299999999,0.964999974,0.268999994,20220515473657,648,0x2,0x3,20.1499996,26.1628189,0.0298423767,0.102719285,1.10231149e-05,30,2.00600004,1
648202300007281,196047567,2459714.9718553484,59714.475671300002,19.0048676,0.0568327121,0,zr,1.4947458,29.684366700000002,1.01300001,-0.0240000002,20220515475660,648,0x2,0x3,20.1499996,26.1739197,0.0323699601,0.0987901688,1.30620738e-05,30,1.97300005,1
648202300007281,196047768,2459714.9738693605,59714.4776852,18.9131393,0.0531608053,0,zr,1.4947900000000001,29.684370099999999,0.546999991,0.0599999987,20220515477662,648,0x2,0x3,20.1599998,26.1882248,0.0326754935,0.0916843787,1.32581445e-05,30,1.94099998,1
648202300007281,196446622,2459718.9626431935,59718.466226899996,18.8784466,0.0518414266,0,zr,1.4946094000000001,29.684419800000001,0.425999999,0.0329999998,20220519466227,648,0x2,0x3,20.5599995,26.1122799,0.027518373,0.100661732,9.54791631e-06,30,1.95000005,1
648202300007281,196446819,2459718.9646108118,59718.468194399997,18.6407375,0.0437466726,0,zr,1.4946503,29.684385800000001,0.74000001,0.0489999987,20220519468194,648,0x2,0x3,20.5499992,26.110569,0.026918726,0.101454176,9.23256539e-06,30,1.91900003,1
648202300007281,196447016,2459718.9665785329,59718.470161999998,18.5814018,0.0419646278,0,zr,1.4946482999999999,29.684403700000001,0.691999972,0.064000003,20220519470150,648,0x2,0x3,20.5300007,26.1092358,0.0265355874,0.103530206,8.91482523e-06,30,1.88999999,1
648202300007281,196447212,2459718.9685462555,59718.472129599999,18.7046032,0.0457669385,0,zr,1.4946257999999999,29.684367699999999,0.906000018,0.0790000036,20220519472130,648,0x2,0x3,20.3600006,26.115448,0.0293400194,0.100145347,1.08668046e-05,30,1.86099994,1
648202300007281,196447409,2459718.9705139715,59718.4740972,18.7939377,0.0487796366,0,zr,1.4946915999999999,29.684365100000001,0.883000016,-0.103,20220519474097,648,0x2,0x3,20.5499992,26.1288109,0.0254109818,0.104553565,8.18141507e-06,30,1.83399999,1
648202300007281,196546578,2459719.9622641746,59719.465787000001,19.0646477,0.0593745634,0,zr,1.4947176,29.684359700000002,0.931999981,-0.0960000008,20220520465787,648,0x2,0x3,19.8799992,26.1515942,0.0329612568,0.104985535,1.36371409e-05,30,1.91400003,1
648202300007281,196546775,2459719.964231879,59719.467754600002,19.0418797,0.058392249,0,zr,1.4949950999999999,29.684297300000001,0.344000012,-0.0340000018,20220520467755,648,0x2,0x3,19.6200008,26.1508541,0.0388533063,0.100507945,1.96320234e-05,30,1.88499999,1
648202300007281,196546972,2459719.9661996206,59719.469722200003,19.031311,0.0579422265,0,zr,1.4947178000000001,29.684315699999999,0.741999984,-0.00499999989,20220520469722,648,0x2,0x3,19.4500008,26.1332836,0.0412932411,0.106184438,2.4048757e-05,30,1.85699999,1
648202300007281,196547168,2459719.9681673544,59719.471689799997,19.2740421,0.069272548,0,zr,1.4945501999999999,29.684604400000001,0.688000023,-0.00999999978,20220520471690,648,0x2,0x3,19.5499992,26.1589718,0.0408894829,0.101794891,2.23442967e-05,30,1.829,1
648202300007281,196646504,2459720.9615854071,59720.4650463,19.0009995,0.0566723458,0,zr,1.4946218,29.684388500000001,1.14199996,-0.152999997,20220521464016,648,0x2,0x3,20.3700008,26.1712322,0.0265312493,0.0897951573,8.84075416e-06,30,1.88600004,1
648202300007281,196646696,2459720.9635068267,59720.466967599998,19.038763,0.0582591258,0,zr,1.4946592999999999,29.684393,0.731999993,-0.0560000017,20220521466933,648,0x2,0x3,20.6100006,26.1838646,0.0244441926,0.0894788131,7.48333287e-06,30,1.85699999,1
648202300007281,196646890,2459720.9654398495,59720.468900499996,18.9955349,0.0564466529,0,zr,1.4946543999999999,29.6844085,0.723999977,0.00800000038,20220521468854,648,0x2,0x3,20.6599998,26.1906624,0.0222038291,0.0871223509,6.22103198e-06,30,1.83000004,1
648202300007281,196647083,2459720.96737277,59720.470833300002,19.0625763,0.0592844374,0,zr,1.4946896999999999,29.684420299999999,0.941999972,-0.103,20220521470787,648,0x2,0x3,20.7099991,26.1956997,0.0245484766,0.0873976275,7.59540035e-06,30,1.80400002,1
648202300007281,196647275,2459720.969294196,59720.472754599999,19.0003281,0.0566445738,0,zr,1.4946377,29.684384600000001,0.89200002,-0.0299999993,20220521472708,648,0x2,0x3,20.7700005,26.1924438,0.0240431316,0.0915255547,7.28423311e-06,30,1.77900004,1
648202300007281,198840381,2459742.9019453442,59742.403819400002,19.0307007,0.0579163544,0,zr,1.4946235999999999,29.684318000000001,0.916999996,-0.100000001,20220612403808,648,0x2,0x3,19.8600006,26.1504269,0.0352994762,0.105195448,1.57582635e-05,30,1.90199995,1
648202300007281,200144856,2459755.9477804359,59755.448564799997,19.0148315,0.0572480336,0,zr,1.4946685,29.684380399999998,0.93599999,-0.0930000022,20220625448553,648,0x2,0x3,21.4300003,26.2626228,0.0193088315,0.0951969996,4.6315522e-06,30,1.22399998,1
648202300007281,201038908,2459764.8890781477,59764.3890856,19.0844727,0.0602443516,0,zr,1.4946816000000001,29.684363600000001,0.824000001,-0.0120000001,20220704389074,648,0x2,0x3,21.2299995,26.2466011,0.0195494108,0.0986609012,4.74399803e-06,30,1.42400002,1
648202300007281,201839125,2459772.8919416214,59772.391250000001,18.6762714,0.0448573418,0,zr,1.4946515,29.684381500000001,0.541999996,0.00800000038,20220712391250,648,0x2,0x3,20.8799992,26.2269669,0.0246554371,0.0964438915,7.77338028e-06,30,1.27699995,1
648202300007281,201846231,2459772.9630126469,59772.462314800003,18.7754345,0.0481371619,0,zr,1.4946874999999999,29.684379499999999,0.656000018,0.0270000007,20220712462303,648,0x2,0x3,21.4200001,26.2432632,0.0192303918,0.0916419476,4.69368297e-06,30,1.04799998,1
648202300007281,202141177,2459775.9127244814,59775.411770799998,18.7852707,0.048477456,0,zr,1.4946516999999999,29.6843836,0.40200001,-0.0270000007,20220715411771,648,0x2,0x3,20.7800007,26.2210922,0.0240538623,0.092884399,7.42070142e-06,30,1.15499997,1
648202300007281,202146339,2459775.9643493714,59775.463391199999,18.7017803,0.045675341,0,zr,1.4946539000000001,29.684372799999998,1.00999999,-0.0329999998,20220715463380,648,0x2,0x3,21.0200005,26.2557049,0.0228733048,0.0919245631,6.57776764e-06,30,1.03299999,1
648202300007281,202436839,2459778.8695994504,59778.368391199998,18.8933754,0.052404616,0,zr,1.4946503,29.684374399999999,0.510999978,-0.0489999987,20220718368380,648,0x2,0x3,20.5100002,26.1511135,0.0248023029,0.0909909606,7.74692126e-06,30,1.31200004,2
648202300007281,202442762,2459778.9288406721,59778.4276273,19.1189041,0.0617875047,0,zr,1.4946117999999999,29.6843808,1.08899999,-0.0289999992,20220718427593,648,0x2,0x3,20.8700008,26.2087917,0.0251422208,0.0925500244,8.14788655e-06,30,1.08500004,1
648202300007281,202444384,2459778.9450573665,59778.443842599998,20.5221348,0.164114594,0,zr,1.4946607999999999,29.684372199999999,0.321999997,0.0879999995,20220718443843,648,0x2,0x3,20.7299995,26.1869583,0.0247199666,0.100617148,7.86024339e-06,30,1.05200005,1
648202300007281,202537247,2459779.8737710831,59779.372476899996,19.1199799,0.0618364215,0,zr,1.4946792,29.6843732,0.972000003,-0.00999999978,20220719372477,648,0x2,0x3,20.9099998,26.221735,0.0213348214,0.0926635191,5.68538826e-06,30,1.27499998,2
648202300007281,202841151,2459782.9130685041,59782.411516200002,18.9630356,0.0551245436,0,zr,1.4946519,29.684404000000001,1.278,-0.0869999975,20220722411505,648,0x2,0x3,21.1299992,26.0039177,0.0232826024,0.0982664078,6.86996373e-06,30,1.09800005,1
648202300007281,203042534,2459784.9270686335,59784.425347199998,18.9372768,0.0541009083,0,zr,1.4946759000000001,29.684374999999999,0.828999996,-0.0649999976,20220724425324,648,0x2,0x3,21.8299999,26.1951694,0.0202508476,0.0924967229,5.22584151e-06,30,1.05499995,1
648202300007281,203240898,2459786.9108677986,59786.408981499997,19.1488304,0.0631627887,0,zr,1.4946404,29.684392899999999,1.28199995,-0.0379999988,20220726408981,648,0x2,0x3,21.6700001,26.1707573,0.0219228063,0.0935857296,6.16024863e-06,30,1.07799995,1
648202300007281,203440921,2459788.9112636256,59788.409212999999,18.8289928,0.0500239767,0,zr,1.4946716,29.6843772,0.64200002,-0.0610000007,20220728409178,648,0x2,0x3,21.6200008,26.1900253,0.018991448,0.0911986306,4.59992498e-06,30,1.06599998,1
648202300007281,204139297,2459795.8955809041,59795.392974499999,19.0782413,0.0599695034,0,zr,1.494672,29.684368200000002,0.782999992,-0.0140000004,20220804392963,648,0x2,0x3,21.4699993,25.9941921,0.0322873108,0.0908677951,1.32429877e-05,30,1.05999994,1
648202300007281,204436995,2459798.8727871282,59798.369953699999,18.9863605,0.0560699515,0,zr,1.49465,29.684383100000002,0.819000006,-0.0370000005,20220807369954,648,0x2,0x3,21.7900009,26.2482605,0.0204568766,0.0882775709,5.38451513e-06,30,1.09300005,1
648202300007281,204746271,2459801.9657820743,59801.462719900002,19.0573807,0.0590591058,0,zr,1.4946740999999999,29.684399200000001,0.547999978,0.0480000004,20220810462685,648,0x2,0x3,21.4400005,26.2676468,0.0190096851,0.0891516954,4.56071257e-06,30,1.00699997,1
648202300007281,204940446,2459803.9076694068,59803.404467599998,18.7712612,0.0479936078,0,zr,1.4946489999999999,29.684397199999999,0.768999994,0.0869999975,20220812404398,648,0x2,0x3,20.6599998,26.2604198,0.0234668609,0.0925137848,7.0851097e-06,30,1.01300001,1
648202300007281,205236914,2459806.8725522235,59806.3691435,19.1883354,0.0650277585,0,zr,1.4946714999999999,29.684372799999998,0.402999997,0.0390000008,20220815368900,648,0x2,0x3,20.8500004,26.2431679,0.0272960514,0.0928598493,9.51212587e-06,30,1.04799998,1
648202300007281,205438153,2459808.8850840498,59808.381539399998,18.6032619,0.0426107682,0,zr,1.4946676999999999,29.684369100000001,0.754000008,0.0329999998,20220817381528,648,0x2,0x3,21.1900005,26.234314,0.0233245995,0.0939204246,6.95481913e-06,30,1.023,1
648202300007281,205642442,2459810.9280999843,59810.424421299998,18.8133125,0.0494629554,0,zr,1.4946386,29.684401999999999,0.587000012,-0.0199999996,20220819424352,648,0x2,0x3,21.2199993,26.2016315,0.0198949818,0.0909952521,4.98702275e-06,30,1.00100005,1
648202300007281,205834462,2459812.848430465,59812.344629599997,18.9540138,0.0547636114,0,zr,1.4946851000000001,29.684388999999999,1.01199996,0.0340000018,20220821344630,648,0x2,0x3,21.8500004,26.2369766,0.0199400913,0.0886361822,5.10551081e-06,30,1.06400001,1
648202300007281,206038173,2459814.8856624519,59814.381736099996,18.8757133,0.0517390408,0,zr,1.4946534,29.684373099999998,0.660000026,-0.0489999987,20220823381736,648,0x2,0x3,21.6800003,26.2528572,0.0199078862,0.0893236324,5.07248978e-06,30,1.00800002,1
648202300007281,206238170,2459816.8857466006,59816.381701400001,19.0133476,0.0571859553,0,zr,1.4946754,29.684395899999998,0.518000007,0.0130000003,20220825381690,648,0x2,0x3,21.6800003,26.167181,0.0227569696,0.0906167403,6.64632262e-06,30,1.005,1
648202300007281,206440803,2459818.9121934851,59818.408032400002,18.8072224,0.0492469855,0,zr,1.4946501000000001,29.684375599999999,0.906000018,-0.0329999998,20220827408009,648,0x2,0x3,21.6700001,26.2636433,0.019770585,0.0893470347,4.88904061e-06,30,1.00199997,1
648202300007281,206732253,2459821.8268541284,59821.322534699997,18.5500927,0.041059792,0,zr,1.4946649999999999,29.684391900000001,0.904999971,0.0289999992,20220830322535,648,0x2,0x3,21.8999996,26.2728672,0.0257233381,0.0894490853,8.36447816e-06,30,1.05900002,1
648202300007281,207036553,2459824.8700063108,59824.365532399999,19.0697136,0.0595955029,0,zr,1.4946672000000001,29.6843757,0.551999986,-0.0590000004,20220902365532,648,0x2,0x3,21.8099995,26.2206974,0.0215264801,0.0917272419,5.95676056e-06,30,1.00199997,1
648202300007281,207230456,2459826.809126534,59826.304560199998,18.8469296,0.0506746955,0,zr,1.4946529,29.684357800000001,0.66900003,-0.0480000004,20220904304560,648,0x2,0x3,21.3400002,26.2168274,0.0213264972,0.0957649276,5.85958378e-06,30,1.06700003,1
648202300007281,207545053,2459829.9552384969,59829.450532399998,18.7695961,0.0479365028,0,zr,1.494685,29.684387600000001,0.646000028,-0.0359999985,20220907450498,648,0x2,0x3,21.5699997,26.2426567,0.0175582375,0.0899744555,3.86035435e-06,30,1.11000001,1
648202300007281,208838568,2459842.8908239002,59842.3856829,18.7994652,0.0489734747,0,zr,1.4946839999999999,29.684401900000001,0.853999972,0.0540000014,20220920385683,648,0x2,0x3,21.4500008,26.3063507,0.0185823869,0.0871044844,4.30511545e-06,30,1.046,1
648202300007281,209031638,2459844.8215745636,59844.316388899999,18.7655792,0.0477989726,0,zr,1.4946676999999999,29.684377600000001,0.518999994,0.00899999961,20220922316308,648,0x2,0x3,21.6200008,26.3148251,0.0183104817,0.0864346996,4.19829439e-06,30,1.00100005,1
648202300007281,209325910,2459847.7643519482,59847.259108799997,18.7081833,0.0458834022,0,zr,1.4946659,29.6843948,0.588999987,0.0460000001,20220925259109,648,0x2,0x3,21.5,26.2873802,0.0180360246,0.0915632695,4.12330974e-06,30,1.04499996,1
648202300007281,209530616,2459849.81144454,59849.306169000003,18.8735676,0.0516588241,0,zr,1.4946682,29.684391000000002,0.536000013,0.0340000018,20220927306088,648,0x2,0x3,21.5900002,26.2808113,0.020472249,0.0934078768,5.24195048e-06,30,1,1
648202300007281,209729899,2459851.8042940972,59851.298993099997,18.9259033,0.053655684,0,zr,1.4946645999999999,29.6843805,0.640999973,0.0890000015,20220929298958,648,0x2,0x3,21.8400002,26.2461166,0.0231002904,0.0917357877,6.84581664e-06,30,1,1
648202300007281,210028792,2459854.7932560854,59854.287928199999,18.8959732,0.0525033101,0,zr,1.4946520999999999,29.684384000000001,1.16100001,-0.00999999978,20221002287917,648,0x2,0x3,21.9200001,26.2746181,0.0195880122,0.0914921314,4.78603215e-06,30,1.00100005,1
648202300007281,210427458,2459858.779925873,59858.274583300001,18.5179443,0.0401554592,0,zr,1.4946538,29.684378500000001,0.751999974,-0.0120000001,20221006274583,648,0x2,0x3,21.0699997,26.2742443,0.022738412,0.0933434367,6.55045415e-06,30,1.00199997,1
648202300007281,210617634,2459860.681683606,59860.176342600003,18.64431,0.0438568518,0,zr,1.4946689,29.684384000000001,0.781000018,0.0209999997,20221008176331,648,0x2,0x3,20.4799995,26.2391415,0.0290915407,0.0954190195,1.05567669e-05,30,1.16600001,1
648202300007281,210830138,2459862.806721712,59862.301388899999,18.7652264,0.0477869213,0,zr,1.4946579,29.684381500000001,0.686999977,-0.0549999997,20221010301354,648,0x2,0x3,20.4599991,26.2884674,0.0265747011,0.0913877338,8.90479441e-06,30,1.00999999,1
648202300007281,211027082,2459864.7761408412,59864.270821799997,18.6890602,0.0452652499,0,zr,1.4946573999999999,29.684360999999999,0.647000015,-0.063000001,20221012270810,648,0x2,0x3,20.7800007,26.2369747,0.0276470371,0.0930908993,9.67787582e-06,30,1,1
648202300007281,211218745,2459866.6927536386,59866.187453699997,18.6738586,0.0447808728,0,zr,1.4946512000000001,29.684374900000002,1.472,0.0710000023,20221014187442,648,0x2,0x3,21.2299995,26.2858486,0.0203681123,0.0879660696,5.13393888e-06,30,1.08500004,1
648202300007281,211717306,2459871.6782912142,59871.173067099997,18.8293495,0.0500368178,0,zr,1.4946832999999999,29.684414700000001,1.05599999,-0.0280000009,20221019173056,648,0x2,0x3,21.1900005,26.2781258,0.0210423525,0.0902909711,5.54220878e-06,30,1.08700001,1
648202300007281,211917354,2459873.6787247951,59873.173541700002,18.8912277,0.0523231998,0,zr,1.4947071000000001,29.684358599999999,1.06500006,-0.00600000005,20221021173530,648,0x2,0x3,21.1800003,26.2718029,0.0221276451,0.0869496614,6.12839358e-06,30,1.07299995,1
648202300007281,212334783,2459877.8529136805,59877.347835599998,18.5819607,0.0419810116,0,zr,1.4946431,29.6843903,0.699999988,-0.0379999988,20221025347824,648,0x2,0x3,21.3799992,26.2766342,0.0199264977,0.0919858366,4.90331695e-06,30,1.20799994,1
648202300007281,212527901,2459879.7840369684,59879.279016200002,18.7563648,0.0474852398,0,zr,1.4946409,29.684379499999999,0.598999977,0.0189999994,20221027279016,648,0x2,0x3,21.4899998,26.2708893,0.0194466058,0.0919421688,4.65038738e-06,30,1.03699994,1
648202300007281,212728216,2459881.7871199017,59881.2821644,18.9370461,0.0540918633,0,zr,1.4946465,29.6843775,0.541000009,-0.0399999991,20221029282153,648,0x2,0x3,21.5300007,26.2780666,0.0185083579,0.0897398591,4.23770143e-06,30,1.051,1
648202300007281,212929905,2459883.8039348172,59883.299050900001,18.6994381,0.0455994979,0,zr,1.4946458,29.684393100000001,1.14499998,0.0340000018,20221031299051,648,0x2,0x3,21.2600002,26.2821083,0.0201520342,0.0882411823,5.02171588e-06,30,1.09899998,1
648202300007281,213429048,2459888.7951682126,59888.290486099999,18.9020576,0.05273531,32768,zr,1.4945824999999999,29.6844486,0.958999991,0.023,20221105290475,648,0x2,0x3,19.9500008,26.1301975,0.0334416628,0.0868431777,1.38124251e-05,30,1.11300004,1
648202300007281,214026740,2459894.7718034401,59894.267407400002,18.633976,0.0435390659,0,zr,1.4946801000000001,29.684406800000001,0.469000012,0.00700000022,20221111267396,648,0x2,0x3,20.2700005,26.2919941,0.0262786746,0.0840305537,8.57268151e-06,30,1.09500003,1
648202300007281,214226531,2459896.7696025455,59896.2653125,18.7189388,0.0462354235,0,zr,1.4946634999999999,29.684397499999999,1.028,-0.0560000017,20221113265278,648,0x2,0x3,20.9200001,26.2650261,0.023265725,0.098330684,6.71001499e-06,30,1.10399997,1
648202300007281,214518391,2459899.6880382448,59899.183912,18.7777462,0.0482168831,0,zr,1.4945558999999999,29.6843562,1.29400003,-0.0199999996,20221116183785,648,0x2,0x3,19.2299995,26.2975292,0.0451779626,0.101369917,3.07204537e-05,30,1.00199997,1
648202300007281,214715398,2459901.6579913097,59901.1539815,18.9456863,0.0544327945,0,zr,1.4946524000000001,29.684371800000001,0.762000024,0.0439999998,20221118153981,648,0x2,0x3,21.0599995,25.9738445,0.022616284,0.093237929,6.3252478e-06,30,1.00300002,1
648202300007281,214916587,2459903.6697657672,59903.165879599997,19.4897175,0.0812261999,0,zr,1.4946439,29.6844052,1.26199996,0.0649999976,20221120165799,648,0x2,0x3,21.4099998,26.2911301,0.0186237171,0.0929706022,4.35367838e-06,30,1,1
648202300007281,215118565,2459905.6894170707,59905.185659700001,18.812767,0.0494435541,32768,zr,1.4946440000000001,29.6843854,0.52700001,0.0120000001,20221122185625,648,0x2,0x3,20.8799992,25.8930416,0.0335388593,0.0957487896,1.38918331e-05,30,1.01100004,1
648202300007281,215317481,2459907.6784409075,59907.174814799997,19.2323799,0.0671746582,0,zr,1.4945948,29.684412300000002,1.52499998,-0.0489999987,20221124174815,648,0x2,0x3,20.8999996,26.2897949,0.0205545686,0.0958346948,5.20413096e-06,30,1.00699997,1
648202300007281,215521842,2459909.7219127463,59909.218425899999,18.8803902,0.051914338,0,zr,1.4946394999999999,29.684395800000001,1.06700003,-0.00400000019,20221126218287,648,0x2,0x3,21.4899998,26.3031216,0.0184793621,0.0893993974,4.21774303e-06,30,1.07599998,1
648202300007281,215719317,2459911.6965195481,59911.193171300001,18.6644421,0.044483915,32768,zr,1.4946952,29.6843991,1.29900002,-0.0979999974,20221128193079,648,0x2,0x3,19.7999992,24.7556343,0.0860821158,0.0979489759,0.000107311971,30,1.03900003,1
648202300007281,216014229,2459914.6454259269,59914.142291700002,18.9807434,0.0558406636,0,zr,1.4946604999999999,29.6843909,0.432999998,0.00300000003,20221201142222,648,0x2,0x3,21.2399998,26.3101101,0.0194492582,0.0878489912,4.67865993e-06,30,1.00100005,1
648202300007281,216919636,2459923.6987961261,59923.196365700001,18.7939053,0.0487785079,0,zr,1.4946461,29.684369,0.751999974,-0.0489999987,20221210196296,648,0x2,0x3,20.8999996,26.2924671,0.0205862969,0.0886968225,5.27946713e-06,30,1.11699998,1
648202300007281,217415866,2459928.6606883607,59928.158668999997,19.1305008,0.0623166524,0,zr,1.4946564,29.6843447,0.885999978,-0.061999999,20221215158669,648,0x2,0x3,20.7700005,26.2567768,0.02339538,0.0811366513,6.82348673e-06,30,1.05999994,1
648202300007281,217618545,2459930.6872985768,59930.185451400001,18.5876217,0.0421472453,0,zr,1.4946455000000001,29.684381500000001,0.603999972,-0.023,20221217185405,648,0x2,0x3,20.7399998,26.2714462,0.024494363,0.100368194,7.44222916e-06,30,1.14199996,1
648202300007281,217915225,2459933.6538482294,59933.152256900001,19.1160088,0.0616561808,0,zr,1.4946550999999999,29.684388899999998,1.04400003,-0.119000003,20221220152245,648,0x2,0x3,21.1900005,26.1375999,0.0220438093,0.090891853,5.9853005e-06,30,1.07500005,1
648202300007281,218122844,2459935.7298589293,59935.228449100003,18.7763863,0.0481699929,0,zr,1.494664,29.684365799999998,1.20700002,0.0689999983,20221222228403,648,0x2,0x3,20.7099991,26.071558,0.0236747321,0.0928775966,7.03306705e-06,30,1.426,1
648202300007281,218315496,2459937.6562053142,59937.154965299997,19.224762,0.0667981207,0,zr,1.4946812,29.684363699999999,0.731000006,-0.057,20221224154896,648,0x2,0x3,21.1800003,26.3087425,0.0202774778,0.0796133727,5.06594324e-06,30,1.10800004,1
648202300007281,219723888,2459951.7388628158,59951.238888899999,19.067276,0.0594891049,0,zr,1.4946855999999999,29.684438199999999,0.675000012,0.128999993,20230107238877,648,0x2,0x3,19.3999996,26.2146969,0.043807216,0.0899092257,2.6952368e-05,30,2.04900002,1
648202300007281,220213869,2459956.6382246776,59956.138692100001,18.9946461,0.0564100146,0,zr,1.4946269000000001,29.6844112,1.11199999,0.0520000011,20230112138692,648,0x2,0x3,20.2999992,26.2561626,0.0260588974,0.0870596245,8.3701816e-06,30,1.23699999,1
648202300007281,220413959,2459958.6389483665,59958.1395949,18.8638515,0.0512973964,0,zr,1.4946402999999999,29.684385299999999,1.19599998,-0.023,20230114139595,648,0x2,0x3,20.9500008,26.2971153,0.0202074628,0.0817532018,5.07423601e-06,30,1.26800001,1
648202300007281,221214054,2459966.6391933965,59966.140544000002,19.0657959,0.0594245568,0,zr,1.4946497999999999,29.684390499999999,0.94599998,-0.0120000001,20230122140544,648,0x2,0x3,20.0799999,26.2656994,0.0295614935,0.0848409534,1.09097073e-05,30,1.403,1
648202300007281,221419793,2459968.6964124236,59968.197939799997,18.9646091,0.055187773,0,zr,1.494594,29.684526399999999,0.782000005,0.425000012,20230124197870,648,0x2,0x3,19.3999996,26.1865368,0.0413171127,0.0998449475,2.38305511e-05,30,2.15100002,1
648202300007281,222618258,2459980.6800763379,59980.182581000001,18.9105453,0.0530608632,0,zr,1.4946771999999999,29.684295800000001,0.419999987,-0.074000001,20230205182569,648,0x2,0x3,19.7900009,26.1854,0.0343442634,0.0839101002,1.50973519e-05,30,2.56100011,1
648202300007281,223011695,2459984.6141544674,59984.116955999998,19.1093082,0.0613532811,32768,zr,1.4947627000000001,29.6843337,0.73299998,0.448000014,20230209116956,648,0x2,0x3,19.8400002,26.2328625,0.0541558191,0.0825845078,3.70394882e-05,30,1.62,1
648202300007281,230749606,2460061.9914331874,60061.496064799998,20.1840782,0.133098096,0,zr,1.4948318,29.6844052,0.768000007,0.0399999991,20230427496053,648,0x2,0x3,20.3700008,25.9710426,0.0302671678,0.103911459,1.15816738e-05,30,2.62199998,1
648202300007281,230949055,2460063.9859919953,60063.490555600001,19.8447495,0.105181679,0,zr,1.4945424,29.684436600000002,0.423999995,0.00200000009,20230429490556,648,0x2,0x3,20.4699993,26.004612,0.0282594189,0.106036365,1.00569014e-05,30,2.62299991,1
648202300007281,230949298,2460063.9884225763,60063.492986099998,20.036438,0.120385781,0,zr,1.4946934999999999,29.684408900000001,1.19299996,-0.194000006,20230429492986,648,0x2,0x3,20.3999996,26.0203228,0.029316891,0.10716527,1.08061831e-05,30,2.55299997,1
648202300007281,230949541,2460063.9908532682,60063.495416700003,20.188858,0.133522734,0,zr,1.4946429000000001,29.684433800000001,0.60799998,-0.217999995,20230429495405,648,0x2,0x3,20.2700005,26.0217419,0.0296341535,0.104236186,1.10588262e-05,30,2.48600006,1
648202300007281,230950026,2460063.9957029442,60063.500266199997,19.7770405,0.100188427,0,zr,1.4946159000000001,29.684291099999999,0.759000003,-0.244000003,20230429500255,648,0x2,0x3,19.8700008,26.0529461,0.0370093957,0.104722343,1.74514189e-05,30,2.36400008,1
648202300007281,231149072,2460065.9862392447,60065.490729199999,19.9406796,0.112596773,0,zr,1.4947086999999999,29.684332099999999,0.486000001,-0.158000007,20230501490729,648,0x2,0x3,20.1900005,25.9260387,0.0329229832,0.107606575,1.35999935e-05,30,2.46600008,1
648202300007281,232447016,2460078.9662759583,60078.470161999998,20.3807735,0.151108325,0,zr,1.4945949000000001,29.684563099999998,0.58099997,-0.221000001,20230514469560,648,0x2,0x3,20.5499992,26.0628986,0.0356623009,0.0853364989,1.57861705e-05,30,2.1329999,1
648202300007281,232447787,2460078.9739847863,60078.477870399998,19.6788692,0.093305923,0,zr,1.4946022999999999,29.6843647,0.698000014,-0.0179999992,20230514477824,648,0x2,0x3,20.5900002,26.0810528,0.0300811417,0.0954947472,1.13556316e-05,30,1.99300003,1
648202300007281,232546980,2460079.9659722419,60079.469803200001,20.5404663,0.16558373,0,zr,1.4945622999999999,29.684460999999999,1.18099999,-0.449000001,20230515469213,648,0x2,0x3,20.7800007,26.103569,0.0228774957,0.0906933472,6.50259335e-06,30,2.08800006,1
648202300007281,232547180,2460079.9679747438,60079.471805599998,20.7316647,0.18090713,0,zr,1.4947408,29.684451599999999,0.381000012,-0.141000003,20230515471794,648,0x2,0x3,20.8500004,26.1068211,0.0217017569,0.0919672996,5.8517403e-06,30,2.04999995,1
648202300007281,232647185,2460080.9680773094,60080.471851900002,20.4268036,0.15544343,0,zr,1.4946953999999999,29.684438799999999,0.768999994,-0.0610000007,20230516471840,648,0x2,0x3,20.4099998,26.0669403,0.0266897548,0.0941255093,8.90984029e-06,30,2.00300002,1
648202300007281,232647586,2460080.9720937493,60080.475868100002,19.8792381,0.107801877,32768,zr,1.4945793000000001,29.684383799999999,0.125,-0.0710000023,20230516475845,648,0x2,0x3,19.9599991,25.3203888,0.288745999,0.0826702043,0.00107207056,30,1.93799996,1
648202300007281,232746834,2460081.9646275057,60081.4683449,20.3116436,0.144667208,0,zr,1.4946264,29.684378500000001,1.20799994,-0.0529999994,20230517467766,648,0x2,0x3,20.6700001,26.0976601,0.0244282149,0.103238538,7.45327043e-06,30,2.01699996,1
648202300007281,232747034,2460081.9666299182,60081.470347199996,19.9993,0.11732021,0,zr,1.4947177,29.684492899999999,1.45799994,-0.266000003,20230517470336,648,0x2,0x3,20.5499992,26.099287,0.0263400059,0.102197282,8.64056528e-06,30,1.98199999,1
648202300007281,232747636,2460081.972648778,60081.4763657,20.3469849,0.147947937,0,zr,1.4946482000000001,29.6843723,1.30400002,-0.601000011,20230517476343,648,0x2,0x3,20.7299995,26.1200085,0.023237614,0.101388142,6.78009474e-06,30,1.88900006,1
648202300007281,232847449,2460082.9708321905,60082.474490699999,20.6132622,0.171417832,0,zr,1.4946621,29.684336900000002,0.971000016,-0.556999981,20230518474444,648,0x2,0x3,20.7600002,26.0791473,0.0367325172,0.0992044657,1.67974486e-05,30,1.87600005,1
648202300007281,232946663,2460083.9630325362,60083.466631900003,19.9995651,0.117341861,0,zr,1.4946683000000001,29.684392200000001,0.552999973,0.0480000004,20230519466586,648,0x2,0x3,21.2900009,26.0284348,0.0207266323,0.098735109,5.38192671e-06,30,1.954,1
648202300007281,232946865,2460083.9650581577,60083.468657400001,20.0982933,0.125613019,0,zr,1.4947104,29.684357800000001,1.05200005,0.128999993,20230519468611,648,0x2,0x3,21.2199993,26.0431595,0.0222201906,0.0966819227,6.11507812e-06,30,1.92200005,1
648202300007281,232947068,2460083.9670837871,60083.470682899999,20.6196709,0.171931505,0,zr,1.4946268,29.684445799999999,0.50999999,0.0549999997,20230519470637,648,0x2,0x3,21.1599998,26.046524,0.0212215558,0.0993001983,5.59047476e-06,30,1.89199996,1
648202300007281,232947270,2460083.9691093098,60083.472708300003,20.6185188,0.171839118,0,zr,1.4946478999999999,29.684320100000001,0.56099999,-0.057,20230519472662,648,0x2,0x3,21.2099991,26.0413914,0.0218499824,0.100786798,5.92794504e-06,30,1.86300004,1
648202300007281,232947473,2460083.9711349336,60083.474733800002,20.5448837,0.165937781,0,zr,1.4946515,29.6844155,1.39900005,0.0219999999,20230519474688,648,0x2,0x3,21.1399994,26.0487576,0.0202915035,0.0919489935,5.13765417e-06,30,1.83399999,1
648202300007281,233146637,2460085.962900389,60085.466377299999,20.7053242,0.178796053,0,zr,1.4947288999999999,29.684367399999999,0.510999978,-0.158999994,20230521466377,648,0x2,0x3,21.1000004,26.0973663,0.0230180658,0.0939099267,6.59122088e-06,30,1.875,1
648202300007281,233146834,2460085.9648681083,60085.4683449,20.7770729,0.184546232,0,zr,1.4948098000000001,29.6843079,1.24199998,-0.425000012,20230521468345,648,0x2,0x3,21.1000004,26.0991287,0.0224826187,0.0975125581,6.25796156e-06,30,1.847,1
648202300007281,236944775,2460123.9472071961,60123.447754599998,20.1141205,0.126974151,0,zr,1.4946746,29.684439699999999,1.04999995,-0.0450000018,20230628447755,648,0x2,0x3,21.2900009,26.2518826,0.0189166237,0.0913274065,4.48428091e-06,30,1.19599998,1
648202300007281,237146061,2460125.960240745,60125.460613399999,19.8860855,0.108328223,0,zr,1.4946607999999999,29.684374900000002,1.15799999,-0,20230630460602,648,0x2,0x3,21.4300003,26.2253647,0.0196313094,0.100591861,4.82099722e-06,30,1.13100004,1
648202300007281,237441587,2460128.9157644832,60128.415879599997,19.603838,0.0883298442,0,zr,1.4947212000000001,29.684375899999999,0.667999983,-0.169,20230703415845,648,0x2,0x3,20.5,26.2247486,0.0250739511,0.104673795,7.90695321e-06,30,1.27999997,1
648202300007281,238241506,2460136.9156533442,60136.415069399998,19.3603573,0.0738323778,0,zr,1.4945883,29.684366700000002,1.47399998,-0.0810000002,20230711414815,648,0x2,0x3,21.1000004,26.2569923,0.0194837116,0.0977944657,4.73844966e-06,30,1.18499994,1
648202300007281,238539373,2460139.8945815354,60139.393738400002,19.0517941,0.0588177927,0,zr,1.4946686,29.684376400000001,0.381999999,0.0379999988,20230714393727,648,0x2,0x3,21.4799995,26.2236195,0.0190988649,0.0963606611,4.64341974e-06,30,1.24100006,1
648202300007281,238844818,2460142.9492901727,60142.4481829,18.3243122,0.0352063775,0,zr,1.4946543999999999,29.6843863,1.11800003,-0.0199999996,20230717448171,648,0x2,0x3,21.7399998,26.2082596,0.0198196229,0.0897594616,5.03037245e-06,30,1.04999995,1
648202300007281,239038369,2460144.8849654575,60144.383692099997,20.468256,0.159367457,0,zr,1.4946873000000001,29.684415900000001,0.777999997,0.0610000007,20230719383669,648,0x2,0x3,21.6200008,26.2500401,0.0178816747,0.0912966132,4.11072642e-06,30,1.22500002,1
648202300007281,239241134,2460146.9127887548,60146.411342599997,18.4651012,0.038721934,0,zr,1.4946699999999999,29.684365700000001,0.802999973,-0.0710000023,20230721411343,648,0x2,0x3,21.6000004,26.2501221,0.0211672429,0.0951756537,5.71611372e-06,30,1.10800004,1
648202300007281,239244951,2460146.9509633128,60146.449513899999,18.1612339,0.0316384807,0,zr,1.4946484,29.684373799999999,0.449000001,0.0140000004,20230721449502,648,0x2,0x3,21.5799999,26.267334,0.0201964378,0.0961944312,5.20721005e-06,30,1.03100002,1
648202300007281,239446285,2460148.9644782543,60148.462858799998,18.3065414,0.0347923972,32768,zr,1.4947006,29.684350899999998,0.805000007,0.0489999987,20230723462847,648,0x2,0x3,20.1399994,24.93046,0.0469518378,0.0905198306,2.91388915e-05,30,1.01100004,1
648202300007281,239645049,2460150.952283374,60150.450497700003,19.1129036,0.0615156069,0,zr,1.4946292999999999,29.6843687,0.432999998,0.0549999997,20230725450417,648,0x2,0x3,21.6100006,26.2219429,0.0195476022,0.0950257182,4.8772049e-06,30,1.01699996,1
648202300007281,239840890,2460152.9108481403,60152.408900499999,18.5567551,0.0412503332,0,zr,1.4946775999999999,29.684386,0.925999999,-0.0480000004,20230727408889,648,0x2,0x3,21.3700008,26.2617111,0.0181468464,0.0873726234,4.21246614e-06,30,1.07299995,1
648202300007281,240146738,2460155.9695809782,60155.467384299998,18.221983,0.0329082571,0,zr,1.4946432000000001,29.684379799999999,0.851000011,0.0120000001,20230730467361,648,0x2,0x3,21.6900005,26.2457981,0.019824937,0.0898888931,4.99253019e-06,30,1,1
648202300007281,240539166,2460159.8941749264,60159.391666700001,18.101162,0.030448122,0,zr,1.4946603999999999,29.6843641,0.763999999,-0.0140000004,20230803391655,648,0x2,0x3,20.7999992,26.2849846,0.0217036903,0.0926776081,5.8874175e-06,30,1.06900001,1
648202300007281,240834793,2460162.8506761296,60162.347939799998,18.2776146,0.0341321081,0,zr,1.4946604999999999,29.684358700000001,1.05200005,-0.0549999997,20230806347882,648,0x2,0x3,20.8899994,26.2856731,0.0216978956,0.0949300155,5.90905711e-06,30,1.16999996,1
648202300007281,241542520,2460169.9284642129,60169.425208300003,17.7632046,0.0248222481,32768,zr,1.4946874999999999,29.684380399999998,0.88499999,0.0260000005,20230813425139,648,0x2,0x3,20.5799999,25.3265171,0.385987163,0.0941629633,0.00187338423,30,1.00100005,1
648202300007281,241740440,2460171.9078033906,60171.404409700001,18.215271,0.0327646136,0,zr,1.494667,29.6843796,0.790000021,-0.0729999989,20230815404375,648,0x2,0x3,21.7999992,26.2544708,0.0201315526,0.0901606008,5.17042645e-06,30,1.00800002,1
648202300007281,242037056,2460174.8741604709,60174.370567099999,18.8236637,0.049832508,0,zr,1.4946508000000001,29.684381299999998,0.501999974,-0.0140000004,20230818370567,648,0x2,0x3,21.5799999,26.2705288,0.0173788015,0.0922807455,3.8466801e-06,30,1.03400004,1
648202300007281,242538744,2460179.8913533012,60179.3874421,18.8266869,0.0499410331,0,zr,1.4946581999999999,29.684370399999999,0.790000021,0.061999999,20230823387442,648,0x2,0x3,21.3999996,26.2823353,0.0185682233,0.0975908935,4.6008754e-06,30,1.005,1
648202300007281,242744994,2460181.9539762288,60181.4499421,18.2944183,0.0345136449,0,zr,1.4946562999999999,29.684396100000001,0.162,-0.00200000009,20230825449907,648,0x2,0x3,21.1399994,26.3024006,0.0208934769,0.0902384371,5.41262261e-06,30,1.03400004,1
648202300007281,242936506,2460183.8692134586,60183.365069400003,18.2207947,0.0328827836,0,zr,1.4946508999999999,29.684384600000001,1.12800002,-0.0340000018,20230827364919,648,0x2,0x3,21.5400009,26.2919846,0.0209678132,0.0912097245,5.52535948e-06,30,1.01300001,1
648202300007281,243134027,2460185.8445308465,60185.340277800002,18.1590462,0.0315940157,0,zr,1.4946733000000001,29.684387999999998,0.894999981,-0.0979999974,20230829340232,648,0x2,0x3,20.9899998,26.2779713,0.0204490665,0.0949316174,5.41168811e-06,30,1.03499997,1
648202300007281,243339800,2460187.902371061,60187.398009299999,19.8887482,0.10853339,0,zr,1.494685,29.684337299999999,0.547999978,-0.178000003,20230831397627,648,0x2,0x3,20.3199997,26.2678509,0.0261653401,0.0945405141,8.69456198e-06,30,1.00300002,1
648202300007281,243842645,2460192.9310641061,60192.426458299997,18.416544,0.0374608114,0,zr,1.4946488,29.684376400000001,1.02400005,0.141000003,20230905426447,648,0x2,0x3,21.2399998,26.2960281,0.0192565247,0.084283039,4.60927686e-06,30,1.04400003,1
648202300007281,244036386,2460194.868557069,60194.363865699997,18.2448654,0.0334044471,0,zr,1.4946603000000001,29.684373900000001,0.298000008,0.0270000007,20230907363762,648,0x2,0x3,21.5,26.2865639,0.0188580509,0.0941939354,4.41494558e-06,30,1,1
648202300007281,244234310,2460196.8478756207,60196.343101899998,18.1608238,0.0316301361,0,zr,1.4946600000000001,29.6843836,0.958999991,-0.0189999994,20230909343102,648,0x2,0x3,21.7299995,26.2410469,0.0201896224,0.0897871107,5.17177114e-06,30,1.00399995,1
648202300007281,244641359,2460200.9185260707,60200.413599500003,18.9024887,0.0527518019,0,zr,1.4946668999999999,29.684382100000001,0.921999991,-0.0729999989,20230913413600,648,0x2,0x3,21.6800003,26.2876225,0.0178892817,0.0909566507,3.95657798e-06,30,1.05999994,1
648202300007281,244826708,2460202.7720719157,60202.267083300001,18.2566204,0.0336632133,0,zr,1.4946602,29.684368299999999,0.961000025,-0.123999998,20230915267083,648,0x2,0x3,21.4699993,26.2422123,0.0192508604,0.0930883214,4.63446622e-06,30,1.08599997,1
648202300007281,245040754,2460204.9126005629,60204.407546299997,18.4444847,0.0381800197,0,zr,1.4946634000000001,29.684374300000002,0.600000024,0.061999999,20230917407546,648,0x2,0x3,21.7999992,26.2794418,0.0179113373,0.0904696137,3.93400978e-06,30,1.07000005,1
648202300007281,245243142,2460206.9365338907,60206.431423599999,18.2103539,0.0326599032,0,zr,1.4946554000000001,29.6843866,0.75,-0.0149999997,20230919431412,648,0x2,0x3,21.3899994,26.2858715,0.0190716609,0.0907926336,4.49977324e-06,30,1.14999998,1
648202300007281,245526953,2460209.7747159041,60209.269537,18.275013,0.0340735167,0,zr,1.4946702999999999,29.684375899999999,1.023,-0.0549999997,20230922269537,648,0x2,0x3,21.1399994,26.259716,0.019448312,0.0972203091,4.67738346e-06,30,1.04299998,1
648202300007281,245838575,2460212.890992898,60212.385752299997,18.3998756,0.0370399505,0,zr,1.4946512999999999,29.684392899999999,0.395999998,0,20230925385752,648,0x2,0x3,21.7399998,26.2950001,0.0226817261,0.0876613408,6.40620192e-06,30,1.07000005,1
648202300007281,246027636,2460214.7816367331,60214.276365700003,18.451931,0.0383746475,0,zr,1.4946302,29.684376,1.00600004,0.0260000005,20230927276366,648,0x2,0x3,20.8199997,26.2976589,0.021531688,0.0938060284,5.87962722e-06,30,1.01600003,1
648202300007281,246217608,2460216.6813841849,60216.176088,18.7401485,0.0469389372,0,zr,1.4946929,29.684372499999998,0.449000001,0.0199999996,20230929176076,648,0x2,0x3,20.3700008,26.2835331,0.0355936773,0.0960325524,1.58044022e-05,30,1.27699995,1
648202300007281,246722377,2460221.7291099476,60221.223773099999,18.7540245,0.0474059507,0,zr,1.494648,29.6843957,0.809000015,-0.00100000005,20231004223762,648,0x2,0x3,21.1900005,26.2591801,0.0227158815,0.0901716352,6.43447584e-06,30,1.06700003,1
648202300007281,246921354,2460223.7188839451,60223.213541700003,18.8355865,0.05026206,0,zr,1.4946360000000001,29.684353399999999,1.44500005,-0.0970000029,20231006213530,648,0x2,0x3,20.3600006,26.2783051,0.0330904499,0.0907680988,1.36975132e-05,30,1.07700002,1
648202300007281,247227729,2460226.7826304352,60226.277291699997,18.9368114,0.0540826246,0,zr,1.4946504,29.684389100000001,0.625,-0.00899999961,20231009277280,648,0x2,0x3,21.6000004,26.2747955,0.0204661172,0.0912696198,5.24591587e-06,30,1,1
648202300007281,247427932,2460228.7846573442,60228.279328700002,18.9323177,0.0539062619,0,zr,1.4946568,29.684377699999999,0.904999971,-0.0149999997,20231011279294,648,0x2,0x3,21.3899994,26.3015804,0.0173902269,0.0858910531,3.72523095e-06,30,1.00100005,1
648202300007281,247732939,2460231.8346995064,60231.329398100002,18.8173714,0.0496074595,0,zr,1.4946691999999999,29.684379499999999,0.683000028,-0.00300000003,20231014329387,648,0x2,0x3,21.2999992,26.2867165,0.018001413,0.0820895135,4.04150751e-06,30,1.06099999,1
648202300007281,247917232,2460233.6776044164,60233.172326400003,18.7988167,0.0489506908,0,zr,1.4946733999999999,29.6843723,0.393999994,0.0170000009,20231016172326,648,0x2,0x3,21.4899998,26.261919,0.0198330339,0.0955230296,5.0076751e-06,30,1.11199999,1
648202300007281,248124891,2460235.7541574743,60235.248912000003,18.6630535,0.0444403179,0,zr,1.4946649999999999,29.6843678,0.456999987,0.0450000018,20231018248912,648,0x2,0x3,21.5200005,26.2892437,0.0190372188,0.0917425379,4.54936207e-06,30,1,1
648202300007281,248319670,2460237.7019103486,60237.196701399997,18.9386826,0.0541562624,0,zr,1.4946686,29.6843884,1.04799998,-0.0549999997,20231020196701,648,0x2,0x3,21.5100002,26.2151451,0.0191914812,0.0925558954,4.61307854e-06,30,1.03699994,1
648202300007281,248535234,2460239.8575113304,60239.352349499997,18.79813,0.048926577,0,zr,1.4946603999999999,29.684377900000001,1.19500005,-0.057,20231022352338,648,0x2,0x3,21.6399994,26.2892056,0.019649243,0.0901512131,4.78302536e-06,30,1.19000006,1
648202300007281,248824061,2460242.7457013056,60242.240613399998,19.205534,0.0658574998,0,zr,1.4946565999999999,29.684375299999999,1.34899998,-0.0489999987,20231025240544,648,0x2,0x3,21.0900002,26.2784061,0.0210326016,0.0939941034,5.48441449e-06,30,1.00100005,1
648202300007281,249122818,2460245.7331813951,60245.228182899999,18.8910503,0.0523164682,0,zr,1.4946889000000001,29.684369799999999,0.519999981,-0.0780000016,20231028228171,648,0x2,0x3,19.8600006,26.2928104,0.0298220962,0.092347078,1.10347401e-05,30,1,1
648202300007281,249625920,2460250.7640202628,60250.259201399997,18.7825012,0.0483813733,0,zr,1.4946619999999999,29.684390799999999,0.326000005,0.0120000001,20231102259201,648,0x2,0x3,21.1200008,26.2974052,0.0196726806,0.0913065374,4.796555e-06,30,1.03100002,1
648202300007281,249827942,2460252.7841579597,60252.279421300002,18.7105179,0.045959536,0,zr,1.4946451999999999,29.684382200000002,1.12699997,-0.0219999999,20231104279352,648,0x2,0x3,21.3700008,26.2851162,0.0192575734,0.0881290883,4.58347358e-06,30,1.07700002,1
648202300007281,250014341,2460254.648070212,60254.143414400001,18.5603962,0.0413549021,0,zr,1.494656,29.684367900000002,0.63499999,-0.0500000007,20231106143403,648,0x2,0x3,21.4400005,26.2857208,0.019875085,0.0902469456,4.90578987e-06,30,1.04799998,1
648202300007281,250317385,2460257.6783684841,60257.173854200002,18.6827393,0.0450631008,0,zr,1.4946566999999999,29.684393,0.754000008,-0.00400000019,20231109173843,648,0x2,0x3,20.6800003,26.2878628,0.0233808644,0.0931548849,6.81060556e-06,30,1.005,1
648202300007281,250523466,2460259.7390754391,60259.234664399999,18.5658264,0.0415114798,0,zr,1.4946508000000001,29.684383100000002,0.237000003,-0.00200000009,20231111234664,648,0x2,0x3,21.3700008,26.2850342,0.0187003203,0.0865347236,4.33889818e-06,30,1.03100002,1
648202300007281,250723673,2460261.7410415546,60261.2367361,18.471859,0.0389016643,0,zr,1.4946478999999999,29.684386400000001,1.18400002,0.0379999988,20231113236736,648,0x2,0x3,21.4699993,26.3058586,0.0175477844,0.0823557377,3.79261405e-06,30,1.04200006,1
648202300007281,253015429,2460284.6570667508,60284.154294,18.3954697,0.036929708,0,zr,1.4946705,29.6843839,0.79400003,-0.00300000003,20231206154282,648,0x2,0x3,21.5599995,26.2810478,0.0242984612,0.0904800072,7.45414718e-06,30,1.01699996,1
648202300007281,253318116,2460287.6837020377,60287.181169000003,18.4432449,0.0381477363,0,zr,1.4946657999999999,29.684386199999999,0.677999973,-0.0189999994,20231209181169,648,0x2,0x3,21,26.2827129,0.0201765094,0.0934727564,5.12505949e-06,30,1.07099998,2
648202300007281,253417766,2460288.6801146092,60288.177662000002,18.2320328,0.0331249572,0,zr,1.4946321,29.6843717,0.862999976,0.0329999998,20231210177662,648,0x2,0x3,20.3400002,26.2722721,0.0266544167,0.101896323,8.90071624e-06,30,1.06900001,2
648202300007281,253420348,2460288.7059342964,60288.203483800004,18.3764267,0.0364580266,0,zr,1.4945647,29.684369400000001,0.800999999,-0.00999999978,20231210203472,648,0x2,0x3,20.1599998,26.264883,0.0253253095,0.0952402949,8.04402498e-06,30,1.13699996,1
648202300007281,253510446,2460289.6068447884,60289.104467600002,18.1229057,0.0308716893,0,zr,1.4946549,29.684377600000001,0.587000012,-0.0659999996,20231211104444,648,0x2,0x3,20.7999992,25.9940376,0.022822449,0.090621613,6.5453537e-06,30,1,2
648202300007281,253617891,2460290.6812009751,60290.178912000003,18.3706741,0.0363170877,0,zr,1.4946516000000001,29.684375299999999,0.623000026,-0.0209999997,20231212178912,648,0x2,0x3,21.3400002,26.1508255,0.0246331375,0.0900639966,7.59029763e-06,30,1.08399999,1
648202300007281,255713806,2460311.6385252168,60311.138067100001,18.5834808,0.0420255698,0,zr,1.4946584999999999,29.684381999999999,0.409999996,-0.0289999992,20240102138056,648,0x2,0x3,21.2399998,26.2746964,0.0200616084,0.0857481137,5.08231733e-06,30,1.12800002,1
648202300007281,256116332,2460315.6634159568,60315.163321799999,18.2600956,0.0337402485,0,zr,1.4946926,29.684373999999998,0.713999987,0.00999999978,20240106163310,648,0x2,0x3,20.1399994,26.2578297,0.0282025561,0.0915688202,1.00475709e-05,30,1.27400005,1
648202300007281,256118688,2460315.6869786037,60315.1868866,18.2965336,0.0345620662,0,zr,1.4946583,29.684402899999998,1.04499996,-0.00499999989,20240106186887,648,0x2,0x3,20.1399994,26.2445602,0.0281850807,0.0960523188,1.00753605e-05,30,1.41700006,1
648202300007281,257316240,2460327.6614258853,60327.162407399999,18.1823578,0.0320723206,0,zr,1.4946364999999999,29.684426500000001,0.861999989,-0.0199999996,20240118162407,648,0x2,0x3,19.9500008,26.2432556,0.0321710296,0.0907059163,1.30245653e-05,30,1.48000002,1
648202300007281,258314509,2460337.6432539541,60337.145092600003,18.3683815,0.0362610817,0,zr,1.494572,29.684329099999999,0.479999989,-0.057,20240128145035,648,0x2,0x3,19.5699997,25.9451733,0.0384529196,0.0915597826,1.93377582e-05,30,1.56700003,1
648202300007281,266550988,2460420.0050531183,60419.509884300001,18.6688347,0.0446221568,32768,zr,1.4947302,29.6844486,0.501999974,-0.0649999976,20240419509190,648,0x2,0x3,18.3099995,25.6363068,0.0967000127,0.0964331999,0.000267707248,30,2.81500006,1
648202300007281,266950119,2460423.996461588,60423.501192099997,18.321003,0.0351288021,0,zr,1.4946326000000001,29.684382400000001,0.335000008,-0.0820000023,20240423501192,648,0x2,0x3,19.3799992,26.0818481,0.0412461981,0.0995660648,2.50701887e-05,30,2.73799992,1
648202300007281,266950166,2460423.9969362002,60423.501666700002,18.5438137,0.0408812203,0,zr,1.4946435,29.684348100000001,0.499000013,-0.00400000019,20240423501667,648,0x2,0x3,19.3400002,26.0777435,0.040345341,0.109407648,2.42355509e-05,30,2.72300005,1
648202300007281,266950357,2460423.998845953,60423.503576399999,18.3740253,0.0363991149,0,zr,1.4947284999999999,29.684367200000001,1.31299996,-0.00400000019,20240423503565,648,0x2,0x3,19.2099991,26.1129684,0.0404958986,0.106287427,2.47498319e-05,30,2.66300011,1
648202300007281,267049349,2460424.9887934346,60424.493495399998,18.4673576,0.0387818292,0,zr,1.4947731,29.684339900000001,0.81400001,-0.108999997,20240424493484,648,0x2,0x3,18.75,25.962595,0.042371802,0.0936033204,3.75447344e-05,30,2.91000009,1
648202300007281,267049605,2460424.9913513134,60424.496053199997,18.6644592,0.0444844365,0,zr,1.4947337000000001,29.684307,0.740999997,-0.108000003,20240424496053,648,0x2,0x3,18.8299999,25.9809303,0.0390687436,0.102912784,3.05729627e-05,30,2.81800008,1
648202300007281,267449396,2460428.9893970876,60428.493969900002,18.5963898,0.0424063727,0,zr,1.4945989,29.684394099999999,0.853999972,0.119000003,20240428493970,648,0x2,0x3,19.6700001,26.081955,0.0415517613,0.102171682,2.25615986e-05,30,2.54500008,1
648202300007281,267449444,2460428.989871603,60428.494444399999,18.4307442,0.0378241688,0,zr,1.4946524999999999,29.684419699999999,0.816999972,-0.00499999989,20240428494433,648,0x2,0x3,19.8099995,26.07827,0.0394438654,0.101018615,2.00046416e-05,30,2.5309999,1
648202300007281,267449491,2460428.9903462213,60428.494918999997,18.4540443,0.0384301208,0,zr,1.4946353000000001,29.684454299999999,0.986000001,-0.0170000009,20240428494907,648,0x2,0x3,19.8099995,26.0875893,0.0414149016,0.102071278,2.205692e-05,30,2.51900005,1
648202300007281,267549412,2460429.9895833321,60429.494120399999,18.356987,0.0359845087,0,zr,1.494613,29.684375800000002,0.379999995,0.00200000009,20240429494120,648,0x2,0x3,20.0799999,26.0897083,0.0326021574,0.109180324,1.36131694e-05,30,2.46700001,1
648202300007281,267549459,2460429.990057847,60429.494594900003,18.4189186,0.0375212654,0,zr,1.4946767999999999,29.684396899999999,0.782999992,-0.115999997,20240429494595,648,0x2,0x3,19.9300003,26.0757141,0.0485052541,0.118992791,2.99499425e-05,30,2.454,1
648202300007281,267549506,2460429.9905323675,60429.4950694,18.441433,0.0381006151,0,zr,1.4946181999999999,29.684381999999999,0.411000013,0.074000001,20240429495058,648,0x2,0x3,20.0599995,26.0852127,0.0373306051,0.112554155,1.78254213e-05,30,2.44199991,1
648202300007281,268048009,2460434.9757538699,60434.480092600003,18.4060059,0.037194021,0,zr,1.4946501000000001,29.684370300000001,0.370000005,-0.0120000001,20240504480081,648,0x2,0x3,20.7700005,26.0231724,0.0251628272,0.105766073,8.07591005e-06,30,2.477,1
648202300007281,268048298,2460434.9786474975,60434.482986100003,18.3839569,0.0366436169,0,zr,1.4946596000000001,29.684386700000001,0.425999999,0.0299999993,20240504482975,648,0x2,0x3,20.8099995,26.0332756,0.0224994849,0.106726468,6.41319366e-06,30,2.40300012,1
648202300007281,268048739,2460434.9830573918,60434.487395800003,18.6511898,0.0440699384,0,zr,1.4946714000000001,29.684374500000001,0.746999979,-0.0710000023,20240504487350,648,0x2,0x3,20.3999996,26.0656605,0.02732829,0.10271132,9.46709497e-06,30,2.2980001,1
648202300007281,268347922,2460437.9750208608,60437.479224499999,18.3473282,0.0357521996,0,zr,1.4946533,29.6843805,0.671999991,0.0199999996,20240507479213,648,0x2,0x3,20.5100002,26.0763988,0.0250514038,0.0921040401,8.02619888e-06,30,2.2980001,1
648202300007281,268348218,2460437.9779840028,60437.482187499998,18.3198586,0.0351020247,0,zr,1.4946572,29.6843325,0.633000016,0.0340000018,20240507482176,648,0x2,0x3,20.3400002,26.0850239,0.0333162211,0.0950358436,1.41257669e-05,30,2.23300004,1
648202300007281,268348608,2460437.9818846914,60437.486087999998,18.3877468,0.0367374718,0,zr,1.4946461,29.684378200000001,0.731000006,0.00300000003,20240507486065,648,0x2,0x3,20.2700005,26.0890083,0.0278177932,0.103246957,9.8606688e-06,30,2.15300012,1
648202300007281,268448076,2460438.9766079402,60438.480763899999,18.4148064,0.0374166369,0,zr,1.494618,29.684412500000001,0.700999975,-0.0370000005,20240508480741,648,0x2,0x3,20.3299999,26.0908394,0.0266742874,0.0955214649,9.07960657e-06,30,2.20600009,1
648202300007281,268448418,2460438.9800340091,60438.484189800001,18.1658058,0.0317317136,0,zr,1.4946131,29.684405399999999,0.708000004,0.0670000017,20240508484167,648,0x2,0x3,20.3899994,26.1068401,0.0276457351,0.0929345042,9.82891652e-06,30,2.13700008,1
648202300007281,268448822,2460438.9840736082,60438.488229199997,20.1260071,0.128002286,0,zr,1.4946212000000001,29.684422900000001,0.938000023,-0.345999986,20240508488206,648,0x2,0x3,20.1700001,26.1121826,0.0293288063,0.0952069536,1.09660932e-05,30,2.06200004,1
648202300007281,268547662,2460439.9725130824,60439.476620399997,18.4842033,0.0392326564,0,zr,1.4946847999999999,29.684393,0.703999996,0.00499999989,20240509476609,648,0x2,0x3,20.2199993,25.9978924,0.0316408798,0.0972858593,1.2849232e-05,30,2.2349999,1
648202300007281,268548006,2460439.9759622631,60439.480069400001,18.4331379,0.0378858633,0,zr,1.4945843999999999,29.684423599999999,0.549000025,0.0109999999,20240509480046,648,0x2,0x3,20.25,26.0240173,0.0314193554,0.0897949636,1.26853611e-05,30,2.16400003,1
648202300007281,268548398,2460439.979874556,60439.483981500001,18.5377998,0.0407110676,0,zr,1.4946591,29.684382299999999,0.379999995,-0.0270000007,20240509483958,648,0x2,0x3,19.9799995,26.0227699,0.0335759632,0.105246708,1.45065333e-05,30,2.08899999,1
648202300007281,268647629,2460440.9722390585,60440.476296300003,18.2868538,0.0343411826,0,zr,1.4945904999999999,29.6843602,1.04299998,-0.0599999987,20240510476285,648,0x2,0x3,20.25,26.0914364,0.0281010512,0.0930594057,1.00676134e-05,30,2.18499994,1
648202300007281,268648020,2460440.9761512605,60440.480208300003,18.4340782,0.0379101336,0,zr,1.4946044000000001,29.684402500000001,0.680999994,-0.0199999996,20240510480197,648,0x2,0x3,20.5499992,26.0968876,0.0262052566,0.0994876549,8.74407851e-06,30,2.10899997,1
648202300007281,268648412,2460440.9800635553,60440.484120399997,18.5879173,0.0421559475,0,zr,1.4947292999999999,29.6843811,0.936999977,0.00700000022,20240510484109,648,0x2,0x3,20.1000004,26.1018467,0.0292082522,0.103772826,1.07578762e-05,30,2.03800011,1
648202300007281,272536804,2460479.8666994255,60479.368044000003,18.4200935,0.0375512317,0,zr,1.4946501000000001,29.6843994,0.796999991,-0.0320000015,20240618368021,648,0x2,0x3,20,26.1425343,0.0308406819,0.0976828039,1.19638971e-05,30,2.22199988,1
648202300007281,272936293,2460483.8619326064,60483.362939799998,18.6458225,0.0439036041,0,zr,1.4945075000000001,29.6843529,0.441000015,0.0850000009,20240622362940,648,0x2,0x3,19.2999992,26.1768913,0.039770864,0.0990051702,2.35044772e-05,30,2.10599995,1
648202300007281,273139087,2460485.8900457951,60485.390879600003,18.5048199,0.0397933275,0,zr,1.4946515,29.6844213,0.620000005,-0.0189999994,20240624390880,648,0x2,0x3,20.5900002,26.1553173,0.0244227219,0.0919812098,7.56602185e-06,30,1.63600004,1
648202300007281,273436119,2460488.8606142793,60488.361192099997,18.5245132,0.0403382182,0,zr,1.4946527999999999,29.684379499999999,0.444999993,-0.0399999991,20240627361192,648,0x2,0x3,20.7999992,26.1541519,0.0227561705,0.0989392921,6.60488786e-06,30,1.90600002,1
648202300007281,274037490,2460494.8748531807,60494.374907400001,18.4717751,0.0388994031,0,zr,1.4946661999999999,29.684370000000001,1.66799998,-0.0769999996,20240703374907,648,0x2,0x3,20.8899994,26.189043,0.0234419238,0.102210559,7.05264438e-06,30,1.55200005,1
648202300007281,274838894,2460502.8895932199,60502.388946799998,18.5887165,0.0421795137,0,zr,1.4946671,29.684377699999999,0.677999973,-0.0329999998,20240711388935,648,0x2,0x3,21.3099995,26.0998707,0.0203688107,0.0978577137,5.24619873e-06,30,1.296,1
648202300007281,275140230,2460505.9032114623,60505.402303199997,18.6163349,0.0430029631,0,zr,1.4946466,29.684378899999999,1.08099997,0.0799999982,20240714402303,648,0x2,0x3,21.6599998,26.1700802,0.021870343,0.0881453231,6.00890735e-06,30,1.19500005,1
648202300007281,275736949,2460511.8709110543,60511.369490700003,18.6005402,0.0425296687,0,zr,1.4946823,29.6843544,0.395999998,-0.0399999991,20240720369491,648,0x2,0x3,20.6000004,26.1548729,0.0246589538,0.0996164232,7.6308288e-06,30,1.26900005,1
648202300007281,276037452,2460514.8761993172,60514.374525500003,18.6812153,0.0450145043,0,zr,1.4946343,29.6843556,0.690999985,0.0219999999,20240723374525,648,0x2,0x3,20.4300003,26.1641083,0.0287741274,0.100963965,1.04917763e-05,30,1.20799994,1
648202300007281,276240554,2460516.9073870373,60516.405544000001,18.2976379,0.0345873684,0,zr,1.4946748000000001,29.684376199999999,0.665000021,-0.0579999983,20240725405532,648,0x2,0x3,20.3600006,26.1389732,0.0304086879,0.103063792,1.17501622e-05,30,1.08899999,1
648202300007281,276538271,2460519.8848074488,60519.382719900001,18.7862358,0.0485110134,0,zr,1.4946652,29.684382500000002,0.666000009,0.0719999969,20240728382720,648,0x2,0x3,21.0799999,26.2714806,0.0195146091,0.0968247578,4.81782536e-06,30,1.12899995,1
648202300007281,276742917,2460521.9314311501,60521.4291782,18.5014763,0.0397017151,0,zr,1.4946832000000001,29.684391399999999,0.277999997,-0.00400000019,20240730429178,648,0x2,0x3,21.2800007,26.248909,0.0189547818,0.0973114744,4.56168664e-06,30,1.023,1
648202300007281,277142942,2460525.9319902868,60525.429421300003,18.6598721,0.0443406254,0,zr,1.4946565999999999,29.684373699999998,0.677999973,-0.0160000008,20240803429410,648,0x2,0x3,21.6499996,26.2338047,0.0206449144,0.0915171728,5.28578812e-06,30,1.01199996,1
648202300007281,277339270,2460527.895428495,60527.392708300002,18.5977039,0.0424453579,0,zr,1.4946679,29.684386499999999,0.483999997,-0.0120000001,20240805392697,648,0x2,0x3,21.7299995,26.2190189,0.0206843726,0.0870037526,5.35586332e-06,30,1.05299997,1
648202300007281,277541287,2460529.9157432793,60529.412870400003,18.586338,0.0421095043,0,zr,1.4946725000000001,29.684398699999999,0.51700002,-0.00800000038,20240807412859,648,0x2,0x3,21.5499992,26.1004562,0.0218761861,0.0894181579,6.04384195e-06,30,1.01699996,1
648202300007281,277737954,2460531.8825670774,60531.379548600002,18.7795181,0.0482781269,0,zr,1.4946811,29.684373300000001,0.574000001,-0.0350000001,20240809379537,648,0x2,0x3,21.7700005,26.1851368,0.0189333912,0.0904566497,4.49823847e-06,30,1.05700004,1
648202300007281,277836175,2460532.8650229308,60532.361759300002,18.6746902,0.0448072217,32768,zr,1.4946600999999999,29.6843854,0.324000001,0.0160000008,20240810361759,648,0x2,0x3,21.7399998,26.9440155,0.0176823512,0.097686857,3.92546326e-06,60,1.08899999,1
648202300007281,277936359,2460533.8669352732,60533.3635995,18.577282,0.0418441817,32768,zr,1.4947570999999999,29.6844264,0.375,0.0299999993,20240811363588,648,0x2,0x3,21.6499996,26.9316673,0.0205815639,0.0944658071,5.29254612e-06,60,1.079,1
648202300007281,278034186,2460534.8452687887,60534.341863399997,18.6900597,0.0452973321,32768,zr,1.4946792,29.684388500000001,0.681999981,-0.0350000001,20240812341863,648,0x2,0x3,21.5300007,26.749876,0.0293596573,0.091461733,1.0839779e-05,60,1.12899995,1
648202300007281,278238706,2460536.8904348211,60536.387060200002,18.8726254,0.0516236685,0,zr,1.4946549,29.684400400000001,0.367000014,0.0439999998,20240814387049,648,0x2,0x3,21.5100002,26.286171,0.0194643065,0.0904475078,4.74270473e-06,30,1.02400005,1
648202300007281,278438465,2460538.8881632178,60538.384652799999,18.7569256,0.0475042909,0,zr,1.4946887,29.684387000000001,0.952000022,-0.00999999978,20240816384653,648,0x2,0x3,21.4200001,26.2826824,0.0177360866,0.089096196,3.91285175e-06,30,1.02100003,1
648202300007281,278943743,2460543.9412672389,60543.437430600003,18.8368664,0.0503084399,0,zr,1.4946600999999999,29.684405300000002,0.558000028,-0.0900000036,20240821437396,648,0x2,0x3,20.5599995,26.2641125,0.0228427593,0.0926981568,6.63429773e-06,30,1.01100004,1
648202300007281,279138846,2460545.8924162285,60545.388460599999,18.7830772,0.0484013297,0,zr,1.4946710999999999,29.684383499999999,1.273,-0.0260000005,20240823388461,648,0x2,0x3,20.6800003,26.2926254,0.0206100848,0.0961813554,5.33142247e-06,30,1.00300002,1
648202300007281,279438638,2460548.8905193564,60548.386388899999,18.7521343,0.0473420396,0,zr,1.4946432000000001,29.684399599999999,0.615999997,0.0419999994,20240826386285,648,0x2,0x3,21.2800007,26.2651939,0.0179989431,0.0914099962,4.07359857e-06,30,1.00100005,1
648202300007281,279637979,2460550.8840328204,60550.379791699997,18.6452885,0.0438870937,0,zr,1.4946577000000001,29.684393700000001,0.555000007,-0.00600000005,20240828379780,648,0x2,0x3,21.75,26.2847614,0.0185889471,0.0876440853,4.31848048e-06,30,1.00199997,1
648202300007281,279836527,2460552.8696245402,60552.365277800003,18.8079433,0.0492725,0,zr,1.4946914,29.684387699999998,0.768999994,0.0549999997,20240830365266,648,0x2,0x3,21.5799999,26.2779922,0.0185535755,0.0888316333,4.29067541e-06,30,1.005,1
648202300007281,280137001,2460555.874509139,60555.370011600004,18.8597221,0.0511446446,0,zr,1.4946732,29.684381999999999,1.16900003,0.0109999999,20240902370012,648,0x2,0x3,21.8199997,26.2640324,0.0200360361,0.0877334028,5.0663707e-06,30,1.00100005,1
648202300007281,280332244,2460557.8270315882,60557.322442099998,18.7457218,0.0471258536,0,zr,1.4946699000000001,29.684377999999999,1.00999999,0.118000001,20240904322442,648,0x2,0x3,21.6100006,26.2384109,0.02099213,0.0924206451,5.51881749e-06,30,1.03400004,1
648202300007281,280526380,2460559.7684839531,60559.263807900003,20.3783379,0.150879949,0,zr,1.4946505000000001,29.6844134,0.91900003,-0.0130000003,20240906263796,648,0x2,0x3,21.4200001,26.206604,0.02084589,0.095120728,5.45549801e-06,30,1.16100001,1
648202300007281,280828556,2460562.7903681123,60562.2855671,18.8297939,0.0500528403,0,zr,1.4946786000000001,29.6843726,1.07099998,-0.104999997,20240909285567,648,0x2,0x3,21.3999996,26.094511,0.0216150284,0.098360464,5.86040505e-06,30,1.07599998,1
648202300007281,281033755,2460564.8424367863,60564.337557899999,18.8695831,0.0515102744,0,zr,1.4946333000000001,29.684373600000001,0.707000017,-0.0340000018,20240911337431,648,0x2,0x3,21.1599998,26.277586,0.018984938,0.0973947793,4.51799815e-06,30,1.00300002,1
648202300007281,281236343,2460566.8683875995,60566.363437499997,19.6106815,0.0887735859,0,zr,1.4946345000000001,29.684363699999999,0.476999998,0.0379999988,20240913363403,648,0x2,0x3,21.0300007,26.0477657,0.0201779809,0.0961422399,5.12220913e-06,30,1.00399995,1
648202300007281,281532870,2460569.8337477418,60569.328703699997,18.8366337,0.050300017,0,zr,1.4946965000000001,29.684381399999999,0.476000011,-0.0260000005,20240916328704,648,0x2,0x3,20.7000008,26.2780685,0.021501936,0.0960356891,5.83351175e-06,30,1.00100005,1
648202300007281,281829736,2460572.8024867526,60572.297361099998,18.486948,0.0393067189,0,zr,1.4946535000000001,29.684386799999999,0.495000005,0.00400000019,20240919297361,648,0x2,0x3,20.6100006,26.2904167,0.0282742269,0.0881871432,1.01122587e-05,30,1.01499999,1
648202300007281,282132568,2460575.8308787695,60575.325682900002,18.7610455,0.0476443246,0,zr,1.4946678,29.684379,0.92900002,-0.0450000018,20240922325648,648,0x2,0x3,21.2199993,26.2601089,0.0234687645,0.0935732946,6.86055864e-06,30,1,1
648202300007281,282219940,2460576.7046232931,60576.199409699999,18.8868294,0.0521568321,0,zr,1.4946695999999999,29.6843839,0.765999973,-0.0579999983,20240923199398,648,0x2,0x3,21.5200005,26.2210865,0.0237170421,0.0931305736,7.19824948e-06,30,1.23399997,1
648202300007281,282526615,2460579.7714245003,60579.266157400001,18.8104954,0.0493628904,0,zr,1.4946781,29.6843635,0.675000012,-0.0759999976,20240926266146,648,0x2,0x3,21.3600006,26.253994,0.0193564259,0.0973697528,4.6903142e-06,30,1.02900004,1
648202300007281,282745152,2460581.9568243651,60581.451527800004,18.6437683,0.0438401401,0,zr,1.4946695999999999,29.684389899999999,1.40699995,0.0329999998,20240928451366,648,0x2,0x3,21.25,26.2485809,0.019732574,0.088497296,4.93290145e-06,30,1.37300003,1
648202300007281,283823884,2460592.7441784008,60592.238842600003,18.9447212,0.0543945767,0,zr,1.494653,29.684382800000002,0.44600001,-0.00100000005,20241009238831,648,0x2,0x3,21.6299992,26.2878227,0.0182047933,0.0886378214,4.14752503e-06,30,1.01900005,1
648202300007281,284021773,2460594.7230551001,60594.217731500001,18.8299904,0.050059922,0,zr,1.4946294,29.684350800000001,0.822000027,-0.0860000029,20241011217662,648,0x2,0x3,20.9400005,26.2775898,0.0209267233,0.099040851,5.52658139e-06,30,1.03900003,1
648202300007281,284234578,2460596.8510907856,60596.345786999998,18.9919205,0.0562979095,0,zr,1.4946796,29.6843839,0.907000005,-0.0160000008,20241013345729,648,0x2,0x3,21.2900009,26.2935352,0.0205825996,0.0907470137,5.4410325e-06,30,1.09599996,1
648202300007281,284432343,2460598.8287167018,60598.323437500003,18.9280567,0.0537396558,0,zr,1.4946305,29.684426699999999,1.102,0.0480000004,20241015323437,648,0x2,0x3,20.5599995,26.2951393,0.0256736036,0.0887502506,8.28962129e-06,30,1.05900002,1
648202300007281,284621989,2460600.7251458648,60600.219895800001,18.8585358,0.051100865,0,zr,1.4946805000000001,29.6844389,0.713999987,-0.0209999997,20241017219641,648,0x2,0x3,19.9300003,26.2866802,0.0317658074,0.0991145298,1.29624577e-05,30,1.01600003,1
648202300007281,285320587,2460607.710975687,60607.205879599998,18.837574,0.0503341109,0,zr,1.4946503,29.684387900000001,0.703000009,0.0480000004,20241024205880,648,0x2,0x3,21.7199993,26.3068657,0.0230802204,0.0904842764,6.76134778e-06,30,1.01199996,1
648202300007281,285528379,2460609.7888325616,60609.283796299998,18.9573212,0.0548956506,0,zr,1.4946628,29.684369499999999,0.777999997,-0.0399999991,20241026283796,648,0x2,0x3,21.4099998,26.2860718,0.0192761514,0.0893106461,4.73157434e-06,30,1.04200006,1
648202300007281,286124484,2460615.7496791882,60615.244849499999,18.7256927,0.0464581139,0,zr,1.4946461,29.684395800000001,0.943000019,-0.0179999992,20241101244838,648,0x2,0x3,21.6000004,26.2792511,0.0200917162,0.0835454538,5.12158704e-06,30,1.01400006,1
648202300007281,286432094,2460618.8256523367,60618.320949100002,18.5803413,0.0419335738,32768,zr,1.4947044,29.684241799999999,0.550999999,-0.0540000014,20241104320949,648,0x2,0x3,18.5900002,24.2868309,0.0710471049,0.0866071358,0.000133561654,30,1.21500003,1
648202300007281,286613608,2460620.6407105206,60620.136087999999,18.8168621,0.0495893061,0,zr,1.4946341000000001,29.6843735,0.575999975,0.0130000003,20241106136088,648,0x2,0x3,20.9599991,25.9812431,0.022990454,0.0914174765,6.70485997e-06,30,1.05799997,1
648202300007281,287029738,2460624.8018050236,60624.2973843,18.4981022,0.0396095552,32768,zr,1.4946242000000001,29.6843951,0.853999972,-0.00700000022,20241110297384,648,0x2,0x3,20.1599998,25.7498798,0.0380022265,0.0868368894,1.82439744e-05,30,1.18599999,1
648202300007281,287218075,2460626.6850743452,60626.180752300002,19.0026512,0.056740731,0,zr,1.4946891,29.684406200000002,0.330000013,0.00400000019,20241112180683,648,0x2,0x3,20.3199997,26.2856979,0.025959529,0.0992941856,8.55273356e-06,30,1,1
648202300007281,288022341,2460634.7272659889,60634.223414400003,18.8448067,0.0505971797,0,zr,1.4946291,29.684391600000001,0.456,-0.0120000001,20241120223380,648,0x2,0x3,20.8700008,26.2235508,0.0209690724,0.0933315381,5.54540065e-06,30,1.05499995,1
648202300007281,288222648,2460636.7302042381,60636.226481500002,20.0326977,0.120074674,0,zr,1.4946953999999999,29.6843963,0.902999997,0.0820000023,20241122226481,648,0x2,0x3,21.25,26.2741623,0.0200277492,0.0919713676,5.09165648e-06,30,1.07299995,1
648202300007281,288919346,2460643.6967019741,60643.1934606,18.7077122,0.0458680689,0,zr,1.4946623000000001,29.684435499999999,1.01800001,-0.063000001,20241129193461,648,0x2,0x3,20.2600002,26.2540779,0.0262573082,0.0943846032,8.62159322e-06,30,1.046,1
648202300007281,289317444,2460647.6773895058,60647.1744444,18.9331684,0.0539396107,32768,zr,1.4946145,29.684402500000001,0.795000017,0.0299999993,20241203174433,648,0x2,0x3,20.5699997,25.724062,0.0336139277,0.085528776,1.42155204e-05,30,1.03299999,1
648202300007281,289524436,2460649.7471489515,60649.244363400001,18.9226303,0.0535282865,0,zr,1.4946473,29.6843878,0.898999989,-0.057,20241205244340,648,0x2,0x3,21.5,26.2512875,0.0205975845,0.0897514299,5.30733905e-06,30,1.25199997,1
648202300007281,289712268,2460651.6253230609,60651.122685200004,18.9175529,0.0533313639,0,zr,1.4946621,29.684387000000001,0.677999973,-0.0370000005,20241207122500,648,0x2,0x3,21.4300003,26.2711143,0.0196709726,0.0910367593,4.89179183e-06,30,1.00100005,1
648202300007281,289912059,2460653.6230680868,60653.120590300001,19.053196,0.058878243,0,zr,1.4946611999999999,29.684390199999999,0.536000013,-0.0149999997,20241209120567,648,0x2,0x3,21.2299995,26.2947979,0.0226858985,0.0911750495,6.49867752e-06,30,1.00199997,1
648202300007281,290415232,2460658.654389014,60658.152326399999,18.9522266,0.0546924286,0,zr,1.4946893000000001,29.684384600000001,0.372000009,0.00999999978,20241214152326,648,0x2,0x3,20.4300003,26.3075619,0.0240788721,0.0777462125,7.28819487e-06,30,1.046,1
648202300007281,290618222,2460660.6841129744,60660.182222199997,18.9161892,0.0532786064,0,zr,1.4946280999999999,29.6843611,0.768999994,-0.0370000005,20241216182222,648,0x2,0x3,20.3999996,26.2389126,0.0252470523,0.0931186527,8.08386176e-06,30,1.12800002,1
648202300007281,290925908,2460663.7607117663,60663.259085600002,18.7737446,0.0480789989,0,zr,1.494661,29.684374500000001,0.485000014,0.0280000009,20241219259086,648,0x2,0x3,20.0699997,26.2442226,0.0321588218,0.0829257369,1.32787482e-05,30,1.63499999,1
648202300007281,291114386,2460665.6453277241,60665.143865700004,18.6981163,0.0455567576,0,zr,1.494653,29.684376199999999,0.934000015,0.0309999995,20241221143796,648,0x2,0x3,21.4899998,26.2595387,0.0202534534,0.0908897892,5.15918509e-06,30,1.06500006,1
648202300007281,291316277,2460667.6640622979,60667.162777799997,18.8826637,0.0519998409,0,zr,1.4946048999999999,29.684376400000001,1.23500001,0.0799999982,20241223162743,648,0x2,0x3,21.0100002,26.2832756,0.020747805,0.0904892981,5.46627825e-06,30,1.12699997,1
648202300007281,291913818,2460673.6389344735,60673.138182900002,18.9563084,0.0548551716,0,zr,1.494629,29.684414400000001,0.873000026,0.0270000007,20241229138148,648,0x2,0x3,20.5,25.9888592,0.0258562341,0.0964472741,8.46128933e-06,30,1.10300004,1
648202300007281,292113268,2460675.6332571255,60675.132685199998,19.037056,0.0581863672,0,zr,1.4946671,29.684394099999999,0.294,0.00700000022,20241231132674,648,0x2,0x3,21.1800003,26.1882801,0.0198609624,0.0880947411,5.01538398e-06,30,1.10300004,1
648202300007281,292313440,2460677.634800822,60677.134409699996,18.7441788,0.0470740274,0,zr,1.4946618,29.684390700000002,0.178000003,0.0120000001,20250102134410,648,0x2,0x3,21.5300007,26.2794933,0.0205994416,0.0874339789,5.37934557e-06,30,1.12399995,1
648202300007281,292515776,2460679.6579742869,60679.157766199998,18.9477959,0.0545163676,0,zr,1.4946507,29.684350999999999,0.448000014,-0.0199999996,20250104157766,648,0x2,0x3,21.1499996,26.273531,0.0189372674,0.0955164433,4.58465593e-06,30,1.23000002,1
648202300007281,292710255,2460681.6025900943,60681.102557899998,18.9211807,0.0534719862,0,zr,1.4946492,29.6843781,0.652999997,-0.0320000015,20250106102558,648,0x2,0x3,21.2099991,26.276722,0.022910744,0.0862709507,6.61165404e-06,30,1.07000005,1
648202300007281,293018627,2460684.6860267743,60684.1862731,18.7176266,0.0461922958,0,zr,1.4946702000000001,29.684405000000002,0.555000007,-0.0370000005,20250109186273,648,0x2,0x3,19.4400005,26.1539421,0.0412874036,0.0986880809,2.21859191e-05,30,1.49100006,1
648202300007281,293211290,2460686.6124854726,60686.112905100003,19.0329666,0.0580124855,0,zr,1.4946756000000001,29.684393,0.416999996,-0.0219999999,20250111112905,648,0x2,0x3,20.7199993,26.307251,0.0229282416,0.0853623897,6.568755e-06,30,1.13300002,1
648202300007281,294512326,2460699.6217012987,60699.123263900001,19.1177006,0.0617328957,0,zr,1.4945993,29.684382899999999,0.887000024,-0.0689999983,20250124123264,648,0x2,0x3,20.2600002,26.263155,0.0284951553,0.0985955,1.0286758e-05,30,1.33500004,1
648202300007281,295216217,2460706.6600287431,60706.162175899997,19.0919304,0.0605750792,0,zr,1.4946672000000001,29.684416899999999,0.939999998,-0.0930000022,20250131162164,648,0x2,0x3,20.8799992,26.1985836,0.0224162471,0.0971141756,6.50323682e-06,30,1.88999999,1
648202300007281,303449614,2460788.991407563,60788.496145800003,18.5482025,0.0410059243,0,zr,1.4946016,29.6844021,1.00399995,0.0329999998,20250423496123,648,0x2,0x3,20.1399994,26.0320206,0.0381360799,0.0840264335,1.84396486e-05,30,2.93799996,1
648202300007281,303450410,2460788.9993707882,60788.5041088,18.8917885,0.0523444302,0,zr,1.4946976999999999,29.6844055,0.367000014,-0.0960000008,20250423504086,648,0x2,0x3,19.4599991,26.0676422,0.0406804457,0.0901975036,2.30054884e-05,30,2.66799998,1
648202300007281,303549369,2460789.9889821862,60789.493692099997,18.7197475,0.0462620445,0,zr,1.4947916000000001,29.684392800000001,1.00899994,-0.0900000036,20250424493657,648,0x2,0x3,19.6399994,25.9794159,0.0463397056,0.100924134,2.81830598e-05,30,2.92799997,1
648202300007281,303549415,2460789.9894452072,60789.494155100001,18.7134304,0.0460547283,0,zr,1.4945923999999999,29.684313199999998,1.704,-0.0289999992,20250424494155,648,0x2,0x3,19.7700005,25.9750977,0.0445864983,0.103611328,2.54475035e-05,30,2.91000009,1
648202300007281,304048687,2460794.9823280876,60794.486875000002,18.5165768,0.0401175395,0,zr,1.4946705,29.6843933,0.708999991,-0.0219999999,20250429486852,648,0x2,0x3,19.6700001,25.9845676,0.0458766967,0.103896946,2.78593816e-05,30,2.69499993,1
648202300007281,304049083,2460794.9862865373,60794.490833299998,18.4442692,0.038174428,0,zr,1.4946390000000001,29.684426899999998,0.39199999,-0.00800000038,20250429490833,648,0x2,0x3,19.6900005,26.0022488,0.0403081067,0.110189348,2.09570117e-05,30,2.57599998,1
648202300007281,304049587,2460794.9913330269,60794.495879599999,18.8452225,0.0506123565,0,zr,1.4945421000000001,29.684240299999999,0.810000002,0.050999999,20250429495868,648,0x2,0x3,19.4899998,26.0352535,0.046393387,0.10462895,2.98282866e-05,30,2.44000006,1
648202300007281,304948534,2460803.981179269,60803.485347200003,18.4079018,0.037241824,0,zr,1.4946098000000001,29.684386199999999,1.03799999,-0.103,20250508485324,648,0x2,0x3,20.4899998,26.1437435,0.0249224622,0.0926756486,7.90824106e-06,30,2.12800002,1
648202300007281,304949021,2460803.9860522053,60803.490219899999,18.6331158,0.0435127616,0,zr,1.4946565999999999,29.6843942,0.388000011,-0.0320000015,20250508490208,648,0x2,0x3,20.3700008,26.1559849,0.0253263656,0.098299928,8.1273929e-06,30,2.03900003,1
648202300007281,304949509,2460803.9909251453,60803.495092600002,18.610899,0.0428393632,0,zr,1.4946299000000001,29.684391300000001,0.598999977,-0.150000006,20250508495069,648,0x2,0x3,19.9699993,26.1727123,0.0347682163,0.0997606814,1.53635374e-05,30,1.95799994,1
648202300007281,305148285,2460805.9787890138,60805.482858800002,18.9633808,0.0551384315,0,zr,1.4946375999999999,29.684397199999999,0.924000025,-0.061999999,20250510482836,648,0x2,0x3,20.6800003,26.1490746,0.0240890905,0.0975674614,7.46469141e-06,30,2.07299995,1
648202300007281,305148724,2460805.9831758393,60805.4872454,18.7248592,0.0464305729,0,zr,1.4946438,29.684421499999999,0.677999973,-0.057,20250510487234,648,0x2,0x3,20.2399998,26.0685081,0.0266890489,0.0975944996,9.01508884e-06,30,1.99699998,1
648202300007281,305149164,2460805.9875741634,60805.491643499998,18.7464409,0.0471500717,0,zr,1.4946687999999999,29.684332300000001,0.368000001,-0.074000001,20250510491632,648,0x2,0x3,20.0100002,26.1121273,0.0317725278,0.0988388881,1.26817831e-05,30,1.926,1
648202300007281,305248249,2460806.9784811591,60806.482499999998,18.8825417,0.0519952215,32768,zr,1.4945719,29.684446600000001,0.700999975,-0.150999993,20250511482488,648,0x2,0x3,19.6100006,25.5302906,0.042465236,0.0938707069,2.51372749e-05,30,2.0309999,1
648202300007281,305248637,2460806.9823586578,60806.486377300003,18.5333672,0.0405861884,32768,zr,1.4946524000000001,29.6843982,0.662999988,-0.0460000001,20250511486366,648,0x2,0x3,19.7299995,25.6361179,0.0362342522,0.0839284509,1.75433834e-05,30,1.96599996,1
648202300007281,305249128,2460806.9872663151,60806.491284700001,18.5282593,0.0404429287,0,zr,1.4946691999999999,29.684387300000001,0.356000006,-0.0759999976,20250511491250,648,0x2,0x3,20.1499996,25.9889984,0.0378790088,0.107054569,1.83283228e-05,30,1.88999999,1
648202300007281,309642640,2460850.9255476668,60850.4264005,19.1787109,0.064568162,0,zr,1.4946474000000001,29.684347800000001,0.416999996,-0.0109999999,20250624426400,648,0x2,0x3,21.2999992,26.1483192,0.0203675032,0.0953708962,5.25877704e-06,30,1.352,1
648202300007281,309644543,2460850.9445886128,60850.445439800002,18.7562943,0.0474828556,0,zr,1.494683,29.684382500000002,0.560000002,0,20250624445440,648,0x2,0x3,21.4500008,26.1698627,0.0192796886,0.0950060934,4.72429338e-06,30,1.24800003,1
648202300007281,309940131,2460853.9007230033,60853.4013194,18.849144,0.0507556759,0,zr,1.4946576,29.6843726,0.691999972,0.0189999994,20250627400914,648,0x2,0x3,21.4400005,26.171999,0.0200755429,0.0956623256,5.10881728e-06,30,1.472,1
648202300007281,310340655,2460857.9063026644,60857.406550899999,18.7753429,0.0481339991,0,zr,1.4946697,29.684394699999999,0.976999998,-0.0299999993,20250701406539,648,0x2,0x3,21.4200001,26.2433815,0.0182432402,0.0946314111,4.29210377e-06,30,1.35699999,1
648202300007281,310546444,2460859.9643758899,60859.464444400001,19.0972652,0.0608128347,0,zr,1.4946607000000001,29.684370300000001,1.43799996,-0.0810000002,20250703464433,648,0x2,0x3,21.5,26.2135372,0.0196183287,0.0922582448,4.85825285e-06,30,1.09399998,1
648202300007281,313334687,2460887.8491811631,60887.346875000003,19.1747093,0.0643780604,0,zr,1.4946140000000001,29.684392599999999,0.587000012,-0.0489999987,20250731346725,648,0x2,0x3,21.5300007,26.2639446,0.018299643,0.0924099237,4.29986858e-06,30,1.23699999,1
648202300007281,314038751,2460894.8903632979,60894.387511599998,19.526701,0.0834676251,0,zr,1.4947018000000001,29.6843295,0.533999979,-0.0260000005,20250807387477,648,0x2,0x3,21.0200005,26.2488785,0.0213813912,0.09687379,5.77422861e-06,30,1.05299997,1
648202300007281,314341016,2460897.9132367685,60897.410162,18.9242134,0.0535898544,0,zr,1.4946546999999999,29.6843884,0.734000027,-0.0109999999,20250810410162,648,0x2,0x3,20.3999996,26.2014408,0.0256606862,0.0951796919,8.29767941e-06,30,1.01300001,1
648202300007281,314736972,2460901.8730777693,60901.369722199997,18.9217682,0.0534948036,0,zr,1.4946488,29.6843778,0.479999989,-0.00800000038,20250814369711,648,0x2,0x3,20.8899994,26.248867,0.0211497862,0.09580639,5.62650621e-06,30,1.051,1
648202300007281,315033931,2460904.8428740967,60904.339317099999,19.2166157,0.0663979501,0,zr,1.4947089,29.684387300000001,0.79400003,-0.0209999997,20250817339306,648,0x2,0x3,21.4899998,26.2696075,0.0199371185,0.0939403176,5.09401934e-06,30,1.10000002,1
648202300007281,315537324,2460909.8771195789,60909.373240699999,19.234602,0.0672848821,0,zr,1.4946758,29.6843751,0.976999998,-0.0649999976,20250822373241,648,0x2,0x3,21.6700001,26.2104397,0.0207248665,0.0917743295,5.41578356e-06,30,1.01699996,1
648202300007281,315734283,2460911.8468332058,60911.3428356,19.3318005,0.0722914115,0,zr,1.4946879,29.684388999999999,0.416000009,-0.0250000004,20250824342836,648,0x2,0x3,21.6800003,26.2376442,0.0196700469,0.0923808068,4.90428101e-06,30,1.04999995,1
648202300007281,316036199,2460914.8661619807,60914.361990700003,19.4375973,0.0781646073,0,zr,1.4946520000000001,29.684390799999999,1.06599998,-0.0610000007,20250827361898,648,0x2,0x3,21.5599995,26.249733,0.0201366507,0.0935320333,5.16949831e-06,30,1.01400006,1
648202300007281,316336510,2460917.8694377858,60917.365104199998,19.2190781,0.0665186122,0,zr,1.4946581999999999,29.6843887,0.879000008,0.0549999997,20250830365104,648,0x2,0x3,21.7000008,26.2659931,0.0189695787,0.0871092603,4.49321624e-06,30,1.00600004,1
648202300007281,316535912,2460919.8635557895,60919.359120399997,18.6174164,0.0430355892,0,zr,1.4946496,29.684403,0.859000027,0.061999999,20250901359086,648,0x2,0x3,21.8500004,26.2619171,0.0207804516,0.091409497,5.46753654e-06,30,1.00600004,1
648202300007281,317330303,2460927.8078237888,60927.303032399999,19.5482178,0.0847983435,0,zr,1.4946496,29.684406500000001,0.542999983,0.0469999984,20250909303032,648,0x2,0x3,20.3999996,26.2813396,0.0258317012,0.0993341953,8.4898702e-06,30,1.04400003,1
648202300007281,317524115,2460929.7460231264,60929.2411574,19.1319656,0.0623838417,0,zr,1.4946321,29.684388599999998,0.952000022,-0.0390000008,20250911241157,648,0x2,0x3,20.3299999,26.157793,0.0332906246,0.0929700211,1.39934136e-05,30,1.19799995,1
648202300007281,317848431,2460932.9892958505,60932.484317100003,19.6619301,0.0921611488,0,zr,1.4946499,29.684344299999999,0.451999992,0.0450000018,20250914484317,648,0x2,0x3,21.25,26.2442684,0.0191043075,0.0824225172,4.63461856e-06,30,1.33500004,1
648202300007281,318028684,2460934.7918756194,60934.286840300003,19.0133152,0.0571846105,0,zr,1.4946431,29.684372400000001,0.773999989,-0.0879999995,20250916286829,648,0x2,0x3,21.5900002,26.2564697,0.0204188339,0.090593718,5.3595013e-06,30,1.03900003,1
648202300007281,318435185,2460938.8569977032,60938.351851899999,20.0901127,0.124913268,0,zr,1.4946588999999999,29.6843884,0.754000008,-0.0920000002,20250920351794,648,0x2,0x3,21.4599991,26.2853451,0.0185764357,0.0892749354,4.40909253e-06,30,1.00800002,1
648202300007281,318724690,2460941.7521195058,60941.246909699999,20.2202854,0.136332899,0,zr,1.4945491,29.684411399999998,1.33200002,0.222000003,20250923246898,648,0x2,0x3,21.3799992,26.2464466,0.0204877909,0.0914090648,5.3138906e-06,30,1.079,1
648202300007281,318926464,2460943.7698883004,60943.264641200003,20.4396725,0.156659946,0,zr,1.4946630999999999,29.684406599999999,0.680999994,-0.136000007,20250925264606,648,0x2,0x3,21.2999992,26.2872276,0.0196643285,0.091177471,4.95631593e-06,30,1.03600001,1
648202300007281,319528453,2460949.7898590281,60949.284537,19.7833176,0.100642927,0,zr,1.4946477,29.684399200000001,1.18799996,0.050999999,20251001284502,648,0x2,0x3,21.6399994,26.2794743,0.0225829985,0.0844463184,6.47442312e-06,30,1.00300002,1
648202300007281,319921937,2460953.7247163178,60953.219375000001,20.0892811,0.124842234,0,zr,1.4946503,29.684420500000002,0.284999996,-0.0329999998,20251005219375,648,0x2,0x3,20.6700001,26.2675571,0.0246651918,0.0888354182,7.72269505e-06,30,1.06700003,1
648202300007281,320632836,2460960.8336845711,60960.328368100003,19.7240467,0.0964207053,0,zr,1.4946447,29.684390400000002,0.646000028,0.0890000015,20251012328333,648,0x2,0x3,21.0799999,26.2975464,0.0187576786,0.0932098255,4.49845356e-06,30,1.051,1
648202300007281,321219337,2460966.6986174812,60966.193379600001,20.3384361,0.147151977,0,zr,1.4946429999999999,29.684362100000001,0.742999971,0.104000002,20251018193368,648,0x2,0x3,21.2299995,26.2783928,0.0204489138,0.0960996523,5.2456262e-06,30,1.04900002,1
648202300007281,321429863,2460968.8038311847,60968.298634300001,19.9265423,0.111479133,0,zr,1.4946286,29.684381399999999,1.10000002,-0.0920000002,20251020298634,648,0x2,0x3,21.6100006,26.3055,0.0181955565,0.0878155902,4.18336322e-06,30,1.03799999,1
648302300009842,57938039,2458333.8829223597,58333.380393500003,19.0369434,0.0707252696,0,zi,1.4945808,29.6843903,0.763000011,-0.0390000008,20180803380382,648,0x2,0x3,20.25,25.5239429,0.0266620647,0.196284935,1.31680963e-05,30,1.09500003,2
648302300009842,58346815,2458337.9710017419,58337.468159700002,19.2724667,0.0842618346,0,zi,1.4948637,29.684470099999999,1.25800002,0.137999997,20180807468148,648,0x2,0x3,20.7099991,25.5664673,0.0338660143,0.201289266,2.1848602e-05,30,1.005,2
648302300009842,58838570,2458342.8889079671,58342.385706000001,19.1631279,0.0776864514,0,zi,1.4947149,29.684449099999998,0.827000022,-0.126000002,20180812385694,648,0x2,0x3,20.3899994,25.4701271,0.0244149566,0.198695153,1.09625125e-05,30,1.03600001,2
648302300009842,59734480,2458351.8486053245,58351.344803200001,19.272028,0.0842344016,0,zi,1.494626,29.6843854,0.717999995,-0.0149999997,20180821344769,648,0x2,0x3,20.9799995,25.5050278,0.0319593847,0.199181661,1.76739177e-05,30,1.06400001,2
648302300009842,61632140,2458370.8261845419,58370.321400499997,20.3453445,0.175689563,0,zi,1.4947079000000001,29.684381500000001,1.19599998,-0.259000003,20180909321377,648,0x2,0x3,20.7800007,25.5433445,0.0199077837,0.189264119,7.35284448e-06,30,1.01999998,2
648302300009842,62030091,2458374.805846638,58374.300914400003,20.1759415,0.158766031,0,zi,1.4947341000000001,29.6844052,0.683000028,-0.0829999968,20180913300903,648,0x2,0x3,20.4899998,25.5519409,0.0215227716,0.194063142,8.29402143e-06,30,1.03199995,2
648302300009842,62435960,2458378.864667241,58378.359606500002,20.3133698,0.17248854,0,zi,1.4946280999999999,29.684381800000001,0.894999981,-0.075000003,20180917359595,648,0x2,0x3,21.1499996,25.5473709,0.0211182348,0.185714468,8.00757425e-06,30,1.00699997,2
648302300009842,62828731,2458382.79247753,58382.2873148,20.2493038,0.166072339,0,zi,1.4946508000000001,29.684397100000002,0.95599997,0.0480000004,20180921287303,648,0x2,0x3,20.8299999,25.5283031,0.0252549965,0.187378317,1.16579777e-05,30,1.02100003,2
648302300009842,63340576,2458387.9110257984,58387.405763900002,19.9327621,0.135442406,0,zi,1.4947436000000001,29.6843766,0.916000009,-0.228,20180926405752,648,0x2,0x3,20.1000004,25.5217628,0.0244901702,0.185254872,1.12161824e-05,30,1.13199997,2
648302300009842,64330758,2458397.8129236279,58397.307581000001,20.4027748,0.181412548,0,zi,1.4945226,29.684309599999999,0.968999982,0.194000006,20181006307569,648,0x2,0x3,20.9300003,25.4997749,0.0198420547,0.189637765,7.21932292e-06,30,1.00699997,2
648302300009842,66828128,2458422.7861682223,58422.281284700002,20.2964973,0.170797914,0,zi,1.4946413000000001,29.684440200000001,0.806999981,-0.330000013,20181031281273,648,0x2,0x3,20.2900009,25.5164967,0.0231888108,0.187693119,1.00926272e-05,30,1.05999994,2
648302300009842,67022921,2458424.7340220194,58424.229212999999,19.2885265,0.0852715746,0,zi,1.4947022999999999,29.684325099999999,0.83099997,0.157000005,20181102229201,648,0x2,0x3,19.9699993,25.0345268,0.0291513596,0.17981787,1.56907081e-05,30,1.00399995,2
648302300009842,67229031,2458426.7950368198,58426.290312500001,20.084341,0.149781317,0,zi,1.4946440999999999,29.684388599999998,0.393999994,-0.103,20181104290301,648,0x2,0x3,20.6499996,25.4563408,0.0202956125,0.180329651,7.58064061e-06,30,1.10699999,2
648302300009842,67624178,2458430.7463280065,58430.2417824,19.5236931,0.101393402,0,zi,1.494678,29.6843769,0.479000002,-0.00899999961,20181108241771,648,0x2,0x3,20.8600006,25.5306931,0.0203590859,0.188648596,7.50989784e-06,30,1.03100002,2
648302300009842,68023878,2458434.7431283179,58434.238784699999,19.2346859,0.0819311514,0,zi,1.4948653999999999,29.684194099999999,1.01400006,0.326999992,20181112238773,648,0x2,0x3,19.5699997,25.5506859,0.0358874835,0.185052991,2.3898745e-05,30,1.04299998,2
648302300009842,96839018,2458722.8943319428,58722.390185199998,20.2748947,0.168633565,0,zi,1.4946394000000001,29.6844115,1.17299998,0.101000004,20190827390174,648,0x2,0x3,21.2999992,25.4248943,0.0225976501,0.181559309,9.23576499e-06,30,1,2
648302300009842,97942630,2458733.9310029997,58733.426307900001,20.3383312,0.174988121,0,zi,1.4946478000000001,29.684419999999999,0.51700002,0.0540000014,20190907426238,648,0x2,0x3,20.9599991,25.4453316,0.0228429567,0.188742816,9.651445e-06,30,1.05400002,2
648302300009842,99334665,2458747.8518133569,58747.346655100002,20.1516819,0.156368583,0,zi,1.4946804,29.6844176,1.25600004,0.0850000009,20190921346644,648,0x2,0x3,20.7999992,25.4356823,0.0227018222,0.18678017,9.35616663e-06,30,1.005,2
648302300009842,100334542,2458757.8507470675,58757.345428200002,20.7513905,0.213617802,0,zi,1.4946661999999999,29.684434700000001,0.781000018,-0.156000003,20191001345417,648,0x2,0x3,20.9400005,25.4563904,0.0217890665,0.188479006,8.64485082e-06,30,1.02999997,2
648302300009842,101130777,2458765.8131161574,58765.307777800001,20.7001152,0.208974481,0,zi,1.4947109999999999,29.684338,0.493999988,-0.155000001,20191009307731,648,0x2,0x3,20.75,25.4571152,0.0231778715,0.184334114,9.9489971e-06,30,1.01199996,2
648302300009842,136036472,2459114.8699196102,59114.3647222,20.4180222,0.182922214,0,zi,1.4945870000000001,29.6844392,0.757000029,-0.111000001,20200922364722,648,0x2,0x3,20.8700008,25.5300217,0.019886842,0.181520775,7.40349515e-06,30,1.02499998,2
648302300009842,144913807,2459203.6396259898,59203.138078700002,20.2081318,0.161963224,0,zi,1.4946808,29.684313499999998,0.866999984,0.0439999998,20201220138079,648,0x2,0x3,20.6800003,25.6201324,0.018219661,0.185624659,6.22812377e-06,30,1.04900002,2
648302300009842,146921692,2459223.7166699497,59223.216921300002,20.3396988,0.175124809,0,zi,1.4943743,29.684362400000001,0.555999994,-0.119999997,20210109216921,648,0x2,0x3,20.1599998,25.5806999,0.022773819,0.187575787,9.65791332e-06,30,1.81599998,2
648302300009842,160943329,2459363.9303848268,59363.433298600001,20.0057373,0.142250344,0,zi,1.4948049999999999,29.684623599999998,0.670000017,-0.402999997,20210529433299,648,0x2,0x3,19.8899994,25.5607376,0.0275023468,0.18622534,1.38039304e-05,30,2.0309999,2
648302300009842,163640521,2459390.904453353,59390.4052199,20.654665,0.204858541,0,zi,1.4946193000000001,29.684509200000001,0.628000021,-0.273999989,20210625405208,648,0x2,0x3,20.4699993,25.5806656,0.0223587528,0.187555403,8.92582011e-06,30,1.48399997,2
648302300009842,165743434,2459411.935404052,59411.434340300002,20.5695,0.197146058,0,zi,1.4946535000000001,29.684418699999998,0.658999979,-0.0149999997,20210716434340,648,0x2,0x3,21.1399994,25.4425011,0.0271336585,0.186902225,1.41728888e-05,30,1.08099997,2
648302300009842,166834871,2459422.8506993377,59422.348715300002,20.2714081,0.168284491,0,zi,1.4947269999999999,29.684545700000001,0.674000025,-0.130999997,20210727348704,648,0x2,0x3,20.3299999,25.5194073,0.0238364302,0.184718788,1.05632953e-05,30,1.28100002,2
648302300009842,167135199,2459425.8542186813,59425.351990700001,20.1550465,0.156700343,0,zi,1.4945987000000001,29.684346699999999,0.474999994,-0.141000003,20210730351979,648,0x2,0x3,20.6100006,25.4940472,0.0233044326,0.189735532,1.02737031e-05,30,1.22599995,2
648302300009842,167534138,2459429.8439327711,59429.3413889,19.7329712,0.117884368,0,zi,1.4946583,29.6844167,0.867999971,0.0649999976,20210803341377,648,0x2,0x3,21.1700001,25.55797,0.0217635762,0.183857664,8.75067417e-06,30,1.22399998,2
648302300009842,168039241,2459434.895347449,59434.392419000003,19.9740639,0.139271989,0,zi,1.4946963,29.684412600000002,0.763000011,0.0900000036,20210808392373,648,0x2,0x3,21.2900009,25.5700645,0.0229221713,0.185532615,9.49686455e-06,30,1.04100001,2
648302300009842,168443284,2459438.9360689833,59438.432847199998,20.6769981,0.206880927,0,zi,1.4947687000000001,29.684396799999998,0.444999993,-0.0689999983,20210812432847,648,0x2,0x3,21.1700001,25.4669991,0.0226755906,0.190893978,9.36858396e-06,30,1,2
648302300009842,170130385,2459455.8081325227,59455.303854199999,20.2768478,0.168829381,0,zi,1.4946710000000001,29.684310499999999,0.451999992,-0.175999999,20210829303854,648,0x2,0x3,20.6200008,25.5418472,0.0317988507,0.189781368,1.93102551e-05,30,1.10699999,2
648302300009842,170432416,2459458.82860131,59458.324166699997,20.4777088,0.188770056,0,zi,1.4946918,29.6844088,1.09099996,-0.218999997,20210901324167,648,0x2,0x3,20.9699993,25.5587082,0.0221161731,0.188045263,9.14755674e-06,30,1.04499996,2
648302300009842,170733037,2459461.8349494752,59461.330370399999,20.4124699,0.182373255,0,zi,1.4945816000000001,29.684431799999999,0.85799998,0.0189999994,20210904330127,648,0x2,0x3,21.0599995,25.5994701,0.02226636,0.184214845,9.21693118e-06,30,1.02400005,2
648302300009842,171634797,2459470.8529162663,59470.3479745,20.3663635,0.177789405,0,zi,1.4946953000000001,29.6844617,1.40699995,-0.112999998,20210913347940,648,0x2,0x3,21.0699997,25.5943642,0.0194088425,0.190807387,7.20679327e-06,30,1,2
648302300009842,171940982,2459473.9148660144,59473.409826399999,20.6141701,0.201191306,0,zi,1.4946565999999999,29.684384900000001,1.11500001,-0.175999999,20210916409815,648,0x2,0x3,20.9200001,25.6121712,0.0212309361,0.186897397,8.37437801e-06,30,1.07200003,2
648302300009842,173328050,2459487.7858228302,59487.280509299999,20.1814957,0.15931657,0,zi,1.4947104,29.6845128,0.620999992,0.109999999,20210930280498,648,0x2,0x3,20.8600006,25.5504951,0.0198376272,0.188986301,7.18596357e-06,30,1.00600004,2
648302300009842,174333118,2459497.8365119081,59497.331180599998,19.6941566,0.114674084,0,zi,1.4945672000000001,29.6842936,1.30700004,0.112000003,20211010331169,648,0x2,0x3,20.2800007,25.6021576,0.0247052889,0.185549214,1.10548053e-05,30,1.04700005,2
648302300009842,175529980,2459509.8049540697,59509.299803200003,20.0375576,0.145276099,0,zi,1.4946888,29.684434100000001,0.912999988,-0.101000004,20211022299792,648,0x2,0x3,20.5799999,25.6215572,0.0229814276,0.185927227,9.89736873e-06,30,1.04900002,2
648302300009842,175826718,2459512.7722603716,59512.267187500001,20.2386189,0.165004164,0,zi,1.4948714999999999,29.6843583,1.25899994,-0.0120000001,20211025266933,648,0x2,0x3,20.6900005,25.6026192,0.0203373358,0.182323545,7.5965163e-06,30,1.01600003,2
648302300009842,176632773,2459520.8325275267,59520.327731500001,20.287714,0.169917822,0,zi,1.4946851999999999,29.684444500000001,0.372000009,-0.160999998,20211102327732,648,0x2,0x3,21.0400009,25.6177139,0.0191447753,0.187713668,6.73693285e-06,30,1.21800005,2
648302300009842,176917631,2459523.6809955272,59523.176319400001,20.1282749,0.154066876,0,zi,1.4946269999999999,29.684426500000001,0.727999985,0.157000005,20211105176308,648,0x2,0x3,20.8099995,25.6282749,0.0182898641,0.184215635,6.31265721e-06,30,1.00999999,2
648302300009842,177228443,2459526.7889654357,59526.2844329,19.6008148,0.107235484,0,zi,1.4946843000000001,29.684384399999999,0.883000016,-0.0120000001,20211108284421,648,0x2,0x3,20.9400005,25.6368141,0.0214404408,0.181063384,8.56232509e-06,30,1.12100005,2
648302300009842,177815019,2459532.6544238552,59532.150196800001,20.1269131,0.153933138,0,zi,1.4947147999999999,29.684348400000001,0.847000003,-0.0820000023,20211114150162,648,0x2,0x3,20.8400002,25.6369133,0.0208276138,0.183113202,8.35796618e-06,30,1.01100004,2
648302300009842,178823689,2459542.7405026839,59542.236898100004,20.3335094,0.174505427,0,zi,1.4947558999999999,29.684330500000002,0.433999985,0.0790000036,20211124236887,648,0x2,0x3,20.6700001,25.6035099,0.020916611,0.184591964,7.95071082e-06,30,1.11000001,2
648302300009842,179620059,2459550.7036267677,59550.200590300003,18.2594032,0.040262688,0,zi,1.4946664999999999,29.6843927,0.537,-0.00200000009,20211202200579,648,0x2,0x3,20.8600006,25.6234035,0.0193376336,0.184896186,7.07482832e-06,30,1.074,2
648302300009842,198444856,2459738.9463774231,59738.448564799997,18.8241844,0.0604058951,0,zi,1.4946486000000001,29.684389800000002,0.750999987,-0.0379999988,20220608448553,648,0x2,0x3,20.5900002,25.5331841,0.0198819116,0.183303922,7.09453343e-06,30,1.51600003,2
648302300009842,199444343,2459748.9420587928,59748.443437499998,19.1352425,0.0760913864,0,zi,1.4946836999999999,29.684315600000001,1.23399997,-0.232999995,20220618443438,648,0x2,0x3,19.9799995,25.5922413,0.0237183254,0.184802756,1.0715702e-05,30,1.352,2
648302300009842,199940118,2459753.9002207071,59753.401180599998,18.916317,0.0646654069,0,zi,1.4946739,29.6843732,0.582000017,0.0130000003,20220623401181,648,0x2,0x3,20.7199993,25.4913158,0.0233913697,0.189684883,9.84920007e-06,30,1.574,2
648302300009842,200242953,2459756.9288371219,59756.429537000004,19.9404812,0.136153325,0,zi,1.4946964,29.6843951,0.721000016,0.0489999987,20220626429525,648,0x2,0x3,21.1599998,25.600481,0.0208643973,0.191646874,7.97933444e-06,30,1.30599999,2
648302300009842,200744744,2459761.9471777542,59761.447442099998,18.7871208,0.0587782003,0,zi,1.4946752999999999,29.6843884,0.532999992,0.00200000009,20220701447431,648,0x2,0x3,20.7099991,25.5841198,0.0196778644,0.187141016,7.03806882e-06,30,1.16400003,2
648302300009842,201044736,2459764.9473587894,59764.447361099999,19.0581589,0.0718501359,0,zi,1.4946771999999999,29.684389800000002,1.23199999,0.157000005,20220704447361,648,0x2,0x3,20.8099995,25.6141586,0.0193328466,0.183208197,6.87960846e-06,30,1.13600004,2
648302300009842,202944865,2459783.9502970274,59783.448657399997,18.740757,0.0568091385,0,zi,1.4946507,29.684387900000001,0.492000014,0.0359999985,20220723448646,648,0x2,0x3,21.1499996,25.5557575,0.0215991195,0.188869134,8.93341803e-06,30,1.02400005,2
648302300009842,203242759,2459786.9294804409,59786.427592599997,19.0302868,0.070376046,0,zi,1.4946983,29.684400499999999,0.60799998,-0.0280000009,20220726427581,648,0x2,0x3,21.0200005,25.5382862,0.0201256331,0.187275589,7.71064424e-06,30,1.04200006,2
648302300009842,203543028,2459789.9324231115,59789.430289399999,18.8169022,0.0600822642,0,zi,1.4946600000000001,29.684395500000001,0.504999995,-0.00999999978,20220729430278,648,0x2,0x3,21.0699997,25.4689026,0.0235468969,0.189445421,1.04475166e-05,30,1.02699995,2
648302300009842,203943750,2459793.9399538897,59793.4375,19.0891495,0.0735259205,0,zi,1.4946566999999999,29.684384600000001,1.148,0.00700000022,20220802437488,648,0x2,0x3,21.1200008,25.5391483,0.0262006875,0.193741307,1.29319742e-05,30,1.00899994,2
648302300009842,204344739,2459797.9501595893,59797.447395800002,19.1156387,0.0749895126,0,zi,1.4946579,29.684383400000002,0.746999979,0.0430000015,20220806447361,648,0x2,0x3,21.2000008,25.6006393,0.022678405,0.186591029,1.01063624e-05,30,1,2
648302300009842,205042325,2459804.9265260901,59804.423252300003,19.0232582,0.0700092167,0,zi,1.4946876,29.6843851,1.59300005,-0.252999991,20220813423218,648,0x2,0x3,20.0400009,25.5042572,0.0307847131,0.187252373,1.82012063e-05,30,1.00100005,2
648302300009842,205625974,2459810.7634133496,59810.259745399999,19.196228,0.0796225518,0,zi,1.4945993,29.684419699999999,0.533999979,0.108000003,20220819259745,648,0x2,0x3,20.3400002,25.4352283,0.0211521685,0.190045506,8.31039597e-06,30,1.45200002,2
648302300009842,205936508,2459813.8689452726,59813.365081000004,18.5812626,0.0505754352,0,zi,1.4946865,29.6843903,0.694000006,0.0520000011,20220822365081,648,0x2,0x3,20.9500008,25.5462627,0.0198682491,0.194409758,7.48767843e-06,30,1.02600002,2
648302300009842,206240552,2459816.909567392,59816.405520799999,19.374279,0.0908581913,0,zi,1.4946712,29.6843881,0.882000029,0.0659999996,20220825405498,648,0x2,0x3,21.0100002,25.4422779,0.0209536534,0.192089111,8.33529066e-06,30,1,2
648302300009842,206533636,2459819.840578292,59819.336365700001,19.9446602,0.136539191,0,zi,1.4946735,29.684416299999999,0.966000021,0.0430000015,20220828336331,648,0x2,0x3,21.0400009,25.5846596,0.0217852071,0.189058408,9.02182728e-06,30,1.04400003,2
648302300009842,207044684,2459824.9513181681,59824.446840299999,19.1626778,0.077660419,0,zi,1.4946613,29.6843708,0.296999991,0.00100000005,20220902446829,648,0x2,0x3,21.2700005,25.5536785,0.0237711966,0.189660773,1.11110567e-05,30,1.06799996,2
648302300009842,208915468,2459843.6598468521,59843.154687499999,18.6550941,0.0533599555,0,zi,1.49465,29.684372,1.074,-0.104000002,20220921154688,648,0x2,0x3,20.5799999,25.5860939,0.0221796557,0.191210806,9.16017962e-06,30,1.58099997,2
648302300009842,209227376,2459846.7789869318,59846.273761600001,18.5568619,0.0496919341,0,zi,1.4946644,29.684378200000001,0.781000018,0.0399999991,20220924273750,648,0x2,0x3,21.2099991,25.5718613,0.0248482991,0.186292693,1.14182867e-05,30,1.028,2
648302300009842,209536011,2459849.8653920018,59849.360115700001,18.653698,0.0533057228,0,zi,1.4946621,29.6843568,0.721000016,0.0820000023,20220927360058,648,0x2,0x3,20.8500004,25.6236973,0.0188736524,0.183052585,6.85620762e-06,30,1.03499997,2
648302300009842,209930740,2459853.8127279622,59853.307407400003,18.5371456,0.0489910506,0,zi,1.4946283,29.684382599999999,0.850000024,0.0810000002,20221001307407,648,0x2,0x3,21,25.630146,0.0203870721,0.185195282,7.74964883e-06,30,1.00100005,2
648302300009842,210236740,2459856.8727459507,59856.367407400001,18.8328476,0.0607933141,0,zi,1.4946408,29.6843881,0.838999987,-0.0560000017,20221004367396,648,0x2,0x3,20.9699993,25.5808487,0.020865446,0.187732577,8.3078603e-06,30,1.08599997,2
648302300009842,210534130,2459859.8466502842,59859.341307900002,18.9520245,0.066400826,0,zi,1.4946157,29.684351700000001,1.31700003,0.0240000002,20221007341296,648,0x2,0x3,20.5,25.6010246,0.0258589052,0.181364521,1.26092964e-05,30,1.04900002,2
648302300009842,210835120,2459862.8565362203,59862.351203699996,19.1035633,0.0743187815,0,zi,1.494648,29.684352400000002,0.800999999,0.023,20221010351192,648,0x2,0x3,20.2999992,25.5865631,0.0258878861,0.182803959,1.20460882e-05,30,1.08599997,2
648302300009842,211129928,2459865.8045918946,59865.299282400003,18.7132301,0.0556744337,0,zi,1.4946311000000001,29.684367300000002,0.81099999,-0.00499999989,20221013299271,648,0x2,0x3,20.5799999,25.597229,0.0229333695,0.186767459,9.8047758e-06,30,1.01499999,2
648302300009842,211628652,2459870.7917681765,59870.286527800003,18.5982628,0.0512016416,0,zi,1.4946705,29.684394099999999,1.03499997,-0.0599999987,20221018286528,648,0x2,0x3,20.7600002,25.6032639,0.0211162381,0.180243433,8.34656657e-06,30,1.01600003,2
648302300009842,211929932,2459873.8045090195,59873.299328699999,18.7341766,0.0565355867,32768,zi,1.4946436999999999,29.684413200000002,0.737999976,0.00499999989,20221021299329,648,0x2,0x3,20,24.702177,0.0879654661,0.173144415,0.00014330796,30,1.04299998,2
648302300009842,212327030,2459877.7753812079,59877.270300900003,18.9261169,0.0651369095,0,zi,1.4946915999999999,29.684401600000001,0.818000019,0.0320000015,20221025270289,648,0x2,0x3,20.9099998,25.6171169,0.0189859793,0.183751196,6.58962063e-06,30,1.01900005,2
648302300009842,212926068,2459883.765568248,59883.2606829,18.7778358,0.0583779998,0,zi,1.4946337000000001,29.684415699999999,0.921000004,0.0120000001,20221031260683,648,0x2,0x3,20.7299995,25.6198368,0.018892426,0.181579128,6.52695644e-06,30,1.02699995,2
648302300009842,213332135,2459887.8260781774,59887.321354200001,18.7624035,0.0577193126,0,zi,1.4946374,29.684445199999999,0.885999978,-0.00899999961,20221104321354,648,0x2,0x3,19.9799995,25.6074028,0.0271375701,0.174976006,1.34484517e-05,30,1.21099997,2
648302300009842,213611766,2459890.6222616937,59890.117661999997,18.6676674,0.0538512766,0,zi,1.4946725999999999,29.6843784,0.44600001,-0.0149999997,20221107117662,648,0x2,0x3,20.3500004,25.6016674,0.0223198049,0.182670608,8.76145441e-06,30,1.09500003,2
648302300009842,214126187,2459895.7662189193,59895.261874999997,18.7539711,0.0573628359,0,zi,1.4947018000000001,29.684353699999999,0.639999986,-0.064000003,20221112261840,648,0x2,0x3,20.5900002,25.6079712,0.0203483924,0.184230998,7.69088183e-06,30,1.08800006,2
648302300009842,214910975,2459903.6136465804,59903.109756899998,19.6239662,0.109043077,0,zi,1.4948146,29.6844176,0.587000012,0.0900000036,20221120109745,648,0x2,0x3,19.8700008,25.6299667,0.0264559537,0.181734011,1.27691537e-05,30,1.03999996,2
648302300009842,216025694,2459914.7600700925,59914.256944399996,18.7345047,0.0565491803,0,zi,1.4946446,29.684407,1.245,0.160999998,20221201256944,648,0x2,0x3,20.4400005,25.6145039,0.0198860373,0.18420127,7.15203942e-06,30,1.25399995,2
648302300009842,217922061,2459933.7221987378,59933.220613400001,18.9382935,0.065727748,32768,zi,1.4946375999999999,29.684407499999999,0.587000012,0.0419999994,20221220220579,648,0x2,0x3,19.6399994,24.8812943,0.0416278243,0.171525151,3.21046427e-05,30,1.33800006,2
648302300009842,235941218,2460113.9107846916,60113.412187499998,19.870821,0.129821286,0,zi,1.4945873000000001,29.684367900000002,0.405999988,-0.0179999992,20230618412176,648,0x2,0x3,20.4500008,25.5818214,0.0319436528,0.174192473,1.90242972e-05,30,1.60699999,2
648302300009842,236535854,2460119.8576418646,60119.358541699999,19.7397919,0.118455529,0,zi,1.4947588000000001,29.684422000000001,0.351999998,-0.0549999997,20230624358542,648,0x2,0x3,19.9699993,25.5597916,0.0241632704,0.184298068,1.0918181e-05,30,2.125,2
648302300009842,236838156,2460122.8809227981,60122.381562499999,19.8887539,0.13143304,0,zi,1.4945493000000001,29.6844365,0.638000011,0.057,20230627381551,648,0x2,0x3,20.6100006,25.5807533,0.0210871231,0.183004946,8.3015093e-06,30,1.66999996,2
648302300009842,237943302,2460133.9333442911,60133.433020800003,20.1463737,0.155845612,0,zi,1.4946334999999999,29.684332000000001,0.943000019,0.128999993,20230708433009,648,0x2,0x3,20.5,25.6223736,0.0181585718,0.184152707,6.17229534e-06,30,1.14999998,2
648302300009842,238344909,2460137.9497712874,60137.449097199999,19.4604435,0.0968080461,0,zi,1.4946158,29.684415000000001,0.727999985,-0.0489999987,20230712449086,648,0x2,0x3,20.7099991,25.5414429,0.020365594,0.189478472,7.94257721e-06,30,1.07500005,2
648302300009842,238745089,2460141.9519124748,60141.450891200002,18.7304115,0.0563796945,0,zi,1.4946687000000001,29.6844164,1.08500004,0.123999998,20230716450880,648,0x2,0x3,20.7399998,25.5494118,0.0197940506,0.189261869,7.24794927e-06,30,1.04999995,2
648302300009842,239046561,2460144.9668938103,60144.465613400003,18.3656387,0.0433601439,0,zi,1.4946697,29.6844003,0.796000004,-0,20230719465613,648,0x2,0x3,21.2900009,25.5936394,0.022307802,0.189252481,9.71246482e-06,30,1.01800001,2
648302300009842,239342628,2460147.9278167961,60147.426284699999,18.3205776,0.0420117453,0,zi,1.4946454,29.684378500000001,1.14900005,-0.0170000009,20230722426285,648,0x2,0x3,20.9599991,25.5465775,0.0203180909,0.192075163,7.88991929e-06,30,1.06599998,2
648302300009842,239646635,2460150.9681411935,60150.466354199998,18.3747082,0.0436378717,0,zi,1.4946599,29.684382200000002,0.908999979,0.00499999989,20230725466343,648,0x2,0x3,21.1200008,25.5527077,0.019842159,0.191320509,7.40635778e-06,30,1.005,2
648302300009842,240646749,2460160.9700919529,60160.467499999999,18.4949455,0.0475291423,0,zi,1.4946522,29.684367200000001,0.414999992,0.00999999978,20230804467442,648,0x2,0x3,20.6100006,25.6349449,0.0225850176,0.187087491,9.7331158e-06,30,1.00100005,2
648302300009842,240936872,2460163.871540586,60163.3687269,18.1364632,0.0370157696,0,zi,1.4946412,29.684397000000001,0.82099998,-0.00899999961,20230807368727,648,0x2,0x3,20.8999996,25.5984631,0.0178679042,0.187568396,5.89754973e-06,30,1.09800005,2
648302300009842,241940847,2460173.9120017285,60173.408472199997,18.144701,0.0372226499,0,zi,1.4946708,29.684393199999999,0.437999994,0.0370000005,20230817408461,648,0x2,0x3,21.1800003,25.6057014,0.0194797534,0.187980041,7.20569824e-06,30,1.00300002,2
648302300009842,242542096,2460179.9248738345,60179.4209606,19.5009651,0.0997243598,0,zi,1.4946862999999999,29.684395599999998,0.625999987,0.127000004,20230823420891,648,0x2,0x3,21,25.6099644,0.0212232471,0.188176334,8.77332695e-06,30,1.00300002,2
648302300009842,242836499,2460182.8690871694,60182.364999999998,18.1726379,0.0379353762,0,zi,1.4946448000000001,29.6844033,0.160999998,0.0240000002,20230826364988,648,0x2,0x3,20.8999996,25.6096382,0.0209382828,0.18622373,8.30935733e-06,30,1.01499999,2
648302300009842,243138689,2460185.8911536746,60185.386898099998,18.0062542,0.0339372866,0,zi,1.494658,29.6843918,0.626999974,0.0170000009,20230829386655,648,0x2,0x3,20.7900009,25.6182537,0.0233852733,0.186511829,1.05551999e-05,30,1,2
648302300009842,243840972,2460192.9143272503,60192.409722199998,18.1024399,0.0361770242,0,zi,1.4946656,29.6843827,0.957000017,0.0710000023,20230905409479,648,0x2,0x3,20.9799995,25.607439,0.0218639933,0.189332083,9.10656036e-06,30,1.02100003,2
648302300009842,244130583,2460195.8105644938,60195.305833300001,18.7499428,0.0571934134,0,zi,1.494658,29.684382100000001,1.00899994,-0.050999999,20230908305822,648,0x2,0x3,20.9799995,25.5519428,0.0207311008,0.191060379,8.1742528e-06,30,1.046,2
648302300009842,244432443,2460198.8292838368,60198.324432900001,18.3172989,0.0419156291,0,zi,1.4946406000000001,29.6843912,0.690999985,-0.00100000005,20230911324433,648,0x2,0x3,20.8500004,25.579298,0.0191372279,0.187325105,6.97190353e-06,30,1.01199996,2
648302300009842,244724135,2460201.7463090508,60201.241354199999,18.2756672,0.0407187231,0,zi,1.4946538,29.684367600000002,0.736000001,-0.0610000007,20230914241343,648,0x2,0x3,20.7700005,25.5926666,0.0196411777,0.189242095,7.15344413e-06,30,1.171,2
648302300009842,245036793,2460204.8729929198,60204.367939800002,18.6150494,0.0518286452,0,zi,1.4946512999999999,29.684385299999999,0.563000023,-0.0250000004,20230917367928,648,0x2,0x3,20.9899998,25.6010494,0.0213102978,0.186477885,8.58195926e-06,30,1.01199996,2
648302300009842,245327873,2460207.783870419,60207.278738399997,18.256052,0.040169511,0,zi,1.4946379999999999,29.684395599999998,0.342000008,0.0260000005,20230920278704,648,0x2,0x3,20.6800003,25.6390514,0.0186108463,0.177172989,6.46757144e-06,30,1.03699994,2
648302300009842,245736490,2460211.8701293743,60211.364907399999,18.2924252,0.0411953814,0,zi,1.4946706000000001,29.684388899999998,1.12699997,-0.0920000002,20230924364873,648,0x2,0x3,20.9400005,25.6124249,0.0198542047,0.185771957,7.34774403e-06,30,1.02999997,2
648302300009842,246035084,2460214.8561170227,60214.3508449,18.458519,0.0463082157,0,zi,1.4946442,29.6843684,1.32599998,-0.0460000001,20230927350845,648,0x2,0x3,20.5,25.6375198,0.0213082246,0.181275696,8.56836505e-06,30,1.023,2
648302300009842,246624581,2460220.751142194,60220.245810200002,20.0867329,0.150013521,0,zi,1.4947077,29.684407499999999,0.936999977,0.197999999,20231003245764,648,0x2,0x3,20.5900002,25.5947323,0.0195037723,0.188544139,6.89399394e-06,30,1.03299999,2
648302300009842,246925880,2460223.7641502116,60223.258807899998,18.8302765,0.0606780425,0,zi,1.4946311000000001,29.6844076,0.583000004,0.0879999995,20231006258808,648,0x2,0x3,20.7099991,25.6022758,0.02036158,0.188474238,7.68420068e-06,30,1.00999999,2
648302300009842,247630177,2460230.8070829865,60230.301770799997,18.857502,0.0619105697,0,zi,1.4946708,29.684393199999999,0.833000004,0.0900000036,20231013301759,648,0x2,0x3,20.5200005,25.5975018,0.0198402852,0.180901274,7.16203385e-06,30,1.01699996,2
648302300009842,247930541,2460233.8106928468,60233.305416700001,18.6890717,0.0546993203,0,zi,1.4946618,29.684377699999999,1.89300001,-0.158999994,20231016305417,648,0x2,0x3,20.6800003,25.6210709,0.0189389549,0.186020166,6.73563363e-06,30,1.03100002,2
648302300009842,248217940,2460236.684638428,60236.179409700002,19.0222454,0.0699564964,0,zi,1.4946493999999999,29.684395800000001,0.430999994,0.0410000011,20231019179398,648,0x2,0x3,20.9200001,25.5942459,0.0209503192,0.187516466,7.83158612e-06,30,1.074,2
648302300009842,248533258,2460239.837743307,60239.332581000002,19.1499519,0.0769286901,0,zi,1.4946676000000001,29.684387300000001,0.764999986,-0.0759999976,20231022332431,648,0x2,0x3,20.9699993,25.6109524,0.0191319343,0.186721787,6.78495144e-06,30,1.12199998,2
648302300009842,248826359,2460242.7686867644,60242.263599500002,19.1252556,0.0755280256,0,zi,1.4946691999999999,29.684411999999998,0.851000011,-0.0419999994,20231025263565,648,0x2,0x3,20.5200005,25.5992565,0.0215378869,0.188077971,8.43085945e-06,30,1.01199996,2
648302300009842,249126283,2460245.7678329758,60245.262835599999,18.8407955,0.0611511059,0,zi,1.4946827,29.684439000000001,1.09899998,-0.153999999,20231028262801,648,0x2,0x3,19.7900009,25.6227951,0.0267157331,0.177700564,1.33267667e-05,30,1.01900005,2
648302300009842,249527917,2460249.7840348715,60249.279178199999,18.9457703,0.0660933405,0,zi,1.4947248,29.6843924,0.727999985,-0.0579999983,20231101279178,648,0x2,0x3,20.2299995,25.56077,0.0228729639,0.186327741,9.90711578e-06,30,1.05900002,2
648302300009842,249824547,2460252.7502126005,60252.2454745,18.4854164,0.047206115,0,zi,1.4946535000000001,29.684382100000001,0.91900003,-0.0250000004,20231104245475,648,0x2,0x3,20.7900009,25.6164169,0.0221949928,0.182368338,8.99623683e-06,30,1.02100003,2
648302300009842,250123569,2460255.7403006344,60255.235694399998,18.7953796,0.0591367185,0,zi,1.4946809999999999,29.6843802,1.06700003,-0.0170000009,20231107235660,648,0x2,0x3,20.0499992,25.6143799,0.0236726999,0.187751174,1.07267369e-05,30,1.01900005,2
648302300009842,250426173,2460258.7661965648,60258.261736100001,18.4545536,0.0461775698,0,zi,1.4946429000000001,29.684389700000001,0.871999979,0.0340000018,20231110261736,648,0x2,0x3,20.3299999,25.5855541,0.0211885981,0.184725314,8.32840942e-06,30,1.074,2
648302300009842,253020732,2460284.7100949907,60284.207326399999,18.222683,0.0392563157,0,zi,1.4946607999999999,29.684365100000001,0.717000008,0.0250000004,20231206207315,648,0x2,0x3,20.4699993,25.6076832,0.0223675929,0.177691355,9.58149394e-06,30,1.11500001,2
648302300009842,254112144,2460295.6233207905,60295.121446800003,18.2336998,0.0395548791,0,zi,1.4946515,29.6844003,0.700999975,-0.0309999995,20231217121447,648,0x2,0x3,20.4599991,25.5376987,0.0214259494,0.182486415,8.30804402e-06,30,1.01400006,2
648302300009842,257016694,2460324.6662283819,60324.1669444,18.1730404,0.0379457474,0,zi,1.4946254000000001,29.6844286,0.60799998,0.0359999985,20240115166933,648,0x2,0x3,20.1399994,25.5350399,0.0250565894,0.17189607,1.18268881e-05,30,1.45099998,2
648302300009842,268946957,2460443.9656716892,60443.4695718,18.5006943,0.0477252454,0,zi,1.4946626999999999,29.684427500000002,0.402999997,-0.0219999999,20240513469572,648,0x2,0x3,19.8500004,25.4956932,0.0373149291,0.188347518,2.58033415e-05,30,2.1559999,2
648302300009842,270345501,2460457.9519762648,60457.455011600003,18.0347519,0.0345811807,0,zi,1.4946775000000001,29.6843939,0.224000007,-0.00800000038,20240527455012,648,0x2,0x3,20.4500008,25.5417519,0.0209387336,0.18917416,8.42245663e-06,30,1.77900004,2
648302300009842,271747731,2460471.9753251448,60471.477314800002,18.4445972,0.0458514243,32768,zi,1.4946663,29.6843805,1.64300001,0.174999997,20240610477292,648,0x2,0x3,19.6800003,24.6145973,0.0439917743,0.177550763,3.87267792e-05,30,1.27600002,2
648302300009842,272141175,2460475.9100872837,60475.411759299997,18.1465759,0.0372699201,0,zi,1.4946618,29.684384099999999,0.629999995,-0.0540000014,20240614411759,648,0x2,0x3,20.3099995,25.5615768,0.0236523468,0.191666663,1.053917e-05,30,1.70700002,2
648302300009842,273045393,2460484.9530211915,60484.453935199999,18.4443932,0.0458447784,0,zi,1.4946748000000001,29.684414700000001,0.890999973,-0.0450000018,20240623453912,648,0x2,0x3,20.6599998,25.552393,0.0245980509,0.188770249,1.16244983e-05,30,1.21899998,2
648302300009842,273338640,2460487.8857384436,60487.3864005,18.4626999,0.0464464463,0,zi,1.4946603000000001,29.6843857,0.374000013,-0.0520000011,20240626386389,648,0x2,0x3,20.4300003,25.5107002,0.0236649793,0.186081812,1.08515005e-05,30,1.62600005,2
648302300009842,273643163,2460490.93123378,60490.431631899999,19.1650009,0.0777947605,0,zi,1.4946518,29.684366000000001,0.967999995,0.0379999988,20240629431632,648,0x2,0x3,20.5200005,25.6149998,0.0189054124,0.183927029,6.68373559e-06,30,1.24600005,2
648302300009842,274546608,2460499.9664792852,60499.466088000001,18.5047188,0.0478631146,0,zi,1.4946621,29.684373699999998,0.911000013,0.0340000018,20240708466030,648,0x2,0x3,20.8099995,25.5767193,0.0182301644,0.188623041,6.10128063e-06,30,1.05799997,2
648302300009842,274846980,2460502.9704567157,60502.469803200001,18.4440956,0.0458350591,0,zi,1.4946588999999999,29.684395599999998,1.39900005,0.0219999999,20240711469803,648,0x2,0x3,21.2000008,25.5400963,0.0202744864,0.187130883,7.9231886e-06,30,1.03799999,2
648302300009842,275146935,2460505.9702660027,60505.469351899999,18.4506569,0.0460495874,0,zi,1.4946549,29.6843985,1.23099995,-0.00200000009,20240714469317,648,0x2,0x3,21.2299995,25.5126572,0.0227196719,0.189619541,9.85703173e-06,30,1.02699995,2
648302300009842,282125768,2460575.7628796222,60575.257685199998,18.6808395,0.054371383,0,zi,1.4946514,29.6844012,0.648999989,-0.0209999997,20240922257674,648,0x2,0x3,20.8999996,25.5898399,0.0248367693,0.186365351,1.18504076e-05,30,1.05999994,1
