oid,expid,hjd,mjd,mag,magerr,catflags,filtercode,ra,dec,chi,sharp,filefracday,field,ccdid,qid,limitmag,magzp,magzprms,clrcoeff,clrcounc,exptime,airmass,programid
695116100004962,51747383,2458271.9705838272,58271.473831000003,18.636404,0.0371589549,0,zg,8.9721765999999992,43.561565100000003,0.495999992,0.0240000002,20180602473831,695,0x10,0x1,19.7800007,26.1008759,0.0429171994,-0.0731700584,2.47313619e-05,30,1.66400003,1
695116100004962,52045115,2458274.9480762519,58274.451157399999,18.5338993,0.0347877815,0,zg,8.9723082999999999,43.561451499999997,0.463,0.0250000004,20180605451134,695,0x10,0x1,20.4500008,26.0998096,0.0361694396,-0.04945172,1.07420246e-05,30,1.83000004,1
695116100004962,52346380,2458277.9609031347,58277.4638079,19.0220203,0.0482075214,0,zg,8.9723007999999993,43.561466699999997,1.09000003,0.0109999999,20180608463762,695,0x10,0x1,20.9400005,26.0302715,0.0295656566,-0.0543662049,6.64974186e-06,30,1.60300004,1
695116100004962,52645255,2458280.9498359663,58280.452557899996,18.3482666,0.0309974179,0,zg,8.9723102000000008,43.561496599999998,0.568000019,-0.023,20180611452546,695,0x10,0x1,21.3500004,26.1366367,0.0256716181,-0.056718614,5.14388739e-06,30,1.63199997,1
695116100004962,52944888,2458283.9463576684,58283.448888899999,18.5825176,0.0358861685,0,zg,8.9723219000000007,43.561492299999998,1.13300002,0.0350000001,20180614448866,695,0x10,0x1,21.1200008,26.1291485,0.0276255365,-0.0437551588,5.92650895e-06,30,1.58899999,1
695116100004962,53245130,2458286.9489746708,58286.451307900003,18.4310513,0.0326120183,0,zg,8.9723240000000004,43.561462400000003,0.874000013,0.0250000004,20180617451308,695,0x10,0x1,21.5200005,26.1617622,0.0248040352,-0.0554830506,4.74390072e-06,30,1.49899995,1
695116100004962,53542804,2458289.9259133325,58289.428044,18.4302521,0.0325958468,0,zg,8.9723123999999999,43.561512700000002,0.88499999,-0.0469999984,20180620428044,695,0x10,0x1,21.0400009,26.134016,0.0274671707,-0.045725923,5.84277586e-06,30,1.63199997,1
695116100004962,53742096,2458291.9189687744,58291.4209606,18.6890793,0.038461823,0,zg,8.9722974999999998,43.561503999999999,0.515999973,0.0240000002,20180622420694,695,0x10,0x1,21.4799995,26.1345501,0.0238933302,-0.0588370562,4.44577745e-06,30,1.64999998,2
695116100004962,53744849,2458291.9465055303,58291.4484954,18.7296524,0.0395065024,0,zg,8.9723249000000003,43.561478600000001,1.72000003,-0.0480000004,20180622448437,695,0x10,0x1,21.5100002,26.1667118,0.0250202063,-0.0568014309,4.86458066e-06,30,1.421,2
695116100004962,53845266,2458292.9507430294,58292.452662000003,18.4206238,0.0324021205,0,zg,8.9723018999999997,43.561499099999999,1.14900005,-0.0560000017,20180623452639,695,0x10,0x1,21.6599998,26.1661358,0.0223331656,-0.0491021648,3.84568648e-06,30,1.37600005,1
695116100004962,53943324,2458293.9313915125,58293.433240699997,18.367794,0.0313677788,0,zg,8.9722878000000001,43.561483299999999,0.312000006,-0.00300000003,20180624433032,695,0x10,0x1,21.2199993,26.1579304,0.027420938,-0.0537455417,5.84977079e-06,30,1.49199998,2
695116100004962,53944946,2458293.947619583,58293.449467600003,18.5564556,0.0352915935,0,zg,8.9723112999999994,43.561468300000001,0.620000005,-0.0109999999,20180624449271,695,0x10,0x1,21.5400009,26.1853409,0.0232286546,-0.0735366121,4.1881267e-06,30,1.38,2
695116100004962,54247248,2458296.9708589339,58296.472488400002,19.0217419,0.0481981933,0,zg,8.9722659,43.561531899999999,1.13900006,-0.0590000004,20180627472465,695,0x10,0x1,20.25,26.1773739,0.0372421034,-0.0429019742,1.30400877e-05,30,1.22000003,1
695116100004962,54344454,2458297.9429903915,58297.444548599997,18.5136261,0.0343433022,0,zg,8.9722646000000008,43.561517700000003,1.02900004,-0.118000001,20180628444433,695,0x10,0x1,20.1200008,26.1441498,0.0387332514,-0.029059615,1.65619967e-05,30,1.34300005,2
695116100004962,54346436,2458297.9628066695,58297.464363400002,19.1358013,0.0522183254,0,zg,8.9721705000000007,43.5615047,0.397000015,-0.00100000005,20180628464340,695,0x10,0x1,19.9799995,26.1508636,0.0384591147,-0.0383218378,1.74538982e-05,30,1.24300003,2
695116100004962,54446574,2458298.9642578708,58298.465740699998,19.0110092,0.0478393063,0,zg,8.9723866000000001,43.561489700000003,0.367000014,-0.0179999992,20180629465590,695,0x10,0x1,19.8999996,26.145443,0.0391534418,-0.0305611342,1.88382055e-05,30,1.22599995,2
695116100004962,54545876,2458299.9573525344,58299.458761599999,18.8636112,0.0432257764,0,zg,8.9722723000000002,43.561461799999996,0.296000004,-0.0320000015,20180630458738,695,0x10,0x1,20.4599991,26.1153011,0.0363337137,-0.025065098,1.19695324e-05,30,1.24399996,2
695116100004962,54546569,2458299.9642858515,58299.465694400002,18.7182751,0.039209865,0,zg,8.9723126999999998,43.561496900000002,0.606000006,-0.0829999968,20180630465660,695,0x10,0x1,20.5300007,26.1251621,0.0347927697,-0.0229382329,1.06046118e-05,30,1.21500003,2
695116100004962,54546663,2458299.9652234209,58299.466631900003,18.765604,0.0404631719,0,zg,8.9723191999999994,43.561502900000001,1.01800001,0.0320000015,20180630466620,695,0x10,0x1,20.5499992,26.1227493,0.0339875631,-0.0222098213,9.87163094e-06,30,1.21099997,1
695116100004962,54844688,2458302.9457020503,58302.446886600002,18.6769295,0.0381560326,0,zg,8.9723314999999992,43.561490900000003,0.340999991,0.00200000009,20180703446875,695,0x10,0x1,20.7900009,26.1306915,0.0314111821,-0.0234225597,7.75291664e-06,30,1.26100004,1
695116100004962,54942234,2458303.9212390054,58303.422349499997,18.3207378,0.030485969,0,zg,8.9723167999999998,43.5614743,0.624000013,-0.00800000038,20180704422245,695,0x10,0x1,20.6200008,26.126545,0.0317205861,-0.0755191073,7.98400833e-06,30,1.37800002,2
695116100004962,54945576,2458303.9546559718,58303.455763899998,18.9006596,0.0443317555,0,zg,8.9722963999999994,43.561495800000003,0.523999989,-0.050999999,20180704455764,695,0x10,0x1,20.9599991,26.1407261,0.0279335883,-0.0533798672,6.08278879e-06,30,1.21099997,2
695116100004962,55145686,2458305.9559085188,58305.456863400002,18.7555485,0.0401926227,0,zg,8.9722942999999997,43.561465200000001,0.630999982,-0.0240000002,20180706456782,695,0x10,0x1,20.7000008,26.1263733,0.0310757086,-0.0744485781,7.50478011e-06,30,1.18599999,1
695116100004962,55246611,2458306.9652339178,58306.466111100002,18.3543453,0.0311120246,32768,zg,8.9722430000000006,43.561491500000002,1.58800006,-0.104000002,20180707466076,695,0x10,0x1,20.6299992,26.306097,0.196654946,-0.0399200357,0.000373300398,30,1.14600003,2
695116100004962,55248246,2458306.9815894156,58306.482465300003,18.7836056,0.040953394,32768,zg,8.9717976000000004,43.561537199999997,0.805999994,0.0450000018,20180707482245,695,0x10,0x1,20,26.5936852,0.100270212,-0.048866529,0.000229955156,30,1.10099995,2
695116100004962,55735988,2458311.8593877256,58311.3598843,19.3517609,0.0609511994,0,zg,8.9723173999999997,43.561487,0.361000001,-0.0299999993,20180712359768,695,0x10,0x1,21.4400005,25.7844601,0.0266126189,-0.0381150022,5.45827788e-06,30,1.71899998,2
695116100004962,55837472,2458312.8743052459,58312.374722200002,19.1882877,0.054200422,0,zg,8.9723320999999991,43.5614998,0.876999974,-0.0549999997,20180713374699,695,0x10,0x1,21.2800007,25.8238373,0.0309365466,-0.0301767997,7.44083627e-06,30,1.54700005,2
695116100004962,55847219,2458312.9717898667,58312.472199099997,19.4274292,0.0643923953,0,zg,8.9722866999999997,43.561476300000002,0.941999972,-0.0920000002,20180713472199,695,0x10,0x1,21.7099991,26.0869579,0.0233955607,-0.0353878736,4.24057134e-06,30,1.08599997,2
695116100004962,55847383,2458312.9734218922,58312.473831000003,19.2217846,0.0555110648,0,zg,8.9723293000000002,43.561485599999997,0.824999988,-0.0120000001,20180713473819,695,0x10,0x1,21.7199993,26.0881996,0.0235714689,-0.0381055623,4.25065173e-06,30,1.08299994,1
695116100004962,55848729,2458312.9868836533,58312.487291700003,19.3422108,0.0605316162,0,zg,8.9723503000000004,43.561476300000002,0.855000019,-0.130999997,20180713487245,695,0x10,0x1,20.5200005,26.0857887,0.0361835323,-0.0172259174,1.1342966e-05,30,1.05700004,2
695116100004962,56239395,2458316.8938580938,58316.393958300003,19.3523712,0.0609781221,0,zg,8.9723418000000006,43.561492899999998,0.887000024,-0.00400000019,20180717393935,695,0x10,0x1,21.5599995,25.9872208,0.0250032339,-0.0223012529,4.72725651e-06,30,1.33599997,2
695116100004962,56241137,2458316.9112784816,58316.411377299999,19.1854229,0.0540899672,0,zg,8.9723396999999991,43.561497899999999,0.950999975,-0.0560000017,20180717411354,695,0x10,0x1,21.6900005,26.027956,0.0244754218,-0.032943815,4.57120768e-06,30,1.24899995,2
695116100004962,56243351,2458316.9334214469,58316.433518500002,20.019989,0.0995662883,32768,zg,8.9722943999999991,43.561500199999998,0.871999979,-0.115999997,20180717433495,695,0x10,0x1,21.3899994,25.8048954,0.0374435298,-0.0254012682,1.06559337e-05,30,1.16299999,2
695116100004962,56337461,2458317.8745953925,58317.374618100002,19.6219788,0.0742499679,32768,zg,8.9723206999999991,43.5615083,0.742999971,0.075000003,20180718374595,695,0x10,0x1,20.9899998,25.6104565,0.0802923143,-0.0206902828,5.02271359e-05,30,1.44200003,2
695116100004962,56337981,2458317.8797925045,58317.379814799999,19.6156769,0.0739066303,0,zg,8.9723784000000002,43.561485699999999,0.972000003,-0.143999994,20180718379699,695,0x10,0x1,21.5300007,25.9362164,0.0258049499,-0.034861926,5.08986386e-06,30,1.40699995,2
695116100004962,56441709,2458318.917154673,58318.417094900004,19.2954006,0.0585212819,0,zg,8.9723096000000009,43.561465099999999,1.07599998,-0.0939999968,20180719417060,695,0x10,0x1,21.3999996,26.189436,0.032498505,-0.0288227927,8.04931733e-06,30,1.20200002,2
695116100004962,56442133,2458318.9213911043,58318.421330999998,19.5742893,0.0716927797,0,zg,8.9723568,43.561528000000003,0.95599997,-0.0610000007,20180719421296,695,0x10,0x1,21.4699993,26.1874332,0.0259049777,-0.0248660855,5.13609757e-06,30,1.18599999,2
695116100004962,56445005,2458318.9501202893,58318.450057900001,19.4249153,0.0642746687,0,zg,8.9723588999999997,43.561553199999999,0.72299999,-0.0500000007,20180719450035,695,0x10,0x1,21.3899994,26.1893082,0.0265773945,-0.0209331047,5.39746543e-06,30,1.10000002,2
695116100004962,56445162,2458318.9516829122,58318.451620400003,19.4670525,0.0662792549,0,zg,8.9723723,43.561564599999997,0.704999983,0.0209999997,20180719451505,695,0x10,0x1,21.4899998,26.1924458,0.0240638126,-0.0234771222,4.45942806e-06,30,1.09599996,1
695116100004962,56539591,2458319.8960515969,58319.395914399996,19.1810398,0.0539215617,0,zg,8.9723076000000006,43.561507200000001,0.976999998,-0.0430000015,20180720395880,695,0x10,0x1,21.2999992,26.1532021,0.0259413328,-0.0410931632,5.16000046e-06,30,1.28299999,2
695116100004962,56541079,2458319.9109369889,58319.410798600002,19.319931,0.0595652424,0,zg,8.9722320999999994,43.561503600000002,0.819000006,-0.0350000001,20180720410775,695,0x10,0x1,21.2800007,26.1475582,0.0273232851,-0.0239227489,5.82904568e-06,30,1.21599996,2
695116100004962,56542275,2458319.9228939395,58319.422754599997,19.552433,0.0705521554,0,zg,8.9722705999999999,43.561497099999997,0.76700002,-0.0329999998,20180720422743,695,0x10,0x1,21.75,26.1602306,0.0229360834,-0.0345515981,4.06850768e-06,30,1.171,2
695116100004962,56647383,2458320.9740535119,58320.473831000003,19.5046616,0.0681260079,0,zg,8.9723477000000003,43.561527699999999,1.22300005,-0.0160000008,20180721473727,695,0x10,0x1,21.4099998,26.0145092,0.0286660194,-0.0243029874,6.36778486e-06,30,1.04400003,2
695116100004962,56741707,2458321.917368901,58321.417071800002,19.5547218,0.0706707016,0,zg,8.9723024000000002,43.561490499999998,0.526000023,0.00800000038,20180722417049,695,0x10,0x1,21.8299999,26.1973152,0.0237050895,-0.0522540286,4.31474473e-06,30,1.17200005,2
695116100004962,56743630,2458321.9366065338,58321.436307900003,19.3022022,0.0588086694,0,zg,8.9722871000000008,43.561478899999997,0.612999976,-0.0799999982,20180722436273,695,0x10,0x1,22.0200005,26.1998425,0.0220592562,-0.0435216799,3.73379066e-06,30,1.11399996,2
695116100004962,56745353,2458321.9538300973,58321.4535301,19.4086456,0.0635185391,0,zg,8.9723471999999997,43.561509100000002,0.59799999,-0.0329999998,20180722453484,695,0x10,0x1,21.75,26.1954765,0.0236715153,-0.0372398049,4.25432609e-06,30,1.074,1
695116100004962,56745446,2458321.9547676728,58321.4544676,19.2773552,0.0577665567,0,zg,8.9723415000000006,43.561496499999997,1.347,0.00800000038,20180722454456,695,0x10,0x1,21.7099991,26.1912041,0.0241942909,-0.0302576572,4.52915492e-06,30,1.07200003,2
695116100004962,56844371,2458322.9440935748,58322.443715300004,19.4012699,0.0631790012,0,zg,8.9723205999999998,43.5615162,1.05599999,-0.0540000014,20180723443681,695,0x10,0x1,21.5100002,26.1975803,0.0245421231,-0.0283509307,4.64555524e-06,30,1.08899999,2
695116100004962,56847496,2458322.9753460507,58322.474965300004,19.2984085,0.0586482063,0,zg,8.9723593000000008,43.561539699999997,0.665000021,-0.0869999975,20180723474942,695,0x10,0x1,21.3299999,26.1957569,0.025645867,-0.0216768794,5.09601614e-06,30,1.03499997,2
695116100004962,56941685,2458323.9173070346,58323.416851900001,19.3132439,0.0592785701,0,zg,8.9723483999999996,43.561497799999998,0.296999991,0.0179999992,20180724416817,695,0x10,0x1,21.2600002,26.1808815,0.0266177058,-0.0476391539,5.42606313e-06,30,1.15400004,2
695116100004962,56945196,2458323.9524255181,58323.451967599998,18.9968262,0.0473699644,0,zg,8.9723925999999992,43.561533699999998,0.898000002,-0.0670000017,20180724451910,695,0x10,0x1,21.5200005,26.1720963,0.0257272888,-0.0237696432,4.98247255e-06,30,1.06599998,2
695116100004962,57040905,2458324.9095843304,58324.409050900002,19.0881157,0.050490886,0,zg,8.9723202000000004,43.5615016,0.661000013,-0.0149999997,20180725409028,695,0x10,0x1,20.6399994,26.1341076,0.0342060402,-0.0419032536,9.26119719e-06,30,1.171,2
695116100004962,57043011,2458324.9306507986,58324.430115700001,19.2138233,0.0551962443,0,zg,8.9723634000000008,43.561515499999999,0.796000004,-0.0769999996,20180725430000,695,0x10,0x1,20.8299999,26.0815506,0.0314551778,-0.0412767529,7.68262362e-06,30,1.10800004,2
695116100004962,57044261,2458324.943151792,58324.442615699998,19.0865669,0.0504359305,0,zg,8.9722798000000008,43.561564699999998,0.866999984,-0.0810000002,20180725442604,695,0x10,0x1,20.3099995,25.9185486,0.0403411463,-0.0175857563,1.47732935e-05,30,1.079,1
695116100004962,57044355,2458324.9440893671,58324.443553199999,19.0779457,0.0501312874,0,zg,8.9723331000000002,43.561492800000003,0.711000025,-0.0480000004,20180725443530,695,0x10,0x1,20.6599998,25.973875,0.03484644,-0.0278727598,9.71030931e-06,30,1.07799995,2
695116100004962,57139902,2458325.8996392484,58325.399027799998,19.2633801,0.0571896508,0,zg,8.972296,43.561473800000002,0.788999975,0.0410000011,20180726398912,695,0x10,0x1,20.3299999,26.1298027,0.034937948,-0.0312608927,1.13899368e-05,30,1.19799995,2
695116100004962,57143400,2458325.9346187916,58325.4340046,19.9057178,0.0915322527,0,zg,8.9725774000000005,43.561677600000003,0.77700001,-0.135000005,20180726433970,695,0x10,0x1,20.2999992,26.1372318,0.0388075002,-0.0170180723,1.46353341e-05,30,1.09200001,2
695116100004962,57145068,2458325.9512984259,58325.450682900002,19.3334274,0.0601485707,0,zg,8.9724851000000001,43.561514600000002,0.312000006,0.00100000005,20180726450648,695,0x10,0x1,20.2099991,26.1470871,0.0390401743,-0.0248712469,1.53824349e-05,30,1.05900002,2
695116100004962,57245664,2458326.9573381888,58326.456643500002,19.822525,0.086082451,0,zg,8.9722907999999997,43.561481899999997,0.549000025,-0.0500000007,20180727456574,695,0x10,0x1,20.5699997,26.195652,0.0360581428,-0.0542410016,1.09376106e-05,30,1.04499996,2
695116100004962,57248503,2458326.9857316166,58326.485034700003,19.5105305,0.0684191734,0,zg,8.9724073000000004,43.561519500000003,0.512000024,-0.138999999,20180727484942,695,0x10,0x1,20.4599991,26.174715,0.0358234681,-0.0175101291,1.15018529e-05,30,1.01499999,2
695116100004962,57346550,2458327.9662832296,58327.465509299996,19.1969776,0.0545369424,0,zg,8.9722571000000002,43.561300899999999,0.512000024,-0.0209999997,20180728465475,695,0x10,0x1,19.7600002,26.1346016,0.0396903381,-0.103510886,2.42564038e-05,30,1.02999997,1
695116100004962,57346655,2458327.9673248995,58327.466550899997,19.488699,0.0673354939,0,zg,8.9723050000000004,43.5614609,0.527999997,-0.0799999982,20180728466481,695,0x10,0x1,20.2800007,26.1145439,0.0363556966,-0.046983704,1.31601673e-05,30,1.02900004,2
695116100004962,57349637,2458327.9971536393,58327.496377299998,19.6684914,0.0768363848,0,zg,8.9723875,43.561426300000001,0.268999994,-0.0810000002,20180728496354,695,0x10,0x1,20.0900002,26.1143818,0.0384070314,-0.0221203789,1.73078606e-05,30,1.00800002,2
695116100004962,57542965,2458329.9305804339,58329.429652799998,19.8216228,0.0860252157,0,zg,8.9723938000000008,43.561517899999998,0.499000013,0.203999996,20180730429606,695,0x10,0x1,20.7099991,26.141201,0.034399882,-0.0298505686,1.02677459e-05,30,1.07799995,2
695116100004962,57543946,2458329.9403960118,58329.439467600001,19.6862659,0.0778493285,0,zg,8.9722915000000008,43.561481100000002,0.697000027,-0.0340000018,20180730439144,695,0x10,0x1,20.7399998,26.1398945,0.0329418294,-0.0270314943,9.29415819e-06,30,1.05900002,2
695116100004962,57547490,2458329.9758385858,58329.474907399999,19.4085693,0.0635150149,0,zg,8.9722807000000007,43.5615028,0.425000012,0.063000001,20180730474792,695,0x10,0x1,20.2600002,26.1512508,0.0392510332,-0.00902197603,1.73785702e-05,30,1.01600003,2
695116100004962,57645452,2458330.9555330598,58330.454525499998,19.6089554,0.0735422224,0,zg,8.9722557999999992,43.561467999999998,0.90200001,-0.116999999,20180731454444,695,0x10,0x1,20.5,26.1126251,0.0358928107,-0.0249440949,1.14053664e-05,30,1.03299999,2
695116100004962,57646665,2458330.967663601,58330.466655099997,19.8358955,0.0869361907,0,zg,8.9722627999999993,43.561546499999999,0.555000007,-0.164000005,20180731466586,695,0x10,0x1,20.4099998,26.1016331,0.0370198712,-0.0156314485,1.28703705e-05,30,1.01999998,2
695116100004962,57649819,2458330.9992053467,58330.498194400003,19.7179947,0.0796919167,0,zg,8.9724207000000007,43.561583599999999,0.532999992,-0.101000004,20180731498137,695,0x10,0x1,19.9500008,26.1237278,0.0386006683,-0.00806908868,1.78845294e-05,30,1.00600004,1
695116100004962,57649910,2458331.0001198277,58330.499108800002,19.2336502,0.0559840426,0,zg,8.9723609,43.561475700000003,0.513999999,0.151999995,20180731499109,695,0x10,0x1,19.8199997,26.1353207,0.0400229841,-0.0185280405,2.08120073e-05,30,1.00600004,2
695116100004962,57747445,2458331.9755428387,58331.474456000004,19.8248901,0.0862328708,0,zg,8.9722995999999995,43.561509100000002,0.926999986,-0.108999997,20180801474421,695,0x10,0x1,20.75,26.1507778,0.0326775685,-0.0252194181,9.18163369e-06,30,1.01300001,2
695116100004962,57947605,2458333.9772948371,58333.4760532,19.8191948,0.08587116,0,zg,8.9723362000000009,43.5615466,0.697000027,-0.0769999996,20180803476053,695,0x10,0x1,20.5699997,26.144186,0.0358608216,-0.0128351571,1.05992167e-05,30,1.00899994,1
695116100004962,58231857,2458336.8200357319,58336.318576400001,20.6793079,0.153689384,0,zg,8.9724701000000007,43.561429199999999,0.989000022,-0.128999993,20180806318576,695,0x10,0x1,21.4799995,26.1585312,0.0252394006,-0.0379093029,4.92425897e-06,30,1.47399998,1
695116100004962,58647274,2458340.974515385,58340.472743099999,19.7790527,0.0833641514,0,zg,8.9723667999999996,43.561554800000003,0.726999998,-0.0170000009,20180810472731,695,0x10,0x1,21.0400009,25.9259281,0.0310468189,-0.0208018273,7.36051106e-06,30,1.00600004,1
695116100004962,58940435,2458343.906340363,58343.404351899997,20.446516,0.135473907,0,zg,8.9723188,43.561503100000003,0.833000004,0.057,20180813404340,695,0x10,0x1,21.6100006,26.1394463,0.0248141158,-0.0264728907,4.71558724e-06,30,1.05400002,1
695116100004962,59236817,2458346.8703737464,58346.368171299997,19.679882,0.0774839371,0,zg,8.9722846000000001,43.561497699999997,0.791999996,-0.0869999975,20180816368148,695,0x10,0x1,21.6900005,26.0697803,0.0253875349,-0.031047957,4.88798378e-06,30,1.11300004,1
695116100004962,59539185,2458349.8942673719,58349.3918519,19.5351562,0.0696642026,0,zg,8.9723130999999992,43.561497099999997,1.20000005,0.063000001,20180819391806,695,0x10,0x1,21.7299995,26.1603088,0.0227367841,-0.0310138091,4.02359638e-06,30,1.04700005,2
695116100004962,59540667,2458349.909094708,58349.406678200001,19.3950939,0.0628962144,0,zg,8.9722769000000007,43.561489899999998,0.800999999,0.00800000038,20180819406644,695,0x10,0x1,21.7299995,26.1492424,0.0253667478,-0.0287416857,4.97739939e-06,30,1.028,1
695116100004962,59540761,2458349.9100322672,58349.407615700002,19.3505669,0.0608985424,0,zg,8.9723649000000005,43.561518599999999,1.25300002,-0.114,20180819407593,695,0x10,0x1,21.8999996,26.1567154,0.0257921126,-0.0411413684,5.12586303e-06,30,1.02699995,2
695116100004962,59542787,2458349.9302883768,58349.427870400003,19.450325,0.0654754117,0,zg,8.9723249000000003,43.561552800000001,0.888000011,-0.0649999976,20180819427801,695,0x10,0x1,21.4099998,26.1695976,0.0269873701,-0.0159118827,5.651219e-06,30,1.01100004,2
695116100004962,59642780,2458350.9302880266,58350.427800899997,19.453558,0.0656299442,0,zg,8.9723410000000001,43.561532700000001,0.819000006,-0.0209999997,20180820427720,695,0x10,0x1,21.6499996,26.1788578,0.0258377008,-0.02500467,5.15465899e-06,30,1.00899994,2
695116100004962,59645784,2458350.9603363755,58350.457847199999,19.1324158,0.0520934053,0,zg,8.9726127000000009,43.561611200000002,0.927999973,-0.0529999994,20180820457778,695,0x10,0x1,21.3299999,26.1952953,0.0351937525,-0.0373414569,5.59692999e-05,30,1.00800002,2
695116100004962,59743376,2458351.9363176245,58351.433761599998,19.1998978,0.0546505935,0,zg,8.9723503999999998,43.561499099999999,0.856999993,0.0759999976,20180821433542,695,0x10,0x1,21.8299999,26.1685276,0.0248869788,-0.031156458,4.70787336e-06,30,1.00600004,2
695116100004962,59743962,2458351.942186025,58351.439629599998,18.9419327,0.0456054881,0,zg,8.9723375000000001,43.561499699999999,1.30999994,-0.101999998,20180821439595,695,0x10,0x1,21.8899994,26.1730766,0.0239708126,-0.0354075804,4.36070695e-06,30,1.00600004,2
695116100004962,59839203,2458352.8946580049,58352.392036999998,19.3797226,0.0621984899,0,zg,8.9723431999999992,43.561532399999997,0.644999981,0.0879999995,20180822391968,695,0x10,0x1,21.1599998,26.1553917,0.0283022206,-0.0222092159,6.21247273e-06,30,1.03499997,2
695116100004962,59840883,2458352.9114531456,58352.408831000001,19.3537502,0.0610390231,0,zg,8.9723263000000006,43.561480500000002,0.984000027,-0.116999999,20180822408519,695,0x10,0x1,21.8999996,26.1622963,0.0238191057,-0.0422884114,4.34882531e-06,30,1.01800001,1
695116100004962,59840980,2458352.9124254095,58352.409803199997,19.3338242,0.0601657704,0,zg,8.9723313999999998,43.561503199999997,0.533999979,0.00600000005,20180822409768,695,0x10,0x1,21.7299995,26.1583691,0.024350293,-0.0370956734,4.53338134e-06,30,1.01699996,2
695116100004962,59841958,2458352.9222061713,58352.419583299998,19.4359856,0.0647948459,0,zg,8.9723302,43.561487300000003,0.871999979,-0.0579999983,20180822419572,695,0x10,0x1,22,26.1577034,0.0248769261,-0.0374104716,4.6984992e-06,30,1.01100004,2
695116100004962,60641937,2458360.9225135585,58360.419374999998,19.2110786,0.0550882146,0,zg,8.9724319999999995,43.561535200000002,0.841000021,-0.0960000008,20180830419375,695,0x10,0x1,20.0900002,26.2422523,0.0396546498,-0.0176942945,1.72484561e-05,30,1.00800002,2
695116100004962,60644771,2458360.9508602042,58360.447719900003,19.2737827,0.0576184392,0,zg,8.9723559999999996,43.561394700000001,0.317999989,-0.0390000008,20180830447500,695,0x10,0x1,20.1000004,26.2389545,0.0421440676,-0.0194684826,1.90454284e-05,30,1.01900005,2
695116100004962,60738541,2458361.8886140562,58361.385416700003,19.4655151,0.0662049651,0,zg,8.9723553000000003,43.561517299999998,0.425999999,-0.0340000018,20180831385289,695,0x10,0x1,20.4599991,26.2386799,0.0351466686,-0.0277041607,1.07212854e-05,30,1.01900005,2
695116100004962,60742468,2458361.9278872297,58361.424687500003,19.0068855,0.0477022491,0,zg,8.9724021,43.561494199999999,0.837000012,-0.178000003,20180831424676,695,0x10,0x1,20.2900009,26.2569046,0.0381659083,-0.0187247302,1.38046535e-05,30,1.00899994,2
695116100004962,60742636,2458361.929565527,58361.426365699997,19.2236004,0.0555831417,0,zg,8.9723351999999998,43.5615807,0.694000006,0.074000001,20180831426366,695,0x10,0x1,20.3500004,26.239893,0.0367818251,-0.019837888,1.17878544e-05,30,1.00899994,1
695116100004962,60743952,2458361.9427261208,58361.439525499998,19.3354225,0.0602352992,0,zg,8.9723465999999998,43.561559500000001,0.708000004,-0.165000007,20180831439317,695,0x10,0x1,20.4699993,26.2287998,0.0352986827,-0.0178658348,1.04614091e-05,30,1.01499999,2
695116100004962,60931603,2458363.8193425098,58363.316030100003,19.6340866,0.0749143809,0,zg,8.9722892999999999,43.561504800000002,0.795000017,-0.0549999997,20180902315498,695,0x10,0x1,20.8799992,26.175827,0.0296695791,-0.0400897823,6.83358257e-06,30,1.13,2
695116100004962,60934230,2458363.8456171579,58363.342303199999,19.476059,0.0667165518,0,zg,8.9723880999999999,43.561536599999997,0.885999978,0.00700000022,20180902342292,695,0x10,0x1,20.9099998,26.1869316,0.0303124133,-0.036887534,7.17319017e-06,30,1.06799996,2
695116100004962,60936060,2458363.8639169377,58363.3606019,19.8269806,0.0863660499,0,zg,8.9724032999999999,43.561528899999999,0.762000024,0.0199999996,20180902360509,695,0x10,0x1,20.9200001,26.1869297,0.0307252035,-0.0321208984,7.33381648e-06,30,1.03900003,2
695116100004962,61026381,2458364.7671870543,58364.263819400003,19.6889801,0.0780052245,0,zg,8.9722989999999996,43.561506100000003,1.11399996,-0.057,20180903263669,695,0x10,0x1,21.9200001,26.1243362,0.020987941,-0.0479220785,3.36303219e-06,30,1.33000004,2
695116100004962,61027957,2458364.7829403784,58364.279571799998,19.3423424,0.0605373569,0,zg,8.9722816000000005,43.561488300000001,0.532000005,-0.0160000008,20180903279572,695,0x10,0x1,21.7099991,26.1458664,0.0234241653,-0.046481356,4.24410746e-06,30,1.25100005,1
695116100004962,61028527,2458364.788646711,58364.285277800001,19.4054661,0.0633719265,0,zg,8.9723158000000005,43.561484700000001,0.523000002,-0.074000001,20180903285266,695,0x10,0x1,21.7700005,26.1379719,0.0228235163,-0.043259237,4.01307807e-06,30,1.227,2
695116100004962,61040935,2458364.9127280149,58364.409351900002,19.474041,0.066618301,0,zg,8.9723568999999994,43.561542099999997,0.708000004,0.0450000018,20180903409317,695,0x10,0x1,21.0799999,26.1804543,0.0297876932,-0.0334843248,6.90976321e-06,30,1.00800002,2
695116100004962,61130543,2458365.8088672799,58365.305439800002,19.4172459,0.0639170334,0,zg,8.9722937999999992,43.561493900000002,1.32799995,-0.0120000001,20180904305417,695,0x10,0x1,21.6900005,26.174902,0.023098046,-0.053272903,4.10877328e-06,30,1.14499998,2
695116100004962,61139915,2458365.9025879316,58365.3991551,19.4614677,0.066009745,0,zg,8.9723129000000004,43.561518900000003,1.01300001,0.0430000015,20180904399120,695,0x10,0x1,21.2700005,26.2159615,0.0258598458,-0.0356764384,5.19480091e-06,30,1.00800002,2
695116100004962,61240995,2458366.9134434978,58366.4099537,19.5490646,0.07037808,0,zg,8.9723456000000006,43.561540800000003,0.800999999,-0.00999999978,20180905409931,695,0x10,0x1,21.2399998,26.230566,0.0297430642,-0.0372080021,6.81371739e-06,30,1.00899994,2
695116100004962,61241993,2458366.9234209545,58366.419930600001,19.2809258,0.0579150058,0,zg,8.9723603000000001,43.561531000000002,1.10899997,-0.114,20180905419630,695,0x10,0x1,21.3199997,26.2155876,0.0259548202,-0.0276184902,5.19576861e-06,30,1.01199996,2
695116100004962,61243828,2458366.9417783762,58366.438286999997,19.5637207,0.071138829,0,zg,8.9723877000000005,43.561515100000001,0.588,-0.00200000009,20180905437951,695,0x10,0x1,21.3199997,26.2154732,0.0261065513,-0.0283606127,5.33475986e-06,30,1.02499998,2
695116100004962,61341513,2458367.9186843853,58367.415138900004,19.6052017,0.0733395368,0,zg,8.9723571,43.561494400000001,0.746999979,-0.0879999995,20180906415139,695,0x10,0x1,21.6200008,26.198679,0.0248558465,-0.030154746,4.6942946e-06,30,1.01100004,1
695116100004962,61341655,2458367.9200964649,58367.416550900001,19.5846443,0.0722400546,0,zg,8.9722644999999996,43.561501700000001,1.51800001,-0.00700000022,20180906416505,695,0x10,0x1,21.7399998,26.2031212,0.0221122615,-0.0366130061,3.75175478e-06,30,1.01199996,2
695116100004962,61341998,2458367.9235341433,58367.419988399997,19.4157829,0.063849017,0,zg,8.9724538000000003,43.561560100000001,0.808000028,-0.0799999982,20180906419769,695,0x10,0x1,21.1599998,26.2252827,0.0355563499,-0.0141559178,1.71363008e-05,30,1.01300001,2
695116100004962,61437251,2458368.8761092103,58368.372511599999,20.1949921,0.113152452,0,zg,8.9722785999999992,43.561492399999999,0.953999996,-0.122000001,20180907372106,695,0x10,0x1,21.6599998,26.225275,0.0221090466,-0.0526415333,3.75460968e-06,30,1.01499999,2
695116100004962,61437942,2458368.883019282,58368.3794213,19.9982777,0.0979898721,0,zg,8.9723033000000001,43.561509200000003,0.598999977,0.0390000008,20180907379421,695,0x10,0x1,21.5,26.212677,0.0248512272,-0.0383436196,4.79421669e-06,30,1.01100004,2
695116100004962,61441643,2458368.9200351769,58368.416435200001,19.7799454,0.0834191069,0,zg,8.9723012999999998,43.561500299999999,0.779999971,-0.050999999,20180907416343,695,0x10,0x1,21.5599995,26.2174435,0.0245799627,-0.0357437357,4.62142452e-06,30,1.01300001,2
695116100004962,61532011,2458369.8237639898,58369.3201157,19.949501,0.0945342854,0,zg,8.9723453000000006,43.5615126,1.07500005,0.0450000018,20180908320093,695,0x10,0x1,21.75,26.2045135,0.0226789434,-0.0543082431,3.96807718e-06,30,1.08000004,2
695116100004962,61544540,2458369.9490600261,58369.445405099999,19.922821,0.0926937982,0,zg,8.9723608000000006,43.561518999999997,0.791000009,0.0160000008,20180908445359,695,0x10,0x1,21.2099991,26.2044716,0.0268579368,-0.0282351375,5.56333725e-06,30,1.04299998,2
695116100004962,61547363,2458369.9772907072,58369.473634299997,20.0603294,0.102558509,0,zg,8.9723498999999993,43.561522699999998,0.577000022,0.00800000038,20180908473414,695,0x10,0x1,21.6100006,26.1809521,0.0230511744,-0.0392937772,4.05052924e-06,30,1.09599996,2
695116100004962,61633927,2458370.8429726125,58370.339270800003,19.8124733,0.0854461268,0,zg,8.9723068000000001,43.561462400000003,0.72299999,0.00400000019,20180909339132,695,0x10,0x1,21.7600002,26.221817,0.0214090962,-0.0475515909,3.56601072e-06,30,1.04200006,2
695116100004962,61636442,2458370.8681244212,58370.364421300001,19.6721725,0.0770450532,0,zg,8.9723325999999997,43.561491599999997,0.377999991,-0.0419999994,20180909364387,695,0x10,0x1,21.8899994,26.2194881,0.0217956658,-0.0450742431,3.6927363e-06,30,1.01600003,1
695116100004962,61636533,2458370.8690387663,58370.3653356,19.7162857,0.0795915127,0,zg,8.9723626000000003,43.561519699999998,0.866999984,-0.0250000004,20180909365324,695,0x10,0x1,21.6700001,26.2116013,0.0228534713,-0.035086643,4.03882541e-06,30,1.01600003,2
695116100004962,61638030,2458370.8840048471,58370.380300899997,19.8658066,0.0888766497,0,zg,8.9723213000000008,43.5614968,1.59899998,-0.203999996,20180909380255,695,0x10,0x1,21.6399994,26.2183876,0.023024274,-0.0347108617,4.08395408e-06,30,1.00899994,2
695116100004962,61734653,2458371.8502930505,58371.346539400001,20.146471,0.109227031,0,zg,8.9723524999999995,43.561487100000001,0.713,-0.0399999991,20180910346470,695,0x10,0x1,21.8199997,26.2275639,0.0219070129,-0.047051128,3.73028183e-06,30,1.02999997,2
695116100004962,61736315,2458371.8669141997,58371.363159699999,20.5071373,0.141161919,0,zg,8.9723314999999992,43.561494000000003,0.52700001,-0.129999995,20180910363102,695,0x10,0x1,21.5799999,26.2183304,0.0234953426,-0.0309841856,4.2447723e-06,30,1.01499999,2
695116100004962,61840844,2458372.9122562539,58372.408449100003,19.6746387,0.0771851167,0,zg,8.9723210000000009,43.561506700000002,1.03299999,-0.0480000004,20180911408426,695,0x10,0x1,21.2800007,26.2344704,0.0253841393,-0.0261932239,5.03590536e-06,30,1.01499999,2
695116100004962,61842472,2458372.9285301636,58372.424722199998,19.7344131,0.0806628987,0,zg,8.9722723000000002,43.561484299999996,0.731999993,-0.0359999985,20180911424688,695,0x10,0x1,21.5200005,26.2232285,0.024061393,-0.0271784328,4.46673039e-06,30,1.028,2
695116100004962,61845879,2458372.962605942,58372.458796300001,20.0280266,0.100155853,0,zg,8.9723672000000008,43.561522500000002,0.588,0.0359999985,20180911458588,695,0x10,0x1,21.5300007,26.2098713,0.0240789447,-0.0265934728,4.49008667e-06,30,1.08099997,2
695116100004962,61937495,2458373.8788085133,58373.374953699997,19.8446159,0.087497592,0,zg,8.9723153999999994,43.561512200000003,0.728999972,0.0410000011,20180912374838,695,0x10,0x1,21.6499996,26.2310982,0.0225548223,-0.044323422,3.96890982e-06,30,1.00800002,2
695116100004962,61938321,2458373.8870728137,58373.3832176,19.5772247,0.0718474984,0,zg,8.9722664000000005,43.561566900000003,0.686999977,0.0350000001,20180912383021,695,0x10,0x1,21.2299995,26.2268887,0.0273270719,-0.0401445143,5.75075228e-06,30,1.00800002,1
695116100004962,61938414,2458373.8879987635,58373.384143499999,19.697506,0.0784970149,0,zg,8.9723456000000006,43.561472700000003,0.70599997,-0.0890000015,20180912384132,695,0x10,0x1,21.4200001,26.2221699,0.0241159182,-0.0315674618,4.48409492e-06,30,1.00800002,2
695116100004962,61939755,2458373.9014138146,58373.397557900003,19.2923851,0.0583944134,0,zg,8.9723181000000007,43.561511299999999,0.611999989,-0.00700000022,20180912397454,695,0x10,0x1,21.4300003,26.2191296,0.0241698958,-0.0305493493,4.50594598e-06,30,1.01100004,2
695116100004962,62040929,2458374.9131986974,58374.409293999997,19.1611233,0.0531638004,0,zg,8.9723074,43.561515100000001,0.370999992,0.00300000003,20180913409271,695,0x10,0x1,21.5100002,26.2144947,0.0234458987,-0.0295717474,4.25325288e-06,30,1.01900005,2
695116100004962,62042318,2458374.9270882574,58374.423182899998,19.1288624,0.0519626699,0,zg,8.9723210000000009,43.5614876,1.17200005,-0.075000003,20180913423137,695,0x10,0x1,21.5900002,26.2122021,0.0230688285,-0.0310849175,4.10311577e-06,30,1.03199995,2
695116100004962,62045871,2458374.9626223342,58374.458715300003,19.6451855,0.0755288452,0,zg,8.9723129000000004,43.561515800000002,1.03600001,-0.0879999995,20180913458507,695,0x10,0x1,21.4599991,26.2041702,0.0245564841,-0.0348915085,4.63650213e-06,30,1.09300005,2
695116100004962,62130616,2458375.8101160051,58375.306169000003,18.9169312,0.0448285826,0,zg,8.9722986000000002,43.561507599999999,0.933000028,0.0790000036,20180914306157,695,0x10,0x1,21.7399998,26.2590408,0.0219989121,-0.0812658966,3.71518377e-06,30,1.07500005,2
695116100004962,62142624,2458375.9302026052,58375.426249999997,19.2009068,0.0546899065,0,zg,8.9723263000000006,43.5614992,0.462000012,-0.0170000009,20180914426227,695,0x10,0x1,21.5900002,26.2174091,0.0225140583,-0.0356714241,3.92966012e-06,30,1.03999996,2
695116100004962,62145881,2458375.9627735079,58375.458819400003,19.0375443,0.0487325341,0,zg,8.9723129999999998,43.561490599999999,0.68599999,-0.00600000005,20180914458704,695,0x10,0x1,21.7999992,26.2128811,0.0216209851,-0.0491405427,3.57549197e-06,30,1.09899998,2
695116100004962,62230724,2458376.8112385892,58376.307245399999,19.6280518,0.0745824054,0,zg,8.9722974999999998,43.561491400000001,0.828999996,0.0160000008,20180915307222,695,0x10,0x1,21.6900005,26.2521458,0.0229896475,-0.0762181431,4.08930873e-06,30,1.06700003,2
695116100004962,62232177,2458376.8257646547,58376.321770800001,19.5984383,0.0729758888,0,zg,8.9723132000000003,43.561494099999997,1.07599998,0.0960000008,20180915321759,695,0x10,0x1,21.6700001,26.2315445,0.0223032031,-0.0520334132,3.83972929e-06,30,1.04400003,1
695116100004962,62232269,2458376.8266906962,58376.322696800002,19.6925678,0.0782117471,0,zg,8.9723377000000006,43.561503299999998,0.782000005,-0.0549999997,20180915322685,695,0x10,0x1,21.7700005,26.2176743,0.0224561468,-0.0477429107,3.88949411e-06,30,1.04200006,2
695116100004962,62244819,2458376.9521939922,58376.4481944,19.872961,0.0893470198,0,zg,8.9723444000000008,43.561483699999997,1.63800001,0.0280000009,20180915448160,695,0x10,0x1,21.7600002,26.2016373,0.0226052105,-0.0389785506,3.92469065e-06,30,1.08200002,2
695116100004962,62334999,2458377.8540401114,58377.349999999999,20.3093758,0.122894168,0,zg,8.9723462999999999,43.5614974,0.74000001,-0.127000004,20180916349942,695,0x10,0x1,21.8199997,26.2006702,0.0217860341,-0.0489857718,3.71214128e-06,30,1.01400006,2
695116100004962,62336402,2458377.8680685307,58377.364027800002,19.8703461,0.0891748518,0,zg,8.9724398000000001,43.561532399999997,1.04400003,-0.111000001,20180916363970,695,0x10,0x1,21.1299992,26.222723,0.0309568159,-0.0298618749,9.80871937e-06,30,1.00800002,2
695116100004962,62339603,2458377.9000722514,58377.396030099997,19.171814,0.0535689704,0,zg,8.9723216000000008,43.561504900000003,0.809000015,-0.0900000036,20180916395937,695,0x10,0x1,21.4899998,26.1908016,0.0237905513,-0.0326226801,4.38664892e-06,30,1.01499999,2
695116100004962,62432777,2458378.8318607849,58378.327777799997,19.2475033,0.0565421507,0,zg,8.9723033000000001,43.561493800000001,1.39600003,-0.0270000007,20180917327708,695,0x10,0x1,21.8299999,26.2307644,0.0217753183,-0.0484609678,3.64142261e-06,30,1.02900004,2
695116100004962,62434599,2458378.8500791751,58378.345995399999,19.2826786,0.0579880252,0,zg,8.9723092999999992,43.561499699999999,1.31400001,-0.158000007,20180917345984,695,0x10,0x1,21.5499992,26.2229977,0.0239139963,-0.0385218486,4.42338614e-06,30,1.01400006,2
695116100004962,62534824,2458379.8523672679,58379.348240699997,19.2906494,0.058321517,0,zg,8.9723089999999992,43.561514500000001,0.931999981,-0.0489999987,20180918348160,695,0x10,0x1,21.6299992,26.2290039,0.022983145,-0.0398002975,4.05439368e-06,30,1.01199996,2
695116100004962,62536795,2458379.8720787973,58379.367951400003,18.9505463,0.045876991,0,zg,8.9723448000000001,43.5615083,1.54499996,-0.111000001,20180918367951,695,0x10,0x1,21.6000004,26.22929,0.0228746869,-0.0378742144,4.00071258e-06,30,1.00800002,2
695116100004962,62536886,2458379.8729931363,58379.368865700002,18.7667599,0.0404943973,0,zg,8.9723406000000008,43.561506899999998,1.47000003,-0.0680000037,20180918368866,695,0x10,0x1,21.5599995,26.2334347,0.0228619426,-0.0382667966,3.99097235e-06,30,1.00800002,1
695116100004962,62544872,2458379.9528576736,58379.448726900002,19.0617542,0.0495650396,0,zg,8.9723146000000007,43.561478299999997,0.465999991,-0.00200000009,20180918448692,695,0x10,0x1,21.3199997,26.211441,0.0241679531,-0.0308596641,4.44380748e-06,30,1.10099995,2
695116100004962,62634516,2458380.8493299885,58380.345161999998,19.0859795,0.0504150987,0,zg,8.9722846999999994,43.561442800000002,0.736999989,0.0160000008,20180919344977,695,0x10,0x1,21.2000008,26.2885609,0.0255621839,-0.109504551,4.95434642e-06,30,1.01199996,2
695116100004962,62637031,2458380.8744815155,58380.370312500003,18.8056698,0.0415646173,0,zg,8.972308,43.561468300000001,0.83099997,0.00400000019,20180919370289,695,0x10,0x1,21.6800003,26.2796097,0.0230115093,-0.098206602,4.03409786e-06,30,1.00800002,2
695116100004962,62840565,2458382.9099095883,58382.405659700002,18.8579998,0.0430612937,0,zg,8.9723441000000008,43.561485500000003,0.694999993,0.0549999997,20180921405637,695,0x10,0x1,21.1900005,26.2007484,0.0264013596,-0.0395193659,5.26128315e-06,30,1.03799999,2
695116100004962,62842710,2458382.9313572058,58382.427106499999,18.8473549,0.0427513905,0,zg,8.9723424999999999,43.561489899999998,1.06500006,-0.0759999976,20180921427095,695,0x10,0x1,21.5300007,26.2040157,0.0223371256,-0.0511997826,3.74666433e-06,30,1.07200003,2
695116100004962,62844788,2458382.9521333883,58382.4478819,19.0620995,0.0495770127,0,zg,8.9724205000000001,43.561581500000003,1.08399999,-0.0729999989,20180921447870,695,0x10,0x1,21.1900005,26.1899357,0.0310060941,-0.0159631763,7.34267223e-06,30,1.12,2
695116100004962,62844899,2458382.9532446335,58382.448993099999,18.9377708,0.0454750247,0,zg,8.9723772000000004,43.561541800000001,0.711000025,-0.0280000009,20180921448889,695,0x10,0x1,21.25,26.1938801,0.0266689435,-0.0234688148,5.35869503e-06,30,1.12300003,1
695116100004962,62942880,2458383.9330965797,58383.428807900003,19.1191616,0.0516077131,0,zg,8.9723450000000007,43.561510800000001,1.18799996,-0.159999996,20180922428785,695,0x10,0x1,20.75,26.1708164,0.0326328427,-0.0315180682,8.26519317e-06,30,1.08099997,2
695116100004962,62945043,2458383.9547292744,58383.450439799999,19.0828304,0.0503036417,0,zg,8.9723033000000001,43.5615363,1.24100006,0.122000001,20180922450428,695,0x10,0x1,20.5699997,26.1497898,0.0397302471,-0.0182108581,1.28849506e-05,30,1.13499999,2
695116100004962,62947670,2458383.9809918334,58383.476701400003,19.1070251,0.0511677153,0,zg,8.9723164000000004,43.5615776,0.662,0.050999999,20180922476678,695,0x10,0x1,20.9500008,26.1523685,0.0442606807,-0.0160420015,1.75602127e-05,30,1.227,2
695116100004962,63041792,2458384.9222531971,58384.417928199997,19.2916985,0.0583655611,32768,zg,8.9723670000000002,43.561573799999998,0.451999992,0.0759999976,20180923417465,695,0x10,0x1,19.7299995,25.9092617,0.0861567333,-0.0160319675,0.00011230557,30,1.06500006,2
695116100004962,63043870,2458384.94302944,58384.438703699998,18.9635105,0.0462893508,32768,zg,8.9723831999999994,43.561527900000002,0.324999988,0.0109999999,20180923438148,695,0x10,0x1,20.1200008,26.1283855,0.0421023518,0.00675198762,1.91060008e-05,30,1.11000001,2
695116100004962,63046740,2458384.971734161,58384.4674074,18.9342995,0.0453665555,0,zg,8.9723775000000003,43.561495499999999,0.572000027,-0.074000001,20180923467396,695,0x10,0x1,20.5400009,26.1285267,0.0342165865,-0.0343013927,9.87601015e-06,30,1.20099998,2
695116100004962,63136069,2458385.8650529329,58385.360694399998,18.6776314,0.0381736122,0,zg,8.9722723000000002,43.561472600000002,0.377999991,-0.0500000007,20180924360671,695,0x10,0x1,20.4200001,26.1941795,0.0338703319,-0.038550932,1.03329121e-05,30,1.00899994,1
695116100004962,63136159,2458385.8659557612,58385.361597199997,18.7068481,0.038914863,0,zg,8.9723100000000002,43.561510699999999,0.744000018,-0.0759999976,20180924361597,695,0x10,0x1,20.3999996,26.2005825,0.0343968198,-0.0345361941,1.0666342e-05,30,1.00999999,2
695116100004962,63138291,2458385.8872760031,58385.3829167,18.3701191,0.0314122923,0,zg,8.9723647,43.561496599999998,0.975000024,0.0309999995,20180924382627,695,0x10,0x1,20.2099991,26.1925869,0.0384498909,-0.0254877601,1.53678975e-05,30,1.02199996,2
695116100004962,63140003,2458385.9043945926,58385.400034699996,18.962862,0.0462686121,0,zg,8.9723539999999993,43.561550199999999,0.84799999,0.00300000003,20180924399907,695,0x10,0x1,20.0900002,26.1926575,0.038733758,-0.0160093661,1.70760468e-05,30,1.04100001,2
695116100004962,63246769,2458386.9720932487,58386.467696799999,18.6831188,0.038311407,0,zg,8.9723471000000004,43.561520700000003,0.806999981,-0.00100000005,20180925467650,695,0x10,0x1,19.5799999,26.1881104,0.0419115163,-0.0448598228,2.7375705e-05,30,1.22399998,2
695116100004962,63248859,2458386.992996641,58386.4885995,18.9614449,0.0462233312,32768,zg,8.9720905000000002,43.561482499999997,0.815999985,-0.188999996,20180925488518,695,0x10,0x1,19.2900009,26.1426144,0.0471763648,0.00589902606,4.4405926e-05,30,1.32299995,2
695116100004962,63323116,2458387.7355907727,58387.231168999999,19.0007591,0.0474995412,0,zg,8.9723381,43.561460400000001,0.474999994,0.0340000018,20180926231053,695,0x10,0x1,19.8999996,26.2321148,0.0380985737,-0.0801111758,1.75989444e-05,30,1.19200003,2
695116100004962,63325754,2458387.761968947,58387.257546300003,18.5171509,0.0344200209,0,zg,8.9723188,43.561469600000002,0.389999986,0.0320000015,20180926257535,695,0x10,0x1,20.1599998,26.2377396,0.0378092378,-0.0637011155,1.42614363e-05,30,1.11099994,2
695116100004962,63328089,2458387.7853146163,58387.280891199996,18.6515427,0.0375273377,0,zg,8.9723286000000009,43.561490800000001,0.307000011,-0.0489999987,20180926280833,695,0x10,0x1,20.3500004,26.2086143,0.0361410491,-0.0277076177,1.23678965e-05,30,1.06099999,2
695116100004962,63433550,2458388.8399664224,58388.335509299999,18.7473698,0.039974276,0,zg,8.9723115999999994,43.5615168,0.822000027,0.0439999998,20180927335278,695,0x10,0x1,20.4799995,26.2100239,0.0345922336,-0.0275490265,1.03782677e-05,30,1.00800002,2
695116100004962,63436069,2458388.8651523064,58388.360694399998,18.7177277,0.0391956717,0,zg,8.9723251000000008,43.561542799999998,0.587000012,0.0410000011,20180927360683,695,0x10,0x1,20.1200008,26.2205067,0.039280612,-0.0152558526,1.58993571e-05,30,1.01199996,2
695116100004962,63436681,2458388.8712752014,58388.366817100003,18.8147316,0.0418190435,0,zg,8.9723503000000004,43.561470200000002,0.832000017,0.0240000002,20180927366806,695,0x10,0x1,20.5100002,26.2037964,0.0337711647,-0.0315708667,9.69448956e-06,30,1.01600003,1
695116100004962,63437734,2458388.881807927,58388.377349499999,18.9321747,0.0453002974,0,zg,8.9723355999999992,43.5614895,1.34399998,-0.197999999,20180927377303,695,0x10,0x1,20.4699993,26.2038116,0.0334760919,-0.0290481355,1.00329116e-05,30,1.02400005,2
695116100004962,63534975,2458389.8542451202,58389.349756900003,18.5821533,0.0358777493,0,zg,8.9722875000000002,43.561483299999999,1.32799995,-0.131999999,20180928349745,695,0x10,0x1,20.7000008,26.2036629,0.0346762016,-0.0301742572,9.75753392e-06,30,1.00899994,2
695116100004962,63535792,2458389.8624166637,58389.357928199999,18.7431412,0.0398619995,0,zg,8.9723381999999994,43.5614901,0.967999995,-0.00899999961,20180928357917,695,0x10,0x1,20.7099991,26.2065315,0.0320819095,-0.0311637521,8.22534457e-06,30,1.01199996,2
695116100004962,63538096,2458389.8854497462,58389.3809606,18.8327942,0.0423320532,0,zg,8.9723935000000008,43.561529999999998,1.19500005,-0.180000007,20180928380833,695,0x10,0x1,20.4400005,26.2087498,0.0365522541,-0.00821068231,1.17954451e-05,30,1.03100002,2
695116100004962,63632114,2458390.8256625836,58390.321145800001,19.055172,0.0493370108,0,zg,8.9722860999999998,43.561520399999999,0.898999989,-0.0790000036,20180929321146,695,0x10,0x1,20.6299992,26.2038326,0.0312123094,-0.0239329636,7.80213486e-06,30,1.00999999,2
695116100004962,63633531,2458390.839829694,58390.335312499999,18.8800964,0.0437135994,0,zg,8.9722734000000006,43.561481999999998,0.961000025,-0.0399999991,20180929335208,695,0x10,0x1,20.5300007,26.2168427,0.0332445316,-0.0270590633,8.7137696e-06,30,1.00800002,2
695116100004962,64335020,2458397.8548954376,58397.350208299998,18.7660427,0.0404750258,0,zg,8.9723612999999993,43.561508799999999,0.519999981,-0.0189999994,20181006350150,695,0x10,0x1,21.4300003,26.1751842,0.0249126256,-0.0366732031,4.77737012e-06,30,1.02199996,2
695116100004962,64336202,2458397.8667128659,58397.362025499999,18.5537109,0.0352297649,0,zg,8.9723106999999995,43.561508400000001,1.23399997,-0.0340000018,20181006361991,695,0x10,0x1,21.5300007,26.1818218,0.0262170266,-0.0444863699,5.32268677e-06,30,1.03400004,1
695116100004962,64336295,2458397.8676387831,58397.362951399999,18.6249638,0.0368837379,0,zg,8.9723237000000005,43.561516500000003,1.36800003,-0.0419999994,20181006362940,695,0x10,0x1,21.5900002,26.1814289,0.0239634234,-0.031361077,4.46040121e-06,30,1.03600001,2
695116100004962,64628020,2458400.7849470805,58400.280208299999,18.5791187,0.0358078666,0,zg,8.9723164000000004,43.561479900000002,0.620999992,-0.0209999997,20181009280116,695,0x10,0x1,21.9300003,26.1934261,0.0210768618,-0.0485989563,3.42867793e-06,30,1.01800001,2
695116100004962,67114802,2458425.6527207885,58425.148020799999,19.000782,0.0475002863,32768,zg,8.9722415000000009,43.561497899999999,0.704999983,-0.0189999994,20181103147917,695,0x10,0x1,20.6900005,25.964983,0.0331312753,-0.116330259,8.85671579e-06,30,1.125,2
695116100004962,67118160,2458425.6863081735,58425.181608799998,18.9040794,0.0444355831,32768,zg,8.9723457999999994,43.561482599999998,0.818000019,-0.023,20181103181551,695,0x10,0x1,20.9200001,25.85285,0.0306400508,-0.0871812478,7.31336968e-06,30,1.05200005,2
695116100004962,67119915,2458425.7038541473,58425.199155100003,18.4805183,0.0336341448,32768,zg,8.9723165999999992,43.561450999999998,0.899999976,-0.0140000004,20181103199097,695,0x10,0x1,19.7900009,25.1465206,0.0499545969,-0.0926642045,3.59210535e-05,30,1.028,2
695116100004962,67231759,2458426.8222696697,58426.317592599997,18.7031116,0.0388190039,32768,zg,8.9723322999999997,43.561500899999999,0.432999998,-0.0280000009,20181104317384,695,0x10,0x1,20.3899994,25.4867706,0.0558631048,-0.0678209886,2.86396171e-05,30,1.09399998,2
695116100004962,67232453,2458426.8292139266,58426.324537,18.4321632,0.0326344892,32768,zg,8.9723416999999994,43.561459399999997,0.842999995,-0.0199999996,20181104324525,695,0x10,0x1,20.6800003,25.6140423,0.039216727,-0.0616254471,1.26329833e-05,30,1.11099994,1
695116100004962,67233672,2458426.8414011709,58426.336724499997,18.6052761,0.0364164747,0,zg,8.9723606,43.561473700000001,0.619000018,-0.0419999994,20181104336690,695,0x10,0x1,21.3799992,26.1034603,0.0262343269,-0.0724899992,5.29494719e-06,30,1.14600003,2
695116100004962,67235497,2458426.8596531856,58426.354976900002,18.9330654,0.0453280769,0,zg,8.9723416999999994,43.561484100000001,1.18799996,0.063000001,20181104354699,695,0x10,0x1,21.1399994,26.0558567,0.028370114,-0.0788146779,6.26852443e-06,30,1.21000004,2
695116100004962,67319508,2458427.6997396648,58427.195080999998,18.6550827,0.0376141891,32768,zg,8.9723976000000008,43.561436800000003,0.56099999,-0.0280000009,20181105195069,695,0x10,0x1,19.6900005,24.8303356,0.0473197959,-0.057607092,3.72741088e-05,30,1.02600002,2
695116100004962,67418406,2458428.6886991244,58428.184062499997,18.4205322,0.0324003026,0,zg,8.9722975999999992,43.561482900000001,1.245,-0.0790000036,20181106183993,695,0x10,0x1,21.5599995,26.2347488,0.0244669076,-0.0550193302,4.57655415e-06,30,1.03600001,2
695116100004962,67419782,2458428.7024604119,58428.197824100003,18.4575691,0.0331544355,0,zg,8.9723187000000006,43.561489600000002,0.782999992,-0.063000001,20181106197812,695,0x10,0x1,21.7199993,26.2350998,0.0241774134,-0.0578670539,4.5041761e-06,30,1.02100003,2
695116100004962,67422326,2458428.7278996296,58428.223263899999,18.5668964,0.0355281793,0,zg,8.9723357000000004,43.561490900000003,0.810000002,-0.0590000004,20181106223183,695,0x10,0x1,21.7000008,26.2424583,0.0241937619,-0.0619498864,4.56123462e-06,30,1.00699997,2
695116100004962,67519835,2458429.7029691464,58429.198356499997,18.6564636,0.0376481265,0,zg,8.9723182999999995,43.561486700000003,0.964999974,-0.0649999976,20181107198113,695,0x10,0x1,21.8400002,26.2198925,0.0239264593,-0.0497527644,4.39793666e-06,30,1.01800001,2
695116100004962,67522922,2458429.7338363961,58429.229224499999,18.5129204,0.0343279727,0,zg,8.9723264999999994,43.561489199999997,0.884000003,-0.0549999997,20181107229190,695,0x10,0x1,21.8999996,26.2136211,0.0247330684,-0.0473293439,4.69170482e-06,30,1.00600004,2
695116100004962,67524254,2458429.7471578699,58429.242546300004,18.7337551,0.0396141969,0,zg,8.9723126000000004,43.561488300000001,0.93599999,-0.0810000002,20181107242546,695,0x10,0x1,22,26.2129803,0.0250575133,-0.051855199,4.82566338e-06,30,1.00800002,2
695116100004962,67524346,2458429.7480721474,58429.243460600002,18.6560669,0.0376383662,0,zg,8.9723094000000003,43.561483600000003,0.273999989,-0.00600000005,20181107243461,695,0x10,0x1,21.9200001,26.2218533,0.0242194049,-0.0518854074,4.49578738e-06,30,1.00800002,1
695116100004962,67625489,2458430.7594819795,58430.254895799997,18.7345009,0.0396338254,0,zg,8.9723251000000008,43.561495899999997,0.936999977,-0.0410000011,20181108254861,695,0x10,0x1,21.9099998,26.2275448,0.0240137186,-0.0535309277,4.46206468e-06,30,1.01600003,2
695116100004962,67627146,2458430.7760556489,58430.271469899999,18.5017281,0.0340861045,0,zg,8.9723374000000007,43.561491500000002,0.838999987,-0.0320000015,20181108271366,695,0x10,0x1,22.0900002,26.2194061,0.0261095967,-0.0556419827,5.25446421e-06,30,1.03199995,2
695116100004962,67629250,2458430.7970851986,58430.292500000003,18.3428764,0.0308962893,0,zg,8.9723266000000006,43.561488099999998,0.591000021,-0.0670000017,20181108292303,695,0x10,0x1,21.9599991,26.2147274,0.0252881832,-0.0514328256,4.90066714e-06,30,1.06400001,2
695116100004962,67710878,2458431.6133483676,58431.108784700002,18.7745304,0.0407053083,0,zg,8.9723951999999993,43.561407600000003,0.813000023,-0.0170000009,20181109108681,695,0x10,0x1,20.4400005,26.1597404,0.0371051095,-0.0550126433,1.17057016e-05,30,1.20099998,2
695116100004962,67722820,2458431.7327664695,58431.228206,18.5530758,0.0352154709,0,zg,8.9722761000000002,43.561483699999997,0.745999992,0.0250000004,20181109228194,695,0x10,0x1,20.5900002,26.1929092,0.036103677,-0.0404387601,1.04417359e-05,30,1.00600004,2
695116100004962,67724868,2458431.7532405243,58431.248680600002,18.8378372,0.042476695,0,zg,8.9725584000000005,43.561449699999997,1.15699995,0.186000004,20181109248600,695,0x10,0x1,20.2700005,26.1725578,0.0397904739,-0.0237919372,1.47272121e-05,30,1.01400006,2
695116100004962,67823337,2458432.7379121836,58432.233379600002,18.7415028,0.0398185812,0,zg,8.9723804999999999,43.561546300000003,1.56400001,-0.0979999974,20181110233356,695,0x10,0x1,20.8999996,26.2144165,0.0320978388,-0.0323997326,7.95318192e-06,30,1.00800002,2
695116100004962,67915960,2458433.664112187,58433.159606499998,18.5659676,0.0355070494,0,zg,8.9723027000000002,43.561497899999999,0.963999987,-0.00100000005,20181111159294,695,0x10,0x1,21.0200005,25.8328285,0.0313690566,-0.0496172458,7.66279391e-06,30,1.05200005,2
695116100004962,68015212,2458434.6566052069,58434.152129599999,18.901083,0.0443445966,0,zg,8.9722279999999994,43.561553400000001,0.742999971,0.0170000009,20181112152106,695,0x10,0x1,20.6599998,26.210268,0.0323315859,-0.0329791643,8.1717717e-06,30,1.05999994,2
695116100004962,68025811,2458434.7625857214,58434.258113399999,18.6751862,0.0381124243,0,zg,8.9722471000000006,43.561559899999999,0.86500001,-0.0359999985,20181112258009,695,0x10,0x1,20.2299995,26.2108822,0.0406462289,-0.0366394483,1.55829621e-05,30,1.02900004,2
695116100004962,68027200,2458434.7764741881,58434.2720023,18.537447,0.0348663703,0,zg,8.9723047000000005,43.561530699999999,0.93900001,0.0149999997,20181112271701,695,0x10,0x1,20.4799995,26.2134228,0.0354720391,-0.0290912669,1.03990324e-05,30,1.04799998,2
695116100004962,68118287,2458435.6873134198,58435.1828704,18.2833004,0.0298100058,0,zg,8.9723392999999998,43.561477699999998,1.32799995,0.00400000019,20181113182789,695,0x10,0x1,20.7000008,26.2377453,0.0312100574,-0.051241748,7.63931257e-06,30,1.01699996,2
695116100004962,68119359,2458435.6980421706,58435.193599500002,18.7823296,0.0409183763,0,zg,8.9722788999999992,43.561511199999998,1.10599995,0.0419999994,20181113193530,695,0x10,0x1,20.4300003,26.2196541,0.0366447307,-0.0368573777,1.13052547e-05,30,1.01100004,2
695116100004962,68122059,2458435.7250321019,58435.220590299999,18.5694275,0.0355858505,0,zg,8.9723789000000007,43.561519500000003,0.456,0.0250000004,20181113220567,695,0x10,0x1,20.5200005,26.2256317,0.0357723422,-0.0497785956,1.0489508e-05,30,1.00600004,2
695116100004962,68122151,2458435.7259579711,58435.221516199999,18.5480137,0.0351018868,0,zg,8.9723401999999997,43.5614797,0.441000015,-0.0120000001,20181113221505,695,0x10,0x1,20.75,26.2391224,0.03125754,-0.0585111827,7.72750627e-06,30,1.00699997,1
695116100004962,68218840,2458436.6928126826,58436.188402799999,18.5986557,0.0362611152,0,zg,8.9723580999999992,43.561475199999997,0.472000003,0.0140000004,20181114188218,695,0x10,0x1,20.5799999,26.2379894,0.0359044559,-0.0477592237,1.03280499e-05,30,1.01199996,2
695116100004962,68221039,2458436.71480264,58436.210393499998,18.2145119,0.0286246333,0,zg,8.9723442999999996,43.561578400000002,0.94599998,0.00300000003,20181114210231,695,0x10,0x1,20.5100002,26.2329712,0.0347852446,-0.0417612866,9.84947474e-06,30,1.00600004,2
695116100004962,68223476,2458436.7391768158,58436.234768499999,18.6446171,0.0373582281,0,zg,8.9723150999999994,43.561561500000003,0.540000021,0.0500000007,20181114234745,695,0x10,0x1,20.3400002,26.200098,0.0381439663,-0.0347863398,1.26140776e-05,30,1.01300001,2
695116100004962,68437053,2458438.8748658039,58438.370532399997,18.2603569,0.0294066314,32768,zg,8.9723652000000005,43.561480000000003,0.638000011,-0.0729999989,20181116370532,695,0x10,0x1,19.5200005,25.0860786,0.0648969635,-0.0298759937,7.9600155e-05,30,1.48300004,1
695116100004962,71515385,2458469.6565295281,58469.153854199998,18.7488518,0.0400137194,0,zg,8.9722977000000004,43.561493499999997,0.483999997,-0.0579999983,20181217153600,695,0x10,0x1,20.7900009,26.1408482,0.0340492986,-0.0473489724,9.1195825e-06,30,1.01999998,1
695116100004962,71818259,2458472.6850561234,58472.182592600002,19.1864471,0.0541294515,0,zg,8.9723168999999992,43.561519099999998,0.721000016,-0.0810000002,20181220182581,695,0x10,0x1,20.1800003,26.2197342,0.0371819213,-0.0356573649,1.38905971e-05,30,1.07299995,1
695116100004962,72110447,2458475.6067322823,58475.104479200003,19.4748993,0.0666600689,0,zg,8.9722925999999994,43.561502500000003,0.588999987,-0.0860000029,20181223104468,695,0x10,0x1,20.5100002,26.2119789,0.0354508758,-0.0290851463,1.13576734e-05,30,1.00600004,1
695116100004962,73215346,2458486.6548726666,58486.153460599999,19.9421082,0.0940207765,0,zg,8.9723386999999999,43.561518800000002,0.584999979,-0.135000005,20190103153449,695,0x10,0x1,21.1599998,26.2048893,0.0279726498,-0.0453321636,6.04798697e-06,30,1.09300005,1
695116100004962,73917563,2458493.6764873848,58493.175636599997,19.8358459,0.086933054,0,zg,8.9722784999999998,43.561461000000001,1.22899997,0.233999997,20190110175602,695,0x10,0x1,20.9899998,26.1706524,0.0303011797,-0.0313745253,7.16859131e-06,30,1.22399998,1
695116100004962,75515695,2458509.6565052974,58509.156955999999,19.6975288,0.0784983262,0,zg,8.9722340000000003,43.561494199999999,1.02400005,0.574999988,20190126156921,695,0x10,0x1,19.8600006,26.1389179,0.0419927239,-0.0229900982,2.15563232e-05,30,1.347,1
695116100004962,76015714,2458514.6562884925,58514.157141199998,20.271843,0.119621843,0,zg,8.9723054999999992,43.5615022,0.573000014,-0.116999999,20190131157106,695,0x10,0x1,21.3299999,26.105587,0.0253318306,-0.0296278056,4.93382095e-06,30,1.43400002,1
695116100004962,78513999,2458539.6373165022,58539.139999999999,19.4694538,0.0663955659,0,zg,8.9723319999999998,43.561496200000001,0.446999997,-0.0590000004,20190225139988,695,0x10,0x1,20.2000008,25.9686813,0.0481308773,-0.0101437755,2.23460411e-05,30,1.95799994,1
695116100004962,88745031,2458641.9473327808,58641.450312499997,18.7711792,0.0406141952,0,zg,8.9722986000000002,43.561480099999997,0.93599999,-0.0529999994,20190607450312,695,0x10,0x1,21.5699997,26.0279083,0.0241353903,-0.0503617823,4.40458643e-06,30,1.77900004,1
695116100004962,89045127,2458644.9484738065,58644.4512731,18.698246,0.0386946797,0,zg,8.9722913000000002,43.561503600000002,0.462000012,0.0260000005,20190610451273,695,0x10,0x1,21.2900009,26.0255165,0.0298058446,-0.0592536628,6.83851613e-06,30,1.67700005,1
695116100004962,89347574,2458647.9731308687,58647.4757407,18.9222183,0.0449915007,32768,zg,8.9722612999999996,43.561538499999997,0.728999972,0.0280000009,20190613475718,695,0x10,0x1,20.1000004,25.4923649,0.0474375002,-0.041372586,2.70931505e-05,30,1.40600002,1
695116100004962,89938444,2458653.8822247023,58653.384444399999,19.4066658,0.063427195,0,zg,8.9722702999999999,43.561491400000001,0.774999976,-0.180000007,20190619384444,695,0x10,0x1,19.7199993,25.898407,0.0437861085,-0.0297623686,2.86319628e-05,30,2.3039999,1
695116100004962,90644430,2458660.942582699,58660.444305600002,19.3106766,0.0591689646,32768,zg,8.9723507999999992,43.561475600000001,0.825999975,0.0799999982,20190626444294,695,0x10,0x1,21.0699997,26.0123177,0.0455616042,-0.0636680573,1.6040125e-05,30,1.38,1
695116100004962,91545842,2458669.9573753271,58669.458425899997,19.6134453,0.0737854466,0,zg,8.9723424999999999,43.561494000000003,0.490999997,-0.0439999998,20190705458403,695,0x10,0x1,21.7800007,26.1300449,0.0236151926,-0.0575232729,4.33027344e-06,30,1.19299996,2
695116100004962,91546670,2458669.9656514698,58669.466701400001,19.6933537,0.0782571211,0,zg,8.9722747999999992,43.561469299999999,0.899999976,0.0460000001,20190705466701,695,0x10,0x1,21.7800007,26.1297932,0.0227980018,-0.0475805812,4.00418185e-06,30,1.16400003,2
695116100004962,92045035,2458674.949693575,58674.450358800001,19.2304688,0.0558568016,0,zg,8.9723121999999993,43.561503100000003,1.18900001,-0.0719999969,20190710450359,695,0x10,0x1,21.6200008,26.1318359,0.0256934986,-0.041540537,5.09433448e-06,30,1.17299998,2
695116100004962,92045509,2458674.9544277461,58674.455092600001,19.2228127,0.0555518456,0,zg,8.9723126999999998,43.561499099999999,1.53600001,-0.0189999994,20190710455093,695,0x10,0x1,21.6599998,26.1362743,0.0241945498,-0.0508165397,4.49968502e-06,30,1.15699995,1
695116100004962,92145633,2458675.9557442144,58675.456331000001,19.0563889,0.0493790768,0,zg,8.9723077999999994,43.561474799999999,0.810000002,-0.0419999994,20190711456308,695,0x10,0x1,21.7600002,26.1467533,0.0238715112,-0.0676043779,4.40099484e-06,30,1.14400005,2
695116100004962,92242826,2458676.9277530783,58676.428263900001,18.8118343,0.0417375006,0,zg,8.9723021000000003,43.561494699999997,0.772000015,-0.0670000017,20190712428171,695,0x10,0x1,21.6399994,26.0751133,0.0246680174,-0.0556397811,4.65029962e-06,30,1.23699999,2
695116100004962,92344822,2458677.9477983136,58677.448229200003,19.1947155,0.0544491298,0,zg,8.9723073000000007,43.561493599999999,1.23199999,-0.136999995,20190713448125,695,0x10,0x1,21.8700008,26.0508728,0.0239377823,-0.0446530655,4.39887253e-06,30,1.153,2
695116100004962,92346947,2458677.9690499846,58677.469479200001,19.1365414,0.052245684,0,zg,8.9723681000000006,43.561534899999998,1.24199998,-0.0199999996,20190713469468,695,0x10,0x1,21.3999996,26.062561,0.0275383443,-0.0224529188,5.75244121e-06,30,1.09500003,2
695116100004962,92347513,2458677.9747101353,58677.475138900001,19.206028,0.054890018,0,zg,8.9723325999999997,43.561484299999996,0.783999979,-0.0260000005,20190713475104,695,0x10,0x1,21.6900005,26.081852,0.0250745304,-0.0538535565,4.8623474e-06,30,1.08200002,1
695116100004962,92443627,2458678.9359197924,58678.4362731,19.1342964,0.0521627292,0,zg,8.9723235999999993,43.5614937,1.15499997,0.0439999998,20190714436273,695,0x10,0x1,21.1100006,26.1386929,0.0276043694,-0.0461102091,5.7984771e-06,30,1.18400002,2
695116100004962,92445542,2458678.9550764058,58678.455428200003,19.2387943,0.0561905839,0,zg,8.9723552000000009,43.561495800000003,0.748000026,-0.0359999985,20190714455417,695,0x10,0x1,21.6499996,26.150135,0.0235383492,-0.0449925922,4.31973831e-06,30,1.12300003,2
695116100004962,92647928,2458680.979089967,58680.479282400003,19.1153336,0.0514684469,0,zg,8.9722027000000004,43.561604899999999,0.654999971,0.0359999985,20190716479259,695,0x10,0x1,20.2399998,26.1544628,0.0367906839,-0.0248199832,1.30015405e-05,30,1.05900002,1
695116100004962,92947277,2458683.9728217679,58683.472777800001,19.1112366,0.0513198674,32768,zg,8.9723210000000009,43.561483000000003,1.12100005,0.0949999988,20190719472766,695,0x10,0x1,20.2700005,25.9149971,0.11166402,-0.00794189703,0.000119106488,30,1.05599999,1
695116100004962,93248341,2458686.983696484,58686.483414399998,18.7069397,0.0389172211,0,zg,8.9723132000000003,43.5614858,0.414000005,-0.0140000004,20190722483391,695,0x10,0x1,20.8700008,26.1052246,0.0313341357,-0.0381117724,7.89078149e-06,30,1.02999997,1
695116100004962,93645025,2458690.9508499727,58690.4502546,19.0187492,0.0480977707,0,zg,8.9723284999999997,43.561488199999999,1.16199994,-0.131999999,20190726450243,695,0x10,0x1,21.5699997,26.0734978,0.0259430837,-0.0514567383,5.22540449e-06,30,1.06200004,1
695116100004962,94139827,2458695.8992589894,58695.398275500003,18.4610367,0.0332263038,0,zg,8.9723054999999992,43.561477099999998,1.33099997,-0.0500000007,20190731398252,695,0x10,0x1,21.7600002,26.1381378,0.0240939632,-0.0717171058,4.50818243e-06,30,1.15499997,2
695116100004962,94142329,2458695.9242840498,58695.423298599999,18.8271484,0.0421708524,0,zg,8.9723279999999992,43.561488300000001,0.824999988,0.0209999997,20190731423287,695,0x10,0x1,21.7999992,26.1267204,0.0229590107,-0.0415457636,4.08773667e-06,30,1.08800006,2
695116100004962,94145234,2458695.9533372247,58695.452349500003,18.4318581,0.0326283164,0,zg,8.9723229999999994,43.561485400000002,0.219999999,-0.00800000038,20190731452292,695,0x10,0x1,21.9699993,26.1353912,0.023698315,-0.0488618352,4.3714067e-06,30,1.03799999,2
695116100004962,94241432,2458696.915391298,58696.414328699997,18.7411785,0.0398099981,0,zg,8.9723410999999995,43.561488599999997,1.32200003,-0.126000002,20190801414132,695,0x10,0x1,22,26.1402721,0.0230204035,-0.0595362373,4.11154679e-06,30,1.10300004,2
695116100004962,94242534,2458696.9264106592,58696.425347199998,18.6477795,0.0374353044,0,zg,8.9723293000000002,43.561493599999999,0.963999987,-0.023,20190801425278,695,0x10,0x1,22.0100002,26.1322289,0.0229542777,-0.0497807674,4.08197502e-06,30,1.07799995,2
695116100004962,94242767,2458696.9287372418,58696.427673600003,18.8522415,0.0428933278,0,zg,8.9723120000000005,43.561500799999997,1.09800005,-0.0500000007,20190801427662,695,0x10,0x1,21.9300003,26.1279316,0.0227658879,-0.0416870192,4.02871319e-06,30,1.07299995,1
695116100004962,94245827,2458696.9593415284,58696.458275500001,18.2542915,0.0293013509,0,zg,8.9723112999999994,43.561499300000001,1.02499998,0.0209999997,20190801458171,695,0x10,0x1,22.0100002,26.1397285,0.023101164,-0.0536395498,4.12757117e-06,30,1.028,2
695116100004962,94347150,2458697.9726492413,58697.471504599998,18.5095291,0.0342544504,0,zg,8.9723272000000005,43.561474400000002,1.16900003,-0.0450000018,20190802471481,695,0x10,0x1,21.7000008,26.0131054,0.0245848242,-0.0627408028,4.69919723e-06,30,1.01499999,2
695116100004962,94348293,2458697.984085327,58697.4829398,18.6919727,0.0385351181,0,zg,8.9723188,43.561496699999999,0.666999996,-0.0729999989,20190802482928,695,0x10,0x1,21.8199997,26.1297817,0.0225307848,-0.0404656343,3.90344348e-06,30,1.00999999,2
695116100004962,94444628,2458698.9475046908,58698.446284700003,18.3941231,0.031877283,0,zg,8.9723295000000007,43.561543899999997,0.293000013,-0.0270000007,20190803446262,695,0x10,0x1,21.5699997,26.1140938,0.0262871273,-0.0301174466,5.27170232e-06,30,1.03499997,2
695116100004962,94447950,2458698.9807248614,58698.479502299997,18.6245766,0.0368744656,0,zg,8.9723308999999993,43.561491099999998,1.08800006,-0.0700000003,20190803479410,695,0x10,0x1,21.75,26.1320934,0.0233797673,-0.0612098649,4.2768911e-06,30,1.00999999,2
695116100004962,94544988,2458699.9511815808,58699.449884299996,18.527277,0.0346417353,0,zg,8.9723360000000003,43.561478800000003,0.925000012,0.0649999976,20190804449687,695,0x10,0x1,21.9300003,26.1224823,0.0230372045,-0.054067228,4.15256682e-06,30,1.028,1
695116100004962,94545217,2458699.9534733584,58699.452175899998,18.403492,0.032061439,0,zg,8.9723062000000002,43.561495899999997,1.13100004,-0.0170000009,20190804452164,695,0x10,0x1,21.8299999,26.1191311,0.0243395716,-0.0453495719,4.63871083e-06,30,1.02600002,2
695116100004962,94546072,2458699.9620273164,58699.4607292,18.4660301,0.0333301835,0,zg,8.9723161000000005,43.5614913,0.670000017,-0.0340000018,20190804460671,695,0x10,0x1,21.8299999,26.1164665,0.0232593101,-0.0402562954,4.19334992e-06,30,1.01900005,2
695116100004962,94646960,2458700.9709819765,58700.469606500003,18.315506,0.0303901583,0,zg,8.9723172000000009,43.561475899999998,0.971000016,0.0209999997,20190805469583,695,0x10,0x1,21.8700008,26.1298447,0.022868583,-0.0550014004,4.07260131e-06,30,1.01199996,2
695116100004962,94648082,2458700.9821981341,58700.480821800003,19.0334682,0.0485940389,0,zg,8.9723208999999997,43.561482099999999,1.023,-0.064000003,20190805480787,695,0x10,0x1,21.9500008,26.1264057,0.0223931447,-0.050346747,3.86314105e-06,30,1.00800002,2
695116100004962,94744851,2458701.9499686961,58701.448518500001,18.3635597,0.0312869325,0,zg,8.9723266000000006,43.561469500000001,0.500999987,-0.0340000018,20190806448437,695,0x10,0x1,21.9599991,26.0981216,0.0241582897,-0.0559982397,4.56084763e-06,30,1.02400005,2
695116100004962,94746709,2458701.9685465116,58701.467094899999,18.3091412,0.0302741956,0,zg,8.9723206999999991,43.561489199999997,1.199,0.0399999991,20190806467002,695,0x10,0x1,21.8799992,26.0854263,0.0227212589,-0.0432319269,4.00465342e-06,30,1.01199996,2
695116100004962,94947291,2458703.9745202768,58703.472916699997,18.5912399,0.0360881798,0,zg,8.9723173000000003,43.561491699999998,1.10599995,0.0149999997,20190808472685,695,0x10,0x1,21.8700008,26.1129436,0.0225653872,-0.0506225154,3.96370342e-06,30,1.00800002,1
695116100004962,94947403,2458703.9756430616,58703.474039399996,18.5866165,0.0359808952,0,zg,8.9723058000000009,43.561497799999998,0.698000014,-0.0340000018,20190808473808,695,0x10,0x1,21.8400002,26.1203289,0.02280345,-0.0572635978,4.03995273e-06,30,1.00800002,2
695116100004962,94948093,2458703.9825416827,58703.480937499997,18.7506676,0.0400621183,0,zg,8.9723088000000004,43.561472500000001,0.331,0.00499999989,20190808480926,695,0x10,0x1,21.8600006,26.112236,0.0227768514,-0.0527494177,4.00849285e-06,30,1.00800002,2
695116100004962,95039848,2458704.9001569366,58704.398483800003,18.8294239,0.0422357358,0,zg,8.9723339000000006,43.561468499999997,1.29299998,0.0289999992,20190809398449,695,0x10,0x1,21.4500008,26.1499062,0.0246266034,-0.0614097118,4.66893061e-06,30,1.08899999,2
695116100004962,95042837,2458704.9300549868,58704.428379600002,18.8827896,0.0437939353,0,zg,8.9723284999999997,43.5614797,0.760999978,-0.100000001,20190809428345,695,0x10,0x1,21.6700001,26.1493359,0.0239932816,-0.0522829145,4.43215458e-06,30,1.03699994,2
695116100004962,95044361,2458704.945287629,58704.443611100003,18.5458832,0.0350542329,0,zg,8.9723477000000003,43.561499499999996,1.77900004,0.0170000009,20190809443542,695,0x10,0x1,21.6200008,26.160284,0.0239815004,-0.0649842694,4.47101957e-06,30,1.02100003,2
695116100004962,95140230,2458705.9040513765,58705.402303199997,18.7143631,0.0391085558,0,zg,8.9723129999999998,43.561486899999998,1.19400001,-0.104999997,20190810402292,695,0x10,0x1,21.7800007,26.1354618,0.0234803315,-0.0504594073,4.30251248e-06,30,1.07500005,2
695116100004962,95148393,2458705.9856894622,58705.483935199998,18.871769,0.0434663147,0,zg,8.9723752000000001,43.561548500000001,1.51199996,0.180999994,20190810483912,695,0x10,0x1,21.0300007,26.1465244,0.0334473029,-0.0169564318,8.77961065e-06,30,1.00899994,2
695116100004962,95245179,2458706.9536201516,58706.451794000001,18.3496113,0.0310227182,0,zg,8.9723346999999993,43.5614822,0.797999978,-0.0860000029,20190811451794,695,0x10,0x1,22.0400009,26.1531048,0.0249932297,-0.0639776215,4.79396158e-06,30,1.01199996,1
695116100004962,95245273,2458706.9545577224,58706.452731500001,18.3757477,0.0315204598,0,zg,8.9723348999999999,43.561463600000003,1.35699999,-0.0289999992,20190811452708,695,0x10,0x1,21.7900009,26.1762791,0.0259160753,-0.0920599774,5.17265926e-06,30,1.01199996,2
695116100004962,95247791,2458706.9797447859,58706.477916700002,18.7219124,0.0393044092,0,zg,8.9723395999999997,43.561467200000003,0.469999999,-0.0410000011,20190811477824,695,0x10,0x1,21.9400005,26.1498718,0.0231525935,-0.0586214252,4.16055309e-06,30,1.00899994,2
695116100004962,95341528,2458707.9171866649,58707.4152894,18.8583488,0.0430715084,0,zg,8.9723103000000002,43.561499499999996,1.37,-0.0839999989,20190812415081,695,0x10,0x1,21.1200008,26.1580505,0.0269511174,-0.0496382229,5.67937423e-06,30,1.04400003,2
695116100004962,95342401,2458707.9259141078,58707.424016199999,18.8275223,0.0421815142,0,zg,8.9723375999999995,43.561498399999998,1.08200002,0.0719999969,20190812423900,695,0x10,0x1,21.2099991,26.15168,0.0272510704,-0.0446546189,5.8404803e-06,30,1.03299999,2
695116100004962,95345597,2458707.9578724606,58707.455972199998,18.4460201,0.0329166465,0,zg,8.9723311999999993,43.561529100000001,0.995999992,-0.105999999,20190812455868,695,0x10,0x1,21.6599998,26.1512508,0.0257011857,-0.043674551,5.10462132e-06,30,1.00999999,2
695116100004962,95443166,2458708.9336384949,58708.431666700002,18.4313526,0.0326180942,0,zg,8.9723479000000008,43.561485500000003,0.921999991,-0.0759999976,20190813431597,695,0x10,0x1,20.6200008,26.1786461,0.033776097,-0.093377389,9.37083951e-06,30,1.02199996,2
695116100004962,95445023,2458708.9522046545,58708.450231499999,18.4876995,0.0337862335,0,zg,8.9723269999999999,43.561480099999997,0.796999991,-0.116999999,20190813450197,695,0x10,0x1,20.9099998,26.1611481,0.0296665151,-0.0659401491,6.88953105e-06,30,1.01100004,2
695116100004962,95446736,2458708.9693355053,58708.467361100003,18.5809517,0.0358500481,0,zg,8.9723365000000008,43.561478000000001,0.774999976,0.0579999983,20190813467338,695,0x10,0x1,21.3999996,26.1605587,0.0243551396,-0.0641948879,4.58032127e-06,30,1.00800002,2
695116100004962,95544767,2458709.9497193689,58709.4476736,18.540329,0.0349303745,0,zg,8.9723152000000006,43.561493200000001,0.98299998,-0.0240000002,20190814447558,695,0x10,0x1,20.7999992,26.1582222,0.0312825814,-0.0477142483,7.83873111e-06,30,1.01100004,2
695116100004962,95547446,2458709.9765153117,58709.474467599997,18.6705933,0.0379978269,0,zg,8.9723208000000003,43.561484399999998,1.03199995,-0.0560000017,20190814474329,695,0x10,0x1,20.8099995,26.1517982,0.030642014,-0.0402058996,7.4089503e-06,30,1.00999999,2
695116100004962,95548378,2458709.9858330856,58709.483784700002,18.7480736,0.0399929918,0,zg,8.9723252999999996,43.561487300000003,0.481000006,0.00100000005,20190814483646,695,0x10,0x1,20.8600006,26.1490116,0.030405771,-0.0344779566,7.30651118e-06,30,1.01400006,1
695116100004962,95548473,2458709.9867822533,58709.484733800004,18.6971016,0.038665507,0,zg,8.9723345000000005,43.5614931,1.19500005,-0.00499999989,20190814484711,695,0x10,0x1,20.8199997,26.1427727,0.0310787577,-0.0353334285,7.65942423e-06,30,1.01400006,2
695116100004962,95750631,2458712.0085133323,58711.506319400003,19.0257244,0.0483321995,0,zg,8.9723666000000009,43.561531600000002,0.764999986,-0.123000003,20190816506296,695,0x10,0x1,20.1200008,26.1497021,0.0380259901,-0.0252030827,1.58552848e-05,30,1.03999996,2
695116100004962,95846413,2458712.9663939718,58712.4641319,18.7215004,0.0392936766,0,zg,8.9723507999999992,43.561469700000004,1.09399998,-0.0270000007,20190817464132,695,0x10,0x1,20.6299992,26.1676521,0.0324884579,-0.0508355498,8.92429398e-06,30,1.00899994,1
695116100004962,96339357,2458717.8961801408,58717.393576399998,19.5829144,0.0721482635,0,zg,8.9721997000000009,43.561479800000001,0.479000002,0.0179999992,20190822393507,695,0x10,0x1,20.7600002,26.1451435,0.0304686446,-0.0653475896,7.20877597e-06,30,1.03600001,2
695116100004962,96340380,2458717.9064123263,58717.403807900002,19.7161922,0.0795860589,0,zg,8.9723126000000004,43.561539400000001,0.778999984,-0.0209999997,20190822403738,695,0x10,0x1,20.9699993,26.1279812,0.0289584454,-0.0475070179,6.44270131e-06,30,1.02499998,2
695116100004962,96342136,2458717.9239713219,58717.4213657,19.4057713,0.0633859858,0,zg,8.9722787999999998,43.561481800000003,0.519999981,0.0489999987,20190822421319,695,0x10,0x1,20.8999996,26.1278114,0.0289274845,-0.0346407518,6.58279714e-06,30,1.01300001,2
695116100004962,96440724,2458718.9099174007,58718.407245399998,19.4801903,0.0669181347,0,zg,8.9723333000000007,43.561494600000003,0.782999992,0.112000003,20190823407222,695,0x10,0x1,20.6499996,26.138319,0.03376038,-0.0172589049,9.12329051e-06,30,1.01999998,2
695116100004962,96440817,2458718.9108433626,58718.408171299998,19.3660793,0.0615863763,0,zg,8.9723164000000004,43.561506999999999,0.568000019,0.0320000015,20190823408160,695,0x10,0x1,21.1499996,26.1451931,0.0278798435,-0.0559625961,6.02601176e-06,30,1.01900005,1
695116100004962,96441944,2458718.9221172193,58718.419444400002,19.3742676,0.061952956,0,zg,8.9722872000000002,43.561519799999999,1.03699994,-0.141000003,20190823419398,695,0x10,0x1,20.9200001,26.1381283,0.0298230145,-0.0421201177,6.91533933e-06,30,1.01199996,2
695116100004962,96444534,2458718.9480217481,58718.445347200002,18.9250832,0.0450801142,0,zg,8.9724099000000006,43.5615223,0.829999983,-0.0829999968,20190823445197,695,0x10,0x1,20.8999996,26.1289349,0.0287846029,-0.0263587292,6.47375964e-06,30,1.00899994,2
695116100004962,96548762,2458719.9903712505,58719.487627299997,19.3816872,0.0622871853,0,zg,8.9723009000000005,43.561445999999997,0.683000028,-0.0790000036,20190824487604,695,0x10,0x1,20.8999996,26.0831738,0.0311872158,-0.0679228082,7.62094623e-06,30,1.04400003,2
695116100004962,96640645,2458720.9092627782,58720.4064583,19.5305004,0.0694269389,0,zg,8.9723507999999992,43.561524800000001,1.21300006,-0.00899999961,20190825406389,695,0x10,0x1,21.4500008,26.0332413,0.0269320756,-0.0395994522,5.65109895e-06,30,1.01600003,2
695116100004962,96841309,2458722.9160247426,58722.413090299997,18.9867363,0.0470394827,0,zg,8.9723182999999995,43.5614943,0.319999993,0.0179999992,20190827412963,695,0x10,0x1,21.8700008,26.0999565,0.0234206654,-0.0433298908,4.25059216e-06,30,1.00999999,2
695116100004962,96841964,2458722.9225760614,58722.419641200002,18.7858925,0.0410161987,0,zg,8.9723384999999993,43.561491099999998,0.363999993,-0.0189999994,20190827419525,695,0x10,0x1,21.8099995,26.1077843,0.023652669,-0.036826726,4.37016661e-06,30,1.00899994,2
695116100004962,96844526,2458722.9482026985,58722.445266199997,19.0782318,0.0501413643,0,zg,8.9723324000000009,43.561492200000004,0.848999977,-0.075000003,20190827444977,695,0x10,0x1,21.7900009,26.1086636,0.0232640468,-0.0420731381,4.18022137e-06,30,1.01199996,2
695116100004962,96940982,2458723.9128242228,58723.409826399999,19.1952839,0.0544711463,0,zg,8.9723269000000005,43.561501900000003,0.866999984,-0.0909999982,20190828409664,695,0x10,0x1,21.7999992,26.113781,0.0231522582,-0.0448265225,4.17483443e-06,30,1.00999999,2
695116100004962,96942160,2458723.9246073682,58723.421608800003,18.8919411,0.0440683439,0,zg,8.9723193999999999,43.561490399999997,0.653999984,-0.0209999997,20190828421516,695,0x10,0x1,21.9300003,26.1089821,0.0228770263,-0.041863203,4.0391983e-06,30,1.00800002,2
695116100004962,96946196,2458723.9649687111,58723.4619676,19.3668537,0.0616209619,0,zg,8.9723246000000003,43.5614913,1.32500005,-0.141000003,20190828461609,695,0x10,0x1,21.9699993,26.110878,0.0231248494,-0.0505782068,4.13994758e-06,30,1.02699995,2
695116100004962,97042909,2458724.9321589996,58724.429097200002,18.660347,0.0377438217,0,zg,8.9723942000000001,43.561501499999999,0.966000021,-0.0289999992,20190829429062,695,0x10,0x1,21.3899994,26.1196098,0.0256283637,-0.0308286808,5.11320286e-06,30,1.00899994,2
695116100004962,97043000,2458724.9330618605,58724.43,18.7678375,0.0405235663,0,zg,8.9723258000000001,43.561471900000001,0.869000018,0.0489999987,20190829430000,695,0x10,0x1,21.5300007,26.126667,0.0235488527,-0.0528355278,4.2756833e-06,30,1.00899994,1
695116100004962,97044818,2458724.9512458872,58724.4481829,19.1037235,0.0510487556,0,zg,8.9723307999999999,43.561526299999997,1.03199995,0.0869999975,20190829448160,695,0x10,0x1,21.5100002,26.1185913,0.0250257216,-0.0420880541,4.78667607e-06,30,1.01699996,2
695116100004962,97139814,2458725.901269929,58725.398148100001,19.349741,0.0608621538,0,zg,8.9723571999999994,43.561476599999999,0.485000014,-0.0340000018,20190830397766,695,0x10,0x1,21.9699993,26.1326542,0.0231150836,-0.0537908971,4.1268072e-06,30,1.01300001,2
695116100004962,97142068,2458725.9238061151,58725.420682900003,18.8206291,0.0419856608,0,zg,8.9723194999999993,43.561502500000003,0.488999993,-0,20190830420301,695,0x10,0x1,21.9599991,26.1294384,0.0235025547,-0.0447468981,4.30664477e-06,30,1.00800002,2
695116100004962,97144239,2458725.9455203456,58725.442395799997,18.8366909,0.0424437784,0,zg,8.9723400000000009,43.561521200000001,0.99000001,-0.00899999961,20190830442269,695,0x10,0x1,21.6900005,26.1312275,0.0237711929,-0.034524966,4.33079686e-06,30,1.01499999,2
695116100004962,97338965,2458727.8928954569,58727.389652799997,19.3176422,0.0594669543,0,zg,8.9723495999999994,43.561475999999999,1.34200001,-0.188999996,20190901389595,695,0x10,0x1,21.9500008,26.102726,0.0231723059,-0.0548280515,4.10860594e-06,30,1.01499999,2
695116100004962,97341998,2458727.9232328665,58727.419988399997,18.6697063,0.0379757509,0,zg,8.9723568999999994,43.561531899999999,0.957000017,-0.0540000014,20190901419988,695,0x10,0x1,21.5100002,26.1037712,0.0252836458,-0.038047757,4.97426799e-06,30,1.00899994,2
695116100004962,97342092,2458727.924170427,58727.420925899998,18.8723888,0.0434846617,0,zg,8.9723296999999995,43.561476900000002,1.66199994,0.0109999999,20190901420903,695,0x10,0x1,21.6299992,26.1056671,0.0277475044,-0.0462155305,5.93331379e-06,30,1.00899994,1
695116100004962,97344581,2458727.9490562091,58727.445810199999,19.1269932,0.0518940538,0,zg,8.9723438000000009,43.561486500000001,0.966000021,-0.0160000008,20190901445787,695,0x10,0x1,21.7999992,26.0980568,0.022862751,-0.0499701202,4.03943704e-06,30,1.02199996,2
695116100004962,97631999,2458730.823413969,58730.32,19.0251598,0.0483131632,0,zg,8.9723200999999992,43.561472999999999,0.505999982,-0.0289999992,20190904319942,695,0x10,0x1,21.4699993,25.8849297,0.0263119079,-0.0502684303,5.34730452e-06,30,1.10599995,2
695116100004962,97840243,2458732.9059614469,58732.402430599999,19.2299843,0.0558374189,0,zg,8.9723471999999997,43.561510800000001,1.24199998,-0.115999997,20190906402407,695,0x10,0x1,21.6800003,26.1040154,0.0252036154,-0.0330779664,4.87022226e-06,30,1.00800002,2
695116100004962,97842748,2458732.9310206259,58732.427488399997,19.5391502,0.0698683932,0,zg,8.9723193999999999,43.561499599999998,1.27400005,-0.0469999984,20190906427465,695,0x10,0x1,21.7700005,26.1076736,0.0238855742,-0.0506124794,4.38473762e-06,30,1.01800001,2
695116100004962,97944499,2458733.9485877706,58733.445,19.4136143,0.0637484118,0,zg,8.9723398000000003,43.561468499999997,1.15799999,0.0379999988,20190907444965,695,0x10,0x1,21.6100006,26.1403294,0.0238715634,-0.082895875,4.47403909e-06,30,1.03799999,2
695116100004962,97946349,2458733.9670841633,58733.463495399999,19.2762604,0.0577210933,0,zg,8.9723191999999994,43.561488400000002,0.779999971,-0.0410000011,20190907463356,695,0x10,0x1,21.6000004,26.1283417,0.0230956245,-0.0666665509,4.17782303e-06,30,1.06700003,2
695116100004962,97949521,2458733.9988103635,58733.495219900004,19.1575527,0.0530292802,0,zg,8.9723140000000008,43.5614682,0.856999993,0.0160000008,20190907494699,695,0x10,0x1,21.3199997,26.1070442,0.0259544048,-0.0532274358,5.20266622e-06,30,1.14400005,2
695116100004962,98039928,2458734.9029213386,58734.399282400002,18.8492928,0.0428076088,0,zg,8.9723468999999998,43.561556699999997,0.294999987,0.00800000038,20190908399259,695,0x10,0x1,21.1399994,26.1321945,0.0292922817,-0.0342514217,6.68561688e-06,30,1.00800002,2
695116100004962,98043853,2458734.9421711215,58734.4385301,19.2952366,0.0585144013,0,zg,8.9723026000000008,43.561496300000002,0.405999988,-0.0149999997,20190908438021,695,0x10,0x1,21.6299992,26.1261196,0.0247931015,-0.045050323,4.77488084e-06,30,1.03400004,2
695116100004962,98045965,2458734.9632949363,58734.459652799997,19.3814182,0.0622750185,0,zg,8.9722480000000004,43.561500600000002,0.432999998,0,20190908459062,695,0x10,0x1,21.3899994,26.1272335,0.0261711441,-0.0561036244,5.32917329e-06,30,1.06500006,2
695116100004962,98140738,2458735.9110762984,58735.407384300001,19.0091267,0.0477766618,0,zg,8.9723331000000002,43.561513300000001,0.987999976,-0.00899999961,20190909407292,695,0x10,0x1,21.7199993,26.1177216,0.024578657,-0.0456270128,4.66161418e-06,30,1.01100004,2
695116100004962,98143048,2458735.934179299,58735.430486099998,18.9785652,0.0467739105,0,zg,8.9723416999999994,43.5614864,1.44000006,-0.0219999999,20190909430417,695,0x10,0x1,21.6499996,26.1231499,0.0251067914,-0.0536137559,4.92841173e-06,30,1.028,2
695116100004962,98143142,2458735.9351168489,58735.431423599999,18.9852943,0.0469924659,0,zg,8.9723392999999998,43.561473200000002,1.65400004,-0.165999994,20190909431400,695,0x10,0x1,21.6700001,26.1379051,0.0248859115,-0.0776275247,4.8697575e-06,30,1.02900004,1
695116100004962,98245400,2458736.9577505752,58736.454004599997,19.3256416,0.0598112457,0,zg,8.9722411999999991,43.561522600000004,0.825999975,0.00700000022,20190910453993,695,0x10,0x1,21.1700001,26.1278648,0.0371340252,-0.0547540747,1.06752968e-05,30,1.06500006,2
695116100004962,98246384,2458736.967589072,58736.463842600002,19.4774628,0.0667849556,0,zg,8.9723591000000003,43.561497899999999,1.59000003,-0.0520000011,20190910463843,695,0x10,0x1,21.6800003,26.139473,0.0254821647,-0.0807957873,5.03159436e-06,30,1.08500004,2
695116100004962,98248331,2458736.987057656,58736.483310199998,19.1210155,0.0516753606,0,zg,8.9723372000000001,43.561490800000001,0.967999995,0.00300000003,20190910483194,695,0x10,0x1,21.8199997,26.1160641,0.0241282117,-0.0643638447,4.54053861e-06,30,1.13300002,2
695116100004962,98346546,2458737.9692600677,58737.465463,19.4135818,0.0637469217,0,zg,8.9723425999999993,43.561486799999997,1.222,-0.0700000003,20190911465405,695,0x10,0x1,21.6000004,26.0997715,0.0243343003,-0.0546338409,4.59666535e-06,30,1.09399998,2
695116100004962,98348262,2458737.9864252177,58737.4826273,19.1076069,0.0511887036,0,zg,8.9723722000000006,43.561459999999997,1.45200002,-0.0469999984,20190911482095,695,0x10,0x1,21.5300007,26.1116161,0.0260279756,-0.0857472345,5.25628184e-06,30,1.13900006,2
695116100004962,98350945,2458738.0132552399,58737.509456,18.9180679,0.0448635668,0,zg,8.9723269000000005,43.561492899999998,0.796999991,-0.0850000009,20190911509444,695,0x10,0x1,21.6200008,26.065115,0.0250705108,-0.0539089032,4.88016349e-06,30,1.23599994,2
695116100004962,98445815,2458738.9620058755,58738.4581597,19.323307,0.0597105511,0,zg,8.9723365000000008,43.561529999999998,0.624000013,0.131999999,20190912458148,695,0x10,0x1,20.4899998,26.1113243,0.0339995921,-0.0312380474,9.89674754e-06,30,1.08399999,2
695116100004962,98446510,2458738.9689507131,58738.465104199997,19.295435,0.0585227385,0,zg,8.9723684000000006,43.561501100000001,0.898000002,-0.0240000002,20190912465081,695,0x10,0x1,20.5699997,26.128006,0.0351556726,-0.0591037758,1.01908472e-05,30,1.10000002,1
695116100004962,98446604,2458738.9698882625,58738.466041699998,19.1510677,0.0527859628,0,zg,8.9723094999999997,43.561466199999998,0.595000029,-0.0480000004,20190912466019,695,0x10,0x1,20.6299992,26.1171322,0.0333571658,-0.0467793271,9.15862529e-06,30,1.102,3
695116100004962,98446696,2458738.9708142062,58738.466967599998,19.2338867,0.0559935495,0,zg,8.9723480999999996,43.561473200000002,0.598999977,0.0160000008,20190912466956,695,0x10,0x1,20.7000008,26.1174564,0.0321771242,-0.0467716195,8.38785127e-06,30,1.10399997,2
695116100004962,98449887,2458739.0027254485,58738.4988773,18.7826614,0.0409274921,0,zg,8.9723591999999996,43.561463199999999,1.30700004,-0.115000002,20190912498843,695,0x10,0x1,21,26.0814552,0.0319286324,-0.0473227277,8.15793828e-06,30,1.204,2
695116100004962,98548798,2458739.9918821002,58739.487986100001,18.7549877,0.0401775837,0,zg,8.9723804000000005,43.561461899999998,1.17700005,-0.155000001,20190913487951,695,0x10,0x1,20.1700001,26.1019421,0.0384494923,-0.0498417281,1.56610713e-05,30,1.17400002,2
695116100004962,98551445,2458740.0183532448,58739.514455999997,19.0828438,0.0503041074,0,zg,8.9723758,43.5615138,0.600000024,-0.0120000001,20190913514444,695,0x10,0x1,20.2399998,26.0896721,0.0371174179,-0.0642983466,1.35453029e-05,30,1.28400004,2
695116100004962,98551540,2458740.0193023905,58739.515405099999,18.8452892,0.0426916108,0,zg,8.9723672000000008,43.561501700000001,0.662999988,0.131999999,20190913515382,695,0x10,0x1,20.25,26.0549221,0.0377137288,-0.0171491764,1.46429284e-05,30,1.28799999,3
695116100004962,98748243,2458741.9864198589,58741.482430600001,18.7396317,0.0397691168,0,zg,8.9723933000000002,43.561501,0.811999977,-0.157000005,20190915482176,695,0x10,0x1,19.8899994,26.0686913,0.0410971865,-0.0682808831,2.17498819e-05,30,1.17400002,3
695116100004962,98749547,2458741.9994643498,58741.4954745,18.7126427,0.0390641093,0,zg,8.9723655000000004,43.561452799999998,0.88499999,-0.155000001,20190915495463,695,0x10,0x1,20.0200005,26.0344868,0.0407066382,-0.0390086658,2.02168194e-05,30,1.22300005,1
695116100004962,98749641,2458742.0004018913,58741.496412,18.8642979,0.04324596,0,zg,8.9723860000000002,43.5614591,0.68900001,-0.160999998,20190915496400,695,0x10,0x1,20.0200005,26.0339775,0.0400164574,-0.0452978872,1.97005756e-05,30,1.227,2
695116100004962,98940268,2458743.9067601361,58743.402685200002,18.8087349,0.0416504778,0,zg,8.9723635000000002,43.561510900000002,1.09000003,-0.149000004,20190917402384,695,0x10,0x1,19.6900005,26.1247616,0.0407691747,-0.0473252498,2.54929782e-05,30,1.02199996,2
695116100004962,98940363,2458743.9077092763,58743.403634299997,18.8881607,0.0439547338,0,zg,8.9723504999999992,43.561527599999998,0.455000013,0.0460000001,20190917403600,695,0x10,0x1,19.8400002,26.106863,0.040029455,-0.0262079947,2.1009022e-05,30,1.023,3
695116100004962,98941887,2458743.9229529388,58743.418877299999,18.6874504,0.0384206548,0,zg,8.9723670000000002,43.561473700000001,0.423000008,-0.0759999976,20190917418854,695,0x10,0x1,19.7399998,26.1081638,0.0402854905,-0.0197274685,2.17503566e-05,30,1.03999996,2
695116100004962,99048697,2458744.9911006261,58744.486979200003,18.9133682,0.0447191969,0,zg,8.9723146000000007,43.5614518,0.944999993,0.150000006,20190918486829,695,0x10,0x1,20.3199997,26.0851612,0.0364772342,-0.0295997001,1.27598278e-05,30,1.22099996,2
695116100004962,99150814,2458746.0123120928,58745.508148100002,18.7130432,0.0390744545,0,zg,8.9723162999999992,43.561495100000002,0.778999984,-0.111000001,20190919508137,695,0x10,0x1,20.1700001,26.0639381,0.0382554196,-0.0398247987,1.49308507e-05,30,1.33700001,3
695116100004962,99150908,2458746.0132496352,58745.509085600002,18.5619392,0.0354155749,0,zg,8.9723241999999992,43.561424000000002,0.833000004,0.074000001,20190919509062,695,0x10,0x1,20.0900002,26.0640488,0.0379352979,-0.0391178727,1.5748843e-05,30,1.34200001,2
695116100004962,99152372,2458746.0278915344,58745.523726899999,19.1645126,0.0532919019,0,zg,8.9722468000000006,43.561317099999997,0.374000013,-0.0410000011,20190919523449,695,0x10,0x1,19.9099998,26.0376911,0.0401360467,-0.0243094414,1.98406815e-05,30,1.43400002,2
695116100004962,99238659,2458746.8907969245,58746.386597199999,19.2605,0.0570715703,0,zg,8.9722981999999991,43.5614645,0.578000009,-0.0170000009,20190920386586,695,0x10,0x1,20.9400005,26.110817,0.0288583096,-0.037133567,6.57893406e-06,30,1.01600003,2
695116100004962,99239680,2458746.9010057305,58746.396805600001,18.7863503,0.0410287939,0,zg,8.9723658999999998,43.561458199999997,0.455000013,0.0199999996,20190920396620,695,0x10,0x1,20.7199993,26.1438236,0.0307988543,-0.0807184726,7.50550407e-06,30,1.02400005,2
695116100004962,99241753,2458746.9217356527,58746.417534699998,19.1566486,0.0529952981,0,zg,8.9723108000000007,43.561499699999999,0.483999997,-0.00700000022,20190920417326,695,0x10,0x1,20.8600006,26.1302109,0.0301549938,-0.0686047897,7.14030739e-06,30,1.04999995,2
695116100004962,99331974,2458747.8239820222,58747.319745399996,19.1058083,0.0511238277,0,zg,8.9723295000000007,43.561508600000003,0.859000027,-0.00999999978,20190921319711,695,0x10,0x1,21.25,26.0932446,0.027156679,-0.0421668366,5.62151854e-06,30,1.02699995,2
695116100004962,99332069,2458747.8249310609,58747.320694399998,19.1217804,0.0517032556,0,zg,8.9723117999999999,43.561488599999997,0.851999998,0.00899999961,20190921320671,695,0x10,0x1,21.3299999,26.1053982,0.026751874,-0.0539974719,5.44710929e-06,30,1.02600002,1
695116100004962,99332162,2458747.8258570977,58747.321620399998,19.0934944,0.0506823137,0,zg,8.9723182999999995,43.561480600000003,0.623000026,-0.0299999993,20190921321609,695,0x10,0x1,21.2999992,26.1049175,0.0276218727,-0.0586457103,5.88637249e-06,30,1.02499998,3
695116100004962,99425645,2458748.7607309078,58748.256458299998,19.1668987,0.0533822551,0,zg,8.9723287999999997,43.561502099999998,0.95599997,-0.0649999976,20190922256354,695,0x10,0x1,21.4500008,26.10112,0.0267376434,-0.0727181286,5.44703926e-06,30,1.14600003,2
695116100004962,99450589,2458749.0101731746,58748.505891200002,19.0002022,0.0474811755,0,zg,8.9723468000000004,43.5615083,0.555999994,-0.0790000036,20190922505683,695,0x10,0x1,20.6900005,26.0553207,0.0321379974,-0.0617108606,8.23027221e-06,30,1.37100005,2
695116100004962,99532701,2458749.8313263985,58749.327013900001,19.056036,0.0493668802,0,zg,8.9723168999999992,43.5614755,0.680000007,-0.0160000008,20190923326944,695,0x10,0x1,21.6800003,26.0942593,0.0243835375,-0.0572314076,4.57072429e-06,30,1.01699996,2
695116100004962,99533932,2458749.8436416495,58749.3393287,19.2019424,0.0547303148,0,zg,8.9723235999999993,43.561481200000003,0.976999998,0.0350000001,20190923339190,695,0x10,0x1,21.6000004,26.0971127,0.024290055,-0.0544208437,4.56055159e-06,30,1.00999999,2
695116100004962,99636744,2458750.87179201,58750.367442100003,18.8852291,0.0438668951,0,zg,8.9723623000000003,43.561512,0.853999972,-0.050999999,20190924367419,695,0x10,0x1,21,26.0422783,0.0319168977,-0.0451028086,7.95120377e-06,30,1.01199996,2
695116100004962,99636839,2458750.8727411442,58750.368391199998,18.5663471,0.0355156735,0,zg,8.9723398999999997,43.561508400000001,0.755999982,-0.0410000011,20190924368368,695,0x10,0x1,21.2099991,26.0456448,0.0273769405,-0.0593825988,5.77529227e-06,30,1.01199996,1
695116100004962,99638138,2458750.8857393004,58750.381388900001,18.7844753,0.0409772471,0,zg,8.9723685,43.561509200000003,0.624000013,-0.0599999987,20190924381366,695,0x10,0x1,21.3199997,26.0435581,0.0264207441,-0.0526689291,5.39578059e-06,30,1.01999998,2
695116100004962,99640274,2458750.9070942504,58750.402743099999,19.1724072,0.0535915829,0,zg,8.9723576000000005,43.561473599999999,1.61600006,-0.134000003,20190924402500,695,0x10,0x1,21.1599998,26.0454197,0.0287138354,-0.0479230173,6.41492852e-06,30,1.04400003,2
695116100004962,99725223,2458751.7566144709,58751.252233799998,19.2254028,0.0556548014,32768,zg,8.9723068999999995,43.5614645,0.883000016,0.0450000018,20190925252130,695,0x10,0x1,20.7199993,25.5339928,0.0664216205,-0.0594794787,3.6344929e-05,30,1.13399994,2
695116100004962,99740410,2458751.9084946644,58751.404108800001,19.0557804,0.0493580177,0,zg,8.9723462000000005,43.5614974,1.17299998,-0.0659999996,20190925404086,695,0x10,0x1,21.2999992,26.0433331,0.0289475769,-0.0457458459,6.4733631e-06,30,1.04999995,2
695116100004962,99742025,2458751.9246410052,58751.420254600001,19.3452301,0.0606638864,0,zg,8.9723442999999996,43.561528199999998,1.39600003,-0.120999999,20190925419769,695,0x10,0x1,21.0900002,25.9404125,0.0320043638,-0.0391509868,7.91395996e-06,30,1.079,2
695116100004962,100028879,2458754.7932752008,58754.288796300003,18.9272461,0.0451471247,0,zg,8.9723167000000004,43.561512299999997,1,-0.0390000008,20190928288738,695,0x10,0x1,21.1399994,26.1112785,0.0302740913,-0.0539874732,7.05227512e-06,30,1.04100001,2
695116100004962,100240388,2458756.9084292892,58756.4038889,18.9807796,0.046845682,0,zg,8.9723112999999994,43.561501300000003,0.495999992,0.0299999993,20190930403819,695,0x10,0x1,21.4599991,26.0915623,0.0263140686,-0.0496088825,5.39053963e-06,30,1.074,2
695116100004962,100342238,2458757.9269522335,58757.4223843,19.0892258,0.0505303144,0,zg,8.9723039,43.561501999999997,1.204,-0.0579999983,20191001422245,695,0x10,0x1,21,26.1120625,0.0294183716,-0.0543287881,6.67855693e-06,30,1.12300003,2
695116100004962,100434993,2458758.8545224792,58758.349930600001,18.9707489,0.0465215594,0,zg,8.9723720999999994,43.561484800000002,0.944000006,-0.057,20191002349896,695,0x10,0x1,21.5499992,26.1234798,0.0238406267,-0.0587142669,4.44154648e-06,30,1.01400006,2
695116100004962,100435609,2458758.8606915344,58758.356099500001,18.9689255,0.0464629084,0,zg,8.9723047000000005,43.56147,0.665000021,-0.0410000011,20191002355995,695,0x10,0x1,21.7000008,26.1296558,0.0243605059,-0.0626898706,4.6404266e-06,30,1.01800001,3
695116100004962,100435979,2458758.8643838251,58758.359791700001,19.0889015,0.0505187884,0,zg,8.9723123999999999,43.561495600000001,1.11300004,-0.0979999974,20191002359792,695,0x10,0x1,21.6399994,26.1233139,0.0260910075,-0.0667878985,5.2702685e-06,30,1.02100003,2
695116100004962,100436074,2458758.8653328479,58758.360740700002,19.1537094,0.0528849214,0,zg,8.9723635999999996,43.561505799999999,1.11699998,-0.00899999961,20191002360718,695,0x10,0x1,21.4400005,26.1415119,0.026791675,-0.0853790939,5.56643135e-06,30,1.02100003,1
695116100004962,100437587,2458758.8804721264,58758.375879599997,18.8740845,0.0435349122,0,zg,8.9723395999999997,43.561476300000002,0.388000011,0.0289999992,20191002375694,695,0x10,0x1,21.3199997,26.1311989,0.025975395,-0.0738757476,5.27161365e-06,30,1.03699994,2
695116100004962,100634850,2458760.8531464776,58760.348506900002,18.6718788,0.0380298421,0,zg,8.9723264,43.561511299999999,0.950999975,-0.050999999,20191004348495,695,0x10,0x1,21.4200001,26.119875,0.0260352809,-0.0456449427,5.22916571e-06,30,1.01600003,2
695116100004962,100636005,2458760.8646977367,58760.360057899998,18.6295738,0.0369943045,0,zg,8.9723130999999992,43.561488300000001,0.814999998,-0.0469999984,20191004360035,695,0x10,0x1,21.5699997,26.1232719,0.0245235227,-0.0509780869,4.68472899e-06,30,1.02600002,2
695116100004962,100636943,2458760.8740729457,58760.369432899999,18.8253403,0.0421193838,0,zg,8.9723460999999993,43.561480000000003,1.56900001,0.0419999994,20191004369410,695,0x10,0x1,21.3299999,26.1451263,0.0264490768,-0.0781729072,5.4312527e-06,30,1.03600001,3
695116100004962,100638052,2458760.8851610911,58760.380520799998,19.033186,0.0485844538,0,zg,8.9722977000000004,43.561484999999998,0.725000024,-0.0189999994,20191004380232,695,0x10,0x1,21.2700005,26.1289597,0.0261438675,-0.0620186031,5.32202375e-06,30,1.051,2
695116100004962,100728479,2458761.7894518105,58761.284791700004,19.1478729,0.0526665784,0,zg,8.9723416999999994,43.561496099999999,0.279000014,-0.0170000009,20191005284780,695,0x10,0x1,21.3099995,26.1291599,0.0267234389,-0.0657655299,5.56201985e-06,30,1.02400005,3
695116100004962,100728797,2458761.7926346795,58761.287974500003,18.8195763,0.0419558585,0,zg,8.9723497000000005,43.561486700000003,0.890999973,-0.0179999992,20191005287905,695,0x10,0x1,21.2700005,26.1249008,0.0273294318,-0.0572155192,5.74612932e-06,30,1.02100003,2
695116100004962,100938711,2458763.8918200368,58763.387118099999,18.8556423,0.0429924093,0,zg,8.9723962999999998,43.561569900000002,0.773999989,-0.0839999989,20191007387095,695,0x10,0x1,21.1100006,26.1001301,0.0316983126,-0.0324969888,7.74505043e-06,30,1.07799995,2
695116100004962,100938805,2458763.8927575569,58763.3880556,18.83675,0.0424454585,0,zg,8.9723366999999996,43.5615199,0.469000012,-0.0450000018,20191007388032,695,0x10,0x1,21.1900005,26.1061172,0.0281479731,-0.0341868028,6.0714633e-06,30,1.08000004,3
695116100004962,100939937,2458763.9040771634,58763.399375000001,19.0899277,0.0505552776,0,zg,8.9723527999999995,43.561472700000003,0.54400003,-0.00300000003,20191007399306,695,0x10,0x1,21.4300003,26.1174221,0.0254647359,-0.0733027235,4.97301153e-06,30,1.10599995,2
695116100004962,100942821,2458763.9329202781,58763.428217599998,19.2496758,0.0566302799,0,zg,8.9723147000000001,43.561485699999999,0.888999999,0.00400000019,20191007428206,695,0x10,0x1,21.1499996,26.092186,0.0277147852,-0.0547379926,5.85959742e-06,30,1.19500005,2
695116100004962,101016361,2458764.6683269651,58764.163611099997,18.741848,0.0398277342,0,zg,8.9723436000000003,43.561496900000002,1.18700004,-0.127000004,20191008163194,695,0x10,0x1,20.8799992,26.0317688,0.0310523733,-0.0465771072,7.78114554e-06,30,1.36000001,1
695116100004962,101033667,2458764.8413971192,58764.336678200001,18.7507648,0.0400647298,0,zg,8.9723123000000005,43.561466600000003,0.890999973,-0.0799999982,20191008336574,695,0x10,0x1,21.2299995,26.1120892,0.0275302138,-0.0570617132,5.91938579e-06,30,1.01600003,2
695116100004962,101035887,2458764.863596594,58764.358877300001,18.8562202,0.0430092849,0,zg,8.9723345000000005,43.561492899999998,1.18200004,-0.0689999983,20191008358819,695,0x10,0x1,21.4300003,26.1069965,0.024032129,-0.044768557,4.50641573e-06,30,1.03699994,2
695116100004962,101038245,2458764.8871733896,58764.382453699996,18.8300362,0.0422531962,0,zg,8.9723127999999992,43.561500700000003,0.958999991,-0.0850000009,20191008382431,695,0x10,0x1,21.7199993,26.0987587,0.0235301759,-0.0480522811,4.31707804e-06,30,1.074,2
695116100004962,101116439,2458765.6691307649,58765.164398100002,18.9394646,0.0455280766,0,zg,8.9723424999999999,43.561465900000002,0.282999992,-0.00899999961,20191009164329,695,0x10,0x1,20.7399998,26.0734749,0.0328711085,-0.0619083531,8.66575465e-06,30,1.34000003,1
695116100004962,101144179,2458765.9465310769,58765.441793999998,18.784111,0.0409672707,0,zg,8.9723626000000003,43.561495000000001,1.12100005,-0.0480000004,20191009441771,695,0x10,0x1,21.4899998,26.0646,0.0247104187,-0.0405786633,4.70788609e-06,30,1.27499998,2
695116100004962,101145974,2458765.9644827466,58765.459745400003,18.6817684,0.0382774249,0,zg,8.9723155000000006,43.5614688,0.811999977,0.0359999985,20191009459560,695,0x10,0x1,21.25,26.0635815,0.0264442377,-0.0595274009,5.43638998e-06,30,1.37300003,2
695116100004962,101148047,2458765.9852121533,58765.4804745,19.0302258,0.048484195,0,zg,8.9722977000000004,43.561493900000002,0.497999996,0.0359999985,20191009480451,695,0x10,0x1,21.3500004,26.0138302,0.0263160635,-0.0472109467,5.33445973e-06,30,1.51900005,2
695116100004962,101216295,2458766.6676994744,58766.162951400001,18.6611977,0.03776481,0,zg,8.9722722000000008,43.561483099999997,0.992999971,-0.115999997,20191010162882,695,0x10,0x1,20.2399998,26.0693855,0.0374119394,-0.0459880903,1.36010858e-05,30,1.33299994,1
695116100004962,101237673,2458766.8814873328,58766.376736099999,18.7549572,0.0401767902,0,zg,8.9723073000000007,43.561470800000002,0.298999995,-0.0189999994,20191010376482,695,0x10,0x1,20.5799999,26.0888805,0.0336551219,-0.0340893008,9.53561812e-06,30,1.074,2
695116100004962,101240063,2458766.9053881667,58766.400636600003,19.3025818,0.0588247404,0,zg,8.9723062000000002,43.561458299999998,0.805999994,-0.123999998,20191010400475,695,0x10,0x1,20.7900009,26.094101,0.0329166353,-0.0567137152,8.51823643e-06,30,1.13100004,2
695116100004962,101242616,2458766.9309209166,58766.426168999998,19.1466045,0.0526192598,0,zg,8.9723708999999996,43.5615095,0.776000023,0.0729999989,20191010426111,695,0x10,0x1,20.7099991,26.0774288,0.0327945128,-0.0604748093,8.5353322e-06,30,1.21800005,2
695116100004962,101316046,2458767.6652251254,58767.160463,18.6982422,0.0386945903,0,zg,8.9721916999999998,43.561382299999998,0.819000006,-0.0370000005,20191011160394,695,0x10,0x1,19,26.0353394,0.0472062379,-0.0397267118,6.81157035e-05,30,1.33099997,1
695116100004962,101341752,2458767.9222886316,58767.417523099997,19.1027374,0.0510133021,0,zg,8.9722711000000004,43.5614548,0.514999986,-0.0500000007,20191011417268,695,0x10,0x1,19.7700005,26.082777,0.0403667167,-0.0408307649,2.17933848e-05,30,1.19500005,2
695116100004962,101343929,2458767.9440597971,58767.439294000003,18.8907967,0.0440339074,0,zg,8.9723454,43.5615162,0.250999987,0.00999999978,20191011439120,695,0x10,0x1,19.5799999,26.0563011,0.0422934406,-0.032889951,2.69336742e-05,30,1.28999996,2
695116100004962,101346747,2458767.9722430427,58767.467476899998,18.8918648,0.0440660454,0,zg,8.9723059000000003,43.561489299999998,0.569999993,-0.105999999,20191011467454,695,0x10,0x1,19.8799992,26.0132942,0.0401294008,-0.0197471716,1.92747211e-05,30,1.46099997,2
695116100004962,101416104,2458768.6658165511,58768.161041699997,18.757761,0.0402519554,0,zg,8.9722942000000003,43.561505799999999,0.746999979,-0.0860000029,20191012160972,695,0x10,0x1,19.7600002,26.0775814,0.0403809957,-0.0637751892,2.21281352e-05,30,1.31299996,1
695116100004962,101427638,2458768.7811651803,58768.276388899998,18.6891232,0.0384629406,0,zg,8.9723384999999993,43.561488099999998,0.648000002,0.0850000009,20191012276331,695,0x10,0x1,20.0499992,26.104063,0.0390921645,-0.0298211686,1.82417516e-05,30,1.01600003,2
695116100004962,101433420,2458768.8389783604,58768.334201400001,18.6059227,0.0364316814,0,zg,8.9723614999999999,43.561495600000001,1.27600002,-0.111000001,20191012334039,695,0x10,0x1,20.1100006,26.1311855,0.0370522738,-0.0673533678,1.49165944e-05,30,1.02199996,2
695116100004962,101516094,2458769.6657353127,58769.160949099998,18.5388412,0.0348973051,0,zg,8.9722743000000005,43.561465400000003,0.625999987,-0.00899999961,20191013160880,695,0x10,0x1,19.6200008,26.0711269,0.0429634824,-0.0538678914,3.01603595e-05,30,1.29999995,1
695116100004962,101524968,2458769.7544746944,58769.2496875,18.5400124,0.0349233523,0,zg,8.9722810000000006,43.561505400000001,0.370000005,-0.0289999992,20191013249630,695,0x10,0x1,19.9099998,26.1031933,0.0399280339,-0.0273844283,2.07926405e-05,30,1.03900003,2
695116100004962,101526087,2458769.7656669132,58769.260879599999,18.8815174,0.0437559672,0,zg,8.9722209999999993,43.561522799999999,0.76700002,-0.0240000002,20191013260810,695,0x10,0x1,20,26.1155624,0.0399238765,-0.0352345817,1.91124363e-05,30,1.02600002,2
695116100004962,101616101,2458770.6658147043,58770.161018500003,18.7706394,0.0405995362,0,zg,8.9723614000000005,43.561527400000003,0.407999992,-0.112999998,20191014160938,695,0x10,0x1,19.4799995,26.073246,0.0392338708,-0.0538815372,2.81728353e-05,30,1.28600001,1
695116100004962,101716124,2458771.6660548281,58771.161249999997,18.8934822,0.0441147648,0,zg,8.9723562999999995,43.561534000000002,0.850000024,-0.0390000008,20191015161169,695,0x10,0x1,19.6200008,26.0530338,0.0397043787,-0.0482450463,2.43936502e-05,30,1.27100003,1
695116100004962,101719460,2458771.6994116064,58771.194606500001,18.9438572,0.045665957,0,zg,8.9724299999999992,43.561644800000003,0.439999998,-0.0179999992,20191015194502,695,0x10,0x1,19.6000004,26.0860977,0.0403230339,-0.049940072,2.59893714e-05,30,1.14300001,2
695116100004962,101816158,2458772.6663976796,58772.161585599999,18.8095264,0.0416726805,0,zg,8.9723065000000002,43.561494500000002,0.72299999,0.0320000015,20191016161505,695,0x10,0x1,20.0499992,26.0881901,0.0390881374,-0.0629578903,1.64825178e-05,30,1.25699997,1
695116100004962,101916020,2458773.6650262452,58773.160208300003,19.0207176,0.0481638163,32768,zg,8.9723348999999999,43.561404099999997,1.12399995,-0.0240000002,20191017160127,695,0x10,0x1,19.3999996,25.2655563,0.0489197411,-0.0775024071,5.35509353e-05,30,1.25100005,1
695116100004962,102016013,2458774.6649613292,58774.160138899999,18.8140144,0.0417988226,0,zg,8.9723839000000005,43.561492700000002,0.99000001,-0.0289999992,20191018160046,695,0x10,0x1,20.7099991,26.0940094,0.034716215,-0.0539853871,9.56286294e-06,30,1.23899996,1
695116100004962,102116023,2458775.6650570319,58775.160231499998,18.9276161,0.0451585874,0,zg,8.9723561000000007,43.561493400000003,0.598999977,-0.0309999995,20191019160150,695,0x10,0x1,21.5100002,26.0754356,0.0250857305,-0.0804400966,4.86811177e-06,30,1.227,1
695116100004962,102215946,2458776.6642948454,58776.159467600002,18.6144676,0.0366336256,0,zg,8.9723343999999994,43.561488699999998,1.36399996,-0.0590000004,20191020159375,695,0x10,0x1,21.5,26.0813026,0.0252412688,-0.0596150458,4.88666819e-06,30,1.21899998,1
695116100004962,102315989,2458777.6647233688,58777.159895800003,18.7757568,0.0407387279,0,zg,8.9723023000000008,43.561494699999997,1.33800006,-0.0350000001,20191021159803,695,0x10,0x1,20.8500004,26.105423,0.0316863023,-0.0712384209,7.76533398e-06,30,1.20700002,1
695116100004962,102416009,2458778.6649190984,58778.160092600003,18.7092247,0.0389759615,0,zg,8.9723243000000004,43.561491599999997,1.32599998,-0.00999999978,20191022159988,695,0x10,0x1,21.2600002,26.1087399,0.0272023715,-0.0643730015,5.70229804e-06,30,1.19500005,1
695116100004962,102515989,2458779.6647198331,58779.159895800003,18.6692657,0.0379647799,0,zg,8.9723582999999998,43.5614615,1.16600001,-0.0379999988,20191023159803,695,0x10,0x1,21.0499992,26.1148376,0.0283203833,-0.102625385,6.26914562e-06,30,1.18599999,1
695116100004962,102715982,2458781.664641297,58781.159826399999,18.8613701,0.0431599841,0,zg,8.9723933999999996,43.561492999999999,0.58099997,-0.00200000009,20191025159734,695,0x10,0x1,20.4200001,26.1222286,0.0371873975,-0.0582095608,1.16843767e-05,30,1.16700006,1
695116100004962,102815864,2458782.663454033,58782.158645800002,18.7547684,0.0401717126,0,zg,8.9723082000000005,43.561486799999997,0.620000005,-0.0219999999,20191026158553,695,0x10,0x1,21.0799999,26.1327724,0.0312638916,-0.0796049163,7.53302083e-06,30,1.16199994,1
695116100004962,102916017,2458783.6649737502,58783.160173600001,18.7206039,0.03927036,0,zg,8.9723462999999999,43.561475600000001,1.32099998,-0.0439999998,20191027160069,695,0x10,0x1,21.0799999,26.1507473,0.0276474617,-0.107903339,6.02957516e-06,30,1.148,1
695116100004962,103115987,2458785.6646525026,58785.159872700002,18.9260159,0.0451089889,0,zg,8.9723307999999999,43.561473999999997,0.745999992,-0.0359999985,20191029159757,695,0x10,0x1,21.3999996,26.1262074,0.0252725836,-0.0895381272,4.96186067e-06,30,1.13300002,1
695116100004962,103216680,2458786.6715730443,58786.166805599998,18.9468098,0.0457589589,0,zg,8.9723310000000005,43.561455600000002,1.41700006,-0.150000006,20191030166678,695,0x10,0x1,21.1100006,26.0803108,0.028842967,-0.0716659799,6.4734495e-06,30,1.10699999,1
695116100004962,103315915,2458787.6639089757,58787.159155100002,19.0210361,0.048174493,0,zg,8.9723745000000008,43.561470300000003,1.10500002,0.0460000001,20191031159028,695,0x10,0x1,21.0300007,26.1260605,0.028119145,-0.0742352456,6.1499959e-06,30,1.12,1
695116100004962,103416005,2458788.6647967035,58788.160057900001,18.9864597,0.0470304601,0,zg,8.9722858999999993,43.561498499999999,0.504999995,-0.00100000005,20191101159942,695,0x10,0x1,20.6900005,26.1080399,0.032661505,-0.0726082847,8.57077339e-06,30,1.11000001,1
695116100004962,103516046,2458789.6651853565,58789.160463,18.9059658,0.044493027,0,zg,8.9722915000000008,43.5615016,1.31099999,0.0340000018,20191102160324,695,0x10,0x1,21.0499992,26.1267204,0.0278495383,-0.073646687,5.96761402e-06,30,1.10300004,1
695116100004962,103626988,2458790.7745868172,58790.269884300003,18.8884811,0.0439643599,0,zg,8.9723244999999991,43.561459399999997,1.35000002,-0.0170000009,20191103269861,695,0x10,0x1,21.2199993,26.133667,0.0266397055,-0.0579438992,5.53049949e-06,30,1.01900005,1
695116100004962,103726019,2458791.7648801687,58791.260196800002,19.0096855,0.0477952436,0,zg,8.9723468000000004,43.561479599999998,0.885999978,-0.0879999995,20191104260185,695,0x10,0x1,21.4099998,26.1065121,0.0251085907,-0.0524366647,4.90603315e-06,30,1.01400006,1
695116100004962,103916994,2458793.6745847538,58793.169942100001,19.0999031,0.0509115234,0,zg,8.9723261000000001,43.561503700000003,0.833000004,-0.0289999992,20191106169942,695,0x10,0x1,20.9200001,26.0932064,0.0289529152,-0.051843375,6.54855648e-06,30,1.05999994,1
695116100004962,103920476,2458793.7094103741,58793.2047685,18.6856384,0.0383749083,0,zg,8.9723424000000005,43.561493599999999,1.65600002,-0.130999997,20191106204734,695,0x10,0x1,21,26.1074181,0.0293251649,-0.0564525053,6.67973973e-06,30,1.01800001,1
695116100004962,104119483,2458795.6994321076,58795.194838000003,18.5474548,0.0350893736,0,zg,8.9723013999999992,43.561494799999998,1.05299997,-0.0960000008,20191108194815,695,0x10,0x1,20.7000008,26.119503,0.0318100154,-0.0512093045,8.14765917e-06,30,1.02199996,1
695116100004962,104219039,2458796.6949617197,58796.190393500001,18.7426071,0.0398478433,0,zg,8.9722679000000003,43.561449600000003,0.991999984,-0.0960000008,20191109190347,695,0x10,0x1,20.3099995,26.1416035,0.0353676304,-0.0566289313,1.15866442e-05,30,1.023,1
695116100004962,104622946,2458800.7339173327,58800.229467600002,18.8460217,0.0427127928,0,zg,8.972334,43.561501,0.541999996,-0.0810000002,20191113229468,695,0x10,0x1,20.1100006,26.0558109,0.038527444,-0.019778125,1.85114932e-05,30,1.01100004,1
695116100004962,104720506,2458801.7094873167,58801.205069399999,18.438448,0.0327620357,0,zg,8.9723593000000008,43.561539000000003,1.07200003,-0.0860000029,20191114205069,695,0x10,0x1,20.1100006,26.0669384,0.0402149856,-0.0261440296,1.82431559e-05,30,1.00800002,1
695116100004962,104821266,2458802.7170457649,58802.212661999998,18.4875927,0.0337839536,0,zg,8.9723316999999998,43.561489999999999,0.300000012,-0.0439999998,20191115212650,695,0x10,0x1,20.8400002,26.1135178,0.0317839533,-0.045130033,8.19370871e-06,30,1.00800002,1
695116100004962,105220766,2458806.7118976256,58806.207662000001,18.4426517,0.0328477621,0,zg,8.9723348000000005,43.561489100000003,1.12399995,-0.0799999982,20191119207662,695,0x10,0x1,21.2199993,26.1174107,0.0263246857,-0.044303406,5.37955657e-06,30,1.00899994,1
695116100004962,105719344,2458811.6974720135,58811.193449099999,18.2845306,0.0298318677,0,zg,8.9723149000000006,43.5614986,0.963,-0.0320000015,20191124193067,695,0x10,0x1,20.5699997,26.0604935,0.0337125361,-0.0536075197,8.97417794e-06,30,1.00899994,1
695116100004962,106011346,2458814.617345091,58814.113460599998,18.6902752,0.038492091,32768,zg,8.9723123999999999,43.561409699999999,1.046,-0.0680000037,20191127113461,695,0x10,0x1,19.3500004,24.9442501,0.0462068431,-0.0539167635,5.09169186e-05,30,1.05900002,1
695116100004962,106518633,2458819.6899520042,58819.186330999997,18.3844357,0.0316884555,32768,zg,8.9723942000000001,43.5615381,0.527999997,0.101000004,20191202186319,695,0x10,0x1,18.9599991,24.4258595,0.0497963876,-0.0353801548,9.17698053e-05,30,1.01600003,1
695116100004962,106615903,2458820.662606685,58820.159039400001,18.5166492,0.0344090797,32768,zg,8.9723092999999992,43.561504200000002,0.81400001,-0.0350000001,20191203159039,695,0x10,0x1,20.3899994,25.5889187,0.0379748419,-0.0406806879,1.36887065e-05,30,1.00800002,1
695116100004962,107411972,2458828.6228142129,58828.119722199997,18.7787209,0.0408196151,0,zg,8.9723521999999996,43.561403400000003,0.75,-0.0520000011,20191211119711,695,0x10,0x1,19.6900005,25.8892632,0.0403649174,-0.0398522131,2.89328909e-05,30,1.01199996,1
695116100004962,107617689,2458830.6798576494,58830.176898099999,18.6608715,0.0377567708,0,zg,8.9723234000000005,43.561486899999998,0.519999981,-0.112000003,20191213176875,695,0x10,0x1,20.3400002,26.2678871,0.0357239284,-0.0374297127,1.16345564e-05,30,1.03400004,1
695116100004962,107712011,2458831.6230133008,58831.120115700003,18.8560638,0.0430047251,0,zg,8.9723471000000004,43.561478299999997,0.888000011,-0.0680000037,20191214120093,695,0x10,0x1,20.3700008,26.2750931,0.0335719213,-0.0358869284,9.65529671e-06,30,1.00899994,1
695116100004962,108113753,2458835.6401601797,58835.137534699999,18.2410679,0.0290737543,0,zg,8.9721542000000003,43.5615405,0.746999979,0.287999988,20191218137512,695,0x10,0x1,19,25.9158878,0.04429188,-0.0434914902,6.34403768e-05,30,1.01300001,1
695116100004962,108314137,2458837.6438623616,58837.141377300002,18.6603966,0.0377450325,0,zg,8.9723272999999999,43.561505799999999,1.19400001,-0.0590000004,20191220141366,695,0x10,0x1,21.3199997,26.2654762,0.0246800203,-0.0590662584,4.69217321e-06,30,1.01900005,1
695116100004962,108413461,2458838.6370324679,58838.134618099997,18.5411377,0.0349483863,0,zg,8.9723486000000001,43.561479200000001,1.38100004,0.101999998,20191221134595,695,0x10,0x1,20.1200008,25.7765903,0.0398426168,-0.0386034027,1.65294659e-05,30,1.01600003,1
695116100004962,109508611,2458849.5877050469,58849.086111099998,18.7257023,0.0394032039,0,zg,8.9723503999999998,43.561500199999998,0.386000007,0.0189999994,20200101085972,695,0x10,0x1,21.4699993,26.2480984,0.0262444131,-0.052249711,5.29125327e-06,30,1.00800002,1
695116100004962,109508903,2458849.5906331157,58849.089039400002,18.5407028,0.0349387042,0,zg,8.9723006999999999,43.561499400000002,0.421000004,0.063000001,20200101089005,695,0x10,0x1,21.3899994,26.2461929,0.0256238505,-0.0529387444,5.06800461e-06,30,1.00899994,1
695116100004962,109713313,2458851.6345703835,58851.133136600001,18.8479576,0.042768877,32768,zg,8.9724176,43.561486799999997,0.603999972,0.00999999978,20200103133113,695,0x10,0x1,19.8500004,25.6970596,0.0427303128,-0.0462495089,2.58235104e-05,30,1.05299997,1
695116100004962,109810961,2458852.6109749018,58852.109618100003,18.2035503,0.0284423046,0,zg,8.9723118999999993,43.561480199999998,1.53100002,-0.123999998,20200104109595,695,0x10,0x1,20.3899994,25.8811283,0.0372911207,-0.0442405343,1.38111454e-05,30,1.02699995,1
695116100004962,110115616,2458855.6572834938,58855.156169000002,18.6281281,0.0369596034,0,zg,8.9723302999999994,43.561498,0.970000029,0.0379999988,20200107156157,695,0x10,0x1,20.0200005,26.2597752,0.0381905176,-0.0510733575,1.51160602e-05,30,1.12699997,1
695116100004962,110509724,2458859.5980426343,58859.0972454,18.45504,0.0331021696,0,zg,8.9723477999999997,43.561466099999997,1.23699999,-0.144999996,20200111097234,695,0x10,0x1,20.3299999,26.2430973,0.037088789,-0.0363396183,1.22153069e-05,30,1.03400004,1
695116100004962,110811288,2458862.613434243,58862.112881900001,18.7136402,0.0390898511,0,zg,8.9723126999999998,43.561477799999999,0.787,0.0209999997,20200114112847,695,0x10,0x1,21.6599998,26.232811,0.0253758002,-0.0577461869,5.00809847e-06,30,1.07000005,1
695116100004962,111010895,2458864.6093479008,58864.108958299999,18.6561928,0.0376414731,0,zg,8.9723141000000002,43.5614913,1.19200003,-0.0359999985,20200116108935,695,0x10,0x1,21.5200005,26.2332516,0.0258957371,-0.0485109724,5.20030017e-06,30,1.07299995,1
695116100004962,111314063,2458867.6407785066,58867.140636600001,18.9050579,0.044465363,32768,zg,8.9723778999999997,43.5614512,0.611000001,-0.074000001,20200119140625,695,0x10,0x1,20.1100006,25.5804043,0.0481744409,-0.0417977944,2.43779923e-05,30,1.18099999,1
695116100004962,111716310,2458871.6629153327,58871.163101899998,18.9410343,0.0455772728,0,zg,8.9722773,43.561568000000001,1.11800003,-0.00499999989,20200123163102,695,0x10,0x1,20.3799992,26.1894569,0.0370008089,-0.0394272171,1.18720709e-05,30,1.33099997,1
695116100004962,112016028,2458874.6598591534,58874.160289400003,19.182209,0.0539663956,32768,zg,8.9723147000000001,43.561490399999997,0.800000012,0.0469999984,20200126160278,695,0x10,0x1,20.3999996,25.4900265,0.058264032,-0.0450224541,3.26608424e-05,30,1.36199999,1
695116100004962,112317980,2458877.6791291656,58877.179803200001,18.8646049,0.043255005,0,zg,8.9723045999999993,43.561518900000003,0.451999992,-0.00700000022,20200129179803,695,0x10,0x1,20.4899998,26.1125183,0.0345749408,-0.0432622246,9.6102176e-06,30,1.56200004,1
695116100004962,112611276,2458880.6118577668,58880.1127662,19.1143608,0.0514331236,0,zg,8.9723486000000001,43.561511500000002,0.540000021,0.0179999992,20200201112766,695,0x10,0x1,20.8799992,26.1998482,0.0292954445,-0.0539791249,6.68637085e-06,30,1.21000004,1
695116100004962,112811645,2458882.6153913434,58882.116458299999,18.8559132,0.0430003405,0,zg,8.9723132000000003,43.561514699999996,0.518000007,-0.0469999984,20200203116458,695,0x10,0x1,20.5,26.2137012,0.0344546549,-0.0512252077,9.84809321e-06,30,1.24800003,1
695116100004962,113010949,2458884.6082676533,58884.109490700001,18.6417828,0.0372892916,0,zg,8.9726517000000001,43.561692299999997,0.635999978,0.744000018,20200205109491,695,0x10,0x1,18.9699993,26.2047577,0.0472464301,-0.0243841317,6.8796362e-05,30,1.24199998,1
695116100004962,113317788,2458887.6764218421,58887.177881900003,19.1798191,0.0538747609,0,zg,8.9722644000000003,43.5613946,0.611999989,0.172999993,20200208177882,695,0x10,0x1,19.6700001,26.0793858,0.0388509817,-0.0231950693,2.35390999e-05,30,1.83000004,1
695116100004962,113715856,2458891.6568045621,58891.158564799996,18.5713215,0.0356290974,0,zg,8.9722957000000001,43.561501700000001,0.51700002,0.0199999996,20200212158565,695,0x10,0x1,20.2000008,26.1027126,0.0373995677,-0.0407030992,1.2856558e-05,30,1.73000002,1
695116100004962,113910665,2458893.6052721371,58893.106655099997,18.8106766,0.0417049415,0,zg,8.9723182000000001,43.561517000000002,1.05799997,-0.101999998,20200214106644,695,0x10,0x1,21.4400005,27.6534767,0.0192431081,-0.0367793962,2.88585102e-06,120,1.352,2
695116100004962,114010271,2458894.6023060963,58894.102719900002,18.6162338,0.0366755649,0,zg,8.9723410000000001,43.561494600000003,0.481999993,-0.0299999993,20200215102303,695,0x10,0x1,21.5100002,28.6708164,0.0190432277,-0.0393925533,2.84947623e-06,300,1.34399998,2
695116100004962,114015876,2458894.6567811877,58894.158761600003,18.1929569,0.028267771,0,zg,8.9723387999999993,43.561488900000001,0.611999989,0.00800000038,20200215158750,695,0x10,0x1,20.8799992,26.0515804,0.0292747114,-0.0313774049,6.67717541e-06,30,1.83000004,1
695116100004962,114614334,2458900.6409435156,58900.143344900003,18.3536224,0.0310983695,32768,zg,8.9723638000000001,43.561510900000002,0.612999976,-0.0419999994,20200221143345,695,0x10,0x1,19.5300007,25.4814644,0.0491006859,-0.0350366049,4.11109868e-05,30,1.84300005,1
695116100004962,115113497,2458905.6322457753,58905.134976900001,18.1956921,0.0283126701,0,zg,8.9723650999999993,43.561587199999998,0.596000016,0.165999994,20200226134977,695,0x10,0x1,19.1299992,26.0450115,0.0422325656,-0.0305284355,4.66662932e-05,30,1.91400003,1
695116100004962,126439166,2459018.8894297602,59018.391666700001,18.6986809,0.0387057811,0,zg,8.9722279999999994,43.561488699999998,1.10899997,0.0160000008,20200618391655,695,0x10,0x1,20.9500008,26.084446,0.0330866314,-0.0487068482,8.35653645e-06,30,2.17400002,1
695116100004962,127038526,2459024.8834484606,59024.385266199999,18.4605827,0.0332168788,0,zg,8.9723234999999999,43.561454400000002,0.463999987,-0.00400000019,20200624385266,695,0x10,0x1,20.7000008,25.7398186,0.0362926275,-0.0437114984,1.04276251e-05,30,2.00500011,1
695116100004962,127336878,2459027.8671834022,59027.368784699996,18.670702,0.0380005315,0,zg,8.9723606999999994,43.561511199999998,1.29200006,0.0560000017,20200627368785,695,0x10,0x1,20.6299992,25.946167,0.0365019366,-0.0341996178,1.06665884e-05,30,2.14400005,1
695116100004962,127636010,2459030.8587243329,59030.360104200001,18.5797997,0.0358235314,0,zg,8.9723877000000005,43.561468499999997,1.00100005,0.00999999978,20200630360104,695,0x10,0x1,20.1399994,26.0210724,0.0406424701,-0.0338433422,1.62550477e-05,30,2.15199995,1
695116100004962,127945142,2459033.9502766849,59033.451423600003,18.5157738,0.0343900286,0,zg,8.9723334000000001,43.561499300000001,0.425000012,-0.0179999992,20200703451412,695,0x10,0x1,20.8199997,26.259737,0.0298636816,-0.0496283881,7.00799455e-06,30,1.23399997,1
695116100004962,128247234,2459036.9714335646,59036.4723495,18.4674644,0.0333600976,0,zg,8.9722975999999992,43.5614834,0.727999985,-0.0649999976,20200706472350,695,0x10,0x1,20.0699997,26.3007851,0.0375874713,-0.0732662901,1.51959221e-05,30,1.13199997,1
695116100004962,128536223,2459039.8615413536,59039.362233799999,18.6761627,0.0381368473,0,zg,8.9724321000000007,43.5614688,0.856999993,-0.0590000004,20200709362234,695,0x10,0x1,19.8799992,26.1891823,0.0388689116,-0.033946503,1.79062226e-05,30,1.76199996,1
695116100004962,128648803,2459040.9874277231,59040.488032399997,18.7065182,0.0389063805,0,zg,8.9723693000000004,43.561480500000002,0.515999973,0.0659999996,20200710487986,695,0x10,0x1,20.4099998,26.2777367,0.0359163582,-0.0429388508,1.17140289e-05,30,1.06900001,1
695116100004962,128836616,2459042.8657111521,59042.366169000001,18.5499687,0.0351456963,0,zg,8.9722846000000001,43.5615083,0.653999984,-0.0439999998,20200712366169,695,0x10,0x1,20.6499996,26.0852718,0.0339097418,-0.0551576316,9.24101096e-06,30,1.63300002,1
695116100004962,128936503,2459043.8646552507,59043.3650347,18.6192932,0.036748331,0,zg,8.9723206999999991,43.561501,0.828000009,-0.0270000007,20200713365035,695,0x10,0x1,21.0200005,26.125906,0.0269466173,-0.0383628979,5.69698841e-06,30,1.61800003,1
695116100004962,129036304,2459044.8627430452,59044.363043999998,18.7816544,0.0408998877,0,zg,8.9723319000000004,43.561478399999999,0.768999994,0.0370000005,20200714363044,695,0x10,0x1,20.9699993,26.2053146,0.0272661969,-0.0542452298,5.71867031e-06,30,1.61099994,1
695116100004962,129246842,2459046.9682910345,59046.468425899999,18.4522552,0.0330447406,0,zg,8.9723237999999998,43.561496099999999,1.42400002,-0.144999996,20200716468368,695,0x10,0x1,21.6800003,26.28578,0.0228757448,-0.0551100075,4.10260009e-06,30,1.07500005,1
695116100004962,129248226,2459046.9821347338,59046.482268500004,18.4768543,0.0335569046,0,zg,8.9723164999999998,43.561475100000003,0.333000004,0.0149999997,20200716482211,695,0x10,0x1,21.4500008,26.2912464,0.0233773105,-0.0532649308,4.28059911e-06,30,1.051,1
695116100004962,129345093,2459047.9508802583,59047.450937499998,18.5120239,0.0343085118,0,zg,8.9723319999999998,43.561485599999997,1.14900005,-0.0909999982,20200717450938,695,0x10,0x1,21.8199997,26.2897816,0.0230884906,-0.0743370652,4.13883208e-06,30,1.10800004,1
695116100004962,129445439,2459048.9544202155,59048.454398100002,18.2611675,0.0294207446,0,zg,8.9723396999999991,43.561479200000001,0.541000009,-0.0199999996,20200718454398,695,0x10,0x1,21.7299995,26.2927036,0.0237715244,-0.0706167892,4.3924797e-06,30,1.09399998,1
695116100004962,129447957,2459048.9795959154,59048.479571800002,18.4608402,0.0332222208,0,zg,8.9723340999999994,43.5614816,1.28199995,-0.0900000036,20200718479572,695,0x10,0x1,21.6000004,26.2962265,0.0227098372,-0.0580947958,3.99335886e-06,30,1.04700005,1
695116100004962,129545118,2459049.9512815895,59049.451180600001,18.4084911,0.032160338,0,zg,8.9723231999999999,43.561470499999999,1.32500005,-0.0810000002,20200719451181,695,0x10,0x1,21.75,26.2909012,0.0218663383,-0.0718628168,3.73932312e-06,30,1.09500003,1
695116100004962,129643202,2459050.9322041166,59050.432025499998,18.0656586,0.0262934621,0,zg,8.9723079000000006,43.561479400000003,1.01199996,-0.0140000004,20200720432025,695,0x10,0x1,21.7299995,26.2769051,0.0230146386,-0.0778235644,4.11463452e-06,30,1.13800001,1
695116100004962,129745113,2459051.951393587,59051.451134299998,18.1156273,0.0270420145,0,zg,8.9723257000000007,43.561483199999998,0.839999974,-0.0599999987,20200721451134,695,0x10,0x1,21.6299992,26.2574329,0.0291868318,-0.0707208961,6.63937271e-06,30,1.08299994,1
695116100004962,129847846,2459052.978801182,59052.478460600003,18.1252823,0.0271905065,0,zg,8.9723144000000001,43.561489100000003,0.848999977,-0.0260000005,20200722478021,695,0x10,0x1,21.9200001,26.2867584,0.0217262413,-0.0580001548,3.64602761e-06,30,1.03400004,1
695116100004962,129942501,2459053.9254270131,59053.425011599997,17.9698563,0.0249479618,0,zg,8.9723182999999995,43.561469000000002,0.566999972,-0.0450000018,20200723425012,695,0x10,0x1,21.9799995,26.2839088,0.0227893349,-0.0695980787,4.03097647e-06,30,1.13399994,1
695116100004962,130047165,2459054.9721532152,59054.471655100002,17.8054352,0.0228902195,0,zg,8.9723238999999992,43.561496200000001,0.344000012,0.00200000009,20200724471655,695,0x10,0x1,21.9699993,26.2711773,0.0223708618,-0.0421811379,3.88618628e-06,30,1.03499997,1
695116100004962,130048545,2459054.9859506083,59054.485451400004,17.6910572,0.0216270108,0,zg,8.9723210000000009,43.561473700000001,0.855000019,-0.061999999,20200724485440,695,0x10,0x1,21.5400009,26.2942867,0.0229250994,-0.0673583299,4.09855329e-06,30,1.02100003,1
695116100004962,130143010,2459055.9306779294,59055.430104200001,17.8471527,0.0233840831,0,zg,8.9723108000000007,43.561484800000002,0.814999998,-0.0560000017,20200725430104,695,0x10,0x1,21.8299999,26.2388554,0.0224137846,-0.0649374127,3.92125048e-06,30,1.10599995,1
695116100004962,130245375,2459056.9544043858,59056.453750000001,17.9364243,0.0245047696,0,zg,8.9723178000000008,43.561489700000003,0.657999992,-0.0469999984,20200726453750,695,0x10,0x1,21.9200001,26.2414894,0.0230976548,-0.0574457236,4.15923978e-06,30,1.05299997,1
695116100004962,130342995,2459057.9306848482,59057.429953699997,17.9211426,0.024306545,0,zg,8.9723369000000002,43.561480199999998,0.287,-0.00999999978,20200727429954,695,0x10,0x1,21.7199993,26.2659683,0.0228912942,-0.0729775578,4.13472389e-06,30,1.09300005,1
695116100004962,130543175,2459059.932647361,59059.431759300001,17.908432,0.0241437219,0,zg,8.9723333000000007,43.561489000000002,1.08500004,-0.0869999975,20200729431748,695,0x10,0x1,21.75,26.2730179,0.0231229905,-0.0489316508,4.1721064e-06,30,1.07799995,1
695116100004962,130647210,2459060.9730758001,59060.472106499998,17.5764084,0.0204843041,0,zg,8.9723299999999995,43.561482599999998,1.02900004,-0.0520000011,20200730472106,695,0x10,0x1,21.9599991,26.2764206,0.0229816213,-0.0637778863,4.1457597e-06,30,1.01900005,1
695116100004962,130648326,2459060.9842340709,59060.483263900001,17.5614243,0.0203434657,0,zg,8.9723305999999994,43.561480500000002,1.11199999,-0.075000003,20200730483264,695,0x10,0x1,21.8299999,26.2765388,0.0222888738,-0.0574432462,3.88500848e-06,30,1.01199996,1
695116100004962,130747195,2459061.9730031318,59061.471956000001,17.8964787,0.0239922684,0,zg,8.9723281000000004,43.561480199999998,0.799000025,-0.0340000018,20200731471956,695,0x10,0x1,21.75,26.2733765,0.0211295672,-0.0604592375,3.5114781e-06,30,1.01699996,1
695116100004962,130845041,2459062.9515397516,59062.450416699998,17.9344139,0.0244785435,0,zg,8.9723409000000007,43.561482599999998,0.270000011,-0.0199999996,20200801450417,695,0x10,0x1,21.3700008,26.2580547,0.0231245924,-0.0487553589,4.14203441e-06,30,1.03499997,1
695116100004962,130947378,2459063.9749868871,59063.4737847,17.8832207,0.0238261539,0,zg,8.9723246000000003,43.561480699999997,0.925000012,-0.0250000004,20200802473773,695,0x10,0x1,20.7399998,26.2822113,0.0292785373,-0.0387197025,6.7668725e-06,30,1.01300001,1
695116100004962,131049241,2459064.993699647,59064.492419000002,18.0003662,0.0253640935,0,zg,8.9723355999999992,43.561484999999998,0.469000012,-0.0439999998,20200803492419,695,0x10,0x1,20.5,26.2582169,0.033916954,-0.0268761776,9.96405743e-06,30,1.00800002,1
695116100004962,131147187,2459065.9732307852,59065.471875000003,17.6594162,0.0212998055,0,zg,8.9723418000000006,43.561477799999999,1.45700002,-0.0700000003,20200804471875,695,0x10,0x1,20.2000008,26.2498531,0.0361033678,-0.0485083833,1.31750057e-05,30,1.01100004,1
695116100004962,131236989,2459066.8713201648,59066.369895800002,17.8101311,0.0229448956,0,zg,8.9723199999999999,43.561483699999997,1.19500005,-0.0579999983,20200805369884,695,0x10,0x1,20.4799995,26.2396812,0.0343897305,-0.0490823202,9.94732727e-06,30,1.20000005,1
695116100004962,131243605,2459066.9374826364,59066.436053199999,17.9867649,0.0251771826,0,zg,8.9723357999999998,43.561463400000001,0.275999993,-0.00400000019,20200805436053,695,0x10,0x1,20.5,26.2522125,0.0348968506,-0.0233064499,1.0357584e-05,30,1.03900003,1
695116100004962,131340203,2459067.9035398909,59067.402037,17.9070969,0.0241267234,0,zg,8.9723120000000005,43.561474099999998,0.545000017,-0.00400000019,20200806402025,695,0x10,0x1,20.5200005,26.2873306,0.0323851816,-0.0583402887,8.72593046e-06,30,1.09500003,1
695116100004962,131341585,2459067.9173604455,59067.415856500003,18.0072021,0.0254588816,0,zg,8.9722951000000002,43.561480299999999,0.828000009,-0.0370000005,20200806415845,695,0x10,0x1,20.6900005,26.2859077,0.0317728259,-0.0438877083,8.11741756e-06,30,1.06599998,1
695116100004962,131450072,2459069.0023152349,59068.500729200001,18.0062981,0.02544632,0,zg,8.9723173999999997,43.561504300000003,0.546999991,-0.0670000017,20200807500683,695,0x10,0x1,20.5400009,26.2861805,0.0327777341,-0.0356946476,9.09513074e-06,30,1.01400006,1
695116100004962,131746928,2459071.9710905924,59071.469282400001,17.5518074,0.0202540588,0,zg,8.9723325999999997,43.5614834,0.917999983,-0.0670000017,20200810469236,695,0x10,0x1,21.3199997,26.2884235,0.0251542442,-0.0490854494,4.90621733e-06,30,1.00800002,1
695116100004962,131842082,2459072.9227003702,59072.420821799999,18.0991974,0.0267922077,0,zg,8.9723202999999998,43.561487300000003,0.776000023,-0.00200000009,20200811420810,695,0x10,0x1,21.1399994,26.2484741,0.026045166,-0.0386514887,5.25161386e-06,30,1.03699994,1
695116100004962,131938196,2459073.8839168106,59073.381967599998,18.0641174,0.0262708943,0,zg,8.9723313000000005,43.561487200000002,1.48099995,-0.0729999989,20200812381968,695,0x10,0x1,21.3199997,26.2632275,0.0251013972,-0.0551108755,4.85186183e-06,30,1.10300004,1
695116100004962,131938436,2459073.8863127879,59073.3843634,17.9501534,0.0246851742,0,zg,8.9723348999999999,43.5614712,1.074,-0.00600000005,20200812384352,695,0x10,0x1,21.2399998,26.2766838,0.0264312234,-0.0725387931,5.43184024e-06,30,1.09800005,1
695116100004962,132139769,2459075.8997926731,59075.397696799999,18.1384659,0.0273953341,0,zg,8.9723178000000008,43.561486299999999,1.08200002,-0.0170000009,20200814397697,695,0x10,0x1,21.6200008,26.1906204,0.0236177035,-0.046585422,4.36072605e-06,30,1.05999994,1
695116100004962,132245077,2459076.9529471309,59076.450775500001,18.0833893,0.0265552923,0,zg,8.9723337999999995,43.561498999999998,0.58099997,-0.00499999989,20200815450729,695,0x10,0x1,21.4799995,26.2047024,0.0235101078,-0.0471389666,4.26036422e-06,30,1.00800002,1
695116100004962,132249935,2459077.0015270044,59076.499351899998,18.2358131,0.0289840493,0,zg,8.9723168999999992,43.561492700000002,0.602999985,-0.0419999994,20200815499352,695,0x10,0x1,21.4400005,26.1478806,0.0252658054,-0.0435077325,4.95813765e-06,30,1.03100002,1
695116100004962,132339003,2459077.8922733585,59077.390034700002,18.0771236,0.0264622979,0,zg,8.9723222000000007,43.561469500000001,1.04100001,-0.0419999994,20200816390023,695,0x10,0x1,21.8400002,26.1979866,0.0234522969,-0.053949412,4.25486451e-06,30,1.06299996,1
695116100004962,132440055,2459078.9028658015,59078.400555599997,18.1456642,0.0275081955,0,zg,8.9723146000000007,43.5615077,1.05200005,-0.0610000007,20200817400556,695,0x10,0x1,21.6499996,26.1300888,0.023425838,-0.0359161943,4.20119977e-06,30,1.04200006,1
695116100004962,132546855,2459079.9709383384,59079.4685532,18.3366795,0.0307806358,0,zg,8.9723486999999995,43.561482499999997,0.66900003,-0.0320000015,20200818468484,695,0x10,0x1,21.6399994,26.141016,0.0232457705,-0.0679054111,4.18875743e-06,30,1.01300001,1
695116100004962,132641071,2459080.9131682464,59080.410717600003,18.3986549,0.0319661871,0,zg,8.9723143000000007,43.561480699999997,1.00199997,0.0500000007,20200819410706,695,0x10,0x1,21.6000004,25.9184704,0.0247841217,-0.037741404,4.7232943e-06,30,1.02400005,1
695116100004962,132834280,2459082.8453840213,59082.342800899998,17.9863033,0.0251708832,32768,zg,8.9723167000000004,43.561472199999997,1.01900005,-0.074000001,20200821342801,695,0x10,0x1,20.8899994,25.3494453,0.0531062856,-0.0529756732,2.25334588e-05,30,1.14300001,1
695116100004962,132842668,2459082.9292786391,59082.426689799999,17.9284325,0.0244007669,0,zg,8.9723168999999992,43.561480500000002,1.07099998,-0.0829999968,20200821426690,695,0x10,0x1,21.6299992,26.051487,0.0237830952,-0.051232744,4.38831194e-06,30,1.01100004,1
695116100004962,133035078,2459084.853505075,59084.350787000003,18.0616074,0.0262342244,0,zg,8.9723167000000004,43.561477699999998,0.986999989,0.0399999991,20200823350775,695,0x10,0x1,21.6599998,26.1108189,0.0239617657,-0.0640582144,4.41731663e-06,30,1.10599995,1
695116100004962,133136153,2459085.8643242954,59085.361539400001,18.2614307,0.0294253342,0,zg,8.9723130999999992,43.561481000000001,1.074,-0.0820000023,20200824361481,695,0x10,0x1,22,26.2002125,0.0228452403,-0.0583839417,4.03731701e-06,30,1.07599998,1
695116100004962,133138194,2459085.8847306431,59085.381944399996,18.2483711,0.0291991122,0,zg,8.9723092999999992,43.5614797,1.28999996,-0.0430000015,20200824381944,695,0x10,0x1,21.9899998,26.1990967,0.0233531389,-0.0532719679,4.21092864e-06,30,1.04200006,1
695116100004962,133247201,2459086.974871316,59086.472013899998,18.0598717,0.0262089055,0,zg,8.9723276999999992,43.5614773,1.30999994,-0.0500000007,20200825472002,695,0x10,0x1,21.7399998,26.1218033,0.0232045576,-0.0442723446,4.11958717e-06,30,1.03100002,1
695116100004962,133340229,2459087.9067716366,59087.402291699997,18.0921516,0.0266862027,0,zg,8.9723348000000005,43.561472500000001,1.40900004,-0.0590000004,20200826402245,695,0x10,0x1,22.6800003,28.5773487,0.015227478,-0.0589810126,1.83396912e-06,300,1.01600003,2
695116100004962,133346564,2459087.9685695926,59087.465648099998,18.033947,0.025835339,0,zg,8.9723331999999996,43.561485500000003,0.514999986,-0.0329999998,20200826465625,695,0x10,0x1,21.4599991,26.054039,0.0250527728,-0.0577536225,4.87594252e-06,30,1.02699995,1
695116100004962,133433304,2459088.8360207742,59088.333043999999,17.7656403,0.0224359669,0,zg,8.9723229999999994,43.5614919,0.739000022,-0.00400000019,20200827333044,695,0x10,0x1,21.3600006,25.9802456,0.0248117913,-0.0475692302,4.91504989e-06,30,1.12399995,1
695116100004962,133447850,2459088.9814928961,59088.478506899999,18.0551224,0.0261398256,0,zg,8.9723679999999995,43.561480899999999,1.04299998,-0.061999999,20200827478484,695,0x10,0x1,21.3999996,26.0652294,0.0247951988,-0.0562392063,4.91530136e-06,30,1.046,1
695116100004962,133532944,2459089.8324839408,59089.329444399998,17.9421539,0.0245797988,0,zg,8.9723251000000008,43.561506999999999,0.884000003,-0.00700000022,20200828329444,695,0x10,0x1,20.8799992,26.1030655,0.029447373,-0.0391500741,6.88808223e-06,30,1.12600005,1
695116100004962,133539908,2459089.9021295197,59089.399085600002,18.1974545,0.0283416584,0,zg,8.9723325000000003,43.561467299999997,1.19200003,-0.074000001,20200828399086,695,0x10,0x1,21.3899994,26.1448002,0.0247545782,-0.0662168637,4.86319323e-06,30,1.01499999,1
695116100004962,133637285,2459090.8759632101,59090.372858800001,18.0635052,0.0262619518,0,zg,8.9723211999999997,43.561472899999998,0.721000016,-0.00899999961,20200829372859,695,0x10,0x1,21.1700001,26.2109127,0.0261781029,-0.0415702052,5.37307642e-06,30,1.03600001,1
695116100004962,133642138,2459090.9244963056,59090.421388900002,18.0742607,0.0264199711,0,zg,8.9723398999999997,43.561497600000003,1.07799995,-0.123000003,20200829421227,695,0x10,0x1,21.7199993,26.2006531,0.0219761431,-0.0402396545,3.80762594e-06,30,1.00800002,1
695116100004962,133730856,2459091.8117265608,59091.308564799998,17.9285908,0.0244028214,0,zg,8.9723184000000007,43.561492299999998,1.09000003,-0.0879999995,20200830308565,695,0x10,0x1,20.4899998,26.2701569,0.0350973047,-0.0451353639,1.02222884e-05,30,1.17499995,1
695116100004962,133833549,2459092.8387215789,59092.335497699998,17.9191723,0.0242811814,0,zg,8.972315,43.561495800000003,0.652999997,-0.0250000004,20200831335046,695,0x10,0x1,20.3099995,26.2418861,0.0366125666,-0.0596913472,1.26713167e-05,30,1.09099996,1
695116100004962,133945447,2459093.9577697036,59093.454479200002,18.0121078,0.0255272631,0,zg,8.9723089999999992,43.561502900000001,0.721000016,0.00499999989,20200901454479,695,0x10,0x1,20.2999992,26.2411213,0.0376227759,-0.0321618617,1.30430335e-05,30,1.03199995,1
695116100004962,134047510,2459094.9784544841,59094.475104199999,18.1502953,0.0275811628,0,zg,8.9723085999999999,43.561484299999996,0.675000012,-0.0839999989,20200902475058,695,0x10,0x1,20.1299992,26.1447697,0.0389308371,-0.0364517942,1.82580316e-05,30,1.06700003,1
695116100004962,134130607,2459095.8094746536,59095.306076399997,17.9632607,0.024859475,0,zg,8.9723137000000008,43.5614864,0.838,-0.0289999992,20200903306076,695,0x10,0x1,20.1800003,26.2060204,0.0363269709,-0.0578385219,1.37686293e-05,30,1.14699996,1
695116100004962,134135106,2459095.8544656476,59095.351064800001,17.9447193,0.0246135127,0,zg,8.9723494000000006,43.561512299999997,0.463999987,-0.0170000009,20200903351065,695,0x10,0x1,20.0300007,26.2086868,0.0367873497,-0.0262087155,1.48725385e-05,30,1.04700005,1
695116100004962,134250550,2459097.0089756646,59096.505509299997,17.9867058,0.0251763854,0,zg,8.9723313000000005,43.561499699999999,0.742999971,-0.0399999991,20200904505509,695,0x10,0x1,20.1599998,26.2356606,0.0377774723,-0.0553452335,1.48095896e-05,30,1.15699995,1
695116100004962,134339893,2459097.9024514626,59097.398935199999,17.8219986,0.0230840966,0,zg,8.9723100000000002,43.561491099999998,0.620000005,-0.0359999985,20200905398935,695,0x10,0x1,19.9699993,26.2493534,0.0420855619,-0.0480471216,1.98358812e-05,30,1.00800002,1
695116100004962,134341406,2459097.9175795973,59097.4140625,18.008831,0.0254815649,0,zg,8.9723573000000005,43.561488199999999,0.754000008,-0.0489999987,20200905414062,695,0x10,0x1,20.1299992,26.2288151,0.0398853123,-0.0269616451,1.6150625e-05,30,1.00999999,1
695116100004962,135240361,2459106.9075851948,59106.403611100002,18.1342583,0.0273297112,0,zg,8.9723462999999999,43.561489100000003,1.06099999,-0.0829999968,20200914403576,695,0x10,0x1,21.3199997,25.7120361,0.0274312347,-0.0557059646,5.88687044e-06,30,1.01800001,1
695116100004962,135336432,2459107.8683465584,59107.364328700001,18.2728386,0.0296250582,0,zg,8.9723358999999991,43.561496300000002,1.22800004,-0.0489999987,20200915364329,695,0x10,0x1,21.4599991,25.8111801,0.0266615283,-0.0417807996,5.5268938e-06,30,1.00899994,1
695116100004962,135532628,2459109.8303886899,59109.326284700001,18.2833233,0.0298104081,0,zg,8.9723229999999994,43.561497699999997,0.633000016,-0.023,20200917326273,695,0x10,0x1,21.2700005,25.6928902,0.027714422,-0.0397570096,5.90368018e-06,30,1.02999997,1
695116100004962,135533906,2459109.843167041,59109.339062500003,18.4631157,0.0332694948,32768,zg,8.9723216000000008,43.561464399999998,0.689999998,0.0270000007,20200917339062,695,0x10,0x1,21.1200008,25.6316452,0.0297505744,-0.0464974828,6.83898361e-06,30,1.01800001,1
695116100004962,135734980,2459111.8539913846,59111.349803199999,18.4112949,0.0322159864,0,zg,8.9723334000000001,43.561487399999997,0.536000013,0.00600000005,20200919349792,695,0x10,0x1,21.6800003,26.1243687,0.0225670878,-0.0472359993,3.94929657e-06,30,1.00999999,1
695116100004962,135832392,2459112.8281505969,59112.323923600001,18.2954006,0.0300260652,0,zg,8.9723124999999992,43.561480600000003,1.16900003,-0.0410000011,20200920323912,695,0x10,0x1,21.9200001,26.2329998,0.02256242,-0.0525278971,3.93208165e-06,30,1.02400005,1
695116100004962,135939348,2459113.8977521053,59113.393483799999,18.1066227,0.0269046538,0,zg,8.9723226999999994,43.561483600000003,1.05900002,-0.0329999998,20200921393484,695,0x10,0x1,21.5799999,26.1591301,0.0233010538,-0.0636388958,4.21310051e-06,30,1.02600002,1
695116100004962,136032831,2459114.832613491,59114.328310199999,18.3336868,0.0307249911,0,zg,8.9722956000000007,43.561475000000002,0.869000018,-0.0340000018,20200922328299,695,0x10,0x1,21.6100006,26.1842308,0.0237563532,-0.0608824193,4.31725357e-06,30,1.01600003,1
695116100004962,136142966,2459115.934007518,59115.429664399999,18.385519,0.0317094773,0,zg,8.972334,43.561475700000003,0.968999982,-0.0590000004,20200923429641,695,0x10,0x1,21.5599995,26.1888123,0.0230335407,-0.0658109859,4.07474135e-06,30,1.09200001,1
695116100004962,136226354,2459116.7679140037,59116.263541699998,17.9887848,0.0252048057,0,zg,8.9723054999999992,43.5614943,0.832000017,-0.0659999996,20200924263542,695,0x10,0x1,21.6100006,26.1560268,0.0249747746,-0.0512104891,4.86720091e-06,30,1.10599995,1
695116100004962,136328900,2459117.7934116237,59117.289004600003,18.1346741,0.0273361728,0,zg,8.9723188999999994,43.561484499999999,0.873000026,-0.00700000022,20200925289005,695,0x10,0x1,21.5499992,26.2499161,0.0253180675,-0.0495709106,4.9702885e-06,30,1.04999995,1
695116100004962,136443337,2459118.9378237925,59118.433379599999,18.4971981,0.0339888707,0,zg,8.9723913,43.5614755,0.977999985,-0.064000003,20200926432975,695,0x10,0x1,21.5400009,26.2784595,0.0243439097,-0.0866653472,4.62506659e-06,30,1.12100005,1
695116100004962,136524267,2459119.7471431079,59119.242673599998,18.3556137,0.0311360136,0,zg,8.9723137000000008,43.5614712,0.908999979,-0.104999997,20200927242674,695,0x10,0x1,20.9300003,26.250494,0.0303393751,-0.0680691972,7.14264706e-06,30,1.14100003,1
695116100004962,136626152,2459120.7660280038,59120.261527800001,18.2313404,0.0289080162,0,zg,8.9722829999999991,43.561504499999998,0.541999996,-0.0419999994,20200928261528,695,0x10,0x1,20.5599995,26.2261791,0.0357112586,-0.0388429016,1.04659757e-05,30,1.08500004,1
695116100004962,136729469,2459121.7992290873,59121.294699099999,18.2975388,0.0300644692,0,zg,8.9723322000000003,43.561498999999998,0.592999995,0.00899999961,20200929294699,695,0x10,0x1,20.7700005,26.2272835,0.0320500359,-0.0322167836,8.6175969e-06,30,1.02900004,1
695116100004962,136827695,2459122.7815130255,59122.276956000002,18.0901337,0.0266559608,0,zg,8.9723220999999995,43.561488500000003,0.479000002,-0.0170000009,20200930276944,695,0x10,0x1,20.2099991,26.2135849,0.0378896631,-0.0321998112,1.41939972e-05,30,1.04700005,1
695116100004962,136938731,2459123.8919008914,59123.387314799998,18.2014751,0.0284079816,0,zg,8.9723336000000007,43.561481700000002,0.677999973,-0.0890000015,20201001387315,695,0x10,0x1,19.9500008,26.2095814,0.0380254947,-0.0461051315,1.78910559e-05,30,1.05299997,1
695116100004962,137138486,2459125.8894954626,59125.384861099999,18.3456478,0.0309482254,0,zg,8.9723155999999999,43.5614676,0.800000012,-0.0450000018,20201003384861,695,0x10,0x1,20.2299995,26.279295,0.0375181809,-0.0668476745,1.43940033e-05,30,1.05799997,1
695116100004962,137324641,2459127.7510866406,59127.246412,18.1845627,0.0281306114,32768,zg,8.9723606999999994,43.561463199999999,0.926999986,-0.0469999984,20201005246412,695,0x10,0x1,19.8299999,25.730957,0.0430396274,-0.0403185748,2.91135602e-05,30,1.07700002,1
695116100004962,137533571,2459129.8404319785,59129.335717599999,18.4614887,0.033235684,0,zg,8.9723351000000005,43.561470999999997,0.896000028,-0.063000001,20201007335532,695,0x10,0x1,21.1599998,26.2637062,0.0260614958,-0.0547932573,5.27316206e-06,30,1.01499999,1
695116100004962,137732510,2459131.8298509656,59131.325104199997,18.3951378,0.0318971537,0,zg,8.9722951999999996,43.561493499999997,0.727999985,-0.0219999999,20201009325058,695,0x10,0x1,21.0200005,26.0776482,0.0272814613,-0.0396644734,5.78039544e-06,30,1.01199996,1
695116100004962,138026170,2459134.7664861549,59134.261701399999,17.9497776,0.0246802121,0,zg,8.9723184000000007,43.561503299999998,1.51999998,-0.0280000009,20201012261690,695,0x10,0x1,21.4200001,26.2307224,0.025667334,-0.054483708,5.04969739e-06,30,1.02600002,1
695116100004962,138238693,2459136.8917377382,59136.386932900001,18.4128838,0.032247588,0,zg,8.9723448000000001,43.561481299999997,1.06700003,-0.0410000011,20201014386933,695,0x10,0x1,21.6700001,26.2499485,0.0233590547,-0.0597555041,4.23696838e-06,30,1.12899995,1
695116100004962,138423795,2459138.7427686718,59138.237951399999,18.0695343,0.0263503399,0,zg,8.9723205000000004,43.561509800000003,0.718999982,-0.00100000005,20201016237951,695,0x10,0x1,21.4200001,26.1330681,0.0252330191,-0.0440240204,5.01874001e-06,30,1.04100001,1
695116100004962,138628259,2459140.7874180302,59140.2825926,18.6134682,0.0366099402,0,zg,8.9723199000000005,43.561502300000001,0.634000003,-0.050999999,20201018282581,695,0x10,0x1,21.7099991,26.2217388,0.0231450591,-0.0420764647,4.06693789e-06,30,1.00800002,1
695116100004962,139032435,2459144.8291762173,59144.324351900003,18.3789082,0.0315814205,0,zg,8.9723184000000007,43.561495600000001,0.643000007,-0.0240000002,20201022324352,695,0x10,0x1,21.9400005,26.2271633,0.0223122574,-0.0623057,3.82043117e-06,30,1.04400003,1
695116100004962,139234067,2459146.8454865157,59146.3406713,18.015955,0.0255811103,32768,zg,8.9722998,43.561436999999998,0.495000005,-0.0520000011,20201024340671,695,0x10,0x1,18.75,23.2888126,0.0574774146,-0.0146528957,0.000225602591,30,1.08299994,1
695116100004962,139545148,2459149.9562714808,59149.4514815,18.4255199,0.0325004496,0,zg,8.9724000000000004,43.5615083,0.559000015,-0.0140000004,20201027451482,695,0x10,0x1,20.4699993,26.0813408,0.0341276973,-0.0436212383,9.4568195e-06,30,1.72899997,1
695116100004962,139719975,2459151.7045269478,59151.199756900001,18.562561,0.0354296789,0,zg,8.9723132000000003,43.561485699999999,0.952000022,-0.0989999995,20201029199757,695,0x10,0x1,20.2199993,26.3110256,0.0366054215,-0.0396317691,1.28554848e-05,30,1.04499996,1
695116100004962,139924355,2459153.748294482,59153.243553200002,18.605854,0.0364300795,0,zg,8.9723489000000001,43.5615387,0.874000013,-0.0390000008,20201031243553,695,0x10,0x1,20.1200008,26.320446,0.0378587358,-0.0450236388,1.53699984e-05,30,1.00800002,1
695116100004962,140122343,2459155.7281454359,59155.223437499997,18.3960571,0.0319151655,0,zg,8.9723281999999998,43.561479200000001,0.66900003,0.0280000009,20201102223438,695,0x10,0x1,20.5300007,26.3021431,0.0345227346,-0.0358510315,1.00340339e-05,30,1.01199996,1
695116100004962,140327021,2459157.7748877192,59157.270219899998,18.7002296,0.0387453064,0,zg,8.9723191,43.561496200000001,0.841000021,0.0430000015,20201104270185,695,0x10,0x1,20.7700005,26.279211,0.0307188742,-0.0571788959,7.37690516e-06,30,1.023,1
695116100004962,141026403,2459164.7685274272,59164.264039399997,18.6360912,0.0371514,0,zg,8.9722725000000008,43.561481000000001,1.59300005,-0.00499999989,20201111264028,695,0x10,0x1,20.7399998,26.3002815,0.0328010283,-0.0552615188,8.27656731e-06,30,1.03699994,1
695116100004962,141422605,2459168.7304105787,59168.2260532,18.5064754,0.0341884047,0,zg,8.9723327000000008,43.561498899999997,1.33099997,-0.0670000017,20201115226053,695,0x10,0x1,21.3299999,26.314827,0.0242677629,-0.0673818812,4.55549889e-06,30,1.01300001,1
695116100004962,141620513,2459170.7094234121,59170.205138899997,18.2307739,0.0288984161,0,zg,8.9723316000000004,43.5615089,0.875,0.0359999985,20201117205093,695,0x10,0x1,21.0900002,26.303381,0.0260205306,-0.0546432026,5.25374935e-06,30,1.00800002,1
695116100004962,141822410,2459172.7283138745,59172.224108800001,18.5158138,0.0343909077,0,zg,8.9723422999999993,43.561479300000002,0.532999992,-0.0140000004,20201119224109,695,0x10,0x1,21.2199993,26.3639946,0.0394254029,-0.063183479,1.22527763e-05,30,1.01900005,1
695116100004962,142027093,2459174.7750568786,59174.270937499998,18.3805351,0.0316128731,0,zg,8.9723503000000004,43.561469099999997,0.465000004,-0.023,20201121270938,695,0x10,0x1,20.6700001,26.1686554,0.0344417952,-0.0750397518,1.05955714e-05,30,1.097,1
695116100004962,142222494,2459176.7289749701,59176.224942100001,18.6506882,0.0375064053,32768,zg,8.9722653999999995,43.561477500000002,0.755999982,-0.118000001,20201123224919,695,0x10,0x1,20.1700001,25.6276798,0.0409183539,-0.0617516749,1.8465129e-05,30,1.02900004,1
695116100004962,142418126,2459178.685203339,59178.181261600002,18.8799438,0.0437090509,0,zg,8.9723372000000001,43.5614779,0.926999986,-0.0939999968,20201125181250,695,0x10,0x1,21.0200005,26.3183651,0.0289048739,-0.0604686961,6.4573087e-06,30,1.00800002,1
695116100004962,142821721,2459182.7209504787,59182.2172106,18.7966347,0.0413129292,0,zg,8.9723366000000002,43.561496699999999,0.547999978,-0.0649999976,20201129217188,695,0x10,0x1,20.1599998,26.3036957,0.0364699326,-0.0460108444,1.36193876e-05,30,1.03999996,1
695116100004962,143018340,2459184.6870378372,59184.183402800001,18.7197456,0.0392480567,0,zg,8.9723497999999999,43.561467100000002,1.18599999,-0.0909999982,20201201183403,695,0x10,0x1,20.2999992,26.2953453,0.0361976363,-0.045840878,1.26153136e-05,30,1.01400006,1
695116100004962,143216009,2459186.6636180859,59186.160092600003,18.4256687,0.0325034223,0,zg,8.9723849999999992,43.5615497,1.32599998,0.0960000008,20201203160093,695,0x10,0x1,19.5699997,26.2905846,0.0410035029,-0.0239929017,2.49976601e-05,30,1.00800002,1
695116100004962,143418133,2459188.684740277,59188.181331,19.0099373,0.0478036106,0,zg,8.9722671999999992,43.561510300000002,0.899999976,-0.00899999961,20201205181331,695,0x10,0x1,20.8999996,26.3181858,0.0285110939,-0.0738055035,6.31507464e-06,30,1.01999998,1
695116100004962,143917733,2459193.6804427942,59193.177338000001,18.5122299,0.0343129858,0,zg,8.9722749999999998,43.561495000000001,0.630999982,-0.00899999961,20201210177326,695,0x10,0x1,21.1299992,26.0957127,0.0285637155,-0.0755877718,6.31660259e-06,30,1.028,1
695116100004962,144117291,2459195.6758933645,59195.172916700001,18.6405411,0.0372591354,0,zg,8.9723290000000002,43.561490200000001,1.36500001,-0.119000003,20201212172894,695,0x10,0x1,21.6599998,26.3057575,0.022098152,-0.074170731,3.79973631e-06,30,1.02900004,1
695116100004962,144418619,2459198.6889687199,59198.186192100002,18.4200554,0.0323907547,0,zg,8.9723580999999992,43.561493200000001,1.35899997,-0.0419999994,20201215186192,695,0x10,0x1,20.9099998,26.2719593,0.0290437452,-0.0648784786,6.5160425e-06,30,1.05900002,2
695116100004962,144520156,2459199.7042700122,59199.201562499999,18.7210503,0.0392819531,0,zg,8.9723162999999992,43.5614785,0.47299999,-0.0250000004,20201216201563,695,0x10,0x1,20.9699993,26.2936916,0.0277901422,-0.0604610033,5.95796109e-06,30,1.09500003,1
695116100004962,144819883,2459202.7013298902,59202.198831000002,18.8305187,0.0422669873,0,zg,8.9722849,43.561501399999997,0.813000023,0,20201219198819,695,0x10,0x1,21.1000004,26.2787209,0.026621867,-0.053054288,5.46534102e-06,30,1.10800004,1
695116100004962,145022391,2459204.726266223,59204.223912000001,18.7085342,0.0389581993,0,zg,8.9722474000000005,43.561516400000002,1.11699998,-0.00300000003,20201221223900,695,0x10,0x1,20.4699993,26.2619839,0.033318527,-0.0557797477,9.17502894e-06,30,1.204,1
695116100004962,145217101,2459206.6732310764,59206.171018499997,18.4614086,0.0332340226,32768,zg,8.9723805999999993,43.561460799999999,0.518000007,0.0850000009,20201223171019,695,0x10,0x1,19.5499992,25.5065861,0.0432502553,-0.0475359708,3.60680133e-05,30,1.07099998,1
695116100004962,145618438,2459210.6862998107,59210.184386599998,18.89221,0.0440764502,0,zg,8.9722998999999994,43.561470100000001,0.671000004,-0.063000001,20201227184375,695,0x10,0x1,20.2299995,26.2917919,0.0353081077,-0.0631810427,1.19524047e-05,30,1.12800002,1
695116100004962,146216137,2459216.662829157,59216.161377299999,18.8478527,0.0427658334,0,zg,8.9723123000000005,43.561486799999997,0.771000028,-0.0370000005,20210102161377,695,0x10,0x1,20.9899998,26.1332111,0.0291320216,-0.0602461956,6.55287295e-06,30,1.11000001,1
695116100004962,146411750,2459218.6187975425,59218.1175,18.809927,0.0416839197,0,zg,8.9723021999999997,43.561497500000002,1.08500004,-0.0359999985,20210104117500,695,0x10,0x1,21.1399994,26.2831249,0.0268492941,-0.0606508777,5.55530596e-06,30,1.03799999,1
695116100004962,146411844,2459218.61974657,59218.118449100002,18.7429581,0.0398571305,0,zg,8.9723427000000004,43.561501499999999,1.653,-0.00700000022,20210104118438,695,0x10,0x1,21.1299992,26.2767868,0.0270376224,-0.0569549613,5.61960542e-06,30,1.03900003,2
695116100004962,146519760,2459219.6988158943,59219.197604200002,19.0360374,0.0486812815,0,zg,8.9723793000000001,43.561503700000003,0.839999974,-0.0590000004,20210105197604,695,0x10,0x1,21.0400009,26.1613598,0.0321018435,-0.056001991,7.99084046e-06,30,1.26600003,2
695116100004962,146616157,2459220.6627089023,59220.161574099999,18.9379139,0.0454795063,0,zg,8.9723200999999992,43.561473200000002,0.867999971,-0.00100000005,20210106161562,695,0x10,0x1,21.0699997,26.2516785,0.0268716179,-0.0607919805,5.55434872e-06,30,1.14100003,2
695116100004962,146616251,2459220.6636463273,59220.1625116,19.0129204,0.0479029715,0,zg,8.9723100999999996,43.561501900000003,0.411000013,0.00400000019,20210106162512,695,0x10,0x1,21.0400009,26.2451038,0.0285898522,-0.0593091212,6.24440736e-06,30,1.14300001,1
695116100004962,146713136,2459221.6324228551,59221.131365699999,18.8081131,0.041633036,32768,zg,8.9722925999999994,43.5615028,0.893999994,-0.252999991,20210107131366,695,0x10,0x1,19.9099998,25.1711845,0.0445886515,-0.040303722,2.72944726e-05,30,1.07299995,2
695116100004962,146814605,2459222.6470288076,59222.146053199998,19.1323261,0.0520901121,32768,zg,8.9723895999999996,43.561350500000003,0.564999998,-0.119000003,20210108146053,695,0x10,0x1,19.7000008,24.8512573,0.0657393485,-0.0431862995,7.87116005e-05,30,1.11300004,2
695116100004962,146824690,2459222.7478771149,59222.246909699999,19.1135921,0.0514052324,0,zg,8.9723313000000005,43.561475700000003,0.713999987,0.0199999996,20210108246887,695,0x10,0x1,20.8400002,26.1650658,0.0302808937,-0.0446523018,7.0264623e-06,30,1.67200005,1
695116100004962,146913613,2459223.6370300897,59223.136134300003,19.1094513,0.0512553155,0,zg,8.9722761999999996,43.561467499999999,0.273000002,-0.00899999961,20210109136088,695,0x10,0x1,21.0599995,26.2712631,0.0288690701,-0.0645583645,6.42251598e-06,30,1.09500003,2
695116100004962,147017591,2459224.6767261112,59224.175914400003,20.1719208,0.111270592,0,zg,8.9726224999999999,43.5613004,1.15199995,0.112000003,20210110175903,695,0x10,0x1,20.2800007,26.2494354,0.0373954363,-0.0430699401,1.28550382e-05,30,1.23099995,1
695116100004962,147218560,2459226.6862504943,59226.185601899997,19.493763,0.0675852075,0,zg,8.9723942000000001,43.561273200000002,0.501999974,0.469999999,20210112185602,695,0x10,0x1,19.5499992,26.041254,0.0459067076,-0.0283495579,3.48978756e-05,30,1.301,1
695116100004962,147311516,2459227.6157349837,59227.115162000002,19.6332836,0.0748700947,0,zg,8.9723042,43.561473700000001,0.887000024,0.074000001,20210113115127,695,0x10,0x1,20.9500008,26.1169281,0.0425592475,-0.0442953482,1.3949646e-05,30,1.074,2
695116100004962,147415625,2459228.656738102,59228.15625,20.1230526,0.107376143,0,zg,8.9723349999999993,43.561458299999998,1.16199994,0.00999999978,20210114156250,695,0x10,0x1,21.0100002,26.0952663,0.0294937994,-0.0568758249,6.78503511e-06,30,1.19599998,1
695116100004962,147416486,2459228.6653485,59228.164861099998,20.2698822,0.119453013,0,zg,8.9723789000000007,43.561534799999997,0.876999974,-0.0430000015,20210114164861,695,0x10,0x1,20.8700008,26.0803585,0.0307560582,-0.0551090948,7.43162991e-06,30,1.23000002,2
695116100004962,147614994,2459230.6502674301,59230.149942099997,19.7228622,0.0799785182,0,zg,8.9723334000000001,43.561467,1.06500006,-0.0909999982,20210116149931,695,0x10,0x1,20.7700005,26.2061882,0.0300886184,-0.0562687218,7.15708575e-06,30,1.19299996,1
695116100004962,147811917,2459232.6193425995,59232.119178200002,19.122612,0.0517336577,0,zg,8.9723378,43.561479200000001,0.666000009,-0.0260000005,20210118119178,695,0x10,0x1,21.5499992,26.2752876,0.0241847951,-0.0551577099,4.60619958e-06,30,1.11399996,1
695116100004962,149413585,2459248.6347298655,59248.135856499997,19.2913589,0.0583512895,0,zg,8.9723410000000001,43.561486799999997,1.13699996,-0.0379999988,20210203135856,695,0x10,0x1,20.8199997,26.0318165,0.0319087915,-0.0564696677,8.12826784e-06,30,1.35800004,1
695116100004962,149614128,2459250.6400015638,59250.141284700003,19.1438446,0.0525164977,0,zg,8.9722624,43.561562600000002,0.533999979,0.00700000022,20210205141285,695,0x10,0x1,20.5699997,26.2007694,0.0328865498,-0.0387667716,8.71924658e-06,30,1.42700005,1
695116100004962,149813916,2459252.6377294254,59252.139166699999,19.1270523,0.0518962406,0,zg,8.9723425999999993,43.561484700000001,0.787,-0.0839999989,20210207139167,695,0x10,0x1,21.1700001,26.2028313,0.027351588,-0.0490945652,5.79077641e-06,30,1.45000005,1
695116100004962,150213436,2459256.6326239794,59256.1343634,19.3644505,0.0615137741,0,zg,8.9723210000000009,43.561490800000001,0.697000027,-0.0680000037,20210211134363,695,0x10,0x1,21.0499992,26.1528969,0.0273561422,-0.0436790287,5.78079016e-06,30,1.49600005,1
695116100004962,150614299,2459260.6409645774,59260.142997700001,18.798336,0.0413601696,0,zg,8.9722381999999996,43.561596600000001,0.694999993,0.0109999999,20210215142998,695,0x10,0x1,19.8299999,26.1083336,0.0426503047,-0.0368426926,2.30787082e-05,30,1.671,1
695116100004962,150914607,2459263.6438303669,59263.1460764,19.0963879,0.0507856421,0,zg,8.9725882000000006,43.561384500000003,0.505999982,0.397000015,20210218146065,695,0x10,0x1,19.2800007,26.120039,0.0426923484,-0.0151254041,4.02640071e-05,30,1.79700005,1
695116100004962,151116143,2459265.6590500134,59265.161435200003,19.2427216,0.0563488081,0,zg,8.9723892999999997,43.561445999999997,0.76700002,-0.140000001,20210220161435,695,0x10,0x1,20.1800003,26.1032677,0.037364386,-0.0273426622,1.3485881e-05,30,2.102,1
695116100004962,163142880,2459385.9266932844,59385.428807900003,18.8993111,0.044290863,0,zg,8.9723862000000008,43.561535399999997,0.666999996,-0.0120000001,20210620428785,695,0x10,0x1,20.8799992,26.1063614,0.030715609,-0.0590090938,7.37175378e-06,30,1.61399996,1
695116100004962,163339125,2459387.8892723187,59387.391250000001,18.7802773,0.0408621915,32768,zg,8.9722206999999994,43.561503700000003,0.92900002,0.0780000016,20210622391238,695,0x10,0x1,19.5799999,25.6151104,0.0766068622,-0.00510404026,0.000110321969,30,2.00500011,1
695116100004962,163744649,2459391.9448056282,59391.446493099997,19.4011307,0.0631726012,0,zg,8.9721457999999998,43.5614822,0.603999972,-0.0599999987,20210626446470,695,0x10,0x1,20.1399994,26.2175236,0.0395102836,-0.0610576719,1.62409415e-05,30,1.35800004,1
695116100004962,164143236,2459395.9309671996,59395.4323611,19.9632664,0.0954975411,0,zg,8.9723184000000007,43.561436999999998,0.675999999,-0.0839999989,20210630432350,695,0x10,0x1,20.5100002,26.0546227,0.0358402133,-0.0440556891,1.09245184e-05,30,1.37800002,1
695116100004962,164541967,2459399.9185827817,59399.419675899997,20.3128796,0.123203278,0,zg,8.9723555000000008,43.561504399999997,0.980000019,-0.171000004,20210704419549,695,0x10,0x1,21.3600006,26.1295662,0.0298962798,-0.0589544289,7.00401461e-06,30,1.38900006,1
695116100004962,164845061,2459402.9497528863,59402.450613399997,19.7478619,0.0814671963,0,zg,8.9723456000000006,43.561455100000003,0.647000015,-0.057,20210707450602,695,0x10,0x1,21.0900002,26.2210789,0.0311501324,-0.0548269711,7.55808605e-06,30,1.19599998,2
695116100004962,164940674,2459403.9059611163,59403.406747699999,19.8583603,0.0883895829,0,zg,8.9723983,43.561464999999998,0.625999987,0.0540000014,20210708406725,695,0x10,0x1,21.5699997,26.0792828,0.0243673958,-0.0525093116,4.62458365e-06,30,1.40199995,1
695116100004962,165041467,2459404.9139675675,59404.4146759,19.2700253,0.0574631318,0,zg,8.9723200999999992,43.561497099999997,0.998000026,-0.0939999968,20210709414676,695,0x10,0x1,21.4500008,25.9524517,0.0262131989,-0.041253332,5.39048051e-06,30,1.33700001,2
695116100004962,165146060,2459405.9599750545,59405.460601899998,18.8582745,0.0430693105,0,zg,8.9723383999999999,43.561470100000001,0.518000007,-0.0329999998,20210710460602,695,0x10,0x1,21.3600006,26.142622,0.0270179529,-0.0667218044,5.71529972e-06,30,1.13600004,1
695116100004962,165543366,2459409.9333536043,59409.433668999998,19.0875187,0.0504696816,0,zg,8.9723018000000003,43.561462499999998,0.999000013,-0.0480000004,20210714433669,695,0x10,0x1,21.5200005,26.0273018,0.0245052595,-0.0636039078,4.75246452e-06,30,1.18799996,2
695116100004962,165646478,2459410.9645459503,59410.464780100003,19.3405895,0.060460709,0,zg,8.9723457999999994,43.561467899999997,0.629999995,0.0419999994,20210715464769,695,0x10,0x1,21.4899998,26.0136795,0.0248778444,-0.0628533214,4.87705438e-06,30,1.09000003,2
695116100004962,165740527,2459411.9051178158,59411.405277799997,19.3518963,0.0609571375,0,zg,8.9723331000000002,43.561461600000001,0.887000024,-0.115999997,20210716405266,695,0x10,0x1,21.4500008,25.8938465,0.0256072879,-0.0472295247,5.10789459e-06,30,1.28600001,1
695116100004962,165844385,2459412.9437762629,59412.443854199999,19.0144405,0.0479536802,0,zg,8.9722896999999993,43.561481700000002,0.940999985,-0.0780000016,20210717443831,695,0x10,0x1,21.7000008,26.0475407,0.0255030356,-0.0558405481,5.11699909e-06,30,1.12899995,2
695116100004962,166041475,2459414.9148347653,59414.414756899998,19.2795467,0.0578576103,0,zg,8.9723223999999995,43.561498399999998,0.632000029,-0.0289999992,20210719414757,695,0x10,0x1,21.6399994,26.1745491,0.0244271308,-0.06760519,4.71596968e-06,30,1.20799994,2
695116100004962,166146461,2459415.9647790343,59415.464618099999,19.2278099,0.0557506606,0,zg,8.9723167000000004,43.5614828,0.856000006,-0,20210720464606,695,0x10,0x1,21.7399998,26.1881657,0.0228229333,-0.0588364787,4.13595626e-06,30,1.06299996,1
695116100004962,166543206,2459419.9325347203,59419.432060200001,19.3143044,0.0593239442,32768,zg,8.9723027999999996,43.561454900000001,0.551999986,-0.166999996,20210724432049,695,0x10,0x1,19.2399998,25.641407,0.0520648025,-0.0467541255,7.59733957e-05,30,1.11000001,2
695116100004962,167044569,2459424.9465631521,59424.445694399998,20.2518749,0.117911138,0,zg,8.9723013999999992,43.5614773,0.453000009,-0.0250000004,20210729445683,695,0x10,0x1,21,26.2225151,0.027963968,-0.0551003367,6.24056611e-06,30,1.05400002,1
695116100004962,167347052,2459427.9716252638,59427.470520800001,20.2470379,0.117499851,0,zg,8.9722971999999999,43.561488699999998,0.500999987,0.0109999999,20210801470521,695,0x10,0x1,21.3299999,26.1995106,0.0251679793,-0.0483793505,4.9561263e-06,30,1.01699996,1
695116100004962,167542335,2459429.9246119107,59429.423356500003,19.8760452,0.0895505548,0,zg,8.9723901000000001,43.561483099999997,0.628000021,-0.0989999995,20210803423356,695,0x10,0x1,21.4099998,26.2514324,0.0237920638,-0.0703612864,4.43336921e-06,30,1.06900001,1
695116100004962,168043256,2459434.9342063884,59434.4325694,20.1178722,0.106970534,0,zg,8.9723375000000001,43.561487700000001,0.625999987,0.00100000005,20210808432558,695,0x10,0x1,21.8500004,26.2178478,0.0223963093,-0.0460834652,3.91489766e-06,30,1.03400004,1
695116100004962,168242811,2459436.9298996464,59436.428113399998,20.4006386,0.131157458,0,zg,8.9722861999999992,43.5614968,1.33299994,-0.153999999,20210810428102,695,0x10,0x1,21.8999996,26.1511307,0.0233897306,-0.0543953441,4.25590497e-06,30,1.03299999,1
695116100004962,168542570,2459439.9277129299,59439.425706000002,20.5447521,0.143898845,0,zg,8.9723682,43.5614627,0.726999998,-0.0250000004,20210813425694,695,0x10,0x1,21.4899998,26.0447121,0.0245641563,-0.0526024923,4.70481837e-06,30,1.02699995,1
695116100004962,168832695,2459442.8291719649,59442.326955999997,20.2014465,0.113683872,0,zg,8.9723222000000007,43.561465099999999,1.41900003,0.112999998,20210816326944,695,0x10,0x1,21.3899994,26.1086369,0.0251016133,-0.0580112971,4.96888651e-06,30,1.25600004,1
695116100004962,169246942,2459446.9719271199,59446.469421299997,19.9370975,0.0936742947,0,zg,8.9722492000000003,43.561498200000003,1.01800001,0.0390000008,20210820469421,695,0x10,0x1,21.8400002,26.1644154,0.025446292,-0.0632959679,4.98679401e-06,30,1.01600003,1
695116100004962,169834628,2459452.8491817396,59452.346284699997,19.9352856,0.0935492963,0,zg,8.9724087000000008,43.561492000000001,0.744000018,0.074000001,20210826346181,695,0x10,0x1,20.5400009,26.2488041,0.0415086597,-0.0664041936,1.51745317e-05,30,1.09899998,1
695116100004962,170039006,2459454.8930964461,59454.390069399997,20.2253323,0.115669459,0,zg,8.9723313000000005,43.561461199999997,0.841000021,-0.142000005,20210828390058,695,0x10,0x1,21.1399994,26.2848015,0.0294258092,-0.0659769401,6.79862933e-06,30,1.02199996,1
695116100004962,170638057,2459460.8839665921,59460.380578700002,20.0791702,0.103984505,0,zg,8.9723255000000002,43.561492999999999,1.16499996,-0.166999996,20210903380544,695,0x10,0x1,21.7199993,26.290987,0.0228806976,-0.0638546795,4.10837947e-06,30,1.01699996,1
695116100004962,170834577,2459462.8492747247,59462.345775499998,19.8174248,0.0857590288,0,zg,8.9722988000000008,43.561473999999997,1.05400002,-0.0670000017,20210905345752,695,0x10,0x1,21.6000004,26.2819271,0.0228757169,-0.0627219006,4.13037469e-06,30,1.04799998,1
695116100004962,171043752,2459464.941136742,59464.437523100001,19.84589,0.0875798613,0,zg,8.9723112999999994,43.561462599999999,0.904999971,-0.114,20210907437407,695,0x10,0x1,21.6499996,26.1970425,0.0234776977,-0.0469178148,4.3118207e-06,30,1.03100002,1
695116100004962,171240712,2459466.9108469831,59466.407129599997,19.6955128,0.0783817619,0,zg,8.9723319999999998,43.5614937,0.94599998,-0.115000002,20210909407130,695,0x10,0x1,21.9099998,26.2533245,0.0244855881,-0.0608918145,4.72367446e-06,30,1.01199996,1
695116100004962,171443582,2459468.9396418328,59468.435821799998,19.9381104,0.0937441811,0,zg,8.9723223000000001,43.561481999999998,1.051,-0.0149999997,20210911435799,695,0x10,0x1,21.8600006,26.2492008,0.0246860161,-0.0624624193,4.74531771e-06,30,1.04299998,1
695116100004962,171637383,2459470.8777450183,59470.373830999997,20.1687222,0.111011803,0,zg,8.9723261000000001,43.561483699999997,0.588999987,-0.0219999999,20210913373831,695,0x10,0x1,21.7900009,26.2727737,0.0225022882,-0.0567708537,3.93682603e-06,30,1.00899994,1
695116100004962,171840620,2459472.9102118588,59472.406203699997,19.821743,0.0860327855,0,zg,8.9722956000000007,43.561457699999998,1.24399996,-0.0710000023,20210915406181,695,0x10,0x1,21.6499996,26.2604809,0.0241787881,-0.0555391163,4.47829507e-06,30,1.02199996,1
695116100004962,172041422,2459474.9183211317,59474.414224499997,19.8517685,0.0879606903,0,zg,8.9723161999999999,43.561486000000002,0.70599997,0.023,20210917414225,695,0x10,0x1,21.4899998,26.2327423,0.0244498886,-0.0568850935,4.677172e-06,30,1.03600001,1
695116100004962,172332834,2459477.8325617248,59477.328344900001,20.0129852,0.0990552679,0,zg,8.9723944000000007,43.561509800000003,0.796000004,0.30399999,20210920328333,695,0x10,0x1,20.3700008,26.2930031,0.0354140513,-0.0391688533,1.24486633e-05,30,1.02100003,1
695116100004962,172522747,2459479.7317666556,59479.2274769,20.0006142,0.0981584713,0,zg,8.9724699999999995,43.561523000000001,0.887000024,-0.270999998,20210922227442,695,0x10,0x1,20.0699997,26.1828899,0.0391635485,-0.044896502,1.80862826e-05,30,1.24899995,1
695116100004962,173428302,2459488.7875977783,59488.283020800001,19.7354107,0.0807223022,0,zg,8.9723354000000004,43.561467700000001,0.772000015,-0.050999999,20211001283009,695,0x10,0x1,21.5499992,26.2735138,0.0248963982,-0.0522596799,4.88780461e-06,30,1.03699994,1
695116100004962,174434950,2459498.8542734603,59498.3495023,18.7934818,0.0412255488,0,zg,8.9722942999999997,43.561487499999998,0.856999993,-0.0329999998,20211011349502,695,0x10,0x1,21.6800003,26.2613907,0.0251088962,-0.0606687181,4.90447019e-06,30,1.03699994,1
695116100004962,174841049,2459502.9153081295,59502.410497700002,20.130909,0.107993826,0,zg,8.9723661999999997,43.561600300000002,1.21000004,0.105999999,20211015410486,695,0x10,0x1,20.6299992,26.2335224,0.0337773971,-0.0603472441,9.17201942e-06,30,1.21500003,1
695116100004962,175040936,2459504.9141848274,59504.409363400002,20.0491943,0.101724386,0,zg,8.9724257999999999,43.5614457,0.375,-0.0130000003,20211017409340,695,0x10,0x1,20.5300007,26.1786633,0.0332779139,-0.054919634,9.48108664e-06,30,1.23300004,1
695116100004962,175624464,2459510.7494630753,59510.244641199999,19.4350433,0.0647503585,0,zg,8.9722819000000005,43.561493900000002,1.03999996,0.0850000009,20211023244595,695,0x10,0x1,20.6599998,26.2735901,0.031829495,-0.0526807122,8.31669422e-06,30,1.01600003,1
695116100004962,176322657,2459517.7313342625,59517.226574100001,20.1035519,0.105856679,0,zg,8.9722975999999992,43.5614907,0.628000021,-0.0560000017,20211030226574,695,0x10,0x1,21.8700008,26.2973175,0.0257069673,-0.0577944666,5.23864992e-06,30,1.01600003,1
695116100004962,176630469,2459520.8094105301,59520.304699100001,20.6022758,0.148084402,0,zg,8.9722855999999993,43.5615302,0.485000014,-0.0680000037,20211102304699,695,0x10,0x1,21.5900002,26.2888546,0.0215805043,-0.0568018518,3.6425422e-06,30,1.05900002,1
695116100004962,176825460,2459522.7592803086,59522.254606499999,20.057991,0.102382764,0,zg,8.9722861999999992,43.561463600000003,0.643999994,0.0170000009,20211104254560,695,0x10,0x1,21.7999992,26.3004646,0.0233627465,-0.0703847855,4.26701718e-06,30,1.01199996,1
695116100004962,177030672,2459524.8113530441,59524.306724499998,20.5586548,0.144910455,0,zg,8.9723074,43.561472700000003,0.518999994,-0.0670000017,20211106306713,695,0x10,0x1,21.8700008,26.287014,0.0231054742,-0.0608423613,4.17596675e-06,30,1.08399999,1
695116100004962,177222718,2459526.7317685294,59526.227187500001,20.0840149,0.104354091,0,zg,8.9722796000000002,43.561468699999999,0.999000013,0.00300000003,20211108227176,695,0x10,0x1,21.9300003,26.297533,0.0228436552,-0.0563304611,4.04592447e-06,30,1.00800002,1
695116100004962,177525320,2459529.7577020903,59529.253206000001,19.9299088,0.0931792855,0,zg,8.9723486999999995,43.561537299999998,0.583000004,-0.0379999988,20211111253194,695,0x10,0x1,21.0200005,26.3105106,0.026449848,-0.0591782406,5.39677558e-06,30,1.02400005,1
695116100004962,177734215,2459531.8465831648,59531.342152800004,19.403265,0.0632706657,0,zg,8.9723237000000005,43.561475600000001,0.589999974,-0.0689999983,20211113342153,695,0x10,0x1,20.9599991,26.2447319,0.0276041646,-0.0421672389,5.86234137e-06,30,1.26199996,1
695116100004962,178324366,2459537.747883636,59537.243669000003,19.8159332,0.0856646746,0,zg,8.9722980000000003,43.561478000000001,0.142000005,-0.293000013,20211119243623,695,0x10,0x1,19.8700008,26.1524944,0.0412611179,-0.0495794229,2.46055242e-05,30,1.03799999,1
695116100004962,179621962,2459550.7232223083,59550.219629599997,19.3740711,0.0619441159,0,zg,8.9723172000000009,43.5614712,0.460000008,-0.0460000001,20211202219595,695,0x10,0x1,21.4599991,26.2926655,0.023516003,-0.0636440217,4.34517824e-06,30,1.05400002,1
695116100004962,187317728,2459627.6751207202,59627.177280099997,18.9013805,0.0443535969,0,zg,8.9723231999999999,43.561432199999999,0.488999993,-0.0189999994,20220217177269,695,0x10,0x1,18.9200001,26.0323296,0.0523018613,-0.0264829416,8.62122615e-05,30,2.22600007,1
695116100004962,187517300,2459629.6707103294,59629.173009300001,18.7502384,0.0400506742,0,zg,8.9724915000000003,43.561596399999999,1.34099996,0.365999997,20220219172998,695,0x10,0x1,19.1000004,26.048521,0.0451730676,-0.0282186344,5.42315502e-05,30,2.24900007,1
695116100004962,196847482,2459722.9710857328,59722.474826400001,19.2748222,0.0576614887,0,zg,8.9723705000000002,43.5614791,0.555999994,0.0970000029,20220523474826,695,0x10,0x1,20.2900009,26.0770493,0.0407434627,-0.0399344675,1.48279187e-05,30,1.99000001,1
695116100004962,196847719,2459722.9734585444,59722.477199100002,19.1302338,0.0520130582,0,zg,8.9722708999999998,43.561481100000002,0.822000027,-0.122000001,20220523477188,695,0x10,0x1,20.3999996,26.0798283,0.0363195911,-0.0435629375,1.16299507e-05,30,1.954,1
695116100004962,196847957,2459722.9758313517,59722.479571800002,19.0536766,0.0492854007,0,zg,8.9722472,43.561484999999998,1.00100005,-0.104000002,20220523479560,695,0x10,0x1,20.3899994,26.0878372,0.0363027453,-0.0409396812,1.14223321e-05,30,1.91999996,1
695116100004962,196848194,2459722.9782040529,59722.481944400002,18.9945049,0.0472936966,0,zg,8.9723480999999996,43.561508000000003,0.736000001,-0.0500000007,20220523481933,695,0x10,0x1,20.0799999,26.0883503,0.038518846,-0.0303697996,1.61682819e-05,30,1.88699996,1
695116100004962,196848432,2459722.9805884566,59722.484328699997,18.8420029,0.042596668,0,zg,8.9723912000000006,43.561464899999997,0.481999993,0.0240000002,20220523484306,695,0x10,0x1,19.8400002,26.1029987,0.040752504,-0.0434362851,2.15009823e-05,30,1.85500002,1
695116100004962,200344405,2459757.9424178633,59757.444050899998,18.8931408,0.0441044569,0,zg,8.9723120000000005,43.561487900000003,1.03299999,0.0270000007,20220627444039,695,0x10,0x1,21.3700008,26.1741619,0.0255999658,-0.0565361381,5.15243437e-06,30,1.36099994,2
695116100004962,201042770,2459764.926597062,59764.427708299998,19.2387295,0.0561879426,0,zg,8.9722988000000008,43.561465300000002,0.486000001,-0.0469999984,20220704427708,695,0x10,0x1,21.4799995,26.2512321,0.0231898539,-0.0799437538,4.30552336e-06,30,1.34500003,1
695116100004962,201242820,2459766.9272477822,59766.428205999997,19.440712,0.0650182813,0,zg,8.9723465999999998,43.5614597,0.926999986,-0.00700000022,20220706428206,695,0x10,0x1,21.4400005,26.2470284,0.0245576967,-0.0775319114,4.72645388e-06,30,1.31200004,1
695116100004962,201542392,2459769.9231968066,59769.423923599999,19.595417,0.0728140026,0,zg,8.9723672000000008,43.5614706,0.458999991,-0.0170000009,20220709423900,695,0x10,0x1,21.4599991,26.2408676,0.0226583965,-0.0630661622,4.06921708e-06,30,1.29200006,1
695116100004962,201546232,2459769.9616026124,59769.462326399997,19.4437771,0.0651637018,0,zg,8.9723448999999995,43.561491199999999,1.25399995,-0.0359999985,20220709462257,695,0x10,0x1,21.3600006,26.2761917,0.0226666294,-0.0797187835,4.06691834e-06,30,1.14100003,1
695116100004962,202640111,2459780.9012469845,59780.4011111,19.7439384,0.0812317207,0,zg,8.9723880999999999,43.561487900000003,0.43900001,0.0410000011,20220720401111,695,0x10,0x1,20.8799992,26.1492195,0.030586211,-0.0754336864,7.43370629e-06,30,1.25699997,1
695116100004962,202645107,2459780.9512162688,59780.451076400001,20.0379143,0.100885794,0,zg,8.9723427999999998,43.561439300000004,0.546000004,0.0219999999,20220720451065,695,0x10,0x1,20.9400005,26.1305103,0.0287868623,-0.0776765868,6.54132964e-06,30,1.09200001,1
695116100004962,202844834,2459782.9486427861,59782.448344900004,20.0798798,0.104038447,0,zg,8.9722936000000004,43.561481200000003,0.578999996,-0.0500000007,20220722448322,695,0x10,0x1,21.3500004,26.1493797,0.0234300308,-0.0466284007,4.32845582e-06,30,1.08599997,1
695116100004962,203040395,2459784.9044107734,59784.403958299998,19.8232841,0.0861307159,0,zg,8.9723799999999994,43.561455199999997,0.713999987,-0.0649999976,20220724403947,695,0x10,0x1,21.4899998,26.139061,0.0247017536,-0.0865942687,4.84239763e-06,30,1.20000005,1
695116100004962,203244903,2459786.949653279,59786.449039400002,20.2465,0.117454305,0,zg,8.9723161000000005,43.561485500000003,0.529999971,0.0579999983,20220726449028,695,0x10,0x1,21.8799992,26.1849766,0.021791907,-0.0561979972,3.7489724e-06,30,1.06299996,1
695116100004962,203445315,2459788.9539312371,59788.453159700002,20.5090981,0.141304612,0,zg,8.9723004,43.561507499999998,0.393000007,-0.0370000005,20220728453056,695,0x10,0x1,21.6900005,26.1645088,0.0228571519,-0.0393119939,4.16105422e-06,30,1.04799998,1
695116100004962,203636619,2459790.8671134599,59790.366192100002,20.48633,0.139306083,0,zg,8.9723202999999998,43.561434599999998,0.75999999,0.0579999983,20220730366181,695,0x10,0x1,21.5200005,26.0870533,0.0242529716,-0.0418778509,4.62957314e-06,30,1.29400003,1
695116100004962,204441092,2459798.9124670178,59798.410925900003,19.1089706,0.051237952,0,zg,8.9723176000000002,43.561480699999997,0.70599997,-0.0460000001,20220807410926,695,0x10,0x1,21.6900005,26.2225628,0.0223320257,-0.053637132,3.92774064e-06,30,1.07299995,1
695116100004962,204742930,2459801.9310732731,59801.429305600002,19.6057091,0.0733669251,0,zg,8.9723030000000001,43.561489199999997,0.666999996,-0.0710000023,20220810429306,695,0x10,0x1,20.9400005,26.2412834,0.0285226032,-0.0460620373,6.4905621e-06,30,1.03199995,1
695116100004962,204947802,2459803.9799399236,59803.478020800001,19.5103245,0.0684089065,0,zg,8.9722940999999992,43.561456300000003,0.967999995,-0.0989999995,20220812478009,695,0x10,0x1,20.5499992,26.2209263,0.0352302119,-0.0341463797,1.16599667e-05,30,1.00999999,1
695116100004962,205245384,2459806.9559779717,59806.4538426,19.4526196,0.0655850545,0,zg,8.9722978999999992,43.561485300000001,0.32100001,0.00800000038,20220815453819,695,0x10,0x1,20.7399998,26.1963863,0.0316641293,-0.0398558415,8.57294981e-06,30,1.00899994,1
695116100004962,205432194,2459808.8242130163,59808.321944399999,19.8732243,0.0893643945,0,zg,8.9723618999999992,43.561483099999997,0.493999988,-0.0970000029,20220817321944,695,0x10,0x1,20.8899994,26.1350288,0.0291696545,-0.03730084,6.99184875e-06,30,1.26999998,1
695116100004962,205636473,2459810.8671458438,59810.364733800001,19.9453964,0.0942488015,0,zg,8.9721676000000006,43.561508099999998,0.962000012,-0.229000002,20220819364722,695,0x10,0x1,20.9099998,26.0956612,0.0345319286,-0.0472489856,9.58145847e-06,30,1.10300004,1
695116100004962,205934082,2459813.8434379646,59813.340821799997,19.5553131,0.0707013533,0,zg,8.9723053000000004,43.561490900000003,0.495999992,0.0170000009,20220822340822,695,0x10,0x1,21.4699993,26.191618,0.0242943596,-0.0820277408,4.70473333e-06,30,1.14499998,1
695116100004962,206143339,2459815.9361472637,59815.4333912,20.1596165,0.110278293,0,zg,8.9723290999999996,43.561513400000003,0.874000013,-0.0780000016,20220824433380,695,0x10,0x1,21.7999992,26.195385,0.0220401119,-0.0538860485,3.80775327e-06,30,1.00800002,1
695116100004962,206342527,2459817.9281640104,59817.425277800001,20.1916885,0.112881221,0,zg,8.9723772999999998,43.561470499999999,1.02900004,-0.0450000018,20220826425255,695,0x10,0x1,21.75,26.1735058,0.0215614997,-0.0429161116,3.65111487e-06,30,1.00800002,1
695116100004962,206542280,2459819.925814514,59819.4228009,20.4559288,0.13637273,0,zg,8.9723948999999994,43.561502900000001,0.319000006,-0.104999997,20220828422789,695,0x10,0x1,21.4200001,26.2518024,0.0264492985,-0.011645576,5.51409357e-06,30,1.00800002,1
695116100004962,206842100,2459822.9242055588,59822.421006899996,19.9350166,0.093530722,0,zg,8.9723360000000003,43.561480099999997,0.610000014,-0.0340000018,20220831420995,695,0x10,0x1,21.6100006,26.2318535,0.0221233889,-0.0407782532,3.80829056e-06,30,1.00899994,1
695116100004962,207040484,2459824.9081662898,59824.404849500002,20.6754627,0.1534096,0,zg,8.9723666000000009,43.561501800000002,0.620000005,-0.107000001,20220902404838,695,0x10,0x1,21.4699993,26.1808548,0.0244108252,-0.0328901894,4.6190471e-06,30,1.00899994,1
695116100004962,207236650,2459826.8699346674,59826.366504600002,19.4598732,0.0659329742,0,zg,8.9723886999999998,43.561501999999997,0.796000004,-0.107000001,20220904366470,695,0x10,0x1,21.0100002,26.206007,0.028665768,-0.025474824,6.56654765e-06,30,1.02699995,1
695116100004962,207446778,2459828.9713367666,59828.467789399998,19.728775,0.0803280771,0,zg,8.9723203999999992,43.561478399999999,0.465999991,0.0410000011,20220906467766,695,0x10,0x1,21.2099991,26.1854267,0.0261863004,-0.0317770392,5.33408229e-06,30,1.07200003,1
695116100004962,208530605,2459839.8101342777,59839.306053200002,19.1999111,0.0546511076,0,zg,8.9722801000000008,43.561498999999998,0.976999998,-0.057,20220917306053,695,0x10,0x1,21.4899998,26.2620716,0.0257789865,-0.0471905917,5.16118325e-06,30,1.05999994,1
695116100004962,208536322,2459839.8673127643,59839.363229199997,19.8820229,0.0899464041,0,zg,8.9723900000000008,43.561487399999997,1.23800004,-0.149000004,20220917363218,695,0x10,0x1,21.4300003,26.2757149,0.0240482558,-0.0483181104,4.55955569e-06,30,1.00899994,1
695116100004962,208636141,2459840.8655382413,59840.361411999998,19.655014,0.0760774091,0,zg,8.9722966999999993,43.561511199999998,0.819999993,-0.0270000007,20220918361400,695,0x10,0x1,21.4899998,26.2732906,0.0224540904,-0.0485021994,3.92543689e-06,30,1.00899994,2
695116100004962,208728127,2459841.7854376421,59841.281273100001,19.5386982,0.0698452517,0,zg,8.9723158000000005,43.561492899999998,0.680999994,-0.0480000004,20220919281250,695,0x10,0x1,21.8099995,26.2706547,0.0236314889,-0.0665811971,4.41704742e-06,30,1.10000002,1
695116100004962,208730076,2459841.8049292513,59841.300763899999,19.1904602,0.0542843156,0,zg,8.9723369000000002,43.561478600000001,1.08399999,-0.145999998,20220919300764,695,0x10,0x1,21.7900009,26.2763023,0.0238342695,-0.0661819279,4.47794764e-06,30,1.05999994,2
695116100004962,208732063,2459841.8248027731,59841.320636600001,19.0987301,0.0508694798,0,zg,8.9723210000000009,43.561484299999996,0.992999971,-0.0320000015,20220919320613,695,0x10,0x1,21.7299995,26.2770309,0.0230282787,-0.0585143529,4.18069158e-06,30,1.03199995,1
695116100004962,208934290,2459843.8471519444,59843.342905099998,19.2096043,0.0550302677,0,zg,8.9723085999999999,43.561493900000002,0.718999982,0.0359999985,20220921342905,695,0x10,0x1,21.7600002,26.2766323,0.0225302149,-0.0496183932,3.97218128e-06,30,1.01100004,1
695116100004962,209236576,2459846.8701222106,59846.365763900001,19.6036682,0.0732569396,0,zg,8.9723290000000002,43.561486500000001,1.32799995,-0.0659999996,20220924365764,695,0x10,0x1,21.5699997,26.2673111,0.0217859503,-0.0485174507,3.79053017e-06,30,1.01199996,1
695116100004962,209436781,2459848.8722384642,59848.367812500001,20.1121025,0.106520459,0,zg,8.9723497000000005,43.5615077,1.16600001,-0.0250000004,20220926367766,695,0x10,0x1,21.5400009,26.2531147,0.0230015945,-0.0393519066,4.1225594e-06,30,1.01499999,1
695116100004962,209638681,2459850.8913061954,59850.386817099999,19.4644222,0.0661521703,0,zg,8.9723106000000001,43.561481000000001,0.819000006,-0.112999998,20220928386817,695,0x10,0x1,21.6800003,26.2283134,0.022635974,-0.0436251648,3.99711962e-06,30,1.03799999,1
695116100004962,209833994,2459852.844487329,59852.339942099999,19.6889191,0.0780017301,0,zg,8.9723264999999994,43.561490999999997,0.463,-0.00700000022,20220930339896,695,0x10,0x1,21.7399998,26.2659931,0.0220745951,-0.0477358364,3.81889004e-06,30,1.00899994,1
695116100004962,210036503,2459854.8696329035,59854.3650347,19.0804749,0.0502204485,0,zg,8.9723085000000005,43.561489299999998,1.03900003,-0.0390000008,20221002365023,695,0x10,0x1,21.9300003,26.2343845,0.0220567845,-0.0447970591,3.79863241e-06,30,1.02600002,1
695116100004962,210231987,2459856.8245169567,59856.319872699998,19.0322304,0.0485520437,0,zg,8.9723349999999993,43.561518200000002,0.838999987,-0.061999999,20221004319688,695,0x10,0x1,21.3299999,26.2194061,0.0241406653,-0.0308104064,4.53288339e-06,30,1.00800002,1
695116100004962,210441052,2459858.9152086852,59858.410520799996,18.8706551,0.0434333794,0,zg,8.9722817999999993,43.561516900000001,0.800999999,-0.118000001,20221006410509,695,0x10,0x1,20.8899994,26.2127075,0.0294269845,-0.0353671126,6.78784681e-06,30,1.13,1
695116100004962,210634548,2459860.8502092296,59860.345486099999,19.0799408,0.050201606,0,zg,8.9723185000000001,43.561471300000001,0.60799998,-0.064000003,20221008345370,695,0x10,0x1,20.5699997,26.2417316,0.0348649286,-0.0487038605,1.10678766e-05,30,1.023,1
695116100004962,210838718,2459862.8919423213,59862.387187499997,18.9385986,0.0455009267,0,zg,8.9723500999999999,43.561439800000002,0.273000002,-0.0820000023,20221010387187,695,0x10,0x1,19.9099998,26.235323,0.039435003,-0.021765735,1.98809066e-05,30,1.09800005,1
695116100004962,211039340,2459864.8981832708,59864.3934028,18.3422432,0.0308844466,0,zg,8.9723182000000001,43.561517799999997,1.05900002,-0.00800000038,20221012393391,695,0x10,0x1,19.8700008,26.1786327,0.0387351029,-0.0166015271,1.90721639e-05,30,1.12800002,1
695116100004962,211529157,2459869.7963941055,59869.291574100003,18.8787899,0.0436746851,0,zg,8.9723444000000008,43.5615059,0.609000027,-0.0500000007,20221017291562,695,0x10,0x1,21.3099995,26.2361088,0.0239908993,-0.038142018,4.51913411e-06,30,1.00899994,1
695116100004962,211724322,2459871.7480556997,59871.243229200001,18.9683018,0.046442885,0,zg,8.9722796000000002,43.561520999999999,0.958999991,-0.104999997,20221019243194,695,0x10,0x1,21.2399998,26.2566967,0.0249142144,-0.0418260694,4.91608989e-06,30,1.02699995,1
695116100004962,211921826,2459873.7230915697,59873.218263900002,19.3171196,0.0594445579,0,zg,8.9723219000000007,43.561481800000003,0.985000014,-0.123000003,20221021218252,695,0x10,0x1,21.6800003,26.235157,0.0236449409,-0.0498196743,4.3738778e-06,30,1.05200005,1
695116100004962,212328325,2459877.7880651928,59877.283252300003,19.0603218,0.0495152995,0,zg,8.9723109000000001,43.561488199999999,0.368000001,-0.0370000005,20221025283241,695,0x10,0x1,21.5,26.2587929,0.0233569276,-0.0594716966,4.22301855e-06,30,1.01199996,1
695116100004962,212532434,2459879.8291370156,59879.324340300001,18.9608002,0.046202749,0,zg,8.9723348000000005,43.561490499999998,0.629999995,-0.00200000009,20221027324340,695,0x10,0x1,21.2299995,26.2299118,0.0271270107,-0.0428013057,5.63624326e-06,30,1.06400001,1
695116100004962,212734966,2459881.854439294,59881.349664399997,19.5050011,0.0681429431,0,zg,8.9722913000000002,43.561494799999998,1.17499995,-0.128000006,20221029349653,695,0x10,0x1,21.3299999,26.2256317,0.024323618,-0.0531216264,4.55119789e-06,30,1.13499999,1
695116100004962,212924085,2459883.7456059032,59883.240856500001,18.662178,0.0377890505,0,zg,8.9723044999999999,43.561490499999998,1.20099998,-0.0670000017,20221031240741,695,0x10,0x1,21.4799995,26.2532539,0.0235377401,-0.0520222038,4.35008951e-06,30,1.00899994,1
695116100004962,213423660,2459888.7412670786,59888.236608799998,19.466814,0.0662677288,32768,zg,8.9723767999999993,43.561512700000002,1.005,-0.382999986,20221105236597,695,0x10,0x1,19.6200008,25.8584709,0.0410160758,-0.0328168347,3.09430361e-05,30,1.00800002,1
695116100004962,214222284,2459896.7272899351,59896.222847199999,19.2936516,0.0584476478,0,zg,8.9722697,43.561526000000001,0.890999973,-0.0579999983,20221113222650,695,0x10,0x1,20.7000008,26.2422562,0.0294677671,-0.0363165624,6.92672165e-06,30,1.00899994,1
695116100004962,214421740,2459898.7217832194,59898.2174074,19.0796261,0.0501905084,0,zg,8.9723126999999998,43.561472600000002,0.870000005,0.00100000005,20221115217292,695,0x10,0x1,21.1800003,26.0632782,0.0266137943,-0.0573472381,5.39922848e-06,30,1.00899994,1
695116100004962,214620699,2459900.7112946678,59900.206990699997,19.1746674,0.0536777452,0,zg,8.9722165999999994,43.561579299999998,0.561999977,0.0140000004,20221117206991,695,0x10,0x1,20,26.2540188,0.0403264314,-0.035275463,1.75554887e-05,30,1.00899994,1
695116100004962,214828054,2459902.7847677371,59902.280544000001,19.348135,0.0607914887,0,zg,8.9723892999999997,43.561590799999998,0.587000012,0.0199999996,20221119280532,695,0x10,0x1,20.3500004,26.2318344,0.036998257,-0.0378593989,1.21558351e-05,30,1.10399997,1
695116100004962,215018078,2459904.6849325392,59904.180786999998,18.9192333,0.0448994301,0,zg,8.9723156999999993,43.561484800000002,0.769999981,0.0439999998,20221121180729,695,0x10,0x1,21.3700008,26.2509556,0.0240641888,-0.047206562,4.50408652e-06,30,1.00999999,1
695116100004962,215220045,2459906.7045089495,59906.2004514,19.0876312,0.0504737049,0,zg,8.9723111000000006,43.561484900000004,0.39199999,0.0140000004,20221123200428,695,0x10,0x1,21.5699997,26.2661648,0.0229616538,-0.051206056,4.04743923e-06,30,1.01100004,1
695116100004962,215424040,2459908.7443687976,59908.240405099998,19.6547127,0.0760605112,0,zg,8.9723836000000006,43.5615709,0.89200002,0.0189999994,20221125240394,695,0x10,0x1,20.7099991,26.2624073,0.0303682406,-0.0423783734,7.11719349e-06,30,1.05599999,1
695116100004962,215621553,2459910.7194005977,59910.215532399998,19.0396996,0.048805967,0,zg,8.9723158000000005,43.561480099999997,0.333000004,-0.0410000011,20221127215521,695,0x10,0x1,21.4099998,26.2630272,0.0234540813,-0.0490827337,4.25417966e-06,30,1.02999997,1
695116100004962,216822913,2459922.7323282887,59922.2291319,19.9925117,0.0975752696,0,zg,8.9723112,43.561541200000001,1.30900002,-0.307000011,20221209229132,695,0x10,0x1,20.3099995,26.234251,0.0349423289,-0.0328807272,1.16907067e-05,30,1.11199999,1
695116100004962,217420137,2459928.704187823,59928.2013773,19.2427902,0.0563515909,0,zg,8.9723685,43.561549100000001,0.351000011,-0.0350000001,20221215201377,695,0x10,0x1,20.4599991,26.1455612,0.0368235372,-0.0383640006,1.08553422e-05,30,1.08500004,1
695116100004962,217813062,2459932.6331654238,59932.130624999998,19.1755753,0.0537124164,0,zg,8.9723091999999998,43.561490599999999,0.653999984,0,20221219130556,695,0x10,0x1,21.7199993,26.247961,0.0252732225,-0.0522423051,4.94279038e-06,30,1.01100004,1
695116100004962,218020059,2459934.7029837072,59934.200590300003,19.1562576,0.0529805981,0,zg,8.9723024000000002,43.561486799999997,0.660000026,-0.0780000016,20221221200567,695,0x10,0x1,21.3099995,26.2263603,0.0246648863,-0.048433885,4.65623634e-06,30,1.12300003,1
695116100004962,218217712,2459936.6793798702,59936.177129600001,19.3208714,0.0596056879,32768,zg,8.9722772000000006,43.561505699999998,1.03900003,-0.0869999975,20221223177072,695,0x10,0x1,20.9099998,25.9055767,0.0328704938,-0.0370981842,8.46157218e-06,30,1.08000004,1
695116100004962,219713770,2459951.6388063561,59951.137708299997,19.1242332,0.0517929494,0,zg,8.9722735999999994,43.561534199999997,0.941999972,-0.0850000009,20230107137708,695,0x10,0x1,20.0499992,26.2413158,0.0398560278,-0.0401759371,1.79936887e-05,30,1.08299994,1
695116100004962,220228159,2459956.7822801634,59956.281597200003,19.1448631,0.0525543727,0,zg,8.9724179999999993,43.561627199999997,0.788999975,-0.0909999982,20230112281586,695,0x10,0x1,19.5,25.922636,0.0419528894,-0.0236180667,3.11894473e-05,30,2.33400011,1
695116100004962,221517571,2459969.6753490041,59969.175717600003,19.4189682,0.0639971271,0,zg,8.9723731999999998,43.561521900000002,0.674000025,0.061999999,20230125175683,695,0x10,0x1,20.1700001,26.1776485,0.0395687073,-0.0285230987,1.45015138e-05,30,1.44799995,1
695116100004962,222314302,2459977.6420130893,59977.143020800002,19.6089172,0.0735401511,0,zg,8.9723845999999998,43.561588800000003,0.931999981,-0.230000004,20230202143021,695,0x10,0x1,20.1100006,26.1826439,0.0389297456,-0.040917404,1.58371222e-05,30,1.37600005,1
695116100004962,222615873,2459980.6574941999,59980.158738400001,19.1636333,0.0532586277,0,zg,8.9722720000000002,43.5615369,0.720000029,-0.0390000008,20230205158727,695,0x10,0x1,20.0100002,26.1526814,0.0377036296,-0.0178956166,1.75145942e-05,30,1.54900002,1
695116100004962,234344782,2460097.9445607411,60097.447824100003,19.4307232,0.0645469874,0,zg,8.9722842000000007,43.561367099999998,0.837000012,-0.0140000004,20230602447824,695,0x10,0x1,20.2199993,26.0128326,0.0371082798,-0.0224333871,1.38859241e-05,30,1.99600005,1
695116100004962,237041175,2460124.910252186,60124.411759299997,19.1725807,0.0535982139,0,zg,8.9723091999999998,43.561514600000002,1.30299997,-0.0540000014,20230629411759,695,0x10,0x1,21.1900005,26.1122074,0.0268414095,-0.0448910259,5.60251647e-06,30,1.55900002,1
695116100004962,237242302,2460126.9216632703,60126.423020800001,18.7032204,0.0388218127,0,zg,8.9722951999999996,43.561495000000001,0.824000001,-0.0659999996,20230701423009,695,0x10,0x1,20.7199993,26.1392975,0.032845784,-0.0446698479,8.58764906e-06,30,1.42999995,1
695116100004962,237945403,2460133.9532172419,60133.4540394,18.4019737,0.03203151,0,zg,8.9723144000000001,43.561506700000002,0.441000015,-0.00800000038,20230708454028,695,0x10,0x1,20.9099998,26.2286873,0.0295376871,-0.0376878306,6.93341872e-06,30,1.17900002,1
695116100004962,238140534,2460135.9046763945,60135.405347200001,18.8287659,0.0422169603,0,zg,8.9723431999999992,43.561480099999997,0.526000023,0.0270000007,20230710405347,695,0x10,0x1,20.8299999,26.2131119,0.0290749371,-0.0348619148,6.71514135e-06,30,1.38499999,1
695116100004962,238442504,2460138.9246115652,60138.425046299999,18.9315395,0.0452805497,0,zg,8.9723281999999998,43.5614986,0.718999982,-0.0469999984,20230713425046,695,0x10,0x1,21.2800007,26.0241566,0.0241255127,-0.0355252437,4.55511736e-06,30,1.23899996,1
695116100004962,238734075,2460141.8405469675,60141.340752299999,18.6674461,0.0379195698,0,zg,8.9722579000000007,43.561712399999998,1.22099996,0.200000003,20230716340752,695,0x10,0x1,19.1700001,26.0426559,0.0416434631,-0.0359920822,5.43072638e-05,30,1.81500006,1
695116100004962,239044472,2460144.9447622453,60144.444722200002,18.3784981,0.0315735005,0,zg,8.9722995000000001,43.561491799999999,0.734000027,0.00600000005,20230719444722,695,0x10,0x1,21.7099991,26.2519855,0.0217897426,-0.0705054775,3.80106144e-06,30,1.11600006,1
695116100004962,239445237,2460148.9527298724,60148.452372699998,19.1118031,0.0513404198,0,zg,8.9723120000000005,43.561495899999997,0.813000023,-0.0579999983,20230723452361,695,0x10,0x1,21.7099991,26.1589222,0.0220732335,-0.0634081513,3.95330744e-06,30,1.074,1
695116100004962,239642582,2460150.9263348728,60150.425821800003,18.533535,0.0347797163,0,zg,8.9723184000000007,43.561472799999997,1.28600001,-0.064000003,20230725425799,695,0x10,0x1,21.6900005,26.1905327,0.0223253332,-0.0623329915,4.03375361e-06,30,1.12300003,1
695116100004962,239942328,2460153.9240360577,60153.423286999998,18.6176414,0.0367090255,16,zg,8.9723381,43.561492700000002,0.959999979,-0.0799999982,20230728423275,695,0x10,0x1,21.6399994,26.1748447,0.0225288197,-0.032541465,4.1523831e-06,30,1.10800004,1
695116100004962,240636901,2460160.8703052951,60160.369016199998,18.8866673,0.0439099483,0,zg,8.9723477999999997,43.561468099999999,0.697000027,-0.0719999969,20230804369005,695,0x10,0x1,20.6299992,26.2261429,0.031136971,-0.0415727384,8.21350295e-06,30,1.222,1
695116100004962,240946767,2460163.9691992397,60163.467673599996,18.6960297,0.0386382192,0,zg,8.9723140000000008,43.561497299999999,0.532000005,0.0529999994,20230807467627,695,0x10,0x1,20.8700008,26.2585754,0.0291041303,-0.0485334508,6.77161688e-06,30,1.01100004,1
695116100004962,241440623,2460168.9081332465,60168.406238399999,18.4613132,0.0332320482,0,zg,8.9723348000000005,43.561475799999997,0.477999985,-0.063000001,20230812406238,695,0x10,0x1,21.7999992,26.2588615,0.0221053716,-0.0645643473,3.86624833e-06,30,1.05799997,1
695116100004962,241645464,2460170.9566858686,60170.454641199998,18.8276978,0.0421865061,32768,zg,8.9723989,43.561498100000001,0.792999983,0.0590000004,20230814454583,695,0x10,0x1,20.4799995,25.146122,0.0609241202,-0.0442229882,3.46097913e-05,30,1.00899994,1
695116100004962,241947162,2460173.9738816102,60173.4716204,18.9246788,0.0450675674,0,zg,8.9723137000000008,43.561487700000001,0.935000002,-0.0680000037,20230817471609,695,0x10,0x1,21.5300007,26.2393208,0.0221690796,-0.0435840189,3.88166109e-06,30,1.01199996,1
695116100004962,242442590,2460178.9285075003,60178.425902800001,18.7999725,0.041405689,0,zg,8.9723109999999995,43.561522500000002,1.21399999,0.0299999993,20230822425833,695,0x10,0x1,21.5599995,26.2659321,0.0223086979,-0.0405809507,4.2449492e-06,30,1.01100004,1
695116100004962,242641253,2460180.9152724347,60180.412534700001,19.2227173,0.0555480532,32768,zg,8.9723997000000004,43.561464800000003,0.407000005,0.0189999994,20230824412535,695,0x10,0x1,21.1000004,26.024662,0.0438754223,-0.118606105,1.55293146e-05,30,1.01499999,1
695116100004962,242842728,2460182.930149768,60182.427280099997,18.8217735,0.0420180969,0,zg,8.9723468999999998,43.561489100000003,1.403,-0.0469999984,20230826427222,695,0x10,0x1,21.3400002,26.2885437,0.0248049218,-0.0647627786,4.87895886e-06,30,1.00800002,1
695116100004962,243043125,2460184.9342477652,60184.431250000001,18.421648,0.0324226692,0,zg,8.9723518000000002,43.561481299999997,0.699000001,-0.0659999996,20230828431250,695,0x10,0x1,21.4300003,26.2589378,0.0228390992,-0.0496817902,4.0988507e-06,30,1.00899994,1
695116100004962,243247148,2460186.9746063235,60186.471481499997,18.3182793,0.0304409005,0,zg,8.9723322999999997,43.561492800000003,0.574999988,-0.00600000005,20230830471481,695,0x10,0x1,20.4200001,26.2259541,0.0375693403,-0.0401117615,1.29962918e-05,30,1.04499996,1
695116100004962,243745859,2460191.96201985,60191.458599500002,18.2541885,0.0292995535,0,zg,8.9723310999999999,43.561499499999996,0.583000004,-0.0240000002,20230904458310,695,0x10,0x1,20.3099995,26.2611694,0.035425894,-0.0474145152,1.11413838e-05,30,1.046,1
695116100004962,244041972,2460194.9233072419,60194.4197222,18.4246902,0.0324837603,0,zg,8.9723352999999992,43.561475899999998,0.657999992,-0.0270000007,20230907419537,695,0x10,0x1,21.25,26.2884464,0.0240789317,-0.080426313,4.55954705e-06,30,1.01499999,1
695116100004962,244232770,2460196.8313949197,60196.327708299999,18.4843178,0.0337144881,0,zg,8.9723225000000006,43.561474799999999,0.442000002,-0.0379999988,20230909327708,695,0x10,0x1,21.6100006,26.1797085,0.0227956492,-0.0637993142,4.11245219e-06,30,1.06200004,1
695116100004962,244636971,2460200.8736000834,60200.369710600004,18.9969711,0.0473747514,0,zg,8.9723252000000002,43.561504399999997,0.239999995,-0.0120000001,20230913369525,695,0x10,0x1,21.5499992,26.2509766,0.0233255476,-0.0341663808,4.21207142e-06,30,1.00999999,1
695116100004962,244843726,2460202.9412549688,60202.437268499998,18.073391,0.0264071301,0,zg,8.9723328999999996,43.561483099999997,0.616999984,0.0240000002,20230915437257,695,0x10,0x1,21.5699997,26.2233429,0.0232184008,-0.06246363,4.23006577e-06,30,1.05999994,1
695116100004962,245044247,2460204.946552888,60204.442476900003,18.3700142,0.0314102806,0,zg,8.9723205999999998,43.561491099999998,1.20200002,-0.0450000018,20230917442454,695,0x10,0x1,22.0300007,26.2254887,0.022432873,-0.0505801775,3.90085825e-06,30,1.08000004,1
695116100004962,245240234,2460206.9065085584,60206.4023495,18.369791,0.0314060114,0,zg,8.9723129000000004,43.561484,0.485000014,-0.0149999997,20230919402245,695,0x10,0x1,21.5699997,26.2658691,0.0223643519,-0.0547348745,3.89872548e-06,30,1.02699995,1
695116100004962,245536162,2460209.8658963293,60209.361620399999,19.2030563,0.0547737852,32768,zg,8.9721811999999996,43.561527099999999,0.395000011,-0.0320000015,20230922361620,695,0x10,0x1,19.7700005,25.0322533,0.0491150729,-0.0498744324,3.94544841e-05,30,1.00899994,1
695116100004962,245841056,2460212.9149523899,60212.4105671,18.7654743,0.040459659,0,zg,8.9723469999999992,43.561486199999997,1.18900001,-0.0680000037,20230925410567,695,0x10,0x1,21.7000008,26.2492886,0.0224313699,-0.0488278866,3.86554439e-06,30,1.06099999,1
695116100004962,246046508,2460214.9695335007,60214.465081000002,18.8826828,0.0437907688,0,zg,8.9723027999999996,43.561527499999997,1.29200006,-0.108000003,20230927465081,695,0x10,0x1,20.5100002,26.2118664,0.0344843939,-0.039228186,9.91280558e-06,30,1.23199999,1
695116100004962,246233516,2460216.8396711671,60216.335162000003,18.7589283,0.0402832963,0,zg,8.9722655000000007,43.5615077,0.349999994,0.0399999991,20230929334815,695,0x10,0x1,19.9400005,26.2933559,0.0413659997,-0.057589896,2.18208606e-05,30,1.00800002,1
695116100004962,246736416,2460221.8688059533,60221.364166699997,18.5066109,0.0341913402,0,zg,8.9723267,43.561512399999998,0.584999979,0.00499999989,20231004364144,695,0x10,0x1,20.6800003,26.2411442,0.0315388702,-0.0398797728,7.88090802e-06,30,1.02999997,1
695116100004962,246930280,2460223.8074815013,60223.302800899997,18.1447258,0.0274934284,0,zg,8.9723191999999994,43.561498,0.637000024,-0.0460000001,20231006302801,695,0x10,0x1,20.8999996,26.2530308,0.0305129401,-0.0525915921,7.32756735e-06,30,1.01100004,1
695116100004962,247424438,2460228.7491498035,60228.244386600003,18.6172466,0.0366996452,0,zg,8.9723036,43.561495200000003,0.912,-0.0579999983,20231011244375,695,0x10,0x1,21.5400009,26.2578907,0.0226951335,-0.0453676544,4.00411909e-06,30,1.05499995,1
695116100004962,247730629,2460231.8110939884,60231.306296299997,18.4588852,0.0331816822,0,zg,8.9723144000000001,43.561510599999998,0.717999995,-0.0370000005,20231014306296,695,0x10,0x1,21.2099991,26.2349243,0.0272032358,-0.0340453163,5.74669775e-06,30,1.00999999,1
695116100004962,247934908,2460233.8538990687,60233.349085599999,18.5103722,0.034272708,0,zg,8.9723409000000007,43.561507200000001,0.828999996,-0.0450000018,20231016349086,695,0x10,0x1,21.2999992,26.2434464,0.0239803605,-0.0474790484,4.49164736e-06,30,1.05400002,1
695116100004962,248119980,2460235.7046259562,60235.199803199997,18.3117409,0.0303214882,0,zg,8.9723132000000003,43.561495999999998,1.07599998,-0.0209999997,20231018199780,695,0x10,0x1,21.5400009,26.2489662,0.0224379301,-0.0590142421,3.99190412e-06,30,1.10699999,1
695116100004962,248323721,2460237.7420380684,60237.237210599997,18.7560749,0.0402067117,0,zg,8.9723030999999995,43.561483500000001,0.800000012,-0.0689999983,20231020237211,695,0x10,0x1,21.7600002,26.2133217,0.024367705,-0.0513764732,4.66734764e-06,30,1.03100002,1
695116100004962,248526302,2460239.7678471906,60239.263020799997,18.582159,0.0358778909,0,zg,8.9723375999999995,43.561483699999997,1.45500004,-0.00899999961,20231022263009,695,0x10,0x1,21.3999996,26.2607384,0.0235909745,-0.0297721289,4.36781556e-06,30,1.00999999,1
695116100004962,248846736,2460242.9721739735,60242.467361100003,18.958643,0.0461339988,0,zg,8.9722966999999993,43.561486600000002,1.20000005,-0.126000002,20231025467350,695,0x10,0x1,21.4400005,26.0663166,0.0247258209,-0.0321633816,4.76207424e-06,30,1.82700002,1
695116100004962,249128847,2460245.7932615643,60245.288472200002,18.657238,0.0376671925,0,zg,8.9722785999999992,43.561490200000001,0.531000018,-0.165000007,20231028288461,695,0x10,0x1,19.7800007,26.2545986,0.0391890444,-0.0388029069,2.05843826e-05,30,1.02100003,1
695116100004962,249617740,2460250.6821297831,60250.177407399999,18.6411972,0.0372750759,0,zg,8.9723240000000004,43.561487900000003,0.818000019,-0.0729999989,20231102177350,695,0x10,0x1,20.7800007,26.2612762,0.029925935,-0.0514230467,6.99850216e-06,30,1.06700003,1
695116100004962,249822119,2460252.7258767481,60252.221192099998,18.4507999,0.033014778,0,zg,8.9723205000000004,43.561495399999998,0.493999988,-0.0579999983,20231104221181,695,0x10,0x1,21.5400009,26.2478142,0.0240643919,-0.0523508415,4.5066663e-06,30,1.01199996,1
695116100004962,250021777,2460254.7224200624,60254.217777799997,18.5625591,0.0354296267,0,zg,8.9723340999999994,43.561481399999998,1.39100003,0.023,20231106217766,695,0x10,0x1,21.5,26.269062,0.0230845958,-0.0563566014,4.18414129e-06,30,1.01100004,1
695116100004962,250330512,2460257.8096933365,60257.305127300002,18.9081421,0.0445593558,0,zg,8.9722582000000006,43.561577499999999,1.08599997,0.0130000003,20231109305116,695,0x10,0x1,20.1900005,26.2279186,0.0410091691,-0.038237147,1.57448794e-05,30,1.09599996,1
695116100004962,250521817,2460259.7226837166,60259.218171300003,18.5635872,0.0354529656,0,zg,8.9723304000000006,43.561523700000002,0.527999997,-0.0299999993,20231111217998,695,0x10,0x1,21.1800003,26.2374878,0.0268905889,-0.0463992208,5.56158466e-06,30,1.00800002,1
695116100004962,250730517,2460261.8096219175,60261.305173599998,18.7209988,0.0392806195,0,zg,8.9723316000000004,43.561487900000003,1.26900005,-0.101000004,20231113305162,695,0x10,0x1,21.4799995,26.2206593,0.0229134541,-0.0475004986,4.04791581e-06,30,1.12399995,1
695116100004962,251433246,2460268.8366564037,60268.332465300002,18.2596283,0.0293939579,0,zg,8.9723018999999997,43.5614907,0.950999975,-0.050999999,20231120332454,695,0x10,0x1,20.5799999,26.1638908,0.0336954892,-0.0418546982,8.94215282e-06,30,1.301,1
695116100004962,253313167,2460287.6348964316,60287.131678199999,18.9308281,0.0452584028,0,zg,8.9722980999999997,43.561508400000001,0.282000005,0.0130000003,20231209131632,695,0x10,0x1,21.1200008,26.2505035,0.0263889879,-0.0506297573,5.35151457e-06,30,1.00999999,1
695116100004962,253518270,2460289.6857981435,60289.182708300003,18.8838158,0.0438246056,0,zg,8.9723357000000004,43.561538400000003,1.12399995,-0.0189999994,20231211182697,695,0x10,0x1,20.7800007,26.0932846,0.0325167924,-0.0367336795,8.13606675e-06,30,1.03499997,1
695116100004962,253717188,2460291.6748482748,60291.171886600001,18.571434,0.0356316529,0,zg,8.9723358999999991,43.561484200000002,0.788999975,-0.0140000004,20231213171875,695,0x10,0x1,20.9500008,26.240242,0.0299137924,-0.0427409522,6.87577085e-06,30,1.02900004,1
695116100004962,254226962,2460296.7722474514,60296.269629599999,18.6966705,0.0386545174,0,zg,8.9722159999999995,43.561514799999998,0.43900001,-0.0219999999,20231218269572,695,0x10,0x1,20.4899998,26.0851307,0.0369793214,-0.0334641747,1.13494398e-05,30,1.37800002,1
695116100004962,257226290,2460326.7632023315,60326.262905099997,18.8349648,0.0423942432,32768,zg,8.9723021999999997,43.561564699999998,0.680999994,-0.00999999978,20240117262905,695,0x10,0x1,19.9400005,25.8729877,0.0424164981,-0.0144358892,2.09202117e-05,30,2.21700001,1
695116100004962,258612395,2460340.623131155,60340.123958299999,18.5426064,0.0349810943,0,zg,8.9723161000000005,43.561494500000002,0.623000026,-0.0439999998,20240131123947,695,0x10,0x1,20.8799992,26.1912289,0.0303057861,-0.0523664318,7.20652406e-06,30,1.245,1
695116100004962,259915859,2460353.6567671676,60353.158599499999,18.6871929,0.0384141468,0,zg,8.9723632000000002,43.561506399999999,0.32100001,0.00300000003,20240213158600,695,0x10,0x1,20.3099995,26.0824871,0.0424242094,-0.0179655906,1.64003359e-05,30,1.75899994,1
695116100004962,260115662,2460355.6546420115,60355.156620399997,18.7405529,0.0397934392,0,zg,8.9723512999999997,43.561469700000004,0.526000023,-0.0759999976,20240215156609,695,0x10,0x1,20.4300003,26.0731697,0.0360659696,-0.0265694298,1.14976128e-05,30,1.79999995,1
695116100004962,260416107,2460358.6588834734,60358.1610764,18.411974,0.0322294682,0,zg,8.9723506999999998,43.5616056,0.802999973,0.0280000009,20240218161065,695,0x10,0x1,19.3700008,25.9637871,0.0466135591,-0.0275078174,4.19139324e-05,30,1.97099996,1
695116100004962,273445472,2460488.9531252435,60488.454722199996,17.9313622,0.0244388115,0,zg,8.9723041000000006,43.561480799999998,1.41199994,0.00100000005,20240627454722,695,0x10,0x1,21.0200005,26.2042465,0.0284556225,-0.0636676401,6.46437047e-06,30,1.29499996,1
695116100004962,274044843,2460494.9472882682,60494.448437500003,18.4521255,0.0330420621,0,zg,8.9722767999999995,43.561461000000001,1.55799997,-0.101000004,20240703448426,695,0x10,0x1,21.3199997,26.2069817,0.0247282274,-0.0655304641,4.80744438e-06,30,1.24699998,1
695116100004962,275144842,2460505.94813006,60505.448425900002,18.4991131,0.0340299197,0,zg,8.9723137000000008,43.5614597,0.351000011,0.00899999961,20240714448403,695,0x10,0x1,21.1399994,26.1372623,0.0279176179,-0.0901681632,6.18758486e-06,30,1.13800001,1
695116100004962,275743087,2460511.9310561982,60511.430879599997,18.577589,0.0357726775,0,zg,8.9723942999999995,43.561478200000003,1.18599999,-0.172999993,20240720430868,695,0x10,0x1,19.8799992,26.0918446,0.038144175,-0.0469566919,1.77408401e-05,30,1.14100003,1
695116100004962,276045417,2460514.954593814,60514.454178200001,18.6541481,0.0375912376,0,zg,8.9723176999999996,43.5614518,0.734000027,-0.0960000008,20240723454132,695,0x10,0x1,20.4200001,26.1637802,0.0349675827,-0.0560911037,1.12252546e-05,30,1.06599998,1
695116100004962,276245586,2460516.9564416604,60516.455868099998,18.6587429,0.0377042517,0,zg,8.9723488000000007,43.561481299999997,1.25800002,-0.104999997,20240725455856,695,0x10,0x1,20.4300003,26.0940609,0.0348344669,-0.0438258648,1.16357342e-05,30,1.05400002,1
695116100004962,276547109,2460519.9719101354,60519.471099499999,18.7361412,0.039677009,0,zg,8.9723234999999999,43.561473300000003,0.860000014,0.0439999998,20240728471088,695,0x10,0x1,21.1499996,26.258316,0.0243986044,-0.0508181565,4.62404068e-06,30,1.02499998,1
695116100004962,276739018,2460521.8911459185,60521.390185199998,18.375206,0.0315100141,0,zg,8.9722930999999999,43.561486100000003,0.998000026,-0.0430000015,20240730390174,695,0x10,0x1,20.8600006,26.2004089,0.03058297,-0.0604754537,7.36442644e-06,30,1.18499994,1
695116100004962,277137149,2460525.8727625036,60525.371493099999,18.3172607,0.0304222405,0,zg,8.9722916000000001,43.561473100000001,1.352,-0.0860000029,20240803371482,695,0x10,0x1,21.3500004,26.1653709,0.0236489177,-0.07143832,4.39881069e-06,30,1.21500003,1
695116100004962,277334759,2460527.8490134738,60527.347592600003,18.4958382,0.0339597538,0,zg,8.9723167999999998,43.561485500000003,0.684000015,-0.0299999993,20240805347593,695,0x10,0x1,21.4899998,26.1449585,0.0224579405,-0.0575890802,4.0282448e-06,30,1.29799998,1
695116100004962,277542930,2460529.930884588,60529.429305600002,18.331562,0.0306855906,0,zg,8.9723331999999996,43.5614834,0.77700001,-0.0170000009,20240807429294,695,0x10,0x1,21.1700001,25.8802624,0.0314744972,-0.0642141551,7.82305051e-06,30,1.04100001,1
695116100004962,277846763,2460532.9696190208,60532.467638900001,18.3648148,0.0313108452,32768,zg,8.9723348000000005,43.561480299999999,1.28199995,-0.0489999987,20240810467639,695,0x10,0x1,21.6599998,26.9158688,0.0194732398,-0.0686533451,2.99310682e-06,60,1.00800002,1
695116100004962,277946824,2460533.9702948276,60533.4682407,18.4606857,0.0332190283,32768,zg,8.9723175000000008,43.561470999999997,1.10800004,-0.0390000008,20240811468229,695,0x10,0x1,21.9699993,26.9002438,0.0189517457,-0.056751214,2.80682139e-06,60,1.00800002,1
695116100004962,278338520,2460537.8873735699,60537.385208300002,18.3312378,0.0306795854,0,zg,8.9723018999999997,43.5614895,1.15199995,-0.0280000009,20240815385197,695,0x10,0x1,21.6299992,26.2394562,0.0216184929,-0.0530046523,3.6871179e-06,30,1.07799995,1
695116100004962,278542927,2460539.931581276,60539.429270799999,18.5011616,0.0340739042,0,zg,8.9723129000000004,43.561498999999998,0.646000028,-0.0109999999,20240817429271,695,0x10,0x1,21,26.2151394,0.0267159063,-0.0451508351,5.62273999e-06,30,1.01499999,1
695116100004962,279040997,2460544.9126301808,60544.409976900002,18.7045555,0.0388560258,0,zg,8.9722752000000003,43.561486700000003,1.50800002,-0.111000001,20240822409965,695,0x10,0x1,20.5,26.2504807,0.0335497819,-0.0441342331,9.4365223e-06,30,1.01900005,1
695116100004962,279334679,2460547.8496413841,60547.346793999997,18.5393047,0.0349076092,0,zg,8.9723471000000004,43.5614664,0.866999984,-0.0309999995,20240825346782,695,0x10,0x1,20.8500004,26.248764,0.0284124669,-0.077229321,6.29854321e-06,30,1.10300004,1
695116100004962,279545309,2460549.9560729223,60549.453090299998,18.3572254,0.0311665367,0,zg,8.9723241999999992,43.561475199999997,1.01900005,0.00499999989,20240827453044,695,0x10,0x1,21.2800007,26.2448006,0.024429312,-0.0614269972,4.61131003e-06,30,1.01900005,1
695116100004962,279734518,2460551.8482862622,60551.3451852,18.5136452,0.0343437158,0,zg,8.9723168999999992,43.561509999999998,0.885999978,-0.0810000002,20240829345000,695,0x10,0x1,21.5799999,26.2395458,0.0221562386,-0.0553889424,3.87877435e-06,30,1.08200002,1
695116100004962,280033672,2460554.8400066653,60554.336724499997,18.802721,0.0414822809,0,zg,8.9723296999999995,43.561485699999999,0.977999985,-0.112999998,20240901336713,695,0x10,0x1,21.6200008,26.2139931,0.0227229837,-0.0578422844,4.05543733e-06,30,1.08299994,1
695116100004962,280242746,2460556.9308693097,60556.427465300003,18.8335457,0.0423535593,0,zg,8.9723276999999992,43.561478399999999,0.559000015,-0.0469999984,20240903427454,695,0x10,0x1,21.6599998,26.2111626,0.0226023924,-0.0527675524,4.00971066e-06,30,1.01400006,1
695116100004962,280440270,2460558.9062236613,60558.402708299996,19.1823215,0.0539707504,0,zg,8.9723175000000008,43.561450200000003,0.958999991,0.0240000002,20240905402558,695,0x10,0x1,21.2999992,26.2371559,0.024719758,-0.0598582551,4.77118601e-06,30,1.00800002,1
695116100004962,280638351,2460560.8871417129,60560.383518499999,18.9932518,0.0472525805,0,zg,8.9723448000000001,43.561484,0.843999982,-0.0439999998,20240907383438,695,0x10,0x1,21.6000004,26.0264168,0.0246000886,-0.0446257889,4.68603594e-06,30,1.00999999,1
695116100004962,280832258,2460562.8263059682,60562.322581,19.1321507,0.0520836115,0,zg,8.9723229999999994,43.561489899999998,0.75,0.00600000005,20240909322581,695,0x10,0x1,21.4099998,26.013319,0.0241303127,-0.0546979755,4.61237232e-06,30,1.06700003,1
695116100004962,281025858,2460564.7624106617,60564.258587999997,18.7612228,0.0403450094,0,zg,8.9723358999999991,43.561484499999999,0.911000013,-0.0379999988,20240911258530,695,0x10,0x1,21.0900002,26.1809902,0.0269223172,-0.040418122,5.66217795e-06,30,1.24199998,1
695116100004962,281240909,2460566.9130237685,60566.409097199998,19.1493568,0.0527219959,32768,zg,8.9723170000000003,43.5614816,0.818000019,-0.0489999987,20240913409086,695,0x10,0x1,20.9200001,25.931385,0.0290139075,-0.0352304429,6.41314591e-06,30,1.01999998,1
695116100004962,281530342,2460569.8074842636,60569.303425899998,19.066082,0.049715627,0,zg,8.9723427000000004,43.5614992,0.426999986,-0.0149999997,20240916303414,695,0x10,0x1,20.0200005,26.2274647,0.0378551371,-0.0282141287,1.61698081e-05,30,1.06700003,1
695116100004962,281839263,2460572.8968275236,60572.392638899997,19.0381889,0.0487544909,0,zg,8.9723068000000001,43.561471699999998,1.14100003,-0.00499999989,20240919392627,695,0x10,0x1,19.9500008,26.2436008,0.0382954776,-0.0356095918,1.74403303e-05,30,1.01999998,1
695116100004962,282140329,2460575.9076034725,60575.403298600002,18.6922302,0.0385416485,0,zg,8.9723728000000005,43.561481399999998,1.00600004,0.0399999991,20240922403241,695,0x10,0x1,20.3999996,26.196722,0.0351200178,-0.0478061959,1.07771157e-05,30,1.03999996,1
695116100004962,282236863,2460576.8729741671,60576.368634300001,18.8768959,0.0436183512,0,zg,8.972315,43.5614901,1.11500001,0.00300000003,20240923368623,695,0x10,0x1,20.9899998,26.2302036,0.0273226779,-0.0610627532,5.8564342e-06,30,1.01199996,1
695116100004962,282335144,2460577.8558211257,60577.351446799999,18.8271484,0.0421708524,0,zg,8.9723013999999992,43.5615059,0.717000008,-0.0410000011,20240924351447,695,0x10,0x1,20.7600002,26.2332802,0.0308871325,-0.0500090793,7.47104832e-06,30,1.00800002,1
695116100004962,282532141,2460579.8258518125,60579.321411999998,18.9543056,0.0459960848,0,zg,8.9723302,43.561508400000001,1.16100001,-0.126000002,20240926321400,695,0x10,0x1,21.3799992,26.2199154,0.0243203826,-0.0412292071,4.61704485e-06,30,1.01400006,1
695116100004962,282938825,2460583.8928118357,60583.388252299999,18.2478104,0.0291894637,0,zg,8.9723179000000002,43.561479900000002,0.912,-0.0390000008,20240930388252,695,0x10,0x1,21.3299999,26.2438793,0.0254317354,-0.0617004484,5.04439095e-06,30,1.04999995,1
695116100004962,283836878,2460592.8735318575,60592.368784699996,18.723381,0.0393426567,0,zg,8.9722957999999995,43.561484399999998,1.11800003,-0.00200000009,20241009368773,695,0x10,0x1,21.2099991,26.2399235,0.0252544452,-0.053038612,4.87066836e-06,30,1.05799997,1
695116100004962,284043337,2460594.9381544767,60594.433379599999,18.7941189,0.041243203,0,zg,8.9723529000000006,43.561462599999999,0.210999995,0.0160000008,20241011433356,695,0x10,0x1,20.9400005,26.2038631,0.0308329873,-0.050879743,7.39193547e-06,30,1.26999998,1
695116100004962,284223158,2460596.7363799405,60596.231585599999,18.7219677,0.0393058322,0,zg,8.9723105000000007,43.561472600000002,0.958000004,0.0170000009,20241013231574,695,0x10,0x1,20.8500004,26.2850876,0.0285039674,-0.0815249383,6.51029495e-06,30,1.06400001,1
695116100004962,284424241,2460598.7472297987,60598.242419000002,18.9391632,0.0455186255,0,zg,8.9723032000000007,43.561495899999997,0.546999991,-0.0540000014,20241015242407,695,0x10,0x1,20.5100002,26.2408123,0.035727866,-0.0325352177,1.09904668e-05,30,1.03900003,1
695116100004962,284629951,2460600.8043357758,60600.299513899998,19.0086441,0.0477606542,0,zg,8.9722521999999998,43.561427399999999,0.564999998,-0.287,20241017299514,695,0x10,0x1,19.5599995,26.2674713,0.0386284254,-0.0314782746,2.67089308e-05,30,1.01100004,1
695116100004962,284928134,2460603.7861701418,60603.281342599999,18.6324959,0.0370646454,0,zg,8.9723091999999998,43.5614852,0.563000023,-0.0390000008,20241020281285,695,0x10,0x1,20.3600006,26.2476501,0.0364322998,-0.0400969572,1.21779967e-05,30,1.00800002,1
695116100004962,285323950,2460607.744318292,60607.239502299999,19.2870674,0.058171384,0,zg,8.9723343,43.561486199999997,0.56400001,-0.0769999996,20241024239456,695,0x10,0x1,21.4899998,26.2675495,0.0232558604,-0.06090606,4.23929305e-06,30,1.01800001,1
695116100004962,285526096,2460609.7657622639,60609.260960599997,18.6735725,0.0380721018,0,zg,8.9722943999999991,43.561483199999998,1.14400005,-0.0379999988,20241026260949,695,0x10,0x1,21.5499992,26.2465992,0.0226147044,-0.0489262454,3.96773112e-06,30,1.00800002,1
695116100004962,286037469,2460614.8794390014,60614.374699100001,18.2201118,0.0287184753,0,zg,8.9723147000000001,43.561478000000001,1.29799998,-0.0500000007,20241031374699,695,0x10,0x1,21.2399998,26.1909542,0.0253218003,-0.0515375733,4.90508046e-06,30,1.25199997,1
695116100004962,286237228,2460616.8769860142,60616.372280099997,18.5083542,0.0342290103,0,zg,8.9723006000000005,43.561484800000002,1.37300003,-0.127000004,20241102372269,695,0x10,0x1,21.4099998,26.1867714,0.0238764733,-0.0521994941,4.38721054e-06,30,1.26499999,1
695116100004962,286530965,2460619.8142987872,60619.309652800002,18.6861115,0.0383868515,0,zg,8.9723173000000003,43.561532999999997,0.875999987,-0.00600000005,20241105309641,695,0x10,0x1,20.9699993,26.2513981,0.0279559307,-0.0648721829,5.97003236e-06,30,1.08599997,1
695116100004962,286718063,2460621.6852382733,60621.180636600002,18.7227974,0.0393274389,0,zg,8.9723231999999999,43.561568899999997,0.954999983,-0.0209999997,20241107180625,695,0x10,0x1,20.2199993,26.245388,0.0418364108,-0.049598407,1.6586313e-05,30,1.03799999,1
695116100004962,286920056,2460623.7051156266,60623.200567100001,18.782362,0.0409192592,0,zg,8.9722963,43.561509100000002,1.22300005,-0.00400000019,20241109200567,695,0x10,0x1,21.1100006,26.2452049,0.0270210803,-0.0410044491,5.6124677e-06,30,1.01499999,1
695116100004962,287128971,2460625.7941984315,60625.289710600002,18.5893116,0.0360433795,0,zg,8.9723447000000007,43.561470399999997,0.419999987,0.0130000003,20241111289711,695,0x10,0x1,20.6200008,26.2192059,0.0309243314,-0.0371366888,7.73431475e-06,30,1.079,1
695116100004962,287321967,2460627.7241026149,60627.2196759,18.2689953,0.0295575429,0,zg,8.9724512000000001,43.561525799999998,0.948000014,0.064000003,20241113219676,695,0x10,0x1,19.0400009,26.1792488,0.0463821031,-0.0195089523,5.81758104e-05,30,1.00899994,1
695116100004962,287830567,2460632.8099140176,60632.305671299997,18.4921303,0.0338805281,0,zg,8.9723362000000009,43.561502300000001,0.832000017,-0.0109999999,20241118305671,695,0x10,0x1,20.4899998,26.2144794,0.0355827548,-0.0368900001,1.12703638e-05,30,1.17299998,1
695116100004962,288026188,2460634.7660499569,60634.261886599998,18.9008217,0.0443366729,0,zg,8.9722717999999997,43.561486299999999,0.907000005,-0.0790000036,20241120261887,695,0x10,0x1,20.4500008,26.2293892,0.0337008014,-0.0463266633,9.41329745e-06,30,1.07200003,1
695116100004962,288226934,2460636.7734173313,60636.269340300001,18.8297329,0.0422445498,0,zg,8.9723248000000009,43.561466000000003,1.21599996,-0.0979999974,20241122269178,695,0x10,0x1,21.0400009,26.2359371,0.0287049096,-0.0614302494,6.35095603e-06,30,1.10000002,1
695116100004962,288526752,2460639.7714622123,60639.267523100003,19.0342026,0.0486189574,32768,zg,8.9722001000000002,43.561448499999997,0.837000012,-0.0949999988,20241125267373,695,0x10,0x1,19.7199993,25.131506,0.042624779,-0.0119166188,2.93031117e-05,30,1.11600006,1
695116100004962,288921702,2460643.7207670556,60643.217025500002,18.5973568,0.0362307578,0,zg,8.9722872000000002,43.561510900000002,1.09200001,-0.0419999994,20241129217025,695,0x10,0x1,20.3400002,25.9582806,0.0405721962,-0.0478264801,1.47316641e-05,30,1.03900003,1
695116100004962,289322700,2460647.7305255989,60647.227002300002,18.713501,0.0390862785,0,zg,8.9723200999999992,43.561494099999997,1.12899995,-0.0430000015,20241203226956,695,0x10,0x1,21.25,26.1751003,0.0256849453,-0.0468615144,5.10345171e-06,30,1.07299995,1
695116100004962,289519971,2460649.7031203411,60649.199710599998,18.8735847,0.0435201079,0,zg,8.9723102000000008,43.561489100000003,0.513999999,-0.0610000007,20241205199711,695,0x10,0x1,21.5400009,26.2290001,0.0239100307,-0.0522937439,4.4144781e-06,30,1.03799999,1
695116100004962,289721696,2460651.7202571766,60651.216967599998,18.9775162,0.0467399471,0,zg,8.9723053999999998,43.561512299999997,1.23399997,-0.119000003,20241207216910,695,0x10,0x1,20.8099995,26.228548,0.0312066413,-0.0375360064,7.59051454e-06,30,1.07500005,1
695116100004962,289918185,2460653.6850206912,60653.181851900001,18.5286865,0.0346727446,0,zg,8.9722877000000008,43.561498399999998,0.56400001,-0.050999999,20241209181840,695,0x10,0x1,20.8400002,26.2522564,0.0288729109,-0.03962918,6.39238442e-06,30,1.02999997,1
695116100004962,290117282,2460655.6758668618,60655.172824100002,18.8111038,0.0417169593,32768,zg,8.9721989999999998,43.5613812,0.256999999,-0.0810000002,20241211172674,695,0x10,0x1,19.0900002,25.8592014,0.042881988,-0.0471637398,5.16499204e-05,30,1.02600002,1
695116100004962,290422335,2460658.7261994369,60658.223356499999,18.912323,0.0446872003,0,zg,8.9723670999999996,43.561436299999997,0.416000009,-0.0140000004,20241214223345,695,0x10,0x1,19.9899998,26.2359371,0.0367172137,-0.0426410139,1.54971931e-05,30,1.13699996,1
695116100004962,290620483,2460660.7075470304,60660.204837999998,18.8398857,0.042535644,0,zg,8.9723857999999996,43.561532399999997,0.128999993,-0.0170000009,20241216204838,695,0x10,0x1,19.7099991,26.1671124,0.0389444754,-0.0354271792,2.16479948e-05,30,1.102,1
695116100004962,290924290,2460663.7454028446,60663.2429051,19.3989563,0.06307289,0,zg,8.9722074000000003,43.561486799999997,0.477999985,0.0240000002,20241219242894,695,0x10,0x1,20.0400009,26.2044983,0.0403644219,-0.0383676887,1.67534108e-05,30,1.26100004,1
695116100004962,291118063,2460665.6829961212,60665.180636600002,18.8535233,0.0429306403,32768,zg,8.9722659,43.561501399999997,0.75999999,-0.123999998,20241221180625,695,0x10,0x1,19.9699993,25.2668839,0.0617647022,-0.0570004657,4.38403767e-05,30,1.079,1
695116100004962,291311928,2460667.6215010453,60667.119282400003,19.5410957,0.069968082,0,zg,8.9723229999999994,43.5614554,0.995000005,0.111000001,20241223119282,695,0x10,0x1,20.9099998,26.261692,0.032261502,-0.0526449755,8.0688551e-06,30,1.01199996,1
695116100004962,291716210,2460671.6640237328,60671.1621065,19.0721626,0.0499281622,0,zg,8.9722684000000008,43.561502500000003,0.734000027,-0.00800000038,20241227162106,695,0x10,0x1,20.7199993,26.1567307,0.0313857831,-0.0355734527,7.74743603e-06,30,1.07500005,1
695116100004962,292122287,2460675.7244758387,60675.222870400001,19.2424145,0.0563363917,0,zg,8.9723357999999998,43.561494400000001,1.18599999,-0.148000002,20241231222870,695,0x10,0x1,21.0499992,26.181982,0.0282188542,-0.0516356602,6.09954213e-06,30,1.324,1
695116100004962,292319687,2460677.6983261276,60677.196875000001,19.1759129,0.0537253022,0,zg,8.9722743999999999,43.561486700000003,0.577000022,-0.0209999997,20250102196852,695,0x10,0x1,21.1700001,26.2090836,0.0260725245,-0.0465823114,5.20855747e-06,30,1.22599995,1
695116100004962,292715435,2460681.6554892207,60681.154351899997,18.9974499,0.0473904796,0,zg,8.9723117999999999,43.561477199999999,0.971000016,-0.0309999995,20250106154340,695,0x10,0x1,20.9899998,26.2002907,0.0277275685,-0.0544047244,5.93610457e-06,30,1.12,1
695116100004962,293717756,2460691.6778948605,60691.177569400003,19.2666321,0.0573233068,0,zg,8.9723831999999994,43.561492700000002,0.750999987,-0.125,20250116177535,695,0x10,0x1,19.8500004,26.1822243,0.0405331068,-0.0401648842,2.01869243e-05,30,1.31599998,1
695116100004962,294117523,2460695.6752304286,60695.175231499998,19.1545086,0.0529149249,0,zg,8.9723149000000006,43.561478700000002,0.818000019,0.0540000014,20250120175231,695,0x10,0x1,21.0400009,26.198534,0.0265365187,-0.0567765348,5.47566697e-06,30,1.36399996,1
695116100004962,294310896,2460697.6088110879,60697.1089699,18.6390858,0.0372238718,32768,zg,8.9720162000000006,43.561580200000002,0.384000003,0.241999999,20250122108970,695,0x10,0x1,18.8700008,25.5492439,0.0455011353,-0.0351493582,7.84495205e-05,30,1.11500001,1
695116100004962,296915627,2460723.6540988581,60723.156273100001,18.7123508,0.0390565693,32768,zg,8.9723719000000006,43.561443400000002,0.829999983,-0.0469999984,20250217156273,695,0x10,0x1,19.2600002,25.3097744,0.0505860299,-0.027879728,6.68043358e-05,30,1.89199996,1
695116100004962,297118317,2460725.6808555359,60725.183171299999,18.7749996,0.0407180674,0,zg,8.9723200999999992,43.561453700000001,0.68599999,0.115999997,20250219183160,695,0x10,0x1,19.2800007,25.9185543,0.0495882109,-0.018747529,5.07651166e-05,30,2.48600006,1
695116100004962,309946826,2460853.9666492492,60853.468263900002,18.8257904,0.0421321988,0,zg,8.9723012000000004,43.561481700000002,0.763999999,0.0599999987,20250627468252,695,0x10,0x1,21.0200005,26.1166096,0.0307059046,-0.0514920168,7.48390585e-06,30,1.23500001,1
695116100004962,314748503,2460901.98711666,60901.485034700003,18.6268635,0.0369292647,0,zg,8.972296,43.561487999999997,0.824000001,-0.141000003,20250814484988,695,0x10,0x1,20.0699997,26.0270538,0.0398481973,-0.0287225358,1.81624946e-05,30,1.01600003,1
695116100004962,315030100,2460904.8032902111,60904.301006900001,18.6804638,0.0382446572,0,zg,8.9723244999999991,43.561494400000001,1.15600002,-0.0689999983,20250817300995,695,0x10,0x1,21.2999992,26.1974468,0.0266101938,-0.0663989037,5.5801911e-06,30,1.38,1
695116100004962,315435957,2460908.862137008,60908.3595718,18.720499,0.0392676331,0,zg,8.9723102000000008,43.561476900000002,0.855000019,-0.0270000007,20250821359514,695,0x10,0x1,21.1100006,25.9961433,0.0288591087,-0.0801848993,6.58756608e-06,30,1.10000002,1
695116100004962,315641438,2460910.91709032,60910.414386600001,18.8809814,0.0437399633,0,zg,8.9723080999999993,43.561467200000003,1.05400002,-0.057,20250823414317,695,0x10,0x1,21.4699993,26.1559525,0.0254936051,-0.0593093187,5.14331623e-06,30,1.01400006,1
695116100004962,315839640,2460912.8992348961,60912.396400500002,18.7527771,0.0401184596,0,zg,8.9723082000000005,43.561480400000001,1.23199999,-0.0939999968,20250825395984,695,0x10,0x1,21.5499992,26.1501884,0.0251495168,-0.0574153438,4.91277933e-06,30,1.02400005,1
695116100004962,316234165,2460916.8447404676,60916.341655099997,18.7773609,0.0407824628,0,zg,8.9723232999999993,43.561475700000003,0.841000021,-0.0399999991,20250829341644,695,0x10,0x1,21.4599991,26.2471313,0.0255760998,-0.079551436,5.09336996e-06,30,1.09099996,1
695116100004962,316441563,2460918.9188487292,60918.415636600002,19.1957951,0.0544910021,0,zg,8.9722974000000004,43.561484700000001,0.518000007,-0.0280000009,20250831415625,695,0x10,0x1,21.3400002,26.2226906,0.0257417858,-0.0434858128,5.16137015e-06,30,1.00800002,1
695116100004962,316845458,2460922.9580312567,60922.454583300001,18.8255768,0.0421261303,0,zg,8.9723232999999993,43.561486100000003,1.074,0.0520000011,20250904454583,695,0x10,0x1,21.6100006,26.1686344,0.0235235207,-0.0537743792,4.2819247e-06,30,1.04200006,1
695116100004962,317034375,2460924.847303045,60924.34375,18.5018063,0.0340877734,0,zg,8.9722822999999998,43.561473100000001,0.925999999,-0.119999997,20250906343692,695,0x10,0x1,20.5799999,26.2189884,0.033999145,-0.0435437486,9.71998816e-06,30,1.04700005,1
695116100004962,317433944,2460928.8432081356,60928.339444400001,18.4361534,0.03271541,0,zg,8.9723165999999992,43.561543100000002,0.704999983,-0.0769999996,20250910339028,695,0x10,0x1,19.9599991,26.2291336,0.0384591632,-0.0151659846,1.80320039e-05,30,1.03799999,1
695116100004962,317646560,2460930.9694710807,60930.465601900003,18.449646,0.0329910554,0,zg,8.9722977000000004,43.561470200000002,0.76700002,0.00400000019,20250912465602,695,0x10,0x1,20.5799999,26.1568413,0.0346853845,-0.0353408344,1.01785927e-05,30,1.10399997,1
695116100004962,317928289,2460933.7868949831,60933.2828935,18.9828644,0.046913404,0,zg,8.9722992000000001,43.561482900000001,1.84200001,-0.0149999997,20250915282882,695,0x10,0x1,21.4799995,26.2006454,0.0257250126,-0.0610816181,5.13330087e-06,30,1.12199998,1
695116100004962,318134456,2460935.8486529565,60935.344560199999,18.8994503,0.0442950875,0,zg,8.9722927000000006,43.5614816,1.41299999,-0.107000001,20250917344549,695,0x10,0x1,21.6100006,26.1718941,0.0237020347,-0.0493224896,4.36501978e-06,30,1.01499999,1
695116100004962,318534239,2460939.8466515625,60939.342395799998,18.6292763,0.0369871706,0,zg,8.9723296999999995,43.561464800000003,0.671000004,0.0410000011,20250921342396,695,0x10,0x1,21.5599995,26.2443752,0.0242677256,-0.0502093248,4.59847843e-06,30,1.01100004,1
695116100004962,318836259,2460942.8669588431,60942.362592600002,18.8010387,0.0414353944,0,zg,8.9723176000000002,43.561495800000003,0.788999975,-0.107000001,20250924362500,695,0x10,0x1,21.5799999,26.2230701,0.0240227133,-0.0530067086,4.47283355e-06,30,1.01100004,1
695116100004962,319037988,2460944.8843180751,60944.379884299997,18.9097137,0.0446073711,0,zg,8.9723252000000002,43.561485699999999,0.785000026,0.00100000005,20250926379873,695,0x10,0x1,21.6599998,26.1723537,0.023071507,-0.0431212038,4.06882691e-06,30,1.02499998,1
695116100004962,319539277,2460949.8973570755,60949.3927778,18.416132,0.0323123001,0,zg,8.9723349999999993,43.561468499999997,0.280000001,0.00400000019,20251001392778,695,0x10,0x1,21.5599995,26.2470551,0.0237693898,-0.0712692365,4.44367333e-06,30,1.06099999,1
695116100004962,319740849,2460951.9131240221,60951.408495399999,18.7537994,0.0401457772,0,zg,8.9723109000000001,43.561482499999997,1.16100001,-0.0769999996,20251003408484,695,0x10,0x1,21.3199997,26.2256069,0.0244212169,-0.0493832976,4.62706339e-06,30,1.10500002,1
695116100004962,319932927,2460953.8339415141,60953.329270800001,18.5125771,0.0343205146,0,zg,8.9723299000000001,43.561475600000001,0.58099997,-0.0780000016,20251005329167,695,0x10,0x1,20.3400002,26.2461414,0.0362043194,-0.0433621332,1.19937395e-05,30,1.00999999,1
695116100004962,320124070,2460955.7454137178,60955.240705999997,18.794508,0.0412539653,0,zg,8.9722399999999993,43.561450299999997,1.03799999,0.178000003,20251007240706,695,0x10,0x1,19.7199993,26.2464771,0.0387016572,-0.036697004,2.20255042e-05,30,1.079,1
695116100004962,320334200,2460957.8467450822,60957.3420023,18.9364719,0.0454343855,0,zg,8.9723261999999995,43.561501100000001,0.805999994,-0.0920000002,20251009341991,695,0x10,0x1,20.1900005,26.2323112,0.0371813402,-0.0437579155,1.46201628e-05,30,1.023,1
695116100004962,320626116,2460960.7659506002,60960.261168999998,18.7434654,0.03987059,0,zg,8.9723089999999992,43.561502400000002,0.601000011,-0.0579999983,20251012261134,695,0x10,0x1,21.1700001,26.2600899,0.0255440995,-0.0573604442,5.11493408e-06,30,1.028,1
695116100004962,321035813,2460964.8629529797,60964.3581366,18.5421562,0.0349710546,0,zg,8.9723726999999993,43.561572699999999,0.686999977,0.0410000011,20251016358079,695,0x10,0x1,20.1100006,26.2237186,0.0394194536,-0.0337340795,1.55600719e-05,30,1.07200003,1
695116100004962,321222342,2460966.7282504286,60966.223425900003,18.8730011,0.0435028002,0,zg,8.9723117999999999,43.561485699999999,0.458000004,-0.0529999994,20251018223414,695,0x10,0x1,21.4599991,26.2344704,0.0230907556,-0.0495996885,4.12761119e-06,30,1.05599999,1
695216100007825,51444980,2458268.9463961464,58268.449803199997,18.9061165,0.0530016162,0,zr,8.9722798000000008,43.5614378,0.245000005,-0.00899999961,20180530449792,695,0x10,0x1,19.7800007,25.9978008,0.0329939984,0.0804476887,8.31786929e-06,30,2.09200001,1
695216100007825,51744550,2458271.9422605583,58271.4455093,18.8854408,0.0522046052,0,zr,8.9722644000000003,43.561509100000002,0.555000007,-0.100000001,20180602445486,695,0x10,0x1,20.2199993,25.9761219,0.0309565868,0.0890328065,7.29579233e-06,30,2.02800012,1
695216100007825,52047717,2458274.9740962614,58274.4771759,18.6854134,0.0451562144,0,zr,8.9723112999999994,43.561488599999997,0.936999977,-0.00300000003,20180605477153,695,0x10,0x1,20.6100006,26.0684643,0.0208219532,0.0801048428,3.35605e-06,30,1.55599999,1
695216100007825,52342840,2458277.9254958816,58277.428402799997,18.8530769,0.0509837605,0,zr,8.9723337000000001,43.561507599999999,1.22399998,0.0930000022,20180608428391,695,0x10,0x1,20.7099991,25.9418507,0.021396229,0.0836471766,3.56340684e-06,30,2.04099989,1
695216100007825,52647533,2458280.9726151056,58280.4753356,18.8087196,0.0493623875,0,zr,8.9723372000000001,43.561483600000003,0.917999983,0.0930000022,20180611475312,695,0x10,0x1,20.8500004,26.0571308,0.0219617225,0.0837050676,3.72441218e-06,30,1.44200003,1
695216100007825,52946958,2458283.9670534255,58283.469583300001,18.7933235,0.0488133505,0,zr,8.9723365000000008,43.561482099999999,0.875999987,-0.0250000004,20180614469560,695,0x10,0x1,20.7600002,26.0687275,0.0201790556,0.0842824802,3.13928172e-06,30,1.426,1
695216100007825,53247104,2458286.9687098106,58286.471041700002,18.8112335,0.0494527109,0,zr,8.9722867999999991,43.561489700000003,0.644999981,-0.0370000005,20180617471030,695,0x10,0x1,20.7399998,26.0916023,0.0192145891,0.0788045153,2.85761348e-06,30,1.36399996,1
695216100007825,53547143,2458289.9693075614,58289.471435200001,18.8830948,0.0521150157,0,zr,8.9723235999999993,43.561515700000001,1.53999996,-0.0419999994,20180620471412,695,0x10,0x1,20.8799992,26.0844746,0.0195008777,0.0804445446,2.98350733e-06,30,1.31500006,1
695216100007825,53746903,2458291.9670509906,58291.469039399999,18.9401512,0.0543431677,0,zr,8.9723126000000004,43.561476999999996,0.624000013,0.0549999997,20180622469039,695,0x10,0x1,21.2399998,26.0879021,0.0179313738,0.0801996887,2.53092048e-06,30,1.29900002,2
695216100007825,53847604,2458292.9741244037,58292.4760417,19.0579014,0.0592788123,0,zr,8.9723073000000007,43.561452299999999,0.708999991,-0.0879999995,20180623476007,695,0x10,0x1,21.0200005,26.085722,0.0197802652,0.0848957151,3.05122921e-06,30,1.25199997,1
695216100007825,53947151,2458293.9696697714,58293.471516199999,19.205843,0.0661683008,0,zr,8.9723454,43.561501100000001,1.05499995,0.0540000014,20180624471435,695,0x10,0x1,21.2299995,26.0991364,0.017597612,0.0786209702,2.40375039e-06,30,1.25999999,2
695216100007825,54236233,2458296.8607003945,58296.362337999999,19.1449127,0.0632342249,0,zr,8.9723603000000001,43.561456700000001,1.12,-0.244000003,20180627362338,695,0x10,0x1,19.6299992,26.0115433,0.0325588286,0.0870704874,8.20189689e-06,30,2.30699992,1
695216100007825,54342664,2458297.9250839595,58297.426643500003,18.5984631,0.0424410924,0,zr,8.9722957999999995,43.5615053,0.742999971,-0.0850000009,20180628426644,695,0x10,0x1,20.3099995,26.0557251,0.0253685843,0.0829696581,4.99484986e-06,30,1.46000004,2
695216100007825,54442208,2458298.9205972105,58298.4220833,18.7121162,0.0460307375,0,zr,8.9723190000000006,43.561549999999997,0.744000018,0.0410000011,20180629421979,695,0x10,0x1,19.8500004,26.042551,0.0300685484,0.0887974948,6.95946437e-06,30,1.47300005,2
695216100007825,54444427,2458298.942786369,58298.444270799999,18.571743,0.0416460782,0,zr,8.9723238999999992,43.5615606,0.832000017,0.210999995,20180629444155,695,0x10,0x1,19.4599991,26.0481167,0.0392016098,0.0918007717,1.17993495e-05,30,1.329,2
695216100007825,54539565,2458299.8942458853,58299.3956597,18.5974674,0.042411156,0,zr,8.9722892000000005,43.561466699999997,0.526000023,-0.00800000038,20180630395625,695,0x10,0x1,20.2600002,25.9919281,0.0276699793,0.0881216452,5.86366923e-06,30,1.68400002,2
695216100007825,54541577,2458299.9143631952,58299.415775499998,18.7278175,0.0465541519,0,zr,8.9723507999999992,43.561492899999998,1.10800004,-0.0370000005,20180630415752,695,0x10,0x1,20.3199997,26.0093288,0.0263726059,0.0863424838,5.37274263e-06,30,1.50100005,2
695216100007825,54542195,2458299.9205441619,58299.421955999998,18.7039948,0.0457626767,0,zr,8.9723287999999997,43.561490499999998,0.987999976,-0.144999996,20180630421921,695,0x10,0x1,20.4099998,26.0104656,0.0257886741,0.0878412127,5.10844393e-06,30,1.454,2
695216100007825,54542291,2458299.9215049301,58299.422916700001,18.5946236,0.0423257388,0,zr,8.9723767999999993,43.561513699999999,0.906000018,-0.108999997,20180630422882,695,0x10,0x1,20.1700001,26.0270176,0.0294563472,0.0889036134,6.62822049e-06,30,1.44700003,1
695216100007825,54841171,2458302.9105257546,58302.411713000001,18.7286739,0.0465829223,0,zr,8.9723889999999997,43.561568399999999,1.375,0.223000005,20180703411678,695,0x10,0x1,20.2299995,26.0515461,0.0317271426,0.0895140618,1.05564941e-05,30,1.46899998,1
695216100007825,54935868,2458303.8575652097,58303.358680600002,18.9018497,0.0528360456,0,zr,8.9722644000000003,43.5615016,1.19500005,-0.0960000008,20180704358461,695,0x10,0x1,20.2299995,25.9749146,0.0244748835,0.0755465552,4.62496064e-06,30,2.02600002,2
695216100007825,54946805,2458303.9669486126,58303.468055600002,18.7017288,0.0456882007,0,zr,8.9723248000000009,43.561495100000002,0.504000008,-0.0350000001,20180704468056,695,0x10,0x1,21.0699997,26.0494137,0.019322224,0.0843530297,2.9028688e-06,30,1.16600001,2
695216100007825,54948282,2458303.981718245,58303.4828241,18.664175,0.0444745272,0,zr,8.9723226,43.561486299999999,0.824999988,0.0270000007,20180704482801,695,0x10,0x1,20.6800003,26.0578461,0.0220558215,0.0846644491,3.7748955e-06,30,1.12100005,2
695216100007825,55143105,2458305.9300963189,58305.431053200002,18.7684345,0.0479404256,0,zr,8.9722924000000006,43.561507200000001,1.07599998,-0.00200000009,20180706431018,695,0x10,0x1,20.6900005,26.0388374,0.020637786,0.0810164586,3.26517875e-06,30,1.29799998,1
695216100007825,55238031,2458306.8794286228,58306.380312499998,18.8675995,0.0515276119,32768,zr,8.9724708,43.561581199999999,0.537,-0.204999998,20180707380208,695,0x10,0x1,20.1000004,25.981945,0.0390124172,0.0805176571,2.85845526e-05,30,1.64699996,2
695216100007825,55840225,2458312.901842128,58312.402256900001,18.9986782,0.0567381978,0,zr,8.9723480000000002,43.561517100000003,0.713,0.00300000003,20180713402141,695,0x10,0x1,20.7000008,25.7160816,0.021621516,0.0761479512,3.63923914e-06,30,1.352,2
695216100007825,55842042,2458312.9200148704,58312.420428199999,19.0948448,0.0609251969,0,zr,8.9723188999999994,43.5614949,1.22399998,-0.074000001,20180713420324,695,0x10,0x1,21.1800003,25.8823433,0.01831715,0.0775132999,2.61500099e-06,30,1.25699997,1
695216100007825,55842134,2458312.9209293448,58312.421342599999,19.2119675,0.0664709508,0,zr,8.9722930999999999,43.561488799999999,1.17700005,0.0590000004,20180713421343,695,0x10,0x1,21.1599998,25.876524,0.0180405229,0.0762154385,2.52919449e-06,30,1.25300002,2
695216100007825,55845350,2458312.9530961872,58312.453506899998,19.7125397,0.0964038074,0,zr,8.9723275999999998,43.561481399999998,0.809000015,0.00700000022,20180713453484,695,0x10,0x1,21.5599995,25.9611683,0.0206552465,0.0852903873,3.32017316e-06,30,1.13399994,2
695216100007825,56234913,2458316.8490281212,58316.349131900002,19.9967232,0.118319914,32768,zr,8.9722521000000004,43.561527699999999,0.860000014,0.0370000005,20180717349097,695,0x10,0x1,20.7999992,25.8284893,0.0621482879,0.0581152625,2.97829938e-05,30,1.68700004,2
695216100007825,56245283,2458316.9527400844,58316.452835600001,20.0476093,0.122621521,0,zr,8.9722787999999998,43.561484499999999,0.916000009,0.0480000004,20180717452813,695,0x10,0x1,21.5400009,26.0124149,0.0177719928,0.0770524815,2.43083741e-06,30,1.10599995,2
695216100007825,56246716,2458316.9670700221,58316.467164399997,19.9527855,0.114695489,0,zr,8.9722825000000004,43.561481800000003,0.477999985,-0.0610000007,20180717467153,695,0x10,0x1,21.6299992,25.9875717,0.0203688908,0.0828481168,3.16765409e-06,30,1.074,2
695216100007825,56436033,2458318.8603908415,58318.360335600002,19.7458191,0.0987816304,0,zr,8.9723240999999998,43.561473900000003,1.18499994,0.0850000009,20180719360232,695,0x10,0x1,21.25,26.0595131,0.0219231136,0.0786133111,3.77206743e-06,30,1.53100002,2
695216100007825,56535212,2458319.8522633016,58319.352129600004,19.6036339,0.088972047,0,zr,8.9723210000000009,43.561449699999997,0.649999976,0.0379999988,20180720352014,695,0x10,0x1,20.3899994,26.0436287,0.0248724967,0.0757305101,4.84947213e-06,30,1.579,2
695216100007825,56545079,2458319.9509401703,58319.450798600003,19.6555214,0.0924464092,0,zr,8.9723096000000009,43.561472999999999,0.772000015,-0.00499999989,20180720450775,695,0x10,0x1,21.6299992,26.0899677,0.0174345914,0.0827007964,2.35590642e-06,30,1.09099996,2
695216100007825,56546753,2458319.9676775988,58319.467534700001,19.7405739,0.0984035283,0,zr,8.9723141999999996,43.5615004,1.01199996,-0,20180720467535,695,0x10,0x1,21.6000004,26.076004,0.0249899793,0.0823924914,4.82880569e-06,30,1.05799997,2
695216100007825,56637476,2458320.8749831221,58320.374768499998,19.5332508,0.0844503716,0,zr,8.9723890999999991,43.561499300000001,0.721000016,0.00700000022,20180721374734,695,0x10,0x1,21.1000004,25.9932117,0.0196952187,0.0700102672,3.03730917e-06,30,1.38600004,2
695216100007825,56638413,2458320.8843472805,58320.384131899998,19.5477886,0.0853664726,0,zr,8.9722615000000001,43.561449199999998,0.943000019,0.0700000003,20180721384028,695,0x10,0x1,21.1700001,25.8968315,0.0230141152,0.0803873464,4.13346925e-06,30,1.33099997,2
695216100007825,56747450,2458321.9748039651,58321.4745023,19.4120827,0.0771692693,0,zr,8.9722983999999997,43.561509600000001,0.944999993,-0.0939999968,20180722474502,695,0x10,0x1,21.6299992,26.0983906,0.022356607,0.0806030184,3.86589636e-06,30,1.03900003,2
695216100007825,56747545,2458321.9757531402,58321.475451400001,19.4498882,0.0793738738,0,zr,8.9723082000000005,43.561496900000002,1.06400001,-0.123000003,20180722475428,695,0x10,0x1,21.6399994,26.1032047,0.0196595881,0.0812627599,3.00202214e-06,30,1.03799999,1
695216100007825,56837803,2458322.8784054499,58322.378032400004,19.4390755,0.0787372217,0,zr,8.9722799000000002,43.561513599999998,0.935000002,-0.0359999985,20180723377998,695,0x10,0x1,21.0799999,26.0854073,0.018139096,0.082656689,2.56185922e-06,30,1.33399999,2
695216100007825,56840898,2458322.9093570155,58322.408981499997,19.3220692,0.0721588284,0,zr,8.9723077,43.561482400000003,0.493999988,0.0240000002,20180723408970,695,0x10,0x1,21.5499992,26.0934772,0.0176502056,0.0796580911,2.41589896e-06,30,1.19099998,2
695216100007825,56848806,2458322.9884488946,58322.488067099999,19.1842747,0.065113835,0,zr,8.9723071999999995,43.5614876,0.912,-0.0769999996,20180723488021,695,0x10,0x1,21.2600002,26.0948753,0.0235305224,0.0857622772,4.29134616e-06,30,1.02100003,2
695216100007825,57046555,2458324.9660935076,58324.4655556,19.1519413,0.0635656565,0,zr,8.9723562999999995,43.561490499999998,0.787999988,-0.0689999983,20180725465521,695,0x10,0x1,21.2099991,26.0556812,0.0198887307,0.0852255747,3.00190914e-06,30,1.03999996,1
695216100007825,57046650,2458324.9670425863,58324.466504600001,19.1303253,0.0625521094,0,zr,8.9722846000000001,43.561506100000003,0.513000011,-0.0209999997,20180725466481,695,0x10,0x1,21.3799992,26.0560493,0.0208735764,0.0854109749,3.33478647e-06,30,1.03900003,2
695216100007825,57128318,2458325.7837851238,58325.283182899999,19.2680969,0.0693113357,0,zr,8.9723729999999993,43.561561500000003,0.754999995,0.137999997,20180726283160,695,0x10,0x1,19.8299999,25.9232559,0.0303958841,0.0807352811,7.25392238e-06,30,2.31900001,2
695216100007825,57147624,2458325.9768675566,58325.47625,19.1905708,0.0654198676,0,zr,8.9723144000000001,43.561501399999997,0.172999993,-0.00200000009,20180726476181,695,0x10,0x1,20.75,26.0677872,0.021504255,0.0874670967,3.63520053e-06,30,1.02400005,2
695216100007825,57148976,2458325.9903871231,58325.489768500003,19.0328102,0.0581877716,0,zr,8.9723006000000005,43.5615162,0.76700002,-0.0719999969,20180726489734,695,0x10,0x1,20.9200001,26.0689621,0.0205070805,0.0841896608,3.26805593e-06,30,1.01300001,2
695216100007825,57235685,2458326.8575386959,58326.356851899996,19.4102879,0.0770661384,32768,zr,8.9721962000000008,43.561501700000001,0.745999992,-0.236000001,20180727356748,695,0x10,0x1,19.5900002,25.7133198,0.0370322056,0.0620463677,1.07443757e-05,30,1.39600003,2
695216100007825,57238340,2458326.8840916986,58326.383402799998,19.4834518,0.0813818276,0,zr,8.9722427000000007,43.561509100000002,1.05799997,-0.0839999989,20180727383368,695,0x10,0x1,20,25.6905823,0.030782098,0.0746561736,7.31691853e-06,30,1.25199997,2
695216100007825,57337858,2458327.8793550585,58327.378588,19.1596527,0.0639313906,0,zr,8.9722758999999996,43.561519799999999,0.456999987,-0.0769999996,20180728378565,695,0x10,0x1,19.7600002,25.7415466,0.0344190337,0.0731893703,9.27997826e-06,30,1.26100004,2
695216100007825,57437761,2458328.8784610638,58328.377615700003,19.2531509,0.0685431361,0,zr,8.9722539000000001,43.561480500000002,0.675000012,0.115999997,20180729377500,695,0x10,0x1,19.8899994,26.0083027,0.0303027742,0.0688437223,7.04960394e-06,30,1.25300002,2
695216100007825,57442996,2458328.9308147901,58328.429965299998,19.7702465,0.100558944,0,zr,8.9722828999999997,43.561426599999997,0.552999973,0.00400000019,20180729429931,695,0x10,0x1,20.2800007,25.9145546,0.0282446872,0.0781182051,6.23229562e-06,30,1.08299994,2
695216100007825,57536090,2458329.8618250317,58329.360902799999,19.7016945,0.0956397429,0,zr,8.9722945000000003,43.561558699999999,0.388000011,0.0170000009,20180730360787,695,0x10,0x1,20.3999996,26.0282288,0.0232157968,0.0775843114,4.15806744e-06,30,1.32299995,2
695216100007825,57548592,2458329.9868579484,58329.4859259,19.1059399,0.0614290833,0,zr,8.9722975999999992,43.561463699999997,0.986999989,-0.0579999983,20180730485822,695,0x10,0x1,20.7999992,26.0656509,0.0231506769,0.0856230482,4.13430962e-06,30,1.00999999,2
695216100007825,57638275,2458330.8837565365,58330.382754600003,19.3456478,0.0734393075,0,zr,8.9723289000000008,43.5614864,0.421999991,-0.0869999975,20180731382731,695,0x10,0x1,20.3999996,26.0603218,0.0228152443,0.0746763945,3.99665942e-06,30,1.20799994,2
695216100007825,57639855,2458330.8995563751,58330.398553200001,19.7692261,0.100484155,0,zr,8.9723182999999995,43.561505699999998,0.851999998,0.0979999974,20180731398542,695,0x10,0x1,20.5799999,26.0609455,0.0214411616,0.078191556,3.52342158e-06,30,1.15199995,2
695216100007825,57642956,2458330.9305657935,58330.429560199998,20.4151726,0.156513289,0,zr,8.9724324000000006,43.561551700000003,0.591000021,-0.178000003,20180731429549,695,0x10,0x1,20.4699993,26.0309162,0.024978241,0.0869027302,4.78270476e-06,30,1.07299995,1
695216100007825,57740778,2458331.9088710449,58331.4077894,19.922081,0.112212956,0,zr,8.9723112999999994,43.561510499999997,1.12800002,-0.0289999992,20180801407755,695,0x10,0x1,20.8299999,26.0409012,0.0262836348,0.0819131285,5.28964028e-06,30,1.11699998,2
695216100007825,57742224,2458331.9233281724,58331.422245399997,20.1835003,0.134625316,0,zr,8.9723199000000005,43.561512800000003,0.519999981,-0.0480000004,20180801422234,695,0x10,0x1,20.7299995,26.0483437,0.0259092189,0.0840287358,5.14742715e-06,30,1.08200002,2
695216100007825,57949870,2458333.9999470818,58333.498703700003,20.0787888,0.125310928,0,zr,8.9723181000000007,43.561563499999998,0.456999987,-0.0450000018,20180803498704,695,0x10,0x1,20.5900002,26.0565891,0.0258389935,0.0893474296,5.16686941e-06,30,1.00699997,1
695216100007825,58239887,2458336.900342796,58336.398877300002,19.8391514,0.105718575,0,zr,8.9723763000000005,43.561487700000001,0.76700002,-0.109999999,20180806398866,695,0x10,0x1,21.1200008,26.1148491,0.0181258116,0.0857820734,2.5276936e-06,30,1.10500002,1
695216100007825,58947193,2458343.973926303,58343.4719329,19.529068,0.0841884837,0,zr,8.9723185999999995,43.561498,1.28699994,-0.0680000037,20180813471921,695,0x10,0x1,21.5100002,26.0548172,0.0251036622,0.0834245533,4.81327697e-06,30,1.00699997,1
695216100007825,59240511,2458346.907320796,58346.405115699999,20.7724361,0.187190533,0,zr,8.9722681000000009,43.561505699999998,0.824999988,-0.00100000005,20180816405093,695,0x10,0x1,21.6299992,26.03022,0.0211690832,0.0818483457,3.46287152e-06,30,1.03999996,1
695216100007825,59340474,2458347.9070215146,58347.404745400003,20.1294823,0.129767343,0,zr,8.9723213000000008,43.561497899999999,0.816999972,-0.0399999991,20180817404688,695,0x10,0x1,21.5799999,26.044939,0.0171542969,0.0840624198,2.27911482e-06,30,1.03699994,2
695216100007825,59342376,2458347.9260390662,58347.423761600003,19.8121109,0.103668012,0,zr,8.9722740999999999,43.561489399999999,1.03400004,-0.119000003,20180817423681,695,0x10,0x1,21.6399994,26.0415592,0.0185074769,0.0857560262,2.65029826e-06,30,1.01699996,2
695216100007825,59440978,2458348.9121270087,58348.409780100003,19.5382919,0.0847669393,0,zr,8.9723188999999994,43.561516099999999,0.73299998,-0.0850000009,20180818409757,695,0x10,0x1,21.6499996,26.0539722,0.0211242586,0.0842794627,3.4907107e-06,30,1.02699995,2
695216100007825,59442851,2458348.9308667262,58348.428518499997,19.0343227,0.0582528822,0,zr,8.9723109000000001,43.561504999999997,1.30499995,-0.0920000002,20180818428380,695,0x10,0x1,21.7299995,26.0670013,0.0182549506,0.0808456689,2.6104542e-06,30,1.01199996,2
695216100007825,59534560,2458349.8480141391,58349.3456019,18.8921757,0.0524627678,0,zr,8.9723047999999999,43.561484399999998,0.901000023,-0.0260000005,20180819345590,695,0x10,0x1,21.4899998,26.0544205,0.0182328895,0.0827219859,2.5738691e-06,30,1.15499997,2
695216100007825,59546689,2458349.9693187904,58349.4668981,19.2703609,0.0694285259,0,zr,8.9723214000000002,43.561493900000002,1.09300005,-0.0799999982,20180819466725,695,0x10,0x1,21.4500008,26.0621433,0.0230560172,0.0874788463,4.14622355e-06,30,1.00999999,2
695216100007825,59546781,2458349.9702332546,58349.467812499999,19.3737888,0.0749970824,0,zr,8.9723178000000008,43.561484399999998,0.805000007,-0.0430000015,20180819467801,695,0x10,0x1,21.5400009,26.0575809,0.0241011139,0.085064657,4.52767017e-06,30,1.01100004,1
695216100007825,59548042,2458349.9828498266,58349.480428199997,19.5171547,0.0834467709,0,zr,8.9723176999999996,43.561508400000001,1.02999997,-0.104999997,20180819480046,695,0x10,0x1,21.5699997,26.0558815,0.0238106437,0.0833270177,4.44728084e-06,30,1.01900005,2
695216100007825,59639312,2458350.8956097402,58350.393125000002,19.9560928,0.114965349,0,zr,8.9723074,43.5614712,1.00999999,-0.118000001,20180820392917,695,0x10,0x1,21.6399994,26.0737438,0.0176803116,0.084994331,2.44102421e-06,30,1.04100001,2
695216100007825,59640244,2458350.9049274838,58350.402442099999,19.6538258,0.0923309177,0,zr,8.9722878000000001,43.5614828,1.153,-0.0769999996,20180820402442,695,0x10,0x1,21.6599998,26.0725441,0.0208203681,0.0827829763,3.39193844e-06,30,1.02900004,2
695216100007825,59736734,2458351.8699009875,58351.367349499997,19.4615612,0.0800667703,0,zr,8.9722877000000008,43.5614943,0.711000025,-0.00400000019,20180821367141,695,0x10,0x1,21.5900002,26.0891228,0.0175128914,0.0845263302,2.40218174e-06,30,1.08200002,2
695216100007825,59738664,2458351.8891963093,58351.386643500002,19.428627,0.0781266764,0,zr,8.9723050999999998,43.561485699999999,1.15799999,-0.0109999999,20180821386620,695,0x10,0x1,21.7800007,26.0762482,0.0202456545,0.0840924159,3.20905338e-06,30,1.04700005,2
695216100007825,59748116,2458351.9837282416,58351.481168999999,19.411171,0.0771168992,0,zr,8.9723907999999994,43.5615679,1.02400005,-0.0979999974,20180821480764,695,0x10,0x1,21.25,26.0617847,0.0250383485,0.0853662863,4.85542341e-06,30,1.02499998,2
695216100007825,59832628,2458352.8289012439,58352.326284700001,19.4890556,0.0817217827,0,zr,8.9723179999999996,43.561481399999998,0.377000004,-0.00899999961,20180822326204,695,0x10,0x1,20.8099995,26.0504837,0.0260902904,0.079527013,5.24702546e-06,30,1.19500005,2
695216100007825,59846893,2458352.971561396,58352.468935199999,19.8726654,0.108305834,0,zr,8.9723070000000007,43.561506199999997,1.21099997,0.103,20180822468912,695,0x10,0x1,21.7999992,26.0726509,0.0194929428,0.0832884237,2.94638858e-06,30,1.01699996,2
695216100007825,59846988,2458352.9725105623,58352.469884300001,19.7845058,0.101609021,0,zr,8.9722722000000008,43.5614913,1.29799998,-0.00899999961,20180822469861,695,0x10,0x1,21.8400002,26.0654736,0.0222776141,0.0838711932,3.8332596e-06,30,1.01699996,1
695216100007825,59848042,2458352.9830551697,58352.480428199997,20.0396118,0.121938288,0,zr,8.9723097999999997,43.561478700000002,0.532000005,-0.0540000014,20180822480000,695,0x10,0x1,21.7800007,26.0655327,0.0202044416,0.0865724161,3.14708655e-06,30,1.02699995,2
695216100007825,59940893,2458353.911624467,58353.408935200001,19.501091,0.0824564621,0,zr,8.9723527999999995,43.5615132,0.495000005,-0.0289999992,20180823408727,695,0x10,0x1,20.7900009,26.0971127,0.0270683542,0.0884605721,5.74791238e-06,30,1.01600003,2
695216100007825,59943103,2458353.9337208462,58353.4310301,19.254797,0.0686273351,0,zr,8.9723161000000005,43.561488900000001,1.21200001,-0.165000007,20180823430961,695,0x10,0x1,21.0900002,26.0888767,0.0268129092,0.0869879425,5.59831096e-06,30,1.00600004,2
695216100007825,59945523,2458353.957923857,58353.455231499996,19.1710358,0.0644752681,0,zr,8.9723261999999995,43.561517199999997,0.407000005,0.0179999992,20180823455220,695,0x10,0x1,21.2399998,26.1030655,0.0243974291,0.0857004598,4.62646676e-06,30,1.00999999,2
695216100007825,59947179,2458353.9744874611,58353.471793999997,19.9060993,0.110937424,0,zr,8.9722902999999992,43.561501999999997,0.386000007,-0.00899999961,20180823471771,695,0x10,0x1,21.6900005,26.0832081,0.0261040926,0.08295127,5.23636299e-06,30,1.02100003,2
695216100007825,59948840,2458353.9910973641,58353.488402800001,19.7471981,0.098881267,0,zr,8.9722998999999994,43.561495999999998,1.13399994,-0.0540000014,20180823488287,695,0x10,0x1,21.5599995,26.0872784,0.0272288546,0.0860905722,5.82943539e-06,30,1.04100001,2
695216100007825,59950295,2458354.0056469287,58353.502951399998,19.6084824,0.0892915949,0,zr,8.9722892999999999,43.561508699999997,0.566999972,0.0780000016,20180823502917,695,0x10,0x1,21.0499992,26.0964966,0.0261323117,0.087989822,5.31238629e-06,30,1.06400001,2
695216100007825,60031993,2458354.8226803555,58354.319930600002,19.537487,0.08471632,0,zr,8.9723609,43.561479800000001,1.04900002,-0.0790000036,20180824319896,695,0x10,0x1,20.8799992,26.093317,0.0225658286,0.0847635791,3.97847452e-06,30,1.19799995,2
695216100007825,60034633,2458354.8490825137,58354.346331000001,19.1402378,0.0630147532,0,zr,8.9723331999999996,43.561494699999997,0.372000009,-0.0199999996,20180824346123,695,0x10,0x1,20.9200001,26.084116,0.0284989793,0.0817787796,6.3360917e-06,30,1.11300004,2
695216100007825,60042891,2458354.931668987,58354.428912000003,19.0033722,0.0569351725,0,zr,8.9723181000000007,43.561501100000001,0.938000023,-0.109999999,20180824428843,695,0x10,0x1,20.9799995,26.0963326,0.0241916869,0.0846914947,4.54454403e-06,30,1.00600004,2
695216100007825,60045608,2458354.9588467712,58354.456087999999,19.4476795,0.0792434067,0,zr,8.9724024,43.561544699999999,0.893999994,0.0869999975,20180824455938,695,0x10,0x1,20.5100002,26.1197624,0.0293822102,0.0928005502,8.74232228e-06,30,1.01199996,2
695216100007825,60046981,2458354.9725744817,58354.469814800002,19.7711487,0.10062512,0,zr,8.9723096000000009,43.561492999999999,0.893999994,-0.0219999999,20180824469537,695,0x10,0x1,21.1000004,26.0882416,0.0252576694,0.0870348588,4.94128608e-06,30,1.02199996,2
695216100007825,60048927,2458354.9920317614,58354.489270799997,19.6668091,0.0932181329,0,zr,8.9722977000000004,43.561473900000003,0.713,-0.0680000037,20180824489236,695,0x10,0x1,21.6800003,26.0818806,0.0252389349,0.0845487416,4.95883887e-06,30,1.046,2
695216100007825,60134291,2458355.8457336966,58355.342916699999,18.9927559,0.0564906858,0,zr,8.9723497999999999,43.561485500000003,0.610000014,-0.108999997,20180825342894,695,0x10,0x1,20.6800003,26.1192169,0.0212314129,0.0788021311,3.52056509e-06,30,1.11500001,2
695216100007825,60136137,2458355.864195514,58355.361377300003,19.5479393,0.0853759944,32768,zr,8.9723059000000003,43.561458799999997,0.513000011,0.00899999961,20180825361366,695,0x10,0x1,20.2299995,25.8796635,0.0571177155,0.0748142451,2.54083443e-05,30,1.07200003,2
695216100007825,60146846,2458355.971285807,58355.468460600001,19.4961891,0.0821564794,0,zr,8.9723609999999994,43.561460699999998,1.21200001,0.050999999,20180825468391,695,0x10,0x1,20.8700008,26.1009731,0.0240337364,0.0829606876,4.50542848e-06,30,1.023,1
695216100007825,60146942,2458355.9722465687,58355.469421299997,19.4663601,0.080353342,0,zr,8.9723150999999994,43.561499300000001,0.279000014,-0.103,20180825469387,695,0x10,0x1,20.9200001,26.0961437,0.0251873992,0.0825952739,4.96469738e-06,30,1.02400005,2
695216100007825,60148781,2458355.9906389643,58355.487812500003,19.5235958,0.0838469937,0,zr,8.9722848000000006,43.561491799999999,0.582000017,-0.0710000023,20180825487789,695,0x10,0x1,20.9699993,26.1063786,0.0216915663,0.0835934058,3.65198503e-06,30,1.04799998,2
695216100007825,60150329,2458356.0061260671,58355.503298600001,19.5641537,0.0864088163,0,zr,8.9723077,43.561492899999998,1.01600003,-0.138999999,20180825503229,695,0x10,0x1,21.0799999,26.0898895,0.0239626914,0.0835223645,4.49448089e-06,30,1.07599998,2
695216100007825,60237898,2458356.8818657887,58356.378981499998,19.7681885,0.100408196,0,zr,8.9723854999999997,43.561515999999997,0.713,0.180000007,20180826378912,695,0x10,0x1,20.4699993,26.1225681,0.024876941,0.0825151354,4.79114124e-06,30,1.03799999,2
695216100007825,60240349,2458356.9063812806,58356.403495400002,19.5782051,0.0873131901,0,zr,8.9723042,43.561481100000002,0.654999971,-0.0209999997,20180826403403,695,0x10,0x1,20.5699997,26.1255341,0.0276667606,0.0843619332,5.94307949e-06,30,1.01400006,2
695216100007825,60242424,2458356.9271349204,58356.424247700001,19.3360939,0.0729177222,0,zr,8.9722714000000003,43.561500299999999,0.412999988,0.057,20180826424236,695,0x10,0x1,20.5799999,26.1184731,0.0246788561,0.0858413503,4.73728778e-06,30,1.00600004,2
695216100007825,60246946,2458356.9723577276,58356.4694676,19.8053131,0.103157796,0,zr,8.9722793999999997,43.561526499999999,1.11199999,-0.239999995,20180826469444,695,0x10,0x1,20.5100002,26.1116257,0.0238852687,0.0871156603,4.44382385e-06,30,1.02699995,2
695216100007825,60249307,2458356.9959703404,58356.493078699998,19.6511917,0.0921518803,0,zr,8.9723631000000008,43.561486899999998,0.504999995,0.0799999982,20180826493056,695,0x10,0x1,20.5499992,26.110487,0.0242064502,0.0828963965,4.53200073e-06,30,1.06099999,2
695216100007825,60250244,2458357.0053343442,58356.502442099998,19.6521988,0.0922202542,0,zr,8.9722761000000002,43.561479900000002,0.811999977,0.0109999999,20180826502419,695,0x10,0x1,20.3199997,26.1104832,0.0268482305,0.0895110741,5.57521071e-06,30,1.08000004,2
695216100007825,60337767,2458357.8806219618,58357.3776736,19.8044624,0.103094056,0,zr,8.9723229999999994,43.561502500000003,0.74000001,-0.282000005,20180827377396,695,0x10,0x1,20.0799999,26.1293736,0.0279472824,0.0885708779,6.15173121e-06,30,1.03600001,2
695216100007825,60340812,2458357.9110753075,58357.408125000002,19.4168625,0.0774447173,0,zr,8.9723292000000008,43.561497500000002,0.34799999,0.023,20180827408056,695,0x10,0x1,20.3999996,26.1227646,0.0271845944,0.0880633891,5.76215598e-06,30,1.00999999,2
695216100007825,60342591,2458357.92886585,58357.425914400003,19.2416763,0.0679591969,0,zr,8.9721506000000009,43.561478200000003,0.444000006,0.0179999992,20180827425856,695,0x10,0x1,20.2299995,26.1306152,0.0286241677,0.0873722956,6.43869407e-06,30,1.00600004,2
695216100007825,60347216,2458357.975118781,58357.472164400002,19.708828,0.0961416811,0,zr,8.9723086999999992,43.561488699999998,0.873000026,-0.101999998,20180827472141,695,0x10,0x1,20.4500008,26.119751,0.0260981806,0.0874081254,5.28018882e-06,30,1.03400004,2
695216100007825,60348600,2458357.9889621553,58357.486006899999,19.8471279,0.106329747,0,zr,8.9723400000000009,43.5615016,0.795000017,-0.243000001,20180827485868,695,0x10,0x1,20.2999992,26.1200409,0.0262518637,0.0906510502,5.33236835e-06,30,1.05400002,2
695216100007825,60350572,2458358.0086857085,58357.505729199998,19.5945053,0.0883732811,0,zr,8.9722966,43.5614372,0.532000005,-0.00999999978,20180827505648,695,0x10,0x1,20.2099991,26.1233273,0.0252506472,0.0852087364,4.96941948e-06,30,1.09300005,2
695216100007825,60441408,2458358.9170996239,58358.414085600001,19.3390846,0.0730805919,0,zr,8.9722723999999996,43.5614913,0.707000017,-0.133000001,20180828413704,695,0x10,0x1,20.2099991,26.0537891,0.0253388695,0.085767366,5.04342233e-06,30,1.00699997,2
695216100007825,60442024,2458358.9232575083,58358.420243100001,19.4467583,0.0791890323,0,zr,8.9723182999999995,43.561507200000001,0.796999991,0.061999999,20180828420220,695,0x10,0x1,20.4599991,26.1274986,0.0225294065,0.0837873891,3.9415595e-06,30,1.00600004,2
695216100007825,60445093,2458358.9539538384,58358.450937499998,19.3168869,0.071880348,0,zr,8.9722667000000005,43.561500100000003,0.731000006,0.023,20180828450729,695,0x10,0x1,20.2600002,26.1185913,0.0266406685,0.090252012,5.55858423e-06,30,1.01600003,2
695216100007825,60527584,2458359.7789128013,58359.275844900003,19.8079948,0.103358872,0,zr,8.9722492999999996,43.561504599999999,0.640999973,0.0560000017,20180829275729,695,0x10,0x1,20.5400009,26.1091595,0.0209490508,0.0840882733,3.39837516e-06,30,1.34200001,2
695216100007825,60530592,2458359.8089956981,58359.3059259,19.300518,0.0710079521,0,zr,8.9722910999999996,43.5614007,0.796999991,0.00999999978,20180829305903,695,0x10,0x1,19.9899998,26.0417747,0.0282170083,0.0813599452,6.15495946e-06,30,1.199,2
695216100007825,60532023,2458359.8233021889,58359.320231500002,19.3002605,0.0709943175,0,zr,8.9723480000000002,43.561465099999999,0.555999994,-0.151999995,20180829320197,695,0x10,0x1,20.1399994,26.0876579,0.0261224881,0.0850555897,5.29417139e-06,30,1.14900005,2
695216100007825,60538082,2458359.8838962764,58359.380821799998,19.6511631,0.0921499431,0,zr,8.9723609,43.561470200000002,0.474999994,0.0390000008,20180829380741,695,0x10,0x1,19.8899994,25.8466759,0.0316941887,0.0840779245,7.88306079e-06,30,1.02600002,2
695216100007825,60630680,2458360.809937235,58360.306805599997,19.2830887,0.0700907111,0,zr,8.9722346999999996,43.561513400000003,0.349999994,-0.00600000005,20180830306771,695,0x10,0x1,20.4099998,26.115406,0.0241119917,0.0856011063,4.52383119e-06,30,1.18499994,2
695216100007825,60631614,2458360.8192780083,58360.316145800003,19.1769333,0.0647589266,0,zr,8.9723495999999994,43.561518700000001,0.523000002,0.0599999987,20180830316123,695,0x10,0x1,20.4799995,26.1052361,0.0234250333,0.0819778591,4.2705924e-06,30,1.15400004,2
695216100007825,60634162,2458360.8447541832,58360.341620400002,19.1542015,0.0636726245,0,zr,8.9723451999999995,43.561517600000002,1.01499999,-0.00200000009,20180830341597,695,0x10,0x1,20.2999992,26.120575,0.0238055158,0.0830515847,4.4258486e-06,30,1.08599997,2
695216100007825,60730489,2458361.8080882635,58361.3048958,19.171957,0.0645194501,0,zr,8.9722899999999992,43.561463699999997,0.904999971,-0.0240000002,20180831304873,695,0x10,0x1,20.6000004,26.1311855,0.0200794432,0.0774455965,3.13699252e-06,30,1.18200004,2
695216100007825,60731416,2458361.8173597278,58361.314166700002,19.1511383,0.0635276735,0,zr,8.9723004999999993,43.561486600000002,0.81400001,-0.123999998,20180831314028,695,0x10,0x1,20.9400005,26.1254673,0.0187352654,0.0807372034,2.70452847e-06,30,1.15100002,2
695216100007825,60734358,2458361.8467828189,58361.343588000003,19.2085667,0.0663027242,0,zr,8.9722983999999997,43.561512200000003,0.823000014,-0.00999999978,20180831343576,695,0x10,0x1,20.8099995,26.1180649,0.0204488654,0.084296748,3.26149416e-06,30,1.07599998,2
695216100007825,60734937,2458361.8525701729,58361.349374999998,19.4530983,0.0795638561,0,zr,8.9722956000000007,43.561488199999999,0.540000021,-0.0170000009,20180831349352,695,0x10,0x1,20.8400002,26.1185722,0.0210103169,0.0821566284,3.43085526e-06,30,1.06500006,1
695216100007825,60927806,2458363.7813772666,58363.2780671,20.1517143,0.131753489,0,zr,8.9722428000000001,43.561394,1.07500005,-0.0489999987,20180902278021,695,0x10,0x1,20.5900002,26.0649261,0.0227745008,0.0761986226,4.0260702e-06,30,1.27100003,2
695216100007825,60943260,2458363.9359234706,58363.432604200003,19.4058857,0.0768136457,0,zr,8.9723656999999992,43.561461899999998,0.474999994,0.0320000015,20180902432535,695,0x10,0x1,20.8600006,26.08255,0.0199243352,0.0871363953,3.08773042e-06,30,1.01400006,2
695216100007825,60943964,2458363.9429608821,58363.439641199999,19.4627457,0.0801374316,0,zr,8.9722732999999995,43.561505500000003,0.423999995,-0.0390000008,20180902439224,695,0x10,0x1,21.0100002,26.0813713,0.0199685022,0.0859443471,3.12039651e-06,30,1.01900005,2
695216100007825,61032152,2458364.8248988255,58364.321527799999,19.2016029,0.06595961,0,zr,8.9723422999999993,43.561504300000003,1.36000001,0.0289999992,20180903321516,695,0x10,0x1,21.2099991,26.0719318,0.0182809867,0.079281427,2.59620265e-06,30,1.10800004,2
695216100007825,61034074,2458364.8441128433,58364.340740699998,19.4864597,0.081564106,0,zr,8.9723393999999992,43.561510499999997,0.657999992,-0.074000001,20180903340718,695,0x10,0x1,21.25,26.0589867,0.0176302008,0.0792260244,2.42757642e-06,30,1.06599998,1
695216100007825,61034167,2458364.8450503973,58364.341678199999,19.520998,0.0836853683,0,zr,8.9723273999999993,43.561522099999998,0.675000012,0.0109999999,20180903341655,695,0x10,0x1,21.25,26.0645199,0.0185017269,0.0768427774,2.67348514e-06,30,1.06400001,2
695216100007825,61134824,2458365.8516706335,58365.348240699997,19.8406124,0.105830252,0,zr,8.9723152000000006,43.561471500000003,0.745000005,-0.0149999997,20180904348218,695,0x10,0x1,21.2099991,26.1000919,0.0182839446,0.0820171386,2.60566958e-06,30,1.04900002,2
695216100007825,61135797,2458365.8614049894,58365.357974500002,20.2039795,0.13649483,0,zr,8.9723480000000002,43.561460599999997,0.787999988,-0.185000002,20180904357685,695,0x10,0x1,21.2700005,26.0985489,0.0181573518,0.0840211287,2.57744e-06,30,1.03499997,2
695216100007825,61139311,2458365.8965458907,58365.393113400001,19.7720413,0.100690641,0,zr,8.9722805000000001,43.561499099999999,1.00999999,-0.142000005,20180904393056,695,0x10,0x1,21.3299999,26.1026535,0.0177762937,0.0830195323,2.47716707e-06,30,1.00899994,2
695216100007825,61236153,2458366.8650264968,58366.361539400001,19.9738941,0.116426244,0,zr,8.9722863000000004,43.561460799999999,0.393999994,-0.0590000004,20180905361447,695,0x10,0x1,21.5400009,26.1054115,0.0190879013,0.0820768923,2.84801672e-06,30,1.028,2
695216100007825,61238129,2458366.8847845015,58366.381296300002,19.5396805,0.0848543644,0,zr,8.9722966999999993,43.561491400000001,0.532000005,-0.0390000008,20180905381192,695,0x10,0x1,21.4300003,26.118288,0.0178343505,0.0799911022,2.50482731e-06,30,1.01300001,2
695216100007825,61333819,2458367.8417356517,58367.338194399999,19.6043377,0.0890184268,0,zr,8.9722950000000008,43.561504399999997,0.717999995,-0.0209999997,20180906338113,695,0x10,0x1,21.4300003,26.0877743,0.0189033113,0.0854112729,2.77476397e-06,30,1.05599999,2
695216100007825,61336440,2458367.867952399,58367.3644097,20.2217636,0.138130456,0,zr,8.9723447000000007,43.561488099999998,0.70599997,-0.050999999,20180906364375,695,0x10,0x1,21.5599995,26.0871849,0.0188058391,0.0823901668,2.74269769e-06,30,1.023,2
695216100007825,61338736,2458367.8909050631,58367.387361100002,19.825634,0.10468933,0,zr,8.9722951000000002,43.561493800000001,1.05200005,-0.118000001,20180906387303,695,0x10,0x1,21.3500004,26.09515,0.0189607833,0.0838486329,2.80989207e-06,30,1.00899994,1
695216100007825,61338884,2458367.8923866451,58367.388842599998,19.7821407,0.101434216,0,zr,8.9722881999999995,43.561489000000002,0.370000005,-0.0869999975,20180906388819,695,0x10,0x1,21.3600006,26.0946388,0.0193178169,0.0850984976,2.92954269e-06,30,1.00899994,2
695216100007825,61431611,2458368.8197056516,58368.316111100001,19.2354622,0.0676450804,0,zr,8.9722947000000008,43.561472299999998,0.769999981,0.0769999996,20180907316076,695,0x10,0x1,21.3899994,26.0868626,0.0201403797,0.0844934136,3.16327828e-06,30,1.09399998,2
695216100007825,61434553,2458368.8491285513,58368.345532400002,20.2864056,0.14416182,0,zr,8.9722887999999994,43.561462599999999,0.592000008,-0.064000003,20180907345521,695,0x10,0x1,21.3199997,26.0948925,0.0186847951,0.0853787214,2.70795204e-06,30,1.04100001,2
695216100007825,61442533,2458368.9289360521,58368.425335599997,19.5750828,0.0871114954,0,zr,8.9723371000000007,43.561529700000001,0.513000011,-0.0579999983,20180907424988,695,0x10,0x1,21.1200008,26.1017017,0.0207298622,0.0880080536,3.38148402e-06,30,1.01900005,2
695216100007825,61541195,2458369.9156091716,58369.411956000004,19.4385376,0.0787056312,0,zr,8.9722638999999997,43.561460400000001,0.888999999,-0.0930000022,20180908411956,695,0x10,0x1,21.2700005,26.0880985,0.0213452037,0.0878781602,3.56579426e-06,30,1.01199996,2
695216100007825,61630193,2458370.8056327556,58370.301932900002,19.5464897,0.0852842182,0,zr,8.9723024000000002,43.561488199999999,0.922999978,-0.0810000002,20180909301863,695,0x10,0x1,21.2199993,26.1150303,0.0178947933,0.0814972073,2.50497214e-06,30,1.11600006,2
695216100007825,61640909,2458370.9128026413,58370.409097199998,19.2979736,0.0708733276,0,zr,8.9723243000000004,43.561486000000002,0.66900003,-0.00899999961,20180909409074,695,0x10,0x1,21.3799992,26.1117897,0.0185345877,0.083701469,2.67191444e-06,30,1.01199996,2
695216100007825,61641049,2458370.9142032121,58370.410497700002,19.3592529,0.0741884112,0,zr,8.9723126999999998,43.561510400000003,0.957000017,-0.064000003,20180909410475,695,0x10,0x1,21.2900009,26.1170692,0.0186202228,0.0853597149,2.70198188e-06,30,1.01300001,1
695216100007825,61643111,2458370.9348176802,58370.431111099999,19.5333862,0.0844588131,0,zr,8.9723077,43.561475999999999,0.953999996,-0.119000003,20180909431111,695,0x10,0x1,21.5400009,26.1120872,0.0177841764,0.0817814469,2.476281e-06,30,1.02900004,2
695216100007825,61740834,2458371.9121016962,58371.408344900003,19.4070454,0.0768800974,0,zr,8.9723550000000003,43.561505199999999,1.29100001,-0.0949999988,20180910408322,695,0x10,0x1,21.25,26.1116829,0.019682521,0.0891144872,3.03693628e-06,30,1.01300001,2
695216100007825,61742729,2458371.9310494568,58371.427291699998,19.6000748,0.0887381807,0,zr,8.9723147000000001,43.561508500000002,0.620000005,-0.0989999995,20180910426933,695,0x10,0x1,21.2600002,26.1006889,0.0199491605,0.0888777599,3.09270649e-06,30,1.028,2
695216100007825,61833734,2458372.8411531094,58372.337349499998,19.9539051,0.114786789,0,zr,8.9722454000000003,43.561498200000003,0.467999995,-0.0850000009,20180911337280,695,0x10,0x1,21.0699997,26.1127262,0.0196351204,0.0894024447,3.01421937e-06,30,1.03699994,2
695216100007825,61838240,2458372.8862132537,58372.3824074,20.0257607,0.120761096,0,zr,8.9724160000000008,43.561545099999996,0.862999976,-0.0719999969,20180911382373,695,0x10,0x1,21.1499996,26.1216583,0.0186881647,0.0891119391,2.70947407e-06,30,1.00800002,2
695216100007825,61930569,2458373.8095458192,58373.305694399998,19.4903717,0.0818018168,0,zr,8.9723375000000001,43.561486700000003,0.572000027,0.00700000022,20180912305660,695,0x10,0x1,21.1700001,26.126894,0.0176940616,0.078181468,2.45145952e-06,30,1.08700001,2
695216100007825,61932163,2458373.8254841026,58373.321631899998,19.4977531,0.0822520852,0,zr,8.9723196000000005,43.561503399999999,0.718999982,0.0759999976,20180912321620,695,0x10,0x1,21.3600006,26.1163101,0.0172872432,0.0825247243,2.340626e-06,30,1.05599999,2
695216100007825,61932349,2458373.8273476982,58373.3234954,19.5252762,0.0839517415,0,zr,8.9723210000000009,43.561450499999999,0.995999992,-0.0120000001,20180912323472,695,0x10,0x1,21.3600006,26.1118298,0.0182380173,0.084525384,2.59351941e-06,30,1.05299997,1
695216100007825,61945281,2458373.9566710936,58373.4528125,20.3546505,0.150660366,0,zr,8.9723097999999997,43.561483000000003,0.572000027,-0.0599999987,20180912452778,695,0x10,0x1,21.3199997,26.1022987,0.0185902677,0.0861535296,2.69903444e-06,30,1.074,2
695216100007825,62034011,2458374.8440170991,58374.340115699997,19.4804401,0.0811997131,0,zr,8.9722968999999999,43.561509999999998,0.43900001,0.0240000002,20180913340069,695,0x10,0x1,20.9599991,26.1263676,0.0206800215,0.0868030563,3.33706544e-06,30,1.028,2
695216100007825,62035953,2458374.8634393304,58374.359536999997,19.5593433,0.086101234,0,zr,8.9722839000000008,43.561490200000001,0.718999982,-0.00999999978,20180913359537,695,0x10,0x1,21.2800007,26.1042423,0.0189211629,0.0894926935,2.78674042e-06,30,1.01300001,2
695216100007825,62038752,2458374.8914267574,58374.387523099998,19.438158,0.0786833987,0,zr,8.9724266000000004,43.561553500000002,0.921000004,-0.125,20180913387442,695,0x10,0x1,20.7999992,26.1300468,0.0232366771,0.0899017453,4.21169216e-06,30,1.00800002,2
695216100007825,62135061,2458375.8545624912,58375.350613399998,19.4724712,0.0807196274,0,zr,8.9722804000000007,43.561487,0.587000012,-0.0390000008,20180914350579,695,0x10,0x1,21.3999996,26.1170635,0.0174257513,0.0830844417,2.38027224e-06,30,1.01600003,2
695216100007825,62136881,2458375.8727693404,58375.368819399999,19.4704666,0.0805992633,0,zr,8.9723042999999993,43.561488099999998,0.671999991,-0.0920000002,20180914368819,695,0x10,0x1,21.4599991,26.1070194,0.0195268393,0.0811031014,2.96778717e-06,30,1.00800002,2
695216100007825,62140611,2458375.9100627746,58375.406111099997,18.9705925,0.0555747822,0,zr,8.9723010999999993,43.561485500000003,0.871999979,-0.115000002,20180914406007,695,0x10,0x1,21.3099995,26.1040936,0.0205475595,0.085365057,3.30541479e-06,30,1.01900005,2
695216100007825,62237209,2458376.8760910518,58376.372094899998,19.9152699,0.111667894,0,zr,8.9723433000000004,43.561487,1.24699998,-0.0649999976,20180915372095,695,0x10,0x1,21.5,26.1078091,0.0184579808,0.0848807544,2.66403572e-06,30,1.00800002,1
695216100007825,62237300,2458376.8770054928,58376.373009299998,19.8415909,0.105905153,0,zr,8.9722983999999997,43.561507300000002,0.949000001,-0.0719999969,20180915372998,695,0x10,0x1,21.4599991,26.1161442,0.0182628296,0.0813719779,2.60804268e-06,30,1.00800002,2
695216100007825,62241695,2458376.9209541818,58376.416956000001,19.5753021,0.087125659,0,zr,8.9723445999999996,43.561524900000002,0.91900003,-0.108000003,20180915416852,695,0x10,0x1,21.3700008,26.0979233,0.021536829,0.0854876712,3.65040887e-06,30,1.03199995,2
695216100007825,62330489,2458377.8089338997,58377.3048958,19.1339035,0.0627187267,0,zr,8.9722910000000002,43.561487200000002,0.578999996,-0.00100000005,20180916304838,695,0x10,0x1,21.3799992,26.084322,0.017513765,0.0818199068,2.3761279e-06,30,1.06700003,2
695216100007825,62341149,2458377.9155359352,58377.4114931,19.2802181,0.069940798,0,zr,8.9722630999999993,43.561496599999998,0.578000009,0.00100000005,20180916411470,695,0x10,0x1,21.2600002,26.0777931,0.0200473312,0.0822967142,3.13580745e-06,30,1.02900004,2
695216100007825,62342260,2458377.9266475253,58377.422604200001,19.6898918,0.0948143601,0,zr,8.9722644999999996,43.561481499999999,1.43299997,0.00300000003,20180916422581,695,0x10,0x1,21.2600002,26.0764599,0.0200745184,0.0853746757,3.16083583e-06,30,1.04200006,2
695216100007825,62439407,2458378.8981599528,58378.394074099997,18.7190971,0.0462626033,0,zr,8.9722867999999991,43.561489100000003,1.32500005,-0.0670000017,20180917394051,695,0x10,0x1,21.2099991,26.1083984,0.0199736767,0.0861324295,3.12904831e-06,30,1.01600003,2
695216100007825,62440848,2458378.9125702716,58378.408483799998,19.0172482,0.0575219207,0,zr,8.9722977000000004,43.561491500000002,1.35399997,-0.194999993,20180917408461,695,0x10,0x1,21.3299999,26.1056519,0.0191689841,0.0853539631,2.84498537e-06,30,1.028,2
695216100007825,62441791,2458378.9220035747,58378.417916699997,19.0015125,0.0568570346,0,zr,8.9723500999999999,43.561500500000001,1.32200003,-0.0700000003,20180917417431,695,0x10,0x1,21.2399998,26.1009369,0.0205686782,0.0863793045,3.33516846e-06,30,1.03900003,2
695216100007825,62538045,2458379.8845793237,58379.3804514,18.9317741,0.0540094897,0,zr,8.9723237000000005,43.561493599999999,0.808000028,-0.0149999997,20180918380428,695,0x10,0x1,21.1499996,26.1131477,0.0198593214,0.0852096975,3.06273182e-06,30,1.00999999,2
695216100007825,62540416,2458379.9082956165,58379.404166699998,18.8711452,0.0516613536,0,zr,8.9723199999999999,43.561498999999998,1.24399996,-0.137999997,20180918404155,695,0x10,0x1,21.2999992,26.1075115,0.0203374941,0.0863749757,3.21518201e-06,30,1.02699995,1
695216100007825,62540510,2458379.9092331566,58379.405104199999,18.9095001,0.0531333573,0,zr,8.9722959000000007,43.561493300000002,0.978999972,-0.108000003,20180918405081,695,0x10,0x1,21.4200001,26.1098919,0.0204920135,0.08597067,3.26439999e-06,30,1.028,2
695216100007825,62542400,2458379.9281343403,58379.424004599998,19.1238213,0.0622504801,0,zr,8.9723427999999998,43.561545700000003,0.757000029,-0.127000004,20180918423657,695,0x10,0x1,20.8999996,26.1272449,0.0240656938,0.0872229263,4.50740754e-06,30,1.05200005,2
695216100007825,62632877,2458380.8329404108,58380.328773100002,19.1865692,0.0652251914,0,zr,8.9724505000000008,43.561462400000003,0.888000011,-0.0109999999,20180919328750,695,0x10,0x1,20.8500004,26.1590786,0.0190752354,0.0567741059,2.80334098e-06,30,1.023,2
695216100007825,62643070,2458380.9348774701,58380.430705999999,19.1232567,0.062224403,0,zr,8.9723427999999998,43.561453999999998,0.284999996,-0.0120000001,20180919430683,695,0x10,0x1,21.3500004,26.1438427,0.0169376675,0.0710754991,2.20965967e-06,30,1.06900001,2
695216100007825,62645072,2458380.9549014787,58380.450729199998,19.2182026,0.0667804703,0,zr,8.9723434999999991,43.561455700000003,0.602999985,0.0140000004,20180919450451,695,0x10,0x1,21.2399998,26.1388054,0.0175772831,0.0710417479,2.35381913e-06,30,1.11300004,2
695216100007825,62832913,2458382.8333788435,58382.329131899998,19.1247177,0.0622919537,0,zr,8.9723331999999996,43.561485599999997,0.667999983,-0.0370000005,20180921328715,695,0x10,0x1,20.8400002,26.1240196,0.0190131664,0.0762060434,2.76959759e-06,30,1.01800001,2
695216100007825,62834118,2458382.8454280077,58382.3411806,19.0416622,0.0585701652,0,zr,8.9722975999999992,43.561528299999999,0.810000002,-0.135000005,20180921341088,695,0x10,0x1,20.8400002,26.1050797,0.0197049417,0.0860637575,2.97502106e-06,30,1.01100004,1
695216100007825,62834209,2458382.8463423438,58382.342094899999,19.04216,0.0585917719,0,zr,8.9723284999999997,43.561512,0.340000004,-0.0350000001,20180921342083,695,0x10,0x1,20.8899994,26.1075726,0.0197593849,0.0861910954,2.98087639e-06,30,1.01100004,2
695216100007825,62836421,2458382.8684612941,58382.364213000001,18.7473316,0.0472143404,0,zr,8.9723583999999992,43.5615478,1.15999997,-0.116999999,20180921364155,695,0x10,0x1,20.6700001,26.1005592,0.0259863902,0.091460146,5.18411889e-06,30,1.00800002,2
695216100007825,62934166,2458383.8459521458,58383.341666699998,19.0533447,0.0590790212,0,zr,8.9722831999999997,43.5614822,0.638999999,-0.0240000002,20180922341539,695,0x10,0x1,20.7700005,26.0751095,0.0223462004,0.0868726298,3.83878069e-06,30,1.00999999,2
695216100007825,62938570,2458383.8899930851,58383.385706000001,18.7735367,0.0481179021,0,zr,8.9723580999999992,43.561514699999996,1.57099998,0.0170000009,20180922385370,695,0x10,0x1,20.5799999,26.0602531,0.0258037616,0.087908335,5.1108459e-06,30,1.01999998,2
695216100007825,62940524,2458383.9095309083,58383.405243100002,19.0492783,0.0589013696,0,zr,8.9723401000000003,43.561532800000002,0.531000018,0.0480000004,20180922404931,695,0x10,0x1,20.6800003,26.0681362,0.0259707421,0.0856157988,5.32692047e-06,30,1.04100001,2
695216100007825,63018692,2458384.6912378804,58384.186921300003,18.8319244,0.0502031781,0,zr,8.9723366000000002,43.561409599999998,0.944000006,0.0299999993,20180923186898,695,0x10,0x1,19.7800007,26.0439568,0.0315346532,0.057659965,7.56299187e-06,30,1.47399998,2
695216100007825,63019634,2458384.7006595246,58384.1963426,18.8124809,0.0494975746,0,zr,8.9723337000000001,43.561495600000001,0.577000022,0.101999998,20180923196331,695,0x10,0x1,20.4300003,26.0296612,0.0240966864,0.082442902,4.42562987e-06,30,1.40799999,2
695216100007825,63125917,2458385.763533155,58385.259178200002,18.8176403,0.0496837087,0,zr,8.9723085999999999,43.561506899999998,0.620999992,-0.0289999992,20180924259178,695,0x10,0x1,20.3700008,26.0990429,0.0239784252,0.0809086189,4.35714219e-06,30,1.12100005,2
695216100007825,63126011,2458385.7644706885,58385.260115700003,18.746212,0.0471761785,0,zr,8.9723158000000005,43.561499599999998,0.828999996,-0.122000001,20180924260093,695,0x10,0x1,20.3999996,26.1075897,0.0233477876,0.0800836682,4.16128523e-06,30,1.11800003,1
695216100007825,63127549,2458385.7798532355,58385.2754977,18.8138885,0.0495482907,0,zr,8.9723120999999999,43.5614876,0.837000012,-0.133000001,20180924275486,695,0x10,0x1,20.4699993,26.1013889,0.0222696494,0.0762739703,3.78569575e-06,30,1.08200002,2
695216100007825,63130717,2458385.8115325547,58385.307175900001,19.0545311,0.059130948,0,zr,8.9723289000000008,43.561494600000003,0.737999976,-0.0120000001,20180924307141,695,0x10,0x1,20.3500004,26.0974579,0.0235832352,0.0813641548,4.2792376e-06,30,1.03100002,2
695216100007825,63233398,2458386.8383734929,58386.3339815,19.0608463,0.0594082773,0,zr,8.9722950000000008,43.561476499999998,0.64200002,0.0810000002,20180925333866,695,0x10,0x1,20.1200008,26.094944,0.0285246447,0.0862025544,6.2893705e-06,30,1.00999999,2
695216100007825,63235525,2458386.8596473015,58386.355254599999,19.0699463,0.0598103255,0,zr,8.9723860000000002,43.561594300000003,0.986000001,0.00800000038,20180925354768,695,0x10,0x1,19.6900005,26.1040478,0.0334187001,0.0916512683,8.67151812e-06,30,1.00899994,2
695216100007825,63240954,2458386.9139431263,58386.409548600001,18.9591122,0.0551067144,0,zr,8.9723045999999993,43.561491699999998,0.651000023,-0.111000001,20180925409537,695,0x10,0x1,20.2299995,26.0951157,0.0266399346,0.0872485936,5.48019034e-06,30,1.05999994,2
695216100007825,63342243,2458387.9268586049,58387.422430600003,18.967556,0.0554505251,0,zr,8.9722454999999997,43.561530599999998,1.02499998,0.173999995,20180926422361,695,0x10,0x1,19.9500008,26.1327343,0.0287744012,0.0611802489,6.28586486e-06,30,1.09099996,2
695216100007825,63344310,2458387.9475305658,58387.443101899997,18.9037151,0.0529083721,0,zr,8.9723211999999997,43.561495200000003,0.614000022,-0.0649999976,20180926443079,695,0x10,0x1,19.9699993,26.0286579,0.0292948503,0.0814474225,6.61544391e-06,30,1.14600003,2
695216100007825,63424569,2458388.7501486875,58388.245694400001,19.006424,0.0570636615,0,zr,8.9723942000000001,43.561461299999998,1.00100005,0.131999999,20180927245683,695,0x10,0x1,20.0699997,26.1276493,0.0254370756,0.0609066859,4.89165495e-06,30,1.13499999,2
695216100007825,63426273,2458388.7671863297,58388.262731499999,18.9359665,0.0541761927,0,zr,8.9722606999999996,43.561482499999997,0.750999987,-0.0610000007,20180927262720,695,0x10,0x1,20.6000004,26.1053391,0.0218059178,0.0810239017,3.60751915e-06,30,1.09099996,2
695216100007825,63426366,2458388.7681238577,58388.263669,18.4779243,0.0389940292,0,zr,8.9722966999999993,43.561508199999999,0.97299999,0.0549999997,20180927263646,695,0x10,0x1,20.5400009,26.108984,0.022425143,0.0819628835,3.84023633e-06,30,1.08899999,1
695216100007825,63428468,2458388.7891430254,58388.284687500003,18.7091637,0.0459330678,0,zr,8.9723462000000005,43.561487100000001,0.637000024,0.0989999995,20180927284664,695,0x10,0x1,20.7099991,26.1044655,0.021626791,0.0813924223,3.56595456e-06,30,1.04999995,2
695216100007825,63527454,2458389.7790345494,58389.274548599999,18.7539787,0.0474416763,0,zr,8.9723030999999995,43.561499400000002,1.02999997,-0.107000001,20180928274502,695,0x10,0x1,20.6200008,26.0243359,0.0265316702,0.0820913836,5.3879462e-06,30,1.06200004,2
695216100007825,63530467,2458389.8091627657,58389.304675899999,18.958931,0.0550993681,0,zr,8.9723229999999994,43.561464100000002,0.324999988,0.00600000005,20180928304653,695,0x10,0x1,20.4799995,26.0615101,0.0229031593,0.0838078782,4.01559919e-06,30,1.023,2
695216100007825,63531622,2458389.820714111,58389.316226900002,18.9269104,0.053816814,0,zr,8.9723387999999993,43.561511600000003,0.141000003,0.0140000004,20180928316123,695,0x10,0x1,20.5799999,26.0347023,0.0242892466,0.0853092074,4.54469318e-06,30,1.01400006,2
695216100007825,63621042,2458390.714941754,58390.2104282,19.1053104,0.0614003837,0,zr,8.9722845000000007,43.561454900000001,1.10099995,-0.0359999985,20180929210324,695,0x10,0x1,20.4400005,26.1353798,0.0235781763,0.06012927,4.26289444e-06,30,1.24300003,2
695216100007825,63624483,2458390.7493525669,58390.244837999999,18.7691765,0.0479662158,0,zr,8.9722747999999992,43.5614633,0.813000023,-0.0299999993,20180929244826,695,0x10,0x1,20.7299995,26.1222534,0.0187249705,0.0769764483,2.68501458e-06,30,1.12199998,2
695216100007825,63625234,2458390.7568642846,58390.252349499999,18.8489666,0.0508310124,0,zr,8.9722965000000006,43.561501499999999,0.785000026,-0.0909999982,20180929251933,695,0x10,0x1,20.6900005,26.10116,0.0204711612,0.0907397345,3.2052269e-06,30,1.10300004,2
695216100007825,64340850,2458397.9131951546,58397.408506899999,18.7295837,0.0466134772,0,zr,8.9723130999999992,43.561501999999997,0.870000005,-0.0829999968,20181006408484,695,0x10,0x1,21.3400002,26.0637417,0.0190303251,0.0856314898,2.81772668e-06,30,1.12399995,2
695216100007825,64621836,2458400.7231058925,58400.218368100002,18.630846,0.0434290655,0,zr,8.9723138000000002,43.561475600000001,1.53900003,-0.0439999998,20181009218310,695,0x10,0x1,21.3700008,26.0796566,0.0167583935,0.0797893405,2.18710852e-06,30,1.12,2
695216100007825,66930320,2458423.8079383224,58423.303205999997,18.7839947,0.0484840423,0,zr,8.9723462999999999,43.561477500000002,1.04700005,-0.100000001,20181101303183,695,0x10,0x1,20.9500008,26.0113544,0.0213089697,0.0789183825,3.50625487e-06,30,1.04999995,2
695216100007825,66930414,2458423.8088758057,58423.304143499998,18.7353001,0.04680603,0,zr,8.9723172000000009,43.561484900000004,0.444999993,0.00600000005,20181101304132,695,0x10,0x1,20.9200001,25.9956226,0.0217835028,0.082133472,3.65698156e-06,30,1.051,1
695216100007825,66931346,2458423.8181927488,58423.313460600002,18.4401741,0.0379856899,0,zr,8.9722925999999994,43.561510200000001,0.996999979,-0.129999995,20181101313137,695,0x10,0x1,21.1800003,26.0911198,0.019047169,0.0818053409,2.8309089e-06,30,1.06799996,2
695216100007825,67122487,2458425.7295712619,58425.224872699997,18.7886162,0.0486468598,32768,zr,8.9722837999999996,43.561499499999996,1.10399997,-0.207000002,20181103224815,695,0x10,0x1,20.5699997,25.5608406,0.0313043296,0.0818744004,7.60928833e-06,30,1.00899994,2
695216100007825,67123674,2458425.7414460387,58425.236747700001,18.5812721,0.0419275351,32768,zr,8.9722928999999993,43.561470900000003,0.662,-0.0500000007,20181103236690,695,0x10,0x1,20.1200008,25.2712517,0.0314335041,0.0803268477,7.5891935e-06,30,1.00600004,2
695216100007825,67125126,2458425.7559596612,58425.251261600002,18.84021,0.0505073518,32768,zr,8.9722425000000001,43.561480500000002,0.620999992,0.0799999982,20181103250833,695,0x10,0x1,19.7000008,25.0973721,0.0380857624,0.0755470693,1.13415126e-05,30,1.00699997,2
695216100007825,67225039,2458426.7550719585,58426.250393499999,18.8269176,0.0500204004,0,zr,8.9722881999999995,43.561469000000002,0.446999997,0.00800000038,20181104250382,695,0x10,0x1,21.1299992,26.0661297,0.020585278,0.0774688199,3.28097894e-06,30,1.00800002,2
695216100007825,67225842,2458426.7631041948,58426.2584259,18.728344,0.0465718359,32768,zr,8.9723254000000008,43.561486700000003,0.643999994,0.0120000001,20181104258403,695,0x10,0x1,20.8799992,25.8884392,0.0351629294,0.0769795328,9.63702041e-06,30,1.01100004,2
695216100007825,67225936,2458426.7640416762,58426.2593634,18.8036423,0.0491805598,0,zr,8.9723398999999997,43.561487300000003,0.662999988,-0.0850000009,20181104259340,695,0x10,0x1,21.1399994,26.0647888,0.021797074,0.0792137235,3.69623399e-06,30,1.01199996,1
695216100007825,67322487,2458427.7295307186,58427.224872699997,18.4860706,0.0392159298,32768,zr,8.9723150999999994,43.561491199999999,0.605000019,0.0130000003,20181105224861,695,0x10,0x1,19.7700005,25.0680561,0.0380051695,0.085157007,1.12005573e-05,30,1.00699997,2
695216100007825,67323167,2458427.7363360752,58427.231678199998,18.7218971,0.0463559963,32768,zr,8.9724097999999994,43.561476499999998,0.723999977,-0.107000001,20181105231655,695,0x10,0x1,19.9599991,25.4120483,0.0309703089,0.0786912143,7.43414148e-06,30,1.00600004,2
695216100007825,67325459,2458427.7592522716,58427.254594899998,18.7925625,0.0487863682,0,zr,8.9723199000000005,43.561525500000002,0.538999975,-0.0939999968,20181105254572,695,0x10,0x1,19.9799995,25.5756817,0.0300943572,0.082385242,6.99849716e-06,30,1.01100004,2
695216100007825,67424244,2458428.7470773859,58428.242442100003,18.6938896,0.0454316735,0,zr,8.9723389999999998,43.561529399999998,0.711000025,0.0480000004,20181106242442,695,0x10,0x1,21.2099991,26.1129665,0.0186875015,0.085980013,2.71488716e-06,30,1.00699997,2
695216100007825,67425969,2458428.7643339857,58428.259699100003,18.8232899,0.0498884395,0,zr,8.9723305999999994,43.561510499999997,0.823000014,-0.0590000004,20181106259572,695,0x10,0x1,21.3400002,26.1074142,0.0201279428,0.0807620138,3.13696637e-06,30,1.01600003,2
695216100007825,67428320,2458428.7878403366,58428.283206,18.6113205,0.0428300947,0,zr,8.9723213000000008,43.561511600000003,1.12399995,-0.0489999987,20181106282986,695,0x10,0x1,21.2700005,26.1112671,0.0194141362,0.0838178843,2.92474942e-06,30,1.03999996,2
695216100007825,67526925,2458429.7738702116,58429.269259300003,18.6016998,0.0425386243,0,zr,8.972296,43.561488500000003,0.532999992,0.0370000005,20181107269201,695,0x10,0x1,21.3099995,26.1067524,0.0196352117,0.0842710361,3.00791362e-06,30,1.02600002,1
695216100007825,67527069,2458429.7753052767,58429.270694400002,18.5337219,0.0405455939,0,zr,8.9723197999999993,43.561496300000002,1.36800003,-0.152999997,20181107270671,695,0x10,0x1,21.4400005,26.100729,0.0197045244,0.0817065388,3.01973819e-06,30,1.028,2
695216100007825,67527559,2458429.7802010556,58429.2755903,18.3790703,0.0364217423,0,zr,8.9723106000000001,43.561492700000002,0.876999974,-0.0350000001,20181107275556,695,0x10,0x1,21.4799995,26.106905,0.0205157325,0.0825619623,3.27507905e-06,30,1.03400004,2
695216100007825,67529410,2458429.7987190969,58429.294108800001,18.4224796,0.0375242643,0,zr,8.9723296000000001,43.561492800000003,1.03100002,-0.0379999988,20181107294086,695,0x10,0x1,21.3899994,26.0993748,0.0212182291,0.0836162642,3.51866652e-06,30,1.06200004,2
695216100007825,67610460,2458430.6091965032,58430.104606499997,18.5039234,0.0397077389,0,zr,8.9723550999999997,43.5615247,1.08500004,-0.0179999992,20181108104583,695,0x10,0x1,20.3700008,26.1255856,0.0237630196,0.0594951957,4.39843461e-06,30,1.23000002,2
695216100007825,67619957,2458430.7041594051,58430.199571800003,18.7111187,0.0459977016,0,zr,8.9723021000000003,43.561486199999997,1.48399997,-0.137999997,20181108199560,695,0x10,0x1,21.2900009,26.1150513,0.0200557504,0.0792004615,3.12213729e-06,30,1.01499999,2
695216100007825,67714915,2458431.6537176925,58431.1491551,18.8789215,0.051956065,0,zr,8.9722729000000001,43.561480199999998,0.307999998,-0.0209999997,20181109149039,695,0x10,0x1,20.5300007,26.084095,0.0240387414,0.0783639699,4.475271e-06,30,1.08200002,2
695216100007825,67718069,2458431.6852561543,58431.180694399998,18.5299644,0.0404387638,0,zr,8.9723653999999993,43.561492600000001,0.67900002,0.0439999998,20181109180694,695,0x10,0x1,19.8700008,26.0819778,0.0328566693,0.0872756317,8.39378481e-06,30,1.02999997,2
695216100007825,67719834,2458431.7029061811,58431.198344900004,18.6404953,0.0437287129,0,zr,8.9723138999999996,43.5613989,1.08000004,0.425999999,20181109198275,695,0x10,0x1,19.3700008,26.0925045,0.0417106152,0.0885729566,1.41507053e-05,30,1.01400006,2
695216100007825,67826512,2458432.7696589753,58432.265127300001,18.8238373,0.0499083176,0,zr,8.9723778000000003,43.561503399999999,0.806999981,0.0480000004,20181110265104,695,0x10,0x1,20.8600006,26.1111813,0.0216221139,0.0791904628,3.64738889e-06,30,1.03100002,2
695216100007825,67826607,2458432.7706080466,58432.266076400003,18.7206573,0.0463146195,0,zr,8.9723246000000003,43.561487800000002,1.08800006,-0.0810000002,20181110266053,695,0x10,0x1,20.8400002,26.1089401,0.019830551,0.078557536,3.06396669e-06,30,1.03199995,1
695216100007825,67827621,2458432.7807466532,58432.2762153,18.7223129,0.0463698916,0,zr,8.9723082999999999,43.561512200000003,0.754000008,0.00600000005,20181110276169,695,0x10,0x1,20.7000008,26.1025372,0.0212169569,0.0870078877,3.48783442e-06,30,1.046,2
695216100007825,67829326,2458432.7977947593,58432.293263899999,18.835453,0.0503324494,0,zr,8.9723126000000004,43.561563,0.788999975,-0.0970000029,20181110292836,695,0x10,0x1,20.8199997,26.1067142,0.0212879404,0.0881250724,3.53717201e-06,30,1.07599998,2
695216100007825,68018515,2458434.6896250974,58434.185150500001,18.4701099,0.0387825854,0,zr,8.9723240999999998,43.5614943,0.976000011,-0.0350000001,20181112185069,695,0x10,0x1,20.6499996,26.1141949,0.0215850268,0.0814818889,3.59568662e-06,30,1.01800001,2
695216100007825,68020141,2458434.705886092,58434.201412000002,18.4924183,0.0393899456,0,zr,8.9722872000000002,43.561526899999997,0.565999985,-0.00999999978,20181112201366,695,0x10,0x1,20.3099995,26.1103802,0.0260435324,0.0888209864,5.26071608e-06,30,1.00800002,2
695216100007825,68029564,2458434.8001192436,58434.2956481,18.5178108,0.040095564,0,zr,8.9723123999999999,43.561483899999999,1.45200002,0.0149999997,20181112295451,695,0x10,0x1,20.0799999,26.0988731,0.0294734482,0.0897803381,6.70886857e-06,30,1.09300005,2
695216100007825,68126476,2458435.7692088624,58435.264768499997,18.5713253,0.0416337997,0,zr,8.9724070999999999,43.5615369,0.514999986,-0.0250000004,20181113264757,695,0x10,0x1,20.1100006,26.1095467,0.028130915,0.0845151022,6.1198507e-06,30,1.04100001,2
695216100007825,68126571,2458435.7701579267,58435.265717599999,18.660656,0.0443627425,0,zr,8.9722755999999997,43.561492700000002,0.829999983,-0.00600000005,20181113265694,695,0x10,0x1,20.0799999,26.112936,0.0292652361,0.0822775438,6.63799756e-06,30,1.04200006,1
695216100007825,68127350,2458435.7779469718,58435.273506899997,18.5029964,0.0396820381,0,zr,8.9722848000000006,43.561492999999999,0.529999971,0.0149999997,20181113273472,695,0x10,0x1,20.1800003,26.1140862,0.0273106992,0.0877314657,5.7600414e-06,30,1.05499995,2
695216100007825,68129362,2458435.7980621103,58435.293622700003,18.5292931,0.0404197164,0,zr,8.9723298000000007,43.561557800000003,0.792999983,0.0560000017,20181113293600,695,0x10,0x1,19.8799992,26.1004219,0.0307608657,0.083272323,7.2828152e-06,30,1.09500003,2
695216100007825,68227166,2458436.7760737739,58436.271666699999,18.1884708,0.0320457257,32768,zr,8.9723620000000004,43.561205999999999,0.578000009,0.449000001,20181114271609,695,0x10,0x1,18.2600002,25.2643108,0.052268967,0.0907932296,5.08616686e-05,30,1.05599999,2
695216100007825,68229302,2458436.7974271271,58436.293020800003,18.5623665,0.0413713753,0,zr,8.9721940999999994,43.561553000000004,0.949999988,0.0240000002,20181114292998,695,0x10,0x1,19.5400009,25.7784405,0.0422468595,0.0805311725,1.40501543e-05,30,1.10000002,2
695216100007825,68727903,2458441.7832616563,58441.279039399997,18.5439892,0.0408392698,0,zr,8.9723301000000006,43.561492000000001,0.652999997,0.0260000005,20181119279005,695,0x10,0x1,19.8999996,26.0750732,0.0309789088,0.0868055373,7.43192868e-06,30,1.09899998,1
695216100007825,69332728,2458447.8312379746,58447.327280099998,19.2126427,0.0665043741,0,zr,8.9722749999999998,43.561535599999999,0.658999979,-0.172000006,20181125327268,695,0x10,0x1,19.7399998,26.0881462,0.030210074,0.0792927593,7.01545741e-06,30,1.35599995,1
695216100007825,70217237,2458456.6758684628,58456.172372699999,18.6375027,0.0436355285,0,zr,8.9723328999999996,43.561507499999998,0.370000005,0.00200000009,20181204172361,695,0x10,0x1,20.5200005,26.1167183,0.0234195963,0.0887583345,4.21534696e-06,30,1.00899994,1
695216100007825,70827908,2458462.7822144628,58462.279085599999,18.7205086,0.0463096499,32768,zr,8.9723582999999998,43.561479900000002,0.684000015,0.061999999,20181210279086,695,0x10,0x1,19.7299995,25.2687531,0.0393988714,0.0837141648,1.21528392e-05,30,1.31500006,1
695216100007825,71519622,2458469.6988993087,58469.1962269,18.4235878,0.0375529714,32768,zr,8.9724912999999997,43.561441199999997,0.541000009,-0.158000007,20181217196192,695,0x10,0x1,18.6700001,24.9835529,0.0754584596,0.0933891758,8.20842106e-05,30,1.08500004,1
695216100007825,71811459,2458472.6170632662,58472.114594899998,18.9289703,0.0538983271,0,zr,8.9722849999999994,43.561492399999999,1.12300003,-0.172000006,20181220114525,695,0x10,0x1,20.5699997,26.1163292,0.0252587032,0.0872601494,4.95669474e-06,30,1.00600004,1
695216100007825,72116181,2458475.6640659794,58475.161817100001,19.3405991,0.0731632411,0,zr,8.9722497000000008,43.561440500000003,0.614000022,-0.105999999,20181223161806,695,0x10,0x1,20.2600002,26.1191196,0.023241939,0.07668823,4.20312381e-06,30,1.051,1
695216100007825,73211224,2458486.6136607253,58486.1122454,19.6871147,0.094621025,0,zr,8.9723044999999999,43.561484,0.541000009,-0.0729999989,20190103112083,695,0x10,0x1,20.9200001,26.106678,0.0208425205,0.0865739509,3.35570189e-06,30,1.02499998,1
695216100007825,73613255,2458490.6336537218,58490.132557899997,19.388258,0.0758107305,0,zr,8.9722918000000007,43.561487,0.876999974,0.00899999961,20190107132523,695,0x10,0x1,20.5499992,26.1067867,0.0233327542,0.0846199468,4.20638617e-06,30,1.07299995,1
695216100007825,73911590,2458493.6167584485,58493.115902799997,19.4957695,0.0821308494,0,zr,8.9722884999999994,43.561471400000002,0.657999992,0.0399999991,20190110115903,695,0x10,0x1,20.5599995,25.976223,0.0236212518,0.082976602,4.31077069e-06,30,1.05799997,1
695216100007825,86447571,2458618.9716545823,58618.475717599998,16.2590942,0.0129981646,32768,zr,8.9719812999999995,43.561276300000003,0.388999999,-0.0419999994,20190515475683,695,0x10,0x1,16.0400009,21.0437946,0.129646823,0.16047886,0.0845829099,30,2.398,2
695216100007825,87346427,2458627.9605636001,58627.464270800003,19.2994499,0.0709513947,0,zr,8.9722951999999996,43.561482099999999,0.786000013,-0.0480000004,20190524464259,695,0x10,0x1,20.6900005,25.9138012,0.0235081855,0.0903488249,4.28229851e-06,30,2.1329999,2
695216100007825,87346848,2458627.9647767921,58627.468483800003,19.2555351,0.0686651096,0,zr,8.9723018999999997,43.561494799999998,0.344000012,0.0590000004,20190524468449,695,0x10,0x1,20.7099991,25.9219151,0.0237502623,0.0873738453,4.39990163e-06,30,2.06100011,2
695216100007825,87347222,2458627.9685153645,58627.472222199998,19.1774063,0.0647817478,0,zr,8.9722822000000004,43.5615284,0.713999987,-0.0909999982,20190524472222,695,0x10,0x1,20.6499996,25.9307461,0.0230770018,0.0834099352,4.12335066e-06,30,2.00099993,2
695216100007825,87347594,2458627.9722424336,58627.4759491,19.1295929,0.06251809,0,zr,8.9722857000000005,43.561485400000002,0.754999995,0.0160000008,20190524475949,695,0x10,0x1,20.6000004,25.9389534,0.0241363272,0.082605809,4.55296049e-06,30,1.94500005,2
695216100007825,89643473,2458650.9323161733,58650.434733800001,19.0293522,0.0580390878,0,zr,8.9723289000000008,43.561448900000002,0.501999974,-0.0289999992,20190616434722,695,0x10,0x1,20.3700008,25.9906807,0.0253589787,0.085678719,4.97449628e-06,30,1.67900002,1
695216100007825,89944752,2458653.9453077544,58653.447523100003,19.6136417,0.0896327794,0,zr,8.9722922999999994,43.561495200000003,0.760999978,0.0350000001,20190619447523,695,0x10,0x1,20.5400009,25.9825325,0.0235877,0.0803298727,4.29121974e-06,30,1.49000001,1
695216100007825,90343269,2458657.9307582946,58657.432696800002,19.2655888,0.0691818073,0,zr,8.9723144999999995,43.561479599999998,0.518000007,-0.0439999998,20190623432662,695,0x10,0x1,20.7399998,26.0028229,0.0231129937,0.0857175216,4.1521721e-06,30,1.52100003,1
695216100007825,91145221,2458665.9508567932,58665.4522106,19.3000488,0.0709831417,0,zr,8.9723290000000002,43.561496599999998,0.712000012,0.0130000003,20190701452211,695,0x10,0x1,21.3600006,26.0432739,0.0188220516,0.0802232027,2.75330922e-06,30,1.26400006,1
695216100007825,91543458,2458669.9335308927,58669.434583299997,19.206007,0.0661764219,0,zr,8.972296,43.561511400000001,0.606999993,-0.00800000038,20190705434560,695,0x10,0x1,21.3700008,26.0315628,0.0182295721,0.0821087062,2.58090495e-06,30,1.29700005,2
695216100007825,91742074,2458671.9198407261,58671.420740699999,19.525753,0.0839814693,32768,zr,8.9723723999999994,43.561454900000001,1.13,-0.0480000004,20190707420741,695,0x10,0x1,20.5,25.4949741,0.0549243242,0.0712288618,2.32812854e-05,30,1.34200001,2
695216100007825,91742168,2458671.9207899054,58671.421689800001,19.6273193,0.0905430689,32768,zr,8.9722787000000004,43.561470900000003,1.16199994,-0.185000002,20190707421667,695,0x10,0x1,20.6100006,25.4165039,0.0628308058,0.0734680593,3.04991372e-05,30,1.33599997,1
695216100007825,92047684,2458674.9761771499,58674.476840299998,19.427021,0.0780332536,0,zr,8.9723310999999999,43.561470499999999,0.556999981,-0.0170000009,20190710476840,695,0x10,0x1,21.4599991,26.0453606,0.0230924822,0.0799099877,4.15120485e-06,30,1.097,1
695216100007825,92048256,2458674.9819066962,58674.482569400003,19.4035225,0.0766784698,0,zr,8.9723503999999998,43.561487800000002,1.02400005,-0.0890000015,20190710482512,695,0x10,0x1,21.1900005,26.0478592,0.0216331445,0.0756869614,3.64095672e-06,30,1.08399999,2
695216100007825,92246555,2458676.9650477134,58676.4655556,19.4042854,0.0767221004,0,zr,8.9723699999999997,43.561479900000002,0.80400002,-0.0419999994,20190712465451,695,0x10,0x1,21.3500004,26.0073738,0.0223086458,0.0748307556,3.87092632e-06,30,1.11099994,2
695216100007825,92348935,2458677.9889242551,58677.489351900003,19.0835419,0.0604163408,0,zr,8.9723281000000004,43.561493800000001,0.749000013,-0.0599999987,20190713489340,695,0x10,0x1,20.9300003,26.0047836,0.0250797328,0.0796951726,4.92106028e-06,30,1.05599999,2
695216100007825,92448754,2458678.987197048,58678.487546299999,19.1116867,0.0616918169,0,zr,8.9722895000000005,43.561480799999998,0.610000014,-0.0839999989,20190714487512,695,0x10,0x1,21.1900005,26.0609818,0.0201446824,0.0805384815,3.16878436e-06,30,1.05400002,2
695216100007825,92642534,2458680.9251504862,58680.425347199998,19.0072823,0.0570998564,0,zr,8.9723336000000007,43.561491799999999,0.787,0.050999999,20190716425313,695,0x10,0x1,20.5900002,26.0493965,0.0223034546,0.077921845,3.85244039e-06,30,1.204,1
695216100007825,92944402,2458683.9440694847,58683.444027799997,19.3155174,0.0718069971,0,zr,8.9723112,43.561481399999998,1.00600004,-0.00800000038,20190719444016,695,0x10,0x1,20.7600002,26.0457897,0.021478897,0.0801457614,3.60833269e-06,30,1.11699998,1
695216100007825,93240540,2458686.9056809819,58686.405405099998,18.7701569,0.0480002575,0,zr,8.9723261000000001,43.561483899999999,0.372000009,0.0109999999,20190722405405,695,0x10,0x1,20.7700005,25.9610806,0.0246248916,0.0857448429,4.6839873e-06,30,1.21800005,1
695216100007825,93643531,2458690.9359066905,58690.435312499998,19.3919449,0.0760194436,0,zr,8.9723105000000007,43.561488400000002,0.601999998,-0.0659999996,20190726435231,695,0x10,0x1,21.3999996,25.986166,0.0229736827,0.07984896,4.1581975e-06,30,1.09200001,1
695216100007825,93946881,2458693.9696520683,58693.468819399997,18.7908401,0.0487254076,0,zr,8.9723129000000004,43.561489799999997,0.652999997,-0.0240000002,20190729468785,695,0x10,0x1,21.75,26.0418777,0.0223682728,0.0828686208,3.91512503e-06,30,1.02600002,1
695216100007825,94147353,2458695.9745194786,58695.473530099996,18.472868,0.0388570502,0,zr,8.9723249000000003,43.561493599999999,0.676999986,0.00600000005,20190731473530,695,0x10,0x1,21.6399994,26.0365391,0.0186507944,0.0806418583,2.68677763e-06,30,1.01699996,2
695216100007825,94247091,2458696.9719814127,58696.470914400001,18.5752869,0.0417504832,0,zr,8.9723170000000003,43.561486000000002,0.779999971,-0.063000001,20190801470833,695,0x10,0x1,21.75,26.0390377,0.0199586581,0.0788704976,3.0733413e-06,30,1.01699996,1
695216100007825,94247553,2458696.9765997729,58696.4755324,18.539341,0.0407060049,0,zr,8.9723048999999993,43.561489999999999,0.810000002,-0.0949999988,20190801475532,695,0x10,0x1,21.75,26.0491028,0.02190453,0.0781036243,3.68938277e-06,30,1.01400006,2
695216100007825,94340855,2458697.9096929482,58697.408553200003,18.7271004,0.0465301163,0,zr,8.9723324000000009,43.561473300000003,1.12699997,-0.0719999969,20190802408530,695,0x10,0x1,21.6200008,26.0390759,0.0213104747,0.0806068927,3.54977442e-06,30,1.11000001,2
695216100007825,94442164,2458698.9228615863,58698.421643499998,18.8377419,0.0504165068,32768,zr,8.9723211000000003,43.561484399999998,0.796000004,-0.0450000018,20190803421644,695,0x10,0x1,21.2999992,25.8485451,0.0306922365,0.0779558718,7.29701242e-06,30,1.07500005,2
695216100007825,94538275,2458699.8840466975,58699.382754600003,18.5426369,0.0408004224,0,zr,8.9723176999999996,43.561482499999997,0.989000022,-0.00499999989,20190804382755,695,0x10,0x1,21.4799995,26.0133209,0.0222655367,0.079074569,3.90290643e-06,30,1.16999996,1
695216100007825,94539136,2458699.8926584627,58699.391365700001,18.5269794,0.0403541401,0,zr,8.9723331999999996,43.561480899999999,0.958000004,-0.0920000002,20190804391366,695,0x10,0x1,21.3500004,26.0174961,0.0191136673,0.0752075016,2.87166245e-06,30,1.14300001,2
695216100007825,94645002,2458700.9513970749,58700.450023099998,18.7425613,0.0470519476,0,zr,8.9723211000000003,43.561486500000001,0.939999998,-0.0879999995,20190805450000,695,0x10,0x1,21.5900002,26.0214138,0.0183378961,0.0833362266,2.6066341e-06,30,1.02499998,2
695216100007825,94739251,2458701.8939575134,58701.392511600003,18.6770992,0.044887919,32768,zr,8.9722959000000007,43.561480400000001,0.843999982,0.0170000009,20190806392500,695,0x10,0x1,20.1599998,24.8838825,0.139163926,0.0672604069,0.000150449458,30,1.12399995,2
695216100007825,94942967,2458703.9312762129,58703.429675899999,18.6320419,0.0434660651,0,zr,8.9723126999999998,43.561487700000001,1.01800001,-0.0890000015,20190808429664,695,0x10,0x1,21.6700001,26.0179558,0.0204476863,0.0800643414,3.24379471e-06,30,1.03900003,1
695216100007825,94943061,2458703.9322137837,58703.4306134,18.6153831,0.042953901,0,zr,8.9723173000000003,43.561487200000002,0.712000012,-0.0240000002,20190808430590,695,0x10,0x1,21.6499996,26.01828,0.0191489775,0.0810942873,2.84642624e-06,30,1.03799999,2
695216100007825,95046780,2458704.9694792451,58704.467800899998,18.5372868,0.0406472497,0,zr,8.9723460999999993,43.561478700000002,1.11300004,-0.0450000018,20190809467801,695,0x10,0x1,21.2000008,26.0541611,0.0211040042,0.0868659317,3.48026401e-06,30,1.00899994,2
695216100007825,95146712,2458705.9688826189,58705.467129600001,18.6054611,0.0426522903,0,zr,8.9722951000000002,43.561498800000003,1.16499996,-0.075000003,20190810467037,695,0x10,0x1,21.4799995,26.0464706,0.0195344035,0.088496156,2.95290283e-06,30,1.00800002,2
695216100007825,95240813,2458706.9099595114,58706.408136600003,18.9692211,0.0555186123,0,zr,8.9723199000000005,43.561480899999999,1.56799996,-0.119000003,20190811408125,695,0x10,0x1,21.6700001,26.0373592,0.020240033,0.0837542117,3.14125532e-06,30,1.05900002,1
695216100007825,95347388,2458707.9757904829,58707.4738889,18.6228714,0.0431832373,0,zr,8.9722805999999995,43.5614968,0.786000013,-0.0439999998,20190812473738,695,0x10,0x1,21.4300003,26.0490646,0.0190372728,0.0826526284,2.81910798e-06,30,1.00800002,2
695216100007825,95449406,2458708.9960388537,58708.494062500002,18.7616577,0.0477058515,0,zr,8.9723039,43.561479300000002,1.09399998,-0.0799999982,20190813494051,695,0x10,0x1,21.5400009,26.0420227,0.0195507836,0.0809647813,2.99230351e-06,30,1.01900005,2
695216100007825,95643358,2458710.9357050252,58710.433588,18.6032505,0.0425854512,0,zr,8.9723287999999997,43.561473499999998,0.875,-0.064000003,20190815433588,695,0x10,0x1,20.6000004,26.0630379,0.024258431,0.0789467171,4.61160425e-06,30,1.01600003,2
695216100007825,95743702,2458711.9392144973,58711.437025500003,18.814394,0.0495665111,0,zr,8.9723024999999996,43.561503799999997,0.409000009,0.0170000009,20190816436817,695,0x10,0x1,20.7999992,26.0582504,0.0231720284,0.0796143115,4.22637459e-06,30,1.01300001,2
695216100007825,95837773,2458712.8799874368,58712.377731499997,18.8948631,0.0525661521,0,zr,8.9723194999999993,43.561477400000001,0.465000004,0.0419999994,20190817377662,695,0x10,0x1,20.3899994,26.0500565,0.0234737247,0.0708920285,4.29549436e-06,30,1.08599997,1
695216100007825,96142387,2458715.9263463868,58715.423877300003,19.3917656,0.0760092437,0,zr,8.9723565000000001,43.561494699999997,1.15400004,-0.140000001,20190820423808,695,0x10,0x1,20.9500008,26.0491257,0.0241363887,0.0779259056,4.58248041e-06,30,1.01400006,1
695216100007825,96346728,2458717.9698888231,58717.467280099998,19.1987095,0.0658176094,0,zr,8.9723158000000005,43.561490200000001,0.813000023,-0.0649999976,20190822467257,695,0x10,0x1,20.8500004,26.0360947,0.0215589534,0.0827304274,3.65092205e-06,30,1.01699996,2
695216100007825,96447265,2458718.9753268748,58718.4726505,19.3982506,0.0763776451,0,zr,8.9723292000000008,43.5615205,0.56400001,-0.101000004,20190823472627,695,0x10,0x1,20.8799992,26.0368004,0.0208524764,0.0822878778,3.38611108e-06,30,1.02400005,2
695216100007825,96447358,2458718.9762644377,58718.473588000001,19.3830395,0.0755162686,0,zr,8.9723033999999995,43.561533300000001,0.992999971,-0.112000003,20190823473565,695,0x10,0x1,21.0100002,26.0365829,0.0189990401,0.0788645223,2.80520476e-06,30,1.02499998,1
695216100007825,96541825,2458719.9209916615,58719.418252299998,19.2918243,0.0705489293,0,zr,8.9723389000000005,43.561490200000001,0.254999995,0.0140000004,20190824418044,695,0x10,0x1,21.1200008,26.0251255,0.0187288299,0.0806633607,2.74590298e-06,30,1.01100004,2
695216100007825,96638434,2458720.8871433293,58720.384340299999,19.3145828,0.0717569515,0,zr,8.9723427999999998,43.5614706,0.898999989,-0.0850000009,20190825384132,695,0x10,0x1,21.1599998,25.9648895,0.0230844282,0.0667748898,4.16933017e-06,30,1.03799999,2
695216100007825,96744753,2458721.9504069984,58721.447534699997,19.0429611,0.0586265288,32768,zr,8.9722831000000003,43.561446500000002,0.862999976,-0.165999994,20190826447523,695,0x10,0x1,20.0100002,25.2723637,0.210364044,0.0718531981,0.000342731335,30,1.01199996,1
695216100007825,96938609,2458723.8890958228,58723.3860995,19.4625835,0.0801277608,0,zr,8.9723310999999999,43.561466600000003,0.944000006,-0.0599999987,20190828385903,695,0x10,0x1,21.6800003,26.0270805,0.0237811785,0.0784537569,4.45263277e-06,30,1.02600002,2
695216100007825,97040967,2458724.9127364941,58724.409675900002,19.4564457,0.079762429,0,zr,8.9723161999999999,43.5614749,1.08000004,-0.0719999969,20190829409653,695,0x10,0x1,21.1100006,26.0237274,0.018306436,0.0760900676,2.59923854e-06,30,1.00999999,1
695216100007825,97041106,2458724.9141254723,58724.411064799999,19.4544106,0.0796416551,0,zr,8.9723521999999996,43.5615728,0.90200001,-0.108999997,20190829411065,695,0x10,0x1,20.8899994,26.0277004,0.0234647114,0.0932389274,4.31124045e-06,30,1.00899994,2
695216100007825,97148615,2458725.9892846253,58725.486157400002,19.435648,0.0785363764,0,zr,8.9723205999999998,43.561490800000001,0.497000009,0.0109999999,20190830486123,695,0x10,0x1,21.4400005,26.0351505,0.0228965525,0.0751113966,4.11456767e-06,30,1.06900001,2
695216100007825,97348766,2458727.9909104956,58727.487662,19.4714584,0.0806587785,0,zr,8.9723047999999999,43.561481399999998,1.27999997,0.0700000003,20190901487662,695,0x10,0x1,21.3600006,25.994791,0.0185205378,0.0829579532,2.6576613e-06,30,1.08299994,1
695216100007825,97350201,2458728.0052632433,58727.502013899997,19.4266891,0.0780139118,0,zr,8.9723296999999995,43.561495700000002,0.898999989,-0.00700000022,20190901501782,695,0x10,0x1,21.2299995,25.99016,0.0194979701,0.0839293003,2.97348925e-06,30,1.11699998,2
695216100007825,97846677,2458732.9703051769,58732.466770799998,19.7889309,0.101936765,0,zr,8.9723305,43.561490399999997,0.526000023,0.00999999978,20190906466771,695,0x10,0x1,21.4899998,25.9731922,0.0221820753,0.0764171481,3.78317645e-06,30,1.06799996,1
695216100007825,97846769,2458732.9712312296,58732.467696799999,19.8904514,0.109699488,0,zr,8.9722744999999993,43.561482599999998,1.398,-0.0869999975,20190906467685,695,0x10,0x1,21.3600006,25.9327202,0.0243588332,0.0790385306,4.56368571e-06,30,1.07000005,2
695216100007825,97941337,2458733.9169656648,58733.413379600002,19.3452492,0.0734174252,0,zr,8.9723316000000004,43.561507800000001,1.58099997,-0.202999994,20190907413322,695,0x10,0x1,21.3700008,26.0286407,0.0188995115,0.0816581994,2.7942508e-06,30,1.01100004,2
695216100007825,98138406,2458735.8877532864,58735.384062500001,19.3618202,0.0743305907,0,zr,8.9723258999999995,43.561486600000002,0.314999998,0.0309999995,20190909384005,695,0x10,0x1,21.3999996,26.0283165,0.0194317717,0.0856601149,2.96578105e-06,30,1.00899994,2
695216100007825,98138496,2458735.8886561338,58735.3849653,19.4166088,0.077430062,0,zr,8.9723220999999995,43.561486199999997,1.05400002,-0.0439999998,20190909384965,695,0x10,0x1,21.5,26.0321121,0.021413317,0.0776846781,3.57161866e-06,30,1.00800002,1
695216100007825,98241229,2458736.9160355562,58736.412291699999,18.9012337,0.052812174,0,zr,8.9723232999999993,43.561512899999997,0.725000024,-0.00700000022,20190910412280,695,0x10,0x1,21.0699997,26.0278721,0.0202461518,0.0862702057,3.19503215e-06,30,1.01499999,2
695216100007825,98332828,2458737.8320772164,58737.328286999997,19.0103416,0.0572290942,0,zr,8.9722959000000007,43.561488099999998,0.791000009,-0.118000001,20190911328218,695,0x10,0x1,20.3500004,26.0239334,0.0235726424,0.082051158,4.32303887e-06,30,1.051,2
695216100007825,98435865,2458738.8624987206,58738.3586574,19.1854496,0.0651708543,0,zr,8.9724073999999998,43.5614876,0.662,-0.136000007,20190912358449,695,0x10,0x1,20.6700001,26.0339813,0.0217249878,0.0780353397,3.67170833e-06,30,1.01600003,2
695216100007825,98438662,2458738.8904630942,58738.386620400001,18.9613171,0.0551962927,0,zr,8.9723191,43.561487300000003,0.762000024,-0.075000003,20190912386620,695,0x10,0x1,20.6700001,26.0378761,0.0214614104,0.0799760595,3.57817521e-06,30,1.00800002,1
695216100007825,98438753,2458738.8913774397,58738.387534699999,19.0469608,0.0588003807,0,zr,8.9723068999999995,43.561482599999998,0.697000027,-0.0860000029,20190912387535,695,0x10,0x1,20.6800003,26.0285664,0.0216773879,0.0809589401,3.69812346e-06,30,1.00800002,3
695216100007825,98643880,2458740.9427489238,58740.438807899998,19.0716038,0.0598838478,0,zr,8.9722898000000004,43.561518300000003,0.566999972,0.0529999994,20190914438275,695,0x10,0x1,20.0100002,26.0116463,0.028255159,0.0753074065,6.15797944e-06,30,1.05799997,3
695216100007825,98742483,2458741.9288246557,58741.424837999999,18.7430477,0.047068473,0,zr,8.9723672000000008,43.561495299999997,1.01800001,-0.0379999988,20190915424838,695,0x10,0x1,20.2900009,25.9872341,0.0261404067,0.0781254098,5.34483797e-06,30,1.04100001,3
695216100007825,98742582,2458741.929808503,58741.425821800003,18.7923107,0.0487774611,0,zr,8.9723500999999999,43.561460400000001,0.326999992,-0.00600000005,20190915425787,695,0x10,0x1,20.1900005,26.0055447,0.0274875928,0.0719999745,5.88367857e-06,30,1.04200006,2
695216100007825,98742672,2458741.9307112405,58741.426724500001,18.8212357,0.0498138964,0,zr,8.9723412000000007,43.561514600000002,0.875,-0.00300000003,20190915426725,695,0x10,0x1,20.2999992,25.9904709,0.0281677637,0.077214703,6.19860657e-06,30,1.04299998,1
695216100007825,98936333,2458743.8674065256,58743.363333300003,19.1016045,0.0612316504,0,zr,8.9723583999999992,43.561539099999997,1.16900003,-0.234999999,20190917363299,695,0x10,0x1,20.0100002,26.0189934,0.0285397787,0.0920738652,6.38574329e-06,30,1.00800002,3
695216100007825,98936471,2458743.8687838875,58743.364710599999,19.0777016,0.0601552054,0,zr,8.9722676999999997,43.561536599999997,0.656000018,-0.0719999969,20190917364687,695,0x10,0x1,20.2800007,26.0220795,0.0237409826,0.082290493,4.39322048e-06,30,1.00800002,2
695216100007825,99037431,2458744.878433798,58744.374317100002,18.8139935,0.0495520756,0,zr,8.9723287000000003,43.561470499999999,0.906000018,-0.107000001,20190918374282,695,0x10,0x1,20.6599998,26.0345955,0.0232159365,0.0790158063,4.21013692e-06,30,1.00899994,2
695216100007825,99037521,2458744.8793366356,58744.375219900001,18.769804,0.0479879975,0,zr,8.9723234999999999,43.561478299999997,0.921999991,-0.0850000009,20190918375220,695,0x10,0x1,20.6100006,26.0373726,0.0246626679,0.0759102926,4.75523166e-06,30,1.00899994,1
695216100007825,99135124,2458745.8554075905,58745.35125,19.1591759,0.0639087111,0,zr,8.9723064000000008,43.561503899999998,1.07700002,-0.133000001,20190919351250,695,0x10,0x1,20.6700001,26.0397186,0.0222119689,0.0845447481,3.82013968e-06,30,1.00999999,3
695216100007825,99135219,2458745.8563567321,58745.352199100002,19.3095169,0.0714862421,0,zr,8.9723748000000008,43.561456200000002,0.726999998,0.0329999998,20190919352176,695,0x10,0x1,20.6299992,26.0330925,0.0218708012,0.0721258894,3.7620091e-06,30,1.00999999,2
695216100007825,99340363,2458747.9078741856,58747.403634299997,18.9393005,0.054309167,0,zr,8.9723354999999998,43.561478899999997,0.541000009,-0.0480000004,20190921403611,695,0x10,0x1,21.1000004,26.0069599,0.0210167374,0.0800694153,3.46800994e-06,30,1.03499997,2
695216100007825,99342121,2458747.9254558641,58747.421215299997,19.0082397,0.0571402498,0,zr,8.9723208000000003,43.561470100000001,0.763999999,-0.0989999995,20190921421215,695,0x10,0x1,20.8600006,26.0058365,0.0204203241,0.0801628232,3.2750761e-06,30,1.05999994,1
695216100007825,99342215,2458747.926393399,58747.422152799998,19.0720062,0.0599017367,0,zr,8.9722977000000004,43.561490499999998,0.138999999,-0.023,20190921422130,695,0x10,0x1,20.9799995,26.0006695,0.0200021025,0.0805544183,3.13447026e-06,30,1.06200004,3
695216100007825,99342893,2458747.9331760593,58747.428935199998,19.2248325,0.067111291,0,zr,8.9722855999999993,43.561496099999999,0.73299998,0.00999999978,20190921428912,695,0x10,0x1,20.8299999,25.9976044,0.0207830649,0.0836330503,3.42682779e-06,30,1.074,2
695216100007825,99345048,2458747.9547277829,58747.450486100002,19.3401394,0.0731381327,0,zr,8.9723634000000008,43.561523899999997,1.046,-0.105999999,20190921450463,695,0x10,0x1,20.75,25.9958439,0.020845456,0.0792671442,3.40368138e-06,30,1.125,2
695216100007825,99430703,2458748.8113115425,58748.307036999999,18.8829803,0.0521106496,0,zr,8.9722968000000005,43.561489899999998,1.36800003,-0.105999999,20190922307025,695,0x10,0x1,20.8700008,25.8672295,0.0251645297,0.0829931572,4.93837206e-06,30,1.03900003,2
695216100007825,99431552,2458748.8197956639,58748.315520800003,18.8432198,0.0506183542,0,zr,8.9723305,43.561499599999998,1.50699997,-0.0710000023,20190922315440,695,0x10,0x1,21.1499996,26.0094509,0.0205937084,0.0876681879,3.30191801e-06,30,1.02900004,2
695216100007825,99433671,2458748.8409886691,58748.336712999997,19.3090935,0.0714636892,32768,zr,8.9722682000000002,43.561488199999999,0.657999992,0.0829999968,20190922336528,695,0x10,0x1,20.5400009,25.6445255,0.044310797,0.0799414143,1.51720351e-05,30,1.01300001,2
695216100007825,99525281,2458749.7571222568,58749.252812500003,19.2289848,0.0673192963,0,zr,8.9723041000000006,43.561471300000001,1.03400004,-0.0280000009,20190923252708,695,0x10,0x1,21.3700008,25.9763794,0.0229614358,0.0808503851,4.1499211e-06,30,1.14900005,2
695216100007825,99528380,2458749.7881188048,58749.283807899999,19.137888,0.0629047677,0,zr,8.9722895000000005,43.561499400000002,1.39199996,-0.150000006,20190923283762,695,0x10,0x1,21.4300003,25.9765167,0.0207452979,0.0844633877,3.37169126e-06,30,1.07200003,2
695216100007825,99530736,2458749.8116728733,58749.3073611,18.8384247,0.050441619,0,zr,8.9723527999999995,43.561506700000002,0.56400001,-0.0599999987,20190923307350,695,0x10,0x1,21.25,25.9846802,0.0197778456,0.083605364,3.05958929e-06,30,1.03499997,2
695216100007825,99630518,2458750.8095329092,58750.305185199999,18.7468739,0.0471987277,0,zr,8.9723083999999993,43.561475799999997,0.702000022,-0.064000003,20190924305127,695,0x10,0x1,21.1299992,25.9582214,0.0196680762,0.0833573341,3.03564798e-06,30,1.03400004,2
695216100007825,99631699,2458750.8213388282,58750.316990699997,18.8650455,0.0514314771,0,zr,8.9723231000000006,43.561490499999998,0.940999985,-0.0989999995,20190924316782,695,0x10,0x1,21.0499992,25.9563293,0.0205246974,0.0787316635,3.29766272e-06,30,1.02199996,2
695216100007825,99632512,2458750.8294757172,58750.325127299999,19.0215797,0.0577064343,0,zr,8.9723225000000006,43.561488400000002,1.046,-0.00899999961,20190924325104,695,0x10,0x1,20.9400005,25.9579372,0.0208781734,0.0838696659,3.4106115e-06,30,1.01600003,1
695216100007825,99728354,2458751.7879234543,58751.283541700002,18.8510246,0.0509074554,0,zr,8.9723249000000003,43.561474400000002,0.656000018,-0.0260000005,20190925283495,695,0x10,0x1,21.0799999,25.975687,0.0198084842,0.0798120722,3.07807068e-06,30,1.06200004,2
695216100007825,99729300,2458751.7973913806,58751.293009300003,18.9462318,0.0545867309,0,zr,8.9723281000000004,43.561475899999998,0.519999981,-0.0309999995,20190925292674,695,0x10,0x1,21.2700005,25.9749451,0.021032868,0.0835603327,3.46109209e-06,30,1.04700005,2
695216100007825,99731931,2458751.823700082,58751.319317100002,19.0269966,0.0579380505,0,zr,8.9723351000000005,43.5615211,0.555000007,0.0160000008,20190925319213,695,0x10,0x1,21.1200008,25.9805889,0.0207179729,0.0807170793,3.34577749e-06,30,1.01800001,2
695216100007825,100239571,2458756.9002577658,58756.395717599997,18.5552521,0.0411643907,0,zr,8.9723746999999996,43.561502599999997,0.587000012,0.0170000009,20190930395440,695,0x10,0x1,20.9099998,26.0128021,0.0192541145,0.0717009902,2.89817558e-06,30,1.05900002,2
695216100007825,100430950,2458758.8140931628,58758.309502299999,19.0576439,0.0592674986,0,zr,8.9723058000000009,43.561481200000003,0.619000018,-0.0280000009,20191002309444,695,0x10,0x1,21.4500008,26.0214958,0.0215948727,0.0833224654,3.66229801e-06,30,1.01199996,2
695216100007825,100431784,2458758.822438274,58758.3178472,19.1725483,0.0645478517,0,zr,8.9723044999999999,43.5614755,0.853999972,-0.0920000002,20191002317847,695,0x10,0x1,21.2900009,26.0294895,0.0190132279,0.0764996111,2.83980921e-06,30,1.00899994,1
695216100007825,100431874,2458758.8233410949,58758.318749999999,19.1730289,0.0645709932,0,zr,8.9723263000000006,43.561503899999998,0.532999992,-0.0579999983,20191002318750,695,0x10,0x1,21.3199997,26.018959,0.0207814761,0.0845510885,3.38336486e-06,30,1.00899994,2
695216100007825,100431971,2458758.8243017192,58758.319710600001,19.1477242,0.0633665547,0,zr,8.9723211000000003,43.561500600000002,0.289999992,-0.0240000002,20191002319676,695,0x10,0x1,21.3199997,26.021637,0.0202442873,0.0810166225,3.21359039e-06,30,1.00899994,3
695216100007825,100630105,2458760.8056917093,58760.301053199997,18.96031,0.0551553592,0,zr,8.9723360000000003,43.561501499999999,0.750999987,-0.101000004,20191004300984,695,0x10,0x1,21.2700005,26.0258732,0.0190921836,0.0859310329,2.84183307e-06,30,1.01400006,2
695216100007825,100632219,2458760.8268380892,58760.322199100003,19.3349342,0.0728547126,0,zr,8.9723202999999998,43.561480199999998,0.314999998,0.00200000009,20191004322164,695,0x10,0x1,21.1200008,26.0336285,0.0201919079,0.0759832188,3.1846414e-06,30,1.00800002,2
695216100007825,100632310,2458760.8277409077,58760.323101900001,19.2271938,0.0672294497,0,zr,8.9723547999999997,43.561506199999997,0.317000002,0.0399999991,20191004323090,695,0x10,0x1,21.1200008,26.0308857,0.0202800706,0.0870135352,3.21349853e-06,30,1.00800002,3
695216100007825,100734190,2458761.8465710259,58761.341909700001,19.055481,0.0591725782,0,zr,8.9723228000000006,43.561487700000001,0.519999981,0.00499999989,20191005341840,695,0x10,0x1,21.0799999,26.0199909,0.0214870684,0.0853611678,3.60127979e-06,30,1.01400006,2
695216100007825,100734285,2458761.8475201447,58761.342858800002,18.9203873,0.0535595976,0,zr,8.9723275000000005,43.561506399999999,0.700999975,0.0189999994,20191005342836,695,0x10,0x1,21.1100006,26.0278282,0.0209571514,0.07782875,3.44672662e-06,30,1.01400006,1
695216100007825,100734379,2458761.8484576652,58761.343796300003,18.926693,0.0538082346,0,zr,8.9723225000000006,43.561489700000003,0.126000002,0.00600000005,20191005343773,695,0x10,0x1,21.1800003,26.0201359,0.0194695201,0.0813468173,2.95675341e-06,30,1.01499999,3
695216100007825,100736077,2458761.8654372199,58761.360775499998,19.0926971,0.0608281381,0,zr,8.9723406000000008,43.561516599999997,1.16999996,-0.159999996,20191005360775,695,0x10,0x1,21.0400009,26.0142651,0.0217838585,0.0790617317,3.7171244e-06,30,1.02900004,2
695216100007825,100739706,2458761.9017226771,58761.397060199997,19.0512333,0.058986716,0,zr,8.9723173999999997,43.561473900000003,0.657000005,0.0370000005,20191005396586,695,0x10,0x1,20.9699993,26.0036774,0.0222433284,0.0796603337,3.8803305e-06,30,1.08800006,2
695216100007825,100931494,2458763.8196427212,58763.314942099998,19.2539825,0.0685856193,0,zr,8.9723076000000006,43.561493499999997,0.414000005,-0.0260000005,20191007314444,695,0x10,0x1,21.1700001,26.0285568,0.0224977639,0.0788321495,3.97231815e-06,30,1.00800002,2
695216100007825,100934637,2458763.8510784996,58763.346377299997,18.8089867,0.0493719727,0,zr,8.9723287000000003,43.561513699999999,0.838999987,-0.061999999,20191007346354,695,0x10,0x1,21.1200008,26.0212765,0.0207397882,0.0859281048,3.36750554e-06,30,1.02100003,3
695216100007825,100934731,2458763.8520160187,58763.347314799998,18.8267784,0.0500153564,0,zr,8.9723415000000006,43.561479200000001,1.27100003,0.00600000005,20191007347292,695,0x10,0x1,21.1599998,26.0260868,0.0194747951,0.0780946836,2.9692078e-06,30,1.02199996,2
695216100007825,100936357,2458763.8682779158,58763.363576399999,18.8504333,0.0508854911,0,zr,8.9723257000000007,43.561474400000002,1.79200006,-0.0610000007,20191007363472,695,0x10,0x1,21.2900009,26.0176163,0.0203726217,0.0803098753,3.24194775e-06,30,1.03900003,2
695216100007825,101013076,2458764.6354791648,58764.130763900001,19.2454662,0.0681514814,0,zr,8.9723100999999996,43.561503500000001,0.839999974,-0.0890000015,20191008130694,695,0x10,0x1,20.75,25.9508495,0.0260976683,0.0776608139,5.3212616e-06,30,1.60599995,1
695216100007825,101041222,2458764.9169423855,58764.412222200001,19.1308823,0.0625780001,0,zr,8.9723255999999996,43.561480000000003,1.33599997,-0.112999998,20191008412199,695,0x10,0x1,21.1399994,26.0275669,0.0208935533,0.0741828904,3.42597377e-06,30,1.14900005,2
695216100007825,101042123,2458764.9259587321,58764.421238399998,18.9836807,0.0561136715,0,zr,8.9723117000000006,43.561513900000001,0.887000024,-0.0439999998,20191008421215,695,0x10,0x1,21.0499992,26.0003605,0.0212941021,0.0847712904,3.56608598e-06,30,1.17900002,2
695216100007825,101044518,2458764.949905925,58764.445185199998,18.8618298,0.0513107739,0,zr,8.9723138000000002,43.561516099999999,1.61000001,-0.172000006,20191008445069,695,0x10,0x1,21.1700001,25.9792042,0.0221687779,0.0822479799,3.86328156e-06,30,1.27900004,2
695216100007825,101113094,2458765.6356811984,58765.130949099999,18.8632622,0.0513644889,0,zr,8.9723415000000006,43.561482300000002,0.720000029,-0.0199999996,20191009130891,695,0x10,0x1,20.7399998,25.9725113,0.024235988,0.0773704723,4.57148371e-06,30,1.58000004,1
695216100007825,101137581,2458765.8805462741,58765.375810199999,18.9873638,0.0562663153,0,zr,8.9723033000000001,43.561489100000003,1.02600002,-0.0299999993,20191009375532,695,0x10,0x1,20.8700008,26.028904,0.0220068954,0.0761671513,3.80746246e-06,30,1.06700003,2
695216100007825,101139957,2458765.9043082385,58765.399571800001,19.0314903,0.0581309348,0,zr,8.9723208000000003,43.561487300000003,1.09099996,-0.118000001,20191009399537,695,0x10,0x1,20.8999996,26.0201378,0.0192041434,0.07649827,2.90562866e-06,30,1.12100005,2
695216100007825,101142500,2458765.9297368256,58765.425000000003,19.2401848,0.0678836852,0,zr,8.9723524000000001,43.561465699999999,1.07099998,-0.0520000011,20191009424919,695,0x10,0x1,21.1599998,26.0058212,0.0195441637,0.0777845457,2.98082909e-06,30,1.20299995,2
695216100007825,101213068,2458766.635430472,58766.130682900002,19.1476307,0.0633621737,0,zr,8.9721966000000002,43.561487300000003,0.657000005,-0.105999999,20191010130625,695,0x10,0x1,19.8600006,25.9607086,0.0294706021,0.0845492929,6.72127589e-06,30,1.55799997,1
695216100007825,101313087,2458767.6356413011,58767.130879600001,19.1215935,0.0621475019,0,zr,8.9724082000000003,43.561492800000003,1.11099994,-0.360000014,20191011130822,695,0x10,0x1,19.5599995,25.9288921,0.040686693,0.0848667324,1.29690834e-05,30,1.53299999,1
695216100007825,101351475,2458768.019523615,58767.514756899996,19.0069351,0.0570852235,0,zr,8.9723465999999998,43.561473100000001,0.238000005,-0.0240000002,20191011514734,695,0x10,0x1,20.0100002,25.8999023,0.0296669453,0.0897191614,6.791955e-06,30,1.95700002,2
695216100007825,101413108,2458768.6358624678,58768.131088000002,18.7785206,0.0482919961,0,zr,8.9722916999999995,43.561492700000002,0.328000009,-0.0540000014,20191012131019,695,0x10,0x1,19.9699993,25.9838161,0.028899096,0.0785576552,6.50979155e-06,30,1.50899994,1
695216100007825,101418690,2458768.6916848808,58768.186909700002,18.7640133,0.0477872342,0,zr,8.9723117000000006,43.561473499999998,0.755999982,0.0460000001,20191012186806,695,0x10,0x1,19.7399998,26.0083332,0.0306471679,0.0652630627,7.29515205e-06,30,1.19700003,2
695216100007825,101419510,2458768.6998794852,58768.1951042,18.9123688,0.0532452911,0,zr,8.9723632000000002,43.561453700000001,0.741999984,-0.0949999988,20191012195000,695,0x10,0x1,19.8700008,26.0167999,0.0319744051,0.0631141365,7.89208298e-06,30,1.16799998,2
695216100007825,101513062,2458769.6354108634,58769.130624999998,18.7508087,0.0473331101,0,zr,8.9723053999999998,43.561513099999999,0.583000004,-0.148000002,20191013130567,695,0x10,0x1,19.6299992,25.9609585,0.0350534692,0.0789299831,9.66186599e-06,30,1.49199998,1
695216100007825,101533700,2458769.8417904121,58769.337002300002,18.732214,0.0467019528,0,zr,8.9723188999999994,43.561461799999996,0.298999995,-0.0540000014,20191013336736,695,0x10,0x1,19.8799992,26.0277557,0.0301409401,0.0766385123,7.08113066e-06,30,1.02699995,2
695216100007825,101536118,2458769.8659689547,58769.361180599997,18.8425827,0.0505948104,0,zr,8.9723293999999996,43.5614834,0.284999996,-0.00700000022,20191013361042,695,0x10,0x1,20.0499992,26.0191574,0.0283298288,0.0834804326,6.27327199e-06,30,1.05999994,2
695216100007825,101537653,2458769.8813279076,58769.3765394,18.8894119,0.0523566306,0,zr,8.9723085000000005,43.561483199999998,0.59799999,-0.075000003,20191013376424,695,0x10,0x1,20,26.0079346,0.0285002235,0.0753530115,6.35500555e-06,30,1.09099996,2
695216100007825,101613170,2458770.6364973118,58770.131701400001,19.0403461,0.0585131347,0,zr,8.9723085999999999,43.561478399999999,0.60799998,-0.0729999989,20191014131632,695,0x10,0x1,19.7199993,25.9517365,0.0327370055,0.0759409666,8.41596284e-06,30,1.46300006,1
695216100007825,101625907,2458770.7638712544,58770.259074100002,18.7383175,0.0469080321,0,zr,8.9723275999999998,43.561491699999998,0.56099999,-0.0350000001,20191014259005,695,0x10,0x1,20.0799999,26.0089111,0.0292437244,0.0869585201,6.68676739e-06,30,1.02499998,2
695216100007825,101627428,2458770.7790796971,58770.274282400002,18.7284927,0.0465768427,0,zr,8.9722819999999999,43.561462400000003,0.442000002,0.0450000018,20191014273935,695,0x10,0x1,19.9099998,26.0270672,0.0286659747,0.076139912,6.4569258e-06,30,1.01400006,2
695216100007825,101713166,2458771.6364712738,58771.131666699999,18.9921036,0.0564634502,0,zr,8.9723045999999993,43.5614846,0.221000001,-0.0179999992,20191015131609,695,0x10,0x1,19.6100006,25.9575443,0.0336777419,0.0809145197,8.85477948e-06,30,1.44299996,1
695216100007825,101726107,2458771.7658820529,58771.261076399998,18.7902107,0.0487031564,0,zr,8.9722925,43.561551000000001,0.561999977,-0.0610000007,20191015260764,695,0x10,0x1,20.0799999,26.0038757,0.0272513069,0.0784627497,5.85293219e-06,30,1.02100003,2
695216100007825,101727603,2458771.7808358744,58771.276030100002,18.7884903,0.0486424007,0,zr,8.9723360000000003,43.561501800000002,0.592999995,0.00100000005,20191015275995,695,0x10,0x1,20,26.0121212,0.028795395,0.0859956443,6.51983646e-06,30,1.01199996,2
695216100007825,101737626,2458771.8810681258,58771.376261600002,18.7645435,0.047805585,0,zr,8.9723021999999997,43.561439499999999,0.549000025,-0.0590000004,20191015375741,695,0x10,0x1,19.5699997,26.0170116,0.0345425904,0.0730174556,9.28153713e-06,30,1.10300004,2
695216100007825,101813186,2458772.6366752619,58772.131863399998,18.7566833,0.0475345477,0,zr,8.9723606999999994,43.561524900000002,0.651000023,0.0299999993,20191016131794,695,0x10,0x1,20.1299992,25.9858837,0.0262265783,0.0742964223,5.37646883e-06,30,1.42299998,1
695216100007825,101913175,2458773.6365770679,58773.131759299999,18.7291946,0.046600379,32768,zr,8.9722743000000005,43.561554399999999,1.227,-0.229000002,20191017131690,695,0x10,0x1,19.9200001,25.4062805,0.0353610851,0.0862595141,9.63067669e-06,30,1.40600002,1
695216100007825,102013206,2458774.6368824998,58774.132060199998,18.8421459,0.0505787097,0,zr,8.9722983000000003,43.561519199999999,0.921999991,0.00100000005,20191018132002,695,0x10,0x1,20.2000008,26.0014858,0.0293665864,0.083477363,6.66812321e-06,30,1.38600004,1
695216100007825,102113178,2458775.636607843,58775.1317824,18.7458649,0.0471643172,0,zr,8.9723137000000008,43.5614913,0.735000014,-0.0109999999,20191019131713,695,0x10,0x1,20.9099998,25.8931408,0.0230603218,0.0746488646,4.15900649e-06,30,1.37100005,1
695216100007825,102213157,2458776.6364012989,58776.1315741,19.0438957,0.0586671121,0,zr,8.9723524000000001,43.561470399999997,0.718999982,-0.00499999989,20191020131505,695,0x10,0x1,20.9300003,25.9802895,0.0210152827,0.0768229514,3.45989224e-06,30,1.35599995,1
695216100007825,102313197,2458777.6368067604,58777.131979199999,18.8785095,0.05194043,0,zr,8.9723387999999993,43.5615047,0.97299999,-0.0329999998,20191021131910,695,0x10,0x1,20.4400005,25.9887905,0.023619568,0.0857665464,4.34259573e-06,30,1.33800006,1
695216100007825,102413216,2458778.6369909295,58778.132164399998,18.9876423,0.0562778972,0,zr,8.9722995000000001,43.561475399999999,0.866999984,-0.0340000018,20191022132095,695,0x10,0x1,20.9799995,25.9881401,0.0216782521,0.079705745,3.69045756e-06,30,1.32200003,1
695216100007825,102513195,2458779.6367801009,58779.131955999997,18.8546391,0.0510419719,0,zr,8.9723416,43.561503500000001,0.750999987,0.00100000005,20191023131887,695,0x10,0x1,20.8500004,25.9847088,0.022760462,0.0797633007,4.07603375e-06,30,1.30799997,1
695216100007825,102713185,2458781.6366669438,58781.131851899998,18.4699001,0.038776923,0,zr,8.9723047000000005,43.561506299999998,0.851999998,-0.0160000008,20191025131782,695,0x10,0x1,20.0499992,26.0137806,0.0309200026,0.0845143273,7.48623643e-06,30,1.28100002,1
695216100007825,102813094,2458782.6357575208,58782.130949099999,18.8416042,0.0505587012,0,zr,8.9723168999999992,43.561477699999998,1.176,-0.0890000015,20191026130880,695,0x10,0x1,21.0100002,26.0138798,0.022493843,0.0737105608,3.96280348e-06,30,1.273,1
695216100007825,102913217,2458783.6369762789,58783.132175899998,18.6601887,0.044347927,0,zr,8.9723282999999991,43.561479300000002,0.98299998,0.0850000009,20191027132095,695,0x10,0x1,21.0599995,26.0122204,0.0202250089,0.0855601504,3.19429296e-06,30,1.25399995,1
695216100007825,103113179,2458785.63657411,58785.131794000001,18.7585106,0.0475973673,0,zr,8.9723047999999999,43.5614907,0.792999983,-0.0780000016,20191029131713,695,0x10,0x1,21.1100006,25.9969749,0.0217444971,0.0825753659,3.67951952e-06,30,1.23199999,1
695216100007825,103213866,2458786.6434367918,58786.138669,18.7269249,0.0465242006,0,zr,8.9722813000000006,43.561480400000001,1.02600002,-0.104999997,20191030138576,695,0x10,0x1,20.9699993,25.975523,0.0203129351,0.0817064792,3.24926873e-06,30,1.19400001,1
695216100007825,103313104,2458787.6357959616,58787.131041699999,18.7856216,0.0485412925,0,zr,8.9723112,43.561470399999997,0.967000008,-0.0199999996,20191031130949,695,0x10,0x1,20.1399994,26.0123329,0.0263542011,0.0822628289,5.45407011e-06,30,1.21300006,1
695216100007825,103413193,2458788.6366721326,58788.131932900003,18.788147,0.048630286,0,zr,8.9723526000000007,43.561509200000003,0.510999978,0.00499999989,20191101131840,695,0x10,0x1,20.7299995,25.990612,0.0212018639,0.083629854,3.53083328e-06,30,1.199,1
695216100007825,103513231,2458789.6370376269,58789.132314800001,18.6287308,0.0433636792,0,zr,8.9723568,43.561478000000001,0.769999981,-0.0780000016,20191102132211,695,0x10,0x1,20.7099991,26.0078888,0.0212472603,0.0775518641,3.50548498e-06,30,1.18700004,1
695216100007825,103526035,2458789.7650794536,58789.260358799998,19.0010643,0.0568382181,0,zr,8.9723085000000005,43.561493800000001,0.430999994,0.0270000007,20191102260336,695,0x10,0x1,20.6399994,26.0246925,0.0208135061,0.0813229531,3.35808613e-06,30,1.01100004,1
695216100007825,103616302,2458790.6677252916,58790.163020799999,18.8798904,0.0519929267,0,zr,8.9723112,43.561481800000003,0.726000011,-0.0199999996,20191103163021,695,0x10,0x1,20.4099998,26.0333824,0.0228704605,0.0733022913,4.09319546e-06,30,1.09000003,1
695216100007825,103816049,2458792.6651624832,58792.160497700002,18.8791199,0.0519636348,0,zr,8.9722913000000002,43.561496499999997,0.421999991,-0.0299999993,20191105160486,695,0x10,0x1,20.8899994,25.970623,0.0251908805,0.0805431977,4.95561517e-06,30,1.08399999,1
695216100007825,103912453,2458793.6291806591,58793.124537000003,18.8916473,0.0524424724,0,zr,8.9722963,43.5614785,0.624000013,0.0320000015,20191106124525,695,0x10,0x1,20.6000004,25.9950333,0.022475807,0.0746081322,3.93841765e-06,30,1.176,1
695216100007825,104211002,2458796.6145934314,58796.110023100002,18.7813034,0.0483894981,0,zr,8.9723568,43.561465300000002,0.606000006,0.0549999997,20191109110023,695,0x10,0x1,20.1800003,26.0164299,0.0276581086,0.0780045912,5.95889014e-06,30,1.199,1
695216100007825,104526936,2458799.7738432321,58799.269363400002,18.9550705,0.0549429916,0,zr,8.9723939999999995,43.561488400000002,1.01100004,-0.0520000011,20191112269352,695,0x10,0x1,19.8899994,26.0414009,0.0292459354,0.0776627734,6.66472943e-06,30,1.04499996,1
695216100007825,104628847,2458800.7929200265,58800.288472200002,18.9289665,0.0538981818,0,zr,8.9723457999999994,43.5614858,0.54400003,0.057,20191113288461,695,0x10,0x1,20.1399994,26.0145607,0.0291041341,0.0826825127,6.66685128e-06,30,1.08299994,1
695216100007825,104630427,2458800.8087181109,58800.304270799999,18.4980793,0.0395459309,0,zr,8.9723223999999995,43.561484999999998,0.209000006,-0.0199999996,20191113304271,695,0x10,0x1,20.2399998,26.0083332,0.0278586652,0.0785226673,6.09328526e-06,30,1.12100005,1
695216100007825,104730379,2458801.8082108973,58801.303796300002,18.7266693,0.0465156473,0,zr,8.9722866000000003,43.561479400000003,0.558000028,-0.0700000003,20191114303738,695,0x10,0x1,20.3899994,25.9932842,0.0239071697,0.0825845674,4.46628883e-06,30,1.12699997,1
695216100007825,104925976,2458803.7641153838,58803.2597685,18.9314022,0.0539947301,0,zr,8.9723544000000004,43.561521200000001,0.630999982,0.0179999992,20191116259745,695,0x10,0x1,19.9899998,25.7590103,0.0276614185,0.0724749565,6.00323438e-06,30,1.04700005,1
695216100007825,104928019,2458803.784542942,58803.280196799999,18.8764782,0.0518632904,0,zr,8.9723275000000005,43.561484399999998,0.342999995,-0.0160000008,20191116280174,695,0x10,0x1,20.6299992,25.9749393,0.022761995,0.0776240528,4.05042238e-06,30,1.08299994,1
695216100007825,105221749,2458806.721735233,58806.217499999999,18.6366081,0.0436076932,0,zr,8.9723050999999998,43.561488300000001,0.779999971,-0.0780000016,20191119217477,695,0x10,0x1,21.1800003,26.0071831,0.0201110505,0.0822829381,3.20217441e-06,30,1.01300001,1
695216100007825,105715363,2458811.6576590301,58811.153634299997,18.4704399,0.0387914889,0,zr,8.9722971999999999,43.561508500000002,0.84799999,-0.0719999969,20191124153623,695,0x10,0x1,20.7600002,25.999958,0.0219069961,0.0820085108,3.78156528e-06,30,1.01999998,1
695216100007825,105824145,2458812.7454326721,58812.241458299999,18.5787201,0.0418519303,0,zr,8.9723018000000003,43.561485900000001,0.444999993,-0.0379999988,20191125241435,695,0x10,0x1,21.1100006,25.9964333,0.0224802699,0.0790641978,3.95890811e-06,30,1.05599999,1
695216100007825,106015256,2458814.656451981,58814.152569400001,18.4538689,0.038347695,0,zr,8.9723748000000008,43.5614475,1.61099994,-0.0489999987,20191127152500,695,0x10,0x1,20.4799995,25.9743938,0.0236389432,0.071783103,4.37468952e-06,30,1.01499999,1
695216100007825,106018689,2458814.6907789875,58814.186898100001,18.4576492,0.0384484045,0,zr,8.9722886000000006,43.561504900000003,0.474000007,-0.0480000004,20191127186875,695,0x10,0x1,20.4400005,25.6031971,0.0254619606,0.0883679762,5.06735751e-06,30,1.00999999,1
695216100007825,106511512,2458819.6187521801,58819.1151273,18.5835228,0.0419943444,32768,zr,8.9721126000000009,43.561498999999998,0.50999999,0.0390000008,20191202115116,695,0x10,0x1,19.4200001,25.0203495,0.133688927,0.075904794,0.000150609441,30,1.03600001,1
695216100007825,106515987,2458819.6634951504,58819.159872700002,18.5454121,0.0408801474,0,zr,8.9723196999999999,43.561500000000002,0.704999983,-0.0890000015,20191202159873,695,0x10,0x1,20.8099995,25.8901882,0.0225113202,0.0817855522,3.93194478e-06,30,1.00800002,1
695216100007825,107419125,2458828.6943374574,58828.191250000003,18.5582333,0.0412509777,32768,zr,8.9723092999999992,43.5615308,0.172000006,-0.0309999995,20191211191123,695,0x10,0x1,18.8999996,25.564743,0.0451299511,0.0916056558,2.14483734e-05,30,1.046,1
695216100007825,107628297,2458830.7859270573,58830.282974499998,18.6426735,0.0437966883,0,zr,8.9723068000000001,43.561476900000002,0.783999979,0.0199999996,20191213282951,695,0x10,0x1,20.2399998,26.1330891,0.0251678731,0.0800790489,4.95882568e-06,30,1.37699997,1
695216100007825,107709731,2458831.6002139053,58831.097314799998,18.7836952,0.0484735183,0,zr,8.9723380000000006,43.561476800000001,0.843999982,-0.0399999991,20191214097292,695,0x10,0x1,20.8999996,26.1623497,0.0201873109,0.0796061531,3.17110653e-06,30,1.02100003,1
695216100007825,108308105,2458837.5835425332,58837.081053200003,18.4855118,0.0392006524,0,zr,8.9723059999999997,43.561497899999999,0.233999997,-0.0120000001,20191220081019,695,0x10,0x1,20.9500008,26.1501122,0.0203495547,0.0860949382,3.25563315e-06,30,1.02100003,1
695216100007825,109211487,2458846.6166957887,58846.114872700004,18.5618134,0.0413552336,0,zr,8.9723185000000001,43.561498499999999,0.810000002,-0.063000001,20191229114815,695,0x10,0x1,21.1399994,26.1445656,0.0192808043,0.0792316869,2.90379467e-06,30,1.01699996,1
695216100007825,109515112,2458849.6527115679,58849.151122700001,18.5183868,0.0401117466,0,zr,8.9723243999999998,43.5614919,0.864000022,-0.0939999968,20200101151123,695,0x10,0x1,21.1399994,26.1399021,0.019453913,0.0824413374,2.97463293e-06,30,1.07599998,1
695216100007825,109815538,2458852.6567350682,58852.155381899996,18.5817394,0.0419413969,0,zr,8.972315,43.561494799999998,0.626999974,-0.0810000002,20200104155370,695,0x10,0x1,21,26.1522083,0.0226852335,0.0808721706,4.06455456e-06,30,1.10300004,1
695216100007825,109907936,2458853.5806434192,58853.0793634,18.7235203,0.0464102067,32768,zr,8.9723345000000005,43.561534100000003,1.07799995,-0.0979999974,20200105079352,695,0x10,0x1,19.75,25.6271896,0.0339842327,0.0810123608,9.50089543e-06,30,1.00899994,1
695216100007825,110013482,2458854.6360224611,58854.134826399997,18.5527382,0.0410915427,0,zr,8.9723211999999997,43.561470900000003,0.791999996,0.00600000005,20200106134815,695,0x10,0x1,19.6900005,26.1532803,0.0369560309,0.0815012977,1.07686219e-05,30,1.07099998,1
695216100007825,110119312,2458855.6942365086,58855.193124999998,18.6232967,0.0431963094,0,zr,8.9722646000000008,43.561481999999998,0.574999988,0.0280000009,20200107193125,695,0x10,0x1,19.8600006,26.1437588,0.0292061288,0.0812317878,6.71736234e-06,30,1.26199996,1
695216100007825,110216667,2458856.6677116989,58856.166678200003,18.5855255,0.0420539007,0,zr,8.9723240999999998,43.561476800000001,0.85799998,0.0729999989,20200108166655,695,0x10,0x1,20.5400009,26.1409473,0.0228240117,0.0824648961,4.10773782e-06,30,1.16799998,1
695216100007825,110518232,2458859.6831167028,58859.182326399998,18.7897301,0.0486861803,0,zr,8.9723424000000005,43.5614913,1.40999997,-0.136000007,20200111182326,695,0x10,0x1,20.2399998,26.1184731,0.0253792983,0.0796397626,5.06478591e-06,30,1.26199996,1
695216100007825,110617831,2458860.679019772,58860.178310199997,18.7119637,0.0460256822,0,zr,8.9722621999999994,43.5615728,0.312000006,-0.0140000004,20200112178310,695,0x10,0x1,19.3600006,26.1106014,0.0387743525,0.0843109637,1.19966744e-05,30,1.25600004,1
695216100007825,111709064,2458871.5904674814,58871.090648099998,18.8991699,0.0527323447,0,zr,8.9723313000000005,43.5614712,1.01400006,-0.0280000009,20200123090648,695,0x10,0x1,20.8299999,26.1479931,0.0206967182,0.07900282,3.34392848e-06,30,1.07500005,1
695216100007825,112011475,2458874.6143303746,58874.114756900002,18.7740059,0.0481342748,0,zr,8.9723086999999992,43.561472899999998,1.28799999,-0.00999999978,20200126114757,695,0x10,0x1,20.9699993,26.0336094,0.0202104729,0.0739843398,3.20165077e-06,30,1.15900004,1
695216100007825,112312351,2458877.6228490351,58877.123518499997,18.8028393,0.0491518527,0,zr,8.9723617000000004,43.561490999999997,0.595000029,0.0529999994,20200129123484,695,0x10,0x1,20.6800003,26.1144066,0.0214960091,0.0807885155,3.63304684e-06,30,1.22000003,1
695216100007825,112615109,2458880.6501879883,58880.151099499999,19.1733379,0.0645858347,0,zr,8.9722825999999998,43.561511500000002,1.27199996,0.0989999995,20200201151100,695,0x10,0x1,20.4500008,26.0960884,0.0232833028,0.081494309,4.26399401e-06,30,1.40699995,1
695216100007825,113013178,2458884.6305575846,58884.1317824,18.8641453,0.0513976552,0,zr,8.9723710000000008,43.561679599999998,1.67999995,0.0680000037,20200205131782,695,0x10,0x1,19.1800003,26.1009579,0.0428697839,0.0842619017,1.52715147e-05,30,1.35500002,1
695216100007825,113311222,2458887.6107672276,58887.112222199998,18.8112946,0.0494548976,0,zr,8.9723203999999992,43.5614834,0.495000005,-0.0850000009,20200208112222,695,0x10,0x1,20.2999992,26.1188698,0.0249980241,0.0773966685,4.87489206e-06,30,1.29299998,1
695216100007825,113711274,2458891.6109863077,58891.112743099999,18.7197056,0.0462828614,0,zr,8.9723553999999996,43.5614876,0.550000012,-0.0520000011,20200212112743,695,0x10,0x1,20.6299992,26.0973339,0.0232331883,0.0797252655,4.22022731e-06,30,1.35500002,1
695216100007825,113912189,2458893.6205140087,58893.121898099998,18.6440582,0.0438399874,0,zr,8.9723182999999995,43.561488599999997,1.10599995,-0.050999999,20200214121887,695,0x10,0x1,21.5,27.5835705,0.0169168226,0.0838112608,2.26447105e-06,120,1.45000005,2
695216100007825,114010792,2458894.6075140149,58894.107928199999,18.55867,0.041263666,32768,zr,8.9723184000000007,43.561511400000001,2.4000001,-0.0769999996,20200215107512,695,0x10,0x1,21.4099998,28.795063,0.0383768082,0.0871347263,1.17379013e-05,300,1.375,2
695216100007825,114013128,2458894.6293063015,58894.131284700001,18.5665169,0.0414926857,0,zr,8.9723070000000007,43.561492399999999,0.896000028,-0.061999999,20200215131250,695,0x10,0x1,20.8099995,26.0769501,0.0230757669,0.0834470242,4.19756907e-06,30,1.54400003,1
695216100007825,114117516,2458895.6746707871,58895.175162,18.2009087,0.0323095024,0,zr,8.9723100000000002,43.561499400000002,0.883000016,-0.0590000004,20200216175150,695,0x10,0x1,20.9899998,28.5345554,0.0207756963,0.0929101333,3.4232603e-06,300,2.11599994,2
695216100007825,115111869,2458905.6159620332,58905.118692099997,18.2942314,0.0343834832,0,zr,8.9724763000000003,43.561557399999998,0.95599997,0.0370000005,20200226118692,695,0x10,0x1,19.2199993,26.0493145,0.0409457944,0.0833119974,1.39944586e-05,30,1.71200001,1
695216100007825,122547938,2458979.9751886586,58979.479386600004,18.2667255,0.0337544195,0,zr,8.9722986000000002,43.561489700000003,0.481000006,0.00600000005,20200510479363,695,0x10,0x1,20.1399994,25.9097118,0.0281119104,0.081956923,6.14780402e-06,30,2.59100008,2
695216100007825,122747158,2458981.9674479347,58981.471585599997,18.2094765,0.0324928835,0,zr,8.9723358999999991,43.561480899999999,0.838999987,-0.0289999992,20200512471586,695,0x10,0x1,20.25,25.9901428,0.0258623604,0.0847200379,5.19294554e-06,30,2.65499997,2
695216100007825,122747445,2458981.9703184278,58981.474456000004,18.2334938,0.0330143981,0,zr,8.9723302,43.561480699999997,0.852999985,-0.0549999997,20200512474444,695,0x10,0x1,20.2099991,25.9901733,0.0249053091,0.0888640061,4.80562403e-06,30,2.5769999,2
695216100007825,122747826,2458981.9741264512,58981.478263899997,18.249218,0.0333618745,0,zr,8.9723202000000004,43.561457099999998,1.15699995,-0.0839999989,20200512478252,695,0x10,0x1,20.2099991,26.0039101,0.0247395132,0.0845616609,4.74744638e-06,30,2.48099995,2
695216100007825,122748206,2458981.9779228745,58981.482060200004,18.1236,0.0307160951,0,zr,8.9723241999999992,43.561469799999998,0.79400003,-0.0309999995,20200512482060,695,0x10,0x1,20.1399994,26.0141754,0.0265687853,0.0854154453,5.5147043e-06,30,2.39199996,2
695216100007825,123346487,2458987.9609456914,58987.464872700002,18.6719131,0.0447214805,0,zr,8.9723986,43.561483199999998,0.510999978,-0.0309999995,20200518464757,695,0x10,0x1,20.4300003,26.0277596,0.0227024723,0.082243748,3.97732992e-06,30,2.41000009,2
695216100007825,123346724,2458987.9633184909,58987.467245400003,18.6771927,0.0448909067,0,zr,8.9722913000000002,43.561483799999998,1.31900001,-0.104000002,20200518467234,695,0x10,0x1,20.8700008,26.0300179,0.0199615564,0.0856903419,3.0888782e-06,30,2.35700011,2
695216100007825,123346968,2458987.9657606855,58987.469687500001,18.7560997,0.0475144722,0,zr,8.9723387999999993,43.561483299999999,0.338999987,-0.0390000008,20200518469676,695,0x10,0x1,20.7099991,26.0299797,0.0203804784,0.0879897997,3.19571336e-06,30,2.30500007,2
695216100007825,123347255,2458987.9686312005,58987.472557900001,18.5487976,0.040977668,0,zr,8.9723161999999999,43.561484700000001,0.833000004,-0.0590000004,20200518472546,695,0x10,0x1,20.5799999,26.0375271,0.0217386652,0.0863956362,3.6678116e-06,30,2.24600005,2
695216100007825,123746276,2458991.9590033772,58991.462766199998,18.3588867,0.0359230861,0,zr,8.9723228000000006,43.561499699999999,0.908999979,0.00200000009,20200522462766,695,0x10,0x1,20.9899998,26.0394421,0.0217096545,0.0832268372,3.66428571e-06,30,2.22399998,2
695216100007825,123746570,2458991.9619433065,58991.465706000003,18.5216522,0.0402036421,0,zr,8.9723337999999995,43.561481000000001,0.947000027,-0.0680000037,20200522465648,695,0x10,0x1,20.8799992,26.0423374,0.0201060548,0.0868200958,3.12439965e-06,30,2.16799998,2
695216100007825,123746907,2458991.9653115566,58991.469074100001,18.3179626,0.0349385031,0,zr,8.9723257000000007,43.561493400000003,1.45299995,-0.138999999,20200522469062,695,0x10,0x1,20.9200001,26.0494881,0.0204147678,0.0851142034,3.23251675e-06,30,2.10800004,2
695216100007825,123747254,2458991.9687839095,58991.4725463,18.2744923,0.0339305028,0,zr,8.9723286000000009,43.5614743,1.199,-0.0270000007,20200522472546,695,0x10,0x1,20.9699993,26.0529842,0.0225369073,0.086033009,3.93901882e-06,30,2.04999995,2
695216100007825,123946222,2458993.9585483065,58993.462222200003,17.970005,0.0278577153,0,zr,8.9723182999999995,43.561495200000003,0.541000009,-0.0430000015,20200524462222,695,0x10,0x1,20.6000004,26.0261536,0.024224963,0.0797493234,4.54862266e-06,30,2.1329999,2
695216100007825,123946557,2458993.9619049621,58993.465578700001,17.8570423,0.0259931814,0,zr,8.972334,43.561526299999997,0.921999991,-0.0540000014,20200524465532,695,0x10,0x1,20.3600006,26.0290833,0.0263234675,0.0896568373,5.37258848e-06,30,2.07399988,2
695216100007825,123946938,2458993.9657130344,58993.469386600002,17.7061958,0.0237832274,0,zr,8.9724064000000006,43.561492000000001,0.569999993,-0.00499999989,20200524469387,695,0x10,0x1,20.0799999,26.0360832,0.0305521488,0.0916955844,7.17552666e-06,30,2.01300001,2
695216100007825,123947319,2458993.9695210177,58993.473194400001,17.8174477,0.0253834426,0,zr,8.9722936000000004,43.561491199999999,0.556999981,-0.00999999978,20200524473194,695,0x10,0x1,20.4099998,26.0424557,0.0242566597,0.0855562538,4.56760927e-06,30,1.95500004,2
695216100007825,124146163,2458995.9580513299,58995.461631899998,17.8114128,0.0252924059,0,zr,8.9723156999999993,43.561495299999997,1.45299995,-0.119000003,20200526461620,695,0x10,0x1,21.0599995,26.0353222,0.020849945,0.0854761675,3.36960397e-06,30,2.04900002,2
695216100007825,124146495,2458995.9613732905,58995.4649537,17.6584129,0.0231443457,0,zr,8.9723317999999992,43.561488900000001,1.35899997,-0.136999995,20200526464931,695,0x10,0x1,21.1299992,26.0401363,0.0204130262,0.082994312,3.25626434e-06,30,1.99699998,2
695216100007825,124146826,2458995.9646836519,58995.468263900002,17.6959743,0.0236441884,0,zr,8.9723272999999999,43.561487700000001,1.13399994,-0.0469999984,20200526468252,695,0x10,0x1,21.1000004,26.0507336,0.0192371663,0.0850809067,2.87949138e-06,30,1.94700003,2
695216100007825,124147158,2458995.9680055138,58995.471585599997,17.8258171,0.0255104955,0,zr,8.9723211999999997,43.561475700000003,0.833999991,-0.0769999996,20200526471574,695,0x10,0x1,21.0200005,26.0517101,0.0223177373,0.0831164941,3.88895933e-06,30,1.89900005,2
695216100007825,124546207,2458999.9586906582,58999.462071800001,17.9212742,0.027030034,0,zr,8.9723336000000007,43.561482300000002,0.660000026,-0.0250000004,20200530462025,695,0x10,0x1,20.3400002,25.9048977,0.0263625719,0.0846371278,5.41377403e-06,30,1.88,2
695216100007825,124546695,2458999.963575115,58999.466955999997,18.0424118,0.0291564036,0,zr,8.9723559999999996,43.561507200000001,0.709999979,0.00800000038,20200530466944,695,0x10,0x1,20.1700001,25.9851627,0.0291497186,0.0912581235,6.63707442e-06,30,1.81700003,2
695216100007825,124547185,2458999.9684712696,58999.471851900002,18.0966129,0.0301850792,32768,zr,8.9724319000000001,43.561557800000003,1.21700001,-0.0390000008,20200530471829,695,0x10,0x1,19.3700008,25.8124237,0.0690309554,0.0860486105,3.80339407e-05,30,1.75800002,2
695216100007825,124547674,2458999.9733673306,58999.476747699999,18.2727375,0.0338906161,32768,zr,8.9723766000000005,43.561484499999999,0.65200001,0.0209999997,20200530476725,695,0x10,0x1,19.7399998,25.7527237,0.0865824893,0.0850439221,5.80622109e-05,30,1.70299995,2
695216100007825,124746159,2459001.9583218284,59001.461597200003,17.9881878,0.028175965,0,zr,8.9723210000000009,43.561503700000003,1.06500006,-0.0759999976,20200601461574,695,0x10,0x1,20.4699993,25.6933365,0.0286764726,0.0894412175,6.4923247e-06,30,1.81599998,2
695216100007825,124746608,2459001.962812874,59001.466088000001,18.0391407,0.0290958975,0,zr,8.9723216000000008,43.561471900000001,0.232999995,0.0219999999,20200601466065,695,0x10,0x1,20.75,25.8883476,0.0230661836,0.0844850242,4.20908555e-06,30,1.76100004,2
695216100007825,124747099,2459001.9677205426,59001.470995399999,18.0217934,0.0287779737,0,zr,8.9723238999999992,43.561487499999998,0.704999983,-0.0689999983,20200601470972,695,0x10,0x1,20.8999996,25.9709911,0.021088304,0.0851721242,3.52322968e-06,30,1.70599997,2
695216100007825,124747589,2459001.972616612,59001.475891200003,18.020853,0.0287608746,0,zr,8.9723077999999994,43.561490599999999,1.18799996,-0.0670000017,20200601475880,695,0x10,0x1,20.7999992,25.9900455,0.0212135166,0.0830177292,3.57690169e-06,30,1.65499997,2
695216100007825,126447168,2459018.969458363,59018.471689799997,18.6556206,0.0442033783,0,zr,8.9723523000000007,43.561471300000001,1.23199999,-0.0850000009,20200618471690,695,0x10,0x1,21.0499992,26.1296158,0.0185142439,0.0811766088,2.6892053e-06,30,1.33500004,1
695216100007825,127047035,2459024.9685472348,59024.470358799997,18.4772758,0.0389764309,0,zr,8.9723200999999992,43.561490900000003,0.637000024,-0.0379999988,20200624470359,695,0x10,0x1,21.1700001,25.9296703,0.0262830313,0.0752826855,5.43736633e-06,30,1.25899994,1
695216100007825,127646969,2459030.9683275125,59030.469699100002,18.5979671,0.0424261764,0,zr,8.9722909000000008,43.561519799999999,0.898000002,-0.0270000007,20200630469699,695,0x10,0x1,20.8299999,26.1226635,0.0227416288,0.0811779127,4.08267761e-06,30,1.19400001,1
695216100007825,127936233,2459033.861184252,59033.362337999999,18.5568333,0.0412102714,0,zr,8.9723547999999997,43.561476999999996,1.03600001,-0.0790000036,20200703362338,695,0x10,0x1,20.1599998,26.1154861,0.026636472,0.0866750702,5.47383979e-06,30,1.97899997,1
695216100007825,128238913,2459036.8882095059,59036.389131900003,18.5058441,0.0397610962,0,zr,8.9723048999999993,43.561486199999997,0.453000009,-0.0359999985,20200706389132,695,0x10,0x1,20.25,26.1481133,0.0250616688,0.0736048669,4.84871498e-06,30,1.57200003,1
695216100007825,128348225,2459037.9814188299,59037.482256900003,18.766695,0.0478800982,0,zr,8.9723225000000006,43.561516500000003,0.783999979,-0.0700000003,20200707482106,695,0x10,0x1,20.5499992,26.1862278,0.0224964563,0.0792269483,4.018651e-06,30,1.09899998,1
695216100007825,128546193,2459039.9612482823,59039.461932899998,18.5224113,0.0402250551,0,zr,8.9723407999999996,43.561492700000002,0.711000025,-0,20200709461910,695,0x10,0x1,20.6800003,26.1838436,0.019862812,0.082619749,3.09676807e-06,30,1.13800001,1
695216100007825,128846701,2459042.9665640229,59042.467013900001,18.6449795,0.0438688174,0,zr,8.9723433999999997,43.561479800000001,1.449,-0.061999999,20200712467014,695,0x10,0x1,21.0900002,26.1373749,0.0216374248,0.0744082108,3.7193056e-06,30,1.102,1
695216100007825,128946373,2459043.963366773,59043.463738400002,18.5301361,0.0404436328,0,zr,8.9723059000000003,43.5614901,1.70299995,-0.169,20200713463681,695,0x10,0x1,21.2299995,26.1554108,0.0178217534,0.0805602446,2.52598466e-06,30,1.10399997,1
695216100007825,128948422,2459043.9838544885,59043.484224500004,18.795929,0.0489057451,0,zr,8.9723509000000004,43.561474099999998,0.592999995,0.0329999998,20200713484225,695,0x10,0x1,21.0200005,26.1723385,0.0191530343,0.0747428238,2.91935476e-06,30,1.06099999,1
695216100007825,129046354,2459044.9632487223,59044.463541700003,18.6938934,0.04543183,0,zr,8.9723305,43.561495499999999,0.620999992,0.0250000004,20200714463542,695,0x10,0x1,21.1800003,26.1685848,0.0179526508,0.0764374435,2.51689539e-06,30,1.09800005,1
695216100007825,129048737,2459044.9870816078,59044.487372700001,18.5382633,0.0406751856,0,zr,8.9723179999999996,43.561489700000003,1.01400006,-0.0769999996,20200714487373,695,0x10,0x1,20.9899998,26.175806,0.0187843405,0.0829941705,2.76440846e-06,30,1.051,1
695216100007825,129136547,2459045.8652525325,59045.365474500002,18.6358223,0.0435832813,0,zr,8.9723220000000001,43.561477099999998,1.87399995,-0.108000003,20200715365475,695,0x10,0x1,21.4200001,26.1343899,0.0178000201,0.0836085528,2.46259378e-06,30,1.56400001,1
695216100007825,129148785,2459045.9876465518,59045.487858799999,18.2715988,0.0338647664,0,zr,8.9723447000000007,43.561495000000001,0.504999995,0.023,20200715487847,695,0x10,0x1,20.9799995,26.1858807,0.0181797687,0.0788189694,2.60671527e-06,30,1.046,1
695216100007825,129244751,2459046.947375074,59046.447511600003,18.3501701,0.0357104279,0,zr,8.9723251000000008,43.561499499999996,1.39699996,-0.0719999969,20200716447512,695,0x10,0x1,21.4699993,26.1774254,0.017443439,0.0792622417,2.38546545e-06,30,1.125,1
695216100007825,129342938,2459047.929327643,59047.429386600001,18.4538689,0.038347695,0,zr,8.9723576000000005,43.561472100000003,1.472,-0.0450000018,20200717429387,695,0x10,0x1,21.6399994,26.178997,0.0233909264,0.0743618533,4.28722342e-06,30,1.17200005,1
695216100007825,129443145,2459048.9314785893,59048.431458300001,18.2403984,0.0331663787,0,zr,8.9723395999999997,43.5614864,0.927999973,-0.0890000015,20200718431458,695,0x10,0x1,21.4799995,26.179306,0.0183903091,0.0737200454,2.64916548e-06,30,1.15600002,1
695216100007825,129543603,2459049.936129882,59049.436030099998,18.2641792,0.0336969495,0,zr,8.9723386000000005,43.561483000000003,0.908999979,-0.0540000014,20200719436018,695,0x10,0x1,21.5599995,26.1832333,0.0191770978,0.0745360926,2.90124945e-06,30,1.13399994,1
695216100007825,129646435,2459050.9645330883,59050.464351900002,18.346756,0.0356275737,0,zr,8.9723232999999993,43.561470499999999,1.75300002,-0.142000005,20200720464329,695,0x10,0x1,21.5300007,26.1800251,0.0191892516,0.0747658908,2.86263526e-06,30,1.06200004,1
695216100007825,129648406,2459050.9842452542,59050.4840625,18.0744095,0.0297576748,0,zr,8.9723150999999994,43.561475000000002,1.41299999,-0.0820000023,20200720484063,695,0x10,0x1,21.5,26.1773682,0.0191281196,0.0795363113,2.84840917e-06,30,1.03299999,1
695216100007825,129740038,2459051.9006371447,59051.400381899999,18.0685921,0.0296470802,0,zr,8.9723313000000005,43.561468699999999,0.791000009,-0.0199999996,20200721400312,695,0x10,0x1,21.3299999,26.1425438,0.0188495871,0.0748054162,2.78017592e-06,30,1.24199998,1
695216100007825,129840833,2459052.9086683081,59052.408333300002,18.2172985,0.0326615348,0,zr,8.9722939000000004,43.561478399999999,1.18299997,-0.0390000008,20200722408287,695,0x10,0x1,21.5100002,26.1703568,0.0186452921,0.0777097344,2.72697207e-06,30,1.199,1
695216100007825,129945646,2459053.9568878114,59053.456469899997,18.0299797,0.0289273839,0,zr,8.9723251000000008,43.561478999999999,0.93900001,-0.104000002,20200723456285,695,0x10,0x1,21.7399998,26.1821671,0.0176630989,0.0776437521,2.47706976e-06,30,1.06200004,1
695216100007825,129949582,2459053.9962428301,59053.495821800003,17.9531517,0.0275673401,0,zr,8.9723307000000005,43.561475399999999,1.13300002,-0.0759999976,20200723495822,695,0x10,0x1,20.7900009,26.186285,0.019942034,0.078622587,3.08987342e-06,30,1.01600003,1
695216100007825,130043002,2459054.9305179156,59054.430023100002,17.7301598,0.0241143145,0,zr,8.9723135999999997,43.561478999999999,0.568000019,-0.0329999998,20200724430012,695,0x10,0x1,21.6100006,26.1740379,0.0183911715,0.0799963698,2.65890299e-06,30,1.11300004,1
695216100007825,130144773,2459055.9483066252,59055.447731499997,17.8381195,0.0256990362,0,zr,8.9723196000000005,43.561487700000001,0.870000005,-0.0359999985,20200725447732,695,0x10,0x1,21.7399998,26.1542397,0.0193482619,0.0834828988,2.9751136e-06,30,1.06799996,1
695216100007825,130247243,2459056.9730864596,59056.472430599999,17.8695679,0.0261906683,0,zr,8.9723272000000005,43.561505400000001,0.79400003,-0.00800000038,20200726471875,695,0x10,0x1,21.5900002,26.1497688,0.019515574,0.0845902041,3.0171318e-06,30,1.028,1
695216100007825,130248725,2459056.9879139308,59056.4872569,17.8599987,0.0260395929,0,zr,8.9723194999999993,43.5614712,1.67900002,-0.0399999991,20200726487257,695,0x10,0x1,21.4799995,26.1589622,0.0212633591,0.0775431469,3.52972006e-06,30,1.01600003,1
695216100007825,130344150,2459057.942236661,59057.441504599999,17.8875294,0.0264778007,0,zr,8.9723206999999991,43.561476800000001,1.46899998,-0.00700000022,20200727441505,695,0x10,0x1,21.5799999,26.1584702,0.0180804115,0.0785482004,2.57741976e-06,30,1.06900001,1
695216100007825,130349563,2459057.9963729242,59057.495636599997,18.0405273,0.02912152,0,zr,8.9723033999999995,43.561492600000001,0.809000015,-0.0340000018,20200727495625,695,0x10,0x1,20.7900009,26.1807022,0.0221284088,0.0784762353,3.82980306e-06,30,1.00999999,1
695216100007825,130546964,2459059.9705322348,59059.469641199998,17.9368286,0.0272902902,0,zr,8.9723123999999999,43.561479300000002,0.721000016,-0.00499999989,20200729469641,695,0x10,0x1,21.5200005,26.1788979,0.0186148193,0.0803767219,2.72356465e-06,30,1.023,1
695216100007825,130547437,2459059.9752664035,59059.474374999998,17.95327,0.0275693797,0,zr,8.9723258000000001,43.5614949,0.620000005,-0.0410000011,20200729474363,695,0x10,0x1,21.5300007,26.1783581,0.0177018438,0.0850790441,2.45405704e-06,30,1.01900005,1
695216100007825,130643486,2459060.9358274881,59060.434861100002,17.8374081,0.0256880876,0,zr,8.9723173000000003,43.5614852,0.623000026,-0.0320000015,20200730434815,695,0x10,0x1,21.6499996,26.156414,0.0192880072,0.0818789825,2.92764616e-06,30,1.06599998,1
695216100007825,130645277,2459060.9537455905,59060.452777799997,17.7327843,0.0241510253,0,zr,8.9723152000000006,43.561487,1.03999996,-0.0790000036,20200730452766,695,0x10,0x1,21.6800003,26.1573048,0.0182931777,0.0831282586,2.67058203e-06,30,1.03799999,1
695216100007825,130736640,2459061.8674393864,59061.366400500003,17.8453751,0.0258112308,0,zr,8.9723096000000009,43.561467299999997,1.29299998,-0.0599999987,20200731366343,695,0x10,0x1,21.0200005,26.1415176,0.0217047296,0.0765725374,3.70198541e-06,30,1.273,1
695216100007825,130847645,2459062.9775833711,59062.4764583,17.9633999,0.0277433861,0,zr,8.9723372000000001,43.561512999999998,1.59399998,0.0320000015,20200801476458,695,0x10,0x1,21.3199997,26.1595287,0.0177644417,0.0861214548,2.48043671e-06,30,1.01300001,1
695216100007825,130935339,2459063.8545840462,59063.353391199998,17.7693424,0.0246715415,0,zr,8.9723132999999997,43.561475899999998,1.38800001,-0.136999995,20200802353380,695,0x10,0x1,20.4099998,26.1529903,0.0227085818,0.0825829506,4.031755e-06,30,1.31099999,1
695216100007825,130940469,2459063.9058959358,59063.4046991,17.7557793,0.0244763922,0,zr,8.9723477999999997,43.561461199999997,0.934000015,0.0320000015,20200802404676,695,0x10,0x1,20.6599998,26.1721764,0.0207474697,0.076359123,3.42964131e-06,30,1.11500001,1
695216100007825,131035224,2459064.8535152222,59064.352245399998,17.8139725,0.0253309496,0,zr,8.9723430000000004,43.561472000000002,0.751999974,-0.0549999997,20200803352245,695,0x10,0x1,20.0799999,26.1387959,0.0257369075,0.0846967697,5.18006482e-06,30,1.30200005,1
695216100007825,131042597,2459064.9272477305,59064.425972199999,17.9055634,0.0267708227,0,zr,8.9723264999999994,43.561477400000001,0.867999971,0.00800000038,20200803425972,695,0x10,0x1,20.5400009,26.1762104,0.0206671152,0.0759535655,3.39145367e-06,30,1.06299996,1
695216100007825,131136765,2459065.8689982714,59065.367650499997,17.9286118,0.0271523464,0,zr,8.9722943999999991,43.561489700000003,0.700999975,-0.0529999994,20200804367639,695,0x10,0x1,20.0599995,26.1337757,0.0272480175,0.0835445225,5.78800154e-06,30,1.21899998,1
695216100007825,131144209,2459065.9434484015,59065.442094899998,17.9258957,0.0271069631,0,zr,8.9723202999999998,43.561499599999998,0.72299999,-0.0390000008,20200804442095,695,0x10,0x1,20.2900009,26.138134,0.0259560198,0.0873595253,5.25210544e-06,30,1.03499997,1
695216100007825,131247046,2459066.9718950642,59066.470462999998,17.9894981,0.0281990934,0,zr,8.9723109999999995,43.561478600000001,0.43900001,0.0170000009,20200805470451,695,0x10,0x1,20.5499992,26.1578922,0.0213834941,0.0866837502,3.52885149e-06,30,1.01100004,1
695216100007825,131249377,2459066.9952069409,59066.493773100003,17.919529,0.0270010605,0,zr,8.9723068000000001,43.561470399999997,1.06900001,-0.074000001,20200805493773,695,0x10,0x1,20.5499992,26.1528931,0.0209628306,0.082464844,3.41031523e-06,30,1.00899994,1
695216100007825,131343109,2459067.9326046044,59067.431099499998,18.0340729,0.0290025137,0,zr,8.9723152000000006,43.561490300000003,0.463,-0.0189999994,20200806431100,695,0x10,0x1,20.8199997,26.1805515,0.0199858695,0.0856099501,3.08371114e-06,30,1.04200006,1
695216100007825,131440476,2459068.9063472836,59068.404768499997,17.8575325,0.0260008629,0,zr,8.9723061000000008,43.561490499999998,1.24199998,-0.103,20200807404768,695,0x10,0x1,20.7999992,26.1798706,0.019531589,0.0838392228,2.97492443e-06,30,1.08299994,1
695216100007825,131542967,2459069.9313318534,59069.429675899999,18.0213509,0.0287699308,0,zr,8.9723147999999995,43.5614797,0.734000027,0.0489999987,20200808429676,695,0x10,0x1,21.1599998,26.1812439,0.0228920188,0.080644615,4.09608947e-06,30,1.03699994,1
695216100007825,131849496,2459072.9968493381,59072.4949653,17.9642448,0.0277579781,0,zr,8.9723156999999993,43.561483099999997,1.39100003,-0.0529999994,20200811494965,695,0x10,0x1,21.1599998,26.1636696,0.0188165605,0.0813074037,2.7822316e-06,30,1.01699996,1
695216100007825,131945302,2459073.9549752329,59073.4530208,17.8359489,0.0256656315,0,zr,8.9723126999999998,43.561486600000002,1.00899994,0,20200812453009,695,0x10,0x1,21.2000008,26.1530113,0.018830698,0.0816915035,2.76224773e-06,30,1.00999999,1
695216100007825,132042512,2459074.9271526844,59074.425127299997,18.1205425,0.0306552909,32768,zr,8.9723185000000001,43.561485099999999,1.10500002,-0.137999997,20200813424884,695,0x10,0x1,20.1499996,25.2265472,0.0317646526,0.0780632272,7.89531987e-06,30,1.02600002,1
695216100007825,132239289,2459076.8950609751,59076.3928935,18.0207138,0.0287583619,0,zr,8.9723264999999994,43.561487200000002,1.06599998,-0.0350000001,20200815392894,695,0x10,0x1,21.3600006,26.1125374,0.0183324683,0.0790703744,2.62533194e-06,30,1.06299996,1
695216100007825,132240385,2459076.9060224639,59076.403854199998,18.1810188,0.0318890773,0,zr,8.9723229,43.561492200000004,0.861000001,-0.0260000005,20200815403831,695,0x10,0x1,21.2399998,26.1089764,0.0187733993,0.0832758546,2.75946377e-06,30,1.046,1
695216100007825,132347425,2459077.9765039505,59077.474259299997,18.0966835,0.0301864725,0,zr,8.9723357000000004,43.5614761,0.84799999,-0.0590000004,20200816474259,695,0x10,0x1,21.5100002,26.1258106,0.01835238,0.0797539428,2.65960102e-06,30,1.01300001,1
695216100007825,132538434,2459079.8867195523,59079.384340299999,18.0545921,0.0293832682,0,zr,8.9722986000000002,43.561463000000003,1.34200001,0.00200000009,20200818384340,695,0x10,0x1,21.6200008,26.0754948,0.0224786531,0.0783616677,3.96145288e-06,30,1.06400001,1
695216100007825,132543050,2459079.9328917847,59079.4305093,18.1145573,0.030536741,0,zr,8.9723103000000002,43.561492600000001,1.05400002,-0.057,20200818430498,695,0x10,0x1,21.4500008,26.0654259,0.018841777,0.0827790871,2.7685096e-06,30,1.01199996,1
695216100007825,132738711,2459081.889636016,59081.387118099999,18.1829548,0.0319296755,0,zr,8.9723109000000001,43.561467299999997,0.936999977,-0.100000001,20200820387095,695,0x10,0x1,21.4200001,26.0094662,0.0183363613,0.0857900083,2.59147487e-06,30,1.04999995,1
695216100007825,132847416,2459082.9767587553,59082.474166699998,18.1778946,0.0318237059,0,zr,8.9722931999999993,43.561495000000001,0.446999997,-0.0199999996,20200821474155,695,0x10,0x1,20.7000008,26.0271397,0.0221746154,0.090452455,3.83097267e-06,30,1.02199996,1
695216100007825,132850745,2459083.0100480011,59082.507453699996,18.4971199,0.0395194367,0,zr,8.9723298000000007,43.561477099999998,0.34799999,-0.00899999961,20200821507454,695,0x10,0x1,21.2099991,26.0383472,0.0190672781,0.0791656151,2.8557904e-06,30,1.06700003,1
695216100007825,133050837,2459085.0111081409,59084.508379600004,18.2581463,0.033561293,0,zr,8.9723199000000005,43.561475399999999,0.992999971,-0.0719999969,20200823508380,695,0x10,0x1,21.3600006,26.1333981,0.0205992702,0.074866429,3.33421758e-06,30,1.079,1
695216100007825,133146922,2459085.9720164747,59085.469224499997,18.1829987,0.0319306031,0,zr,8.9723205999999998,43.561475600000001,1.62699997,-0.0879999995,20200824469201,695,0x10,0x1,21.6200008,26.0933151,0.0198320616,0.0799375176,3.12457132e-06,30,1.02499998,1
695216100007825,133236081,2459086.8636603942,59086.3608102,18.1423035,0.0310916342,0,zr,8.9722884999999994,43.561486899999998,0.676999986,-0.0260000005,20200825360810,695,0x10,0x1,21.6599998,26.1164761,0.0211841539,0.0830941275,3.5293117e-06,30,1.07200003,1
695216100007825,133242474,2459086.9275997547,59086.4247454,18.2128143,0.0325647071,0,zr,8.9723431999999992,43.561488599999997,0.861999989,-0.0209999997,20200825424711,695,0x10,0x1,21.5499992,26.1050262,0.0194662046,0.0833838731,2.97504812e-06,30,1.00800002,1
695216100007825,133342194,2459087.9264255981,59087.421944399997,17.9751625,0.0279474463,0,zr,8.9723231000000006,43.561474799999999,0.499000013,-0.0410000011,20200826421725,695,0x10,0x1,22.5100002,28.5524578,0.0142858168,0.0837127939,1.64115738e-06,300,1.00800002,2
695216100007825,133342707,2459087.9299908262,59087.427071799997,17.9307861,0.02718875,0,zr,8.9723191,43.561486000000002,1.38999999,-0.0689999983,20200826427072,695,0x10,0x1,21.4300003,26.0321541,0.0187688898,0.0825185478,2.79301594e-06,30,1.00800002,1
695216100007825,133343379,2459087.9367157556,59087.4337963,18.1613331,0.0314802006,0,zr,8.9723194999999993,43.561501900000003,0.986000001,-0.050999999,20200826433785,695,0x10,0x1,21.3799992,26.0268631,0.0190895796,0.084617652,2.88025717e-06,30,1.00800002,1
695216100007825,133438177,2459088.8847506791,59088.381770799999,18.0233269,0.0288058911,0,zr,8.9723261999999995,43.561489799999997,0.610000014,-0.0780000016,20200827381771,695,0x10,0x1,21.3400002,26.0178146,0.0201607049,0.0835886374,3.26643112e-06,30,1.03199995,1
695216100007825,133440671,2459088.9096944635,59088.406712999997,17.9985352,0.0283594001,0,zr,8.9723210000000009,43.561480199999998,0.629000008,-0.00800000038,20200827406701,695,0x10,0x1,21.3500004,26.0371914,0.0179386381,0.0848235711,2.60836464e-06,30,1.01199996,1
695216100007825,133542187,2459089.9249203443,59089.421875,18.041935,0.0291475728,0,zr,8.9723124999999992,43.561487100000001,0.56400001,0.0250000004,20200828421863,695,0x10,0x1,21.4500008,26.0844803,0.0178308077,0.0843960196,2.52745463e-06,30,1.00800002,1
695216100007825,133545312,2459089.9561722926,59089.453125,18.048851,0.0292760339,0,zr,8.9723130999999992,43.561492600000001,0.751999974,-0.0379999988,20200828453113,695,0x10,0x1,21.3500004,26.0752087,0.0176250618,0.0844005421,2.44479679e-06,30,1.01999998,1
695216100007825,133644538,2459090.9484907836,59090.445381899997,18.2696533,0.0338206589,0,zr,8.9723123999999999,43.561489199999997,1.27100003,-0.122000001,20200829445336,695,0x10,0x1,21.3600006,26.1321011,0.0178064667,0.0826833546,2.5192146e-06,30,1.01699996,1
695216100007825,133649148,2459090.9945932101,59090.491481500001,18.184185,0.0319555104,0,zr,8.9723120000000005,43.561486600000002,1.01999998,-0.0670000017,20200829491435,695,0x10,0x1,21.4400005,26.1187534,0.0179429054,0.0829661787,2.55491841e-06,30,1.07799995,1
695216100007825,133747223,2459091.9754055371,59091.472233799999,18.055027,0.0293914191,0,zr,8.9723172000000009,43.561484100000001,1.32299995,-0.0579999983,20200830472234,695,0x10,0x1,21.7000008,26.1742897,0.0174250007,0.0810901374,2.40134477e-06,30,1.04900002,1
695216100007825,133939153,2459093.8948261952,59093.3915394,18.139637,0.0310377292,0,zr,8.9723284000000003,43.561467299999997,0.763000011,-0.0390000008,20200901391505,695,0x10,0x1,20.2800007,26.1534882,0.026046535,0.0867652223,5.32006561e-06,30,1.01300001,1
695216100007825,134034805,2459094.851398502,59094.348055599999,18.1053391,0.0303553864,0,zr,8.9723079000000006,43.561473399999997,0.675999999,0.0299999993,20200902348044,695,0x10,0x1,20.1599998,26.0828419,0.0274223574,0.0826295242,5.94562744e-06,30,1.05599999,1
695216100007825,134040224,2459094.9055914632,59094.402245400001,18.1770763,0.0318066217,0,zr,8.9723479000000008,43.561469799999998,0.568000019,-0.0489999987,20200902402245,695,0x10,0x1,20.0400009,26.0868435,0.0274099577,0.0834289417,5.92823289e-06,30,1.00800002,1
695216100007825,134141533,2459095.918740137,59095.415335600002,18.0937157,0.0301288385,0,zr,8.9723261000000001,43.561487399999997,0.757000029,-0.0219999999,20200903415220,695,0x10,0x1,20.2600002,26.1272469,0.0245443881,0.0806116983,4.71952944e-06,30,1.00899994,1
695216100007825,134144648,2459095.9498878145,59095.446481500003,18.0002193,0.0283894222,0,zr,8.9723170999999997,43.561480299999999,0.722000003,-0.0419999994,20200903446481,695,0x10,0x1,20.1900005,26.121706,0.0246881191,0.0790228024,4.82230007e-06,30,1.02999997,1
695216100007825,134233648,2459096.8399383719,59096.336481500002,18.189621,0.0320699997,0,zr,8.9723222000000007,43.561489199999997,1.00999999,-0.0960000008,20200904336481,695,0x10,0x1,20.5799999,26.154314,0.0232464094,0.0783481449,4.24642349e-06,30,1.06599998,1
695216100007825,134346371,2459097.9672351331,59097.4637153,18.0964966,0.0301828329,0,zr,8.9723474000000003,43.561482099999999,0.572000027,-0.0170000009,20200905463692,695,0x10,0x1,20.25,26.1239643,0.0246967655,0.0822158456,4.73333012e-06,30,1.06200004,1
695216100007825,134434165,2459098.8452231381,59098.341655099997,18.2846603,0.0341628641,0,zr,8.9723234000000005,43.561494400000001,1.24399996,-0.0930000022,20200906341655,695,0x10,0x1,20.4400005,26.1393757,0.0232706089,0.0821026266,4.21586537e-06,30,1.04900002,1
695216100007825,134535327,2459099.8568981476,59099.353275499998,17.9661732,0.0277913157,0,zr,8.9722966999999993,43.561472999999999,1.33800006,-0.100000001,20200907353275,695,0x10,0x1,20.6100006,26.0937614,0.0221621897,0.0841529518,3.8443909e-06,30,1.02999997,1
695216100007825,135040613,2459104.91001416,59104.406134299999,18.2037487,0.0323701277,32768,zr,8.9723223000000001,43.5614785,1.03900003,0.112000003,20200912406123,695,0x10,0x1,20.4500008,25.5212746,0.0269151591,0.090924792,5.75121794e-06,30,1.01600003,1
695216100007825,135235851,2459106.8624905189,59106.358518499997,18.1578178,0.0314079262,0,zr,8.9723287999999997,43.561497000000003,1.07299995,-0.0149999997,20200914358333,695,0x10,0x1,21.1299992,25.7416306,0.0216062926,0.0903395489,3.67262464e-06,30,1.01199996,1
695216100007825,135538236,2459109.8864674889,59109.382361099997,18.3100224,0.0347515121,0,zr,8.9723065999999996,43.561495899999997,0.675000012,-0.0109999999,20200917382361,695,0x10,0x1,20.6800003,25.7966194,0.0246302616,0.0880499557,4.75166144e-06,30,1.01100004,1
695216100007825,135541364,2459109.9177535181,59109.413645799999,18.2785892,0.0340238847,0,zr,8.9723158999999999,43.561493800000001,1.16499996,-0.131999999,20200917413646,695,0x10,0x1,21.0499992,25.866291,0.0203490369,0.0878077149,3.27037606e-06,30,1.03600001,1
695216100007825,135637256,2459110.8767175204,59110.372569400002,18.3481236,0.0356607214,32768,zr,8.9722951999999996,43.561509899999997,1.16600001,0.0850000009,20200918372569,695,0x10,0x1,20.5400009,25.4079247,0.100982189,0.0577375852,7.97408065e-05,30,1.00899994,1
695216100007825,135835313,2459112.8573647449,59112.353136600002,18.4805908,0.0390664786,0,zr,8.9723286000000009,43.561487399999997,0.852999985,-0.0270000007,20200920353137,695,0x10,0x1,21.6499996,26.1444683,0.0209078565,0.0817010924,3.40222459e-06,30,1.00800002,1
695216100007825,135837239,2459112.8766246988,59112.372395799997,18.3189774,0.0349624902,0,zr,8.9723244999999991,43.561486600000002,0.649999976,-0.0109999999,20200920372384,695,0x10,0x1,21.6100006,26.1407852,0.0203442015,0.0802934244,3.20122444e-06,30,1.00999999,1
695216100007825,135928297,2459113.7872385932,59113.282974499998,18.0667267,0.0296117347,0,zr,8.9723141000000002,43.561492000000001,0.421000004,-0.0109999999,20200921282963,695,0x10,0x1,21.3199997,26.0863972,0.01855704,0.0805199817,2.67164864e-06,30,1.08000004,1
695216100007825,136040793,2459114.9122460103,59114.407939800003,18.2703419,0.0338362753,0,zr,8.9723217000000002,43.561485300000001,0.643000007,0.0309999995,20200922407940,695,0x10,0x1,21.5300007,26.072813,0.0233149398,0.081375286,4.23996562e-06,30,1.04700005,1
695216100007825,136130982,2459115.8141652718,59115.3098264,18.2865448,0.0342061631,0,zr,8.9722971999999999,43.561492700000002,0.769999981,-0.0520000011,20200923309826,695,0x10,0x1,21.3700008,26.1336937,0.0184450857,0.0829532593,2.66011057e-06,30,1.02999997,1
695216100007825,136133452,2459115.8388652559,59115.334525500002,18.3080444,0.034705136,0,zr,8.9723092999999992,43.561478100000002,1.35300004,-0.0689999983,20200923334444,695,0x10,0x1,21.4200001,26.1370869,0.0185076799,0.0817921311,2.69296243e-06,30,1.01100004,1
695216100007825,136234608,2459116.850463164,59116.346087999998,18.402523,0.0370122343,0,zr,8.9723138999999996,43.561475100000003,1.52600002,-0.0439999998,20200924346088,695,0x10,0x1,21.5200005,26.140543,0.0236459095,0.0842029974,4.38966572e-06,30,1.00800002,1
695216100007825,136336684,2459117.871249909,59117.366840299997,18.3087349,0.0347213112,0,zr,8.9723226,43.561489700000003,0.871999979,-0.0359999985,20200925366829,695,0x10,0x1,21.4699993,26.1506081,0.0174809806,0.0827007666,2.38244934e-06,30,1.01400006,1
695216100007825,136425717,2459118.7616144833,59118.257175899998,18.3781471,0.0363987237,0,zr,8.9723115999999994,43.561486199999997,0.601999998,-0.0790000036,20200926257153,695,0x10,0x1,21.2399998,26.1660233,0.0208857954,0.080839023,3.46635625e-06,30,1.10800004,1
695216100007825,136434189,2459118.8463394069,59118.3418981,18.5088234,0.0398440659,0,zr,8.9723054999999992,43.561492299999998,0.575999975,-0.0680000037,20200926341887,695,0x10,0x1,21.3400002,26.1648655,0.0208555013,0.0822750479,3.44505816e-06,30,1.00800002,1
695216100007825,137028835,2459124.792965021,59124.288356500001,18.4358215,0.0378715396,0,zr,8.9723016999999992,43.561459200000002,0.754999995,-0.064000003,20201002288356,695,0x10,0x1,20.3199997,26.1475868,0.0309218895,0.0815724581,7.41087524e-06,30,1.02699995,1
695216100007825,137132775,2459125.8323876671,59125.327754600003,18.4635162,0.0386052951,0,zr,8.9723156999999993,43.561490999999997,0.666000009,-0.00899999961,20201003327708,695,0x10,0x1,20.1800003,26.1572952,0.0262635928,0.0845167711,5.40132032e-06,30,1.00800002,1
695216100007825,137234340,2459126.8480584826,59126.343402799997,18.3956604,0.0368382223,0,zr,8.9723191999999994,43.561480299999999,0.859000027,-0.0810000002,20201004343391,695,0x10,0x1,20.3999996,26.1290131,0.0233605504,0.0802238658,4.58681325e-06,30,1.01400006,1
695216100007825,137333039,2459127.8350698575,59127.3303935,18.178978,0.0318463519,32768,zr,8.9724685999999991,43.561512899999997,0.907000005,-0.335999995,20201005330382,695,0x10,0x1,18.2800007,24.9309711,0.0456257686,0.098122634,4.8019072e-05,30,1.00999999,1
695216100007825,137523664,2459129.7413561149,59129.2366435,18.5731621,0.0416878611,0,zr,8.9723191,43.561474199999999,0.583999991,0.00999999978,20201007236644,695,0x10,0x1,21.0300007,26.1489258,0.0205218922,0.0790900141,3.31674914e-06,30,1.08599997,1
695216100007825,138030556,2459134.8103523352,59134.305567099997,18.5653687,0.0414590836,0,zr,8.9723320999999991,43.561499699999999,0.254999995,-0.0109999999,20201012305567,695,0x10,0x1,20.7600002,26.1382828,0.0222941469,0.0854755864,3.83784027e-06,30,1.00800002,1
695216100007825,138230226,2459136.8070726846,59136.302268500003,18.4825935,0.0391210094,0,zr,8.9723056000000003,43.5614791,1.04999995,-0.057,20201014302014,695,0x10,0x1,21.2999992,26.163105,0.018869305,0.0810449049,2.79540291e-06,30,1.00899994,1
695216100007825,138624162,2459140.7464457219,59140.241620399996,18.6380501,0.0436525531,0,zr,8.9723006000000005,43.561481200000003,0.888000011,-0.0810000002,20201018241620,695,0x10,0x1,21.5400009,26.1268406,0.0198029224,0.0812161416,3.08681706e-06,30,1.02999997,1
695216100007825,139024444,2459144.7492689695,59144.244444399999,18.5571156,0.041218482,0,zr,8.9722839000000008,43.561494600000003,0.64200002,-0.0120000001,20201022244444,695,0x10,0x1,21.4799995,26.0579662,0.0222629085,0.0798380002,3.91402227e-06,30,1.01800001,1
695216100007825,139519870,2459149.7034963239,59149.1987037,18.9351215,0.0541425347,0,zr,8.9723220000000001,43.5614499,0.788999975,-0.0729999989,20201027198692,695,0x10,0x1,19.8600006,26.0989456,0.0284515806,0.087631464,6.2931249e-06,30,1.05499995,1
695216100007825,139723673,2459151.7415056834,59151.2367361,18.3889294,0.0366685055,0,zr,8.9723051999999992,43.561489199999997,0.569000006,-0.0390000008,20201029236736,695,0x10,0x1,20.3799992,26.2063313,0.0227211658,0.0743341595,4.04293223e-06,30,1.01100004,1
695216100007825,139932131,2459153.8260594555,59153.321319399998,18.5005817,0.039615117,0,zr,8.9723080999999993,43.561481700000002,1.01300001,-0.136000007,20201031321308,695,0x10,0x1,20.1700001,26.199995,0.0256492142,0.0790512562,5.15581269e-06,30,1.08200002,1
695216100007825,140123498,2459155.739696126,59155.2349884,18.635479,0.0435726233,0,zr,8.9723450000000007,43.561483699999997,1.01600003,-0.0540000014,20201102234977,695,0x10,0x1,20.6200008,26.1988754,0.0224388652,0.0832697973,4.00521731e-06,30,1.00899994,1
695216100007825,140332180,2459157.826472315,59157.321805599997,18.5172615,0.0400801338,0,zr,8.9723185000000001,43.561490499999998,0.584999979,-0.0379999988,20201104321806,695,0x10,0x1,20.5900002,26.1626034,0.0201655068,0.0829808488,3.18941738e-06,30,1.10800004,1
695216100007825,141030513,2459164.8096256629,59164.305138900003,18.5339928,0.0405532978,0,zr,8.9723313000000005,43.561474099999998,0.768000007,-0.0199999996,20201111305139,695,0x10,0x1,20.4699993,26.1876602,0.0232037082,0.0853975415,4.19276648e-06,30,1.11399996,1
695216100007825,141232803,2459166.8324548877,59166.328032400001,18.5903282,0.0421971455,0,zr,8.9723135000000003,43.561469700000004,1.20099998,0.00400000019,20201113328032,695,0x10,0x1,21.1000004,26.159956,0.0186004397,0.0813538432,2.70870146e-06,30,1.20500004,1
695216100007825,141414023,2459168.6445919173,59168.140231500001,18.6139202,0.0429092795,0,zr,8.9723238999999992,43.561487900000003,1.06599998,-0.111000001,20201115140197,695,0x10,0x1,21.2199993,26.1894989,0.0205461457,0.0813835859,3.31642309e-06,30,1.06599998,1
695216100007825,141614126,2459170.6455485341,59170.141261600002,18.6499214,0.0440238044,0,zr,8.9723144000000001,43.561495800000003,0.574999988,0.0299999993,20201117141262,695,0x10,0x1,21.2099991,26.1872025,0.0197822414,0.0805067569,3.05981644e-06,30,1.05499995,1
695216100007825,141815690,2459172.6611175006,59172.156909700003,18.7297096,0.046617683,0,zr,8.9723214999999996,43.561477699999998,0.677999973,-0.0170000009,20201119156910,695,0x10,0x1,21.2399998,26.2013474,0.0208989978,0.0821528435,3.4011664e-06,30,1.02699995,1
695216100007825,142011606,2459174.6201908481,59174.1160648,18.5375519,0.0406548418,0,zr,8.9723152000000006,43.561477799999999,0.990999997,-0.0799999982,20201121116065,695,0x10,0x1,21.0900002,26.1140118,0.0197867937,0.0810161084,3.07633036e-06,30,1.08099997,1
695216100007825,142811787,2459182.6216154671,59182.117870399998,18.6507092,0.0440485775,0,zr,8.9722968000000005,43.561472299999998,0.342000008,-0.0260000005,20201129117465,695,0x10,0x1,20.0799999,26.1934376,0.0269648973,0.088087678,5.68641735e-06,30,1.04100001,1
695216100007825,143028068,2459184.7843125961,59184.280682899996,18.9306564,0.0539651699,0,zr,8.9722904000000003,43.561475399999999,0.69599998,-0.0909999982,20201201280671,695,0x10,0x1,20.0300007,26.1635075,0.0267173462,0.0778880566,5.55023735e-06,30,1.21200001,1
695216100007825,143424418,2459188.7475953726,59188.244189800003,18.8208656,0.0498005003,0,zr,8.9722676999999997,43.561520299999998,1.06500006,-0.0700000003,20201205244190,695,0x10,0x1,20.4799995,26.1876488,0.0216769073,0.0804711133,3.66456538e-06,30,1.12699997,1
695216100007825,143613513,2459190.6384319752,59190.135138899997,18.8207378,0.049795825,32768,zr,8.9723629999999996,43.561473999999997,1.01999998,-0.157000005,20201207135104,695,0x10,0x1,20,25.3785667,0.0388808101,0.0760307685,1.16192095e-05,30,1.00999999,1
695216100007825,143922140,2459193.7245024885,59193.221400499999,18.6938019,0.0454288386,0,zr,8.9723102000000008,43.561472500000001,0.691999972,-0.0280000009,20201210221400,695,0x10,0x1,20.9699993,26.0274944,0.0206522048,0.0812736154,3.3414899e-06,30,1.10300004,1
695216100007825,144121559,2459195.7185641699,59195.215590300002,18.7492676,0.0472804159,0,zr,8.9723434999999991,43.561510800000001,0.935000002,0.00700000022,20201212215590,695,0x10,0x1,21.1599998,26.17206,0.018012628,0.0805826113,2.51443566e-06,30,1.102,1
695216100007825,144322174,2459197.7245891602,59197.221747700001,18.4139671,0.0373047702,32768,zr,8.9723529000000006,43.561475700000003,0.442999989,-0.075000003,20201214221748,695,0x10,0x1,19.5100002,25.3025227,0.0373642929,0.0770386755,1.08901477e-05,30,1.13300002,1
695216100007825,144513281,2459199.6355247381,59199.1328125,18.8901291,0.0523841605,0,zr,8.9723067000000007,43.5615448,0.989000022,-0.0500000007,20201216132801,695,0x10,0x1,20.25,26.1930981,0.0247982312,0.0877054259,4.77036247e-06,30,1.00999999,1
695216100007825,144813548,2459202.6379894912,59202.1354861,18.7699547,0.0479932167,0,zr,8.9722895000000005,43.561508199999999,1.20599997,0.0109999999,20201219135486,695,0x10,0x1,21.1100006,26.1888008,0.0194113962,0.0802674368,2.90927619e-06,30,1.01400006,1
695216100007825,145017616,2459204.6785267028,59204.176168999998,18.5853767,0.0420494676,0,zr,8.9724173999999994,43.561506000000001,1.17700005,0.0289999992,20201221176169,695,0x10,0x1,20.1900005,26.1880188,0.0246728361,0.077486299,4.71668136e-06,30,1.07000005,1
695216100007825,145616678,2459210.6686969544,59210.166782400003,18.6028366,0.0425729491,0,zr,8.9722989000000002,43.5615345,0.602999985,-0.0350000001,20201227166782,695,0x10,0x1,20.2700005,26.184576,0.024091525,0.0755655468,4.5186257e-06,30,1.08399999,1
695216100007825,146211689,2459216.6183534679,59216.116898100001,18.9325867,0.0540417694,0,zr,8.9723147000000001,43.561491400000001,0.707000017,-0.0810000002,20210102116898,695,0x10,0x1,20.8899994,25.961586,0.022890931,0.081162855,4.07322659e-06,30,1.03100002,1
695216100007825,146416204,2459218.6633425951,59218.162048600003,18.8198566,0.0497639067,0,zr,8.9723571,43.5614943,1.28199995,-0.0270000007,20210104162049,695,0x10,0x1,20.7800007,26.1137199,0.0199618358,0.0781437308,3.08285894e-06,30,1.12600005,1
695216100007825,146416298,2459218.6642800178,59218.162986099996,18.8842907,0.0521606505,0,zr,8.9722968999999999,43.561530400000002,1.03299999,0.0280000009,20210104162986,695,0x10,0x1,20.8799992,26.1151981,0.0188553035,0.0845730454,2.76989522e-06,30,1.12899995,2
695216100007825,146517641,2459219.6776253893,59219.176412000001,19.1333561,0.0626932234,0,zr,8.9722825999999998,43.561488300000001,0.819999993,-0.0120000001,20210105176412,695,0x10,0x1,21.0200005,26.1563873,0.0184747167,0.0779322833,2.65260951e-06,30,1.17999995,2
695216100007825,146611138,2459220.6125277369,59220.111388899997,19.1995163,0.0658571944,0,zr,8.9723234000000005,43.561478600000001,0.757000029,-0.0810000002,20210106111389,695,0x10,0x1,21.1700001,26.1656036,0.018715566,0.0788625255,2.7276983e-06,30,1.03699994,1
695216100007825,146611675,2459220.6178977052,59220.116759299999,18.9228783,0.0536576733,0,zr,8.9723012000000004,43.5614968,0.924000025,-0.109999999,20210106116759,695,0x10,0x1,21.1000004,26.1658363,0.0181919727,0.0816117227,2.57312377e-06,30,1.04400003,2
695216100007825,146719703,2459221.698088849,59221.197036999998,19.6211624,0.0901322737,0,zr,8.9723371000000007,43.561468099999999,1.24699998,-0.187000006,20210107197037,695,0x10,0x1,21.1000004,26.1361237,0.0203386955,0.081015639,3.22386472e-06,30,1.28999996,2
695216100007825,146911415,2459223.6150526814,59223.114155099996,19.6844845,0.0944382995,0,zr,8.9723898000000002,43.561473499999998,0.906000018,-0.123999998,20210109114155,695,0x10,0x1,20.9899998,26.1725636,0.0192513019,0.0789289102,2.87996613e-06,30,1.05299997,2
695216100007825,147011128,2459224.6121016652,59224.111284699997,19.6377296,0.0912415087,0,zr,8.9723077,43.561480000000003,0.73299998,0.00200000009,20210110111285,695,0x10,0x1,20.9799995,26.1778431,0.0192194767,0.0779845342,2.87165381e-06,30,1.05200005,1
695216100007825,147118377,2459225.6845031017,59225.183773099998,19.5869904,0.0878830999,32768,zr,8.9725096000000004,43.561432600000003,0.526000023,-0.147,20210111183762,695,0x10,0x1,19.7299995,25.4860954,0.0638536066,0.0813567638,3.14997524e-05,30,1.278,2
695216100007825,147314342,2459227.643996554,59227.143425900002,19.4479847,0.0792614147,32768,zr,8.9721849000000002,43.561352800000002,0.676999986,-0.379000008,20210113143414,695,0x10,0x1,19.3099995,25.2841396,0.0482776426,0.0770995021,1.9611809e-05,30,1.14300001,2
695216100007825,147511530,2459229.6157107642,59229.115300899997,19.8046761,0.10311012,0,zr,8.9723807999999998,43.561537600000001,0.630999982,-0.0450000018,20210115115255,695,0x10,0x1,20.3600006,26.1817589,0.0236527119,0.0839120001,4.36610162e-06,30,1.08500004,2
695216100007825,147612013,2459230.6204666793,59230.120138899998,19.4585896,0.079889819,0,zr,8.9722582000000006,43.561510300000002,0.310000002,-0.00800000038,20210116120139,695,0x10,0x1,20.8400002,26.1226406,0.0201413371,0.082388185,3.16766e-06,30,1.10300004,1
695216100007825,147815858,2459232.6587491534,59232.158587999998,19.9009914,0.110532112,0,zr,8.9723115,43.561502500000003,0.58099997,-0.0759999976,20210118158588,695,0x10,0x1,21.1900005,26.1689777,0.0213681739,0.0786413476,3.58560396e-06,30,1.25,1
695216100007825,149816255,2459252.6611188143,59252.162557900003,19.3727837,0.0749408975,0,zr,8.9723599000000007,43.561506199999997,0.991999984,-0.136999995,20210207162558,695,0x10,0x1,20.7099991,26.1118679,0.020957971,0.081075713,3.4521031e-06,30,1.648,1
695216100007825,150015872,2459254.6571357911,59254.158726900001,19.4310322,0.0782667696,0,zr,8.9722892999999999,43.561509000000001,0.815999985,-0.0719999969,20210209158715,695,0x10,0x1,20.6200008,25.9730568,0.0250667725,0.083692506,4.91317724e-06,30,1.66400003,1
695216100007825,150217179,2459256.6700517596,59256.171794000002,19.2674236,0.0692765936,0,zr,8.9723307000000005,43.5615071,1.11800003,-0.162,20210211171782,695,0x10,0x1,20.5699997,26.0374451,0.0226360671,0.0777997524,4.00155477e-06,30,1.88199997,1
695216100007825,151114491,2459265.6425349563,59265.144918999998,19.5017757,0.0824984163,0,zr,8.9722896999999993,43.5615162,0.65200001,-0.135000005,20210220144907,695,0x10,0x1,20.2199993,26.1214542,0.0262381062,0.0822063461,5.39571238e-06,30,1.85300004,1
695216100007825,152512502,2459279.6217699694,59279.125023100001,19.3578873,0.0741128623,0,zr,8.9724415000000004,43.561471599999997,0.527999997,-0.0209999997,20210306125023,695,0x10,0x1,19.5900002,26.0148907,0.0436568111,0.0797174349,1.49705484e-05,30,2.13100004,2
695216100007825,152512803,2459279.6247790963,59279.128032400004,19.4375763,0.0786493048,0,zr,8.9724033999999993,43.5614469,0.587000012,-0.0790000036,20210306128021,695,0x10,0x1,19.8299999,26.0095615,0.0332566537,0.088981539,8.67246581e-06,30,2.18499994,2
695216100007825,152513101,2459279.627765025,59279.131018499997,19.2826691,0.0700687766,32768,zr,8.9721454000000005,43.561504200000002,0.381000012,0.0970000029,20210306131019,695,0x10,0x1,19.5799999,25.9336452,0.101782076,0.0920495167,8.31593061e-05,30,2.24300003,2
695216100007825,152612579,2459280.6224904382,59280.125798599998,19.2355671,0.0676503778,0,zr,8.9723045999999993,43.561489299999998,0.453000009,-0.0359999985,20210307125648,695,0x10,0x1,20.2800007,26.0655098,0.0229446888,0.0793863982,4.10225266e-06,30,2.19499993,2
695216100007825,152612834,2459280.6250365945,59280.128344899997,19.2687836,0.0693468451,0,zr,8.9723267999999994,43.561440699999999,0.943000019,-0.00999999978,20210307128194,695,0x10,0x1,20.2600002,26.0527439,0.0241539646,0.0865749493,4.57739407e-06,30,2.24399996,2
695216100007825,152613087,2459280.6275711609,59280.130879600001,19.5588799,0.0860716328,0,zr,8.9723375999999995,43.561537299999998,0.407999992,0.0790000036,20210307130729,695,0x10,0x1,20.2000008,26.0578136,0.0244439971,0.0784755722,4.69801535e-06,30,2.29500008,2
695216100007825,152613342,2459280.6301173167,59280.1334259,19.4331112,0.0783880949,0,zr,8.9723173999999997,43.561497199999998,1.324,0.074000001,20210307133275,695,0x10,0x1,20.2199993,26.0410328,0.0260535516,0.0821383148,5.33602952e-06,30,2.3499999,2
695216100007825,152613596,2459280.6326518743,59280.135960599997,19.3532143,0.073854968,0,zr,8.9722469,43.561499400000002,0.759000003,0.075000003,20210307135810,695,0x10,0x1,20.1200008,26.0331326,0.0261376146,0.0847906843,5.3507606e-06,30,2.4059999,2
695216100007825,158748723,2459341.9829479726,59341.487233799999,19.3541222,0.0739050359,0,zr,8.9722889000000006,43.561528899999999,1.39199996,-0.0599999987,20210507487234,695,0x10,0x1,19.8700008,25.9904881,0.0334264636,0.0853488669,8.69014548e-06,30,2.61400008,1
695216100007825,158748958,2459341.9852975272,59341.489583299997,19.2694511,0.0693813786,0,zr,8.9723863999999995,43.561473300000003,0.704999983,-0.173999995,20210507489583,695,0x10,0x1,19.75,25.9988136,0.0464234911,0.0815381706,1.70358999e-05,30,2.55200005,1
695216100007825,158848644,2459342.9821864879,59342.486446800001,19.3393707,0.0730961859,0,zr,8.9723591999999996,43.561428100000001,0.833999991,-0.123999998,20210508486447,695,0x10,0x1,20.3299999,25.9709339,0.0255573653,0.0829374492,5.15659804e-06,30,2.56299996,1
695216100007825,158848885,2459342.9845939567,59342.488854199997,19.3734226,0.0749766231,0,zr,8.9723383000000005,43.561514799999998,0.674000025,0.123999998,20210508488843,695,0x10,0x1,20.2399998,25.9709682,0.0257480498,0.0860484391,5.22608298e-06,30,2.50200009,1
695216100007825,158849126,2459342.9870014191,59342.4912616,19.1890354,0.0653451011,0,zr,8.9723369999999996,43.561421600000003,0.717999995,-0.00899999961,20210508491262,695,0x10,0x1,20.1200008,25.983551,0.0277241617,0.0851157084,5.99082796e-06,30,2.44300008,1
695216100007825,158849366,2459342.9894088958,59342.493669000003,19.5288086,0.0841722339,0,zr,8.9721601,43.561535599999999,0.555999994,0.189999998,20210508493669,695,0x10,0x1,19.7900009,25.9853401,0.031187579,0.086853005,7.67185338e-06,30,2.38800001,1
695216100007825,159048526,2459344.9810607824,59344.485266199998,19.6510582,0.0921428278,0,zr,8.9722627999999993,43.561533400000002,1.07500005,-0.00400000019,20210510485266,695,0x10,0x1,20.2600002,25.9186287,0.0274847616,0.0898261443,5.91588787e-06,30,2.45600009,1
695216100007825,159048768,2459344.9834798519,59344.487685200002,19.7705116,0.10057836,0,zr,8.9723512999999997,43.561574399999998,0.291999996,-0.125,20210510487685,695,0x10,0x1,19.9899998,25.9310703,0.0313666835,0.0843054652,7.77230616e-06,30,2.4000001,1
695216100007825,159049010,2459344.9858989185,59344.490104199998,19.494297,0.0820409805,0,zr,8.9723959000000004,43.5614688,0.834999979,-0.347000003,20210510490104,695,0x10,0x1,19.9699993,25.9398537,0.0303205047,0.0830816031,7.23971607e-06,30,2.34599996,1
695216100007825,159148296,2459345.9787868597,59345.482963000002,19.7274361,0.0974619389,0,zr,8.9725180000000009,43.561476999999996,0.656000018,0.0869999975,20210511482963,695,0x10,0x1,20.2800007,25.9698982,0.0261065643,0.0837418213,5.33822231e-06,30,2.4460001,1
695216100007825,159148778,2459345.9836134166,59345.487789400002,19.8426914,0.105989419,0,zr,8.9723404999999996,43.561467899999997,0.799000025,-0.245000005,20210511487789,695,0x10,0x1,20.1800003,25.9831295,0.0266251545,0.0841275379,5.60970875e-06,30,2.33699989,1
695216100007825,159149019,2459345.9860208845,59345.490196799998,19.8491192,0.106482744,0,zr,8.9724862999999999,43.561473200000002,0.704999983,-0.023,20210511490197,695,0x10,0x1,19.9699993,25.9905567,0.0281389002,0.0838804767,6.28514545e-06,30,2.28699994,1
695216100007825,159149261,2459345.9884398622,59345.492615700001,19.5422821,0.0850184038,0,zr,8.9723933000000002,43.561435899999999,1.06299996,-0.559000015,20210511492604,695,0x10,0x1,19.6000004,26.003706,0.0337203555,0.0827919021,8.98257258e-06,30,2.23799992,1
695216100007825,159248432,2459346.9801832247,59346.484328699997,19.3855247,0.0756563544,0,zr,8.9723427999999998,43.561472500000001,0.718999982,-0.128000006,20210512484329,695,0x10,0x1,20.4699993,25.9969063,0.0246655419,0.0838214085,4.80624567e-06,30,2.35299993,1
695216100007825,159248667,2459346.9825328002,59346.486678200003,19.4594746,0.079942517,0,zr,8.9723205999999998,43.561433100000002,0.834999979,-0.169,20210512486678,695,0x10,0x1,20.2199993,26.0048447,0.0302449483,0.08583498,7.1763543e-06,30,2.30299997,1
695216100007825,159248902,2459346.9848824847,59346.489027800002,19.6876945,0.0946613178,0,zr,8.9721854000000008,43.561525500000002,1.17499995,-0.169,20210512489028,695,0x10,0x1,20.0499992,26.0120525,0.0286733191,0.0830069333,6.4819701e-06,30,2.25500011,1
695216100007825,159249137,2459346.9872320532,59346.491377300001,19.2016907,0.0659639463,0,zr,8.9723302999999994,43.561510200000001,0.342999995,-0.0350000001,20210512491377,695,0x10,0x1,19.6299992,26.0200253,0.0336006135,0.0784548372,8.89306921e-06,30,2.20900011,1
695216100007825,159448340,2459348.9793222481,59348.483402799997,19.3877525,0.0757821649,0,zr,8.9723734999999998,43.561523100000002,1.03499997,-0.171000004,20210514483391,695,0x10,0x1,20.6299992,25.9911957,0.0243914444,0.086886026,4.70753321e-06,30,2.2579999,1
695216100007825,159448575,2459348.981671832,59348.485752300003,19.2801361,0.0699365735,0,zr,8.9723092999999992,43.561515200000002,0.39199999,0.0900000036,20210514485752,695,0x10,0x1,20.4699993,25.9985771,0.0265131127,0.0864483789,5.50364166e-06,30,2.21199989,1
695216100007825,159448810,2459348.9840215095,59348.488101900002,19.2982273,0.0708867535,0,zr,8.9723684000000006,43.561462499999998,0.625999987,0.00899999961,20210514488102,695,0x10,0x1,20.2099991,26.0016575,0.0273208488,0.082668446,5.85760381e-06,30,2.16799998,1
695216100007825,159449046,2459348.9863826912,59348.490463000002,19.3408318,0.0731759295,0,zr,8.9723790000000001,43.561486899999998,0.419999987,-0.023,20210514490463,695,0x10,0x1,20.0400009,26.0092602,0.0292839091,0.0851243809,6.65508696e-06,30,2.125,1
695216100007825,159548096,2459349.9769142768,59349.480960599998,19.6767139,0.0939001217,0,zr,8.9723266000000006,43.561416199999996,0.762000024,0.148000002,20210515480961,695,0x10,0x1,20.2900009,26.0281792,0.024003014,0.0864414722,4.53993107e-06,30,2.25200009,1
695216100007825,159548578,2459349.98174085,59349.485786999998,19.5610161,0.0862080678,0,zr,8.9723479000000008,43.561457500000003,0.734000027,-0.229000002,20210515485787,695,0x10,0x1,19.9099998,26.0394592,0.0287796706,0.0877103135,6.53069173e-06,30,2.16000009,1
695216100007825,159848237,2459352.9784366055,59352.482372699997,19.2773094,0.0697892234,0,zr,8.9721249000000007,43.561453899999997,0.871999979,-0.0549999997,20210518482373,695,0x10,0x1,20.0300007,25.9779606,0.0279156379,0.0875566751,6.10601728e-06,30,2.0769999,1
695216100007825,159848704,2459352.983112677,59352.4870486,19.2699623,0.0694078505,0,zr,8.9723342000000006,43.561357200000003,0.5,-0.116999999,20210518487049,695,0x10,0x1,19.5,25.9856205,0.0360175334,0.0866986439,1.02920458e-05,30,2.00099993,1
695216100007825,159947899,2459353.9750959449,59353.478993099998,19.1867275,0.0652328953,0,zr,8.9723366000000002,43.561488099999998,0.737999976,-0.171000004,20210519478993,695,0x10,0x1,20.4699993,26.0393505,0.0229915716,0.0874946117,4.13925773e-06,30,2.08800006,1
695216100007825,159948133,2459353.9774339367,59353.481331000003,19.4605522,0.0800066814,0,zr,8.9724027,43.561491799999999,0.990999997,0.0130000003,20210519481331,695,0x10,0x1,20.0499992,26.0372028,0.026976468,0.0900750235,5.69491021e-06,30,2.04900002,1
695216100007825,159948368,2459353.9797836416,59353.483680600002,19.432312,0.0783414543,0,zr,8.9722196000000007,43.561525799999998,0.591000021,0.0289999992,20210519483681,695,0x10,0x1,20.1700001,26.0469608,0.0262982715,0.0857341811,5.39115536e-06,30,2.01099992,1
695216100007825,159948835,2459353.9844597229,59353.488356499998,19.4726334,0.0807293579,0,zr,8.9723527999999995,43.561432500000002,0.930999994,-0.252999991,20210519488356,695,0x10,0x1,19.5900002,26.0582981,0.0352157205,0.0833241716,9.78177286e-06,30,1.94099998,1
695216100007825,160048000,2459354.9761431301,59354.480000000003,18.9720516,0.0556345806,0,zr,8.9723299999999995,43.561508799999999,0.800999999,-0.00999999978,20210520480000,695,0x10,0x1,19.9699993,26.0607853,0.028367918,0.0914057344,6.21865047e-06,30,2.02600002,1
695216100007825,160048233,2459354.9784812112,59354.482338000002,19.0497131,0.0589203537,0,zr,8.9726127000000009,43.561412400000002,0.652999997,0.0719999969,20210520482338,695,0x10,0x1,19.4300003,26.0644951,0.0391865373,0.0857163444,1.21155481e-05,30,1.99000001,1
695216100007825,160048467,2459354.9808192328,59354.484675899999,18.9521751,0.0548260063,0,zr,8.9722100000000005,43.561567699999998,0.453000009,-0.0189999994,20210520484676,695,0x10,0x1,19.3700008,26.0678883,0.0411387607,0.0834854841,1.37281222e-05,30,1.95500004,1
695216100007825,160048702,2459354.9831689079,59354.487025499999,19.1251125,0.0623102225,0,zr,8.9725894999999998,43.561395900000001,0.597000003,0.0199999996,20210520487025,695,0x10,0x1,19.4799995,26.0709305,0.0347794332,0.0940638557,9.57127395e-06,30,1.921,1
695216100007825,160247799,2459356.9742246578,59356.4779977,18.4941559,0.0394377522,0,zr,8.9722703999999993,43.561475399999999,0.367000014,0.00800000038,20210522477951,695,0x10,0x1,20.4699993,26.0358753,0.0246310867,0.0928246155,4.72408829e-06,30,1.97300005,1
695216100007825,160248034,2459356.9765742561,59356.480347199999,18.4360504,0.0378775299,0,zr,8.9723573999999999,43.561461700000002,0.901000023,-0.0599999987,20210522480336,695,0x10,0x1,20.2099991,26.0397243,0.0280355681,0.0889840499,6.13654129e-06,30,1.93799996,1
695216100007825,160248270,2459356.978935462,59356.482708299998,18.5566406,0.0412046947,0,zr,8.9723205999999998,43.561468300000001,0.781000018,-0.0520000011,20210522482697,695,0x10,0x1,20.1100006,26.0504112,0.0262973458,0.0855967849,5.38262111e-06,30,1.90499997,1
695216100007825,160248506,2459356.9812966655,59356.485069399998,18.4244137,0.0375743769,0,zr,8.9723363999999997,43.561496699999999,1.14699996,-0.116999999,20210522485058,695,0x10,0x1,20.0699997,26.0450745,0.0287719052,0.0904005021,6.39011432e-06,30,1.87199998,1
695216100007825,160347805,2459357.9743261975,59357.478055599997,18.5129566,0.0399594866,0,zr,8.9722951000000002,43.561480500000002,0.303000003,-0.0560000017,20210523478009,695,0x10,0x1,20.6499996,26.057497,0.023985032,0.0840911418,4.48476021e-06,30,1.93200004,1
695216100007825,160348040,2459357.9766758038,59357.480405100003,18.4700222,0.0387802385,0,zr,8.9722957999999995,43.561485400000002,0.592999995,-0.0209999997,20210523480394,695,0x10,0x1,20.4799995,26.0555229,0.0216215588,0.0868885517,3.64920356e-06,30,1.89900005,1
695216100007825,160348277,2459357.9790486125,59357.482777800004,18.5513439,0.0410512015,0,zr,8.9722589999999993,43.561471900000001,0.675000012,-0.0719999969,20210523482755,695,0x10,0x1,20.3299999,26.0629063,0.024120165,0.0827682018,4.53670509e-06,30,1.86699998,1
695216100007825,160348513,2459357.9814098161,59357.485138900003,18.5045662,0.0397255793,0,zr,8.9723138999999996,43.561481299999997,0.370000005,0.0410000011,20210523485116,695,0x10,0x1,19.9899998,26.0640965,0.0289396346,0.0851779655,6.49705726e-06,30,1.83599997,1
695216100007825,160447587,2459358.9721948425,59358.475879600002,18.7749443,0.0481670052,0,zr,8.9722661000000006,43.561492299999998,0.572000027,-0.0390000008,20210524475880,695,0x10,0x1,20.1700001,26.0556545,0.0280979406,0.0841686577,6.13800785e-06,30,1.92400002,1
695216100007825,160447824,2459358.974556054,59358.478240700002,18.8570271,0.051131051,0,zr,8.9722361999999993,43.561562700000003,0.828000009,-0.0280000009,20210524478218,695,0x10,0x1,20.1299992,26.057785,0.0383426584,0.0862431824,1.13239312e-05,30,1.89100003,1
695216100007825,160448060,2459358.9769173609,59358.480601900003,18.7068481,0.0458566584,0,zr,8.9722674999999992,43.561548500000001,0.423000008,0.050999999,20210524480590,695,0x10,0x1,20.0400009,26.0635223,0.032058619,0.0853325352,7.95240521e-06,30,1.85899997,1
695216100007825,160448296,2459358.9792785696,59358.482963000002,18.6248474,0.043244008,0,zr,8.9722524999999997,43.5614481,0.663999975,-0.0439999998,20210524482951,695,0x10,0x1,19.6900005,26.067461,0.0457590073,0.0898742974,1.62113356e-05,30,1.829,1
695216100007825,160448532,2459358.9816397773,59358.485324100002,18.8576889,0.0511557758,0,zr,8.9722909000000008,43.561517799999997,0.745000005,0.118000001,20210524485312,695,0x10,0x1,19.7000008,26.0734577,0.0377568901,0.0789817274,1.1025485e-05,30,1.79900002,1
695216100007825,160547687,2459359.9732361156,59359.476875,18.8492661,0.0508421585,0,zr,8.9723702999999997,43.561514899999999,0.764999986,-0.0170000009,20210525476863,695,0x10,0x1,20.0499992,26.0445862,0.0298457779,0.0825214237,6.98340909e-06,30,1.87199998,1
695216100007825,160547924,2459359.9756089328,59359.479247700001,18.7735329,0.0481177792,0,zr,8.9722857999999999,43.561532,0.660000026,-0.0890000015,20210525479225,695,0x10,0x1,20.1100006,26.0488033,0.0276189074,0.0803587362,5.97478629e-06,30,1.84099996,1
695216100007825,160548160,2459359.9779701447,59359.481608800001,18.8056297,0.0492516384,0,zr,8.9722708000000004,43.561496200000001,0.665000021,-0,20210525481586,695,0x10,0x1,20.0200005,26.0479259,0.0280929208,0.0869139954,6.18878903e-06,30,1.81200004,1
695216100007825,160548396,2459359.9803313552,59359.4839699,18.9163704,0.053401906,0,zr,8.9722884999999994,43.561466000000003,0.750999987,0.0700000003,20210525483947,695,0x10,0x1,19.8700008,26.0507336,0.031215338,0.0849658325,7.57508087e-06,30,1.78299999,1
695216100007825,160846271,2459362.9592242236,59362.462719900002,19.6456108,0.0917734727,0,zr,8.9722200999999995,43.561497299999999,0.785000026,-0.0439999998,20210528462720,695,0x10,0x1,20.3199997,26.098135,0.0282107815,0.0788868889,6.25169014e-06,30,1.95599997,1
695216100007825,160846468,2459362.961191914,59362.464687500003,19.4006233,0.0765129179,0,zr,8.9723647,43.561447800000003,0.667999983,-0.187999994,20210528464676,695,0x10,0x1,20.3099995,26.0911388,0.0270088427,0.0885192007,5.76530101e-06,30,1.92799997,1
695216100007825,160846664,2459362.9631480151,59362.466643500004,19.4707165,0.0806142762,0,zr,8.9723334999999995,43.561501999999997,1.02400005,-0.0949999988,20210528466644,695,0x10,0x1,20.2900009,26.1022224,0.0257560126,0.0861328915,5.25689893e-06,30,1.89999998,1
695216100007825,160846861,2459362.9651157144,59362.468611099997,19.4791832,0.0811237693,0,zr,8.9723339000000006,43.561486600000002,0.532000005,-0.184,20210528468611,695,0x10,0x1,20.2900009,26.1126881,0.0271587409,0.0809286386,5.81596578e-06,30,1.87300003,1
695216100007825,160847057,2459362.9670834122,59362.470578699998,19.4706974,0.0806131363,0,zr,8.9723559000000002,43.561470300000003,0.298000008,-0.0500000007,20210528470567,695,0x10,0x1,20.3899994,26.1152096,0.0248111617,0.079377912,4.84902648e-06,30,1.84800005,1
695216100007825,160946528,2459363.9618438943,59363.465289400003,19.7950974,0.102394886,0,zr,8.9724725000000003,43.561594800000002,0.994000018,-0.0839999989,20210529465289,695,0x10,0x1,20.2299995,26.1076736,0.0244544633,0.0861863792,4.69318456e-06,30,1.88100004,1
695216100007825,160946725,2459363.9638115102,59363.467256900003,19.7680969,0.100401469,0,zr,8.9722103000000004,43.561528699999997,0.550999999,-0.0270000007,20210529467257,695,0x10,0x1,20.2700005,26.1006737,0.0249167494,0.0865014941,4.84422935e-06,30,1.85500002,1
695216100007825,160946922,2459363.9657792025,59363.469224499997,19.6547775,0.0923957527,0,zr,8.9723649999999999,43.561496900000002,0.363000005,0.0649999976,20210529469213,695,0x10,0x1,20.2399998,26.0753651,0.0245748926,0.082402043,4.70082341e-06,30,1.83000004,1
695216100007825,161046153,2459364.9581447863,59364.461539399999,19.6244621,0.0903522149,0,zr,8.9723436999999997,43.561491099999998,0.500999987,-0.0489999987,20210530461539,695,0x10,0x1,20.6000004,26.0379505,0.0250226445,0.0803483278,4.93119342e-06,30,1.89499998,1
695216100007825,161046546,2459364.9620685945,59364.465463,19.7056866,0.0959203765,0,zr,8.9723067000000007,43.561501499999999,0.291000009,-0.0469999984,20210530465463,695,0x10,0x1,20.6499996,25.9881649,0.0274583902,0.0829590857,5.96004293e-06,30,1.84300005,1
695216100007825,161046743,2459364.9640363003,59364.467430600002,19.6356792,0.0911035612,0,zr,8.9722533999999996,43.5614706,0.915000021,-0.0140000004,20210530467431,695,0x10,0x1,20.6499996,26.0151653,0.0298861656,0.0857302323,7.02641501e-06,30,1.81799996,1
695216100007825,161046939,2459364.9660038953,59364.469398100002,19.7991524,0.102697164,0,zr,8.9723889999999997,43.561420200000001,0.386999995,0.0729999989,20210530469387,695,0x10,0x1,20.5400009,25.961647,0.0305338819,0.0787641406,7.37675464e-06,30,1.79400003,1
695216100007825,161146391,2459365.9605696066,59365.463911999999,19.1717663,0.0645102859,0,zr,8.9723179000000002,43.561494600000003,1.01800001,-0.104999997,20210531463912,695,0x10,0x1,20.6100006,26.0321655,0.0220839176,0.0806209221,3.83359793e-06,30,1.82799995,1
695216100007825,161146583,2459365.9624910099,59365.465833299997,19.0416393,0.0585691892,0,zr,8.9723144999999995,43.561497299999999,0.922999978,-0.00100000005,20210531465833,695,0x10,0x1,20.6299992,26.0339813,0.0235058051,0.0839954242,4.33251944e-06,30,1.80400002,1
695216100007825,161146774,2459365.9644009136,59365.467743100002,19.076664,0.0601089671,0,zr,8.9722804000000007,43.561489899999998,0.526000023,0.0240000002,20210531467743,695,0x10,0x1,20.6000004,26.0370255,0.0222636554,0.0854661912,3.89922798e-06,30,1.78100002,1
695216100007825,161146966,2459365.9663223163,59365.4696644,19.0641594,0.0595542975,0,zr,8.9722837999999996,43.561478100000002,0.861999989,-0.0829999968,20210531469653,695,0x10,0x1,20.5,26.0375137,0.0259888656,0.0844206065,5.28843475e-06,30,1.75800002,1
695216100007825,161147158,2459365.9682436166,59365.471585599997,19.1636047,0.0641196594,0,zr,8.9723346999999993,43.561581699999998,1.324,0.0900000036,20210531471574,695,0x10,0x1,20.3600006,26.0440197,0.0244511273,0.0822851062,4.65621542e-06,30,1.73599994,1
695216100007825,161246337,2459366.960090274,59366.463379599998,19.349474,0.073649168,0,zr,8.9722945999999997,43.561510800000001,0.684000015,-0.00999999978,20210601463380,695,0x10,0x1,20.7399998,26.0438995,0.0231824424,0.0803699568,4.25195822e-06,30,1.801,1
695216100007825,161246539,2459366.9621042842,59366.465393500002,19.2976646,0.0708570033,0,zr,8.9722843999999995,43.561473200000002,0.870000005,-0.109999999,20210601465394,695,0x10,0x1,20.8799992,26.0400906,0.0230338648,0.081425339,4.17068395e-06,30,1.77600002,1
695216100007825,161246740,2459366.9641182898,59366.4674074,19.2362137,0.0676830262,0,zr,8.9723515000000003,43.561478899999997,0.338,0.023,20210601467407,695,0x10,0x1,20.7999992,26.0396233,0.0226967316,0.0811183229,4.05339233e-06,30,1.75300002,1
695216100007825,161246942,2459366.9661323037,59366.469421299997,19.1662941,0.0642481148,0,zr,8.9722798000000008,43.561483799999998,0.337000012,-0.0560000017,20210601469421,695,0x10,0x1,20.7199993,26.0376797,0.0234011859,0.0794346109,4.3125915e-06,30,1.73000002,1
695216100007825,161247143,2459366.9681463134,59366.471435200001,19.1438198,0.0631828383,0,zr,8.9722782999999993,43.561475299999998,0.546000004,-0.0659999996,20210601471435,695,0x10,0x1,20.7900009,26.053196,0.0223099012,0.0828033909,3.90130572e-06,30,1.70799994,1
695216100007825,161346251,2459367.9592763097,59367.462511600002,19.2501736,0.0683911145,0,zr,8.9722316000000006,43.561454699999999,1.00999999,-0.0379999988,20210602462500,695,0x10,0x1,20.5300007,26.0425892,0.0267084185,0.0840296075,5.61883962e-06,30,1.778,1
695216100007825,161346451,2459367.9612787142,59367.464513899999,19.3396378,0.0731107593,0,zr,8.9723480000000002,43.561516599999997,0.591000021,-0.0989999995,20210602464502,695,0x10,0x1,20.6299992,26.0260525,0.0236538611,0.083580561,4.39445876e-06,30,1.755,1
695216100007825,161346650,2459367.9632695289,59367.466504600001,19.5804882,0.08746095,0,zr,8.9722746999999998,43.561507800000001,0.546000004,-0.112999998,20210602466493,695,0x10,0x1,20.6000004,26.0229034,0.0227246899,0.0855826139,4.03670811e-06,30,1.73199999,1
695216100007825,161346850,2459367.9652719377,59367.468506899997,19.5006733,0.0824308842,0,zr,8.9723068999999995,43.561512800000003,0.801999986,-0.0280000009,20210602468495,695,0x10,0x1,20.6499996,26.0330982,0.0226430446,0.0815638229,4.0010832e-06,30,1.71000004,1
695216100007825,161347050,2459367.9672744502,59367.470509300001,19.3937988,0.0761245936,0,zr,8.9722840000000001,43.561476599999999,0.449000001,-0.103,20210602470486,695,0x10,0x1,20.7000008,26.0252228,0.0231118109,0.0803473592,4.20156675e-06,30,1.68799996,1
695216100007825,163139123,2459385.8891211604,59385.3912384,18.5705662,0.0416114815,0,zr,8.9722928999999993,43.561486199999997,0.546000004,-0.0209999997,20210620391134,695,0x10,0x1,20.4300003,26.0099468,0.0258489028,0.0886716098,5.29724093e-06,30,2.0940001,1
695216100007825,163343684,2459387.9348658598,59387.436840299997,19.0465794,0.0587837771,0,zr,8.9723342000000006,43.561483699999997,0.725000024,-0.0689999983,20210622436782,695,0x10,0x1,20.7700005,25.9935951,0.020900296,0.0782526657,3.46145498e-06,30,1.49800003,1
695216100007825,163740719,2459391.9055087361,59391.407199100002,20.3781605,0.152925313,0,zr,8.9722624999999994,43.561418199999999,0.961000025,-0.684000015,20210626407188,695,0x10,0x1,20.2900009,26.1075821,0.025389608,0.0787201375,5.10358768e-06,30,1.66600001,1
695216100007825,163944900,2459393.9474636517,59393.449004599999,19.740099,0.0983693078,0,zr,8.9723711999999995,43.561455199999997,0.837000012,-0.0489999987,20210628449005,695,0x10,0x1,20.7999992,26.1191597,0.022587318,0.0800539255,4.04867433e-06,30,1.31400001,1
695216100007825,164539233,2459399.8912427644,59399.392337999998,19.7551346,0.0994561911,32768,zr,8.9725502000000006,43.561467399999998,0.708999991,-0.419,20210704392326,695,0x10,0x1,19.6000004,25.2651005,0.495422781,0.0412804969,0.00229423912,30,1.59800005,1
695216100007825,164744209,2459401.9411566588,59401.442094899998,19.5821419,0.0875681117,0,zr,8.9723302,43.561487300000003,0.691999972,-0.0710000023,20210706442072,695,0x10,0x1,21.0699997,26.1493359,0.0186489113,0.0778276771,2.78350308e-06,30,1.24199998,1
695216100007825,164843374,2459402.9328881726,59402.433749999997,19.5884666,0.0879791602,0,zr,8.9723504999999992,43.561476499999998,0.624000013,0.0149999997,20210707433750,695,0x10,0x1,21.1399994,26.1175976,0.0189959593,0.0822056234,2.86056161e-06,30,1.26699996,2
695216100007825,164942684,2459403.9260552921,59403.426840300002,19.6223164,0.0902091339,0,zr,8.9723235999999993,43.5614913,0.684000015,-0.0350000001,20210708426829,695,0x10,0x1,21.4099998,26.0636101,0.0213906039,0.0819433182,3.64455741e-06,30,1.28799999,1
695216100007825,165046188,2459404.9611819671,59404.461886600002,19.0943565,0.0609030984,0,zr,8.9723360999999997,43.561475299999998,1.31700003,0.0710000023,20210709461806,695,0x10,0x1,21.1200008,25.9504375,0.0199726894,0.0755976513,3.18641014e-06,30,1.13999999,2
695216100007825,165143146,2459405.9308407693,59405.431469900002,18.9615707,0.0552066118,0,zr,8.9722925999999994,43.561466000000003,0.726000011,-0.115000002,20210710431470,695,0x10,0x1,21.25,26.0573082,0.0185919981,0.0811574906,2.73531327e-06,30,1.24100006,1
695216100007825,165445348,2459408.953091322,59408.453483800004,18.8669891,0.0515046269,32768,zr,8.9722974999999998,43.561496499999997,0.538999975,0.0240000002,20210713453472,695,0x10,0x1,20.4300003,25.0798683,0.0606892817,0.0838008896,2.95269165e-05,30,1.13300002,1
695216100007825,165546157,2459409.9612609153,59409.461574100002,19.3575077,0.0740918964,0,zr,8.9722909000000008,43.561471599999997,0.893999994,-0.0850000009,20210714461562,695,0x10,0x1,21.3099995,26.0108166,0.0176268443,0.0801621601,2.47076741e-06,30,1.10399997,2
695216100007825,165642890,2459410.928663502,59410.428900500003,19.1759071,0.0647094622,0,zr,8.9723606999999994,43.561487700000001,0.838999987,-0.0500000007,20210715428889,695,0x10,0x1,21.1299992,25.9580345,0.0188163649,0.0830266774,2.83068221e-06,30,1.19599998,2
695216100007825,165746520,2459411.9650530801,59411.465208299996,19.3908119,0.0759552121,0,zr,8.9723058000000009,43.561469899999999,0.93599999,0.00700000022,20210716465208,695,0x10,0x1,21.3899994,25.9772873,0.0219374895,0.0798944086,3.85853446e-06,30,1.08399999,1
695216100007825,165842899,2459412.9289139784,59412.428993100002,18.9102345,0.0531619899,0,zr,8.9723238999999992,43.561494000000003,1.05700004,-0.0160000008,20210717428993,695,0x10,0x1,21.3600006,26.0134277,0.0227350146,0.0808686018,4.11170095e-06,30,1.176,2
695216100007825,166044987,2459414.9499533609,59414.449872700003,19.079792,0.0602485687,0,zr,8.9723419999999994,43.561466899999999,0.833999991,-0.0520000011,20210719449861,695,0x10,0x1,21.3799992,26.1092014,0.0193534661,0.0730832294,2.96745498e-06,30,1.10000002,2
695216100007825,166141230,2459415.9124599742,59415.412303199999,19.4182243,0.0775233209,0,zr,8.9722801000000008,43.561473499999998,0.211999997,0.0500000007,20210720412303,695,0x10,0x1,21.3999996,26.0764694,0.0188873038,0.0792528242,2.84307157e-06,30,1.20700002,1
695216100007825,166241528,2459416.9155255076,59416.4152894,18.968853,0.0555035472,0,zr,8.9723352999999992,43.561469799999998,0.842999995,0.0769999996,20210721415278,695,0x10,0x1,20.9899998,25.9471607,0.0248699822,0.0734149516,4.8824495e-06,30,1.18599999,2
695216100007825,166440906,2459418.9094562181,59418.409062500003,19.2235184,0.0670455471,0,zr,8.9723562000000001,43.5614992,0.726000011,-0.131999999,20210723409062,695,0x10,0x1,20.1399994,25.9374466,0.0289392918,0.0806397051,6.65772723e-06,30,1.18900001,1
695216100007825,166843121,2459422.9319260656,59422.431215299999,19.8241844,0.104579449,0,zr,8.9723292000000008,43.561491500000002,0.889999986,-0.0520000011,20210727431204,695,0x10,0x1,20.7700005,26.1353931,0.021280624,0.0710809603,3.6128331e-06,30,1.09200001,1
695216100007825,167038975,2459424.8906212458,59424.389756899996,19.8404884,0.105820768,0,zr,8.9723614999999999,43.5614907,0.52700001,-0.0759999976,20210729389757,695,0x10,0x1,20.8700008,26.1057968,0.0214822087,0.0776920989,3.66234235e-06,30,1.199,1
695216100007825,167345500,2459427.9561032606,59427.455000000002,20.6781425,0.17943728,0,zr,8.9722726000000002,43.561462400000003,0.367000014,-0.0979999974,20210801454988,695,0x10,0x1,21.2399998,26.1124611,0.018236367,0.0806540474,2.63444645e-06,30,1.02999997,1
695216100007825,167540412,2459429.9053743281,59429.404120400002,19.5276451,0.0840995461,0,zr,8.9722960999999994,43.561461600000001,0.555999994,-0.061999999,20210803404109,695,0x10,0x1,21.4400005,26.1360512,0.0204639491,0.080747515,3.31165984e-06,30,1.11099994,1
695216100007825,168036766,2459434.8692940772,59434.367661999997,20.1558475,0.132124692,0,zr,8.9723752999999995,43.561485099999999,0.437000006,-0.0659999996,20210808367662,695,0x10,0x1,21.6200008,26.1318398,0.0190176088,0.0784815326,2.90091543e-06,30,1.17999995,1
695216100007825,168238513,2459436.8869219362,59436.385138899997,19.5472393,0.0853316784,0,zr,8.9723137000000008,43.561486700000003,0.708000004,-0.0130000003,20210810385116,695,0x10,0x1,21.6599998,26.0503254,0.0252244957,0.0819526985,5.0178287e-06,30,1.11099994,1
695216100007825,168538929,2459439.8912982699,59439.389294000001,19.3864098,0.0757062808,0,zr,8.9722910000000002,43.561468499999997,1.176,-0.125,20210813389294,695,0x10,0x1,21.3400002,25.9959145,0.0198249705,0.0797742754,3.12721045e-06,30,1.08200002,1
695216100007825,168842998,2459442.9322117395,59442.429988399999,20.1697865,0.133381724,0,zr,8.9723360999999997,43.561485099999999,0.750999987,-0.115999997,20210816429954,695,0x10,0x1,21.2999992,26.0530415,0.0186071135,0.0820923373,2.7572903e-06,30,1.01699996,1
695216100007825,169239385,2459446.8963548308,59446.393854200003,19.4797363,0.0811571553,0,zr,8.9722910999999996,43.561444799999997,0.463,-0.0710000023,20210820393843,695,0x10,0x1,20.6499996,26.1016064,0.0212205835,0.0840184912,3.54666213e-06,30,1.04200006,1
695216100007825,169537023,2459449.8729335316,59449.370231499997,19.5879917,0.0879482701,0,zr,8.9722659,43.561506899999998,0.453000009,-0.112000003,20210823370220,695,0x10,0x1,19.9099998,25.9916439,0.0316849314,0.084412083,7.93853906e-06,30,1.06599998,1
695216100007825,170034346,2459454.8464847025,59454.343460600001,19.8102493,0.10352812,0,zr,8.9723357000000004,43.561507300000002,0.463999987,-0.0710000023,20210828343403,695,0x10,0x1,20.9200001,26.1736259,0.0225924719,0.075404346,4.05614765e-06,30,1.09300005,1
695216100007825,170436540,2459458.868675109,59458.365405099998,19.6014309,0.0888272002,0,zr,8.9723000000000006,43.561504999999997,0.999000013,-0.143999994,20210901365405,695,0x10,0x1,21.3400002,26.1140842,0.017570531,0.0821967945,2.46666946e-06,30,1.03600001,1
695216100007825,170633921,2459460.8425985025,59460.339212999999,19.574131,0.0870500505,0,zr,8.9722916999999995,43.561480600000003,1.13,0.0949999988,20210903339097,695,0x10,0x1,21.1299992,26.1757679,0.0205093548,0.076727584,3.35261711e-06,30,1.06799996,1
695216100007825,171038716,2459464.8907753443,59464.387164400003,20.6361351,0.175983191,0,zr,8.9723647999999994,43.561459499999998,1.07799995,-0.0700000003,20210907387164,695,0x10,0x1,21.3500004,26.1457424,0.0178143345,0.0828025565,2.53309167e-06,30,1.00899994,1
695216100007825,171238296,2459466.886679139,59466.382962999996,20.0438881,0.122303203,0,zr,8.9722936999999998,43.561469799999998,0.610000014,0.057,20210909382951,695,0x10,0x1,21.5300007,26.1484623,0.0178346913,0.0822600946,2.54527595e-06,30,1.00899994,1
695216100007825,171435534,2459468.8591632517,59468.355347199999,19.8375702,0.105597697,0,zr,8.9723032000000007,43.561496699999999,0.521000028,0.0189999994,20210911354907,695,0x10,0x1,21.5499992,26.1402168,0.0183141436,0.0785619318,2.66860934e-06,30,1.01900005,1
695216100007825,171640737,2459470.9112883066,59470.4073727,20.1001472,0.127176002,0,zr,8.9722837999999996,43.5614755,0.878000021,-0.0860000029,20210913407350,695,0x10,0x1,21.4200001,26.1558266,0.0185515154,0.0808127671,2.75774232e-06,30,1.01900005,1
695216100007825,171839018,2459472.894192636,59472.390185199998,20.7738476,0.187306643,0,zr,8.9723132000000003,43.561472899999998,0.883000016,0.0549999997,20210915390174,695,0x10,0x1,21.4099998,26.1701641,0.0177203473,0.0786453485,2.47698972e-06,30,1.01199996,1
695216100007825,172028793,2459474.7920309994,59474.2879398,20.2701378,0.142631739,0,zr,8.9723875,43.561412500000003,1.20000005,0.00300000003,20210917287940,695,0x10,0x1,20.8400002,26.1597481,0.0195953827,0.0734420866,3.06851985e-06,30,1.09500003,1
695216100007825,172323694,2459477.7411575723,59477.2369444,19.7072678,0.096031785,0,zr,8.9722180999999992,43.5615083,0.644999981,0.0149999997,20210920236933,695,0x10,0x1,20.2900009,26.1748409,0.0237689447,0.0786355734,4.50774314e-06,30,1.23199999,1
695216100007825,172535903,2459479.8633340881,59479.359039399998,20.5002975,0.164813995,0,zr,8.9724293999999993,43.561571499999999,0.611999989,0.273999989,20210922358900,695,0x10,0x1,20.3299999,26.1481552,0.0254908558,0.0776679963,5.17555873e-06,30,1.00899994,1
695216100007825,173432783,2459488.8324137437,59488.327835600001,20.1257439,0.129435211,0,zr,8.9723448999999995,43.561499400000002,0.890999973,-0.138999999,20211001327836,695,0x10,0x1,21.2700005,26.1807213,0.0201195963,0.0783758387,3.22346068e-06,30,1.00800002,1
695216100007825,173724153,2459491.7461875072,59491.241539399998,20.4448395,0.15940547,0,zr,8.9723682999999994,43.561472999999999,1.08899999,-0.050999999,20211004241528,695,0x10,0x1,20.9099998,25.9505062,0.0192984361,0.0757712871,2.97890574e-06,30,1.09500003,1
695216100007825,174432790,2459498.8326759972,59498.327905099999,18.9809761,0.0560018346,0,zr,8.9723149000000006,43.561472299999998,0.397000015,-0.00800000038,20211011327905,695,0x10,0x1,21.4099998,26.1698246,0.0220203418,0.0786631554,3.8139051e-06,30,1.01600003,1
695216100007825,174836405,2459502.8688610378,59502.364050900003,19.7260246,0.0973612443,0,zr,8.9723319999999998,43.561535300000003,0.859000027,-0.0930000022,20211015364051,695,0x10,0x1,20.7099991,26.1651211,0.0194926541,0.0798643455,2.98643386e-06,30,1.079,1
695216100007825,176323999,2459517.7447599811,59517.239999999998,19.7672577,0.100340046,0,zr,8.9723141999999996,43.561465900000002,0.999000013,0.00800000038,20211030240000,695,0x10,0x1,21.5900002,26.1969814,0.0236361008,0.0816095024,4.4465296e-06,30,1.00999999,1
695216100007825,176624721,2459520.7519230773,59520.247210599999,19.6360779,0.0911303386,0,zr,8.9723293999999996,43.561484200000002,0.497000009,-0.0270000007,20211102247199,695,0x10,0x1,21.5499992,26.1931763,0.0184387658,0.0816163942,2.66752249e-06,30,1.00899994,1
695216100007825,176830171,2459522.8063858263,59522.301713000001,20.9842701,0.204608679,0,zr,8.9724687000000003,43.5614992,1.12800002,-0.00899999961,20211104301701,695,0x10,0x1,21.4300003,26.1952991,0.0195773486,0.0759327412,3.00562829e-06,30,1.06400001,1
695216100007825,177021483,2459524.7194687151,59524.214838,20.3918495,0.15424946,0,zr,8.9723410999999995,43.561444700000003,0.68900001,0.0209999997,20211106214780,695,0x10,0x1,21.5200005,26.2078056,0.0233047418,0.0764401779,4.29861711e-06,30,1.01199996,1
695216100007825,177215252,2459526.6571060596,59526.152523099998,19.5930405,0.0882775262,0,zr,8.9723304000000006,43.561491099999998,0.342999995,0.0480000004,20211108152523,695,0x10,0x1,21.4200001,26.1989136,0.0238791127,0.0762322694,4.52675522e-06,30,1.08099997,1
695216100007825,177520521,2459529.7097174395,59529.205219900003,20.1276817,0.12960735,0,zr,8.9723685,43.561498899999997,0.894999981,0.0820000023,20211111205220,695,0x10,0x1,21.1000004,26.1967201,0.0185821373,0.0798868537,2.71482259e-06,30,1.00999999,1
695216100007825,177723761,2459531.7420495362,59531.237615700004,19.2015762,0.0659583211,0,zr,8.9723279999999992,43.561472299999998,1.18799996,0.0780000016,20211113237569,695,0x10,0x1,20.8600006,26.1975288,0.0186486412,0.0777804404,2.75567845e-06,30,1.01600003,1
695216100007825,178332962,2459537.8338407236,59537.329629599997,19.4429626,0.0789654851,0,zr,8.9722632999999998,43.561427799999997,0.697000027,0.0170000009,20211119329618,695,0x10,0x1,20.1900005,25.7879581,0.0296923853,0.0744406059,6.89109538e-06,30,1.27999997,1
695216100007825,179615207,2459550.6556682508,59550.152071800003,20.1077614,0.127845436,0,zr,8.9723165999999992,43.561515700000001,0.598999977,-0.123999998,20211202151759,695,0x10,0x1,21.2399998,26.1918125,0.0188092273,0.082706444,2.77698882e-06,30,1.00899994,1
695216100007825,187015717,2459624.6552331485,59624.1571759,19.9191685,0.111979671,0,zr,8.9722750999999992,43.561399399999999,0.597000003,0.171000004,20220214157176,695,0x10,0x1,20.1000004,26.1129875,0.025401298,0.0774801373,5.11188045e-06,30,1.79100001,1
695216100007825,187515844,2459629.6561511396,59629.158449100003,18.877346,0.0518962331,0,zr,8.9724257000000005,43.561469899999999,0.524999976,0.0329999998,20220219158368,695,0x10,0x1,19.6299992,26.0900249,0.0408773944,0.0805126205,1.31496845e-05,30,1.99399996,1
695216100007825,195348355,2459707.9792866525,59707.4835532,18.8714008,0.0516710356,0,zr,8.9719926000000001,43.561692600000001,0.943000019,2.454,20220508483495,695,0x10,0x1,18.9699993,26.0238228,0.0425734334,0.0914931446,1.74201778e-05,30,2.65899992,1
695216100007825,195348597,2459707.9817056851,59707.485972199996,19.0530262,0.0590650924,0,zr,8.9725167999999993,43.561366900000003,0.305000007,0.215000004,20220508485972,695,0x10,0x1,19.1399994,26.013567,0.0431011505,0.0885806903,1.61283206e-05,30,2.59299994,1
695216100007825,195349082,2459707.9865554227,59707.490821799998,18.8152046,0.0495957509,0,zr,8.9724131000000007,43.561453999999998,1.00600004,0.0850000009,20220508490822,695,0x10,0x1,18.8400002,26.02458,0.0437463447,0.0964725316,1.99854148e-05,30,2.47000003,1
695216100007825,195448233,2459708.9780979306,59708.482338000002,18.9025307,0.0528624207,0,zr,8.9723682999999994,43.561450999999998,0.541999996,0.0140000004,20220509482326,695,0x10,0x1,19.6900005,26.0203037,0.0386515446,0.0878447369,1.17276113e-05,30,2.6170001,1
695216100007825,195448476,2459708.9805285018,59708.484768499999,19.0481892,0.0588538684,0,zr,8.9723143000000007,43.561482099999999,0.774999976,-0.0549999997,20220509484757,695,0x10,0x1,19.5799999,26.02005,0.0370670073,0.0920006484,1.07563155e-05,30,2.55299997,1
695216100007825,195448719,2459708.9829591676,59708.487199100004,19.1025696,0.0612755604,0,zr,8.9722895999999999,43.561359600000003,0.683000028,0,20220509487188,695,0x10,0x1,19.5,26.0334625,0.0381000079,0.087402299,1.14197965e-05,30,2.4920001,1
695216100007825,195448962,2459708.9853897505,59708.489629600001,18.9712372,0.0556011572,0,zr,8.9720864000000002,43.561549100000001,0.526000023,-0.00300000003,20220509489630,695,0x10,0x1,19.3799992,26.0350456,0.0384819545,0.0892178714,1.17183863e-05,30,2.43400002,1
695216100007825,195449207,2459708.9878320042,59708.492071799999,18.9519672,0.0548176356,0,zr,8.9722898999999998,43.5613612,0.771000028,-0.230000004,20220509492060,695,0x10,0x1,19.2199993,26.0377579,0.037953712,0.0863281935,1.16573565e-05,30,2.37800002,1
695216100007825,195648211,2459710.9779348886,59710.482118100001,19.046093,0.0587626174,0,zr,8.9722440999999993,43.561497099999997,1.11199999,-0.0219999999,20220511482106,695,0x10,0x1,19.7900009,26.0161095,0.0378459804,0.089476876,1.11523368e-05,30,2.48300004,1
695216100007825,195648696,2459710.9827845367,59710.486967600002,19.1460571,0.0632880554,0,zr,8.9722776999999994,43.561534600000002,0.600000024,0.0520000011,20220511486968,695,0x10,0x1,19.6000004,26.0291309,0.0389809832,0.0905231088,1.18813869e-05,30,2.36999989,1
695216100007825,195649181,2459710.9876341741,59710.491817100003,18.7711239,0.0480338819,0,zr,8.9724277000000008,43.561392900000001,0.768000007,0.0710000023,20220511491817,695,0x10,0x1,19.2199993,26.0399742,0.0458643772,0.0942276418,1.74348061e-05,30,2.26799989,1
695216100007825,195748075,2459711.9765993478,59711.480752299998,19.0023212,0.0568910353,32768,zr,8.9723488000000007,43.561647100000002,0.561999977,0.150000006,20220512480752,695,0x10,0x1,18.8999996,25.9842701,0.0624618344,0.0961330682,4.21660225e-05,30,2.45000005,1
695216100007825,195748312,2459711.9789721337,59711.483124999999,18.9034195,0.0528969057,32768,zr,8.9721481999999995,43.561693200000001,0.405000001,1.12699997,20220512483113,695,0x10,0x1,18.8500004,25.9883156,0.0546333976,0.0958187804,3.13770252e-05,30,2.39499998,1
695216100007825,195748549,2459711.9813448833,59711.4854977,18.986599,0.0562346056,32768,zr,8.9725198000000006,43.561362000000003,0.589999974,0.703999996,20220512485486,695,0x10,0x1,18.8099995,25.9935455,0.0458610877,0.0836953223,2.22752496e-05,30,2.34299994,1
695216100007825,195748785,2459711.9837060696,59711.487858799999,18.9109726,0.0531907752,0,zr,8.9722010999999995,43.561254099999999,0.552999973,0.214000002,20220512487847,695,0x10,0x1,18.9099998,26.0048733,0.0465549268,0.0908224061,2.05767356e-05,30,2.29299998,1
695216100007825,195848138,2459712.9772675014,59712.4813889,19.3467045,0.0734971911,0,zr,8.9723337000000001,43.561482900000001,0.963,0.0209999997,20220513481389,695,0x10,0x1,20.2700005,25.9794693,0.0256825667,0.0849460661,5.15144529e-06,30,2.37299991,1
695216100007825,195848376,2459712.979640271,59712.4837616,19.2614498,0.0689686015,0,zr,8.9725494000000001,43.561508699999997,0.617999971,-0.0970000029,20220513483750,695,0x10,0x1,19.6000004,25.9842224,0.0338483043,0.0885820389,8.92567914e-06,30,2.3210001,1
695216100007825,195848612,2459712.9820014541,59712.4861227,19.3805199,0.0753745437,0,zr,8.9724149999999998,43.561465200000001,0.497000009,0.0489999987,20220513486123,695,0x10,0x1,19.7399998,25.990284,0.032098677,0.0885823667,7.98346264e-06,30,2.27200007,1
695216100007825,195849085,2459712.9867354119,59712.490856500001,19.0371552,0.0583751015,0,zr,8.9723962999999998,43.5614816,0.698000014,-0.186000004,20220513490856,695,0x10,0x1,19.6499996,25.9978065,0.0334750488,0.0885927081,8.80617972e-06,30,2.18000007,1
695216100007825,195948091,2459713.976825743,59713.480914400003,18.7418175,0.0470266864,32768,zr,8.9723813999999997,43.561405399999998,0.698000014,-0.159999996,20220514480903,695,0x10,0x1,18.8400002,25.1821003,0.0518214032,0.0754565522,3.04569421e-05,30,2.32399988,1
695216100007825,195948328,2459713.9791984241,59713.483287000003,19.1062126,0.0614415295,32768,zr,8.9724646999999997,43.5615381,0.697000027,0.231000006,20220514483275,695,0x10,0x1,19.4899998,25.8046913,0.0781801865,0.0734815076,4.84830889e-05,30,2.2750001,1
695216100007825,195948564,2459713.9815596109,59713.485648100002,18.9605522,0.0551651865,0,zr,8.9723289000000008,43.561521200000001,0.411000013,0.0560000017,20220514485648,695,0x10,0x1,19.8999996,26.0209446,0.0292986743,0.0813428536,6.68790926e-06,30,2.227,1
695216100007825,195948802,2459713.9839323908,59713.488020800003,19.1149845,0.0618431009,0,zr,8.9723384999999993,43.561483099999997,0.773999989,-0.101999998,20220514488021,695,0x10,0x1,19.8500004,26.028471,0.0300528798,0.0806193948,7.00972396e-06,30,2.18199992,1
695216100007825,195949038,2459713.9862935725,59713.490381900003,19.1018829,0.0612443238,0,zr,8.9723489999999995,43.561515700000001,0.662999988,-0.0370000005,20220514490382,695,0x10,0x1,19.6200008,26.0373535,0.0328601636,0.082698673,8.45629438e-06,30,2.13899994,1
695216100007825,196048024,2459714.9761884026,59714.480243099999,19.2149487,0.0666187257,0,zr,8.9722855999999993,43.561538400000003,0.512000024,0.00700000022,20220515480232,695,0x10,0x1,19.8199997,26.0582695,0.0325713977,0.0852541551,8.33787271e-06,30,2.2809999,1
695216100007825,196048266,2459714.978607377,59714.482662000002,18.9626579,0.0552508421,0,zr,8.9724432000000007,43.561378099999999,0.638000011,-0.00700000022,20220515482662,695,0x10,0x1,19.7800007,26.0648518,0.0340827443,0.0796090513,9.18851947e-06,30,2.23200011,1
695216100007825,196048509,2459714.9810380754,59714.4850926,18.8507881,0.0508986413,0,zr,8.9722749999999998,43.561540999999998,0.381000012,-0.112999998,20220515485081,695,0x10,0x1,19.7199993,26.0698967,0.0335464068,0.0775537938,8.94507957e-06,30,2.18600011,1
695216100007825,196048751,2459714.9834571579,59714.487511599997,19.1322422,0.0626412928,0,zr,8.9723056999999997,43.5614694,0.593999982,0.0299999993,20220515487512,695,0x10,0x1,19.6299992,26.0505085,0.0366071239,0.0773951858,1.05687432e-05,30,2.14199996,1
695216100007825,196048994,2459714.9858877421,59714.489942100001,19.0329437,0.0581935123,0,zr,8.9723728000000005,43.561511699999997,0.842000008,-0.0900000036,20220515489931,695,0x10,0x1,19.5799999,26.0581608,0.0346480049,0.08442083,9.49949936e-06,30,2.09899998,1
695216100007825,196447603,2459718.9721230646,59718.476030099999,18.8220768,0.0498444214,0,zr,8.9722606000000003,43.561484800000002,0.560000002,-0.0810000002,20220519476030,695,0x10,0x1,20.2000008,26.0140114,0.0270644706,0.0798856318,5.7529046e-06,30,2.15199995,1
695216100007825,196447839,2459718.9744842607,59718.478391199998,18.9088478,0.053107895,0,zr,8.9722735999999994,43.561554899999997,0.566999972,-0.050999999,20220519478391,695,0x10,0x1,20.0499992,26.0058537,0.0268507507,0.0841585398,5.64086804e-06,30,2.1099999,1
695216100007825,196448075,2459718.9768454507,59718.480752299998,18.903801,0.0529117063,0,zr,8.9723349999999993,43.561472299999998,0.805000007,0.0759999976,20220519480752,695,0x10,0x1,20.1100006,26.0188217,0.0279957615,0.0825842321,6.20991204e-06,30,2.06999993,1
695216100007825,196448311,2459718.9792066482,59718.483113399998,18.9308968,0.0539746769,0,zr,8.9722819000000005,43.561475199999997,0.526000023,-0.0680000037,20220519483102,695,0x10,0x1,20.0200005,26.0269222,0.0272541866,0.0801858678,5.84551117e-06,30,2.0309999,1
695216100007825,196448546,2459718.9815563452,59718.485462999997,18.8764172,0.0518609844,0,zr,8.9722538000000007,43.561527900000002,0.455000013,-0.111000001,20220519485463,695,0x10,0x1,19.8199997,26.0284061,0.031498827,0.0804042742,7.80647315e-06,30,1.99399996,1
695216100007825,196547606,2459719.9721976472,59719.476064800001,19.1701984,0.0644350648,0,zr,8.9723700999999991,43.561482400000003,0.753000021,-0.103,20220520476065,695,0x10,0x1,19.5200005,26.0454388,0.0367226861,0.090938054,1.05905665e-05,30,2.10299993,1
695216100007825,196548078,2459719.9769200454,59719.480787,18.9742298,0.0557239652,0,zr,8.9723006999999999,43.5614451,1.04900002,-0.138999999,20220520480775,695,0x10,0x1,19.3899994,26.0573864,0.0384537391,0.087067984,1.18841444e-05,30,2.0250001,1
695216100007825,196548313,2459719.9792697611,59719.4831366,19.1436443,0.0631746054,0,zr,8.9719859999999994,43.561543299999997,0.565999985,0.0460000001,20220520483137,695,0x10,0x1,19.2700005,26.052887,0.0385796614,0.0909338817,1.20403729e-05,30,1.98800004,1
695216100007825,196548549,2459719.9816309297,59719.4854977,18.757412,0.0475595929,0,zr,8.9725484000000009,43.561555499999997,0.66900003,-0.0500000007,20220520485486,695,0x10,0x1,19.1200008,26.0594425,0.0397537053,0.0867268518,1.33281228e-05,30,1.95299995,1
695216100007825,196647465,2459720.9708266314,59720.474652800003,19.2059746,0.0661747679,0,zr,8.9723023000000008,43.561472999999999,0.416000009,0.0560000017,20220521474641,695,0x10,0x1,20.3600006,26.0586948,0.0238631442,0.087669611,4.48805349e-06,30,2.07999992,1
695216100007825,196647657,2459720.9727480095,59720.476574100001,19.2630081,0.0690488443,0,zr,8.9723644999999994,43.561469000000002,0.758000016,-0.142000005,20220521476551,695,0x10,0x1,20.4799995,26.0607548,0.0228373967,0.0836202055,4.09725499e-06,30,2.04900002,1
695216100007825,196647893,2459720.9751092112,59720.478935200001,19.1243286,0.0622739755,0,zr,8.9723561000000007,43.561497299999999,1.01300001,-0.179000005,20220521478924,695,0x10,0x1,20.5,26.0620098,0.022874333,0.0846138895,4.10302664e-06,30,2.01099992,1
695216100007825,196648130,2459720.977482012,59720.481307900001,18.9408436,0.0543708056,0,zr,8.9723518999999996,43.561496599999998,1.07599998,-0.191,20220521481296,695,0x10,0x1,20.4899998,26.0644283,0.0239949264,0.0847031474,4.53569282e-06,30,1.97399998,1
695216100007825,196648369,2459720.9798663137,59720.483692100002,19.1534176,0.0636354759,0,zr,8.9723380000000006,43.561481000000001,0.48300001,-0.0710000023,20220521483669,695,0x10,0x1,20.3099995,26.0671177,0.0248444527,0.0797247961,4.84333214e-06,30,1.93900001,1
695216100007825,196747386,2459721.97008168,59721.473865699998,19.1281815,0.0624525361,0,zr,8.9722785999999992,43.561447299999998,0.617999971,0.0250000004,20220522473854,695,0x10,0x1,20.4599991,26.0607338,0.0239916705,0.0812080652,4.48713126e-06,30,2.0480001,1
695216100007825,196747623,2459721.9724544818,59721.476238399999,19.2452431,0.0681401566,0,zr,8.9723308999999993,43.561488900000001,0.777999997,0.129999995,20220522476227,695,0x10,0x1,20.5400009,26.0578728,0.0222134143,0.0833332315,3.85649673e-06,30,2.00999999,1
695216100007825,196747862,2459721.9748388869,59721.4786227,19.0639668,0.0595458299,0,zr,8.9723203999999992,43.561529899999996,0.694000006,-0.0560000017,20220522478600,695,0x10,0x1,20.5300007,26.0655098,0.0227203369,0.0856619775,4.03828835e-06,30,1.97399998,1
695216100007825,196748098,2459721.9772000881,59721.4809838,19.1601334,0.0639542416,0,zr,8.9723398000000003,43.561481200000003,0.301999986,-0.0719999969,20220522480972,695,0x10,0x1,20.3199997,26.0747337,0.0244236439,0.0849121064,4.68792177e-06,30,1.93900001,1
695216100007825,196748335,2459721.9795728913,59721.483356500001,19.1142082,0.0618074611,0,zr,8.9723579000000004,43.561512499999999,1.07000005,-0.0590000004,20220522483345,695,0x10,0x1,20.0200005,26.0767784,0.0286454428,0.0812045038,6.42271698e-06,30,1.90499997,1
695216100007825,196947351,2459723.9698222103,59723.473518500003,19.1574059,0.063824594,0,zr,8.9723523000000007,43.561516099999999,0.67900002,0.0329999998,20220524473472,695,0x10,0x1,20.5,26.0378265,0.0229449887,0.0793216228,4.15103796e-06,30,1.96800005,1
695216100007825,196947590,2459723.9722066261,59723.475902799997,19.2320023,0.0674708635,0,zr,8.9722267999999996,43.5615004,0.556999981,-0.061999999,20220524475880,695,0x10,0x1,20.1900005,26.0384483,0.028296018,0.0850211531,6.28963426e-06,30,1.93400002,1
695216100007825,196948063,2459723.9769406384,59723.480636599998,19.0085373,0.0571528301,0,zr,8.9723181000000007,43.561494099999997,1.33399999,-0.0350000001,20220524480625,695,0x10,0x1,20.4500008,26.048893,0.0235425308,0.0812957957,4.37387689e-06,30,1.86800003,1
695216100007825,196948300,2459723.9793134509,59723.483009299998,19.0752621,0.0600465052,0,zr,8.9722547000000006,43.561507599999999,0.967000008,-0.138999999,20220524482998,695,0x10,0x1,19.8700008,26.0546455,0.0307275485,0.0830695182,7.39315965e-06,30,1.83700001,1
695216100007825,197047474,2459724.9710947117,59724.474745400003,19.0949364,0.0609293506,0,zr,8.9723281999999998,43.561474699999998,1.01100004,-0.0599999987,20220525474711,695,0x10,0x1,20.7199993,26.0402031,0.0231389869,0.0852754638,4.22407675e-06,30,1.91100001,1
695216100007825,197047711,2459724.9734675228,59724.477118100003,18.9923954,0.0564756207,0,zr,8.9723311999999993,43.561481299999997,0.114,0.00600000005,20220525477106,695,0x10,0x1,20.6000004,26.0505981,0.0234990157,0.0810105205,4.36010669e-06,30,1.87800002,1
695216100007825,197047949,2459724.9758402375,59724.479490700003,18.9996853,0.0567803606,0,zr,8.9722770999999995,43.561481200000003,0.783999979,-0.0680000037,20220525479479,695,0x10,0x1,20.3600006,26.0549068,0.0282439422,0.0785489306,6.33237278e-06,30,1.847,1
695216100007825,197048186,2459724.9782130471,59724.481863399997,19.109684,0.0616001263,0,zr,8.9723054999999992,43.561480000000003,0.671999991,-0.116999999,20220525481852,695,0x10,0x1,20.25,26.0629673,0.0260721054,0.0795829222,5.42667794e-06,30,1.81700003,1
695216100007825,197048423,2459724.980585855,59724.484236099997,19.1364765,0.0628387928,0,zr,8.9723723,43.5614627,0.444999993,0.103,20220525484225,695,0x10,0x1,19.8999996,26.0747738,0.0301408377,0.0810394138,7.20633398e-06,30,1.78799999,1
695216100007825,197546357,2459729.9601690113,59729.463576399998,19.194685,0.0656206086,0,zr,8.9722801000000008,43.561467200000003,1.34099996,-0.128999993,20220530463576,695,0x10,0x1,20.7000008,26.0764332,0.0213135201,0.0885511711,3.54888243e-06,30,1.87699997,1
695216100007825,197546555,2459729.9621483083,59729.4655556,19.1338501,0.0627162308,0,zr,8.972391,43.561464999999998,0.722000003,-0.0759999976,20220530465544,695,0x10,0x1,20.4599991,26.0795689,0.0230954848,0.0881982893,4.20661854e-06,30,1.85099995,1
695216100007825,197546752,2459729.9641159158,59729.4675231,19.0458565,0.0587523393,0,zr,8.9723085999999999,43.561492800000003,1.19400001,-0.0879999995,20220530467523,695,0x10,0x1,20.5699997,26.087534,0.0233038235,0.0838292241,4.2778629e-06,30,1.82599998,1
695216100007825,197546950,2459729.966095218,59729.469502300002,19.062603,0.0594856814,0,zr,8.9723267999999994,43.561480199999998,0.699999988,-0.0260000005,20220530469502,695,0x10,0x1,20.7800007,26.0892963,0.0222122706,0.0855914503,3.86546844e-06,30,1.801,1
695216100007825,197646342,2459730.9600703944,59730.463425900001,19.4623032,0.0801109746,0,zr,8.9723237000000005,43.561485099999999,0.537,-0.061999999,20220531463426,695,0x10,0x1,21.1399994,26.0920143,0.018907357,0.086764358,2.80270319e-06,30,1.84300005,1
695216100007825,197646535,2459730.9620033982,59730.4653588,19.3013496,0.0710520446,0,zr,8.9723097999999997,43.561489399999999,0.825999975,-0.108000003,20220531465347,695,0x10,0x1,21.2399998,26.0970516,0.0191867556,0.084769614,2.89044738e-06,30,1.81799996,1
695216100007825,197646728,2459730.963924801,59730.467280099998,19.1775875,0.0647904873,0,zr,8.9723059000000003,43.561487999999997,0.588999987,0.0289999992,20220531467280,695,0x10,0x1,21.2099991,26.0962601,0.0191829428,0.0846872479,2.89339505e-06,30,1.79499996,1
695216100007825,197646921,2459730.9658578029,59730.469212999997,19.2358036,0.0676623359,0,zr,8.9723159999999993,43.561476999999996,0.703000009,-0.0599999987,20220531469213,695,0x10,0x1,21.1200008,26.1005116,0.0196076185,0.0853805393,2.99681665e-06,30,1.77199996,1
695216100007825,197647114,2459730.9677907065,59730.471145800002,19.1958828,0.0656791925,0,zr,8.9723079000000006,43.5614518,0.569999993,-0.0240000002,20220531471134,695,0x10,0x1,21.1299992,26.102581,0.0196250323,0.0832569823,3.01735599e-06,30,1.74899995,1
695216100007825,197746204,2459731.9587459206,59731.462048599999,19.3329792,0.0727485344,0,zr,8.9723003000000006,43.5614378,0.708999991,-0.0379999988,20220601462049,695,0x10,0x1,20.4500008,26.0785332,0.0276215486,0.0855234936,5.98196903e-06,30,1.82599998,1
695216100007825,197746407,2459731.9607715341,59731.464074099997,19.1774178,0.0647822693,0,zr,8.9722449999999991,43.561488400000002,0.197999999,-0,20220601464062,695,0x10,0x1,20.4300003,26.0869389,0.0240096096,0.0819891244,4.50619791e-06,30,1.801,1
695216100007825,197746608,2459731.9627855369,59731.466088000001,19.3295326,0.0725616738,0,zr,8.9723570000000006,43.561463600000003,0.319999993,-0.0170000009,20220601466088,695,0x10,0x1,20.6200008,26.0860977,0.0215534177,0.0813248977,3.6080321e-06,30,1.77600002,1
695216100007825,197746811,2459731.9648110489,59731.468113399998,19.2098293,0.0663651079,0,zr,8.9723258000000001,43.561518100000001,0.614000022,0.00300000003,20220601468113,695,0x10,0x1,20.4400005,26.0903873,0.0256005544,0.0828365237,5.14577778e-06,30,1.75300002,1
695216100007825,197747013,2459731.9668366588,59731.470138899997,19.2245617,0.0670976937,0,zr,8.9723234000000005,43.5615065,1.72000003,-0.00100000005,20220601470139,695,0x10,0x1,20.3899994,26.0921268,0.0243165772,0.07900621,4.69520228e-06,30,1.73000002,1
695216100007825,197846133,2459732.9580821698,59732.461330999999,19.2398434,0.0678664371,0,zr,8.9722989000000002,43.561507200000001,0.405999988,-0.0309999995,20220602461319,695,0x10,0x1,20.7700005,26.0763245,0.0215732157,0.0746834129,3.68151609e-06,30,1.801,1
695216100007825,197846333,2459732.9600845808,59732.463333300002,19.214426,0.0665928051,0,zr,8.9722928999999993,43.561494699999997,0.787999988,-0.0879999995,20220602463322,695,0x10,0x1,20.9899998,26.0788975,0.020716114,0.0769225657,3.40351949e-06,30,1.77699995,1
695216100007825,197846533,2459732.9620869909,59732.465335599998,19.2574139,0.0687613785,0,zr,8.9722971999999999,43.5614572,0.703000009,-0.0909999982,20220602465324,695,0x10,0x1,20.9500008,26.0779057,0.0206743032,0.0809020847,3.37729671e-06,30,1.75300002,1
695216100007825,197846733,2459732.9640895007,59732.467338000002,19.1984024,0.0658025444,0,zr,8.9723191999999994,43.561499300000001,0.958000004,0.00800000038,20220602467326,695,0x10,0x1,20.8999996,26.0748825,0.0204769596,0.0784252807,3.32411719e-06,30,1.73000002,1
695216100007825,197846934,2459732.9660919127,59732.469340299998,19.1830559,0.0650547966,0,zr,8.9722936000000004,43.561504399999997,0.890999973,-0.0219999999,20220602469329,695,0x10,0x1,20.8500004,26.07654,0.0226967167,0.0814622268,4.08466212e-06,30,1.70799994,1
695216100007825,201038718,2459764.8860731414,59764.387187499997,19.6310692,0.0907941237,0,zr,8.9723293999999996,43.561503899999998,1.00300002,-0.119000003,20220704387176,695,0x10,0x1,21.0100002,26.1275063,0.0184041392,0.0825181305,2.67141013e-06,30,1.65400004,1
695216100007825,201239153,2459766.8905783379,59766.3915394,20.0285263,0.120995507,0,zr,8.9723346999999993,43.561479300000002,0.651000023,-0.0839999989,20220706391539,695,0x10,0x1,21.1000004,26.1347752,0.020703733,0.0756631345,3.4071611e-06,30,1.56200004,1
695216100007825,201836643,2459772.8659378379,59772.366435199998,19.8856544,0.109322205,0,zr,8.9723206999999991,43.561498399999998,0.455000013,0.0759999976,20220712366354,695,0x10,0x1,20.3199997,26.0922947,0.0231494606,0.0753894821,4.30449882e-06,30,1.64300001,1
695216100007825,201846326,2459772.9627741841,59772.463263899997,19.8381615,0.10564287,0,zr,8.9723284999999997,43.561483899999999,0.541999996,-0.061999999,20220712463252,695,0x10,0x1,20.9899998,26.1350498,0.0190093685,0.0739733279,2.92662276e-06,30,1.11600006,1
695216100007825,202036744,2459774.8671017424,59774.367442100003,20.2394028,0.139763027,0,zr,8.9722038000000008,43.561467800000003,0.633000016,-0.31400001,20220714367431,695,0x10,0x1,20.1499996,26.067276,0.0253722128,0.070904538,5.11015514e-06,30,1.58299994,2
695216100007825,202141461,2459775.914360167,59775.414618100003,20.1884613,0.13507691,0,zr,8.9723690000000005,43.561453700000001,0.469000012,0.0329999998,20220715414595,695,0x10,0x1,20.4699993,26.1265469,0.0243909955,0.0665258765,4.95005679e-06,30,1.25800002,1
695216100007825,202146144,2459775.9611925762,59775.4614468,20.0814438,0.125541642,0,zr,8.9723900000000008,43.561506399999999,0.522000015,-0.104999997,20220715461447,695,0x10,0x1,20.6800003,26.1217899,0.0229325257,0.0700887963,4.19624348e-06,30,1.10000002,1
695216100007825,202443422,2459778.9342048629,59778.434224500001,19.6317482,0.0908395946,0,zr,8.9723365000000008,43.5614499,1.30499995,-0.196999997,20220718434213,695,0x10,0x1,20.6399994,26.092865,0.0221928079,0.0707135051,3.99702913e-06,30,1.15199995,1
695216100007825,202444530,2459778.9452821403,59778.445300899999,20.1626511,0.132737368,0,zr,8.9723524000000001,43.561501700000001,0.291000009,-0.075000003,20220718445278,695,0x10,0x1,20.6299992,26.1018219,0.0241982508,0.0705209672,4.69652014e-06,30,1.12,1
695216100007825,202841104,2459782.9113366166,59782.411041699997,19.625576,0.0904266238,0,zr,8.9723070000000007,43.561478000000001,0.646000028,-0.104999997,20220722411007,695,0x10,0x1,20.7800007,25.8838329,0.0235901345,0.0777873769,4.43382396e-06,30,1.19400001,1
695216100007825,203045210,2459784.9525627978,59784.452106500001,20.4477444,0.159689456,0,zr,8.9723649000000005,43.561511299999999,0.559000015,0.0419999994,20220724452049,695,0x10,0x1,21.6299992,26.1110992,0.0238231141,0.0789745301,4.59002194e-06,30,1.06799996,1
695216100007825,203238773,2459786.8883405132,59786.387731499999,20.2230759,0.138251469,0,zr,8.9723924000000004,43.5614779,1.35000002,-0.00700000022,20220726387708,695,0x10,0x1,21.3500004,26.0882568,0.0234204587,0.0678566471,4.46269269e-06,30,1.24399996,1
695216100007825,203442922,2459788.9299941449,59788.429224500003,19.8689709,0.10801813,0,zr,8.9723912000000006,43.561492000000001,0.485000014,-0.0659999996,20220728429213,695,0x10,0x1,21.1900005,26.1023617,0.0188898277,0.0637371615,2.94263668e-06,30,1.09200001,1
695216100007825,204044861,2459794.9498494682,59794.448611100001,19.6933594,0.0950561538,32768,zr,8.9723699999999997,43.561522699999998,1.28900003,-0.231999993,20220803448600,695,0x10,0x1,20.6900005,25.6229591,0.025367666,0.0826435909,5.0792105e-06,30,1.03199995,1
695216100007825,204445202,2459798.9535697354,59798.452025500002,19.6069527,0.0891906768,0,zr,8.9723216000000008,43.561511199999998,0.870000005,-0.119000003,20220807452014,695,0x10,0x1,21.2800007,26.1386127,0.0208403803,0.0874169469,3.45693388e-06,30,1.01900005,1
695216100007825,204746702,2459801.9687959864,59801.467025500002,19.5007591,0.0824361444,0,zr,8.9722702999999999,43.561456800000002,0.654999971,0.0179999992,20220810467026,695,0x10,0x1,21.4400005,26.154438,0.0187379066,0.0777871832,2.79649362e-06,30,1.00899994,1
695216100007825,204938430,2459803.8862178219,59803.384305599997,19.4225731,0.0777749866,0,zr,8.9723406000000008,43.561466500000002,0.961000025,-0.127000004,20220812384306,695,0x10,0x1,20.5699997,26.1380024,0.0249587223,0.0787405297,5.02797093e-06,30,1.10099995,1
695216100007825,205442357,2459808.9258522536,59808.423576399997,19.9491062,0.114395767,0,zr,8.9723407000000002,43.5614639,0.361999989,0.0390000008,20220817423565,695,0x10,0x1,20.9899998,26.1266785,0.0252109598,0.0766092315,5.1205966e-06,30,1.01999998,1
695216100007825,205938114,2459813.8837647056,59813.381145799998,19.3412838,0.0732006058,0,zr,8.9723129000000004,43.561487100000001,0.683000028,-0.0520000011,20220822381146,695,0x10,0x1,21.4799995,26.1208286,0.0174212717,0.0801597983,2.4366916e-06,30,1.05299997,1
695216100007825,206138947,2459815.8922323608,59815.389479199999,20.1152344,0.128504515,0,zr,8.9722977000000004,43.561482599999998,0.546999991,-0.0399999991,20220824389468,695,0x10,0x1,21.4899998,26.1086349,0.0190559085,0.0802915618,2.94691313e-06,30,1.03400004,1
695216100007825,206347634,2459817.9792321017,59817.476342599999,19.649334,0.092025727,0,zr,8.9722957999999995,43.561465400000003,0.492000014,0.00700000022,20220826476331,695,0x10,0x1,21.6100006,26.0920296,0.0201044828,0.079194434,3.22188544e-06,30,1.03799999,1
695216100007825,206547135,2459819.9743708628,59819.471354200003,19.7579155,0.0996583551,0,zr,8.9723193000000006,43.561527400000003,1.98599994,0.0179999992,20220828471273,695,0x10,0x1,21.6100006,26.1316528,0.021744363,0.0811828896,3.74769911e-06,30,1.03799999,1
695216100007825,206846696,2459822.9701690264,59822.466967599998,19.5397758,0.0848603621,0,zr,8.9723208999999997,43.561470100000001,0.444999993,-0.0299999993,20220831466968,695,0x10,0x1,21.3500004,26.1404705,0.0182074402,0.0795091391,2.62317303e-06,30,1.04299998,1
695216100007825,207243072,2459826.9341629148,59826.430729200001,19.6243687,0.090346016,0,zr,8.9723175000000008,43.561532800000002,0.703999996,-0.119999997,20220904430694,695,0x10,0x1,21.4400005,26.1060715,0.0190049149,0.0836368725,2.85774581e-06,30,1.01699996,1
695216100007825,208930614,2459843.8103912137,59843.306145800001,19.0678139,0.0597158447,0,zr,8.9722974999999998,43.5615229,1.41100001,-0.166999996,20220921306123,695,0x10,0x1,21.2199993,26.1766624,0.0200139452,0.0844291076,3.17962576e-06,30,1.04299998,1
695216100007825,209242387,2459846.9282376277,59846.423877300003,18.9744396,0.0557325818,0,zr,8.9723170000000003,43.56147,0.662999988,0.0179999992,20220924423877,695,0x10,0x1,21.1499996,26.1699657,0.0182453338,0.076186724,2.65012318e-06,30,1.08200002,1
695216100007825,209434221,2459848.8466357347,59848.3422106,20.2366085,0.139503703,0,zr,8.9723100000000002,43.561494799999998,1.09000003,-0.131999999,20220926342211,695,0x10,0x1,21.5,26.1652889,0.0234996974,0.078426525,4.39409814e-06,30,1.00800002,1
695216100007825,209627623,2459850.780724172,59850.276238400002,19.7054596,0.0959044322,0,zr,8.9722685999999996,43.561487900000003,0.38499999,-0.0260000005,20220928276227,695,0x10,0x1,21.3700008,26.153017,0.0184629057,0.0843908116,2.77803065e-06,30,1.05999994,1
695216100007825,209832534,2459852.8298920272,59852.3253472,19.4976425,0.0822453052,0,zr,8.9723129999999998,43.561506999999999,1.32799995,-0.0199999996,20220930325336,695,0x10,0x1,21.4500008,26.1693916,0.0169045161,0.0850064531,2.28636713e-06,30,1.00899994,1
695216100007825,210030082,2459854.8054184113,59854.300821800003,19.0731354,0.059951894,0,zr,8.9723228000000006,43.561479200000001,1.90999997,0.0970000029,20221002300787,695,0x10,0x1,21.5900002,26.1789093,0.0234852564,0.0731899887,4.41758584e-06,30,1.01800001,1
695216100007825,210229653,2459856.8011831376,59856.296539399998,18.8196964,0.0497581214,0,zr,8.9723140000000008,43.561489299999998,0.26699999,0.0370000005,20221004296505,695,0x10,0x1,21.1599998,26.148632,0.0188391618,0.081712164,2.8231982e-06,30,1.01699996,1
695216100007825,210429560,2459858.8002875661,59858.295601899998,18.9800758,0.0559646711,0,zr,8.9723249999999997,43.561509299999997,0.335999995,-0.0189999994,20221006295544,695,0x10,0x1,20.8099995,26.1477661,0.0219157524,0.0851348862,3.85477733e-06,30,1.01400006,1
695216100007825,210622302,2459860.7277418347,59860.223020799996,19.3251877,0.072326906,0,zr,8.9723117000000006,43.561484900000004,0.871999979,-0.160999998,20221008223009,695,0x10,0x1,20.4799995,26.1474113,0.0246596653,0.0733679458,4.85358441e-06,30,1.11600006,1
695216100007825,210831031,2459862.8150662491,59862.310312499998,19.0079842,0.0571294799,0,zr,8.9723290000000002,43.561480099999997,0.354000002,-0.0540000014,20221010310312,695,0x10,0x1,20.2999992,26.1645241,0.0251495633,0.080427371,5.02383409e-06,30,1.00800002,1
695216100007825,211234876,2459866.8535618186,59866.348761599998,19.1098042,0.0616056398,0,zr,8.9723257000000007,43.561482400000003,0.925000012,-0.112999998,20221014348762,695,0x10,0x1,20.6900005,26.1487408,0.0214775093,0.0870002583,3.65986034e-06,30,1.046,1
695216100007825,211719656,2459871.7013888932,59871.196562500001,19.1751347,0.0646722689,0,zr,8.9723425999999993,43.561515800000002,1.02199996,0.0130000003,20221019196551,695,0x10,0x1,20.9699993,26.1649017,0.0180065464,0.0765405446,2.57757983e-06,30,1.10699999,1
695216100007825,211918072,2459873.6855568835,59873.180729200001,18.8493576,0.0508455224,0,zr,8.9723251000000008,43.561478100000002,0.690999985,-0.0140000004,20221021180671,695,0x10,0x1,21.0100002,26.1458797,0.021452304,0.0761798918,3.61738512e-06,30,1.13399994,1
695216100007825,212334734,2459877.8521619528,59877.3473495,18.775856,0.0481988452,0,zr,8.9723096000000009,43.561483099999997,1.62300003,-0.0500000007,20221025347350,695,0x10,0x1,21.2399998,26.1606808,0.0185361002,0.0799847841,2.67547898e-06,30,1.10000002,1
695216100007825,212528608,2459879.7908850829,59879.286088000001,19.2413864,0.0679445192,0,zr,8.9723275999999998,43.561512700000002,0.782999992,-0.107000001,20221027286088,695,0x10,0x1,21.1100006,26.1556911,0.0192085896,0.0818225965,2.86492627e-06,30,1.01699996,1
695216100007825,212727931,2459881.7840928761,59881.279317100001,19.4184818,0.0775382146,0,zr,8.9723064000000008,43.5614645,0.954999983,-0.0860000029,20221029279317,695,0x10,0x1,21.2900009,26.1586475,0.0181754194,0.0817962065,2.55933855e-06,30,1.01600003,1
695216100007825,212930626,2459883.8110100203,59883.306261600002,19.6449165,0.0917265192,0,zr,8.9723167999999998,43.561475999999999,0.486000001,-0.0540000014,20221031306250,695,0x10,0x1,21.1299992,26.1630383,0.0181425139,0.0810425803,2.56980411e-06,30,1.05200005,1
695216100007825,213432050,2459888.825165737,59888.3205093,19.276165,0.0697296709,32768,zr,8.9724301000000004,43.561455100000003,0.560000002,-0.215000004,20221105320509,695,0x10,0x1,18.9799995,25.5522652,0.0409002639,0.080451034,1.62312117e-05,30,1.10800004,1
695216100007825,214028435,2459894.7888547052,59894.284351900002,19.2517109,0.0684695914,0,zr,8.9724038000000004,43.561518100000001,0.477999985,-0.0209999997,20221111284340,695,0x10,0x1,20.2399998,26.1591854,0.0251571089,0.0816444606,4.92306663e-06,30,1.06599998,1
695216100007825,214230193,2459896.8063730556,59896.301932900002,19.1213303,0.0621353947,0,zr,8.9722624,43.561460199999999,0.980000019,0.0160000008,20221113301887,695,0x10,0x1,20.6700001,26.1423244,0.0200215448,0.0786195248,3.13600549e-06,30,1.11699998,1
695216100007825,214624241,2459900.746721644,59900.242419000002,19.1002502,0.0611701198,0,zr,8.9723539999999993,43.561537399999999,1.42400002,0.47299999,20221117242407,695,0x10,0x1,19.7399998,26.1664104,0.0354439728,0.0821932033,9.76684987e-06,30,1.02900004,1
695216100007825,214816415,2459902.6683835057,59902.164155099999,19.3059196,0.0712946504,0,zr,8.9723390999999992,43.561458600000002,0.330000013,-0.0419999994,20221119164155,695,0x10,0x1,20.9500008,26.1631126,0.0183594767,0.0788612068,2.60446518e-06,30,1.02199996,1
695216100007825,215019748,2459904.7016332326,59904.197488400001,18.6323624,0.043475993,0,zr,8.9723532000000006,43.561515800000002,0.704999983,-0.063000001,20221121197488,695,0x10,0x1,20.9500008,26.1612206,0.0220618919,0.0868152827,3.78309642e-06,30,1.00899994,1
695216100007825,215215326,2459906.6573235621,59906.1532639,19.6661625,0.0931738019,0,zr,8.9723231999999999,43.561483500000001,0.709999979,-0.0689999983,20221123153241,695,0x10,0x1,21.2199993,26.1771355,0.0213576928,0.0824192539,3.58483339e-06,30,1.02199996,1
695216100007825,215618087,2459910.6847495199,59910.180879599997,19.3230629,0.0722123161,0,zr,8.9723542999999992,43.561495100000002,1.25800002,-0.108000003,20221127180868,695,0x10,0x1,20.9400005,26.1771145,0.0188764632,0.0826520994,2.79739652e-06,30,1.00899994,1
695216100007825,215916532,2459913.6690414362,59913.165324100002,19.3355484,0.0728880838,0,zr,8.9722922999999994,43.561497699999997,0.815999985,-0.0260000005,20221130165324,695,0x10,0x1,21.0400009,26.1696587,0.0188470092,0.0833498463,2.77033359e-06,30,1.00800002,1
695216100007825,216813165,2459922.6348575545,59922.131655099998,20.1701279,0.13341257,0,zr,8.9724277000000008,43.561440300000001,0.589999974,0.0769999996,20221209131296,695,0x10,0x1,20.3600006,26.1734142,0.0238159541,0.0793267712,4.38453708e-06,30,1.00999999,1
695216100007825,217417768,2459928.6804973162,59928.177685199997,19.0600338,0.0593724921,0,zr,8.9722463999999995,43.561511899999999,0.634000003,-0.0529999994,20221215177685,695,0x10,0x1,20.7399998,26.1073208,0.0201329663,0.081084013,3.13557348e-06,30,1.04400003,1
695216100007825,217822733,2459932.7298715874,59932.227337999997,19.292469,0.0705828667,32768,zr,8.9723187000000006,43.561541900000002,1.00100005,-0.197999999,20221219227338,695,0x10,0x1,20.6800003,26.1506672,0.0223849434,0.0839625075,3.86755073e-06,30,1.19099998,1
695216100007825,218024395,2459934.7463485692,59934.243958300001,18.9443283,0.0545103811,0,zr,8.9723436000000003,43.561467800000003,0.486999989,-0.0350000001,20221221243947,695,0x10,0x1,20.8600006,26.1342697,0.0214007013,0.0864163041,3.56516603e-06,30,1.28499997,1
695216100007825,218219686,2459936.6991122197,59936.1968634,19.5480709,0.0853843689,0,zr,8.9723161000000005,43.561483500000001,1.16999996,-0.0370000005,20221223196863,695,0x10,0x1,21.1399994,26.11022,0.0199534968,0.0801530778,3.09105076e-06,30,1.12800002,1
695216100007825,219726418,2459951.7652776469,59951.2641898,18.896637,0.052634526,0,zr,8.9724284999999995,43.561502400000002,0.925000012,0.172999993,20230107264178,695,0x10,0x1,19.0699997,26.0875263,0.04383507,0.0940995216,1.62661399e-05,30,1.82200003,1
695216100007825,220213917,2459956.6398728313,59956.139178199999,18.7760563,0.0482058413,0,zr,8.9723202000000004,43.5615782,1.00600004,-0.0350000001,20230112139167,695,0x10,0x1,19.9099998,26.1190395,0.0299963579,0.0880910009,7.00069131e-06,30,1.12,1
695216100007825,220414195,2459958.6424877341,59958.141955999999,18.983448,0.0561040454,0,zr,8.9722551999999993,43.561506600000001,1.06500006,-0.155000001,20230114141956,695,0x10,0x1,20.5900002,26.164505,0.0219943468,0.0866595507,3.76403796e-06,30,1.14300001,1
695216100007825,221313858,2459967.638385145,59967.138588000002,19.070118,0.05981794,0,zr,8.9724807000000002,43.561538400000003,0.811999977,0.197999999,20230123138484,695,0x10,0x1,19.6399994,26.1412296,0.0369709469,0.0852503628,1.06350371e-05,30,1.21700001,1
695216100007825,221514421,2459969.6438469803,59969.144213,19.6667328,0.0932129025,0,zr,8.9721907000000005,43.561620400000002,1.27199996,-0.00600000005,20230125144213,695,0x10,0x1,19.9500008,26.152998,0.0294564888,0.0840929076,6.70510781e-06,30,1.26499999,1
695216100007825,222612145,2459980.620217029,59980.121458299996,19.1876926,0.0652797595,0,zr,8.9722977000000004,43.561495899999997,0.870000005,-0.057,20230205121447,695,0x10,0x1,20.3999996,26.1437607,0.0250466596,0.0849382505,4.90750153e-06,30,1.301,1
695216100007825,222818475,2459982.6833560201,59982.184756900002,18.8984795,0.0527056679,0,zr,8.9723956999999999,43.561638899999998,0.882000029,0.165000007,20230207184745,695,0x10,0x1,19.0400009,26.0773582,0.0425163358,0.0855078101,1.62274009e-05,30,1.88999999,1
695216100007825,223011148,2459984.609933516,59984.111481499996,19.2913494,0.0705239624,0,zr,8.9722629999999999,43.561614800000001,0.674000025,-0.150999993,20230209111470,695,0x10,0x1,20.1000004,26.1274853,0.0342318527,0.0759198889,9.12825817e-06,30,1.30599999,1
695216100007825,224017442,2459994.6721400069,59994.174421299998,19.0121861,0.057307139,0,zr,8.9724492999999992,43.561427500000001,1.26999998,-0.261000007,20230219174329,695,0x10,0x1,19.5300007,25.9702015,0.0441113077,0.0900806487,1.51363902e-05,30,2.26300001,1
695216100007825,231848486,2460072.9805880222,60072.484861099998,19.2831116,0.0700919628,0,zr,8.9723438000000009,43.561493300000002,0.583000004,0.0430000015,20230508484850,695,0x10,0x1,19.7399998,25.9731903,0.0314574726,0.0879457742,7.73237025e-06,30,2.64199996,1
695216100007825,231848723,2460072.9829607811,60072.487233799999,19.4158649,0.0773871318,0,zr,8.9724208999999995,43.5614773,0.741999984,0.0979999974,20230508487222,695,0x10,0x1,19.6299992,25.9789371,0.0328998715,0.0901374146,8.53757501e-06,30,2.57800007,1
695216100007825,231848959,2460072.985321945,60072.489594899998,19.406538,0.0768509954,0,zr,8.9723497999999999,43.561425399999997,1.00699997,-0.0960000008,20230508489595,695,0x10,0x1,19.7199993,25.9866028,0.0339449756,0.0881818011,8.92118442e-06,30,2.51699996,1
695216100007825,231849196,2460072.9876947114,60072.491967599999,19.3291817,0.0725427046,0,zr,8.9722957000000001,43.561470200000002,0.676999986,-0.173999995,20230508491968,695,0x10,0x1,19.5300007,25.9892406,0.0349606089,0.0931991786,9.66562311e-06,30,2.45900011,1
695216100007825,231949108,2460073.9868412199,60073.491088000002,19.2108898,0.0664175972,0,zr,8.9727794000000003,43.561340600000001,0.899999976,-0.414999992,20230509491076,695,0x10,0x1,19.1700001,25.8499241,0.0408639312,0.0943449363,1.44360283e-05,30,2.41599989,1
695216100007825,232148224,2460075.978054489,60075.482245400002,19.2483902,0.0683002397,0,zr,8.9722624,43.561445399999997,0.841000021,-0.0549999997,20230511482245,695,0x10,0x1,20.0300007,25.9744911,0.0306415409,0.0911471173,7.34518426e-06,30,2.49600005,1
695216100007825,232148709,2460075.9829041311,60075.487094900003,19.3144283,0.071748659,0,zr,8.9724503999999996,43.5615728,0.326999992,-0.0820000023,20230511487095,695,0x10,0x1,19.7399998,25.987524,0.0348517336,0.0935378298,9.51199127e-06,30,2.3829999,1
695216100007825,232149195,2460075.98776539,60075.491955999998,19.1814041,0.0649748147,0,zr,8.9721238000000003,43.561489399999999,1.37399995,-0.479000002,20230511491944,695,0x10,0x1,19.4400005,26.003458,0.0393223092,0.086985752,1.23691607e-05,30,2.27900004,1
695216100007825,232248143,2460076.9772741906,60076.481435200003,19.2576962,0.068775855,0,zr,8.9723299999999995,43.5614664,0.662,0.023,20230512481424,695,0x10,0x1,20.3700008,25.9585838,0.0247357097,0.0885668769,4.7965018e-06,30,2.45000005,1
695216100007825,232248380,2460076.9796469654,60076.483807899996,19.1289005,0.062485911,0,zr,8.9723360999999997,43.561465900000002,0.514999986,-0.0780000016,20230512483796,695,0x10,0x1,20.2900009,25.9787312,0.026655376,0.0821731463,5.60426588e-06,30,2.39499998,1
695216100007825,232248618,2460076.9820197416,60076.486180599997,19.4828453,0.0813450962,0,zr,8.9723310000000005,43.561516599999997,0.42899999,-0.119999997,20230512486169,695,0x10,0x1,20.1800003,25.9767208,0.026157422,0.0845035464,5.34659966e-06,30,2.34299994,1
695216100007825,232248855,2460076.984392419,60076.488553199997,19.4066639,0.0768582374,0,zr,8.9722457000000002,43.561484200000002,0.280000001,-0.0390000008,20230512488542,695,0x10,0x1,20.0300007,25.9875393,0.0290132537,0.0857449919,6.57790952e-06,30,2.29299998,1
695216100007825,232249091,2460076.9867536915,60076.490914399998,18.9738731,0.0557093285,0,zr,8.9722685999999996,43.5614542,0.479999989,-0.148000002,20230512490914,695,0x10,0x1,19.8400002,25.9986057,0.0315297768,0.0864398703,7.77777404e-06,30,2.24499989,1
695216100007825,232347996,2460077.9758354193,60077.479965300001,19.2819977,0.0700337067,0,zr,8.9723029000000007,43.561453999999998,0.634000003,-0.136999995,20230513479965,695,0x10,0x1,20.2000008,25.9596634,0.0347149074,0.0783427507,9.49313289e-06,30,2.421,1
695216100007825,232348233,2460077.9782081973,60077.482338000002,19.4163437,0.0774147809,0,zr,8.9723506999999998,43.561538400000003,0.60799998,-0.130999997,20230513482338,695,0x10,0x1,20.2099991,25.9600277,0.0275812186,0.0876462609,5.92558899e-06,30,2.3670001,1
695216100007825,232348471,2460077.9805808761,60077.484710600002,19.2939758,0.0706622526,0,zr,8.9722942999999997,43.561493300000002,0.252999991,-0.00200000009,20230513484711,695,0x10,0x1,20.1299992,25.9676609,0.0266506076,0.084620975,5.49422884e-06,30,2.31599998,1
695216100007825,232348708,2460077.9829536546,60077.487083300002,19.4469776,0.0792019814,0,zr,8.9722460000000002,43.561440500000003,0.300000012,0.0529999994,20230513487072,695,0x10,0x1,20.0400009,25.9756565,0.0293145813,0.0846489295,6.65816287e-06,30,2.26699996,1
695216100007825,232348945,2460077.9853264331,60077.489456000003,19.4756756,0.0809123293,0,zr,8.9722936000000004,43.561547400000002,0.625,-0.156000003,20230513489456,695,0x10,0x1,19.8600006,25.9873466,0.0300444011,0.0814069435,7.02837042e-06,30,2.22000003,1
695216100007825,232448070,2460078.9766085586,60078.480706000002,19.460022,0.0799750835,0,zr,8.9723422999999993,43.5615478,0.760999978,0.00200000009,20230514480706,695,0x10,0x1,20.1200008,25.9605026,0.0291516315,0.0813260525,6.67584345e-06,30,2.34299994,1
695216100007825,232448545,2460078.9813541221,60078.485451400004,19.2795238,0.0699046105,0,zr,8.9722916000000001,43.561558099999999,0.665000021,0.0209999997,20230514485440,695,0x10,0x1,20.1000004,25.9730358,0.0302581843,0.0859716609,7.2565399e-06,30,2.24499989,1
695216100007825,232448781,2460078.9837152949,60078.487812500003,19.6740303,0.0937149376,0,zr,8.9724105999999999,43.561481200000003,0.407000005,0.116999999,20230514487813,695,0x10,0x1,20.0400009,25.9815445,0.0317439102,0.0791273639,7.90094145e-06,30,2.19899988,1
695216100007825,232449018,2460078.986088085,60078.490185199997,19.3985348,0.07639388,0,zr,8.9722226999999997,43.561517199999997,0.716000021,-0.141000003,20230514490185,695,0x10,0x1,19.9099998,25.9890347,0.0327651687,0.0797721669,8.44225542e-06,30,2.15499997,1
695216100007825,232548035,2460079.9762949948,60079.4803588,19.6496372,0.0920463502,0,zr,8.9722415000000009,43.561523800000003,0.317999989,0.0560000017,20230515480359,695,0x10,0x1,20.3199997,25.9981041,0.0288175847,0.0794560462,6.54679889e-06,30,2.29299998,1
695216100007825,232548278,2460079.9787256718,60079.482789399997,19.6140289,0.0896584541,0,zr,8.9723811999999992,43.561445599999999,0.375999987,0.0340000018,20230515482778,695,0x10,0x1,20.0599995,25.9994984,0.0310937501,0.0819905102,7.66190988e-06,30,2.24300003,1
695216100007825,232548763,2460079.9835753441,60079.487638899998,19.6211281,0.0901299715,0,zr,8.9723410999999995,43.561445800000001,0.744000018,-0.305000007,20230515487639,695,0x10,0x1,19.9200001,26.0015926,0.030115569,0.0871308148,7.16331397e-06,30,2.15199995,1
695216100007825,232549006,2460079.9860059279,60079.490069400003,19.2608337,0.0689369664,0,zr,8.9723880000000005,43.561463099999997,0.463999987,-0.0170000009,20230515490058,695,0x10,0x1,19.7099991,26.0103111,0.0317081809,0.0809639171,7.91173989e-06,30,2.10899997,1
695216100007825,232848645,2460082.982502942,60082.486458300002,20.2442284,0.140211463,0,zr,8.9723907000000001,43.561516300000001,1.00100005,-0.435000002,20230518486447,695,0x10,0x1,20.1599998,25.9905281,0.0267839041,0.080515869,5.72201498e-06,30,2.03200006,1
695216100007825,232947664,2460083.9727262268,60083.476643499998,20.4672756,0.161600322,0,zr,8.9722679000000003,43.561454599999998,0.851999998,0.0170000009,20230519476644,695,0x10,0x1,20.6800003,25.9425278,0.0256496724,0.0796186998,5.21191441e-06,30,2.15300012,1
695216100007825,232947901,2460083.9750990239,60083.479016199999,20.6772346,0.179362655,0,zr,8.9722170000000006,43.561443799999999,0.566999972,-0.208000004,20230519479005,695,0x10,0x1,20.6900005,25.9495106,0.0211252458,0.0798497647,3.58155876e-06,30,2.11100006,1
695216100007825,232948136,2460083.9774486283,60083.481365699998,20.4102097,0.156030893,0,zr,8.9720443999999997,43.561527599999998,0.742999971,-0.0419999994,20230519481366,695,0x10,0x1,20.5,25.9464893,0.0235957615,0.083920449,4.39943051e-06,30,2.0710001,1
695216100007825,232948372,2460083.9798099152,60083.483726899998,20.3043175,0.145855516,0,zr,8.9721712,43.561477199999999,0.676999986,-0.244000003,20230519483715,695,0x10,0x1,20.3700008,25.9576015,0.024227323,0.0808719099,4.6828045e-06,30,2.03200006,1
695216100007825,232948608,2460083.9821711159,60083.486087999998,20.4506645,0.159974933,0,zr,8.9720742999999992,43.561552300000002,0.666000009,-0.202999994,20230519486076,695,0x10,0x1,20.2399998,25.9639473,0.0263036769,0.0791220814,5.49382185e-06,30,1.995,1
695216100007825,233147569,2460085.9718575212,60085.475694399996,20.0098495,0.119418949,0,zr,8.9723194999999993,43.561461799999996,0.574999988,-0.0879999995,20230521475683,695,0x10,0x1,20.6100006,25.9862137,0.0253490582,0.0805502981,5.09533766e-06,30,2.07399988,1
695216100007825,233147759,2460085.9737558044,60085.4775926,20.2156124,0.137563556,0,zr,8.9722915000000008,43.561542799999998,0.947000027,-0.354000002,20230521477581,695,0x10,0x1,20.4899998,25.9789944,0.0272879228,0.0806593671,5.89684851e-06,30,2.04299998,1
695216100007825,233147996,2460085.9761286029,60085.479965300001,20.3775654,0.152867973,0,zr,8.9723123000000005,43.561514899999999,1.00600004,0.0610000007,20230521479954,695,0x10,0x1,20.5699997,25.9789581,0.0235752277,0.0830682144,4.43654608e-06,30,2.00500011,1
695216100007825,233148471,2460085.980874104,60085.484710600002,20.3939877,0.154456645,0,zr,8.9723164000000004,43.561548299999998,0.658999979,-0.411000013,20230521484687,695,0x10,0x1,20.2099991,25.9953938,0.028505886,0.0840777308,6.4509195e-06,30,1.93400002,1
695216100007825,233347752,2460087.9737713332,60087.477523100002,20.6255989,0.175116897,0,zr,8.9723629000000003,43.5614907,0.551999986,-0.261999995,20230523477500,695,0x10,0x1,20.75,26.0227528,0.0207424536,0.0790486932,3.42359135e-06,30,1.96000004,1
695216100007825,233348462,2460087.9808781543,60087.484629600003,20.1431732,0.130988091,0,zr,8.9722720000000002,43.561468499999997,0.773999989,-0.294,20230523484618,695,0x10,0x1,20.3199997,26.0333385,0.0256997813,0.0810208023,5.25978066e-06,30,1.86000001,1
695216100007825,233447554,2460088.9718363532,60088.475544000001,20.2689648,0.142521694,0,zr,8.9723021999999997,43.561478899999997,0.754000008,-0.101999998,20230524475509,695,0x10,0x1,20.7099991,26.0214558,0.0205111317,0.0884941667,3.32824516e-06,30,1.949,1
695216100007825,233447792,2460088.9742206642,60088.477928200002,20.2906914,0.144566312,0,zr,8.9722597999999998,43.561444799999997,0.810000002,-0.00499999989,20230524477905,695,0x10,0x1,20.4500008,26.0291862,0.022871701,0.0834276453,4.13062753e-06,30,1.91400003,1
695216100007825,233448030,2460088.9765934646,60088.480300900002,20.4106102,0.156069845,0,zr,8.9724170999999995,43.5614828,0.654999971,0.126000002,20230524480289,695,0x10,0x1,20.4300003,26.0271168,0.023721166,0.0839163885,4.45259184e-06,30,1.88199997,1
695216100007825,233448267,2460088.9789662738,60088.482673600003,20.2191811,0.137892112,0,zr,8.9723959000000004,43.561497000000003,0.640999973,0.185000002,20230524482662,695,0x10,0x1,20.4200001,26.0346928,0.024335878,0.084833838,4.65922403e-06,30,1.85000002,1
695216100007825,233448504,2460088.98133909,60088.485046299997,19.9148769,0.111636564,0,zr,8.9722554999999993,43.561486500000001,0.405999988,-0.0780000016,20230524485035,695,0x10,0x1,20.0799999,26.0343933,0.0263095964,0.086203143,5.39736402e-06,30,1.82000005,1
695216100007825,233547443,2460089.9707705113,60089.474432900002,20.2848625,0.144016385,0,zr,8.9723427999999998,43.561488400000002,0.709999979,-0.26699999,20230525474398,695,0x10,0x1,20.7700005,25.9965439,0.0213434473,0.0837809369,3.56039459e-06,30,1.92499995,1
695216100007825,233547680,2460089.9731433177,60089.476805600003,20.058115,0.123523086,0,zr,8.9724257999999999,43.561502699999998,0.690999985,-0.0599999987,20230525476794,695,0x10,0x1,20.75,25.9957981,0.0217355061,0.0878121853,3.69568033e-06,30,1.89199996,1
695216100007825,233548155,2460089.9778888398,60089.481550899996,19.9889164,0.117669858,0,zr,8.9723910999999994,43.561391999999998,0.963999987,-0.257999986,20230525481539,695,0x10,0x1,20.2999992,26.0156193,0.0240749791,0.0846923888,4.56498947e-06,30,1.83000004,1
695216100007825,233548392,2460089.9802616523,60089.483923599997,19.8669758,0.107862994,0,zr,8.9723883000000004,43.561498,0.883000016,-0.303000003,20230525483900,695,0x10,0x1,20.0599995,26.0176792,0.0271426812,0.0839125812,5.78233039e-06,30,1.79999995,1
695216100007825,233647343,2460090.9698214629,60090.473437499997,19.6097488,0.0893752798,0,zr,8.9723903000000007,43.561483299999999,0.465000004,-0.0299999993,20230526473380,695,0x10,0x1,20.3299999,26.0396576,0.0239896588,0.0903970152,4.52236009e-06,30,1.90100002,1
695216100007825,233647818,2460090.9745670971,60090.478182899999,19.3482456,0.0735817477,0,zr,8.9722609000000002,43.561469899999999,0.526000023,-0.0299999993,20230526478171,695,0x10,0x1,20.2099991,26.0481625,0.0258948989,0.0873635039,5.28521559e-06,30,1.83800006,1
695216100007825,233648055,2460090.9769399082,60090.480555599999,19.1955605,0.0656633899,0,zr,8.9722957999999995,43.5614402,1.07799995,-0.217999995,20230526480544,695,0x10,0x1,20.0300007,26.0494652,0.0264912825,0.0855919048,5.45994362e-06,30,1.80799997,1
695216100007825,233946321,2460093.9597466514,60093.463217600001,20.051199,0.122929163,0,zr,8.9722331999999998,43.561459200000002,0.351999998,-0.0410000011,20230529463206,695,0x10,0x1,20.8600006,26.0149632,0.0212321486,0.0877312496,3.53901078e-06,30,1.92900002,1
695216100007825,233946518,2460093.961714346,60093.465185200002,19.9566994,0.115014918,0,zr,8.9723302,43.561472799999997,0.819999993,-0.103,20230529465185,695,0x10,0x1,21.1399994,26.0124607,0.0191530772,0.0862873495,2.89250738e-06,30,1.90199995,1
695216100007825,233946715,2460093.9636820448,60093.467152800004,20.0062561,0.119117379,0,zr,8.9723612999999993,43.561488699999998,1.05599999,0.0149999997,20230529467153,695,0x10,0x1,21.1499996,26.0160217,0.0192510318,0.0866153911,2.90111029e-06,30,1.875,1
695216100007825,233947108,2460093.9676174484,60093.471087999998,19.7072678,0.096031785,0,zr,8.9723068999999995,43.561470700000001,0.330000013,0.0350000001,20230529471088,695,0x10,0x1,21.0400009,26.0240364,0.0197733138,0.0854697376,3.08473454e-06,30,1.824,1
695216100007825,234046178,2460094.9583619772,60094.461782400002,19.6420441,0.0915323719,0,zr,8.9722939000000004,43.561449600000003,1.148,-0.075000003,20230530461771,695,0x10,0x1,21.1299992,26.0568523,0.0191881247,0.0827928483,2.9054554e-06,30,1.91100001,1
695216100007825,234046375,2460094.9603296751,60094.463750000003,19.6757851,0.0938360095,0,zr,8.9723755000000001,43.561485500000003,0.73299998,0.101000004,20230530463750,695,0x10,0x1,21.1100006,26.0565929,0.0185541399,0.0852921605,2.71641966e-06,30,1.88399994,1
695216100007825,234046572,2460094.962308981,60094.465729199997,19.5877686,0.0879336819,0,zr,8.9723143000000007,43.561460400000001,0.884000003,0.00700000022,20230530465718,695,0x10,0x1,21.1299992,26.0565758,0.0192904882,0.0870660841,2.93412677e-06,30,1.85800004,1
695216100007825,234046769,2460094.9642766831,60094.467696799999,19.4196377,0.0776050538,0,zr,8.9723248000000009,43.5614828,0.880999982,-0.0460000001,20230530467685,695,0x10,0x1,21.1200008,26.0614491,0.0190629624,0.0853796899,2.86671457e-06,30,1.83200002,1
695216100007825,234046966,2460094.9662443846,60094.4696644,19.4182968,0.0775275305,0,zr,8.9723384999999993,43.5614901,0.264999986,-0.0199999996,20230530469653,695,0x10,0x1,21.1399994,26.0631065,0.0182140861,0.084672682,2.60174647e-06,30,1.80700004,1
695216100007825,234346262,2460097.959364749,60097.462627300003,19.944912,0.114054918,0,zr,8.9723863000000001,43.561528299999999,1.31200004,-0.157000005,20230602462604,695,0x10,0x1,20.4500008,26.0227757,0.0235064253,0.0854299366,4.33172681e-06,30,1.79299998,1
695216100007825,234346462,2460097.9613671619,60097.464629599999,19.3992882,0.0764368027,0,zr,8.9723372000000001,43.561475600000001,0.890999973,-0.0909999982,20230602464606,695,0x10,0x1,20.7000008,26.0171509,0.021460792,0.0866518617,3.6119568e-06,30,1.76900005,1
695216100007825,234346663,2460097.9633695707,60097.466631900003,19.5612144,0.0862207189,0,zr,8.9723602000000007,43.561499499999996,0.768000007,-0.0209999997,20230602466620,695,0x10,0x1,20.8600006,26.0220852,0.0229350775,0.0872896016,4.11835617e-06,30,1.74600005,1
695216100007825,234346863,2460097.9653720842,60097.468634299999,19.4101677,0.0770592242,0,zr,8.9723021000000003,43.561477400000001,0.856999993,-0.128999993,20230602468623,695,0x10,0x1,20.8299999,26.0290432,0.0200239308,0.0834483728,3.15691364e-06,30,1.72399998,1
695216100007825,234347063,2460097.967374498,60097.470636600003,19.3923473,0.07604222,0,zr,8.9722402999999993,43.561485900000001,0.721000016,-0.0829999968,20230602470613,695,0x10,0x1,20.8799992,26.0312176,0.0205770992,0.0827647373,3.31444971e-06,30,1.70200002,1
695216100007825,237044902,2460124.9475234682,60124.449027800001,18.6954842,0.0454837382,0,zr,8.9723357999999998,43.561484900000004,1.13399994,-0.158999994,20230629449016,695,0x10,0x1,21.2199993,26.1030712,0.0190731939,0.0812027976,2.84212979e-06,30,1.30700004,1
695216100007825,237940827,2460133.9074497772,60133.408275499998,18.9523735,0.0548339933,0,zr,8.9722945999999997,43.561458600000002,0.779999971,-0.0549999997,20230708408275,695,0x10,0x1,20.8099995,26.1424961,0.0193987619,0.0813579038,2.99223598e-06,30,1.40100002,1
695216100007825,238146250,2460135.9618336805,60135.462500000001,18.9439316,0.0544944629,0,zr,8.9723246999999997,43.561475799999997,0.60799998,-0.0460000001,20230710462488,695,0x10,0x1,20.9500008,26.1705246,0.0183571875,0.0731337294,2.67793234e-06,30,1.13499999,1
695216100007825,238446030,2460138.9598689536,60138.460300899998,19.2258644,0.0671628863,32768,zr,8.9722889000000006,43.5615004,0.418000013,-0.0810000002,20230713460127,695,0x10,0x1,20.2199993,25.3044567,0.0657440424,0.0789316818,3.43827851e-05,30,1.11800003,1
695216100007825,239038751,2460144.8875470823,60144.387511599998,19.1589832,0.063899532,0,zr,8.9723428999999992,43.5614876,0.750999987,0.0350000001,20230719387500,695,0x10,0x1,21.4099998,26.1421337,0.0213538613,0.0740475655,3.70573025e-06,30,1.34500003,1
695216100007825,239240510,2460146.9052993683,60146.405104199999,18.7692947,0.0479703099,0,zr,8.9723512999999997,43.561484399999998,1.05599999,-0.0790000036,20230721405104,695,0x10,0x1,21.2199993,26.1444626,0.0201041736,0.0712359324,3.29667387e-06,30,1.23099995,1
695216100007825,239245304,2460146.9532429897,60146.453044000002,19.359108,0.0741803646,0,zr,8.9723278999999998,43.561456399999997,0.884000003,-0.00800000038,20230721453044,695,0x10,0x1,21.4899998,26.1556644,0.0204921011,0.0755864233,3.39446547e-06,30,1.08299994,1
695216100007825,239446333,2460148.9636913477,60148.463333300002,19.3054943,0.0712720752,32768,zr,8.9722840000000001,43.561435000000003,0.513999999,0.00999999978,20230723463322,695,0x10,0x1,20.1599998,25.0979176,0.042619437,0.083840847,1.44682735e-05,30,1.05400002,1
695216100007825,239645148,2460150.9519966049,60150.4514815,19.4711399,0.0806396678,0,zr,8.9723752999999995,43.561468499999997,0.744000018,-0.050999999,20230725451435,695,0x10,0x1,21.2999992,26.1205864,0.0170580056,0.0735769197,2.36485971e-06,30,1.06500006,1
695216100007825,239945739,2460153.9581475486,60153.457395799996,19.5974731,0.0885675102,16,zr,8.9723378,43.561472000000002,1.26300001,0.00800000038,20230728457396,695,0x10,0x1,21.4599991,26.1207962,0.0208476279,0.0827246755,3.51320818e-06,30,1.04299998,1
695216100007825,240237938,2460156.8803668818,60156.379386599998,18.8360119,0.050352972,32768,zr,8.9723319000000004,43.561517299999998,1.26800001,0.0309999995,20230731379375,695,0x10,0x1,19.1700001,26.1229763,0.044526536,0.0808667168,1.9359024e-05,30,1.22399998,1
695216100007825,240643576,2460160.9370581531,60160.435763900001,19.5398846,0.0848672092,0,zr,8.9723314999999992,43.561483099999997,0.635999978,-0.119000003,20230804435752,695,0x10,0x1,20.7800007,26.1725845,0.0209470857,0.0829819217,3.48210756e-06,30,1.046,1
695216100007825,240940431,2460163.9058379219,60163.404317100001,18.9622154,0.0552327931,0,zr,8.9723766999999999,43.561477699999998,0.675999999,0.0790000036,20230807404317,695,0x10,0x1,20.9799995,26.1696758,0.0186362695,0.0726341382,2.79091341e-06,30,1.08800006,1
695216100007825,241444745,2460168.9493515915,60168.447453699999,19.1201038,0.0620787852,0,zr,8.9722968999999999,43.561476900000002,1.574,-0.0829999968,20230812447442,695,0x10,0x1,21.6100006,26.163023,0.0187740438,0.0831840187,2.78063499e-06,30,1.01400006,1
695216100007825,241640638,2460170.9084300622,60170.406388900003,18.8618126,0.0513101071,0,zr,8.9723191999999994,43.561491599999997,1.20299995,-0.0970000029,20230814406366,695,0x10,0x1,21.5100002,26.1364422,0.0188075807,0.0792224109,2.83448935e-06,30,1.04900002,1
695216100007825,241945362,2460173.9558826354,60173.453622699999,18.8582153,0.0511754602,0,zr,8.9723141999999996,43.5614864,0.875,-0.00400000019,20230817453565,695,0x10,0x1,21.2700005,26.1563091,0.0172584485,0.0814722776,2.36538608e-06,30,1.00800002,1
695216100007825,242446378,2460178.9663919583,60178.463784699998,18.5842876,0.0420170948,0,zr,8.9723509000000004,43.561528899999999,1.06200004,-0.0329999998,20230822463681,695,0x10,0x1,21.3099995,26.1536865,0.0238171089,0.0835308433,4.85084547e-06,30,1.01499999,1
695216100007825,242845270,2460182.9555796119,60182.452708299999,18.6778297,0.0449113883,0,zr,8.9723006000000005,43.561498,0.662,0.00200000009,20230826452662,695,0x10,0x1,21.3099995,26.1760635,0.0179176908,0.0843259618,2.54870884e-06,30,1.01499999,1
695216100007825,243047155,2460184.9745512004,60184.471550900002,18.5997162,0.0424788184,0,zr,8.9723112,43.561497699999997,0.758000016,0.0240000002,20230828471551,695,0x10,0x1,21.25,26.1621304,0.0184051059,0.0818384141,2.68668782e-06,30,1.03799999,1
695216100007825,243241254,2460186.9156675152,60186.412546300002,18.9361382,0.0541830249,0,zr,8.9722931999999993,43.561467700000001,0.896000028,-0.114,20230830412546,695,0x10,0x1,20.5300007,26.1642513,0.0220077746,0.081569992,3.86582269e-06,30,1.00899994,1
695216100007825,244032428,2460194.8278622553,60194.324282399997,18.4304199,0.0377304628,0,zr,8.9723232999999993,43.561494000000003,1.14999998,-0.105999999,20230907324271,695,0x10,0x1,21.25,26.1728096,0.019021254,0.0815491602,2.89108971e-06,30,1.079,1
695216100007825,244234413,2460196.8478193823,60196.344131899998,18.5447159,0.0408601314,0,zr,8.9723018999999997,43.561492800000003,1.06299996,-0.0909999982,20230909344109,695,0x10,0x1,21.5499992,26.118042,0.0222662669,0.0811414272,3.96357473e-06,30,1.03699994,1
695216100007825,244645255,2460200.9564513424,60200.452557899996,18.5900116,0.0421876684,0,zr,8.9723287999999997,43.5614901,0.938000023,-0.0460000001,20230913452558,695,0x10,0x1,21.2700005,26.1606522,0.0179676432,0.0846925005,2.56719204e-06,30,1.07799995,1
695216100007825,244832100,2460202.8249880476,60202.321006899998,18.4598293,0.0385065898,0,zr,8.9723631000000008,43.561473399999997,1.46700001,-0.0719999969,20230915320995,695,0x10,0x1,21.1499996,26.1432686,0.0172642618,0.0731357485,2.34753179e-06,30,1.046,1
695216100007825,245038812,2460204.8921986385,60204.388124999998,18.7703133,0.0480056889,0,zr,8.9722904999999997,43.561495399999998,0.85799998,-0.0350000001,20230917388079,695,0x10,0x1,21.6299992,26.1540718,0.0184349287,0.0820721239,2.64813116e-06,30,1.01300001,1
695216100007825,245242902,2460206.933187949,60206.429027799997,18.4517136,0.038290441,0,zr,8.9723348000000005,43.561481499999999,0.755999982,0.00100000005,20230919429016,695,0x10,0x1,21.3799992,26.1719513,0.0182168968,0.0760150477,2.62892627e-06,30,1.06400001,1
695216100007825,245530613,2460209.8104081275,60209.306134300001,18.6469631,0.043930959,0,zr,8.9723319999999998,43.561529700000001,0.54400003,-0.0710000023,20230922306134,695,0x10,0x1,20.5900002,25.9427261,0.0221604165,0.0878844261,3.89109937e-06,30,1.03999996,1
695216100007825,245838386,2460212.8882500916,60212.383865700001,18.5649967,0.041448202,0,zr,8.9722939999999998,43.561480899999999,0.811999977,-0.0240000002,20230925383854,695,0x10,0x1,21.5,26.1786137,0.0215452481,0.0772001743,3.63203458e-06,30,1.02499998,1
695216100007825,246030822,2460214.8126768013,60214.308229200004,18.3742294,0.0363013409,0,zr,8.9723033000000001,43.561482499999997,0.507000029,-0.0460000001,20230927308218,695,0x10,0x1,20.6100006,26.1875992,0.0205909666,0.0745808706,3.32884042e-06,30,1.023,1
695216100007825,246248614,2460216.9906592774,60216.486145800001,18.6249905,0.0432484075,0,zr,8.9723421999999999,43.561515200000002,0.551999986,-0.074000001,20230929486146,695,0x10,0x1,19.8700008,26.1425152,0.0295375641,0.0857848004,6.89276021e-06,30,1.36600006,1
695216100007825,246731851,2460221.8231567293,60221.318518499997,18.5366707,0.0406296849,0,zr,8.9723406000000008,43.561475399999999,1.02900004,0.0149999997,20231004318333,695,0x10,0x1,20.6000004,26.1604519,0.0214047041,0.0840226859,3.56585247e-06,30,1.00899994,1
695216100007825,246922214,2460223.7268201606,60223.2221412,19.0162048,0.0574775822,0,zr,8.9722864999999992,43.561465900000002,1.09200001,0.0120000001,20231006222130,695,0x10,0x1,20.7800007,26.150898,0.0207935032,0.0776556879,3.44584646e-06,30,1.13499999,1
695216100007825,247228631,2460226.7910538288,60226.286319400002,18.4177551,0.0374022573,0,zr,8.9723086999999992,43.561469099999997,1.49699998,-0.0769999996,20231009286319,695,0x10,0x1,21.3899994,26.1620941,0.0264595766,0.0768918172,5.57064686e-06,30,1.01499999,1
695216100007825,247429561,2460228.800377294,60228.295613399998,18.4765816,0.0389575846,0,zr,8.9723287000000003,43.561503700000003,0.786000013,0.0160000008,20231011295602,695,0x10,0x1,21.2099991,26.1711388,0.0173993446,0.0850752294,2.39416613e-06,30,1.00899994,1
695216100007825,247733133,2460231.8361289133,60231.331331000001,19.0258904,0.0578906722,0,zr,8.9722954999999995,43.5614901,0.851000011,-0.0280000009,20231014331273,695,0x10,0x1,21.2099991,26.1488037,0.0182239078,0.0809832513,2.60528213e-06,30,1.02499998,1
695216100007825,247917994,2460233.6847544671,60233.179942100003,18.7149029,0.046123147,0,zr,8.9723412000000007,43.561464000000001,0.617999971,-0.0120000001,20231016179931,695,0x10,0x1,21.0300007,26.1620197,0.01831186,0.0756254941,2.65714039e-06,30,1.18299997,1
695216100007825,248124744,2460235.7522650482,60235.247442100001,18.55583,0.041181162,0,zr,8.9723030000000001,43.561470100000001,1.02499998,-0.119999997,20231018247431,695,0x10,0x1,21.3299999,26.166975,0.0183747876,0.0816467553,2.6828227e-06,30,1.02600002,1
695216100007825,248320295,2460237.7077788273,60237.202951400002,18.8995953,0.0527487993,0,zr,8.9723124999999992,43.5614767,0.879000008,-0.0340000018,20231020202940,695,0x10,0x1,21,26.1301136,0.0190477222,0.0782453641,2.8811703e-06,30,1.08700001,1
695216100007825,248535092,2460239.8557520923,60239.350925899998,18.7357998,0.0468228944,0,zr,8.9722988000000008,43.561480000000003,0.97299999,-0.0949999988,20231022350914,695,0x10,0x1,21.4300003,26.1784592,0.0194613729,0.0774682388,2.96720623e-06,30,1.08800006,1
695216100007825,248837812,2460242.8829385121,60242.378125000003,18.5204887,0.040170867,0,zr,8.9723246000000003,43.561489399999999,1.30700004,-0.00700000022,20231025378113,695,0x10,0x1,20.6900005,26.1401787,0.0209940393,0.0819353089,3.45082617e-06,30,1.19099998,1
695216100007825,249122624,2460245.731040006,60245.22625,18.8826046,0.0520963259,0,zr,8.9723571999999994,43.561554000000001,0.819999993,-0.0810000002,20231028226215,695,0x10,0x1,19.6599998,26.1735172,0.0355580859,0.0866266787,9.94968013e-06,30,1.02100003,1
695216100007825,249630444,2460250.8091645977,60250.304444399997,19.0651588,0.0595984571,0,zr,8.9722989999999996,43.561527900000002,0.694999993,0.0810000002,20231102304433,695,0x10,0x1,20.7399998,26.1751595,0.0208182298,0.0756077692,3.36800213e-06,30,1.05700004,1
695216100007825,249829831,2460252.8029932994,60252.2983102,19.1884842,0.0653182492,0,zr,8.9723433000000004,43.561497500000002,0.688000023,-0.0930000022,20231104298299,695,0x10,0x1,20.9699993,26.1665554,0.0182473511,0.0771545768,2.58636396e-06,30,1.05599999,1
695216100007825,250023623,2460254.7408802435,60254.236238400001,18.7149162,0.0461235829,0,zr,8.9723331999999996,43.561510200000001,0.98299998,-0.0250000004,20231106236100,695,0x10,0x1,21.0599995,26.1687241,0.0202347487,0.0849199295,3.24137113e-06,30,1.00800002,1
695216100007825,250317531,2460257.6798820216,60257.175312500003,19.2670593,0.0692577586,0,zr,8.9723705999999996,43.561563399999997,0.523999989,-0.00100000005,20231109175289,695,0x10,0x1,20.5599995,26.1702957,0.0230532605,0.0819719285,4.14117767e-06,30,1.03999996,1
695216100007825,250529376,2460259.7982717766,60259.293761599998,18.9565601,0.0550032482,0,zr,8.9722907999999997,43.561470300000003,0.876999974,-0.0989999995,20231111293762,695,0x10,0x1,20.5,26.1526051,0.0240596626,0.0839766935,4.47773164e-06,30,1.08299994,1
695216100007825,250724407,2460261.7485243981,60261.244074100003,18.7365799,0.0468492843,0,zr,8.9723286000000009,43.561507400000004,1.03499997,-0.0939999968,20231113244028,695,0x10,0x1,21.0799999,26.1624775,0.0183393937,0.0820145905,2.62858453e-06,30,1.01999998,1
695216100007825,251417429,2460268.6784916376,60268.174293999997,19.0143471,0.0573987402,0,zr,8.9723854000000003,43.561565399999999,0.523999989,-0.0379999988,20231120173900,695,0x10,0x1,20.2000008,26.1714439,0.0264431778,0.084859632,5.4922175e-06,30,1.01400006,1
695216100007825,253311958,2460287.6228022762,60287.119583300002,18.9124641,0.0532490164,0,zr,8.9722978999999992,43.561506700000002,0.880999982,0.0240000002,20231209119583,695,0x10,0x1,20.8199997,26.1694927,0.019895874,0.0787515193,3.06792367e-06,30,1.01499999,1
695216100007825,253418008,2460288.6832340886,60288.180080999999,18.8043785,0.0492068492,0,zr,8.9722676999999997,43.561523399999999,0.418000013,-0.0329999998,20231210180069,695,0x10,0x1,20.2900009,26.1623898,0.0230761915,0.0824757218,4.10786333e-06,30,1.02900004,2
695216100007825,253512111,2460289.6242048643,60289.121111100001,19.0618572,0.0594527945,0,zr,8.9723358999999991,43.561539500000002,0.926999986,-0.00999999978,20231211121100,695,0x10,0x1,20.5,25.8779602,0.0254790485,0.0859664902,4.99674206e-06,30,1.01199996,2
695216100007825,253515185,2460289.6549437093,60289.151851900002,18.8482933,0.0508060828,32768,zr,8.9723146000000007,43.561482300000002,0.370999992,-0.0370000005,20231211151667,695,0x10,0x1,20.3799992,25.6502686,0.0312100668,0.0794216692,7.50091385e-06,30,1.01100004,1
695216100007825,253711844,2460291.6214142684,60291.118449100002,19.0243092,0.0578229837,0,zr,8.9723044000000005,43.561486700000003,0.958000004,-0.0820000023,20231213118438,695,0x10,0x1,21.25,26.1654186,0.020522682,0.0800031573,3.24716052e-06,30,1.01100004,1
695216100007825,255714089,2460311.6424051262,60311.140891199997,18.5887451,0.0421498679,0,zr,8.9723088999999998,43.561477400000001,0.838,-0.0469999984,20240102140891,695,0x10,0x1,21.1200008,26.1396294,0.0195713378,0.0810175911,2.95156019e-06,30,1.06200004,1
695216100007825,256117270,2460315.673903733,60315.172708300001,18.7303829,0.0466403291,0,zr,8.9723042,43.561579999999999,1.079,0.0219999999,20240106172708,695,0x10,0x1,20.0599995,26.1403732,0.0270554908,0.0870834887,5.7178022e-06,30,1.16900003,1
695216100007825,256125644,2460315.7576354882,60315.256446799998,18.9748344,0.0557488017,0,zr,8.9723158999999999,43.561445800000001,0.917999983,-0.0260000005,20240106256435,695,0x10,0x1,20.2800007,26.0879707,0.0247859303,0.0866891965,4.8004099e-06,30,1.69299996,1
695216100007825,258016239,2460334.6620488148,60334.162395799998,19.1877251,0.0652813837,0,zr,8.9722396999999994,43.561590700000004,0.973999977,-0.25999999,20240125162350,695,0x10,0x1,19.7000008,26.0689926,0.0329846106,0.0887663364,8.51938512e-06,30,1.35699999,1
695216100007825,259716082,2460351.6591379917,60351.160821799996,18.6941338,0.0454396494,0,zr,8.9722840999999995,43.561486299999999,1.08599997,-0.0960000008,20240211160810,695,0x10,0x1,19.9400005,26.0782452,0.0330076329,0.0870767757,8.38584492e-06,30,1.722,1
695216100007825,260413561,2460358.6334222783,60358.135613400002,18.9158592,0.0533818603,0,zr,8.9722518000000004,43.561533900000001,0.388999999,-0.00200000009,20240218135602,695,0x10,0x1,20.2800007,26.097971,0.0263239779,0.0866453871,5.35811296e-06,30,1.65799999,1
695216100007825,268348851,2460437.9842385952,60437.488518500002,19.0912056,0.0607608669,0,zr,8.9723252000000002,43.561451400000003,1.01400006,-0.0829999968,20240507488507,695,0x10,0x1,19.9699993,25.9672546,0.0297222305,0.0876780152,6.90855859e-06,30,2.56200004,1
695216100007825,268348899,2460437.9847132084,60437.4889931,19.1987801,0.065821059,0,zr,8.9723021000000003,43.561439399999998,0.611000001,-0.0299999993,20240507488982,695,0x10,0x1,20.0900002,25.9658833,0.0287238844,0.0915720314,6.48044079e-06,30,2.54999995,1
695216100007825,268348945,2460437.9851761232,60437.489456000003,19.2599277,0.0688904151,0,zr,8.9723448999999995,43.561575099999999,0.734000027,0.0680000037,20240507489456,695,0x10,0x1,20.1000004,25.966053,0.0264067333,0.0880101025,5.45517059e-06,30,2.53800011,1
695216100007825,268449065,2460438.9864057167,60438.490659700001,19.1936417,0.0655696541,0,zr,8.9723182000000001,43.561492899999998,0.423000008,0.0579999983,20240508490660,695,0x10,0x1,19.7999992,25.9867935,0.0324058086,0.0897123143,8.21757567e-06,30,2.44199991,1
695216100007825,268449113,2460438.9868803276,60438.491134299999,19.4256096,0.0779512152,0,zr,8.9722720000000002,43.561354999999999,0.640999973,-0.0199999996,20240508491123,695,0x10,0x1,19.8500004,25.9917831,0.0322717503,0.0867122561,8.1346634e-06,30,2.43099999,1
695216100007825,268449159,2460438.9873432405,60438.491597200002,19.3690205,0.0747308433,0,zr,8.9723488000000007,43.561466199999998,0.335000008,-0.112000003,20240508491597,695,0x10,0x1,19.6900005,25.9891911,0.0371052027,0.0868235677,1.08389004e-05,30,2.42000008,1
695216100007825,268548689,2460439.9826711551,60439.486898100004,19.3750687,0.0750687271,0,zr,8.9723170000000003,43.561499400000002,1.301,-0.0590000004,20240509486887,695,0x10,0x1,19.6499996,25.9091244,0.0419029519,0.0921221152,1.38531923e-05,30,2.46700001,1
695216100007825,268548736,2460439.9831341775,60439.4873611,19.1593094,0.063915059,0,zr,8.9721613999999992,43.561589400000003,0.605000019,-0.128000006,20240509487361,695,0x10,0x1,19.5499992,25.9133167,0.0392374471,0.0861341581,1.21746625e-05,30,2.45499992,1
695216100007825,268648703,2460440.9828384654,60440.487036999999,19.2834568,0.0701099709,0,zr,8.9724248000000006,43.561430399999999,0.532999992,-0.0439999998,20240510487037,695,0x10,0x1,20.0100002,25.9834785,0.0290769599,0.0882821679,6.59852003e-06,30,2.39899993,1
695216100007825,268648797,2460440.9837759989,60440.4879745,19.2785397,0.0698532909,0,zr,8.9723641999999995,43.561523000000001,0.694000006,-0.0480000004,20240510487975,695,0x10,0x1,19.9899998,25.9815559,0.0300568938,0.0894636363,7.00220517e-06,30,2.37800002,1
695216100007825,269347278,2460447.9688238921,60447.472789400003,19.1440792,0.0631950498,0,zr,8.9723959000000004,43.561496699999999,0.619000018,-0.0359999985,20240517472766,695,0x10,0x1,20.6000004,26.0037937,0.0227998868,0.0870105252,4.07372454e-06,30,2.29399991,1
695216100007825,269347565,2460447.9716943069,60447.475659700001,19.3672104,0.0746300444,0,zr,8.9722834000000002,43.561449600000003,0.577000022,-0.0329999998,20240517475648,695,0x10,0x1,20.3999996,26.0139732,0.0258834641,0.0893580168,5.2669543e-06,30,2.23600006,1
695216100007825,269348011,2460447.976150481,60447.480115699997,19.341053,0.0731879771,0,zr,8.9722629999999999,43.561503500000001,0.822000027,-0.0710000023,20240517480104,695,0x10,0x1,20.3400002,26.0238304,0.0227999967,0.0852692723,4.07528887e-06,30,2.15199995,1
695216100007825,269447267,2460448.9687462547,60448.472673600001,19.2833214,0.0701029226,32768,zr,8.9722998999999994,43.561468900000001,0.759000003,-0.136000007,20240518472662,695,0x10,0x1,19.75,25.5112133,0.0466169491,0.0837658793,1.69654068e-05,30,2.24099994,1
695216100007825,269447672,2460448.9727973109,60448.476724499997,19.3271141,0.072430931,0,zr,8.9723564000000007,43.561404500000002,0.972000003,-0.0320000015,20240518476713,695,0x10,0x1,19.9099998,25.7960281,0.0330624245,0.0880607069,8.54149766e-06,30,2.16400003,1
695216100007825,269547236,2460449.9684730694,60449.472361100001,19.3885307,0.0758261606,0,zr,8.9723334999999995,43.561471300000001,1.21300006,-0.128000006,20240519472350,695,0x10,0x1,20.4300003,26.022562,0.0238734856,0.0882852823,4.44486705e-06,30,2.19499993,1
695216100007825,269547537,2460449.9714824916,60449.475370400003,19.4377899,0.0786618143,0,zr,8.9723532000000006,43.561494500000002,0.442999989,-0.0329999998,20240519475347,695,0x10,0x1,20.3899994,26.0318184,0.0226727724,0.0913228467,4.04950288e-06,30,2.13899994,1
695216100007825,269547879,2460449.9749085293,60449.478796299998,19.4790955,0.0811185092,0,zr,8.9723930000000003,43.561493400000003,0.810000002,-0.0149999997,20240519478785,695,0x10,0x1,20.3099995,26.0311241,0.0236237757,0.0903659463,4.36226128e-06,30,2.07999992,1
695216100007825,269647177,2460450.9679232244,60450.471770800003,19.2483368,0.0682975054,0,zr,8.9723664999999997,43.561443400000002,0.565999985,-0.0149999997,20240520471759,695,0x10,0x1,19.9699993,26.0014553,0.0284807347,0.091140449,6.41266115e-06,30,2.15499997,1
695216100007825,269647869,2460450.9748448147,60450.478692099998,19.2339363,0.0675681904,0,zr,8.9723071000000001,43.561250999999999,1.06400001,0.338,20240520478669,695,0x10,0x1,19.2000008,25.9900417,0.0409662127,0.0924621299,1.42728832e-05,30,2.03699994,1
695216100007825,269747125,2460451.9674440301,60451.471250000002,19.3470783,0.0735177174,0,zr,8.9722922999999994,43.561524499999997,1.03499997,-0.0209999997,20240521471250,695,0x10,0x1,20.4099998,25.9712162,0.0231396034,0.088430129,4.27435361e-06,30,2.11599994,1
695216100007825,269747473,2460451.9709279798,60451.474733800002,19.4855289,0.0815077126,0,zr,8.9723023000000008,43.561503100000003,0.611999989,0.0309999995,20240521474734,695,0x10,0x1,20.3099995,25.9806633,0.0232314505,0.088999927,4.28109752e-06,30,2.05699992,1
695216100007825,269747822,2460451.9744235347,60451.478229200002,19.4280415,0.0780926049,0,zr,8.9722170000000006,43.561502900000001,0.326000005,-0.0160000008,20240521478218,695,0x10,0x1,20.3899994,25.9841824,0.022636475,0.0908661932,4.00330282e-06,30,2.00099993,1
695216100007825,269847340,2460452.9696396743,60452.473402800002,19.2042122,0.0660879612,0,zr,8.9723068000000001,43.561468300000001,0.647000015,-0.144999996,20240522473380,695,0x10,0x1,20,25.9411869,0.029591443,0.090083167,6.79622417e-06,30,2.03399992,1
695216100007825,269847725,2460452.9734939435,60452.477256899998,19.6920929,0.0949677825,0,zr,8.9723431999999992,43.561500899999999,0.82099998,0.338,20240522477234,695,0x10,0x1,20.0100002,25.951086,0.0384145081,0.082058005,1.1382137e-05,30,1.97399998,1
695216100007825,273436025,2460488.8586506438,60488.360254599997,18.0222626,0.0287865158,0,zr,8.9722971999999999,43.561460599999997,0.795000017,-0.0689999983,20240627360232,695,0x10,0x1,20.4799995,26.0309544,0.0227789935,0.0770388395,4.08763935e-06,30,2.30699992,1
695216100007825,274046422,2460494.9630764732,60494.4642245,18.9050236,0.0529591404,0,zr,8.9723214999999996,43.561492399999999,0.776000023,-0.0869999975,20240703464213,695,0x10,0x1,21.0900002,26.1253738,0.0192077626,0.0842154846,2.91080005e-06,30,1.18400002,1
695216100007825,275140325,2460505.9029528745,60505.403252299999,18.5578823,0.041240748,0,zr,8.9723418000000006,43.561464100000002,0.957000017,0.0189999994,20240714403241,695,0x10,0x1,21.2299995,26.0309372,0.0244731605,0.0699523091,4.87636635e-06,30,1.32200003,1
695216100007825,275736327,2460511.863446712,60511.3632755,18.6790886,0.0449519195,0,zr,8.9723267999999994,43.561473499999998,0.625999987,-0.0350000001,20240720363275,695,0x10,0x1,20.1599998,26.0292282,0.0258580651,0.0842498466,5.31419028e-06,30,1.472,1
695216100007825,276037357,2460514.8739856002,60514.373576400001,18.7708435,0.0480241366,0,zr,8.9723387999999993,43.561496400000003,0.93599999,0.115999997,20240723373576,695,0x10,0x1,20.2299995,26.0626869,0.025167007,0.0752604157,5.04507852e-06,30,1.35000002,1
695216100007825,276240932,2460516.9098985731,60516.4093287,18.3036633,0.0346026979,0,zr,8.9723590000000009,43.561460599999997,1.25899994,-0.138999999,20240725409317,695,0x10,0x1,20.3299999,26.0446358,0.0263204947,0.0734861717,5.44078739e-06,30,1.16600001,1
695216100007825,276538711,2460519.8879221184,60519.387118099999,18.4139366,0.0373040065,0,zr,8.9723138000000002,43.561471699999998,0.869000018,0.0469999984,20240728387072,695,0x10,0x1,20.9400005,26.1521053,0.0183693152,0.0800300688,2.66469783e-06,30,1.21800005,1
695216100007825,276742631,2460521.927282955,60521.426319400001,18.5119514,0.0399313867,0,zr,8.9722902999999992,43.561492399999999,0.855000019,-0.0280000009,20240730426308,695,0x10,0x1,20.9099998,26.1394043,0.0185753237,0.0775675774,2.73317983e-06,30,1.08399999,1
695216100007825,277142989,2460525.9311697246,60525.4298958,18.5634422,0.0414027683,0,zr,8.9723012000000004,43.561478600000001,1.42400002,-0.0869999975,20240803429884,695,0x10,0x1,21.3999996,26.1111393,0.0209268797,0.0816254467,3.41877421e-06,30,1.05599999,1
695216100007825,277340633,2460527.9077563873,60527.406330999998,18.5520325,0.0410711206,0,zr,8.9723624999999991,43.561467,2.11899996,-0.150999993,20240805406319,695,0x10,0x1,21.1700001,26.1061134,0.0214222744,0.0664510876,3.73422927e-06,30,1.09200001,1
695216100007825,277541334,2460529.9149226774,60529.4133449,18.2388897,0.0331331082,0,zr,8.9723628000000009,43.561460099999998,2.22099996,-0.143999994,20240807413333,695,0x10,0x1,21.1100006,26.0327282,0.0214160457,0.0655861646,3.76244407e-06,30,1.06599998,1
695216100007825,277738238,2460531.8841099921,60531.382384299999,18.3364754,0.0353795588,0,zr,8.9723077999999994,43.561489100000003,0.802999973,0.0970000029,20240809382373,695,0x10,0x1,21.4599991,26.0454559,0.0211274046,0.0767909288,3.57291287e-06,30,1.12399995,1
695216100007825,277838922,2460532.8911987846,60532.389224500002,18.3277359,0.0351704434,32768,zr,8.9723392999999998,43.561491400000001,1.25600004,-0.0909999982,20240810389213,695,0x10,0x1,21.5200005,26.8246613,0.0192466546,0.0682169199,2.98678492e-06,60,1.10000002,1
695216100007825,278034437,2460534.8464934872,60534.344375000001,18.6767941,0.0448781066,32768,zr,8.9723579999999998,43.5614341,0.674000025,-0.338,20240812344317,695,0x10,0x1,18.7800007,24.4981232,0.0709161013,0.0583862141,6.74086841e-05,60,1.22500002,1
695216100007825,278343125,2460537.9334185794,60537.431250000001,18.5725498,0.0416698195,0,zr,8.9722966,43.561481800000003,0.81099999,0.00499999989,20240815431238,695,0x10,0x1,21.3600006,26.1660881,0.0173120238,0.0809310302,2.33223136e-06,30,1.01699996,1
695216100007825,278538429,2460539.8866013,60539.384294000003,18.1516228,0.0312811099,0,zr,8.9723191999999994,43.561466799999998,0.995999992,-0.0500000007,20240817384282,695,0x10,0x1,20.9099998,26.1475754,0.0206913706,0.0704459324,3.42062299e-06,30,1.06900001,1
695216100007825,279031804,2460544.8206910687,60544.318044,18.5795403,0.0418762043,0,zr,8.9723042,43.561483299999999,0.521000028,-0.0729999989,20240822318044,695,0x10,0x1,20.2999992,26.1347618,0.0225918964,0.0834927931,4.01101261e-06,30,1.22099996,1
695216100007825,279341002,2460547.9128746092,60547.410023099997,18.8846416,0.0521740876,0,zr,8.9723073000000007,43.561487999999997,0.69599998,-0.0359999985,20240825410012,695,0x10,0x1,20.9699993,26.154541,0.0202433802,0.0861568823,3.17502349e-06,30,1.01300001,1
695216100007825,279540519,2460549.9081763881,60549.405196799999,18.9588585,0.0550964139,0,zr,8.9723476000000009,43.561485599999997,1.43700004,-0.074000001,20240827405104,695,0x10,0x1,21.1499996,26.1567631,0.0207913611,0.0857172832,3.38801919e-06,30,1.01300001,1
695216100007825,279740995,2460551.9130587769,60551.4099537,19.1488228,0.0634183809,0,zr,8.9723249000000003,43.561515999999997,0.795000017,-0.131999999,20240829409896,695,0x10,0x1,21.4200001,26.1636791,0.0175425895,0.086909689,2.41762109e-06,30,1.00899994,1
695216100007825,280236831,2460556.8717108178,60556.3683102,18.702919,0.04572732,0,zr,8.9723518999999996,43.561469700000004,0.717000008,-0.0820000023,20240903368310,695,0x10,0x1,21.1700001,26.14114,0.0180977788,0.0743934661,2.59094736e-06,30,1.02600002,1
695216100007825,280432947,2460558.832990488,60558.329479200002,19.0181236,0.0575591847,0,zr,8.9723088000000004,43.561465099999999,0.60799998,-0.0410000011,20240905329468,695,0x10,0x1,21.2800007,26.1306629,0.0199321881,0.0780717134,3.14036015e-06,30,1.07500005,1
695216100007825,280838958,2460562.8933117259,60562.389583299999,19.1897812,0.0653813705,0,zr,8.9723146000000007,43.561487700000001,0.888000011,-0.064000003,20240909389583,695,0x10,0x1,21.2700005,26.044569,0.0194318593,0.0848582759,2.97691008e-06,30,1.00800002,1
695216100007825,281036663,2460564.870459938,60564.366631899997,18.8890934,0.052344434,0,zr,8.9722998999999994,43.561486899999998,0.791000009,-0.0250000004,20240911366597,695,0x10,0x1,21.2700005,26.1606655,0.0180285908,0.0823561251,2.57323063e-06,30,1.01199996,1
695216100007825,281236685,2460566.8707764805,60566.366851899998,19.045002,0.0587151758,0,zr,8.9723240000000004,43.561480000000003,0.712000012,-0.0850000009,20240913366840,695,0x10,0x1,20.9699993,25.9029655,0.0199198257,0.0918490589,3.07555388e-06,30,1.00999999,1
695216100007825,281532724,2460569.8313048156,60569.327245400003,18.705616,0.0458160415,0,zr,8.9723457999999994,43.561504200000002,1.20799994,-0.169,20240916327234,695,0x10,0x1,20.4799995,26.1603565,0.0233958922,0.0823509544,4.272144e-06,30,1.03199995,1
695216100007825,281830425,2460572.808444344,60572.304259299999,18.8537903,0.0510103516,0,zr,8.9723061000000008,43.561512800000003,1.51199996,-0.163000003,20240919304248,695,0x10,0x1,20.3899994,26.1466694,0.0258315355,0.0787108019,5.24707593e-06,30,1.05200005,1
695216100007825,282134525,2460575.8495573411,60575.345254599997,18.8112087,0.0494518094,0,zr,8.9723445999999996,43.561511400000001,0.469999999,-0.00700000022,20240922345150,695,0x10,0x1,20.6800003,26.1410446,0.0214759,0.0817790404,3.60049353e-06,30,1.00899994,1
695216100007825,282240575,2460576.9100934817,60576.405752300001,18.5083523,0.0398309082,0,zr,8.9723094000000003,43.561475799999997,0.688000023,-0.0579999983,20240923405752,695,0x10,0x1,20.8700008,26.1359615,0.0188933834,0.0811254308,2.77362847e-06,30,1.04799998,1
695216100007825,282326224,2460577.7666166332,60577.262245400001,19.0650845,0.0595951341,0,zr,8.9722811,43.561458299999998,0.444000006,-0.0480000004,20240924262222,695,0x10,0x1,21.2600002,26.126915,0.0230687503,0.0783828646,4.19403568e-06,30,1.11000001,1
695216100007825,282526424,2460579.7686856687,60579.264247699997,19.1935005,0.0655627251,0,zr,8.9723366000000002,43.561472500000001,1.46300006,-0.135000005,20240926264248,695,0x10,0x1,21.0799999,26.1442966,0.0184729751,0.0774292052,2.69880184e-06,30,1.09200001,1
695216100007825,282745090,2460581.9554078965,60581.450902800003,18.6379738,0.0436501764,0,zr,8.9722898999999998,43.561526600000001,0.81099999,-0.0680000037,20240928450741,695,0x10,0x1,20.9799995,26.1297188,0.0199314784,0.0845382661,3.10666019e-06,30,1.19400001,1
695216100007825,282941113,2460583.9156944389,60583.411134299997,18.7132092,0.0460669547,0,zr,8.9723153999999994,43.561490200000001,0.901000023,-0.0309999995,20240930411123,695,0x10,0x1,21.0799999,26.1499634,0.0182778034,0.0794157237,2.62120261e-06,30,1.09300005,1
695216100007825,283834561,2460592.8503602208,60592.345613400001,19.0514698,0.0589970276,0,zr,8.9723229,43.561483299999999,0.497000009,0.0260000005,20241009345602,695,0x10,0x1,21.1399994,26.1623802,0.0176309813,0.0810069069,2.43473369e-06,30,1.02699995,1
695216100007825,284039331,2460594.898084614,60594.393310200001,18.7619476,0.0477158912,0,zr,8.9722591999999999,43.561528799999998,0.963,-0.116999999,20241011393229,695,0x10,0x1,21,26.1437511,0.0187192559,0.0877707452,2.7361973e-06,30,1.12399995,1
695216100007825,284236567,2460596.8704669029,60596.365671300002,18.5133801,0.0399713255,0,zr,8.9723138000000002,43.561475700000003,1.03499997,-0.0670000017,20241013365671,695,0x10,0x1,21.1299992,26.1738949,0.0189890396,0.0794798061,2.84309999e-06,30,1.07200003,1
695216100007825,284432633,2460598.8311423636,60598.326330999997,18.9770012,0.0558379404,0,zr,8.9722991000000007,43.561493800000001,0.497000009,-0.0610000007,20241015326331,695,0x10,0x1,20.5799999,26.1579857,0.0224783849,0.0822236463,3.94533708e-06,30,1.02400005,1
695216100007825,284624673,2460600.7515577595,60600.246736100002,19.3044605,0.0712170824,0,zr,8.9723476000000009,43.561528699999997,0.677999973,-0.127000004,20241017246736,695,0x10,0x1,19.6100006,26.1661797,0.0339927226,0.0851387084,9.09005303e-06,30,1.028,1
695216100007825,285320398,2460607.7087976849,60607.203981500003,19.1057148,0.0614188053,0,zr,8.9722895999999999,43.561471099999999,1.28799999,-0.143000007,20241024203981,695,0x10,0x1,21.3500004,26.1686325,0.0221340265,0.0821144581,3.8590465e-06,30,1.05999994,1
695216100007825,285528570,2460609.7905074502,60609.285706000002,18.5225143,0.0402279422,0,zr,8.9723135000000003,43.5614895,0.916000009,-0.0309999995,20241026285694,695,0x10,0x1,21.1299992,26.1621075,0.0174837895,0.0813454464,2.40317058e-06,30,1.01600003,1
695216100007825,286042681,2460614.9315561424,60614.4268171,18.5721931,0.0416593328,0,zr,8.9722963,43.561490999999997,0.921000004,0.0179999992,20241031426817,695,0x10,0x1,20.9300003,26.0950432,0.0207749195,0.0832784921,3.35355298e-06,30,1.58899999,1
695216100007825,286719946,2460621.704068806,60621.199467600003,18.857666,0.0511549264,32768,zr,8.9723127999999992,43.561563999999997,1.727,0.0909999982,20241107199433,695,0x10,0x1,19.4699993,25.7946262,0.0566172227,0.0881470144,2.61629102e-05,30,1.01900005,1
695216100007825,286914968,2460623.6542374203,60623.149687500001,18.6613674,0.0443853252,32768,zr,8.9722776,43.561493400000003,0.703000009,0.0289999992,20241109149641,695,0x10,0x1,19.9099998,25.7102528,0.0409353487,0.0873418301,1.28953798e-05,30,1.08000004,1
695216100007825,287115714,2460625.6616330622,60625.157141199998,18.5073586,0.0398032553,0,zr,8.9723105000000007,43.561470499999999,1.47800004,-0.130999997,20241111157095,695,0x10,0x1,20.7999992,26.1550503,0.020860225,0.0805068985,3.38030463e-06,30,1.05599999,1
695216100007825,287325745,2460627.7618791568,60627.257453699996,18.4268398,0.0376373269,0,zr,8.972308,43.561482300000002,0.405000001,-0.00499999989,20241113257442,695,0x10,0x1,20.3799992,26.1624985,0.0243419632,0.0800511092,4.60745377e-06,30,1.03499997,1
695216100007825,288019420,2460634.6983676017,60634.194201400001,18.8218498,0.0498361588,0,zr,8.9723237000000005,43.561478299999997,1,0.0280000009,20241120194190,695,0x10,0x1,20.0799999,25.7999191,0.0290957876,0.0841947719,6.57001965e-06,30,1.00800002,1
695216100007825,288236687,2460636.8709476404,60636.366875,18.843441,0.050626494,0,zr,8.9722671999999992,43.561514199999998,0.551999986,-0.0309999995,20241122366875,695,0x10,0x1,20.4699993,26.0964203,0.0226318967,0.0831613168,3.98161546e-06,30,1.59000003,1
695216100007825,288540935,2460639.9132841225,60639.409351900002,18.465416,0.0386562869,32768,zr,8.9723548999999991,43.561458600000002,0.419999987,0.0610000007,20241125409329,695,0x10,0x1,18.8700008,25.1922207,0.0474561453,0.0960963741,2.52446407e-05,30,2.29200006,1
695216100007825,288919821,2460643.701960145,60643.198217600002,18.4354935,0.0378629602,0,zr,8.9723097999999997,43.561496400000003,0.879999995,-0.063000001,20241129198206,695,0x10,0x1,20.3500004,26.1012344,0.0233996585,0.0819591731,4.25999542e-06,30,1.01999998,1
695216100007825,289524387,2460649.7472844343,60649.243877300003,19.0381813,0.0584194623,0,zr,8.9723114000000006,43.561465599999998,1.33800006,-0.112999998,20241205243866,695,0x10,0x1,21.1000004,26.1413078,0.0187544767,0.0782368258,2.72826537e-06,30,1.12600005,1
695216100007825,289714100,2460651.6443010904,60651.141006899998,19.2875423,0.0703239441,0,zr,8.9722965000000006,43.561506700000002,0.521000028,-0.0500000007,20241207140972,695,0x10,0x1,20.9200001,26.1527538,0.0204422548,0.0876456648,3.25777955e-06,30,1.00899994,1
695216100007825,289911328,2460653.6164600761,60653.113287,18.8857975,0.0522182286,0,zr,8.9723354999999998,43.561481999999998,0.79400003,-0.0480000004,20241209113252,695,0x10,0x1,20.5499992,25.9997311,0.0245213099,0.0781062171,4.69726365e-06,30,1.01800001,1
695216100007825,290128115,2460655.7841931488,60655.281157400001,18.7425671,0.0470521525,0,zr,8.9722620000000006,43.561479800000001,0.465999991,0.00400000019,20241211281157,695,0x10,0x1,19.8299999,26.1015491,0.0302795954,0.0833980292,7.1410841e-06,30,1.34500003,1
695216100007825,290417545,2460658.6782975351,60658.175451399999,17.9278545,0.0271396898,32768,zr,8.9719943000000004,43.5616208,0.597000003,0.0500000007,20241214175440,695,0x10,0x1,18.4300003,24.7450981,0.0694140047,0.085191831,7.64567376e-05,30,1.03900003,1
695216100007825,290628415,2460660.7868586457,60660.284155100002,18.7064342,0.0458430238,32768,zr,8.9722927000000006,43.561598699999998,0.273999989,0.0250000004,20241216284144,695,0x10,0x1,19.1299992,25.6933403,0.0510712601,0.0995357409,2.31743234e-05,30,1.45099998,1
695216100007825,290926538,2460663.7678780477,60663.265381899997,19.2384624,0.0677965656,0,zr,8.9723339000000006,43.561514500000001,0.326000005,0.0240000002,20241219265382,695,0x10,0x1,20.2099991,26.1416569,0.0263432972,0.0726656243,5.43775241e-06,30,1.38100004,1
695216100007825,291112137,2460665.6237411075,60665.121377299998,19.4458942,0.0791381523,0,zr,8.9722930999999999,43.561488400000002,1.14199996,-0.0659999996,20241221121343,695,0x10,0x1,21.2000008,26.1310978,0.0216384605,0.0825481489,3.62044784e-06,30,1.01100004,1
695216100007825,291318055,2460667.6827697316,60667.180555600004,19.181118,0.0649609789,0,zr,8.9723134000000009,43.561450000000001,1.24199998,-0.0810000002,20241223180556,695,0x10,0x1,20.9699993,26.1582451,0.018217532,0.0774310306,2.61306127e-06,30,1.09000003,1
695216100007825,291913146,2460673.6332369866,60673.1314699,19.7194042,0.0968901366,0,zr,8.9724211999999994,43.561414999999997,0.772000015,-0.173999995,20241229131458,695,0x10,0x1,20.3999996,25.8366089,0.0235309228,0.0802888796,4.28903923e-06,30,1.03499997,1
695216100007825,292113363,2460675.6352467211,60675.1336343,18.9977455,0.0566991046,0,zr,8.9722826999999992,43.561449099999997,0.448000014,-0.0189999994,20241231133623,695,0x10,0x1,20.7800007,26.0478001,0.019870894,0.0805804133,3.05723233e-06,30,1.04499996,1
695216100007825,292516538,2460679.6666776165,60679.165381899998,18.8234367,0.0498937629,0,zr,8.9723020000000009,43.561489399999999,1.40400004,-0.111000001,20250104165382,695,0x10,0x1,20.9400005,26.1594162,0.0188441966,0.078253828,2.79689993e-06,30,1.13499999,1
695216100007825,292710111,2460681.602252705,60681.101111099997,18.8528957,0.0509770177,32768,zr,8.9724053999999995,43.561490599999999,1.28799999,0.0680000037,20250106100868,695,0x10,0x1,20.0499992,25.7099133,0.0671581477,0.0861995965,3.49118345e-05,30,1.02600002,1
695216100007825,293719440,2460691.6947337715,60691.194409700001,18.8534794,0.0509987622,0,zr,8.9723213000000008,43.561563200000002,0.889999986,-0.116999999,20250116194387,695,0x10,0x1,19.8999996,26.1015358,0.0320417993,0.0915340409,7.92300943e-06,30,1.41600001,1
695216100007825,293924063,2460693.7407934899,60693.2406366,18.6124878,0.0428656526,0,zr,8.9722804000000007,43.561462499999998,0.221000001,-0.0149999997,20250118240637,695,0x10,0x1,19.9899998,26.0694103,0.0289263763,0.0868599638,6.52416611e-06,30,1.926,1
695216100007825,294122152,2460695.7215229059,60695.2215278,18.6671371,0.0445688777,0,zr,8.9722714000000003,43.561466699999997,0.79400003,-0.057,20250120221516,695,0x10,0x1,20.5300007,26.0979958,0.0212857779,0.0854888633,3.543312e-06,30,1.75199997,1
695216100007825,295216076,2460706.6598743671,60706.160763899999,19.4748726,0.080863975,0,zr,8.9723124999999992,43.561493400000003,0.572000027,-0.0759999976,20250131160752,695,0x10,0x1,20.7399998,26.0951233,0.0201080143,0.0873368084,3.19089372e-06,30,1.46800005,1
695216100007825,304948777,2460803.9835171769,60803.487777800001,18.8467178,0.0507476814,0,zr,8.9723004,43.561497699999997,0.519999981,-0.0869999975,20250508487778,695,0x10,0x1,20.2099991,26.009779,0.0261414926,0.0885889009,5.3315307e-06,30,2.52900004,1
695216100007825,304949266,2460803.9884015117,60803.492661999997,18.8685646,0.0515639521,0,zr,8.9722329999999992,43.561481100000002,0.741999984,-0.136000007,20250508492650,695,0x10,0x1,19.8799992,26.015625,0.029358713,0.0881927088,6.71626685e-06,30,2.41199994,1
695216100007825,304949752,2460803.9932627389,60803.497523099999,18.997961,0.0567081384,0,zr,8.9723287000000003,43.561455700000003,0.880999982,0.0309999995,20250508497523,695,0x10,0x1,19.1299992,26.0310841,0.038440641,0.088616848,1.27048461e-05,30,2.30500007,1
695216100007825,305148577,2460805.981569706,60805.485775499998,19.009409,0.0571896397,32768,zr,8.9722059000000005,43.561394399999998,0.597000003,-0.100000001,20250510485764,695,0x10,0x1,19.7199993,25.801321,0.0468174703,0.0832843184,1.70955736e-05,30,2.44499993,1
695216100007825,305248541,2460806.9812402138,60806.485416700001,19.1271839,0.0624062382,32768,zr,8.9723866000000001,43.561529,0.805000007,-0.425000012,20250511485417,695,0x10,0x1,19.2700005,25.4377842,0.0498107001,0.0867514163,2.11233328e-05,30,2.3900001,1
695216100007825,305248936,2460806.9851870406,60806.489363399996,18.8418999,0.0505696088,0,zr,8.9722668999999993,43.561511000000003,0.647000015,-0.0520000011,20250511489352,695,0x10,0x1,20.0799999,25.9623146,0.0288436376,0.0869836509,6.6201037e-06,30,2.30500007,1
695216100007825,305249472,2460806.9905460053,60806.494722199997,19.1486454,0.063409999,0,zr,8.9723032000000007,43.561539400000001,0.662,-0.0209999997,20250511494711,695,0x10,0x1,19.6299992,25.9381752,0.0336416438,0.0818828791,8.90802494e-06,30,2.19799995,1
695216100007825,306148730,2460815.9834454739,60815.487303200003,18.9367867,0.0542088635,0,zr,8.9723293999999996,43.561487499999998,0.629999995,-0.0280000009,20250520487280,695,0x10,0x1,19.6499996,26.0445309,0.0349154063,0.0874957219,9.59581757e-06,30,1.91799998,1
695216100007825,306149223,2460815.9883762738,60815.492233800003,18.7136192,0.046080552,0,zr,8.9724366,43.561496099999999,0.65200001,-0.0689999983,20250520492222,695,0x10,0x1,19.0499992,26.0602169,0.038828887,0.0855008736,1.36227291e-05,30,1.85099995,1
695216100007825,306248606,2460816.9822483393,60816.486064800003,18.9812775,0.0560142919,0,zr,8.9723330000000008,43.561412199999999,0.653999984,-0.0419999994,20250521486042,695,0x10,0x1,19.9300003,26.0528336,0.0304228552,0.0883530155,7.28567284e-06,30,1.89699996,1
695216100007825,306249045,2460816.9866351276,60816.490451400001,19.2353573,0.0676398054,0,zr,8.9723454,43.561466199999998,0.614000022,-0.213,20250521490417,695,0x10,0x1,19.4200001,26.0680466,0.0361870527,0.0874541923,1.07007045e-05,30,1.83800006,1
695216100007825,306249483,2460816.9910219191,60816.494837999999,18.7651272,0.0478258021,0,zr,8.9723187000000006,43.5616117,0.532000005,-0.061999999,20250521494815,695,0x10,0x1,18.6200008,26.0905552,0.0363093056,0.0851203352,1.75083496e-05,30,1.78400004,1
695216100007825,306348414,2460817.9803694165,60817.484143499998,19.0496941,0.0589195229,0,zr,8.9723805999999993,43.561442599999999,0.731000006,-0.0130000003,20250522484132,695,0x10,0x1,20.0599995,26.0843964,0.0265430082,0.0816233978,5.58989359e-06,30,1.88499999,1
695216100007825,306348797,2460817.9842005954,60817.4879745,19.0735703,0.0599712431,0,zr,8.9721575999999992,43.561388700000002,0.773999989,-0.264999986,20250522487951,695,0x10,0x1,19.5900002,26.0982628,0.0351923667,0.0826841146,9.73904389e-06,30,1.83500004,1
695216100007825,306349181,2460817.9880433562,60817.491817100003,19.0110474,0.0572589412,0,zr,8.9723445000000002,43.5614986,0.65200001,-0.157000005,20250522491806,695,0x10,0x1,19.0499992,26.0997047,0.0386717319,0.0864453316,1.32460191e-05,30,1.78699994,1
695216100007825,306448361,2460818.9798805919,60818.483611099997,18.7294197,0.0466079488,0,zr,8.9722954000000001,43.561494199999999,0.75999999,-0.138999999,20250523483600,695,0x10,0x1,20.2000008,26.0758476,0.0255480725,0.0850667283,5.17116632e-06,30,1.85599995,1
695216100007825,306448753,2460818.9838043689,60818.487534699998,18.7815857,0.0483994111,0,zr,8.9722921000000007,43.561477799999999,0.771000028,-0.122000001,20250523487523,695,0x10,0x1,19.7299995,26.0860405,0.0317665786,0.0841704831,8.00376984e-06,30,1.80599999,1
695216100007825,306449245,2460818.98872359,60818.492453699997,18.7548447,0.0474713668,0,zr,8.9723051999999992,43.561523899999997,0.808000028,-0.0469999984,20250523492442,695,0x10,0x1,19.0599995,26.0922794,0.0381270759,0.0876694918,1.29724613e-05,30,1.74800003,1
695216100007825,306548328,2460819.9796011914,60819.483287000003,18.9189568,0.053503368,0,zr,8.9723138999999996,43.561506100000003,1.91199994,-0.0710000023,20250524483275,695,0x10,0x1,20.4400005,25.8859482,0.0429575667,0.0789567456,1.7504477e-05,30,1.82500005,1
695216100007825,306548825,2460819.9845667174,60819.488252299998,18.8462982,0.0507321469,32768,zr,8.9723723999999994,43.561501999999997,0.569000006,-0.120999999,20250524488229,695,0x10,0x1,19.9099998,25.9002266,0.0493251644,0.0825839937,2.28248446e-05,30,1.76499999,1
695216100007825,306549320,2460819.9895206587,60819.493205999999,18.6914482,0.0453521311,32768,zr,8.9721253000000001,43.561475000000002,0.261000007,-0.0930000022,20250524493183,695,0x10,0x1,19.1900005,26.0382328,0.0641608685,0.087298125,4.85068231e-05,30,1.70899999,1
695216100007825,309643067,2460850.9288365496,60850.430671299997,18.9836464,0.0561122335,0,zr,8.9723006000000005,43.561468099999999,0.984000027,-0.108999997,20250624430671,695,0x10,0x1,21.1800003,26.0144482,0.019002391,0.081155166,2.8371212e-06,30,1.50399995,1
695216100007825,309644402,2460850.9421940167,60850.444027799997,18.930233,0.0539483912,0,zr,8.9722898000000004,43.561489700000003,0.814999998,0.0649999976,20250624444028,695,0x10,0x1,21,26.0330276,0.0219774302,0.0825370699,3.77639208e-06,30,1.40799999,1
695216100007825,309939489,2460853.893275721,60853.394895799996,18.7287693,0.0465861224,0,zr,8.9722922000000001,43.561495600000001,0.708000004,-0.0199999996,20250627394896,695,0x10,0x1,20.9599991,26.03125,0.0206315834,0.0813679323,3.36746211e-06,30,1.77100003,1
695216100007825,314441151,2460898.9133735043,60898.411516200002,18.8194046,0.049747549,0,zr,8.9723038000000006,43.561470499999999,0.592000008,-0.0260000005,20250811411493,695,0x10,0x1,20.3899994,26.1009617,0.023899002,0.0765561312,4.51969936e-06,30,1.05200005,1
695216100007825,314737065,2460901.872733369,60901.370659699998,18.6530819,0.0441232622,0,zr,8.9723208000000003,43.561489399999999,0.884000003,-0.0240000002,20250814370660,695,0x10,0x1,20.5599995,26.1208,0.0221460909,0.0751478076,3.87971613e-06,30,1.12100005,1
695216100007825,315042918,2460904.9314822298,60904.429189800001,18.9537392,0.0548891611,0,zr,8.9722833000000008,43.5614797,0.716000021,-0.0209999997,20250817429190,695,0x10,0x1,21.5900002,26.1585159,0.0217533689,0.0787556916,3.7415e-06,30,1.01499999,1
695216100007825,315442751,2460908.9300814481,60908.427511599999,19.129261,0.0625026375,0,zr,8.9723778000000003,43.561466299999999,0.500999987,0.00999999978,20250821427465,695,0x10,0x1,21.1800003,26.0578842,0.0186627246,0.0766019896,2.75630123e-06,30,1.01100004,1
695216100007825,315645732,2460910.9600329786,60910.457326399999,18.664341,0.0444797948,0,zr,8.9723115,43.561485400000002,0.690999985,-0.0399999991,20250823457211,695,0x10,0x1,21.2999992,26.0838165,0.0187253486,0.0813400596,2.77808908e-06,30,1.01400006,1
695216100007825,315844848,2460912.9513215916,60912.448483799999,19.0396519,0.0584831052,0,zr,8.9722855999999993,43.561470399999997,0.754000008,-0.00100000005,20250825448437,695,0x10,0x1,21.0900002,25.7874451,0.023862632,0.0762141794,4.49001118e-06,30,1.01199996,1
695216100007825,316240589,2460916.9089805661,60916.405891199996,18.9637508,0.055295296,0,zr,8.9722673999999998,43.561459599999999,0.330000013,-0.00400000019,20250829405567,695,0x10,0x1,21.4699993,26.1416645,0.0188787542,0.0777311549,2.8055756e-06,30,1.01100004,1
695216100007825,316436487,2460918.8680817662,60918.364872700004,18.8171463,0.0496658795,0,zr,8.9722913000000002,43.561496499999997,0.99000001,-0.0590000004,20250831364873,695,0x10,0x1,21.3799992,26.1316032,0.0205516405,0.0807451978,3.33818662e-06,30,1.03999996,1
695216100007825,316641121,2460920.9145458164,60920.411215300002,19.177845,0.0648029074,0,zr,8.9722784999999998,43.561473599999999,1.09399998,-0.057,20250902411204,695,0x10,0x1,21.4599991,26.1068039,0.0191887002,0.0803650171,2.91286347e-06,30,1.00800002,1
695216100007825,316848571,2460922.9891673042,60922.4857176,18.8999252,0.0527615659,0,zr,8.9722997000000007,43.5614749,0.879000008,-0.0560000017,20250904485718,695,0x10,0x1,21.2700005,26.1027813,0.0203745347,0.0722964108,3.27209682e-06,30,1.10000002,1
695216100007825,317040290,2460924.9064613855,60924.402905100003,18.9243221,0.0537145995,0,zr,8.9722761999999996,43.5614749,0.97299999,-0.0219999999,20250906402905,695,0x10,0x1,20.6900005,26.1311855,0.0226804558,0.0808213875,4.04194907e-06,30,1.00899994,1
695216100007825,317246817,2460926.9718383462,60926.468171300003,18.6083355,0.0427394025,0,zr,8.9722925,43.561463600000003,0.515999973,-0.0680000037,20250908468160,695,0x10,0x1,20.5300007,26.1460018,0.024761308,0.0796950534,4.78224047e-06,30,1.08500004,1
695216100007825,317449378,2460928.9975562203,60928.493784699996,18.864645,0.0514164232,0,zr,8.9723193999999999,43.561502500000003,0.829999983,-0.0109999999,20250910493773,695,0x10,0x1,20.1499996,26.1465321,0.0269142464,0.0750109032,5.70681868e-06,30,1.16999996,1
695216100007825,317637993,2460930.883795647,60930.3799306,18.7850914,0.0485226214,0,zr,8.9722951000000002,43.561480199999998,0.540000021,-0.0540000014,20250912379931,695,0x10,0x1,20.9599991,26.1330395,0.0239551459,0.0792607814,4.51126562e-06,30,1.00800002,1
695216100007825,317936729,2460933.8712970307,60933.3672917,18.7104511,0.0459756181,0,zr,8.9723056000000003,43.561504499999998,1.347,-0.122000001,20250915367234,695,0x10,0x1,21.0799999,26.131197,0.021635659,0.0822739974,3.70752878e-06,30,1.00899994,1
695216100007825,318531069,2460939.8149489393,60939.310694400003,18.5295105,0.0404258743,0,zr,8.9723038000000006,43.561481000000001,0.709999979,0.00300000003,20250921310694,695,0x10,0x1,21.5200005,26.1470966,0.0206861403,0.0770885423,3.34140668e-06,30,1.03600001,1
695216100007825,318830027,2460942.8046418731,60942.300277800001,18.6836605,0.0450995043,0,zr,8.9723147000000001,43.5614943,1.34500003,-0.075000003,20250924300255,695,0x10,0x1,21.3600006,26.1244259,0.0183804743,0.0822746009,2.64194136e-06,30,1.03900003,1
695216100007825,319030725,2460944.8116883379,60944.3072569,18.5271816,0.0403598808,0,zr,8.9722764999999995,43.561458399999999,0.414000005,0.023,20250926307234,695,0x10,0x1,21.2999992,26.1407871,0.0183002893,0.0779923499,2.6269538e-06,30,1.02499998,1
695216100007825,319528355,2460949.7881296584,60949.283553200003,18.8248596,0.0499455035,0,zr,8.9723047000000005,43.561498700000001,0.773000002,0.0820000023,20251001283426,695,0x10,0x1,21.1700001,26.1467609,0.0215717778,0.0849057287,3.62459696e-06,30,1.03600001,1
695216100007825,319725412,2460951.7587454421,60951.254120400001,18.9627953,0.0552564189,0,zr,8.9723048999999993,43.5614919,1.42299998,0.0260000005,20251003254109,695,0x10,0x1,21.0400009,26.1667252,0.0226240028,0.0749329105,4.0178079e-06,30,1.074,1
695216100007825,319921843,2460953.7231058958,60953.2184375,18.7075024,0.0458782464,0,zr,8.9722778000000005,43.5614718,0.823000014,-0.0920000002,20251005218426,695,0x10,0x1,20.3700008,26.1473083,0.0234276447,0.077689752,4.27579062e-06,30,1.14999998,1
695216100007825,320129394,2460955.7986554895,60955.293946799997,18.4920826,0.0393807031,0,zr,8.9722694000000001,43.561475600000001,1.01199996,-0.150999993,20251007293796,695,0x10,0x1,19.9899998,26.1597443,0.0280746352,0.0807670727,6.12232316e-06,30,1.01300001,1
695216100007825,320635805,2460960.8628382804,60960.358055600002,18.8830414,0.0521129742,0,zr,8.9722945999999997,43.561484999999998,0.512000024,-0.0149999997,20251012358009,695,0x10,0x1,20.9799995,26.156971,0.0188801661,0.0812318623,2.80226391e-06,30,1.05299997,1
695216100007825,321219385,2460966.6986786257,60966.193854199999,18.9641514,0.0553116202,0,zr,8.9723237999999998,43.561498399999998,0.268000007,0.00100000005,20251018193843,695,0x10,0x1,20.6900005,26.1471043,0.0266523063,0.0854861438,5.52204529e-06,30,1.11899996,1
695216100007825,321429958,2460968.8044111747,60968.299583300002,18.6941166,0.0454391055,0,zr,8.9723065000000002,43.5614743,1.34300005,-0.112000003,20251020299572,695,0x10,0x1,21.3400002,26.161974,0.0183488801,0.0808046833,2.63088236e-06,30,1.01400006,1
695316100023052,54846557,2458302.9643955799,58302.465578700001,18.8358536,0.0672219172,0,zi,8.9723009000000005,43.561486000000002,0.903999984,-0.0649999976,20180703465556,695,0x10,0x1,20.5300007,25.3858547,0.0243378952,0.194903821,1.03774764e-05,30,1.18400002,2
695316100023052,55343230,2458307.9315006589,58307.432303200003,18.8833179,0.0696763769,0,zi,8.9723322000000003,43.561492299999998,0.697000027,-0.138999999,20180708432268,695,0x10,0x1,20.3600006,25.2953186,0.0236668419,0.184394062,9.39225356e-06,30,1.26499999,2
695316100023052,55839408,2458312.8936701845,58312.394085599997,19.0973949,0.0818870589,0,zi,8.9723006000000005,43.561486199999997,0.284000009,-0.0109999999,20180713394063,695,0x10,0x1,20.5300007,25.083395,0.0294450484,0.187718198,1.54399495e-05,30,1.40199995,2
695316100023052,56548828,2458319.988431545,58319.488287,19.2103558,0.0891197547,0,zi,8.9723465000000004,43.561483000000003,1.12899995,-0.143000007,20180720488264,695,0x10,0x1,20.8700008,25.411356,0.0188485384,0.184884414,6.0440384e-06,30,1.02900004,2
695316100023052,57138695,2458325.8875664859,58325.386956000002,19.6176834,0.119932726,0,zi,8.9723325999999997,43.561512700000002,0.958999991,-0.372000009,20180726386933,695,0x10,0x1,19.7900009,25.3726826,0.0308175143,0.193251967,1.62583492e-05,30,1.24800003,2
695316100023052,57538914,2458329.8900679583,58329.389143499997,19.2577705,0.0923241377,0,zi,8.9722896999999993,43.5615089,0.833000004,-0.112000003,20180730389132,695,0x10,0x1,20.2000008,25.3497715,0.024552159,0.19370234,1.00932702e-05,30,1.19400001,2
695316100023052,57942277,2458333.9240153339,58333.422777799999,20.363842,0.189527601,0,zi,8.9722342000000008,43.561427100000003,0.734000027,-0.275999993,20180803422778,695,0x10,0x1,20.5200005,25.3848419,0.0213610567,0.189610481,7.70904353e-06,30,1.07000005,2
695316100023052,58347013,2458337.9716857267,58337.470138899997,19.5327263,0.112899512,0,zi,8.9723032000000007,43.5615345,0.72299999,-0.145999998,20180807470139,695,0x10,0x1,20.7700005,25.4247265,0.0195767451,0.188747749,6.45009368e-06,30,1.00699997,2
695316100023052,58838619,2458342.888105954,58342.386192099999,19.5274124,0.112469882,0,zi,8.9722822000000004,43.561545799999998,1.023,-0.328999996,20180812386157,695,0x10,0x1,20.4599991,25.3484135,0.0219420586,0.194354802,7.89464048e-06,30,1.09500003,2
695316100023052,59338871,2458347.8909902778,58347.388715300003,19.8574047,0.141306892,0,zi,8.9723477999999997,43.561445900000002,0.569000006,-0.0920000002,20180817388681,695,0x10,0x1,20.8299999,25.3364048,0.0233685523,0.191296443,9.15639248e-06,30,1.06200004,2
695316100023052,59734431,2458351.8468670058,58351.344317100004,19.0702724,0.0802333653,0,zi,8.9723106000000001,43.561487900000003,1.14199996,-0.0769999996,20180821344317,695,0x10,0x1,20.8600006,25.3802719,0.0234136488,0.197462529,9.5484902e-06,30,1.14199996,2
695316100023052,60830038,2458362.8036341718,58362.300381900001,19.3492126,0.0987894386,0,zi,8.9722719000000009,43.561531799999997,0.363000005,-0.0189999994,20180901300359,695,0x10,0x1,20.4699993,25.449213,0.0208758749,0.186097905,7.48036155e-06,30,1.18900001,2
695316100023052,61229997,2458366.8034605253,58366.299976900002,19.356741,0.0993385091,0,zi,8.9723409000000007,43.561499300000001,0.944000006,-0.0450000018,20180905299954,695,0x10,0x1,20.5300007,25.4167404,0.0222860295,0.19142057,8.47899719e-06,30,1.153,2
695316100023052,61632466,2458370.8283654447,58370.324664400003,19.3918533,0.101933375,0,zi,8.9723807000000004,43.561488799999999,0.684000015,0.0130000003,20180909324641,695,0x10,0x1,20.4799995,25.435854,0.0205861367,0.188352779,7.4255986e-06,30,1.06500006,2
695316100023052,62030282,2458374.8067237036,58374.302824099999,19.1263466,0.0836874619,0,zi,8.9722769000000007,43.5615606,0.635999978,0.0529999994,20180913302812,695,0x10,0x1,20.2299995,25.4333458,0.0215747077,0.185541645,8.11595237e-06,30,1.08700001,2
695316100023052,62436785,2458378.8719435185,58378.367858799997,18.9405289,0.0727540329,0,zi,8.9723463999999993,43.561536400000001,0.788999975,-0.0340000018,20180917367859,695,0x10,0x1,20.5599995,25.4415283,0.0220243167,0.182476223,8.30111185e-06,30,1.00800002,2
695316100023052,62829008,2458382.794326426,58382.290080999999,18.7286644,0.0619976856,0,zi,8.9723254000000008,43.561477199999999,1.49399996,0.00400000019,20180921290069,695,0x10,0x1,20.6200008,25.4216633,0.0223114565,0.191391066,8.56303723e-06,30,1.06900001,2
695316100023052,63335839,2458387.8628171463,58387.358391200003,18.9383926,0.072636731,0,zi,8.9722945999999997,43.561506600000001,0.806999981,0.0260000005,20180926358380,695,0x10,0x1,20.0900002,25.4223938,0.0255042631,0.188750148,1.11084546e-05,30,1.00999999,2
695316100023052,63340901,2458387.9134437745,58387.409016199999,18.847353,0.067808494,0,zi,8.9722562999999997,43.561543700000001,0.508000016,0.0680000037,20180926408993,695,0x10,0x1,19.8099995,25.4263535,0.0270853359,0.175834686,1.26801888e-05,30,1.06400001,2
695316100023052,64329886,2458397.8035518355,58397.298865700002,18.7502251,0.0630138367,0,zi,8.9723127999999992,43.561486899999998,1.10500002,-0.0649999976,20181006298831,695,0x10,0x1,20.7399998,25.3792248,0.0224631876,0.188386574,8.56735187e-06,30,1.01199996,2
695316100023052,67229168,2458426.7963674092,58426.291689799997,18.3221931,0.0458016805,0,zi,8.9723024999999996,43.5614712,0.736999989,0.0170000009,20181104291678,695,0x10,0x1,20.3400002,25.2571926,0.0271707643,0.193429053,1.26785135e-05,30,1.04499996,2
695316100023052,67328763,2458427.7922955477,58427.287638900001,18.4816456,0.0515211709,0,zi,8.9723243999999998,43.561472199999997,0.788999975,-0.0480000004,20181105287627,695,0x10,0x1,19.6100006,25.1306458,0.035018377,0.193858385,2.16429489e-05,30,1.04299998,2
695316100023052,67622302,2458430.7276078034,58430.223020799996,18.4996376,0.0522154234,0,zi,8.9723004999999993,43.561483799999998,0.786000013,0.0280000009,20181108223009,695,0x10,0x1,20.5,25.4146366,0.0223117154,0.186173856,8.525878e-06,30,1.00600004,2
695316100023052,68024019,2458434.7446696884,58434.240196799998,18.5621109,0.0547070615,0,zi,8.9723047999999999,43.561445499999998,1.32299995,-0.0170000009,20181112240185,695,0x10,0x1,19.8099995,25.4321098,0.0294994395,0.188812628,1.50699861e-05,30,1.01300001,2
695316100023052,91446627,2458668.9651468601,58668.466273099999,19.8731308,0.142776698,0,zi,8.9724190999999998,43.561525899999999,0.657999992,-0.0350000001,20190704465880,695,0x10,0x1,20.3299999,25.3631306,0.0238606669,0.188306287,9.93552294e-06,30,1.17400002,2
695316100023052,91844564,2458672.9448272828,58672.445648100002,19.2593269,0.092431061,0,zi,8.9722776,43.561466299999999,0.740999997,-0.0489999987,20190708445255,695,0x10,0x1,20.5799999,25.3283272,0.0211826637,0.189744845,7.94956759e-06,30,1.21000004,2
695316100023052,92245230,2458676.9517942774,58676.4523032,19.1635456,0.0860543698,0,zi,8.9722507999999994,43.561486500000001,1.14699996,-0.108000003,20190712452280,695,0x10,0x1,20.4200001,25.3205452,0.0234850291,0.183281168,9.42249517e-06,30,1.14900005,2
695316100023052,92844326,2458682.9432264813,58682.443263900001,19.0830269,0.0810070559,0,zi,8.9723368000000008,43.561520199999997,0.294,0.00999999978,20190718443241,695,0x10,0x1,20.4500008,25.3430271,0.0260768197,0.18638356,1.19440638e-05,30,1.12699997,2
695316100023052,93244950,2458686.9497816917,58686.449502299998,19.2180195,0.0896308124,0,zi,8.9723371000000007,43.561471300000001,1.09399998,-0.193000004,20190722449491,695,0x10,0x1,20.3700008,25.3130188,0.0248871576,0.185368761,1.09207122e-05,30,1.08500004,2
695316100023052,93245268,2458686.9529648484,58686.452685199998,19.2039051,0.0886914954,0,zi,8.9723199999999999,43.561418099999997,0.764999986,-0.0579999983,20190722452674,695,0x10,0x1,20.4599991,25.3069057,0.025701249,0.190925345,1.16734864e-05,30,1.07799995,2
695316100023052,93734400,2458691.8446703064,58691.344004600003,19.1160221,0.0830412284,0,zi,8.9723378999999994,43.561461000000001,0.686999977,-0.00300000003,20190727343993,695,0x10,0x1,20.9200001,25.2920227,0.0200464465,0.190289348,6.8121235e-06,30,1.48800004,2
695316100023052,94344833,2458697.9494761447,58697.448333300003,18.4580421,0.0506258979,0,zi,8.9723036999999994,43.561470900000003,0.944999993,-0.00600000005,20190802448322,695,0x10,0x1,21.0699997,25.3330421,0.0209231228,0.198628917,7.43154078e-06,30,1.03600001,2
695316100023052,94742196,2458701.9234157675,58701.421967599999,18.5233154,0.0531448126,0,zi,8.9723246999999997,43.561473599999999,0.773000002,-0.0399999991,20190806421968,695,0x10,0x1,20.8999996,25.2713165,0.0240045134,0.193416715,1.00396201e-05,30,1.05900002,2
695316100023052,95143068,2458705.9324332005,58705.430682899998,18.5307961,0.0534422472,0,zi,8.9723074,43.561480199999998,0.479999989,0.00600000005,20190810430671,695,0x10,0x1,20.9899998,25.3557949,0.0223546103,0.194170147,8.49156913e-06,30,1.03100002,2
695316100023052,95543047,2458709.9325190205,58709.430474499997,18.4773273,0.0513560958,0,zi,8.9723425999999993,43.561465400000003,1.48699999,-0.0579999983,20190814430451,695,0x10,0x1,20.1800003,25.3663273,0.0246816091,0.176571652,1.06612233e-05,30,1.02100003,2
695316100023052,95942607,2458713.9284063494,58713.426076399999,18.6331158,0.0576968566,0,zi,8.9722965000000006,43.561466199999998,0.495999992,-0.075000003,20190818426065,695,0x10,0x1,20.3400002,25.3471165,0.0246055275,0.185568303,1.07928026e-05,30,1.01600003,2
695316100023052,96336903,2458717.8716414641,58717.3690394,19.0986862,0.0819665492,0,zi,8.9723667999999996,43.561487999999997,1.13699996,0.0820000023,20190822369028,695,0x10,0x1,20.1900005,25.3606853,0.024400346,0.178445414,1.04893224e-05,30,1.07599998,2
695316100023052,96838741,2458722.8903517979,58722.387418999999,18.9860535,0.0752982721,0,zi,8.9722864999999992,43.5615022,1.18099999,0.0529999994,20190827387396,695,0x10,0x1,21.1000004,25.2970543,0.0240877233,0.198349983,1.01228161e-05,30,1.028,2
695316100023052,97942776,2458733.9313530447,58733.427766200002,19.2527485,0.0919799507,0,zi,8.9723529000000006,43.561444600000002,1.27900004,-0.155000001,20190907427743,695,0x10,0x1,20.6900005,25.3407478,0.0210359059,0.18275997,7.62930495e-06,30,1.01999998,2
695316100023052,97943410,2458733.9376959847,58733.4341088,19.2446518,0.0914274529,0,zi,8.9723419999999994,43.561466699999997,0.781000018,0.00899999961,20190907434109,695,0x10,0x1,20.7800007,25.3376522,0.0220082626,0.183747694,8.58392377e-06,30,1.02600002,2
695316100023052,98441082,2458738.9146656781,58738.410821799996,18.8073483,0.0657900423,0,zi,8.9722933999999999,43.561483799999998,1.42499995,-0.200000003,20190912410810,695,0x10,0x1,20.3299999,25.3313484,0.0245289542,0.189007863,1.04469746e-05,30,1.01800001,2
695316100023052,98946931,2458743.9733949085,58743.469317100004,18.7127552,0.0612587966,0,zi,8.9724008000000008,43.561462400000003,0.428000003,-0.0120000001,20190917469294,695,0x10,0x1,19.6100006,25.3157558,0.0306822117,0.179360434,1.64753837e-05,30,1.14900005,2
695316100023052,99336069,2458747.8649326246,58747.360694399998,19.2304153,0.0904631466,0,zi,8.9723062999999996,43.561453299999997,0.476000011,-0.00700000022,20190921360567,695,0x10,0x1,20.6599998,25.3154163,0.0255678948,0.188806087,1.14601653e-05,30,1.00800002,2
695316100023052,100336575,2458757.870318762,58757.3657523,19.0030003,0.0762673095,0,zi,8.9722813000000006,43.561469700000004,0.621999979,0.0149999997,20191001365718,695,0x10,0x1,20.3400002,25.3400002,0.0221093595,0.187310308,8.43247108e-06,30,1.023,2
695316100023052,100731060,2458761.8152625612,58761.310601899997,18.9295692,0.0721542686,0,zi,8.9723279999999992,43.561514699999996,0.734000027,-0.112999998,20191005310602,695,0x10,0x1,20.5799999,25.3335686,0.0229155347,0.19199641,9.06233072e-06,30,1.00899994,2
695316100023052,101131013,2458765.8148739478,58765.3101389,18.9584274,0.0737442002,0,zi,8.9723220000000001,43.561498800000003,0.887000024,0.0219999999,20191009310139,695,0x10,0x1,20.5300007,25.3354282,0.0232587028,0.193099484,9.63334605e-06,30,1.00800002,2
695316100023052,101527999,2458769.7847875166,58769.279999999999,18.8013172,0.0654911175,0,zi,8.9722817999999993,43.561534700000003,0.368000001,-0.0700000003,20191013280000,695,0x10,0x1,19.7600002,25.3283176,0.032748498,0.185013503,1.8882105e-05,30,1.01199996,2
695316100023052,114011315,2458894.6127451295,58894.113159699999,18.4563904,0.0505639315,0,zi,8.9723254000000008,43.561478200000003,0.916999996,-0.0549999997,20200215112743,695,0x10,0x1,21.3199997,27.9593906,0.0179324541,0.188797012,5.87622526e-06,300,1.40900004,2
695316100023052,141926125,2459173.7654122887,59173.261250000003,18.5620384,0.0547041371,0,zi,8.9723448999999995,43.561481700000002,0.676999986,-0.00600000005,20201120261076,695,0x10,0x1,20.6499996,25.4910393,0.0194996297,0.190179735,6.51187247e-06,30,1.07099998,2
695316100023052,142626409,2459180.7679370297,59180.264097200001,18.3381805,0.0463412814,0,zi,8.9724219000000005,43.561647000000001,0.99000001,0.0549999997,20201127264097,695,0x10,0x1,18.5699997,25.4821815,0.0470786355,0.181481376,4.02693731e-05,30,1.12199998,2
695316100023052,143031959,2459184.8232224472,59184.3195949,18.6322517,0.0576594286,0,zi,8.9723115,43.561512899999997,0.697000027,-0.0520000011,20201201319583,695,0x10,0x1,19.8400002,25.4872513,0.0259628762,0.185635149,1.16747924e-05,30,1.41400003,2
695316100023052,143326453,2459187.7679994642,59187.264537000003,18.679163,0.0597288311,0,zi,8.9723009999999999,43.561464399999998,0.936999977,0.0710000023,20201204264537,695,0x10,0x1,19.3700008,25.4911633,0.0335036777,0.188624367,1.90906576e-05,30,1.18200004,2
695316100023052,144614351,2459200.6461612014,59200.143518500001,18.6472492,0.058312621,0,zi,8.9722886000000006,43.561503799999997,1.27900004,-0.0689999983,20201217143519,695,0x10,0x1,20.2099991,25.2342491,0.0260890666,0.18536374,1.1555805e-05,30,1.01600003,2
695316100023052,144913667,2459203.6391104758,59203.136678199997,18.3416557,0.046459537,0,zi,8.9722492999999996,43.561475299999998,0.492000014,-0.0309999995,20201220136667,695,0x10,0x1,20.2099991,25.4946556,0.0223264545,0.186533377,8.25319057e-06,30,1.01699996,2
695316100023052,145213548,2459206.6377012832,59206.1354861,18.5482998,0.0541452616,32768,zi,8.9721879999999992,43.5614554,0.294999987,0.111000001,20201223135486,695,0x10,0x1,18.5,24.4603004,0.0475509949,0.181202456,4.28311178e-05,30,1.02199996,2
695316100023052,145717778,2459211.6796271326,59211.177789399997,18.5542641,0.0543870963,0,zi,8.9723705999999996,43.561455700000003,0.81099999,-0.0680000037,20201228177789,695,0x10,0x1,19.9300003,25.4942646,0.0241748076,0.185232475,1.01471869e-05,30,1.11699998,2
695316100023052,146617438,2459220.6755203684,59220.174386600003,18.898571,0.0704841092,0,zi,8.9722953000000008,43.561464600000001,0.540000021,0.00200000009,20210106174375,695,0x10,0x1,20.4099998,25.4755707,0.0220618006,0.185205221,8.30034151e-06,30,1.18200004,2
695316100023052,146921834,2459223.719233999,59223.2183449,19.5166016,0.111599654,0,zi,8.9723012000000004,43.561497899999999,0.5,-0.0430000015,20210109218333,695,0x10,0x1,20.0699997,25.4666023,0.0236645229,0.187005207,9.70158362e-06,30,1.45000005,2
695316100023052,147213846,2459226.6391130686,59226.138460599999,19.2963772,0.0950078294,0,zi,8.9724786000000005,43.561382899999998,0.505999982,-0.0370000005,20210112138461,695,0x10,0x1,19.5799999,25.4583778,0.0321272537,0.190427899,1.7903847e-05,30,1.12100005,2
695316100023052,147515868,2459229.659086863,59229.158680599998,19.3832741,0.101294212,0,zi,8.9719902000000005,43.5613338,0.765999973,0.0109999999,20210115158681,695,0x10,0x1,19.3099995,25.4682732,0.0388284214,0.187863559,2.63106576e-05,30,1.21599996,2
695316100023052,147823834,2459232.7384994696,59232.238344899997,19.1968079,0.0882225707,0,zi,8.9723568999999994,43.5614816,1.27499998,-0.131999999,20210118238345,695,0x10,0x1,20.4200001,25.4318085,0.0238433462,0.191484898,1.00549441e-05,30,1.89600003,2
695316100023052,149913276,2459253.6312529952,59253.132766199997,19.2128868,0.0892882571,0,zi,8.9723804999999999,43.561515100000001,0.270999998,-0.061999999,20210208132766,695,0x10,0x1,20.2099991,25.4428864,0.0254183188,0.178960934,1.13279393e-05,30,1.42499995,2
695316100023052,150219458,2459256.6928393403,59256.194583299999,18.8984241,0.0704762265,0,zi,8.9723406000000008,43.561491500000002,1.09099996,-0.158000007,20210211194583,695,0x10,0x1,19.8700008,25.3704243,0.0292241108,0.187268719,1.5671847e-05,30,2.2579999,2
695316100023052,151413976,2459268.6371836299,59268.139768499997,19.0409966,0.07848382,0,zi,8.9723483999999996,43.561500100000003,0.904999971,-0.167999998,20210223139757,695,0x10,0x1,19.9099998,25.4699955,0.0298646353,0.178670421,1.57491013e-05,30,1.89400005,2
695316100023052,162544530,2459379.9427845194,59379.445300899999,18.8310089,0.066976361,0,zi,8.9723602000000007,43.561444899999998,1.24699998,-0.108000003,20210614445301,695,0x10,0x1,20.2399998,25.4550095,0.0246750563,0.18531388,1.08211016e-05,30,1.61300004,2
695316100023052,163145052,2459385.9484077124,59385.450520799997,18.6230736,0.0572635643,0,zi,8.9722753999999991,43.561488500000003,1.21099997,-0.112000003,20210620450509,695,0x10,0x1,20.2900009,25.4300747,0.0219226275,0.195932299,8.88381874e-06,30,1.43799996,2
695316100023052,163737907,2459391.8773816675,59391.379074099998,19.2042809,0.0887164548,0,zi,8.9722065999999998,43.561610799999997,0.200000003,0.0540000014,20210626379074,695,0x10,0x1,19.5699997,25.4112816,0.0348957144,0.179870218,2.15709752e-05,30,2.0250001,2
695316100023052,164040679,2459394.9053238104,59394.406794000002,19.6806717,0.125341251,0,zi,8.9722799999999996,43.561495600000001,0.588999987,-0.152999997,20210629406782,695,0x10,0x1,19.9599991,25.3526707,0.0273560006,0.188324615,1.39844587e-05,30,1.59099996,2
695316100023052,164544883,2459399.9477401334,59399.448831000002,19.4057789,0.102977812,0,zi,8.9722407000000004,43.561451599999998,0.785000026,0.0599999987,20210704448819,695,0x10,0x1,20.3700008,25.4057789,0.0222502444,0.19241184,9.0161102e-06,30,1.23599994,2
695316100023052,164944745,2459403.9466703064,59403.447453699999,19.2882729,0.0944388583,0,zi,8.9722837000000002,43.5614615,0.414000005,-0.0419999994,20210708447442,695,0x10,0x1,20.8099995,25.3932724,0.0219673142,0.188768178,8.540218e-06,30,1.19799995,2
695316100023052,165340828,2459407.9078124566,59407.408286999998,19.1492329,0.085136503,0,zi,8.9722974000000004,43.561471500000003,0.529999971,-0.0299999993,20210712408275,695,0x10,0x1,20.6599998,25.2372322,0.0264092311,0.189819515,1.28399461e-05,30,1.32700002,2
695316100023052,165743292,2459411.9327704152,59411.432928200004,18.9319077,0.0722818002,0,zi,8.9723272000000005,43.561473999999997,1.10099995,-0.116999999,20210716432917,695,0x10,0x1,20.7700005,25.2999077,0.0244271345,0.188271731,1.06526968e-05,30,1.17200005,2
695316100023052,166340752,2459417.9078376661,59417.407523100002,19.167141,0.0862863809,0,zi,8.9723257000000007,43.561468599999998,0.746999979,-0.0769999996,20210722407523,695,0x10,0x1,19.5200005,24.8861408,0.03824123,0.167019606,2.86630057e-05,30,1.20500004,2
695316100023052,166946986,2459423.9706534105,59423.469861099999,19.3739777,0.100605421,32768,zi,8.9724702000000001,43.561405200000003,0.592999995,-0.158999994,20210728469861,695,0x10,0x1,19.3199997,24.7579784,0.0431694984,0.184291422,3.45914013e-05,30,1.02600002,2
695316100023052,167644650,2459430.9478386738,59430.446504599997,20.3107929,0.184695125,0,zi,8.9721878000000004,43.561492100000002,0.722000003,-0.187999994,20210804446505,695,0x10,0x1,20.9699993,25.4387932,0.0206651874,0.195015535,7.63596654e-06,30,1.03100002,2
695316100023052,168040341,2459434.905049189,59434.403414400003,19.5922813,0.117797635,0,zi,8.9723182999999995,43.561457300000001,0.561999977,-0.0610000007,20210808403391,695,0x10,0x1,21.0300007,25.4322815,0.0214045439,0.194726959,8.34528691e-06,30,1.08099997,2
695316100023052,168442861,2459438.9305451298,59438.428611099996,20.1307068,0.167518228,0,zi,8.9722515999999999,43.561441799999997,0.930999994,0.0920000002,20210812428600,695,0x10,0x1,20.8799992,25.3367062,0.0228357185,0.194283158,9.42645056e-06,30,1.02699995,2
695316100023052,168943468,2459443.9369820515,59443.434687499997,19.977951,0.152729392,0,zi,8.9722747999999992,43.561492000000001,0.395999998,-0.0960000008,20210817434688,695,0x10,0x1,20.8400002,25.2709503,0.025475584,0.199135438,1.18834369e-05,30,1.01199996,2
695316100023052,169530457,2459449.8072694177,59449.304571799999,20.1599197,0.170348883,0,zi,8.9724009999999996,43.561489100000003,0.86500001,-0.474000007,20210823304549,695,0x10,0x1,19.9799995,25.4369202,0.0265106317,0.182120547,1.2932881e-05,30,1.27199996,2
695316100023052,169940612,2459453.9090875769,59453.406122699998,20.045578,0.159256354,0,zi,8.9723217000000002,43.561523800000003,0.666000009,-0.0560000017,20210827406111,695,0x10,0x1,20.5599995,25.472578,0.0218820721,0.191748843,8.66319897e-06,30,1.01300001,2
695316100023052,170432274,2459458.8260105629,59458.322743099998,19.8249817,0.138299286,0,zi,8.9723482000000008,43.561426900000001,1.02100003,-0.230000004,20210901322731,695,0x10,0x1,20.6000004,25.4259815,0.02275493,0.196147323,9.27380916e-06,30,1.11699998,2
695316100023052,170734157,2459461.8450168842,59461.341574099999,19.3536491,0.0991127491,0,zi,8.9723178000000008,43.561496200000001,0.882000029,-0.0890000015,20210904341528,695,0x10,0x1,20.8099995,25.4676495,0.0215805862,0.19155854,8.37154766e-06,30,1.05900002,2
695316100023052,171036840,2459464.8720127363,59464.368402799999,19.5961838,0.118123911,0,zi,8.9722757000000009,43.561481299999997,1.61899996,-0.0810000002,20210907368391,695,0x10,0x1,20.7199993,25.4351845,0.0234164968,0.190036625,9.99272379e-06,30,1.01800001,2
695316100023052,171334189,2459467.8456633235,59467.3418981,19.2826042,0.0940427035,0,zi,8.9722892000000005,43.5614475,0.731000006,0.0219999999,20210910341898,695,0x10,0x1,21.0599995,25.4156036,0.0226866603,0.193731248,9.10171002e-06,30,1.03499997,2
695316100023052,171635156,2459470.855475462,59470.3515625,19.408514,0.103184044,0,zi,8.9722766000000007,43.561477600000003,0.397000015,-0.0700000003,20210913351551,695,0x10,0x1,20.7099991,25.4595146,0.0211145077,0.185804993,8.05306445e-06,30,1.01800001,2
695316100023052,171941173,2459473.9157891329,59473.411736100003,19.5917053,0.117749564,0,zi,8.9723027000000002,43.561453800000002,0.967999995,-0.0689999983,20210916411736,695,0x10,0x1,20.6499996,25.4857044,0.0233530253,0.184953704,9.4531224e-06,30,1.02999997,2
695316100023052,172531799,2459479.8222908676,59479.317997700004,19.6889954,0.126067877,0,zi,8.9722943999999991,43.561500500000001,0.263000011,-0.0489999987,20210922317951,695,0x10,0x1,20.0799999,25.4419956,0.0279327743,0.181104347,1.38192008e-05,30,1.02499998,2
695316100023052,172931038,2459483.8148138463,59483.310381900003,19.3064537,0.0957192481,0,zi,8.9722644000000003,43.561500199999998,0.81099999,-0.00800000038,20210926310370,695,0x10,0x1,19.7600002,25.3914547,0.0397202,0.180609941,2.75205912e-05,30,1.02199996,2
695316100023052,173330466,2459487.8092153431,59487.304664399999,19.5525055,0.114509344,0,zi,8.9723597000000002,43.561458100000003,0.215000004,-0.0140000004,20210930304653,695,0x10,0x1,20.5200005,25.426506,0.0227968488,0.193205342,9.07126559e-06,30,1.01800001,2
695316100023052,173732274,2459491.8273930098,59491.322743099998,19.4407215,0.105637118,32768,zi,8.9722858999999993,43.5615071,0.75999999,-0.104999997,20211004322731,695,0x10,0x1,20.4099998,25.2567215,0.0267038289,0.189389482,1.21115272e-05,30,1.00800002,2
695316100023052,174235104,2459496.8557851976,59496.3510417,19.1060085,0.0824189112,0,zi,8.9723200999999992,43.561489999999999,0.809000015,-0.118000001,20211009351019,695,0x10,0x1,20.3299999,25.4670086,0.0213919804,0.187828436,7.79711172e-06,30,1.03199995,2
695316100023052,174830082,2459502.8056315202,59502.300821800003,19.6503258,0.122715533,0,zi,8.9724418000000004,43.561450700000002,0.48300001,-0.164000005,20211015300822,695,0x10,0x1,20.0599995,25.476326,0.0234113764,0.192589283,9.35088701e-06,30,1.00899994,2
695316100023052,175132032,2459505.8251487371,59505.320324100001,20.0589466,0.160552263,0,zi,8.9722343999999996,43.561512200000003,0.634000003,-0.345999986,20211018320324,695,0x10,0x1,19.9099998,25.4699459,0.026772432,0.188310623,1.21080484e-05,30,1.02600002,2
695316100023052,175529789,2459509.8027185244,59509.297893499999,19.5804729,0.11681433,0,zi,8.9723620000000004,43.561452799999998,1.01300001,0.0250000004,20211022297894,695,0x10,0x1,19.9899998,25.5034733,0.0245865304,0.185048357,1.03472057e-05,30,1.01699996,2
695316100023052,175826431,2459512.7691280958,59512.264317100002,19.4400406,0.105584785,0,zi,8.9723424000000005,43.561513099999999,0.458000004,-0.0299999993,20211025264132,695,0x10,0x1,20.5,25.4730415,0.0211438481,0.192070395,7.71824762e-06,30,1.00800002,2
695316100023052,176330999,2459517.8147590039,59517.309999999998,20.2455921,0.178575903,0,zi,8.9722922999999994,43.561463600000003,0.335000008,0.103,20211030309988,695,0x10,0x1,20.6000004,25.4995918,0.0214549508,0.186665192,7.98592191e-06,30,1.05499995,2
695316100023052,176632821,2459520.8329285965,59520.328217599999,19.514286,0.111413978,0,zi,8.9722597999999998,43.561501100000001,0.643000007,0.0480000004,20211102328206,695,0x10,0x1,20.6100006,25.4852867,0.0198180471,0.187627181,6.64891877e-06,30,1.10899997,2
695316100023052,176917532,2459523.6799783139,59523.175324099997,19.6584148,0.123411886,0,zi,8.9722510999999994,43.561441000000002,0.439999998,-0.023,20211105175312,695,0x10,0x1,20.7800007,25.491415,0.0216062646,0.187058792,8.05390482e-06,30,1.05400002,2
695316100023052,177529199,2459529.7964856089,59529.291990700003,20.2535915,0.179334983,0,zi,8.9723249000000003,43.561509999999998,0.316000015,-0.0670000017,20211111291991,695,0x10,0x1,19.9599991,25.4925919,0.0267932434,0.186026141,1.23135733e-05,30,1.08200002,2
695316100023052,177815162,2459532.6560238311,59532.1516204,19.3402653,0.0981402174,0,zi,8.9722480999999998,43.561509299999997,0.467999995,-0.0469999984,20211114151620,695,0x10,0x1,20.4099998,25.5012646,0.0203292742,0.187221363,7.44266572e-06,30,1.05299997,2
695316100023052,179620299,2459550.7065913337,59550.202997699998,19.2103558,0.0891197547,0,zi,8.9723360999999997,43.561481299999997,1.125,-0.0209999997,20211202202998,695,0x10,0x1,20.6200008,25.4813557,0.0208228454,0.191970482,7.31497857e-06,30,1.03199995,2
695316100023052,198444905,2459738.9461444602,59738.449050900002,19.1704712,0.086501807,0,zi,8.9723591000000003,43.561459599999999,0.523000002,-0.120999999,20220608449028,695,0x10,0x1,20.2399998,25.3794708,0.0233990289,0.185266137,9.82530582e-06,30,1.75199997,2
695316100023052,199444202,2459748.9397577117,59748.4420255,18.9153671,0.0713842213,0,zi,8.9724220999999993,43.561433100000002,0.612999976,-0.114,20220618442025,695,0x10,0x1,19.8400002,25.4423676,0.0263774395,0.191809013,1.25257566e-05,30,1.551,2
695316100023052,199940166,2459753.8997425404,59753.401666700003,19.4134159,0.10355439,0,zi,8.9723369999999996,43.561514899999999,0.391000003,0.0240000002,20220623401644,695,0x10,0x1,20.25,25.3574162,0.0248192381,0.186605424,1.17630871e-05,30,1.83000004,2
695316100023052,200744885,2459761.9475178234,59761.448854200004,19.1646938,0.0861284733,0,zi,8.9722901999999998,43.561431300000002,0.703000009,0.0399999991,20220701448843,695,0x10,0x1,20.5799999,25.431694,0.0213682801,0.190670937,8.14523537e-06,30,1.27699995,2
695316100023052,201044406,2459764.942952517,59764.444062499999,19.1038265,0.0822838396,0,zi,8.9723027000000002,43.561497500000002,0.889999986,-0.147,20220704444051,695,0x10,0x1,20.6299992,25.4618263,0.0202388726,0.186879829,7.34640435e-06,30,1.26100004,2
695316100023052,202944531,2459783.9456892279,59783.4453125,19.7820187,0.134364977,0,zi,8.9723457,43.561464200000003,1.01600003,-0.202000007,20220723445301,695,0x10,0x1,20.8400002,25.4070187,0.0211844854,0.189820975,8.68420193e-06,30,1.08700001,2
695316100023052,203242994,2459786.9305544654,59786.429942100003,19.4877453,0.109302141,0,zi,8.9723258000000001,43.561501399999997,1.58800006,-0.261000007,20220726429942,695,0x10,0x1,20.6399994,25.3897457,0.0249811746,0.179968372,1.17437658e-05,30,1.10300004,2
695316100023052,203543393,2459789.9347836478,59789.433935200002,19.525301,0.112299532,0,zi,8.9723453000000006,43.5614949,0.980000019,-0.188999996,20220729433924,695,0x10,0x1,20.6900005,25.3263016,0.0199121721,0.192065611,7.04742024e-06,30,1.07599998,2
695316100023052,203943606,2459793.9372249711,59793.4360648,19.388895,0.10171257,0,zi,8.9723047000000005,43.561497000000003,0.259000003,-0.0120000001,20220802436065,695,0x10,0x1,20.7800007,25.3928947,0.0228275377,0.195010647,9.34840409e-06,30,1.05299997,2
695316100023052,204345026,2459797.9517344465,59797.450266200001,19.3274689,0.0972178802,0,zi,8.9722919000000001,43.561457900000001,0.709999979,-0.0560000017,20220806450255,695,0x10,0x1,20.8799992,25.4604683,0.0268381815,0.193513066,1.32988434e-05,30,1.02199996,2
695316100023052,204634712,2459800.8488164693,59800.347129599999,19.4114246,0.103403762,0,zi,8.9721200999999997,43.561497899999999,0.943000019,0.170000002,20220809347130,695,0x10,0x1,20.0900002,25.2694244,0.0374573655,0.183821306,2.64887476e-05,30,1.255,2
695316100023052,205042749,2459804.929488617,59804.427499999998,19.5676537,0.115753658,0,zi,8.972194,43.561556299999999,0.901000023,-0.565999985,20220813427500,695,0x10,0x1,19.5,25.3296547,0.0382732749,0.187267438,2.77310392e-05,30,1.02600002,2
695316100023052,205347387,2459807.9760856987,59807.473877299999,19.4794693,0.108649924,0,zi,8.9722819999999999,43.561473200000002,0.805999994,0.0850000009,20220816473877,695,0x10,0x1,20.3199997,25.4464703,0.0258140285,0.184851393,1.17785085e-05,30,1.01199996,2
695316100023052,205626398,2459810.766386461,59810.2639815,19.5308075,0.112744212,0,zi,8.9722901000000004,43.561491599999997,0.947000027,0.134000003,20220819263982,695,0x10,0x1,20.0699997,25.2888069,0.0265543237,0.190931335,1.35009659e-05,30,1.63100004,2
695316100023052,205936177,2459813.8643883937,59813.361770800002,19.5692463,0.115885079,0,zi,8.9722553000000005,43.561463400000001,0.899999976,0.0130000003,20220822361771,695,0x10,0x1,20.7199993,25.4052467,0.0196750443,0.187855229,6.86590693e-06,30,1.09000003,2
695316100023052,206240313,2459816.9059564038,59816.403136599998,20.1783943,0.172134489,0,zi,8.9723249000000003,43.561463400000001,0.240999997,0.0909999982,20220825403137,695,0x10,0x1,20.6000004,25.1213932,0.0284974724,0.190585122,1.53559631e-05,30,1.01900005,2
695316100023052,206536285,2459819.8658686345,59819.362858799999,19.7058659,0.127548754,0,zi,8.9722833000000008,43.561492000000001,0.934000015,0.0149999997,20220828362847,695,0x10,0x1,20.9099998,25.4408665,0.0242017247,0.184230521,1.05014042e-05,30,1.05700004,2
695316100023052,206938583,2459823.8890898437,59823.385833300003,20.2521057,0.179194167,0,zi,8.9724409000000005,43.561535399999997,0.191,0.0529999994,20220901385822,695,0x10,0x1,20.4799995,25.4421062,0.0243048761,0.190995783,1.1106953e-05,30,1.01699996,2
695316100023052,208834170,2459842.8459089063,59842.341701400001,19.2326279,0.0906124115,0,zi,8.9723082000000005,43.561511099999997,1.17700005,-0.207000002,20220920341701,695,0x10,0x1,20.6000004,25.4716282,0.0203930549,0.189874873,7.22673121e-06,30,1.01300001,2
695316100023052,209234291,2459846.8472742108,59846.342916699999,19.3017998,0.095390074,0,zi,8.9723226,43.561496400000003,1.30200005,0.0579999983,20220924342905,695,0x10,0x1,20.5499992,25.4487991,0.0201623384,0.186766475,7.26374628e-06,30,1.00899994,2
695316100023052,209538137,2459849.8858356043,59849.3813773,19.3088245,0.0958873481,0,zi,8.9723226,43.561451699999999,0.305000007,-0,20220927381377,695,0x10,0x1,20.5200005,25.4718246,0.0216741599,0.186052799,8.45513478e-06,30,1.02900004,2
695316100023052,209941079,2459853.9153724886,59853.410798600002,19.2578201,0.0923275799,0,zi,8.9723472999999991,43.561485300000001,1.12800002,-0.061999999,20221001410741,695,0x10,0x1,20.7800007,25.4668198,0.0221997108,0.184411049,8.92493335e-06,30,1.09599996,2
695316100023052,210236981,2459856.8744601584,59856.369814799997,18.9429054,0.0728847682,0,zi,8.9722884999999994,43.561513400000003,0.883000016,-0.0410000011,20221004369815,695,0x10,0x1,20.4500008,25.4379063,0.0221928786,0.196656868,8.67754989e-06,30,1.03799999,2
695316100023052,210538331,2459859.8880164302,59859.383310199999,18.8962498,0.0703605339,0,zi,8.9723590000000009,43.561497899999999,0.763999999,-0.123999998,20221007383252,695,0x10,0x1,20.2999992,25.4412498,0.0236166399,0.186533377,1.01217083e-05,30,1.07200003,2
695316100023052,210834979,2459862.8545460035,59862.349791699999,19.0187912,0.0771811157,0,zi,8.9723030999999995,43.5614773,0.523999989,0.0270000007,20221010349734,695,0x10,0x1,19.9899998,25.4487915,0.0280523561,0.189747915,1.39807944e-05,30,1.03299999,2
695316100023052,211130166,2459865.8064570152,59865.301666699997,18.9963894,0.0758879185,0,zi,8.9722854999999999,43.561495200000003,0.832000017,-0.119999997,20221013301655,695,0x10,0x1,20.2099991,25.4433899,0.0244864449,0.186336577,1.05015715e-05,30,1.00800002,2
695316100023052,211628315,2459870.7879836666,59870.283159699997,19.0852852,0.0811448246,0,zi,8.9722758999999996,43.561536199999999,0.605000019,-0.0489999987,20221018283148,695,0x10,0x1,20.4899998,25.4442863,0.0212902743,0.199107483,7.99227382e-06,30,1.00800002,2
695316100023052,211930174,2459873.8065753002,59873.301747700003,19.0393028,0.0783837065,32768,zi,8.9722775000000006,43.561510599999998,0.765999973,-0.0649999976,20221021301748,695,0x10,0x1,20.0200005,24.997303,0.0455185734,0.174809724,3.82303006e-05,30,1.01699996,2
695316100023052,212332302,2459877.827833422,59877.323020800002,19.0860596,0.0811920464,0,zi,8.9722877000000008,43.561504800000002,1.30799997,-0.0439999998,20221025323021,695,0x10,0x1,20.5,25.4520607,0.0246695075,0.190257296,1.01616497e-05,30,1.05299997,2
695316100023052,212925927,2459883.7640199293,59883.259270800001,19.0145512,0.0769347101,0,zi,8.9723419,43.561520899999998,0.587000012,-0.0260000005,20221031259120,695,0x10,0x1,20.3099995,25.4525509,0.0240293201,0.19144468,1.01171072e-05,30,1.00999999,2
695316100023052,213332516,2459887.8298394191,59887.325162000001,19.1428108,0.0847275779,0,zi,8.9723181000000007,43.561516900000001,0.975000024,-0.122000001,20221104325162,695,0x10,0x1,20.1000004,25.4348106,0.023578262,0.188125387,9.41149483e-06,30,1.11300004,2
695316100023052,214126428,2459895.768755456,59895.2642824,18.9399986,0.0727249533,0,zi,8.9724082999999997,43.561503799999997,0.736000001,-0.120999999,20221112264282,695,0x10,0x1,20.1499996,25.461998,0.022609245,0.186722919,8.6300679e-06,30,1.03900003,2
695316100023052,214434532,2459898.8496953971,59898.345324100002,19.0641289,0.0798632279,0,zi,8.9723503000000004,43.561469899999999,0.699999988,-0.00100000005,20221115345324,695,0x10,0x1,20.3400002,25.4491291,0.0230860263,0.190458745,9.03290129e-06,30,1.301,2
695316100023052,214823471,2459902.7389361849,59902.234710600002,19.1255531,0.0836376026,0,zi,8.9723135000000003,43.561499499999996,0.660000026,0.0729999989,20221119234688,695,0x10,0x1,20.4300003,25.4605541,0.0207372103,0.190262154,7.06527044e-06,30,1.02699995,2
695316100023052,215115180,2459905.6559094526,59905.151805599999,18.9651985,0.0741221905,32768,zi,8.9723235999999993,43.5614749,1.25999999,0.0769999996,20221122151806,695,0x10,0x1,20.2700005,25.0431976,0.0732355714,0.177517131,9.9336241e-05,30,1.02600002,2
695316100023052,215930081,2459913.8045203178,59913.300810200002,19.0826683,0.0809852555,0,zi,8.9722472999999994,43.561497199999998,0.856999993,-0.164000005,20221130300799,695,0x10,0x1,19.4599991,25.4486694,0.0351858623,0.191061676,2.14341962e-05,30,1.28299999,2
695316100023052,217923710,2459933.7395686805,59933.237106499997,19.2098198,0.0890840739,32768,zi,8.9722019,43.561469600000002,0.648999989,0.134000003,20221220237095,695,0x10,0x1,19.2000008,24.7188206,0.03944299,0.175467715,2.69135326e-05,30,1.24100006,2
695316100023052,234945124,2460103.9483281579,60103.451249999998,19.4318523,0.104956932,32768,zi,8.9722039999999996,43.561406099999999,0.638999999,0.0900000036,20230608451250,695,0x10,0x1,19.5100002,24.8458519,0.0375244506,0.186144114,2.44159928e-05,30,1.73500001,2
695316100023052,235643350,2460110.9310217439,60110.433506900001,19.0786343,0.0807398632,0,zi,8.9723468000000004,43.5614724,0.783999979,-0.0979999974,20230615433495,695,0x10,0x1,20.1100006,25.3506336,0.0247085448,0.187521458,1.08343411e-05,30,1.72000003,2
695316100023052,235941028,2460113.9080020031,60113.410289400003,19.2867641,0.0943333209,0,zi,8.9723021999999997,43.561483699999997,0.551999986,-0.0140000004,20230618410289,695,0x10,0x1,20.25,25.4117641,0.023947712,0.19050546,1.01562728e-05,30,1.90600002,2
695316100023052,236242810,2460116.926021331,60116.428101899997,19.2554016,0.0921616703,0,zi,8.9723225000000006,43.561458500000001,0.648000002,0.0209999997,20230621428090,695,0x10,0x1,19.6299992,25.3984013,0.0294688847,0.193392619,1.55361795e-05,30,1.60800004,2
695316100023052,236645841,2460120.9566189684,60120.458414399996,18.9310112,0.0722328648,0,zi,8.9723676000000001,43.561480000000003,0.588,0.0439999998,20230625458403,695,0x10,0x1,20.2099991,25.4410114,0.022432005,0.191979706,8.96405436e-06,30,1.31500006,2
695316100023052,237943490,2460133.9340837491,60133.434907399998,18.7813263,0.0645101368,0,zi,8.9723597999999996,43.561491099999998,0.513999999,-0.0780000016,20230708434896,695,0x10,0x1,20.5,25.4633255,0.0214135833,0.182469353,8.51052027e-06,30,1.25600004,2
695316100023052,238344957,2460137.9490606193,60137.449571800003,19.010807,0.0767177641,0,zi,8.9723054999999992,43.561477699999998,0.753000021,0.0419999994,20230712449560,695,0x10,0x1,20.5900002,25.3908062,0.0239547472,0.190777376,1.05148938e-05,30,1.15699995,2
695316100023052,239046609,2460144.9661412453,60144.466099500001,19.2114487,0.0891924202,0,zi,8.9723135000000003,43.561468099999999,0.287,-0.0599999987,20230719466088,695,0x10,0x1,20.8199997,25.4484482,0.0200596787,0.189886734,7.27051929e-06,30,1.06799996,2
695316100023052,239343092,2460147.931202265,60147.4309259,18.9324627,0.0723121315,0,zi,8.9723500999999999,43.561450200000003,0.643999994,-0.0529999994,20230722430741,695,0x10,0x1,20.5799999,25.3974628,0.0232206769,0.180876851,1.09522916e-05,30,1.13100004,2
695316100023052,239646586,2460150.9663843489,60150.4658681,19.1214638,0.083381258,0,zi,8.9723056999999997,43.561464100000002,0.601999998,-0.0219999999,20230725465868,695,0x10,0x1,20.7199993,25.3974648,0.022023676,0.197543815,9.30407532e-06,30,1.04200006,2
695316100023052,240139361,2460155.8945144773,60155.3936111,18.9055996,0.0708594099,0,zi,8.9722988000000008,43.561471500000003,0.704999983,0.0489999987,20230730393611,695,0x10,0x1,20.6100006,25.4165993,0.0254549962,0.182932153,1.20947179e-05,30,1.17999995,2
695316100023052,240541224,2460159.9134608628,60159.412245400003,18.8965321,0.0703755543,0,zi,8.9723083999999993,43.561453299999997,0.787,-0.0729999989,20230803412234,695,0x10,0x1,20.2600002,25.4565315,0.0216049571,0.184095085,8.61676017e-06,30,1.09500003,2
695316100023052,240843081,2460162.9322570628,60162.4308102,19.3878746,0.101636514,0,zi,8.9723495,43.5614718,0.855000019,-0.0280000009,20230806430799,695,0x10,0x1,20.6200008,25.4648743,0.0217688009,0.191026926,8.92648859e-06,30,1.04499996,2
695316100023052,241539380,2460169.8957752432,60169.3938079,19.0505028,0.0790478885,0,zi,8.9722829999999991,43.561466199999998,0.797999978,-0.0549999997,20230813393796,695,0x10,0x1,20.9200001,25.428503,0.0224430989,0.196833476,9.03975342e-06,30,1.07599998,2
695316100023052,241942472,2460173.9269800857,60173.424722199998,19.2119217,0.0892239287,0,zi,8.9722725000000008,43.561499599999998,0.521000028,-0.0799999982,20230817424711,695,0x10,0x1,20.8700008,25.4429226,0.0200647935,0.191990241,7.74109776e-06,30,1.01900005,2
695316100023052,242441502,2460178.9176270673,60178.415023100002,18.9980659,0.0759839341,0,zi,8.9723249000000003,43.561452799999998,0.976999998,-0.075000003,20230822415012,695,0x10,0x1,21.0599995,25.4670658,0.0223735459,0.190306291,1.01191354e-05,30,1.01699996,2
695316100023052,242742781,2460181.9306171066,60181.427812499998,18.8179321,0.0663180798,0,zi,8.9723387999999993,43.561467999999998,1.22599995,-0.0869999975,20230825427801,695,0x10,0x1,20.6700001,25.4619331,0.0199557934,0.192696407,6.9401267e-06,30,1.00800002,2
695316100023052,243029834,2460184.8013342367,60184.298344900002,19.0770245,0.0806420892,0,zi,8.9723369000000002,43.561405100000002,0.819999993,0.144999996,20230828298345,695,0x10,0x1,19.9799995,25.4420242,0.0270817671,0.18201898,1.41211094e-05,30,1.24399996,2
695316100023052,243840692,2460192.9103953103,60192.406921299997,18.8396111,0.0674130097,0,zi,8.9722902999999992,43.561504800000002,0.501999974,0.0590000004,20230905406910,695,0x10,0x1,20.5100002,25.4496117,0.022046851,0.19034712,8.36444451e-06,30,1.00899994,2
695316100023052,244130770,2460195.8113410566,60195.307708300003,18.6319408,0.0576459616,0,zi,8.9723243000000004,43.5614718,0.335000008,0.0370000005,20230908307708,695,0x10,0x1,20.5499992,25.3959408,0.0213804189,0.188165471,8.17079945e-06,30,1.11000001,2
695316100023052,244432631,2460198.830108467,60198.326319400003,18.5169983,0.0528950915,0,zi,8.9723305,43.5614797,0.773999989,-0.063000001,20230911326319,695,0x10,0x1,20.7700005,25.421999,0.0241011549,0.189503253,1.06999323e-05,30,1.05499995,2
695316100023052,244741225,2460201.9161958764,60201.412256900003,18.5689201,0.0549863912,0,zi,8.9723006000000005,43.561498700000001,1.04200006,0.00899999961,20230914412234,695,0x10,0x1,20.5799999,25.4299202,0.0226180889,0.19514975,9.07437516e-06,30,1.02400005,2
695316100023052,245036557,2460204.8696513581,60204.365578700003,18.7566013,0.0633176565,0,zi,8.9722816999999999,43.561494199999999,0.980000019,-0.0289999992,20230917365567,695,0x10,0x1,20.4899998,25.4506016,0.0209876001,0.194073096,7.87310091e-06,30,1.00800002,2
695316100023052,245328109,2460207.7852943381,60207.281099500004,18.6920166,0.0603094362,0,zi,8.9722951000000002,43.561466799999998,0.824000001,-0.0759999976,20230920281088,695,0x10,0x1,20.5799999,25.4720173,0.0212744121,0.189356178,8.02580507e-06,30,1.09500003,2
695316100023052,245736343,2460211.8677865206,60211.363437499997,18.8696823,0.0689622089,0,zi,8.9723293999999996,43.561485099999999,0.777999997,-0.104000002,20230924363438,695,0x10,0x1,20.75,25.4686813,0.0210423488,0.187691078,7.87678073e-06,30,1.00999999,2
695316100023052,246034895,2460214.8534071879,60214.348958299997,18.7544975,0.0632172301,0,zi,8.9723327000000008,43.561516699999999,0.861000001,-0.114,20230927348958,695,0x10,0x1,20.1000004,25.4804974,0.0267828126,0.184617519,1.28571864e-05,30,1.00899994,2
695316100023052,246626403,2460220.7686529956,60220.264039399997,18.7253475,0.0618428402,0,zi,8.9723252999999996,43.561454099999999,0.75,-0.123999998,20231003264028,695,0x10,0x1,20.1700001,25.422348,0.0248697512,0.187438548,1.03499169e-05,30,1.05900002,2
695316100023052,246923898,2460223.7436608071,60223.238981499999,18.8019466,0.0655222535,0,zi,8.9723153,43.561465599999998,1.35099995,-0.0140000004,20231006238900,695,0x10,0x1,20.2000008,25.4449463,0.0280260332,0.191833198,1.40981419e-05,30,1.09200001,2
695316100023052,247232196,2460226.826702598,60226.321967600001,18.9716949,0.0744865835,0,zi,8.9722937999999992,43.561476999999996,0.372999996,0.0549999997,20231009321968,695,0x10,0x1,20.5200005,25.4466953,0.0231250301,0.188783765,9.62289232e-06,30,1.00999999,2
695316100023052,247634533,2460230.8501238534,60230.345335600003,18.8101673,0.0659302771,0,zi,8.9723135999999997,43.561463799999999,0.582000017,0.114,20231013345336,695,0x10,0x1,20.2600002,25.4361668,0.0218559019,0.188785091,8.36700292e-06,30,1.03699994,2
695316100023052,247930637,2460233.8111905088,60233.306377300003,18.9832382,0.0751385018,0,zi,8.9722877000000008,43.561500799999997,0.944999993,-0.175999999,20231016306366,695,0x10,0x1,20.4099998,25.4572372,0.0218551494,0.187786698,8.35507399e-06,30,1.01199996,2
695316100023052,248230625,2460236.8110760422,60236.306250000001,18.8933887,0.0702086017,0,zi,8.9723354999999998,43.561490999999997,1.005,-0.0610000007,20231019306204,695,0x10,0x1,20.6100006,25.4443893,0.0219102316,0.194831833,8.36423078e-06,30,1.01600003,2
695316100023052,248533049,2460239.8353239447,60239.330497700001,18.8469467,0.067787677,0,zi,8.9723220000000001,43.561466000000003,0.91900003,-0.150000006,20231022330475,695,0x10,0x1,20.6100006,25.4619465,0.019470552,0.192135841,6.59102261e-06,30,1.04999995,2
695316100023052,248828010,2460242.7849183609,60242.280104199999,18.9435406,0.0729197562,0,zi,8.972308,43.561486700000003,0.615999997,-0.0960000008,20231025280093,695,0x10,0x1,20.4300003,25.4505405,0.0224693734,0.189736843,8.74720263e-06,30,1.01100004,2
695316100023052,249126041,2460245.7652063575,60245.260416700003,19.0044632,0.0763515085,0,zi,8.9722959000000007,43.561500799999997,0.975000024,-0.0489999987,20231028260417,695,0x10,0x1,19.4200001,25.4594631,0.0351434499,0.185401008,2.11639126e-05,30,1.00800002,2
695316100023052,249528159,2460249.7863343242,60249.281597200003,18.9670105,0.0742236599,0,zi,8.9722922000000001,43.561459999999997,0.744000018,-0.0219999999,20231101281586,695,0x10,0x1,19.9899998,25.3920116,0.0255208705,0.18555218,1.08839804e-05,30,1.02400005,2
695316100023052,249826902,2460252.7737114932,60252.269027800001,18.5965614,0.0561362952,0,zi,8.9723609999999994,43.561505500000003,0.785000026,-0.120999999,20231104268993,695,0x10,0x1,20.25,25.4555607,0.0219689086,0.185586497,8.70428448e-06,30,1.01999998,2
695316100023052,250121841,2460255.7230333774,60255.218414399998,18.660511,0.0588967167,0,zi,8.9723191999999994,43.561497299999999,0.70599997,-0.0240000002,20231107218414,695,0x10,0x1,20.4200001,25.4675121,0.0210549645,0.186923683,7.78690537e-06,30,1.00999999,2
695316100023052,250426027,2460258.7648176802,60258.2602778,18.7501965,0.0630124658,0,zi,8.9722594000000004,43.5615393,0.495000005,-0.0769999996,20231110259861,695,0x10,0x1,19.7399998,25.3101959,0.0298380665,0.192839265,1.5178116e-05,30,1.02699995,2
695316100023052,250617450,2460260.6789860711,60260.174502299997,18.8831596,0.0696680993,0,zi,8.9723830000000007,43.561475299999998,0.456999987,0.0379999988,20231112174236,695,0x10,0x1,20.3999996,25.4611588,0.0210558884,0.189742282,7.67072288e-06,30,1.03100002,2
695316100023052,250915324,2460263.6576275299,60263.153240699998,18.891407,0.0701035783,0,zi,8.9723111000000006,43.561478600000001,0.592000008,-0.103,20231115153067,695,0x10,0x1,20.4599991,25.431406,0.0242391042,0.187959015,1.06537327e-05,30,1.04799998,2
695316100023052,253023916,2460284.7425591284,60284.239166699997,19.0153542,0.0769812763,0,zi,8.9722357000000006,43.561487900000003,0.757000029,-0.0960000008,20231206239167,695,0x10,0x1,20.1299992,25.4343548,0.0236484576,0.189579412,9.40639893e-06,30,1.11500001,2
695316100023052,253118045,2460285.6837880579,60285.180451400003,18.7098522,0.0611249804,0,zi,8.9723304000000006,43.561497000000003,0.330000013,0.0270000007,20231207180150,695,0x10,0x1,20.4200001,25.4708519,0.0212131701,0.185923249,7.73172906e-06,30,1.02199996,2
695316100023052,256821400,2460322.7146321344,60322.214004599999,18.6571236,0.0587469563,0,zi,8.9722901000000004,43.561478999999999,1.03199995,0.0579999983,20240113213993,695,0x10,0x1,19.5300007,25.3981228,0.0325568318,0.192122832,1.79645049e-05,30,1.48300004,2
695316100023052,257223598,2460326.7362832516,60326.235983799997,18.7889194,0.0648809373,0,zi,8.9722936999999998,43.561483600000003,0.718999982,-0.0890000015,20240117235984,695,0x10,0x1,19.9799995,25.3799191,0.0264921784,0.18710956,1.18832695e-05,30,1.80200005,2
695316100023052,271745273,2460471.9499764107,60471.452731500001,19.2836742,0.094117403,0,zi,8.9723433000000004,43.561486199999997,0.610000014,0.0199999996,20240610452720,695,0x10,0x1,20.2999992,25.2986736,0.0244989935,0.186193705,1.11702884e-05,30,1.63999999,2
695316100023052,272344840,2460477.9460337013,60477.448402800001,18.6500912,0.0584372766,0,zi,8.9723425999999993,43.561506199999997,0.375999987,0.0270000007,20240616448403,695,0x10,0x1,20.1299992,25.4370918,0.0230735671,0.190572411,9.50404865e-06,30,1.53199995,2
695316100023052,273045487,2460484.9529867647,60484.4548727,18.3238564,0.0458574742,0,zi,8.9723313999999998,43.561488099999998,0.943000019,-0.0579999983,20240623454873,695,0x10,0x1,20.0699997,25.4048557,0.0261721294,0.17515938,1.24864691e-05,30,1.35399997,2
695316100023052,273338781,2460487.88613756,60487.387812499997,18.3880844,0.0480731241,0,zi,8.9724360999999995,43.5614974,0.368999988,-0.0700000003,20240626387801,695,0x10,0x1,19.3799992,24.9520855,0.0843553916,0.180932179,0.000133055568,30,1.88699996,2
695316100023052,273642784,2460490.9263958223,60490.427847200001,18.3889122,0.0481024906,0,zi,8.9723570000000006,43.5614767,0.755999982,-0.0160000008,20240629427847,695,0x10,0x1,20.1800003,25.4479122,0.0242780261,0.18841204,1.05027093e-05,30,1.41999996,2
695316100023052,274546509,2460499.9643287477,60499.465092600003,18.6700993,0.0593229644,0,zi,8.9723123000000005,43.5615083,0.532000005,-0.0419999994,20240708465081,695,0x10,0x1,20.1700001,25.4210987,0.0238578208,0.182880014,1.08197528e-05,30,1.13699996,2
695316100023052,274848510,2460502.9845757214,60502.485104200001,18.6165962,0.0569859073,0,zi,8.9723234999999999,43.561449000000003,0.899999976,0.00800000038,20240711484907,695,0x10,0x1,20.4200001,25.3785954,0.0243895184,0.179755062,1.13230881e-05,30,1.07000005,2
695316100023052,275346604,2460507.965904939,60507.466041699998,18.729496,0.0620365255,0,zi,8.9723088999999998,43.561450499999999,1.09099996,-0.00499999989,20240716466030,695,0x10,0x1,20.6599998,25.3994961,0.0226556584,0.193935916,9.51513812e-06,30,1.08000004,2
695316100023052,282138539,2460575.8896977198,60575.385393500001,19.0046158,0.0763603002,0,zi,8.9723117999999999,43.5614688,0.435000002,-0.131999999,20240922385359,695,0x10,0x1,20.2099991,25.4266167,0.023471795,0.18581295,9.23052721e-06,30,1.02100003,1
695316100023052,282246612,2460576.9704659982,60576.466122700003,18.7701645,0.0639689267,0,zi,8.9722928999999993,43.561483199999998,1.85699999,0.0970000029,20240923466100,695,0x10,0x1,20.2700005,25.4401646,0.0235711262,0.185830221,9.8831224e-06,30,1.20099998,1
695316100023052,282329021,2460577.7945921095,60577.290219900002,18.8645878,0.068697229,0,zi,8.9723085999999999,43.561464100000002,1.15999997,-0.0460000001,20240924290208,695,0x10,0x1,20.5900002,25.440588,0.0235184915,0.18796128,9.8260507e-06,30,1.05299997,1
1735106100006369,55048185,2458304.9808222866,58304.481851899996,18.5324535,0.0403232574,0,zg,8.9723045999999993,43.561515399999998,0.569999993,0.0140000004,20180705481609,1735,0x6,0x1,20.8600006,26.2667465,0.0288952012,-0.0684032142,6.86403382e-06,30,1.09399998,2
1735106100006369,55048230,2458304.9812736213,58304.482303199999,18.6158447,0.0428404994,0,zg,8.9723100000000002,43.561497299999999,0.643999994,0.0469999984,20180705482303,1735,0x6,0x1,20.7999992,26.2596531,0.0298398957,-0.0621926151,7.59809382e-06,30,1.09300005,2
1735106100006369,55148370,2458305.9827508866,58305.483703700003,18.6219006,0.0430304185,0,zg,8.9723711000000002,43.561521399999997,0.407999992,-0.0430000015,20180706483692,1735,0x6,0x1,20.3999996,26.2095737,0.035330303,-0.0512123518,1.24734897e-05,30,1.08500004,2
1735106100006369,55148415,2458305.9832023261,58305.484155099999,18.6608467,0.0442755036,0,zg,8.9723205999999998,43.561476599999999,1.01699996,0.0329999998,20180706484155,1735,0x6,0x1,20.4099998,26.2067566,0.0338908806,-0.0486207791,1.15510684e-05,30,1.08399999,2
1735106100006369,55348243,2458307.9816319696,58307.482430600001,19.0502625,0.0591807067,0,zg,8.9722819000000005,43.561496900000002,0.722000003,0.0289999992,20180708482431,1735,0x6,0x1,20.9099998,26.1417866,0.029099172,-0.0494589806,6.93678612e-06,30,1.07700002,2
1735106100006369,55348473,2458307.983935345,58307.484733800004,18.857666,0.0512262471,0,zg,8.9723275999999998,43.561512200000003,0.518999994,0.0890000015,20180708484734,1735,0x6,0x1,20.7999992,26.1519775,0.0302541051,-0.0485029593,7.94513107e-06,30,1.07200003,2
1735106100006369,58442498,2458338.9266073238,58338.424988400002,19.7381229,0.0981905907,0,zg,8.9723129000000004,43.561545299999999,0.915000021,0.103,20180808424965,1735,0x6,0x1,21.5400009,26.2127323,0.0227809362,-0.0339039452,4.01807529e-06,30,1.03699994,2
1735106100006369,59039363,2458344.8956947275,58344.393634300002,19.7935638,0.102060966,0,zg,8.9723059999999997,43.561482699999999,0.423000008,-0.0399999991,20180814393611,1735,0x6,0x1,21.5100002,26.1877003,0.0250108689,-0.0328986309,4.92156505e-06,30,1.05499995,2
1735106100006369,59450785,2458349.0102125737,58348.507858800003,19.2945976,0.0710807741,0,zg,8.9723270999999993,43.561508699999997,0.49000001,0.00800000038,20180818507812,1735,0x6,0x1,21.0200005,26.2202778,0.0278414711,-0.0449595526,6.17075784e-06,30,1.07599998,2
1735106100006369,60639211,2458360.8952549873,58360.392118099997,19.471386,0.0810327083,0,zg,8.9724596000000005,43.561522500000002,0.934000015,-0.238000005,20180830392106,1735,0x6,0x1,19.7399998,26.2910652,0.0413592272,-0.00535622751,2.51763213e-05,30,1.01999998,2
1735106100006369,60743613,2458361.9393347236,58361.436134299998,19.1425323,0.0634282082,0,zg,8.9722936000000004,43.561487800000002,0.754999995,-0.075000003,20180831436134,1735,0x6,0x1,20.5499992,26.2975864,0.0325988457,-0.0271353815,9.48300385e-06,30,1.03100002,2
1735106100006369,60935192,2458363.8552358239,58363.351921300004,19.6006184,0.0890313536,0,zg,8.9723147000000001,43.561592099999999,1.00999999,-0.0989999995,20180902351921,1735,0x6,0x1,20.4200001,26.24823,0.0363067202,-0.0195337813,1.20614613e-05,30,1.04400003,2
1735106100006369,61045141,2458364.9547905442,58364.451412000002,19.5921707,0.0884900242,0,zg,8.9721838999999992,43.561497099999997,0.922999978,0.109999999,20180903451366,1735,0x6,0x1,20.8600006,26.2256794,0.0296310894,-0.0355669633,6.92481171e-06,30,1.05799997,2
1735106100006369,61142781,2458365.9312469582,58365.427812499998,19.4304657,0.0786270499,0,zg,8.9723249000000003,43.561494099999997,1.12800002,-0.101999998,20180904427778,1735,0x6,0x1,21.5799999,26.2820702,0.0232661832,-0.0650797784,4.22265657e-06,30,1.03400004,2
1735106100006369,61737454,2458371.8783036796,58371.374548599997,20.1961327,0.132344693,0,zg,8.9723296000000001,43.561497899999999,1.02999997,-0.118000001,20180910374525,1735,0x6,0x1,21.8899994,26.3067684,0.0211792439,-0.0704011545,3.48860294e-06,30,1.01800001,2
1735106100006369,62336990,2458377.8739483962,58377.369907400003,19.8269501,0.104437321,0,zg,8.9722960999999994,43.5615028,1.25100005,-0.152999997,20180916369896,1735,0x6,0x1,21.8500004,26.2865772,0.0229038056,-0.0782899633,4.05110131e-06,30,1.01900005,2
1735106100006369,62924478,2458383.7490618881,58383.244780100002,19.1731739,0.064904049,0,zg,8.9722913999999996,43.561433899999997,0.312999994,0.0419999994,20180922244745,1735,0x6,0x1,20.3400002,26.1860142,0.0350316279,-0.0112337908,1.21667545e-05,30,1.148,2
1735106100006369,63027865,2458384.782977365,58384.278657399998,18.9649754,0.0555101596,0,zg,8.9722717999999997,43.561481800000003,0.540000021,0.0670000017,20180923278634,1735,0x6,0x1,20.5300007,26.1976452,0.0335149281,-0.0318606906,1.05577919e-05,30,1.06700003,2
1735106100006369,63535839,2458389.8628796791,58389.358391200003,18.7675133,0.0479020625,0,zg,8.9723117999999999,43.561461700000002,0.748000026,-0.075000003,20180928358380,1735,0x6,0x1,20.9300003,26.2601471,0.0289544296,-0.0471933,7.0243027e-06,30,1.02999997,2
1735106100006369,63632545,2458390.8299683086,58390.3254514,19.1305351,0.0628593266,0,zg,8.9723354999999998,43.561502599999997,0.986000001,-0.100000001,20180929325440,1735,0x6,0x1,20.7600002,26.2819386,0.0297940578,-0.049609337,7.34953437e-06,30,1.01800001,2
1735106100006369,67020782,2458424.7125411718,58424.207824099998,18.7060432,0.0457727872,32768,zg,8.9723515000000003,43.561461199999997,0.481999993,0.0270000007,20181102207824,1735,0x6,0x1,19.8400002,25.1328869,0.0427985936,-0.053759478,3.00301726e-05,30,1.02199996,2
1735106100006369,67335813,2458427.8627916737,58427.3581366,19.0024986,0.0570953637,0,zg,8.9723831999999994,43.561576000000002,0.870999992,0.00200000009,20181105358125,1735,0x6,0x1,20.25,26.2027206,0.0394407995,-0.0495732427,1.59179435e-05,30,1.28499997,2
1735106100006369,67626906,2458430.7736483109,58430.269062500003,18.6060219,0.042534519,0,zg,8.9723039999999994,43.561486899999998,1.34800005,0.0599999987,20181108269028,1735,0x6,0x1,21.9799995,26.2948322,0.0241688993,-0.0873723403,4.58479644e-06,30,1.05200005,2
1735106100006369,68118472,2458435.6891651587,58435.1847222,18.4169388,0.0371253006,0,zg,8.9722953000000008,43.561491199999999,0.541999996,-0.00600000005,20181113184711,1735,0x6,0x1,20.8899994,26.2991447,0.0294211321,-0.0619872361,6.84475071e-06,30,1.01800001,2
1735106100006369,68218495,2458436.6893636971,58436.184953700002,18.3191719,0.0346639492,0,zg,8.9723138000000002,43.561465300000002,0.837000012,0.0179999992,20181114184954,1735,0x6,0x1,20.5200005,26.2940826,0.0352677442,-0.057235375,1.09290331e-05,30,1.01699996,2
1735106100006369,68920462,2458443.7087724884,58443.204629599997,18.6672363,0.0444837362,0,zg,8.9722668999999993,43.561545700000003,0.83099997,0.0309999995,20181121204618,1735,0x6,0x1,20.2700005,26.2781563,0.0353710391,-0.0438893475,1.37514498e-05,30,1.023,2
1735106100006369,95440778,2458708.9097594474,58708.4077894,18.8773174,0.0519836582,0,zg,8.9722972999999993,43.561473300000003,0.981999993,0.0340000018,20190813407755,1735,0x6,0x1,20.8999996,26.2113705,0.0290991124,-0.0500524752,6.9548355e-06,30,1.04400003,2
1735106100006369,95440824,2458708.9102107803,58708.408240700002,18.9303932,0.0540896542,0,zg,8.9722864999999992,43.561488500000003,0.653999984,-0.0320000015,20190813408241,1735,0x6,0x1,20.9699993,26.2207851,0.0289844964,-0.057086125,6.83691906e-06,30,1.04400003,3
1735106100006369,96442752,2458718.9301964641,58718.427523099999,19.0312958,0.0583434887,0,zg,8.9722612000000002,43.561476800000001,0.944999993,-0.0399999991,20190823427523,1735,0x6,0x1,20.9400005,26.2091522,0.029310219,-0.0593554489,6.94839537e-06,30,1.01900005,2
1735106100006369,96442797,2458718.9306478905,58718.427974500002,19.051363,0.0592296347,0,zg,8.9722972999999993,43.561511199999998,1.11199999,-0.0729999989,20190823427975,1735,0x6,0x1,21.0900002,26.2063465,0.0269505978,-0.0609710254,5.87464319e-06,30,1.01900005,3
1735106100006369,96844619,2458722.949128658,58722.446192099997,19.0626221,0.0597327799,0,zg,8.9723392999999998,43.561476200000001,0.634000003,0.0209999997,20190827446181,1735,0x6,0x1,21.8400002,26.1824799,0.0231971666,-0.0781904459,4.30283171e-06,30,1.03100002,2
1735106100006369,96844664,2458722.9495800883,58722.446643499999,19.1087227,0.0618378632,0,zg,8.9722956000000007,43.561486100000003,0.910000026,-0.0810000002,20190827446632,1735,0x6,0x1,21.7299995,26.2029037,0.0243426021,-0.102903403,4.75381376e-06,30,1.03100002,3
1735106100006369,96942915,2458723.9321541446,58723.429155099999,18.5524406,0.0409101546,0,zg,8.9722977999999998,43.561494099999997,1.06400001,0.104999997,20190828429155,1735,0x6,0x1,21.8099995,26.1649418,0.0257166829,-0.0563226566,5.24071311e-06,30,1.02199996,2
1735106100006369,96942960,2458723.9326055753,58723.429606500002,18.5597153,0.0411263257,0,zg,8.9722833000000008,43.561473999999997,0.904999971,0.0780000016,20190828429606,1735,0x6,0x1,21.8700008,26.1712608,0.0249825809,-0.0593565777,5.03103956e-06,30,1.02199996,3
1735106100006369,97045872,2458724.9617905482,58724.458726899997,19.3044701,0.0716063082,0,zg,8.9722454000000003,43.561480000000003,2.21700001,0.064000003,20190829458704,1735,0x6,0x1,21.4899998,26.1924667,0.0258401502,-0.0739903972,5.38343238e-06,30,1.04900002,2
1735106100006369,97140699,2458725.9101130753,58725.406990700001,19.3297882,0.0729704276,0,zg,8.9722942999999997,43.561478100000002,1.40999997,0.0560000017,20190830406991,1735,0x6,0x1,21.8899994,26.1991825,0.0256829299,-0.0669591427,5.28836244e-06,30,1.01800001,2
1735106100006369,97140744,2458725.9105645004,58725.407442099997,19.4079514,0.0773297623,0,zg,8.9723129000000004,43.561509000000001,1.20200002,0.0469999984,20190830407442,1735,0x6,0x1,21.7600002,26.1813469,0.0252993405,-0.0499410518,5.1002653e-06,30,1.01800001,3
1735106100006369,97241991,2458726.9231032538,58726.419919,18.8813171,0.0521392636,0,zg,8.9722861999999992,43.561504800000002,1.02499998,0.064000003,20190831419884,1735,0x6,0x1,21.5699997,26.1855049,0.0257069524,-0.0452020951,5.3049198e-06,30,1.02199996,2
1735106100006369,97242037,2458726.9235546798,58726.420370400003,18.9144096,0.0534460768,0,zg,8.9723325999999997,43.561497199999998,0.838999987,-0.0189999994,20190831420370,1735,0x6,0x1,21.5200005,26.1728306,0.0267855637,-0.0347635113,5.73777197e-06,30,1.02199996,3
1735106100006369,97341696,2458727.9202118907,58727.416967600002,18.9824543,0.0562428311,0,zg,8.9723023000000008,43.561488199999999,0.771000028,0.023,20190901416956,1735,0x6,0x1,21.3999996,26.1709003,0.0282169487,-0.0613858663,6.30094155e-06,30,1.02199996,2
1735106100006369,97345353,2458727.9567765705,58727.4535301,19.3160019,0.0722247362,0,zg,8.9722951000000002,43.5614706,1.74199998,0.180000007,20190901453484,1735,0x6,0x1,21.75,26.1744919,0.0238604061,-0.078528747,4.56632506e-06,30,1.05299997,3
1735106100006369,98041231,2458734.9159544357,58734.4123148,19.2594662,0.0692391545,0,zg,8.9723056999999997,43.561481700000002,1.29200006,-0.064000003,20190908412315,1735,0x6,0x1,21.4899998,26.2158909,0.0277259294,-0.0955158472,6.17153182e-06,30,1.02999997,2
1735106100006369,98041276,2458734.9164058589,58734.412766200003,19.29776,0.0712487549,0,zg,8.9723038000000006,43.561495999999998,0.800999999,-0.0469999984,20190908412766,1735,0x6,0x1,21.3500004,26.2251511,0.0281825997,-0.104619309,6.33301761e-06,30,1.02999997,3
1735106100006369,98338329,2458737.8870915817,58737.383298599998,19.2576294,0.0691441521,0,zg,8.9722749999999998,43.5614633,0.776000023,0.103,20190911383252,1735,0x6,0x1,20.6100006,26.2094116,0.0327408873,-0.0525559969,9.62039758e-06,30,1.01999998,2
1735106100006369,98338375,2458737.8875430035,58737.383750000001,19.3484573,0.0739912912,0,zg,8.9722942000000003,43.561467999999998,0.31099999,0.00300000003,20190911383750,1735,0x6,0x1,20.4400005,26.1982059,0.0329577662,-0.0335853547,1.03040929e-05,30,1.01999998,3
1735106100006369,98941931,2458743.9233927564,58743.419317100001,18.9376087,0.0543828718,0,zg,8.9724769999999996,43.5614603,0.825999975,-0.114,20190917419317,1735,0x6,0x1,19.9200001,26.1731758,0.036782071,-0.0305010881,1.82717122e-05,30,1.06700003,2
1735106100006369,98941976,2458743.9238441708,58743.419768500004,19.2059231,0.0665180087,0,zg,8.9724634999999999,43.561534999999999,1.005,-0.321999997,20190917419769,1735,0x6,0x1,19.8500004,26.1931839,0.0379407741,-0.0606794804,2.00037666e-05,30,1.06799996,3
1735106100006369,99239863,2458746.9028344997,58746.3986343,19.1989059,0.0661690086,0,zg,8.9723263000000006,43.561518300000003,1.01499999,-0.0879999995,20190920398634,1735,0x6,0x1,20.7800007,26.1860085,0.0301941726,-0.0489594974,7.78058802e-06,30,1.04900002,2
1735106100006369,99239908,2458746.90328582,58746.399085600002,18.9639702,0.0554682761,0,zg,8.9722942000000003,43.561492999999999,0.893000007,-0.149000004,20190920399086,1735,0x6,0x1,20.8400002,26.1885777,0.0289205071,-0.0570156239,7.05506545e-06,30,1.04900002,3
1735106100006369,99534119,2458749.8455051184,58749.341192100001,19.0876961,0.060868673,0,zg,8.9722998999999994,43.5614706,0.658999979,0.0270000007,20190923341192,1735,0x6,0x1,21.5699997,26.1681328,0.0270616934,-0.0796175301,5.85926182e-06,30,1.01800001,2
1735106100006369,99534164,2458749.8459565341,58749.341643500004,19.2180862,0.0671271309,0,zg,8.9722860999999998,43.561484700000001,1.22399998,-0.0189999994,20190923341644,1735,0x6,0x1,21.6200008,26.1673508,0.0267920084,-0.0791075528,5.74128853e-06,30,1.01800001,3
1735106100006369,99638184,2458750.886190718,58750.381840299997,18.9634914,0.0554483943,0,zg,8.9723127999999992,43.561488500000003,0.643000007,0.0130000003,20190924381840,1735,0x6,0x1,21.2800007,26.0996819,0.0291376039,-0.0561416633,6.78975994e-06,30,1.04200006,2
1735106100006369,99638229,2458750.8866421343,58750.3822917,18.8200951,0.049811177,0,zg,8.9723243000000004,43.561478100000002,0.312999994,-0.0209999997,20190924382292,1735,0x6,0x1,21.3600006,26.105423,0.0279618409,-0.0669993758,6.25808752e-06,30,1.04200006,3
1735106100006369,100438296,2458758.8875557012,58758.382962999996,19.1064186,0.0617309101,0,zg,8.9722621999999994,43.561492700000002,0.561999977,0.00999999978,20191002382917,1735,0x6,0x1,21.2600002,26.2166958,0.0300420411,-0.115413688,7.21236984e-06,30,1.07500005,2
1735106100006369,100438341,2458758.8880071128,58758.383414399999,19.1095295,0.0618753135,0,zg,8.9722814999999994,43.561487800000002,1.34500003,-0.111000001,20191002383414,1735,0x6,0x1,21.4300003,26.2008266,0.0283796061,-0.0969041958,6.4545552e-06,30,1.07500005,3
1735106100006369,100639250,2458760.8971405565,58760.392500000002,19.147934,0.063685976,0,zg,8.9722787999999998,43.561476800000001,0.85799998,0.0670000017,20191004392500,1735,0x6,0x1,21.3600006,26.1882038,0.0287319776,-0.0743036345,6.56443854e-06,30,1.10500002,2
1735106100006369,100639295,2458760.8975919643,58760.392951399997,19.1898689,0.0657220855,0,zg,8.9722887999999994,43.561510200000001,0.944000006,0.0790000036,20191004392951,1735,0x6,0x1,21.1299992,26.1854057,0.029363418,-0.0696234331,6.83630378e-06,30,1.10599995,3
1735106100006369,100828378,2458762.7884654324,58762.283784699997,19.0225315,0.057960704,0,zg,8.9723217999999996,43.5614901,0.186000004,-0.0199999996,20191006283785,1735,0x6,0x1,20.9200001,26.1776543,0.0300649274,-0.0296578817,7.24713573e-06,30,1.02400005,2
1735106100006369,100828423,2458762.7889168421,58762.2842361,18.9732628,0.0558563098,0,zg,8.9723009000000005,43.561479400000003,0.939999998,-0.064000003,20191006284236,1735,0x6,0x1,20.9200001,26.1830769,0.0307931099,-0.036051251,7.65001005e-06,30,1.02400005,3
1735106100006369,101031108,2458764.8158064811,58764.311088000002,19.2230797,0.0673787519,0,zg,8.9723252000000002,43.561466500000002,0.976999998,0.101000004,20191008311053,1735,0x6,0x1,21.1900005,26.173584,0.0268519837,-0.0624233671,5.83987367e-06,30,1.01999998,2
1735106100006369,101031153,2458764.816257888,58764.311539399998,19.1741867,0.0649534166,0,zg,8.9723164999999998,43.561478000000001,1.17299998,0.0590000004,20191008311539,1735,0x6,0x1,21.2299995,26.1724014,0.0266389735,-0.0520788617,5.6662343e-06,30,1.01999998,3
1735106100006369,101127002,2458765.7747575068,58765.270023099998,18.9378185,0.0543914177,0,zg,8.9722989999999996,43.561478700000002,0.834999979,-0.0610000007,20191009270023,1735,0x6,0x1,20.9799995,26.1871758,0.0283784308,-0.0482835062,6.652102e-06,30,1.028,2
1735106100006369,101127047,2458765.7752089147,58765.270474500001,18.9068832,0.0531458072,0,zg,8.9722930000000005,43.561467299999997,0.579999983,-0.0189999994,20191009270475,1735,0x6,0x1,21.1200008,26.1840477,0.0280075371,-0.0500986204,6.35963352e-06,30,1.028,3
1735106100006369,101220524,2458766.7099918234,58766.205243099997,19.1365013,0.0631416142,0,zg,8.9723406000000008,43.561495399999998,0.772000015,-0.151999995,20191010205243,1735,0x6,0x1,20.5599995,26.1741791,0.0338398255,-0.0462932475,1.0604288e-05,30,1.12399995,2
1735106100006369,101220569,2458766.7104431326,58766.2056944,19.1546631,0.0640085489,0,zg,8.9723161000000005,43.5614554,0.395000011,-0.0189999994,20191010205683,1735,0x6,0x1,20.5599995,26.1714649,0.0329988338,-0.0473855026,9.86422765e-06,30,1.12300003,3
1735106100006369,101428971,2458768.7944870344,58768.289710600002,19.173008,0.0648959801,0,zg,8.9722568999999996,43.561556199999998,1.18299997,-0.0280000009,20191012289711,1735,0x6,0x1,19.9400005,26.2287006,0.038911812,-0.113055058,2.08629008e-05,30,1.01800001,2
1735106100006369,101429016,2458768.7949384376,58768.290161999998,19.1116066,0.0619719625,0,zg,8.9722905999999991,43.561600800000001,0.331999987,-0.023,20191012290162,1735,0x6,0x1,20.1000004,26.1918964,0.0367147624,-0.0532007217,1.66795835e-05,30,1.01800001,3
1735106100006369,101824034,2458772.7451598262,58772.240347200001,18.6840191,0.0450360253,0,zg,8.9722752000000003,43.561509700000002,0.56099999,0.0359999985,20191016240347,1735,0x6,0x1,20.0599995,26.2009602,0.0375268757,-0.0560597628,1.67966627e-05,30,1.03600001,2
1735106100006369,101824079,2458772.7456112304,58772.240798600003,18.6128883,0.0427481383,0,zg,8.9723821000000008,43.561514099999997,1.13100004,0.0930000022,20191016240799,1735,0x6,0x1,20.0499992,26.2064342,0.0363617502,-0.0627900884,1.68670049e-05,30,1.03600001,3
1735106100006369,102824163,2458782.7464395398,58782.241631899997,18.619503,0.0429550819,32768,zg,8.9722212999999993,43.561497099999997,1.171,0.0989999995,20191026241632,1735,0x6,0x1,21.4799995,26.1712818,0.0629739761,-0.138147131,3.14757999e-05,30,1.01999998,2
1735106100006369,102824208,2458782.746890937,58782.2420833,18.5771599,0.0416502133,32768,zg,8.9722296999999998,43.5614974,2.56200004,0.145999998,20191026242083,1735,0x6,0x1,21.5900002,26.1766815,0.0631643832,-0.140856549,3.16096157e-05,30,1.01900005,3
1735106100006369,102922200,2458783.7268019198,58783.222002299997,18.6732979,0.0446823239,32768,zg,8.9722076000000008,43.5615521,0.685000002,-0.0160000008,20191027222002,1735,0x6,0x1,20.7399998,26.1482258,0.061874982,-0.104075201,3.29116556e-05,30,1.02699995,2
1735106100006369,102922245,2458783.7272533169,58783.2224537,18.7207069,0.046270851,32768,zg,8.9722223999999997,43.561535399999997,1.44400001,-0.0109999999,20191027222454,1735,0x6,0x1,21.0200005,26.1539459,0.0611555576,-0.116560504,3.05167814e-05,30,1.02699995,3
1735106100006369,103220873,2458786.7135053058,58786.208738399997,18.5933876,0.0421447121,32768,zg,8.9721826,43.561512700000002,2.08699989,0.150999993,20191030208715,1735,0x6,0x1,21.2600002,26.1386356,0.0638809428,-0.146183282,3.29953036e-05,30,1.03100002,2
1735106100006369,103222420,2458786.7289681109,58786.2242014,18.7151337,0.0460808277,32768,zg,8.9722304000000008,43.561444999999999,1.31299996,0.0109999999,20191030224201,1735,0x6,0x1,21.2099991,26.1471615,0.064418599,-0.156822965,3.35553741e-05,30,1.02199996,3
1735106100006369,103718791,2458791.6926015066,58791.187916700001,18.8918877,0.0525529496,0,zg,8.9722538000000007,43.561471599999997,0.871999979,0.0359999985,20191104187917,1735,0x6,0x1,21.2999992,26.1789455,0.0426204801,-0.109783866,1.45591475e-05,30,1.03699994,2
1735106100006369,103726064,2458791.7653314569,58791.260648099997,19.072279,0.0601676852,0,zg,8.9722630999999993,43.561486199999997,1.88999999,0.171000004,20191104260648,1735,0x6,0x1,21.5200005,26.1715584,0.052223295,-0.122459561,2.1855456e-05,30,1.03299999,3
1735106100006369,103917174,2458793.676390314,58793.171747699998,18.912159,0.0533561073,0,zg,8.9722945999999997,43.561467899999997,1.27100003,-0.105999999,20191106171748,1735,0x6,0x1,20.9699993,26.161356,0.0352974199,-0.0723919347,1.02425129e-05,30,1.04900002,2
1735106100006369,103917265,2458793.6772930925,58793.172650499997,18.9645863,0.0554939248,0,zg,8.9722676999999997,43.561481000000001,0.481000006,0.0680000037,20191106172650,1735,0x6,0x1,21.0499992,26.163126,0.0330801904,-0.0743758455,8.8112447e-06,30,1.04799998,3
1735106100006369,104119293,2458795.6975339553,58795.192939799999,18.7601357,0.0476407707,0,zg,8.9722904000000003,43.561501300000003,0.910000026,-0.114,20191108192940,1735,0x6,0x1,20.6599998,26.1934872,0.0320390128,-0.0559555925,9.30795613e-06,30,1.02499998,2
1735106100006369,104119339,2458795.6979853464,58795.193391200002,18.8065395,0.049311135,0,zg,8.9723147999999995,43.561453899999997,1.82200003,-0.0579999983,20191108193391,1735,0x6,0x1,20.6900005,26.1791763,0.0329804905,-0.0522097684,9.97981624e-06,30,1.02499998,3
1735106100006369,113911421,2458893.612829478,58893.114213000001,18.7036934,0.0456934944,0,zg,8.9723354999999998,43.561486899999998,0.838,0.0460000001,20200214114190,1735,0x6,0x1,21.8400002,27.7362213,0.016842287,-0.0601709485,2.26129532e-06,120,1.46300006,2
1735206100010238,57340975,2458327.91052642,58327.409756900001,19.7891655,0.0989520103,0,zr,8.9723544000000004,43.561464000000001,0.591000021,-0.244000003,20180728409745,1735,0x6,0x1,20.2399998,26.170454,0.028288601,0.0829313695,6.36768755e-06,30,1.11500001,2
1735206100010238,57341020,2458327.9109778521,58327.410208300003,19.5616226,0.0836420655,0,zr,8.9724184000000005,43.561453,0.597000003,-0.0579999983,20180728410208,1735,0x6,0x1,20.2700005,26.1979122,0.0262358636,0.0751094967,5.44056684e-06,30,1.11399996,2
1735206100010238,57840171,2458332.9028716711,58332.401712999999,20.2713699,0.137441427,0,zr,8.9723105000000007,43.5614366,0.515999973,-0.0450000018,20180802401713,1735,0x6,0x1,20.6800003,26.2146702,0.0247760992,0.087518841,4.83387748e-06,30,1.10099995,2
1735206100010238,57840217,2458332.9033346055,58332.402175900002,20.1431236,0.126585945,32768,zr,8.9723600999999995,43.561415699999998,1.26999998,0.184,20180802402164,1735,0x6,0x1,20.5699997,26.1614246,0.0251657814,0.0882945657,4.95398399e-06,30,1.10000002,2
1735206100010238,58042321,2458334.9245320819,58334.4232176,20.9142246,0.188731432,0,zr,8.9722901000000004,43.561520399999999,0.354999989,-0.151999995,20180804423206,1735,0x6,0x1,21.2399998,26.2518177,0.0210157558,0.0941459611,3.49284733e-06,30,1.05200005,2
1735206100010238,58141069,2458335.9120845273,58335.410694400001,20.8886223,0.18676722,0,zr,8.9722229999999996,43.561595799999999,0.474000007,-0.319999993,20180805410683,1735,0x6,0x1,21.2600002,26.2829762,0.018083198,0.0881355256,2.57458851e-06,30,1.06700003,2
1735206100010238,58141347,2458335.9148625406,58335.413472200002,20.710022,0.173065662,0,zr,8.9723126999999998,43.561513400000003,0.624000013,-0.0670000017,20180805413472,1735,0x6,0x1,21.2600002,26.2843971,0.018447144,0.0878977627,2.68586086e-06,30,1.06299996,2
1735206100010238,58238192,2458336.8833855013,58336.381921300002,19.702198,0.0928558484,0,zr,8.9722947000000008,43.561484200000002,0.36500001,0.0179999992,20180806381875,1735,0x6,0x1,21.3700008,26.2895145,0.0171499103,0.0930786282,2.31869194e-06,30,1.12300003,2
1735206100010238,58238238,2458336.8838485363,58336.382384299999,19.6246109,0.0876719058,0,zr,8.9723175000000008,43.561476499999998,0.70599997,0.0909999982,20180806382373,1735,0x6,0x1,21.3999996,26.2849293,0.017495472,0.0916967019,2.41488533e-06,30,1.12100005,2
1735206100010238,59044850,2458344.9505713149,58344.4485069,19.4493694,0.0768566728,0,zr,8.9722965000000006,43.561478600000001,1.102,0.115999997,20180814448495,1735,0x6,0x1,21.7000008,26.2479439,0.0181411933,0.0886303782,2.65407311e-06,30,1.01499999,2
1735206100010238,59136671,2458345.8688436891,58345.366713000003,19.6408501,0.0887368172,0,zr,8.9722542000000001,43.561462300000002,1.199,0.0280000009,20180815366701,1735,0x6,0x1,21.5,26.2010174,0.018445598,0.0892670602,2.66962024e-06,30,1.10000002,2
1735206100010238,59934271,2458353.8454047274,58353.3427199,18.9718819,0.05338021,0,zr,8.9723047000000005,43.561493900000002,1.03199995,-0.0270000007,20180823342546,1735,0x6,0x1,21.0799999,26.259552,0.0222730264,0.0936224982,3.89549723e-06,30,1.10399997,2
1735206100010238,60029108,2458354.7938358271,58354.291087999998,20.0120811,0.115879528,0,zr,8.9722969999999993,43.561549200000002,0.819999993,0.0970000029,20180824291065,1735,0x6,0x1,20.7600002,26.2634125,0.020843856,0.0936988518,3.40896827e-06,30,1.26699996,2
1735206100010238,60132372,2458355.8265426364,58355.323726900002,19.2313118,0.0650936589,0,zr,8.9722913000000002,43.561467399999998,0.398000002,-0.0109999999,20180825323611,1735,0x6,0x1,20.7099991,26.2826481,0.0219631232,0.0881583244,3.75775971e-06,30,1.13900006,2
1735206100010238,60230804,2458356.8109236839,58356.308043999998,19.1878662,0.0629655123,0,zr,8.9722974999999998,43.561467299999997,0.713999987,-0.143999994,20180826307998,1735,0x6,0x1,20.5100002,26.2832775,0.0231927186,0.0936933681,4.16429202e-06,30,1.17900002,2
1735206100010238,60333722,2458357.8401679667,58357.337222200003,18.7165489,0.0440009497,0,zr,8.9723538999999999,43.561497699999997,0.497000009,-0.0909999982,20180827337222,1735,0x6,0x1,20.5,26.2832394,0.0215985365,0.0934954435,3.63515096e-06,30,1.09200001,2
1735206100010238,60539163,2458359.8947070534,58359.391631899998,19.519186,0.0810173377,0,zr,8.9723325000000003,43.561424600000002,1.15600002,-0.112000003,20180829391597,1735,0x6,0x1,20.5699997,26.2864017,0.0208989251,0.0900044888,3.40003385e-06,30,1.01800001,2
1735206100010238,60835019,2458362.8534520664,58362.350196799998,19.5386467,0.0822119787,0,zr,8.9722966999999993,43.561487499999998,0.816999972,-0.00499999989,20180901350150,1735,0x6,0x1,21.2199993,26.2929249,0.0193692166,0.0939060599,2.91633319e-06,30,1.04999995,2
1735206100010238,60944750,2458363.9508201429,58363.447500000002,19.8278923,0.101761892,0,zr,8.9722709999999992,43.561476300000002,0.805999994,-0.0529999994,20180902447465,1735,0x6,0x1,21.1299992,26.2730255,0.0182466265,0.0884180665,2.59832063e-06,30,1.04900002,2
1735206100010238,61037001,2458364.8733854415,58364.370011600004,20.2227249,0.133291632,0,zr,8.9723559000000002,43.561517000000002,0.797999978,0.0340000018,20180903370012,1735,0x6,0x1,21.4599991,26.2199669,0.0197497495,0.0942671373,3.04934247e-06,30,1.02600002,2
1735206100010238,61137114,2458365.8745770375,58365.371145800003,20.3564625,0.144749567,0,zr,8.9723591000000003,43.561498,1.36600006,-0.314999998,20180904371134,1735,0x6,0x1,21.3999996,26.2747078,0.0182450917,0.0910306573,2.58476348e-06,30,1.02400005,2
1735206100010238,61431754,2458368.8211409282,58368.317546300001,19.3752117,0.0726494789,0,zr,8.9722959000000007,43.561485500000003,0.996999979,-0.0920000002,20180907317500,1735,0x6,0x1,21.6200008,26.2735176,0.0183474161,0.0879236758,2.62435015e-06,30,1.07500005,2
1735206100010238,61733047,2458371.8342273282,58371.330474499999,19.9318848,0.109585673,0,zr,8.9723419,43.561486500000001,0.776000023,0.0359999985,20180910330440,1735,0x6,0x1,21.5599995,26.2961655,0.017610386,0.0884180069,2.4098199e-06,30,1.04400003,2
1735206100010238,61833305,2458372.8368589906,58372.3330556,19.7931137,0.0992358252,0,zr,8.9723178000000008,43.5615144,1.16100001,0.137999997,20180911333021,1735,0x6,0x1,21.4099998,26.2932816,0.0177561101,0.0905789137,2.47675598e-06,30,1.03799999,2
1735206100010238,62526541,2458379.769539752,58379.2654167,19.1299362,0.0602347255,0,zr,8.9723064000000008,43.561496200000001,0.566999972,-0.00499999989,20180918265417,1735,0x6,0x1,21.4300003,26.284399,0.0207729712,0.09334521,3.33212574e-06,30,1.12199998,2
1735206100010238,62630475,2458380.8089232235,58380.304756899997,18.8849754,0.0499639399,0,zr,8.9722874000000008,43.561463699999997,1.19400001,-0.0260000005,20180919304734,1735,0x6,0x1,21.5300007,26.2893734,0.0213075224,0.0875558481,3.64436096e-06,30,1.04499996,2
1735206100010238,62932224,2458383.8265301194,58383.322245399999,19.1550655,0.0614044815,0,zr,8.9723088000000004,43.561440500000003,0.651000023,0.0839999989,20180922322234,1735,0x6,0x1,21.0599995,26.2568512,0.0220071618,0.0875108466,3.76836965e-06,30,1.02400005,2
1735206100010238,63235964,2458386.8640340553,58386.359641199997,19.1190643,0.0597356036,0,zr,8.9723583999999992,43.561506399999999,0.584999979,-0.0399999991,20180925359398,1735,0x6,0x1,20.1399994,26.2804546,0.0256015267,0.0840104297,5.14926796e-06,30,1.02600002,2
1735206100010238,66934456,2458423.8492918275,58423.344560199999,18.6728764,0.0425879136,0,zr,8.9723074999999994,43.561503199999997,0.771000028,-0.101000004,20181101344549,1735,0x6,0x1,20.7099991,26.1173038,0.0209498778,0.0864572451,3.43088936e-06,30,1.18499994,2
1735206100010238,67528540,2458429.7900156113,58429.285405100003,18.3947678,0.0347431824,0,zr,8.9723021000000003,43.561517700000003,0.926999986,-0.0399999991,20181107285370,1735,0x6,0x1,21.0300007,26.2712135,0.0212740581,0.107838407,3.58063562e-06,30,1.074,2
1735206100010238,67720652,2458431.7110888576,58431.206527800001,18.4262962,0.0355389118,0,zr,8.9723147000000001,43.5614943,0.657999992,-0.00600000005,20181109206516,1735,0x6,0x1,20.0200005,26.2657909,0.0315113887,0.0955407694,7.80800474e-06,30,1.01499999,2
1735206100010238,67832150,2458432.8260346418,58432.321504599997,18.4671936,0.0366050154,0,zr,8.9723389999999998,43.561517500000001,0.852999985,0.057,20181110321493,1735,0x6,0x1,20.5699997,26.2716789,0.0242021549,0.0880761743,4.61083073e-06,30,1.19000006,2
1735206100010238,68132407,2458435.8285125061,58435.324074099997,18.5948582,0.0401916355,0,zr,8.9723308999999993,43.561523000000001,1.23699999,-0.0160000008,20181113324074,1735,0x6,0x1,19.9699993,26.2763138,0.0299926046,0.0949321687,7.11323992e-06,30,1.23099995,2
1735206100010238,68227019,2458436.7746039196,58436.270196799996,18.1903343,0.0300998036,32768,zr,8.9723898999999996,43.561430399999999,0.75999999,0.560000002,20181114270162,1735,0x6,0x1,18.7299995,25.6948204,0.0526457019,0.0927059725,3.69925801e-05,30,1.08200002,2
1735206100010238,68328600,2458437.790379093,58437.286006900002,18.8063145,0.047074616,0,zr,8.9722776999999994,43.5614645,0.86500001,-0.074000001,20181115286007,1735,0x6,0x1,20.9899998,26.2897167,0.0191264208,0.08463379,2.87480793e-06,30,1.12399995,2
1735206100010238,68526708,2458439.7713836203,58439.267083300001,18.2439823,0.0312356595,32768,zr,8.9723185000000001,43.561475799999997,0.730000019,0.0109999999,20181117267060,1735,0x6,0x1,19.9799995,25.5864258,0.0357527696,0.0843564644,9.95430946e-06,30,1.09200001,2
1735206100010238,68909869,2458443.6028394541,58443.0986921,18.7741013,0.0459448472,0,zr,8.9722463999999995,43.5615095,0.441000015,0.00700000022,20181121098657,1735,0x6,0x1,20.4200001,26.2724819,0.0237604193,0.0815468505,4.44997568e-06,30,1.10099995,2
1735206100010238,69524759,2458449.7514575887,58449.247592599997,19.0130882,0.0550856516,0,zr,8.9722934999999993,43.561476900000002,1.06099999,-0.0450000018,20181127247581,1735,0x6,0x1,20.4799995,26.2833576,0.0218359716,0.09514305,3.7156849e-06,30,1.11000001,2
1735206100010238,70222886,2458456.73235822,58456.228865700003,18.9676247,0.0532072186,0,zr,8.9722823999999992,43.561468400000003,0.667999983,0.0590000004,20181204228854,1735,0x6,0x1,20.9300003,26.2870197,0.0195611324,0.0877071619,3.01044201e-06,30,1.11099994,2
1735206100010238,70320555,2458457.7089918801,58457.205555599998,19.1169529,0.059639167,0,zr,8.9722746999999998,43.561352300000003,0.963999987,0.0260000005,20181205205509,1735,0x6,0x1,20.2800007,26.2911224,0.0255051292,0.0798888206,5.08914081e-06,30,1.06799996,2
1735206100010238,71717747,2458471.6800114536,58471.177476899997,19.1009045,0.0589111783,0,zr,8.9722662,43.561367400000002,0.312000006,0.00300000003,20181219177465,1735,0x6,0x1,19.3400002,26.0291004,0.0391886868,0.0874188095,1.26308178e-05,30,1.08700001,2
1735206100010238,92943126,2458683.9313022699,58683.431261600002,19.065958,0.0573571324,0,zr,8.9722833000000008,43.561483000000003,0.444000006,-0.0219999999,20190719431215,1735,0x6,0x1,20.7600002,26.2119675,0.0200929325,0.0926776379,3.21362063e-06,30,1.12600005,2
1735206100010238,92943171,2458683.9317537039,58683.431712999998,18.901001,0.050575871,0,zr,8.9723407999999996,43.561449699999997,0.771000028,-0.0860000029,20190719431713,1735,0x6,0x1,20.7000008,26.2181396,0.020530954,0.0933493152,3.35555637e-06,30,1.125,3
1735206100010238,93241513,2458686.9154155585,58686.415138900004,18.9279633,0.0516236834,0,zr,8.9723106999999995,43.561471599999997,0.81400001,-0.064000003,20190722415139,1735,0x6,0x1,20.7900009,26.0706329,0.0240983125,0.0900103748,4.66837218e-06,30,1.14699996,2
1735206100010238,93241559,2458686.9158669938,58686.415590299999,19.0040817,0.0547080487,0,zr,8.9723219000000007,43.561471599999997,0.35800001,-0.0140000004,20190722415590,1735,0x6,0x1,20.75,26.0497437,0.0254890136,0.0899545923,5.21335778e-06,30,1.14600003,3
1735206100010238,95638884,2458710.890956392,58710.388842599998,18.7543545,0.0452672169,0,zr,8.9723264,43.56147,0.499000013,-0.0329999998,20190815388819,1735,0x6,0x1,20.6100006,26.2256985,0.0208627712,0.0910014138,3.4682314e-06,30,1.06200004,2
1735206100010238,95638929,2458710.8914078232,58710.389294000001,18.8388481,0.0482468456,0,zr,8.9723129000000004,43.5615028,0.861000001,-0.100000001,20190815389294,1735,0x6,0x1,20.6100006,26.2261486,0.0220104661,0.0925711393,3.88630133e-06,30,1.06200004,3
1735206100010238,95736098,2458711.8631673437,58711.360983799997,18.6549416,0.04202272,0,zr,8.9722836000000008,43.561477799999999,0.370000005,-0.00300000003,20190816360961,1735,0x6,0x1,20.6100006,26.2198601,0.0217667837,0.0945374444,3.7593702e-06,30,1.11099994,2
1735206100010238,95736143,2458711.8636187757,58711.3614352,18.6253262,0.0411082953,0,zr,8.9723099000000008,43.561462200000001,1.03199995,-0.101000004,20190816361435,1735,0x6,0x1,20.7000008,26.2172527,0.0221949536,0.0956767872,3.94500057e-06,30,1.11000001,3
1735206100010238,95838637,2458712.88863385,58712.386377299998,18.9243584,0.0514822565,0,zr,8.9723407999999996,43.561497299999999,0.550999999,0.0860000029,20190817386354,1735,0x6,0x1,20.7900009,26.2240009,0.0213721562,0.0923572034,3.6556994e-06,30,1.05799997,2
1735206100010238,95838682,2458712.889085284,58712.3868287,18.8856926,0.0499911308,0,zr,8.9723088999999998,43.561495499999999,0.86500001,-0.0820000023,20190817386829,1735,0x6,0x1,20.7199993,26.2183609,0.020211434,0.0901666135,3.26541908e-06,30,1.05700004,3
1735206100010238,95936599,2458713.8683211096,58713.365995400003,18.7270832,0.04434973,0,zr,8.9722950000000008,43.561465200000001,0.574000001,0.0299999993,20190818365961,1735,0x6,0x1,20.7000008,26.1957779,0.0215511192,0.0902274176,3.73200623e-06,30,1.08800006,2
1735206100010238,95936644,2458713.8687725388,58713.366446799999,18.67939,0.0427953377,0,zr,8.9723243999999998,43.5614876,0.648999989,-0.00700000022,20190818366447,1735,0x6,0x1,20.7700005,26.1951027,0.0224562567,0.0916696712,4.07694642e-06,30,1.08700001,3
1735206100010238,96038383,2458714.886227957,58714.383830999999,19.0813713,0.0580373555,0,zr,8.9723082999999999,43.561486199999997,0.842000008,0.0340000018,20190819383796,1735,0x6,0x1,20.9200001,26.2041759,0.0231830552,0.0910754353,4.29499232e-06,30,1.05400002,2
1735206100010238,96038429,2458714.8866909901,58714.384294000003,19.1540375,0.0613561533,0,zr,8.9723000000000006,43.5614828,0.80400002,0.00700000022,20190819384282,1735,0x6,0x1,20.9200001,26.2067738,0.0216721296,0.0897670239,3.72093109e-06,30,1.05299997,3
1735206100010238,96140004,2458715.902513742,58715.400046299997,19.3068428,0.0689610243,0,zr,8.9722829999999991,43.561485599999997,0.268000007,-0.0469999984,20190820400046,1735,0x6,0x1,20.7199993,26.2105904,0.020898398,0.0979419276,3.5059461e-06,30,1.03299999,2
1735206100010238,96140049,2458715.902965175,58715.4004977,19.4226627,0.0753165185,0,zr,8.9722846999999994,43.561458999999999,1,-0.0260000005,20190820400498,1735,0x6,0x1,20.9500008,26.2214546,0.0195857696,0.0887047797,3.06548714e-06,30,1.03199995,3
1735206100010238,96241641,2458716.9189492641,58716.416411999999,19.6100311,0.0867248923,0,zr,8.9722968000000005,43.561481399999998,0.620999992,-0.0199999996,20190821416400,1735,0x6,0x1,21.2000008,26.2177391,0.0249004252,0.0915523395,4.94822643e-06,30,1.02100003,2
1735206100010238,96241686,2458716.9194006943,58716.416863400002,19.443222,0.0764996335,0,zr,8.9722799999999996,43.561501,0.54400003,0.0540000014,20190821416863,1735,0x6,0x1,21.1800003,26.2089233,0.0253007002,0.0906032026,5.07363347e-06,30,1.02100003,3
1735206100010238,96349622,2458717.9988375744,58717.496226900003,19.5813313,0.0848856866,0,zr,8.9722486000000004,43.561500799999997,1.24699998,-0.237000003,20190822496204,1735,0x6,0x1,20.8999996,26.1895313,0.0205568988,0.0967020765,3.38305335e-06,30,1.07700002,2
1735206100010238,96349667,2458717.9992889035,58717.496678199997,19.7385025,0.0953643098,0,zr,8.9723047999999999,43.561483500000001,0.663999975,0.0340000018,20190822496678,1735,0x6,0x1,20.9799995,26.1917038,0.0208910201,0.0922647044,3.51672543e-06,30,1.07799995,3
1735206100010238,96449979,2458719.002469888,58718.4997917,19.686615,0.0917952582,0,zr,8.9722805000000001,43.561469799999998,1.39199996,-0.192000002,20190823499769,1735,0x6,0x1,21.0100002,26.2070217,0.0190999862,0.0860926434,2.93302128e-06,30,1.08899999,2
1735206100010238,96450024,2458719.0029213168,58718.500243100003,19.654644,0.0896498337,0,zr,8.9722878999999995,43.561478399999999,0.667999983,0.107000001,20190823500243,1735,0x6,0x1,20.9400005,26.2050514,0.0193775184,0.089933604,3.00769307e-06,30,1.09000003,3
1735206100010238,96540409,2458719.9068356194,58719.4040972,19.7974663,0.0995494723,0,zr,8.9723624999999991,43.561507900000002,1.06599998,0.0560000017,20190824404097,1735,0x6,0x1,21.0900002,26.1964169,0.0191268343,0.0901557058,2.93543985e-06,30,1.023,2
1735206100010238,96540454,2458719.9072870528,58719.404548600003,19.6972809,0.0925201178,0,zr,8.9722600999999997,43.561518800000002,0.316000015,-0.0399999991,20190824404537,1735,0x6,0x1,21.2299995,26.1892796,0.0185363423,0.0892423019,2.75141542e-06,30,1.023,3
1735206100010238,97038443,2458724.8874919103,58724.384432899999,19.7580471,0.0967363939,0,zr,8.9723836000000006,43.561526399999998,0.864000022,-0.0130000003,20190829384433,1735,0x6,0x1,21.0699997,26.173418,0.01942892,0.104190759,3.01639398e-06,30,1.02600002,2
1735206100010238,97038488,2458724.8879433409,58724.384884300001,19.6617966,0.0901262388,0,zr,8.9722969999999993,43.561537800000004,0.501999974,0.0799999982,20190829384884,1735,0x6,0x1,21.1499996,26.1732044,0.0184174571,0.101285137,2.72023294e-06,30,1.02600002,3
1735206100010238,98133210,2458735.835794569,58735.332106499998,18.9305954,0.051727213,0,zr,8.9722957000000001,43.561482300000002,0.783999979,0.0370000005,20190909332072,1735,0x6,0x1,21.1499996,26.1966362,0.0199843813,0.0897677392,3.19760829e-06,30,1.046,2
1735206100010238,98133255,2458735.8362459922,58735.332557900001,18.8839245,0.0499240682,0,zr,8.9723266000000006,43.561477799999999,0.513000011,0.0340000018,20190909332558,1735,0x6,0x1,21.1000004,26.1959972,0.0197690967,0.0898326486,3.12951943e-06,30,1.046,3
1735206100010238,98238790,2458736.8916477128,58736.387905099997,19.3093529,0.0690932125,0,zr,8.9723197999999993,43.561511899999999,1.44799995,-0.0710000023,20190910387905,1735,0x6,0x1,21,26.1924057,0.0196204055,0.0958778113,3.09266579e-06,30,1.01999998,2
1735206100010238,98238836,2458736.8921107389,58736.388368100001,19.2956085,0.0683721453,0,zr,8.9722925,43.561490599999999,0.873000026,0.179000005,20190910388356,1735,0x6,0x1,21.1499996,26.2036991,0.0203509834,0.0921806172,3.32329137e-06,30,1.01999998,3
1735206100010238,98434914,2458738.8529843548,58738.349143500003,19.0960979,0.058694914,0,zr,8.9723381,43.561478999999999,0.73299998,-0.0489999987,20190912349144,1735,0x6,0x1,20.6299992,26.1881657,0.023105396,0.100456826,4.31235594e-06,30,1.02400005,2
1735206100010238,98434959,2458738.8534357771,58738.349594899999,19.2246208,0.0647613555,0,zr,8.9723378,43.561473200000002,0.855000019,0.0869999975,20190912349595,1735,0x6,0x1,20.7700005,26.1875553,0.0241430737,0.0942672342,4.69069209e-06,30,1.02400005,3
1735206100010238,98533802,2458739.8419096479,58739.338020800002,18.9142647,0.0510884263,0,zr,8.9723018000000003,43.561478899999997,0.629000008,-0.0130000003,20190913338021,1735,0x6,0x1,20.3999996,26.1931782,0.0274586678,0.0941854417,6.01412012e-06,30,1.02999997,2
1735206100010238,98535224,2458739.856134933,58739.352245399998,19.0102329,0.054965619,0,zr,8.9723065999999996,43.561473900000003,0.490999997,0.0179999992,20190913352153,1735,0x6,0x1,20.4400005,26.1828594,0.0242112931,0.102592126,4.72119427e-06,30,1.02199996,3
1735206100010238,98642053,2458740.9244725765,58740.4205324,18.8767509,0.0496530049,0,zr,8.9723316999999998,43.561477500000002,0.617999971,0.0769999996,20190914420509,1735,0x6,0x1,20.3500004,26.1957283,0.0255620293,0.0945980325,5.22843493e-06,30,1.05599999,2
1735206100010238,98642097,2458740.9249123968,58740.420972200001,18.8597946,0.0490185209,0,zr,8.9723489999999995,43.561468300000001,0.795000017,-0.0719999969,20190914420972,1735,0x6,0x1,20.3799992,26.1907845,0.0247761142,0.0954833031,4.90465391e-06,30,1.05700004,3
1735206100010238,98736692,2458741.8709053188,58741.366921300003,19.2777767,0.0674472451,0,zr,8.9723460999999993,43.5614445,0.621999979,0.119000003,20190915366921,1735,0x6,0x1,20.3199997,26.1622677,0.0253319405,0.095245041,5.11541475e-06,30,1.01900005,2
1735206100010238,98736737,2458741.8713567359,58741.367372699999,19.052021,0.0567491204,0,zr,8.9723325000000003,43.561498299999997,0.629000008,-0.00600000005,20190915367361,1735,0x6,0x1,20.3999996,26.1747379,0.0271673165,0.0919308141,5.88715375e-06,30,1.01900005,3
1735206100010238,99040354,2458744.9076596322,58744.403541699998,18.7452126,0.0449572913,0,zr,8.9722943999999991,43.561475399999999,0.716000021,-0.0829999968,20190918403542,1735,0x6,0x1,20.3500004,26.1981487,0.0224834662,0.0937261283,4.08415326e-06,30,1.04799998,2
1735206100010238,99040399,2458744.908111047,58744.403993100001,18.7803173,0.0461604744,0,zr,8.9723752999999995,43.561510800000001,0.44600001,0.0689999983,20190918403993,1735,0x6,0x1,20.1399994,26.1962337,0.0239864588,0.0992611721,4.60963747e-06,30,1.04900002,3
1735206100010238,99139121,2458745.8953745347,58745.391215299998,19.0256691,0.0556175597,0,zr,8.9722927000000006,43.561526800000003,0.760999978,0.0469999984,20190919391215,1735,0x6,0x1,20.6200008,26.1904449,0.0227434989,0.100924909,4.11777182e-06,30,1.03799999,2
1735206100010238,99139166,2458745.8958259537,58745.391666700001,18.9277248,0.051614318,0,zr,8.9722712999999992,43.561523100000002,0.625,0.0160000008,20190919391667,1735,0x6,0x1,20.5699997,26.1865997,0.0218144488,0.102622285,3.76672415e-06,30,1.03799999,3
1735206100010238,113913403,2458893.6326544108,58893.1340394,18.5312843,0.0383553654,0,zr,8.9723041000000006,43.561487800000002,0.513999999,0.0130000003,20200214134028,1735,0x6,0x1,21.6100006,27.7657127,0.0212162584,0.0929255113,3.64039465e-06,120,1.62,2
1735206100010238,267649278,2460430.9883650672,60430.492789399999,18.9929142,0.0542436466,0,zr,8.9723533,43.561441799999997,0.483999997,0.0250000004,20240430492720,1735,0x6,0x1,19.8999996,26.1699924,0.0307905786,0.0973437652,7.60541616e-06,30,2.47799993,1
1735206100010238,267848918,2460432.9848001148,60432.489189799999,19.1142044,0.0595138371,0,zr,8.9722644000000003,43.561504399999997,1.10599995,-0.236000001,20240502489109,1735,0x6,0x1,20.2000008,26.0334225,0.0276487973,0.10136193,6.17087198e-06,30,2.43700004,1
1735206100010238,267948634,2460433.9819721919,60433.486342600001,18.923214,0.051437445,0,zr,8.9722355999999994,43.5614639,0.483999997,-0.0179999992,20240503486262,1735,0x6,0x1,20.5100002,26.071825,0.0232091136,0.103449337,4.34001595e-06,30,2.43899989,1
1735206100010238,267949023,2460433.9858611696,60433.4902315,19.271637,0.0671316162,0,zr,8.9723374000000007,43.561462599999999,0.575999975,0.125,20240503490150,1735,0x6,0x1,20.3400002,26.093996,0.0247284733,0.10134577,4.92347863e-06,30,2.35599995,1
1735206100010238,268747685,2460441.972682727,60441.476851899999,18.9833679,0.0538499355,0,zr,8.9723015000000004,43.5614378,0.772000015,-0.0860000029,20240511476852,1735,0x6,0x1,20.0100002,26.1909771,0.0304593872,0.0998183638,7.45635634e-06,30,2.19300008,1
1735206100010238,268748140,2460441.9772314685,60441.481400500001,19.1730003,0.0622532219,0,zr,8.9723229999999994,43.561446599999996,0.609000027,0.0469999984,20240511481389,1735,0x6,0x1,20.1100006,26.1983852,0.0281274561,0.106469303,6.349258e-06,30,2.11500001,1
1735206100010238,268847565,2460442.9715214041,60442.475659700001,19.1243057,0.0599757247,0,zr,8.9722550000000005,43.561481999999998,0.344000012,-0.0410000011,20240512475660,1735,0x6,0x1,20.4500008,26.1680107,0.029830398,0.104892522,7.12684323e-06,30,2.16599989,1
1735206100010238,268847953,2460442.9753988292,60442.479536999999,19.3447342,0.070982866,0,zr,8.9722673000000004,43.561465699999999,0.925999999,0.0970000029,20240512479525,1735,0x6,0x1,20.4799995,26.1842632,0.0242604539,0.0985916778,4.7452786e-06,30,2.10100007,1
1735206100010238,268848295,2460442.9788133418,60442.482951400001,19.3430214,0.0708903298,0,zr,8.9722577999999995,43.561513300000001,0.808000028,-0.158000007,20240512482940,1735,0x6,0x1,20.3199997,26.1965885,0.0312602259,0.0946294516,7.85852808e-06,30,2.04699993,1
1735206100010238,268947799,2460443.9738916308,60443.4779977,19.0884171,0.0583510064,0,zr,8.9723238999999992,43.5615126,0.446999997,0.0320000015,20240513477986,1735,0x6,0x1,20.0400009,26.1562786,0.030391451,0.100698441,7.44920635e-06,30,2.08200002,1
1735206100010238,268948134,2460443.9772366472,60443.481342599996,19.2813168,0.0676299185,0,zr,8.9722422000000002,43.561519199999999,1.53499997,0.0189999994,20240513481331,1735,0x6,0x1,20.1000004,26.16506,0.0319049582,0.100259043,8.22069524e-06,30,2.02999997,1
1735206100010238,268948565,2460443.9815538819,60443.485659700003,19.2149334,0.0642832294,0,zr,8.9723781000000002,43.561349100000001,0.367000014,0.00400000019,20240513485660,1735,0x6,0x1,19.8099995,26.1806335,0.034285713,0.0994519591,9.36997003e-06,30,1.96700001,1
1735206100010238,269047451,2460444.9704410885,60444.474513900001,19.066288,0.0573716201,0,zr,8.9723085000000005,43.561454900000001,1.03499997,0.128999993,20240514474502,1735,0x6,0x1,20.7800007,26.1899071,0.0237128101,0.100311317,4.56164025e-06,30,2.0940001,1
1735206100010238,269047785,2460444.9737861049,60444.477858799997,19.1530876,0.06131161,0,zr,8.9723324000000009,43.5614767,0.541999996,0.00200000009,20240514477847,1735,0x6,0x1,20.7800007,26.200573,0.0230274145,0.0980691463,4.26531233e-06,30,2.04099989,1
1735206100010238,269048214,2460444.978068654,60444.482141200002,19.3833218,0.0730990395,0,zr,8.9723448000000001,43.561479599999998,0.684000015,0.0909999982,20240514482141,1735,0x6,0x1,20.5200005,26.2166634,0.0238223672,0.0975740254,4.56774615e-06,30,1.97800004,1
1735206100010238,269148493,2460445.9808927514,60445.484930600003,19.175518,0.0623732917,0,zr,8.9724175000000006,43.561456200000002,0.331999987,0.0649999976,20240515484919,1735,0x6,0x1,19.8899994,26.1870155,0.0315256827,0.0938654095,7.95115193e-06,30,1.90199995,1
1735206100010238,269148874,2460445.9847123078,60445.488749999997,19.2168236,0.0643762201,0,zr,8.9720794999999995,43.561560999999998,0.490999997,-0.0879999995,20240515488750,1735,0x6,0x1,19.8299999,26.1973114,0.0327361338,0.100680523,8.52674475e-06,30,1.85300004,1
1735206100010238,269247502,2460446.9710206995,60446.4750231,19.2975349,0.0684727803,32768,zr,8.9722246999999999,43.561509999999998,0.629000008,0.0500000007,20240516475012,1735,0x6,0x1,20.1700001,26.1664352,0.0496361069,0.0990253985,2.01227285e-05,30,2.00200009,1
1735206100010238,269247788,2460446.9738796027,60446.477881899998,19.4509735,0.0769500434,0,zr,8.9722570000000008,43.561423499999997,0.510999978,0.0189999994,20240516477870,1735,0x6,0x1,20.3999996,26.1767559,0.0265643839,0.0986271277,5.77114679e-06,30,1.96099997,1
1735206100010238,269248130,2460446.9773057317,60446.481307900001,19.5745125,0.0844536275,0,zr,8.9722366000000005,43.561443300000001,0.252000004,0.063000001,20240516481308,1735,0x6,0x1,20.2800007,26.1883354,0.0312766246,0.0921116471,7.90099784e-06,30,1.91400003,1
1735206100010238,304149508,2460795.9906524504,60795.495081000001,18.7990379,0.0468167476,0,zr,8.9723664999999997,43.561449600000003,0.68900001,-0.137999997,20250430495000,1735,0x6,0x1,19.7999992,26.1282501,0.0421910807,0.103105158,1.43174857e-05,30,2.44300008,1
1735206100010238,304349050,2460797.9861148326,60797.490509299998,18.666153,0.042375017,0,zr,8.9722535000000008,43.561500000000002,0.145999998,0.00200000009,20250502490440,1735,0x6,0x1,19.8400002,26.080431,0.0345151722,0.0932147577,9.51892434e-06,30,2.4230001,1
1735206100010238,304448631,2460798.9819439077,60798.486319399999,18.6103725,0.0406553745,0,zr,8.9722731000000007,43.561462400000003,0.699999988,0.0610000007,20250503486250,1735,0x6,0x1,20.1800003,26.1130371,0.0320252404,0.0961108953,8.28148404e-06,30,2.45499992,1
1735206100010238,304449115,2460798.9867820069,60798.4911574,18.5876083,0.0399770476,0,zr,8.9722907000000003,43.561466099999997,0.671999991,0.0839999989,20250503491076,1735,0x6,0x1,20.0499992,26.1303539,0.0295894258,0.0951820239,7.02205716e-06,30,2.35100007,1
1735206100010238,305348689,2460807.9827522305,60807.486898100004,18.7379646,0.0447132736,32768,zr,8.9722715999999991,43.561493800000001,0.634000003,-0.196999997,20250512486898,1735,0x6,0x1,18.8099995,25.9427776,0.044120077,0.101974912,2.3660783e-05,30,1.99800003,1
1735206100010238,305349128,2460807.9871389801,60807.491284700001,18.5296822,0.0383103974,32768,zr,8.9721221999999994,43.5615752,0.755999982,0.0379999988,20250512491285,1735,0x6,0x1,18.3700008,25.9006023,0.0407403223,0.0997349545,2.92553377e-05,30,1.93599999,1
1735206100010238,305648790,2460810.9838583264,60810.487905100003,19.0295048,0.0557808243,32768,zr,8.9722852,43.561465699999999,0.697000027,-0.0170000009,20250515487905,1735,0x6,0x1,19.75,26.2194366,0.0369635373,0.0894559398,1.09759767e-05,30,1.87300003,1
1735206100010238,305649225,2460810.9882102888,60810.492256899997,18.9315147,0.0517634116,0,zr,8.9722082000000007,43.561585700000002,0.916999996,0.165999994,20250515492245,1735,0x6,0x1,19.3099995,26.228548,0.0384708419,0.100855701,1.27265293e-05,30,1.81900001,1
1735206100010238,305748687,2460811.9828636334,60811.486875000002,19.1302757,0.060250394,32768,zr,8.9722810000000006,43.5614986,0.433999985,-0.0900000036,20250516486817,1735,0x6,0x1,19.6000004,26.2396679,0.0499751121,0.0975958779,2.04740718e-05,30,1.85099995,1
1735206100010238,305749521,2460811.9912088332,60811.495219900004,19.0050507,0.0547485426,0,zr,8.9724132000000001,43.561410199999997,0.307000011,-0.0879999995,20250516495197,1735,0x6,0x1,18.8299999,26.2585773,0.0414756425,0.102138564,2.05382239e-05,30,1.75399995,1
