# wavelength_A flux_1e-17 err_1e-17
3822.9629 29.710972 3.5749829
3823.8423 29.919502 3.5673261
3824.7241 31.141859 3.5425482
3825.604 31.186901 3.4927804
3826.4841 27.52619 3.3905835
3827.3665 27.231155 3.3928747
3828.2468 39.612217 3.6209068
3829.1296 33.56926 3.5396643
3830.0105 30.756384 3.4747055
3830.8938 30.229679 3.4723144
3831.7751 35.448101 3.558234
3832.6565 37.625542 3.5490134
3833.5403 28.925905 3.4407561
3834.4224 26.930183 3.4076166
3835.3064 39.11039 3.6471
3836.1887 35.110764 4.5833321
3837.0735 34.480286 4.5457597
3837.9561 30.873178 3.6728377
3838.8391 31.206718 3.2964098
3839.7244 31.573757 3.174777
3840.6077 30.932697 3.1785402
3841.4932 34.786243 3.2890568
3842.377 36.261166 3.3734496
3843.2629 30.253504 3.3549228
3844.1472 25.588474 3.2878692
3845.0315 26.631922 3.2971768
3845.9182 25.395512 3.1775897
3846.803 24.602819 3.0617034
3847.6899 31.522152 3.170099
3848.5752 31.44865 3.1901166
3849.4626 25.499731 3.0521109
3850.3481 25.422396 3.0480182
3851.2339 27.515736 3.1173768
3852.1221 26.993305 3.1672738
3853.0083 25.471163 3.1302571
3853.8967 24.438471 3.0578704
3854.7832 36.959148 3.2511036
3855.6721 30.736687 3.0757527
3856.5591 31.286921 2.9832122
3857.4463 25.9776 2.9095628
3858.3359 29.561922 2.9039109
3859.2234 31.808809 2.9290121
3860.1135 30.792458 2.9199083
3861.0015 30.891123 2.9403403
3861.8918 28.29921 2.8967192
3862.7803 27.608582 2.9043527
3863.6687 26.075026 2.871062
3864.5598 29.003668 2.9071069
3865.4487 30.330498 2.8793027
3866.3401 30.472687 2.8229642
3867.2297 32.284546 2.8465228
3868.1213 32.61845 2.8226445
3869.0112 30.377495 2.7738123
3869.9014 28.176437 2.7289112
3870.7937 28.907188 2.7808967
3871.6841 32.430939 2.8690531
3872.5769 33.274632 2.9534867
3873.4678 31.436878 2.9188728
3874.3611 30.126421 2.8939784
3875.2524 29.860294 2.8722279
3876.1438 28.176065 2.7866919
3877.0376 30.624714 2.8376486
3877.9297 34.35014 2.8669205
3878.8237 30.856243 2.8099298
3879.7161 25.07592 2.7141395
3880.6108 28.069855 2.7507827
3881.5037 29.826954 2.8021703
3882.3965 34.395267 2.8879561
3883.2917 33.203094 2.8543162
3884.1851 26.928852 2.6599038
3885.0808 26.282162 2.6986375
3885.9746 30.590626 2.7571673
3886.8706 31.651617 2.7736728
3887.7649 29.157051 2.7211523
3888.6592 29.272104 2.6718233
3889.5559 29.800714 2.6542284
3890.4507 26.404661 2.536521
3891.3479 26.96553 2.5808604
3892.2429 30.118874 2.6269312
3893.1406 30.064264 2.6359222
3894.0361 31.977587 2.6760845
3894.9341 30.771162 2.6861963
3895.8301 26.389393 2.6051927
3896.7263 29.365141 2.7022541
3897.625 33.27034 2.7377598
3898.5215 26.013077 2.5914822
3899.4207 27.582481 2.5797019
3900.3176 26.502506 2.5271482
3901.217 30.217632 2.5582497
3902.1145 29.939859 2.6043854
3903.0122 26.837698 2.6095898
3903.9121 27.63707 2.608469
3904.8103 26.503273 2.6238017
3905.7107 28.152866 2.6758823
3906.6094 29.095627 2.7613826
3907.51 23.644804 2.6741743
3908.4089 26.636061 2.7121978
3909.3081 24.075665 2.6587875
3910.2097 26.265652 2.6567106
3911.1091 31.612019 2.7179208
3912.011 26.255129 2.5560758
3912.9111 24.616556 2.5347846
3913.8132 28.096931 2.6023674
3914.7136 27.651289 2.5926473
3915.6143 24.873768 2.5480173
3916.5171 24.254438 2.5427539
3917.4182 21.67276 2.4954562
3918.3215 24.749027 2.5479577
3919.2229 27.573626 2.6140625
3920.1267 34.579735 2.7407196
3921.0286 27.758284 2.6281495
3921.9307 26.688839 2.6126738
3922.835 27.191341 2.5768356
3923.7373 24.112814 2.5168946
3924.6421 21.112333 2.4363875
3925.5452 22.859772 2.453907
3926.4502 27.481047 2.4743714
3927.3535 25.731798 2.4782529
3928.2571 28.091972 2.4745414
3929.1628 19.755865 2.3157229
3930.0667 30.358183 2.5344858
3930.9731 31.272549 2.6843371
3931.8774 23.778021 3.0746419
3932.7839 24.273897 3.2088304
3933.6887 27.844124 2.6252332
3934.5938 26.434095 2.5219238
3935.501 25.654455 2.4425845
3936.4062 25.991762 2.3994656
3937.3142 25.762144 2.3680661
3938.22 25.589331 2.3448246
3939.1279 28.667839 2.3713565
3940.0342 27.210529 2.3308544
3940.9407 28.092257 2.3684306
3941.8494 31.483452 2.4311748
3942.7561 29.096701 2.3966818
3943.6653 25.756134 2.3439956
3944.5725 28.932384 2.3684709
3945.4822 29.289722 2.3806453
3946.3899 26.294704 2.3398416
3947.2979 23.019793 2.3272266
3948.208 26.667788 2.3901052
3949.1162 27.941961 2.4144926
3950.0269 26.538605 2.3618634
3950.9355 23.449963 2.2720447
3951.8467 23.326441 2.2334676
3952.7559 27.617792 2.2853789
3953.665 30.057114 2.5632219
3954.5769 27.954479 2.5095809
3955.4866 27.753607 2.4665449
3956.3987 23.21216 2.1341264
3957.3088 26.266834 2.2010398
3958.2214 23.579956 2.1484365
3959.1321 24.418648 2.1550829
3960.0449 25.19729 2.1608737
3960.9561 27.019863 2.1863151
3961.8672 27.62219 2.187561
3962.7808 26.177683 2.1424415
3963.6924 27.135605 2.1525283
3964.6064 27.590912 2.1610398
3965.5186 24.157181 2.0951469
3966.4329 28.142378 2.1937387
3967.3455 27.668001 2.1548436
3968.2581 25.063334 2.0698369
3969.1731 28.224138 2.1135654
3970.0862 27.445694 2.0858595
3971.0017 27.445997 2.1252456
3971.9153 28.221516 2.1323175
3972.8313 25.636927 2.1031959
3973.7451 27.654638 2.1261899
3974.6592 30.270967 2.1686795
3975.5759 30.153042 2.1778708
3976.4905 26.956207 2.1253374
3977.4075 28.361822 2.2074106
3978.3225 25.599091 2.157939
3979.2397 25.578121 2.1587009
3980.1553 27.56229 2.1844795
3981.0708 28.365389 2.1993461
3981.9888 27.465298 2.232307
3982.905 25.550264 2.2089226
3983.8232 27.299212 2.2706394
3984.7397 30.840473 2.3488817
3985.6587 23.359604 2.2249005
3986.5757 27.268332 2.3128853
3987.4927 23.705616 2.2337158
3988.4121 23.629305 2.2323465
3989.3298 24.363094 2.281713
3990.2498 24.845007 2.3404803
3991.1677 27.291565 2.4393783
3992.0879 27.997799 2.4825139
3993.0063 26.011597 2.4628491
3993.925 27.718969 2.4803989
3994.8459 22.506762 2.3498547
3995.7649 25.079727 2.3516572
3996.6863 25.509726 2.4280176
3997.6057 25.869371 2.4180064
3998.5276 28.162432 2.4646122
3999.4475 29.333246 2.434516
4000.3674 24.473137 2.2920966
4001.29 20.17996 2.1918914
4002.2104 25.184027 2.2358036
4003.1333 29.625542 2.2780137
4004.0544 25.385214 2.1665637
4004.9775 25.354015 2.1291268
4005.8989 26.834112 2.1092954
4006.8206 22.358328 2.0153191
4007.7446 27.723955 2.0696805
4008.6665 29.258625 2.144516
4009.5908 25.784422 2.1079202
4010.5132 25.80871 2.1210189
4011.438 28.407331 2.123266
4012.3608 28.374903 2.1007583
4013.2839 27.771049 2.064399
4014.2095 26.259321 2.0267127
4015.1328 26.562086 2.0369484
4016.0588 26.186533 2.0332241
4016.9827 24.780191 1.9645295
4017.9089 24.251236 1.9529035
4018.8333 25.787584 1.9683251
4019.7578 26.44371 2.1702499
4020.6848 24.703438 2.1787877
4021.6096 25.130241 2.2267187
4022.5371 29.669519 2.0838299
4023.4624 30.368395 2.0938451
4024.3901 24.627796 2.0034854
4025.3162 25.900644 2.0025859
4026.2422 30.591822 2.0488751
4027.1704 28.469084 2.0078998
4028.0969 26.565554 1.9498986
4029.0259 26.256767 1.92249
4029.9526 27.373123 1.9106475
4030.8821 27.783293 1.9175037
4031.8093 25.830336 1.8647845
4032.739 25.457602 1.8668624
4033.6667 26.29339 1.8613509
4034.5947 24.501196 1.8761441
4035.5251 27.937181 1.9535081
4036.4534 22.001305 1.8782184
4037.3843 23.865976 1.9270118
4038.313 22.965887 1.9228112
4039.2441 24.141745 1.908224
4040.1736 25.126226 1.9166006
4041.103 24.337158 1.9125422
4042.0347 27.234598 2.002176
4042.9646 27.964235 2.0423405
4043.897 23.058449 1.9545859
4044.8271 24.353361 2.032501
4045.76 24.055305 2.0874197
4046.6907 28.851271 2.227937
4047.6216 24.903814 2.1419249
4048.5549 26.431393 2.0838845
4049.4863 27.415487 2.0476279
4050.4202 26.958349 2.0257289
4051.3521 26.964161 2.0399208
4052.2861 24.82597 2.0177045
4053.2185 24.493134 1.9583765
4054.1509 22.84897 1.8971815
4055.0857 25.834656 1.9361351
4056.0186 25.912273 1.9365671
4056.9539 26.565098 1.9492917
4057.8872 23.165045 1.9362403
4058.823 22.614214 1.9760351
4059.7566 24.231306 2.0484593
4060.6907 24.970831 2.0761516
4061.627 26.295021 2.1034553
4062.5613 27.87228 2.1067302
4063.4983 25.693092 2.0501628
4064.4331 23.126846 1.96505
4065.3701 26.753212 1.9864953
4066.3054 30.567404 2.0442283
4067.241 27.39854 1.986607
4068.1787 25.934074 1.951995
4069.1147 27.754566 1.9752039
4070.053 26.571224 1.9670577
4070.9893 24.091223 1.9514029
4071.928 24.183376 1.9418998
4072.8647 26.683405 2.0156586
4073.8018 28.477739 2.0569482
4074.7412 23.87962 1.9492713
4075.6787 22.769258 1.9323864
4076.6184 21.049999 1.8803601
4077.5562 24.532581 2.0036852
4078.4966 23.405512 2.0024905
4079.4348 26.023058 2.0227923
4080.3733 26.825451 2.0428283
4081.3142 26.84878 2.0413251
4082.2532 26.45808 2.0549667
4083.1943 23.965101 2.0421286
4084.1338 25.376953 2.0381646
4085.0757 24.834736 2.0102642
4086.0154 26.850269 2.0389335
4086.9553 29.988598 2.1475544
4087.8977 28.465763 2.1107216
4088.8381 26.732141 2.057559
4089.781 28.302523 2.0192754
4090.7219 26.107483 1.9794425
4091.6653 23.994972 1.9317142
4092.6064 25.335016 1.9691498
4093.5481 27.953569 2.049464
4094.4919 30.529306 2.093626
4095.4338 27.194641 2.0449505
4096.3784 22.407204 1.8880684
4097.3208 29.873167 1.9923506
4098.2656 28.493372 1.9677911
4099.2085 27.813633 1.9666278
4100.1514 29.935608 2.0418327
4101.0967 31.470985 2.0444868
4102.04 29.595682 2.0033541
4102.9863 28.30608 1.9784682
4103.9302 28.429741 1.9696319
4104.8765 25.884062 1.9142596
4105.8208 25.452015 1.8986081
4106.7676 26.301844 1.9049135
4107.7124 30.324371 1.9821534
4108.6572 31.372179 2.0212109
4109.6045 28.914165 1.9470663
4110.5503 25.794777 1.8681104
4111.498 26.287643 1.845436
4112.4438 27.67326 1.8609037
4113.3921 27.708525 1.8588121
4114.3384 27.056227 1.8647915
4115.2852 27.597721 1.8891037
4116.2339 30.058199 1.9594902
4117.1807 29.670424 1.9447069
4118.1304 30.270599 1.9200923
4119.0776 27.281693 1.8161001
4120.0273 26.903549 1.8181422
4120.9751 29.532856 1.8840517
4121.9233 25.926851 1.8540319
4122.874 26.423088 1.9436991
4123.8223 28.341198 2.0195384
4124.7734 27.12986 1.9912974
4125.7222 27.296597 1.9683205
4126.6733 27.361279 1.9073595
4127.623 29.078812 1.9018731
4128.5723 30.947611 1.9094977
4129.5244 23.672089 2.2642272
4130.4746 21.767799 2.2270994
4131.4268 26.253582 2.2897196
4132.3774 27.123295 1.7464756
4133.3301 25.393032 1.7333348
4134.2812 25.337328 1.7401819
4135.2324 25.061779 1.7517955
4136.1855 25.193783 1.7614974
4137.1372 27.177954 1.7899979
4138.0913 24.874073 1.7800063
4139.0435 25.186617 1.8181872
4139.9976 27.544554 1.8535526
4140.9502 29.598684 1.8595482
4141.9028 26.015511 1.7989244
4142.8579 26.620262 1.8161541
4143.811 26.751637 1.7913229
4144.7666 24.995817 1.7426541
4145.7202 25.330147 1.7425824
4146.6758 26.010189 1.7369993
4147.6299 25.821678 1.7635853
4148.584 27.597672 1.8296154
4149.5405 26.243923 1.8368019
4150.4951 25.908169 1.809821
4151.4526 25.843262 1.7832963
4152.4072 24.710976 1.7803472
4153.3647 23.863096 1.7478566
4154.3203 24.178215 1.7389314
4155.2764 22.915892 1.7218856
4156.2344 25.736246 1.7871248
4157.1904 26.988762 1.8219312
4158.1489 22.757071 1.7653421
4159.1055 23.380194 1.7549106
4160.0649 26.164204 1.7661625
4161.022 24.896524 1.7356815
4161.979 25.152536 1.7643666
4162.939 28.320393 1.791604
4163.8965 28.651604 1.8125348
4164.8564 25.090189 1.778051
4165.8149 26.411028 1.78687
4166.7754 28.723888 1.8105612
4167.7339 26.383396 1.7619416
4168.6929 24.462839 1.7324665
4169.6538 25.890079 1.7753192
4170.6133 26.326693 1.8080629
4171.5752 27.034946 1.8555253
4172.5347 25.632719 1.8388169
4173.4971 26.25931 1.7997887
4174.457 25.46991 1.7705535
4175.4175 27.048676 1.7549924
4176.3799 28.571661 1.7387768
4177.3408 28.403763 1.7004073
4178.3042 24.484932 1.6364859
4179.2651 24.26355 1.642064
4180.229 25.69977 1.6574274
4181.1909 24.862911 1.6616185
4182.1548 29.004686 1.7223176
4183.1172 28.839405 1.721591
4184.0796 25.628857 1.644852
4185.0444 24.751806 1.6403383
4186.0068 23.442642 1.6413513
4186.9722 23.994862 1.6728399
4187.9355 25.623611 1.689043
4188.9014 24.05542 1.6328987
4189.8647 25.824177 1.6539658
4190.8286 28.98135 1.6982899
4191.7949 27.305098 1.6765422
4192.7593 25.440878 1.6317611
4193.7261 27.151203 1.6631575
4194.6909 25.574574 1.5993578
4195.6582 27.487827 1.6301278
4196.6235 25.338614 1.6177511
4197.5889 23.086826 1.6659994
4198.5571 22.725946 1.6729004
4199.5229 24.814756 1.6294321
4200.4912 24.960594 1.6393489
4201.4575 25.11232 1.6491629
4202.4263 25.871088 1.644073
4203.3931 25.268305 1.6436892
4204.3599 26.136124 1.6873749
4205.3296 27.906836 1.6487185
4206.2969 22.588392 1.549209
4207.2671 25.058918 1.6180346
4208.2349 25.929665 1.638157
4209.2051 23.188175 1.5929655
4210.1738 24.893652 1.6502671
4211.1421 26.093023 1.6305935
4212.1133 24.133823 1.5864708
4213.082 23.593126 1.5790838
4214.0537 25.307411 1.5839974
4215.0229 26.075304 1.6155214
4215.9951 24.496012 1.6122997
4216.9648 23.531681 1.609604
4217.9351 26.835375 1.5905998
4218.9077 24.740656 1.5866617
4219.8784 24.876265 1.6069702
4220.8516 26.453514 1.6378831
4221.8223 22.305845 1.5736544
4222.7959 25.4597 1.6103952
4223.7676 26.202686 1.6200281
4224.7393 24.14242 1.5836607
4225.7134 24.256124 1.5800726
4226.6855 24.980253 1.5524443
4227.6602 24.150322 1.5363824
4228.6328 24.875053 1.5483998
4229.6079 27.912134 1.6348563
4230.5806 25.767101 1.6166432
4231.5542 23.875103 1.5799179
4232.5298 25.693466 1.6268886
4233.5034 23.035557 1.5561529
4234.48 24.280169 1.5787424
4235.4541 23.923433 1.5593613
4236.4307 23.727005 1.5521659
4237.4053 25.032158 1.5609229
4238.3799 24.787403 1.5530493
4239.3574 24.041092 1.5538688
4240.3325 25.695576 1.5813446
4241.3105 26.406185 1.6078528
4242.2861 23.765694 1.5480243
4243.2642 24.39348 1.5476197
4244.2407 25.822521 1.5680945
4245.2168 25.095352 1.6215222
4246.1958 27.768839 1.7142365
4247.1729 25.401247 1.6757085
4248.1519 25.667849 1.6423247
4249.1294 26.488699 1.6366577
4250.1094 23.560242 1.5629625
4251.0869 22.317324 1.5276328
4252.0649 24.783587 1.5571179
4253.0454 25.795815 1.5676266
4254.0239 25.918163 1.551224
4255.0049 25.63213 1.5368502
4255.9834 23.450216 1.4900715
4256.9648 23.993441 1.494218
4257.9443 22.54657 1.4964173
4258.9263 24.601332 1.5690118
4259.9058 24.47496 1.6124684
4260.8857 23.615639 1.6297851
4261.8687 23.552889 1.5940969
4262.8491 24.125664 1.5781251
4263.832 24.059143 1.5425562
4264.813 22.898342 1.4844261
4265.7964 24.194105 1.501596
4266.7778 22.192368 1.4753
4267.7593 25.672222 1.5418861
4268.7432 26.28129 1.5724357
4269.7256 21.820652 1.4759501
4270.71 22.981045 1.4961873
4271.6924 26.58363 1.5244628
4272.6772 23.61561 1.4806036
4273.6606 23.98708 1.4754207
4274.6436 25.778641 1.5038328
4275.6294 24.472549 1.5017256
4276.6128 24.403652 1.5192991
4277.5991 22.796938 1.5064558
4278.583 23.123056 1.4853652
4279.5698 22.323627 1.4442488
4280.5542 22.568829 1.4410808
4281.5391 24.668434 1.4943557
4282.5264 22.106359 1.4352361
4283.5117 21.741625 1.4133922
4284.499 22.298098 1.408487
4285.4849 21.68837 1.4132839
4286.4731 23.76951 1.463537
4287.459 24.960676 1.5269235
4288.4453 23.049973 1.5232887
4289.4346 22.77149 1.5216517
4290.4214 22.874624 1.527932
4291.4106 24.785141 1.5542276
4292.3979 22.716776 1.5045691
4293.3877 22.988461 1.5029352
4294.3755 21.853935 1.48045
4295.3633 22.882648 1.50939
4296.3535 23.98975 1.5173409
4297.3423 22.522694 1.4749228
4298.333 22.044634 1.4771262
4299.3218 21.542812 1.4883804
4300.3135 21.527702 1.5193734
4301.3027 23.278309 1.5414606
4302.292 24.666691 1.5556298
4303.2842 24.736959 1.5421878
4304.2744 22.411188 1.4938651
4305.2666 24.454586 1.4722074
4306.2573 25.138868 1.4692531
4307.25 23.38187 1.4402188
4308.2412 23.628363 1.4431137
4309.2319 21.902462 1.4365578
4310.2261 23.037523 1.4681932
4311.2173 23.685118 1.4705104
4312.2114 23.122185 1.4910531
4313.2036 23.786951 1.4880606
4314.1982 23.263197 1.4477425
4315.1904 20.529356 1.4012684
4316.1836 21.097349 1.4120668
4317.1787 22.449034 1.4423274
4318.1719 24.46196 1.4789141
4319.1675 21.898594 1.4501305
4320.1611 22.593021 1.4562504
4321.1572 21.468697 1.4468006
4322.1514 22.996845 1.4689535
4323.146 24.047464 1.4554323
4324.1426 24.696156 1.4623225
4325.1377 24.183386 1.4639453
4326.1348 21.686407 1.4239101
4327.1299 20.676138 1.4191327
4328.1279 22.547695 1.4264846
4329.1235 22.538795 1.4138676
4330.1196 21.662842 1.3649772
4331.1182 23.972319 1.4245237
4332.1143 23.847757 1.425001
4333.1133 21.857792 1.3784047
4334.1104 22.223118 1.3856058
4335.1099 25.663591 1.446954
4336.1069 23.974215 1.4414603
4337.1069 23.415194 1.4503322
4338.1045 25.766657 1.4772438
4339.1025 26.5259 1.4683408
4340.103 26.217653 1.455088
4341.1016 26.269058 1.4689596
4342.1025 25.721811 1.4693559
4343.1016 26.278152 1.5169474
4344.103 22.941383 1.5090518
4345.1025 26.858915 1.5878246
4346.1021 26.585949 1.5482446
4347.104 25.622129 1.5301414
4348.104 22.581028 1.5977467
4349.1069 23.556192 1.6077484
4350.1074 25.49275 1.466369
4351.1104 24.583687 1.4638665
4352.1113 24.529182 1.4388739
4353.1128 24.814085 1.4150909
4354.1167 22.996569 1.4223052
4355.1182 22.483458 1.4660273
4356.1226 24.548174 1.5525109
4357.1245 24.596357 1.6219236
4358.1294 19.72315 1.6212609
4359.1318 20.076302 1.6520209
4360.1348 23.30805 1.6635771
4361.1401 23.629038 1.5823345
4362.1436 23.246298 1.5587589
4363.1494 20.193121 1.4838964
4364.1528 23.769114 1.4718418
4365.1592 23.934019 1.4245197
4366.1636 22.544456 1.3823242
4367.168 24.112434 1.3952276
4368.1753 23.03068 1.3675557
4369.1802 20.890972 1.3222886
4370.1875 21.235268 1.3382311
4371.1929 22.485355 1.3698941
4372.2007 23.751507 1.3892182
4373.2065 22.011902 1.3485628
4374.2129 19.181337 1.2884977
4375.2212 21.549728 1.3329734
4376.228 22.403214 1.3436363
4377.2368 22.709435 1.3595352
4378.2441 21.2768 1.321366
4379.2534 20.650188 1.3365059
4380.2612 23.35191 1.3660575
4381.2686 24.110058 1.3925533
4382.2793 20.790497 1.3681788
4383.2871 19.772335 1.3869858
4384.2979 20.958759 1.4177852
4385.3066 21.961758 1.4094096
4386.3179 21.393639 1.3596785
4387.3267 23.610977 1.3620682
4388.3359 20.744202 1.3020459
4389.3481 19.894922 1.2822422
4390.3579 24.19475 1.3608832
4391.3701 22.370163 1.338199
4392.3804 20.130831 1.305346
4393.3936 19.450644 1.3058761
4394.4043 21.243462 1.3276192
4395.415 22.508995 1.3337768
4396.4287 20.19022 1.3000515
4397.4399 20.18396 1.2979242
4398.4541 21.505802 1.3215339
4399.4658 21.656368 1.3406167
4400.4805 21.957655 1.3472996
4401.4927 20.562019 1.3196423
4402.5054 20.209803 1.3120233
4403.5205 18.591343 1.2843256
4404.5337 19.376045 1.3030899
4405.5493 20.664131 1.3380318
4406.5625 22.11385 1.3601525
4407.5786 19.852182 1.3191372
4408.5928 18.939735 1.2938933
4409.6069 19.957043 1.3101236
4410.624 19.170668 1.3340631
4411.6387 18.971228 1.3622475
4412.6558 19.044712 1.3946611
4413.6709 21.380621 1.4025457
4414.6885 20.33814 1.3746214
4415.7041 19.998178 1.3141086
4416.7227 19.754913 1.2975385
4417.7388 18.303041 1.2664193
4418.7549 19.187872 1.3066655
4419.7739 22.341206 1.3694566
4420.7905 21.028351 1.3563579
4421.8101 21.286819 1.3508984
4422.8271 21.989357 1.3304921
4423.8472 20.596592 1.3131214
4424.8647 20.690746 1.3201212
4425.8828 19.502436 1.3198708
4426.9033 16.35648 1.3018682
4427.9219 21.414349 1.3846179
4428.9429 21.034927 1.3575861
4429.9619 18.59483 1.3008952
4430.9834 21.113785 1.3167188
4432.0024 20.329044 1.3014879
4433.022 19.670692 1.2870566
4434.0444 18.913202 1.3020329
4435.0645 17.927418 1.2659087
4436.0874 19.994003 1.2983859
4437.1079 20.514467 1.322827
4438.1309 19.412739 1.3288518
4439.1519 18.938196 1.3184084
4440.1733 19.567406 1.3234137
4441.1968 20.319242 1.3147922
4442.2188 19.092468 1.2901957
4443.2432 19.044796 1.2720395
4444.2651 19.740488 1.2664531
4445.29 19.428211 1.2602451
4446.3125 17.255163 1.2318057
4447.3354 19.595072 1.2855651
4448.3613 19.878397 1.2741524
4449.3843 19.45956 1.2716846
4450.4106 21.291544 1.3135017
4451.4341 19.255293 1.3013399
4452.4609 19.557127 1.279909
4453.4849 19.671427 1.2660304
4454.5098 17.984526 1.2410979
4455.5366 18.393785 1.228271
4456.5615 19.456144 1.2388127
4457.5894 19.687553 1.228425
4458.6147 17.751287 1.1916543
4459.6431 17.564016 1.1771748
4460.6689 18.948849 1.209089
4461.6953 18.171568 1.2073452
4462.7241 20.880486 1.2612575
4463.7505 21.092539 1.2473907
4464.7798 20.848669 1.25872
4465.8071 20.210096 1.2396114
4466.8369 20.901899 1.2451931
4467.8643 21.976921 1.2530042
4468.8921 21.333651 1.2464017
4469.9229 21.048817 1.2291451
4470.9512 20.121166 1.2364272
4471.9819 17.721926 1.247757
4473.0107 19.273811 1.2884806
4474.0425 20.961828 1.3036007
4475.0718 19.297131 1.2455068
4476.1011 17.912245 1.1938676
4477.1333 19.81954 1.2211986
4478.1631 19.276518 1.2279227
4479.1958 18.754208 1.2188408
4480.2266 16.878786 1.162694
4481.2593 19.229908 1.2162973
4482.2905 19.595648 1.2871722
4483.3213 21.758789 1.368731
4484.3555 20.542498 1.5483432
4485.3872 17.551853 1.5797014
4486.4214 17.642097 1.2950497
4487.4536 18.421888 1.2660975
4488.4883 18.310751 1.2032454
4489.521 17.859999 1.2003326
4490.5537 18.579979 1.2143627
4491.5889 15.587541 1.1709617
4492.6226 17.555849 1.2041999
4493.6582 18.529228 1.2355877
4494.6919 17.808603 1.2358167
4495.7285 16.775272 1.2432847
4496.7627 19.676849 1.2535777
4497.7998 17.761087 1.2127703
4498.8345 17.578793 1.2062842
4499.8696 19.133545 1.210061
4500.9072 18.947994 1.2131276
4501.9424 21.192726 1.2562002
4502.9805 21.58198 1.2730531
4504.0166 17.751965 1.2188199
4505.0552 17.919092 1.2071334
4506.0913 19.196066 1.2243286
4507.1279 19.714987 1.2385137
4508.1675 19.412176 1.2111686
4509.2046 18.331369 1.1746784
4510.2446 18.202036 1.1667459
4511.2822 20.43564 1.2157226
4512.3223 19.486822 1.2148199
4513.3604 17.507259 1.1739836
4514.3984 18.765598 1.201381
4515.4395 18.459921 1.1968299
4516.4785 19.285385 1.222448
4517.52 18.65291 1.1994271
4518.5591 17.804773 1.165511
4519.6011 18.864056 1.1784467
4520.6406 18.586882 1.1908362
4521.6807 19.099049 1.1963159
4522.7236 20.363281 1.2231332
4523.7642 15.852651 1.1731584
4524.8071 18.871376 1.2137535
4525.8481 19.116562 1.2003233
4526.8916 16.887886 1.155892
4527.9331 18.516411 1.1676556
4528.9746 19.832418 1.181863
4530.019 17.689762 1.151545
4531.061 17.769938 1.1792393
4532.106 19.304462 1.2203225
4533.1489 20.94079 1.2600576
4534.1938 20.369223 1.247293
4535.2373 18.295057 1.2020595
4536.2803 18.197809 1.1887182
4537.3267 18.725317 1.1831658
4538.3701 17.872898 1.1759152
4539.417 17.930412 1.1720433
4540.4609 19.304083 1.1999974
4541.5083 20.819855 1.2167869
4542.5527 17.405655 1.1578137
4543.5981 18.255207 1.1989466
4544.6455 18.158422 1.1864812
4545.6909 19.028496 1.1848953
4546.7393 17.127401 1.1459336
4547.7852 19.985075 1.1879811
4548.834 18.269295 1.1717057
4549.8804 18.400032 1.1666374
4550.9272 18.246992 1.1826305
4551.9766 19.698114 1.1997503
4553.0239 19.87953 1.1915089
4554.0737 19.11175 1.1695307
4555.1216 18.666765 1.1691056
4556.1719 17.924078 1.1848969
4557.2197 19.311466 1.2216096
4558.2686 18.963209 1.2280751
4559.3193 16.965117 1.1876384
4560.3682 18.400728 1.2044015
4561.4199 18.286077 1.1882371
4562.4692 19.281296 1.1914977
4563.5215 16.930397 1.1307696
4564.5713 18.099199 1.1322134
4565.6211 18.696552 1.1546303
4566.6743 18.608912 1.1698202
4567.7246 19.537373 1.1889292
4568.7778 18.733192 1.2034559
4569.8291 17.541201 1.2055253
4570.8828 18.404797 1.2257187
4571.9341 17.809515 1.2092007
4572.9888 17.502356 1.172928
4574.0405 18.57979 1.1793139
4575.0928 17.649527 1.1763444
4576.1479 17.157307 1.1834344
4577.2007 17.951166 1.1976768
4578.2559 19.829914 1.2504033
4579.3091 17.725649 1.2492363
4580.3652 16.645643 1.1960905
4581.4189 15.920913 1.166858
4582.4731 19.562834 1.2217518
4583.5298 18.064241 1.2164094
4584.584 17.697737 1.2174338
4585.6411 18.969202 1.2320554
4586.6963 16.546932 1.1472243
4587.7539 16.417253 1.1303252
4588.8091 16.709055 1.1124556
4589.8647 18.46434 1.1406751
4590.9233 18.872288 1.1386985
4591.9795 18.507452 1.1503582
4593.0386 18.628214 1.1446508
4594.0952 16.957249 1.1153944
4595.1543 16.855938 1.1028378
4596.2114 17.222748 1.1632659
4597.269 17.438951 1.3615987
4598.3291 16.032341 1.1215278
4599.3867 17.371859 1.1360779
4600.4473 18.735491 1.1588104
4601.5059 16.21833 1.117117
4602.5669 17.900707 1.1351848
4603.6255 16.877769 1.1253996
4604.6846 17.501698 1.1197023
4605.7466 18.194536 1.1158475
4606.8062 16.751213 1.0568084
4607.8687 16.286552 1.0648966
4608.9287 17.49777 1.0899713
4609.9912 18.390814 1.1051698
4611.0518 17.622025 1.0898395
4612.1128 17.336916 1.0778298
4613.1763 17.629503 1.0836368
4614.2373 16.731878 1.0698742
4615.3013 18.102039 1.1010618
4616.3633 17.486481 1.1009908
4617.4277 17.918558 1.1008511
4618.4897 20.595333 1.1381934
4619.5522 17.643595 1.0908521
4620.6177 17.318779 1.0869745
4621.6807 18.013144 1.1426526
4622.7466 18.174322 1.1719811
4623.8096 18.359585 1.1550026
4624.876 17.741482 1.1177442
4625.9399 17.304201 1.0978109
4627.0044 16.709499 1.1049391
4628.0713 15.357504 1.1175827
4629.1357 16.304218 1.141734
4630.2031 17.19438 1.1364363
4631.2686 17.458481 1.1054823
4632.3364 17.218145 1.0862763
4633.4023 15.939342 1.0535892
4634.4678 16.66334 1.0572301
4635.5366 15.802638 1.0526456
4636.603 16.314362 1.0762122
4637.6724 15.835939 1.0576493
4638.7393 16.600534 1.0683261
4639.8091 14.837051 1.0367502
4640.8765 16.463221 1.0597271
4641.9438 15.772928 1.0393764
4643.0142 17.045233 1.0545216
4644.0825 16.459808 1.0633514
4645.1533 16.82189 1.0609987
4646.2222 16.214142 1.0679865
4647.2935 15.925298 1.0543824
4648.3623 16.548512 1.0410349
4649.4316 15.524924 1.0209885
4650.5039 16.278143 1.0346589
4651.5737 17.198139 1.0456291
4652.6465 15.919275 1.0594145
4653.7168 16.327442 1.100989
4654.79 17.733202 1.142855
4655.8608 17.859455 1.1270764
4656.9346 17.611446 1.0749975
4658.0059 15.627434 1.1760916
4659.0771 18.524561 1.2508317
4660.1519 17.375462 1.2233465
4661.2236 16.957983 1.0716584
4662.2983 15.041264 1.0520853
4663.3711 17.636389 1.0900955
4664.4463 16.949663 1.0881302
4665.5195 16.915131 1.0819979
4666.5928 16.006115 1.077446
4667.6689 17.630598 1.0854349
4668.7427 18.032547 1.0874035
4669.8193 17.033792 1.0755529
4670.8936 17.059078 1.0800231
4671.9707 16.12359 1.0803162
4673.0454 15.410204 1.0689899
4674.1206 15.685248 1.0664663
4675.1982 15.469882 1.0657858
4676.2739 17.048187 1.0804998
4677.3521 18.316216 1.0925335
4678.4282 15.467566 1.0490177
4679.5073 17.009226 1.0512187
4680.5835 15.852077 1.0367153
4681.6602 15.445671 1.0270851
4682.7397 17.041815 1.0826616
4683.8174 16.297419 1.0746939
4684.8975 16.339188 1.0592875
4685.9751 14.43764 1.0187413
4687.0557 17.612259 1.0742499
4688.1338 17.655785 1.0852238
4689.2124 16.896929 1.0956506
4690.2935 18.13431 1.1064166
4691.3726 18.234018 1.0863674
4692.4546 17.206726 1.0501606
4693.5342 17.456703 1.0648674
4694.6162 16.971807 1.0689794
4695.6963 15.871176 1.0587274
4696.7764 16.350185 1.0608191
4697.8594 17.187845 1.0605592
4698.9404 16.762714 1.0502664
4700.0239 16.624846 1.051137
4701.105 17.198137 1.0599076
4702.189 16.318872 1.0358695
4703.271 15.501464 1.0425452
4704.353 15.603371 1.0785244
4705.4375 17.110027 1.1160631
4706.52 15.870678 1.1095549
4707.6055 18.341824 1.1309232
4708.6885 17.714247 1.0749702
4709.7744 16.587315 1.1750162
4710.8579 15.577316 1.1545216
4711.9414 16.009071 1.0637344
4713.0283 17.473972 1.1058352
4714.1123 15.09733 1.0512772
4715.1992 14.993723 1.0237575
4716.2842 16.753279 1.0333719
4717.3716 15.186603 1.017139
4718.457 15.579979 1.0499851
4719.5425 16.376095 1.095138
4720.6309 15.695216 1.0711728
4721.7168 15.118439 1.0302715
4722.8057 16.409645 1.0295762
4723.8921 17.795612 1.0449685
4724.9814 15.643947 1.0105841
4726.0684 15.711492 1.0091732
4727.1553 16.094103 1.0458995
4728.2456 15.404059 1.0653813
4729.3335 15.797015 1.0716162
4730.4238 15.936881 1.0767965
4731.5122 17.092993 1.0757244
4732.603 14.945537 1.0277785
4733.6919 15.052647 1.0255096
4734.7808 15.737574 1.0394115
4735.8726 15.259576 1.0517759
4736.9624 14.72831 1.0703882
4738.0547 16.275494 1.1007315
4739.1445 18.192564 1.1065648
4740.2373 16.442829 1.0640782
4741.3276 16.213173 1.0547342
4742.4214 14.954136 1.0617999
4743.5122 14.55092 1.0666161
4744.6035 15.023194 1.0675923
4745.6973 15.552199 1.0413891
4746.7891 14.466828 1.012026
4747.8838 13.8245 1.0105444
4748.9761 15.050214 1.0410713
4750.0713 14.8481 1.0424062
4751.1641 14.936556 1.0283327
4752.2568 15.118105 1.0202574
4753.3525 15.696131 1.0334226
4754.4463 14.739843 1.0301404
4755.5425 13.492236 0.99200493
4756.6367 14.46841 1.0105766
4757.7334 14.989864 1.0342469
4758.8281 14.308704 1.033605
4759.9229 14.39517 1.0257818
4761.0205 15.504761 1.0474936
4762.1157 15.485347 1.0413598
4763.2139 14.627363 1.0303149
4764.3096 14.968122 1.0484124
4765.4082 14.653572 1.0622382
4766.5044 14.249311 1.0589712
4767.6011 15.287469 1.0722146
4768.7002 13.46216 1.0314608
4769.7974 15.053339 1.0309165
4770.8975 15.565607 1.0517355
4771.9951 16.539526 1.0645957
4773.0952 16.12307 1.0388943
4774.1934 14.709206 1.0067689
4775.2915 15.059294 0.98576409
4776.3926 15.517432 0.97733361
4777.4917 16.486052 0.98441017
4778.5933 16.271864 0.98876047
4779.6924 16.002514 0.98535478
4780.7949 14.56215 0.96643549
4781.8945 14.760961 0.97164029
4782.9946 13.411977 0.95790511
4784.0977 13.610965 0.97187054
4785.1982 13.36376 0.95945334
4786.3018 16.890728 1.0217681
4787.4028 14.761374 0.9735961
4788.5068 14.25447 0.96277934
4789.6084 15.14859 0.97917396
4790.71 15.047485 0.97788632
4791.8149 13.363509 0.9487136
4792.917 15.16645 0.96428084
4794.0225 15.403711 0.96646869
4795.1255 13.699185 0.92760485
4796.231 14.637155 0.94947988
4797.3345 14.53713 0.96017015
4798.438 13.179093 0.95740712
4799.5444 15.246995 0.98143435
4800.6489 14.366676 0.95324028
4801.7559 13.471677 0.92014128
4802.8604 13.526895 0.92221063
4803.9678 13.970351 0.9332751
4805.0732 15.897819 0.99262226
4806.1782 14.186311 0.99098575
4807.2866 13.010742 0.96164596
4808.3926 15.520934 0.9797436
4809.5015 13.697682 0.94004464
4810.6079 14.981468 0.94545478
4811.7173 13.686735 0.93116504
4812.8242 13.35884 0.94627398
4813.9312 16.25787 1.0254945
4815.0415 15.318142 1.0162752
4816.1489 13.635777 0.98193765
4817.2598 14.747638 0.99492836
4818.3677 15.135648 0.98541147
4819.479 15.241278 0.97556132
4820.5879 15.949178 0.99163449
4821.6968 15.23301 0.96939152
4822.8086 16.150057 0.96714896
4823.918 13.137853 0.92758155
4825.0303 14.401486 0.9632926
4826.1401 14.988812 0.95589536
4827.2534 13.125054 0.91510499
4828.3638 14.174516 0.93383372
4829.4771 14.728567 0.95960975
4830.5884 15.334007 0.9816519
4831.6992 14.690514 0.98117632
4832.8135 15.225303 0.98220932
4833.9253 14.813519 0.97459602
4835.04 14.855841 0.97091222
4836.1523 14.900687 0.97414535
4837.2676 13.011826 0.95252883
4838.3804 14.849803 0.96932936
4839.4937 15.858335 0.98651475
4840.6094 13.828724 0.97822899
4841.7231 15.403007 0.97686589
4842.8394 14.068455 0.93552065
4843.9536 14.729254 0.93189609
4845.0708 14.34957 0.92507237
4846.1851 14.245273 0.94105798
4847.3003 15.650513 1.0017359
4848.418 14.483596 1.0072236
4849.5332 14.679613 1.0079623
4850.6514 15.156004 0.98998016
4851.7676 16.452379 0.98921704
4852.8862 16.680544 1.0062721
4854.0024 14.687719 1.0077268
4855.1191 17.034214 1.0271358
4856.2388 17.38608 0.99698228
4857.356 16.706814 0.98785633
4858.4761 17.983959 0.98973632
4859.5938 16.29797 0.9591158
4860.7144 16.428486 0.98260003
4861.8325 19.49942 1.0459863
4862.9512 19.927855 1.0686644
4864.0723 20.513113 1.0807086
4865.1914 20.811092 1.0768487
4866.3135 17.377277 1.1725909
4867.4326 18.3822 1.1908579
4868.5552 20.916447 1.0868716
4869.6753 19.293245 1.0699967
4870.7954 19.049433 1.0660051
4871.9189 18.842939 1.0410936
4873.0396 17.791016 1.0142097
4874.1631 18.169409 1.0209833
4875.2847 16.543699 1.0017866
4876.4087 16.305286 0.99102598
4877.5308 17.877028 1.0156
4878.6528 17.515327 1.007466
4879.7778 17.671642 1.0136889
4880.9004 16.19478 0.99588686
4882.0259 18.225971 1.0217174
4883.1489 14.567656 0.98195904
4884.2749 14.879507 0.98794889
4885.3984 16.421185 1.0006347
4886.5225 14.992297 0.97429943
4887.6494 15.559141 1.0025487
4888.7734 16.16851 1.0416628
4889.9009 14.068988 1.0197458
4891.0259 15.942286 1.0237836
4892.1538 14.888438 0.97588784
4893.2793 14.541055 0.94195187
4894.4048 14.326995 0.95033598
4895.5337 14.085983 0.94263089
4896.6597 13.059418 1.0495387
4897.7891 13.394049 1.0811908
4898.9155 14.374049 0.95374167
4900.0454 15.532718 0.98545444
4901.1724 14.876117 0.98339278
4902.2998 15.684628 0.99389774
4903.4307 14.856867 0.98849642
4904.5586 14.616961 0.96378928
4905.6895 13.952009 0.9589203
4906.8179 14.126538 0.9625327
4907.9497 14.262587 0.96110016
4909.0786 15.330957 0.95079625
4910.208 14.190916 0.91869652
4911.3403 13.443582 0.91630387
4912.4702 14.640522 0.9389739
4913.603 13.070303 1.0912486
4914.7334 14.427653 1.2255231
4915.8667 15.994555 1.0310359
4916.9976 13.934182 0.99246627
4918.1313 14.909576 0.97856677
4919.2627 12.792171 0.92268598
4920.3945 14.441099 0.93145651
4921.5288 14.924217 0.92959058
4922.6611 14.707213 0.92192984
4923.7964 13.736237 0.90981305
4924.9292 13.924422 0.90023154
4926.0649 14.740718 0.91423231
4927.1978 12.178021 0.86985314
4928.3315 12.905546 0.87025082
4929.4678 14.281883 0.89782143
4930.6021 13.279516 0.88840294
4931.7388 14.798012 0.92761767
4932.8735 13.655116 0.91361994
4934.0107 13.999207 0.89561743
4935.146 13.755928 0.87843388
4936.2812 12.908093 0.86405462
4937.4194 13.677399 0.88979214
4938.5557 14.640286 0.90141737
4939.6943 13.707111 0.875714
4940.8306 14.570303 0.91033411
4941.9702 14.378871 0.92348307
4943.1069 14.584753 0.93194777
4944.2441 14.941665 0.92912769
4945.3843 14.818127 0.90036511
4946.522 13.666729 0.88101119
4947.6626 13.893302 0.89499032
4948.8008 14.331223 0.91198325
4949.9419 15.407721 0.94395626
4951.0806 13.102558 0.91341454
4952.2197 13.129056 0.92855752
4953.3618 15.223731 0.95133966
4954.501 15.121744 0.93103081
4955.6436 14.629115 0.91099167
4956.7837 15.088477 0.90979081
4957.9268 15.098933 0.93031961
4959.0674 14.696436 0.94678044
4960.208 14.726497 0.93551493
4961.3521 14.4438 0.92417336
4962.4932 13.752193 0.90742505
4963.6377 14.29725 0.90995783
4964.7793 14.347719 0.89527601
4965.9243 13.775886 0.89024931
4967.0669 13.776001 1.0388771
4968.2095 13.017501 1.052192
4969.355 13.517347 0.90176135
4970.498 13.387176 0.88179988
4971.6445 15.879519 0.91238832
4972.7881 15.420397 0.92718428
4973.9351 13.726977 0.94381535
4975.0791 12.173236 0.91862661
4976.2236 13.980801 0.9123463
4977.3711 14.194629 0.90374255
4978.5161 15.057159 0.91349369
4979.6641 15.084896 0.92306858
4980.8096 13.851156 0.91882616
4981.9585 14.807059 0.94993222
4983.1045 16.227962 0.98816597
4984.251 15.170905 0.97013456
4985.4004 15.178981 0.95141178
4986.5469 14.702906 0.92785335
4987.6968 14.527641 0.96973103
4988.8442 13.778903 0.97908521
4989.9946 14.055782 0.93703741
4991.1426 14.543004 0.90763319
4992.291 14.333203 0.90888011
4993.4419 16.087194 0.99317002
4994.5908 14.148 0.95568073
4995.7427 13.61248 0.89258915
4996.8921 14.672787 0.8954758
4998.0439 12.636769 0.88845706
4999.1938 15.615958 0.97324997
5000.3438 13.243332 0.9404757
5001.4971 14.152444 0.91332424
5002.6475 15.17457 0.8987962
5003.8013 14.472821 0.91142136
5004.9521 14.100591 0.92480731
5006.1064 15.570045 0.9525153
5007.2583 14.1867 0.92787439
5008.4126 15.57224 0.94082338
5009.5649 16.927143 0.95434332
5010.7173 15.808666 0.9390102
5011.873 14.868549 0.92463434
5013.0259 15.632342 0.91722202
5014.1816 14.788906 0.88570905
5015.3354 14.11465 0.88442701
5016.4917 13.932393 0.89865679
5017.646 15.922144 0.93291503
5018.8003 15.578205 0.91493499
5019.9575 13.596455 0.9316684
5021.1123 14.795314 0.98715103
5022.27 14.967132 0.92093569
5023.4258 16.265188 0.91976619
5024.584 14.975366 0.90324551
5025.7397 14.068432 0.89484602
5026.896 13.497648 0.96118569
5028.0552 12.22818 0.9376561
5029.2119 15.627919 0.88143009
5030.3716 15.079448 0.87141204
5031.5288 13.509325 0.86818784
5032.689 14.61313 0.90542984
5033.8472 13.811883 0.88610536
5035.0049 15.587689 0.88495874
5036.166 14.944981 0.87010956
5037.3247 14.400948 0.85954601
5038.4863 15.662969 0.888174
5039.6455 14.455069 0.8912642
5040.8076 13.045227 0.8645097
5041.9668 13.5186 0.84657985
5043.127 14.436968 0.86336279
5044.29 14.928597 0.89060354
5045.4502 14.811955 0.90975952
5046.6138 15.000318 0.92581552
5047.7749 16.406389 0.94942921
5048.939 14.819359 0.91976076
5050.1001 16.055288 0.9122436
5051.2622 15.418458 0.99049932
5052.4268 12.328494 0.93534708
5053.5894 15.063466 0.86207974
5054.7544 13.643374 0.8625896
5055.9175 14.844775 0.90495551
5057.083 14.904273 0.93986845
5058.2466 14.439654 0.91536796
5059.4102 14.696665 0.87503362
5060.5771 14.381929 0.86615318
5061.7412 13.682503 0.86519653
5062.9082 16.189451 0.91451943
5064.0732 15.137285 0.997922
5065.2407 15.288327 0.92604548
5066.4062 14.840303 0.89235526
5067.5718 14.601649 0.87106043
5068.7402 15.208807 0.90015584
5069.9062 15.405655 0.92694712
5071.0752 13.736329 0.93410444
5072.2417 17.451277 0.98903954
5073.4116 15.694447 0.93621761
5074.5786 14.920865 0.88667184
5075.7461 15.696609 0.89181828
5076.9165 14.549365 0.87653083
5078.0845 15.228284 0.8912484
5079.2554 14.791249 0.90589458
5080.4238 15.79285 0.93287635
5081.5957 15.248051 0.91156358
5082.7646 13.848228 0.87950301
5083.9336 15.871681 0.91972482
5085.106 14.863833 0.90157109
5086.2759 14.243717 0.89488524
5087.4487 13.673969 0.92759061
5088.6191 14.873399 0.94005686
5089.7925 15.390389 0.93799222
5090.9634 13.499688 0.9008472
5092.1348 15.167827 0.92983419
5093.3091 15.29208 0.9200632
5094.4805 13.321444 0.86771798
5095.6553 16.77606 0.91497499
5096.8276 15.000902 0.88954854
5098.0029 15.384924 0.89199477
5099.1758 15.869262 0.91643202
5100.3516 15.44099 0.92277503
5101.5249 15.220084 0.91851586
5102.6987 16.184553 0.93096644
5103.875 17.059515 0.90939879
5105.0493 15.983856 0.8809641
5106.2266 14.245922 0.84786284
5107.4014 14.49051 0.86734271
5108.5791 15.716276 0.88867891
5109.7544 14.532726 0.8634823
5110.9297 14.923663 0.88313842
5112.1084 15.716527 0.89265525
5113.2842 16.940849 0.8992613
5114.4634 15.731028 0.88822317
5115.6401 15.672486 0.89970344
5116.8198 15.537347 0.88639939
5117.9966 16.909592 0.90995038
5119.1743 15.75228 0.89250785
5120.3545 15.583644 0.87578046
5121.5327 17.375366 0.91329348
5122.7134 14.242036 0.85402155
5123.8921 16.102188 0.87748533
5125.0737 16.239899 0.86255759
5126.2524 14.784046 0.86049408
5127.4321 13.214767 0.83922744
5128.6143 16.39851 0.87323356
5129.7939 15.334859 0.8617838
5130.9771 14.736914 0.85176194
5132.1572 15.610549 0.86715734
5133.3408 16.512829 0.90911835
5134.522 16.078661 0.91210431
5135.7031 16.352015 0.90259445
5136.8872 15.201717 0.87399286
5138.0688 15.100492 0.85968417
5139.2539 16.673462 0.88021827
5140.436 16.507479 0.89605922
5141.6216 14.909031 0.88494444
5142.8042 16.415501 0.88579547
5143.9873 15.265794 0.86283761
5145.1738 16.392714 0.88492763
5146.3574 16.106703 0.87897509
5147.5439 15.649442 0.872392
5148.728 16.696318 0.89196414
5149.9155 16.344755 0.89311683
5151.1001 15.093826 0.88173765
5152.2852 16.609097 0.90452576
5153.4731 15.096596 0.94530904
5154.6587 14.238741 0.95770586
5155.8477 14.616547 0.91259551
5157.0337 15.755954 0.90919858
5158.2227 15.250537 0.89049935
5159.4097 15.87275 0.88306099
5160.5962 16.028578 0.89111704
5161.7861 15.495168 0.87857586
5162.9736 15.867526 0.87906694
5164.1646 14.75795 0.89019305
5165.3525 15.068909 0.92113066
5166.5435 15.740584 0.93670958
5167.7319 15.827409 0.9153676
5168.9209 14.953064 0.8756268
5170.1128 15.885121 0.8886776
5171.3022 15.880808 0.87239766
5172.4946 15.362216 0.85311478
5173.6846 14.994663 0.83917719
5174.8779 15.317047 0.85180336
5176.0684 15.780082 0.87251753
5177.2588 14.948441 0.85495883
5178.4526 15.306952 0.87642676
5179.644 14.706172 0.8647756
5180.8384 15.562411 0.8612622
5182.0303 15.440764 0.86710626
5183.2251 15.365253 0.86159986
5184.4175 14.882475 0.84740186
5185.6104 16.46533 0.86411607
5186.8062 15.246838 0.85255444
5187.9995 15.373497 0.87099856
5189.1958 15.845885 0.87198317
5190.3896 15.227753 0.88574851
5191.5864 14.797765 0.88181043
5192.7808 14.928514 0.84976333
5193.978 16.450005 0.88546997
5195.1729 16.283113 0.87666374
5196.3682 15.224499 0.8912158
5197.5664 15.659927 0.92461628
5198.7622 16.929224 0.93978012
5199.9609 16.1402 0.90955108
5201.1572 15.526187 0.89066708
5202.3564 14.286911 0.87469441
5203.5532 13.727264 0.90693587
5204.7505 16.374357 0.96828562
5205.9507 14.605124 0.89550203
5207.1484 14.33859 0.84325331
5208.3491 15.467863 0.85014552
5209.5474 14.841165 0.84568632
5210.7485 13.584651 0.85213858
5211.9473 14.136679 0.86267656
5213.146 15.492477 0.86871576
5214.3481 15.016273 0.85452664
5215.5479 15.765892 0.86818719
5216.7505 14.992955 0.90528029
5217.9507 15.028515 0.93650234
5219.1538 14.485736 0.92796379
5220.3545 16.26383 0.9420054
5221.5557 14.536271 0.92425281
5222.7598 16.532963 0.94052666
5223.9609 14.701186 0.86561596
5225.1655 13.291896 0.85045046
5226.3677 15.930387 0.88066834
5227.5728 16.746204 0.88917959
5228.7754 15.396834 0.85512668
5229.9785 16.024715 0.85549349
5231.1846 15.991656 0.87339592
5232.3877 14.026802 0.84194267
5233.5942 13.782515 0.83920234
5234.7983 16.317942 0.88759732
5236.0054 14.186755 0.85554868
5237.21 17.152912 0.90683931
5238.415 15.198624 0.87949181
5239.623 13.580748 0.85090297
5240.8281 15.779766 0.87584859
5242.0366 14.977114 0.86322296
5243.2427 16.195852 0.88302076
5244.4517 14.795229 0.86584854
5245.6582 14.951326 0.84480435
5246.8652 14.510844 0.83763796
5248.0747 13.833348 0.85104877
5249.2822 15.379763 0.91058433
5250.4927 14.93669 0.98838276
5251.7007 15.280961 0.89577419
5252.9116 15.605042 0.88403612
5254.1201 13.421474 0.84862781
5255.3286 13.847389 0.85914308
5256.5405 13.691361 0.86566681
5257.75 14.839411 0.88249016
5258.9624 14.941684 0.8730318
5260.1724 15.64119 0.87627888
5261.3853 14.200458 0.85499072
5262.5957 12.686314 0.82432896
5263.8062 14.628477 0.8445791
5265.02 15.159794 0.8520329
5266.231 15.241555 0.85100341
5267.4458 15.970201 0.85937434
5268.6572 15.57855 0.8558709
5269.8721 13.710262 0.83456975
5271.0845 14.718933 0.84454346
5272.2974 15.311185 0.84967005
5273.5132 14.774809 0.84270066
5274.7261 16.190359 0.86585534
5275.9424 15.169875 0.86591458
5277.1562 14.414368 0.86665064
5278.373 14.690143 0.87789822
5279.5874 14.795945 0.87744981
5280.8047 16.423761 0.88456869
5282.0195 15.68022 0.85492963
5283.2349 14.023898 0.8262912
5284.4531 14.093742 0.8335731
5285.6689 14.778979 0.85102171
5286.8877 14.98473 0.85701531
5288.104 13.214024 0.81991786
5289.3232 14.312998 0.83265716
5290.54 14.78099 0.84577328
5291.7573 14.611433 0.84871274
5292.9775 15.040467 0.87444848
5294.1953 15.30143 0.87049204
5295.416 13.14179 0.82738131
5296.6343 14.676216 0.84136021
5297.8555 13.267542 0.8263008
5299.0742 15.128718 0.87697035
5300.2935 14.773457 0.87774414
5301.5156 15.278834 0.88733542
5302.7354 13.445519 0.84290886
5303.958 13.114299 0.81982154
5305.1782 13.687478 0.82910705
5306.4014 15.016929 0.85699314
5307.6221 13.649937 0.83325624
5308.8433 12.394917 0.82088459
5310.0674 15.342349 0.87218279
5311.2891 13.620172 0.84889561
5312.5137 13.428269 0.84182388
5313.7358 15.251315 0.85493213
5314.9614 15.225187 0.86054701
5316.1841 12.994641 0.82219195
5317.4072 14.049831 0.84797114
5318.6333 13.879815 0.88444936
5319.8569 15.555935 0.92388123
5321.0835 15.058824 0.9117955
5322.3076 13.445477 0.85222894
5323.5347 14.380459 0.8392517
5324.7598 14.883286 0.86445874
5325.9844 14.178314 0.86930853
5327.2129 14.646015 0.88510889
5328.438 15.235996 0.88760865
5329.667 12.818001 0.85096818
5330.8931 14.259061 0.85145265
5332.1221 14.330042 0.86204356
5333.3491 13.419611 0.84668273
5334.5757 15.031721 0.86724854
5335.8062 13.334484 0.85083425
5337.0337 14.493691 0.85377783
5338.2642 14.768143 0.86219984
5339.4922 15.767239 0.87979293
5340.7236 13.782784 0.85874277
5341.9521 13.402019 0.85430568
5343.1812 13.895619 0.85309267
5344.4131 12.644868 0.83313316
5345.6426 14.685136 0.84609526
5346.8755 13.980707 0.8493796
5348.1055 15.227428 0.88405603
5349.3389 16.413523 1.1307341
5350.5693 13.946409 1.1191196
5351.8003 14.69119 1.1067104
5353.0342 13.99843 0.83406436
5354.2656 13.693477 0.81910068
5355.5005 14.987479 0.84291792
5356.7324 13.662185 0.83873338
5357.9678 13.100022 0.83606219
5359.2002 13.747691 0.83371741
5360.4331 14.67571 0.83891886
5361.6694 12.655042 0.80544204
5362.9028 15.051068 0.84934562
5364.1392 13.028138 0.85461414
5365.3735 14.008576 0.852117
5366.6108 12.061479 0.80910021
5367.8452 15.422264 0.86253619
5369.0801 14.699883 0.83852464
5370.3184 14.030788 0.87420154
5371.5537 13.000521 0.8312344
5372.7925 14.304963 0.84433955
5374.0283 13.5449 0.84036684
5375.2676 13.395132 0.83379889
5376.5039 12.683992 0.8266865
5377.7441 13.822935 0.82797754
5378.981 13.136765 0.80537575
5380.2183 13.271334 0.80762476
5381.459 14.191612 0.82677931
5382.6973 13.932799 0.84040749
5383.9385 13.775214 0.84041524
5385.1768 12.268862 0.83431125
5386.4189 12.942659 0.85272014
5387.6577 14.286167 0.85803461
5388.8975 13.376433 0.83072269
5390.1401 13.096561 0.81524992
5391.3799 13.628241 0.82183009
5392.623 13.661522 0.83486724
5393.8638 13.525672 0.83897793
5395.1074 14.338455 0.83440477
5396.3486 13.038657 0.80698848
5397.5903 12.21766 0.79411757
5398.835 13.234031 0.81684381
5400.0767 12.965658 0.81026047
5401.3223 13.203153 0.82202554
5402.5645 12.748362 0.81041658
5403.8105 14.052265 0.82634598
5405.0537 13.591117 0.81715208
5406.2969 14.104424 0.84252095
5407.5439 14.384235 0.86173064
5408.7876 13.075139 0.85935062
5410.0352 11.4065 0.82934278
5411.2798 13.643717 0.86370784
5412.5273 12.614354 0.98493469
5413.7725 12.500681 0.96482795
5415.0181 12.721188 0.94204825
5416.2666 13.090511 0.80994684
5417.5127 14.424588 0.82067722
5418.7617 12.597226 0.81019127
5420.0083 13.201418 0.8401612
5421.2583 12.884148 0.83669007
5422.5054 12.947676 0.83668983
5423.7529 12.361006 0.82142121
5425.0034 12.888806 0.82291114
5426.2515 13.654922 0.84167767
5427.5029 14.280251 0.84823346
5428.7515 12.528502 0.81283408
5430.0034 11.705669 0.80973971
5431.2524 13.559459 0.85297489
5432.502 12.681406 0.84519744
5433.7549 11.66456 0.81987095
5435.0049 12.650965 0.81524366
5436.2578 13.169871 0.82045561
5437.5088 11.269044 0.81080288
5438.7627 11.811917 0.84682733
5440.0137 11.909586 0.81046706
5441.2651 12.375038 0.80266243
5442.52 12.028301 0.79245323
5443.772 11.074986 0.771415
5445.0273 13.054384 0.79952979
5446.2798 13.372188 0.81476307
5447.5356 13.993001 0.85040444
5448.7891 12.691049 0.88080257
5450.0425 12.778687 0.89356875
5451.2993 12.280162 0.88505191
5452.5532 11.197902 0.83102447
5453.8105 12.707332 0.80398226
5455.0654 12.666007 0.79290253
5456.3232 10.787725 0.78687644
5457.5786 13.265413 0.85378766
5458.834 11.915888 0.86392826
5460.0928 13.988228 0.94160837
5461.3486 12.570395 1.0495905
5462.6084 11.810809 1.0435126
5463.8647 11.308397 0.95929313
5465.125 12.176764 0.87809366
5466.3823 12.176915 0.82497263
5467.6396 12.314383 0.80397928
5468.9004 12.089107 0.79459238
5470.1587 11.333024 0.80505329
5471.4199 11.411852 0.81016165
5472.6787 11.683654 0.82782173
5473.9404 11.874665 0.84487557
5475.1997 11.742693 0.85388404
5476.4624 13.163583 0.84062475
5477.7222 12.901 0.80571955
5478.9824 10.898717 0.78076565
5480.2461 11.206025 0.80226707
5481.5068 12.299949 0.83403111
5482.7705 11.758536 0.83737832
5484.0322 11.077203 0.80581158
5485.2964 10.06772 0.77313691
5486.5586 11.174709 0.81146014
5487.8208 11.307943 0.8211509
5489.0859 12.172282 0.82978189
5490.3491 9.4577827 0.77948868
5491.6147 10.41698 0.76750731
5492.8784 13.038479 0.79806107
5494.145 11.138179 0.76577181
5495.4087 10.870686 0.75442117
5496.6729 11.415952 0.77447885
5497.9404 10.655462 0.77168602
5499.2056 10.699787 0.79171181
5500.4736 11.82063 0.81570745
5501.7388 11.38793 0.8128767
5503.0073 12.133205 0.82653892
5504.2734 11.163087 0.79905027
5505.5396 11.248774 0.77538311
5506.8096 11.14345 0.77632195
5508.0762 10.439975 0.76647782
5509.3462 11.955024 0.8048268
5510.6138 12.554169 0.81385219
5511.8843 11.956017 0.79078585
5513.1523 12.909866 0.79833317
5514.4209 11.374495 0.78668982
5515.6924 11.312887 0.80641353
5516.9614 11.741623 0.83240086
5518.2334 10.856432 0.80991852
5519.5029 12.742541 0.82169467
5520.7759 11.500597 0.78850007
5522.0459 10.187573 0.76189584
5523.3159 11.62322 0.78400445
5524.5898 12.566336 0.79785967
5525.8608 12.453601 0.80161905
5527.1348 11.04317 0.78385299
5528.4062 9.4509354 0.76491147
5529.6812 10.96119 0.77626663
5530.9536 12.298115 0.79546553
5532.2256 10.41071 0.76708227
5533.5015 11.336327 0.76600689
5534.7744 10.906818 0.76771528
5536.0508 10.628455 0.76497382
5537.3242 9.8842468 0.76553798
5538.6011 10.453417 0.78952157
5539.8755 10.652817 0.80344778
5541.1499 12.470661 0.83899051
5542.4277 11.043033 0.81206632
5543.7026 11.358269 0.82426715
5544.981 11.000566 0.81815827
5546.2568 11.36971 0.84723753
5547.5356 11.777762 0.82103562
5548.8115 11.2246 0.77390313
5550.0884 12.139225 0.7901032
5551.3682 10.98807 0.77803111
5552.645 10.487916 0.80424058
5553.9258 10.809157 0.8262015
5555.2031 12.083834 0.84501487
5556.4844 12.112337 0.82636905
5557.7627 11.558572 0.79291946
5559.041 11.876435 0.78486377
5560.3232 9.8270369 0.74988556
5561.6021 10.717669 0.75742209
5562.8848 10.616158 0.78004724
5564.1646 11.148982 0.82016391
5565.4473 13.009556 0.8480615
5566.728 10.638544 0.81180817
5568.0083 9.8816662 0.79549402
5569.2925 11.907499 0.82233441
5570.5737 10.597551 0.80077308
5571.8579 8.8757534 0.76308024
5573.1401 11.516904 0.78542924
5574.4253 11.096736 0.82627016
5575.7075 14.104041 1.1380275
5576.9932 -1.297135 3.2777119
5578.2764 -9.8439856 6.6809549
5579.5596 22.91165 5.100523
5580.8462 23.265314 2.9738348
5582.1299 7.2792387 1.8957878
5583.417 9.1719999 1.1570945
5584.7017 10.78228 0.90129822
5585.9893 11.116424 0.80801266
5587.2744 10.080242 0.78278375
5588.5601 10.655184 0.81204796
5589.8486 10.406319 0.81113398
5591.1348 9.0324373 0.7661311
5592.4238 9.8995867 0.80648744
5593.7104 10.198155 0.8234024
5595.0005 9.7834129 0.81786823
5596.2876 9.7892942 0.80633533
5597.5747 10.813431 0.80014712
5598.8657 9.6434469 0.76165539
5600.1538 10.451968 0.77766776
5601.4448 10.211423 0.79110414
5602.7334 10.727152 0.80702746
5604.0254 10.462036 0.78313154
5605.3149 9.8266449 0.77169615
5606.6045 10.491521 0.80517787
5607.897 10.749272 0.80830705
5609.187 9.6524649 0.78102458
5610.4805 10.041358 0.75475502
5611.7715 10.098121 0.74433064
5613.0654 9.3206377 0.7491129
5614.3569 9.1603651 0.75161046
5615.6484 10.285312 0.73742658
5616.9434 9.3965673 0.71661508
5618.2354 9.792098 0.74144012
5619.5308 9.9917727 0.74689567
5620.8237 8.8067923 0.72690094
5622.1201 9.4228725 0.74667126
5623.4131 9.475503 0.76096761
5624.707 10.206897 0.78870124
5626.0039 10.428536 0.7919699
5627.2983 9.1799583 0.7875154
5628.5957 10.121365 0.78330564
5629.8906 11.120887 0.7564308
5631.189 10.743595 0.74906403
5632.4844 11.073267 0.78122014
5633.7803 12.252546 0.81883079
5635.0791 8.787838 0.87429458
5636.3755 11.119364 0.90071672
5637.6753 10.706097 0.8832159
5638.9722 8.3591213 0.8582387
5640.2725 8.6947269 0.86350411
5641.5703 10.545418 0.91061062
5642.8682 10.099717 0.89240944
5644.1694 9.3099365 0.81026357
5645.4678 10.623604 0.76454955
5646.7695 10.069396 0.77626824
5648.0684 10.083284 0.7652632
5649.3711 9.6616306 0.75095093
5650.6704 9.688241 0.74905413
5651.9707 10.068075 0.77300829
5653.2739 10.012365 0.79319185
5654.5742 9.539279 0.80812716
5655.8784 11.334019 0.85484713
5657.1797 11.370552 0.79416871
5658.4839 9.8309155 0.74234325
5659.7856 11.103743 0.78375143
5661.0879 8.8629532 0.78258991
5662.3931 9.9921675 0.81445754
5663.6958 8.7086315 0.7755689
5665.002 10.93692 0.77944118
5666.3052 9.1288328 0.73979604
5667.6118 9.381916 0.74922431
5668.9155 10.894393 0.79249626
5670.2197 10.522466 0.81898564
5671.5273 9.4317322 0.8240087
5672.832 10.471297 0.83917004
5674.1401 10.264246 0.83669341
5675.4453 9.8955097 0.79026598
5676.7539 9.1309261 0.77393955
5678.0601 9.1412716 0.76623541
5679.3696 10.660555 0.7760703
5680.6758 9.1291113 0.79418373
5681.9829 11.681938 0.85974687
5683.293 10.190665 0.82861733
5684.6006 8.6518793 0.83708233
5685.9111 8.2901363 0.87591362
5687.2192 9.7560215 0.87637508
5688.5308 9.5490189 0.86679673
5689.8394 9.9641504 0.89550126
5691.1484 10.088377 0.92907315
5692.4609 10.396234 0.88667822
5693.7705 9.5399523 0.83523715
5695.0835 9.3997154 0.81707942
5696.3936 9.5144253 0.84899628
5697.707 9.2222471 0.84069031
5699.0176 9.8877602 0.81949264
5700.3286 9.208127 0.79491919
5701.6431 8.7952452 0.78237736
5702.9551 10.27014 0.79848486
5704.27 10.115067 0.78034103
5705.5825 10.808256 0.7955907
5706.8979 9.6617451 0.7906847
5708.2109 9.9777746 0.76900274
5709.5239 10.596236 0.78562421
5710.8408 9.8111067 0.78310782
5712.1543 9.2896786 0.77147019
5713.4717 9.1514959 0.77930528
5714.7861 8.9361668 0.75990611
5716.104 8.9003229 0.74106973
5717.4189 9.07166 0.74708897
5718.7339 9.0130892 0.75770813
5720.0527 8.7155914 0.7349031
5721.3687 9.7213621 0.75602359
5722.688 9.0060921 0.76352584
5724.0044 9.1291294 0.77161443
5725.3242 9.9928122 0.77491266
5726.6416 10.40288 0.76816547
5727.959 8.4577484 0.74028778
5729.2798 8.680356 0.75378937
5730.5977 10.106307 0.7761808
5731.9194 9.6663961 0.76258951
5733.2378 9.4859982 0.76430583
5734.5601 9.7480097 0.76872885
5735.8794 8.7511292 0.76305288
5737.1987 8.2190619 0.74446481
5738.5215 8.0729141 0.7365737
5739.8418 8.9420805 0.73341238
5741.1655 8.6093884 0.72464758
5742.4863 9.5700369 0.73566598
5743.8105 8.0774441 0.72756898
5745.1318 9.1973019 0.75925201
5746.4536 9.019969 0.75209749
5747.7783 10.294668 0.76158613
5749.1006 10.284421 0.76072437
5750.4268 9.3683825 0.77794087
5751.7495 9.8570957 0.77994668
5753.0757 7.6790819 0.72503698
5754.3994 8.0404158 0.72257888
5755.7231 10.593805 0.77248782
5757.0503 9.0302296 0.75159943
5758.3745 10.314015 0.75950933
5759.7026 9.5568094 0.75329143
5761.0273 8.7940836 0.73728937
5762.356 8.8413267 0.75477326
5763.6816 8.7734766 0.79405242
5765.0078 9.7071028 0.82501715
5766.3369 9.1911383 0.80573392
5767.6636 8.5511618 0.77994847
5768.9937 9.4908867 0.81387597
5770.3208 9.7466116 0.83572394
5771.6514 9.6437531 0.82689083
5772.979 10.136592 0.8139919
5774.3071 9.9144754 0.78598648
5775.6387 7.7215395 0.74123025
5776.9673 9.0160475 0.76544183
5778.2993 10.019223 0.80137986
5779.6289 9.7883396 0.81616431
5780.9614 9.4366302 0.77975678
5782.2915 8.6705418 0.73327881
5783.625 8.823266 0.74292243
5784.9556 9.4908123 0.7961362
5786.2861 9.9201212 0.8153494
5787.6206 8.3219967 0.77274483
5788.9521 9.6036263 0.77761489
5790.2871 8.3805399 0.79615718
5791.6191 9.2393255 0.85174447
5792.9546 10.239532 0.84195501
5794.2871 8.8262968 0.78171462
5795.6201 9.4423876 0.80118185
5796.9565 9.5072708 0.86470294
5798.29 9.5973196 0.83221829
5799.6274 8.430501 0.76321864
5800.9614 7.6340165 0.74394828
5802.2993 7.815969 0.77327079
5803.6338 9.407877 0.82745743
5804.9692 8.9931021 0.78757095
5806.3076 8.5417042 0.77687436
5807.6436 8.8801546 0.78580028
5808.9824 8.0879593 0.82030445
5810.3188 7.7442799 0.79892844
5811.6587 8.2474556 0.79409134
5812.9956 8.9272747 0.76530224
5814.333 7.9870176 0.7390694
5815.6738 8.4466639 0.76626676
5817.0117 8.5034094 0.78425169
5818.353 9.1211691 0.79561275
5819.6914 8.2837114 0.7794084
5821.0337 8.1173105 0.8050319
5822.3726 8.6316462 0.78756863
5823.7119 9.0105982 0.79030037
5825.0552 9.6723394 0.82141411
5826.395 8.848073 0.81580776
5827.7388 9.565835 0.82439095
5829.0791 9.4962301 0.82033557
5830.4233 7.7343116 0.82701147
5831.7646 9.0075388 0.83587533
5833.1064 7.6041207 0.83514529
5834.4517 8.5583467 0.814022
5835.7935 8.8021936 0.81414288
5837.1396 9.9632778 0.84962416
5838.4824 10.37313 0.87671626
5839.8286 9.3151827 0.81222337
5841.1719 8.6181402 0.81135958
5842.5156 7.0261927 0.79841387
5843.8633 8.5624733 0.81438315
5845.2075 7.9942222 0.79511279
5846.5552 7.2804232 0.77973157
5847.9004 8.3700857 0.7935971
5849.249 8.2618151 0.80721998
5850.5942 7.4285016 0.8243351
5851.9404 9.1661587 0.84555769
5853.2896 8.7750645 0.83294308
5854.6362 7.3290663 0.81974411
5855.9863 7.3647437 0.83188307
5857.3335 7.129602 0.82258731
5858.6841 7.6663051 0.81283063
5860.0322 9.1378546 0.83235151
5861.3799 6.6301551 0.80962336
5862.7319 7.6419492 0.8305794
5864.0806 7.3284392 0.86636531
5865.4326 8.8447943 0.89716429
5866.7822 9.1924391 0.91726637
5868.1348 9.3103695 0.93406004
5869.4849 8.2394648 0.91375947
5870.835 8.3279171 0.88184685
5872.189 9.1677227 0.86314249
5873.54 8.7905159 0.85747713
5874.894 10.149391 0.87935537
5876.2456 9.7533693 0.86714286
5877.6006 9.2374229 0.86370617
5878.9531 8.9988403 0.86815757
5880.3052 9.6933565 0.86627108
5881.6611 9.1500025 0.84639364
5883.0146 9.7343407 0.84506899
5884.3711 9.1394939 0.84129304
5885.7246 9.9691696 0.84369934
5887.082 10.65538 0.88161176
5888.4365 9.3711624 0.98714209
5889.7939 8.9914722 1.2098329
5891.1489 9.9074583 1.4633447
5892.5044 10.757556 1.2590322
5893.8633 9.3348303 0.97489232
5895.2192 9.1195631 1.0801759
5896.5786 7.5758505 1.3716254
5897.9351 7.3213649 1.2844275
5899.2949 8.5397959 0.97533107
5900.6523 9.2178774 0.87651896
5902.0098 9.0448084 0.79613721
5903.3706 8.4846144 0.82190746
5904.7285 8.0999479 0.81068677
5906.0903 8.3296337 0.81266928
5907.4487 8.9215813 0.80493891
5908.811 8.399972 0.78941196
5910.1704 6.9474707 0.7839908
5911.5303 9.4798136 0.82106948
5912.8931 8.6346531 0.81815207
5914.2534 7.3810058 0.82013357
5915.6172 8.2073336 0.90013498
5916.978 7.6535516 0.91819513
5918.3428 7.9227538 0.83882958
5919.7041 7.1905484 0.74805754
5921.0659 7.7136884 0.75150925
5922.4312 8.7069311 0.77833551
5923.7939 7.184763 0.79130518
5925.1597 8.1299353 0.82887185
5926.5229 10.800526 0.84645033
5927.8896 8.1874752 0.78118324
5929.2534 8.3144217 0.74006051
5930.6172 7.8306446 0.76910168
5931.9849 8.5411158 0.80604964
5933.3496 8.0875502 0.85584199
5934.7178 7.1922245 0.84489685
5936.083 8.2571812 0.81175399
5937.4517 8.5468035 0.7851758
5938.8179 7.7437587 0.74584574
5940.1841 7.2434888 0.74149632
5941.5537 6.7885838 0.71757656
5942.9204 6.8583851 0.71502358
5944.291 8.0359221 0.71597999
5945.6587 7.4384952 0.72116494
5947.0298 7.6115556 0.73256916
5948.3975 7.176785 0.73220235
5949.7661 8.8999529 0.74166292
5951.1382 7.0818286 0.71766055
5952.5073 7.2716432 0.72070205
5953.8799 7.1861954 0.77368456
5955.2495 6.8886905 0.77050579
5956.6226 7.4283152 0.73602515
5957.9932 7.9659524 0.68901986
5959.3638 7.6319966 0.67607629
5960.7378 6.4694638 0.69790703
5962.1094 7.3694062 0.73161334
5963.4839 8.1747751 0.71776783
5964.856 8.708971 0.71068305
5966.2314 7.3456373 0.68406677
5967.604 7.5819278 0.68207622
5968.9766 7.1776824 0.7043674
5970.353 7.0514073 0.71106714
5971.7266 7.6327844 0.73526084
5973.1035 7.0537434 0.712677
5974.478 6.8567586 0.68956667
5975.8555 7.5962448 0.68082821
5977.2305 7.6512184 0.68918103
5978.6055 8.1817608 0.71842456
5979.9839 6.3905449 0.70403409
5981.3599 6.8699994 0.71157867
5982.7388 6.1884723 0.69669718
5984.1152 6.750958 0.6620779
5985.4951 6.7348785 0.65192747
5986.8721 7.8069935 0.68449819
5988.2495 7.7158651 0.67338502
5989.6304 7.0913405 0.64748544
5991.0083 7.1728926 0.64257288
5992.3896 7.0347834 0.64875203
5993.7681 7.2796721 0.7090649
5995.1504 8.339427 0.73470622
5996.5298 8.0467606 0.67183387
5997.9126 7.5763011 0.66864514
5999.292 7.5393939 0.66562212
6000.6724 7.11766 0.65662956
6002.0562 7.6636119 0.6643073
6003.437 6.1662955 0.66487116
6004.8213 7.922852 0.69651306
6006.2026 7.4564238 0.68042845
6007.5874 7.8712087 0.6527819
6008.9697 7.1190724 0.64048296
6010.3521 5.8863182 0.63465255
6011.7378 7.2056837 0.64478433
6013.1211 7.2447166 0.64628029
6014.5078 5.9312544 0.63145506
6015.8911 8.2774124 0.66529453
6017.2783 6.2856445 0.64524406
6018.6626 6.7929001 0.63783115
6020.0474 6.4967322 0.67910749
6021.4355 7.4590473 0.69590694
6022.8208 8.0972395 0.7242263
6024.2095 6.5586376 0.67592674
6025.5957 6.1871986 0.65803134
6026.9849 6.9134889 0.65943873
6028.3716 6.4630666 0.66179794
6029.7583 6.706841 0.67114502
6031.1489 7.401701 0.67601407
6032.5361 6.9137025 0.64669442
6033.9272 7.4470234 0.64652795
6035.3154 7.9972038 0.65852255
6036.707 6.1213198 0.63896108
6038.0957 8.0519056 0.6638003
6039.4849 6.5023246 0.65429103
6040.8774 8.2199535 0.67976964
6042.2671 7.3587732 0.66590375
6043.6606 6.0501184 0.62707996
6045.0508 6.5870466 0.63786358
6046.4448 6.6537642 0.62621963
6047.8359 5.7783942 0.61611408
6049.2271 6.1377358 0.64209032
6050.6221 7.2348943 0.68601316
6052.0142 7.5847087 0.68972147
6053.4097 7.6551967 0.67605001
6054.8022 5.6531992 0.63549674
6056.1982 6.3056026 0.64720452
6057.5918 6.6662116 0.65195006
6058.9854 7.7599645 0.66912895
6060.3823 7.1696191 0.66015035
6061.7764 6.2664623 0.63813633
6063.1743 6.9884586 0.65372652
6064.5693 7.8177099 0.68567407
6065.9678 7.8731985 0.68583453
6067.3633 8.2213564 0.68933815
6068.7588 7.81815 0.66219103
6070.1582 6.8394256 0.64646739
6071.5547 7.1564398 0.64128041
6072.9551 5.8893924 0.63830501
6074.3521 7.3923364 0.66312194
6075.7529 8.5824661 0.6866914
6077.1504 7.4814634 0.66947985
6078.5483 7.1861043 0.65874857
6079.9502 7.4127126 0.65987611
6081.3491 6.7993932 0.65245855
6082.7515 6.4208717 0.64425451
6084.1504 6.5587902 0.64666384
6085.5537 7.0260406 0.64855641
6086.9536 6.8684087 0.64936852
6088.354 6.9469452 0.65661967
6089.7578 7.143815 0.68407619
6091.1587 6.1782942 0.6799711
6092.5635 6.4880514 0.6680637
6093.9648 7.502388 0.67304206
6095.3701 6.1881289 0.64442408
6096.7725 5.6657667 0.65106058
6098.1782 6.2078872 0.65443319
6099.5811 7.5889463 0.65881759
6100.9844 5.7732773 0.63019854
6102.3911 6.5893664 0.639826
6103.7949 6.4783916 0.64383131
6105.2026 6.7549829 0.65104157
6106.6069 6.8823347 0.66213268
6108.0151 7.4742804 0.76602256
6109.4204 9.2414904 0.79532766
6110.8257 7.8777294 0.68826681
6112.2349 7.7744112 0.68212104
6113.6411 5.7557364 0.64933181
6115.0508 6.5128608 0.66177654
6116.4575 7.1796517 0.67320627
6117.8682 6.5560079 0.65693372
6119.2754 7.2036562 0.64210731
6120.6831 7.2027636 0.64580864
6122.0947 5.7835732 0.63130897
6123.5029 8.0985336 0.67396557
6124.915 9.114151 0.81943405
6126.3242 7.7462244 0.78781557
6127.7368 7.0525227 0.6629231
6129.1465 6.5750604 0.62396437
6130.5566 6.4291759 0.60755515
6131.9702 7.8842549 0.62906802
6133.3809 6.6549387 0.61342567
6134.7954 6.545414 0.61614364
6136.2065 6.8843746 0.6561746
6137.6216 5.3479185 0.66096973
6139.0337 6.9387083 0.67722899
6140.4458 6.248723 0.65259689
6141.8618 7.2777915 0.62584847
6143.2749 6.6513047 0.61352032
6144.6914 7.1202974 0.64408249
6146.105 7.0378413 0.64488548
6147.522 6.5035315 0.62449002
6148.9365 6.7822952 0.59447867
6150.3511 7.1410909 0.58340973
6151.769 7.5366101 0.58568591
6153.1846 7.154829 0.59658015
6154.6035 6.3518691 0.60139626
6156.019 7.4591889 0.61901224
6157.439 7.4318557 0.59746641
6158.8555 7.2588253 0.67608196
6160.272 7.1214848 0.69410747
6161.6929 7.7014165 0.7509234
6163.1104 7.0766163 0.77671659
6164.5312 7.0722141 0.75604397
6165.9497 6.9975104 0.70064199
6167.3711 6.7348442 0.69011843
6168.79 6.8829169 0.60853833
6170.2095 7.2395544 0.56496775
6171.6323 7.4801545 0.57361853
6173.0518 7.3562474 0.57475424
6174.4756 6.8246293 0.56135088
6175.896 7.481451 0.5583396
6177.3198 5.9892917 0.52595055
6178.7412 6.6150594 0.52261782
6180.1626 7.9543805 0.52299124
6181.5874 7.2979937 0.51116943
6183.0098 6.1807775 0.49704686
6184.4355 6.4376683 0.49779946
6185.8579 5.8555846 0.49582228
6187.2847 6.9185457 0.60004157
6188.708 7.604774 0.60580719
6190.1318 7.0773611 0.51934642
6191.5591 7.2556052 0.52060235
6192.9834 7.5387092 0.53009474
6194.4116 6.7975612 0.5299229
6195.8364 6.0031581 0.51422328
6197.2651 7.6584654 0.51979429
6198.6909 7.2784696 0.50358808
6200.1172 6.9071269 0.50156814
6201.5469 7.1566029 0.52912188
6202.9731 6.1055794 0.56491613
6204.4038 6.373713 0.57722408
6205.8311 6.9017839 0.54391885
6207.2622 7.2148452 0.52546901
6208.6899 6.9672561 0.52624142
6210.1216 6.4967923 0.52564323
6211.5503 6.770771 0.53306645
6212.9795 7.5844603 0.55431557
6214.4121 7.3483462 0.55437356
6215.8418 6.4182768 0.53536093
6217.2749 7.1793637 0.63551825
6218.7056 7.9469848 0.65838736
6220.1392 6.3913798 0.65100753
6221.5703 6.3891301 0.54944199
6223.0015 6.2355528 0.5556426
6224.4365 6.7364893 0.56510097
6225.8687 6.0943656 0.56562835
6227.3042 6.7017703 0.55246842
6228.7368 6.2448101 0.52931833
6230.1729 5.3462057 0.51550561
6231.6064 6.390296 0.53630984
6233.04 6.8211632 0.59079844
6234.4771 6.9528613 0.68505746
6235.9116 7.4507937 0.76527077
6237.3496 6.6173782 0.74598223
6238.7842 6.1506639 0.686795
6240.2231 6.4705334 0.62723851
6241.6587 6.4886999 0.60744792
6243.0942 7.9220004 0.63791215
6244.5342 6.5690951 0.59113091
6245.9707 7.0541544 0.58651191
6247.4111 6.6688409 0.54932851
6248.8481 6.7658882 0.55488867
6250.2891 6.2702894 0.56490469
6251.7271 6.3617177 0.57623434
6253.165 6.0497828 0.5580548
6254.6069 6.3534312 0.53962809
6256.0459 6.5910473 0.56760079
6257.4888 6.4723568 0.64747036
6258.9282 7.676271 0.71458995
6260.3716 7.2083383 0.68763173
6261.8115 4.7825837 0.63382995
6263.252 7.3654699 0.66621715
6264.6963 5.5706544 0.66849583
6266.1377 6.7681813 0.62377012
6267.5825 6.3657341 0.59513241
6269.0244 6.1711531 0.56456113
6270.4702 7.0019102 0.55712527
6271.9126 6.81499 0.56339383
6273.3555 6.4503322 0.57053679
6274.8022 6.7447639 0.60083663
6276.2456 7.1141748 0.59576017
6277.6929 6.8370137 0.59865087
6279.1372 6.1014647 0.59092003
6280.585 5.5639691 0.56264788
6282.0298 5.7244263 0.54091263
6283.4751 6.1429133 0.54035586
6284.9238 5.9421649 0.54877132
6286.3696 5.7602711 0.59328955
6287.8193 5.9912734 0.69007832
6289.2661 5.5132585 0.69027489
6290.7163 6.3001766 0.60862613
6292.1636 6.2193813 0.53539902
6293.6108 5.9624963 0.51716328
6295.062 6.1365924 0.51718432
6296.5103 6.1592164 0.53793758
6297.9624 7.0985193 0.62450129
6299.4111 6.9239912 0.82709056
6300.8638 7.7531743 0.94243848
6302.3135 6.5988073 0.92095906
6303.7632 7.4247799 0.86960977
6305.2168 7.6009331 0.71592635
6306.6675 6.0129871 0.62249845
6308.1216 6.5387683 0.72755563
6309.5728 6.4786415 0.69288403
6311.0278 7.6651888 0.58990794
6312.4795 6.1483235 0.51467317
6313.9316 6.159986 0.4955014
6315.3877 6.1867671 0.48420614
6316.8403 5.5397577 0.47071534
6318.2974 6.744885 0.47826335
6319.751 6.8911223 0.4979344
6321.208 6.5217609 0.51441026
6322.6621 6.1801753 0.52723956
6324.1201 6.9013996 0.53787655
6325.5752 7.0794711 0.54052603
6327.0303 5.8812695 0.51431328
6328.4893 5.7107925 0.52785057
6329.9453 6.176897 0.57415551
6331.4048 6.8664193 0.59786409
6332.8613 7.1665783 0.54650527
6334.3218 6.1505814 0.48665214
6335.7788 7.1153798 0.46891752
6337.2363 6.290976 0.44936398
6338.6978 6.2487864 0.46314999
6340.1558 6.9686084 0.50756228
6341.6182 6.6127911 0.52150106
6343.0767 6.8481865 0.49616084
6344.5396 6.4079103 0.47344652
6345.999 6.6015825 0.47649059
6347.459 6.4952502 0.46304032
6348.9229 6.5410609 0.4789162
6350.3833 6.452107 0.48530015
6351.8477 5.8922405 0.48062497
6353.3091 6.0276804 0.4627108
6354.7739 7.1271353 0.47981542
6356.2358 7.3524389 0.51210177
6357.6982 6.9188652 0.52240175
6359.1641 6.8840847 0.50529301
6360.627 6.0257711 0.47122252
6362.0938 6.1966066 0.4718644
6363.5576 7.9388299 0.55628258
6365.0249 6.2789993 0.580015
6366.4893 7.826582 0.57209516
6367.9536 7.8240862 0.51710564
6369.4224 6.1480765 0.47461373
6370.8877 6.6265645 0.48178881
6372.3564 6.4484477 0.47379956
6373.8228 6.6252084 0.46660167
6375.2925 6.3147631 0.45593101
6376.7588 6.2129545 0.45598137
6378.2261 6.7704544 0.46040076
6379.6968 6.6292305 0.47061795
6381.1646 6.5197892 0.47275957
6382.6357 7.3727846 0.49828038
6384.104 7.74088 0.49301264
6385.5762 6.9383216 0.47896045
6387.0454 6.7105412 0.49231273
6388.5146 7.2921114 0.49435371
6389.9878 6.8054938 0.47193113
6391.458 7.0517459 0.4577786
6392.9316 6.300087 0.4471806
6394.4023 6.8052936 0.44865444
6395.877 7.2794857 0.45548165
6397.3481 6.4300866 0.46047059
6398.8198 6.4046831 0.47323933
6400.2954 6.6432633 0.46538064
6401.7681 6.0355983 0.44478667
6403.2441 7.2107306 0.45579931
6404.7173 6.1869736 0.44539502
6406.1943 5.6884875 0.43843094
6407.668 6.7267861 0.45267695
6409.1421 6.9888334 0.46459636
6410.6196 6.7368798 0.46195534
6412.0947 6.2536421 0.4544822
6413.5732 6.4622488 0.47458178
6415.0488 7.2156825 0.48020589
6416.5278 5.9991426 0.45732144
6418.0039 5.9440713 0.44397563
6419.4805 6.5340986 0.45909995
6420.9609 5.7197075 0.45406708
6422.438 6.9157763 0.47145537
6423.9189 6.227036 0.45348406
6425.397 6.4869666 0.46855283
6426.8784 6.5800147 0.46902859
6428.3569 7.3574424 0.4669795
6429.8359 7.0164371 0.47638375
6431.3184 7.0714641 0.48923218
6432.7979 7.0159688 0.47467449
6434.2812 5.6823907 0.45297727
6435.7617 5.8899174 0.45482394
6437.2456 6.4554887 0.46724877
6438.7266 5.859798 0.46001685
6440.2114 6.3381996 0.45498419
6441.6929 6.6036282 0.44698787
6443.1748 6.1822567 0.44688323
6444.6606 6.6866269 0.4652859
6446.1431 7.5912666 0.48639181
6447.6294 6.4796629 0.45574775
6449.1128 6.676157 0.45709667
6450.6001 5.7043786 0.44629693
6452.084 6.9027653 0.46990159
6453.5684 7.4781222 0.49018899
6455.0566 6.21246 0.47301102
6456.5415 6.6384897 0.49095562
6458.0303 6.8459301 0.5089646
6459.5161 7.0285435 0.50594813
6461.0054 6.4616737 0.47494662
6462.4917 6.6629248 0.46913734
6463.9785 7.0015755 0.49596071
6465.4692 7.1970959 0.53040183
6466.9565 6.3537545 0.54178476
6468.4478 5.4483323 0.5213204
6469.936 5.9521003 0.52356398
6471.4277 6.4066172 0.53922349
6472.9165 7.465817 0.56328773
6474.4058 6.6734514 0.51117277
6475.8984 6.621439 0.47403979
6477.3882 5.3466167 0.45885339
6478.8818 6.3515654 0.47770584
6480.3726 6.4678602 0.46772915
6481.8667 7.6089358 0.47681439
6483.3579 6.4738688 0.4613359
6484.8496 6.562675 0.4560779
6486.3447 7.2940559 0.4468362
6487.8369 7.0889797 0.4501321
6489.333 7.0151863 0.46007979
6490.8262 6.0830097 0.46045092
6492.3228 6.7411242 0.45655692
6493.8164 6.2179747 0.43525961
6495.3101 6.9235139 0.43942705
6496.8081 8.1691236 0.49760592
6498.3027 7.3888927 0.57674241
6499.8013 7.3918242 0.64126015
6501.2964 7.4131031 0.58954746
6502.7954 6.6679864 0.51846969
6504.2915 7.0457039 0.51728672
6505.7876 6.8764114 0.52712119
6507.2881 6.4450312 0.49263832
6508.7852 7.4925213 0.46474075
6510.2861 6.2920175 0.42770001
6511.7837 7.0261955 0.43675163
6513.2852 6.9867582 0.43726915
6514.7837 6.6466713 0.44342741
6516.2822 6.4001865 0.43307409
6517.7852 6.3105278 0.41948766
6519.2842 7.1171689 0.43723533
6520.7876 7.3201356 0.47665253
6522.2876 7.9647436 0.51621103
6523.792 7.7122579 0.49652159
6525.2925 7.5048037 0.46905214
6526.7939 7.2122216 0.44362459
6528.2988 6.6706524 0.42831984
6529.8008 6.9962163 0.44692039
6531.3062 7.3824615 0.48084515
6532.8091 7.017499 0.55264044
6534.3154 6.3976893 0.594791
6535.8184 6.3463778 0.54404062
6537.3223 6.8813534 0.46626106
6538.8296 7.2176814 0.4349148
6540.334 5.8188486 0.47982371
6541.8423 7.376318 0.52192611
6543.3472 7.4105043 0.48952511
6544.856 6.6258707 0.50354862
6546.3613 6.7110968 0.50728375
6547.8677 7.4733772 0.49792859
6549.3774 7.5569105 0.46774787
6550.8843 7.8684616 0.48937136
6552.3945 8.8922377 0.55557519
6553.9019 8.7660618 0.60111463
6555.4136 10.36623 0.60761154
6556.9214 11.247954 0.59716171
6558.4336 11.327898 0.56225753
6559.9424 9.9230652 0.65694195
6561.4512 10.182561 0.65136641
6562.9644 13.534144 0.7975685
6564.4741 13.000213 0.99107438
6565.9878 10.029808 0.61444074
6567.4985 10.423328 0.59751469
6569.0127 10.238304 0.60924011
6570.5239 11.228292 0.63733673
6572.0356 10.828743 0.63893092
6573.5513 12.156535 0.62657279
6575.0635 11.835603 0.64375883
6576.5796 9.0547085 0.65388882
6578.0923 10.946795 0.71561301
6579.6094 10.772477 0.61218643
6581.123 8.5283728 0.51881301
6582.6372 10.224259 0.51298183
6584.1548 8.8111944 0.48989025
6585.6694 8.6399775 0.49334306
6587.1885 8.4247341 0.47760546
6588.7036 9.2742014 0.49232063
6590.2231 8.4789343 0.48145434
6591.7393 8.1083708 0.47765142
6593.2554 8.3417854 0.47637784
6594.7759 7.8626761 0.47355711
6596.293 7.503696 0.47225824
6597.814 7.0350509 0.48065713
6599.332 6.8366008 0.49926063
6600.8535 7.421567 0.50398964
6602.3721 7.0259223 0.49120027
6603.8911 7.0294132 0.49399132
6605.4141 7.4929409 0.63003868
6606.9336 6.6181512 0.61257827
6608.457 7.9768224 0.515634
6609.9771 6.8055334 0.52012652
6611.5015 6.3097281 0.51458269
6613.0225 7.6236439 0.47071114
6614.5439 7.3906474 0.47380224
6616.0693 7.2340269 0.46804893
6617.5913 7.2283287 0.46065903
6619.1172 7.5873857 0.46654341
6620.6396 5.7756205 0.43405655
6622.1665 6.5107059 0.44371328
6623.6899 6.9164414 0.44573045
6625.2139 7.4874096 0.45361069
6626.7417 5.9615192 0.50626343
6628.2661 6.575109 0.51555032
6629.7944 7.1718631 0.45554486
6631.3198 6.293931 0.44538319
6632.8486 7.0396237 0.45863813
6634.3745 7.4648128 0.47995487
6635.9009 6.5867047 0.50473475
6637.4312 7.1944847 0.52436829
6638.958 7.8752775 0.50288552
6640.4888 7.2395148 0.46264535
6642.0166 6.7083468 0.50475681
6643.5483 6.3759117 0.50207084
6645.0767 7.0174298 0.450306
6646.6055 7.7780771 0.4720706
6648.1382 6.9856982 0.46904269
6649.6675 7.2203317 0.46537337
6651.2007 7.053134 0.45447108
6652.731 6.3010116 0.46038476
6654.2651 6.8735085 0.48721525
6655.7959 7.3163218 0.48595712
6657.3271 6.3605165 0.44918793
6658.8623 7.6983042 0.46532211
6660.394 8.0540085 0.4678269
6661.9297 6.4411092 0.51463652
6663.4624 6.6855426 0.52115154
6664.999 6.3943372 0.4446702
6666.5322 7.3238392 0.45981035
6668.0659 6.7277188 0.47209448
6669.6035 6.7708387 0.47945696
6671.1377 7.1767378 0.4626196
6672.6763 7.1914124 0.44603786
6674.2114 7.29739 0.46790969
6675.7505 7.6839852 0.51504385
6677.2861 8.3724689 0.51958847
6678.8257 7.7032013 0.48786718
6680.3623 7.3284163 0.50712687
6681.8989 5.8583331 0.49425906
6683.4399 6.8251638 0.45564952
6684.9775 7.1403131 0.45682922
6686.519 7.2549767 0.44855958
6688.0571 8.0268383 0.45902738
6689.5996 6.6724339 0.51634818
6691.1382 7.7167797 0.53383857
6692.6777 6.9580793 0.45847049
6694.2212 7.0789413 0.45409834
6695.7607 6.8143406 0.43727839
6697.3052 7.0308585 0.43696684
6698.8457 7.0259976 0.44037378
6700.3906 6.5993834 0.44354421
6701.9316 6.5056224 0.44533217
6703.4736 6.692996 0.43804452
6705.0195 6.4445276 0.43455663
6706.562 6.4833851 0.44145671
6708.1084 6.8826151 0.45422187
6709.6519 6.9200339 0.44341001
6711.1987 6.7953982 0.43056497
6712.7427 7.1605706 0.43789321
6714.2871 7.213491 0.43629852
6715.8354 6.9759078 0.42792475
6717.3804 6.5880318 0.48473322
6718.9292 6.3907375 0.48023188
6720.4751 6.4497004 0.42047963
6722.0249 6.4240313 0.42234004
6723.5713 7.2370949 0.42835891
6725.1177 6.61236 0.41585934
6726.6685 6.6011505 0.42291534
6728.2163 7.0629015 0.43659481
6729.7676 6.7009368 0.43025962
6731.3159 6.2026591 0.40710577
6732.8682 6.7863097 0.41090071
6734.417 7.4770408 0.41578838
6735.9663 6.3098955 0.42096576
6737.5195 5.821444 0.42554006
6739.0693 6.6565871 0.42610869
6740.6235 6.2336049 0.41717547
6742.1743 5.8619618 0.40995824
6743.729 6.6179814 0.42248234
6745.2803 7.1450081 0.42562789
6746.832 6.797523 0.41303247
6748.3877 5.9971519 0.41092709
6749.9404 6.1526947 0.42386851
6751.4966 6.5370784 0.42162436
6753.0498 6.469975 0.39814895
6754.6069 6.3195515 0.38506895
6756.1611 5.1039376 0.43972045
6757.7153 6.00035 0.46358743
6759.2734 6.4640532 0.40622422
6760.8286 5.9834695 0.39221272
6762.3877 6.7538743 0.3985284
6763.9434 6.9383502 0.41404247
6765.5029 6.1432209 0.41459358
6767.0596 5.7699833 0.40403163
6768.6162 5.8743114 0.44013715
6770.1772 5.8834434 0.43688086
6771.7344 6.7127042 0.39218357
6773.2959 7.1430564 0.40065932
6774.854 6.0385418 0.40178937
6776.4165 6.8653016 0.41378161
6777.9756 6.1546159 0.40051371
6779.5347 6.5445333 0.39198253
6781.0981 6.2290716 0.38162908
6782.6582 5.9762273 0.38567513
6784.2222 6.5331407 0.39832029
6785.7827 6.573112 0.41762838
6787.3477 5.6390424 0.48840007
6788.9092 5.9241934 0.46945265
6790.4707 6.1877413 0.39921975
6792.0366 6.2623715 0.39503884
6793.5991 6.3126812 0.39072871
6795.1655 5.207756 0.42359433
6796.729 6.4609323 0.45028463
6798.2964 6.0388346 0.38752174
6799.8604 6.3532162 0.39129844
6801.4282 6.5291896 0.39881387
6802.9927 6.4224033 0.40932891
6804.5581 6.6613021 0.42132932
6806.127 6.4501367 0.41878968
6807.6929 5.9968929 0.40576378
6809.2627 6.20158 0.40186554
6810.8291 6.4919987 0.41160488
6812.3994 6.2883058 0.40662926
6813.9668 6.1360912 0.39853829
6815.5342 6.5119863 0.39881885
6817.106 6.2207623 0.39536661
6818.6743 5.9401593 0.39820576
6820.2466 6.3789601 0.41396177
6821.8154 6.3872914 0.42058945
6823.3887 6.4757915 0.48628488
6824.9585 5.1189518 0.48679876
6826.5283 5.7303257 0.45692223
6828.1025 6.5033998 0.51508319
6829.6733 5.4132943 0.59465218
6831.2485 5.8791156 0.68170619
6832.8198 5.9377203 0.62204462
6834.3955 5.7052393 0.58729529
6835.9678 5.8318114 0.61168844
6837.5405 6.1361771 0.64054513
6839.1172 5.7811084 0.51077449
6840.6904 6.3298268 0.4675144
6842.2681 5.7713008 0.46612224
6843.8418 6.4305487 0.45833653
6845.4199 5.9763899 0.43493035
6846.9946 5.4458351 0.40520111
6848.5698 6.2644968 0.40292698
6850.1494 5.7070203 0.39806062
6851.7251 4.8381033 0.39240861
6853.3052 5.7356153 0.41353717
6854.8818 5.5455933 0.40221244
6856.4624 5.4126015 0.45169696
6858.0396 6.4881387 0.46452802
6859.6177 5.9763556 0.40203831
6861.1992 5.7614598 0.4465211
6862.7778 5.0860772 0.62598413
6864.3604 4.9385009 0.78632134
6865.9395 6.4338889 0.83375764
6867.5225 6.5631948 0.77966005
6869.1025 5.3629684 0.604985
6870.6826 5.5320783 0.5657717
6872.2671 5.7180543 0.59748292
6873.8481 5.7073669 0.58073032
6875.4331 5.8305554 0.5165261
6877.0146 5.4297352 0.46822837
6878.6006 5.4904895 0.44923863
6880.1831 5.89325 0.47312048
6881.7656 5.737886 0.50939208
6883.3525 5.6280732 0.50166517
6884.936 5.8353114 0.46052229
6886.5239 6.0637531 0.4494375
6888.1079 6.2901611 0.47942284
6889.6963 5.1871963 0.51522672
6891.2812 5.9633565 0.55236191
6892.8667 6.4691916 0.52963585
6894.4561 6.0977311 0.46366736
6896.0425 5.779357 0.44271111
6897.6323 6.5912495 0.47986367
6899.2192 5.8495836 0.46408597
6900.8105 5.6360221 0.49626428
6902.3979 5.543129 0.55023098
6903.9858 5.1456079 0.53402966
6905.5776 4.3364649 0.4309133
6907.1665 6.2815089 0.42270386
6908.7593 4.8407187 0.48069653
6910.3486 6.4962239 0.53844517
6911.9419 4.7056923 0.48840579
6913.5322 5.3632116 0.55948633
6915.1226 5.3235717 0.54032397
6916.7173 6.7186775 0.47542909
6918.3081 6.595582 0.43195346
6919.9038 5.4791565 0.40233475
6921.4956 5.8774509 0.44940317
6923.0918 5.6201577 0.55364025
6924.6846 6.5736313 0.63189614
6926.2812 6.8909097 0.60130274
6927.8745 6.3028827 0.50401896
6929.4683 5.7958117 0.4473055
6931.0664 4.6871052 0.47275409
6932.6606 5.2487626 0.45980129
6934.2593 4.7251678 0.47225422
6935.8545 5.7035789 0.48851752
6937.4541 5.4242883 0.42926452
6939.0498 4.7008615 0.46403041
6940.646 5.1060805 0.50362164
6942.2466 5.6142988 0.48759511
6943.8438 5.1637397 0.42912167
6945.4448 5.1181703 0.39824602
6947.043 5.2287202 0.42972365
6948.6445 5.9189768 0.55493265
6950.2432 6.5652776 0.68901712
6951.8423 5.3480287 0.60760003
6953.4453 5.5362473 0.491438
6955.0449 5.9253225 0.42359078
6956.6489 4.4101734 0.39276493
6958.249 5.3287978 0.40372735
6959.8535 6.3992586 0.42109075
6961.4546 5.1908698 0.41153687
6963.0562 5.3303332 0.41020039
6964.6621 5.1561003 0.39918992
6966.2642 5.1560383 0.40589529
6967.8706 5.9709067 0.43389022
6969.4736 5.6529632 0.45842555
6971.0806 6.1845078 0.49028817
6972.6841 5.9117851 0.51723069
6974.2886 4.541461 0.45652348
6975.8965 5.6772885 0.4112027
6977.5015 5.4641752 0.48252621
6979.1104 4.2213769 0.53386796
6980.7158 5.7812948 0.53390288
6982.3257 5.1287084 0.48308185
6983.9321 4.9350214 0.41831326
6985.5386 4.9576497 0.40378171
6987.1494 5.2305474 0.39556536
6988.7568 4.5661311 0.38001487
6990.3687 5.4688087 0.40189889
6991.9766 5.8640752 0.43688551
6993.5889 6.295177 0.44032586
6995.1978 4.3968601 0.4723852
6996.8071 5.2621937 0.48863766
6998.4204 5.8192143 0.42392835
7000.0303 4.9519334 0.40134883
7001.6445 4.2303152 0.42346561
7003.2554 6.8608551 0.49315009
7004.8701 6.8666787 0.49154133
7006.4819 6.3890934 0.49203613
7008.0938 5.6307683 0.43660599
7009.7095 5.3489432 0.6907497
7011.3223 4.7997947 0.85603642
7012.939 5.7425208 0.49794579
7014.5522 6.0125885 0.47292498
7016.1699 5.8432393 0.41989416
7017.7837 5.6558132 0.38862297
7019.3984 5.0796638 0.38203356
7021.0171 5.5107126 0.38464728
7022.6323 4.545054 0.44793409
7024.2515 5.0963273 0.4966327
7025.8677 5.6795721 0.44841871
7027.4878 4.9527445 0.42755693
7029.1045 5.5028033 0.41066572
7030.7212 6.2361689 0.40884957
7032.3428 5.8496318 0.3948445
7033.9604 4.971036 0.44290638
7035.5825 5.6868067 0.456691
7037.2007 5.9680753 0.40508795
7038.8237 5.0489364 0.39443958
7040.4429 5.0315342 0.40039912
7042.0664 4.704946 0.41134259
7043.6865 5.1596246 0.42468098
7045.3066 5.7940288 0.42065641
7046.9316 4.8715038 0.41685665
7048.5527 5.5322814 0.44932175
7050.1782 5.62886 0.45963681
7051.7998 5.2230597 0.44266114
7053.4263 5.6553521 0.42112973
7055.0488 5.0891447 0.41432029
7056.6719 5.9101558 0.42958242
7058.2988 6.2182031 0.42278847
7059.9229 5.455616 0.40526888
7061.5508 5.0542789 0.40223944
7063.1753 5.569819 0.40985307
7064.8037 6.2064371 0.42572242
7066.4292 5.9515715 0.41960216
7068.0547 5.7466512 0.41429758
7069.6846 4.9847403 0.40674543
7071.311 5.7272887 0.42603654
7072.9419 6.509264 0.44071856
7074.5688 5.5504351 0.43174925
7076.2002 5.522501 0.42977601
7077.8281 5.778285 0.42869571
7079.4561 5.958744 0.4235549
7081.0889 6.1947551 0.42683467
7082.7178 5.0603428 0.41564113
7084.3511 4.8071599 0.40959257
7085.981 5.6668448 0.41251463
7087.6147 4.9663029 0.41749996
7089.2451 5.1801391 0.43589735
7090.876 5.8769269 0.45212772
7092.5112 3.7480493 0.41850179
7094.1431 5.3505807 0.40935263
7095.7788 5.0749116 0.38659143
7097.4111 4.9627256 0.38403264
7099.0479 5.7801514 0.39231217
7100.6812 5.1931214 0.39190114
7102.3145 5.5360861 0.40196183
7103.9521 5.6467271 0.40827319
7105.5864 4.8031588 0.38655782
7107.2251 5.7173738 0.40164003
7108.8599 5.2836475 0.39822409
7110.4995 4.7481766 0.3976157
7112.1353 5.406106 0.40532666
7113.7715 5.3466759 0.39983264
7115.4116 5.2094412 0.39952907
7117.0483 5.6222167 0.42094398
7118.6899 5.4556179 0.41911623
7120.3271 5.0985041 0.40603653
7121.9692 4.794992 0.40481535
7123.6079 5.1585832 0.42093948
7125.2466 5.4659886 0.56912249
7126.8896 5.1427841 0.711357
7128.5293 5.2412114 0.45158583
7130.1729 4.9460649 0.39208242
7131.813 4.7142725 0.40036157
7133.458 4.7771173 0.48040646
7135.0986 4.1104584 0.46289638
7136.7402 5.4461656 0.45930219
7138.3857 4.4010921 0.42901477
7140.0283 4.9934611 0.44036177
7141.6748 5.0749669 0.39256924
7143.3174 4.7626514 0.41398725
7144.9648 5.4606986 0.44342151
7146.6084 5.1985755 0.44568428
7148.2524 5.0114803 0.42330799
7149.9009 5.2185631 0.41249454
7151.5459 4.9753404 0.41197383
7153.1948 5.106638 0.40624708
7154.8403 5.9939985 0.40302506
7156.4902 4.9777956 0.38713688
7158.1367 5.7650838 0.40622464
7159.7832 5.2519073 0.40529352
7161.4346 5.0806556 0.40959033
7163.082 4.4882441 0.3909691
7164.7339 4.8440337 0.39216083
7166.3818 5.1878886 0.4098385
7168.0347 5.4108782 0.44086888
7169.6836 4.9266548 0.44811314
7171.3369 5.2805605 0.44032121
7172.9863 5.3400097 0.42688119
7174.6367 4.1114869 0.40839547
7176.291 4.6840978 0.42146415
7177.9419 5.3507776 0.44096807
7179.5972 5.0882368 0.43257889
7181.249 5.3383784 0.43683776
7182.9048 4.6415386 0.43888816
7184.5571 5.5025244 0.47628573
7186.21 5.5216975 0.47824496
7187.8672 5.7686224 0.45075712
7189.521 4.5815587 0.41651654
7191.1787 4.3967085 0.399142
7192.833 4.1601272 0.41050941
7194.4917 5.1521788 0.43897933
7196.1465 3.0382962 0.42453521
7197.8022 5.0244408 0.43828815
7199.4619 4.0035677 0.38487706
7201.1182 5.1181498 0.41135174
7202.7788 4.3660212 0.42026424
7204.4355 5.0102401 0.43648738
7206.0972 5.4285078 0.43864855
7207.7549 4.9796009 0.4166708
7209.4131 5.0497179 0.39615503
7211.0757 5.2658792 0.39718702
7212.7344 4.4207702 0.37911487
7214.3975 4.7033873 0.37979713
7216.0571 3.7666121 0.38159999
7217.7212 5.3964648 0.40110812
7219.3818 5.3052611 0.38887641
7221.0425 4.9137082 0.37601465
7222.7075 4.6975222 0.37460792
7224.3691 4.7239914 0.38888258
7226.0352 4.9766912 0.38898322
7227.6973 4.6709299 0.37320668
7229.3643 4.834043 0.38695219
7231.0273 5.8366332 0.40782613
7232.6909 4.3989673 0.39741537
7234.3584 5.5836635 0.43380877
7236.0229 5.6157112 0.46594468
7237.6914 5.5543327 0.56278276
7239.3564 4.1976805 0.68428922
7241.0259 4.8883581 0.81629497
7242.6919 3.5478296 0.87422156
7244.3579 0.7848649 0.90218353
7246.0283 4.7353349 0.96601093
7247.6953 6.561738 0.87592942
7249.3667 5.3609958 0.6511454
7251.0342 5.3074446 0.53596604
7252.7065 5.1162286 0.52065575
7254.375 4.8355341 0.52906376
7256.0439 3.597476 0.51732612
7257.7168 4.594027 0.50659895
7259.3867 4.9708843 0.43389535
7261.0605 4.5995121 0.40047947
7262.731 4.4223866 0.39859566
7264.4058 4.3676419 0.41737777
7266.0771 4.4434977 0.42970991
7267.7485 4.9477038 0.42491519
7269.4243 3.8800869 0.50616717
7271.0967 4.0369291 0.52973956
7272.7734 5.2316613 0.45186552
7274.4463 5.6611309 0.54833645
7276.124 4.1301928 0.83490992
7277.7979 3.0947824 1.0805666
7279.4722 6.1414604 1.0038557
7281.1509 5.2460332 0.62312841
7282.8257 4.5993476 0.56768495
7284.5054 4.577529 0.70557588
7286.1812 5.2482157 0.71146715
7287.8613 5.0765848 0.64973402
7289.5376 5.1715922 0.5095461
7291.2148 4.9494472 0.4273425
7292.896 4.7760201 0.45367029
7294.5737 4.8522997 0.51484686
7296.2559 4.8139272 0.51799852
7297.9341 4.9215422 0.49961436
7299.6172 5.1946716 0.45089963
7301.2964 5.1079297 0.47501719
7302.98 4.9483514 0.55592805
7304.6602 4.4012127 0.7268703
7306.3408 5.3242502 0.62037122
7308.0254 3.8953419 0.47197807
7309.7065 4.628798 0.42477342
7311.3921 4.4084163 0.43150875
7313.0742 4.7185001 0.45690656
7314.7607 4.6729894 0.61551273
7316.4434 5.3695383 0.857656
7318.1265 3.4419076 0.9440034
7319.814 5.8287592 0.83476865
7321.498 2.9891608 0.59126765
7323.186 4.6268525 0.50213927
7324.8711 4.2022014 0.50982577
7326.5601 4.7939167 0.45258296
7328.2456 3.8749402 0.50137275
7329.9312 4.005281 0.61499763
7331.6216 5.0665669 0.67195129
7333.3081 3.9074147 0.5973193
7334.9995 4.8812966 0.53630716
7336.6865 4.4232116 0.50010687
7338.3784 5.8543 0.48424783
7340.0669 4.5134692 0.70194125
7341.7554 4.3689442 1.071842
7343.4482 2.8887107 1.0418462
7345.1377 3.5563915 0.76924109
7346.8315 3.8454301 0.49602282
7348.5215 4.7267404 0.42505524
7350.2163 4.3375354 0.4474211
7351.9067 4.9870286 0.46872944
7353.5981 4.5176744 0.44520816
7355.2939 4.3403997 0.44978422
7356.9858 5.130806 0.50370795
7358.6826 4.3899398 0.60996407
7360.3755 4.9499302 0.68995744
7362.0728 5.2289543 0.63579112
7363.7661 4.9515295 0.49142712
7365.4604 4.2339325 0.43623501
7367.1587 4.325923 0.50479847
7368.8535 3.9222608 0.67154884
7370.5527 3.5834846 1.1610594
7372.2485 5.4346128 1.1916195
7373.9487 5.299377 0.61649859
7375.645 4.9809337 0.46008685
7377.3418 4.2412643 0.44384006
7379.043 4.2692924 0.45303372
7380.7402 4.2586279 0.43945807
7382.4424 4.6116295 0.44561705
7384.1406 4.6563129 0.44682217
7385.8433 4.475719 0.44143894
7387.5425 4.6249299 0.4405525
7389.2422 4.6556315 0.43948203
7390.9458 4.4109139 0.49865851
7392.6465 4.3163762 0.60157925
7394.3511 4.4803562 0.59676808
7396.0522 5.128119 0.51975286
7397.7573 5.0711298 0.45987105
7399.4595 4.4050927 0.49561501
7401.1616 4.5275626 0.64398181
7402.8682 4.1498647 0.8210218
7404.5713 3.4452446 0.81036538
7406.2788 5.3441057 0.61708134
7407.9824 4.3931904 0.46869346
7409.6909 5.2897501 0.44862363
7411.3955 4.1468835 0.42517382
7413.1006 4.7215357 0.43616509
7414.8101 4.7268167 0.44379511
7416.5156 4.0603447 0.43847618
7418.2261 4.5653143 0.44124302
7419.9326 5.2434745 0.46307534
7421.6436 5.458344 0.46879214
7423.3506 5.239573 0.44564813
7425.0586 4.4517398 0.4199231
7426.7705 4.5642929 0.40941703
7428.4795 4.4307342 0.44326115
7430.1924 4.8845997 0.52501774
7431.9014 4.5989537 0.5452919
7433.6152 4.6129484 0.48056209
7435.3257 3.9800317 0.44598502
7437.04 4.9842367 0.48609513
7438.751 4.0887218 0.56345254
7440.4624 3.8470893 0.58432937
7442.1777 3.4908521 0.52223235
7443.8901 4.0934925 0.42340127
7445.6064 5.2654157 0.41837201
7447.3193 4.2230058 0.40733302
7449.0366 3.937804 0.41540179
7450.7505 4.3054633 0.42446262
7452.4644 4.0285916 0.42027712
7454.1831 4.4573159 0.42652279
7455.8979 4.7158122 0.43132913
7457.6172 4.1475897 0.42697787
7459.3325 4.8597541 0.4547227
7461.0527 4.0207043 0.43584582
7462.769 5.2130184 0.44910362
7464.4858 4.6969638 0.46737942
7466.207 5.1001983 0.50591773
7467.9248 3.9740472 0.4883475
7469.647 3.4991286 0.48558259
7471.3652 4.431622 0.51542926
7473.0884 5.3034716 0.56496114
7474.8076 4.5026288 0.56022775
7476.5269 4.3635602 0.52689952
7478.251 5.0647869 0.50722539
7479.9712 4.1201253 0.53455245
7481.6963 4.5176501 0.60925043
7483.4175 4.421977 0.61168587
7485.1431 4.5549111 0.57206583
7486.8652 5.0929117 0.5126673
7488.5874 4.3602648 0.45227808
7490.3145 4.0967803 0.44147506
7492.0371 4.0763097 0.43780646
7493.7651 4.4464951 0.44302714
7495.4888 4.7408962 0.44708127
7497.2173 3.5291131 0.41570708
7498.9419 3.5556746 0.41229942
7500.667 4.6139646 0.43047753
7502.397 4.6573167 0.4178198
7504.1226 3.9481535 0.3908377
7505.853 5.0695448 0.40124804
7507.5801 4.3200245 0.3866812
7509.311 4.2097402 0.38727778
7511.0386 4.5862608 0.39004171
7512.7666 4.949924 0.39610353
7514.499 4.8766923 0.39315417
7516.2275 4.3214765 0.4033362
7517.9609 4.4411387 0.42876434
7519.6904 4.1475935 0.44183782
7521.4243 4.3240991 0.49451014
7523.1548 5.9403758 0.72189718
7524.8853 3.4231009 0.85663497
7526.6206 4.7090349 0.76519829
7528.3521 4.4030457 0.63744813
7530.0884 3.9581401 0.52716589
7531.8203 3.2763145 0.54890227
7533.5571 3.5810778 0.50433558
7535.2905 3.2291245 0.42697519
7537.0239 4.3722501 0.40003684
7538.7617 4.2466922 0.41156653
7540.4961 4.0099821 0.43570063
7542.2349 4.3788176 0.44919372
7543.9702 4.515193 0.42297629
7545.7095 4.4242306 0.40707296
7547.4453 3.4279466 0.39300543
7549.1816 3.9247172 0.39008659
7550.9229 3.705147 0.37194079
7552.6597 3.971288 0.38172087
7554.4014 4.3861341 0.40114138
7556.1392 3.4679379 0.42729777
7557.8818 3.4460795 0.46218023
7559.6201 3.6247962 0.46897236
7561.3594 3.9838135 0.4345859
7563.103 4.110981 0.40071216
7564.8428 3.634294 0.383818
7566.5874 3.8231533 0.39344826
7568.3281 4.6397843 0.42843822
7570.0732 3.8135362 0.49345747
7571.8149 3.9692039 0.66600823
7573.561 2.8656623 0.7746563
7575.3032 3.8779817 0.63501745
7577.0459 4.1328464 0.46926796
7578.793 3.3221543 0.39479867
7580.5366 4.0756578 0.38502124
7582.2847 4.7324452 0.39841685
7584.0288 4.1837249 0.4062354
7585.7778 3.0891905 0.46041316
7587.5229 4.3431683 0.55793566
7589.2686 4.6091027 0.54021305
7591.0186 4.3291826 0.46408308
7592.7646 4.647438 0.42734078
7594.5156 3.5230839 0.40806803
7596.2627 3.68483 0.52566844
7598.0142 4.5996351 0.81121868
7599.7622 2.6696663 1.0927086
7601.5107 5.8387642 1.1962067
7603.2637 5.1150827 1.0895612
7605.0127 5.4337292 1.0507076
7606.7661 4.159215 1.0564872
7608.5161 4.6398807 1.0671749
7610.271 4.4440022 1.0201876
7612.0215 4.6802115 0.88728499
7613.7725 4.7359734 0.7392422
7615.5283 4.1346817 0.63566095
7617.2803 2.659431 0.58426493
7619.0366 3.5040772 0.57855731
7620.7896 4.3661389 0.58519316
7622.5469 4.5090499 0.58924699
7624.3003 5.3748641 0.63666284
7626.0542 4.2036943 0.67198616
7627.813 4.0169616 0.81654972
7629.5679 5.4313183 0.98907357
7631.3271 4.7711968 0.89093059
7633.0825 4.8588977 0.73963153
7634.8428 4.0482106 0.61463684
7636.5991 3.4605279 0.58775753
7638.356 4.2360296 0.60290247
7640.1172 3.191359 0.55912828
7641.875 4.2235532 0.5980714
7643.6372 2.7471092 0.52319169
7645.3955 4.8318734 0.51830745
7647.1587 3.9836512 0.51649719
7648.918 4.3305492 0.50020158
7650.6772 4.555511 0.53488022
7652.4419 3.736769 0.5417136
7654.2021 3.7204885 0.53825575
7655.9673 4.8734865 0.54023266
7657.7285 3.3856063 0.46133208
7659.4941 4.4613748 0.44911906
7661.2563 3.7121737 0.50882244
7663.0186 3.9677083 0.60511196
7664.7856 3.4471989 0.55724764
7666.5493 4.2042227 0.48858997
7668.3169 3.8035445 0.43344995
7670.0811 3.4416828 0.41772038
7671.8496 4.5070047 0.44578218
7673.6147 3.4646575 0.43638706
7675.3799 4.4130239 0.42600375
7677.1499 4.4337397 0.41599366
7678.916 3.4818394 0.41177085
7680.687 3.784734 0.42319557
7682.4536 4.4223795 0.43456462
7684.2251 3.3692925 0.42211509
7685.9932 3.6694069 0.41617036
7687.7612 3.4168067 0.41556832
7689.5342 4.1307931 0.43324971
7691.3027 3.9937541 0.45564744
7693.0767 3.7392042 0.46414518
7694.8462 3.1951745 0.44005305
7696.6206 4.3480058 0.423664
7698.3911 3.0899432 0.42733291
7700.1621 3.9905736 0.4705922
7701.938 4.7364349 0.50737983
7703.71 3.9981406 0.48864484
7705.4863 3.7936387 0.44674003
7707.2588 4.5238509 0.42216635
7709.0361 4.598855 0.46480927
7710.8096 3.7531421 0.60337901
7712.5879 4.8842034 0.85424852
7714.3618 2.0171111 0.97898614
7716.1367 3.4450722 1.0119144
7717.916 4.4141917 1.0120661
7719.6914 2.4324515 1.0361999
7721.4717 3.5605397 0.74904037
7723.248 3.9917831 0.54368955
7725.0288 4.7534266 0.582654
7726.8062 3.7475944 0.65509892
7728.5835 4.1014099 0.58571708
7730.3657 3.6740713 0.51035643
7732.144 4.4440355 0.47072265
7733.9272 3.3696291 0.44606769
7735.7065 3.6242328 0.46144295
7737.4902 3.7588077 0.50251645
7739.27 4.206285 0.5139491
7741.0508 2.9326499 0.46171534
7742.8354 4.0520463 0.43156356
7744.6167 4.2352595 0.43717548
7746.4028 3.9172654 0.43531871
7748.1851 4.7106986 0.52704197
7749.9717 3.7614431 0.7941196
7751.7544 4.2168775 1.1148921
7753.5376 4.5209575 1.1969513
7755.3257 3.7561195 0.87579381
7757.1099 5.1740794 0.58529925
7758.8984 3.37061 0.59645832
7760.6836 3.3901546 0.71917057
7762.4731 3.8089175 0.71880102
7764.2588 4.3444061 0.55824286
7766.0449 3.8663626 0.45757049
7767.8359 4.3187709 0.45465812
7769.6226 4.0875721 0.44346154
7771.4146 3.965023 0.45857301
7773.2021 2.9021444 0.52274811
7774.9946 3.3982611 0.6017195
7776.7832 4.2401752 0.52756679
7778.5723 1.9478797 0.46045274
7780.3662 4.8042974 0.58652014
7782.1558 2.6249232 0.6514647
7783.9507 5.4447579 0.57258391
7785.7412 3.4530182 0.48165104
7787.5366 5.242979 0.46322554
7789.3281 3.8499522 0.46343893
7791.1201 2.8781283 0.54275084
7792.9165 3.8479562 0.78983063
7794.7095 3.970721 1.0094167
7796.5068 3.0641737 1.0198325
7798.3003 3.6874881 0.75883591
7800.0986 3.0734379 0.5157643
7801.8931 3.8015969 0.42989039
7803.688 3.444001 0.41931891
7805.4873 3.9511168 0.43080428
7807.2832 3.3991933 0.51366806
7809.0835 3.5889058 0.69587779
7810.8799 3.9371946 0.78883547
7812.6812 3.3665879 0.62665057
7814.4785 5.2198768 0.48902124
7816.2759 3.7602232 0.48104328
7818.0786 3.2318988 0.56555837
7819.877 4.2720175 0.65085191
7821.6802 2.732336 1.1715006
7823.4795 5.3988743 1.6832606
7825.2837 1.8914881 1.0693302
7827.084 5.5262871 0.60690242
7828.8843 3.5272026 0.47235253
7830.6899 2.9657016 0.45940658
7832.4912 4.1160822 0.4624522
7834.2974 3.0578308 0.44262591
7836.0996 4.3810539 0.46137792
7837.9067 4.0474896 0.47818443
7839.71 3.8800642 0.5440827
7841.5132 3.9299142 0.71775872
7843.3213 3.9431164 0.82066214
7845.126 3.5480101 0.6808641
7846.9351 4.759562 0.53718811
7848.7402 4.6368122 0.49331206
7850.5498 4.5342293 0.62941694
7852.356 1.5777041 1.0499896
7854.1665 4.5257945 1.3352377
7855.9736 3.2489085 1.457172
7857.7808 1.6327914 0.84822935
7859.5928 3.3591678 0.68958563
7861.4009 3.1934557 0.77702999
7863.2139 2.1910343 0.7623868
7865.0225 3.64674 0.64668047
7866.8364 3.6138048 0.55327821
7868.646 4.2452025 0.6420058
7870.4561 2.7516222 0.86331069
7872.271 4.6038747 0.94321203
7874.082 4.635725 0.88620543
7875.8979 3.3700476 0.63594562
7877.71 4.4931293 0.54484516
7879.5264 2.9364705 0.68727756
7881.3389 3.1070435 0.78711498
7883.1519 3.7603517 0.69971299
7884.9697 2.9052446 0.59311688
7886.7837 5.2912531 0.55360156
7888.6025 3.0105538 0.68447626
7890.4175 3.6957805 0.91526115
7892.2368 2.2741518 0.95691538
7894.0522 1.9492694 0.84961557
7895.8687 4.019712 0.58522701
7897.689 3.6999152 0.46779424
7899.5059 3.5656528 0.45751062
7901.3276 4.0320058 0.46326545
7903.1455 3.3654094 0.45404026
7904.9678 3.6165802 0.46666715
7906.7861 4.1335292 0.47406921
7908.6055 3.0534408 0.47317344
7910.4292 5.0061164 0.53909075
7912.2485 1.546519 0.82330716
7914.0732 4.5059366 1.2733501
7915.894 5.0732689 1.3683025
7917.7192 4.46417 1.3250215
7919.5405 3.9903224 0.78805089
7921.3628 3.3015578 0.83940345
7923.1895 2.7247927 0.93700683
7925.0122 5.5848737 0.77372587
7926.8394 5.1570044 0.57471722
7928.6631 3.0081701 0.56524998
7930.4912 2.4005048 0.65545452
7932.3159 3.8416224 0.78152949
7934.1406 3.4483027 0.91040725
7935.9702 2.4655395 0.7294963
7937.7959 3.9311438 0.51200438
7939.6265 3.9223351 0.48454529
7941.4526 4.0735011 0.55130935
7943.2842 4.0718298 0.55008912
7945.1113 4.3033791 0.49006552
7946.939 5.1004505 0.54031634
7948.772 4.0991688 0.65311366
7950.6006 2.494904 0.73794609
7952.4336 3.6884851 0.69595772
7954.2632 4.0736713 0.53646213
7956.0977 3.7708721 0.47251293
7957.9277 4.0752621 0.48668122
7959.7583 3.5221837 0.47660601
7961.5938 3.7146785 0.49752849
7963.4253 4.0989594 0.67755294
7965.2617 3.7350307 1.1248946
7967.0942 0.33941209 1.2594424
7968.9316 1.7340611 0.82295781
7970.7646 4.4884653 0.62841231
7972.5981 3.9976921 0.52475494
7974.437 4.4065199 0.5872041
7976.2715 3.6256335 0.64068925
7978.1108 2.5314929 0.67745411
7979.9458 3.8462181 0.9159472
7981.7861 3.5254154 0.95320237
7983.6226 3.2042401 0.69358492
7985.459 3.7444758 0.50106215
7987.3003 3.5543809 0.48205632
7989.1377 3.6317904 0.50607663
7990.98 4.6108198 0.582838
7992.8184 5.0105095 0.88226551
7994.6616 3.9688766 1.2178071
7996.5005 2.8292005 1.0975238
7998.3447 3.1388128 0.74284828
8000.1846 4.2098708 0.59911138
8002.0249 3.7701972 0.54728597
8003.8706 4.03618 0.51363957
8005.7114 3.8373516 0.49092695
8007.5576 3.4431069 0.46298736
8009.3999 3.077261 0.44278824
8011.2471 3.7553825 0.50174129
8013.0898 2.6869931 0.5833993
8014.9331 2.523453 0.77809477
8016.7812 4.8356557 0.81475222
8018.6255 4.6385946 0.6424337
8020.4746 3.8069005 0.54711699
8022.3198 3.4313698 0.56177622
8024.1699 3.9784973 0.64497256
8026.0156 4.2251458 0.9392401
8027.8623 5.3670654 1.1162242
8029.7134 4.100276 0.90699118
8031.5605 4.8330059 0.65808529
8033.4126 3.3872197 0.51712191
8035.2607 3.2301364 0.476832
8037.1138 3.068105 0.45865548
8038.9624 2.9396935 0.44665197
8040.812 3.1553497 0.46594769
8042.666 3.2580414 0.46861663
8044.5161 2.6226921 0.45222899
8046.3711 3.4688118 0.46439081
8048.2222 3.4083493 0.48901904
8050.0781 4.2506351 0.55025047
8051.9302 4.1932721 0.64801991
8053.7827 4.0793185 0.67336619
8055.6396 2.095737 0.62521583
8057.4927 3.6446548 0.52075684
8059.3511 2.9606817 0.46802199
8061.2051 3.9471695 0.64840955
8063.064 2.1838441 0.90150803
8064.9189 3.7647572 0.89521551
8066.7739 3.634007 0.60197431
8068.6343 3.5912063 0.47657797
8070.4902 2.833698 0.46307999
8072.3516 3.6997285 0.48141256
8074.2085 3.4568748 0.4740971
8076.0703 4.0866041 0.48419872
8077.9282 2.8640532 0.48570111
8079.7866 3.1744294 0.4978455
8081.6499 3.7784343 0.47883108
8083.5088 3.0356643 0.46409303
8085.373 3.4231808 0.48893523
8087.2329 3.2359235 0.48642996
8089.0981 2.7719922 0.47818914
8090.959 3.3711567 0.4914014
8092.8203 3.1160066 0.50581539
8094.6865 3.470228 0.54284418
8096.5483 2.7419605 0.53644651
8098.4155 3.3445213 0.48779395
8100.2788 2.9798424 0.48585358
8102.1465 2.9457605 0.57166153
8104.0103 2.3500922 0.64194763
8105.8745 2.9804609 0.62306058
8107.7441 3.6856165 0.58459926
8109.6089 3.2222884 0.55015904
8111.479 3.1732554 0.49887404
8113.3452 3.4703071 0.46446043
8115.2163 3.6472678 0.46298257
8117.083 3.060941 0.46844333
8118.9502 2.9065466 0.44954261
8120.8228 3.3123827 0.45149767
8122.6909 2.0265634 0.43278569
8124.564 3.6403024 0.46098739
8126.4326 3.8750234 0.45670408
8128.3066 2.5608301 0.44891298
8130.1768 2.5852635 0.46455479
8132.0513 3.1427677 0.47295153
8133.9224 4.1555886 0.49735463
8135.7935 3.3989129 0.50167572
8137.6694 3.0898249 0.50450701
8139.5415 3.4469805 0.51462036
8141.4185 2.7334154 0.53070927
8143.2915 3.4595292 0.54108107
8145.1694 3.309871 0.51994115
8147.043 3.220856 0.52906185
8148.9175 3.133431 0.55765265
8150.7964 3.5657027 0.54064953
8152.6714 3.3454552 0.50337052
8154.5513 2.9647079 0.50102639
8156.4272 2.9130831 0.51097864
8158.3081 3.4468479 0.49830547
8160.1851 3.0670047 0.48968771
8162.0625 4.491087 0.63423091
8163.9443 2.6030426 0.69892138
8165.8228 2.3861587 0.56984085
8167.7056 2.6049151 0.50457966
8169.5845 3.8158352 0.50829136
8171.4683 2.9685388 0.50977391
8173.3481 3.1559825 0.50593323
8175.2285 3.3197563 0.49791193
8177.1138 3.7788327 0.52477002
8178.9951 3.6271176 0.57843554
8180.8809 3.4784358 0.59435117
8182.7632 3.3199635 0.60185349
8184.6499 2.2599154 0.59648889
8186.5327 3.7835603 0.60100412
8188.416 3.3954499 0.59250957
8190.3042 4.3577056 0.59687912
8192.1885 2.0955021 0.55875796
8194.0771 3.776649 0.59795356
8195.9629 2.877228 0.61561161
8197.8525 2.5100698 0.62828892
8199.7383 2.7037067 0.58805662
8201.625 2.5949249 0.53694361
8203.5156 3.7941749 0.52189976
8205.4033 2.1224077 0.48727813
8207.2959 3.531858 0.49555621
8209.1836 2.8084979 0.49773094
8211.0762 2.9450271 0.48492041
8212.9658 3.5465586 0.48567125
8214.8545 2.8875558 0.47325101
8216.749 3.573148 0.49035683
8218.6396 3.4968679 0.50321931
8220.5342 3.2389047 0.5036782
8222.4258 3.2841008 0.50190169
8224.3223 2.634764 0.502554
8226.2139 2.7350256 0.50731742
8228.1064 1.8939259 0.55161065
8230.0039 2.9472122 0.61311018
8231.8965 2.7612879 0.56251097
8233.7949 2.8154142 0.53408843
8235.6895 3.8214486 0.54015684
8237.5889 3.3636086 0.53434122
8239.4834 3.2061749 0.52200645
8241.3789 3.470232 0.51992035
8243.2793 3.558008 0.53690219
8245.1758 2.7068207 0.54360729
8247.0771 2.843415 0.53888613
8248.9746 3.9753368 0.56879669
8250.877 2.6302824 0.56266296
8252.7744 2.7322543 0.53495097
8254.6729 4.2531257 0.51914465
8256.5771 2.0672936 0.48267841
8258.4766 3.6164157 0.53781569
8260.3809 3.4108326 0.5594545
8262.2812 3.019614 0.56661826
8264.1865 3.3005743 0.56775504
8266.0869 3.1507487 0.53167874
8267.9893 1.9222926 0.50131661
8269.8955 2.7010744 0.49195158
8271.7979 2.7171538 0.50090963
8273.7051 2.8798347 0.56688428
8275.6084 2.6044934 0.57659066
8277.5166 4.5449519 0.69602156
8279.4209 3.3198242 0.84070647
8281.3301 2.2083051 1.0770143
8283.2354 3.0537825 1.1186497
8285.1416 2.9490631 1.0478702
8287.0518 1.1358519 1.004204
8288.958 2.2917852 1.2593402
8290.8691 2.4054546 1.4520952
8292.7773 2.5592003 0.99218303
8294.6895 2.9485037 0.70083106
8296.5977 3.0108187 0.89182979
8298.5059 3.3928945 1.2618521
8300.4199 1.7039602 1.6936611
8302.3291 -0.62979782 1.2270033
8304.2432 2.7747095 0.73430842
8306.1543 3.4066739 0.58834934
8308.0693 2.8550453 0.57234406
8309.9805 3.5074103 0.67018437
8311.8926 3.4475999 0.84523159
8313.8086 1.877739 0.85798019
8315.7217 2.6700509 0.64271557
8317.6396 2.478605 0.52687794
8319.5527 2.2975588 0.56681734
8321.4707 2.743952 0.6007418
8323.3857 3.8732455 0.63965911
8325.2998 2.421509 0.57536042
8327.2197 3.2157357 0.53664804
8329.1357 2.1199622 0.51348454
8331.0566 2.8001668 0.53204793
8332.9727 2.2512193 0.55430073
8334.8945 3.0734458 0.55536938
8336.8115 4.3057704 0.55564857
8338.7295 1.7208072 0.56176013
8340.6523 3.8891747 0.72145957
8342.5713 5.3587866 1.0905467
8344.4951 3.3091409 1.8365149
8346.415 0.412992 2.3482795
8348.3398 -0.96065235 1.9839238
8350.2598 1.2118248 1.0011865
8352.1807 4.3487 1.0110481
8354.1074 2.9371643 1.271221
8356.0293 3.7633464 1.0760969
8357.9561 3.0615051 0.76379746
8359.8789 2.547673 0.57607991
8361.8066 2.6934252 0.61095452
8363.7295 3.4166536 0.75783443
8365.6543 1.7091988 0.84462845
8367.583 1.3218974 0.84828603
8369.5078 2.6038284 0.77617431
8371.4375 2.5768082 0.68519336
8373.3643 3.3686244 0.60187024
8375.2949 2.9885406 0.54561782
8377.2217 2.8330729 0.57773495
8379.1484 2.629559 0.64016271
8381.0811 2.9706144 0.80736363
8383.0088 2.2401609 1.0549734
8384.9424 3.381938 1.0380977
8386.8711 3.7388015 0.79083937
8388.8047 2.8469336 0.62563193
8390.7344 1.9791023 0.64691556
8392.665 2.0489962 0.64621264
8394.6006 2.6496191 0.56510943
8396.5312 3.010165 0.74928164
8398.4678 1.7473329 1.333179
8400.3994 0.77217054 2.1476495
8402.3369 1.948697 1.6108316
8404.2695 4.1068163 0.90295613
8406.2031 2.5017569 0.63651162
8408.1416 2.4268339 0.57758659
8410.0762 2.3020654 0.5527485
8412.0156 2.8973157 0.58030784
8413.9502 1.7125939 0.72033948
8415.8906 2.4446926 1.0304726
8417.8271 4.5253696 1.2998278
8419.7637 0.98014838 0.8422395
8421.7051 3.154808 0.58603984
8423.6426 1.7004449 0.56274295
8425.585 3.9495473 0.63776016
8427.5234 3.367419 0.80247158
8429.4668 3.0103669 1.1516891
8431.4053 0.1329457 1.9975568
8433.3496 2.0384758 2.3134542
8435.29 2.8447626 1.2919651
8437.2305 3.1317739 0.64434999
8439.1758 1.5455862 0.53740507
8441.1172 2.9004474 0.56476653
8443.0645 3.4299741 0.60985303
8445.0059 2.471035 0.58623254
8446.9541 2.7796333 0.58509147
8448.8965 3.0399265 0.62089062
8450.8408 3.905766 0.77938968
8452.7891 2.6397626 1.0807559
8454.7344 2.4249525 1.1221623
8456.6836 3.9276276 0.82321525
8458.6289 1.2169607 0.65845883
8460.5791 3.8182471 0.67579681
8462.5254 4.185154 0.78347784
8464.4727 0.89796412 1.2570225
8466.4248 2.9786825 1.8759259
8468.3721 0.42127457 1.7161562
8470.3252 4.4958329 1.0235209
8472.2734 0.75840431 0.57463622
8474.2275 2.3406467 0.58627957
8476.1768 2.4524624 0.59131885
8478.127 2.629705 0.55898482
8480.082 3.1983538 0.5501802
8482.0322 2.2465196 0.51725352
8483.9883 2.7696044 0.5172103
8485.9404 3.0081983 0.5308488
8487.8975 2.5669107 0.53298062
8489.8496 2.248852 0.55039686
8491.8027 3.1505935 0.62801194
8493.7607 2.2714469 0.84153831
8495.7148 1.8966401 1.0110697
8497.6738 3.1809852 0.83883506
8499.6289 3.1983948 0.61988705
8501.5889 2.7809842 0.62781578
8503.5449 1.6042527 0.88295776
8505.501 5.0386343 1.2101074
8507.4619 1.8272389 1.1819429
8509.4199 2.8693151 0.87552518
8511.3818 2.6902912 0.60828406
8513.3398 3.1882157 0.54303265
8515.3027 2.9991913 0.54883116
8517.2617 2.8439837 0.56388402
8519.2217 2.4696295 0.58876115
8521.1855 2.0810771 0.61219925
8523.1465 2.2810111 0.60954505
8525.1113 2.6873407 0.58595324
8527.0723 1.6758025 0.55525905
8529.0391 2.5222492 0.55876267
8531.001 2.5675294 0.55551773
8532.9639 2.5044451 0.5472064
8534.9316 3.763483 0.56130785
8536.8945 2.1833875 0.59966975
8538.8633 3.6161408 0.78153843
8540.8281 1.5720605 0.86812425
8542.7969 3.4308937 0.71349573
8544.7627 2.9400353 0.57649636
8546.7285 2.2561834 0.61440504
8548.6992 2.8292212 0.85554338
8550.666 2.3767617 0.94700229
8552.6377 2.2568357 0.79506868
8554.6045 2.3499613 0.63381648
8556.5771 2.6513283 0.55231988
8558.5459 2.3044457 0.5197807
8560.5146 2.8413126 0.54271889
8562.4893 2.7123461 0.56434554
8564.459 3.11446 0.57296121
8566.4336 2.6099634 0.55991244
8568.4043 2.3831916 0.54576564
8570.3799 2.3503525 0.53360176
8572.3516 2.7559237 0.55672854
8574.3242 2.6476831 0.58044875
8576.3008 2.6056488 0.59417826
8578.2744 2.9024146 0.5929355
8580.252 2.3496928 0.56995577
8582.2256 2.522064 0.55075729
8584.2051 2.603214 0.55998999
8586.1797 2.3107936 0.58704078
8588.1602 2.9754388 0.68224657
8590.1357 4.0681129 0.79200649
8592.1113 1.4872947 0.74237978
8594.0928 1.7322632 0.63399327
8596.0703 1.9708699 0.6232065
8598.0527 2.6254644 0.70020062
8600.0303 2.3486137 0.70413548
8602.0137 1.9641681 0.61759573
8603.9922 2.8786495 0.5980503
8605.9717 2.7362571 0.60878086
8607.9561 2.9011369 0.62985826
8609.9365 2.9014237 0.65991467
8611.9219 2.5041416 0.68559629
8613.9033 1.9527577 0.72769934
8615.8896 2.3404636 0.75884104
8617.8711 4.5873156 1.0465626
8619.8535 3.6409209 1.1220946
8621.8418 1.5290093 0.92195112
8623.8252 3.5497274 1.1314763
8625.8135 2.319293 1.233798
8627.7979 -1.1724304 1.6509705
8629.7881 1.9514664 1.3961507
8631.7725 -0.0094958404 1.1392219
8633.7588 2.4132326 1.2490293
8635.75 0.95046782 1.2272569
8637.7363 2.5260131 1.1171918
8639.7285 2.1290076 1.0266657
8641.7158 3.4352822 1.0543948
8643.708 1.3352875 0.83559936
8645.6973 2.0278797 0.72455931
8647.6855 3.4040477 0.82908225
8649.6797 1.6539955 0.91684425
8651.6699 5.1300163 1.0647928
8653.665 -2.528348 1.3394405
8655.6553 5.8254395 1.177698
8657.6514 -0.43829274 1.4003706
8659.6436 0.30293095 1.4536694
8661.6357 3.6743565 1.2335007
8663.6328 5.3511224 1.2110841
8665.626 2.8563733 1.1298808
8667.624 2.3756704 1.0796384
8669.6182 2.7739251 1.1006186
8671.6172 2.3104551 1.1046616
8673.6123 2.8656781 1.049742
8675.6074 0.25077683 0.93803293
8677.6084 3.429013 0.90403575
8679.6045 1.7386918 0.83839113
8681.6055 1.9754102 0.86528355
8683.6025 1.2002856 0.86084968
8685.6055 2.6240048 0.74818319
8687.6035 2.4855454 0.74493045
8689.6025 1.855721 0.72106284
8691.6055 2.9640079 0.71693397
8693.6055 1.7846055 0.7166037
8695.6104 1.9001744 0.70331371
8697.6104 2.3615055 0.67997056
8699.6162 1.4884037 0.70237356
8701.6172 2.9753599 0.76899761
8703.6191 2.4090369 0.73919749
8705.626 1.732811 0.6896199
8707.6289 2.1818428 0.7004537
8709.6367 2.0710104 0.72102064
8711.6406 2.6578641 0.7040894
8713.6494 3.2505367 0.68084466
8715.6543 2.620944 0.68028748
8717.6592 3.2582355 0.71181768
8719.6699 1.568785 0.68736124
8721.6758 2.2689633 0.705576
8723.6865 2.8693182 0.66251189
8725.6934 1.7220989 0.63561732
8727.7061 1.0930697 0.61626744
8729.7129 1.1328138 0.61280763
8731.7217 2.6159148 0.64584529
8733.7354 2.7801349 0.7167545
8735.7441 3.3171415 0.80346113
8737.7588 2.2085092 0.82901198
8739.7686 3.5475276 0.82239902
8741.7842 1.4056433 0.74622494
8743.7949 1.6244481 0.68687856
8745.8115 3.543427 0.76063573
8747.8232 2.179549 0.75548851
8749.8359 3.374891 0.82342368
8751.8535 2.9225974 0.84061682
8753.8672 4.7189093 0.82720435
8755.8857 1.952484 0.8121677
8757.9004 6.5816383 1.0087335
8759.9199 0.61796749 1.2559075
8761.9346 4.7279725 1.7651106
8763.9502 1.4833248 1.9656171
8765.9717 3.4782512 1.7925471
8767.9883 -0.33308506 2.2828453
8770.0098 -2.0931234 2.4901314
8772.0273 2.9840038 1.4527183
8774.0498 2.1595268 1.1097987
8776.0684 5.3104105 1.4148496
8778.0879 1.4288772 1.9940046
8780.1113 -0.65246516 2.2709124
8782.1318 2.4552588 1.7045336
8784.1562 5.2055216 1.0526056
8786.1777 2.5185812 0.77730167
8788.2031 3.58095 0.79087448
8790.2256 0.546817 1.1088701
8792.2471 2.2884278 1.49334
8794.2754 2.1593866 1.348699
8796.2979 2.1326995 0.97730446
8798.3262 2.8670211 0.85453129
8800.3506 2.6009777 0.77634639
8802.3799 3.2018087 0.76502222
8804.4053 1.3712476 0.71709239
8806.4307 1.8884789 0.71434665
8808.4609 3.7173481 0.79679769
8810.4873 2.9000578 0.84826142
8812.5195 2.6222165 0.85032779
8814.5459 1.9049367 0.78562385
8816.5791 3.8203194 0.76388401
8818.6074 3.1315262 0.76656115
8820.6357 4.2643409 0.83888799
8822.6699 4.009891 1.0280852
8824.6992 5.1938238 1.4444678
8826.7344 4.0056643 2.7793624
8828.7646 -0.26116833 4.645792
8830.8008 0.71452886 2.7724209
8832.833 6.2742467 1.6181078
8834.8643 1.0736339 1.4909626
8836.9014 3.0860803 1.8848487
8838.9346 2.3596625 2.060611
8840.9727 4.0073595 1.4725703
8843.0068 2.4067872 0.9942444
8845.0459 2.1280277 0.89027876
8847.0811 2.7240505 0.91560936
8849.1162 1.4302382 1.0843495
8851.1562 1.5437063 1.2201116
8853.1924 1.6901513 1.0944309
8855.2344 1.8036065 0.90095419
8857.2715 2.2635505 0.89219451
8859.3145 1.7723689 0.92421156
8861.3516 3.6835301 0.9374724
8863.3906 3.9566429 0.929649
8865.4346 2.2691457 1.010736
8867.4736 -0.88757652 1.4593728
8869.5186 2.3379068 2.0278924
8871.5596 1.3907285 1.3634927
8873.6045 2.081213 0.82888877
8875.6465 2.9887505 0.79262477
8877.6885 2.4443214 0.81960732
8879.7354 1.3420208 0.8350203
8881.7783 4.3798933 1.0222288
8883.8262 2.8282478 1.5865128
8885.8701 1.6701227 3.1379595
8887.9189 1.3063306 4.4342566
8889.9639 6.1149702 2.3328638
8892.0088 3.7960539 1.0991253
8894.0596 0.94985271 0.80399954
8896.1055 2.7621717 0.92782134
8898.1562 3.5111194 0.98530591
8900.2041 4.4474177 0.92104548
8902.2559 1.3246198 1.3262434
8904.3037 1.5947825 2.1581774
8906.3574 3.2129591 1.9385592
8908.4062 2.863297 1.2336435
8910.4561 1.9858885 0.96192849
8912.5107 3.1525729 0.88575041
8914.5605 2.6435211 0.89675051
8916.6162 3.6925824 1.3124343
8918.668 2.5209656 2.5621202
8920.7246 -3.1007764 3.6741569
8922.7764 -3.3526411 2.6054821
8924.8291 4.043983 1.591045
8926.8867 2.4748275 1.1961349
8928.9404 3.487112 1.0612357
8931 3.6208255 0.94562489
8933.0547 1.8617589 0.85658062
8935.1143 2.8912814 0.85947591
8937.1699 2.5765347 0.86203367
8939.2256 3.4836004 0.85363042
8941.2871 2.4811571 0.97153586
8943.3438 1.0686953 1.4625113
8945.4062 3.5883946 1.7662059
8947.4639 5.5785465 1.3909807
8949.5273 1.9608809 1.0376688
8951.5859 2.0985341 0.92608589
8953.6455 2.5555434 0.99362952
8955.71 2.95855 1.41794
8957.7705 -0.77519071 2.7551174
8959.8359 -2.0186682 3.8754315
8961.8975 -0.64743251 2.7587595
8963.9639 2.6292663 1.4274433
8966.0264 1.7875684 1.0704764
8968.0889 1.8272403 0.95730859
8970.1572 2.1934445 0.86100101
8972.2207 5.2018099 0.91322297
8974.2891 3.0037258 0.90554458
8976.3535 2.6418796 0.83004254
8978.4238 1.6806332 0.79379958
8980.4893 2.7281115 0.84819698
8982.5557 2.2122881 0.90789634
8984.627 2.4765582 0.90004265
8986.6934 3.0557582 1.0664406
8988.7656 5.0876513 1.6859198
8990.834 -2.0255139 1.8819526
8992.9072 4.6204901 1.5105197
8994.9756 3.5916841 1.1614164
8997.0449 2.7975903 1.0131921
8999.1201 2.7998173 1.2606907
9001.1904 2.1613853 2.3030427
9003.2656 1.0320281 2.6741059
9005.3369 0.85610127 1.9464552
9007.4131 3.6725657 1.1011715
9009.4854 1.763739 0.89880091
9011.5586 2.9378946 0.86168492
9013.6357 3.6098337 0.87806344
9015.71 3.5410631 0.8187477
9017.7891 2.8675988 0.83869225
9019.8633 3.0752966 0.86529958
9021.9434 2.4941006 0.8151316
9024.0186 2.5190153 0.84382015
9026.0947 1.8139642 0.89961112
9028.1758 2.4370215 0.97086853
9030.2529 2.8553443 0.89234418
9032.335 1.997484 0.83441812
9034.4131 3.9900868 0.85535794
9036.4971 2.4306743 0.91374367
9038.5752 0.73753804 1.1669337
9040.6543 3.2320487 1.2523929
9042.7393 2.7123775 0.9720242
9044.8193 1.6537091 0.86089391
9046.9053 1.9269414 0.92523438
9048.9863 3.2590611 1.2868185
9051.0732 -1.3397502 1.7126333
9053.1553 3.0999327 1.3511927
9055.2383 3.5675397 1.0108408
9057.3262 3.0505741 0.88561845
9059.4102 4.111207 0.92637479
9061.499 2.6375203 0.85694432
9063.584 3.204423 0.87959003
9065.6738 2.9037294 0.90029347
9067.7588 1.964765 0.88209707
9069.8506 2.5365515 0.96355826
9071.9365 3.0179546 1.0927913
9074.0234 2.2391162 1.075721
9076.1162 1.3586911 0.98358929
9078.2041 3.8006363 0.93468374
9080.2979 2.1824772 0.92935485
9082.3867 3.5509324 0.97888571
9084.4805 1.5979081 0.83045846
9086.5703 3.3428252 0.8377189
9088.6611 1.9176663 0.86338454
9090.7568 1.5225912 0.86264241
9092.8486 1.7888629 1.0011959
9094.9453 5.6425352 1.2152694
9097.0371 1.6575236 1.0507115
9099.1348 1.8457018 0.890176
9101.2285 1.5655469 1.0796092
9103.3223 3.8545039 1.5185078
9105.4209 3.068527 1.5510803
9107.5156 0.60353446 1.2872248
9109.6162 2.5348079 0.9895196
9111.7119 3.8578229 0.90452993
9113.8125 1.7033203 0.76680309
9115.9092 2.4918783 0.76240325
9118.0068 0.93426645 0.77524
9120.1094 1.1368756 0.89664519
9122.207 2.2464612 0.89769346
9124.3105 1.2601247 0.82475811
9126.4102 1.5966331 0.82833308
9128.5146 0.75299847 0.80952317
9130.6143 1.3388797 0.87408149
9132.7148 2.4051797 0.93383956
9134.8213 2.0707629 0.88717753
9136.9219 2.4557481 1.004836
9139.0293 1.6822646 0.98970371
9141.1318 3.1854944 0.91180331
9143.2393 3.0715837 0.86044842
9145.3428 3.6074834 0.86792278
9147.4473 1.7674143 0.8306675
9149.5566 4.2989602 0.88505644
9151.6611 0.5025773 0.92330009
9153.7715 0.69455546 1.1965142
9155.877 1.9312891 1.4079313
9157.9883 4.4356885 1.3459293
9160.0957 2.7940133 1.2462937
9162.2031 0.72766715 1.3233936
9164.3154 3.9354029 1.2321929
9166.4238 2.7007535 1.068096
9168.5371 1.8765751 1.0383672
9170.6465 2.5607629 1.0590233
9172.7617 2.7583714 1.0590849
9174.8711 0.38985309 1.0923642
9176.9824 0.9786855 1.146752
9179.0986 2.2657237 1.0641063
9181.21 3.3292358 0.97193569
9183.3271 3.440402 0.92441148
9185.4395 3.590276 0.96372938
9187.5576 1.8310937 0.9478935
9189.6719 2.646075 0.90705293
9191.7852 3.7748196 0.94380111
9193.9053 1.8856155 0.94674236
9196.0205 0.97623098 0.95145506
