# wavelength_A donor_subtracted_flux_1e-17 err_1e-17
3822.963 29.72608 3.574983
3823.842 29.93362 3.567326
3824.724 31.1444 3.542548
3825.604 31.18927 3.49278
3826.484 27.51914 3.390583
3827.367 27.22585 3.392875
3828.247 39.59494 3.620907
3829.13 33.56152 3.539664
3830.01 30.75201 3.474705
3830.894 30.21304 3.472314
3831.775 35.45654 3.558234
3832.657 37.62571 3.549013
3833.54 28.92613 3.440756
3834.422 26.9272 3.407617
3835.306 39.09598 3.6471
3836.189 35.10609 4.583332
3837.073 34.47575 4.54576
3837.956 30.88383 3.672838
3838.839 31.19481 3.29641
3839.724 31.55649 3.174777
3840.608 30.94698 3.17854
3841.493 34.80196 3.289057
3842.377 36.26009 3.37345
3843.263 30.2401 3.354923
3844.147 25.57469 3.287869
3845.032 26.61381 3.297177
3845.918 25.37216 3.17759
3846.803 24.58652 3.061703
3847.69 31.50928 3.170099
3848.575 31.46157 3.190117
3849.463 25.51617 3.052111
3850.348 25.41336 3.048018
3851.234 27.49186 3.117377
3852.122 26.98917 3.167274
3853.008 25.45387 3.130257
3853.897 24.42464 3.05787
3854.783 36.95382 3.251104
3855.672 30.73152 3.075753
3856.559 31.28682 2.983212
3857.446 25.97946 2.909563
3858.336 29.57126 2.903911
3859.223 31.80474 2.929012
3860.113 30.78343 2.919908
3861.001 30.88971 2.94034
3861.892 28.30051 2.896719
3862.78 27.6042 2.904353
3863.669 26.06361 2.871062
3864.56 28.99327 2.907107
3865.449 30.3368 2.879303
3866.34 30.46097 2.822964
3867.23 32.27056 2.846523
3868.121 32.62054 2.822645
3869.011 30.35296 2.773812
3869.901 28.16707 2.728911
3870.794 28.9124 2.780897
3871.684 32.41347 2.869053
3872.577 33.25804 2.953487
3873.468 31.42349 2.918873
3874.361 30.12373 2.893978
3875.252 29.87009 2.872228
3876.144 28.16243 2.786692
3877.038 30.60705 2.837649
3877.93 34.33026 2.86692
3878.824 30.85495 2.80993
3879.716 25.08098 2.714139
3880.611 28.06441 2.750783
3881.504 29.82633 2.80217
3882.396 34.3889 2.887956
3883.292 33.21035 2.854316
3884.185 26.92561 2.659904
3885.081 26.25996 2.698637
3885.975 30.58746 2.757167
3886.871 31.64653 2.773673
3887.765 29.14061 2.721152
3888.659 29.2611 2.671823
3889.556 29.80006 2.654228
3890.451 26.40667 2.536521
3891.348 26.96391 2.58086
3892.243 30.12336 2.626931
3893.141 30.07326 2.635922
3894.036 31.97481 2.676084
3894.934 30.75808 2.686196
3895.83 26.37349 2.605193
3896.726 29.37837 2.702254
3897.625 33.29236 2.73776
3898.521 26.01331 2.591482
3899.421 27.56834 2.579702
3900.318 26.49548 2.527148
3901.217 30.21201 2.55825
3902.115 29.94765 2.604385
3903.012 26.84667 2.60959
3903.912 27.63292 2.608469
3904.81 26.49439 2.623802
3905.711 28.14215 2.675882
3906.609 29.08277 2.761383
3907.51 23.63604 2.674174
3908.409 26.64047 2.712198
3909.308 24.08468 2.658787
3910.21 26.27284 2.656711
3911.109 31.63596 2.717921
3912.011 26.25681 2.556076
3912.911 24.60423 2.534785
3913.813 28.10703 2.602367
3914.714 27.65688 2.592647
3915.614 24.86894 2.548017
3916.517 24.26387 2.542754
3917.418 21.67978 2.495456
3918.322 24.74037 2.547958
3919.223 27.57465 2.614063
3920.127 34.57515 2.74072
3921.029 27.7513 2.62815
3921.931 26.69458 2.612674
3922.835 27.20345 2.576836
3923.737 24.12577 2.516895
3924.642 21.1208 2.436387
3925.545 22.86217 2.453907
3926.45 27.46892 2.474371
3927.354 25.71819 2.478253
3928.257 28.09315 2.474541
3929.163 19.7349 2.315723
3930.067 30.30327 2.534486
3930.973 31.24297 2.684337
3931.877 23.78069 3.074642
3932.784 24.27625 3.20883
3933.689 27.84735 2.625233
3934.594 26.44023 2.521924
3935.501 25.64982 2.442585
3936.406 25.98259 2.399466
3937.314 25.75793 2.368066
3938.22 25.59027 2.344825
3939.128 28.67885 2.371357
3940.034 27.20459 2.330854
3940.941 28.10451 2.368431
3941.849 31.49135 2.431175
3942.756 29.07812 2.396682
3943.665 25.75238 2.343996
3944.573 28.93633 2.368471
3945.482 29.30092 2.380645
3946.39 26.30074 2.339842
3947.298 23.0099 2.327227
3948.208 26.66712 2.390105
3949.116 27.95646 2.414493
3950.027 26.5581 2.361863
3950.936 23.44309 2.272045
3951.847 23.31153 2.233468
3952.756 27.60027 2.285379
3953.665 30.0418 2.563222
3954.577 27.95974 2.509581
3955.487 27.75368 2.466545
3956.399 23.21706 2.134126
3957.309 26.2708 2.20104
3958.221 23.58338 2.148436
3959.132 24.42422 2.155083
3960.045 25.19214 2.160874
3960.956 27.02179 2.186315
3961.867 27.62434 2.187561
3962.781 26.17364 2.142441
3963.692 27.1172 2.152528
3964.606 27.56456 2.16104
3965.519 24.13652 2.095147
3966.433 28.12208 2.193739
3967.345 27.64579 2.154844
3968.258 25.05208 2.069837
3969.173 28.21298 2.113565
3970.086 27.43599 2.08586
3971.002 27.45476 2.125246
3971.915 28.22576 2.132318
3972.831 25.63556 2.103196
3973.745 27.65445 2.12619
3974.659 30.25512 2.16868
3975.576 30.14696 2.177871
3976.49 26.96341 2.125337
3977.407 28.34492 2.207411
3978.323 25.59693 2.157939
3979.24 25.56459 2.158701
3980.155 27.5466 2.18448
3981.071 28.35763 2.199346
3981.989 27.46739 2.232307
3982.905 25.55046 2.208923
3983.823 27.30471 2.270639
3984.74 30.83853 2.348882
3985.659 23.36285 2.2249
3986.576 27.2788 2.312885
3987.493 23.71172 2.233716
3988.412 23.63393 2.232346
3989.33 24.37038 2.281713
3990.25 24.85009 2.34048
3991.168 27.28928 2.439378
3992.088 27.99002 2.482514
3993.006 26.01419 2.462849
3993.925 27.71924 2.480399
3994.846 22.50435 2.349855
3995.765 25.07782 2.351657
3996.686 25.51384 2.428018
3997.606 25.87077 2.418006
3998.528 28.15197 2.464612
3999.448 29.32419 2.434516
4000.367 24.48212 2.292097
4001.29 20.18434 2.191891
4002.21 25.17782 2.235804
4003.133 29.6292 2.278014
4004.054 25.39129 2.166564
4004.977 25.34496 2.129127
4005.899 26.83666 2.109295
4006.821 22.3533 2.015319
4007.745 27.71617 2.069681
4008.666 29.26095 2.144516
4009.591 25.79211 2.10792
4010.513 25.81297 2.121019
4011.438 28.41083 2.123266
4012.361 28.37742 2.100758
4013.284 27.76139 2.064399
4014.209 26.25598 2.026713
4015.133 26.55882 2.036948
4016.059 26.18496 2.033224
4016.983 24.76846 1.96453
4017.909 24.25857 1.952903
4018.833 25.78457 1.968325
4019.758 26.42272 2.17025
4020.685 24.69769 2.178788
4021.61 25.12872 2.226719
4022.537 29.66888 2.08383
4023.462 30.36518 2.093845
4024.39 24.6215 2.003485
4025.316 25.90001 2.002586
4026.242 30.59475 2.048875
4027.17 28.47634 2.0079
4028.097 26.55596 1.949899
4029.026 26.25123 1.92249
4029.953 27.37411 1.910648
4030.882 27.7773 1.917504
4031.809 25.8247 1.864785
4032.739 25.46649 1.866862
4033.667 26.29691 1.861351
4034.595 24.49754 1.876144
4035.525 27.93388 1.953508
4036.453 22.00353 1.878218
4037.384 23.86537 1.927012
4038.313 22.9736 1.922811
4039.244 24.13374 1.908224
4040.174 25.11706 1.916601
4041.103 24.33785 1.912542
4042.035 27.2249 2.002176
4042.965 27.95001 2.04234
4043.897 23.05235 1.954586
4044.827 24.35708 2.032501
4045.76 24.05912 2.08742
4046.691 28.85182 2.227937
4047.622 24.90385 2.141925
4048.555 26.42322 2.083884
4049.486 27.41762 2.047628
4050.42 26.96235 2.025729
4051.352 26.96054 2.039921
4052.286 24.81954 2.017704
4053.218 24.48319 1.958376
4054.151 22.85059 1.897182
4055.086 25.83827 1.936135
4056.019 25.91622 1.936567
4056.954 26.55715 1.949292
4057.887 23.15666 1.93624
4058.823 22.61123 1.976035
4059.757 24.23351 2.048459
4060.691 24.95818 2.076152
4061.627 26.29125 2.103455
4062.561 27.87119 2.10673
4063.498 25.68295 2.050163
4064.433 23.11979 1.96505
4065.37 26.75316 1.986495
4066.305 30.55785 2.044228
4067.241 27.39848 1.986607
4068.179 25.9418 1.951995
4069.115 27.76038 1.975204
4070.053 26.57078 1.967058
4070.989 24.08267 1.951403
4071.928 24.18208 1.9419
4072.865 26.68607 2.015659
4073.802 28.47321 2.056948
4074.741 23.87485 1.949271
4075.679 22.76592 1.932386
4076.618 21.0475 1.88036
4077.556 24.53419 2.003685
4078.497 23.40439 2.00249
4079.435 26.02254 2.022792
4080.373 26.82229 2.042828
4081.314 26.85369 2.041325
4082.253 26.45107 2.054967
4083.194 23.96479 2.042129
4084.134 25.37375 2.038165
4085.076 24.82763 2.010264
4086.015 26.85277 2.038934
4086.955 29.99664 2.147554
4087.898 28.46651 2.110722
4088.838 26.72827 2.057559
4089.781 28.28664 2.019275
4090.722 26.10594 1.979442
4091.665 23.99883 1.931714
4092.606 25.33638 1.96915
4093.548 27.95507 2.049464
4094.492 30.5132 2.093626
4095.434 27.18773 2.044951
4096.378 22.39463 1.888068
4097.321 29.8552 1.992351
4098.266 28.47483 1.967791
4099.208 27.80477 1.966628
4100.151 29.92882 2.041833
4101.097 31.47003 2.044487
4102.04 29.59729 2.003354
4102.986 28.31036 1.978468
4103.93 28.43826 1.969632
4104.877 25.88034 1.91426
4105.821 25.45411 1.898608
4106.768 26.32617 1.904913
4107.712 30.33569 1.982153
4108.657 31.37042 2.021211
4109.605 28.9242 1.947066
4110.55 25.80246 1.86811
4111.498 26.2917 1.845436
4112.444 27.66546 1.860904
4113.392 27.69185 1.858812
4114.338 27.04117 1.864791
4115.285 27.58992 1.889104
4116.234 30.04594 1.95949
4117.181 29.66107 1.944707
4118.13 30.26798 1.920092
4119.078 27.27494 1.8161
4120.027 26.89613 1.818142
4120.975 29.52771 1.884052
4121.923 25.92429 1.854032
4122.874 26.42092 1.943699
4123.822 28.33863 2.019538
4124.773 27.12908 1.991297
4125.722 27.295 1.96832
4126.673 27.36512 1.90736
4127.623 29.07619 1.901873
4128.572 30.94532 1.909498
4129.524 23.67693 2.264227
4130.475 21.7638 2.227099
4131.427 26.25351 2.28972
4132.377 27.12352 1.746476
4133.33 25.38437 1.733335
4134.281 25.34305 1.740182
4135.232 25.05558 1.751796
4136.185 25.1859 1.761497
4137.137 27.17857 1.789998
4138.091 24.8832 1.780006
4139.043 25.18864 1.818187
4139.998 27.54991 1.853553
4140.95 29.61307 1.859548
4141.903 26.02073 1.798924
4142.858 26.61706 1.816154
4143.811 26.75067 1.791323
4144.767 24.99131 1.742654
4145.72 25.32173 1.742582
4146.676 26.00534 1.736999
4147.63 25.83828 1.763585
4148.584 27.60793 1.829615
4149.541 26.23452 1.836802
4150.495 25.90873 1.809821
4151.453 25.84423 1.783296
4152.407 24.71767 1.780347
4153.365 23.86153 1.747857
4154.32 24.18172 1.738931
4155.276 22.91525 1.721886
4156.234 25.72912 1.787125
4157.19 26.99959 1.821931
4158.149 22.74493 1.765342
4159.105 23.3718 1.754911
4160.065 26.16491 1.766163
4161.022 24.89657 1.735682
4161.979 25.15487 1.764367
4162.939 28.32817 1.791604
4163.896 28.65263 1.812535
4164.856 25.10174 1.778051
4165.815 26.41123 1.78687
4166.775 28.70598 1.810561
4167.734 26.38468 1.761942
4168.693 24.46124 1.732466
4169.654 25.89066 1.775319
4170.613 26.32556 1.808063
4171.575 27.02103 1.855525
4172.535 25.62925 1.838817
4173.497 26.26608 1.799789
4174.457 25.46986 1.770553
4175.417 27.05084 1.754992
4176.38 28.57212 1.738777
4177.341 28.40947 1.700407
4178.304 24.49553 1.636486
4179.265 24.26441 1.642064
4180.229 25.6999 1.657427
4181.191 24.86447 1.661619
4182.155 29.00137 1.722318
4183.117 28.83112 1.721591
4184.08 25.6138 1.644852
4185.044 24.73743 1.640338
4186.007 23.44021 1.641351
4186.972 23.97433 1.67284
4187.935 25.60355 1.689043
4188.901 24.04919 1.632899
4189.865 25.81514 1.653966
4190.829 28.97083 1.69829
4191.795 27.30045 1.676542
4192.759 25.44522 1.631761
4193.726 27.14699 1.663158
4194.691 25.57252 1.599358
4195.658 27.4882 1.630128
4196.623 25.33176 1.617751
4197.589 23.08387 1.665999
4198.557 22.72513 1.6729
4199.523 24.82337 1.629432
4200.491 24.96478 1.639349
4201.458 25.10865 1.649163
4202.426 25.87479 1.644073
4203.393 25.27113 1.643689
4204.36 26.13119 1.687375
4205.33 27.89853 1.648718
4206.297 22.58982 1.549209
4207.267 25.06379 1.618035
4208.235 25.92845 1.638157
4209.205 23.18021 1.592966
4210.174 24.88983 1.650267
4211.142 26.08206 1.630594
4212.113 24.12388 1.586471
4213.082 23.58557 1.579084
4214.054 25.30148 1.583997
4215.023 26.06917 1.615521
4215.995 24.48499 1.6123
4216.965 23.53009 1.609604
4217.935 26.83574 1.5906
4218.908 24.73265 1.586662
4219.878 24.86873 1.60697
4220.852 26.45126 1.637883
4221.822 22.30429 1.573654
4222.796 25.46735 1.610395
4223.768 26.21016 1.620028
4224.739 24.14367 1.583661
4225.713 24.26378 1.580073
4226.685 24.97689 1.552444
4227.66 24.15549 1.536382
4228.633 24.88764 1.5484
4229.608 27.91255 1.634856
4230.581 25.76593 1.616643
4231.554 23.87166 1.579918
4232.53 25.68437 1.626889
4233.503 23.02698 1.556153
4234.48 24.27547 1.578742
4235.454 23.91561 1.559361
4236.431 23.72038 1.552166
4237.405 25.03551 1.560923
4238.38 24.78185 1.553049
4239.357 24.04246 1.553869
4240.333 25.69874 1.581345
4241.31 26.4067 1.607853
4242.286 23.77219 1.548024
4243.264 24.39029 1.54762
4244.241 25.81898 1.568094
4245.217 25.09615 1.621522
4246.196 27.75849 1.714236
4247.173 25.39415 1.675709
4248.152 25.66296 1.642325
4249.129 26.48417 1.636658
4250.109 23.55558 1.562963
4251.087 22.32104 1.527633
4252.065 24.7769 1.557118
4253.045 25.79504 1.567627
4254.024 25.91473 1.551224
4255.005 25.61982 1.53685
4255.983 23.44802 1.490071
4256.965 23.99315 1.494218
4257.944 22.54438 1.496417
4258.926 24.59895 1.569012
4259.906 24.47391 1.612468
4260.886 23.61234 1.629785
4261.869 23.55484 1.594097
4262.849 24.11245 1.578125
4263.832 24.04767 1.542556
4264.813 22.90842 1.484426
4265.796 24.20596 1.501596
4266.778 22.19419 1.4753
4267.759 25.6722 1.541886
4268.743 26.28318 1.572436
4269.726 21.82612 1.47595
4270.71 22.98364 1.496187
4271.692 26.5883 1.524463
4272.677 23.61178 1.480604
4273.661 23.98546 1.475421
4274.644 25.77806 1.503833
4275.629 24.47315 1.501726
4276.613 24.40374 1.519299
4277.599 22.79441 1.506456
4278.583 23.12977 1.485365
4279.57 22.32474 1.444249
4280.554 22.56437 1.441081
4281.539 24.66841 1.494356
4282.526 22.11148 1.435236
4283.512 21.75583 1.413392
4284.499 22.30117 1.408487
4285.485 21.68328 1.413284
4286.473 23.77011 1.463537
4287.459 24.96054 1.526924
4288.445 23.04423 1.523289
4289.435 22.76811 1.521652
4290.421 22.8691 1.527932
4291.411 24.78522 1.554228
4292.398 22.70996 1.504569
4293.388 22.97814 1.502935
4294.376 21.85212 1.48045
4295.363 22.88174 1.50939
4296.354 23.99083 1.517341
4297.342 22.51699 1.474923
4298.333 22.03504 1.477126
4299.322 21.5315 1.48838
4300.314 21.52922 1.519373
4301.303 23.28238 1.541461
4302.292 24.65144 1.55563
4303.284 24.73017 1.542188
4304.274 22.41057 1.493865
4305.267 24.45084 1.472207
4306.257 25.13592 1.469253
4307.25 23.37855 1.440219
4308.241 23.62888 1.443114
4309.232 21.90384 1.436558
4310.226 23.03105 1.468193
4311.217 23.68573 1.47051
4312.211 23.12631 1.491053
4313.204 23.78852 1.488061
4314.198 23.26273 1.447742
4315.19 20.53325 1.401268
4316.184 21.09324 1.412067
4317.179 22.44966 1.442327
4318.172 24.45928 1.478914
4319.167 21.89019 1.45013
4320.161 22.58953 1.45625
4321.157 21.4608 1.446801
4322.151 22.98902 1.468954
4323.146 24.04818 1.455432
4324.143 24.70137 1.462322
4325.138 24.18337 1.463945
4326.135 21.67828 1.42391
4327.13 20.67202 1.419133
4328.128 22.55448 1.426485
4329.123 22.54546 1.413868
4330.12 21.6654 1.364977
4331.118 23.97421 1.424524
4332.114 23.85168 1.425001
4333.113 21.85757 1.378405
4334.11 22.21752 1.385606
4335.11 25.65899 1.446954
4336.107 23.95925 1.44146
4337.107 23.39001 1.450332
4338.105 25.74412 1.477244
4339.102 26.51767 1.468341
4340.103 26.21394 1.455088
4341.102 26.26313 1.46896
4342.102 25.71817 1.469356
4343.102 26.2743 1.516947
4344.103 22.93141 1.509052
4345.102 26.85499 1.587825
4346.102 26.58579 1.548245
4347.104 25.62002 1.530141
4348.104 22.58069 1.597747
4349.107 23.55818 1.607748
4350.107 25.49112 1.466369
4351.11 24.57927 1.463866
4352.111 24.53048 1.438874
4353.113 24.81044 1.415091
4354.117 22.98375 1.422305
4355.118 22.4683 1.466027
4356.123 24.54448 1.552511
4357.124 24.60641 1.621924
4358.129 19.73082 1.621261
4359.132 20.07475 1.652021
4360.135 23.30214 1.663577
4361.14 23.62151 1.582334
4362.144 23.2437 1.558759
4363.149 20.19566 1.483896
4364.153 23.76713 1.471842
4365.159 23.92356 1.42452
4366.164 22.53618 1.382324
4367.168 24.10301 1.395228
4368.175 23.02517 1.367556
4369.18 20.88978 1.322289
4370.188 21.23345 1.338231
4371.193 22.48622 1.369894
4372.201 23.75347 1.389218
4373.207 22.01008 1.348563
4374.213 19.17954 1.288498
4375.221 21.55526 1.332973
4376.228 22.39256 1.343636
4377.237 22.7055 1.359535
4378.244 21.27816 1.321366
4379.253 20.64952 1.336506
4380.261 23.35654 1.366057
4381.269 24.1108 1.392553
4382.279 20.7845 1.368179
4383.287 19.77645 1.386986
4384.298 20.96207 1.417785
4385.307 21.95412 1.40941
4386.318 21.38431 1.359679
4387.327 23.60512 1.362068
4388.336 20.74794 1.302046
4389.348 19.89676 1.282242
4390.358 24.19097 1.360883
4391.37 22.36914 1.338199
4392.38 20.137 1.305346
4393.394 19.44957 1.305876
4394.404 21.2459 1.327619
4395.415 22.50754 1.333777
4396.429 20.17781 1.300051
4397.44 20.18202 1.297924
4398.454 21.51034 1.321534
4399.466 21.65531 1.340617
4400.48 21.96314 1.3473
4401.493 20.5622 1.319642
4402.505 20.21245 1.312023
4403.52 18.59694 1.284326
4404.534 19.36935 1.30309
4405.549 20.66309 1.338032
4406.562 22.10798 1.360153
4407.579 19.83818 1.319137
4408.593 18.93445 1.293893
4409.607 19.95718 1.310124
4410.624 19.1611 1.334063
4411.639 18.9675 1.362248
4412.656 19.04217 1.394661
4413.671 21.36992 1.402546
4414.689 20.33092 1.374621
4415.704 19.99918 1.314109
4416.723 19.75125 1.297538
4417.739 18.30152 1.266419
4418.755 19.18784 1.306666
4419.774 22.33377 1.369457
4420.791 21.02137 1.356358
4421.81 21.28407 1.350898
4422.827 21.98734 1.330492
4423.847 20.59774 1.313121
4424.865 20.68817 1.320121
4425.883 19.49842 1.319871
4426.903 16.35025 1.301868
4427.922 21.40713 1.384618
4428.943 21.03689 1.357586
4429.962 18.59342 1.300895
4430.983 21.11655 1.316719
4432.002 20.33035 1.301488
4433.022 19.67254 1.287057
4434.044 18.91338 1.302033
4435.065 17.91428 1.265909
4436.087 19.98931 1.298386
4437.108 20.51452 1.322827
4438.131 19.40772 1.328852
4439.152 18.92984 1.318408
4440.173 19.56387 1.323414
4441.197 20.31417 1.314792
4442.219 19.08594 1.290196
4443.243 19.04791 1.272039
4444.265 19.7444 1.266453
4445.29 19.41941 1.260245
4446.312 17.25072 1.231806
4447.335 19.59677 1.285565
4448.361 19.86455 1.274152
4449.384 19.44778 1.271685
4450.411 21.28 1.313502
4451.434 19.24687 1.30134
4452.461 19.55743 1.279909
4453.485 19.6749 1.26603
4454.51 17.9762 1.241098
4455.537 18.38642 1.228271
4456.561 19.45929 1.238813
4457.589 19.68714 1.228425
4458.615 17.743 1.191654
4459.643 17.55799 1.177175
4460.669 18.93872 1.209089
4461.695 18.15878 1.207345
4462.724 20.87138 1.261257
4463.751 21.08922 1.247391
4464.78 20.85164 1.25872
4465.807 20.20635 1.239611
4466.837 20.88948 1.245193
4467.864 21.97237 1.253004
4468.892 21.33198 1.246402
4469.923 21.04316 1.229145
4470.951 20.11733 1.236427
4471.982 17.71786 1.247757
4473.011 19.27044 1.288481
4474.042 20.95955 1.303601
4475.072 19.29835 1.245507
4476.101 17.92012 1.193868
4477.133 19.82033 1.221199
4478.163 19.27204 1.227923
4479.196 18.75257 1.218841
4480.227 16.86804 1.162694
4481.259 19.22971 1.216297
4482.291 19.59302 1.287172
4483.321 21.75053 1.368731
4484.355 20.53506 1.548343
4485.387 17.54537 1.579701
4486.421 17.63779 1.29505
4487.454 18.41455 1.266098
4488.488 18.30265 1.203245
4489.521 17.84864 1.200333
4490.554 18.5713 1.214363
4491.589 15.58121 1.170962
4492.623 17.55075 1.2042
4493.658 18.52657 1.235588
4494.692 17.79791 1.235817
4495.729 16.77122 1.243285
4496.763 19.67431 1.253578
4497.8 17.74824 1.21277
4498.834 17.57905 1.206284
4499.87 19.12817 1.210061
4500.907 18.94196 1.213128
4501.942 21.18596 1.2562
4502.98 21.57393 1.273053
4504.017 17.75048 1.21882
4505.055 17.91397 1.207133
4506.091 19.19055 1.224329
4507.128 19.71026 1.238514
4508.167 19.40643 1.211169
4509.205 18.32369 1.174678
4510.245 18.19604 1.166746
4511.282 20.43047 1.215723
4512.322 19.48022 1.21482
4513.36 17.50495 1.173984
4514.398 18.76724 1.201381
4515.44 18.45599 1.19683
4516.479 19.28149 1.222448
4517.52 18.64539 1.199427
4518.559 17.80019 1.165511
4519.601 18.85777 1.178447
4520.641 18.57831 1.190836
4521.681 19.09122 1.196316
4522.724 20.34961 1.223133
4523.764 15.84252 1.173158
4524.807 18.86249 1.213753
4525.848 19.11136 1.200323
4526.892 16.88747 1.155892
4527.933 18.51102 1.167656
4528.975 19.8187 1.181863
4530.019 17.68459 1.151545
4531.061 17.76343 1.179239
4532.106 19.29166 1.220322
4533.149 20.94264 1.260058
4534.194 20.3716 1.247293
4535.237 18.2846 1.20206
4536.28 18.19794 1.188718
4537.327 18.71961 1.183166
4538.37 17.86768 1.175915
4539.417 17.92645 1.172043
4540.461 19.30151 1.199997
4541.508 20.81644 1.216787
4542.553 17.39263 1.157814
4543.598 18.25344 1.198947
4544.645 18.16495 1.186481
4545.691 19.02416 1.184895
4546.739 17.12738 1.145934
4547.785 19.99187 1.187981
4548.834 18.26192 1.171706
4549.88 18.38267 1.166637
4550.927 18.23215 1.18263
4551.977 19.69325 1.19975
4553.024 19.87346 1.191509
4554.074 19.10571 1.169531
4555.122 18.65897 1.169106
4556.172 17.92131 1.184897
4557.22 19.30804 1.22161
4558.269 18.9575 1.228075
4559.319 16.95719 1.187638
4560.368 18.39758 1.204401
4561.42 18.27619 1.188237
4562.469 19.27344 1.191498
4563.521 16.92479 1.13077
4564.571 18.08723 1.132213
4565.621 18.69037 1.15463
4566.674 18.59953 1.16982
4567.725 19.53139 1.188929
4568.778 18.72267 1.203456
4569.829 17.53102 1.205525
4570.883 18.39942 1.225719
4571.934 17.7904 1.209201
4572.989 17.48998 1.172928
4574.041 18.58397 1.179314
4575.093 17.64426 1.176344
4576.148 17.14997 1.183434
4577.201 17.94704 1.197677
4578.256 19.82303 1.250403
4579.309 17.71578 1.249236
4580.365 16.63129 1.19609
4581.419 15.91755 1.166858
4582.473 19.56037 1.221752
4583.53 18.05731 1.216409
4584.584 17.69945 1.217434
4585.641 18.96604 1.232055
4586.696 16.5384 1.147224
4587.754 16.41195 1.130325
4588.809 16.71001 1.112456
4589.865 18.4664 1.140675
4590.923 18.86733 1.138699
4591.98 18.49824 1.150358
4593.039 18.6235 1.144651
4594.095 16.95385 1.115394
4595.154 16.85144 1.102838
4596.211 17.21495 1.163266
4597.269 17.43342 1.361599
4598.329 16.02857 1.121528
4599.387 17.36776 1.136078
4600.447 18.73178 1.15881
4601.506 16.21631 1.117117
4602.567 17.90292 1.135185
4603.626 16.87411 1.1254
4604.685 17.49719 1.119702
4605.747 18.19691 1.115848
4606.806 16.74644 1.056808
4607.869 16.2683 1.064897
4608.929 17.48694 1.089971
4609.991 18.38713 1.10517
4611.052 17.61689 1.08984
4612.113 17.32902 1.07783
4613.176 17.62083 1.083637
4614.237 16.72551 1.069874
4615.301 18.09883 1.101062
4616.363 17.4833 1.100991
4617.428 17.90599 1.100851
4618.49 20.59097 1.138193
4619.552 17.63595 1.090852
4620.618 17.30573 1.086974
4621.681 17.99846 1.142653
4622.747 18.16782 1.171981
4623.81 18.35301 1.155003
4624.876 17.73916 1.117744
4625.94 17.3028 1.097811
4627.004 16.71263 1.104939
4628.071 15.35513 1.117583
4629.136 16.28972 1.141734
4630.203 17.19093 1.136436
4631.269 17.45681 1.105482
4632.336 17.20732 1.086276
4633.402 15.93216 1.053589
4634.468 16.65797 1.05723
4635.537 15.79239 1.052646
4636.603 16.31505 1.076212
4637.672 15.83221 1.057649
4638.739 16.59283 1.068326
4639.809 14.83464 1.03675
4640.877 16.45481 1.059727
4641.944 15.76758 1.039376
4643.014 17.04109 1.054522
4644.083 16.45111 1.063351
4645.153 16.80952 1.060999
4646.222 16.2052 1.067986
4647.293 15.91809 1.054382
4648.362 16.54464 1.041035
4649.432 15.51879 1.020989
4650.504 16.27198 1.034659
4651.574 17.1958 1.045629
4652.646 15.91179 1.059414
4653.717 16.31561 1.100989
4654.79 17.7269 1.142855
4655.861 17.84251 1.127076
4656.935 17.60173 1.074998
4658.006 15.61766 1.176092
4659.077 18.51839 1.250832
4660.152 17.36954 1.223346
4661.224 16.94518 1.071658
4662.298 15.03004 1.052085
4663.371 17.62593 1.090096
4664.446 16.93708 1.08813
4665.52 16.9051 1.081998
4666.593 16.00373 1.077446
4667.669 17.63447 1.085435
4668.743 18.02544 1.087403
4669.819 17.02347 1.075553
4670.894 17.05173 1.080023
4671.971 16.11755 1.080316
4673.045 15.4009 1.06899
4674.121 15.68067 1.066466
4675.198 15.46848 1.065786
4676.274 17.04352 1.0805
4677.352 18.3091 1.092534
4678.428 15.46279 1.049018
4679.507 17.0017 1.051219
4680.583 15.84593 1.036715
4681.66 15.43517 1.027085
4682.74 17.03385 1.082662
4683.817 16.28717 1.074694
4684.898 16.33041 1.059287
4685.975 14.43271 1.018741
4687.056 17.60061 1.07425
4688.134 17.65197 1.085224
4689.212 16.89634 1.095651
4690.293 18.12903 1.106417
4691.373 18.21879 1.086367
4692.455 17.19836 1.050161
4693.534 17.46489 1.064867
4694.616 16.95999 1.068979
4695.696 15.86226 1.058727
4696.776 16.34864 1.060819
4697.859 17.1846 1.060559
4698.94 16.7615 1.050266
4700.024 16.62224 1.051137
4701.105 17.18571 1.059908
4702.189 16.3163 1.035869
4703.271 15.49929 1.042545
4704.353 15.60123 1.078524
4705.438 17.10768 1.116063
4706.52 15.86514 1.109555
4707.605 18.33323 1.130923
4708.689 17.70368 1.07497
4709.774 16.57821 1.175016
4710.858 15.57108 1.154522
4711.941 16.00526 1.063734
4713.028 17.46135 1.105835
4714.112 15.08452 1.051277
4715.199 14.98581 1.023758
4716.284 16.74946 1.033372
4717.372 15.1815 1.017139
4718.457 15.57796 1.049985
4719.542 16.36825 1.095138
4720.631 15.68214 1.071173
4721.717 15.10434 1.030272
4722.806 16.40442 1.029576
4723.892 17.7863 1.044968
4724.981 15.62849 1.010584
4726.068 15.70056 1.009173
4727.155 16.08162 1.045899
4728.246 15.39783 1.065381
4729.333 15.79236 1.071616
4730.424 15.92774 1.076796
4731.512 17.08963 1.075724
4732.603 14.94521 1.027778
4733.692 15.04526 1.02551
4734.781 15.73138 1.039411
4735.873 15.25009 1.051776
4736.962 14.71265 1.070388
4738.055 16.26761 1.100731
4739.145 18.19018 1.106565
4740.237 16.43308 1.064078
4741.328 16.20895 1.054734
4742.421 14.946 1.0618
4743.512 14.54086 1.066616
4744.604 15.0195 1.067592
4745.697 15.54637 1.041389
4746.789 14.46039 1.012026
4747.884 13.81985 1.010544
4748.976 15.04169 1.041071
4750.071 14.83609 1.042406
4751.164 14.92264 1.028333
4752.257 15.10948 1.020257
4753.352 15.6905 1.033423
4754.446 14.73778 1.03014
4755.542 13.49082 0.9920049
4756.637 14.4632 1.010577
4757.733 14.98507 1.034247
4758.828 14.31304 1.033605
4759.923 14.40084 1.025782
4761.02 15.50187 1.047494
4762.116 15.48673 1.04136
4763.214 14.62508 1.030315
4764.31 14.96217 1.048412
4765.408 14.64748 1.062238
4766.504 14.25115 1.058971
4767.601 15.2838 1.072215
4768.7 13.4537 1.031461
4769.797 15.04667 1.030917
4770.898 15.55934 1.051735
4771.995 16.5327 1.064596
4773.095 16.11514 1.038894
4774.193 14.70694 1.006769
4775.292 15.05578 0.9857641
4776.393 15.51789 0.9773336
4777.492 16.4879 0.9844102
4778.593 16.25934 0.9887605
4779.692 15.99941 0.9853548
4780.795 14.56383 0.9664355
4781.895 14.75661 0.9716403
4782.995 13.4088 0.9579051
4784.098 13.60268 0.9718705
4785.198 13.35597 0.9594533
4786.302 16.89428 1.021768
4787.403 14.76155 0.9735961
4788.507 14.24959 0.9627793
4789.608 15.14132 0.979174
4790.71 15.04115 0.9778863
4791.815 13.35298 0.9487136
4792.917 15.16009 0.9642808
4794.023 15.39949 0.9664687
4795.126 13.6895 0.9276049
4796.231 14.62857 0.9494799
4797.334 14.52964 0.9601701
4798.438 13.17491 0.9574071
4799.544 15.24346 0.9814344
4800.649 14.36078 0.9532403
4801.756 13.47344 0.9201413
4802.86 13.52628 0.9222106
4803.968 13.96338 0.9332751
4805.073 15.89454 0.9926223
4806.178 14.17413 0.9909857
4807.287 12.99934 0.961646
4808.393 15.51409 0.9797436
4809.502 13.68876 0.9400446
4810.608 14.96945 0.9454548
4811.717 13.67673 0.931165
4812.824 13.35462 0.946274
4813.931 16.25629 1.025494
4815.042 15.31414 1.016275
4816.149 13.63123 0.9819376
4817.26 14.74165 0.9949284
4818.368 15.12832 0.9854115
4819.479 15.23978 0.9755613
4820.588 15.94067 0.9916345
4821.697 15.22785 0.9693915
4822.809 16.14776 0.967149
4823.918 13.12604 0.9275815
4825.03 14.3884 0.9632926
4826.14 14.99028 0.9558954
4827.253 13.12014 0.915105
4828.364 14.16513 0.9338337
4829.477 14.72556 0.9596098
4830.588 15.33546 0.9816519
4831.699 14.68455 0.9811763
4832.814 15.21643 0.9822093
4833.925 14.80454 0.974596
4835.04 14.84742 0.9709122
4836.152 14.89209 0.9741454
4837.268 12.99905 0.9525288
4838.38 14.84047 0.9693294
4839.494 15.84715 0.9865147
4840.609 13.81392 0.978229
4841.723 15.39633 0.9768659
4842.839 14.06582 0.9355206
4843.954 14.71961 0.9318961
4845.071 14.34348 0.9250724
4846.185 14.23121 0.941058
4847.3 15.63631 1.001736
4848.418 14.48073 1.007224
4849.533 14.67661 1.007962
4850.651 15.1446 0.9899802
4851.768 16.44867 0.989217
4852.886 16.67733 1.006272
4854.002 14.68906 1.007727
4855.119 17.02798 1.027136
4856.239 17.35102 0.9969823
4857.356 16.66398 0.9878563
4858.476 17.95188 0.9897363
4859.594 16.27807 0.9591158
4860.714 16.42674 0.9826
4861.833 19.49707 1.045986
4862.951 19.92019 1.068664
4864.072 20.50339 1.080709
4865.191 20.80495 1.076849
4866.314 17.3711 1.172591
4867.433 18.38111 1.190858
4868.555 20.91702 1.086872
4869.675 19.28954 1.069997
4870.795 19.04005 1.066005
4871.919 18.83293 1.041094
4873.04 17.78109 1.01421
4874.163 18.15776 1.020983
4875.285 16.53391 1.001787
4876.409 16.3007 0.991026
4877.531 17.87059 1.0156
4878.653 17.50985 1.007466
4879.778 17.66544 1.013689
4880.9 16.18378 0.9958869
4882.026 18.21589 1.021717
4883.149 14.55936 0.981959
4884.275 14.87077 0.9879489
4885.398 16.417 1.000635
4886.523 14.98726 0.9742994
4887.649 15.55352 1.002549
4888.773 16.16224 1.041663
4889.901 14.05278 1.019746
4891.026 15.93666 1.023784
4892.154 14.88861 0.9758878
4893.279 14.53297 0.9419519
4894.405 14.31736 0.950336
4895.534 14.08343 0.9426309
4896.66 13.05109 1.049539
4897.789 13.37801 1.081191
4898.916 14.3643 0.9537417
4900.045 15.52538 0.9854544
4901.172 14.86859 0.9833928
4902.3 15.6762 0.9938977
4903.431 14.843 0.9884964
4904.559 14.60519 0.9637893
4905.69 13.95098 0.9589203
4906.818 14.11185 0.9625327
4907.95 14.25258 0.9611002
4909.079 15.32331 0.9507963
4910.208 14.17944 0.9186965
4911.34 13.43427 0.9163039
4912.47 14.6294 0.9389739
4913.603 13.06295 1.091249
4914.733 14.41481 1.225523
4915.867 15.98152 1.031036
4916.998 13.92313 0.9924663
4918.131 14.89834 0.9785668
4919.263 12.7829 0.922686
4920.395 14.42699 0.9314565
4921.529 14.90883 0.9295906
4922.661 14.69874 0.9219298
4923.796 13.72926 0.9098131
4924.929 13.91539 0.9002315
4926.065 14.72438 0.9142323
4927.198 12.16664 0.8698531
4928.332 12.89349 0.8702508
4929.468 14.2688 0.8978214
4930.602 13.26423 0.8884029
4931.739 14.78164 0.9276177
4932.873 13.64326 0.9136199
4934.011 13.9802 0.8956174
4935.146 13.73891 0.8784339
4936.281 12.89347 0.8640546
4937.419 13.66246 0.8897921
4938.556 14.62135 0.9014174
4939.694 13.69148 0.875714
4940.831 14.55503 0.9103341
4941.97 14.35756 0.9234831
4943.107 14.56582 0.9319478
4944.244 14.92627 0.9291277
4945.384 14.79728 0.9003651
4946.522 13.65138 0.8810112
4947.663 13.87943 0.8949903
4948.801 14.31476 0.9119833
4949.942 15.39137 0.9439563
4951.081 13.08732 0.9134145
4952.22 13.1258 0.9285575
4953.362 15.21836 0.9513397
4954.501 15.11638 0.9310308
4955.644 14.626 0.9109917
4956.784 15.0923 0.9097908
4957.927 15.10074 0.9303196
4959.067 14.69266 0.9467804
4960.208 14.72609 0.9355149
4961.352 14.43969 0.9241734
4962.493 13.7419 0.907425
4963.638 14.29542 0.9099578
4964.779 14.34721 0.895276
4965.924 13.76382 0.8902493
4967.067 13.76637 1.038877
4968.209 13.01592 1.052192
4969.355 13.52098 0.9017614
4970.498 13.38801 0.8817999
4971.645 15.87729 0.9123883
4972.788 15.41749 0.9271843
4973.935 13.71886 0.9438154
4975.079 12.15596 0.9186266
4976.224 13.96851 0.9123463
4977.371 14.19202 0.9037426
4978.516 15.05631 0.9134937
4979.664 15.07723 0.9230686
4980.81 13.83702 0.9188262
4981.958 14.79532 0.9499322
4983.105 16.21097 0.988166
4984.251 15.16228 0.9701346
4985.4 15.17492 0.9514118
4986.547 14.6908 0.9278534
4987.697 14.52108 0.969731
4988.844 13.77506 0.9790852
4989.995 14.04813 0.9370374
4991.143 14.53866 0.9076332
4992.291 14.32795 0.9088801
4993.442 16.07439 0.99317
4994.591 14.1394 0.9556807
4995.743 13.5992 0.8925892
4996.892 14.66518 0.8954758
4998.044 12.63724 0.8884571
4999.194 15.61093 0.97325
5000.344 13.23472 0.9404757
5001.497 14.14352 0.9133242
5002.648 15.16557 0.8987962
5003.801 14.4654 0.9114214
5004.952 14.09338 0.9248073
5006.106 15.56005 0.9525153
5007.258 14.17895 0.9278744
5008.413 15.56545 0.9408234
5009.565 16.91585 0.9543433
5010.717 15.80442 0.9390102
5011.873 14.86605 0.9246343
5013.026 15.62617 0.917222
5014.182 14.77911 0.885709
5015.335 14.10318 0.884427
5016.492 13.92882 0.8986568
5017.646 15.91653 0.932915
5018.8 15.57431 0.914935
5019.958 13.59228 0.9316684
5021.112 14.78504 0.987151
5022.27 14.95766 0.9209357
5023.426 16.25543 0.9197662
5024.584 14.96349 0.9032455
5025.74 14.05379 0.894846
5026.896 13.48788 0.9611857
5028.055 12.21878 0.9376561
5029.212 15.61885 0.8814301
5030.372 15.07671 0.871412
5031.529 13.49879 0.8681878
5032.689 14.59796 0.9054298
5033.847 13.80247 0.8861054
5035.005 15.57614 0.8849587
5036.166 14.93953 0.8701096
5037.325 14.39576 0.859546
5038.486 15.65313 0.888174
5039.645 14.44944 0.8912642
5040.808 13.03891 0.8645097
5041.967 13.50967 0.8465799
5043.127 14.43046 0.8633628
5044.29 14.91724 0.8906035
5045.45 14.80163 0.9097595
5046.614 14.9926 0.9258155
5047.775 16.39553 0.9494292
5048.939 14.8126 0.9197608
5050.1 16.05608 0.9122436
5051.262 15.40835 0.9904993
5052.427 12.31571 0.9353471
5053.589 15.05511 0.8620797
5054.754 13.63463 0.8625896
5055.917 14.83546 0.9049555
5057.083 14.8993 0.9398684
5058.247 14.42767 0.915368
5059.41 14.68655 0.8750336
5060.577 14.37469 0.8661532
5061.741 13.67579 0.8651965
5062.908 16.18112 0.9145194
5064.073 15.12662 0.997922
5065.241 15.27207 0.9260455
5066.406 14.82438 0.8923553
5067.572 14.59294 0.8710604
5068.74 15.19715 0.9001558
5069.906 15.38724 0.9269471
5071.075 13.7175 0.9341044
5072.242 17.43459 0.9890395
5073.412 15.67706 0.9362176
5074.579 14.90409 0.8866718
5075.746 15.68203 0.8918183
5076.917 14.53426 0.8765308
5078.084 15.21548 0.8912484
5079.255 14.7851 0.9058946
5080.424 15.78749 0.9328764
5081.596 15.23513 0.9115636
5082.765 13.83121 0.879503
5083.934 15.85808 0.9197248
5085.106 14.85053 0.9015711
5086.276 14.23444 0.8948852
5087.449 13.66256 0.9275906
5088.619 14.85896 0.9400569
5089.792 15.37853 0.9379922
5090.963 13.48136 0.9008472
5092.135 15.14701 0.9298342
5093.309 15.27553 0.9200632
5094.48 13.30627 0.867718
5095.655 16.77038 0.914975
5096.828 14.99666 0.8895485
5098.003 15.3787 0.8919948
5099.176 15.86206 0.916432
5100.352 15.42826 0.922775
5101.525 15.21393 0.9185159
5102.699 16.17673 0.9309664
5103.875 17.0452 0.9093988
5105.049 15.96897 0.8809641
5106.227 14.23258 0.8478628
5107.401 14.47244 0.8673427
5108.579 15.7002 0.8886789
5109.754 14.51987 0.8634823
5110.93 14.9048 0.8831384
5112.108 15.69712 0.8926553
5113.284 16.93099 0.8992613
5114.463 15.71777 0.8882232
5115.64 15.65608 0.8997034
5116.82 15.521 0.8863994
5117.997 16.89069 0.9099504
5119.174 15.73539 0.8925078
5120.355 15.57131 0.8757805
5121.533 17.36372 0.9132935
5122.713 14.22787 0.8540216
5123.892 16.09614 0.8774853
5125.074 16.22969 0.8625576
5126.252 14.76707 0.8604941
5127.432 13.2019 0.8392274
5128.614 16.38007 0.8732336
5129.794 15.32043 0.8617838
5130.977 14.72075 0.8517619
5132.157 15.59631 0.8671573
5133.341 16.50161 0.9091183
5134.522 16.06183 0.9121043
5135.703 16.34189 0.9025945
5136.887 15.19382 0.8739929
5138.069 15.08781 0.8596842
5139.254 16.65737 0.8802183
5140.436 16.48953 0.8960592
5141.622 14.89747 0.8849444
5142.804 16.40574 0.8857955
5143.987 15.25683 0.8628376
5145.174 16.38649 0.8849276
5146.357 16.09695 0.8789751
5147.544 15.63379 0.872392
5148.728 16.68313 0.8919641
5149.916 16.33287 0.8931168
5151.1 15.08244 0.8817377
5152.285 16.59119 0.9045258
5153.473 15.07578 0.945309
5154.659 14.21997 0.9577059
5155.848 14.60009 0.9125955
5157.034 15.73622 0.9091986
5158.223 15.22879 0.8904994
5159.41 15.85024 0.883061
5160.596 16.01158 0.891117
5161.786 15.48319 0.8785759
5162.974 15.85815 0.8790669
5164.165 14.7567 0.8901931
5165.352 15.06878 0.9211307
5166.543 15.74027 0.9367096
5167.732 15.82201 0.9153676
5168.921 14.94719 0.8756268
5170.113 15.87863 0.8886776
5171.302 15.87105 0.8723977
5172.495 15.35618 0.8531148
5173.685 14.98797 0.8391772
5174.878 15.31067 0.8518034
5176.068 15.77601 0.8725175
5177.259 14.94781 0.8549588
5178.453 15.3063 0.8764268
5179.644 14.70257 0.8647756
5180.838 15.55086 0.8612622
5182.03 15.42876 0.8671063
5183.225 15.3545 0.8615999
5184.417 14.87356 0.8474019
5185.61 16.45639 0.8641161
5186.806 15.23687 0.8525544
5187.999 15.36721 0.8709986
5189.196 15.83776 0.8719832
5190.39 15.21789 0.8857485
5191.586 14.78705 0.8818104
5192.781 14.92325 0.8497633
5193.978 16.44762 0.88547
5195.173 16.28153 0.8766637
5196.368 15.22483 0.8912158
5197.566 15.65039 0.9246163
5198.762 16.91441 0.9397801
5199.961 16.12947 0.9095511
5201.157 15.51793 0.8906671
5202.356 14.27663 0.8746944
5203.553 13.71383 0.9069359
5204.751 16.36749 0.9682856
5205.951 14.59942 0.895502
5207.148 14.32684 0.8432533
5208.349 15.45329 0.8501455
5209.547 14.82852 0.8456863
5210.748 13.57576 0.8521386
5211.947 14.12311 0.8626766
5213.146 15.48103 0.8687158
5214.348 15.0018 0.8545266
5215.548 15.75168 0.8681872
5216.751 14.98215 0.9052803
5217.951 15.02118 0.9365023
5219.154 14.47333 0.9279638
5220.355 16.24265 0.9420054
5221.556 14.51557 0.9242528
5222.76 16.51567 0.9405267
5223.961 14.69077 0.865616
5225.166 13.2796 0.8504505
5226.368 15.91416 0.8806683
5227.573 16.72997 0.8891796
5228.775 15.38349 0.8551267
5229.979 16.01323 0.8554935
5231.185 15.97652 0.8733959
5232.388 14.01282 0.8419427
5233.594 13.76548 0.8392023
5234.798 16.30085 0.8875973
5236.005 14.1731 0.8555487
5237.21 17.13786 0.9068393
5238.415 15.1876 0.8794918
5239.623 13.57345 0.850903
5240.828 15.77044 0.8758486
5242.037 14.96564 0.863223
5243.243 16.18568 0.8830208
5244.452 14.78169 0.8658485
5245.658 14.94094 0.8448043
5246.865 14.50159 0.837638
5248.075 13.81597 0.8510488
5249.282 15.3589 0.9105843
5250.493 14.92553 0.9883828
5251.701 15.26794 0.8957742
5252.912 15.58573 0.8840361
5254.12 13.40489 0.8486278
5255.329 13.83408 0.8591431
5256.541 13.67904 0.8656668
5257.75 14.82323 0.8824902
5258.962 14.92778 0.8730318
5260.172 15.62899 0.8762789
5261.385 14.18724 0.8549907
5262.596 12.67131 0.824329
5263.806 14.61747 0.8445791
5265.02 15.14305 0.8520329
5266.231 15.22572 0.8510034
5267.446 15.95846 0.8593743
5268.657 15.56585 0.8558709
5269.872 13.69398 0.8345697
5271.084 14.70061 0.8445435
5272.297 15.29522 0.84967
5273.513 14.75967 0.8427007
5274.726 16.17372 0.8658553
5275.942 15.15921 0.8659146
5277.156 14.40237 0.8666506
5278.373 14.66855 0.8778982
5279.587 14.78032 0.8774498
5280.805 16.41231 0.8845687
5282.02 15.66339 0.8549296
5283.235 14.00402 0.8262912
5284.453 14.07661 0.8335731
5285.669 14.76314 0.8510217
5286.888 14.96772 0.8570153
5288.104 13.19737 0.8199179
5289.323 14.29501 0.8326572
5290.54 14.76341 0.8457733
5291.757 14.59048 0.8487127
5292.977 15.02011 0.8744485
5294.195 15.28734 0.870492
5295.416 13.1248 0.8273813
5296.634 14.6533 0.8413602
5297.855 13.24778 0.8263008
5299.074 15.10777 0.8769704
5300.293 14.75171 0.8777441
5301.516 15.25901 0.8873354
5302.735 13.4288 0.8429089
5303.958 13.09828 0.8198215
5305.178 13.6716 0.829107
5306.401 15.00541 0.8569931
5307.622 13.63408 0.8332562
5308.843 12.38261 0.8208846
5310.067 15.33171 0.8721828
5311.289 13.60417 0.8488956
5312.514 13.41237 0.8418239
5313.736 15.2387 0.8549321
5314.961 15.21003 0.860547
5316.184 12.97301 0.822192
5317.407 14.03348 0.8479711
5318.633 13.86543 0.8844494
5319.857 15.53823 0.9238812
5321.083 15.04108 0.9117955
5322.308 13.43437 0.8522289
5323.535 14.36212 0.8392517
5324.76 14.86829 0.8644587
5325.984 14.16615 0.8693085
5327.213 14.62685 0.8851089
5328.438 15.21322 0.8876086
5329.667 12.80559 0.8509682
5330.893 14.24711 0.8514527
5332.122 14.31898 0.8620436
5333.349 13.40481 0.8466827
5334.576 15.01107 0.8672485
5335.806 13.31649 0.8508343
5337.034 14.48008 0.8537778
5338.264 14.75084 0.8621998
5339.492 15.74709 0.8797929
5340.724 13.75965 0.8587428
5341.952 13.38375 0.8543057
5343.181 13.88385 0.8530927
5344.413 12.63022 0.8331332
5345.643 14.66234 0.8460953
5346.876 13.95631 0.8493796
5348.105 15.20174 0.884056
5349.339 16.38822 1.130734
5350.569 13.92548 1.11912
5351.8 14.67108 1.10671
5353.034 13.98195 0.8340644
5354.266 13.67775 0.8191007
5355.501 14.96669 0.8429179
5356.732 13.64242 0.8387334
5357.968 13.08486 0.8360622
5359.2 13.73156 0.8337174
5360.433 14.66103 0.8389189
5361.669 12.64421 0.805442
5362.903 15.03958 0.8493456
5364.139 13.01524 0.8546141
5365.373 13.9954 0.852117
5366.611 12.04519 0.8091002
5367.845 15.40327 0.8625362
5369.08 14.6863 0.8385246
5370.318 14.0167 0.8742015
5371.554 12.9838 0.8312344
5372.792 14.2848 0.8443396
5374.028 13.51729 0.8403668
5375.268 13.37169 0.8337989
5376.504 12.66693 0.8266865
5377.744 13.80312 0.8279775
5378.981 13.11238 0.8053757
5380.218 13.24936 0.8076248
5381.459 14.17679 0.8267793
5382.697 13.91354 0.8404075
5383.939 13.75658 0.8404152
5385.177 12.24816 0.8343112
5386.419 12.9214 0.8527201
5387.658 14.27228 0.8580346
5388.898 13.35644 0.8307227
5390.14 13.07419 0.8152499
5391.38 13.60775 0.8218301
5392.623 13.63589 0.8348672
5393.864 13.49954 0.8389779
5395.107 14.3156 0.8344048
5396.349 13.00889 0.8069885
5397.59 12.18836 0.7941176
5398.835 13.20905 0.8168438
5400.077 12.94518 0.8102605
5401.322 13.17997 0.8220255
5402.565 12.72154 0.8104166
5403.81 14.03631 0.826346
5405.054 13.57781 0.8171521
5406.297 14.08742 0.842521
5407.544 14.36133 0.8617306
5408.788 13.05564 0.8593506
5410.035 11.38825 0.8293428
5411.28 13.62377 0.8637078
5412.527 12.58957 0.9849347
5413.773 12.47648 0.9648279
5415.018 12.70216 0.9420483
5416.267 13.06765 0.8099468
5417.513 14.39774 0.8206772
5418.762 12.5689 0.8101913
5420.008 13.17314 0.8401612
5421.258 12.85833 0.8366901
5422.505 12.92816 0.8366898
5423.753 12.33963 0.8214212
5425.003 12.86963 0.8229111
5426.252 13.63641 0.8416777
5427.503 14.26234 0.8482335
5428.752 12.51018 0.8128341
5430.003 11.68385 0.8097397
5431.252 13.53813 0.8529749
5432.502 12.66173 0.8451974
5433.755 11.63677 0.8198709
5435.005 12.62466 0.8152437
5436.258 13.14045 0.8204556
5437.509 11.23789 0.8108029
5438.763 11.7874 0.8468273
5440.014 11.88169 0.8104671
5441.265 12.34377 0.8026624
5442.52 12.00203 0.7924532
5443.772 11.05401 0.771415
5445.027 13.04524 0.7995298
5446.28 13.37138 0.8147631
5447.536 13.98945 0.8504044
5448.789 12.68642 0.8808026
5450.042 12.77189 0.8935688
5451.299 12.27506 0.8850519
5452.553 11.18959 0.8310245
5453.81 12.69718 0.8039823
5455.065 12.65079 0.7929025
5456.323 10.76763 0.7868764
5457.579 13.24555 0.8537877
5458.834 11.90013 0.8639283
5460.093 13.98003 0.9416084
5461.349 12.56109 1.049591
5462.608 11.79497 1.043513
5463.865 11.29221 0.9592931
5465.125 12.16602 0.8780937
5466.382 12.16891 0.8249726
5467.64 12.3094 0.8039793
5468.9 12.08443 0.7945924
5470.159 11.31959 0.8050533
5471.42 11.39779 0.8101616
5472.679 11.67084 0.8278217
5473.94 11.86005 0.8448756
5475.2 11.72944 0.853884
5476.462 13.15296 0.8406248
5477.722 12.89244 0.8057195
5478.982 10.8871 0.7807656
5480.246 11.19325 0.8022671
5481.507 12.2884 0.8340311
5482.77 11.74704 0.8373783
5484.032 11.06683 0.8058116
5485.296 10.05987 0.7731369
5486.559 11.16319 0.8114601
5487.821 11.29696 0.8211509
5489.086 12.15844 0.8297819
5490.349 9.442106 0.7794887
5491.615 10.40791 0.7675073
5492.878 13.02632 0.7980611
5494.145 11.12594 0.7657718
5495.409 10.86444 0.7544212
5496.673 11.40902 0.7744789
5497.94 10.6468 0.771686
5499.206 10.69428 0.7917118
5500.474 11.81283 0.8157075
5501.739 11.38263 0.8128767
5503.007 12.12822 0.8265389
5504.273 11.15886 0.7990503
5505.54 11.24603 0.7753831
5506.81 11.14561 0.776322
5508.076 10.43995 0.7664778
5509.346 11.94842 0.8048268
5510.614 12.54237 0.8138522
5511.884 11.94701 0.7907859
5513.152 12.90975 0.7983332
5514.421 11.37046 0.7866898
5515.692 11.30961 0.8064135
5516.961 11.74137 0.8324009
5518.233 10.85275 0.8099185
5519.503 12.73766 0.8216947
5520.776 11.49109 0.7885001
5522.046 10.18349 0.7618958
5523.316 11.61796 0.7840044
5524.59 12.56466 0.7978597
5525.861 12.44947 0.801619
5527.135 11.03675 0.783853
5528.406 9.445013 0.7649115
5529.681 10.95468 0.7762666
5530.954 12.29551 0.7954655
5532.226 10.40677 0.7670823
5533.502 11.33327 0.7660069
5534.774 10.89924 0.7677153
5536.051 10.62348 0.7649738
5537.324 9.88142 0.765538
5538.601 10.44567 0.7895216
5539.876 10.64746 0.8034478
5541.15 12.47092 0.8389905
5542.428 11.04522 0.8120663
5543.703 11.35422 0.8242671
5544.981 10.99494 0.8181583
5546.257 11.36894 0.8472375
5547.536 11.77298 0.8210356
5548.811 11.21729 0.7739031
5550.088 12.1341 0.7901032
5551.368 10.98187 0.7780311
5552.645 10.47987 0.8042406
5553.926 10.80561 0.8262015
5555.203 12.0744 0.8450149
5556.484 12.10424 0.8263691
5557.763 11.55246 0.7929195
5559.041 11.86549 0.7848638
5560.323 9.814835 0.7498856
5561.602 10.71068 0.7574221
5562.885 10.60993 0.7800472
5564.165 11.14053 0.8201639
5565.447 12.99864 0.8480615
5566.728 10.6276 0.8118082
5568.008 9.870757 0.795494
5569.292 11.89659 0.8223344
5570.574 10.58664 0.8007731
5571.858 8.864844 0.7630802
5573.14 11.50599 0.7854292
5574.425 11.08583 0.8262702
5575.708 14.09313 1.138027
5576.993 -1.308048 3.277712
5578.276 -9.854673 6.680955
5579.56 22.89983 5.100523
5580.846 23.24909 2.973835
5582.13 7.264295 1.895788
5583.417 9.159972 1.157094
5584.702 10.77032 0.9012982
5585.989 11.10401 0.8080127
5587.274 10.06609 0.7827838
5588.56 10.64148 0.812048
5589.849 10.39011 0.811134
5591.135 9.019589 0.7661311
5592.424 9.892218 0.8064874
5593.71 10.18899 0.8234024
5595.001 9.773242 0.8178682
5596.288 9.775593 0.8063353
5597.575 10.79719 0.8001471
5598.866 9.629257 0.7616554
5600.154 10.43779 0.7776678
5601.445 10.20328 0.7911041
5602.733 10.71946 0.8070275
5604.025 10.44846 0.7831315
5605.315 9.80754 0.7716962
5606.605 10.4794 0.8051779
5607.897 10.73846 0.8083071
5609.187 9.636915 0.7810246
5610.48 10.02851 0.754755
5611.771 10.0823 0.7443306
5613.065 9.30989 0.7491129
5614.357 9.153434 0.7516105
5615.648 10.27454 0.7374266
5616.943 9.384485 0.7166151
5618.235 9.779895 0.7414401
5619.531 9.981147 0.7468957
5620.824 8.797772 0.7269009
5622.12 9.41401 0.7466713
5623.413 9.464819 0.7609676
5624.707 10.19014 0.7887012
5626.004 10.42094 0.7919699
5627.298 9.175487 0.7875154
5628.596 10.10863 0.7833056
5629.891 11.10545 0.7564308
5631.189 10.73446 0.749064
5632.484 11.06775 0.7812201
5633.78 12.2394 0.8188308
5635.079 8.778434 0.8742946
5636.376 11.11424 0.9007167
5637.675 10.69606 0.8832159
5638.972 8.348322 0.8582387
5640.273 8.683916 0.8635041
5641.57 10.53627 0.9106106
5642.868 10.08455 0.8924094
5644.169 9.294749 0.8102636
5645.468 10.61187 0.7645496
5646.77 10.05337 0.7762682
5648.068 10.06392 0.7652632
5649.371 9.646106 0.7509509
5650.67 9.677964 0.7490541
5651.971 10.05383 0.7730083
5653.274 9.995243 0.7931919
5654.574 9.523414 0.8081272
5655.878 11.32163 0.8548471
5657.18 11.35651 0.7941687
5658.484 9.813255 0.7423433
5659.786 11.09158 0.7837514
5661.088 8.848052 0.7825899
5662.393 9.975325 0.8144575
5663.696 8.69417 0.7755689
5665.002 10.92198 0.7794412
5666.305 9.112845 0.739796
5667.612 9.365153 0.7492243
5668.916 10.88198 0.7924963
5670.22 10.51132 0.8189856
5671.527 9.416588 0.8240087
5672.832 10.45736 0.83917
5674.14 10.24839 0.8366934
5675.445 9.883838 0.790266
5676.754 9.118226 0.7739396
5678.06 9.118504 0.7662354
5679.37 10.63994 0.7760703
5680.676 9.117843 0.7941837
5681.983 11.66705 0.8597469
5683.293 10.16789 0.8286173
5684.601 8.628827 0.8370823
5685.911 8.274653 0.8759136
5687.219 9.736243 0.8763751
5688.531 9.528943 0.8667967
5689.839 9.950384 0.8955013
5691.148 10.07667 0.9290732
5692.461 10.38183 0.8866782
5693.77 9.520151 0.8352371
5695.083 9.380366 0.8170794
5696.394 9.497842 0.8489963
5697.707 9.20971 0.8406903
5699.018 9.869784 0.8194926
5700.329 9.18346 0.7949192
5701.643 8.773635 0.7823774
5702.955 10.24877 0.7984849
5704.27 10.09588 0.780341
5705.583 10.78837 0.7955907
5706.898 9.641241 0.7906847
5708.211 9.96008 0.7690027
5709.524 10.58378 0.7856242
5710.841 9.797241 0.7831078
5712.154 9.267063 0.7714702
5713.472 9.131028 0.7793053
5714.786 8.923098 0.7599061
5716.104 8.886821 0.7410697
5717.419 9.05503 0.747089
5718.734 8.992427 0.7577081
5720.053 8.694401 0.7349031
5721.369 9.699798 0.7560236
5722.688 8.987887 0.7635258
5724.004 9.110974 0.7716144
5725.324 9.973481 0.7749127
5726.642 10.38572 0.7681655
5727.959 8.43511 0.7402878
5729.28 8.657167 0.7537894
5730.598 10.08546 0.7761808
5731.919 9.646479 0.7625895
5733.238 9.468505 0.7643058
5734.56 9.735168 0.7687289
5735.879 8.734396 0.7630529
5737.199 8.199568 0.7444648
5738.521 8.050341 0.7365737
5739.842 8.918854 0.7334124
5741.166 8.592633 0.7246476
5742.486 9.546486 0.735666
5743.81 8.064482 0.727569
5745.132 9.182297 0.759252
5746.454 8.996224 0.7520975
5747.778 10.27816 0.7615861
5749.101 10.26523 0.7607244
5750.427 9.347211 0.7779409
5751.749 9.835907 0.7799467
5753.076 7.655966 0.725037
5754.399 8.021821 0.7225789
5755.723 10.58193 0.7724878
5757.05 9.015703 0.7515994
5758.374 10.29454 0.7595093
5759.703 9.537203 0.7532914
5761.027 8.775627 0.7372894
5762.356 8.82232 0.7547733
5763.682 8.762387 0.7940524
5765.008 9.69303 0.8250171
5766.337 9.178231 0.8057339
5767.664 8.543021 0.7799485
5768.994 9.475716 0.813876
5770.321 9.724968 0.8357239
5771.651 9.625583 0.8268908
5772.979 10.12328 0.8139919
5774.307 9.894606 0.7859865
5775.639 7.696533 0.7412302
5776.967 8.996528 0.7654418
5778.299 10.00911 0.8013799
5779.629 9.770859 0.8161643
5780.961 9.409605 0.7797568
5782.292 8.648688 0.7332788
5783.625 8.800623 0.7429224
5784.956 9.464508 0.7961362
5786.286 9.892837 0.8153494
5787.621 8.300699 0.7727448
5788.952 9.581436 0.7776149
5790.287 8.355274 0.7961572
5791.619 9.210911 0.8517445
5792.955 10.21772 0.841955
5794.287 8.801108 0.7817146
5795.62 9.414572 0.8011818
5796.957 9.482729 0.8647029
5798.29 9.575233 0.8322183
5799.627 8.4029 0.7632186
5800.961 7.606114 0.7439483
5802.299 7.785441 0.7732708
5803.634 9.378518 0.8274574
5804.969 8.969231 0.7875709
5806.308 8.51903 0.7768744
5807.644 8.862083 0.7858003
5808.982 8.070915 0.8203044
5810.319 7.725223 0.7989284
5811.659 8.22524 0.7940913
5812.996 8.901669 0.7653022
5814.333 7.972206 0.7390694
5815.674 8.428517 0.7662668
5817.012 8.483279 0.7842517
5818.353 9.103914 0.7956127
5819.691 8.270197 0.7794084
5821.034 8.09852 0.8050319
5822.373 8.60965 0.7875686
5823.712 8.994158 0.7903004
5825.055 9.649293 0.8214141
5826.395 8.825391 0.8158078
5827.739 9.543663 0.8243909
5829.079 9.470427 0.8203356
5830.423 7.723213 0.8270115
5831.765 8.993212 0.8358753
5833.106 7.591325 0.8351453
5834.452 8.545068 0.814022
5835.793 8.780268 0.8141429
5837.14 9.940271 0.8496242
5838.482 10.34797 0.8767163
5839.829 9.295794 0.8122234
5841.172 8.60466 0.8113596
5842.516 7.011397 0.7984139
5843.863 8.540958 0.8143831
5845.208 7.975897 0.7951128
5846.555 7.270355 0.7797316
5847.9 8.354653 0.7935971
5849.249 8.243671 0.80722
5850.594 7.409061 0.8243351
5851.94 9.151856 0.8455577
5853.29 8.759282 0.8329431
5854.636 7.31596 0.8197441
5855.986 7.361081 0.8318831
5857.333 7.122141 0.8225873
5858.684 7.65342 0.8128306
5860.032 9.125104 0.8323515
5861.38 6.619803 0.8096234
5862.732 7.628937 0.8305794
5864.081 7.312718 0.8663653
5865.433 8.833654 0.8971643
5866.782 9.184517 0.9172664
5868.135 9.298226 0.93406
5869.485 8.227556 0.9137595
5870.835 8.318039 0.8818468
5872.189 9.156667 0.8631425
5873.54 8.780739 0.8574771
5874.894 10.1422 0.8793554
5876.246 9.74644 0.8671429
5877.601 9.227167 0.8637062
5878.953 8.989187 0.8681576
5880.305 9.689997 0.8662711
5881.661 9.141231 0.8463936
5883.015 9.712579 0.845069
5884.371 9.118731 0.841293
5885.725 9.962207 0.8436993
5887.082 10.62841 0.8816118
5888.436 9.348856 0.9871421
5889.794 8.983157 1.209833
5891.149 9.901544 1.463345
5892.504 10.74919 1.259032
5893.863 9.322349 0.9748923
5895.219 9.112979 1.080176
5896.579 7.565786 1.371625
5897.935 7.316614 1.284428
5899.295 8.53466 0.9753311
5900.652 9.206282 0.876519
5902.01 9.032017 0.7961372
5903.371 8.47555 0.8219075
5904.729 8.091888 0.8106868
5906.09 8.31707 0.8126693
5907.449 8.912778 0.8049389
5908.811 8.391475 0.789412
5910.17 6.934963 0.7839908
5911.53 9.472168 0.8210695
5912.893 8.625476 0.8181521
5914.253 7.370344 0.8201336
5915.617 8.199354 0.900135
5916.978 7.641172 0.9181951
5918.343 7.910866 0.8388296
5919.704 7.186375 0.7480575
5921.066 7.699629 0.7515093
5922.431 8.696362 0.7783355
5923.794 7.177497 0.7913052
5925.16 8.117877 0.8288718
5926.523 10.78873 0.8464503
5927.89 8.177937 0.7811832
5929.253 8.30922 0.7400605
5930.617 7.822264 0.7691017
5931.985 8.530336 0.8060496
5933.35 8.07907 0.855842
5934.718 7.18232 0.8448969
5936.083 8.249952 0.811754
5937.452 8.53487 0.7851758
5938.818 7.731582 0.7458457
5940.184 7.232582 0.7414963
5941.554 6.772303 0.7175766
5942.92 6.841483 0.7150236
5944.291 8.017515 0.71598
5945.659 7.427692 0.7211649
5947.03 7.606381 0.7325692
5948.398 7.170981 0.7322024
5949.766 8.893227 0.7416629
5951.138 7.06092 0.7176605
5952.507 7.252371 0.720702
5953.88 7.175433 0.7736846
5955.249 6.877926 0.7705058
5956.623 7.422395 0.7360252
5957.993 7.960352 0.6890199
5959.364 7.616181 0.6760763
5960.738 6.455762 0.697907
5962.109 7.355221 0.7316133
5963.484 8.165673 0.7177678
5964.856 8.702245 0.710683
5966.231 7.340181 0.6840668
5967.604 7.578714 0.6820762
5968.977 7.168226 0.7043674
5970.353 7.039834 0.7110671
5971.727 7.624867 0.7352608
5973.104 7.04619 0.712677
5974.478 6.845134 0.6895667
5975.855 7.582149 0.6808282
5977.23 7.639593 0.689181
5978.605 8.171133 0.7184246
5979.984 6.378807 0.7040341
5981.36 6.859805 0.7115787
5982.739 6.174503 0.6966972
5984.115 6.740067 0.6620779
5985.495 6.721837 0.6519275
5986.872 7.793824 0.6844982
5988.249 7.707732 0.673385
5989.63 7.082956 0.6474854
5991.008 7.162025 0.6425729
5992.39 7.023988 0.648752
5993.768 7.263283 0.7090649
5995.15 8.323546 0.7347062
5996.53 8.033848 0.6718339
5997.913 7.560079 0.6686451
5999.292 7.525787 0.6656221
6000.672 7.106967 0.6566296
6002.056 7.649012 0.6643073
6003.437 6.15147 0.6648712
6004.821 7.914735 0.6965131
6006.203 7.445496 0.6804284
6007.587 7.855602 0.6527819
6008.97 7.110081 0.640483
6010.352 5.873047 0.6346525
6011.738 7.188885 0.6447843
6013.121 7.22745 0.6462803
6014.508 5.919621 0.6314551
6015.891 8.268887 0.6652945
6017.278 6.274628 0.6452441
6018.663 6.778407 0.6378312
6020.047 6.482824 0.6791075
6021.435 7.448271 0.6959069
6022.821 8.087181 0.7242263
6024.209 6.549279 0.6759267
6025.596 6.179017 0.6580313
6026.985 6.902199 0.6594387
6028.372 6.444768 0.6617979
6029.758 6.69029 0.671145
6031.149 7.386016 0.6760141
6032.536 6.901873 0.6466944
6033.927 7.436209 0.6465279
6035.315 7.985448 0.6585226
6036.707 6.106392 0.6389611
6038.096 8.034065 0.6638003
6039.485 6.486797 0.654291
6040.877 8.204732 0.6797696
6042.267 7.336185 0.6659038
6043.661 6.032389 0.62708
6045.051 6.573968 0.6378636
6046.445 6.637604 0.6262196
6047.836 5.764812 0.6161141
6049.227 6.124729 0.6420903
6050.622 7.21844 0.6860132
6052.014 7.565909 0.6897215
6053.41 7.643021 0.67605
6054.802 5.640952 0.6354967
6056.198 6.291009 0.6472045
6057.592 6.650429 0.6519501
6058.985 7.744036 0.6691289
6060.382 7.155173 0.6601503
6061.776 6.245947 0.6381363
6063.174 6.966085 0.6537265
6064.569 7.799345 0.6856741
6065.968 7.855751 0.6858345
6067.363 8.20758 0.6893381
6068.759 7.802269 0.662191
6070.158 6.822663 0.6464674
6071.555 7.141106 0.6412804
6072.955 5.873198 0.638305
6074.352 7.378353 0.6631219
6075.753 8.567685 0.6866914
6077.15 7.464976 0.6694798
6078.548 7.165877 0.6587486
6079.95 7.396899 0.6598761
6081.349 6.78385 0.6524585
6082.752 6.40331 0.6442545
6084.15 6.547654 0.6466638
6085.554 7.009121 0.6485564
6086.954 6.849956 0.6493685
6088.354 6.931716 0.6566197
6089.758 7.128419 0.6840762
6091.159 6.162242 0.6799711
6092.564 6.468494 0.6680637
6093.965 7.487418 0.6730421
6095.37 6.169604 0.6444241
6096.773 5.648616 0.6510606
6098.178 6.197147 0.6544332
6099.581 7.573061 0.6588176
6100.984 5.757306 0.6301985
6102.391 6.575486 0.639826
6103.795 6.461765 0.6438313
6105.203 6.736397 0.6510416
6106.607 6.86339 0.6621327
6108.015 7.459384 0.7660226
6109.42 9.228014 0.7953277
6110.826 7.864785 0.6882668
6112.235 7.760849 0.682121
6113.641 5.736712 0.6493318
6115.051 6.494718 0.6617765
6116.458 7.164373 0.6732063
6117.868 6.54035 0.6569337
6119.275 7.189249 0.6421073
6120.683 7.192153 0.6458086
6122.095 5.773429 0.631309
6123.503 8.085131 0.6739656
6124.915 9.09742 0.8194341
6126.324 7.735328 0.7878156
6127.737 7.035232 0.6629231
6129.146 6.558402 0.6239644
6130.557 6.415876 0.6075552
6131.97 7.869475 0.629068
6133.381 6.644377 0.6134257
6134.795 6.532764 0.6161436
6136.207 6.873732 0.6561746
6137.622 5.337903 0.6609697
6139.034 6.92359 0.677229
6140.446 6.233934 0.6525969
6141.862 7.262403 0.6258485
6143.275 6.638583 0.6135203
6144.691 7.109759 0.6440825
6146.105 7.031025 0.6448855
6147.522 6.492458 0.62449
6148.936 6.771165 0.5944787
6150.351 7.132689 0.5834097
6151.769 7.520785 0.5856859
6153.185 7.142992 0.5965801
6154.604 6.341092 0.6013963
6156.019 7.448758 0.6190122
6157.439 7.420461 0.5974664
6158.855 7.246791 0.676082
6160.272 7.114937 0.6941075
6161.693 7.693467 0.7509234
6163.11 7.069001 0.7767166
6164.531 7.063779 0.756044
6165.95 6.987061 0.700642
6167.371 6.725345 0.6901184
6168.79 6.872572 0.6085383
6170.209 7.22778 0.5649677
6171.632 7.474066 0.5736185
6173.052 7.347006 0.5747542
6174.476 6.819125 0.5613509
6175.896 7.480824 0.5583396
6177.32 5.981947 0.5259506
6178.741 6.601032 0.5226178
6180.163 7.942975 0.5229912
6181.587 7.288758 0.5111694
6183.01 6.174515 0.4970469
6184.435 6.429294 0.4977995
6185.858 5.84795 0.4958223
6187.285 6.905474 0.6000416
6188.708 7.5937 0.6058072
6190.132 7.067579 0.5193464
6191.559 7.24435 0.5206023
6192.983 7.532336 0.5300947
6194.412 6.79091 0.5299229
6195.836 5.993156 0.5142233
6197.265 7.649446 0.5197943
6198.691 7.268882 0.5035881
6200.117 6.900211 0.5015681
6201.547 7.148314 0.5291219
6202.973 6.092724 0.5649161
6204.404 6.362131 0.5772241
6205.831 6.889437 0.5439188
6207.262 7.205778 0.525469
6208.69 6.956241 0.5262414
6210.122 6.48499 0.5256432
6211.55 6.764533 0.5330664
6212.98 7.57591 0.5543156
6214.412 7.337712 0.5543736
6215.842 6.407399 0.5353609
6217.275 7.170275 0.6355182
6218.706 7.93808 0.6583874
6220.139 6.383747 0.6510075
6221.57 6.383485 0.549442
6223.002 6.224851 0.5556426
6224.436 6.725846 0.565101
6225.869 6.085012 0.5656284
6227.304 6.693153 0.5524684
6228.737 6.233712 0.5293183
6230.173 5.338628 0.5155056
6231.606 6.382968 0.5363098
6233.04 6.821897 0.5907984
6234.477 6.939813 0.6850575
6235.912 7.437994 0.7652708
6237.35 6.616165 0.7459822
6238.784 6.140192 0.686795
6240.223 6.459009 0.6272385
6241.659 6.481295 0.6074479
6243.094 7.914857 0.6379122
6244.534 6.562051 0.5911309
6245.971 7.044598 0.5865119
6247.411 6.655952 0.5493285
6248.848 6.753243 0.5548887
6250.289 6.260193 0.5649047
6251.727 6.351175 0.5762343
6253.165 6.035732 0.5580548
6254.607 6.341118 0.5396281
6256.046 6.578022 0.5676008
6257.489 6.465211 0.6474704
6258.928 7.666981 0.71459
6260.372 7.198449 0.6876317
6261.811 4.776961 0.6338299
6263.252 7.356165 0.6662172
6264.696 5.559045 0.6684958
6266.138 6.759317 0.6237701
6267.583 6.352016 0.5951324
6269.024 6.157548 0.5645611
6270.47 6.9886 0.5571253
6271.913 6.797785 0.5633938
6273.355 6.436475 0.5705368
6274.802 6.733814 0.6008366
6276.246 7.103149 0.5957602
6277.693 6.82415 0.5986509
6279.137 6.09104 0.59092
6280.585 5.553828 0.5626479
6282.03 5.709158 0.5409126
6283.475 6.131408 0.5403559
6284.924 5.928588 0.5487713
6286.37 5.742267 0.5932896
6287.819 5.975673 0.6900783
6289.266 5.499325 0.6902749
6290.716 6.279229 0.6086261
6292.164 6.19627 0.535399
6293.611 5.939334 0.5171633
6295.062 6.128081 0.5171843
6296.51 6.162393 0.5379376
6297.962 7.073935 0.6245013
6299.411 6.898472 0.8270906
6300.864 7.73438 0.9424385
6302.314 6.581577 0.9209591
6303.763 7.407672 0.8696098
6305.217 7.57891 0.7159264
6306.667 5.991061 0.6224985
6308.122 6.5199 0.7275556
6309.573 6.46322 0.692884
6311.028 7.645725 0.5899079
6312.48 6.129621 0.5146732
6313.932 6.141012 0.4955014
6315.388 6.163251 0.4842061
6316.84 5.522009 0.4707153
6318.297 6.724759 0.4782633
6319.751 6.87039 0.4979344
6321.208 6.504325 0.5144103
6322.662 6.15993 0.5272396
6324.12 6.879021 0.5378766
6325.575 7.06417 0.540526
6327.03 5.864555 0.5143133
6328.489 5.687823 0.5278506
6329.945 6.154253 0.5741555
6331.405 6.843603 0.5978641
6332.861 7.14292 0.5465053
6334.322 6.127262 0.4866521
6335.779 7.08851 0.4689175
6337.236 6.267145 0.449364
6338.698 6.227226 0.46315
6340.156 6.942627 0.5075623
6341.618 6.584546 0.5215011
6343.077 6.822705 0.4961608
6344.54 6.380336 0.4734465
6345.999 6.577948 0.4764906
6347.459 6.471796 0.4630403
6348.923 6.514605 0.4789162
6350.383 6.426784 0.4853001
6351.848 5.867861 0.480625
6353.309 6.009858 0.4627108
6354.774 7.099487 0.4798154
6356.236 7.316028 0.5121018
6357.698 6.896074 0.5224017
6359.164 6.868282 0.505293
6360.627 6.008795 0.4712225
6362.094 6.173067 0.4718644
6363.558 7.916013 0.5562826
6365.025 6.252545 0.580015
6366.489 7.79955 0.5720952
6367.954 7.8024 0.5171056
6369.422 6.12579 0.4746137
6370.888 6.601171 0.4817888
6372.356 6.424441 0.4737996
6373.823 6.601763 0.4666017
6375.292 6.293301 0.455931
6376.759 6.194183 0.4559814
6378.226 6.747048 0.4604008
6379.697 6.604895 0.470618
6381.165 6.49586 0.4727596
6382.636 7.349966 0.4982804
6384.104 7.717885 0.4930126
6385.576 6.914366 0.4789604
6387.045 6.684726 0.4923127
6388.515 7.264955 0.4943537
6389.988 6.781314 0.4719311
6391.458 7.025907 0.4577786
6392.932 6.272356 0.4471806
6394.402 6.77555 0.4486544
6395.877 7.252702 0.4554817
6397.348 6.403522 0.4604706
6398.82 6.372204 0.4732393
6400.295 6.610784 0.4653806
6401.768 6.007283 0.4447867
6403.244 7.184879 0.4557993
6404.717 6.160543 0.445395
6406.194 5.661581 0.4384309
6407.668 6.697515 0.452677
6409.142 6.961404 0.4645964
6410.62 6.711429 0.4619553
6412.095 6.225411 0.4544822
6413.573 6.434005 0.4745818
6415.049 7.188606 0.4802059
6416.528 5.974137 0.4573214
6418.004 5.919342 0.4439756
6419.48 6.511833 0.4590999
6420.961 5.696064 0.4540671
6422.438 6.886577 0.4714554
6423.919 6.1995 0.4534841
6425.397 6.460087 0.4685528
6426.878 6.553302 0.4690286
6428.357 7.332835 0.4669795
6429.836 6.992765 0.4763837
6431.318 7.044523 0.4892322
6432.798 6.986161 0.4746745
6434.281 5.656431 0.4529773
6435.762 5.865037 0.4548239
6437.246 6.426566 0.4672488
6438.727 5.832883 0.4600168
6440.211 6.310668 0.4549842
6441.693 6.574198 0.4469879
6443.175 6.156184 0.4468832
6444.661 6.659773 0.4652859
6446.143 7.56142 0.4863918
6447.629 6.44991 0.4557478
6449.113 6.646454 0.4570967
6450.6 5.676788 0.4462969
6452.084 6.875878 0.4699016
6453.568 7.448993 0.490189
6455.057 6.180765 0.473011
6456.542 6.610361 0.4909556
6458.03 6.815489 0.5089646
6459.516 6.999623 0.5059481
6461.005 6.436575 0.4749466
6462.492 6.631207 0.4691373
6463.979 6.968371 0.4959607
6465.469 7.168765 0.5304018
6466.957 6.315541 0.5417848
6468.448 5.409012 0.5213204
6469.936 5.922635 0.523564
6471.428 6.376651 0.5392235
6472.917 7.435436 0.5632877
6474.406 6.645944 0.5111728
6475.898 6.593119 0.4740398
6477.388 5.317915 0.4588534
6478.882 6.324626 0.4777058
6480.373 6.439974 0.4677291
6481.867 7.578103 0.4768144
6483.358 6.443316 0.4613359
6484.85 6.533505 0.4560779
6486.345 7.262703 0.4468362
6487.837 7.057015 0.4501321
6489.333 6.979958 0.4600798
6490.826 6.04632 0.4604509
6492.323 6.709899 0.4565569
6493.816 6.181567 0.4352596
6495.31 6.890624 0.439427
6496.808 8.130474 0.4976059
6498.303 7.346796 0.5767424
6499.801 7.353738 0.6412602
6501.296 7.371367 0.5895475
6502.795 6.625492 0.5184697
6504.292 7.001933 0.5172867
6505.788 6.831227 0.5271212
6507.288 6.401143 0.4926383
6508.785 7.449768 0.4647407
6510.286 6.246916 0.4277
6511.784 6.981288 0.4367516
6513.285 6.938198 0.4372691
6514.784 6.5987 0.4434274
6516.282 6.348803 0.4330741
6517.785 6.260231 0.4194877
6519.284 7.069365 0.4372353
6520.788 7.262531 0.4766525
6522.288 7.904551 0.516211
6523.792 7.651189 0.4965216
6525.292 7.440385 0.4690521
6526.794 7.153827 0.4436246
6528.299 6.615632 0.4283198
6529.801 6.934982 0.4469204
6531.306 7.316876 0.4808451
6532.809 6.9488 0.5526404
6534.315 6.33031 0.594791
6535.818 6.27788 0.5440406
6537.322 6.812874 0.4662611
6538.83 7.154499 0.4349148
6540.334 5.759711 0.4798237
6541.842 7.316889 0.5219261
6543.347 7.353604 0.4895251
6544.856 6.57154 0.5035486
6546.361 6.655604 0.5072838
6547.868 7.421876 0.4979286
6549.377 7.505224 0.4677479
6550.884 7.814144 0.4893714
6552.395 8.833751 0.5555752
6553.902 8.702593 0.6011146
6555.414 10.27268 0.6076115
6556.921 11.09991 0.5971617
6558.434 11.18151 0.5622575
6559.942 9.825236 0.6569419
6561.451 10.12252 0.6513664
6562.964 13.48705 0.7975685
6564.474 12.95634 0.9910744
6565.988 9.983084 0.6144407
6567.498 10.37666 0.5975147
6569.013 10.19464 0.6092401
6570.524 11.18277 0.6373367
6572.036 10.78402 0.6389309
6573.551 12.11744 0.6265728
6575.064 11.79942 0.6437588
6576.58 9.014006 0.6538888
6578.092 10.90538 0.715613
6579.609 10.72974 0.6121864
6581.123 8.481365 0.518813
6582.637 10.18123 0.5129818
6584.155 8.767932 0.4898903
6585.669 8.595302 0.4933431
6587.189 8.378996 0.4776055
6588.704 9.231755 0.4923206
6590.223 8.437025 0.4814543
6591.739 8.063566 0.4776514
6593.255 8.300332 0.4763778
6594.776 7.820417 0.4735571
6596.293 7.459137 0.4722582
6597.814 6.991319 0.4806571
6599.332 6.793392 0.4992606
6600.854 7.379557 0.5039896
6602.372 6.985333 0.4912003
6603.891 6.987249 0.4939913
6605.414 7.451194 0.6300387
6606.934 6.57472 0.6125783
6608.457 7.931232 0.515634
6609.977 6.76551 0.5201265
6611.502 6.26664 0.5145827
6613.023 7.580666 0.4707111
6614.544 7.351638 0.4738022
6616.069 7.195164 0.4680489
6617.591 7.188756 0.460659
6619.117 7.551691 0.4665434
6620.64 5.744003 0.4340565
6622.167 6.475921 0.4437133
6623.69 6.881358 0.4457305
6625.214 7.449926 0.4536107
6626.742 5.922687 0.5062634
6628.266 6.534343 0.5155503
6629.794 7.133769 0.4555449
6631.32 6.261187 0.4453832
6632.849 7.005218 0.4586381
6634.374 7.42758 0.4799549
6635.901 6.54851 0.5047348
6637.431 7.157598 0.5243683
6638.958 7.838476 0.5028855
6640.489 7.203955 0.4626454
6642.017 6.670447 0.5047568
6643.548 6.336426 0.5020708
6645.077 6.98422 0.450306
6646.605 7.75143 0.4720706
6648.138 6.957823 0.4690427
6649.667 7.188746 0.4653734
6651.201 7.023524 0.4544711
6652.731 6.271943 0.4603848
6654.265 6.843846 0.4872152
6655.796 7.285466 0.4859571
6657.327 6.327635 0.4491879
6658.862 7.66459 0.4653221
6660.394 8.020501 0.4678269
6661.93 6.408352 0.5146365
6663.462 6.64784 0.5211515
6664.999 6.356838 0.4446702
6666.532 7.290282 0.4598103
6668.066 6.69499 0.4720945
6669.604 6.735643 0.479457
6671.138 7.138547 0.4626196
6672.676 7.150999 0.4460379
6674.211 7.26018 0.4679097
6675.751 7.653343 0.5150438
6677.286 8.346578 0.5195885
6678.826 7.676705 0.4878672
6680.362 7.300724 0.5071269
6681.899 5.832143 0.4942591
6683.44 6.795307 0.4556495
6684.977 7.111499 0.4568292
6686.519 7.227895 0.4485596
6688.057 8.002704 0.4590274
6689.6 6.642795 0.5163482
6691.138 7.68438 0.5338386
6692.678 6.928308 0.4584705
6694.221 7.046702 0.4540983
6695.761 6.778648 0.4372784
6697.305 6.996752 0.4369668
6698.846 6.992713 0.4403738
6700.391 6.564947 0.4435442
6701.932 6.472857 0.4453322
6703.474 6.662015 0.4380445
6705.02 6.409152 0.4345566
6706.562 6.448368 0.4414567
6708.108 6.851907 0.4542219
6709.652 6.89166 0.44341
6711.199 6.769763 0.430565
6712.743 7.134474 0.4378932
6714.287 7.185596 0.4362985
6715.835 6.94728 0.4279248
6717.38 6.560585 0.4847332
6718.929 6.362768 0.4802319
6720.475 6.420738 0.4204796
6722.025 6.389653 0.42234
6723.571 7.206424 0.4283589
6725.118 6.583117 0.4158593
6726.668 6.565889 0.4229153
6728.216 7.027957 0.4365948
6729.768 6.671736 0.4302596
6731.316 6.17474 0.4071058
6732.868 6.75318 0.4109007
6734.417 7.445178 0.4157884
6735.966 6.277962 0.4209658
6737.52 5.787188 0.4255401
6739.069 6.621181 0.4261087
6740.623 6.200727 0.4171755
6742.174 5.832644 0.4099582
6743.729 6.587718 0.4224823
6745.28 7.113151 0.4256279
6746.832 6.766356 0.4130325
6748.388 5.962216 0.4109271
6749.94 6.118862 0.4238685
6751.497 6.503355 0.4216244
6753.05 6.439219 0.398149
6754.607 6.286131 0.385069
6756.161 5.067561 0.4397204
6757.715 5.965664 0.4635874
6759.273 6.425352 0.4062242
6760.829 5.94564 0.3922127
6762.388 6.715382 0.3985284
6763.943 6.898314 0.4140425
6765.503 6.101564 0.4145936
6767.06 5.729481 0.4040316
6768.616 5.833734 0.4401371
6770.177 5.842091 0.4368809
6771.734 6.672591 0.3921836
6773.296 7.100587 0.4006593
6774.854 5.998613 0.4017894
6776.417 6.835103 0.4137816
6777.976 6.125202 0.4005137
6779.535 6.513861 0.3919825
6781.098 6.198124 0.3816291
6782.658 5.941837 0.3856751
6784.222 6.497107 0.3983203
6785.783 6.539141 0.4176284
6787.348 5.607772 0.4884001
6788.909 5.89065 0.4694527
6790.471 6.153544 0.3992197
6792.037 6.227089 0.3950388
6793.599 6.277169 0.3907287
6795.166 5.174173 0.4235943
6796.729 6.427145 0.4502846
6798.296 6.003193 0.3875217
6799.86 6.315243 0.3912984
6801.428 6.492503 0.3988139
6802.993 6.386841 0.4093289
6804.558 6.622543 0.4213293
6806.127 6.410983 0.4187897
6807.693 5.959971 0.4057638
6809.263 6.167394 0.4018655
6810.829 6.456773 0.4116049
6812.399 6.251941 0.4066293
6813.967 6.099698 0.3985383
6815.534 6.477436 0.3988189
6817.106 6.184261 0.3953666
6818.674 5.904581 0.3982058
6820.247 6.33965 0.4139618
6821.815 6.345071 0.4205894
6823.389 6.441066 0.4862849
6824.958 5.085457 0.4867988
6826.528 5.691994 0.4569222
6828.102 6.464589 0.5150832
6829.673 5.370994 0.5946522
6831.248 5.837806 0.6817062
6832.82 5.895589 0.6220446
6834.395 5.66382 0.5872953
6835.968 5.786369 0.6116884
6837.541 6.092447 0.6405451
6839.117 5.740299 0.5107745
6840.69 6.288225 0.4675144
6842.268 5.730428 0.4661222
6843.842 6.393543 0.4583365
6845.42 5.940605 0.4349304
6846.995 5.412212 0.4052011
6848.57 6.229725 0.402927
6850.149 5.66853 0.3980606
6851.725 4.80047 0.3924086
6853.305 5.699776 0.4135372
6854.882 5.50539 0.4022124
6856.462 5.369211 0.451697
6858.04 6.442527 0.464528
6859.618 5.935053 0.4020383
6861.199 5.724977 0.4465211
6862.778 5.046304 0.6259841
6864.36 4.903829 0.7863213
6865.94 6.393954 0.8337576
6867.523 6.516908 0.7796601
6869.102 5.314739 0.604985
6870.683 5.48603 0.5657717
6872.267 5.674028 0.5974829
6873.848 5.666896 0.5807303
6875.433 5.785705 0.5165261
6877.015 5.385973 0.4682284
6878.601 5.448733 0.4492386
6880.183 5.846876 0.4731205
6881.766 5.692399 0.5093921
6883.352 5.586508 0.5016652
6884.936 5.796168 0.4605223
6886.524 6.018068 0.4494375
6888.108 6.244392 0.4794228
6889.696 5.143355 0.5152267
6891.281 5.918357 0.5523619
6892.867 6.424275 0.5296359
6894.456 6.055956 0.4636674
6896.042 5.740922 0.4427111
6897.632 6.547255 0.4798637
6899.219 5.804951 0.464086
6900.81 5.585647 0.4962643
6902.398 5.490187 0.550231
6903.986 5.096972 0.5340297
6905.578 4.286929 0.4309133
6907.167 6.230685 0.4227039
6908.759 4.789364 0.4806965
6910.349 6.445621 0.5384452
6911.942 4.662185 0.4884058
6913.532 5.32491 0.5594863
6915.123 5.28171 0.540324
6916.717 6.66761 0.4754291
6918.308 6.54539 0.4319535
6919.904 5.430077 0.4023348
6921.496 5.822771 0.4494032
6923.092 5.566877 0.5536402
6924.685 6.519372 0.6318961
6926.281 6.831716 0.6013027
6927.874 6.241049 0.504019
6929.468 5.734047 0.4473055
6931.066 4.625865 0.4727541
6932.661 5.19045 0.4598013
6934.259 4.665918 0.4722542
6935.855 5.639374 0.4885175
6937.454 5.352297 0.4292645
6939.05 4.623853 0.4640304
6940.646 5.023755 0.5036216
6942.247 5.534573 0.4875951
6943.844 5.085627 0.4291217
6945.445 5.039664 0.398246
6947.043 5.155424 0.4297237
6948.645 5.849285 0.5549327
6950.243 6.491972 0.6890171
6951.842 5.278941 0.6076
6953.445 5.468583 0.491438
6955.045 5.853596 0.4235908
6956.649 4.336955 0.3927649
6958.249 5.252006 0.4037273
6959.854 6.322643 0.4210908
6961.455 5.112973 0.4115369
6963.056 5.252858 0.4102004
6964.662 5.082247 0.3991899
6966.264 5.083144 0.4058953
6967.871 5.898014 0.4338902
6969.474 5.576023 0.4584256
6971.081 6.09796 0.4902882
6972.684 5.824615 0.5172307
6974.289 4.460347 0.4565235
6975.896 5.592702 0.4112027
6977.502 5.379483 0.4825262
6979.11 4.137925 0.533868
6980.716 5.694155 0.5339029
6982.326 5.044525 0.4830818
6983.932 4.853882 0.4183133
6985.539 4.877021 0.4037817
6987.149 5.147566 0.3955654
6988.757 4.478822 0.3800149
6990.369 5.382058 0.4018989
6991.977 5.782299 0.4368855
6993.589 6.214203 0.4403259
6995.198 4.310614 0.4723852
6996.807 5.175595 0.4886377
6998.42 5.738125 0.4239284
7000.03 4.86681 0.4013488
7001.645 4.139457 0.4234656
7003.255 6.766996 0.4931501
7004.87 6.770971 0.4915413
7006.482 6.295866 0.4920361
7008.094 5.538721 0.436606
7009.709 5.248911 0.6907497
7011.322 4.699724 0.8560364
7012.939 5.640394 0.4979458
7014.552 5.905324 0.472925
7016.17 5.741997 0.4198942
7017.784 5.558557 0.388623
7019.398 4.981303 0.3820336
7021.017 5.40401 0.3846473
7022.632 4.42713 0.4479341
7024.252 4.977059 0.4966327
7025.868 5.561893 0.4484187
7027.488 4.833652 0.4275569
7029.105 5.376582 0.4106657
7030.721 6.103255 0.4088496
7032.343 5.715698 0.3948445
7033.96 4.837775 0.4429064
7035.583 5.552751 0.456691
7037.201 5.830409 0.4050879
7038.824 4.907374 0.3944396
7040.443 4.889444 0.4003991
7042.066 4.564532 0.4113426
7043.686 5.014659 0.424681
7045.307 5.646314 0.4206564
7046.932 4.743928 0.4168566
7048.553 5.44413 0.4493218
7050.178 5.574715 0.4596368
7051.8 5.177635 0.4426611
7053.426 5.608195 0.4211297
7055.049 5.045649 0.4143203
7056.672 5.867965 0.4295824
7058.299 6.174698 0.4227885
7059.923 5.406772 0.4052689
7061.551 5.002159 0.4022394
7063.175 5.517831 0.4098531
7064.804 6.151994 0.4257224
7066.429 5.894754 0.4196022
7068.055 5.691585 0.4142976
7069.685 4.931163 0.4067454
7071.311 5.672073 0.4260365
7072.942 6.452054 0.4407186
7074.569 5.495123 0.4317492
7076.2 5.460284 0.429776
7077.828 5.714433 0.4286957
7079.456 5.897732 0.4235549
7081.089 6.139862 0.4268347
7082.718 5.015626 0.4156411
7084.351 4.77038 0.4095926
7085.981 5.629741 0.4125146
7087.615 4.930045 0.4175
7089.245 5.143864 0.4358974
7090.876 5.838855 0.4521277
7092.511 3.708401 0.4185018
7094.143 5.311774 0.4093526
7095.779 5.035314 0.3865914
7097.411 4.920646 0.3840326
7099.048 5.73613 0.3923122
7100.681 5.149739 0.3919011
7102.315 5.489495 0.4019618
7103.952 5.596026 0.4082732
7105.586 4.754087 0.3865578
7107.225 5.669576 0.40164
7108.86 5.232687 0.3982241
7110.499 4.698643 0.3976157
7112.135 5.352986 0.4053267
7113.771 5.288485 0.3998326
7115.412 5.152466 0.3995291
7117.048 5.566559 0.420944
7118.69 5.408463 0.4191162
7120.327 5.060047 0.4060365
7121.969 4.760945 0.4048154
7123.608 5.125547 0.4209395
7125.247 5.431357 0.5691225
7126.89 5.108439 0.711357
7128.529 5.205271 0.4515858
7130.173 4.910345 0.3920824
7131.813 4.68201 0.4003616
7133.458 4.741938 0.4804065
7135.099 4.072502 0.4628964
7136.74 5.407815 0.4593022
7138.386 4.36282 0.4290148
7140.028 4.952699 0.4403618
7141.675 5.032165 0.3925692
7143.317 4.72395 0.4139872
7144.965 5.420486 0.4434215
7146.608 5.156998 0.4456843
7148.252 4.966312 0.423308
7149.901 5.169495 0.4124945
7151.546 4.930585 0.4119738
7153.195 5.062773 0.4062471
7154.84 5.950858 0.4030251
7156.49 4.940184 0.3871369
7158.137 5.724005 0.4062246
7159.783 5.205872 0.4052935
7161.435 5.037093 0.4095903
7163.082 4.444766 0.3909691
7164.734 4.797665 0.3921608
7166.382 5.142499 0.4098385
7168.035 5.367208 0.4408689
7169.684 4.881047 0.4481131
7171.337 5.231833 0.4403212
7172.986 5.289323 0.4268812
7174.637 4.05661 0.4083955
7176.291 4.629551 0.4214641
7177.942 5.295355 0.4409681
7179.597 5.031122 0.4325789
7181.249 5.280744 0.4368378
7182.905 4.580615 0.4388882
7184.557 5.438803 0.4762857
7186.21 5.459571 0.478245
7187.867 5.706463 0.4507571
7189.521 4.521082 0.4165165
7191.179 4.340343 0.399142
7192.833 4.109411 0.4105094
7194.492 5.10307 0.4389793
7196.146 2.983985 0.4245352
7197.802 4.971369 0.4382881
7199.462 3.950309 0.3848771
7201.118 5.063731 0.4113517
7202.779 4.314355 0.4202642
7204.435 4.954865 0.4364874
7206.097 5.370323 0.4386486
7207.755 4.919969 0.4166708
7209.413 4.990632 0.396155
7211.076 5.207158 0.397187
7212.734 4.361848 0.3791149
7214.398 4.643367 0.3797971
7216.057 3.703311 0.3816
7217.721 5.330577 0.4011081
7219.382 5.237239 0.3888764
7221.042 4.841729 0.3760147
7222.708 4.625461 0.3746079
7224.369 4.65598 0.3888826
7226.035 4.906454 0.3889832
7227.697 4.599711 0.3732067
7229.364 4.760892 0.3869522
7231.027 5.759945 0.4078261
7232.691 4.321835 0.3974154
7234.358 5.50557 0.4338088
7236.023 5.539577 0.4659447
7237.691 5.474588 0.5627828
7239.356 4.112961 0.6842892
7241.026 4.796039 0.816295
7242.692 3.459424 0.8742216
7244.358 0.6874577 0.9021835
7246.028 4.637218 0.9660109
7247.695 6.466814 0.8759294
7249.367 5.260797 0.6511454
7251.034 5.204633 0.535966
7252.707 5.015776 0.5206557
7254.375 4.733121 0.5290638
7256.044 3.486937 0.5173261
7257.717 4.477621 0.5065989
7259.387 4.852394 0.4338954
7261.06 4.482341 0.4004795
7262.731 4.309205 0.3985957
7264.406 4.262439 0.4173778
7266.077 4.346283 0.4297099
7267.748 4.843669 0.4249152
7269.424 3.756741 0.5061672
7271.097 3.917812 0.5297396
7272.773 5.117523 0.4518655
7274.446 5.538817 0.5483364
7276.124 4.015121 0.8349099
7277.798 2.975705 1.080567
7279.472 6.014195 1.003856
7281.151 5.120366 0.6231284
7282.826 4.467408 0.5676849
7284.505 4.446688 0.7055759
7286.181 5.114777 0.7114672
7287.861 4.936509 0.649734
7289.538 5.022265 0.5095461
7291.215 4.796181 0.4273425
7292.896 4.629979 0.4536703
7294.574 4.696954 0.5148469
7296.256 4.653625 0.5179985
7297.934 4.755596 0.4996144
7299.617 5.031406 0.4508996
7301.296 4.93484 0.4750172
7302.98 4.770289 0.5559281
7304.66 4.228334 0.7268703
7306.341 5.150453 0.6203712
7308.025 3.715146 0.4719781
7309.707 4.443032 0.4247734
7311.392 4.225834 0.4315087
7313.074 4.52265 0.4569066
7314.761 4.473245 0.6155127
7316.443 5.172794 0.857656
7318.127 3.243865 0.9440034
7319.814 5.634104 0.8347687
7321.498 2.785889 0.5912677
7323.186 4.423768 0.5021393
7324.871 4.000598 0.5098258
7326.56 4.59305 0.452583
7328.246 3.672338 0.5013728
7329.931 3.788219 0.6149976
7331.622 4.840437 0.6719513
7333.308 3.680541 0.5973193
7334.999 4.644319 0.5363072
7336.686 4.204139 0.5001069
7338.378 5.644486 0.4842478
7340.067 4.313945 0.7019412
7341.755 4.164945 1.071842
7343.448 2.673648 1.041846
7345.138 3.335284 0.7692411
7346.832 3.622644 0.4960228
7348.521 4.514231 0.4250552
7350.216 4.132171 0.4474211
7351.907 4.769377 0.4687294
7353.598 4.29635 0.4452082
7355.294 4.117262 0.4497842
7356.986 4.893975 0.503708
7358.683 4.145259 0.6099641
7360.376 4.704873 0.6899574
7362.073 4.972894 0.6357911
7363.766 4.69255 0.4914271
7365.46 3.980675 0.436235
7367.159 4.084449 0.5047985
7368.854 3.694393 0.6715488
7370.553 3.350348 1.161059
7372.248 5.192471 1.19162
7373.949 5.059484 0.6164986
7375.645 4.738801 0.4600868
7377.342 3.99482 0.4438401
7379.043 4.024228 0.4530337
7380.74 4.00786 0.4394581
7382.442 4.345986 0.4456171
7384.141 4.385815 0.4468222
7385.843 4.218574 0.4414389
7387.542 4.388722 0.4405525
7389.242 4.428882 0.439482
7390.946 4.174696 0.4986585
7392.646 4.068819 0.6015793
7394.351 4.225634 0.5967681
7396.052 4.866845 0.5197529
7397.757 4.827603 0.4598711
7399.459 4.181287 0.495615
7401.162 4.3003 0.6439818
7402.868 3.915001 0.8210218
7404.571 3.199944 0.8103654
7406.279 5.097692 0.6170813
7407.982 4.140741 0.4686935
7409.691 5.040839 0.4486236
7411.395 3.918816 0.4251738
7413.101 4.503961 0.4361651
7414.81 4.501975 0.4437951
7416.516 3.827597 0.4384762
7418.226 4.321324 0.441243
7419.933 4.995056 0.4630753
7421.644 5.211498 0.4687921
7423.351 4.987216 0.4456481
7425.059 4.199283 0.4199231
7426.77 4.312349 0.409417
7428.48 4.201994 0.4432611
7430.192 4.668842 0.5250177
7431.901 4.362899 0.5452919
7433.615 4.366751 0.4805621
7435.326 3.744186 0.445985
7437.04 4.755209 0.4860951
7438.751 3.865481 0.5634525
7440.462 3.625867 0.5843294
7442.178 3.269803 0.5222324
7443.89 3.862445 0.4234013
7445.606 5.023248 0.418372
7447.319 3.984732 0.407333
7449.037 3.705066 0.4154018
7450.751 4.076725 0.4244626
7452.464 3.801596 0.4202771
7454.183 4.225903 0.4265228
7455.898 4.474495 0.4313291
7457.617 3.902003 0.4269779
7459.333 4.61511 0.4547227
7461.053 3.778186 0.4358458
7462.769 4.969692 0.4491036
7464.486 4.443063 0.4673794
7466.207 4.85094 0.5059177
7467.925 3.743356 0.4883475
7469.647 3.262383 0.4855826
7471.365 4.184096 0.5154293
7473.088 5.05513 0.5649611
7474.808 4.253514 0.5602278
7476.527 4.107655 0.5268995
7478.251 4.799882 0.5072254
7479.971 3.864412 0.5345524
7481.696 4.264017 0.6092504
7483.417 4.164476 0.6116859
7485.143 4.29844 0.5720658
7486.865 4.845812 0.5126673
7488.587 4.118484 0.4522781
7490.315 3.846273 0.4414751
7492.037 3.811179 0.4378065
7493.765 4.173026 0.4430271
7495.489 4.468906 0.4470813
7497.217 3.258035 0.4157071
7498.942 3.296391 0.4122994
7500.667 4.355026 0.4304775
7502.397 4.383584 0.4178198
7504.123 3.66345 0.3908377
7505.853 4.788314 0.401248
7507.58 4.047327 0.3866812
7509.311 3.937007 0.3872778
7511.039 4.309286 0.3900417
7512.767 4.678902 0.3961035
7514.499 4.6074 0.3931542
7516.227 4.046728 0.4033362
7517.961 4.160551 0.4287643
7519.69 3.866283 0.4418378
7521.424 4.060846 0.4945101
7523.155 5.670868 0.7218972
7524.885 3.133026 0.856635
7526.621 4.425277 0.7651983
7528.352 4.124407 0.6374481
7530.088 3.673589 0.5271659
7531.82 2.971987 0.5489023
7533.557 3.264561 0.5043356
7535.291 2.917427 0.4269752
7537.024 4.058735 0.4000368
7538.762 3.930701 0.4115665
7540.496 3.702124 0.4357006
7542.235 4.079624 0.4491937
7543.97 4.213572 0.4229763
7545.709 4.109815 0.407073
7547.445 3.116196 0.3930054
7549.182 3.614791 0.3900866
7550.923 3.3925 0.3719408
7552.66 3.650932 0.3817209
7554.401 4.064579 0.4011414
7556.139 3.149752 0.4272978
7557.882 3.135492 0.4621802
7559.62 3.321346 0.4689724
7561.359 3.691818 0.4345859
7563.103 3.821581 0.4007122
7564.843 3.316088 0.383818
7566.587 3.488472 0.3934483
7568.328 4.314452 0.4284382
7570.073 3.497126 0.4934575
7571.815 3.665743 0.6660082
7573.561 2.545285 0.7746563
7575.303 3.531236 0.6350174
7577.046 3.783302 0.469268
7578.793 2.986875 0.3947987
7580.537 3.774263 0.3850212
7582.285 4.504501 0.3984168
7584.029 4.016696 0.4062354
7585.778 2.940099 0.4604132
7587.523 4.180921 0.5579357
7589.269 4.439745 0.540213
7591.019 4.16045 0.4640831
7592.765 4.461126 0.4273408
7594.516 3.350811 0.408068
7596.263 3.517929 0.5256684
7598.014 4.416412 0.8112187
7599.762 2.489913 1.092709
7601.511 5.656828 1.196207
7603.264 4.928473 1.089561
7605.013 5.245191 1.050708
7606.766 3.954712 1.056487
7608.516 4.42399 1.067175
7610.271 4.2269 1.020188
7612.021 4.459591 0.887285
7613.773 4.514089 0.7392422
7615.528 3.924934 0.635661
7617.28 2.449193 0.5842649
7619.037 3.30796 0.5785573
7620.79 4.202964 0.5851932
7622.547 4.376286 0.589247
7624.3 5.25457 0.6366628
7626.054 4.075306 0.6719862
7627.813 3.885554 0.8165497
7629.568 5.301863 0.9890736
7631.327 4.639343 0.8909306
7633.083 4.729366 0.7396315
7634.843 3.925579 0.6146368
7636.599 3.333012 0.5877575
7638.356 4.111412 0.6029025
7640.117 3.077065 0.5591283
7641.875 4.104036 0.5980714
7643.637 2.632641 0.5231917
7645.395 4.720918 0.5183075
7647.159 3.876195 0.5164972
7648.918 4.241354 0.5002016
7650.677 4.468087 0.5348802
7652.442 3.655739 0.5417136
7654.202 3.652427 0.5382558
7655.967 4.816777 0.5402327
7657.729 3.334623 0.4613321
7659.494 4.414155 0.4491191
7661.256 3.664416 0.5088224
7663.019 3.910589 0.605112
7664.786 3.382302 0.5572476
7666.549 4.138002 0.48859
7668.317 3.731993 0.4334499
7670.081 3.363186 0.4177204
7671.85 4.426194 0.4457822
7673.615 3.381355 0.4363871
7675.38 4.32956 0.4260038
7677.15 4.34423 0.4159937
7678.916 3.389429 0.4117709
7680.687 3.694059 0.4231956
7682.454 4.332295 0.4345646
7684.225 3.279054 0.4221151
7685.993 3.583984 0.4161704
7687.761 3.341149 0.4155683
7689.534 4.06446 0.4332497
7691.303 3.939869 0.4556474
7693.077 3.693825 0.4641452
7694.846 3.14493 0.4400531
7696.621 4.285199 0.423664
7698.391 3.016355 0.4273329
7700.162 3.911658 0.4705922
7701.938 4.649277 0.5073798
7703.71 3.903822 0.4886448
7705.486 3.696569 0.44674
7707.259 4.418532 0.4221664
7709.036 4.492188 0.4648093
7710.81 3.640164 0.603379
7712.588 4.772267 0.8542485
7714.362 1.894021 0.9789861
7716.137 3.319074 1.011914
7717.916 4.283929 1.012066
7719.691 2.295351 1.0362
7721.472 3.41848 0.7490404
7723.248 3.846731 0.5436895
7725.029 4.604272 0.582654
7726.806 3.592704 0.6550989
7728.583 3.945533 0.5857171
7730.366 3.512181 0.5103564
7732.144 4.276873 0.4707227
7733.927 3.203286 0.4460677
7735.707 3.461994 0.461443
7737.49 3.614463 0.5025165
7739.27 4.071399 0.5139491
7741.051 2.801911 0.4617153
7742.835 3.930174 0.4315636
7744.617 4.119478 0.4371755
7746.403 3.804939 0.4353187
7748.185 4.586177 0.527042
7749.972 3.634592 0.7941196
7751.754 4.085946 1.114892
7753.538 4.38622 1.196951
7755.326 3.620477 0.8757938
7757.11 5.04275 0.5852993
7758.898 3.236606 0.5964583
7760.684 3.24612 0.7191706
7762.473 3.659506 0.718801
7764.259 4.19639 0.5582429
7766.045 3.712613 0.4575705
7767.836 4.161051 0.4546581
7769.623 3.93132 0.4434615
7771.415 3.811446 0.458573
7773.202 2.743153 0.5227481
7774.995 3.241826 0.6017195
7776.783 4.098317 0.5275668
7778.572 1.810246 0.4604527
7780.366 4.666701 0.5865201
7782.156 2.484301 0.6514647
7783.951 5.296002 0.5725839
7785.741 3.304785 0.481651
7787.537 5.080338 0.4632255
7789.328 3.685504 0.4634389
7791.12 2.730195 0.5427508
7792.917 3.723734 0.7898306
7794.709 3.846294 1.009417
7796.507 2.909868 1.019832
7798.3 3.501252 0.7588359
7800.099 2.874789 0.5157643
7801.893 3.607843 0.4298904
7803.688 3.25656 0.4193189
7805.487 3.762501 0.4308043
7807.283 3.191882 0.5136681
7809.083 3.376941 0.6958778
7810.88 3.725991 0.7888355
7812.681 3.159151 0.6266506
7814.479 5.032216 0.4890212
7816.276 3.591041 0.4810433
7818.079 3.04671 0.5655584
7819.877 4.082751 0.6508519
7821.68 2.564916 1.171501
7823.48 5.2457 1.683261
7825.284 1.733428 1.06933
7827.084 5.356085 0.6069024
7828.884 3.35181 0.4723525
7830.69 2.786824 0.4594066
7832.491 3.934282 0.4624522
7834.297 2.874135 0.4426259
7836.1 4.199024 0.4613779
7837.907 3.858262 0.4781844
7839.71 3.680647 0.5440827
7841.513 3.735184 0.7177587
7843.321 3.758779 0.8206621
7845.126 3.357013 0.6808641
7846.935 4.561076 0.5371881
7848.74 4.436554 0.4933121
7850.55 4.332073 0.6294169
7852.356 1.374209 1.04999
7854.167 4.326356 1.335238
7855.974 3.056064 1.457172
7857.781 1.447218 0.8482293
7859.593 3.176804 0.6895856
7861.401 3.009823 0.77703
7863.214 2.000082 0.7623868
7865.023 3.464353 0.6466805
7866.836 3.438384 0.5532782
7868.646 4.056448 0.6420058
7870.456 2.549278 0.8633107
7872.271 4.385309 0.943212
7874.082 4.421285 0.8862054
7875.898 3.157638 0.6359456
7877.71 4.270575 0.5448452
7879.526 2.712363 0.6872776
7881.339 2.882313 0.787115
7883.152 3.532258 0.699713
7884.97 2.676704 0.5931169
7886.784 5.055248 0.5536016
7888.602 2.778829 0.6844763
7890.417 3.48221 0.9152611
7892.237 2.075164 0.9569154
7894.052 1.757256 0.8496156
7895.869 3.816778 0.585227
7897.689 3.479921 0.4677942
7899.506 3.342162 0.4575106
7901.328 3.82914 0.4632655
7903.145 3.18658 0.4540403
7904.968 3.448135 0.4666671
7906.786 3.94185 0.4740692
7908.605 2.850475 0.4731734
7910.429 4.815662 0.5390907
7912.248 1.366466 0.8233072
7914.073 4.320652 1.27335
7915.894 4.878879 1.368302
7917.719 4.271414 1.325022
7919.541 3.789424 0.7880509
7921.363 3.100468 0.8394035
7923.19 2.519898 0.9370068
7925.012 5.360568 0.7737259
7926.839 4.922581 0.5747172
7928.663 2.775585 0.56525
7930.491 2.164179 0.6554545
7932.316 3.616721 0.7815295
7934.141 3.250861 0.9104073
7935.97 2.271096 0.7294963
7937.796 3.724528 0.5120044
7939.627 3.730392 0.4845453
7941.453 3.904652 0.5513094
7943.284 3.884124 0.5500891
7945.111 4.084381 0.4900655
7946.939 4.862343 0.5403163
7948.772 3.857944 0.6531137
7950.601 2.253275 0.7379461
7952.434 3.457958 0.6959577
7954.263 3.859623 0.5364621
7956.098 3.561099 0.4725129
7957.928 3.848253 0.4866812
7959.758 3.280901 0.476606
7961.594 3.468337 0.4975285
7963.425 3.839998 0.6775529
7965.262 3.468213 1.124895
7967.094 0.08878346 1.259442
7968.932 1.502269 0.8229578
7970.765 4.263544 0.6284123
7972.598 3.770847 0.5247549
7974.437 4.174969 0.5872041
7976.271 3.399828 0.6406892
7978.111 2.314728 0.6774541
7979.946 3.63741 0.9159472
7981.786 3.312848 0.9532024
7983.623 2.972436 0.6935849
7985.459 3.497039 0.5010621
7987.3 3.317961 0.4820563
7989.138 3.399692 0.5060766
7990.98 4.371855 0.582838
7992.818 4.770631 0.8822655
7994.662 3.720739 1.217807
7996.501 2.574404 1.097524
7998.345 2.879538 0.7428483
8000.185 3.944224 0.5991114
8002.025 3.494641 0.547286
8003.871 3.762452 0.5136396
8005.711 3.561138 0.4909269
8007.558 3.162421 0.4629874
8009.4 2.78886 0.4427882
8011.247 3.457128 0.5017413
8013.09 2.386267 0.5833993
8014.933 2.225888 0.7780948
8016.781 4.534219 0.8147522
8018.626 4.318402 0.6424337
8020.475 3.482185 0.547117
8022.32 3.106805 0.5617762
8024.17 3.645237 0.6449726
8026.016 3.893521 0.9392401
8027.862 5.035426 1.116224
8029.713 3.765847 0.9069912
8031.56 4.498578 0.6580853
8033.413 3.057962 0.5171219
8035.261 2.894287 0.476832
8037.114 2.718723 0.4586555
8038.962 2.590227 0.446652
8040.812 2.812198 0.4659477
8042.666 2.90433 0.4686166
8044.516 2.240143 0.452229
8046.371 3.067674 0.4643908
8048.222 3.009048 0.489019
8050.078 3.853674 0.5502505
8051.93 3.793029 0.6480199
8053.783 3.668295 0.6733662
8055.64 1.68764 0.6252158
8057.493 3.243429 0.5207568
8059.351 2.554957 0.468022
8061.205 3.530251 0.6484096
8063.064 1.77316 0.901508
8064.919 3.34974 0.8952155
8066.774 3.196038 0.6019743
8068.634 3.145347 0.476578
8070.49 2.382066 0.46308
8072.352 3.239834 0.4814126
8074.208 2.990939 0.4740971
8076.07 3.612539 0.4841987
8077.928 2.380355 0.4857011
8079.787 2.693208 0.4978455
8081.65 3.30864 0.4788311
8083.509 2.562828 0.464093
8085.373 2.935775 0.4889352
8087.233 2.742901 0.48643
8089.098 2.28933 0.4781891
8090.959 2.898909 0.4914014
8092.82 2.639711 0.5058154
8094.686 2.986836 0.5428442
8096.548 2.260282 0.5364465
8098.416 2.859398 0.4877939
8100.279 2.473777 0.4858536
8102.146 2.426058 0.5716615
8104.01 1.832662 0.6419476
8105.874 2.45618 0.6230606
8107.744 3.1567 0.5845993
8109.609 2.7078 0.550159
8111.479 2.650583 0.498874
8113.345 2.917817 0.4644604
8115.216 3.090098 0.4629826
8117.083 2.509363 0.4684433
8118.95 2.348426 0.4495426
8120.823 2.739883 0.4514977
8122.691 1.451401 0.4327857
8124.564 3.071738 0.4609874
8126.433 3.298535 0.4567041
8128.307 1.977334 0.448913
8130.177 1.99766 0.4645548
8132.051 2.532637 0.4729515
8133.922 3.560743 0.4973546
8135.793 2.836915 0.5016757
8137.669 2.535795 0.504507
8139.542 2.879499 0.5146204
8141.418 2.171245 0.5307093
8143.292 2.903657 0.5410811
8145.169 2.731231 0.5199411
8147.043 2.635089 0.5290618
8148.917 2.558266 0.5576526
8150.796 2.986341 0.5406495
8152.671 2.771542 0.5033705
8154.551 2.395831 0.5010264
8156.427 2.327441 0.5109786
8158.308 2.844532 0.4983055
8160.185 2.462767 0.4896877
8162.062 3.86974 0.6342309
8163.944 1.97838 0.6989214
8165.823 1.770023 0.5698408
8167.706 1.99919 0.5045797
8169.584 3.218527 0.5082914
8171.468 2.400052 0.5097739
8173.348 2.644255 0.5059332
8175.229 2.91783 0.4979119
8177.114 3.454634 0.52477
8178.995 3.232555 0.5784355
8180.881 2.985868 0.5943512
8182.763 2.804461 0.6018535
8184.65 1.779579 0.5964889
8186.533 3.407904 0.6010041
8188.416 3.110171 0.5925096
8190.304 4.032771 0.5968791
8192.189 1.690508 0.558758
8194.077 3.312522 0.5979536
8195.963 2.367155 0.6156116
8197.853 1.998144 0.6282889
8199.738 2.234361 0.5880566
8201.625 2.132493 0.5369436
8203.516 3.297328 0.5218998
8205.403 1.605919 0.4872781
8207.296 3.028558 0.4955562
8209.184 2.311254 0.4977309
8211.076 2.43358 0.4849204
8212.966 3.016915 0.4856712
8214.854 2.340982 0.473251
8216.749 3.015584 0.4903568
8218.64 2.930433 0.5032193
8220.534 2.669225 0.5036782
8222.426 2.700284 0.5019017
8224.322 2.028724 0.502554
8226.214 2.148744 0.5073174
8228.106 1.328582 0.5516106
8230.004 2.363988 0.6131102
8231.897 2.149598 0.562511
8233.795 2.187992 0.5340884
8235.69 3.205033 0.5401568
8237.589 2.765599 0.5343412
8239.483 2.58513 0.5220065
8241.379 2.818107 0.5199204
8243.279 2.933403 0.5369022
8245.176 2.127882 0.5436073
8247.077 2.286067 0.5388861
8248.975 3.42756 0.5687967
8250.877 2.079302 0.562663
8252.774 2.157177 0.534951
8254.673 3.649669 0.5191446
8256.577 1.451945 0.4826784
8258.477 3.000439 0.5378157
8260.381 2.786464 0.5594545
8262.281 2.41141 0.5666183
8264.186 2.732589 0.567755
8266.087 2.610428 0.5316787
8267.989 1.383287 0.5013166
8269.896 2.141848 0.4919516
8271.798 2.14699 0.5009096
8273.705 2.32568 0.5668843
8275.608 2.080522 0.5765907
8277.517 4.030598 0.6960216
8279.421 2.794563 0.8407065
8281.33 1.69093 1.077014
8283.235 2.573429 1.11865
8285.142 2.477768 1.04787
8287.052 0.645038 1.004204
8288.958 1.791827 1.25934
8290.869 1.896382 1.452095
8292.777 2.072404 0.992183
8294.69 2.498778 0.7008311
8296.598 2.572085 0.8918298
8298.506 2.949242 1.261852
8300.42 1.238359 1.693661
8302.329 -1.130609 1.227003
8304.243 2.270479 0.7343084
8306.154 2.925123 0.5883493
8308.069 2.37366 0.5723441
8309.98 3.00176 0.6701844
8311.893 2.937336 0.8452316
8313.809 1.365986 0.8579802
8315.722 2.144919 0.6427156
8317.64 1.944039 0.5268779
8319.553 1.785932 0.5668173
8321.471 2.256262 0.6007418
8323.386 3.353314 0.6396591
8325.3 1.873871 0.5753604
8327.22 2.712939 0.536648
8329.136 1.647693 0.5134845
8331.057 2.311418 0.5320479
8332.973 1.742804 0.5543007
8334.895 2.535306 0.5553694
8336.811 3.745835 0.5556486
8338.729 1.221303 0.5617601
8340.652 3.416572 0.7214596
8342.571 4.852772 1.090547
8344.495 2.789792 1.836515
8346.415 -0.1039046 2.348279
8348.34 -1.473831 1.983924
8350.26 0.6956573 1.001186
8352.181 3.814951 1.011048
8354.107 2.398826 1.271221
8356.029 3.243212 1.076097
8357.956 2.549448 0.7637975
8359.879 2.010901 0.5760799
8361.807 2.125212 0.6109545
8363.729 2.840785 0.7578344
8365.654 1.17423 0.8446284
8367.583 0.836595 0.848286
8369.508 2.125644 0.7761743
8371.438 2.068514 0.6851934
8373.364 2.834889 0.6018702
8375.295 2.463279 0.5456178
8377.222 2.332042 0.5777349
8379.148 2.156595 0.6401627
8381.081 2.533816 0.8073636
8383.009 1.792967 1.054973
8384.942 2.894752 1.038098
8386.871 3.246123 0.7908394
8388.805 2.343964 0.6256319
8390.734 1.467946 0.6469156
8392.665 1.528304 0.6462126
8394.601 2.117563 0.5651094
8396.531 2.480652 0.7492816
8398.468 1.20427 1.333179
8400.399 0.2254064 2.147649
8402.337 1.403931 1.610832
8404.27 3.578165 0.9029561
8406.203 1.964349 0.6365116
8408.142 1.845406 0.5775866
8410.076 1.731393 0.5527485
8412.016 2.384041 0.5803078
8413.95 1.216792 0.7203395
8415.891 1.932736 1.030473
8417.827 4.010176 1.299828
8419.764 0.4705976 0.8422395
8421.705 2.61934 0.5860398
8423.643 1.162341 0.5627429
8425.585 3.487864 0.6377602
8427.523 3.027587 0.8024716
8429.467 2.688822 1.151689
8431.405 -0.2652941 1.997557
8433.35 1.615034 2.313454
8435.29 2.471954 1.291965
8437.23 2.815526 0.64435
8439.176 1.239983 0.5374051
8441.117 2.57353 0.5647665
8443.065 3.082514 0.609853
8445.006 2.161087 0.5862325
8446.954 2.531216 0.5850915
8448.897 2.796934 0.6208906
8450.841 3.63987 0.7793897
8452.789 2.364031 1.080756
8454.734 2.136033 1.122162
8456.684 3.625549 0.8232152
8458.629 0.9274169 0.6584588
8460.579 3.553907 0.6757968
8462.525 3.913541 0.7834778
8464.473 0.6235198 1.257022
8466.425 2.710615 1.875926
8468.372 0.1373563 1.716156
8470.325 4.192724 1.023521
8472.273 0.454979 0.5746362
8474.228 2.042894 0.5862796
8476.177 2.145582 0.5913188
8478.127 2.306551 0.5589848
8480.082 2.87517 0.5501802
8482.032 1.915587 0.5172535
8483.988 2.415267 0.5172103
8485.94 2.640957 0.5308488
8487.897 2.226381 0.5329806
8489.85 1.935387 0.5503969
8491.803 2.837457 0.6280119
8493.761 1.942886 0.8415383
8495.715 1.560086 1.01107
8497.674 2.868281 0.8388351
8499.629 2.905289 0.619887
8501.589 2.484324 0.6278158
8503.545 1.284526 0.8829578
8505.501 4.714459 1.210107
8507.462 1.512448 1.181943
8509.42 2.572553 0.8755252
8511.382 2.410602 0.6082841
8513.34 2.915293 0.5430327
8515.303 2.717922 0.5488312
8517.262 2.537055 0.563884
8519.222 2.138729 0.5887611
8521.185 1.751737 0.6121992
8523.147 1.950904 0.6095451
8525.111 2.340164 0.5859532
8527.072 1.324411 0.555259
8529.039 2.166539 0.5587627
8531.001 2.207746 0.5555177
8532.964 2.151829 0.5472064
8534.932 3.404869 0.5613079
8536.895 1.822549 0.5996698
8538.863 3.238851 0.7815384
8540.828 1.175678 0.8681243
8542.797 3.026939 0.7134957
8544.763 2.534668 0.5764964
8546.728 1.846174 0.614405
8548.699 2.412632 0.8555434
8550.666 1.974517 0.9470023
8552.638 1.881605 0.7950687
8554.604 1.979325 0.6338165
8556.577 2.256633 0.5523199
8558.546 1.891806 0.5197807
8560.515 2.422457 0.5427189
8562.489 2.306288 0.5643455
8564.459 2.722754 0.5729612
8566.434 2.219383 0.5599124
8568.404 1.983401 0.5457656
8570.38 1.94103 0.5336018
8572.352 2.338509 0.5567285
8574.324 2.239291 0.5804487
8576.301 2.196865 0.5941783
8578.274 2.479911 0.5929355
8580.252 1.920747 0.5699558
8582.226 2.09154 0.5507573
8584.205 2.187333 0.55999
8586.18 1.899848 0.5870408
8588.16 2.549382 0.6822466
8590.136 3.627935 0.7920065
8592.111 1.044152 0.7423798
8594.093 1.28931 0.6339933
8596.07 1.524322 0.6232065
8598.053 2.17755 0.7002006
8600.03 1.89357 0.7041355
8602.014 1.509219 0.6175957
8603.992 2.448451 0.5980503
8605.972 2.326742 0.6087809
8607.956 2.486176 0.6298583
8609.936 2.493589 0.6599147
8611.922 2.093718 0.6855963
8613.903 1.532292 0.7276993
8615.89 1.926662 0.758841
8617.871 4.195227 1.046563
8619.853 3.243323 1.122095
8621.842 1.138996 0.9219511
8623.825 3.165156 1.131476
8625.814 1.915126 1.233798
8627.798 -1.581216 1.65097
8629.788 1.542932 1.396151
8631.772 -0.4115341 1.139222
8633.759 2.005784 1.249029
8635.75 0.5273648 1.227257
8637.736 2.116536 1.117192
8639.728 1.730923 1.026666
8641.716 3.022917 1.054395
8643.708 0.9017295 0.8355994
8645.697 1.576095 0.7245593
8647.685 2.938017 0.8290823
8649.68 1.187259 0.9168443
8651.67 4.68761 1.064793
8653.665 -2.959501 1.339441
8655.655 5.398633 1.177698
8657.651 -0.8766364 1.400371
8659.644 -0.1622463 1.453669
8661.636 3.21102 1.233501
8663.633 4.900354 1.211084
8665.626 2.406229 1.129881
8667.624 1.909987 1.079638
8669.618 2.295881 1.100619
8671.617 1.814216 1.104662
8673.612 2.375853 1.049742
8675.607 -0.2033369 0.9380329
8677.608 2.971198 0.9040358
8679.604 1.261118 0.8383911
8681.605 1.534978 0.8652836
8683.603 0.7935679 0.8608497
8685.605 2.234764 0.7481832
8687.603 2.124057 0.7449305
8689.603 1.487576 0.7210628
8691.605 2.574156 0.716934
8693.605 1.374369 0.7166037
8695.61 1.485646 0.7033137
8697.61 1.939213 0.6799706
8699.616 1.057011 0.7023736
8701.617 2.566773 0.7689976
8703.619 2.029001 0.7391975
8705.626 1.349388 0.6896199
8707.629 1.797319 0.7004537
8709.637 1.693754 0.7210206
8711.641 2.272587 0.7040894
8713.649 2.847525 0.6808447
8715.654 2.205613 0.6802875
8717.659 2.829528 0.7118177
8719.67 1.113812 0.6873612
8721.676 1.789407 0.705576
8723.686 2.41038 0.6625119
8725.693 1.298612 0.6356173
8727.706 0.659759 0.6162674
8729.713 0.6923015 0.6128076
8731.722 2.175755 0.6458453
8733.735 2.322511 0.7167545
8735.744 2.812252 0.8034611
8737.759 1.679343 0.829012
8739.769 3.055349 0.822399
8741.784 0.9483925 0.7462249
8743.795 1.150705 0.6868786
8745.811 3.027136 0.7606357
8747.823 1.670503 0.7554885
8749.836 2.866682 0.8234237
8751.853 2.361692 0.8406168
8753.867 4.170053 0.8272044
8755.886 1.445186 0.8121677
8757.9 6.091287 1.008733
8759.92 0.1472681 1.255907
8761.935 4.215897 1.765111
8763.95 0.9074281 1.965617
8765.972 2.871056 1.792547
8767.988 -0.9801624 2.282845
8770.01 -2.710344 2.490131
8772.027 2.455054 1.452718
8774.05 1.641844 1.109799
8776.068 4.750557 1.41485
8778.088 0.8558612 1.994005
8780.111 -1.224802 2.270912
8782.132 1.870856 1.704534
8784.156 4.615662 1.052606
8786.178 1.920712 0.7773017
8788.203 2.965643 0.7908745
8790.226 -0.0899655 1.10887
8792.247 1.692247 1.49334
8794.275 1.660055 1.348699
8796.298 1.646822 0.9773045
8798.326 2.337916 0.8545313
8800.351 2.067186 0.7763464
8802.38 2.643475 0.7650222
8804.405 0.7492802 0.7170924
8806.431 1.220955 0.7143466
8808.461 3.034043 0.7967977
8810.487 2.201801 0.8482614
8812.52 1.943674 0.8503278
8814.546 1.314199 0.7856239
8816.579 3.259542 0.763884
8818.607 2.549927 0.7665612
8820.636 3.693419 0.838888
8822.67 3.349649 1.028085
8824.699 4.522911 1.444468
8826.734 3.326701 2.779362
8828.765 -0.9415471 4.645792
8830.801 0.04319286 2.772421
8832.833 5.567004 1.618108
8834.864 0.3675094 1.490963
8836.901 2.430246 1.884849
8838.935 1.769723 2.060611
8840.973 3.43886 1.47257
8843.007 1.797055 0.9942444
8845.046 1.414407 0.8902788
8847.081 1.967456 0.9156094
8849.116 0.7393006 1.08435
8851.156 0.9480249 1.220112
8853.192 1.198823 1.094431
8855.234 1.343069 0.9009542
8857.272 1.746384 0.8921945
8859.315 1.209898 0.9242116
8861.352 3.153958 0.9374724
8863.391 3.533587 0.929649
8865.435 1.881072 1.010736
8867.474 -1.30241 1.459373
8869.519 1.856623 2.027892
8871.56 0.8522897 1.363493
8873.604 1.538639 0.8288888
8875.647 2.479223 0.7926248
8877.689 1.985185 0.8196073
8879.735 0.8746791 0.8350203
8881.778 3.81058 1.022229
8883.826 2.265225 1.586513
8885.87 1.125926 3.13796
8887.919 0.8057576 4.434257
8889.964 5.651223 2.332864
8892.009 3.294236 1.099125
8894.06 0.3781393 0.8039995
8896.105 2.138527 0.9278213
8898.156 2.86847 0.9853059
8900.204 3.834478 0.9210455
8902.256 0.7694597 1.326243
8904.304 1.052905 2.158177
8906.357 2.637835 1.938559
8908.406 2.250909 1.233643
8910.456 1.36443 0.9619285
8912.511 2.519246 0.8857504
8914.56 2.012702 0.8967505
8916.616 3.074292 1.312434
8918.668 1.932359 2.56212
8920.725 -3.687306 3.674157
8922.776 -3.9749 2.605482
8924.829 3.359238 1.591045
8926.887 1.753223 1.196135
8928.94 2.824974 1.061236
8931 3.060695 0.9456249
8933.055 1.311196 0.8565806
8935.114 2.341443 0.8594759
8937.17 2.038046 0.8620337
8939.226 2.90886 0.8536304
8941.287 1.89333 0.9715359
8943.344 0.4959236 1.462511
8945.406 3.042792 1.766206
8947.464 5.009003 1.390981
8949.527 1.334315 1.037669
8951.586 1.460934 0.9260859
8953.646 1.91434 0.9936295
8955.71 2.365927 1.41794
8957.771 -1.329529 2.755117
8959.836 -2.5698 3.875431
8961.897 -1.242324 2.75876
8963.964 2.020077 1.427443
8966.026 1.19215 1.070476
8968.089 1.181678 0.9573086
8970.157 1.495526 0.861001
8972.221 4.557945 0.913223
8974.289 2.399463 0.9055446
8976.353 1.948666 0.8300425
8978.424 0.9472188 0.7937996
8980.489 2.083579 0.848197
8982.556 1.654441 0.9078963
8984.627 1.922501 0.9000427
8986.693 2.428783 1.066441
8988.766 4.411044 1.68592
8990.834 -2.695354 1.881953
8992.907 3.9903 1.51052
8994.976 2.937691 1.161416
8997.045 2.058297 1.013192
8999.12 2.056463 1.260691
9001.19 1.466722 2.303043
9003.266 0.3462634 2.674106
9005.337 0.1210279 1.946455
9007.413 2.940935 1.101171
9009.485 1.098043 0.8988009
9011.559 2.28659 0.8616849
9013.636 2.949944 0.8780634
9015.71 2.906813 0.8187477
9017.789 2.280774 0.8386923
9019.863 2.48781 0.8652996
9021.943 1.857469 0.8151316
9024.019 1.82239 0.8438201
9026.095 1.09268 0.8996111
9028.176 1.652616 0.9708685
9030.253 2.012116 0.8923442
9032.335 1.18067 0.8344181
9034.413 3.242397 0.8553579
9036.497 1.705264 0.9137437
9038.575 -0.05312041 1.166934
9040.654 2.387103 1.252393
9042.739 1.902061 0.9720242
9044.819 0.8995281 0.8608939
9046.905 1.20679 0.9252344
9048.986 2.525992 1.286819
9051.073 -2.066492 1.712633
9053.155 2.403073 1.351193
9055.238 2.885843 1.010841
9057.326 2.368214 0.8856184
9059.41 3.429952 0.9263748
9061.499 1.99009 0.8569443
9063.584 2.566738 0.87959
9065.674 2.2515 0.9002935
9067.759 1.285917 0.8820971
9069.851 1.785342 0.9635583
9071.936 2.248281 1.092791
9074.023 1.52764 1.075721
9076.116 0.6278158 0.9835893
9078.204 3.064044 0.9346837
9080.298 1.480809 0.9293548
9082.387 2.833528 0.9788857
9084.48 0.8312101 0.8304585
9086.57 2.563409 0.8377189
9088.661 1.12919 0.8633845
9090.757 0.7316213 0.8626424
9092.849 1.013338 1.001196
9094.945 4.842018 1.215269
9097.037 0.8576664 1.050712
9099.135 1.116392 0.890176
9101.228 0.8170673 1.079609
9103.322 3.025207 1.518508
9105.421 2.194006 1.55108
9107.516 -0.2573818 1.287225
9109.616 1.726417 0.9895196
9111.712 3.08598 0.9045299
9113.812 0.8850856 0.7668031
9115.909 1.627653 0.7624032
9118.007 0.08948201 0.77524
9120.109 0.3091217 0.8966452
9122.207 1.457388 0.8976935
9124.31 0.4767892 0.8247581
9126.41 0.7717108 0.8283331
9128.515 -0.02660577 0.8095232
9130.614 0.6190368 0.8740815
9132.715 1.651009 0.9338396
9134.821 1.251802 0.8871775
9136.922 1.583349 1.004836
9139.029 0.7945448 0.9897037
9141.132 2.342329 0.9118033
9143.239 2.276852 0.8604484
9145.343 2.826701 0.8679228
9147.447 0.9652246 0.8306675
9149.557 3.445355 0.8850564
9151.661 -0.3801454 0.9233001
9153.772 -0.1904954 1.196514
9155.877 1.035584 1.407931
9157.988 3.513041 1.345929
9160.096 1.846485 1.246294
9162.203 -0.2002837 1.323394
9164.315 3.053332 1.232193
9166.424 1.889196 1.068096
9168.537 1.119789 1.038367
9170.647 1.75301 1.059023
9172.762 1.86817 1.059085
9174.871 -0.516223 1.092364
9176.982 0.1268491 1.146752
9179.099 1.410615 1.064106
9181.21 2.363393 0.9719357
9183.327 2.443405 0.9244115
9185.44 2.666327 0.9637294
9187.558 0.9510218 0.9478935
9189.672 1.702469 0.9070529
9191.785 3.77482 0.9438011
9193.905 1.885616 0.9467424
9196.021 0.976231 0.9514551
