wavelength_A,flux,error,model,mission,instrument,plate,mjd,fiberid,specobjid,run2d,programname,data_release
3822.963,29.710972,3.574983,29.725752,SDSS-SDSS,SDSS,2654,54231,23,2988144745936611328,26,binning 1   1,DR18
3823.8423,29.919502,3.567326,29.73078,SDSS-SDSS,SDSS,2654,54231,23,2988144745936611328,26,binning 1   1,DR18
3824.724,31.14186,3.5425482,29.703646,SDSS-SDSS,SDSS,2654,54231,23,2988144745936611328,26,binning 1   1,DR18
3825.604,31.186901,3.4927804,29.658888,SDSS-SDSS,SDSS,2654,54231,23,2988144745936611328,26,binning 1   1,DR18
3826.4841,27.52619,3.3905835,29.608112,SDSS-SDSS,SDSS,2654,54231,23,2988144745936611328,26,binning 1   1,DR18
3827.3665,27.231155,3.3928747,29.593517,SDSS-SDSS,SDSS,2654,54231,23,2988144745936611328,26,binning 1   1,DR18
3828.2468,39.612217,3.6209068,29.592274,SDSS-SDSS,SDSS,2654,54231,23,2988144745936611328,26,binning 1   1,DR18
3829.1296,33.56926,3.5396643,29.530415,SDSS-SDSS,SDSS,2654,54231,23,2988144745936611328,26,binning 1   1,DR18
3830.0105,30.756384,3.4747055,29.52213,SDSS-SDSS,SDSS,2654,54231,23,2988144745936611328,26,binning 1   1,DR18
3830.8938,30.22968,3.4723144,29.425137,SDSS-SDSS,SDSS,2654,54231,23,2988144745936611328,26,binning 1   1,DR18
3831.7751,35.4481,3.558234,29.324528,SDSS-SDSS,SDSS,2654,54231,23,2988144745936611328,26,binning 1   1,DR18
3832.6565,37.62554,3.5490134,29.29581,SDSS-SDSS,SDSS,2654,54231,23,2988144745936611328,26,binning 1   1,DR18
3833.5403,28.925905,3.440756,29.320578,SDSS-SDSS,SDSS,2654,54231,23,2988144745936611328,26,binning 1   1,DR18
3834.4224,26.930183,3.4076166,29.320818,SDSS-SDSS,SDSS,2654,54231,23,2988144745936611328,26,binning 1   1,DR18
3835.3064,39.11039,3.6471,29.285837,SDSS-SDSS,SDSS,2654,54231,23,2988144745936611328,26,binning 1   1,DR18
3836.1887,35.110764,4.583332,29.302444,SDSS-SDSS,SDSS,2654,54231,23,2988144745936611328,26,binning 1   1,DR18
3837.0735,34.480286,4.5457597,29.283812,SDSS-SDSS,SDSS,2654,54231,23,2988144745936611328,26,binning 1   1,DR18
3837.956,30.873178,3.6728377,29.229439,SDSS-SDSS,SDSS,2654,54231,23,2988144745936611328,26,binning 1   1,DR18
3838.839,31.206718,3.2964098,29.22433,SDSS-SDSS,SDSS,2654,54231,23,2988144745936611328,26,binning 1   1,DR18
3839.7244,31.573757,3.174777,29.307001,SDSS-SDSS,SDSS,2654,54231,23,2988144745936611328,26,binning 1   1,DR18
3840.6077,30.932697,3.1785402,29.32584,SDSS-SDSS,SDSS,2654,54231,23,2988144745936611328,26,binning 1   1,DR18
3841.4932,34.786243,3.2890568,29.288422,SDSS-SDSS,SDSS,2654,54231,23,2988144745936611328,26,binning 1   1,DR18
3842.377,36.261166,3.3734496,29.268377,SDSS-SDSS,SDSS,2654,54231,23,2988144745936611328,26,binning 1   1,DR18
3843.263,30.253504,3.3549228,29.316269,SDSS-SDSS,SDSS,2654,54231,23,2988144745936611328,26,binning 1   1,DR18
3844.1472,25.588474,3.2878692,29.378191,SDSS-SDSS,SDSS,2654,54231,23,2988144745936611328,26,binning 1   1,DR18
3845.0315,26.631922,3.2971768,29.31048,SDSS-SDSS,SDSS,2654,54231,23,2988144745936611328,26,binning 1   1,DR18
3845.9182,25.395512,3.1775897,29.109737,SDSS-SDSS,SDSS,2654,54231,23,2988144745936611328,26,binning 1   1,DR18
3846.803,24.60282,3.0617034,29.015036,SDSS-SDSS,SDSS,2654,54231,23,2988144745936611328,26,binning 1   1,DR18
3847.69,31.522152,3.170099,29.041763,SDSS-SDSS,SDSS,2654,54231,23,2988144745936611328,26,binning 1   1,DR18
3848.5752,31.44865,3.1901166,29.071518,SDSS-SDSS,SDSS,2654,54231,23,2988144745936611328,26,binning 1   1,DR18
3849.4626,25.499731,3.052111,29.072392,SDSS-SDSS,SDSS,2654,54231,23,2988144745936611328,26,binning 1   1,DR18
3850.3481,25.422396,3.0480182,29.134655,SDSS-SDSS,SDSS,2654,54231,23,2988144745936611328,26,binning 1   1,DR18
3851.234,27.515736,3.1173768,29.174068,SDSS-SDSS,SDSS,2654,54231,23,2988144745936611328,26,binning 1   1,DR18
3852.122,26.993305,3.1672738,29.17665,SDSS-SDSS,SDSS,2654,54231,23,2988144745936611328,26,binning 1   1,DR18
3853.0083,25.471163,3.1302571,29.118778,SDSS-SDSS,SDSS,2654,54231,23,2988144745936611328,26,binning 1   1,DR18
3853.8967,24.43847,3.0578704,29.086235,SDSS-SDSS,SDSS,2654,54231,23,2988144745936611328,26,binning 1   1,DR18
3854.7832,36.95915,3.2511036,29.110641,SDSS-SDSS,SDSS,2654,54231,23,2988144745936611328,26,binning 1   1,DR18
3855.672,30.736687,3.0757527,29.102484,SDSS-SDSS,SDSS,2654,54231,23,2988144745936611328,26,binning 1   1,DR18
3856.559,31.28692,2.9832122,29.10915,SDSS-SDSS,SDSS,2654,54231,23,2988144745936611328,26,binning 1   1,DR18
3857.4463,25.9776,2.9095628,29.06915,SDSS-SDSS,SDSS,2654,54231,23,2988144745936611328,26,binning 1   1,DR18
3858.336,29.561922,2.9039109,29.008358,SDSS-SDSS,SDSS,2654,54231,23,2988144745936611328,26,binning 1   1,DR18
3859.2234,31.80881,2.929012,28.984898,SDSS-SDSS,SDSS,2654,54231,23,2988144745936611328,26,binning 1   1,DR18
3860.1135,30.792458,2.9199083,29.022594,SDSS-SDSS,SDSS,2654,54231,23,2988144745936611328,26,binning 1   1,DR18
3861.0015,30.891123,2.9403403,29.073572,SDSS-SDSS,SDSS,2654,54231,23,2988144745936611328,26,binning 1   1,DR18
3861.8918,28.29921,2.8967192,29.053484,SDSS-SDSS,SDSS,2654,54231,23,2988144745936611328,26,binning 1   1,DR18
3862.7803,27.608582,2.9043527,29.015217,SDSS-SDSS,SDSS,2654,54231,23,2988144745936611328,26,binning 1   1,DR18
3863.6687,26.075026,2.871062,29.02842,SDSS-SDSS,SDSS,2654,54231,23,2988144745936611328,26,binning 1   1,DR18
3864.5598,29.003668,2.9071069,29.043959,SDSS-SDSS,SDSS,2654,54231,23,2988144745936611328,26,binning 1   1,DR18
3865.4487,30.330498,2.8793027,28.97893,SDSS-SDSS,SDSS,2654,54231,23,2988144745936611328,26,binning 1   1,DR18
3866.34,30.472687,2.8229642,28.86223,SDSS-SDSS,SDSS,2654,54231,23,2988144745936611328,26,binning 1   1,DR18
3867.2297,32.284546,2.8465228,28.89383,SDSS-SDSS,SDSS,2654,54231,23,2988144745936611328,26,binning 1   1,DR18
3868.1213,32.61845,2.8226445,28.93081,SDSS-SDSS,SDSS,2654,54231,23,2988144745936611328,26,binning 1   1,DR18
3869.0112,30.377495,2.7738123,28.915836,SDSS-SDSS,SDSS,2654,54231,23,2988144745936611328,26,binning 1   1,DR18
3869.9014,28.176437,2.7289112,28.978254,SDSS-SDSS,SDSS,2654,54231,23,2988144745936611328,26,binning 1   1,DR18
3870.7937,28.907188,2.7808967,29.093435,SDSS-SDSS,SDSS,2654,54231,23,2988144745936611328,26,binning 1   1,DR18
3871.684,32.43094,2.8690531,29.047377,SDSS-SDSS,SDSS,2654,54231,23,2988144745936611328,26,binning 1   1,DR18
3872.577,33.27463,2.9534867,29.081392,SDSS-SDSS,SDSS,2654,54231,23,2988144745936611328,26,binning 1   1,DR18
3873.4678,31.436878,2.9188728,29.017756,SDSS-SDSS,SDSS,2654,54231,23,2988144745936611328,26,binning 1   1,DR18
3874.361,30.126421,2.8939784,28.935175,SDSS-SDSS,SDSS,2654,54231,23,2988144745936611328,26,binning 1   1,DR18
3875.2524,29.860294,2.872228,28.9082,SDSS-SDSS,SDSS,2654,54231,23,2988144745936611328,26,binning 1   1,DR18
3876.1438,28.176065,2.786692,28.90572,SDSS-SDSS,SDSS,2654,54231,23,2988144745936611328,26,binning 1   1,DR18
3877.0376,30.624714,2.8376486,28.874084,SDSS-SDSS,SDSS,2654,54231,23,2988144745936611328,26,binning 1   1,DR18
3877.9297,34.35014,2.8669205,28.932224,SDSS-SDSS,SDSS,2654,54231,23,2988144745936611328,26,binning 1   1,DR18
3878.8237,30.856243,2.8099298,28.912064,SDSS-SDSS,SDSS,2654,54231,23,2988144745936611328,26,binning 1   1,DR18
3879.716,25.07592,2.7141395,28.801886,SDSS-SDSS,SDSS,2654,54231,23,2988144745936611328,26,binning 1   1,DR18
3880.6108,28.069855,2.7507827,28.663403,SDSS-SDSS,SDSS,2654,54231,23,2988144745936611328,26,binning 1   1,DR18
3881.5037,29.826954,2.8021703,28.594837,SDSS-SDSS,SDSS,2654,54231,23,2988144745936611328,26,binning 1   1,DR18
3882.3965,34.395267,2.8879561,28.656034,SDSS-SDSS,SDSS,2654,54231,23,2988144745936611328,26,binning 1   1,DR18
3883.2917,33.203094,2.8543162,28.690422,SDSS-SDSS,SDSS,2654,54231,23,2988144745936611328,26,binning 1   1,DR18
3884.185,26.928852,2.6599038,28.71901,SDSS-SDSS,SDSS,2654,54231,23,2988144745936611328,26,binning 1   1,DR18
3885.0808,26.282162,2.6986375,28.747164,SDSS-SDSS,SDSS,2654,54231,23,2988144745936611328,26,binning 1   1,DR18
3885.9746,30.590626,2.7571673,28.795086,SDSS-SDSS,SDSS,2654,54231,23,2988144745936611328,26,binning 1   1,DR18
3886.8706,31.651617,2.7736728,28.804752,SDSS-SDSS,SDSS,2654,54231,23,2988144745936611328,26,binning 1   1,DR18
3887.765,29.157051,2.7211523,28.670988,SDSS-SDSS,SDSS,2654,54231,23,2988144745936611328,26,binning 1   1,DR18
3888.6592,29.272104,2.6718233,28.557348,SDSS-SDSS,SDSS,2654,54231,23,2988144745936611328,26,binning 1   1,DR18
3889.556,29.800714,2.6542284,28.544117,SDSS-SDSS,SDSS,2654,54231,23,2988144745936611328,26,binning 1   1,DR18
3890.4507,26.404661,2.536521,28.599176,SDSS-SDSS,SDSS,2654,54231,23,2988144745936611328,26,binning 1   1,DR18
3891.348,26.96553,2.5808604,28.632399,SDSS-SDSS,SDSS,2654,54231,23,2988144745936611328,26,binning 1   1,DR18
3892.243,30.118874,2.6269312,28.623203,SDSS-SDSS,SDSS,2654,54231,23,2988144745936611328,26,binning 1   1,DR18
3893.1406,30.064264,2.6359222,28.635866,SDSS-SDSS,SDSS,2654,54231,23,2988144745936611328,26,binning 1   1,DR18
3894.0361,31.977587,2.6760845,28.614145,SDSS-SDSS,SDSS,2654,54231,23,2988144745936611328,26,binning 1   1,DR18
3894.934,30.771162,2.6861963,28.572248,SDSS-SDSS,SDSS,2654,54231,23,2988144745936611328,26,binning 1   1,DR18
3895.83,26.389393,2.6051927,28.525429,SDSS-SDSS,SDSS,2654,54231,23,2988144745936611328,26,binning 1   1,DR18
3896.7263,29.36514,2.702254,28.49779,SDSS-SDSS,SDSS,2654,54231,23,2988144745936611328,26,binning 1   1,DR18
3897.625,33.27034,2.7377598,28.484005,SDSS-SDSS,SDSS,2654,54231,23,2988144745936611328,26,binning 1   1,DR18
3898.5215,26.013077,2.5914822,28.46628,SDSS-SDSS,SDSS,2654,54231,23,2988144745936611328,26,binning 1   1,DR18
3899.4207,27.582481,2.579702,28.519606,SDSS-SDSS,SDSS,2654,54231,23,2988144745936611328,26,binning 1   1,DR18
3900.3176,26.502506,2.5271482,28.486609,SDSS-SDSS,SDSS,2654,54231,23,2988144745936611328,26,binning 1   1,DR18
3901.217,30.217632,2.5582497,28.474756,SDSS-SDSS,SDSS,2654,54231,23,2988144745936611328,26,binning 1   1,DR18
3902.1145,29.93986,2.6043854,28.517351,SDSS-SDSS,SDSS,2654,54231,23,2988144745936611328,26,binning 1   1,DR18
3903.0122,26.837698,2.6095898,28.530926,SDSS-SDSS,SDSS,2654,54231,23,2988144745936611328,26,binning 1   1,DR18
3903.912,27.63707,2.608469,28.454386,SDSS-SDSS,SDSS,2654,54231,23,2988144745936611328,26,binning 1   1,DR18
3904.8103,26.503273,2.6238017,28.431799,SDSS-SDSS,SDSS,2654,54231,23,2988144745936611328,26,binning 1   1,DR18
3905.7107,28.152866,2.6758823,28.371717,SDSS-SDSS,SDSS,2654,54231,23,2988144745936611328,26,binning 1   1,DR18
3906.6094,29.095627,2.7613826,28.355417,SDSS-SDSS,SDSS,2654,54231,23,2988144745936611328,26,binning 1   1,DR18
3907.51,23.644804,2.6741743,28.388365,SDSS-SDSS,SDSS,2654,54231,23,2988144745936611328,26,binning 1   1,DR18
3908.409,26.63606,2.7121978,28.391415,SDSS-SDSS,SDSS,2654,54231,23,2988144745936611328,26,binning 1   1,DR18
3909.308,24.075665,2.6587875,28.317394,SDSS-SDSS,SDSS,2654,54231,23,2988144745936611328,26,binning 1   1,DR18
3910.2097,26.265652,2.6567106,28.268564,SDSS-SDSS,SDSS,2654,54231,23,2988144745936611328,26,binning 1   1,DR18
3911.1091,31.612019,2.7179208,28.154184,SDSS-SDSS,SDSS,2654,54231,23,2988144745936611328,26,binning 1   1,DR18
3912.011,26.255129,2.5560758,28.081345,SDSS-SDSS,SDSS,2654,54231,23,2988144745936611328,26,binning 1   1,DR18
3912.9111,24.616556,2.5347846,28.113085,SDSS-SDSS,SDSS,2654,54231,23,2988144745936611328,26,binning 1   1,DR18
3913.8132,28.096931,2.6023674,28.194126,SDSS-SDSS,SDSS,2654,54231,23,2988144745936611328,26,binning 1   1,DR18
3914.7136,27.651289,2.5926473,28.220058,SDSS-SDSS,SDSS,2654,54231,23,2988144745936611328,26,binning 1   1,DR18
3915.6143,24.873768,2.5480173,28.217106,SDSS-SDSS,SDSS,2654,54231,23,2988144745936611328,26,binning 1   1,DR18
3916.517,24.254438,2.542754,28.176392,SDSS-SDSS,SDSS,2654,54231,23,2988144745936611328,26,binning 1   1,DR18
3917.4182,21.67276,2.4954562,28.108273,SDSS-SDSS,SDSS,2654,54231,23,2988144745936611328,26,binning 1   1,DR18
3918.3215,24.749027,2.5479577,28.053059,SDSS-SDSS,SDSS,2654,54231,23,2988144745936611328,26,binning 1   1,DR18
3919.223,27.573626,2.6140625,28.067,SDSS-SDSS,SDSS,2654,54231,23,2988144745936611328,26,binning 1   1,DR18
3920.1267,34.579735,2.7407196,28.148418,SDSS-SDSS,SDSS,2654,54231,23,2988144745936611328,26,binning 1   1,DR18
3921.0286,27.758284,2.6281495,28.126444,SDSS-SDSS,SDSS,2654,54231,23,2988144745936611328,26,binning 1   1,DR18
3921.9307,26.688839,2.6126738,28.083735,SDSS-SDSS,SDSS,2654,54231,23,2988144745936611328,26,binning 1   1,DR18
3922.835,27.191341,2.5768356,28.032053,SDSS-SDSS,SDSS,2654,54231,23,2988144745936611328,26,binning 1   1,DR18
3923.7373,24.112814,2.5168946,28.059189,SDSS-SDSS,SDSS,2654,54231,23,2988144745936611328,26,binning 1   1,DR18
3924.642,21.112333,2.4363875,28.137438,SDSS-SDSS,SDSS,2654,54231,23,2988144745936611328,26,binning 1   1,DR18
3925.5452,22.859772,2.453907,28.089653,SDSS-SDSS,SDSS,2654,54231,23,2988144745936611328,26,binning 1   1,DR18
3926.4502,27.481047,2.4743714,28.052534,SDSS-SDSS,SDSS,2654,54231,23,2988144745936611328,26,binning 1   1,DR18
3927.3535,25.731798,2.478253,28.082195,SDSS-SDSS,SDSS,2654,54231,23,2988144745936611328,26,binning 1   1,DR18
3928.257,28.091972,2.4745414,28.063751,SDSS-SDSS,SDSS,2654,54231,23,2988144745936611328,26,binning 1   1,DR18
3929.1628,19.755865,2.315723,28.0297,SDSS-SDSS,SDSS,2654,54231,23,2988144745936611328,26,binning 1   1,DR18
3930.0667,30.358183,2.5344858,28.01551,SDSS-SDSS,SDSS,2654,54231,23,2988144745936611328,26,binning 1   1,DR18
3930.9731,31.272549,2.6843371,27.969316,SDSS-SDSS,SDSS,2654,54231,23,2988144745936611328,26,binning 1   1,DR18
3931.8774,23.77802,3.074642,28.000738,SDSS-SDSS,SDSS,2654,54231,23,2988144745936611328,26,binning 1   1,DR18
3932.784,24.273897,3.2088304,27.955866,SDSS-SDSS,SDSS,2654,54231,23,2988144745936611328,26,binning 1   1,DR18
3933.6887,27.844124,2.6252332,27.87335,SDSS-SDSS,SDSS,2654,54231,23,2988144745936611328,26,binning 1   1,DR18
3934.5938,26.434095,2.5219238,27.792454,SDSS-SDSS,SDSS,2654,54231,23,2988144745936611328,26,binning 1   1,DR18
3935.501,25.654455,2.4425845,27.734179,SDSS-SDSS,SDSS,2654,54231,23,2988144745936611328,26,binning 1   1,DR18
3936.4062,25.991762,2.3994656,27.749344,SDSS-SDSS,SDSS,2654,54231,23,2988144745936611328,26,binning 1   1,DR18
3937.3142,25.762144,2.368066,27.879938,SDSS-SDSS,SDSS,2654,54231,23,2988144745936611328,26,binning 1   1,DR18
3938.22,25.58933,2.3448246,27.87699,SDSS-SDSS,SDSS,2654,54231,23,2988144745936611328,26,binning 1   1,DR18
3939.128,28.66784,2.3713565,27.845196,SDSS-SDSS,SDSS,2654,54231,23,2988144745936611328,26,binning 1   1,DR18
3940.0342,27.21053,2.3308544,27.904886,SDSS-SDSS,SDSS,2654,54231,23,2988144745936611328,26,binning 1   1,DR18
3940.9407,28.092257,2.3684306,27.955093,SDSS-SDSS,SDSS,2654,54231,23,2988144745936611328,26,binning 1   1,DR18
3941.8494,31.483452,2.4311748,27.812431,SDSS-SDSS,SDSS,2654,54231,23,2988144745936611328,26,binning 1   1,DR18
3942.756,29.0967,2.3966818,27.795853,SDSS-SDSS,SDSS,2654,54231,23,2988144745936611328,26,binning 1   1,DR18
3943.6653,25.756134,2.3439956,27.791557,SDSS-SDSS,SDSS,2654,54231,23,2988144745936611328,26,binning 1   1,DR18
3944.5725,28.932384,2.368471,27.79973,SDSS-SDSS,SDSS,2654,54231,23,2988144745936611328,26,binning 1   1,DR18
3945.4822,29.289722,2.3806453,27.860226,SDSS-SDSS,SDSS,2654,54231,23,2988144745936611328,26,binning 1   1,DR18
3946.39,26.294704,2.3398416,27.907001,SDSS-SDSS,SDSS,2654,54231,23,2988144745936611328,26,binning 1   1,DR18
3947.2979,23.019793,2.3272266,27.807058,SDSS-SDSS,SDSS,2654,54231,23,2988144745936611328,26,binning 1   1,DR18
3948.208,26.667788,2.3901052,27.699505,SDSS-SDSS,SDSS,2654,54231,23,2988144745936611328,26,binning 1   1,DR18
3949.1162,27.941961,2.4144926,27.633314,SDSS-SDSS,SDSS,2654,54231,23,2988144745936611328,26,binning 1   1,DR18
3950.0269,26.538605,2.3618634,27.570017,SDSS-SDSS,SDSS,2654,54231,23,2988144745936611328,26,binning 1   1,DR18
3950.9355,23.449963,2.2720447,27.553396,SDSS-SDSS,SDSS,2654,54231,23,2988144745936611328,26,binning 1   1,DR18
3951.8467,23.32644,2.2334676,27.601122,SDSS-SDSS,SDSS,2654,54231,23,2988144745936611328,26,binning 1   1,DR18
3952.7559,27.617792,2.285379,27.642807,SDSS-SDSS,SDSS,2654,54231,23,2988144745936611328,26,binning 1   1,DR18
3953.665,30.057114,2.563222,27.699703,SDSS-SDSS,SDSS,2654,54231,23,2988144745936611328,26,binning 1   1,DR18
3954.577,27.95448,2.5095809,27.682789,SDSS-SDSS,SDSS,2654,54231,23,2988144745936611328,26,binning 1   1,DR18
3955.4866,27.753607,2.4665449,27.612911,SDSS-SDSS,SDSS,2654,54231,23,2988144745936611328,26,binning 1   1,DR18
3956.3987,23.21216,2.1341264,27.49694,SDSS-SDSS,SDSS,2654,54231,23,2988144745936611328,26,binning 1   1,DR18
3957.3088,26.266834,2.2010398,27.400238,SDSS-SDSS,SDSS,2654,54231,23,2988144745936611328,26,binning 1   1,DR18
3958.2214,23.579956,2.1484365,27.413116,SDSS-SDSS,SDSS,2654,54231,23,2988144745936611328,26,binning 1   1,DR18
3959.132,24.418648,2.155083,27.338888,SDSS-SDSS,SDSS,2654,54231,23,2988144745936611328,26,binning 1   1,DR18
3960.045,25.19729,2.1608737,27.24284,SDSS-SDSS,SDSS,2654,54231,23,2988144745936611328,26,binning 1   1,DR18
3960.956,27.019863,2.186315,27.185843,SDSS-SDSS,SDSS,2654,54231,23,2988144745936611328,26,binning 1   1,DR18
3961.8672,27.62219,2.187561,27.188852,SDSS-SDSS,SDSS,2654,54231,23,2988144745936611328,26,binning 1   1,DR18
3962.7808,26.177683,2.1424415,27.217436,SDSS-SDSS,SDSS,2654,54231,23,2988144745936611328,26,binning 1   1,DR18
3963.6924,27.135605,2.1525283,27.204542,SDSS-SDSS,SDSS,2654,54231,23,2988144745936611328,26,binning 1   1,DR18
3964.6064,27.590912,2.1610398,27.172852,SDSS-SDSS,SDSS,2654,54231,23,2988144745936611328,26,binning 1   1,DR18
3965.5186,24.15718,2.095147,27.241089,SDSS-SDSS,SDSS,2654,54231,23,2988144745936611328,26,binning 1   1,DR18
3966.4329,28.142378,2.1937387,27.33451,SDSS-SDSS,SDSS,2654,54231,23,2988144745936611328,26,binning 1   1,DR18
3967.3455,27.668001,2.1548436,27.363844,SDSS-SDSS,SDSS,2654,54231,23,2988144745936611328,26,binning 1   1,DR18
3968.258,25.063334,2.0698369,27.318974,SDSS-SDSS,SDSS,2654,54231,23,2988144745936611328,26,binning 1   1,DR18
3969.173,28.224138,2.1135654,27.237926,SDSS-SDSS,SDSS,2654,54231,23,2988144745936611328,26,binning 1   1,DR18
3970.0862,27.445694,2.0858595,27.07205,SDSS-SDSS,SDSS,2654,54231,23,2988144745936611328,26,binning 1   1,DR18
3971.0017,27.445997,2.1252456,26.978758,SDSS-SDSS,SDSS,2654,54231,23,2988144745936611328,26,binning 1   1,DR18
3971.9153,28.221516,2.1323175,26.98082,SDSS-SDSS,SDSS,2654,54231,23,2988144745936611328,26,binning 1   1,DR18
3972.8313,25.636927,2.103196,27.02291,SDSS-SDSS,SDSS,2654,54231,23,2988144745936611328,26,binning 1   1,DR18
3973.745,27.654638,2.12619,27.026323,SDSS-SDSS,SDSS,2654,54231,23,2988144745936611328,26,binning 1   1,DR18
3974.6592,30.270967,2.1686795,26.951529,SDSS-SDSS,SDSS,2654,54231,23,2988144745936611328,26,binning 1   1,DR18
3975.576,30.153042,2.1778708,26.898218,SDSS-SDSS,SDSS,2654,54231,23,2988144745936611328,26,binning 1   1,DR18
3976.4905,26.956207,2.1253374,26.93061,SDSS-SDSS,SDSS,2654,54231,23,2988144745936611328,26,binning 1   1,DR18
3977.4075,28.361822,2.2074106,26.918236,SDSS-SDSS,SDSS,2654,54231,23,2988144745936611328,26,binning 1   1,DR18
3978.3225,25.59909,2.157939,26.845734,SDSS-SDSS,SDSS,2654,54231,23,2988144745936611328,26,binning 1   1,DR18
3979.2397,25.578121,2.158701,26.794361,SDSS-SDSS,SDSS,2654,54231,23,2988144745936611328,26,binning 1   1,DR18
3980.1553,27.56229,2.1844795,26.82995,SDSS-SDSS,SDSS,2654,54231,23,2988144745936611328,26,binning 1   1,DR18
3981.0708,28.365389,2.199346,26.915092,SDSS-SDSS,SDSS,2654,54231,23,2988144745936611328,26,binning 1   1,DR18
3981.9888,27.465298,2.232307,26.838488,SDSS-SDSS,SDSS,2654,54231,23,2988144745936611328,26,binning 1   1,DR18
3982.905,25.550264,2.2089226,26.706213,SDSS-SDSS,SDSS,2654,54231,23,2988144745936611328,26,binning 1   1,DR18
3983.8232,27.299212,2.2706394,26.598806,SDSS-SDSS,SDSS,2654,54231,23,2988144745936611328,26,binning 1   1,DR18
3984.7397,30.840473,2.3488817,26.54999,SDSS-SDSS,SDSS,2654,54231,23,2988144745936611328,26,binning 1   1,DR18
3985.6587,23.359604,2.2249005,26.560131,SDSS-SDSS,SDSS,2654,54231,23,2988144745936611328,26,binning 1   1,DR18
3986.5757,27.268332,2.3128853,26.48253,SDSS-SDSS,SDSS,2654,54231,23,2988144745936611328,26,binning 1   1,DR18
3987.4927,23.705616,2.2337158,26.490957,SDSS-SDSS,SDSS,2654,54231,23,2988144745936611328,26,binning 1   1,DR18
3988.412,23.629305,2.2323465,26.594173,SDSS-SDSS,SDSS,2654,54231,23,2988144745936611328,26,binning 1   1,DR18
3989.3298,24.363094,2.281713,26.644411,SDSS-SDSS,SDSS,2654,54231,23,2988144745936611328,26,binning 1   1,DR18
3990.2498,24.845007,2.3404803,26.598557,SDSS-SDSS,SDSS,2654,54231,23,2988144745936611328,26,binning 1   1,DR18
3991.1677,27.291565,2.4393783,26.575901,SDSS-SDSS,SDSS,2654,54231,23,2988144745936611328,26,binning 1   1,DR18
3992.088,27.997799,2.482514,26.479202,SDSS-SDSS,SDSS,2654,54231,23,2988144745936611328,26,binning 1   1,DR18
3993.0063,26.011597,2.4628491,26.448088,SDSS-SDSS,SDSS,2654,54231,23,2988144745936611328,26,binning 1   1,DR18
3993.925,27.71897,2.480399,26.462887,SDSS-SDSS,SDSS,2654,54231,23,2988144745936611328,26,binning 1   1,DR18
3994.846,22.506762,2.3498547,26.415846,SDSS-SDSS,SDSS,2654,54231,23,2988144745936611328,26,binning 1   1,DR18
3995.765,25.079727,2.3516572,26.3645,SDSS-SDSS,SDSS,2654,54231,23,2988144745936611328,26,binning 1   1,DR18
3996.6863,25.509726,2.4280176,26.488039,SDSS-SDSS,SDSS,2654,54231,23,2988144745936611328,26,binning 1   1,DR18
3997.6057,25.869371,2.4180064,26.510077,SDSS-SDSS,SDSS,2654,54231,23,2988144745936611328,26,binning 1   1,DR18
3998.5276,28.162432,2.4646122,26.512756,SDSS-SDSS,SDSS,2654,54231,23,2988144745936611328,26,binning 1   1,DR18
3999.4475,29.333246,2.434516,26.463547,SDSS-SDSS,SDSS,2654,54231,23,2988144745936611328,26,binning 1   1,DR18
4000.3674,24.473137,2.2920966,26.358263,SDSS-SDSS,SDSS,2654,54231,23,2988144745936611328,26,binning 1   1,DR18
4001.29,20.17996,2.1918914,26.31606,SDSS-SDSS,SDSS,2654,54231,23,2988144745936611328,26,binning 1   1,DR18
4002.2104,25.184027,2.2358036,26.424917,SDSS-SDSS,SDSS,2654,54231,23,2988144745936611328,26,binning 1   1,DR18
4003.1333,29.625542,2.2780137,26.330196,SDSS-SDSS,SDSS,2654,54231,23,2988144745936611328,26,binning 1   1,DR18
4004.0544,25.385214,2.1665637,26.22448,SDSS-SDSS,SDSS,2654,54231,23,2988144745936611328,26,binning 1   1,DR18
4004.9775,25.354015,2.1291268,26.2285,SDSS-SDSS,SDSS,2654,54231,23,2988144745936611328,26,binning 1   1,DR18
4005.899,26.834112,2.1092954,26.27196,SDSS-SDSS,SDSS,2654,54231,23,2988144745936611328,26,binning 1   1,DR18
4006.8206,22.358328,2.015319,26.296171,SDSS-SDSS,SDSS,2654,54231,23,2988144745936611328,26,binning 1   1,DR18
4007.7446,27.723955,2.0696805,26.353756,SDSS-SDSS,SDSS,2654,54231,23,2988144745936611328,26,binning 1   1,DR18
4008.6665,29.258625,2.144516,26.388338,SDSS-SDSS,SDSS,2654,54231,23,2988144745936611328,26,binning 1   1,DR18
4009.5908,25.784422,2.1079202,26.32333,SDSS-SDSS,SDSS,2654,54231,23,2988144745936611328,26,binning 1   1,DR18
4010.5132,25.80871,2.121019,26.282684,SDSS-SDSS,SDSS,2654,54231,23,2988144745936611328,26,binning 1   1,DR18
4011.438,28.407331,2.123266,26.240427,SDSS-SDSS,SDSS,2654,54231,23,2988144745936611328,26,binning 1   1,DR18
4012.3608,28.374903,2.1007583,26.133995,SDSS-SDSS,SDSS,2654,54231,23,2988144745936611328,26,binning 1   1,DR18
4013.284,27.77105,2.064399,26.03724,SDSS-SDSS,SDSS,2654,54231,23,2988144745936611328,26,binning 1   1,DR18
4014.2095,26.259321,2.0267127,26.067217,SDSS-SDSS,SDSS,2654,54231,23,2988144745936611328,26,binning 1   1,DR18
4015.1328,26.562086,2.0369484,26.059498,SDSS-SDSS,SDSS,2654,54231,23,2988144745936611328,26,binning 1   1,DR18
4016.0588,26.186533,2.033224,26.103292,SDSS-SDSS,SDSS,2654,54231,23,2988144745936611328,26,binning 1   1,DR18
4016.9827,24.780191,1.9645295,26.13155,SDSS-SDSS,SDSS,2654,54231,23,2988144745936611328,26,binning 1   1,DR18
4017.909,24.251236,1.9529035,26.062613,SDSS-SDSS,SDSS,2654,54231,23,2988144745936611328,26,binning 1   1,DR18
4018.8333,25.787584,1.9683251,25.992327,SDSS-SDSS,SDSS,2654,54231,23,2988144745936611328,26,binning 1   1,DR18
4019.7578,26.44371,2.17025,26.019049,SDSS-SDSS,SDSS,2654,54231,23,2988144745936611328,26,binning 1   1,DR18
4020.6848,24.703438,2.1787877,25.989992,SDSS-SDSS,SDSS,2654,54231,23,2988144745936611328,26,binning 1   1,DR18
4021.6096,25.130241,2.2267187,25.93326,SDSS-SDSS,SDSS,2654,54231,23,2988144745936611328,26,binning 1   1,DR18
4022.537,29.66952,2.0838299,25.920248,SDSS-SDSS,SDSS,2654,54231,23,2988144745936611328,26,binning 1   1,DR18
4023.4624,30.368395,2.0938451,25.968712,SDSS-SDSS,SDSS,2654,54231,23,2988144745936611328,26,binning 1   1,DR18
4024.3901,24.627796,2.0034854,26.020426,SDSS-SDSS,SDSS,2654,54231,23,2988144745936611328,26,binning 1   1,DR18
4025.3162,25.900644,2.002586,26.02288,SDSS-SDSS,SDSS,2654,54231,23,2988144745936611328,26,binning 1   1,DR18
4026.2422,30.591822,2.048875,26.129576,SDSS-SDSS,SDSS,2654,54231,23,2988144745936611328,26,binning 1   1,DR18
4027.1704,28.469084,2.0078998,26.265324,SDSS-SDSS,SDSS,2654,54231,23,2988144745936611328,26,binning 1   1,DR18
4028.097,26.565554,1.9498986,26.347075,SDSS-SDSS,SDSS,2654,54231,23,2988144745936611328,26,binning 1   1,DR18
4029.026,26.256767,1.92249,26.372059,SDSS-SDSS,SDSS,2654,54231,23,2988144745936611328,26,binning 1   1,DR18
4029.9526,27.373123,1.9106475,26.390438,SDSS-SDSS,SDSS,2654,54231,23,2988144745936611328,26,binning 1   1,DR18
4030.882,27.783293,1.9175037,26.394686,SDSS-SDSS,SDSS,2654,54231,23,2988144745936611328,26,binning 1   1,DR18
4031.8093,25.830336,1.8647845,26.36076,SDSS-SDSS,SDSS,2654,54231,23,2988144745936611328,26,binning 1   1,DR18
4032.739,25.457602,1.8668624,26.335316,SDSS-SDSS,SDSS,2654,54231,23,2988144745936611328,26,binning 1   1,DR18
4033.6667,26.29339,1.8613509,26.273766,SDSS-SDSS,SDSS,2654,54231,23,2988144745936611328,26,binning 1   1,DR18
4034.5947,24.501196,1.876144,26.139156,SDSS-SDSS,SDSS,2654,54231,23,2988144745936611328,26,binning 1   1,DR18
4035.5251,27.937181,1.9535081,25.998255,SDSS-SDSS,SDSS,2654,54231,23,2988144745936611328,26,binning 1   1,DR18
4036.4534,22.001305,1.8782184,25.922565,SDSS-SDSS,SDSS,2654,54231,23,2988144745936611328,26,binning 1   1,DR18
4037.3843,23.865976,1.9270118,25.963415,SDSS-SDSS,SDSS,2654,54231,23,2988144745936611328,26,binning 1   1,DR18
4038.313,22.965887,1.9228112,25.988958,SDSS-SDSS,SDSS,2654,54231,23,2988144745936611328,26,binning 1   1,DR18
4039.2441,24.141745,1.908224,26.001966,SDSS-SDSS,SDSS,2654,54231,23,2988144745936611328,26,binning 1   1,DR18
4040.1736,25.126226,1.9166006,26.068043,SDSS-SDSS,SDSS,2654,54231,23,2988144745936611328,26,binning 1   1,DR18
4041.103,24.337158,1.9125422,26.171408,SDSS-SDSS,SDSS,2654,54231,23,2988144745936611328,26,binning 1   1,DR18
4042.0347,27.234598,2.002176,26.223265,SDSS-SDSS,SDSS,2654,54231,23,2988144745936611328,26,binning 1   1,DR18
4042.9646,27.964235,2.0423405,26.20313,SDSS-SDSS,SDSS,2654,54231,23,2988144745936611328,26,binning 1   1,DR18
4043.897,23.058449,1.9545859,26.214384,SDSS-SDSS,SDSS,2654,54231,23,2988144745936611328,26,binning 1   1,DR18
4044.8271,24.353361,2.032501,26.17636,SDSS-SDSS,SDSS,2654,54231,23,2988144745936611328,26,binning 1   1,DR18
4045.76,24.055305,2.0874197,26.048756,SDSS-SDSS,SDSS,2654,54231,23,2988144745936611328,26,binning 1   1,DR18
4046.6907,28.85127,2.227937,25.988329,SDSS-SDSS,SDSS,2654,54231,23,2988144745936611328,26,binning 1   1,DR18
4047.6216,24.903814,2.1419249,26.0052,SDSS-SDSS,SDSS,2654,54231,23,2988144745936611328,26,binning 1   1,DR18
4048.555,26.431393,2.0838845,25.973234,SDSS-SDSS,SDSS,2654,54231,23,2988144745936611328,26,binning 1   1,DR18
4049.4863,27.415487,2.047628,25.960468,SDSS-SDSS,SDSS,2654,54231,23,2988144745936611328,26,binning 1   1,DR18
4050.4202,26.95835,2.025729,25.989592,SDSS-SDSS,SDSS,2654,54231,23,2988144745936611328,26,binning 1   1,DR18
4051.352,26.96416,2.0399208,26.011774,SDSS-SDSS,SDSS,2654,54231,23,2988144745936611328,26,binning 1   1,DR18
4052.2861,24.82597,2.0177045,25.9907,SDSS-SDSS,SDSS,2654,54231,23,2988144745936611328,26,binning 1   1,DR18
4053.2185,24.493134,1.9583765,26.008114,SDSS-SDSS,SDSS,2654,54231,23,2988144745936611328,26,binning 1   1,DR18
4054.151,22.84897,1.8971815,26.126778,SDSS-SDSS,SDSS,2654,54231,23,2988144745936611328,26,binning 1   1,DR18
4055.0857,25.834656,1.936135,26.154127,SDSS-SDSS,SDSS,2654,54231,23,2988144745936611328,26,binning 1   1,DR18
4056.0186,25.912273,1.9365671,26.084345,SDSS-SDSS,SDSS,2654,54231,23,2988144745936611328,26,binning 1   1,DR18
4056.9539,26.565098,1.9492917,26.000795,SDSS-SDSS,SDSS,2654,54231,23,2988144745936611328,26,binning 1   1,DR18
4057.8872,23.165045,1.9362403,25.9204,SDSS-SDSS,SDSS,2654,54231,23,2988144745936611328,26,binning 1   1,DR18
4058.823,22.614214,1.9760351,25.896776,SDSS-SDSS,SDSS,2654,54231,23,2988144745936611328,26,binning 1   1,DR18
4059.7566,24.231306,2.0484593,25.994545,SDSS-SDSS,SDSS,2654,54231,23,2988144745936611328,26,binning 1   1,DR18
4060.6907,24.97083,2.0761516,26.021599,SDSS-SDSS,SDSS,2654,54231,23,2988144745936611328,26,binning 1   1,DR18
4061.627,26.295021,2.1034553,25.966465,SDSS-SDSS,SDSS,2654,54231,23,2988144745936611328,26,binning 1   1,DR18
4062.5613,27.87228,2.1067302,25.916063,SDSS-SDSS,SDSS,2654,54231,23,2988144745936611328,26,binning 1   1,DR18
4063.4983,25.693092,2.0501628,25.871952,SDSS-SDSS,SDSS,2654,54231,23,2988144745936611328,26,binning 1   1,DR18
4064.433,23.126846,1.96505,25.783875,SDSS-SDSS,SDSS,2654,54231,23,2988144745936611328,26,binning 1   1,DR18
4065.37,26.753212,1.9864953,25.848696,SDSS-SDSS,SDSS,2654,54231,23,2988144745936611328,26,binning 1   1,DR18
4066.3054,30.567404,2.0442283,25.870926,SDSS-SDSS,SDSS,2654,54231,23,2988144745936611328,26,binning 1   1,DR18
4067.241,27.39854,1.986607,25.824533,SDSS-SDSS,SDSS,2654,54231,23,2988144745936611328,26,binning 1   1,DR18
4068.1787,25.934074,1.951995,25.784925,SDSS-SDSS,SDSS,2654,54231,23,2988144745936611328,26,binning 1   1,DR18
4069.1147,27.754566,1.9752039,25.741833,SDSS-SDSS,SDSS,2654,54231,23,2988144745936611328,26,binning 1   1,DR18
4070.053,26.571224,1.9670577,25.676281,SDSS-SDSS,SDSS,2654,54231,23,2988144745936611328,26,binning 1   1,DR18
4070.9893,24.091223,1.9514029,25.641613,SDSS-SDSS,SDSS,2654,54231,23,2988144745936611328,26,binning 1   1,DR18
4071.928,24.183376,1.9418998,25.67794,SDSS-SDSS,SDSS,2654,54231,23,2988144745936611328,26,binning 1   1,DR18
4072.8647,26.683405,2.0156586,25.709545,SDSS-SDSS,SDSS,2654,54231,23,2988144745936611328,26,binning 1   1,DR18
4073.8018,28.47774,2.0569482,25.648556,SDSS-SDSS,SDSS,2654,54231,23,2988144745936611328,26,binning 1   1,DR18
4074.7412,23.87962,1.9492713,25.532204,SDSS-SDSS,SDSS,2654,54231,23,2988144745936611328,26,binning 1   1,DR18
4075.6787,22.769258,1.9323864,25.528967,SDSS-SDSS,SDSS,2654,54231,23,2988144745936611328,26,binning 1   1,DR18
4076.6184,21.05,1.8803601,25.48624,SDSS-SDSS,SDSS,2654,54231,23,2988144745936611328,26,binning 1   1,DR18
4077.5562,24.532581,2.0036852,25.503265,SDSS-SDSS,SDSS,2654,54231,23,2988144745936611328,26,binning 1   1,DR18
4078.4966,23.405512,2.0024905,25.536097,SDSS-SDSS,SDSS,2654,54231,23,2988144745936611328,26,binning 1   1,DR18
4079.4348,26.023058,2.0227923,25.507584,SDSS-SDSS,SDSS,2654,54231,23,2988144745936611328,26,binning 1   1,DR18
4080.3733,26.82545,2.0428283,25.478445,SDSS-SDSS,SDSS,2654,54231,23,2988144745936611328,26,binning 1   1,DR18
4081.3142,26.84878,2.041325,25.515339,SDSS-SDSS,SDSS,2654,54231,23,2988144745936611328,26,binning 1   1,DR18
4082.2532,26.45808,2.0549667,25.568502,SDSS-SDSS,SDSS,2654,54231,23,2988144745936611328,26,binning 1   1,DR18
4083.1943,23.965101,2.0421286,25.617393,SDSS-SDSS,SDSS,2654,54231,23,2988144745936611328,26,binning 1   1,DR18
4084.1338,25.376953,2.0381646,25.659702,SDSS-SDSS,SDSS,2654,54231,23,2988144745936611328,26,binning 1   1,DR18
4085.0757,24.834736,2.0102642,25.666645,SDSS-SDSS,SDSS,2654,54231,23,2988144745936611328,26,binning 1   1,DR18
4086.0154,26.85027,2.0389335,25.599709,SDSS-SDSS,SDSS,2654,54231,23,2988144745936611328,26,binning 1   1,DR18
4086.9553,29.988598,2.1475544,25.536861,SDSS-SDSS,SDSS,2654,54231,23,2988144745936611328,26,binning 1   1,DR18
4087.8977,28.465763,2.1107216,25.544956,SDSS-SDSS,SDSS,2654,54231,23,2988144745936611328,26,binning 1   1,DR18
4088.8381,26.732141,2.057559,25.496222,SDSS-SDSS,SDSS,2654,54231,23,2988144745936611328,26,binning 1   1,DR18
4089.781,28.302523,2.0192754,25.428574,SDSS-SDSS,SDSS,2654,54231,23,2988144745936611328,26,binning 1   1,DR18
4090.722,26.107483,1.9794425,25.456743,SDSS-SDSS,SDSS,2654,54231,23,2988144745936611328,26,binning 1   1,DR18
4091.6653,23.994972,1.9317142,25.558878,SDSS-SDSS,SDSS,2654,54231,23,2988144745936611328,26,binning 1   1,DR18
4092.6064,25.335016,1.9691498,25.528038,SDSS-SDSS,SDSS,2654,54231,23,2988144745936611328,26,binning 1   1,DR18
4093.548,27.95357,2.049464,25.541466,SDSS-SDSS,SDSS,2654,54231,23,2988144745936611328,26,binning 1   1,DR18
4094.492,30.529306,2.093626,25.57508,SDSS-SDSS,SDSS,2654,54231,23,2988144745936611328,26,binning 1   1,DR18
4095.4338,27.194641,2.0449505,25.564796,SDSS-SDSS,SDSS,2654,54231,23,2988144745936611328,26,binning 1   1,DR18
4096.3784,22.407204,1.8880684,25.51304,SDSS-SDSS,SDSS,2654,54231,23,2988144745936611328,26,binning 1   1,DR18
4097.321,29.873167,1.9923506,25.493917,SDSS-SDSS,SDSS,2654,54231,23,2988144745936611328,26,binning 1   1,DR18
4098.2656,28.493372,1.9677911,25.533556,SDSS-SDSS,SDSS,2654,54231,23,2988144745936611328,26,binning 1   1,DR18
4099.2085,27.813633,1.9666278,25.470097,SDSS-SDSS,SDSS,2654,54231,23,2988144745936611328,26,binning 1   1,DR18
4100.1514,29.935608,2.0418327,25.406322,SDSS-SDSS,SDSS,2654,54231,23,2988144745936611328,26,binning 1   1,DR18
4101.0967,31.470985,2.0444868,25.415634,SDSS-SDSS,SDSS,2654,54231,23,2988144745936611328,26,binning 1   1,DR18
4102.04,29.595682,2.003354,25.431019,SDSS-SDSS,SDSS,2654,54231,23,2988144745936611328,26,binning 1   1,DR18
4102.9863,28.30608,1.9784682,25.350899,SDSS-SDSS,SDSS,2654,54231,23,2988144745936611328,26,binning 1   1,DR18
4103.93,28.42974,1.9696319,25.333757,SDSS-SDSS,SDSS,2654,54231,23,2988144745936611328,26,binning 1   1,DR18
4104.8765,25.884062,1.9142596,25.35737,SDSS-SDSS,SDSS,2654,54231,23,2988144745936611328,26,binning 1   1,DR18
4105.821,25.452015,1.8986081,25.423136,SDSS-SDSS,SDSS,2654,54231,23,2988144745936611328,26,binning 1   1,DR18
4106.7676,26.301844,1.9049135,25.490007,SDSS-SDSS,SDSS,2654,54231,23,2988144745936611328,26,binning 1   1,DR18
4107.7124,30.324371,1.9821534,25.492796,SDSS-SDSS,SDSS,2654,54231,23,2988144745936611328,26,binning 1   1,DR18
4108.657,31.372179,2.021211,25.394924,SDSS-SDSS,SDSS,2654,54231,23,2988144745936611328,26,binning 1   1,DR18
4109.6045,28.914165,1.9470663,25.240746,SDSS-SDSS,SDSS,2654,54231,23,2988144745936611328,26,binning 1   1,DR18
4110.5503,25.794777,1.8681104,25.174194,SDSS-SDSS,SDSS,2654,54231,23,2988144745936611328,26,binning 1   1,DR18
4111.498,26.287643,1.845436,25.169624,SDSS-SDSS,SDSS,2654,54231,23,2988144745936611328,26,binning 1   1,DR18
4112.444,27.67326,1.8609037,25.163824,SDSS-SDSS,SDSS,2654,54231,23,2988144745936611328,26,binning 1   1,DR18
4113.392,27.708525,1.8588121,25.135387,SDSS-SDSS,SDSS,2654,54231,23,2988144745936611328,26,binning 1   1,DR18
4114.3384,27.056227,1.8647915,25.09135,SDSS-SDSS,SDSS,2654,54231,23,2988144745936611328,26,binning 1   1,DR18
4115.285,27.597721,1.8891037,24.993439,SDSS-SDSS,SDSS,2654,54231,23,2988144745936611328,26,binning 1   1,DR18
4116.234,30.058199,1.9594902,25.057795,SDSS-SDSS,SDSS,2654,54231,23,2988144745936611328,26,binning 1   1,DR18
4117.1807,29.670424,1.9447069,25.133451,SDSS-SDSS,SDSS,2654,54231,23,2988144745936611328,26,binning 1   1,DR18
4118.1304,30.2706,1.9200923,25.176098,SDSS-SDSS,SDSS,2654,54231,23,2988144745936611328,26,binning 1   1,DR18
4119.0776,27.281693,1.8161001,25.16291,SDSS-SDSS,SDSS,2654,54231,23,2988144745936611328,26,binning 1   1,DR18
4120.0273,26.90355,1.8181422,25.04918,SDSS-SDSS,SDSS,2654,54231,23,2988144745936611328,26,binning 1   1,DR18
4120.975,29.532856,1.8840517,25.121428,SDSS-SDSS,SDSS,2654,54231,23,2988144745936611328,26,binning 1   1,DR18
4121.9233,25.926851,1.8540319,25.11958,SDSS-SDSS,SDSS,2654,54231,23,2988144745936611328,26,binning 1   1,DR18
4122.874,26.423088,1.9436991,25.119463,SDSS-SDSS,SDSS,2654,54231,23,2988144745936611328,26,binning 1   1,DR18
4123.8223,28.341198,2.0195384,25.112696,SDSS-SDSS,SDSS,2654,54231,23,2988144745936611328,26,binning 1   1,DR18
4124.7734,27.12986,1.9912974,25.065575,SDSS-SDSS,SDSS,2654,54231,23,2988144745936611328,26,binning 1   1,DR18
4125.722,27.296597,1.9683205,25.037716,SDSS-SDSS,SDSS,2654,54231,23,2988144745936611328,26,binning 1   1,DR18
4126.6733,27.361279,1.9073595,25.005835,SDSS-SDSS,SDSS,2654,54231,23,2988144745936611328,26,binning 1   1,DR18
4127.623,29.078812,1.9018731,24.970718,SDSS-SDSS,SDSS,2654,54231,23,2988144745936611328,26,binning 1   1,DR18
4128.5723,30.94761,1.9094977,24.954222,SDSS-SDSS,SDSS,2654,54231,23,2988144745936611328,26,binning 1   1,DR18
4129.5244,23.672089,2.2642272,24.986057,SDSS-SDSS,SDSS,2654,54231,23,2988144745936611328,26,binning 1   1,DR18
4130.4746,21.7678,2.2270994,25.014393,SDSS-SDSS,SDSS,2654,54231,23,2988144745936611328,26,binning 1   1,DR18
4131.427,26.253582,2.2897196,24.951813,SDSS-SDSS,SDSS,2654,54231,23,2988144745936611328,26,binning 1   1,DR18
4132.3774,27.123295,1.7464756,24.96383,SDSS-SDSS,SDSS,2654,54231,23,2988144745936611328,26,binning 1   1,DR18
4133.33,25.393032,1.7333348,24.945538,SDSS-SDSS,SDSS,2654,54231,23,2988144745936611328,26,binning 1   1,DR18
4134.2812,25.337328,1.7401819,24.831348,SDSS-SDSS,SDSS,2654,54231,23,2988144745936611328,26,binning 1   1,DR18
4135.2324,25.061779,1.7517955,24.795477,SDSS-SDSS,SDSS,2654,54231,23,2988144745936611328,26,binning 1   1,DR18
4136.1855,25.193783,1.7614974,24.898409,SDSS-SDSS,SDSS,2654,54231,23,2988144745936611328,26,binning 1   1,DR18
4137.137,27.177954,1.7899979,24.89753,SDSS-SDSS,SDSS,2654,54231,23,2988144745936611328,26,binning 1   1,DR18
4138.0913,24.874073,1.7800063,24.74678,SDSS-SDSS,SDSS,2654,54231,23,2988144745936611328,26,binning 1   1,DR18
4139.0435,25.186617,1.8181872,24.642452,SDSS-SDSS,SDSS,2654,54231,23,2988144745936611328,26,binning 1   1,DR18
4139.9976,27.544554,1.8535526,24.587774,SDSS-SDSS,SDSS,2654,54231,23,2988144745936611328,26,binning 1   1,DR18
4140.95,29.598684,1.8595482,24.585999,SDSS-SDSS,SDSS,2654,54231,23,2988144745936611328,26,binning 1   1,DR18
4141.903,26.01551,1.7989244,24.573418,SDSS-SDSS,SDSS,2654,54231,23,2988144745936611328,26,binning 1   1,DR18
4142.858,26.620262,1.8161541,24.470171,SDSS-SDSS,SDSS,2654,54231,23,2988144745936611328,26,binning 1   1,DR18
4143.811,26.751637,1.791323,24.56179,SDSS-SDSS,SDSS,2654,54231,23,2988144745936611328,26,binning 1   1,DR18
4144.7666,24.995817,1.7426541,24.608303,SDSS-SDSS,SDSS,2654,54231,23,2988144745936611328,26,binning 1   1,DR18
4145.72,25.330147,1.7425824,24.61478,SDSS-SDSS,SDSS,2654,54231,23,2988144745936611328,26,binning 1   1,DR18
4146.676,26.01019,1.7369993,24.584816,SDSS-SDSS,SDSS,2654,54231,23,2988144745936611328,26,binning 1   1,DR18
4147.63,25.821678,1.7635853,24.553846,SDSS-SDSS,SDSS,2654,54231,23,2988144745936611328,26,binning 1   1,DR18
4148.584,27.597672,1.8296154,24.623558,SDSS-SDSS,SDSS,2654,54231,23,2988144745936611328,26,binning 1   1,DR18
4149.5405,26.243923,1.8368019,24.730734,SDSS-SDSS,SDSS,2654,54231,23,2988144745936611328,26,binning 1   1,DR18
4150.495,25.908169,1.809821,24.781677,SDSS-SDSS,SDSS,2654,54231,23,2988144745936611328,26,binning 1   1,DR18
4151.4526,25.843262,1.7832963,24.747236,SDSS-SDSS,SDSS,2654,54231,23,2988144745936611328,26,binning 1   1,DR18
4152.407,24.710976,1.7803472,24.746767,SDSS-SDSS,SDSS,2654,54231,23,2988144745936611328,26,binning 1   1,DR18
4153.3647,23.863096,1.7478566,24.783846,SDSS-SDSS,SDSS,2654,54231,23,2988144745936611328,26,binning 1   1,DR18
4154.3203,24.178215,1.7389314,24.693916,SDSS-SDSS,SDSS,2654,54231,23,2988144745936611328,26,binning 1   1,DR18
4155.2764,22.915892,1.7218856,24.665073,SDSS-SDSS,SDSS,2654,54231,23,2988144745936611328,26,binning 1   1,DR18
4156.2344,25.736246,1.7871248,24.70978,SDSS-SDSS,SDSS,2654,54231,23,2988144745936611328,26,binning 1   1,DR18
4157.1904,26.988762,1.8219312,24.55484,SDSS-SDSS,SDSS,2654,54231,23,2988144745936611328,26,binning 1   1,DR18
4158.149,22.75707,1.7653421,24.42444,SDSS-SDSS,SDSS,2654,54231,23,2988144745936611328,26,binning 1   1,DR18
4159.1055,23.380194,1.7549106,24.489851,SDSS-SDSS,SDSS,2654,54231,23,2988144745936611328,26,binning 1   1,DR18
4160.065,26.164204,1.7661625,24.484194,SDSS-SDSS,SDSS,2654,54231,23,2988144745936611328,26,binning 1   1,DR18
4161.022,24.896524,1.7356815,24.499628,SDSS-SDSS,SDSS,2654,54231,23,2988144745936611328,26,binning 1   1,DR18
4161.979,25.152536,1.7643666,24.534218,SDSS-SDSS,SDSS,2654,54231,23,2988144745936611328,26,binning 1   1,DR18
4162.939,28.320393,1.791604,24.530348,SDSS-SDSS,SDSS,2654,54231,23,2988144745936611328,26,binning 1   1,DR18
4163.8965,28.651604,1.8125348,24.483974,SDSS-SDSS,SDSS,2654,54231,23,2988144745936611328,26,binning 1   1,DR18
4164.8564,25.090189,1.778051,24.459345,SDSS-SDSS,SDSS,2654,54231,23,2988144745936611328,26,binning 1   1,DR18
4165.815,26.411028,1.78687,24.495813,SDSS-SDSS,SDSS,2654,54231,23,2988144745936611328,26,binning 1   1,DR18
4166.7754,28.723888,1.8105612,24.439714,SDSS-SDSS,SDSS,2654,54231,23,2988144745936611328,26,binning 1   1,DR18
4167.734,26.383396,1.7619416,24.47012,SDSS-SDSS,SDSS,2654,54231,23,2988144745936611328,26,binning 1   1,DR18
4168.693,24.46284,1.7324665,24.480377,SDSS-SDSS,SDSS,2654,54231,23,2988144745936611328,26,binning 1   1,DR18
4169.654,25.89008,1.7753192,24.489393,SDSS-SDSS,SDSS,2654,54231,23,2988144745936611328,26,binning 1   1,DR18
4170.6133,26.326693,1.8080629,24.555265,SDSS-SDSS,SDSS,2654,54231,23,2988144745936611328,26,binning 1   1,DR18
4171.575,27.034946,1.8555253,24.61395,SDSS-SDSS,SDSS,2654,54231,23,2988144745936611328,26,binning 1   1,DR18
4172.5347,25.632719,1.8388169,24.593235,SDSS-SDSS,SDSS,2654,54231,23,2988144745936611328,26,binning 1   1,DR18
4173.497,26.25931,1.7997887,24.501444,SDSS-SDSS,SDSS,2654,54231,23,2988144745936611328,26,binning 1   1,DR18
4174.457,25.46991,1.7705535,24.433434,SDSS-SDSS,SDSS,2654,54231,23,2988144745936611328,26,binning 1   1,DR18
4175.4175,27.048676,1.7549924,24.371126,SDSS-SDSS,SDSS,2654,54231,23,2988144745936611328,26,binning 1   1,DR18
4176.38,28.571661,1.7387768,24.32546,SDSS-SDSS,SDSS,2654,54231,23,2988144745936611328,26,binning 1   1,DR18
4177.341,28.403763,1.7004073,24.375381,SDSS-SDSS,SDSS,2654,54231,23,2988144745936611328,26,binning 1   1,DR18
4178.304,24.484932,1.6364859,24.347965,SDSS-SDSS,SDSS,2654,54231,23,2988144745936611328,26,binning 1   1,DR18
4179.265,24.26355,1.642064,24.337498,SDSS-SDSS,SDSS,2654,54231,23,2988144745936611328,26,binning 1   1,DR18
4180.229,25.69977,1.6574274,24.300613,SDSS-SDSS,SDSS,2654,54231,23,2988144745936611328,26,binning 1   1,DR18
4181.191,24.862911,1.6616185,24.229214,SDSS-SDSS,SDSS,2654,54231,23,2988144745936611328,26,binning 1   1,DR18
4182.155,29.004686,1.7223176,24.210917,SDSS-SDSS,SDSS,2654,54231,23,2988144745936611328,26,binning 1   1,DR18
4183.117,28.839405,1.721591,24.307278,SDSS-SDSS,SDSS,2654,54231,23,2988144745936611328,26,binning 1   1,DR18
4184.0796,25.628857,1.644852,24.280008,SDSS-SDSS,SDSS,2654,54231,23,2988144745936611328,26,binning 1   1,DR18
4185.0444,24.751806,1.6403383,24.193249,SDSS-SDSS,SDSS,2654,54231,23,2988144745936611328,26,binning 1   1,DR18
4186.007,23.442642,1.6413513,24.183783,SDSS-SDSS,SDSS,2654,54231,23,2988144745936611328,26,binning 1   1,DR18
4186.972,23.994862,1.6728399,24.239904,SDSS-SDSS,SDSS,2654,54231,23,2988144745936611328,26,binning 1   1,DR18
4187.9355,25.623611,1.689043,24.238293,SDSS-SDSS,SDSS,2654,54231,23,2988144745936611328,26,binning 1   1,DR18
4188.9014,24.05542,1.6328987,24.13063,SDSS-SDSS,SDSS,2654,54231,23,2988144745936611328,26,binning 1   1,DR18
4189.8647,25.824177,1.6539658,24.17044,SDSS-SDSS,SDSS,2654,54231,23,2988144745936611328,26,binning 1   1,DR18
4190.8286,28.98135,1.6982899,24.154842,SDSS-SDSS,SDSS,2654,54231,23,2988144745936611328,26,binning 1   1,DR18
4191.795,27.305098,1.6765422,24.089401,SDSS-SDSS,SDSS,2654,54231,23,2988144745936611328,26,binning 1   1,DR18
4192.7593,25.440878,1.6317611,24.095705,SDSS-SDSS,SDSS,2654,54231,23,2988144745936611328,26,binning 1   1,DR18
4193.726,27.151203,1.6631575,24.137138,SDSS-SDSS,SDSS,2654,54231,23,2988144745936611328,26,binning 1   1,DR18
4194.691,25.574574,1.5993578,24.02963,SDSS-SDSS,SDSS,2654,54231,23,2988144745936611328,26,binning 1   1,DR18
4195.658,27.487827,1.6301278,23.98203,SDSS-SDSS,SDSS,2654,54231,23,2988144745936611328,26,binning 1   1,DR18
4196.6235,25.338614,1.6177511,23.97375,SDSS-SDSS,SDSS,2654,54231,23,2988144745936611328,26,binning 1   1,DR18
4197.589,23.086826,1.6659994,23.952885,SDSS-SDSS,SDSS,2654,54231,23,2988144745936611328,26,binning 1   1,DR18
4198.557,22.725946,1.6729004,23.950342,SDSS-SDSS,SDSS,2654,54231,23,2988144745936611328,26,binning 1   1,DR18
4199.523,24.814756,1.6294321,23.973335,SDSS-SDSS,SDSS,2654,54231,23,2988144745936611328,26,binning 1   1,DR18
4200.491,24.960594,1.6393489,23.958141,SDSS-SDSS,SDSS,2654,54231,23,2988144745936611328,26,binning 1   1,DR18
4201.4575,25.11232,1.6491629,23.956333,SDSS-SDSS,SDSS,2654,54231,23,2988144745936611328,26,binning 1   1,DR18
4202.4263,25.871088,1.644073,24.000875,SDSS-SDSS,SDSS,2654,54231,23,2988144745936611328,26,binning 1   1,DR18
4203.393,25.268305,1.6436892,24.118156,SDSS-SDSS,SDSS,2654,54231,23,2988144745936611328,26,binning 1   1,DR18
4204.36,26.136124,1.687375,24.147488,SDSS-SDSS,SDSS,2654,54231,23,2988144745936611328,26,binning 1   1,DR18
4205.3296,27.906836,1.6487185,24.034943,SDSS-SDSS,SDSS,2654,54231,23,2988144745936611328,26,binning 1   1,DR18
4206.297,22.588392,1.549209,23.991022,SDSS-SDSS,SDSS,2654,54231,23,2988144745936611328,26,binning 1   1,DR18
4207.267,25.058918,1.6180346,24.030811,SDSS-SDSS,SDSS,2654,54231,23,2988144745936611328,26,binning 1   1,DR18
4208.235,25.929665,1.638157,23.959389,SDSS-SDSS,SDSS,2654,54231,23,2988144745936611328,26,binning 1   1,DR18
4209.205,23.188175,1.5929655,24.011915,SDSS-SDSS,SDSS,2654,54231,23,2988144745936611328,26,binning 1   1,DR18
4210.174,24.893652,1.6502671,24.064169,SDSS-SDSS,SDSS,2654,54231,23,2988144745936611328,26,binning 1   1,DR18
4211.142,26.093023,1.6305935,23.98852,SDSS-SDSS,SDSS,2654,54231,23,2988144745936611328,26,binning 1   1,DR18
4212.1133,24.133823,1.5864708,23.96367,SDSS-SDSS,SDSS,2654,54231,23,2988144745936611328,26,binning 1   1,DR18
4213.082,23.593126,1.5790838,23.89642,SDSS-SDSS,SDSS,2654,54231,23,2988144745936611328,26,binning 1   1,DR18
4214.0537,25.307411,1.5839974,23.936605,SDSS-SDSS,SDSS,2654,54231,23,2988144745936611328,26,binning 1   1,DR18
4215.023,26.075304,1.6155214,23.862728,SDSS-SDSS,SDSS,2654,54231,23,2988144745936611328,26,binning 1   1,DR18
4215.995,24.496012,1.6122997,23.738186,SDSS-SDSS,SDSS,2654,54231,23,2988144745936611328,26,binning 1   1,DR18
4216.965,23.531681,1.609604,23.77279,SDSS-SDSS,SDSS,2654,54231,23,2988144745936611328,26,binning 1   1,DR18
4217.935,26.835375,1.5905998,23.944036,SDSS-SDSS,SDSS,2654,54231,23,2988144745936611328,26,binning 1   1,DR18
4218.9077,24.740656,1.5866617,23.892347,SDSS-SDSS,SDSS,2654,54231,23,2988144745936611328,26,binning 1   1,DR18
4219.8784,24.876265,1.6069702,23.859276,SDSS-SDSS,SDSS,2654,54231,23,2988144745936611328,26,binning 1   1,DR18
4220.8516,26.453514,1.6378831,23.887781,SDSS-SDSS,SDSS,2654,54231,23,2988144745936611328,26,binning 1   1,DR18
4221.8223,22.305845,1.5736544,23.933746,SDSS-SDSS,SDSS,2654,54231,23,2988144745936611328,26,binning 1   1,DR18
4222.796,25.4597,1.6103952,23.917418,SDSS-SDSS,SDSS,2654,54231,23,2988144745936611328,26,binning 1   1,DR18
4223.7676,26.202686,1.6200281,23.79573,SDSS-SDSS,SDSS,2654,54231,23,2988144745936611328,26,binning 1   1,DR18
4224.7393,24.14242,1.5836607,23.75218,SDSS-SDSS,SDSS,2654,54231,23,2988144745936611328,26,binning 1   1,DR18
4225.7134,24.256124,1.5800726,23.778524,SDSS-SDSS,SDSS,2654,54231,23,2988144745936611328,26,binning 1   1,DR18
4226.6855,24.980253,1.5524443,23.766743,SDSS-SDSS,SDSS,2654,54231,23,2988144745936611328,26,binning 1   1,DR18
4227.66,24.150322,1.5363824,23.778582,SDSS-SDSS,SDSS,2654,54231,23,2988144745936611328,26,binning 1   1,DR18
4228.633,24.875053,1.5483998,23.82927,SDSS-SDSS,SDSS,2654,54231,23,2988144745936611328,26,binning 1   1,DR18
4229.608,27.912134,1.6348563,23.771809,SDSS-SDSS,SDSS,2654,54231,23,2988144745936611328,26,binning 1   1,DR18
4230.5806,25.767101,1.6166432,23.693552,SDSS-SDSS,SDSS,2654,54231,23,2988144745936611328,26,binning 1   1,DR18
4231.554,23.875103,1.5799179,23.7313,SDSS-SDSS,SDSS,2654,54231,23,2988144745936611328,26,binning 1   1,DR18
4232.53,25.693466,1.6268886,23.71825,SDSS-SDSS,SDSS,2654,54231,23,2988144745936611328,26,binning 1   1,DR18
4233.5034,23.035557,1.5561529,23.752153,SDSS-SDSS,SDSS,2654,54231,23,2988144745936611328,26,binning 1   1,DR18
4234.48,24.280169,1.5787424,23.830364,SDSS-SDSS,SDSS,2654,54231,23,2988144745936611328,26,binning 1   1,DR18
4235.454,23.923433,1.5593613,23.691683,SDSS-SDSS,SDSS,2654,54231,23,2988144745936611328,26,binning 1   1,DR18
4236.4307,23.727005,1.5521659,23.643507,SDSS-SDSS,SDSS,2654,54231,23,2988144745936611328,26,binning 1   1,DR18
4237.4053,25.032158,1.5609229,23.664377,SDSS-SDSS,SDSS,2654,54231,23,2988144745936611328,26,binning 1   1,DR18
4238.38,24.787403,1.5530493,23.63224,SDSS-SDSS,SDSS,2654,54231,23,2988144745936611328,26,binning 1   1,DR18
4239.3574,24.041092,1.5538688,23.609451,SDSS-SDSS,SDSS,2654,54231,23,2988144745936611328,26,binning 1   1,DR18
4240.3325,25.695576,1.5813446,23.651253,SDSS-SDSS,SDSS,2654,54231,23,2988144745936611328,26,binning 1   1,DR18
4241.3105,26.406185,1.6078528,23.662012,SDSS-SDSS,SDSS,2654,54231,23,2988144745936611328,26,binning 1   1,DR18
4242.286,23.765694,1.5480243,23.646015,SDSS-SDSS,SDSS,2654,54231,23,2988144745936611328,26,binning 1   1,DR18
4243.264,24.39348,1.5476197,23.614187,SDSS-SDSS,SDSS,2654,54231,23,2988144745936611328,26,binning 1   1,DR18
4244.2407,25.822521,1.5680945,23.593554,SDSS-SDSS,SDSS,2654,54231,23,2988144745936611328,26,binning 1   1,DR18
4245.217,25.095352,1.6215222,23.536015,SDSS-SDSS,SDSS,2654,54231,23,2988144745936611328,26,binning 1   1,DR18
4246.196,27.768839,1.7142365,23.482994,SDSS-SDSS,SDSS,2654,54231,23,2988144745936611328,26,binning 1   1,DR18
4247.173,25.401247,1.6757085,23.552013,SDSS-SDSS,SDSS,2654,54231,23,2988144745936611328,26,binning 1   1,DR18
4248.152,25.667849,1.6423247,23.494812,SDSS-SDSS,SDSS,2654,54231,23,2988144745936611328,26,binning 1   1,DR18
4249.1294,26.488699,1.6366577,23.456167,SDSS-SDSS,SDSS,2654,54231,23,2988144745936611328,26,binning 1   1,DR18
4250.1094,23.560242,1.5629625,23.465609,SDSS-SDSS,SDSS,2654,54231,23,2988144745936611328,26,binning 1   1,DR18
4251.087,22.317324,1.5276328,23.432453,SDSS-SDSS,SDSS,2654,54231,23,2988144745936611328,26,binning 1   1,DR18
4252.065,24.783587,1.5571179,23.340933,SDSS-SDSS,SDSS,2654,54231,23,2988144745936611328,26,binning 1   1,DR18
4253.0454,25.795815,1.5676266,23.324245,SDSS-SDSS,SDSS,2654,54231,23,2988144745936611328,26,binning 1   1,DR18
4254.024,25.918163,1.551224,23.39811,SDSS-SDSS,SDSS,2654,54231,23,2988144745936611328,26,binning 1   1,DR18
4255.005,25.63213,1.5368502,23.423409,SDSS-SDSS,SDSS,2654,54231,23,2988144745936611328,26,binning 1   1,DR18
4255.9834,23.450216,1.4900715,23.42449,SDSS-SDSS,SDSS,2654,54231,23,2988144745936611328,26,binning 1   1,DR18
4256.965,23.99344,1.494218,23.475538,SDSS-SDSS,SDSS,2654,54231,23,2988144745936611328,26,binning 1   1,DR18
4257.9443,22.54657,1.4964173,23.499023,SDSS-SDSS,SDSS,2654,54231,23,2988144745936611328,26,binning 1   1,DR18
4258.9263,24.601332,1.5690118,23.356956,SDSS-SDSS,SDSS,2654,54231,23,2988144745936611328,26,binning 1   1,DR18
4259.906,24.47496,1.6124684,23.40096,SDSS-SDSS,SDSS,2654,54231,23,2988144745936611328,26,binning 1   1,DR18
4260.8857,23.615639,1.6297851,23.448267,SDSS-SDSS,SDSS,2654,54231,23,2988144745936611328,26,binning 1   1,DR18
4261.8687,23.552889,1.5940969,23.436708,SDSS-SDSS,SDSS,2654,54231,23,2988144745936611328,26,binning 1   1,DR18
4262.849,24.125664,1.5781251,23.43862,SDSS-SDSS,SDSS,2654,54231,23,2988144745936611328,26,binning 1   1,DR18
4263.832,24.059143,1.5425562,23.478392,SDSS-SDSS,SDSS,2654,54231,23,2988144745936611328,26,binning 1   1,DR18
4264.813,22.898342,1.4844261,23.460764,SDSS-SDSS,SDSS,2654,54231,23,2988144745936611328,26,binning 1   1,DR18
4265.7964,24.194105,1.501596,23.379538,SDSS-SDSS,SDSS,2654,54231,23,2988144745936611328,26,binning 1   1,DR18
4266.778,22.192368,1.4753,23.274385,SDSS-SDSS,SDSS,2654,54231,23,2988144745936611328,26,binning 1   1,DR18
4267.7593,25.672222,1.5418861,23.239553,SDSS-SDSS,SDSS,2654,54231,23,2988144745936611328,26,binning 1   1,DR18
4268.743,26.28129,1.5724357,23.27832,SDSS-SDSS,SDSS,2654,54231,23,2988144745936611328,26,binning 1   1,DR18
4269.7256,21.820652,1.4759501,23.312569,SDSS-SDSS,SDSS,2654,54231,23,2988144745936611328,26,binning 1   1,DR18
4270.71,22.981045,1.4961873,23.285303,SDSS-SDSS,SDSS,2654,54231,23,2988144745936611328,26,binning 1   1,DR18
4271.6924,26.58363,1.5244628,23.2965,SDSS-SDSS,SDSS,2654,54231,23,2988144745936611328,26,binning 1   1,DR18
4272.6772,23.61561,1.4806036,23.26292,SDSS-SDSS,SDSS,2654,54231,23,2988144745936611328,26,binning 1   1,DR18
4273.6606,23.98708,1.4754207,23.237759,SDSS-SDSS,SDSS,2654,54231,23,2988144745936611328,26,binning 1   1,DR18
4274.6436,25.77864,1.5038328,23.27704,SDSS-SDSS,SDSS,2654,54231,23,2988144745936611328,26,binning 1   1,DR18
4275.6294,24.47255,1.5017256,23.351429,SDSS-SDSS,SDSS,2654,54231,23,2988144745936611328,26,binning 1   1,DR18
4276.613,24.403652,1.5192991,23.357471,SDSS-SDSS,SDSS,2654,54231,23,2988144745936611328,26,binning 1   1,DR18
4277.599,22.796938,1.5064558,23.288303,SDSS-SDSS,SDSS,2654,54231,23,2988144745936611328,26,binning 1   1,DR18
4278.583,23.123056,1.4853652,23.324833,SDSS-SDSS,SDSS,2654,54231,23,2988144745936611328,26,binning 1   1,DR18
4279.57,22.323627,1.4442488,23.25901,SDSS-SDSS,SDSS,2654,54231,23,2988144745936611328,26,binning 1   1,DR18
4280.554,22.568829,1.4410808,23.117674,SDSS-SDSS,SDSS,2654,54231,23,2988144745936611328,26,binning 1   1,DR18
4281.539,24.668434,1.4943557,23.042727,SDSS-SDSS,SDSS,2654,54231,23,2988144745936611328,26,binning 1   1,DR18
4282.5264,22.10636,1.4352361,23.033625,SDSS-SDSS,SDSS,2654,54231,23,2988144745936611328,26,binning 1   1,DR18
4283.5117,21.741625,1.4133922,23.010405,SDSS-SDSS,SDSS,2654,54231,23,2988144745936611328,26,binning 1   1,DR18
4284.499,22.298098,1.408487,22.914736,SDSS-SDSS,SDSS,2654,54231,23,2988144745936611328,26,binning 1   1,DR18
4285.485,21.68837,1.413284,22.89447,SDSS-SDSS,SDSS,2654,54231,23,2988144745936611328,26,binning 1   1,DR18
4286.473,23.76951,1.463537,22.869267,SDSS-SDSS,SDSS,2654,54231,23,2988144745936611328,26,binning 1   1,DR18
4287.459,24.960676,1.5269235,22.800158,SDSS-SDSS,SDSS,2654,54231,23,2988144745936611328,26,binning 1   1,DR18
4288.4453,23.049973,1.5232887,22.861797,SDSS-SDSS,SDSS,2654,54231,23,2988144745936611328,26,binning 1   1,DR18
4289.4346,22.77149,1.5216517,22.93996,SDSS-SDSS,SDSS,2654,54231,23,2988144745936611328,26,binning 1   1,DR18
4290.4214,22.874624,1.527932,22.982164,SDSS-SDSS,SDSS,2654,54231,23,2988144745936611328,26,binning 1   1,DR18
4291.4106,24.785141,1.5542276,23.067476,SDSS-SDSS,SDSS,2654,54231,23,2988144745936611328,26,binning 1   1,DR18
4292.398,22.716776,1.504569,23.102118,SDSS-SDSS,SDSS,2654,54231,23,2988144745936611328,26,binning 1   1,DR18
4293.3877,22.98846,1.5029352,23.013783,SDSS-SDSS,SDSS,2654,54231,23,2988144745936611328,26,binning 1   1,DR18
4294.3755,21.853935,1.48045,22.98219,SDSS-SDSS,SDSS,2654,54231,23,2988144745936611328,26,binning 1   1,DR18
4295.3633,22.882648,1.50939,23.234037,SDSS-SDSS,SDSS,2654,54231,23,2988144745936611328,26,binning 1   1,DR18
4296.3535,23.98975,1.5173409,23.255392,SDSS-SDSS,SDSS,2654,54231,23,2988144745936611328,26,binning 1   1,DR18
4297.3423,22.522694,1.4749228,23.160938,SDSS-SDSS,SDSS,2654,54231,23,2988144745936611328,26,binning 1   1,DR18
4298.333,22.044634,1.4771262,23.086857,SDSS-SDSS,SDSS,2654,54231,23,2988144745936611328,26,binning 1   1,DR18
4299.322,21.542812,1.4883804,23.00941,SDSS-SDSS,SDSS,2654,54231,23,2988144745936611328,26,binning 1   1,DR18
4300.3135,21.527702,1.5193734,22.864307,SDSS-SDSS,SDSS,2654,54231,23,2988144745936611328,26,binning 1   1,DR18
4301.3027,23.278309,1.5414606,22.75904,SDSS-SDSS,SDSS,2654,54231,23,2988144745936611328,26,binning 1   1,DR18
4302.292,24.66669,1.5556298,22.709942,SDSS-SDSS,SDSS,2654,54231,23,2988144745936611328,26,binning 1   1,DR18
4303.284,24.73696,1.5421878,22.734163,SDSS-SDSS,SDSS,2654,54231,23,2988144745936611328,26,binning 1   1,DR18
4304.2744,22.411188,1.4938651,22.810156,SDSS-SDSS,SDSS,2654,54231,23,2988144745936611328,26,binning 1   1,DR18
4305.2666,24.454586,1.4722074,22.877666,SDSS-SDSS,SDSS,2654,54231,23,2988144745936611328,26,binning 1   1,DR18
4306.2573,25.138868,1.4692531,22.876713,SDSS-SDSS,SDSS,2654,54231,23,2988144745936611328,26,binning 1   1,DR18
4307.25,23.38187,1.4402188,22.82573,SDSS-SDSS,SDSS,2654,54231,23,2988144745936611328,26,binning 1   1,DR18
4308.241,23.628363,1.4431137,22.751236,SDSS-SDSS,SDSS,2654,54231,23,2988144745936611328,26,binning 1   1,DR18
4309.232,21.902462,1.4365578,22.762026,SDSS-SDSS,SDSS,2654,54231,23,2988144745936611328,26,binning 1   1,DR18
4310.226,23.037523,1.4681932,22.801773,SDSS-SDSS,SDSS,2654,54231,23,2988144745936611328,26,binning 1   1,DR18
4311.2173,23.685118,1.4705104,22.796255,SDSS-SDSS,SDSS,2654,54231,23,2988144745936611328,26,binning 1   1,DR18
4312.2114,23.122185,1.4910531,22.778576,SDSS-SDSS,SDSS,2654,54231,23,2988144745936611328,26,binning 1   1,DR18
4313.2036,23.786951,1.4880606,22.716867,SDSS-SDSS,SDSS,2654,54231,23,2988144745936611328,26,binning 1   1,DR18
4314.198,23.263197,1.4477425,22.68923,SDSS-SDSS,SDSS,2654,54231,23,2988144745936611328,26,binning 1   1,DR18
4315.1904,20.529356,1.4012684,22.678371,SDSS-SDSS,SDSS,2654,54231,23,2988144745936611328,26,binning 1   1,DR18
4316.1836,21.09735,1.4120668,22.715094,SDSS-SDSS,SDSS,2654,54231,23,2988144745936611328,26,binning 1   1,DR18
4317.1787,22.449034,1.4423274,22.798058,SDSS-SDSS,SDSS,2654,54231,23,2988144745936611328,26,binning 1   1,DR18
4318.172,24.46196,1.4789141,22.864017,SDSS-SDSS,SDSS,2654,54231,23,2988144745936611328,26,binning 1   1,DR18
4319.1675,21.898594,1.4501305,22.983404,SDSS-SDSS,SDSS,2654,54231,23,2988144745936611328,26,binning 1   1,DR18
4320.161,22.593021,1.4562504,22.938244,SDSS-SDSS,SDSS,2654,54231,23,2988144745936611328,26,binning 1   1,DR18
4321.157,21.468697,1.4468006,22.80307,SDSS-SDSS,SDSS,2654,54231,23,2988144745936611328,26,binning 1   1,DR18
4322.1514,22.996845,1.4689535,22.717144,SDSS-SDSS,SDSS,2654,54231,23,2988144745936611328,26,binning 1   1,DR18
4323.146,24.047464,1.4554323,22.70508,SDSS-SDSS,SDSS,2654,54231,23,2988144745936611328,26,binning 1   1,DR18
4324.1426,24.696156,1.4623225,22.66889,SDSS-SDSS,SDSS,2654,54231,23,2988144745936611328,26,binning 1   1,DR18
4325.1377,24.183386,1.4639453,22.617466,SDSS-SDSS,SDSS,2654,54231,23,2988144745936611328,26,binning 1   1,DR18
4326.135,21.686407,1.4239101,22.5758,SDSS-SDSS,SDSS,2654,54231,23,2988144745936611328,26,binning 1   1,DR18
4327.13,20.676138,1.4191327,22.46924,SDSS-SDSS,SDSS,2654,54231,23,2988144745936611328,26,binning 1   1,DR18
4328.128,22.547695,1.4264846,22.42037,SDSS-SDSS,SDSS,2654,54231,23,2988144745936611328,26,binning 1   1,DR18
4329.1235,22.538795,1.4138676,22.484894,SDSS-SDSS,SDSS,2654,54231,23,2988144745936611328,26,binning 1   1,DR18
4330.1196,21.662842,1.3649772,22.49353,SDSS-SDSS,SDSS,2654,54231,23,2988144745936611328,26,binning 1   1,DR18
4331.118,23.972319,1.4245237,22.499065,SDSS-SDSS,SDSS,2654,54231,23,2988144745936611328,26,binning 1   1,DR18
4332.1143,23.847757,1.425001,22.545765,SDSS-SDSS,SDSS,2654,54231,23,2988144745936611328,26,binning 1   1,DR18
4333.1133,21.857792,1.3784047,22.55958,SDSS-SDSS,SDSS,2654,54231,23,2988144745936611328,26,binning 1   1,DR18
4334.1104,22.223118,1.3856058,22.579285,SDSS-SDSS,SDSS,2654,54231,23,2988144745936611328,26,binning 1   1,DR18
4335.11,25.663591,1.446954,22.583067,SDSS-SDSS,SDSS,2654,54231,23,2988144745936611328,26,binning 1   1,DR18
4336.107,23.974215,1.4414603,22.449179,SDSS-SDSS,SDSS,2654,54231,23,2988144745936611328,26,binning 1   1,DR18
4337.107,23.415194,1.4503322,22.407885,SDSS-SDSS,SDSS,2654,54231,23,2988144745936611328,26,binning 1   1,DR18
4338.1045,25.766657,1.4772438,22.429838,SDSS-SDSS,SDSS,2654,54231,23,2988144745936611328,26,binning 1   1,DR18
4339.1025,26.5259,1.4683408,22.319304,SDSS-SDSS,SDSS,2654,54231,23,2988144745936611328,26,binning 1   1,DR18
4340.103,26.217653,1.455088,22.228268,SDSS-SDSS,SDSS,2654,54231,23,2988144745936611328,26,binning 1   1,DR18
4341.1016,26.269058,1.4689596,22.279118,SDSS-SDSS,SDSS,2654,54231,23,2988144745936611328,26,binning 1   1,DR18
4342.1025,25.721811,1.469356,22.298235,SDSS-SDSS,SDSS,2654,54231,23,2988144745936611328,26,binning 1   1,DR18
4343.1016,26.278152,1.5169474,22.34288,SDSS-SDSS,SDSS,2654,54231,23,2988144745936611328,26,binning 1   1,DR18
4344.103,22.941383,1.5090518,22.334396,SDSS-SDSS,SDSS,2654,54231,23,2988144745936611328,26,binning 1   1,DR18
4345.1025,26.858915,1.5878246,22.241432,SDSS-SDSS,SDSS,2654,54231,23,2988144745936611328,26,binning 1   1,DR18
4346.102,26.585949,1.5482446,22.233126,SDSS-SDSS,SDSS,2654,54231,23,2988144745936611328,26,binning 1   1,DR18
4347.104,25.62213,1.5301414,22.37642,SDSS-SDSS,SDSS,2654,54231,23,2988144745936611328,26,binning 1   1,DR18
4348.104,22.581028,1.5977467,22.478056,SDSS-SDSS,SDSS,2654,54231,23,2988144745936611328,26,binning 1   1,DR18
4349.107,23.556192,1.6077484,22.512688,SDSS-SDSS,SDSS,2654,54231,23,2988144745936611328,26,binning 1   1,DR18
4350.1074,25.49275,1.466369,22.4862,SDSS-SDSS,SDSS,2654,54231,23,2988144745936611328,26,binning 1   1,DR18
4351.1104,24.583687,1.4638665,22.44178,SDSS-SDSS,SDSS,2654,54231,23,2988144745936611328,26,binning 1   1,DR18
4352.1113,24.529182,1.4388739,22.397123,SDSS-SDSS,SDSS,2654,54231,23,2988144745936611328,26,binning 1   1,DR18
4353.113,24.814085,1.4150909,22.331059,SDSS-SDSS,SDSS,2654,54231,23,2988144745936611328,26,binning 1   1,DR18
4354.1167,22.996569,1.4223052,22.230204,SDSS-SDSS,SDSS,2654,54231,23,2988144745936611328,26,binning 1   1,DR18
4355.118,22.483458,1.4660273,22.173767,SDSS-SDSS,SDSS,2654,54231,23,2988144745936611328,26,binning 1   1,DR18
4356.1226,24.548174,1.5525109,22.023148,SDSS-SDSS,SDSS,2654,54231,23,2988144745936611328,26,binning 1   1,DR18
4357.1245,24.596357,1.6219236,21.944931,SDSS-SDSS,SDSS,2654,54231,23,2988144745936611328,26,binning 1   1,DR18
4358.1294,19.72315,1.6212609,21.958424,SDSS-SDSS,SDSS,2654,54231,23,2988144745936611328,26,binning 1   1,DR18
4359.132,20.076302,1.6520209,22.014149,SDSS-SDSS,SDSS,2654,54231,23,2988144745936611328,26,binning 1   1,DR18
4360.135,23.30805,1.6635771,22.13694,SDSS-SDSS,SDSS,2654,54231,23,2988144745936611328,26,binning 1   1,DR18
4361.14,23.629038,1.5823345,22.256498,SDSS-SDSS,SDSS,2654,54231,23,2988144745936611328,26,binning 1   1,DR18
4362.1436,23.246298,1.5587589,22.193344,SDSS-SDSS,SDSS,2654,54231,23,2988144745936611328,26,binning 1   1,DR18
4363.1494,20.193121,1.4838964,22.09457,SDSS-SDSS,SDSS,2654,54231,23,2988144745936611328,26,binning 1   1,DR18
4364.153,23.769114,1.4718418,22.086983,SDSS-SDSS,SDSS,2654,54231,23,2988144745936611328,26,binning 1   1,DR18
4365.159,23.93402,1.4245197,22.07014,SDSS-SDSS,SDSS,2654,54231,23,2988144745936611328,26,binning 1   1,DR18
4366.1636,22.544456,1.3823242,21.901413,SDSS-SDSS,SDSS,2654,54231,23,2988144745936611328,26,binning 1   1,DR18
4367.168,24.112434,1.3952276,22.016844,SDSS-SDSS,SDSS,2654,54231,23,2988144745936611328,26,binning 1   1,DR18
4368.1753,23.03068,1.3675557,22.051657,SDSS-SDSS,SDSS,2654,54231,23,2988144745936611328,26,binning 1   1,DR18
4369.18,20.890972,1.3222886,22.008074,SDSS-SDSS,SDSS,2654,54231,23,2988144745936611328,26,binning 1   1,DR18
4370.1875,21.235268,1.3382311,21.998589,SDSS-SDSS,SDSS,2654,54231,23,2988144745936611328,26,binning 1   1,DR18
4371.193,22.485355,1.3698941,22.061445,SDSS-SDSS,SDSS,2654,54231,23,2988144745936611328,26,binning 1   1,DR18
4372.2007,23.751507,1.3892182,22.119871,SDSS-SDSS,SDSS,2654,54231,23,2988144745936611328,26,binning 1   1,DR18
4373.2065,22.011902,1.3485628,22.0795,SDSS-SDSS,SDSS,2654,54231,23,2988144745936611328,26,binning 1   1,DR18
4374.213,19.181337,1.2884977,22.0342,SDSS-SDSS,SDSS,2654,54231,23,2988144745936611328,26,binning 1   1,DR18
4375.221,21.549728,1.3329734,22.014462,SDSS-SDSS,SDSS,2654,54231,23,2988144745936611328,26,binning 1   1,DR18
4376.228,22.403214,1.3436363,21.987085,SDSS-SDSS,SDSS,2654,54231,23,2988144745936611328,26,binning 1   1,DR18
4377.237,22.709435,1.3595352,21.995148,SDSS-SDSS,SDSS,2654,54231,23,2988144745936611328,26,binning 1   1,DR18
4378.244,21.2768,1.321366,22.125128,SDSS-SDSS,SDSS,2654,54231,23,2988144745936611328,26,binning 1   1,DR18
4379.2534,20.650188,1.3365059,22.138802,SDSS-SDSS,SDSS,2654,54231,23,2988144745936611328,26,binning 1   1,DR18
4380.261,23.35191,1.3660575,22.089025,SDSS-SDSS,SDSS,2654,54231,23,2988144745936611328,26,binning 1   1,DR18
4381.2686,24.110058,1.3925533,22.0692,SDSS-SDSS,SDSS,2654,54231,23,2988144745936611328,26,binning 1   1,DR18
4382.2793,20.790497,1.3681788,21.998173,SDSS-SDSS,SDSS,2654,54231,23,2988144745936611328,26,binning 1   1,DR18
4383.287,19.772335,1.3869858,21.915314,SDSS-SDSS,SDSS,2654,54231,23,2988144745936611328,26,binning 1   1,DR18
4384.298,20.95876,1.4177852,22.019966,SDSS-SDSS,SDSS,2654,54231,23,2988144745936611328,26,binning 1   1,DR18
4385.3066,21.961758,1.4094096,21.97821,SDSS-SDSS,SDSS,2654,54231,23,2988144745936611328,26,binning 1   1,DR18
4386.318,21.393639,1.3596785,21.858099,SDSS-SDSS,SDSS,2654,54231,23,2988144745936611328,26,binning 1   1,DR18
4387.3267,23.610977,1.3620682,21.913147,SDSS-SDSS,SDSS,2654,54231,23,2988144745936611328,26,binning 1   1,DR18
4388.336,20.744202,1.302046,21.966349,SDSS-SDSS,SDSS,2654,54231,23,2988144745936611328,26,binning 1   1,DR18
4389.348,19.894922,1.2822422,21.87525,SDSS-SDSS,SDSS,2654,54231,23,2988144745936611328,26,binning 1   1,DR18
4390.358,24.19475,1.3608832,21.875412,SDSS-SDSS,SDSS,2654,54231,23,2988144745936611328,26,binning 1   1,DR18
4391.37,22.370163,1.338199,21.93851,SDSS-SDSS,SDSS,2654,54231,23,2988144745936611328,26,binning 1   1,DR18
4392.3804,20.13083,1.305346,21.93154,SDSS-SDSS,SDSS,2654,54231,23,2988144745936611328,26,binning 1   1,DR18
4393.3936,19.450644,1.3058761,21.899464,SDSS-SDSS,SDSS,2654,54231,23,2988144745936611328,26,binning 1   1,DR18
4394.4043,21.243462,1.3276192,21.865,SDSS-SDSS,SDSS,2654,54231,23,2988144745936611328,26,binning 1   1,DR18
4395.415,22.508995,1.3337768,21.811388,SDSS-SDSS,SDSS,2654,54231,23,2988144745936611328,26,binning 1   1,DR18
4396.4287,20.19022,1.3000515,21.743382,SDSS-SDSS,SDSS,2654,54231,23,2988144745936611328,26,binning 1   1,DR18
4397.44,20.18396,1.2979242,21.712997,SDSS-SDSS,SDSS,2654,54231,23,2988144745936611328,26,binning 1   1,DR18
4398.454,21.505802,1.3215339,21.668676,SDSS-SDSS,SDSS,2654,54231,23,2988144745936611328,26,binning 1   1,DR18
4399.466,21.656368,1.3406167,21.708494,SDSS-SDSS,SDSS,2654,54231,23,2988144745936611328,26,binning 1   1,DR18
4400.4805,21.957655,1.3472996,21.778536,SDSS-SDSS,SDSS,2654,54231,23,2988144745936611328,26,binning 1   1,DR18
4401.4927,20.56202,1.3196423,21.783907,SDSS-SDSS,SDSS,2654,54231,23,2988144745936611328,26,binning 1   1,DR18
4402.5054,20.209803,1.3120233,21.735313,SDSS-SDSS,SDSS,2654,54231,23,2988144745936611328,26,binning 1   1,DR18
4403.5205,18.591343,1.2843256,21.648298,SDSS-SDSS,SDSS,2654,54231,23,2988144745936611328,26,binning 1   1,DR18
4404.5337,19.376045,1.3030899,21.59197,SDSS-SDSS,SDSS,2654,54231,23,2988144745936611328,26,binning 1   1,DR18
4405.5493,20.664131,1.3380318,21.575052,SDSS-SDSS,SDSS,2654,54231,23,2988144745936611328,26,binning 1   1,DR18
4406.5625,22.11385,1.3601525,21.568886,SDSS-SDSS,SDSS,2654,54231,23,2988144745936611328,26,binning 1   1,DR18
4407.5786,19.852182,1.3191372,21.599588,SDSS-SDSS,SDSS,2654,54231,23,2988144745936611328,26,binning 1   1,DR18
4408.593,18.939735,1.2938933,21.730705,SDSS-SDSS,SDSS,2654,54231,23,2988144745936611328,26,binning 1   1,DR18
4409.607,19.957043,1.3101236,21.824131,SDSS-SDSS,SDSS,2654,54231,23,2988144745936611328,26,binning 1   1,DR18
4410.624,19.170668,1.334063,21.816563,SDSS-SDSS,SDSS,2654,54231,23,2988144745936611328,26,binning 1   1,DR18
4411.6387,18.971228,1.3622475,21.89109,SDSS-SDSS,SDSS,2654,54231,23,2988144745936611328,26,binning 1   1,DR18
4412.656,19.044712,1.3946611,21.955585,SDSS-SDSS,SDSS,2654,54231,23,2988144745936611328,26,binning 1   1,DR18
4413.671,21.380621,1.4025457,21.84639,SDSS-SDSS,SDSS,2654,54231,23,2988144745936611328,26,binning 1   1,DR18
4414.6885,20.33814,1.3746214,21.6544,SDSS-SDSS,SDSS,2654,54231,23,2988144745936611328,26,binning 1   1,DR18
4415.704,19.998178,1.3141086,21.640097,SDSS-SDSS,SDSS,2654,54231,23,2988144745936611328,26,binning 1   1,DR18
4416.7227,19.754913,1.2975385,21.569386,SDSS-SDSS,SDSS,2654,54231,23,2988144745936611328,26,binning 1   1,DR18
4417.739,18.303041,1.2664193,21.513285,SDSS-SDSS,SDSS,2654,54231,23,2988144745936611328,26,binning 1   1,DR18
4418.755,19.187872,1.3066655,21.58707,SDSS-SDSS,SDSS,2654,54231,23,2988144745936611328,26,binning 1   1,DR18
4419.774,22.341206,1.3694566,21.72563,SDSS-SDSS,SDSS,2654,54231,23,2988144745936611328,26,binning 1   1,DR18
4420.7905,21.02835,1.3563579,21.708107,SDSS-SDSS,SDSS,2654,54231,23,2988144745936611328,26,binning 1   1,DR18
4421.81,21.28682,1.3508984,21.577044,SDSS-SDSS,SDSS,2654,54231,23,2988144745936611328,26,binning 1   1,DR18
4422.827,21.989357,1.3304921,21.508827,SDSS-SDSS,SDSS,2654,54231,23,2988144745936611328,26,binning 1   1,DR18
4423.847,20.596592,1.3131214,21.559843,SDSS-SDSS,SDSS,2654,54231,23,2988144745936611328,26,binning 1   1,DR18
4424.8647,20.690746,1.3201212,21.594099,SDSS-SDSS,SDSS,2654,54231,23,2988144745936611328,26,binning 1   1,DR18
4425.883,19.502436,1.3198708,21.577864,SDSS-SDSS,SDSS,2654,54231,23,2988144745936611328,26,binning 1   1,DR18
4426.9033,16.35648,1.3018682,21.647808,SDSS-SDSS,SDSS,2654,54231,23,2988144745936611328,26,binning 1   1,DR18
4427.922,21.414349,1.3846179,21.585669,SDSS-SDSS,SDSS,2654,54231,23,2988144745936611328,26,binning 1   1,DR18
4428.943,21.034927,1.3575861,21.541077,SDSS-SDSS,SDSS,2654,54231,23,2988144745936611328,26,binning 1   1,DR18
4429.962,18.59483,1.3008952,21.548515,SDSS-SDSS,SDSS,2654,54231,23,2988144745936611328,26,binning 1   1,DR18
4430.9834,21.113785,1.3167188,21.612425,SDSS-SDSS,SDSS,2654,54231,23,2988144745936611328,26,binning 1   1,DR18
4432.0024,20.329044,1.3014879,21.704578,SDSS-SDSS,SDSS,2654,54231,23,2988144745936611328,26,binning 1   1,DR18
4433.022,19.670692,1.2870566,21.73263,SDSS-SDSS,SDSS,2654,54231,23,2988144745936611328,26,binning 1   1,DR18
4434.0444,18.913202,1.302033,21.619663,SDSS-SDSS,SDSS,2654,54231,23,2988144745936611328,26,binning 1   1,DR18
4435.0645,17.927418,1.2659087,21.514534,SDSS-SDSS,SDSS,2654,54231,23,2988144745936611328,26,binning 1   1,DR18
4436.0874,19.994003,1.2983859,21.408707,SDSS-SDSS,SDSS,2654,54231,23,2988144745936611328,26,binning 1   1,DR18
4437.108,20.514467,1.322827,21.29271,SDSS-SDSS,SDSS,2654,54231,23,2988144745936611328,26,binning 1   1,DR18
4438.131,19.412739,1.3288518,21.238338,SDSS-SDSS,SDSS,2654,54231,23,2988144745936611328,26,binning 1   1,DR18
4439.152,18.938196,1.3184084,21.296904,SDSS-SDSS,SDSS,2654,54231,23,2988144745936611328,26,binning 1   1,DR18
4440.1733,19.567406,1.3234137,21.22591,SDSS-SDSS,SDSS,2654,54231,23,2988144745936611328,26,binning 1   1,DR18
4441.197,20.319242,1.3147922,21.181963,SDSS-SDSS,SDSS,2654,54231,23,2988144745936611328,26,binning 1   1,DR18
4442.2188,19.092468,1.2901957,21.166939,SDSS-SDSS,SDSS,2654,54231,23,2988144745936611328,26,binning 1   1,DR18
4443.243,19.044796,1.2720395,21.21197,SDSS-SDSS,SDSS,2654,54231,23,2988144745936611328,26,binning 1   1,DR18
4444.265,19.740488,1.2664531,21.279428,SDSS-SDSS,SDSS,2654,54231,23,2988144745936611328,26,binning 1   1,DR18
4445.29,19.428211,1.2602451,21.243488,SDSS-SDSS,SDSS,2654,54231,23,2988144745936611328,26,binning 1   1,DR18
4446.3125,17.255163,1.2318057,21.259172,SDSS-SDSS,SDSS,2654,54231,23,2988144745936611328,26,binning 1   1,DR18
4447.3354,19.595072,1.2855651,21.375853,SDSS-SDSS,SDSS,2654,54231,23,2988144745936611328,26,binning 1   1,DR18
4448.3613,19.878397,1.2741524,21.477177,SDSS-SDSS,SDSS,2654,54231,23,2988144745936611328,26,binning 1   1,DR18
4449.3843,19.45956,1.2716846,21.386654,SDSS-SDSS,SDSS,2654,54231,23,2988144745936611328,26,binning 1   1,DR18
4450.4106,21.291544,1.3135017,21.164862,SDSS-SDSS,SDSS,2654,54231,23,2988144745936611328,26,binning 1   1,DR18
4451.434,19.255293,1.3013399,21.128458,SDSS-SDSS,SDSS,2654,54231,23,2988144745936611328,26,binning 1   1,DR18
4452.461,19.557127,1.279909,21.18101,SDSS-SDSS,SDSS,2654,54231,23,2988144745936611328,26,binning 1   1,DR18
4453.485,19.671427,1.2660304,21.176235,SDSS-SDSS,SDSS,2654,54231,23,2988144745936611328,26,binning 1   1,DR18
4454.51,17.984526,1.2410979,21.128954,SDSS-SDSS,SDSS,2654,54231,23,2988144745936611328,26,binning 1   1,DR18
4455.5366,18.393785,1.228271,21.091375,SDSS-SDSS,SDSS,2654,54231,23,2988144745936611328,26,binning 1   1,DR18
4456.5615,19.456144,1.2388127,21.079456,SDSS-SDSS,SDSS,2654,54231,23,2988144745936611328,26,binning 1   1,DR18
4457.5894,19.687553,1.228425,21.057787,SDSS-SDSS,SDSS,2654,54231,23,2988144745936611328,26,binning 1   1,DR18
4458.6147,17.751287,1.1916543,20.995434,SDSS-SDSS,SDSS,2654,54231,23,2988144745936611328,26,binning 1   1,DR18
4459.643,17.564016,1.1771748,20.973381,SDSS-SDSS,SDSS,2654,54231,23,2988144745936611328,26,binning 1   1,DR18
4460.669,18.948849,1.209089,21.068521,SDSS-SDSS,SDSS,2654,54231,23,2988144745936611328,26,binning 1   1,DR18
4461.6953,18.171568,1.2073452,21.140821,SDSS-SDSS,SDSS,2654,54231,23,2988144745936611328,26,binning 1   1,DR18
4462.724,20.880486,1.2612575,21.129097,SDSS-SDSS,SDSS,2654,54231,23,2988144745936611328,26,binning 1   1,DR18
4463.7505,21.092539,1.2473907,21.190039,SDSS-SDSS,SDSS,2654,54231,23,2988144745936611328,26,binning 1   1,DR18
4464.78,20.84867,1.25872,21.20003,SDSS-SDSS,SDSS,2654,54231,23,2988144745936611328,26,binning 1   1,DR18
4465.807,20.210096,1.2396114,21.125164,SDSS-SDSS,SDSS,2654,54231,23,2988144745936611328,26,binning 1   1,DR18
4466.837,20.9019,1.2451931,21.02364,SDSS-SDSS,SDSS,2654,54231,23,2988144745936611328,26,binning 1   1,DR18
4467.8643,21.976921,1.2530042,20.977392,SDSS-SDSS,SDSS,2654,54231,23,2988144745936611328,26,binning 1   1,DR18
4468.892,21.33365,1.2464017,20.932108,SDSS-SDSS,SDSS,2654,54231,23,2988144745936611328,26,binning 1   1,DR18
4469.923,21.048817,1.229145,20.760992,SDSS-SDSS,SDSS,2654,54231,23,2988144745936611328,26,binning 1   1,DR18
4470.951,20.121166,1.2364272,20.751022,SDSS-SDSS,SDSS,2654,54231,23,2988144745936611328,26,binning 1   1,DR18
4471.982,17.721926,1.247757,20.825567,SDSS-SDSS,SDSS,2654,54231,23,2988144745936611328,26,binning 1   1,DR18
4473.0107,19.273811,1.2884806,20.880976,SDSS-SDSS,SDSS,2654,54231,23,2988144745936611328,26,binning 1   1,DR18
4474.0425,20.961828,1.3036007,20.872448,SDSS-SDSS,SDSS,2654,54231,23,2988144745936611328,26,binning 1   1,DR18
4475.072,19.29713,1.2455068,20.835514,SDSS-SDSS,SDSS,2654,54231,23,2988144745936611328,26,binning 1   1,DR18
4476.101,17.912245,1.1938676,20.848825,SDSS-SDSS,SDSS,2654,54231,23,2988144745936611328,26,binning 1   1,DR18
4477.1333,19.81954,1.2211986,20.878773,SDSS-SDSS,SDSS,2654,54231,23,2988144745936611328,26,binning 1   1,DR18
4478.163,19.276518,1.2279227,20.815062,SDSS-SDSS,SDSS,2654,54231,23,2988144745936611328,26,binning 1   1,DR18
4479.196,18.754208,1.2188408,20.805002,SDSS-SDSS,SDSS,2654,54231,23,2988144745936611328,26,binning 1   1,DR18
4480.2266,16.878786,1.162694,20.76681,SDSS-SDSS,SDSS,2654,54231,23,2988144745936611328,26,binning 1   1,DR18
4481.2593,19.229908,1.2162973,20.67933,SDSS-SDSS,SDSS,2654,54231,23,2988144745936611328,26,binning 1   1,DR18
4482.2905,19.595648,1.2871722,20.752708,SDSS-SDSS,SDSS,2654,54231,23,2988144745936611328,26,binning 1   1,DR18
4483.3213,21.75879,1.368731,20.803965,SDSS-SDSS,SDSS,2654,54231,23,2988144745936611328,26,binning 1   1,DR18
4484.3555,20.542498,1.5483432,20.818739,SDSS-SDSS,SDSS,2654,54231,23,2988144745936611328,26,binning 1   1,DR18
4485.387,17.551853,1.5797014,20.812239,SDSS-SDSS,SDSS,2654,54231,23,2988144745936611328,26,binning 1   1,DR18
4486.4214,17.642097,1.2950497,20.77005,SDSS-SDSS,SDSS,2654,54231,23,2988144745936611328,26,binning 1   1,DR18
4487.4536,18.421888,1.2660975,20.698612,SDSS-SDSS,SDSS,2654,54231,23,2988144745936611328,26,binning 1   1,DR18
4488.4883,18.310751,1.2032454,20.64841,SDSS-SDSS,SDSS,2654,54231,23,2988144745936611328,26,binning 1   1,DR18
4489.521,17.859999,1.2003326,20.612432,SDSS-SDSS,SDSS,2654,54231,23,2988144745936611328,26,binning 1   1,DR18
4490.5537,18.579979,1.2143627,20.556082,SDSS-SDSS,SDSS,2654,54231,23,2988144745936611328,26,binning 1   1,DR18
4491.589,15.587541,1.1709617,20.490162,SDSS-SDSS,SDSS,2654,54231,23,2988144745936611328,26,binning 1   1,DR18
4492.6226,17.55585,1.2041999,20.468868,SDSS-SDSS,SDSS,2654,54231,23,2988144745936611328,26,binning 1   1,DR18
4493.658,18.529228,1.2355877,20.543335,SDSS-SDSS,SDSS,2654,54231,23,2988144745936611328,26,binning 1   1,DR18
4494.692,17.808603,1.2358167,20.680252,SDSS-SDSS,SDSS,2654,54231,23,2988144745936611328,26,binning 1   1,DR18
4495.7285,16.775272,1.2432847,20.699781,SDSS-SDSS,SDSS,2654,54231,23,2988144745936611328,26,binning 1   1,DR18
4496.7627,19.67685,1.2535777,20.69257,SDSS-SDSS,SDSS,2654,54231,23,2988144745936611328,26,binning 1   1,DR18
4497.8,17.761087,1.2127703,20.677498,SDSS-SDSS,SDSS,2654,54231,23,2988144745936611328,26,binning 1   1,DR18
4498.8345,17.578793,1.2062842,20.595154,SDSS-SDSS,SDSS,2654,54231,23,2988144745936611328,26,binning 1   1,DR18
4499.8696,19.133545,1.210061,20.498863,SDSS-SDSS,SDSS,2654,54231,23,2988144745936611328,26,binning 1   1,DR18
4500.907,18.947994,1.2131276,20.552069,SDSS-SDSS,SDSS,2654,54231,23,2988144745936611328,26,binning 1   1,DR18
4501.9424,21.192726,1.2562002,20.574635,SDSS-SDSS,SDSS,2654,54231,23,2988144745936611328,26,binning 1   1,DR18
4502.9805,21.58198,1.273053,20.516739,SDSS-SDSS,SDSS,2654,54231,23,2988144745936611328,26,binning 1   1,DR18
4504.0166,17.751965,1.2188199,20.391031,SDSS-SDSS,SDSS,2654,54231,23,2988144745936611328,26,binning 1   1,DR18
4505.055,17.919092,1.2071334,20.315582,SDSS-SDSS,SDSS,2654,54231,23,2988144745936611328,26,binning 1   1,DR18
4506.0913,19.196066,1.2243286,20.323658,SDSS-SDSS,SDSS,2654,54231,23,2988144745936611328,26,binning 1   1,DR18
4507.128,19.714987,1.2385137,20.288206,SDSS-SDSS,SDSS,2654,54231,23,2988144745936611328,26,binning 1   1,DR18
4508.1675,19.412176,1.2111686,20.250576,SDSS-SDSS,SDSS,2654,54231,23,2988144745936611328,26,binning 1   1,DR18
4509.2046,18.33137,1.1746784,20.263634,SDSS-SDSS,SDSS,2654,54231,23,2988144745936611328,26,binning 1   1,DR18
4510.2446,18.202036,1.1667459,20.251968,SDSS-SDSS,SDSS,2654,54231,23,2988144745936611328,26,binning 1   1,DR18
4511.282,20.43564,1.2157226,20.227749,SDSS-SDSS,SDSS,2654,54231,23,2988144745936611328,26,binning 1   1,DR18
4512.3223,19.486822,1.2148199,20.229815,SDSS-SDSS,SDSS,2654,54231,23,2988144745936611328,26,binning 1   1,DR18
4513.3604,17.50726,1.1739836,20.250916,SDSS-SDSS,SDSS,2654,54231,23,2988144745936611328,26,binning 1   1,DR18
4514.3984,18.765598,1.201381,20.330048,SDSS-SDSS,SDSS,2654,54231,23,2988144745936611328,26,binning 1   1,DR18
4515.4395,18.45992,1.1968299,20.320847,SDSS-SDSS,SDSS,2654,54231,23,2988144745936611328,26,binning 1   1,DR18
4516.4785,19.285385,1.222448,20.291742,SDSS-SDSS,SDSS,2654,54231,23,2988144745936611328,26,binning 1   1,DR18
4517.52,18.65291,1.1994271,20.240923,SDSS-SDSS,SDSS,2654,54231,23,2988144745936611328,26,binning 1   1,DR18
4518.559,17.804773,1.165511,20.162828,SDSS-SDSS,SDSS,2654,54231,23,2988144745936611328,26,binning 1   1,DR18
4519.601,18.864056,1.1784467,20.12391,SDSS-SDSS,SDSS,2654,54231,23,2988144745936611328,26,binning 1   1,DR18
4520.6406,18.586882,1.1908362,20.070997,SDSS-SDSS,SDSS,2654,54231,23,2988144745936611328,26,binning 1   1,DR18
4521.6807,19.099049,1.1963159,20.076544,SDSS-SDSS,SDSS,2654,54231,23,2988144745936611328,26,binning 1   1,DR18
4522.7236,20.363281,1.2231332,20.118898,SDSS-SDSS,SDSS,2654,54231,23,2988144745936611328,26,binning 1   1,DR18
4523.764,15.852651,1.1731584,20.126053,SDSS-SDSS,SDSS,2654,54231,23,2988144745936611328,26,binning 1   1,DR18
4524.807,18.871376,1.2137535,20.065521,SDSS-SDSS,SDSS,2654,54231,23,2988144745936611328,26,binning 1   1,DR18
4525.848,19.116562,1.2003233,19.998947,SDSS-SDSS,SDSS,2654,54231,23,2988144745936611328,26,binning 1   1,DR18
4526.8916,16.887886,1.155892,20.019049,SDSS-SDSS,SDSS,2654,54231,23,2988144745936611328,26,binning 1   1,DR18
4527.933,18.51641,1.1676556,20.03993,SDSS-SDSS,SDSS,2654,54231,23,2988144745936611328,26,binning 1   1,DR18
4528.9746,19.832418,1.181863,20.085373,SDSS-SDSS,SDSS,2654,54231,23,2988144745936611328,26,binning 1   1,DR18
4530.019,17.689762,1.151545,20.101116,SDSS-SDSS,SDSS,2654,54231,23,2988144745936611328,26,binning 1   1,DR18
4531.061,17.769938,1.1792393,20.058044,SDSS-SDSS,SDSS,2654,54231,23,2988144745936611328,26,binning 1   1,DR18
4532.106,19.304462,1.2203225,20.029474,SDSS-SDSS,SDSS,2654,54231,23,2988144745936611328,26,binning 1   1,DR18
4533.149,20.94079,1.2600576,19.986025,SDSS-SDSS,SDSS,2654,54231,23,2988144745936611328,26,binning 1   1,DR18
4534.194,20.369223,1.247293,20.014824,SDSS-SDSS,SDSS,2654,54231,23,2988144745936611328,26,binning 1   1,DR18
4535.2373,18.295057,1.2020595,20.004175,SDSS-SDSS,SDSS,2654,54231,23,2988144745936611328,26,binning 1   1,DR18
4536.2803,18.19781,1.1887182,19.948948,SDSS-SDSS,SDSS,2654,54231,23,2988144745936611328,26,binning 1   1,DR18
4537.3267,18.725317,1.1831658,19.919878,SDSS-SDSS,SDSS,2654,54231,23,2988144745936611328,26,binning 1   1,DR18
4538.37,17.872898,1.1759152,19.919552,SDSS-SDSS,SDSS,2654,54231,23,2988144745936611328,26,binning 1   1,DR18
4539.417,17.930412,1.1720433,19.853712,SDSS-SDSS,SDSS,2654,54231,23,2988144745936611328,26,binning 1   1,DR18
4540.461,19.304083,1.1999974,19.927185,SDSS-SDSS,SDSS,2654,54231,23,2988144745936611328,26,binning 1   1,DR18
4541.5083,20.819855,1.2167869,19.980621,SDSS-SDSS,SDSS,2654,54231,23,2988144745936611328,26,binning 1   1,DR18
4542.5527,17.405655,1.1578137,20.006107,SDSS-SDSS,SDSS,2654,54231,23,2988144745936611328,26,binning 1   1,DR18
4543.598,18.255207,1.1989466,19.98111,SDSS-SDSS,SDSS,2654,54231,23,2988144745936611328,26,binning 1   1,DR18
4544.6455,18.158422,1.1864812,19.791975,SDSS-SDSS,SDSS,2654,54231,23,2988144745936611328,26,binning 1   1,DR18
4545.691,19.028496,1.1848953,19.798418,SDSS-SDSS,SDSS,2654,54231,23,2988144745936611328,26,binning 1   1,DR18
4546.7393,17.127401,1.1459336,19.83763,SDSS-SDSS,SDSS,2654,54231,23,2988144745936611328,26,binning 1   1,DR18
4547.785,19.985075,1.1879811,19.810602,SDSS-SDSS,SDSS,2654,54231,23,2988144745936611328,26,binning 1   1,DR18
4548.834,18.269295,1.1717057,19.783533,SDSS-SDSS,SDSS,2654,54231,23,2988144745936611328,26,binning 1   1,DR18
4549.8804,18.400032,1.1666374,19.807451,SDSS-SDSS,SDSS,2654,54231,23,2988144745936611328,26,binning 1   1,DR18
4550.9272,18.246992,1.1826305,19.780466,SDSS-SDSS,SDSS,2654,54231,23,2988144745936611328,26,binning 1   1,DR18
4551.9766,19.698114,1.1997503,19.607237,SDSS-SDSS,SDSS,2654,54231,23,2988144745936611328,26,binning 1   1,DR18
4553.024,19.87953,1.1915089,19.566698,SDSS-SDSS,SDSS,2654,54231,23,2988144745936611328,26,binning 1   1,DR18
4554.0737,19.11175,1.1695307,19.561918,SDSS-SDSS,SDSS,2654,54231,23,2988144745936611328,26,binning 1   1,DR18
4555.1216,18.666765,1.1691056,19.60044,SDSS-SDSS,SDSS,2654,54231,23,2988144745936611328,26,binning 1   1,DR18
4556.172,17.924078,1.184897,19.70159,SDSS-SDSS,SDSS,2654,54231,23,2988144745936611328,26,binning 1   1,DR18
4557.2197,19.311466,1.2216096,19.736956,SDSS-SDSS,SDSS,2654,54231,23,2988144745936611328,26,binning 1   1,DR18
4558.2686,18.96321,1.2280751,19.677654,SDSS-SDSS,SDSS,2654,54231,23,2988144745936611328,26,binning 1   1,DR18
4559.3193,16.965117,1.1876384,19.571938,SDSS-SDSS,SDSS,2654,54231,23,2988144745936611328,26,binning 1   1,DR18
4560.368,18.400728,1.2044015,19.448854,SDSS-SDSS,SDSS,2654,54231,23,2988144745936611328,26,binning 1   1,DR18
4561.42,18.286077,1.1882371,19.416584,SDSS-SDSS,SDSS,2654,54231,23,2988144745936611328,26,binning 1   1,DR18
4562.469,19.281296,1.1914977,19.465166,SDSS-SDSS,SDSS,2654,54231,23,2988144745936611328,26,binning 1   1,DR18
4563.5215,16.930397,1.1307696,19.455229,SDSS-SDSS,SDSS,2654,54231,23,2988144745936611328,26,binning 1   1,DR18
4564.5713,18.0992,1.1322134,19.625587,SDSS-SDSS,SDSS,2654,54231,23,2988144745936611328,26,binning 1   1,DR18
4565.621,18.696552,1.1546303,19.81858,SDSS-SDSS,SDSS,2654,54231,23,2988144745936611328,26,binning 1   1,DR18
4566.6743,18.608912,1.1698202,19.830944,SDSS-SDSS,SDSS,2654,54231,23,2988144745936611328,26,binning 1   1,DR18
4567.7246,19.537373,1.1889292,19.727545,SDSS-SDSS,SDSS,2654,54231,23,2988144745936611328,26,binning 1   1,DR18
4568.778,18.733192,1.2034559,19.600935,SDSS-SDSS,SDSS,2654,54231,23,2988144745936611328,26,binning 1   1,DR18
4569.829,17.5412,1.2055253,19.429953,SDSS-SDSS,SDSS,2654,54231,23,2988144745936611328,26,binning 1   1,DR18
4570.883,18.404797,1.2257187,19.42459,SDSS-SDSS,SDSS,2654,54231,23,2988144745936611328,26,binning 1   1,DR18
4571.934,17.809515,1.2092007,19.501436,SDSS-SDSS,SDSS,2654,54231,23,2988144745936611328,26,binning 1   1,DR18
4572.989,17.502356,1.172928,19.58607,SDSS-SDSS,SDSS,2654,54231,23,2988144745936611328,26,binning 1   1,DR18
4574.0405,18.57979,1.1793139,19.580908,SDSS-SDSS,SDSS,2654,54231,23,2988144745936611328,26,binning 1   1,DR18
4575.093,17.649527,1.1763444,19.462133,SDSS-SDSS,SDSS,2654,54231,23,2988144745936611328,26,binning 1   1,DR18
4576.148,17.157307,1.1834344,19.36611,SDSS-SDSS,SDSS,2654,54231,23,2988144745936611328,26,binning 1   1,DR18
4577.2007,17.951166,1.1976768,19.435776,SDSS-SDSS,SDSS,2654,54231,23,2988144745936611328,26,binning 1   1,DR18
4578.256,19.829914,1.2504033,19.390434,SDSS-SDSS,SDSS,2654,54231,23,2988144745936611328,26,binning 1   1,DR18
4579.309,17.725649,1.2492363,19.354095,SDSS-SDSS,SDSS,2654,54231,23,2988144745936611328,26,binning 1   1,DR18
4580.365,16.645643,1.1960905,19.362629,SDSS-SDSS,SDSS,2654,54231,23,2988144745936611328,26,binning 1   1,DR18
4581.419,15.920913,1.166858,19.340668,SDSS-SDSS,SDSS,2654,54231,23,2988144745936611328,26,binning 1   1,DR18
4582.473,19.562834,1.2217518,19.291328,SDSS-SDSS,SDSS,2654,54231,23,2988144745936611328,26,binning 1   1,DR18
4583.53,18.064241,1.2164094,19.379646,SDSS-SDSS,SDSS,2654,54231,23,2988144745936611328,26,binning 1   1,DR18
4584.584,17.697737,1.2174338,19.381886,SDSS-SDSS,SDSS,2654,54231,23,2988144745936611328,26,binning 1   1,DR18
4585.641,18.969202,1.2320554,19.424578,SDSS-SDSS,SDSS,2654,54231,23,2988144745936611328,26,binning 1   1,DR18
4586.6963,16.546932,1.1472243,19.482775,SDSS-SDSS,SDSS,2654,54231,23,2988144745936611328,26,binning 1   1,DR18
4587.754,16.417253,1.1303252,19.493708,SDSS-SDSS,SDSS,2654,54231,23,2988144745936611328,26,binning 1   1,DR18
4588.809,16.709055,1.1124556,19.484297,SDSS-SDSS,SDSS,2654,54231,23,2988144745936611328,26,binning 1   1,DR18
4589.8647,18.46434,1.1406751,19.274094,SDSS-SDSS,SDSS,2654,54231,23,2988144745936611328,26,binning 1   1,DR18
4590.9233,18.872288,1.1386985,19.18165,SDSS-SDSS,SDSS,2654,54231,23,2988144745936611328,26,binning 1   1,DR18
4591.9795,18.507452,1.1503582,19.206587,SDSS-SDSS,SDSS,2654,54231,23,2988144745936611328,26,binning 1   1,DR18
4593.0386,18.628214,1.1446508,19.250235,SDSS-SDSS,SDSS,2654,54231,23,2988144745936611328,26,binning 1   1,DR18
4594.095,16.957249,1.1153944,19.282106,SDSS-SDSS,SDSS,2654,54231,23,2988144745936611328,26,binning 1   1,DR18
4595.1543,16.855938,1.1028378,19.317797,SDSS-SDSS,SDSS,2654,54231,23,2988144745936611328,26,binning 1   1,DR18
4596.2114,17.222748,1.163266,19.221243,SDSS-SDSS,SDSS,2654,54231,23,2988144745936611328,26,binning 1   1,DR18
4597.269,17.438951,1.3615987,19.133276,SDSS-SDSS,SDSS,2654,54231,23,2988144745936611328,26,binning 1   1,DR18
4598.329,16.032341,1.1215278,19.067904,SDSS-SDSS,SDSS,2654,54231,23,2988144745936611328,26,binning 1   1,DR18
4599.3867,17.371859,1.1360779,19.030216,SDSS-SDSS,SDSS,2654,54231,23,2988144745936611328,26,binning 1   1,DR18
4600.4473,18.73549,1.1588104,19.05255,SDSS-SDSS,SDSS,2654,54231,23,2988144745936611328,26,binning 1   1,DR18
4601.506,16.21833,1.117117,19.133518,SDSS-SDSS,SDSS,2654,54231,23,2988144745936611328,26,binning 1   1,DR18
4602.567,17.900707,1.1351848,19.136463,SDSS-SDSS,SDSS,2654,54231,23,2988144745936611328,26,binning 1   1,DR18
4603.6255,16.87777,1.1253996,19.079792,SDSS-SDSS,SDSS,2654,54231,23,2988144745936611328,26,binning 1   1,DR18
4604.6846,17.501698,1.1197023,19.095348,SDSS-SDSS,SDSS,2654,54231,23,2988144745936611328,26,binning 1   1,DR18
4605.7466,18.194536,1.1158475,19.216436,SDSS-SDSS,SDSS,2654,54231,23,2988144745936611328,26,binning 1   1,DR18
4606.806,16.751213,1.0568084,19.3272,SDSS-SDSS,SDSS,2654,54231,23,2988144745936611328,26,binning 1   1,DR18
4607.8687,16.286552,1.0648966,19.293177,SDSS-SDSS,SDSS,2654,54231,23,2988144745936611328,26,binning 1   1,DR18
4608.9287,17.49777,1.0899713,19.279432,SDSS-SDSS,SDSS,2654,54231,23,2988144745936611328,26,binning 1   1,DR18
4609.991,18.390814,1.1051698,19.133863,SDSS-SDSS,SDSS,2654,54231,23,2988144745936611328,26,binning 1   1,DR18
4611.052,17.622025,1.0898395,19.084719,SDSS-SDSS,SDSS,2654,54231,23,2988144745936611328,26,binning 1   1,DR18
4612.113,17.336916,1.0778298,19.113548,SDSS-SDSS,SDSS,2654,54231,23,2988144745936611328,26,binning 1   1,DR18
4613.1763,17.629503,1.0836368,19.095543,SDSS-SDSS,SDSS,2654,54231,23,2988144745936611328,26,binning 1   1,DR18
4614.2373,16.731878,1.0698742,19.048689,SDSS-SDSS,SDSS,2654,54231,23,2988144745936611328,26,binning 1   1,DR18
4615.3013,18.10204,1.1010618,18.94978,SDSS-SDSS,SDSS,2654,54231,23,2988144745936611328,26,binning 1   1,DR18
4616.3633,17.48648,1.1009908,18.79964,SDSS-SDSS,SDSS,2654,54231,23,2988144745936611328,26,binning 1   1,DR18
4617.4277,17.918558,1.100851,18.765633,SDSS-SDSS,SDSS,2654,54231,23,2988144745936611328,26,binning 1   1,DR18
4618.4897,20.595333,1.1381934,18.877974,SDSS-SDSS,SDSS,2654,54231,23,2988144745936611328,26,binning 1   1,DR18
4619.5522,17.643595,1.0908521,18.96786,SDSS-SDSS,SDSS,2654,54231,23,2988144745936611328,26,binning 1   1,DR18
4620.6177,17.318779,1.0869745,18.869053,SDSS-SDSS,SDSS,2654,54231,23,2988144745936611328,26,binning 1   1,DR18
4621.6807,18.013144,1.1426526,18.865921,SDSS-SDSS,SDSS,2654,54231,23,2988144745936611328,26,binning 1   1,DR18
4622.7466,18.174322,1.1719811,18.840914,SDSS-SDSS,SDSS,2654,54231,23,2988144745936611328,26,binning 1   1,DR18
4623.8096,18.359585,1.1550026,18.837353,SDSS-SDSS,SDSS,2654,54231,23,2988144745936611328,26,binning 1   1,DR18
4624.876,17.741482,1.1177442,18.881346,SDSS-SDSS,SDSS,2654,54231,23,2988144745936611328,26,binning 1   1,DR18
4625.94,17.304201,1.0978109,18.927013,SDSS-SDSS,SDSS,2654,54231,23,2988144745936611328,26,binning 1   1,DR18
4627.0044,16.7095,1.1049391,18.910553,SDSS-SDSS,SDSS,2654,54231,23,2988144745936611328,26,binning 1   1,DR18
4628.0713,15.357504,1.1175827,18.841719,SDSS-SDSS,SDSS,2654,54231,23,2988144745936611328,26,binning 1   1,DR18
4629.1357,16.304218,1.141734,18.593525,SDSS-SDSS,SDSS,2654,54231,23,2988144745936611328,26,binning 1   1,DR18
4630.203,17.19438,1.1364363,18.44634,SDSS-SDSS,SDSS,2654,54231,23,2988144745936611328,26,binning 1   1,DR18
4631.2686,17.45848,1.1054823,18.499916,SDSS-SDSS,SDSS,2654,54231,23,2988144745936611328,26,binning 1   1,DR18
4632.3364,17.218145,1.0862763,18.586155,SDSS-SDSS,SDSS,2654,54231,23,2988144745936611328,26,binning 1   1,DR18
4633.4023,15.939342,1.0535892,18.511395,SDSS-SDSS,SDSS,2654,54231,23,2988144745936611328,26,binning 1   1,DR18
4634.468,16.66334,1.0572301,18.469887,SDSS-SDSS,SDSS,2654,54231,23,2988144745936611328,26,binning 1   1,DR18
4635.5366,15.802638,1.0526456,18.42516,SDSS-SDSS,SDSS,2654,54231,23,2988144745936611328,26,binning 1   1,DR18
4636.603,16.314362,1.0762122,18.468563,SDSS-SDSS,SDSS,2654,54231,23,2988144745936611328,26,binning 1   1,DR18
4637.6724,15.835939,1.0576493,18.453295,SDSS-SDSS,SDSS,2654,54231,23,2988144745936611328,26,binning 1   1,DR18
4638.7393,16.600534,1.0683261,18.345018,SDSS-SDSS,SDSS,2654,54231,23,2988144745936611328,26,binning 1   1,DR18
4639.809,14.837051,1.0367502,18.367102,SDSS-SDSS,SDSS,2654,54231,23,2988144745936611328,26,binning 1   1,DR18
4640.8765,16.46322,1.0597271,18.23436,SDSS-SDSS,SDSS,2654,54231,23,2988144745936611328,26,binning 1   1,DR18
4641.944,15.772928,1.0393764,18.060776,SDSS-SDSS,SDSS,2654,54231,23,2988144745936611328,26,binning 1   1,DR18
4643.014,17.045233,1.0545216,17.971462,SDSS-SDSS,SDSS,2654,54231,23,2988144745936611328,26,binning 1   1,DR18
4644.0825,16.459808,1.0633514,17.97014,SDSS-SDSS,SDSS,2654,54231,23,2988144745936611328,26,binning 1   1,DR18
4645.1533,16.82189,1.0609987,18.012394,SDSS-SDSS,SDSS,2654,54231,23,2988144745936611328,26,binning 1   1,DR18
4646.222,16.214142,1.0679865,18.061666,SDSS-SDSS,SDSS,2654,54231,23,2988144745936611328,26,binning 1   1,DR18
4647.2935,15.925298,1.0543824,18.044546,SDSS-SDSS,SDSS,2654,54231,23,2988144745936611328,26,binning 1   1,DR18
4648.3623,16.548512,1.0410349,18.10187,SDSS-SDSS,SDSS,2654,54231,23,2988144745936611328,26,binning 1   1,DR18
4649.4316,15.524924,1.0209885,18.239693,SDSS-SDSS,SDSS,2654,54231,23,2988144745936611328,26,binning 1   1,DR18
4650.504,16.278143,1.0346589,18.361483,SDSS-SDSS,SDSS,2654,54231,23,2988144745936611328,26,binning 1   1,DR18
4651.5737,17.19814,1.0456291,18.44506,SDSS-SDSS,SDSS,2654,54231,23,2988144745936611328,26,binning 1   1,DR18
4652.6465,15.919275,1.0594145,18.521696,SDSS-SDSS,SDSS,2654,54231,23,2988144745936611328,26,binning 1   1,DR18
4653.717,16.327442,1.100989,18.297861,SDSS-SDSS,SDSS,2654,54231,23,2988144745936611328,26,binning 1   1,DR18
4654.79,17.733202,1.142855,17.992535,SDSS-SDSS,SDSS,2654,54231,23,2988144745936611328,26,binning 1   1,DR18
4655.861,17.859455,1.1270764,17.880327,SDSS-SDSS,SDSS,2654,54231,23,2988144745936611328,26,binning 1   1,DR18
4656.9346,17.611446,1.0749975,17.84042,SDSS-SDSS,SDSS,2654,54231,23,2988144745936611328,26,binning 1   1,DR18
4658.006,15.627434,1.1760916,17.798227,SDSS-SDSS,SDSS,2654,54231,23,2988144745936611328,26,binning 1   1,DR18
4659.077,18.52456,1.2508317,17.920599,SDSS-SDSS,SDSS,2654,54231,23,2988144745936611328,26,binning 1   1,DR18
4660.152,17.375462,1.2233465,17.84061,SDSS-SDSS,SDSS,2654,54231,23,2988144745936611328,26,binning 1   1,DR18
4661.2236,16.957983,1.0716584,17.830387,SDSS-SDSS,SDSS,2654,54231,23,2988144745936611328,26,binning 1   1,DR18
4662.2983,15.041264,1.0520853,17.804337,SDSS-SDSS,SDSS,2654,54231,23,2988144745936611328,26,binning 1   1,DR18
4663.371,17.636389,1.0900955,17.676197,SDSS-SDSS,SDSS,2654,54231,23,2988144745936611328,26,binning 1   1,DR18
4664.4463,16.949663,1.0881302,17.567398,SDSS-SDSS,SDSS,2654,54231,23,2988144745936611328,26,binning 1   1,DR18
4665.5195,16.91513,1.0819979,17.64662,SDSS-SDSS,SDSS,2654,54231,23,2988144745936611328,26,binning 1   1,DR18
4666.593,16.006115,1.077446,17.57028,SDSS-SDSS,SDSS,2654,54231,23,2988144745936611328,26,binning 1   1,DR18
4667.669,17.630598,1.0854349,17.483145,SDSS-SDSS,SDSS,2654,54231,23,2988144745936611328,26,binning 1   1,DR18
4668.7427,18.032547,1.0874035,17.489897,SDSS-SDSS,SDSS,2654,54231,23,2988144745936611328,26,binning 1   1,DR18
4669.8193,17.033792,1.0755529,17.53903,SDSS-SDSS,SDSS,2654,54231,23,2988144745936611328,26,binning 1   1,DR18
4670.8936,17.059078,1.080023,17.564787,SDSS-SDSS,SDSS,2654,54231,23,2988144745936611328,26,binning 1   1,DR18
4671.9707,16.12359,1.0803162,17.559841,SDSS-SDSS,SDSS,2654,54231,23,2988144745936611328,26,binning 1   1,DR18
4673.0454,15.410204,1.0689899,17.431911,SDSS-SDSS,SDSS,2654,54231,23,2988144745936611328,26,binning 1   1,DR18
4674.1206,15.685248,1.0664663,17.357586,SDSS-SDSS,SDSS,2654,54231,23,2988144745936611328,26,binning 1   1,DR18
4675.198,15.469882,1.0657858,17.281857,SDSS-SDSS,SDSS,2654,54231,23,2988144745936611328,26,binning 1   1,DR18
4676.274,17.048187,1.0804998,17.318756,SDSS-SDSS,SDSS,2654,54231,23,2988144745936611328,26,binning 1   1,DR18
4677.352,18.316216,1.0925335,17.478615,SDSS-SDSS,SDSS,2654,54231,23,2988144745936611328,26,binning 1   1,DR18
4678.428,15.467566,1.0490177,17.522598,SDSS-SDSS,SDSS,2654,54231,23,2988144745936611328,26,binning 1   1,DR18
4679.5073,17.009226,1.0512187,17.600845,SDSS-SDSS,SDSS,2654,54231,23,2988144745936611328,26,binning 1   1,DR18
4680.5835,15.8520775,1.0367153,17.58025,SDSS-SDSS,SDSS,2654,54231,23,2988144745936611328,26,binning 1   1,DR18
4681.66,15.445671,1.0270851,17.429989,SDSS-SDSS,SDSS,2654,54231,23,2988144745936611328,26,binning 1   1,DR18
4682.7397,17.041815,1.0826616,17.236267,SDSS-SDSS,SDSS,2654,54231,23,2988144745936611328,26,binning 1   1,DR18
4683.8174,16.297419,1.0746939,17.072144,SDSS-SDSS,SDSS,2654,54231,23,2988144745936611328,26,binning 1   1,DR18
4684.8975,16.339188,1.0592875,16.964,SDSS-SDSS,SDSS,2654,54231,23,2988144745936611328,26,binning 1   1,DR18
4685.975,14.43764,1.0187413,17.05032,SDSS-SDSS,SDSS,2654,54231,23,2988144745936611328,26,binning 1   1,DR18
4687.0557,17.612259,1.0742499,17.131395,SDSS-SDSS,SDSS,2654,54231,23,2988144745936611328,26,binning 1   1,DR18
4688.134,17.655785,1.0852238,17.181004,SDSS-SDSS,SDSS,2654,54231,23,2988144745936611328,26,binning 1   1,DR18
4689.2124,16.896929,1.0956506,17.261854,SDSS-SDSS,SDSS,2654,54231,23,2988144745936611328,26,binning 1   1,DR18
4690.2935,18.13431,1.1064166,17.283186,SDSS-SDSS,SDSS,2654,54231,23,2988144745936611328,26,binning 1   1,DR18
4691.3726,18.234018,1.0863674,17.038467,SDSS-SDSS,SDSS,2654,54231,23,2988144745936611328,26,binning 1   1,DR18
4692.4546,17.206726,1.0501606,16.81967,SDSS-SDSS,SDSS,2654,54231,23,2988144745936611328,26,binning 1   1,DR18
4693.534,17.456703,1.0648674,16.797918,SDSS-SDSS,SDSS,2654,54231,23,2988144745936611328,26,binning 1   1,DR18
4694.616,16.971807,1.0689794,16.788961,SDSS-SDSS,SDSS,2654,54231,23,2988144745936611328,26,binning 1   1,DR18
4695.6963,15.871176,1.0587274,16.641106,SDSS-SDSS,SDSS,2654,54231,23,2988144745936611328,26,binning 1   1,DR18
4696.7764,16.350185,1.0608191,16.424072,SDSS-SDSS,SDSS,2654,54231,23,2988144745936611328,26,binning 1   1,DR18
4697.8594,17.187845,1.0605592,16.324627,SDSS-SDSS,SDSS,2654,54231,23,2988144745936611328,26,binning 1   1,DR18
4698.9404,16.762714,1.0502664,16.181936,SDSS-SDSS,SDSS,2654,54231,23,2988144745936611328,26,binning 1   1,DR18
4700.024,16.624846,1.051137,16.067131,SDSS-SDSS,SDSS,2654,54231,23,2988144745936611328,26,binning 1   1,DR18
4701.105,17.198137,1.0599076,16.096645,SDSS-SDSS,SDSS,2654,54231,23,2988144745936611328,26,binning 1   1,DR18
4702.189,16.318872,1.0358695,16.127192,SDSS-SDSS,SDSS,2654,54231,23,2988144745936611328,26,binning 1   1,DR18
4703.271,15.501464,1.0425452,16.03182,SDSS-SDSS,SDSS,2654,54231,23,2988144745936611328,26,binning 1   1,DR18
4704.353,15.603371,1.0785244,15.956465,SDSS-SDSS,SDSS,2654,54231,23,2988144745936611328,26,binning 1   1,DR18
4705.4375,17.110027,1.1160631,16.03859,SDSS-SDSS,SDSS,2654,54231,23,2988144745936611328,26,binning 1   1,DR18
4706.52,15.870678,1.1095549,16.13947,SDSS-SDSS,SDSS,2654,54231,23,2988144745936611328,26,binning 1   1,DR18
4707.6055,18.341824,1.1309232,16.230438,SDSS-SDSS,SDSS,2654,54231,23,2988144745936611328,26,binning 1   1,DR18
4708.6885,17.714247,1.0749702,16.264875,SDSS-SDSS,SDSS,2654,54231,23,2988144745936611328,26,binning 1   1,DR18
4709.7744,16.587315,1.1750162,16.249979,SDSS-SDSS,SDSS,2654,54231,23,2988144745936611328,26,binning 1   1,DR18
4710.858,15.577316,1.1545216,16.27638,SDSS-SDSS,SDSS,2654,54231,23,2988144745936611328,26,binning 1   1,DR18
4711.9414,16.009071,1.0637344,16.250181,SDSS-SDSS,SDSS,2654,54231,23,2988144745936611328,26,binning 1   1,DR18
4713.0283,17.473972,1.1058352,15.963917,SDSS-SDSS,SDSS,2654,54231,23,2988144745936611328,26,binning 1   1,DR18
4714.1123,15.09733,1.0512772,15.761525,SDSS-SDSS,SDSS,2654,54231,23,2988144745936611328,26,binning 1   1,DR18
4715.199,14.993723,1.0237575,15.786331,SDSS-SDSS,SDSS,2654,54231,23,2988144745936611328,26,binning 1   1,DR18
4716.284,16.753279,1.0333719,15.868635,SDSS-SDSS,SDSS,2654,54231,23,2988144745936611328,26,binning 1   1,DR18
4717.3716,15.186603,1.017139,15.763153,SDSS-SDSS,SDSS,2654,54231,23,2988144745936611328,26,binning 1   1,DR18
4718.457,15.579979,1.049985,15.559417,SDSS-SDSS,SDSS,2654,54231,23,2988144745936611328,26,binning 1   1,DR18
4719.5425,16.376095,1.095138,15.567676,SDSS-SDSS,SDSS,2654,54231,23,2988144745936611328,26,binning 1   1,DR18
4720.631,15.695216,1.0711728,15.580495,SDSS-SDSS,SDSS,2654,54231,23,2988144745936611328,26,binning 1   1,DR18
4721.717,15.118439,1.0302715,15.587971,SDSS-SDSS,SDSS,2654,54231,23,2988144745936611328,26,binning 1   1,DR18
4722.8057,16.409645,1.0295762,15.705819,SDSS-SDSS,SDSS,2654,54231,23,2988144745936611328,26,binning 1   1,DR18
4723.892,17.795612,1.0449685,15.909318,SDSS-SDSS,SDSS,2654,54231,23,2988144745936611328,26,binning 1   1,DR18
4724.9814,15.643947,1.0105841,16.100527,SDSS-SDSS,SDSS,2654,54231,23,2988144745936611328,26,binning 1   1,DR18
4726.0684,15.711492,1.0091732,16.253721,SDSS-SDSS,SDSS,2654,54231,23,2988144745936611328,26,binning 1   1,DR18
4727.1553,16.094103,1.0458995,16.195877,SDSS-SDSS,SDSS,2654,54231,23,2988144745936611328,26,binning 1   1,DR18
4728.2456,15.404059,1.0653813,16.03714,SDSS-SDSS,SDSS,2654,54231,23,2988144745936611328,26,binning 1   1,DR18
4729.3335,15.797015,1.0716162,15.931548,SDSS-SDSS,SDSS,2654,54231,23,2988144745936611328,26,binning 1   1,DR18
4730.424,15.936881,1.0767965,15.856093,SDSS-SDSS,SDSS,2654,54231,23,2988144745936611328,26,binning 1   1,DR18
4731.512,17.092993,1.0757244,15.905366,SDSS-SDSS,SDSS,2654,54231,23,2988144745936611328,26,binning 1   1,DR18
4732.603,14.945537,1.0277785,15.795871,SDSS-SDSS,SDSS,2654,54231,23,2988144745936611328,26,binning 1   1,DR18
4733.692,15.052647,1.0255096,15.714839,SDSS-SDSS,SDSS,2654,54231,23,2988144745936611328,26,binning 1   1,DR18
4734.781,15.737574,1.0394115,15.730421,SDSS-SDSS,SDSS,2654,54231,23,2988144745936611328,26,binning 1   1,DR18
4735.8726,15.259576,1.0517759,15.829097,SDSS-SDSS,SDSS,2654,54231,23,2988144745936611328,26,binning 1   1,DR18
4736.9624,14.72831,1.0703882,15.987748,SDSS-SDSS,SDSS,2654,54231,23,2988144745936611328,26,binning 1   1,DR18
4738.0547,16.275494,1.1007315,15.862543,SDSS-SDSS,SDSS,2654,54231,23,2988144745936611328,26,binning 1   1,DR18
4739.1445,18.192564,1.1065648,15.737545,SDSS-SDSS,SDSS,2654,54231,23,2988144745936611328,26,binning 1   1,DR18
4740.2373,16.44283,1.0640782,15.599693,SDSS-SDSS,SDSS,2654,54231,23,2988144745936611328,26,binning 1   1,DR18
4741.3276,16.213173,1.0547342,15.449509,SDSS-SDSS,SDSS,2654,54231,23,2988144745936611328,26,binning 1   1,DR18
4742.4214,14.954136,1.0617999,15.298151,SDSS-SDSS,SDSS,2654,54231,23,2988144745936611328,26,binning 1   1,DR18
4743.512,14.55092,1.066616,15.152004,SDSS-SDSS,SDSS,2654,54231,23,2988144745936611328,26,binning 1   1,DR18
4744.6035,15.023194,1.0675923,15.229179,SDSS-SDSS,SDSS,2654,54231,23,2988144745936611328,26,binning 1   1,DR18
4745.6973,15.552199,1.0413891,15.213446,SDSS-SDSS,SDSS,2654,54231,23,2988144745936611328,26,binning 1   1,DR18
4746.789,14.466828,1.012026,15.124407,SDSS-SDSS,SDSS,2654,54231,23,2988144745936611328,26,binning 1   1,DR18
4747.884,13.8245,1.0105444,15.0068035,SDSS-SDSS,SDSS,2654,54231,23,2988144745936611328,26,binning 1   1,DR18
4748.976,15.050214,1.0410713,14.982235,SDSS-SDSS,SDSS,2654,54231,23,2988144745936611328,26,binning 1   1,DR18
4750.0713,14.8481,1.0424062,15.211816,SDSS-SDSS,SDSS,2654,54231,23,2988144745936611328,26,binning 1   1,DR18
4751.164,14.936556,1.0283327,15.345767,SDSS-SDSS,SDSS,2654,54231,23,2988144745936611328,26,binning 1   1,DR18
4752.257,15.118105,1.0202574,15.207816,SDSS-SDSS,SDSS,2654,54231,23,2988144745936611328,26,binning 1   1,DR18
4753.3525,15.696131,1.0334226,15.065432,SDSS-SDSS,SDSS,2654,54231,23,2988144745936611328,26,binning 1   1,DR18
4754.4463,14.739843,1.0301404,15.07569,SDSS-SDSS,SDSS,2654,54231,23,2988144745936611328,26,binning 1   1,DR18
4755.5425,13.492236,0.99200493,15.147956,SDSS-SDSS,SDSS,2654,54231,23,2988144745936611328,26,binning 1   1,DR18
4756.6367,14.46841,1.0105766,15.127315,SDSS-SDSS,SDSS,2654,54231,23,2988144745936611328,26,binning 1   1,DR18
4757.7334,14.989864,1.0342469,15.209854,SDSS-SDSS,SDSS,2654,54231,23,2988144745936611328,26,binning 1   1,DR18
4758.828,14.308704,1.033605,15.27029,SDSS-SDSS,SDSS,2654,54231,23,2988144745936611328,26,binning 1   1,DR18
4759.923,14.39517,1.0257818,15.28977,SDSS-SDSS,SDSS,2654,54231,23,2988144745936611328,26,binning 1   1,DR18
4761.0205,15.504761,1.0474936,15.326425,SDSS-SDSS,SDSS,2654,54231,23,2988144745936611328,26,binning 1   1,DR18
4762.1157,15.485347,1.0413598,15.362526,SDSS-SDSS,SDSS,2654,54231,23,2988144745936611328,26,binning 1   1,DR18
4763.214,14.627363,1.0303149,15.3304405,SDSS-SDSS,SDSS,2654,54231,23,2988144745936611328,26,binning 1   1,DR18
4764.3096,14.968122,1.0484124,15.457846,SDSS-SDSS,SDSS,2654,54231,23,2988144745936611328,26,binning 1   1,DR18
4765.408,14.653572,1.0622382,15.5635195,SDSS-SDSS,SDSS,2654,54231,23,2988144745936611328,26,binning 1   1,DR18
4766.5044,14.249311,1.0589712,15.618396,SDSS-SDSS,SDSS,2654,54231,23,2988144745936611328,26,binning 1   1,DR18
4767.601,15.287469,1.0722146,15.620832,SDSS-SDSS,SDSS,2654,54231,23,2988144745936611328,26,binning 1   1,DR18
4768.7,13.46216,1.0314608,15.601996,SDSS-SDSS,SDSS,2654,54231,23,2988144745936611328,26,binning 1   1,DR18
4769.7974,15.053339,1.0309165,15.635201,SDSS-SDSS,SDSS,2654,54231,23,2988144745936611328,26,binning 1   1,DR18
4770.8975,15.565607,1.0517355,15.667569,SDSS-SDSS,SDSS,2654,54231,23,2988144745936611328,26,binning 1   1,DR18
4771.995,16.539526,1.0645957,15.548074,SDSS-SDSS,SDSS,2654,54231,23,2988144745936611328,26,binning 1   1,DR18
4773.095,16.12307,1.0388943,15.427502,SDSS-SDSS,SDSS,2654,54231,23,2988144745936611328,26,binning 1   1,DR18
4774.1934,14.709206,1.006769,15.4104395,SDSS-SDSS,SDSS,2654,54231,23,2988144745936611328,26,binning 1   1,DR18
4775.2915,15.059294,0.9857641,15.448155,SDSS-SDSS,SDSS,2654,54231,23,2988144745936611328,26,binning 1   1,DR18
4776.3926,15.517432,0.9773336,15.421091,SDSS-SDSS,SDSS,2654,54231,23,2988144745936611328,26,binning 1   1,DR18
4777.4917,16.486052,0.98441017,15.368803,SDSS-SDSS,SDSS,2654,54231,23,2988144745936611328,26,binning 1   1,DR18
4778.5933,16.271864,0.9887605,15.310453,SDSS-SDSS,SDSS,2654,54231,23,2988144745936611328,26,binning 1   1,DR18
4779.6924,16.002514,0.9853548,15.294907,SDSS-SDSS,SDSS,2654,54231,23,2988144745936611328,26,binning 1   1,DR18
4780.795,14.56215,0.9664355,15.312637,SDSS-SDSS,SDSS,2654,54231,23,2988144745936611328,26,binning 1   1,DR18
4781.8945,14.760961,0.9716403,15.340186,SDSS-SDSS,SDSS,2654,54231,23,2988144745936611328,26,binning 1   1,DR18
4782.9946,13.411977,0.9579051,15.377211,SDSS-SDSS,SDSS,2654,54231,23,2988144745936611328,26,binning 1   1,DR18
4784.0977,13.610965,0.97187054,15.370282,SDSS-SDSS,SDSS,2654,54231,23,2988144745936611328,26,binning 1   1,DR18
4785.198,13.36376,0.95945334,15.302351,SDSS-SDSS,SDSS,2654,54231,23,2988144745936611328,26,binning 1   1,DR18
4786.302,16.890728,1.0217681,15.3379755,SDSS-SDSS,SDSS,2654,54231,23,2988144745936611328,26,binning 1   1,DR18
4787.403,14.761374,0.9735961,15.418414,SDSS-SDSS,SDSS,2654,54231,23,2988144745936611328,26,binning 1   1,DR18
4788.507,14.25447,0.96277934,15.428048,SDSS-SDSS,SDSS,2654,54231,23,2988144745936611328,26,binning 1   1,DR18
4789.6084,15.14859,0.97917396,15.404974,SDSS-SDSS,SDSS,2654,54231,23,2988144745936611328,26,binning 1   1,DR18
4790.71,15.047485,0.9778863,15.35884,SDSS-SDSS,SDSS,2654,54231,23,2988144745936611328,26,binning 1   1,DR18
4791.815,13.363509,0.9487136,15.242993,SDSS-SDSS,SDSS,2654,54231,23,2988144745936611328,26,binning 1   1,DR18
4792.917,15.16645,0.96428084,15.1651945,SDSS-SDSS,SDSS,2654,54231,23,2988144745936611328,26,binning 1   1,DR18
4794.0225,15.403711,0.9664687,15.145044,SDSS-SDSS,SDSS,2654,54231,23,2988144745936611328,26,binning 1   1,DR18
4795.1255,13.699185,0.92760485,15.128257,SDSS-SDSS,SDSS,2654,54231,23,2988144745936611328,26,binning 1   1,DR18
4796.231,14.637155,0.9494799,15.095818,SDSS-SDSS,SDSS,2654,54231,23,2988144745936611328,26,binning 1   1,DR18
4797.3345,14.53713,0.96017015,15.119596,SDSS-SDSS,SDSS,2654,54231,23,2988144745936611328,26,binning 1   1,DR18
4798.438,13.179093,0.9574071,15.179742,SDSS-SDSS,SDSS,2654,54231,23,2988144745936611328,26,binning 1   1,DR18
4799.5444,15.246995,0.98143435,15.163285,SDSS-SDSS,SDSS,2654,54231,23,2988144745936611328,26,binning 1   1,DR18
4800.649,14.366676,0.9532403,15.094029,SDSS-SDSS,SDSS,2654,54231,23,2988144745936611328,26,binning 1   1,DR18
4801.756,13.471677,0.9201413,15.045998,SDSS-SDSS,SDSS,2654,54231,23,2988144745936611328,26,binning 1   1,DR18
4802.8604,13.526895,0.92221063,15.0414095,SDSS-SDSS,SDSS,2654,54231,23,2988144745936611328,26,binning 1   1,DR18
4803.968,13.970351,0.9332751,15.131429,SDSS-SDSS,SDSS,2654,54231,23,2988144745936611328,26,binning 1   1,DR18
4805.073,15.897819,0.99262226,15.160388,SDSS-SDSS,SDSS,2654,54231,23,2988144745936611328,26,binning 1   1,DR18
4806.178,14.186311,0.99098575,15.055732,SDSS-SDSS,SDSS,2654,54231,23,2988144745936611328,26,binning 1   1,DR18
4807.2866,13.010742,0.96164596,14.971825,SDSS-SDSS,SDSS,2654,54231,23,2988144745936611328,26,binning 1   1,DR18
4808.3926,15.520934,0.9797436,15.033515,SDSS-SDSS,SDSS,2654,54231,23,2988144745936611328,26,binning 1   1,DR18
4809.5015,13.697682,0.94004464,15.127514,SDSS-SDSS,SDSS,2654,54231,23,2988144745936611328,26,binning 1   1,DR18
4810.608,14.981468,0.9454548,15.131906,SDSS-SDSS,SDSS,2654,54231,23,2988144745936611328,26,binning 1   1,DR18
4811.7173,13.686735,0.93116504,15.228165,SDSS-SDSS,SDSS,2654,54231,23,2988144745936611328,26,binning 1   1,DR18
4812.824,13.35884,0.946274,15.238038,SDSS-SDSS,SDSS,2654,54231,23,2988144745936611328,26,binning 1   1,DR18
4813.931,16.25787,1.0254945,15.170527,SDSS-SDSS,SDSS,2654,54231,23,2988144745936611328,26,binning 1   1,DR18
4815.0415,15.318142,1.0162752,15.134522,SDSS-SDSS,SDSS,2654,54231,23,2988144745936611328,26,binning 1   1,DR18
4816.149,13.6357765,0.98193765,15.128957,SDSS-SDSS,SDSS,2654,54231,23,2988144745936611328,26,binning 1   1,DR18
4817.26,14.747638,0.99492836,15.15674,SDSS-SDSS,SDSS,2654,54231,23,2988144745936611328,26,binning 1   1,DR18
4818.3677,15.135648,0.98541147,15.141598,SDSS-SDSS,SDSS,2654,54231,23,2988144745936611328,26,binning 1   1,DR18
4819.479,15.241278,0.9755613,15.13744,SDSS-SDSS,SDSS,2654,54231,23,2988144745936611328,26,binning 1   1,DR18
4820.588,15.949178,0.9916345,15.206086,SDSS-SDSS,SDSS,2654,54231,23,2988144745936611328,26,binning 1   1,DR18
4821.697,15.23301,0.9693915,15.2962265,SDSS-SDSS,SDSS,2654,54231,23,2988144745936611328,26,binning 1   1,DR18
4822.8086,16.150057,0.96714896,15.298254,SDSS-SDSS,SDSS,2654,54231,23,2988144745936611328,26,binning 1   1,DR18
4823.918,13.137853,0.92758155,15.374876,SDSS-SDSS,SDSS,2654,54231,23,2988144745936611328,26,binning 1   1,DR18
4825.0303,14.401486,0.9632926,15.394554,SDSS-SDSS,SDSS,2654,54231,23,2988144745936611328,26,binning 1   1,DR18
4826.14,14.988812,0.95589536,15.419325,SDSS-SDSS,SDSS,2654,54231,23,2988144745936611328,26,binning 1   1,DR18
4827.2534,13.125054,0.915105,15.472344,SDSS-SDSS,SDSS,2654,54231,23,2988144745936611328,26,binning 1   1,DR18
4828.364,14.174516,0.9338337,15.50676,SDSS-SDSS,SDSS,2654,54231,23,2988144745936611328,26,binning 1   1,DR18
4829.477,14.728567,0.95960975,15.485969,SDSS-SDSS,SDSS,2654,54231,23,2988144745936611328,26,binning 1   1,DR18
4830.5884,15.334007,0.9816519,15.455689,SDSS-SDSS,SDSS,2654,54231,23,2988144745936611328,26,binning 1   1,DR18
4831.699,14.690514,0.9811763,15.385846,SDSS-SDSS,SDSS,2654,54231,23,2988144745936611328,26,binning 1   1,DR18
4832.8135,15.225303,0.9822093,15.383397,SDSS-SDSS,SDSS,2654,54231,23,2988144745936611328,26,binning 1   1,DR18
4833.9253,14.8135195,0.974596,15.435861,SDSS-SDSS,SDSS,2654,54231,23,2988144745936611328,26,binning 1   1,DR18
4835.04,14.855841,0.9709122,15.457294,SDSS-SDSS,SDSS,2654,54231,23,2988144745936611328,26,binning 1   1,DR18
4836.1523,14.900687,0.97414535,15.442775,SDSS-SDSS,SDSS,2654,54231,23,2988144745936611328,26,binning 1   1,DR18
4837.2676,13.011826,0.95252883,15.521241,SDSS-SDSS,SDSS,2654,54231,23,2988144745936611328,26,binning 1   1,DR18
4838.3804,14.849803,0.96932936,15.54662,SDSS-SDSS,SDSS,2654,54231,23,2988144745936611328,26,binning 1   1,DR18
4839.4937,15.858335,0.98651475,15.465981,SDSS-SDSS,SDSS,2654,54231,23,2988144745936611328,26,binning 1   1,DR18
4840.6094,13.828724,0.978229,15.449136,SDSS-SDSS,SDSS,2654,54231,23,2988144745936611328,26,binning 1   1,DR18
4841.723,15.403007,0.9768659,15.5827675,SDSS-SDSS,SDSS,2654,54231,23,2988144745936611328,26,binning 1   1,DR18
4842.8394,14.068455,0.93552065,15.680703,SDSS-SDSS,SDSS,2654,54231,23,2988144745936611328,26,binning 1   1,DR18
4843.9536,14.729254,0.9318961,15.688908,SDSS-SDSS,SDSS,2654,54231,23,2988144745936611328,26,binning 1   1,DR18
4845.071,14.34957,0.9250724,15.750568,SDSS-SDSS,SDSS,2654,54231,23,2988144745936611328,26,binning 1   1,DR18
4846.185,14.245273,0.941058,15.7067585,SDSS-SDSS,SDSS,2654,54231,23,2988144745936611328,26,binning 1   1,DR18
4847.3003,15.650513,1.0017359,15.640637,SDSS-SDSS,SDSS,2654,54231,23,2988144745936611328,26,binning 1   1,DR18
4848.418,14.483596,1.0072236,15.700949,SDSS-SDSS,SDSS,2654,54231,23,2988144745936611328,26,binning 1   1,DR18
4849.533,14.679613,1.0079623,15.795426,SDSS-SDSS,SDSS,2654,54231,23,2988144745936611328,26,binning 1   1,DR18
4850.6514,15.156004,0.98998016,15.744862,SDSS-SDSS,SDSS,2654,54231,23,2988144745936611328,26,binning 1   1,DR18
4851.7676,16.45238,0.98921704,15.782468,SDSS-SDSS,SDSS,2654,54231,23,2988144745936611328,26,binning 1   1,DR18
4852.886,16.680544,1.0062721,15.79639,SDSS-SDSS,SDSS,2654,54231,23,2988144745936611328,26,binning 1   1,DR18
4854.0024,14.687719,1.0077268,15.745725,SDSS-SDSS,SDSS,2654,54231,23,2988144745936611328,26,binning 1   1,DR18
4855.119,17.034214,1.0271358,15.691806,SDSS-SDSS,SDSS,2654,54231,23,2988144745936611328,26,binning 1   1,DR18
4856.239,17.38608,0.9969823,15.6587105,SDSS-SDSS,SDSS,2654,54231,23,2988144745936611328,26,binning 1   1,DR18
4857.356,16.706814,0.9878563,15.591209,SDSS-SDSS,SDSS,2654,54231,23,2988144745936611328,26,binning 1   1,DR18
4858.476,17.98396,0.9897363,15.703717,SDSS-SDSS,SDSS,2654,54231,23,2988144745936611328,26,binning 1   1,DR18
4859.5938,16.29797,0.9591158,15.780149,SDSS-SDSS,SDSS,2654,54231,23,2988144745936611328,26,binning 1   1,DR18
4860.7144,16.428486,0.98260003,15.796388,SDSS-SDSS,SDSS,2654,54231,23,2988144745936611328,26,binning 1   1,DR18
4861.8325,19.49942,1.0459863,15.850595,SDSS-SDSS,SDSS,2654,54231,23,2988144745936611328,26,binning 1   1,DR18
4862.951,19.927855,1.0686644,15.906919,SDSS-SDSS,SDSS,2654,54231,23,2988144745936611328,26,binning 1   1,DR18
4864.0723,20.513113,1.0807086,15.849106,SDSS-SDSS,SDSS,2654,54231,23,2988144745936611328,26,binning 1   1,DR18
4865.1914,20.811092,1.0768487,15.822242,SDSS-SDSS,SDSS,2654,54231,23,2988144745936611328,26,binning 1   1,DR18
4866.3135,17.377277,1.1725909,15.847848,SDSS-SDSS,SDSS,2654,54231,23,2988144745936611328,26,binning 1   1,DR18
4867.4326,18.3822,1.1908579,15.852167,SDSS-SDSS,SDSS,2654,54231,23,2988144745936611328,26,binning 1   1,DR18
4868.555,20.916447,1.0868716,15.82377,SDSS-SDSS,SDSS,2654,54231,23,2988144745936611328,26,binning 1   1,DR18
4869.6753,19.293245,1.0699967,15.858377,SDSS-SDSS,SDSS,2654,54231,23,2988144745936611328,26,binning 1   1,DR18
4870.7954,19.049433,1.0660051,15.911586,SDSS-SDSS,SDSS,2654,54231,23,2988144745936611328,26,binning 1   1,DR18
4871.919,18.84294,1.0410936,15.88443,SDSS-SDSS,SDSS,2654,54231,23,2988144745936611328,26,binning 1   1,DR18
4873.0396,17.791016,1.0142097,15.790835,SDSS-SDSS,SDSS,2654,54231,23,2988144745936611328,26,binning 1   1,DR18
4874.163,18.169409,1.0209833,15.752529,SDSS-SDSS,SDSS,2654,54231,23,2988144745936611328,26,binning 1   1,DR18
4875.2847,16.5437,1.0017866,15.74639,SDSS-SDSS,SDSS,2654,54231,23,2988144745936611328,26,binning 1   1,DR18
4876.4087,16.305286,0.991026,15.606237,SDSS-SDSS,SDSS,2654,54231,23,2988144745936611328,26,binning 1   1,DR18
4877.531,17.877028,1.0156,15.635564,SDSS-SDSS,SDSS,2654,54231,23,2988144745936611328,26,binning 1   1,DR18
4878.653,17.515327,1.007466,15.691855,SDSS-SDSS,SDSS,2654,54231,23,2988144745936611328,26,binning 1   1,DR18
4879.778,17.671642,1.0136889,15.698574,SDSS-SDSS,SDSS,2654,54231,23,2988144745936611328,26,binning 1   1,DR18
4880.9004,16.19478,0.99588686,15.738286,SDSS-SDSS,SDSS,2654,54231,23,2988144745936611328,26,binning 1   1,DR18
4882.026,18.225971,1.0217174,15.808486,SDSS-SDSS,SDSS,2654,54231,23,2988144745936611328,26,binning 1   1,DR18
4883.149,14.567656,0.98195904,15.75564,SDSS-SDSS,SDSS,2654,54231,23,2988144745936611328,26,binning 1   1,DR18
4884.275,14.879507,0.9879489,15.752198,SDSS-SDSS,SDSS,2654,54231,23,2988144745936611328,26,binning 1   1,DR18
4885.3984,16.421185,1.0006347,15.849515,SDSS-SDSS,SDSS,2654,54231,23,2988144745936611328,26,binning 1   1,DR18
4886.5225,14.992297,0.97429943,15.784318,SDSS-SDSS,SDSS,2654,54231,23,2988144745936611328,26,binning 1   1,DR18
4887.6494,15.559141,1.0025487,15.750244,SDSS-SDSS,SDSS,2654,54231,23,2988144745936611328,26,binning 1   1,DR18
4888.7734,16.16851,1.0416628,15.890356,SDSS-SDSS,SDSS,2654,54231,23,2988144745936611328,26,binning 1   1,DR18
4889.901,14.068988,1.0197458,15.879235,SDSS-SDSS,SDSS,2654,54231,23,2988144745936611328,26,binning 1   1,DR18
4891.026,15.9422865,1.0237836,15.781202,SDSS-SDSS,SDSS,2654,54231,23,2988144745936611328,26,binning 1   1,DR18
4892.154,14.888438,0.97588784,15.782035,SDSS-SDSS,SDSS,2654,54231,23,2988144745936611328,26,binning 1   1,DR18
4893.2793,14.541055,0.9419519,15.7786875,SDSS-SDSS,SDSS,2654,54231,23,2988144745936611328,26,binning 1   1,DR18
4894.405,14.326995,0.950336,15.775119,SDSS-SDSS,SDSS,2654,54231,23,2988144745936611328,26,binning 1   1,DR18
4895.5337,14.085983,0.9426309,15.816365,SDSS-SDSS,SDSS,2654,54231,23,2988144745936611328,26,binning 1   1,DR18
4896.6597,13.059418,1.0495387,15.835061,SDSS-SDSS,SDSS,2654,54231,23,2988144745936611328,26,binning 1   1,DR18
4897.789,13.394049,1.0811908,15.785056,SDSS-SDSS,SDSS,2654,54231,23,2988144745936611328,26,binning 1   1,DR18
4898.9155,14.374049,0.95374167,15.803126,SDSS-SDSS,SDSS,2654,54231,23,2988144745936611328,26,binning 1   1,DR18
4900.0454,15.532718,0.98545444,15.787766,SDSS-SDSS,SDSS,2654,54231,23,2988144745936611328,26,binning 1   1,DR18
4901.1724,14.876117,0.9833928,15.762795,SDSS-SDSS,SDSS,2654,54231,23,2988144745936611328,26,binning 1   1,DR18
4902.3,15.6846285,0.99389774,15.776244,SDSS-SDSS,SDSS,2654,54231,23,2988144745936611328,26,binning 1   1,DR18
4903.4307,14.856867,0.9884964,15.763513,SDSS-SDSS,SDSS,2654,54231,23,2988144745936611328,26,binning 1   1,DR18
4904.5586,14.6169615,0.9637893,15.746183,SDSS-SDSS,SDSS,2654,54231,23,2988144745936611328,26,binning 1   1,DR18
4905.6895,13.952009,0.9589203,15.610265,SDSS-SDSS,SDSS,2654,54231,23,2988144745936611328,26,binning 1   1,DR18
4906.818,14.126538,0.9625327,15.615376,SDSS-SDSS,SDSS,2654,54231,23,2988144745936611328,26,binning 1   1,DR18
4907.9497,14.262587,0.96110016,15.667607,SDSS-SDSS,SDSS,2654,54231,23,2988144745936611328,26,binning 1   1,DR18
4909.0786,15.330957,0.95079625,15.629564,SDSS-SDSS,SDSS,2654,54231,23,2988144745936611328,26,binning 1   1,DR18
4910.208,14.190916,0.9186965,15.645979,SDSS-SDSS,SDSS,2654,54231,23,2988144745936611328,26,binning 1   1,DR18
4911.3403,13.443582,0.9163039,15.620218,SDSS-SDSS,SDSS,2654,54231,23,2988144745936611328,26,binning 1   1,DR18
4912.47,14.640522,0.9389739,15.59914,SDSS-SDSS,SDSS,2654,54231,23,2988144745936611328,26,binning 1   1,DR18
4913.603,13.070303,1.0912486,15.62456,SDSS-SDSS,SDSS,2654,54231,23,2988144745936611328,26,binning 1   1,DR18
4914.7334,14.427653,1.2255231,15.637548,SDSS-SDSS,SDSS,2654,54231,23,2988144745936611328,26,binning 1   1,DR18
4915.8667,15.994555,1.0310359,15.604129,SDSS-SDSS,SDSS,2654,54231,23,2988144745936611328,26,binning 1   1,DR18
4916.9976,13.934182,0.9924663,15.576643,SDSS-SDSS,SDSS,2654,54231,23,2988144745936611328,26,binning 1   1,DR18
4918.1313,14.909576,0.97856677,15.5021,SDSS-SDSS,SDSS,2654,54231,23,2988144745936611328,26,binning 1   1,DR18
4919.2627,12.7921715,0.922686,15.570585,SDSS-SDSS,SDSS,2654,54231,23,2988144745936611328,26,binning 1   1,DR18
4920.3945,14.441099,0.9314565,15.633344,SDSS-SDSS,SDSS,2654,54231,23,2988144745936611328,26,binning 1   1,DR18
4921.529,14.924217,0.9295906,15.57424,SDSS-SDSS,SDSS,2654,54231,23,2988144745936611328,26,binning 1   1,DR18
4922.661,14.707213,0.92192984,15.4643345,SDSS-SDSS,SDSS,2654,54231,23,2988144745936611328,26,binning 1   1,DR18
4923.7964,13.736237,0.90981305,15.468272,SDSS-SDSS,SDSS,2654,54231,23,2988144745936611328,26,binning 1   1,DR18
4924.929,13.924422,0.90023154,15.496593,SDSS-SDSS,SDSS,2654,54231,23,2988144745936611328,26,binning 1   1,DR18
4926.065,14.740718,0.9142323,15.489867,SDSS-SDSS,SDSS,2654,54231,23,2988144745936611328,26,binning 1   1,DR18
4927.1978,12.178021,0.86985314,15.503644,SDSS-SDSS,SDSS,2654,54231,23,2988144745936611328,26,binning 1   1,DR18
4928.3315,12.905546,0.8702508,15.515454,SDSS-SDSS,SDSS,2654,54231,23,2988144745936611328,26,binning 1   1,DR18
4929.468,14.281883,0.8978214,15.496908,SDSS-SDSS,SDSS,2654,54231,23,2988144745936611328,26,binning 1   1,DR18
4930.602,13.279516,0.88840294,15.488641,SDSS-SDSS,SDSS,2654,54231,23,2988144745936611328,26,binning 1   1,DR18
4931.739,14.798012,0.92761767,15.472335,SDSS-SDSS,SDSS,2654,54231,23,2988144745936611328,26,binning 1   1,DR18
4932.8735,13.655116,0.91361994,15.57019,SDSS-SDSS,SDSS,2654,54231,23,2988144745936611328,26,binning 1   1,DR18
4934.0107,13.999207,0.8956174,15.57365,SDSS-SDSS,SDSS,2654,54231,23,2988144745936611328,26,binning 1   1,DR18
4935.146,13.755928,0.8784339,15.510571,SDSS-SDSS,SDSS,2654,54231,23,2988144745936611328,26,binning 1   1,DR18
4936.2812,12.908093,0.8640546,15.511561,SDSS-SDSS,SDSS,2654,54231,23,2988144745936611328,26,binning 1   1,DR18
4937.4194,13.677399,0.88979214,15.538021,SDSS-SDSS,SDSS,2654,54231,23,2988144745936611328,26,binning 1   1,DR18
4938.5557,14.640286,0.9014174,15.498735,SDSS-SDSS,SDSS,2654,54231,23,2988144745936611328,26,binning 1   1,DR18
4939.6943,13.707111,0.875714,15.510619,SDSS-SDSS,SDSS,2654,54231,23,2988144745936611328,26,binning 1   1,DR18
4940.8306,14.570303,0.9103341,15.551755,SDSS-SDSS,SDSS,2654,54231,23,2988144745936611328,26,binning 1   1,DR18
4941.97,14.378871,0.9234831,15.607345,SDSS-SDSS,SDSS,2654,54231,23,2988144745936611328,26,binning 1   1,DR18
4943.107,14.584753,0.93194777,15.615963,SDSS-SDSS,SDSS,2654,54231,23,2988144745936611328,26,binning 1   1,DR18
4944.244,14.941665,0.9291277,15.503111,SDSS-SDSS,SDSS,2654,54231,23,2988144745936611328,26,binning 1   1,DR18
4945.3843,14.818127,0.9003651,15.515655,SDSS-SDSS,SDSS,2654,54231,23,2988144745936611328,26,binning 1   1,DR18
4946.522,13.666729,0.8810112,15.475372,SDSS-SDSS,SDSS,2654,54231,23,2988144745936611328,26,binning 1   1,DR18
4947.6626,13.893302,0.8949903,15.440176,SDSS-SDSS,SDSS,2654,54231,23,2988144745936611328,26,binning 1   1,DR18
4948.801,14.3312235,0.91198325,15.432162,SDSS-SDSS,SDSS,2654,54231,23,2988144745936611328,26,binning 1   1,DR18
4949.942,15.407721,0.94395626,15.418198,SDSS-SDSS,SDSS,2654,54231,23,2988144745936611328,26,binning 1   1,DR18
4951.0806,13.102558,0.91341454,15.408254,SDSS-SDSS,SDSS,2654,54231,23,2988144745936611328,26,binning 1   1,DR18
4952.2197,13.129056,0.9285575,15.46615,SDSS-SDSS,SDSS,2654,54231,23,2988144745936611328,26,binning 1   1,DR18
4953.362,15.223731,0.95133966,15.43832,SDSS-SDSS,SDSS,2654,54231,23,2988144745936611328,26,binning 1   1,DR18
4954.501,15.121744,0.9310308,15.475841,SDSS-SDSS,SDSS,2654,54231,23,2988144745936611328,26,binning 1   1,DR18
4955.6436,14.629115,0.91099167,15.537807,SDSS-SDSS,SDSS,2654,54231,23,2988144745936611328,26,binning 1   1,DR18
4956.7837,15.088477,0.9097908,15.50482,SDSS-SDSS,SDSS,2654,54231,23,2988144745936611328,26,binning 1   1,DR18
4957.927,15.098933,0.9303196,15.437043,SDSS-SDSS,SDSS,2654,54231,23,2988144745936611328,26,binning 1   1,DR18
4959.0674,14.696436,0.94678044,15.494767,SDSS-SDSS,SDSS,2654,54231,23,2988144745936611328,26,binning 1   1,DR18
4960.208,14.726497,0.9355149,15.528416,SDSS-SDSS,SDSS,2654,54231,23,2988144745936611328,26,binning 1   1,DR18
4961.352,14.4438,0.92417336,15.512433,SDSS-SDSS,SDSS,2654,54231,23,2988144745936611328,26,binning 1   1,DR18
4962.493,13.752193,0.90742505,15.427626,SDSS-SDSS,SDSS,2654,54231,23,2988144745936611328,26,binning 1   1,DR18
4963.6377,14.29725,0.9099578,15.343665,SDSS-SDSS,SDSS,2654,54231,23,2988144745936611328,26,binning 1   1,DR18
4964.7793,14.347719,0.895276,15.400714,SDSS-SDSS,SDSS,2654,54231,23,2988144745936611328,26,binning 1   1,DR18
4965.9243,13.775886,0.8902493,15.40993,SDSS-SDSS,SDSS,2654,54231,23,2988144745936611328,26,binning 1   1,DR18
4967.067,13.776001,1.0388771,15.417068,SDSS-SDSS,SDSS,2654,54231,23,2988144745936611328,26,binning 1   1,DR18
4968.2095,13.017501,1.052192,15.324183,SDSS-SDSS,SDSS,2654,54231,23,2988144745936611328,26,binning 1   1,DR18
4969.355,13.517347,0.90176135,15.293794,SDSS-SDSS,SDSS,2654,54231,23,2988144745936611328,26,binning 1   1,DR18
4970.498,13.387176,0.8817999,15.396136,SDSS-SDSS,SDSS,2654,54231,23,2988144745936611328,26,binning 1   1,DR18
4971.6445,15.8795185,0.9123883,15.392042,SDSS-SDSS,SDSS,2654,54231,23,2988144745936611328,26,binning 1   1,DR18
4972.788,15.420397,0.9271843,15.429662,SDSS-SDSS,SDSS,2654,54231,23,2988144745936611328,26,binning 1   1,DR18
4973.935,13.726977,0.94381535,15.41384,SDSS-SDSS,SDSS,2654,54231,23,2988144745936611328,26,binning 1   1,DR18
4975.079,12.173236,0.9186266,15.368589,SDSS-SDSS,SDSS,2654,54231,23,2988144745936611328,26,binning 1   1,DR18
4976.2236,13.980801,0.9123463,15.319778,SDSS-SDSS,SDSS,2654,54231,23,2988144745936611328,26,binning 1   1,DR18
4977.371,14.194629,0.90374255,15.32302,SDSS-SDSS,SDSS,2654,54231,23,2988144745936611328,26,binning 1   1,DR18
4978.516,15.057159,0.9134937,15.422317,SDSS-SDSS,SDSS,2654,54231,23,2988144745936611328,26,binning 1   1,DR18
4979.664,15.084896,0.9230686,15.384579,SDSS-SDSS,SDSS,2654,54231,23,2988144745936611328,26,binning 1   1,DR18
4980.8096,13.851156,0.91882616,15.382642,SDSS-SDSS,SDSS,2654,54231,23,2988144745936611328,26,binning 1   1,DR18
4981.9585,14.807059,0.9499322,15.399998,SDSS-SDSS,SDSS,2654,54231,23,2988144745936611328,26,binning 1   1,DR18
4983.1045,16.227962,0.988166,15.40381,SDSS-SDSS,SDSS,2654,54231,23,2988144745936611328,26,binning 1   1,DR18
4984.251,15.170905,0.97013456,15.40129,SDSS-SDSS,SDSS,2654,54231,23,2988144745936611328,26,binning 1   1,DR18
4985.4004,15.178981,0.9514118,15.400765,SDSS-SDSS,SDSS,2654,54231,23,2988144745936611328,26,binning 1   1,DR18
4986.547,14.702906,0.92785335,15.3629055,SDSS-SDSS,SDSS,2654,54231,23,2988144745936611328,26,binning 1   1,DR18
4987.697,14.527641,0.96973103,15.317527,SDSS-SDSS,SDSS,2654,54231,23,2988144745936611328,26,binning 1   1,DR18
4988.844,13.778903,0.9790852,15.234029,SDSS-SDSS,SDSS,2654,54231,23,2988144745936611328,26,binning 1   1,DR18
4989.9946,14.055782,0.9370374,15.198749,SDSS-SDSS,SDSS,2654,54231,23,2988144745936611328,26,binning 1   1,DR18
4991.1426,14.543004,0.9076332,15.232182,SDSS-SDSS,SDSS,2654,54231,23,2988144745936611328,26,binning 1   1,DR18
4992.291,14.333203,0.9088801,15.190398,SDSS-SDSS,SDSS,2654,54231,23,2988144745936611328,26,binning 1   1,DR18
4993.442,16.087194,0.99317,15.1531,SDSS-SDSS,SDSS,2654,54231,23,2988144745936611328,26,binning 1   1,DR18
4994.591,14.148,0.9556807,15.156981,SDSS-SDSS,SDSS,2654,54231,23,2988144745936611328,26,binning 1   1,DR18
4995.7427,13.61248,0.89258915,15.191082,SDSS-SDSS,SDSS,2654,54231,23,2988144745936611328,26,binning 1   1,DR18
4996.892,14.672787,0.8954758,15.168006,SDSS-SDSS,SDSS,2654,54231,23,2988144745936611328,26,binning 1   1,DR18
4998.044,12.636769,0.88845706,15.109891,SDSS-SDSS,SDSS,2654,54231,23,2988144745936611328,26,binning 1   1,DR18
4999.194,15.615958,0.97325,15.170899,SDSS-SDSS,SDSS,2654,54231,23,2988144745936611328,26,binning 1   1,DR18
5000.3438,13.243332,0.9404757,15.186341,SDSS-SDSS,SDSS,2654,54231,23,2988144745936611328,26,binning 1   1,DR18
5001.497,14.152444,0.91332424,15.219138,SDSS-SDSS,SDSS,2654,54231,23,2988144745936611328,26,binning 1   1,DR18
5002.6475,15.17457,0.8987962,15.183314,SDSS-SDSS,SDSS,2654,54231,23,2988144745936611328,26,binning 1   1,DR18
5003.8013,14.472821,0.91142136,15.127809,SDSS-SDSS,SDSS,2654,54231,23,2988144745936611328,26,binning 1   1,DR18
5004.952,14.100591,0.9248073,15.107412,SDSS-SDSS,SDSS,2654,54231,23,2988144745936611328,26,binning 1   1,DR18
5006.1064,15.570045,0.9525153,15.058671,SDSS-SDSS,SDSS,2654,54231,23,2988144745936611328,26,binning 1   1,DR18
5007.2583,14.1867,0.9278744,15.051977,SDSS-SDSS,SDSS,2654,54231,23,2988144745936611328,26,binning 1   1,DR18
5008.4126,15.57224,0.9408234,15.037267,SDSS-SDSS,SDSS,2654,54231,23,2988144745936611328,26,binning 1   1,DR18
5009.565,16.927143,0.9543433,15.055434,SDSS-SDSS,SDSS,2654,54231,23,2988144745936611328,26,binning 1   1,DR18
5010.7173,15.808666,0.9390102,15.107247,SDSS-SDSS,SDSS,2654,54231,23,2988144745936611328,26,binning 1   1,DR18
5011.873,14.868549,0.92463434,15.11416,SDSS-SDSS,SDSS,2654,54231,23,2988144745936611328,26,binning 1   1,DR18
5013.026,15.632342,0.917222,15.014654,SDSS-SDSS,SDSS,2654,54231,23,2988144745936611328,26,binning 1   1,DR18
5014.1816,14.788906,0.88570905,14.982258,SDSS-SDSS,SDSS,2654,54231,23,2988144745936611328,26,binning 1   1,DR18
5015.3354,14.11465,0.884427,14.940844,SDSS-SDSS,SDSS,2654,54231,23,2988144745936611328,26,binning 1   1,DR18
5016.4917,13.932393,0.8986568,14.964906,SDSS-SDSS,SDSS,2654,54231,23,2988144745936611328,26,binning 1   1,DR18
5017.646,15.922144,0.93291503,14.944248,SDSS-SDSS,SDSS,2654,54231,23,2988144745936611328,26,binning 1   1,DR18
5018.8003,15.578205,0.914935,14.860319,SDSS-SDSS,SDSS,2654,54231,23,2988144745936611328,26,binning 1   1,DR18
5019.9575,13.596455,0.9316684,14.933592,SDSS-SDSS,SDSS,2654,54231,23,2988144745936611328,26,binning 1   1,DR18
5021.1123,14.795314,0.987151,14.968915,SDSS-SDSS,SDSS,2654,54231,23,2988144745936611328,26,binning 1   1,DR18
5022.27,14.967132,0.9209357,14.924264,SDSS-SDSS,SDSS,2654,54231,23,2988144745936611328,26,binning 1   1,DR18
5023.426,16.265188,0.9197662,14.856045,SDSS-SDSS,SDSS,2654,54231,23,2988144745936611328,26,binning 1   1,DR18
5024.584,14.975366,0.9032455,14.837623,SDSS-SDSS,SDSS,2654,54231,23,2988144745936611328,26,binning 1   1,DR18
5025.7397,14.068432,0.894846,14.850666,SDSS-SDSS,SDSS,2654,54231,23,2988144745936611328,26,binning 1   1,DR18
5026.896,13.497648,0.9611857,14.816035,SDSS-SDSS,SDSS,2654,54231,23,2988144745936611328,26,binning 1   1,DR18
5028.055,12.22818,0.9376561,14.884538,SDSS-SDSS,SDSS,2654,54231,23,2988144745936611328,26,binning 1   1,DR18
5029.212,15.627919,0.8814301,14.865322,SDSS-SDSS,SDSS,2654,54231,23,2988144745936611328,26,binning 1   1,DR18
5030.3716,15.079448,0.87141204,14.820473,SDSS-SDSS,SDSS,2654,54231,23,2988144745936611328,26,binning 1   1,DR18
5031.529,13.509325,0.86818784,14.818892,SDSS-SDSS,SDSS,2654,54231,23,2988144745936611328,26,binning 1   1,DR18
5032.689,14.61313,0.90542984,14.814182,SDSS-SDSS,SDSS,2654,54231,23,2988144745936611328,26,binning 1   1,DR18
5033.847,13.811883,0.88610536,14.743342,SDSS-SDSS,SDSS,2654,54231,23,2988144745936611328,26,binning 1   1,DR18
5035.005,15.587689,0.88495874,14.809918,SDSS-SDSS,SDSS,2654,54231,23,2988144745936611328,26,binning 1   1,DR18
5036.166,14.944981,0.87010956,14.718392,SDSS-SDSS,SDSS,2654,54231,23,2988144745936611328,26,binning 1   1,DR18
5037.3247,14.400948,0.859546,14.690188,SDSS-SDSS,SDSS,2654,54231,23,2988144745936611328,26,binning 1   1,DR18
5038.4863,15.662969,0.888174,14.755451,SDSS-SDSS,SDSS,2654,54231,23,2988144745936611328,26,binning 1   1,DR18
5039.6455,14.455069,0.8912642,14.778326,SDSS-SDSS,SDSS,2654,54231,23,2988144745936611328,26,binning 1   1,DR18
5040.8076,13.045227,0.8645097,14.727495,SDSS-SDSS,SDSS,2654,54231,23,2988144745936611328,26,binning 1   1,DR18
5041.967,13.5186,0.84657985,14.687293,SDSS-SDSS,SDSS,2654,54231,23,2988144745936611328,26,binning 1   1,DR18
5043.127,14.436968,0.8633628,14.652288,SDSS-SDSS,SDSS,2654,54231,23,2988144745936611328,26,binning 1   1,DR18
5044.29,14.928597,0.89060354,14.666598,SDSS-SDSS,SDSS,2654,54231,23,2988144745936611328,26,binning 1   1,DR18
5045.45,14.811955,0.9097595,14.688415,SDSS-SDSS,SDSS,2654,54231,23,2988144745936611328,26,binning 1   1,DR18
5046.614,15.000318,0.9258155,14.682143,SDSS-SDSS,SDSS,2654,54231,23,2988144745936611328,26,binning 1   1,DR18
5047.775,16.40639,0.9494292,14.687599,SDSS-SDSS,SDSS,2654,54231,23,2988144745936611328,26,binning 1   1,DR18
5048.939,14.819359,0.91976076,14.653498,SDSS-SDSS,SDSS,2654,54231,23,2988144745936611328,26,binning 1   1,DR18
5050.1,16.055288,0.9122436,14.656267,SDSS-SDSS,SDSS,2654,54231,23,2988144745936611328,26,binning 1   1,DR18
5051.262,15.418458,0.9904993,14.689661,SDSS-SDSS,SDSS,2654,54231,23,2988144745936611328,26,binning 1   1,DR18
5052.427,12.328494,0.9353471,14.774697,SDSS-SDSS,SDSS,2654,54231,23,2988144745936611328,26,binning 1   1,DR18
5053.5894,15.063466,0.86207974,14.8437395,SDSS-SDSS,SDSS,2654,54231,23,2988144745936611328,26,binning 1   1,DR18
5054.7544,13.643374,0.8625896,14.753254,SDSS-SDSS,SDSS,2654,54231,23,2988144745936611328,26,binning 1   1,DR18
5055.9175,14.844775,0.9049555,14.728922,SDSS-SDSS,SDSS,2654,54231,23,2988144745936611328,26,binning 1   1,DR18
5057.083,14.904273,0.93986845,14.760884,SDSS-SDSS,SDSS,2654,54231,23,2988144745936611328,26,binning 1   1,DR18
5058.2466,14.439654,0.91536796,14.744964,SDSS-SDSS,SDSS,2654,54231,23,2988144745936611328,26,binning 1   1,DR18
5059.41,14.696665,0.8750336,14.715135,SDSS-SDSS,SDSS,2654,54231,23,2988144745936611328,26,binning 1   1,DR18
5060.577,14.381929,0.8661532,14.701061,SDSS-SDSS,SDSS,2654,54231,23,2988144745936611328,26,binning 1   1,DR18
5061.741,13.682503,0.8651965,14.63387,SDSS-SDSS,SDSS,2654,54231,23,2988144745936611328,26,binning 1   1,DR18
5062.908,16.189451,0.9145194,14.615185,SDSS-SDSS,SDSS,2654,54231,23,2988144745936611328,26,binning 1   1,DR18
5064.073,15.137285,0.997922,14.579604,SDSS-SDSS,SDSS,2654,54231,23,2988144745936611328,26,binning 1   1,DR18
5065.2407,15.288327,0.9260455,14.531396,SDSS-SDSS,SDSS,2654,54231,23,2988144745936611328,26,binning 1   1,DR18
5066.4062,14.840303,0.89235526,14.544477,SDSS-SDSS,SDSS,2654,54231,23,2988144745936611328,26,binning 1   1,DR18
5067.572,14.601649,0.87106043,14.600775,SDSS-SDSS,SDSS,2654,54231,23,2988144745936611328,26,binning 1   1,DR18
5068.74,15.208807,0.90015584,14.561728,SDSS-SDSS,SDSS,2654,54231,23,2988144745936611328,26,binning 1   1,DR18
5069.9062,15.405655,0.9269471,14.509089,SDSS-SDSS,SDSS,2654,54231,23,2988144745936611328,26,binning 1   1,DR18
5071.075,13.736329,0.93410444,14.439671,SDSS-SDSS,SDSS,2654,54231,23,2988144745936611328,26,binning 1   1,DR18
5072.2417,17.451277,0.98903954,14.437444,SDSS-SDSS,SDSS,2654,54231,23,2988144745936611328,26,binning 1   1,DR18
5073.4116,15.694447,0.9362176,14.435663,SDSS-SDSS,SDSS,2654,54231,23,2988144745936611328,26,binning 1   1,DR18
5074.5786,14.920865,0.88667184,14.408252,SDSS-SDSS,SDSS,2654,54231,23,2988144745936611328,26,binning 1   1,DR18
5075.746,15.6966095,0.8918183,14.465291,SDSS-SDSS,SDSS,2654,54231,23,2988144745936611328,26,binning 1   1,DR18
5076.9165,14.549365,0.8765308,14.431991,SDSS-SDSS,SDSS,2654,54231,23,2988144745936611328,26,binning 1   1,DR18
5078.0845,15.228284,0.8912484,14.5258665,SDSS-SDSS,SDSS,2654,54231,23,2988144745936611328,26,binning 1   1,DR18
5079.2554,14.791249,0.9058946,14.585374,SDSS-SDSS,SDSS,2654,54231,23,2988144745936611328,26,binning 1   1,DR18
5080.424,15.79285,0.93287635,14.526344,SDSS-SDSS,SDSS,2654,54231,23,2988144745936611328,26,binning 1   1,DR18
5081.5957,15.248051,0.9115636,14.42756,SDSS-SDSS,SDSS,2654,54231,23,2988144745936611328,26,binning 1   1,DR18
5082.7646,13.848228,0.879503,14.392305,SDSS-SDSS,SDSS,2654,54231,23,2988144745936611328,26,binning 1   1,DR18
5083.9336,15.871681,0.9197248,14.364297,SDSS-SDSS,SDSS,2654,54231,23,2988144745936611328,26,binning 1   1,DR18
5085.106,14.863833,0.9015711,14.373524,SDSS-SDSS,SDSS,2654,54231,23,2988144745936611328,26,binning 1   1,DR18
5086.276,14.243717,0.89488524,14.4108715,SDSS-SDSS,SDSS,2654,54231,23,2988144745936611328,26,binning 1   1,DR18
5087.4487,13.673969,0.9275906,14.427475,SDSS-SDSS,SDSS,2654,54231,23,2988144745936611328,26,binning 1   1,DR18
5088.619,14.873399,0.94005686,14.40986,SDSS-SDSS,SDSS,2654,54231,23,2988144745936611328,26,binning 1   1,DR18
5089.7925,15.390389,0.9379922,14.39848,SDSS-SDSS,SDSS,2654,54231,23,2988144745936611328,26,binning 1   1,DR18
5090.9634,13.499688,0.9008472,14.3556385,SDSS-SDSS,SDSS,2654,54231,23,2988144745936611328,26,binning 1   1,DR18
5092.135,15.167827,0.9298342,14.3557,SDSS-SDSS,SDSS,2654,54231,23,2988144745936611328,26,binning 1   1,DR18
5093.309,15.29208,0.9200632,14.396589,SDSS-SDSS,SDSS,2654,54231,23,2988144745936611328,26,binning 1   1,DR18
5094.4805,13.321444,0.867718,14.356836,SDSS-SDSS,SDSS,2654,54231,23,2988144745936611328,26,binning 1   1,DR18
5095.6553,16.77606,0.914975,14.266887,SDSS-SDSS,SDSS,2654,54231,23,2988144745936611328,26,binning 1   1,DR18
5096.8276,15.000902,0.88954854,14.349087,SDSS-SDSS,SDSS,2654,54231,23,2988144745936611328,26,binning 1   1,DR18
5098.003,15.384924,0.8919948,14.368615,SDSS-SDSS,SDSS,2654,54231,23,2988144745936611328,26,binning 1   1,DR18
5099.176,15.869262,0.916432,14.317247,SDSS-SDSS,SDSS,2654,54231,23,2988144745936611328,26,binning 1   1,DR18
5100.3516,15.44099,0.92277503,14.248992,SDSS-SDSS,SDSS,2654,54231,23,2988144745936611328,26,binning 1   1,DR18
5101.525,15.220084,0.91851586,14.199785,SDSS-SDSS,SDSS,2654,54231,23,2988144745936611328,26,binning 1   1,DR18
5102.6987,16.184553,0.93096644,14.204806,SDSS-SDSS,SDSS,2654,54231,23,2988144745936611328,26,binning 1   1,DR18
5103.875,17.059515,0.9093988,14.272407,SDSS-SDSS,SDSS,2654,54231,23,2988144745936611328,26,binning 1   1,DR18
5105.0493,15.983856,0.8809641,14.2574,SDSS-SDSS,SDSS,2654,54231,23,2988144745936611328,26,binning 1   1,DR18
5106.2266,14.245922,0.84786284,14.239127,SDSS-SDSS,SDSS,2654,54231,23,2988144745936611328,26,binning 1   1,DR18
5107.4014,14.49051,0.8673427,14.278933,SDSS-SDSS,SDSS,2654,54231,23,2988144745936611328,26,binning 1   1,DR18
5108.579,15.716276,0.8886789,14.286476,SDSS-SDSS,SDSS,2654,54231,23,2988144745936611328,26,binning 1   1,DR18
5109.7544,14.532726,0.8634823,14.220769,SDSS-SDSS,SDSS,2654,54231,23,2988144745936611328,26,binning 1   1,DR18
5110.9297,14.923663,0.8831384,14.197405,SDSS-SDSS,SDSS,2654,54231,23,2988144745936611328,26,binning 1   1,DR18
5112.1084,15.716527,0.89265525,14.165343,SDSS-SDSS,SDSS,2654,54231,23,2988144745936611328,26,binning 1   1,DR18
5113.284,16.94085,0.8992613,14.235661,SDSS-SDSS,SDSS,2654,54231,23,2988144745936611328,26,binning 1   1,DR18
5114.4634,15.731028,0.8882232,14.240729,SDSS-SDSS,SDSS,2654,54231,23,2988144745936611328,26,binning 1   1,DR18
5115.64,15.672486,0.89970344,14.231842,SDSS-SDSS,SDSS,2654,54231,23,2988144745936611328,26,binning 1   1,DR18
5116.82,15.537347,0.8863994,14.242311,SDSS-SDSS,SDSS,2654,54231,23,2988144745936611328,26,binning 1   1,DR18
5117.9966,16.909592,0.9099504,14.123277,SDSS-SDSS,SDSS,2654,54231,23,2988144745936611328,26,binning 1   1,DR18
5119.1743,15.75228,0.89250785,14.137655,SDSS-SDSS,SDSS,2654,54231,23,2988144745936611328,26,binning 1   1,DR18
5120.3545,15.583644,0.87578046,14.17099,SDSS-SDSS,SDSS,2654,54231,23,2988144745936611328,26,binning 1   1,DR18
5121.5327,17.375366,0.9132935,14.169317,SDSS-SDSS,SDSS,2654,54231,23,2988144745936611328,26,binning 1   1,DR18
5122.7134,14.242036,0.85402155,14.167852,SDSS-SDSS,SDSS,2654,54231,23,2988144745936611328,26,binning 1   1,DR18
5123.892,16.102188,0.87748533,14.223675,SDSS-SDSS,SDSS,2654,54231,23,2988144745936611328,26,binning 1   1,DR18
5125.0737,16.239899,0.8625576,14.319414,SDSS-SDSS,SDSS,2654,54231,23,2988144745936611328,26,binning 1   1,DR18
5126.2524,14.784046,0.8604941,14.28829,SDSS-SDSS,SDSS,2654,54231,23,2988144745936611328,26,binning 1   1,DR18
5127.432,13.214767,0.83922744,14.222648,SDSS-SDSS,SDSS,2654,54231,23,2988144745936611328,26,binning 1   1,DR18
5128.6143,16.39851,0.87323356,14.220891,SDSS-SDSS,SDSS,2654,54231,23,2988144745936611328,26,binning 1   1,DR18
5129.794,15.334859,0.8617838,14.21194,SDSS-SDSS,SDSS,2654,54231,23,2988144745936611328,26,binning 1   1,DR18
5130.977,14.736914,0.85176194,14.143889,SDSS-SDSS,SDSS,2654,54231,23,2988144745936611328,26,binning 1   1,DR18
5132.157,15.610549,0.86715734,14.122197,SDSS-SDSS,SDSS,2654,54231,23,2988144745936611328,26,binning 1   1,DR18
5133.341,16.512829,0.90911835,14.14197,SDSS-SDSS,SDSS,2654,54231,23,2988144745936611328,26,binning 1   1,DR18
5134.522,16.078661,0.9121043,14.112046,SDSS-SDSS,SDSS,2654,54231,23,2988144745936611328,26,binning 1   1,DR18
5135.703,16.352015,0.90259445,14.1239605,SDSS-SDSS,SDSS,2654,54231,23,2988144745936611328,26,binning 1   1,DR18
5136.887,15.201717,0.87399286,14.123933,SDSS-SDSS,SDSS,2654,54231,23,2988144745936611328,26,binning 1   1,DR18
5138.069,15.1004925,0.85968417,14.071216,SDSS-SDSS,SDSS,2654,54231,23,2988144745936611328,26,binning 1   1,DR18
5139.254,16.673462,0.88021827,14.087608,SDSS-SDSS,SDSS,2654,54231,23,2988144745936611328,26,binning 1   1,DR18
5140.436,16.507479,0.8960592,14.126359,SDSS-SDSS,SDSS,2654,54231,23,2988144745936611328,26,binning 1   1,DR18
5141.6216,14.909031,0.88494444,14.111029,SDSS-SDSS,SDSS,2654,54231,23,2988144745936611328,26,binning 1   1,DR18
5142.804,16.4155,0.8857955,14.094618,SDSS-SDSS,SDSS,2654,54231,23,2988144745936611328,26,binning 1   1,DR18
5143.9873,15.265794,0.8628376,14.031906,SDSS-SDSS,SDSS,2654,54231,23,2988144745936611328,26,binning 1   1,DR18
5145.174,16.392714,0.88492763,13.961703,SDSS-SDSS,SDSS,2654,54231,23,2988144745936611328,26,binning 1   1,DR18
5146.3574,16.106703,0.8789751,14.048541,SDSS-SDSS,SDSS,2654,54231,23,2988144745936611328,26,binning 1   1,DR18
5147.544,15.649442,0.872392,14.026493,SDSS-SDSS,SDSS,2654,54231,23,2988144745936611328,26,binning 1   1,DR18
5148.728,16.696318,0.89196414,13.997203,SDSS-SDSS,SDSS,2654,54231,23,2988144745936611328,26,binning 1   1,DR18
5149.9155,16.344755,0.89311683,13.925729,SDSS-SDSS,SDSS,2654,54231,23,2988144745936611328,26,binning 1   1,DR18
5151.1,15.093826,0.88173765,13.893394,SDSS-SDSS,SDSS,2654,54231,23,2988144745936611328,26,binning 1   1,DR18
5152.285,16.609097,0.90452576,13.932547,SDSS-SDSS,SDSS,2654,54231,23,2988144745936611328,26,binning 1   1,DR18
5153.473,15.096596,0.94530904,13.909862,SDSS-SDSS,SDSS,2654,54231,23,2988144745936611328,26,binning 1   1,DR18
5154.6587,14.238741,0.95770586,13.918165,SDSS-SDSS,SDSS,2654,54231,23,2988144745936611328,26,binning 1   1,DR18
5155.8477,14.616547,0.9125955,13.9237175,SDSS-SDSS,SDSS,2654,54231,23,2988144745936611328,26,binning 1   1,DR18
5157.0337,15.755954,0.9091986,13.923068,SDSS-SDSS,SDSS,2654,54231,23,2988144745936611328,26,binning 1   1,DR18
5158.2227,15.250537,0.89049935,13.921715,SDSS-SDSS,SDSS,2654,54231,23,2988144745936611328,26,binning 1   1,DR18
5159.4097,15.87275,0.883061,13.905781,SDSS-SDSS,SDSS,2654,54231,23,2988144745936611328,26,binning 1   1,DR18
5160.596,16.028578,0.89111704,13.843844,SDSS-SDSS,SDSS,2654,54231,23,2988144745936611328,26,binning 1   1,DR18
5161.786,15.495168,0.87857586,13.741805,SDSS-SDSS,SDSS,2654,54231,23,2988144745936611328,26,binning 1   1,DR18
5162.9736,15.867526,0.87906694,13.639678,SDSS-SDSS,SDSS,2654,54231,23,2988144745936611328,26,binning 1   1,DR18
5164.1646,14.75795,0.89019305,13.6694,SDSS-SDSS,SDSS,2654,54231,23,2988144745936611328,26,binning 1   1,DR18
5165.3525,15.068909,0.92113066,13.708343,SDSS-SDSS,SDSS,2654,54231,23,2988144745936611328,26,binning 1   1,DR18
5166.5435,15.740584,0.9367096,13.66127,SDSS-SDSS,SDSS,2654,54231,23,2988144745936611328,26,binning 1   1,DR18
5167.732,15.827409,0.9153676,13.676682,SDSS-SDSS,SDSS,2654,54231,23,2988144745936611328,26,binning 1   1,DR18
5168.921,14.953064,0.8756268,13.685639,SDSS-SDSS,SDSS,2654,54231,23,2988144745936611328,26,binning 1   1,DR18
5170.113,15.885121,0.8886776,13.736482,SDSS-SDSS,SDSS,2654,54231,23,2988144745936611328,26,binning 1   1,DR18
5171.3022,15.880808,0.87239766,13.767115,SDSS-SDSS,SDSS,2654,54231,23,2988144745936611328,26,binning 1   1,DR18
5172.4946,15.362216,0.8531148,13.758162,SDSS-SDSS,SDSS,2654,54231,23,2988144745936611328,26,binning 1   1,DR18
5173.6846,14.994663,0.8391772,13.729287,SDSS-SDSS,SDSS,2654,54231,23,2988144745936611328,26,binning 1   1,DR18
5174.878,15.317047,0.85180336,13.688646,SDSS-SDSS,SDSS,2654,54231,23,2988144745936611328,26,binning 1   1,DR18
5176.0684,15.780082,0.8725175,13.6468315,SDSS-SDSS,SDSS,2654,54231,23,2988144745936611328,26,binning 1   1,DR18
5177.259,14.948441,0.85495883,13.625961,SDSS-SDSS,SDSS,2654,54231,23,2988144745936611328,26,binning 1   1,DR18
5178.4526,15.306952,0.87642676,13.634403,SDSS-SDSS,SDSS,2654,54231,23,2988144745936611328,26,binning 1   1,DR18
5179.644,14.706172,0.8647756,13.682885,SDSS-SDSS,SDSS,2654,54231,23,2988144745936611328,26,binning 1   1,DR18
5180.8384,15.562411,0.8612622,13.690327,SDSS-SDSS,SDSS,2654,54231,23,2988144745936611328,26,binning 1   1,DR18
5182.0303,15.440764,0.86710626,13.539172,SDSS-SDSS,SDSS,2654,54231,23,2988144745936611328,26,binning 1   1,DR18
5183.225,15.365253,0.86159986,13.481988,SDSS-SDSS,SDSS,2654,54231,23,2988144745936611328,26,binning 1   1,DR18
5184.4175,14.882475,0.84740186,13.499159,SDSS-SDSS,SDSS,2654,54231,23,2988144745936611328,26,binning 1   1,DR18
5185.6104,16.46533,0.8641161,13.558366,SDSS-SDSS,SDSS,2654,54231,23,2988144745936611328,26,binning 1   1,DR18
5186.806,15.246838,0.85255444,13.598141,SDSS-SDSS,SDSS,2654,54231,23,2988144745936611328,26,binning 1   1,DR18
5187.9995,15.373497,0.87099856,13.599363,SDSS-SDSS,SDSS,2654,54231,23,2988144745936611328,26,binning 1   1,DR18
5189.196,15.845885,0.8719832,13.605913,SDSS-SDSS,SDSS,2654,54231,23,2988144745936611328,26,binning 1   1,DR18
5190.3896,15.227753,0.8857485,13.551674,SDSS-SDSS,SDSS,2654,54231,23,2988144745936611328,26,binning 1   1,DR18
5191.5864,14.797765,0.8818104,13.5513935,SDSS-SDSS,SDSS,2654,54231,23,2988144745936611328,26,binning 1   1,DR18
5192.781,14.9285145,0.84976333,13.544237,SDSS-SDSS,SDSS,2654,54231,23,2988144745936611328,26,binning 1   1,DR18
5193.978,16.450005,0.88547,13.504613,SDSS-SDSS,SDSS,2654,54231,23,2988144745936611328,26,binning 1   1,DR18
5195.173,16.283113,0.87666374,13.472476,SDSS-SDSS,SDSS,2654,54231,23,2988144745936611328,26,binning 1   1,DR18
5196.368,15.224499,0.8912158,13.483174,SDSS-SDSS,SDSS,2654,54231,23,2988144745936611328,26,binning 1   1,DR18
5197.5664,15.659927,0.9246163,13.492374,SDSS-SDSS,SDSS,2654,54231,23,2988144745936611328,26,binning 1   1,DR18
5198.762,16.929224,0.9397801,13.457665,SDSS-SDSS,SDSS,2654,54231,23,2988144745936611328,26,binning 1   1,DR18
5199.961,16.1402,0.9095511,13.439723,SDSS-SDSS,SDSS,2654,54231,23,2988144745936611328,26,binning 1   1,DR18
5201.157,15.526187,0.8906671,13.442908,SDSS-SDSS,SDSS,2654,54231,23,2988144745936611328,26,binning 1   1,DR18
5202.3564,14.286911,0.8746944,13.445957,SDSS-SDSS,SDSS,2654,54231,23,2988144745936611328,26,binning 1   1,DR18
5203.553,13.727264,0.9069359,13.4563875,SDSS-SDSS,SDSS,2654,54231,23,2988144745936611328,26,binning 1   1,DR18
5204.7505,16.374357,0.9682856,13.446661,SDSS-SDSS,SDSS,2654,54231,23,2988144745936611328,26,binning 1   1,DR18
5205.9507,14.6051235,0.89550203,13.44776,SDSS-SDSS,SDSS,2654,54231,23,2988144745936611328,26,binning 1   1,DR18
5207.1484,14.33859,0.8432533,13.375223,SDSS-SDSS,SDSS,2654,54231,23,2988144745936611328,26,binning 1   1,DR18
5208.349,15.467863,0.8501455,13.307594,SDSS-SDSS,SDSS,2654,54231,23,2988144745936611328,26,binning 1   1,DR18
5209.5474,14.841165,0.8456863,13.332081,SDSS-SDSS,SDSS,2654,54231,23,2988144745936611328,26,binning 1   1,DR18
5210.7485,13.584651,0.8521386,13.367805,SDSS-SDSS,SDSS,2654,54231,23,2988144745936611328,26,binning 1   1,DR18
5211.9473,14.136679,0.86267656,13.376728,SDSS-SDSS,SDSS,2654,54231,23,2988144745936611328,26,binning 1   1,DR18
5213.146,15.492477,0.86871576,13.496183,SDSS-SDSS,SDSS,2654,54231,23,2988144745936611328,26,binning 1   1,DR18
5214.348,15.016273,0.85452664,13.538408,SDSS-SDSS,SDSS,2654,54231,23,2988144745936611328,26,binning 1   1,DR18
5215.548,15.765892,0.8681872,13.435698,SDSS-SDSS,SDSS,2654,54231,23,2988144745936611328,26,binning 1   1,DR18
5216.7505,14.992955,0.9052803,13.3098345,SDSS-SDSS,SDSS,2654,54231,23,2988144745936611328,26,binning 1   1,DR18
5217.9507,15.028515,0.93650234,13.316261,SDSS-SDSS,SDSS,2654,54231,23,2988144745936611328,26,binning 1   1,DR18
5219.154,14.485736,0.9279638,13.3955345,SDSS-SDSS,SDSS,2654,54231,23,2988144745936611328,26,binning 1   1,DR18
5220.3545,16.26383,0.9420054,13.437738,SDSS-SDSS,SDSS,2654,54231,23,2988144745936611328,26,binning 1   1,DR18
5221.5557,14.536271,0.9242528,13.418995,SDSS-SDSS,SDSS,2654,54231,23,2988144745936611328,26,binning 1   1,DR18
5222.76,16.532963,0.94052666,13.351589,SDSS-SDSS,SDSS,2654,54231,23,2988144745936611328,26,binning 1   1,DR18
5223.961,14.701186,0.86561596,13.251082,SDSS-SDSS,SDSS,2654,54231,23,2988144745936611328,26,binning 1   1,DR18
5225.1655,13.291896,0.85045046,13.151167,SDSS-SDSS,SDSS,2654,54231,23,2988144745936611328,26,binning 1   1,DR18
5226.3677,15.9303875,0.88066834,13.150399,SDSS-SDSS,SDSS,2654,54231,23,2988144745936611328,26,binning 1   1,DR18
5227.5728,16.746204,0.8891796,13.210816,SDSS-SDSS,SDSS,2654,54231,23,2988144745936611328,26,binning 1   1,DR18
5228.7754,15.396834,0.8551267,13.270485,SDSS-SDSS,SDSS,2654,54231,23,2988144745936611328,26,binning 1   1,DR18
5229.9785,16.024715,0.8554935,13.324912,SDSS-SDSS,SDSS,2654,54231,23,2988144745936611328,26,binning 1   1,DR18
5231.1846,15.991656,0.8733959,13.405541,SDSS-SDSS,SDSS,2654,54231,23,2988144745936611328,26,binning 1   1,DR18
5232.3877,14.026802,0.84194267,13.494888,SDSS-SDSS,SDSS,2654,54231,23,2988144745936611328,26,binning 1   1,DR18
5233.594,13.782515,0.83920234,13.426316,SDSS-SDSS,SDSS,2654,54231,23,2988144745936611328,26,binning 1   1,DR18
5234.7983,16.317942,0.8875973,13.222901,SDSS-SDSS,SDSS,2654,54231,23,2988144745936611328,26,binning 1   1,DR18
5236.0054,14.186755,0.8555487,13.104664,SDSS-SDSS,SDSS,2654,54231,23,2988144745936611328,26,binning 1   1,DR18
5237.21,17.152912,0.9068393,13.10304,SDSS-SDSS,SDSS,2654,54231,23,2988144745936611328,26,binning 1   1,DR18
5238.415,15.198624,0.8794918,13.16478,SDSS-SDSS,SDSS,2654,54231,23,2988144745936611328,26,binning 1   1,DR18
5239.623,13.580748,0.850903,13.2937355,SDSS-SDSS,SDSS,2654,54231,23,2988144745936611328,26,binning 1   1,DR18
5240.828,15.779766,0.8758486,13.363325,SDSS-SDSS,SDSS,2654,54231,23,2988144745936611328,26,binning 1   1,DR18
5242.0366,14.977114,0.86322296,13.257567,SDSS-SDSS,SDSS,2654,54231,23,2988144745936611328,26,binning 1   1,DR18
5243.2427,16.195852,0.88302076,13.107331,SDSS-SDSS,SDSS,2654,54231,23,2988144745936611328,26,binning 1   1,DR18
5244.4517,14.795229,0.86584854,13.061683,SDSS-SDSS,SDSS,2654,54231,23,2988144745936611328,26,binning 1   1,DR18
5245.658,14.951326,0.84480435,13.084321,SDSS-SDSS,SDSS,2654,54231,23,2988144745936611328,26,binning 1   1,DR18
5246.865,14.510844,0.83763796,12.998606,SDSS-SDSS,SDSS,2654,54231,23,2988144745936611328,26,binning 1   1,DR18
5248.0747,13.833348,0.85104877,12.97843,SDSS-SDSS,SDSS,2654,54231,23,2988144745936611328,26,binning 1   1,DR18
5249.282,15.379763,0.91058433,12.966165,SDSS-SDSS,SDSS,2654,54231,23,2988144745936611328,26,binning 1   1,DR18
5250.4927,14.93669,0.98838276,12.980152,SDSS-SDSS,SDSS,2654,54231,23,2988144745936611328,26,binning 1   1,DR18
5251.7007,15.280961,0.8957742,12.980562,SDSS-SDSS,SDSS,2654,54231,23,2988144745936611328,26,binning 1   1,DR18
5252.9116,15.6050415,0.8840361,12.955593,SDSS-SDSS,SDSS,2654,54231,23,2988144745936611328,26,binning 1   1,DR18
5254.12,13.4214735,0.8486278,12.984448,SDSS-SDSS,SDSS,2654,54231,23,2988144745936611328,26,binning 1   1,DR18
5255.3286,13.847389,0.8591431,13.013071,SDSS-SDSS,SDSS,2654,54231,23,2988144745936611328,26,binning 1   1,DR18
5256.5405,13.691361,0.8656668,12.991258,SDSS-SDSS,SDSS,2654,54231,23,2988144745936611328,26,binning 1   1,DR18
5257.75,14.839411,0.88249016,12.899071,SDSS-SDSS,SDSS,2654,54231,23,2988144745936611328,26,binning 1   1,DR18
5258.9624,14.941684,0.8730318,12.849834,SDSS-SDSS,SDSS,2654,54231,23,2988144745936611328,26,binning 1   1,DR18
5260.1724,15.64119,0.8762789,12.90673,SDSS-SDSS,SDSS,2654,54231,23,2988144745936611328,26,binning 1   1,DR18
5261.3853,14.200458,0.8549907,12.948536,SDSS-SDSS,SDSS,2654,54231,23,2988144745936611328,26,binning 1   1,DR18
5262.5957,12.686314,0.82432896,12.928672,SDSS-SDSS,SDSS,2654,54231,23,2988144745936611328,26,binning 1   1,DR18
5263.806,14.628477,0.8445791,12.92973,SDSS-SDSS,SDSS,2654,54231,23,2988144745936611328,26,binning 1   1,DR18
5265.02,15.159794,0.8520329,12.953486,SDSS-SDSS,SDSS,2654,54231,23,2988144745936611328,26,binning 1   1,DR18
5266.231,15.241555,0.8510034,12.933921,SDSS-SDSS,SDSS,2654,54231,23,2988144745936611328,26,binning 1   1,DR18
5267.446,15.9702015,0.85937434,12.85832,SDSS-SDSS,SDSS,2654,54231,23,2988144745936611328,26,binning 1   1,DR18
5268.657,15.57855,0.8558709,12.830691,SDSS-SDSS,SDSS,2654,54231,23,2988144745936611328,26,binning 1   1,DR18
5269.872,13.710262,0.83456975,12.903032,SDSS-SDSS,SDSS,2654,54231,23,2988144745936611328,26,binning 1   1,DR18
5271.0845,14.718933,0.84454346,12.929244,SDSS-SDSS,SDSS,2654,54231,23,2988144745936611328,26,binning 1   1,DR18
5272.2974,15.311185,0.84967005,12.908873,SDSS-SDSS,SDSS,2654,54231,23,2988144745936611328,26,binning 1   1,DR18
5273.513,14.774809,0.84270066,12.891536,SDSS-SDSS,SDSS,2654,54231,23,2988144745936611328,26,binning 1   1,DR18
5274.726,16.19036,0.86585534,12.905974,SDSS-SDSS,SDSS,2654,54231,23,2988144745936611328,26,binning 1   1,DR18
5275.9424,15.169875,0.8659146,12.936903,SDSS-SDSS,SDSS,2654,54231,23,2988144745936611328,26,binning 1   1,DR18
5277.1562,14.414368,0.86665064,12.9392395,SDSS-SDSS,SDSS,2654,54231,23,2988144745936611328,26,binning 1   1,DR18
5278.373,14.690143,0.8778982,12.851888,SDSS-SDSS,SDSS,2654,54231,23,2988144745936611328,26,binning 1   1,DR18
5279.5874,14.795945,0.8774498,12.799814,SDSS-SDSS,SDSS,2654,54231,23,2988144745936611328,26,binning 1   1,DR18
5280.8047,16.423761,0.8845687,12.847454,SDSS-SDSS,SDSS,2654,54231,23,2988144745936611328,26,binning 1   1,DR18
5282.0195,15.68022,0.8549296,12.853498,SDSS-SDSS,SDSS,2654,54231,23,2988144745936611328,26,binning 1   1,DR18
5283.235,14.023898,0.8262912,12.655493,SDSS-SDSS,SDSS,2654,54231,23,2988144745936611328,26,binning 1   1,DR18
5284.453,14.093742,0.8335731,12.708914,SDSS-SDSS,SDSS,2654,54231,23,2988144745936611328,26,binning 1   1,DR18
5285.669,14.778979,0.8510217,12.820911,SDSS-SDSS,SDSS,2654,54231,23,2988144745936611328,26,binning 1   1,DR18
5286.8877,14.98473,0.8570153,12.804976,SDSS-SDSS,SDSS,2654,54231,23,2988144745936611328,26,binning 1   1,DR18
5288.104,13.214024,0.81991786,12.740001,SDSS-SDSS,SDSS,2654,54231,23,2988144745936611328,26,binning 1   1,DR18
5289.323,14.312998,0.83265716,12.784193,SDSS-SDSS,SDSS,2654,54231,23,2988144745936611328,26,binning 1   1,DR18
5290.54,14.78099,0.8457733,12.900282,SDSS-SDSS,SDSS,2654,54231,23,2988144745936611328,26,binning 1   1,DR18
5291.7573,14.611433,0.84871274,12.804949,SDSS-SDSS,SDSS,2654,54231,23,2988144745936611328,26,binning 1   1,DR18
5292.9775,15.040467,0.8744485,12.757517,SDSS-SDSS,SDSS,2654,54231,23,2988144745936611328,26,binning 1   1,DR18
5294.1953,15.30143,0.87049204,12.738595,SDSS-SDSS,SDSS,2654,54231,23,2988144745936611328,26,binning 1   1,DR18
5295.416,13.14179,0.8273813,12.715794,SDSS-SDSS,SDSS,2654,54231,23,2988144745936611328,26,binning 1   1,DR18
5296.6343,14.676216,0.8413602,12.71619,SDSS-SDSS,SDSS,2654,54231,23,2988144745936611328,26,binning 1   1,DR18
5297.8555,13.267542,0.8263008,12.760102,SDSS-SDSS,SDSS,2654,54231,23,2988144745936611328,26,binning 1   1,DR18
5299.074,15.128718,0.87697035,12.79655,SDSS-SDSS,SDSS,2654,54231,23,2988144745936611328,26,binning 1   1,DR18
5300.2935,14.773457,0.87774414,12.808541,SDSS-SDSS,SDSS,2654,54231,23,2988144745936611328,26,binning 1   1,DR18
5301.5156,15.278834,0.8873354,12.728174,SDSS-SDSS,SDSS,2654,54231,23,2988144745936611328,26,binning 1   1,DR18
5302.7354,13.445519,0.84290886,12.688084,SDSS-SDSS,SDSS,2654,54231,23,2988144745936611328,26,binning 1   1,DR18
5303.958,13.114299,0.81982154,12.759321,SDSS-SDSS,SDSS,2654,54231,23,2988144745936611328,26,binning 1   1,DR18
5305.178,13.687478,0.82910705,12.758131,SDSS-SDSS,SDSS,2654,54231,23,2988144745936611328,26,binning 1   1,DR18
5306.4014,15.016929,0.85699314,12.700771,SDSS-SDSS,SDSS,2654,54231,23,2988144745936611328,26,binning 1   1,DR18
5307.622,13.649937,0.83325624,12.652788,SDSS-SDSS,SDSS,2654,54231,23,2988144745936611328,26,binning 1   1,DR18
5308.8433,12.394917,0.8208846,12.715598,SDSS-SDSS,SDSS,2654,54231,23,2988144745936611328,26,binning 1   1,DR18
5310.0674,15.342349,0.8721828,12.775716,SDSS-SDSS,SDSS,2654,54231,23,2988144745936611328,26,binning 1   1,DR18
5311.289,13.620172,0.8488956,12.735986,SDSS-SDSS,SDSS,2654,54231,23,2988144745936611328,26,binning 1   1,DR18
5312.5137,13.428269,0.8418239,12.724147,SDSS-SDSS,SDSS,2654,54231,23,2988144745936611328,26,binning 1   1,DR18
5313.736,15.251315,0.8549321,12.774765,SDSS-SDSS,SDSS,2654,54231,23,2988144745936611328,26,binning 1   1,DR18
5314.9614,15.225187,0.860547,12.665223,SDSS-SDSS,SDSS,2654,54231,23,2988144745936611328,26,binning 1   1,DR18
5316.184,12.994641,0.82219195,12.569945,SDSS-SDSS,SDSS,2654,54231,23,2988144745936611328,26,binning 1   1,DR18
5317.407,14.049831,0.84797114,12.599798,SDSS-SDSS,SDSS,2654,54231,23,2988144745936611328,26,binning 1   1,DR18
5318.6333,13.879815,0.88444936,12.63501,SDSS-SDSS,SDSS,2654,54231,23,2988144745936611328,26,binning 1   1,DR18
5319.857,15.555935,0.92388123,12.508709,SDSS-SDSS,SDSS,2654,54231,23,2988144745936611328,26,binning 1   1,DR18
5321.0835,15.058824,0.9117955,12.524396,SDSS-SDSS,SDSS,2654,54231,23,2988144745936611328,26,binning 1   1,DR18
5322.3076,13.445477,0.85222894,12.652152,SDSS-SDSS,SDSS,2654,54231,23,2988144745936611328,26,binning 1   1,DR18
5323.5347,14.380459,0.8392517,12.653616,SDSS-SDSS,SDSS,2654,54231,23,2988144745936611328,26,binning 1   1,DR18
5324.76,14.883286,0.86445874,12.6072235,SDSS-SDSS,SDSS,2654,54231,23,2988144745936611328,26,binning 1   1,DR18
5325.9844,14.178314,0.86930853,12.6228895,SDSS-SDSS,SDSS,2654,54231,23,2988144745936611328,26,binning 1   1,DR18
5327.213,14.646015,0.8851089,12.568494,SDSS-SDSS,SDSS,2654,54231,23,2988144745936611328,26,binning 1   1,DR18
5328.438,15.235996,0.88760865,12.524397,SDSS-SDSS,SDSS,2654,54231,23,2988144745936611328,26,binning 1   1,DR18
5329.667,12.818001,0.8509682,12.575783,SDSS-SDSS,SDSS,2654,54231,23,2988144745936611328,26,binning 1   1,DR18
5330.893,14.259061,0.85145265,12.581117,SDSS-SDSS,SDSS,2654,54231,23,2988144745936611328,26,binning 1   1,DR18
5332.122,14.330042,0.86204356,12.46127,SDSS-SDSS,SDSS,2654,54231,23,2988144745936611328,26,binning 1   1,DR18
5333.349,13.419611,0.8466827,12.328234,SDSS-SDSS,SDSS,2654,54231,23,2988144745936611328,26,binning 1   1,DR18
5334.5757,15.031721,0.86724854,12.370493,SDSS-SDSS,SDSS,2654,54231,23,2988144745936611328,26,binning 1   1,DR18
5335.806,13.334484,0.85083425,12.410173,SDSS-SDSS,SDSS,2654,54231,23,2988144745936611328,26,binning 1   1,DR18
5337.0337,14.493691,0.8537778,12.343179,SDSS-SDSS,SDSS,2654,54231,23,2988144745936611328,26,binning 1   1,DR18
5338.264,14.768143,0.86219984,12.385708,SDSS-SDSS,SDSS,2654,54231,23,2988144745936611328,26,binning 1   1,DR18
5339.492,15.767239,0.8797929,12.408623,SDSS-SDSS,SDSS,2654,54231,23,2988144745936611328,26,binning 1   1,DR18
5340.7236,13.782784,0.8587428,12.290607,SDSS-SDSS,SDSS,2654,54231,23,2988144745936611328,26,binning 1   1,DR18
5341.952,13.402019,0.8543057,12.268758,SDSS-SDSS,SDSS,2654,54231,23,2988144745936611328,26,binning 1   1,DR18
5343.181,13.895619,0.8530927,12.300229,SDSS-SDSS,SDSS,2654,54231,23,2988144745936611328,26,binning 1   1,DR18
5344.413,12.644868,0.83313316,12.272227,SDSS-SDSS,SDSS,2654,54231,23,2988144745936611328,26,binning 1   1,DR18
5345.6426,14.685136,0.84609526,12.291461,SDSS-SDSS,SDSS,2654,54231,23,2988144745936611328,26,binning 1   1,DR18
5346.8755,13.980707,0.8493796,12.273802,SDSS-SDSS,SDSS,2654,54231,23,2988144745936611328,26,binning 1   1,DR18
5348.1055,15.227428,0.88405603,12.192667,SDSS-SDSS,SDSS,2654,54231,23,2988144745936611328,26,binning 1   1,DR18
5349.339,16.413523,1.1307341,12.223284,SDSS-SDSS,SDSS,2654,54231,23,2988144745936611328,26,binning 1   1,DR18
5350.5693,13.946409,1.1191196,12.117463,SDSS-SDSS,SDSS,2654,54231,23,2988144745936611328,26,binning 1   1,DR18
5351.8003,14.69119,1.1067104,12.1582985,SDSS-SDSS,SDSS,2654,54231,23,2988144745936611328,26,binning 1   1,DR18
5353.034,13.99843,0.83406436,12.171305,SDSS-SDSS,SDSS,2654,54231,23,2988144745936611328,26,binning 1   1,DR18
5354.2656,13.693477,0.8191007,12.175617,SDSS-SDSS,SDSS,2654,54231,23,2988144745936611328,26,binning 1   1,DR18
5355.5005,14.987479,0.8429179,12.1833,SDSS-SDSS,SDSS,2654,54231,23,2988144745936611328,26,binning 1   1,DR18
5356.7324,13.662185,0.8387334,12.032567,SDSS-SDSS,SDSS,2654,54231,23,2988144745936611328,26,binning 1   1,DR18
5357.968,13.100022,0.8360622,12.091611,SDSS-SDSS,SDSS,2654,54231,23,2988144745936611328,26,binning 1   1,DR18
5359.2,13.747691,0.8337174,12.151695,SDSS-SDSS,SDSS,2654,54231,23,2988144745936611328,26,binning 1   1,DR18
5360.433,14.67571,0.83891886,12.111636,SDSS-SDSS,SDSS,2654,54231,23,2988144745936611328,26,binning 1   1,DR18
5361.6694,12.655042,0.80544204,12.009809,SDSS-SDSS,SDSS,2654,54231,23,2988144745936611328,26,binning 1   1,DR18
5362.903,15.051068,0.8493456,11.946839,SDSS-SDSS,SDSS,2654,54231,23,2988144745936611328,26,binning 1   1,DR18
5364.139,13.028138,0.85461414,11.992318,SDSS-SDSS,SDSS,2654,54231,23,2988144745936611328,26,binning 1   1,DR18
5365.3735,14.008576,0.852117,12.067624,SDSS-SDSS,SDSS,2654,54231,23,2988144745936611328,26,binning 1   1,DR18
5366.611,12.061479,0.8091002,12.115011,SDSS-SDSS,SDSS,2654,54231,23,2988144745936611328,26,binning 1   1,DR18
5367.845,15.422264,0.8625362,12.206979,SDSS-SDSS,SDSS,2654,54231,23,2988144745936611328,26,binning 1   1,DR18
5369.08,14.699883,0.83852464,12.241908,SDSS-SDSS,SDSS,2654,54231,23,2988144745936611328,26,binning 1   1,DR18
5370.3184,14.030788,0.87420154,12.1544695,SDSS-SDSS,SDSS,2654,54231,23,2988144745936611328,26,binning 1   1,DR18
5371.5537,13.000521,0.8312344,12.105007,SDSS-SDSS,SDSS,2654,54231,23,2988144745936611328,26,binning 1   1,DR18
5372.7925,14.304963,0.84433955,12.110989,SDSS-SDSS,SDSS,2654,54231,23,2988144745936611328,26,binning 1   1,DR18
5374.0283,13.5449,0.84036684,12.081317,SDSS-SDSS,SDSS,2654,54231,23,2988144745936611328,26,binning 1   1,DR18
5375.2676,13.395132,0.8337989,11.942189,SDSS-SDSS,SDSS,2654,54231,23,2988144745936611328,26,binning 1   1,DR18
5376.504,12.683992,0.8266865,11.8071165,SDSS-SDSS,SDSS,2654,54231,23,2988144745936611328,26,binning 1   1,DR18
5377.744,13.822935,0.82797754,11.802216,SDSS-SDSS,SDSS,2654,54231,23,2988144745936611328,26,binning 1   1,DR18
5378.981,13.1367655,0.80537575,11.864862,SDSS-SDSS,SDSS,2654,54231,23,2988144745936611328,26,binning 1   1,DR18
5380.2183,13.271334,0.80762476,11.846128,SDSS-SDSS,SDSS,2654,54231,23,2988144745936611328,26,binning 1   1,DR18
5381.459,14.191612,0.8267793,11.841808,SDSS-SDSS,SDSS,2654,54231,23,2988144745936611328,26,binning 1   1,DR18
5382.6973,13.932799,0.8404075,11.889454,SDSS-SDSS,SDSS,2654,54231,23,2988144745936611328,26,binning 1   1,DR18
5383.9385,13.775214,0.84041524,11.865061,SDSS-SDSS,SDSS,2654,54231,23,2988144745936611328,26,binning 1   1,DR18
5385.177,12.268862,0.83431125,11.751039,SDSS-SDSS,SDSS,2654,54231,23,2988144745936611328,26,binning 1   1,DR18
5386.419,12.942659,0.85272014,11.7413645,SDSS-SDSS,SDSS,2654,54231,23,2988144745936611328,26,binning 1   1,DR18
5387.6577,14.286167,0.8580346,11.724388,SDSS-SDSS,SDSS,2654,54231,23,2988144745936611328,26,binning 1   1,DR18
5388.8975,13.376433,0.8307227,11.778218,SDSS-SDSS,SDSS,2654,54231,23,2988144745936611328,26,binning 1   1,DR18
5390.14,13.096561,0.8152499,11.723987,SDSS-SDSS,SDSS,2654,54231,23,2988144745936611328,26,binning 1   1,DR18
5391.38,13.628241,0.8218301,11.626815,SDSS-SDSS,SDSS,2654,54231,23,2988144745936611328,26,binning 1   1,DR18
5392.623,13.661522,0.83486724,11.616876,SDSS-SDSS,SDSS,2654,54231,23,2988144745936611328,26,binning 1   1,DR18
5393.864,13.525672,0.83897793,11.612683,SDSS-SDSS,SDSS,2654,54231,23,2988144745936611328,26,binning 1   1,DR18
5395.1074,14.338455,0.83440477,11.558084,SDSS-SDSS,SDSS,2654,54231,23,2988144745936611328,26,binning 1   1,DR18
5396.3486,13.038657,0.8069885,11.587518,SDSS-SDSS,SDSS,2654,54231,23,2988144745936611328,26,binning 1   1,DR18
5397.5903,12.21766,0.79411757,11.625255,SDSS-SDSS,SDSS,2654,54231,23,2988144745936611328,26,binning 1   1,DR18
5398.835,13.234031,0.8168438,11.642563,SDSS-SDSS,SDSS,2654,54231,23,2988144745936611328,26,binning 1   1,DR18
5400.0767,12.965658,0.8102605,11.664158,SDSS-SDSS,SDSS,2654,54231,23,2988144745936611328,26,binning 1   1,DR18
5401.3223,13.203153,0.82202554,11.684901,SDSS-SDSS,SDSS,2654,54231,23,2988144745936611328,26,binning 1   1,DR18
5402.5645,12.748362,0.8104166,11.691078,SDSS-SDSS,SDSS,2654,54231,23,2988144745936611328,26,binning 1   1,DR18
5403.8105,14.052265,0.826346,11.761933,SDSS-SDSS,SDSS,2654,54231,23,2988144745936611328,26,binning 1   1,DR18
5405.0537,13.591117,0.8171521,11.795904,SDSS-SDSS,SDSS,2654,54231,23,2988144745936611328,26,binning 1   1,DR18
5406.297,14.1044235,0.84252095,11.724291,SDSS-SDSS,SDSS,2654,54231,23,2988144745936611328,26,binning 1   1,DR18
5407.544,14.384235,0.86173064,11.583927,SDSS-SDSS,SDSS,2654,54231,23,2988144745936611328,26,binning 1   1,DR18
5408.7876,13.075139,0.8593506,11.508185,SDSS-SDSS,SDSS,2654,54231,23,2988144745936611328,26,binning 1   1,DR18
5410.035,11.4065,0.8293428,11.613911,SDSS-SDSS,SDSS,2654,54231,23,2988144745936611328,26,binning 1   1,DR18
5411.28,13.643717,0.86370784,11.5553255,SDSS-SDSS,SDSS,2654,54231,23,2988144745936611328,26,binning 1   1,DR18
5412.5273,12.614354,0.9849347,11.503008,SDSS-SDSS,SDSS,2654,54231,23,2988144745936611328,26,binning 1   1,DR18
5413.7725,12.500681,0.96482795,11.52264,SDSS-SDSS,SDSS,2654,54231,23,2988144745936611328,26,binning 1   1,DR18
5415.018,12.721188,0.94204825,11.538948,SDSS-SDSS,SDSS,2654,54231,23,2988144745936611328,26,binning 1   1,DR18
5416.2666,13.090511,0.80994684,11.534188,SDSS-SDSS,SDSS,2654,54231,23,2988144745936611328,26,binning 1   1,DR18
5417.5127,14.424588,0.8206772,11.555858,SDSS-SDSS,SDSS,2654,54231,23,2988144745936611328,26,binning 1   1,DR18
5418.7617,12.597226,0.8101913,11.536708,SDSS-SDSS,SDSS,2654,54231,23,2988144745936611328,26,binning 1   1,DR18
5420.0083,13.201418,0.8401612,11.601061,SDSS-SDSS,SDSS,2654,54231,23,2988144745936611328,26,binning 1   1,DR18
5421.2583,12.884148,0.83669007,11.659609,SDSS-SDSS,SDSS,2654,54231,23,2988144745936611328,26,binning 1   1,DR18
5422.5054,12.947676,0.83668983,11.56326,SDSS-SDSS,SDSS,2654,54231,23,2988144745936611328,26,binning 1   1,DR18
5423.753,12.361006,0.8214212,11.405927,SDSS-SDSS,SDSS,2654,54231,23,2988144745936611328,26,binning 1   1,DR18
5425.0034,12.888806,0.82291114,11.474731,SDSS-SDSS,SDSS,2654,54231,23,2988144745936611328,26,binning 1   1,DR18
5426.2515,13.6549225,0.84167767,11.490958,SDSS-SDSS,SDSS,2654,54231,23,2988144745936611328,26,binning 1   1,DR18
5427.503,14.280251,0.84823346,11.389674,SDSS-SDSS,SDSS,2654,54231,23,2988144745936611328,26,binning 1   1,DR18
5428.7515,12.5285015,0.8128341,11.40565,SDSS-SDSS,SDSS,2654,54231,23,2988144745936611328,26,binning 1   1,DR18
5430.0034,11.705669,0.8097397,11.559448,SDSS-SDSS,SDSS,2654,54231,23,2988144745936611328,26,binning 1   1,DR18
5431.2524,13.559459,0.8529749,11.50329,SDSS-SDSS,SDSS,2654,54231,23,2988144745936611328,26,binning 1   1,DR18
5432.502,12.681406,0.84519744,11.527332,SDSS-SDSS,SDSS,2654,54231,23,2988144745936611328,26,binning 1   1,DR18
5433.755,11.66456,0.81987095,11.558852,SDSS-SDSS,SDSS,2654,54231,23,2988144745936611328,26,binning 1   1,DR18
5435.005,12.650965,0.81524366,11.533735,SDSS-SDSS,SDSS,2654,54231,23,2988144745936611328,26,binning 1   1,DR18
5436.258,13.169871,0.8204556,11.52207,SDSS-SDSS,SDSS,2654,54231,23,2988144745936611328,26,binning 1   1,DR18
5437.509,11.269044,0.8108029,11.565112,SDSS-SDSS,SDSS,2654,54231,23,2988144745936611328,26,binning 1   1,DR18
5438.7627,11.811917,0.8468273,11.561374,SDSS-SDSS,SDSS,2654,54231,23,2988144745936611328,26,binning 1   1,DR18
5440.0137,11.909586,0.81046706,11.506129,SDSS-SDSS,SDSS,2654,54231,23,2988144745936611328,26,binning 1   1,DR18
5441.265,12.375038,0.80266243,11.551043,SDSS-SDSS,SDSS,2654,54231,23,2988144745936611328,26,binning 1   1,DR18
5442.52,12.028301,0.7924532,11.52221,SDSS-SDSS,SDSS,2654,54231,23,2988144745936611328,26,binning 1   1,DR18
5443.772,11.0749855,0.771415,11.428871,SDSS-SDSS,SDSS,2654,54231,23,2988144745936611328,26,binning 1   1,DR18
5445.0273,13.054384,0.7995298,11.402534,SDSS-SDSS,SDSS,2654,54231,23,2988144745936611328,26,binning 1   1,DR18
5446.28,13.372188,0.81476307,11.462662,SDSS-SDSS,SDSS,2654,54231,23,2988144745936611328,26,binning 1   1,DR18
5447.5356,13.993001,0.85040444,11.511824,SDSS-SDSS,SDSS,2654,54231,23,2988144745936611328,26,binning 1   1,DR18
5448.789,12.691049,0.8808026,11.49147,SDSS-SDSS,SDSS,2654,54231,23,2988144745936611328,26,binning 1   1,DR18
5450.0425,12.7786875,0.89356875,11.446828,SDSS-SDSS,SDSS,2654,54231,23,2988144745936611328,26,binning 1   1,DR18
5451.2993,12.280162,0.8850519,11.46362,SDSS-SDSS,SDSS,2654,54231,23,2988144745936611328,26,binning 1   1,DR18
5452.553,11.197902,0.83102447,11.506744,SDSS-SDSS,SDSS,2654,54231,23,2988144745936611328,26,binning 1   1,DR18
5453.8105,12.707332,0.80398226,11.444557,SDSS-SDSS,SDSS,2654,54231,23,2988144745936611328,26,binning 1   1,DR18
5455.0654,12.666007,0.7929025,11.491534,SDSS-SDSS,SDSS,2654,54231,23,2988144745936611328,26,binning 1   1,DR18
5456.323,10.787725,0.78687644,11.487937,SDSS-SDSS,SDSS,2654,54231,23,2988144745936611328,26,binning 1   1,DR18
5457.5786,13.265413,0.85378766,11.416828,SDSS-SDSS,SDSS,2654,54231,23,2988144745936611328,26,binning 1   1,DR18
5458.834,11.915888,0.86392826,11.430257,SDSS-SDSS,SDSS,2654,54231,23,2988144745936611328,26,binning 1   1,DR18
5460.093,13.988228,0.94160837,11.520571,SDSS-SDSS,SDSS,2654,54231,23,2988144745936611328,26,binning 1   1,DR18
5461.3486,12.570395,1.0495905,11.43701,SDSS-SDSS,SDSS,2654,54231,23,2988144745936611328,26,binning 1   1,DR18
5462.6084,11.810809,1.0435126,11.378776,SDSS-SDSS,SDSS,2654,54231,23,2988144745936611328,26,binning 1   1,DR18
5463.8647,11.308397,0.9592931,11.418109,SDSS-SDSS,SDSS,2654,54231,23,2988144745936611328,26,binning 1   1,DR18
5465.125,12.176764,0.87809366,11.412646,SDSS-SDSS,SDSS,2654,54231,23,2988144745936611328,26,binning 1   1,DR18
5466.3823,12.176915,0.8249726,11.386459,SDSS-SDSS,SDSS,2654,54231,23,2988144745936611328,26,binning 1   1,DR18
5467.6396,12.314383,0.8039793,11.416803,SDSS-SDSS,SDSS,2654,54231,23,2988144745936611328,26,binning 1   1,DR18
5468.9004,12.089107,0.7945924,11.436126,SDSS-SDSS,SDSS,2654,54231,23,2988144745936611328,26,binning 1   1,DR18
5470.1587,11.333024,0.8050533,11.36638,SDSS-SDSS,SDSS,2654,54231,23,2988144745936611328,26,binning 1   1,DR18
5471.42,11.411852,0.81016165,11.359356,SDSS-SDSS,SDSS,2654,54231,23,2988144745936611328,26,binning 1   1,DR18
5472.6787,11.683654,0.82782173,11.393716,SDSS-SDSS,SDSS,2654,54231,23,2988144745936611328,26,binning 1   1,DR18
5473.9404,11.874665,0.8448756,11.405704,SDSS-SDSS,SDSS,2654,54231,23,2988144745936611328,26,binning 1   1,DR18
5475.1997,11.742693,0.85388404,11.396954,SDSS-SDSS,SDSS,2654,54231,23,2988144745936611328,26,binning 1   1,DR18
5476.4624,13.163583,0.84062475,11.428184,SDSS-SDSS,SDSS,2654,54231,23,2988144745936611328,26,binning 1   1,DR18
5477.722,12.901,0.80571955,11.445516,SDSS-SDSS,SDSS,2654,54231,23,2988144745936611328,26,binning 1   1,DR18
5478.9824,10.898717,0.78076565,11.423525,SDSS-SDSS,SDSS,2654,54231,23,2988144745936611328,26,binning 1   1,DR18
5480.246,11.206025,0.8022671,11.469867,SDSS-SDSS,SDSS,2654,54231,23,2988144745936611328,26,binning 1   1,DR18
5481.507,12.299949,0.8340311,11.462044,SDSS-SDSS,SDSS,2654,54231,23,2988144745936611328,26,binning 1   1,DR18
5482.7705,11.758536,0.8373783,11.379703,SDSS-SDSS,SDSS,2654,54231,23,2988144745936611328,26,binning 1   1,DR18
5484.032,11.077203,0.8058116,11.472266,SDSS-SDSS,SDSS,2654,54231,23,2988144745936611328,26,binning 1   1,DR18
5485.2964,10.06772,0.7731369,11.46825,SDSS-SDSS,SDSS,2654,54231,23,2988144745936611328,26,binning 1   1,DR18
5486.5586,11.174709,0.81146014,11.429041,SDSS-SDSS,SDSS,2654,54231,23,2988144745936611328,26,binning 1   1,DR18
5487.821,11.307943,0.8211509,11.453497,SDSS-SDSS,SDSS,2654,54231,23,2988144745936611328,26,binning 1   1,DR18
5489.086,12.172282,0.8297819,11.441154,SDSS-SDSS,SDSS,2654,54231,23,2988144745936611328,26,binning 1   1,DR18
5490.349,9.457783,0.7794887,11.369049,SDSS-SDSS,SDSS,2654,54231,23,2988144745936611328,26,binning 1   1,DR18
5491.6147,10.41698,0.7675073,11.433833,SDSS-SDSS,SDSS,2654,54231,23,2988144745936611328,26,binning 1   1,DR18
5492.8784,13.038479,0.7980611,11.476486,SDSS-SDSS,SDSS,2654,54231,23,2988144745936611328,26,binning 1   1,DR18
5494.145,11.138179,0.7657718,11.389076,SDSS-SDSS,SDSS,2654,54231,23,2988144745936611328,26,binning 1   1,DR18
5495.4087,10.870686,0.7544212,11.316794,SDSS-SDSS,SDSS,2654,54231,23,2988144745936611328,26,binning 1   1,DR18
5496.673,11.415952,0.77447885,11.344185,SDSS-SDSS,SDSS,2654,54231,23,2988144745936611328,26,binning 1   1,DR18
5497.9404,10.655462,0.771686,11.410477,SDSS-SDSS,SDSS,2654,54231,23,2988144745936611328,26,binning 1   1,DR18
5499.2056,10.699787,0.7917118,11.414116,SDSS-SDSS,SDSS,2654,54231,23,2988144745936611328,26,binning 1   1,DR18
5500.4736,11.82063,0.81570745,11.464068,SDSS-SDSS,SDSS,2654,54231,23,2988144745936611328,26,binning 1   1,DR18
5501.739,11.38793,0.8128767,11.473471,SDSS-SDSS,SDSS,2654,54231,23,2988144745936611328,26,binning 1   1,DR18
5503.0073,12.133205,0.8265389,11.350662,SDSS-SDSS,SDSS,2654,54231,23,2988144745936611328,26,binning 1   1,DR18
5504.2734,11.163087,0.7990503,11.264545,SDSS-SDSS,SDSS,2654,54231,23,2988144745936611328,26,binning 1   1,DR18
5505.5396,11.248774,0.7753831,11.328427,SDSS-SDSS,SDSS,2654,54231,23,2988144745936611328,26,binning 1   1,DR18
5506.8096,11.14345,0.77632195,11.368126,SDSS-SDSS,SDSS,2654,54231,23,2988144745936611328,26,binning 1   1,DR18
5508.076,10.439975,0.7664778,11.402403,SDSS-SDSS,SDSS,2654,54231,23,2988144745936611328,26,binning 1   1,DR18
5509.346,11.955024,0.8048268,11.42086,SDSS-SDSS,SDSS,2654,54231,23,2988144745936611328,26,binning 1   1,DR18
5510.614,12.554169,0.8138522,11.36022,SDSS-SDSS,SDSS,2654,54231,23,2988144745936611328,26,binning 1   1,DR18
5511.8843,11.9560175,0.79078585,11.270764,SDSS-SDSS,SDSS,2654,54231,23,2988144745936611328,26,binning 1   1,DR18
5513.1523,12.909866,0.79833317,11.23781,SDSS-SDSS,SDSS,2654,54231,23,2988144745936611328,26,binning 1   1,DR18
5514.421,11.374495,0.7866898,11.259634,SDSS-SDSS,SDSS,2654,54231,23,2988144745936611328,26,binning 1   1,DR18
5515.6924,11.312887,0.80641353,11.280282,SDSS-SDSS,SDSS,2654,54231,23,2988144745936611328,26,binning 1   1,DR18
5516.9614,11.741623,0.83240086,11.289321,SDSS-SDSS,SDSS,2654,54231,23,2988144745936611328,26,binning 1   1,DR18
5518.2334,10.856432,0.8099185,11.353181,SDSS-SDSS,SDSS,2654,54231,23,2988144745936611328,26,binning 1   1,DR18
5519.503,12.742541,0.8216947,11.359747,SDSS-SDSS,SDSS,2654,54231,23,2988144745936611328,26,binning 1   1,DR18
5520.776,11.500597,0.7885001,11.302272,SDSS-SDSS,SDSS,2654,54231,23,2988144745936611328,26,binning 1   1,DR18
5522.046,10.187573,0.76189584,11.385567,SDSS-SDSS,SDSS,2654,54231,23,2988144745936611328,26,binning 1   1,DR18
5523.316,11.62322,0.78400445,11.308317,SDSS-SDSS,SDSS,2654,54231,23,2988144745936611328,26,binning 1   1,DR18
5524.59,12.566336,0.79785967,11.244763,SDSS-SDSS,SDSS,2654,54231,23,2988144745936611328,26,binning 1   1,DR18
5525.861,12.453601,0.80161905,11.302475,SDSS-SDSS,SDSS,2654,54231,23,2988144745936611328,26,binning 1   1,DR18
5527.135,11.04317,0.783853,11.338216,SDSS-SDSS,SDSS,2654,54231,23,2988144745936611328,26,binning 1   1,DR18
5528.4062,9.450935,0.7649115,11.282749,SDSS-SDSS,SDSS,2654,54231,23,2988144745936611328,26,binning 1   1,DR18
5529.681,10.96119,0.77626663,11.328497,SDSS-SDSS,SDSS,2654,54231,23,2988144745936611328,26,binning 1   1,DR18
5530.9536,12.298115,0.7954655,11.408838,SDSS-SDSS,SDSS,2654,54231,23,2988144745936611328,26,binning 1   1,DR18
5532.2256,10.41071,0.7670823,11.416092,SDSS-SDSS,SDSS,2654,54231,23,2988144745936611328,26,binning 1   1,DR18
5533.5015,11.336327,0.7660069,11.4226265,SDSS-SDSS,SDSS,2654,54231,23,2988144745936611328,26,binning 1   1,DR18
5534.7744,10.906818,0.7677153,11.443132,SDSS-SDSS,SDSS,2654,54231,23,2988144745936611328,26,binning 1   1,DR18
5536.051,10.628455,0.7649738,11.438544,SDSS-SDSS,SDSS,2654,54231,23,2988144745936611328,26,binning 1   1,DR18
5537.324,9.884247,0.765538,11.40998,SDSS-SDSS,SDSS,2654,54231,23,2988144745936611328,26,binning 1   1,DR18
5538.601,10.453417,0.7895216,11.402941,SDSS-SDSS,SDSS,2654,54231,23,2988144745936611328,26,binning 1   1,DR18
5539.8755,10.652817,0.8034478,11.296983,SDSS-SDSS,SDSS,2654,54231,23,2988144745936611328,26,binning 1   1,DR18
5541.15,12.470661,0.8389905,11.254338,SDSS-SDSS,SDSS,2654,54231,23,2988144745936611328,26,binning 1   1,DR18
5542.4277,11.043033,0.8120663,11.256718,SDSS-SDSS,SDSS,2654,54231,23,2988144745936611328,26,binning 1   1,DR18
5543.7026,11.358269,0.82426715,11.220204,SDSS-SDSS,SDSS,2654,54231,23,2988144745936611328,26,binning 1   1,DR18
5544.981,11.0005665,0.81815827,11.210305,SDSS-SDSS,SDSS,2654,54231,23,2988144745936611328,26,binning 1   1,DR18
5546.257,11.36971,0.8472375,11.253127,SDSS-SDSS,SDSS,2654,54231,23,2988144745936611328,26,binning 1   1,DR18
5547.5356,11.777762,0.8210356,11.295244,SDSS-SDSS,SDSS,2654,54231,23,2988144745936611328,26,binning 1   1,DR18
5548.8115,11.2246,0.77390313,11.274507,SDSS-SDSS,SDSS,2654,54231,23,2988144745936611328,26,binning 1   1,DR18
5550.0884,12.139225,0.7901032,11.167887,SDSS-SDSS,SDSS,2654,54231,23,2988144745936611328,26,binning 1   1,DR18
5551.368,10.9880705,0.7780311,11.065511,SDSS-SDSS,SDSS,2654,54231,23,2988144745936611328,26,binning 1   1,DR18
5552.645,10.487916,0.8042406,11.096684,SDSS-SDSS,SDSS,2654,54231,23,2988144745936611328,26,binning 1   1,DR18
5553.926,10.809157,0.8262015,11.057678,SDSS-SDSS,SDSS,2654,54231,23,2988144745936611328,26,binning 1   1,DR18
5555.203,12.083834,0.84501487,11.070474,SDSS-SDSS,SDSS,2654,54231,23,2988144745936611328,26,binning 1   1,DR18
5556.4844,12.112337,0.82636905,11.079921,SDSS-SDSS,SDSS,2654,54231,23,2988144745936611328,26,binning 1   1,DR18
5557.7627,11.558572,0.79291946,11.061415,SDSS-SDSS,SDSS,2654,54231,23,2988144745936611328,26,binning 1   1,DR18
5559.041,11.876435,0.78486377,11.058627,SDSS-SDSS,SDSS,2654,54231,23,2988144745936611328,26,binning 1   1,DR18
5560.323,9.827037,0.74988556,11.103851,SDSS-SDSS,SDSS,2654,54231,23,2988144745936611328,26,binning 1   1,DR18
5561.602,10.717669,0.7574221,11.1259,SDSS-SDSS,SDSS,2654,54231,23,2988144745936611328,26,binning 1   1,DR18
5562.885,10.6161585,0.78004724,11.096693,SDSS-SDSS,SDSS,2654,54231,23,2988144745936611328,26,binning 1   1,DR18
5564.1646,11.148982,0.8201639,11.034412,SDSS-SDSS,SDSS,2654,54231,23,2988144745936611328,26,binning 1   1,DR18
5565.4473,13.009556,0.8480615,11.024428,SDSS-SDSS,SDSS,2654,54231,23,2988144745936611328,26,binning 1   1,DR18
5566.728,10.638544,0.81180817,11.073685,SDSS-SDSS,SDSS,2654,54231,23,2988144745936611328,26,binning 1   1,DR18
5568.0083,9.881666,0.795494,11.058791,SDSS-SDSS,SDSS,2654,54231,23,2988144745936611328,26,binning 1   1,DR18
5569.2925,11.907499,0.8223344,11.0368395,SDSS-SDSS,SDSS,2654,54231,23,2988144745936611328,26,binning 1   1,DR18
5570.5737,10.597551,0.8007731,11.002921,SDSS-SDSS,SDSS,2654,54231,23,2988144745936611328,26,binning 1   1,DR18
5571.858,8.875753,0.76308024,10.9724,SDSS-SDSS,SDSS,2654,54231,23,2988144745936611328,26,binning 1   1,DR18
5573.14,11.516904,0.78542924,10.947606,SDSS-SDSS,SDSS,2654,54231,23,2988144745936611328,26,binning 1   1,DR18
5574.4253,11.096736,0.82627016,10.9456005,SDSS-SDSS,SDSS,2654,54231,23,2988144745936611328,26,binning 1   1,DR18
5575.7075,14.104041,1.1380275,11.005478,SDSS-SDSS,SDSS,2654,54231,23,2988144745936611328,26,binning 1   1,DR18
5576.993,-1.297135,3.2777119,11.07017,SDSS-SDSS,SDSS,2654,54231,23,2988144745936611328,26,binning 1   1,DR18
5578.2764,-9.843986,6.680955,10.971143,SDSS-SDSS,SDSS,2654,54231,23,2988144745936611328,26,binning 1   1,DR18
5579.5596,22.91165,5.100523,10.926604,SDSS-SDSS,SDSS,2654,54231,23,2988144745936611328,26,binning 1   1,DR18
5580.846,23.265314,2.9738348,10.915828,SDSS-SDSS,SDSS,2654,54231,23,2988144745936611328,26,binning 1   1,DR18
5582.13,7.2792387,1.8957878,10.886138,SDSS-SDSS,SDSS,2654,54231,23,2988144745936611328,26,binning 1   1,DR18
5583.417,9.172,1.1570945,10.993475,SDSS-SDSS,SDSS,2654,54231,23,2988144745936611328,26,binning 1   1,DR18
5584.7017,10.78228,0.9012982,11.069457,SDSS-SDSS,SDSS,2654,54231,23,2988144745936611328,26,binning 1   1,DR18
5585.9893,11.116424,0.80801266,11.028923,SDSS-SDSS,SDSS,2654,54231,23,2988144745936611328,26,binning 1   1,DR18
5587.2744,10.080242,0.78278375,10.969047,SDSS-SDSS,SDSS,2654,54231,23,2988144745936611328,26,binning 1   1,DR18
5588.56,10.655184,0.81204796,10.918598,SDSS-SDSS,SDSS,2654,54231,23,2988144745936611328,26,binning 1   1,DR18
5589.8486,10.406319,0.811134,10.85115,SDSS-SDSS,SDSS,2654,54231,23,2988144745936611328,26,binning 1   1,DR18
5591.135,9.032437,0.7661311,10.782727,SDSS-SDSS,SDSS,2654,54231,23,2988144745936611328,26,binning 1   1,DR18
5592.424,9.899587,0.80648744,10.770741,SDSS-SDSS,SDSS,2654,54231,23,2988144745936611328,26,binning 1   1,DR18
5593.7104,10.198155,0.8234024,10.771263,SDSS-SDSS,SDSS,2654,54231,23,2988144745936611328,26,binning 1   1,DR18
5595.0005,9.783413,0.81786823,10.732441,SDSS-SDSS,SDSS,2654,54231,23,2988144745936611328,26,binning 1   1,DR18
5596.2876,9.789294,0.80633533,10.7008095,SDSS-SDSS,SDSS,2654,54231,23,2988144745936611328,26,binning 1   1,DR18
5597.5747,10.813431,0.8001471,10.744023,SDSS-SDSS,SDSS,2654,54231,23,2988144745936611328,26,binning 1   1,DR18
5598.8657,9.643447,0.7616554,10.832943,SDSS-SDSS,SDSS,2654,54231,23,2988144745936611328,26,binning 1   1,DR18
5600.154,10.451968,0.77766776,10.837863,SDSS-SDSS,SDSS,2654,54231,23,2988144745936611328,26,binning 1   1,DR18
5601.445,10.211423,0.79110414,10.775858,SDSS-SDSS,SDSS,2654,54231,23,2988144745936611328,26,binning 1   1,DR18
5602.7334,10.727152,0.80702746,10.731167,SDSS-SDSS,SDSS,2654,54231,23,2988144745936611328,26,binning 1   1,DR18
5604.0254,10.462036,0.78313154,10.73383,SDSS-SDSS,SDSS,2654,54231,23,2988144745936611328,26,binning 1   1,DR18
5605.315,9.826645,0.77169615,10.717186,SDSS-SDSS,SDSS,2654,54231,23,2988144745936611328,26,binning 1   1,DR18
5606.6045,10.491521,0.80517787,10.591287,SDSS-SDSS,SDSS,2654,54231,23,2988144745936611328,26,binning 1   1,DR18
5607.897,10.749272,0.80830705,10.504764,SDSS-SDSS,SDSS,2654,54231,23,2988144745936611328,26,binning 1   1,DR18
5609.187,9.652465,0.7810246,10.622776,SDSS-SDSS,SDSS,2654,54231,23,2988144745936611328,26,binning 1   1,DR18
5610.4805,10.041358,0.754755,10.7190075,SDSS-SDSS,SDSS,2654,54231,23,2988144745936611328,26,binning 1   1,DR18
5611.7715,10.098121,0.74433064,10.69241,SDSS-SDSS,SDSS,2654,54231,23,2988144745936611328,26,binning 1   1,DR18
5613.0654,9.320638,0.7491129,10.64811,SDSS-SDSS,SDSS,2654,54231,23,2988144745936611328,26,binning 1   1,DR18
5614.357,9.160365,0.75161046,10.685766,SDSS-SDSS,SDSS,2654,54231,23,2988144745936611328,26,binning 1   1,DR18
5615.6484,10.285312,0.7374266,10.593359,SDSS-SDSS,SDSS,2654,54231,23,2988144745936611328,26,binning 1   1,DR18
5616.9434,9.396567,0.7166151,10.6010685,SDSS-SDSS,SDSS,2654,54231,23,2988144745936611328,26,binning 1   1,DR18
5618.2354,9.792098,0.7414401,10.641464,SDSS-SDSS,SDSS,2654,54231,23,2988144745936611328,26,binning 1   1,DR18
5619.531,9.991773,0.7468957,10.656219,SDSS-SDSS,SDSS,2654,54231,23,2988144745936611328,26,binning 1   1,DR18
5620.8237,8.806792,0.72690094,10.656677,SDSS-SDSS,SDSS,2654,54231,23,2988144745936611328,26,binning 1   1,DR18
5622.12,9.422873,0.74667126,10.650209,SDSS-SDSS,SDSS,2654,54231,23,2988144745936611328,26,binning 1   1,DR18
5623.413,9.475503,0.7609676,10.635883,SDSS-SDSS,SDSS,2654,54231,23,2988144745936611328,26,binning 1   1,DR18
5624.707,10.206897,0.78870124,10.787244,SDSS-SDSS,SDSS,2654,54231,23,2988144745936611328,26,binning 1   1,DR18
5626.004,10.428536,0.7919699,10.796698,SDSS-SDSS,SDSS,2654,54231,23,2988144745936611328,26,binning 1   1,DR18
5627.2983,9.179958,0.7875154,10.706165,SDSS-SDSS,SDSS,2654,54231,23,2988144745936611328,26,binning 1   1,DR18
5628.5957,10.121365,0.78330564,10.688522,SDSS-SDSS,SDSS,2654,54231,23,2988144745936611328,26,binning 1   1,DR18
5629.8906,11.120887,0.7564308,10.662142,SDSS-SDSS,SDSS,2654,54231,23,2988144745936611328,26,binning 1   1,DR18
5631.189,10.743595,0.749064,10.647233,SDSS-SDSS,SDSS,2654,54231,23,2988144745936611328,26,binning 1   1,DR18
5632.4844,11.073267,0.78122014,10.700611,SDSS-SDSS,SDSS,2654,54231,23,2988144745936611328,26,binning 1   1,DR18
5633.7803,12.252546,0.8188308,10.702806,SDSS-SDSS,SDSS,2654,54231,23,2988144745936611328,26,binning 1   1,DR18
5635.079,8.787838,0.8742946,10.631461,SDSS-SDSS,SDSS,2654,54231,23,2988144745936611328,26,binning 1   1,DR18
5636.3755,11.119364,0.9007167,10.569394,SDSS-SDSS,SDSS,2654,54231,23,2988144745936611328,26,binning 1   1,DR18
5637.6753,10.706097,0.8832159,10.578999,SDSS-SDSS,SDSS,2654,54231,23,2988144745936611328,26,binning 1   1,DR18
5638.972,8.359121,0.8582387,10.589501,SDSS-SDSS,SDSS,2654,54231,23,2988144745936611328,26,binning 1   1,DR18
5640.2725,8.694727,0.8635041,10.654104,SDSS-SDSS,SDSS,2654,54231,23,2988144745936611328,26,binning 1   1,DR18
5641.5703,10.545418,0.9106106,10.604918,SDSS-SDSS,SDSS,2654,54231,23,2988144745936611328,26,binning 1   1,DR18
5642.868,10.099717,0.89240944,10.5035095,SDSS-SDSS,SDSS,2654,54231,23,2988144745936611328,26,binning 1   1,DR18
5644.1694,9.309937,0.8102636,10.512518,SDSS-SDSS,SDSS,2654,54231,23,2988144745936611328,26,binning 1   1,DR18
5645.468,10.623604,0.76454955,10.602632,SDSS-SDSS,SDSS,2654,54231,23,2988144745936611328,26,binning 1   1,DR18
5646.7695,10.069396,0.77626824,10.570086,SDSS-SDSS,SDSS,2654,54231,23,2988144745936611328,26,binning 1   1,DR18
5648.0684,10.083284,0.7652632,10.524818,SDSS-SDSS,SDSS,2654,54231,23,2988144745936611328,26,binning 1   1,DR18
5649.371,9.661631,0.75095093,10.467412,SDSS-SDSS,SDSS,2654,54231,23,2988144745936611328,26,binning 1   1,DR18
5650.6704,9.688241,0.74905413,10.447815,SDSS-SDSS,SDSS,2654,54231,23,2988144745936611328,26,binning 1   1,DR18
5651.9707,10.068075,0.7730083,10.469717,SDSS-SDSS,SDSS,2654,54231,23,2988144745936611328,26,binning 1   1,DR18
5653.274,10.012365,0.79319185,10.430811,SDSS-SDSS,SDSS,2654,54231,23,2988144745936611328,26,binning 1   1,DR18
5654.574,9.539279,0.80812716,10.428919,SDSS-SDSS,SDSS,2654,54231,23,2988144745936611328,26,binning 1   1,DR18
5655.8784,11.334019,0.85484713,10.420674,SDSS-SDSS,SDSS,2654,54231,23,2988144745936611328,26,binning 1   1,DR18
5657.1797,11.370552,0.7941687,10.437504,SDSS-SDSS,SDSS,2654,54231,23,2988144745936611328,26,binning 1   1,DR18
5658.484,9.830915,0.74234325,10.427886,SDSS-SDSS,SDSS,2654,54231,23,2988144745936611328,26,binning 1   1,DR18
5659.7856,11.103743,0.7837514,10.370146,SDSS-SDSS,SDSS,2654,54231,23,2988144745936611328,26,binning 1   1,DR18
5661.088,8.862953,0.7825899,10.370965,SDSS-SDSS,SDSS,2654,54231,23,2988144745936611328,26,binning 1   1,DR18
5662.393,9.992167,0.81445754,10.417204,SDSS-SDSS,SDSS,2654,54231,23,2988144745936611328,26,binning 1   1,DR18
5663.696,8.7086315,0.7755689,10.422302,SDSS-SDSS,SDSS,2654,54231,23,2988144745936611328,26,binning 1   1,DR18
5665.002,10.93692,0.7794412,10.394038,SDSS-SDSS,SDSS,2654,54231,23,2988144745936611328,26,binning 1   1,DR18
5666.305,9.128833,0.73979604,10.355453,SDSS-SDSS,SDSS,2654,54231,23,2988144745936611328,26,binning 1   1,DR18
5667.612,9.381916,0.7492243,10.348281,SDSS-SDSS,SDSS,2654,54231,23,2988144745936611328,26,binning 1   1,DR18
5668.9155,10.894393,0.79249626,10.407895,SDSS-SDSS,SDSS,2654,54231,23,2988144745936611328,26,binning 1   1,DR18
5670.2197,10.522466,0.81898564,10.407678,SDSS-SDSS,SDSS,2654,54231,23,2988144745936611328,26,binning 1   1,DR18
5671.5273,9.431732,0.8240087,10.394167,SDSS-SDSS,SDSS,2654,54231,23,2988144745936611328,26,binning 1   1,DR18
5672.832,10.471297,0.83917004,10.318812,SDSS-SDSS,SDSS,2654,54231,23,2988144745936611328,26,binning 1   1,DR18
5674.14,10.264246,0.8366934,10.284613,SDSS-SDSS,SDSS,2654,54231,23,2988144745936611328,26,binning 1   1,DR18
5675.4453,9.89551,0.790266,10.345881,SDSS-SDSS,SDSS,2654,54231,23,2988144745936611328,26,binning 1   1,DR18
5676.754,9.130926,0.77393955,10.344663,SDSS-SDSS,SDSS,2654,54231,23,2988144745936611328,26,binning 1   1,DR18
5678.06,9.141272,0.7662354,10.317767,SDSS-SDSS,SDSS,2654,54231,23,2988144745936611328,26,binning 1   1,DR18
5679.3696,10.660555,0.7760703,10.309574,SDSS-SDSS,SDSS,2654,54231,23,2988144745936611328,26,binning 1   1,DR18
5680.676,9.129111,0.79418373,10.325776,SDSS-SDSS,SDSS,2654,54231,23,2988144745936611328,26,binning 1   1,DR18
5681.983,11.681938,0.8597469,10.288195,SDSS-SDSS,SDSS,2654,54231,23,2988144745936611328,26,binning 1   1,DR18
5683.293,10.190665,0.82861733,10.212845,SDSS-SDSS,SDSS,2654,54231,23,2988144745936611328,26,binning 1   1,DR18
5684.6006,8.651879,0.8370823,10.238729,SDSS-SDSS,SDSS,2654,54231,23,2988144745936611328,26,binning 1   1,DR18
5685.911,8.290136,0.8759136,10.164168,SDSS-SDSS,SDSS,2654,54231,23,2988144745936611328,26,binning 1   1,DR18
5687.219,9.7560215,0.8763751,10.102624,SDSS-SDSS,SDSS,2654,54231,23,2988144745936611328,26,binning 1   1,DR18
5688.531,9.549019,0.86679673,10.136573,SDSS-SDSS,SDSS,2654,54231,23,2988144745936611328,26,binning 1   1,DR18
5689.8394,9.96415,0.89550126,10.158897,SDSS-SDSS,SDSS,2654,54231,23,2988144745936611328,26,binning 1   1,DR18
5691.1484,10.088377,0.92907315,10.097676,SDSS-SDSS,SDSS,2654,54231,23,2988144745936611328,26,binning 1   1,DR18
5692.461,10.396234,0.8866782,10.076022,SDSS-SDSS,SDSS,2654,54231,23,2988144745936611328,26,binning 1   1,DR18
5693.7705,9.539952,0.83523715,10.082149,SDSS-SDSS,SDSS,2654,54231,23,2988144745936611328,26,binning 1   1,DR18
5695.0835,9.399715,0.8170794,10.023865,SDSS-SDSS,SDSS,2654,54231,23,2988144745936611328,26,binning 1   1,DR18
5696.3936,9.514425,0.8489963,10.069749,SDSS-SDSS,SDSS,2654,54231,23,2988144745936611328,26,binning 1   1,DR18
5697.707,9.222247,0.8406903,10.11683,SDSS-SDSS,SDSS,2654,54231,23,2988144745936611328,26,binning 1   1,DR18
5699.0176,9.88776,0.81949264,10.073541,SDSS-SDSS,SDSS,2654,54231,23,2988144745936611328,26,binning 1   1,DR18
5700.3286,9.208127,0.7949192,10.1086445,SDSS-SDSS,SDSS,2654,54231,23,2988144745936611328,26,binning 1   1,DR18
5701.643,8.795245,0.78237736,10.025003,SDSS-SDSS,SDSS,2654,54231,23,2988144745936611328,26,binning 1   1,DR18
5702.955,10.27014,0.79848486,9.955685,SDSS-SDSS,SDSS,2654,54231,23,2988144745936611328,26,binning 1   1,DR18
5704.27,10.115067,0.780341,9.9694605,SDSS-SDSS,SDSS,2654,54231,23,2988144745936611328,26,binning 1   1,DR18
5705.5825,10.808256,0.7955907,10.018895,SDSS-SDSS,SDSS,2654,54231,23,2988144745936611328,26,binning 1   1,DR18
5706.898,9.661745,0.7906847,9.987144,SDSS-SDSS,SDSS,2654,54231,23,2988144745936611328,26,binning 1   1,DR18
5708.211,9.977775,0.76900274,9.847521,SDSS-SDSS,SDSS,2654,54231,23,2988144745936611328,26,binning 1   1,DR18
5709.524,10.596236,0.7856242,9.925316,SDSS-SDSS,SDSS,2654,54231,23,2988144745936611328,26,binning 1   1,DR18
5710.841,9.811107,0.7831078,9.994473,SDSS-SDSS,SDSS,2654,54231,23,2988144745936611328,26,binning 1   1,DR18
5712.1543,9.289679,0.7714702,9.894126,SDSS-SDSS,SDSS,2654,54231,23,2988144745936611328,26,binning 1   1,DR18
5713.4717,9.151496,0.7793053,9.811987,SDSS-SDSS,SDSS,2654,54231,23,2988144745936611328,26,binning 1   1,DR18
5714.786,8.936167,0.7599061,9.847853,SDSS-SDSS,SDSS,2654,54231,23,2988144745936611328,26,binning 1   1,DR18
5716.104,8.900323,0.74106973,9.781586,SDSS-SDSS,SDSS,2654,54231,23,2988144745936611328,26,binning 1   1,DR18
5717.419,9.07166,0.74708897,9.839374,SDSS-SDSS,SDSS,2654,54231,23,2988144745936611328,26,binning 1   1,DR18
5718.734,9.013089,0.75770813,9.796455,SDSS-SDSS,SDSS,2654,54231,23,2988144745936611328,26,binning 1   1,DR18
5720.0527,8.715591,0.7349031,9.785701,SDSS-SDSS,SDSS,2654,54231,23,2988144745936611328,26,binning 1   1,DR18
5721.3687,9.721362,0.7560236,9.800874,SDSS-SDSS,SDSS,2654,54231,23,2988144745936611328,26,binning 1   1,DR18
5722.688,9.006092,0.76352584,9.806224,SDSS-SDSS,SDSS,2654,54231,23,2988144745936611328,26,binning 1   1,DR18
5724.0044,9.129129,0.77161443,9.882516,SDSS-SDSS,SDSS,2654,54231,23,2988144745936611328,26,binning 1   1,DR18
5725.324,9.992812,0.77491266,9.812486,SDSS-SDSS,SDSS,2654,54231,23,2988144745936611328,26,binning 1   1,DR18
5726.6416,10.40288,0.76816547,9.765451,SDSS-SDSS,SDSS,2654,54231,23,2988144745936611328,26,binning 1   1,DR18
5727.959,8.457748,0.7402878,9.729312,SDSS-SDSS,SDSS,2654,54231,23,2988144745936611328,26,binning 1   1,DR18
5729.28,8.680356,0.75378937,9.758912,SDSS-SDSS,SDSS,2654,54231,23,2988144745936611328,26,binning 1   1,DR18
5730.5977,10.106307,0.7761808,9.800444,SDSS-SDSS,SDSS,2654,54231,23,2988144745936611328,26,binning 1   1,DR18
5731.9194,9.666396,0.7625895,9.642453,SDSS-SDSS,SDSS,2654,54231,23,2988144745936611328,26,binning 1   1,DR18
5733.238,9.485998,0.76430583,9.595278,SDSS-SDSS,SDSS,2654,54231,23,2988144745936611328,26,binning 1   1,DR18
5734.56,9.74801,0.76872885,9.66815,SDSS-SDSS,SDSS,2654,54231,23,2988144745936611328,26,binning 1   1,DR18
5735.8794,8.751129,0.7630529,9.676811,SDSS-SDSS,SDSS,2654,54231,23,2988144745936611328,26,binning 1   1,DR18
5737.1987,8.219062,0.7444648,9.664712,SDSS-SDSS,SDSS,2654,54231,23,2988144745936611328,26,binning 1   1,DR18
5738.5215,8.072914,0.7365737,9.693242,SDSS-SDSS,SDSS,2654,54231,23,2988144745936611328,26,binning 1   1,DR18
5739.842,8.9420805,0.7334124,9.650389,SDSS-SDSS,SDSS,2654,54231,23,2988144745936611328,26,binning 1   1,DR18
5741.1655,8.609388,0.7246476,9.663229,SDSS-SDSS,SDSS,2654,54231,23,2988144745936611328,26,binning 1   1,DR18
5742.4863,9.570037,0.735666,9.603245,SDSS-SDSS,SDSS,2654,54231,23,2988144745936611328,26,binning 1   1,DR18
5743.8105,8.077444,0.727569,9.55018,SDSS-SDSS,SDSS,2654,54231,23,2988144745936611328,26,binning 1   1,DR18
5745.132,9.197302,0.759252,9.569997,SDSS-SDSS,SDSS,2654,54231,23,2988144745936611328,26,binning 1   1,DR18
5746.4536,9.019969,0.7520975,9.590791,SDSS-SDSS,SDSS,2654,54231,23,2988144745936611328,26,binning 1   1,DR18
5747.7783,10.294668,0.7615861,9.488255,SDSS-SDSS,SDSS,2654,54231,23,2988144745936611328,26,binning 1   1,DR18
5749.1006,10.284421,0.76072437,9.445023,SDSS-SDSS,SDSS,2654,54231,23,2988144745936611328,26,binning 1   1,DR18
5750.427,9.368382,0.77794087,9.493513,SDSS-SDSS,SDSS,2654,54231,23,2988144745936611328,26,binning 1   1,DR18
5751.7495,9.857096,0.7799467,9.528232,SDSS-SDSS,SDSS,2654,54231,23,2988144745936611328,26,binning 1   1,DR18
5753.0757,7.679082,0.725037,9.479741,SDSS-SDSS,SDSS,2654,54231,23,2988144745936611328,26,binning 1   1,DR18
5754.3994,8.040416,0.7225789,9.423116,SDSS-SDSS,SDSS,2654,54231,23,2988144745936611328,26,binning 1   1,DR18
5755.723,10.593805,0.7724878,9.4807005,SDSS-SDSS,SDSS,2654,54231,23,2988144745936611328,26,binning 1   1,DR18
5757.0503,9.03023,0.75159943,9.407983,SDSS-SDSS,SDSS,2654,54231,23,2988144745936611328,26,binning 1   1,DR18
5758.3745,10.314015,0.7595093,9.410881,SDSS-SDSS,SDSS,2654,54231,23,2988144745936611328,26,binning 1   1,DR18
5759.7026,9.556809,0.7532914,9.423368,SDSS-SDSS,SDSS,2654,54231,23,2988144745936611328,26,binning 1   1,DR18
5761.0273,8.794084,0.73728937,9.372875,SDSS-SDSS,SDSS,2654,54231,23,2988144745936611328,26,binning 1   1,DR18
5762.356,8.841327,0.75477326,9.300082,SDSS-SDSS,SDSS,2654,54231,23,2988144745936611328,26,binning 1   1,DR18
5763.6816,8.773477,0.7940524,9.314129,SDSS-SDSS,SDSS,2654,54231,23,2988144745936611328,26,binning 1   1,DR18
5765.008,9.707103,0.82501715,9.394754,SDSS-SDSS,SDSS,2654,54231,23,2988144745936611328,26,binning 1   1,DR18
5766.337,9.191138,0.8057339,9.332798,SDSS-SDSS,SDSS,2654,54231,23,2988144745936611328,26,binning 1   1,DR18
5767.6636,8.551162,0.7799485,9.3067,SDSS-SDSS,SDSS,2654,54231,23,2988144745936611328,26,binning 1   1,DR18
5768.9937,9.490887,0.813876,9.3538475,SDSS-SDSS,SDSS,2654,54231,23,2988144745936611328,26,binning 1   1,DR18
5770.321,9.746612,0.83572394,9.3508215,SDSS-SDSS,SDSS,2654,54231,23,2988144745936611328,26,binning 1   1,DR18
5771.6514,9.643753,0.8268908,9.265019,SDSS-SDSS,SDSS,2654,54231,23,2988144745936611328,26,binning 1   1,DR18
5772.979,10.136592,0.8139919,9.344245,SDSS-SDSS,SDSS,2654,54231,23,2988144745936611328,26,binning 1   1,DR18
5774.307,9.914475,0.7859865,9.413686,SDSS-SDSS,SDSS,2654,54231,23,2988144745936611328,26,binning 1   1,DR18
5775.6387,7.7215395,0.74123025,9.396542,SDSS-SDSS,SDSS,2654,54231,23,2988144745936611328,26,binning 1   1,DR18
5776.9673,9.0160475,0.76544183,9.403424,SDSS-SDSS,SDSS,2654,54231,23,2988144745936611328,26,binning 1   1,DR18
5778.2993,10.019223,0.80137986,9.484272,SDSS-SDSS,SDSS,2654,54231,23,2988144745936611328,26,binning 1   1,DR18
5779.629,9.78834,0.8161643,9.469123,SDSS-SDSS,SDSS,2654,54231,23,2988144745936611328,26,binning 1   1,DR18
5780.9614,9.43663,0.7797568,9.325022,SDSS-SDSS,SDSS,2654,54231,23,2988144745936611328,26,binning 1   1,DR18
5782.2915,8.670542,0.7332788,9.324621,SDSS-SDSS,SDSS,2654,54231,23,2988144745936611328,26,binning 1   1,DR18
5783.625,8.823266,0.7429224,9.395886,SDSS-SDSS,SDSS,2654,54231,23,2988144745936611328,26,binning 1   1,DR18
5784.9556,9.490812,0.7961362,9.432971,SDSS-SDSS,SDSS,2654,54231,23,2988144745936611328,26,binning 1   1,DR18
5786.286,9.920121,0.8153494,9.393466,SDSS-SDSS,SDSS,2654,54231,23,2988144745936611328,26,binning 1   1,DR18
5787.6206,8.321997,0.77274483,9.294785,SDSS-SDSS,SDSS,2654,54231,23,2988144745936611328,26,binning 1   1,DR18
5788.952,9.603626,0.7776149,9.250503,SDSS-SDSS,SDSS,2654,54231,23,2988144745936611328,26,binning 1   1,DR18
5790.287,8.38054,0.7961572,9.247332,SDSS-SDSS,SDSS,2654,54231,23,2988144745936611328,26,binning 1   1,DR18
5791.619,9.239326,0.8517445,9.231826,SDSS-SDSS,SDSS,2654,54231,23,2988144745936611328,26,binning 1   1,DR18
5792.9546,10.239532,0.841955,9.226303,SDSS-SDSS,SDSS,2654,54231,23,2988144745936611328,26,binning 1   1,DR18
5794.287,8.826297,0.7817146,9.237488,SDSS-SDSS,SDSS,2654,54231,23,2988144745936611328,26,binning 1   1,DR18
5795.62,9.442388,0.80118185,9.202204,SDSS-SDSS,SDSS,2654,54231,23,2988144745936611328,26,binning 1   1,DR18
5796.9565,9.507271,0.86470294,9.19064,SDSS-SDSS,SDSS,2654,54231,23,2988144745936611328,26,binning 1   1,DR18
5798.29,9.59732,0.8322183,9.165591,SDSS-SDSS,SDSS,2654,54231,23,2988144745936611328,26,binning 1   1,DR18
5799.6274,8.430501,0.76321864,9.154131,SDSS-SDSS,SDSS,2654,54231,23,2988144745936611328,26,binning 1   1,DR18
5800.9614,7.6340165,0.7439483,9.143741,SDSS-SDSS,SDSS,2654,54231,23,2988144745936611328,26,binning 1   1,DR18
5802.2993,7.815969,0.7732708,9.118547,SDSS-SDSS,SDSS,2654,54231,23,2988144745936611328,26,binning 1   1,DR18
5803.634,9.407877,0.8274574,9.098455,SDSS-SDSS,SDSS,2654,54231,23,2988144745936611328,26,binning 1   1,DR18
5804.969,8.993102,0.78757095,9.03858,SDSS-SDSS,SDSS,2654,54231,23,2988144745936611328,26,binning 1   1,DR18
5806.3076,8.541704,0.77687436,9.023067,SDSS-SDSS,SDSS,2654,54231,23,2988144745936611328,26,binning 1   1,DR18
5807.6436,8.880155,0.7858003,9.001761,SDSS-SDSS,SDSS,2654,54231,23,2988144745936611328,26,binning 1   1,DR18
5808.9824,8.087959,0.82030445,8.9636135,SDSS-SDSS,SDSS,2654,54231,23,2988144745936611328,26,binning 1   1,DR18
5810.319,7.74428,0.79892844,8.973101,SDSS-SDSS,SDSS,2654,54231,23,2988144745936611328,26,binning 1   1,DR18
5811.6587,8.247456,0.79409134,9.039013,SDSS-SDSS,SDSS,2654,54231,23,2988144745936611328,26,binning 1   1,DR18
5812.9956,8.927275,0.76530224,8.891874,SDSS-SDSS,SDSS,2654,54231,23,2988144745936611328,26,binning 1   1,DR18
5814.333,7.9870176,0.7390694,8.807507,SDSS-SDSS,SDSS,2654,54231,23,2988144745936611328,26,binning 1   1,DR18
5815.674,8.446664,0.76626676,8.8420725,SDSS-SDSS,SDSS,2654,54231,23,2988144745936611328,26,binning 1   1,DR18
5817.0117,8.503409,0.7842517,8.878452,SDSS-SDSS,SDSS,2654,54231,23,2988144745936611328,26,binning 1   1,DR18
5818.353,9.121169,0.79561275,8.868474,SDSS-SDSS,SDSS,2654,54231,23,2988144745936611328,26,binning 1   1,DR18
5819.6914,8.283711,0.7794084,8.9207945,SDSS-SDSS,SDSS,2654,54231,23,2988144745936611328,26,binning 1   1,DR18
5821.0337,8.117311,0.8050319,8.962486,SDSS-SDSS,SDSS,2654,54231,23,2988144745936611328,26,binning 1   1,DR18
5822.3726,8.631646,0.7875686,8.928117,SDSS-SDSS,SDSS,2654,54231,23,2988144745936611328,26,binning 1   1,DR18
5823.712,9.010598,0.79030037,8.865885,SDSS-SDSS,SDSS,2654,54231,23,2988144745936611328,26,binning 1   1,DR18
5825.055,9.672339,0.8214141,8.882194,SDSS-SDSS,SDSS,2654,54231,23,2988144745936611328,26,binning 1   1,DR18
5826.395,8.848073,0.81580776,8.98169,SDSS-SDSS,SDSS,2654,54231,23,2988144745936611328,26,binning 1   1,DR18
5827.739,9.565835,0.82439095,9.0129175,SDSS-SDSS,SDSS,2654,54231,23,2988144745936611328,26,binning 1   1,DR18
5829.079,9.49623,0.82033557,8.98103,SDSS-SDSS,SDSS,2654,54231,23,2988144745936611328,26,binning 1   1,DR18
5830.4233,7.7343116,0.82701147,9.012432,SDSS-SDSS,SDSS,2654,54231,23,2988144745936611328,26,binning 1   1,DR18
5831.7646,9.007539,0.83587533,9.000753,SDSS-SDSS,SDSS,2654,54231,23,2988144745936611328,26,binning 1   1,DR18
5833.1064,7.6041207,0.8351453,8.936583,SDSS-SDSS,SDSS,2654,54231,23,2988144745936611328,26,binning 1   1,DR18
5834.4517,8.558347,0.814022,8.8723755,SDSS-SDSS,SDSS,2654,54231,23,2988144745936611328,26,binning 1   1,DR18
5835.7935,8.802194,0.8141429,8.812458,SDSS-SDSS,SDSS,2654,54231,23,2988144745936611328,26,binning 1   1,DR18
5837.1396,9.963278,0.84962416,8.821398,SDSS-SDSS,SDSS,2654,54231,23,2988144745936611328,26,binning 1   1,DR18
5838.4824,10.37313,0.87671626,8.809402,SDSS-SDSS,SDSS,2654,54231,23,2988144745936611328,26,binning 1   1,DR18
5839.8286,9.315183,0.8122234,8.839398,SDSS-SDSS,SDSS,2654,54231,23,2988144745936611328,26,binning 1   1,DR18
5841.172,8.61814,0.8113596,8.859386,SDSS-SDSS,SDSS,2654,54231,23,2988144745936611328,26,binning 1   1,DR18
5842.5156,7.0261927,0.7984139,8.790043,SDSS-SDSS,SDSS,2654,54231,23,2988144745936611328,26,binning 1   1,DR18
5843.8633,8.562473,0.81438315,8.707706,SDSS-SDSS,SDSS,2654,54231,23,2988144745936611328,26,binning 1   1,DR18
5845.2075,7.994222,0.7951128,8.764569,SDSS-SDSS,SDSS,2654,54231,23,2988144745936611328,26,binning 1   1,DR18
5846.555,7.280423,0.7797316,8.7992525,SDSS-SDSS,SDSS,2654,54231,23,2988144745936611328,26,binning 1   1,DR18
5847.9004,8.370086,0.7935971,8.851864,SDSS-SDSS,SDSS,2654,54231,23,2988144745936611328,26,binning 1   1,DR18
5849.249,8.261815,0.80722,8.930349,SDSS-SDSS,SDSS,2654,54231,23,2988144745936611328,26,binning 1   1,DR18
5850.594,7.4285016,0.8243351,8.942155,SDSS-SDSS,SDSS,2654,54231,23,2988144745936611328,26,binning 1   1,DR18
5851.9404,9.166159,0.8455577,8.825226,SDSS-SDSS,SDSS,2654,54231,23,2988144745936611328,26,binning 1   1,DR18
5853.2896,8.775064,0.8329431,8.811194,SDSS-SDSS,SDSS,2654,54231,23,2988144745936611328,26,binning 1   1,DR18
5854.636,7.3290663,0.8197441,8.814762,SDSS-SDSS,SDSS,2654,54231,23,2988144745936611328,26,binning 1   1,DR18
5855.9863,7.3647437,0.8318831,8.862839,SDSS-SDSS,SDSS,2654,54231,23,2988144745936611328,26,binning 1   1,DR18
5857.3335,7.129602,0.8225873,8.918068,SDSS-SDSS,SDSS,2654,54231,23,2988144745936611328,26,binning 1   1,DR18
5858.684,7.666305,0.8128306,8.903706,SDSS-SDSS,SDSS,2654,54231,23,2988144745936611328,26,binning 1   1,DR18
5860.032,9.137855,0.8323515,8.835374,SDSS-SDSS,SDSS,2654,54231,23,2988144745936611328,26,binning 1   1,DR18
5861.38,6.630155,0.80962336,8.866672,SDSS-SDSS,SDSS,2654,54231,23,2988144745936611328,26,binning 1   1,DR18
5862.732,7.641949,0.8305794,8.904765,SDSS-SDSS,SDSS,2654,54231,23,2988144745936611328,26,binning 1   1,DR18
5864.0806,7.328439,0.8663653,8.890772,SDSS-SDSS,SDSS,2654,54231,23,2988144745936611328,26,binning 1   1,DR18
5865.4326,8.844794,0.8971643,8.863291,SDSS-SDSS,SDSS,2654,54231,23,2988144745936611328,26,binning 1   1,DR18
5866.782,9.192439,0.91726637,8.835859,SDSS-SDSS,SDSS,2654,54231,23,2988144745936611328,26,binning 1   1,DR18
5868.135,9.3103695,0.93406004,8.783283,SDSS-SDSS,SDSS,2654,54231,23,2988144745936611328,26,binning 1   1,DR18
5869.485,8.239465,0.91375947,8.922779,SDSS-SDSS,SDSS,2654,54231,23,2988144745936611328,26,binning 1   1,DR18
5870.835,8.327917,0.88184685,8.933485,SDSS-SDSS,SDSS,2654,54231,23,2988144745936611328,26,binning 1   1,DR18
5872.189,9.167723,0.8631425,8.870567,SDSS-SDSS,SDSS,2654,54231,23,2988144745936611328,26,binning 1   1,DR18
5873.54,8.790516,0.8574771,8.838748,SDSS-SDSS,SDSS,2654,54231,23,2988144745936611328,26,binning 1   1,DR18
5874.894,10.149391,0.8793554,8.812407,SDSS-SDSS,SDSS,2654,54231,23,2988144745936611328,26,binning 1   1,DR18
5876.2456,9.753369,0.86714286,8.714943,SDSS-SDSS,SDSS,2654,54231,23,2988144745936611328,26,binning 1   1,DR18
5877.6006,9.237423,0.8637062,8.737052,SDSS-SDSS,SDSS,2654,54231,23,2988144745936611328,26,binning 1   1,DR18
5878.953,8.99884,0.86815757,8.749355,SDSS-SDSS,SDSS,2654,54231,23,2988144745936611328,26,binning 1   1,DR18
5880.305,9.6933565,0.8662711,8.761451,SDSS-SDSS,SDSS,2654,54231,23,2988144745936611328,26,binning 1   1,DR18
5881.661,9.1500025,0.84639364,8.7356615,SDSS-SDSS,SDSS,2654,54231,23,2988144745936611328,26,binning 1   1,DR18
5883.0146,9.734341,0.845069,8.687791,SDSS-SDSS,SDSS,2654,54231,23,2988144745936611328,26,binning 1   1,DR18
5884.371,9.139494,0.84129304,8.736549,SDSS-SDSS,SDSS,2654,54231,23,2988144745936611328,26,binning 1   1,DR18
5885.7246,9.96917,0.84369934,8.714678,SDSS-SDSS,SDSS,2654,54231,23,2988144745936611328,26,binning 1   1,DR18
5887.082,10.65538,0.88161176,8.674184,SDSS-SDSS,SDSS,2654,54231,23,2988144745936611328,26,binning 1   1,DR18
5888.4365,9.371162,0.9871421,8.623898,SDSS-SDSS,SDSS,2654,54231,23,2988144745936611328,26,binning 1   1,DR18
5889.794,8.991472,1.2098329,8.569743,SDSS-SDSS,SDSS,2654,54231,23,2988144745936611328,26,binning 1   1,DR18
5891.149,9.907458,1.4633447,8.567923,SDSS-SDSS,SDSS,2654,54231,23,2988144745936611328,26,binning 1   1,DR18
5892.5044,10.757556,1.2590322,8.657182,SDSS-SDSS,SDSS,2654,54231,23,2988144745936611328,26,binning 1   1,DR18
5893.8633,9.33483,0.9748923,8.619733,SDSS-SDSS,SDSS,2654,54231,23,2988144745936611328,26,binning 1   1,DR18
5895.219,9.119563,1.0801759,8.573981,SDSS-SDSS,SDSS,2654,54231,23,2988144745936611328,26,binning 1   1,DR18
5896.5786,7.5758505,1.3716254,8.60857,SDSS-SDSS,SDSS,2654,54231,23,2988144745936611328,26,binning 1   1,DR18
5897.935,7.321365,1.2844275,8.621482,SDSS-SDSS,SDSS,2654,54231,23,2988144745936611328,26,binning 1   1,DR18
5899.295,8.539796,0.97533107,8.586318,SDSS-SDSS,SDSS,2654,54231,23,2988144745936611328,26,binning 1   1,DR18
5900.6523,9.217877,0.87651896,8.679211,SDSS-SDSS,SDSS,2654,54231,23,2988144745936611328,26,binning 1   1,DR18
5902.01,9.044808,0.7961372,8.7260475,SDSS-SDSS,SDSS,2654,54231,23,2988144745936611328,26,binning 1   1,DR18
5903.3706,8.484614,0.82190746,8.612149,SDSS-SDSS,SDSS,2654,54231,23,2988144745936611328,26,binning 1   1,DR18
5904.7285,8.099948,0.81068677,8.482744,SDSS-SDSS,SDSS,2654,54231,23,2988144745936611328,26,binning 1   1,DR18
5906.0903,8.329634,0.8126693,8.440584,SDSS-SDSS,SDSS,2654,54231,23,2988144745936611328,26,binning 1   1,DR18
5907.4487,8.921581,0.8049389,8.463006,SDSS-SDSS,SDSS,2654,54231,23,2988144745936611328,26,binning 1   1,DR18
5908.811,8.399972,0.78941196,8.467916,SDSS-SDSS,SDSS,2654,54231,23,2988144745936611328,26,binning 1   1,DR18
5910.1704,6.9474707,0.7839908,8.477514,SDSS-SDSS,SDSS,2654,54231,23,2988144745936611328,26,binning 1   1,DR18
5911.5303,9.479814,0.8210695,8.518428,SDSS-SDSS,SDSS,2654,54231,23,2988144745936611328,26,binning 1   1,DR18
5912.893,8.634653,0.81815207,8.52809,SDSS-SDSS,SDSS,2654,54231,23,2988144745936611328,26,binning 1   1,DR18
5914.2534,7.381006,0.82013357,8.49133,SDSS-SDSS,SDSS,2654,54231,23,2988144745936611328,26,binning 1   1,DR18
5915.617,8.207334,0.900135,8.423624,SDSS-SDSS,SDSS,2654,54231,23,2988144745936611328,26,binning 1   1,DR18
5916.978,7.6535516,0.9181951,8.34205,SDSS-SDSS,SDSS,2654,54231,23,2988144745936611328,26,binning 1   1,DR18
5918.343,7.922754,0.8388296,8.341447,SDSS-SDSS,SDSS,2654,54231,23,2988144745936611328,26,binning 1   1,DR18
5919.704,7.1905484,0.74805754,8.357016,SDSS-SDSS,SDSS,2654,54231,23,2988144745936611328,26,binning 1   1,DR18
5921.066,7.7136884,0.75150925,8.272185,SDSS-SDSS,SDSS,2654,54231,23,2988144745936611328,26,binning 1   1,DR18
5922.431,8.706931,0.7783355,8.154986,SDSS-SDSS,SDSS,2654,54231,23,2988144745936611328,26,binning 1   1,DR18
5923.794,7.184763,0.7913052,8.096518,SDSS-SDSS,SDSS,2654,54231,23,2988144745936611328,26,binning 1   1,DR18
5925.1597,8.129935,0.82887185,8.04351,SDSS-SDSS,SDSS,2654,54231,23,2988144745936611328,26,binning 1   1,DR18
5926.523,10.800526,0.8464503,8.015963,SDSS-SDSS,SDSS,2654,54231,23,2988144745936611328,26,binning 1   1,DR18
5927.8896,8.187475,0.78118324,8.064944,SDSS-SDSS,SDSS,2654,54231,23,2988144745936611328,26,binning 1   1,DR18
5929.2534,8.314422,0.7400605,7.988928,SDSS-SDSS,SDSS,2654,54231,23,2988144745936611328,26,binning 1   1,DR18
5930.617,7.8306446,0.7691017,7.9189043,SDSS-SDSS,SDSS,2654,54231,23,2988144745936611328,26,binning 1   1,DR18
5931.985,8.541116,0.80604964,7.952629,SDSS-SDSS,SDSS,2654,54231,23,2988144745936611328,26,binning 1   1,DR18
5933.3496,8.08755,0.855842,7.833951,SDSS-SDSS,SDSS,2654,54231,23,2988144745936611328,26,binning 1   1,DR18
5934.718,7.1922245,0.84489685,7.738561,SDSS-SDSS,SDSS,2654,54231,23,2988144745936611328,26,binning 1   1,DR18
5936.083,8.257181,0.811754,7.6578884,SDSS-SDSS,SDSS,2654,54231,23,2988144745936611328,26,binning 1   1,DR18
5937.4517,8.546803,0.7851758,7.602211,SDSS-SDSS,SDSS,2654,54231,23,2988144745936611328,26,binning 1   1,DR18
5938.818,7.7437587,0.74584574,7.5760636,SDSS-SDSS,SDSS,2654,54231,23,2988144745936611328,26,binning 1   1,DR18
5940.184,7.243489,0.7414963,7.5645,SDSS-SDSS,SDSS,2654,54231,23,2988144745936611328,26,binning 1   1,DR18
5941.5537,6.7885838,0.71757656,7.529946,SDSS-SDSS,SDSS,2654,54231,23,2988144745936611328,26,binning 1   1,DR18
5942.9204,6.858385,0.7150236,7.4339056,SDSS-SDSS,SDSS,2654,54231,23,2988144745936611328,26,binning 1   1,DR18
5944.291,8.035922,0.71598,7.4963384,SDSS-SDSS,SDSS,2654,54231,23,2988144745936611328,26,binning 1   1,DR18
5945.6587,7.438495,0.72116494,7.504385,SDSS-SDSS,SDSS,2654,54231,23,2988144745936611328,26,binning 1   1,DR18
5947.03,7.6115556,0.73256916,7.4127855,SDSS-SDSS,SDSS,2654,54231,23,2988144745936611328,26,binning 1   1,DR18
5948.3975,7.176785,0.73220235,7.3926387,SDSS-SDSS,SDSS,2654,54231,23,2988144745936611328,26,binning 1   1,DR18
5949.766,8.899953,0.7416629,7.53616,SDSS-SDSS,SDSS,2654,54231,23,2988144745936611328,26,binning 1   1,DR18
5951.138,7.0818286,0.71766055,7.538769,SDSS-SDSS,SDSS,2654,54231,23,2988144745936611328,26,binning 1   1,DR18
5952.5073,7.271643,0.72070205,7.4988685,SDSS-SDSS,SDSS,2654,54231,23,2988144745936611328,26,binning 1   1,DR18
5953.88,7.1861954,0.77368456,7.360534,SDSS-SDSS,SDSS,2654,54231,23,2988144745936611328,26,binning 1   1,DR18
5955.2495,6.8886905,0.7705058,7.214154,SDSS-SDSS,SDSS,2654,54231,23,2988144745936611328,26,binning 1   1,DR18
5956.6226,7.428315,0.73602515,7.137869,SDSS-SDSS,SDSS,2654,54231,23,2988144745936611328,26,binning 1   1,DR18
5957.993,7.9659524,0.68901986,7.0419736,SDSS-SDSS,SDSS,2654,54231,23,2988144745936611328,26,binning 1   1,DR18
5959.364,7.6319966,0.6760763,7.0576305,SDSS-SDSS,SDSS,2654,54231,23,2988144745936611328,26,binning 1   1,DR18
5960.738,6.469464,0.69790703,7.1184373,SDSS-SDSS,SDSS,2654,54231,23,2988144745936611328,26,binning 1   1,DR18
5962.1094,7.369406,0.73161334,7.1867313,SDSS-SDSS,SDSS,2654,54231,23,2988144745936611328,26,binning 1   1,DR18
5963.484,8.174775,0.71776783,7.1960034,SDSS-SDSS,SDSS,2654,54231,23,2988144745936611328,26,binning 1   1,DR18
5964.856,8.708971,0.71068305,7.1137524,SDSS-SDSS,SDSS,2654,54231,23,2988144745936611328,26,binning 1   1,DR18
5966.2314,7.3456373,0.6840668,7.0183377,SDSS-SDSS,SDSS,2654,54231,23,2988144745936611328,26,binning 1   1,DR18
5967.604,7.581928,0.6820762,7.0018187,SDSS-SDSS,SDSS,2654,54231,23,2988144745936611328,26,binning 1   1,DR18
5968.9766,7.1776824,0.7043674,7.0217752,SDSS-SDSS,SDSS,2654,54231,23,2988144745936611328,26,binning 1   1,DR18
5970.353,7.0514073,0.71106714,7.0493345,SDSS-SDSS,SDSS,2654,54231,23,2988144745936611328,26,binning 1   1,DR18
5971.7266,7.6327844,0.73526084,7.072023,SDSS-SDSS,SDSS,2654,54231,23,2988144745936611328,26,binning 1   1,DR18
5973.1035,7.0537434,0.712677,7.059955,SDSS-SDSS,SDSS,2654,54231,23,2988144745936611328,26,binning 1   1,DR18
5974.478,6.8567586,0.6895667,6.989635,SDSS-SDSS,SDSS,2654,54231,23,2988144745936611328,26,binning 1   1,DR18
5975.8555,7.596245,0.6808282,6.9694896,SDSS-SDSS,SDSS,2654,54231,23,2988144745936611328,26,binning 1   1,DR18
5977.2305,7.6512184,0.689181,6.895759,SDSS-SDSS,SDSS,2654,54231,23,2988144745936611328,26,binning 1   1,DR18
5978.6055,8.181761,0.71842456,6.766107,SDSS-SDSS,SDSS,2654,54231,23,2988144745936611328,26,binning 1   1,DR18
5979.984,6.390545,0.7040341,6.7247047,SDSS-SDSS,SDSS,2654,54231,23,2988144745936611328,26,binning 1   1,DR18
5981.36,6.8699994,0.71157867,6.7837515,SDSS-SDSS,SDSS,2654,54231,23,2988144745936611328,26,binning 1   1,DR18
5982.739,6.1884723,0.6966972,6.7285337,SDSS-SDSS,SDSS,2654,54231,23,2988144745936611328,26,binning 1   1,DR18
5984.115,6.750958,0.6620779,6.7157164,SDSS-SDSS,SDSS,2654,54231,23,2988144745936611328,26,binning 1   1,DR18
5985.495,6.7348785,0.6519275,6.694508,SDSS-SDSS,SDSS,2654,54231,23,2988144745936611328,26,binning 1   1,DR18
5986.872,7.8069935,0.6844982,6.6210055,SDSS-SDSS,SDSS,2654,54231,23,2988144745936611328,26,binning 1   1,DR18
5988.2495,7.715865,0.673385,6.567099,SDSS-SDSS,SDSS,2654,54231,23,2988144745936611328,26,binning 1   1,DR18
5989.6304,7.0913405,0.64748544,6.5859494,SDSS-SDSS,SDSS,2654,54231,23,2988144745936611328,26,binning 1   1,DR18
5991.0083,7.1728926,0.6425729,6.593328,SDSS-SDSS,SDSS,2654,54231,23,2988144745936611328,26,binning 1   1,DR18
5992.3896,7.0347834,0.64875203,6.5471034,SDSS-SDSS,SDSS,2654,54231,23,2988144745936611328,26,binning 1   1,DR18
5993.768,7.279672,0.7090649,6.5983973,SDSS-SDSS,SDSS,2654,54231,23,2988144745936611328,26,binning 1   1,DR18
5995.1504,8.339427,0.7347062,6.5833373,SDSS-SDSS,SDSS,2654,54231,23,2988144745936611328,26,binning 1   1,DR18
5996.53,8.046761,0.6718339,6.603923,SDSS-SDSS,SDSS,2654,54231,23,2988144745936611328,26,binning 1   1,DR18
5997.9126,7.576301,0.66864514,6.7105546,SDSS-SDSS,SDSS,2654,54231,23,2988144745936611328,26,binning 1   1,DR18
5999.292,7.539394,0.6656221,6.619533,SDSS-SDSS,SDSS,2654,54231,23,2988144745936611328,26,binning 1   1,DR18
6000.6724,7.11766,0.65662956,6.505064,SDSS-SDSS,SDSS,2654,54231,23,2988144745936611328,26,binning 1   1,DR18
6002.056,7.663612,0.6643073,6.379341,SDSS-SDSS,SDSS,2654,54231,23,2988144745936611328,26,binning 1   1,DR18
6003.437,6.1662955,0.66487116,6.4356766,SDSS-SDSS,SDSS,2654,54231,23,2988144745936611328,26,binning 1   1,DR18
6004.8213,7.922852,0.69651306,6.5397396,SDSS-SDSS,SDSS,2654,54231,23,2988144745936611328,26,binning 1   1,DR18
6006.2026,7.4564238,0.68042845,6.5714445,SDSS-SDSS,SDSS,2654,54231,23,2988144745936611328,26,binning 1   1,DR18
6007.5874,7.8712087,0.6527819,6.7124186,SDSS-SDSS,SDSS,2654,54231,23,2988144745936611328,26,binning 1   1,DR18
6008.9697,7.1190724,0.64048296,6.7199025,SDSS-SDSS,SDSS,2654,54231,23,2988144745936611328,26,binning 1   1,DR18
6010.352,5.886318,0.63465255,6.60764,SDSS-SDSS,SDSS,2654,54231,23,2988144745936611328,26,binning 1   1,DR18
6011.738,7.2056837,0.64478433,6.5520897,SDSS-SDSS,SDSS,2654,54231,23,2988144745936611328,26,binning 1   1,DR18
6013.121,7.2447166,0.6462803,6.5281134,SDSS-SDSS,SDSS,2654,54231,23,2988144745936611328,26,binning 1   1,DR18
6014.508,5.9312544,0.63145506,6.4924088,SDSS-SDSS,SDSS,2654,54231,23,2988144745936611328,26,binning 1   1,DR18
6015.891,8.277412,0.6652945,6.5551167,SDSS-SDSS,SDSS,2654,54231,23,2988144745936611328,26,binning 1   1,DR18
6017.2783,6.2856445,0.64524406,6.6019053,SDSS-SDSS,SDSS,2654,54231,23,2988144745936611328,26,binning 1   1,DR18
6018.6626,6.7929,0.63783115,6.683142,SDSS-SDSS,SDSS,2654,54231,23,2988144745936611328,26,binning 1   1,DR18
6020.0474,6.496732,0.6791075,6.7755103,SDSS-SDSS,SDSS,2654,54231,23,2988144745936611328,26,binning 1   1,DR18
6021.4355,7.4590473,0.69590694,6.8334794,SDSS-SDSS,SDSS,2654,54231,23,2988144745936611328,26,binning 1   1,DR18
6022.821,8.0972395,0.7242263,6.7963805,SDSS-SDSS,SDSS,2654,54231,23,2988144745936611328,26,binning 1   1,DR18
6024.2095,6.5586376,0.67592674,6.6679587,SDSS-SDSS,SDSS,2654,54231,23,2988144745936611328,26,binning 1   1,DR18
6025.5957,6.1871986,0.65803134,6.7371845,SDSS-SDSS,SDSS,2654,54231,23,2988144745936611328,26,binning 1   1,DR18
6026.985,6.913489,0.6594387,6.820753,SDSS-SDSS,SDSS,2654,54231,23,2988144745936611328,26,binning 1   1,DR18
6028.3716,6.4630666,0.66179794,6.854398,SDSS-SDSS,SDSS,2654,54231,23,2988144745936611328,26,binning 1   1,DR18
6029.7583,6.706841,0.671145,6.9541664,SDSS-SDSS,SDSS,2654,54231,23,2988144745936611328,26,binning 1   1,DR18
6031.149,7.401701,0.67601407,7.1448274,SDSS-SDSS,SDSS,2654,54231,23,2988144745936611328,26,binning 1   1,DR18
6032.536,6.9137025,0.6466944,7.2377043,SDSS-SDSS,SDSS,2654,54231,23,2988144745936611328,26,binning 1   1,DR18
6033.9272,7.4470234,0.64652795,7.293808,SDSS-SDSS,SDSS,2654,54231,23,2988144745936611328,26,binning 1   1,DR18
6035.3154,7.997204,0.65852255,7.204691,SDSS-SDSS,SDSS,2654,54231,23,2988144745936611328,26,binning 1   1,DR18
6036.707,6.12132,0.6389611,7.128682,SDSS-SDSS,SDSS,2654,54231,23,2988144745936611328,26,binning 1   1,DR18
6038.0957,8.051906,0.6638003,7.1044235,SDSS-SDSS,SDSS,2654,54231,23,2988144745936611328,26,binning 1   1,DR18
6039.485,6.5023246,0.65429103,7.1547966,SDSS-SDSS,SDSS,2654,54231,23,2988144745936611328,26,binning 1   1,DR18
6040.8774,8.219954,0.67976964,7.3617454,SDSS-SDSS,SDSS,2654,54231,23,2988144745936611328,26,binning 1   1,DR18
6042.267,7.358773,0.66590375,7.3993344,SDSS-SDSS,SDSS,2654,54231,23,2988144745936611328,26,binning 1   1,DR18
6043.6606,6.0501184,0.62707996,7.441637,SDSS-SDSS,SDSS,2654,54231,23,2988144745936611328,26,binning 1   1,DR18
6045.051,6.5870466,0.6378636,7.4443636,SDSS-SDSS,SDSS,2654,54231,23,2988144745936611328,26,binning 1   1,DR18
6046.445,6.6537642,0.62621963,7.425875,SDSS-SDSS,SDSS,2654,54231,23,2988144745936611328,26,binning 1   1,DR18
6047.836,5.778394,0.6161141,7.396518,SDSS-SDSS,SDSS,2654,54231,23,2988144745936611328,26,binning 1   1,DR18
6049.227,6.137736,0.6420903,7.272232,SDSS-SDSS,SDSS,2654,54231,23,2988144745936611328,26,binning 1   1,DR18
6050.622,7.2348943,0.68601316,7.2143755,SDSS-SDSS,SDSS,2654,54231,23,2988144745936611328,26,binning 1   1,DR18
6052.014,7.5847087,0.68972147,7.2727866,SDSS-SDSS,SDSS,2654,54231,23,2988144745936611328,26,binning 1   1,DR18
6053.4097,7.6551967,0.67605,7.340868,SDSS-SDSS,SDSS,2654,54231,23,2988144745936611328,26,binning 1   1,DR18
6054.8022,5.653199,0.63549674,7.3473315,SDSS-SDSS,SDSS,2654,54231,23,2988144745936611328,26,binning 1   1,DR18
6056.198,6.3056026,0.6472045,7.3814073,SDSS-SDSS,SDSS,2654,54231,23,2988144745936611328,26,binning 1   1,DR18
6057.592,6.6662116,0.65195006,7.5504947,SDSS-SDSS,SDSS,2654,54231,23,2988144745936611328,26,binning 1   1,DR18
6058.9854,7.7599645,0.66912895,7.450164,SDSS-SDSS,SDSS,2654,54231,23,2988144745936611328,26,binning 1   1,DR18
6060.3823,7.169619,0.66015035,7.504548,SDSS-SDSS,SDSS,2654,54231,23,2988144745936611328,26,binning 1   1,DR18
6061.7764,6.2664623,0.6381363,7.465812,SDSS-SDSS,SDSS,2654,54231,23,2988144745936611328,26,binning 1   1,DR18
6063.1743,6.9884586,0.6537265,7.4015975,SDSS-SDSS,SDSS,2654,54231,23,2988144745936611328,26,binning 1   1,DR18
6064.5693,7.81771,0.6856741,7.487134,SDSS-SDSS,SDSS,2654,54231,23,2988144745936611328,26,binning 1   1,DR18
6065.968,7.8731985,0.6858345,7.546584,SDSS-SDSS,SDSS,2654,54231,23,2988144745936611328,26,binning 1   1,DR18
6067.3633,8.221356,0.68933815,7.5574985,SDSS-SDSS,SDSS,2654,54231,23,2988144745936611328,26,binning 1   1,DR18
6068.759,7.81815,0.66219103,7.617696,SDSS-SDSS,SDSS,2654,54231,23,2988144745936611328,26,binning 1   1,DR18
6070.158,6.8394256,0.6464674,7.678664,SDSS-SDSS,SDSS,2654,54231,23,2988144745936611328,26,binning 1   1,DR18
6071.5547,7.15644,0.6412804,7.699252,SDSS-SDSS,SDSS,2654,54231,23,2988144745936611328,26,binning 1   1,DR18
6072.955,5.8893924,0.638305,7.7018027,SDSS-SDSS,SDSS,2654,54231,23,2988144745936611328,26,binning 1   1,DR18
6074.352,7.3923364,0.66312194,7.735946,SDSS-SDSS,SDSS,2654,54231,23,2988144745936611328,26,binning 1   1,DR18
6075.753,8.582466,0.6866914,7.7638826,SDSS-SDSS,SDSS,2654,54231,23,2988144745936611328,26,binning 1   1,DR18
6077.1504,7.4814634,0.66947985,7.695185,SDSS-SDSS,SDSS,2654,54231,23,2988144745936611328,26,binning 1   1,DR18
6078.5483,7.1861043,0.65874857,7.650492,SDSS-SDSS,SDSS,2654,54231,23,2988144745936611328,26,binning 1   1,DR18
6079.95,7.4127126,0.6598761,7.7073298,SDSS-SDSS,SDSS,2654,54231,23,2988144745936611328,26,binning 1   1,DR18
6081.349,6.799393,0.65245855,7.7641735,SDSS-SDSS,SDSS,2654,54231,23,2988144745936611328,26,binning 1   1,DR18
6082.7515,6.4208717,0.6442545,7.664717,SDSS-SDSS,SDSS,2654,54231,23,2988144745936611328,26,binning 1   1,DR18
6084.1504,6.55879,0.64666384,7.6858234,SDSS-SDSS,SDSS,2654,54231,23,2988144745936611328,26,binning 1   1,DR18
6085.5537,7.0260406,0.6485564,7.726726,SDSS-SDSS,SDSS,2654,54231,23,2988144745936611328,26,binning 1   1,DR18
6086.9536,6.8684087,0.6493685,7.7931695,SDSS-SDSS,SDSS,2654,54231,23,2988144745936611328,26,binning 1   1,DR18
6088.354,6.946945,0.65661967,7.826361,SDSS-SDSS,SDSS,2654,54231,23,2988144745936611328,26,binning 1   1,DR18
6089.758,7.143815,0.6840762,7.7743626,SDSS-SDSS,SDSS,2654,54231,23,2988144745936611328,26,binning 1   1,DR18
6091.1587,6.178294,0.6799711,7.7358713,SDSS-SDSS,SDSS,2654,54231,23,2988144745936611328,26,binning 1   1,DR18
6092.5635,6.4880514,0.6680637,7.8439198,SDSS-SDSS,SDSS,2654,54231,23,2988144745936611328,26,binning 1   1,DR18
6093.965,7.502388,0.67304206,7.826221,SDSS-SDSS,SDSS,2654,54231,23,2988144745936611328,26,binning 1   1,DR18
6095.37,6.188129,0.6444241,7.7986403,SDSS-SDSS,SDSS,2654,54231,23,2988144745936611328,26,binning 1   1,DR18
6096.7725,5.6657667,0.6510606,7.7796464,SDSS-SDSS,SDSS,2654,54231,23,2988144745936611328,26,binning 1   1,DR18
6098.178,6.207887,0.6544332,7.752149,SDSS-SDSS,SDSS,2654,54231,23,2988144745936611328,26,binning 1   1,DR18
6099.581,7.5889463,0.6588176,7.8205147,SDSS-SDSS,SDSS,2654,54231,23,2988144745936611328,26,binning 1   1,DR18
6100.9844,5.7732773,0.63019854,7.8753085,SDSS-SDSS,SDSS,2654,54231,23,2988144745936611328,26,binning 1   1,DR18
6102.391,6.5893664,0.639826,7.7465925,SDSS-SDSS,SDSS,2654,54231,23,2988144745936611328,26,binning 1   1,DR18
6103.795,6.4783916,0.6438313,7.7321715,SDSS-SDSS,SDSS,2654,54231,23,2988144745936611328,26,binning 1   1,DR18
6105.2026,6.754983,0.65104157,7.8490705,SDSS-SDSS,SDSS,2654,54231,23,2988144745936611328,26,binning 1   1,DR18
6106.607,6.8823347,0.6621327,7.882278,SDSS-SDSS,SDSS,2654,54231,23,2988144745936611328,26,binning 1   1,DR18
6108.015,7.4742804,0.76602256,7.7935266,SDSS-SDSS,SDSS,2654,54231,23,2988144745936611328,26,binning 1   1,DR18
6109.4204,9.24149,0.79532766,7.899938,SDSS-SDSS,SDSS,2654,54231,23,2988144745936611328,26,binning 1   1,DR18
6110.8257,7.8777294,0.6882668,7.846655,SDSS-SDSS,SDSS,2654,54231,23,2988144745936611328,26,binning 1   1,DR18
6112.235,7.774411,0.68212104,7.8050804,SDSS-SDSS,SDSS,2654,54231,23,2988144745936611328,26,binning 1   1,DR18
6113.641,5.7557364,0.6493318,7.8003244,SDSS-SDSS,SDSS,2654,54231,23,2988144745936611328,26,binning 1   1,DR18
6115.051,6.512861,0.66177654,7.8106995,SDSS-SDSS,SDSS,2654,54231,23,2988144745936611328,26,binning 1   1,DR18
6116.4575,7.1796517,0.67320627,7.945094,SDSS-SDSS,SDSS,2654,54231,23,2988144745936611328,26,binning 1   1,DR18
6117.868,6.556008,0.6569337,7.8935556,SDSS-SDSS,SDSS,2654,54231,23,2988144745936611328,26,binning 1   1,DR18
6119.2754,7.203656,0.6421073,7.8579483,SDSS-SDSS,SDSS,2654,54231,23,2988144745936611328,26,binning 1   1,DR18
6120.683,7.2027636,0.64580864,7.8267775,SDSS-SDSS,SDSS,2654,54231,23,2988144745936611328,26,binning 1   1,DR18
6122.0947,5.783573,0.631309,7.780054,SDSS-SDSS,SDSS,2654,54231,23,2988144745936611328,26,binning 1   1,DR18
6123.503,8.098534,0.6739656,7.765493,SDSS-SDSS,SDSS,2654,54231,23,2988144745936611328,26,binning 1   1,DR18
6124.915,9.114151,0.81943405,7.814103,SDSS-SDSS,SDSS,2654,54231,23,2988144745936611328,26,binning 1   1,DR18
6126.324,7.7462244,0.7878156,7.7916703,SDSS-SDSS,SDSS,2654,54231,23,2988144745936611328,26,binning 1   1,DR18
6127.737,7.0525227,0.6629231,7.8206997,SDSS-SDSS,SDSS,2654,54231,23,2988144745936611328,26,binning 1   1,DR18
6129.1465,6.5750604,0.62396437,7.837315,SDSS-SDSS,SDSS,2654,54231,23,2988144745936611328,26,binning 1   1,DR18
6130.5566,6.429176,0.60755515,7.834208,SDSS-SDSS,SDSS,2654,54231,23,2988144745936611328,26,binning 1   1,DR18
6131.97,7.884255,0.629068,7.8600693,SDSS-SDSS,SDSS,2654,54231,23,2988144745936611328,26,binning 1   1,DR18
6133.381,6.6549387,0.6134257,7.8995194,SDSS-SDSS,SDSS,2654,54231,23,2988144745936611328,26,binning 1   1,DR18
6134.7954,6.545414,0.61614364,7.8519173,SDSS-SDSS,SDSS,2654,54231,23,2988144745936611328,26,binning 1   1,DR18
6136.2065,6.8843746,0.6561746,7.838605,SDSS-SDSS,SDSS,2654,54231,23,2988144745936611328,26,binning 1   1,DR18
6137.6216,5.3479185,0.66096973,7.8545647,SDSS-SDSS,SDSS,2654,54231,23,2988144745936611328,26,binning 1   1,DR18
6139.0337,6.9387083,0.677229,7.924262,SDSS-SDSS,SDSS,2654,54231,23,2988144745936611328,26,binning 1   1,DR18
6140.446,6.248723,0.6525969,7.9936795,SDSS-SDSS,SDSS,2654,54231,23,2988144745936611328,26,binning 1   1,DR18
6141.862,7.2777915,0.6258485,7.9154677,SDSS-SDSS,SDSS,2654,54231,23,2988144745936611328,26,binning 1   1,DR18
6143.275,6.6513047,0.6135203,7.9229937,SDSS-SDSS,SDSS,2654,54231,23,2988144745936611328,26,binning 1   1,DR18
6144.6914,7.1202974,0.6440825,7.8652906,SDSS-SDSS,SDSS,2654,54231,23,2988144745936611328,26,binning 1   1,DR18
6146.105,7.0378413,0.6448855,7.7863655,SDSS-SDSS,SDSS,2654,54231,23,2988144745936611328,26,binning 1   1,DR18
6147.522,6.5035315,0.62449,7.7267504,SDSS-SDSS,SDSS,2654,54231,23,2988144745936611328,26,binning 1   1,DR18
6148.9365,6.782295,0.59447867,7.7276115,SDSS-SDSS,SDSS,2654,54231,23,2988144745936611328,26,binning 1   1,DR18
6150.351,7.141091,0.5834097,7.8415127,SDSS-SDSS,SDSS,2654,54231,23,2988144745936611328,26,binning 1   1,DR18
6151.769,7.53661,0.5856859,7.8927736,SDSS-SDSS,SDSS,2654,54231,23,2988144745936611328,26,binning 1   1,DR18
6153.1846,7.154829,0.59658015,7.8757544,SDSS-SDSS,SDSS,2654,54231,23,2988144745936611328,26,binning 1   1,DR18
6154.6035,6.351869,0.60139626,7.8463483,SDSS-SDSS,SDSS,2654,54231,23,2988144745936611328,26,binning 1   1,DR18
6156.019,7.459189,0.61901224,7.7972713,SDSS-SDSS,SDSS,2654,54231,23,2988144745936611328,26,binning 1   1,DR18
6157.439,7.4318557,0.5974664,7.758648,SDSS-SDSS,SDSS,2654,54231,23,2988144745936611328,26,binning 1   1,DR18
6158.8555,7.2588253,0.67608196,7.815726,SDSS-SDSS,SDSS,2654,54231,23,2988144745936611328,26,binning 1   1,DR18
6160.272,7.1214848,0.6941075,7.778852,SDSS-SDSS,SDSS,2654,54231,23,2988144745936611328,26,binning 1   1,DR18
6161.693,7.7014165,0.7509234,7.8198543,SDSS-SDSS,SDSS,2654,54231,23,2988144745936611328,26,binning 1   1,DR18
6163.1104,7.0766163,0.7767166,7.8264103,SDSS-SDSS,SDSS,2654,54231,23,2988144745936611328,26,binning 1   1,DR18
6164.5312,7.072214,0.756044,7.821239,SDSS-SDSS,SDSS,2654,54231,23,2988144745936611328,26,binning 1   1,DR18
6165.9497,6.9975104,0.700642,7.8554044,SDSS-SDSS,SDSS,2654,54231,23,2988144745936611328,26,binning 1   1,DR18
6167.371,6.734844,0.69011843,7.829306,SDSS-SDSS,SDSS,2654,54231,23,2988144745936611328,26,binning 1   1,DR18
6168.79,6.882917,0.6085383,7.8111854,SDSS-SDSS,SDSS,2654,54231,23,2988144745936611328,26,binning 1   1,DR18
6170.2095,7.2395544,0.56496775,7.805429,SDSS-SDSS,SDSS,2654,54231,23,2988144745936611328,26,binning 1   1,DR18
6171.6323,7.4801545,0.57361853,7.796321,SDSS-SDSS,SDSS,2654,54231,23,2988144745936611328,26,binning 1   1,DR18
6173.052,7.3562474,0.57475424,7.7669096,SDSS-SDSS,SDSS,2654,54231,23,2988144745936611328,26,binning 1   1,DR18
6174.4756,6.8246293,0.5613509,7.7621694,SDSS-SDSS,SDSS,2654,54231,23,2988144745936611328,26,binning 1   1,DR18
6175.896,7.481451,0.5583396,7.845438,SDSS-SDSS,SDSS,2654,54231,23,2988144745936611328,26,binning 1   1,DR18
6177.32,5.9892917,0.52595055,7.8191686,SDSS-SDSS,SDSS,2654,54231,23,2988144745936611328,26,binning 1   1,DR18
6178.741,6.6150594,0.5226178,7.829284,SDSS-SDSS,SDSS,2654,54231,23,2988144745936611328,26,binning 1   1,DR18
6180.1626,7.9543805,0.52299124,7.774414,SDSS-SDSS,SDSS,2654,54231,23,2988144745936611328,26,binning 1   1,DR18
6181.5874,7.2979937,0.51116943,7.709696,SDSS-SDSS,SDSS,2654,54231,23,2988144745936611328,26,binning 1   1,DR18
6183.01,6.1807775,0.49704686,7.703403,SDSS-SDSS,SDSS,2654,54231,23,2988144745936611328,26,binning 1   1,DR18
6184.4355,6.4376683,0.49779946,7.654681,SDSS-SDSS,SDSS,2654,54231,23,2988144745936611328,26,binning 1   1,DR18
6185.858,5.8555846,0.49582228,7.6771526,SDSS-SDSS,SDSS,2654,54231,23,2988144745936611328,26,binning 1   1,DR18
6187.2847,6.9185457,0.60004157,7.6951857,SDSS-SDSS,SDSS,2654,54231,23,2988144745936611328,26,binning 1   1,DR18
6188.708,7.604774,0.6058072,7.677763,SDSS-SDSS,SDSS,2654,54231,23,2988144745936611328,26,binning 1   1,DR18
6190.132,7.077361,0.5193464,7.684935,SDSS-SDSS,SDSS,2654,54231,23,2988144745936611328,26,binning 1   1,DR18
6191.559,7.255605,0.52060235,7.7259765,SDSS-SDSS,SDSS,2654,54231,23,2988144745936611328,26,binning 1   1,DR18
6192.9834,7.538709,0.53009474,7.692867,SDSS-SDSS,SDSS,2654,54231,23,2988144745936611328,26,binning 1   1,DR18
6194.4116,6.797561,0.5299229,7.6392393,SDSS-SDSS,SDSS,2654,54231,23,2988144745936611328,26,binning 1   1,DR18
6195.8364,6.003158,0.5142233,7.6341176,SDSS-SDSS,SDSS,2654,54231,23,2988144745936611328,26,binning 1   1,DR18
6197.265,7.6584654,0.5197943,7.643719,SDSS-SDSS,SDSS,2654,54231,23,2988144745936611328,26,binning 1   1,DR18
6198.691,7.2784696,0.5035881,7.604926,SDSS-SDSS,SDSS,2654,54231,23,2988144745936611328,26,binning 1   1,DR18
6200.117,6.907127,0.50156814,7.572455,SDSS-SDSS,SDSS,2654,54231,23,2988144745936611328,26,binning 1   1,DR18
6201.547,7.156603,0.5291219,7.6702294,SDSS-SDSS,SDSS,2654,54231,23,2988144745936611328,26,binning 1   1,DR18
6202.973,6.1055794,0.56491613,7.61725,SDSS-SDSS,SDSS,2654,54231,23,2988144745936611328,26,binning 1   1,DR18
6204.404,6.373713,0.5772241,7.664822,SDSS-SDSS,SDSS,2654,54231,23,2988144745936611328,26,binning 1   1,DR18
6205.831,6.901784,0.54391885,7.6708155,SDSS-SDSS,SDSS,2654,54231,23,2988144745936611328,26,binning 1   1,DR18
6207.262,7.214845,0.525469,7.596878,SDSS-SDSS,SDSS,2654,54231,23,2988144745936611328,26,binning 1   1,DR18
6208.69,6.967256,0.5262414,7.5673785,SDSS-SDSS,SDSS,2654,54231,23,2988144745936611328,26,binning 1   1,DR18
6210.1216,6.4967923,0.5256432,7.6429963,SDSS-SDSS,SDSS,2654,54231,23,2988144745936611328,26,binning 1   1,DR18
6211.5503,6.770771,0.53306645,7.6192803,SDSS-SDSS,SDSS,2654,54231,23,2988144745936611328,26,binning 1   1,DR18
6212.9795,7.5844603,0.55431557,7.6312113,SDSS-SDSS,SDSS,2654,54231,23,2988144745936611328,26,binning 1   1,DR18
6214.412,7.348346,0.55437356,7.6263137,SDSS-SDSS,SDSS,2654,54231,23,2988144745936611328,26,binning 1   1,DR18
6215.842,6.418277,0.53536093,7.6056333,SDSS-SDSS,SDSS,2654,54231,23,2988144745936611328,26,binning 1   1,DR18
6217.275,7.1793637,0.63551825,7.615522,SDSS-SDSS,SDSS,2654,54231,23,2988144745936611328,26,binning 1   1,DR18
6218.7056,7.946985,0.65838736,7.646656,SDSS-SDSS,SDSS,2654,54231,23,2988144745936611328,26,binning 1   1,DR18
6220.139,6.39138,0.65100753,7.6773367,SDSS-SDSS,SDSS,2654,54231,23,2988144745936611328,26,binning 1   1,DR18
6221.5703,6.38913,0.549442,7.6574917,SDSS-SDSS,SDSS,2654,54231,23,2988144745936611328,26,binning 1   1,DR18
6223.0015,6.235553,0.5556426,7.6219583,SDSS-SDSS,SDSS,2654,54231,23,2988144745936611328,26,binning 1   1,DR18
6224.4365,6.7364893,0.56510097,7.603,SDSS-SDSS,SDSS,2654,54231,23,2988144745936611328,26,binning 1   1,DR18
6225.8687,6.0943656,0.56562835,7.6144233,SDSS-SDSS,SDSS,2654,54231,23,2988144745936611328,26,binning 1   1,DR18
6227.304,6.7017703,0.5524684,7.6620193,SDSS-SDSS,SDSS,2654,54231,23,2988144745936611328,26,binning 1   1,DR18
6228.737,6.24481,0.52931833,7.7117934,SDSS-SDSS,SDSS,2654,54231,23,2988144745936611328,26,binning 1   1,DR18
6230.173,5.3462057,0.5155056,7.605156,SDSS-SDSS,SDSS,2654,54231,23,2988144745936611328,26,binning 1   1,DR18
6231.6064,6.390296,0.53630984,7.500828,SDSS-SDSS,SDSS,2654,54231,23,2988144745936611328,26,binning 1   1,DR18
6233.04,6.821163,0.59079844,7.5452447,SDSS-SDSS,SDSS,2654,54231,23,2988144745936611328,26,binning 1   1,DR18
6234.477,6.9528613,0.68505746,7.6507926,SDSS-SDSS,SDSS,2654,54231,23,2988144745936611328,26,binning 1   1,DR18
6235.9116,7.4507937,0.76527077,7.6020207,SDSS-SDSS,SDSS,2654,54231,23,2988144745936611328,26,binning 1   1,DR18
6237.3496,6.617378,0.7459822,7.6748548,SDSS-SDSS,SDSS,2654,54231,23,2988144745936611328,26,binning 1   1,DR18
6238.784,6.150664,0.686795,7.6498914,SDSS-SDSS,SDSS,2654,54231,23,2988144745936611328,26,binning 1   1,DR18
6240.223,6.4705334,0.6272385,7.566929,SDSS-SDSS,SDSS,2654,54231,23,2988144745936611328,26,binning 1   1,DR18
6241.6587,6.4887,0.6074479,7.547556,SDSS-SDSS,SDSS,2654,54231,23,2988144745936611328,26,binning 1   1,DR18
6243.094,7.9220004,0.63791215,7.581366,SDSS-SDSS,SDSS,2654,54231,23,2988144745936611328,26,binning 1   1,DR18
6244.534,6.569095,0.5911309,7.525877,SDSS-SDSS,SDSS,2654,54231,23,2988144745936611328,26,binning 1   1,DR18
6245.9707,7.0541544,0.5865119,7.5057764,SDSS-SDSS,SDSS,2654,54231,23,2988144745936611328,26,binning 1   1,DR18
6247.411,6.668841,0.5493285,7.4758787,SDSS-SDSS,SDSS,2654,54231,23,2988144745936611328,26,binning 1   1,DR18
6248.848,6.765888,0.55488867,7.498601,SDSS-SDSS,SDSS,2654,54231,23,2988144745936611328,26,binning 1   1,DR18
6250.289,6.2702894,0.5649047,7.515482,SDSS-SDSS,SDSS,2654,54231,23,2988144745936611328,26,binning 1   1,DR18
6251.727,6.3617177,0.57623434,7.490252,SDSS-SDSS,SDSS,2654,54231,23,2988144745936611328,26,binning 1   1,DR18
6253.165,6.0497828,0.5580548,7.534364,SDSS-SDSS,SDSS,2654,54231,23,2988144745936611328,26,binning 1   1,DR18
6254.607,6.353431,0.5396281,7.547934,SDSS-SDSS,SDSS,2654,54231,23,2988144745936611328,26,binning 1   1,DR18
6256.046,6.5910473,0.5676008,7.492519,SDSS-SDSS,SDSS,2654,54231,23,2988144745936611328,26,binning 1   1,DR18
6257.489,6.472357,0.64747036,7.503449,SDSS-SDSS,SDSS,2654,54231,23,2988144745936611328,26,binning 1   1,DR18
6258.928,7.676271,0.71458995,7.50739,SDSS-SDSS,SDSS,2654,54231,23,2988144745936611328,26,binning 1   1,DR18
6260.3716,7.2083383,0.6876317,7.4422703,SDSS-SDSS,SDSS,2654,54231,23,2988144745936611328,26,binning 1   1,DR18
6261.8115,4.7825837,0.63382995,7.469852,SDSS-SDSS,SDSS,2654,54231,23,2988144745936611328,26,binning 1   1,DR18
6263.252,7.36547,0.66621715,7.4934173,SDSS-SDSS,SDSS,2654,54231,23,2988144745936611328,26,binning 1   1,DR18
6264.6963,5.5706544,0.66849583,7.4456887,SDSS-SDSS,SDSS,2654,54231,23,2988144745936611328,26,binning 1   1,DR18
6266.1377,6.7681813,0.6237701,7.478918,SDSS-SDSS,SDSS,2654,54231,23,2988144745936611328,26,binning 1   1,DR18
6267.5825,6.365734,0.5951324,7.5292892,SDSS-SDSS,SDSS,2654,54231,23,2988144745936611328,26,binning 1   1,DR18
6269.0244,6.171153,0.5645611,7.491807,SDSS-SDSS,SDSS,2654,54231,23,2988144745936611328,26,binning 1   1,DR18
6270.47,7.00191,0.5571253,7.4689116,SDSS-SDSS,SDSS,2654,54231,23,2988144745936611328,26,binning 1   1,DR18
6271.9126,6.81499,0.56339383,7.4660654,SDSS-SDSS,SDSS,2654,54231,23,2988144745936611328,26,binning 1   1,DR18
6273.3555,6.450332,0.5705368,7.4241986,SDSS-SDSS,SDSS,2654,54231,23,2988144745936611328,26,binning 1   1,DR18
6274.8022,6.744764,0.60083663,7.406717,SDSS-SDSS,SDSS,2654,54231,23,2988144745936611328,26,binning 1   1,DR18
6276.2456,7.114175,0.59576017,7.428481,SDSS-SDSS,SDSS,2654,54231,23,2988144745936611328,26,binning 1   1,DR18
6277.693,6.8370137,0.5986509,7.4798985,SDSS-SDSS,SDSS,2654,54231,23,2988144745936611328,26,binning 1   1,DR18
6279.137,6.1014647,0.59092003,7.544094,SDSS-SDSS,SDSS,2654,54231,23,2988144745936611328,26,binning 1   1,DR18
6280.585,5.563969,0.5626479,7.4326487,SDSS-SDSS,SDSS,2654,54231,23,2988144745936611328,26,binning 1   1,DR18
6282.03,5.7244263,0.5409126,7.346837,SDSS-SDSS,SDSS,2654,54231,23,2988144745936611328,26,binning 1   1,DR18
6283.475,6.1429133,0.54035586,7.3468432,SDSS-SDSS,SDSS,2654,54231,23,2988144745936611328,26,binning 1   1,DR18
6284.924,5.942165,0.5487713,7.339882,SDSS-SDSS,SDSS,2654,54231,23,2988144745936611328,26,binning 1   1,DR18
6286.3696,5.760271,0.59328955,7.316549,SDSS-SDSS,SDSS,2654,54231,23,2988144745936611328,26,binning 1   1,DR18
6287.8193,5.9912734,0.6900783,7.408724,SDSS-SDSS,SDSS,2654,54231,23,2988144745936611328,26,binning 1   1,DR18
6289.266,5.5132585,0.6902749,7.3977237,SDSS-SDSS,SDSS,2654,54231,23,2988144745936611328,26,binning 1   1,DR18
6290.7163,6.3001766,0.6086261,7.372547,SDSS-SDSS,SDSS,2654,54231,23,2988144745936611328,26,binning 1   1,DR18
6292.1636,6.2193813,0.535399,7.3872724,SDSS-SDSS,SDSS,2654,54231,23,2988144745936611328,26,binning 1   1,DR18
6293.611,5.9624963,0.5171633,7.4219046,SDSS-SDSS,SDSS,2654,54231,23,2988144745936611328,26,binning 1   1,DR18
6295.062,6.1365924,0.5171843,7.428552,SDSS-SDSS,SDSS,2654,54231,23,2988144745936611328,26,binning 1   1,DR18
6296.5103,6.1592164,0.5379376,7.3758826,SDSS-SDSS,SDSS,2654,54231,23,2988144745936611328,26,binning 1   1,DR18
6297.9624,7.0985193,0.6245013,7.2781906,SDSS-SDSS,SDSS,2654,54231,23,2988144745936611328,26,binning 1   1,DR18
6299.411,6.923991,0.82709056,7.3343105,SDSS-SDSS,SDSS,2654,54231,23,2988144745936611328,26,binning 1   1,DR18
6300.864,7.7531743,0.9424385,7.3856235,SDSS-SDSS,SDSS,2654,54231,23,2988144745936611328,26,binning 1   1,DR18
6302.3135,6.5988073,0.92095906,7.3514395,SDSS-SDSS,SDSS,2654,54231,23,2988144745936611328,26,binning 1   1,DR18
6303.763,7.42478,0.8696098,7.329468,SDSS-SDSS,SDSS,2654,54231,23,2988144745936611328,26,binning 1   1,DR18
6305.217,7.600933,0.71592635,7.3932734,SDSS-SDSS,SDSS,2654,54231,23,2988144745936611328,26,binning 1   1,DR18
6306.6675,6.012987,0.62249845,7.2472315,SDSS-SDSS,SDSS,2654,54231,23,2988144745936611328,26,binning 1   1,DR18
6308.1216,6.5387683,0.72755563,7.2161016,SDSS-SDSS,SDSS,2654,54231,23,2988144745936611328,26,binning 1   1,DR18
6309.5728,6.4786415,0.692884,7.256537,SDSS-SDSS,SDSS,2654,54231,23,2988144745936611328,26,binning 1   1,DR18
6311.028,7.665189,0.58990794,7.2897725,SDSS-SDSS,SDSS,2654,54231,23,2988144745936611328,26,binning 1   1,DR18
6312.4795,6.1483235,0.5146732,7.2863407,SDSS-SDSS,SDSS,2654,54231,23,2988144745936611328,26,binning 1   1,DR18
6313.9316,6.159986,0.4955014,7.232978,SDSS-SDSS,SDSS,2654,54231,23,2988144745936611328,26,binning 1   1,DR18
6315.3877,6.186767,0.48420614,7.224152,SDSS-SDSS,SDSS,2654,54231,23,2988144745936611328,26,binning 1   1,DR18
6316.8403,5.5397577,0.47071534,7.216693,SDSS-SDSS,SDSS,2654,54231,23,2988144745936611328,26,binning 1   1,DR18
6318.2974,6.744885,0.47826335,7.1112647,SDSS-SDSS,SDSS,2654,54231,23,2988144745936611328,26,binning 1   1,DR18
6319.751,6.8911223,0.4979344,7.106222,SDSS-SDSS,SDSS,2654,54231,23,2988144745936611328,26,binning 1   1,DR18
6321.208,6.521761,0.51441026,7.2662835,SDSS-SDSS,SDSS,2654,54231,23,2988144745936611328,26,binning 1   1,DR18
6322.662,6.1801753,0.52723956,7.25234,SDSS-SDSS,SDSS,2654,54231,23,2988144745936611328,26,binning 1   1,DR18
6324.12,6.9013996,0.53787655,7.267591,SDSS-SDSS,SDSS,2654,54231,23,2988144745936611328,26,binning 1   1,DR18
6325.575,7.079471,0.54052603,7.2585754,SDSS-SDSS,SDSS,2654,54231,23,2988144745936611328,26,binning 1   1,DR18
6327.0303,5.8812695,0.5143133,7.2275434,SDSS-SDSS,SDSS,2654,54231,23,2988144745936611328,26,binning 1   1,DR18
6328.4893,5.7107925,0.52785057,7.20022,SDSS-SDSS,SDSS,2654,54231,23,2988144745936611328,26,binning 1   1,DR18
6329.9453,6.176897,0.5741555,7.1863594,SDSS-SDSS,SDSS,2654,54231,23,2988144745936611328,26,binning 1   1,DR18
6331.405,6.8664193,0.5978641,7.181951,SDSS-SDSS,SDSS,2654,54231,23,2988144745936611328,26,binning 1   1,DR18
6332.8613,7.1665783,0.5465053,7.210838,SDSS-SDSS,SDSS,2654,54231,23,2988144745936611328,26,binning 1   1,DR18
6334.322,6.1505814,0.48665214,7.2042418,SDSS-SDSS,SDSS,2654,54231,23,2988144745936611328,26,binning 1   1,DR18
6335.779,7.11538,0.46891752,7.1792746,SDSS-SDSS,SDSS,2654,54231,23,2988144745936611328,26,binning 1   1,DR18
6337.2363,6.290976,0.44936398,7.1399155,SDSS-SDSS,SDSS,2654,54231,23,2988144745936611328,26,binning 1   1,DR18
6338.6978,6.2487864,0.46315,7.1042805,SDSS-SDSS,SDSS,2654,54231,23,2988144745936611328,26,binning 1   1,DR18
6340.156,6.9686084,0.5075623,7.1241336,SDSS-SDSS,SDSS,2654,54231,23,2988144745936611328,26,binning 1   1,DR18
6341.618,6.612791,0.52150106,7.130234,SDSS-SDSS,SDSS,2654,54231,23,2988144745936611328,26,binning 1   1,DR18
6343.0767,6.8481865,0.49616084,7.124146,SDSS-SDSS,SDSS,2654,54231,23,2988144745936611328,26,binning 1   1,DR18
6344.5396,6.4079103,0.47344652,7.1812983,SDSS-SDSS,SDSS,2654,54231,23,2988144745936611328,26,binning 1   1,DR18
6345.999,6.6015825,0.4764906,7.1823454,SDSS-SDSS,SDSS,2654,54231,23,2988144745936611328,26,binning 1   1,DR18
6347.459,6.49525,0.46304032,7.075498,SDSS-SDSS,SDSS,2654,54231,23,2988144745936611328,26,binning 1   1,DR18
6348.923,6.541061,0.4789162,7.078695,SDSS-SDSS,SDSS,2654,54231,23,2988144745936611328,26,binning 1   1,DR18
6350.3833,6.452107,0.48530015,7.120603,SDSS-SDSS,SDSS,2654,54231,23,2988144745936611328,26,binning 1   1,DR18
6351.8477,5.8922405,0.48062497,7.0776377,SDSS-SDSS,SDSS,2654,54231,23,2988144745936611328,26,binning 1   1,DR18
6353.309,6.0276804,0.4627108,7.0123205,SDSS-SDSS,SDSS,2654,54231,23,2988144745936611328,26,binning 1   1,DR18
6354.774,7.1271353,0.47981542,7.0137854,SDSS-SDSS,SDSS,2654,54231,23,2988144745936611328,26,binning 1   1,DR18
6356.236,7.352439,0.51210177,7.0756817,SDSS-SDSS,SDSS,2654,54231,23,2988144745936611328,26,binning 1   1,DR18
6357.698,6.918865,0.52240175,7.086791,SDSS-SDSS,SDSS,2654,54231,23,2988144745936611328,26,binning 1   1,DR18
6359.164,6.8840847,0.505293,7.044528,SDSS-SDSS,SDSS,2654,54231,23,2988144745936611328,26,binning 1   1,DR18
6360.627,6.025771,0.47122252,7.0899134,SDSS-SDSS,SDSS,2654,54231,23,2988144745936611328,26,binning 1   1,DR18
6362.0938,6.1966066,0.4718644,7.0908437,SDSS-SDSS,SDSS,2654,54231,23,2988144745936611328,26,binning 1   1,DR18
6363.5576,7.93883,0.5562826,7.046617,SDSS-SDSS,SDSS,2654,54231,23,2988144745936611328,26,binning 1   1,DR18
6365.025,6.2789993,0.580015,7.0566106,SDSS-SDSS,SDSS,2654,54231,23,2988144745936611328,26,binning 1   1,DR18
6366.4893,7.826582,0.57209516,7.110086,SDSS-SDSS,SDSS,2654,54231,23,2988144745936611328,26,binning 1   1,DR18
6367.9536,7.824086,0.51710564,7.0634513,SDSS-SDSS,SDSS,2654,54231,23,2988144745936611328,26,binning 1   1,DR18
6369.4224,6.1480765,0.47461373,7.003406,SDSS-SDSS,SDSS,2654,54231,23,2988144745936611328,26,binning 1   1,DR18
6370.8877,6.6265645,0.4817888,7.0130277,SDSS-SDSS,SDSS,2654,54231,23,2988144745936611328,26,binning 1   1,DR18
6372.3564,6.4484477,0.47379956,7.0477986,SDSS-SDSS,SDSS,2654,54231,23,2988144745936611328,26,binning 1   1,DR18
6373.8228,6.6252084,0.46660167,7.029659,SDSS-SDSS,SDSS,2654,54231,23,2988144745936611328,26,binning 1   1,DR18
6375.2925,6.314763,0.455931,6.9989095,SDSS-SDSS,SDSS,2654,54231,23,2988144745936611328,26,binning 1   1,DR18
6376.759,6.2129545,0.45598137,7.1153574,SDSS-SDSS,SDSS,2654,54231,23,2988144745936611328,26,binning 1   1,DR18
6378.226,6.7704544,0.46040076,7.105421,SDSS-SDSS,SDSS,2654,54231,23,2988144745936611328,26,binning 1   1,DR18
6379.697,6.6292305,0.47061795,7.086766,SDSS-SDSS,SDSS,2654,54231,23,2988144745936611328,26,binning 1   1,DR18
6381.1646,6.519789,0.47275957,7.118716,SDSS-SDSS,SDSS,2654,54231,23,2988144745936611328,26,binning 1   1,DR18
6382.6357,7.3727846,0.49828038,7.1378007,SDSS-SDSS,SDSS,2654,54231,23,2988144745936611328,26,binning 1   1,DR18
6384.104,7.74088,0.49301264,7.100413,SDSS-SDSS,SDSS,2654,54231,23,2988144745936611328,26,binning 1   1,DR18
6385.576,6.9383216,0.47896045,7.052938,SDSS-SDSS,SDSS,2654,54231,23,2988144745936611328,26,binning 1   1,DR18
6387.0454,6.7105412,0.49231273,7.072463,SDSS-SDSS,SDSS,2654,54231,23,2988144745936611328,26,binning 1   1,DR18
6388.5146,7.2921114,0.4943537,7.0807614,SDSS-SDSS,SDSS,2654,54231,23,2988144745936611328,26,binning 1   1,DR18
6389.988,6.805494,0.47193113,7.085954,SDSS-SDSS,SDSS,2654,54231,23,2988144745936611328,26,binning 1   1,DR18
6391.458,7.051746,0.4577786,7.1349554,SDSS-SDSS,SDSS,2654,54231,23,2988144745936611328,26,binning 1   1,DR18
6392.9316,6.300087,0.4471806,7.1604285,SDSS-SDSS,SDSS,2654,54231,23,2988144745936611328,26,binning 1   1,DR18
6394.4023,6.8052936,0.44865444,7.0232954,SDSS-SDSS,SDSS,2654,54231,23,2988144745936611328,26,binning 1   1,DR18
6395.877,7.2794857,0.45548165,7.090201,SDSS-SDSS,SDSS,2654,54231,23,2988144745936611328,26,binning 1   1,DR18
6397.348,6.4300866,0.4604706,7.1253543,SDSS-SDSS,SDSS,2654,54231,23,2988144745936611328,26,binning 1   1,DR18
6398.82,6.404683,0.47323933,7.0732026,SDSS-SDSS,SDSS,2654,54231,23,2988144745936611328,26,binning 1   1,DR18
6400.2954,6.6432633,0.46538064,7.057682,SDSS-SDSS,SDSS,2654,54231,23,2988144745936611328,26,binning 1   1,DR18
6401.768,6.0355983,0.44478667,7.069208,SDSS-SDSS,SDSS,2654,54231,23,2988144745936611328,26,binning 1   1,DR18
6403.244,7.2107306,0.4557993,7.016448,SDSS-SDSS,SDSS,2654,54231,23,2988144745936611328,26,binning 1   1,DR18
6404.7173,6.1869736,0.44539502,6.9996567,SDSS-SDSS,SDSS,2654,54231,23,2988144745936611328,26,binning 1   1,DR18
6406.1943,5.6884875,0.43843094,7.058478,SDSS-SDSS,SDSS,2654,54231,23,2988144745936611328,26,binning 1   1,DR18
6407.668,6.726786,0.45267695,7.1300373,SDSS-SDSS,SDSS,2654,54231,23,2988144745936611328,26,binning 1   1,DR18
6409.142,6.9888334,0.46459636,7.147392,SDSS-SDSS,SDSS,2654,54231,23,2988144745936611328,26,binning 1   1,DR18
6410.6196,6.73688,0.46195534,7.1168523,SDSS-SDSS,SDSS,2654,54231,23,2988144745936611328,26,binning 1   1,DR18
6412.0947,6.253642,0.4544822,7.03996,SDSS-SDSS,SDSS,2654,54231,23,2988144745936611328,26,binning 1   1,DR18
6413.573,6.462249,0.47458178,7.066965,SDSS-SDSS,SDSS,2654,54231,23,2988144745936611328,26,binning 1   1,DR18
6415.049,7.2156825,0.4802059,7.069576,SDSS-SDSS,SDSS,2654,54231,23,2988144745936611328,26,binning 1   1,DR18
6416.528,5.9991426,0.45732144,7.0472093,SDSS-SDSS,SDSS,2654,54231,23,2988144745936611328,26,binning 1   1,DR18
6418.004,5.9440713,0.44397563,7.0222244,SDSS-SDSS,SDSS,2654,54231,23,2988144745936611328,26,binning 1   1,DR18
6419.4805,6.5340986,0.45909995,6.935403,SDSS-SDSS,SDSS,2654,54231,23,2988144745936611328,26,binning 1   1,DR18
6420.961,5.7197075,0.45406708,7.0687513,SDSS-SDSS,SDSS,2654,54231,23,2988144745936611328,26,binning 1   1,DR18
6422.438,6.9157763,0.47145537,7.0120573,SDSS-SDSS,SDSS,2654,54231,23,2988144745936611328,26,binning 1   1,DR18
6423.919,6.227036,0.45348406,6.938293,SDSS-SDSS,SDSS,2654,54231,23,2988144745936611328,26,binning 1   1,DR18
6425.397,6.4869666,0.46855283,7.00303,SDSS-SDSS,SDSS,2654,54231,23,2988144745936611328,26,binning 1   1,DR18
6426.8784,6.5800147,0.4690286,7.080567,SDSS-SDSS,SDSS,2654,54231,23,2988144745936611328,26,binning 1   1,DR18
6428.357,7.3574424,0.4669795,6.9466662,SDSS-SDSS,SDSS,2654,54231,23,2988144745936611328,26,binning 1   1,DR18
6429.836,7.016437,0.47638375,6.8807817,SDSS-SDSS,SDSS,2654,54231,23,2988144745936611328,26,binning 1   1,DR18
6431.3184,7.071464,0.48923218,6.9382486,SDSS-SDSS,SDSS,2654,54231,23,2988144745936611328,26,binning 1   1,DR18
6432.798,7.015969,0.4746745,6.9590063,SDSS-SDSS,SDSS,2654,54231,23,2988144745936611328,26,binning 1   1,DR18
6434.2812,5.6823907,0.45297727,6.945857,SDSS-SDSS,SDSS,2654,54231,23,2988144745936611328,26,binning 1   1,DR18
6435.7617,5.8899174,0.45482394,6.94844,SDSS-SDSS,SDSS,2654,54231,23,2988144745936611328,26,binning 1   1,DR18
6437.2456,6.4554887,0.46724877,6.9004846,SDSS-SDSS,SDSS,2654,54231,23,2988144745936611328,26,binning 1   1,DR18
6438.7266,5.859798,0.46001685,6.8901634,SDSS-SDSS,SDSS,2654,54231,23,2988144745936611328,26,binning 1   1,DR18
6440.2114,6.3381996,0.4549842,7.02032,SDSS-SDSS,SDSS,2654,54231,23,2988144745936611328,26,binning 1   1,DR18
6441.693,6.603628,0.44698787,6.9777513,SDSS-SDSS,SDSS,2654,54231,23,2988144745936611328,26,binning 1   1,DR18
6443.175,6.1822567,0.44688323,6.878448,SDSS-SDSS,SDSS,2654,54231,23,2988144745936611328,26,binning 1   1,DR18
6444.6606,6.686627,0.4652859,6.9189887,SDSS-SDSS,SDSS,2654,54231,23,2988144745936611328,26,binning 1   1,DR18
6446.143,7.5912666,0.4863918,6.886379,SDSS-SDSS,SDSS,2654,54231,23,2988144745936611328,26,binning 1   1,DR18
6447.6294,6.479663,0.45574775,6.805196,SDSS-SDSS,SDSS,2654,54231,23,2988144745936611328,26,binning 1   1,DR18
6449.113,6.676157,0.45709667,6.9009724,SDSS-SDSS,SDSS,2654,54231,23,2988144745936611328,26,binning 1   1,DR18
6450.6,5.7043786,0.44629693,6.9162645,SDSS-SDSS,SDSS,2654,54231,23,2988144745936611328,26,binning 1   1,DR18
6452.084,6.9027653,0.4699016,6.8288803,SDSS-SDSS,SDSS,2654,54231,23,2988144745936611328,26,binning 1   1,DR18
6453.5684,7.478122,0.490189,6.819672,SDSS-SDSS,SDSS,2654,54231,23,2988144745936611328,26,binning 1   1,DR18
6455.0566,6.21246,0.47301102,6.9070077,SDSS-SDSS,SDSS,2654,54231,23,2988144745936611328,26,binning 1   1,DR18
6456.5415,6.6384897,0.49095562,6.8414106,SDSS-SDSS,SDSS,2654,54231,23,2988144745936611328,26,binning 1   1,DR18
6458.0303,6.84593,0.5089646,6.8174024,SDSS-SDSS,SDSS,2654,54231,23,2988144745936611328,26,binning 1   1,DR18
6459.516,7.0285435,0.5059481,6.826607,SDSS-SDSS,SDSS,2654,54231,23,2988144745936611328,26,binning 1   1,DR18
6461.0054,6.4616737,0.47494662,6.8044477,SDSS-SDSS,SDSS,2654,54231,23,2988144745936611328,26,binning 1   1,DR18
6462.4917,6.662925,0.46913734,6.769496,SDSS-SDSS,SDSS,2654,54231,23,2988144745936611328,26,binning 1   1,DR18
6463.9785,7.0015755,0.4959607,6.7977424,SDSS-SDSS,SDSS,2654,54231,23,2988144745936611328,26,binning 1   1,DR18
6465.469,7.197096,0.5304018,6.7542596,SDSS-SDSS,SDSS,2654,54231,23,2988144745936611328,26,binning 1   1,DR18
6466.9565,6.3537545,0.54178476,6.67674,SDSS-SDSS,SDSS,2654,54231,23,2988144745936611328,26,binning 1   1,DR18
6468.4478,5.4483323,0.5213204,6.627976,SDSS-SDSS,SDSS,2654,54231,23,2988144745936611328,26,binning 1   1,DR18
6469.936,5.9521003,0.523564,6.668091,SDSS-SDSS,SDSS,2654,54231,23,2988144745936611328,26,binning 1   1,DR18
6471.4277,6.406617,0.5392235,6.756586,SDSS-SDSS,SDSS,2654,54231,23,2988144745936611328,26,binning 1   1,DR18
6472.9165,7.465817,0.56328773,6.7608147,SDSS-SDSS,SDSS,2654,54231,23,2988144745936611328,26,binning 1   1,DR18
6474.406,6.6734514,0.5111728,6.8027387,SDSS-SDSS,SDSS,2654,54231,23,2988144745936611328,26,binning 1   1,DR18
6475.8984,6.621439,0.4740398,6.81709,SDSS-SDSS,SDSS,2654,54231,23,2988144745936611328,26,binning 1   1,DR18
6477.388,5.3466167,0.4588534,6.8215632,SDSS-SDSS,SDSS,2654,54231,23,2988144745936611328,26,binning 1   1,DR18
6478.882,6.3515654,0.47770584,6.8504534,SDSS-SDSS,SDSS,2654,54231,23,2988144745936611328,26,binning 1   1,DR18
6480.3726,6.46786,0.46772915,6.907431,SDSS-SDSS,SDSS,2654,54231,23,2988144745936611328,26,binning 1   1,DR18
6481.8667,7.608936,0.4768144,6.943313,SDSS-SDSS,SDSS,2654,54231,23,2988144745936611328,26,binning 1   1,DR18
6483.358,6.473869,0.4613359,6.87439,SDSS-SDSS,SDSS,2654,54231,23,2988144745936611328,26,binning 1   1,DR18
6484.8496,6.562675,0.4560779,6.8462853,SDSS-SDSS,SDSS,2654,54231,23,2988144745936611328,26,binning 1   1,DR18
6486.3447,7.294056,0.4468362,6.74814,SDSS-SDSS,SDSS,2654,54231,23,2988144745936611328,26,binning 1   1,DR18
6487.837,7.0889797,0.4501321,6.7300863,SDSS-SDSS,SDSS,2654,54231,23,2988144745936611328,26,binning 1   1,DR18
6489.333,7.0151863,0.4600798,6.873739,SDSS-SDSS,SDSS,2654,54231,23,2988144745936611328,26,binning 1   1,DR18
6490.826,6.0830097,0.46045092,6.8831105,SDSS-SDSS,SDSS,2654,54231,23,2988144745936611328,26,binning 1   1,DR18
6492.3228,6.741124,0.45655692,6.8852067,SDSS-SDSS,SDSS,2654,54231,23,2988144745936611328,26,binning 1   1,DR18
6493.8164,6.2179747,0.4352596,6.828914,SDSS-SDSS,SDSS,2654,54231,23,2988144745936611328,26,binning 1   1,DR18
6495.31,6.923514,0.43942705,6.817807,SDSS-SDSS,SDSS,2654,54231,23,2988144745936611328,26,binning 1   1,DR18
6496.808,8.169124,0.49760592,6.822055,SDSS-SDSS,SDSS,2654,54231,23,2988144745936611328,26,binning 1   1,DR18
6498.3027,7.3888927,0.5767424,6.8019514,SDSS-SDSS,SDSS,2654,54231,23,2988144745936611328,26,binning 1   1,DR18
6499.8013,7.3918242,0.64126015,6.8492546,SDSS-SDSS,SDSS,2654,54231,23,2988144745936611328,26,binning 1   1,DR18
6501.2964,7.413103,0.58954746,6.857295,SDSS-SDSS,SDSS,2654,54231,23,2988144745936611328,26,binning 1   1,DR18
6502.7954,6.6679864,0.5184697,6.7957454,SDSS-SDSS,SDSS,2654,54231,23,2988144745936611328,26,binning 1   1,DR18
6504.2915,7.045704,0.5172867,6.7723536,SDSS-SDSS,SDSS,2654,54231,23,2988144745936611328,26,binning 1   1,DR18
6505.7876,6.8764114,0.5271212,6.802831,SDSS-SDSS,SDSS,2654,54231,23,2988144745936611328,26,binning 1   1,DR18
6507.288,6.445031,0.49263832,6.8195624,SDSS-SDSS,SDSS,2654,54231,23,2988144745936611328,26,binning 1   1,DR18
6508.785,7.4925213,0.46474075,6.7836957,SDSS-SDSS,SDSS,2654,54231,23,2988144745936611328,26,binning 1   1,DR18
6510.286,6.2920175,0.4277,6.7580113,SDSS-SDSS,SDSS,2654,54231,23,2988144745936611328,26,binning 1   1,DR18
6511.7837,7.0261955,0.43675163,6.7702875,SDSS-SDSS,SDSS,2654,54231,23,2988144745936611328,26,binning 1   1,DR18
6513.285,6.986758,0.43726915,6.7851825,SDSS-SDSS,SDSS,2654,54231,23,2988144745936611328,26,binning 1   1,DR18
6514.7837,6.6466713,0.4434274,6.7988205,SDSS-SDSS,SDSS,2654,54231,23,2988144745936611328,26,binning 1   1,DR18
6516.282,6.4001865,0.4330741,6.79634,SDSS-SDSS,SDSS,2654,54231,23,2988144745936611328,26,binning 1   1,DR18
6517.785,6.310528,0.41948766,6.756726,SDSS-SDSS,SDSS,2654,54231,23,2988144745936611328,26,binning 1   1,DR18
6519.284,7.117169,0.43723533,6.8571644,SDSS-SDSS,SDSS,2654,54231,23,2988144745936611328,26,binning 1   1,DR18
6520.7876,7.3201356,0.47665253,6.8750443,SDSS-SDSS,SDSS,2654,54231,23,2988144745936611328,26,binning 1   1,DR18
6522.2876,7.9647436,0.51621103,6.745792,SDSS-SDSS,SDSS,2654,54231,23,2988144745936611328,26,binning 1   1,DR18
6523.792,7.712258,0.4965216,6.7025003,SDSS-SDSS,SDSS,2654,54231,23,2988144745936611328,26,binning 1   1,DR18
6525.2925,7.5048037,0.46905214,6.8393803,SDSS-SDSS,SDSS,2654,54231,23,2988144745936611328,26,binning 1   1,DR18
6526.794,7.2122216,0.4436246,6.8567047,SDSS-SDSS,SDSS,2654,54231,23,2988144745936611328,26,binning 1   1,DR18
6528.299,6.6706524,0.42831984,6.8446937,SDSS-SDSS,SDSS,2654,54231,23,2988144745936611328,26,binning 1   1,DR18
6529.801,6.9962163,0.4469204,6.8270946,SDSS-SDSS,SDSS,2654,54231,23,2988144745936611328,26,binning 1   1,DR18
6531.306,7.3824615,0.48084515,6.7633677,SDSS-SDSS,SDSS,2654,54231,23,2988144745936611328,26,binning 1   1,DR18
6532.809,7.017499,0.55264044,6.720735,SDSS-SDSS,SDSS,2654,54231,23,2988144745936611328,26,binning 1   1,DR18
6534.3154,6.3976893,0.594791,6.7701364,SDSS-SDSS,SDSS,2654,54231,23,2988144745936611328,26,binning 1   1,DR18
6535.8184,6.346378,0.5440406,6.8370047,SDSS-SDSS,SDSS,2654,54231,23,2988144745936611328,26,binning 1   1,DR18
6537.3223,6.8813534,0.46626106,6.8122907,SDSS-SDSS,SDSS,2654,54231,23,2988144745936611328,26,binning 1   1,DR18
6538.8296,7.2176814,0.4349148,6.767637,SDSS-SDSS,SDSS,2654,54231,23,2988144745936611328,26,binning 1   1,DR18
6540.334,5.8188486,0.4798237,6.716871,SDSS-SDSS,SDSS,2654,54231,23,2988144745936611328,26,binning 1   1,DR18
6541.8423,7.376318,0.5219261,6.736193,SDSS-SDSS,SDSS,2654,54231,23,2988144745936611328,26,binning 1   1,DR18
6543.347,7.4105043,0.4895251,6.8028536,SDSS-SDSS,SDSS,2654,54231,23,2988144745936611328,26,binning 1   1,DR18
6544.856,6.6258707,0.5035486,6.738813,SDSS-SDSS,SDSS,2654,54231,23,2988144745936611328,26,binning 1   1,DR18
6546.3613,6.711097,0.50728375,6.7387705,SDSS-SDSS,SDSS,2654,54231,23,2988144745936611328,26,binning 1   1,DR18
6547.8677,7.473377,0.4979286,6.735674,SDSS-SDSS,SDSS,2654,54231,23,2988144745936611328,26,binning 1   1,DR18
6549.3774,7.5569105,0.46774787,6.7363887,SDSS-SDSS,SDSS,2654,54231,23,2988144745936611328,26,binning 1   1,DR18
6550.8843,7.8684616,0.48937136,6.7362504,SDSS-SDSS,SDSS,2654,54231,23,2988144745936611328,26,binning 1   1,DR18
6552.3945,8.892238,0.5555752,6.714161,SDSS-SDSS,SDSS,2654,54231,23,2988144745936611328,26,binning 1   1,DR18
6553.902,8.766062,0.60111463,6.675598,SDSS-SDSS,SDSS,2654,54231,23,2988144745936611328,26,binning 1   1,DR18
6555.4136,10.36623,0.60761154,6.6523867,SDSS-SDSS,SDSS,2654,54231,23,2988144745936611328,26,binning 1   1,DR18
6556.9214,11.247954,0.5971617,6.7015877,SDSS-SDSS,SDSS,2654,54231,23,2988144745936611328,26,binning 1   1,DR18
6558.4336,11.327898,0.5622575,6.7469187,SDSS-SDSS,SDSS,2654,54231,23,2988144745936611328,26,binning 1   1,DR18
6559.9424,9.923065,0.65694195,6.734761,SDSS-SDSS,SDSS,2654,54231,23,2988144745936611328,26,binning 1   1,DR18
6561.451,10.182561,0.6513664,6.6963787,SDSS-SDSS,SDSS,2654,54231,23,2988144745936611328,26,binning 1   1,DR18
6562.9644,13.534144,0.7975685,6.711109,SDSS-SDSS,SDSS,2654,54231,23,2988144745936611328,26,binning 1   1,DR18
6564.474,13.000213,0.9910744,6.7545295,SDSS-SDSS,SDSS,2654,54231,23,2988144745936611328,26,binning 1   1,DR18
6565.988,10.029808,0.61444074,6.7670093,SDSS-SDSS,SDSS,2654,54231,23,2988144745936611328,26,binning 1   1,DR18
6567.4985,10.423328,0.5975147,6.747921,SDSS-SDSS,SDSS,2654,54231,23,2988144745936611328,26,binning 1   1,DR18
6569.0127,10.238304,0.6092401,6.698639,SDSS-SDSS,SDSS,2654,54231,23,2988144745936611328,26,binning 1   1,DR18
6570.524,11.2282915,0.63733673,6.6791873,SDSS-SDSS,SDSS,2654,54231,23,2988144745936611328,26,binning 1   1,DR18
6572.0356,10.828743,0.6389309,6.77485,SDSS-SDSS,SDSS,2654,54231,23,2988144745936611328,26,binning 1   1,DR18
6573.5513,12.156535,0.6265728,6.7675486,SDSS-SDSS,SDSS,2654,54231,23,2988144745936611328,26,binning 1   1,DR18
6575.0635,11.835603,0.64375883,6.7785406,SDSS-SDSS,SDSS,2654,54231,23,2988144745936611328,26,binning 1   1,DR18
6576.5796,9.0547085,0.6538888,6.781402,SDSS-SDSS,SDSS,2654,54231,23,2988144745936611328,26,binning 1   1,DR18
6578.0923,10.946795,0.715613,6.722793,SDSS-SDSS,SDSS,2654,54231,23,2988144745936611328,26,binning 1   1,DR18
6579.6094,10.772477,0.61218643,6.67338,SDSS-SDSS,SDSS,2654,54231,23,2988144745936611328,26,binning 1   1,DR18
6581.123,8.528373,0.518813,6.7617445,SDSS-SDSS,SDSS,2654,54231,23,2988144745936611328,26,binning 1   1,DR18
6582.637,10.224259,0.51298183,6.7182765,SDSS-SDSS,SDSS,2654,54231,23,2988144745936611328,26,binning 1   1,DR18
6584.155,8.811194,0.48989025,6.7289047,SDSS-SDSS,SDSS,2654,54231,23,2988144745936611328,26,binning 1   1,DR18
6585.6694,8.639977,0.49334306,6.719318,SDSS-SDSS,SDSS,2654,54231,23,2988144745936611328,26,binning 1   1,DR18
6587.1885,8.424734,0.47760546,6.6634307,SDSS-SDSS,SDSS,2654,54231,23,2988144745936611328,26,binning 1   1,DR18
6588.7036,9.274201,0.49232063,6.627787,SDSS-SDSS,SDSS,2654,54231,23,2988144745936611328,26,binning 1   1,DR18
6590.223,8.478934,0.48145434,6.6535306,SDSS-SDSS,SDSS,2654,54231,23,2988144745936611328,26,binning 1   1,DR18
6591.7393,8.108371,0.47765142,6.6894846,SDSS-SDSS,SDSS,2654,54231,23,2988144745936611328,26,binning 1   1,DR18
6593.2554,8.341785,0.47637784,6.7036138,SDSS-SDSS,SDSS,2654,54231,23,2988144745936611328,26,binning 1   1,DR18
6594.776,7.862676,0.4735571,6.641791,SDSS-SDSS,SDSS,2654,54231,23,2988144745936611328,26,binning 1   1,DR18
6596.293,7.503696,0.47225824,6.5985107,SDSS-SDSS,SDSS,2654,54231,23,2988144745936611328,26,binning 1   1,DR18
6597.814,7.035051,0.48065713,6.6262507,SDSS-SDSS,SDSS,2654,54231,23,2988144745936611328,26,binning 1   1,DR18
6599.332,6.836601,0.49926063,6.5945873,SDSS-SDSS,SDSS,2654,54231,23,2988144745936611328,26,binning 1   1,DR18
6600.8535,7.421567,0.50398964,6.597294,SDSS-SDSS,SDSS,2654,54231,23,2988144745936611328,26,binning 1   1,DR18
6602.372,7.0259223,0.49120027,6.6113625,SDSS-SDSS,SDSS,2654,54231,23,2988144745936611328,26,binning 1   1,DR18
6603.891,7.029413,0.49399132,6.6364884,SDSS-SDSS,SDSS,2654,54231,23,2988144745936611328,26,binning 1   1,DR18
6605.414,7.492941,0.6300387,6.650306,SDSS-SDSS,SDSS,2654,54231,23,2988144745936611328,26,binning 1   1,DR18
6606.9336,6.618151,0.6125783,6.635447,SDSS-SDSS,SDSS,2654,54231,23,2988144745936611328,26,binning 1   1,DR18
6608.457,7.9768224,0.515634,6.621285,SDSS-SDSS,SDSS,2654,54231,23,2988144745936611328,26,binning 1   1,DR18
6609.977,6.8055334,0.5201265,6.630889,SDSS-SDSS,SDSS,2654,54231,23,2988144745936611328,26,binning 1   1,DR18
6611.5015,6.309728,0.5145827,6.6040874,SDSS-SDSS,SDSS,2654,54231,23,2988144745936611328,26,binning 1   1,DR18
6613.0225,7.623644,0.47071114,6.6007185,SDSS-SDSS,SDSS,2654,54231,23,2988144745936611328,26,binning 1   1,DR18
6614.544,7.3906474,0.47380224,6.617432,SDSS-SDSS,SDSS,2654,54231,23,2988144745936611328,26,binning 1   1,DR18
6616.0693,7.234027,0.46804893,6.6907163,SDSS-SDSS,SDSS,2654,54231,23,2988144745936611328,26,binning 1   1,DR18
6617.5913,7.2283287,0.46065903,6.8840938,SDSS-SDSS,SDSS,2654,54231,23,2988144745936611328,26,binning 1   1,DR18
6619.117,7.5873857,0.4665434,6.7761693,SDSS-SDSS,SDSS,2654,54231,23,2988144745936611328,26,binning 1   1,DR18
6620.6396,5.7756205,0.43405655,6.7259455,SDSS-SDSS,SDSS,2654,54231,23,2988144745936611328,26,binning 1   1,DR18
6622.1665,6.510706,0.44371328,6.7030187,SDSS-SDSS,SDSS,2654,54231,23,2988144745936611328,26,binning 1   1,DR18
6623.69,6.9164414,0.44573045,6.6646743,SDSS-SDSS,SDSS,2654,54231,23,2988144745936611328,26,binning 1   1,DR18
6625.214,7.4874096,0.4536107,6.6140995,SDSS-SDSS,SDSS,2654,54231,23,2988144745936611328,26,binning 1   1,DR18
6626.7417,5.9615192,0.50626343,6.537432,SDSS-SDSS,SDSS,2654,54231,23,2988144745936611328,26,binning 1   1,DR18
6628.266,6.575109,0.5155503,6.573444,SDSS-SDSS,SDSS,2654,54231,23,2988144745936611328,26,binning 1   1,DR18
6629.7944,7.171863,0.45554486,6.531251,SDSS-SDSS,SDSS,2654,54231,23,2988144745936611328,26,binning 1   1,DR18
6631.32,6.293931,0.4453832,6.5325108,SDSS-SDSS,SDSS,2654,54231,23,2988144745936611328,26,binning 1   1,DR18
6632.8486,7.0396237,0.45863813,6.588635,SDSS-SDSS,SDSS,2654,54231,23,2988144745936611328,26,binning 1   1,DR18
6634.3745,7.4648128,0.47995487,6.5799437,SDSS-SDSS,SDSS,2654,54231,23,2988144745936611328,26,binning 1   1,DR18
6635.901,6.5867047,0.50473475,6.4789615,SDSS-SDSS,SDSS,2654,54231,23,2988144745936611328,26,binning 1   1,DR18
6637.431,7.1944847,0.5243683,6.502388,SDSS-SDSS,SDSS,2654,54231,23,2988144745936611328,26,binning 1   1,DR18
6638.958,7.8752775,0.5028855,6.5080094,SDSS-SDSS,SDSS,2654,54231,23,2988144745936611328,26,binning 1   1,DR18
6640.489,7.239515,0.46264535,6.5229774,SDSS-SDSS,SDSS,2654,54231,23,2988144745936611328,26,binning 1   1,DR18
6642.0166,6.708347,0.5047568,6.5304747,SDSS-SDSS,SDSS,2654,54231,23,2988144745936611328,26,binning 1   1,DR18
6643.5483,6.3759117,0.50207084,6.5234647,SDSS-SDSS,SDSS,2654,54231,23,2988144745936611328,26,binning 1   1,DR18
6645.0767,7.01743,0.450306,6.5651884,SDSS-SDSS,SDSS,2654,54231,23,2988144745936611328,26,binning 1   1,DR18
6646.6055,7.778077,0.4720706,6.5069046,SDSS-SDSS,SDSS,2654,54231,23,2988144745936611328,26,binning 1   1,DR18
6648.138,6.985698,0.4690427,6.5033216,SDSS-SDSS,SDSS,2654,54231,23,2988144745936611328,26,binning 1   1,DR18
6649.6675,7.2203317,0.46537337,6.5936546,SDSS-SDSS,SDSS,2654,54231,23,2988144745936611328,26,binning 1   1,DR18
6651.2007,7.053134,0.45447108,6.5968966,SDSS-SDSS,SDSS,2654,54231,23,2988144745936611328,26,binning 1   1,DR18
6652.731,6.3010116,0.46038476,6.475266,SDSS-SDSS,SDSS,2654,54231,23,2988144745936611328,26,binning 1   1,DR18
6654.265,6.8735085,0.48721525,6.504373,SDSS-SDSS,SDSS,2654,54231,23,2988144745936611328,26,binning 1   1,DR18
6655.796,7.316322,0.48595712,6.505196,SDSS-SDSS,SDSS,2654,54231,23,2988144745936611328,26,binning 1   1,DR18
6657.327,6.3605165,0.44918793,6.476737,SDSS-SDSS,SDSS,2654,54231,23,2988144745936611328,26,binning 1   1,DR18
6658.8623,7.698304,0.4653221,6.5004697,SDSS-SDSS,SDSS,2654,54231,23,2988144745936611328,26,binning 1   1,DR18
6660.394,8.0540085,0.4678269,6.5174174,SDSS-SDSS,SDSS,2654,54231,23,2988144745936611328,26,binning 1   1,DR18
6661.9297,6.441109,0.5146365,6.470046,SDSS-SDSS,SDSS,2654,54231,23,2988144745936611328,26,binning 1   1,DR18
6663.4624,6.6855426,0.52115154,6.4606338,SDSS-SDSS,SDSS,2654,54231,23,2988144745936611328,26,binning 1   1,DR18
6664.999,6.394337,0.4446702,6.497984,SDSS-SDSS,SDSS,2654,54231,23,2988144745936611328,26,binning 1   1,DR18
6666.532,7.323839,0.45981035,6.412272,SDSS-SDSS,SDSS,2654,54231,23,2988144745936611328,26,binning 1   1,DR18
6668.066,6.727719,0.47209448,6.4625764,SDSS-SDSS,SDSS,2654,54231,23,2988144745936611328,26,binning 1   1,DR18
6669.6035,6.7708387,0.47945696,6.4631333,SDSS-SDSS,SDSS,2654,54231,23,2988144745936611328,26,binning 1   1,DR18
6671.1377,7.176738,0.4626196,6.3306603,SDSS-SDSS,SDSS,2654,54231,23,2988144745936611328,26,binning 1   1,DR18
6672.6763,7.1914124,0.44603786,6.5199156,SDSS-SDSS,SDSS,2654,54231,23,2988144745936611328,26,binning 1   1,DR18
6674.2114,7.29739,0.4679097,6.496019,SDSS-SDSS,SDSS,2654,54231,23,2988144745936611328,26,binning 1   1,DR18
6675.7505,7.683985,0.51504385,6.45264,SDSS-SDSS,SDSS,2654,54231,23,2988144745936611328,26,binning 1   1,DR18
6677.286,8.372469,0.5195885,6.488848,SDSS-SDSS,SDSS,2654,54231,23,2988144745936611328,26,binning 1   1,DR18
6678.8257,7.7032013,0.48786718,6.4787273,SDSS-SDSS,SDSS,2654,54231,23,2988144745936611328,26,binning 1   1,DR18
6680.3623,7.3284163,0.50712687,6.382245,SDSS-SDSS,SDSS,2654,54231,23,2988144745936611328,26,binning 1   1,DR18
6681.899,5.858333,0.49425906,6.398445,SDSS-SDSS,SDSS,2654,54231,23,2988144745936611328,26,binning 1   1,DR18
6683.44,6.825164,0.45564952,6.3827543,SDSS-SDSS,SDSS,2654,54231,23,2988144745936611328,26,binning 1   1,DR18
6684.9775,7.140313,0.45682922,6.381823,SDSS-SDSS,SDSS,2654,54231,23,2988144745936611328,26,binning 1   1,DR18
6686.519,7.2549767,0.44855958,6.428374,SDSS-SDSS,SDSS,2654,54231,23,2988144745936611328,26,binning 1   1,DR18
6688.057,8.026838,0.45902738,6.441814,SDSS-SDSS,SDSS,2654,54231,23,2988144745936611328,26,binning 1   1,DR18
6689.5996,6.672434,0.5163482,6.4029284,SDSS-SDSS,SDSS,2654,54231,23,2988144745936611328,26,binning 1   1,DR18
6691.138,7.7167797,0.53383857,6.428911,SDSS-SDSS,SDSS,2654,54231,23,2988144745936611328,26,binning 1   1,DR18
6692.6777,6.9580793,0.4584705,6.363513,SDSS-SDSS,SDSS,2654,54231,23,2988144745936611328,26,binning 1   1,DR18
6694.221,7.0789413,0.45409834,6.391354,SDSS-SDSS,SDSS,2654,54231,23,2988144745936611328,26,binning 1   1,DR18
6695.7607,6.8143406,0.4372784,6.3982244,SDSS-SDSS,SDSS,2654,54231,23,2988144745936611328,26,binning 1   1,DR18
6697.305,7.0308585,0.43696684,6.3652024,SDSS-SDSS,SDSS,2654,54231,23,2988144745936611328,26,binning 1   1,DR18
6698.8457,7.0259976,0.44037378,6.3747063,SDSS-SDSS,SDSS,2654,54231,23,2988144745936611328,26,binning 1   1,DR18
6700.3906,6.5993834,0.4435442,6.443574,SDSS-SDSS,SDSS,2654,54231,23,2988144745936611328,26,binning 1   1,DR18
6701.9316,6.5056224,0.44533217,6.5191016,SDSS-SDSS,SDSS,2654,54231,23,2988144745936611328,26,binning 1   1,DR18
6703.4736,6.692996,0.43804452,6.586515,SDSS-SDSS,SDSS,2654,54231,23,2988144745936611328,26,binning 1   1,DR18
6705.0195,6.4445276,0.43455663,6.535184,SDSS-SDSS,SDSS,2654,54231,23,2988144745936611328,26,binning 1   1,DR18
6706.562,6.483385,0.4414567,6.4384246,SDSS-SDSS,SDSS,2654,54231,23,2988144745936611328,26,binning 1   1,DR18
6708.1084,6.882615,0.45422187,6.4078255,SDSS-SDSS,SDSS,2654,54231,23,2988144745936611328,26,binning 1   1,DR18
6709.652,6.920034,0.44341,6.3776894,SDSS-SDSS,SDSS,2654,54231,23,2988144745936611328,26,binning 1   1,DR18
6711.1987,6.795398,0.43056497,6.2939906,SDSS-SDSS,SDSS,2654,54231,23,2988144745936611328,26,binning 1   1,DR18
6712.7427,7.1605706,0.4378932,6.280006,SDSS-SDSS,SDSS,2654,54231,23,2988144745936611328,26,binning 1   1,DR18
6714.287,7.213491,0.43629852,6.3378186,SDSS-SDSS,SDSS,2654,54231,23,2988144745936611328,26,binning 1   1,DR18
6715.8354,6.975908,0.42792475,6.35708,SDSS-SDSS,SDSS,2654,54231,23,2988144745936611328,26,binning 1   1,DR18
6717.3804,6.588032,0.48473322,6.3198276,SDSS-SDSS,SDSS,2654,54231,23,2988144745936611328,26,binning 1   1,DR18
6718.929,6.3907375,0.48023188,6.371619,SDSS-SDSS,SDSS,2654,54231,23,2988144745936611328,26,binning 1   1,DR18
6720.475,6.4497004,0.42047963,6.3907766,SDSS-SDSS,SDSS,2654,54231,23,2988144745936611328,26,binning 1   1,DR18
6722.025,6.4240313,0.42234004,6.3832564,SDSS-SDSS,SDSS,2654,54231,23,2988144745936611328,26,binning 1   1,DR18
6723.5713,7.237095,0.4283589,6.392292,SDSS-SDSS,SDSS,2654,54231,23,2988144745936611328,26,binning 1   1,DR18
6725.1177,6.61236,0.41585934,6.4809465,SDSS-SDSS,SDSS,2654,54231,23,2988144745936611328,26,binning 1   1,DR18
6726.6685,6.6011505,0.42291534,6.608223,SDSS-SDSS,SDSS,2654,54231,23,2988144745936611328,26,binning 1   1,DR18
6728.2163,7.0629015,0.4365948,6.5921974,SDSS-SDSS,SDSS,2654,54231,23,2988144745936611328,26,binning 1   1,DR18
6729.7676,6.700937,0.43025962,6.461099,SDSS-SDSS,SDSS,2654,54231,23,2988144745936611328,26,binning 1   1,DR18
6731.316,6.202659,0.40710577,6.3207054,SDSS-SDSS,SDSS,2654,54231,23,2988144745936611328,26,binning 1   1,DR18
6732.868,6.7863097,0.4109007,6.2824116,SDSS-SDSS,SDSS,2654,54231,23,2988144745936611328,26,binning 1   1,DR18
6734.417,7.477041,0.41578838,6.2943497,SDSS-SDSS,SDSS,2654,54231,23,2988144745936611328,26,binning 1   1,DR18
6735.9663,6.3098955,0.42096576,6.294309,SDSS-SDSS,SDSS,2654,54231,23,2988144745936611328,26,binning 1   1,DR18
6737.5195,5.821444,0.42554006,6.3395853,SDSS-SDSS,SDSS,2654,54231,23,2988144745936611328,26,binning 1   1,DR18
6739.0693,6.656587,0.4261087,6.3303576,SDSS-SDSS,SDSS,2654,54231,23,2988144745936611328,26,binning 1   1,DR18
6740.6235,6.233605,0.41717547,6.3070273,SDSS-SDSS,SDSS,2654,54231,23,2988144745936611328,26,binning 1   1,DR18
6742.1743,5.861962,0.40995824,6.272868,SDSS-SDSS,SDSS,2654,54231,23,2988144745936611328,26,binning 1   1,DR18
6743.729,6.6179814,0.42248234,6.220272,SDSS-SDSS,SDSS,2654,54231,23,2988144745936611328,26,binning 1   1,DR18
6745.2803,7.145008,0.4256279,6.1986356,SDSS-SDSS,SDSS,2654,54231,23,2988144745936611328,26,binning 1   1,DR18
6746.832,6.797523,0.41303247,6.2660384,SDSS-SDSS,SDSS,2654,54231,23,2988144745936611328,26,binning 1   1,DR18
6748.3877,5.997152,0.4109271,6.2169523,SDSS-SDSS,SDSS,2654,54231,23,2988144745936611328,26,binning 1   1,DR18
6749.9404,6.1526947,0.4238685,6.246857,SDSS-SDSS,SDSS,2654,54231,23,2988144745936611328,26,binning 1   1,DR18
6751.4966,6.5370784,0.42162436,6.274115,SDSS-SDSS,SDSS,2654,54231,23,2988144745936611328,26,binning 1   1,DR18
6753.05,6.469975,0.39814895,6.2370896,SDSS-SDSS,SDSS,2654,54231,23,2988144745936611328,26,binning 1   1,DR18
6754.607,6.3195515,0.38506895,6.200905,SDSS-SDSS,SDSS,2654,54231,23,2988144745936611328,26,binning 1   1,DR18
6756.161,5.1039376,0.43972045,6.253761,SDSS-SDSS,SDSS,2654,54231,23,2988144745936611328,26,binning 1   1,DR18
6757.7153,6.00035,0.46358743,6.2626543,SDSS-SDSS,SDSS,2654,54231,23,2988144745936611328,26,binning 1   1,DR18
6759.2734,6.464053,0.40622422,6.2256546,SDSS-SDSS,SDSS,2654,54231,23,2988144745936611328,26,binning 1   1,DR18
6760.8286,5.9834695,0.39221272,6.190837,SDSS-SDSS,SDSS,2654,54231,23,2988144745936611328,26,binning 1   1,DR18
6762.3877,6.7538743,0.3985284,6.1752286,SDSS-SDSS,SDSS,2654,54231,23,2988144745936611328,26,binning 1   1,DR18
6763.9434,6.93835,0.41404247,6.184962,SDSS-SDSS,SDSS,2654,54231,23,2988144745936611328,26,binning 1   1,DR18
6765.503,6.143221,0.41459358,6.222519,SDSS-SDSS,SDSS,2654,54231,23,2988144745936611328,26,binning 1   1,DR18
6767.0596,5.7699833,0.40403163,6.1924367,SDSS-SDSS,SDSS,2654,54231,23,2988144745936611328,26,binning 1   1,DR18
6768.616,5.8743114,0.44013715,6.1288843,SDSS-SDSS,SDSS,2654,54231,23,2988144745936611328,26,binning 1   1,DR18
6770.1772,5.8834434,0.43688086,6.118362,SDSS-SDSS,SDSS,2654,54231,23,2988144745936611328,26,binning 1   1,DR18
6771.7344,6.712704,0.39218357,6.1399164,SDSS-SDSS,SDSS,2654,54231,23,2988144745936611328,26,binning 1   1,DR18
6773.296,7.1430564,0.40065932,6.1336956,SDSS-SDSS,SDSS,2654,54231,23,2988144745936611328,26,binning 1   1,DR18
6774.854,6.038542,0.40178937,6.109643,SDSS-SDSS,SDSS,2654,54231,23,2988144745936611328,26,binning 1   1,DR18
6776.4165,6.8653016,0.4137816,6.094529,SDSS-SDSS,SDSS,2654,54231,23,2988144745936611328,26,binning 1   1,DR18
6777.9756,6.154616,0.4005137,6.1293178,SDSS-SDSS,SDSS,2654,54231,23,2988144745936611328,26,binning 1   1,DR18
6779.5347,6.5445333,0.39198253,6.132189,SDSS-SDSS,SDSS,2654,54231,23,2988144745936611328,26,binning 1   1,DR18
6781.098,6.2290716,0.38162908,6.094942,SDSS-SDSS,SDSS,2654,54231,23,2988144745936611328,26,binning 1   1,DR18
6782.658,5.9762273,0.38567513,6.025514,SDSS-SDSS,SDSS,2654,54231,23,2988144745936611328,26,binning 1   1,DR18
6784.222,6.5331407,0.3983203,5.9216433,SDSS-SDSS,SDSS,2654,54231,23,2988144745936611328,26,binning 1   1,DR18
6785.7827,6.573112,0.41762838,6.0402904,SDSS-SDSS,SDSS,2654,54231,23,2988144745936611328,26,binning 1   1,DR18
6787.3477,5.6390424,0.48840007,6.063473,SDSS-SDSS,SDSS,2654,54231,23,2988144745936611328,26,binning 1   1,DR18
6788.909,5.9241934,0.46945265,6.0536885,SDSS-SDSS,SDSS,2654,54231,23,2988144745936611328,26,binning 1   1,DR18
6790.4707,6.1877413,0.39921975,6.0578423,SDSS-SDSS,SDSS,2654,54231,23,2988144745936611328,26,binning 1   1,DR18
6792.0366,6.2623715,0.39503884,6.0178914,SDSS-SDSS,SDSS,2654,54231,23,2988144745936611328,26,binning 1   1,DR18
6793.599,6.312681,0.3907287,5.91763,SDSS-SDSS,SDSS,2654,54231,23,2988144745936611328,26,binning 1   1,DR18
6795.1655,5.207756,0.42359433,5.9154305,SDSS-SDSS,SDSS,2654,54231,23,2988144745936611328,26,binning 1   1,DR18
6796.729,6.4609323,0.45028463,5.9545884,SDSS-SDSS,SDSS,2654,54231,23,2988144745936611328,26,binning 1   1,DR18
6798.2964,6.0388346,0.38752174,5.996408,SDSS-SDSS,SDSS,2654,54231,23,2988144745936611328,26,binning 1   1,DR18
6799.8604,6.353216,0.39129844,6.0092635,SDSS-SDSS,SDSS,2654,54231,23,2988144745936611328,26,binning 1   1,DR18
6801.428,6.5291896,0.39881387,5.9967175,SDSS-SDSS,SDSS,2654,54231,23,2988144745936611328,26,binning 1   1,DR18
6802.9927,6.4224033,0.4093289,6.0037317,SDSS-SDSS,SDSS,2654,54231,23,2988144745936611328,26,binning 1   1,DR18
6804.558,6.661302,0.42132932,5.9856896,SDSS-SDSS,SDSS,2654,54231,23,2988144745936611328,26,binning 1   1,DR18
6806.127,6.4501367,0.41878968,6.0019646,SDSS-SDSS,SDSS,2654,54231,23,2988144745936611328,26,binning 1   1,DR18
6807.693,5.996893,0.40576378,5.980088,SDSS-SDSS,SDSS,2654,54231,23,2988144745936611328,26,binning 1   1,DR18
6809.2627,6.20158,0.40186554,5.951023,SDSS-SDSS,SDSS,2654,54231,23,2988144745936611328,26,binning 1   1,DR18
6810.829,6.4919987,0.41160488,5.9537535,SDSS-SDSS,SDSS,2654,54231,23,2988144745936611328,26,binning 1   1,DR18
6812.3994,6.2883058,0.40662926,5.915126,SDSS-SDSS,SDSS,2654,54231,23,2988144745936611328,26,binning 1   1,DR18
6813.967,6.136091,0.3985383,5.909093,SDSS-SDSS,SDSS,2654,54231,23,2988144745936611328,26,binning 1   1,DR18
6815.534,6.5119863,0.39881885,5.9581113,SDSS-SDSS,SDSS,2654,54231,23,2988144745936611328,26,binning 1   1,DR18
6817.106,6.2207623,0.3953666,5.9672594,SDSS-SDSS,SDSS,2654,54231,23,2988144745936611328,26,binning 1   1,DR18
6818.6743,5.9401593,0.39820576,5.958325,SDSS-SDSS,SDSS,2654,54231,23,2988144745936611328,26,binning 1   1,DR18
6820.2466,6.37896,0.41396177,5.980946,SDSS-SDSS,SDSS,2654,54231,23,2988144745936611328,26,binning 1   1,DR18
6821.8154,6.3872914,0.42058945,5.9804616,SDSS-SDSS,SDSS,2654,54231,23,2988144745936611328,26,binning 1   1,DR18
6823.3887,6.4757915,0.48628488,5.974483,SDSS-SDSS,SDSS,2654,54231,23,2988144745936611328,26,binning 1   1,DR18
6824.9585,5.118952,0.48679876,6.02083,SDSS-SDSS,SDSS,2654,54231,23,2988144745936611328,26,binning 1   1,DR18
6826.5283,5.7303257,0.45692223,6.011807,SDSS-SDSS,SDSS,2654,54231,23,2988144745936611328,26,binning 1   1,DR18
6828.1025,6.5034,0.5150832,5.9859242,SDSS-SDSS,SDSS,2654,54231,23,2988144745936611328,26,binning 1   1,DR18
6829.6733,5.4132943,0.5946522,5.999607,SDSS-SDSS,SDSS,2654,54231,23,2988144745936611328,26,binning 1   1,DR18
6831.2485,5.8791156,0.6817062,5.959609,SDSS-SDSS,SDSS,2654,54231,23,2988144745936611328,26,binning 1   1,DR18
6832.82,5.9377203,0.6220446,5.932897,SDSS-SDSS,SDSS,2654,54231,23,2988144745936611328,26,binning 1   1,DR18
6834.3955,5.7052393,0.5872953,5.9913545,SDSS-SDSS,SDSS,2654,54231,23,2988144745936611328,26,binning 1   1,DR18
6835.968,5.8318114,0.61168844,5.960914,SDSS-SDSS,SDSS,2654,54231,23,2988144745936611328,26,binning 1   1,DR18
6837.5405,6.136177,0.6405451,5.885764,SDSS-SDSS,SDSS,2654,54231,23,2988144745936611328,26,binning 1   1,DR18
6839.117,5.7811084,0.5107745,5.892668,SDSS-SDSS,SDSS,2654,54231,23,2988144745936611328,26,binning 1   1,DR18
6840.6904,6.329827,0.4675144,5.9236703,SDSS-SDSS,SDSS,2654,54231,23,2988144745936611328,26,binning 1   1,DR18
6842.268,5.771301,0.46612224,5.9417715,SDSS-SDSS,SDSS,2654,54231,23,2988144745936611328,26,binning 1   1,DR18
6843.842,6.4305487,0.45833653,5.9606986,SDSS-SDSS,SDSS,2654,54231,23,2988144745936611328,26,binning 1   1,DR18
6845.42,5.97639,0.43493035,5.9571033,SDSS-SDSS,SDSS,2654,54231,23,2988144745936611328,26,binning 1   1,DR18
6846.9946,5.445835,0.4052011,5.957972,SDSS-SDSS,SDSS,2654,54231,23,2988144745936611328,26,binning 1   1,DR18
6848.57,6.264497,0.40292698,5.9898,SDSS-SDSS,SDSS,2654,54231,23,2988144745936611328,26,binning 1   1,DR18
6850.1494,5.7070203,0.39806062,6.001055,SDSS-SDSS,SDSS,2654,54231,23,2988144745936611328,26,binning 1   1,DR18
6851.725,4.8381033,0.3924086,5.9383144,SDSS-SDSS,SDSS,2654,54231,23,2988144745936611328,26,binning 1   1,DR18
6853.305,5.7356153,0.41353717,5.907588,SDSS-SDSS,SDSS,2654,54231,23,2988144745936611328,26,binning 1   1,DR18
6854.882,5.5455933,0.40221244,5.905962,SDSS-SDSS,SDSS,2654,54231,23,2988144745936611328,26,binning 1   1,DR18
6856.4624,5.4126015,0.45169696,5.905499,SDSS-SDSS,SDSS,2654,54231,23,2988144745936611328,26,binning 1   1,DR18
6858.0396,6.4881387,0.46452802,5.9020367,SDSS-SDSS,SDSS,2654,54231,23,2988144745936611328,26,binning 1   1,DR18
6859.6177,5.9763556,0.4020383,5.9131165,SDSS-SDSS,SDSS,2654,54231,23,2988144745936611328,26,binning 1   1,DR18
6861.199,5.76146,0.4465211,5.9316115,SDSS-SDSS,SDSS,2654,54231,23,2988144745936611328,26,binning 1   1,DR18
6862.778,5.086077,0.62598413,5.883435,SDSS-SDSS,SDSS,2654,54231,23,2988144745936611328,26,binning 1   1,DR18
6864.3604,4.938501,0.78632134,5.924262,SDSS-SDSS,SDSS,2654,54231,23,2988144745936611328,26,binning 1   1,DR18
6865.9395,6.433889,0.83375764,5.9421053,SDSS-SDSS,SDSS,2654,54231,23,2988144745936611328,26,binning 1   1,DR18
6867.5225,6.5631948,0.77966005,5.861968,SDSS-SDSS,SDSS,2654,54231,23,2988144745936611328,26,binning 1   1,DR18
6869.1025,5.3629684,0.604985,5.9223175,SDSS-SDSS,SDSS,2654,54231,23,2988144745936611328,26,binning 1   1,DR18
6870.6826,5.5320783,0.5657717,5.8823485,SDSS-SDSS,SDSS,2654,54231,23,2988144745936611328,26,binning 1   1,DR18
6872.267,5.7180543,0.5974829,5.8446794,SDSS-SDSS,SDSS,2654,54231,23,2988144745936611328,26,binning 1   1,DR18
6873.848,5.707367,0.5807303,5.862925,SDSS-SDSS,SDSS,2654,54231,23,2988144745936611328,26,binning 1   1,DR18
6875.433,5.8305554,0.5165261,5.902774,SDSS-SDSS,SDSS,2654,54231,23,2988144745936611328,26,binning 1   1,DR18
6877.0146,5.429735,0.46822837,5.9242396,SDSS-SDSS,SDSS,2654,54231,23,2988144745936611328,26,binning 1   1,DR18
6878.6006,5.4904895,0.44923863,5.9380183,SDSS-SDSS,SDSS,2654,54231,23,2988144745936611328,26,binning 1   1,DR18
6880.183,5.89325,0.47312048,5.9307857,SDSS-SDSS,SDSS,2654,54231,23,2988144745936611328,26,binning 1   1,DR18
6881.7656,5.737886,0.5093921,5.930937,SDSS-SDSS,SDSS,2654,54231,23,2988144745936611328,26,binning 1   1,DR18
6883.3525,5.628073,0.5016652,5.8880606,SDSS-SDSS,SDSS,2654,54231,23,2988144745936611328,26,binning 1   1,DR18
6884.936,5.8353114,0.4605223,5.83297,SDSS-SDSS,SDSS,2654,54231,23,2988144745936611328,26,binning 1   1,DR18
6886.524,6.063753,0.4494375,5.8225074,SDSS-SDSS,SDSS,2654,54231,23,2988144745936611328,26,binning 1   1,DR18
6888.108,6.290161,0.47942284,5.839086,SDSS-SDSS,SDSS,2654,54231,23,2988144745936611328,26,binning 1   1,DR18
6889.6963,5.1871963,0.5152267,5.8688464,SDSS-SDSS,SDSS,2654,54231,23,2988144745936611328,26,binning 1   1,DR18
6891.2812,5.9633565,0.5523619,5.841848,SDSS-SDSS,SDSS,2654,54231,23,2988144745936611328,26,binning 1   1,DR18
6892.8667,6.4691916,0.52963585,5.8307843,SDSS-SDSS,SDSS,2654,54231,23,2988144745936611328,26,binning 1   1,DR18
6894.456,6.097731,0.46366736,5.8507786,SDSS-SDSS,SDSS,2654,54231,23,2988144745936611328,26,binning 1   1,DR18
6896.0425,5.779357,0.4427111,5.865163,SDSS-SDSS,SDSS,2654,54231,23,2988144745936611328,26,binning 1   1,DR18
6897.6323,6.5912495,0.47986367,5.8716025,SDSS-SDSS,SDSS,2654,54231,23,2988144745936611328,26,binning 1   1,DR18
6899.219,5.8495836,0.46408597,5.8886924,SDSS-SDSS,SDSS,2654,54231,23,2988144745936611328,26,binning 1   1,DR18
6900.8105,5.636022,0.49626428,5.8808155,SDSS-SDSS,SDSS,2654,54231,23,2988144745936611328,26,binning 1   1,DR18
6902.398,5.543129,0.550231,5.880633,SDSS-SDSS,SDSS,2654,54231,23,2988144745936611328,26,binning 1   1,DR18
6903.986,5.145608,0.53402966,5.8672028,SDSS-SDSS,SDSS,2654,54231,23,2988144745936611328,26,binning 1   1,DR18
6905.5776,4.336465,0.4309133,5.8267784,SDSS-SDSS,SDSS,2654,54231,23,2988144745936611328,26,binning 1   1,DR18
6907.1665,6.281509,0.42270386,5.8150826,SDSS-SDSS,SDSS,2654,54231,23,2988144745936611328,26,binning 1   1,DR18
6908.7593,4.8407187,0.48069653,5.785805,SDSS-SDSS,SDSS,2654,54231,23,2988144745936611328,26,binning 1   1,DR18
6910.3486,6.496224,0.5384452,5.7757616,SDSS-SDSS,SDSS,2654,54231,23,2988144745936611328,26,binning 1   1,DR18
6911.942,4.7056923,0.4884058,5.846258,SDSS-SDSS,SDSS,2654,54231,23,2988144745936611328,26,binning 1   1,DR18
6913.532,5.3632116,0.5594863,5.900623,SDSS-SDSS,SDSS,2654,54231,23,2988144745936611328,26,binning 1   1,DR18
6915.1226,5.3235717,0.540324,5.855767,SDSS-SDSS,SDSS,2654,54231,23,2988144745936611328,26,binning 1   1,DR18
6916.7173,6.7186775,0.4754291,5.8239927,SDSS-SDSS,SDSS,2654,54231,23,2988144745936611328,26,binning 1   1,DR18
6918.308,6.595582,0.43195346,5.845568,SDSS-SDSS,SDSS,2654,54231,23,2988144745936611328,26,binning 1   1,DR18
6919.904,5.4791565,0.40233475,5.828781,SDSS-SDSS,SDSS,2654,54231,23,2988144745936611328,26,binning 1   1,DR18
6921.4956,5.877451,0.44940317,5.7841563,SDSS-SDSS,SDSS,2654,54231,23,2988144745936611328,26,binning 1   1,DR18
6923.092,5.6201577,0.55364025,5.742239,SDSS-SDSS,SDSS,2654,54231,23,2988144745936611328,26,binning 1   1,DR18
6924.6846,6.5736313,0.63189614,5.7453933,SDSS-SDSS,SDSS,2654,54231,23,2988144745936611328,26,binning 1   1,DR18
6926.2812,6.8909097,0.60130274,5.813661,SDSS-SDSS,SDSS,2654,54231,23,2988144745936611328,26,binning 1   1,DR18
6927.8745,6.3028827,0.50401896,5.7737126,SDSS-SDSS,SDSS,2654,54231,23,2988144745936611328,26,binning 1   1,DR18
6929.4683,5.7958117,0.4473055,5.7397523,SDSS-SDSS,SDSS,2654,54231,23,2988144745936611328,26,binning 1   1,DR18
6931.0664,4.687105,0.4727541,5.694711,SDSS-SDSS,SDSS,2654,54231,23,2988144745936611328,26,binning 1   1,DR18
6932.6606,5.2487626,0.4598013,5.6825247,SDSS-SDSS,SDSS,2654,54231,23,2988144745936611328,26,binning 1   1,DR18
6934.2593,4.7251678,0.47225422,5.7351255,SDSS-SDSS,SDSS,2654,54231,23,2988144745936611328,26,binning 1   1,DR18
6935.8545,5.703579,0.48851752,5.751853,SDSS-SDSS,SDSS,2654,54231,23,2988144745936611328,26,binning 1   1,DR18
6937.454,5.4242883,0.42926452,5.7069316,SDSS-SDSS,SDSS,2654,54231,23,2988144745936611328,26,binning 1   1,DR18
6939.05,4.7008615,0.4640304,5.704167,SDSS-SDSS,SDSS,2654,54231,23,2988144745936611328,26,binning 1   1,DR18
6940.646,5.1060805,0.50362164,5.67225,SDSS-SDSS,SDSS,2654,54231,23,2988144745936611328,26,binning 1   1,DR18
6942.2466,5.614299,0.4875951,5.6151137,SDSS-SDSS,SDSS,2654,54231,23,2988144745936611328,26,binning 1   1,DR18
6943.8438,5.1637397,0.42912167,5.608015,SDSS-SDSS,SDSS,2654,54231,23,2988144745936611328,26,binning 1   1,DR18
6945.445,5.1181703,0.39824602,5.6609707,SDSS-SDSS,SDSS,2654,54231,23,2988144745936611328,26,binning 1   1,DR18
6947.043,5.22872,0.42972365,5.659795,SDSS-SDSS,SDSS,2654,54231,23,2988144745936611328,26,binning 1   1,DR18
6948.6445,5.918977,0.55493265,5.6141906,SDSS-SDSS,SDSS,2654,54231,23,2988144745936611328,26,binning 1   1,DR18
6950.243,6.5652776,0.6890171,5.6315174,SDSS-SDSS,SDSS,2654,54231,23,2988144745936611328,26,binning 1   1,DR18
6951.8423,5.3480287,0.60760003,5.6631293,SDSS-SDSS,SDSS,2654,54231,23,2988144745936611328,26,binning 1   1,DR18
6953.4453,5.5362473,0.491438,5.6214423,SDSS-SDSS,SDSS,2654,54231,23,2988144745936611328,26,binning 1   1,DR18
6955.045,5.9253225,0.42359078,5.5618315,SDSS-SDSS,SDSS,2654,54231,23,2988144745936611328,26,binning 1   1,DR18
6956.649,4.4101734,0.39276493,5.5425305,SDSS-SDSS,SDSS,2654,54231,23,2988144745936611328,26,binning 1   1,DR18
6958.249,5.328798,0.40372735,5.537167,SDSS-SDSS,SDSS,2654,54231,23,2988144745936611328,26,binning 1   1,DR18
6959.8535,6.3992586,0.42109075,5.5649056,SDSS-SDSS,SDSS,2654,54231,23,2988144745936611328,26,binning 1   1,DR18
6961.4546,5.19087,0.41153687,5.541303,SDSS-SDSS,SDSS,2654,54231,23,2988144745936611328,26,binning 1   1,DR18
6963.056,5.330333,0.4102004,5.4927025,SDSS-SDSS,SDSS,2654,54231,23,2988144745936611328,26,binning 1   1,DR18
6964.662,5.1561003,0.39918992,5.6194444,SDSS-SDSS,SDSS,2654,54231,23,2988144745936611328,26,binning 1   1,DR18
6966.264,5.1560383,0.4058953,5.582681,SDSS-SDSS,SDSS,2654,54231,23,2988144745936611328,26,binning 1   1,DR18
6967.8706,5.9709067,0.43389022,5.5261207,SDSS-SDSS,SDSS,2654,54231,23,2988144745936611328,26,binning 1   1,DR18
6969.4736,5.652963,0.45842555,5.5694966,SDSS-SDSS,SDSS,2654,54231,23,2988144745936611328,26,binning 1   1,DR18
6971.0806,6.184508,0.49028817,5.588077,SDSS-SDSS,SDSS,2654,54231,23,2988144745936611328,26,binning 1   1,DR18
6972.684,5.911785,0.5172307,5.5036,SDSS-SDSS,SDSS,2654,54231,23,2988144745936611328,26,binning 1   1,DR18
6974.2886,4.541461,0.45652348,5.5125594,SDSS-SDSS,SDSS,2654,54231,23,2988144745936611328,26,binning 1   1,DR18
6975.8965,5.6772885,0.4112027,5.5846143,SDSS-SDSS,SDSS,2654,54231,23,2988144745936611328,26,binning 1   1,DR18
6977.5015,5.464175,0.4825262,5.553782,SDSS-SDSS,SDSS,2654,54231,23,2988144745936611328,26,binning 1   1,DR18
6979.1104,4.221377,0.53386796,5.5078616,SDSS-SDSS,SDSS,2654,54231,23,2988144745936611328,26,binning 1   1,DR18
6980.716,5.781295,0.5339029,5.5079856,SDSS-SDSS,SDSS,2654,54231,23,2988144745936611328,26,binning 1   1,DR18
6982.3257,5.1287084,0.48308185,5.537642,SDSS-SDSS,SDSS,2654,54231,23,2988144745936611328,26,binning 1   1,DR18
6983.932,4.9350214,0.41831326,5.552692,SDSS-SDSS,SDSS,2654,54231,23,2988144745936611328,26,binning 1   1,DR18
6985.5386,4.9576497,0.4037817,5.478545,SDSS-SDSS,SDSS,2654,54231,23,2988144745936611328,26,binning 1   1,DR18
6987.1494,5.2305474,0.39556536,5.4921045,SDSS-SDSS,SDSS,2654,54231,23,2988144745936611328,26,binning 1   1,DR18
6988.757,4.566131,0.38001487,5.504981,SDSS-SDSS,SDSS,2654,54231,23,2988144745936611328,26,binning 1   1,DR18
6990.3687,5.4688087,0.4018989,5.4530478,SDSS-SDSS,SDSS,2654,54231,23,2988144745936611328,26,binning 1   1,DR18
6991.9766,5.864075,0.4368855,5.417619,SDSS-SDSS,SDSS,2654,54231,23,2988144745936611328,26,binning 1   1,DR18
6993.589,6.295177,0.44032586,5.5056214,SDSS-SDSS,SDSS,2654,54231,23,2988144745936611328,26,binning 1   1,DR18
6995.1978,4.39686,0.4723852,5.491596,SDSS-SDSS,SDSS,2654,54231,23,2988144745936611328,26,binning 1   1,DR18
6996.807,5.2621937,0.48863766,5.4651113,SDSS-SDSS,SDSS,2654,54231,23,2988144745936611328,26,binning 1   1,DR18
6998.4204,5.8192143,0.42392835,5.462228,SDSS-SDSS,SDSS,2654,54231,23,2988144745936611328,26,binning 1   1,DR18
7000.0303,4.9519334,0.40134883,5.468728,SDSS-SDSS,SDSS,2654,54231,23,2988144745936611328,26,binning 1   1,DR18
7001.6445,4.230315,0.4234656,5.47263,SDSS-SDSS,SDSS,2654,54231,23,2988144745936611328,26,binning 1   1,DR18
7003.2554,6.860855,0.4931501,5.481781,SDSS-SDSS,SDSS,2654,54231,23,2988144745936611328,26,binning 1   1,DR18
7004.87,6.8666787,0.49154133,5.472182,SDSS-SDSS,SDSS,2654,54231,23,2988144745936611328,26,binning 1   1,DR18
7006.482,6.3890934,0.49203613,5.4446387,SDSS-SDSS,SDSS,2654,54231,23,2988144745936611328,26,binning 1   1,DR18
7008.0938,5.6307683,0.436606,5.4506483,SDSS-SDSS,SDSS,2654,54231,23,2988144745936611328,26,binning 1   1,DR18
7009.7095,5.348943,0.6907497,5.4881673,SDSS-SDSS,SDSS,2654,54231,23,2988144745936611328,26,binning 1   1,DR18
7011.3223,4.7997947,0.8560364,5.504998,SDSS-SDSS,SDSS,2654,54231,23,2988144745936611328,26,binning 1   1,DR18
7012.939,5.742521,0.4979458,5.471202,SDSS-SDSS,SDSS,2654,54231,23,2988144745936611328,26,binning 1   1,DR18
7014.5522,6.0125885,0.47292498,5.4660177,SDSS-SDSS,SDSS,2654,54231,23,2988144745936611328,26,binning 1   1,DR18
7016.17,5.8432393,0.41989416,5.502633,SDSS-SDSS,SDSS,2654,54231,23,2988144745936611328,26,binning 1   1,DR18
7017.7837,5.655813,0.38862297,5.487114,SDSS-SDSS,SDSS,2654,54231,23,2988144745936611328,26,binning 1   1,DR18
7019.3984,5.0796638,0.38203356,5.440039,SDSS-SDSS,SDSS,2654,54231,23,2988144745936611328,26,binning 1   1,DR18
7021.017,5.5107126,0.38464728,5.4363313,SDSS-SDSS,SDSS,2654,54231,23,2988144745936611328,26,binning 1   1,DR18
7022.6323,4.545054,0.4479341,5.453188,SDSS-SDSS,SDSS,2654,54231,23,2988144745936611328,26,binning 1   1,DR18
7024.2515,5.0963273,0.4966327,5.4014277,SDSS-SDSS,SDSS,2654,54231,23,2988144745936611328,26,binning 1   1,DR18
7025.8677,5.679572,0.4484187,5.446202,SDSS-SDSS,SDSS,2654,54231,23,2988144745936611328,26,binning 1   1,DR18
7027.488,4.9527445,0.42755693,5.447491,SDSS-SDSS,SDSS,2654,54231,23,2988144745936611328,26,binning 1   1,DR18
7029.1045,5.5028033,0.41066572,5.419825,SDSS-SDSS,SDSS,2654,54231,23,2988144745936611328,26,binning 1   1,DR18
7030.721,6.236169,0.40884957,5.43748,SDSS-SDSS,SDSS,2654,54231,23,2988144745936611328,26,binning 1   1,DR18
7032.343,5.849632,0.3948445,5.422149,SDSS-SDSS,SDSS,2654,54231,23,2988144745936611328,26,binning 1   1,DR18
7033.9604,4.971036,0.44290638,5.434064,SDSS-SDSS,SDSS,2654,54231,23,2988144745936611328,26,binning 1   1,DR18
7035.5825,5.6868067,0.456691,5.4457755,SDSS-SDSS,SDSS,2654,54231,23,2988144745936611328,26,binning 1   1,DR18
7037.2007,5.9680753,0.40508795,5.43056,SDSS-SDSS,SDSS,2654,54231,23,2988144745936611328,26,binning 1   1,DR18
7038.8237,5.0489364,0.39443958,5.434952,SDSS-SDSS,SDSS,2654,54231,23,2988144745936611328,26,binning 1   1,DR18
7040.443,5.031534,0.40039912,5.457955,SDSS-SDSS,SDSS,2654,54231,23,2988144745936611328,26,binning 1   1,DR18
7042.0664,4.704946,0.4113426,5.398921,SDSS-SDSS,SDSS,2654,54231,23,2988144745936611328,26,binning 1   1,DR18
7043.6865,5.1596246,0.42468098,5.381346,SDSS-SDSS,SDSS,2654,54231,23,2988144745936611328,26,binning 1   1,DR18
7045.3066,5.7940288,0.4206564,5.378729,SDSS-SDSS,SDSS,2654,54231,23,2988144745936611328,26,binning 1   1,DR18
7046.9316,4.871504,0.41685665,5.398842,SDSS-SDSS,SDSS,2654,54231,23,2988144745936611328,26,binning 1   1,DR18
7048.5527,5.5322814,0.44932175,5.3907537,SDSS-SDSS,SDSS,2654,54231,23,2988144745936611328,26,binning 1   1,DR18
7050.178,5.62886,0.4596368,5.342492,SDSS-SDSS,SDSS,2654,54231,23,2988144745936611328,26,binning 1   1,DR18
7051.8,5.2230597,0.44266114,5.355035,SDSS-SDSS,SDSS,2654,54231,23,2988144745936611328,26,binning 1   1,DR18
7053.4263,5.655352,0.42112973,5.372943,SDSS-SDSS,SDSS,2654,54231,23,2988144745936611328,26,binning 1   1,DR18
7055.049,5.0891447,0.4143203,5.3528795,SDSS-SDSS,SDSS,2654,54231,23,2988144745936611328,26,binning 1   1,DR18
7056.672,5.910156,0.42958242,5.320049,SDSS-SDSS,SDSS,2654,54231,23,2988144745936611328,26,binning 1   1,DR18
7058.299,6.218203,0.42278847,5.2892337,SDSS-SDSS,SDSS,2654,54231,23,2988144745936611328,26,binning 1   1,DR18
7059.923,5.455616,0.40526888,5.271003,SDSS-SDSS,SDSS,2654,54231,23,2988144745936611328,26,binning 1   1,DR18
7061.551,5.054279,0.40223944,5.290306,SDSS-SDSS,SDSS,2654,54231,23,2988144745936611328,26,binning 1   1,DR18
7063.1753,5.569819,0.40985307,5.319202,SDSS-SDSS,SDSS,2654,54231,23,2988144745936611328,26,binning 1   1,DR18
7064.8037,6.206437,0.42572242,5.295665,SDSS-SDSS,SDSS,2654,54231,23,2988144745936611328,26,binning 1   1,DR18
7066.429,5.9515715,0.41960216,5.317204,SDSS-SDSS,SDSS,2654,54231,23,2988144745936611328,26,binning 1   1,DR18
7068.0547,5.746651,0.41429758,5.3284273,SDSS-SDSS,SDSS,2654,54231,23,2988144745936611328,26,binning 1   1,DR18
7069.6846,4.9847403,0.40674543,5.28435,SDSS-SDSS,SDSS,2654,54231,23,2988144745936611328,26,binning 1   1,DR18
7071.311,5.7272887,0.42603654,5.3335032,SDSS-SDSS,SDSS,2654,54231,23,2988144745936611328,26,binning 1   1,DR18
7072.942,6.509264,0.44071856,5.396555,SDSS-SDSS,SDSS,2654,54231,23,2988144745936611328,26,binning 1   1,DR18
7074.569,5.550435,0.43174925,5.370043,SDSS-SDSS,SDSS,2654,54231,23,2988144745936611328,26,binning 1   1,DR18
7076.2,5.522501,0.429776,5.328436,SDSS-SDSS,SDSS,2654,54231,23,2988144745936611328,26,binning 1   1,DR18
7077.828,5.778285,0.4286957,5.3151717,SDSS-SDSS,SDSS,2654,54231,23,2988144745936611328,26,binning 1   1,DR18
7079.456,5.958744,0.4235549,5.3010063,SDSS-SDSS,SDSS,2654,54231,23,2988144745936611328,26,binning 1   1,DR18
7081.089,6.194755,0.42683467,5.2560787,SDSS-SDSS,SDSS,2654,54231,23,2988144745936611328,26,binning 1   1,DR18
7082.718,5.060343,0.41564113,5.2497115,SDSS-SDSS,SDSS,2654,54231,23,2988144745936611328,26,binning 1   1,DR18
7084.351,4.80716,0.40959257,5.2837915,SDSS-SDSS,SDSS,2654,54231,23,2988144745936611328,26,binning 1   1,DR18
7085.981,5.666845,0.41251463,5.327173,SDSS-SDSS,SDSS,2654,54231,23,2988144745936611328,26,binning 1   1,DR18
7087.6147,4.966303,0.41749996,5.305492,SDSS-SDSS,SDSS,2654,54231,23,2988144745936611328,26,binning 1   1,DR18
7089.245,5.180139,0.43589735,5.242826,SDSS-SDSS,SDSS,2654,54231,23,2988144745936611328,26,binning 1   1,DR18
7090.876,5.876927,0.45212772,5.294738,SDSS-SDSS,SDSS,2654,54231,23,2988144745936611328,26,binning 1   1,DR18
7092.511,3.7480493,0.4185018,5.3219438,SDSS-SDSS,SDSS,2654,54231,23,2988144745936611328,26,binning 1   1,DR18
7094.143,5.3505807,0.40935263,5.3345766,SDSS-SDSS,SDSS,2654,54231,23,2988144745936611328,26,binning 1   1,DR18
7095.779,5.0749116,0.38659143,5.3031034,SDSS-SDSS,SDSS,2654,54231,23,2988144745936611328,26,binning 1   1,DR18
7097.411,4.9627256,0.38403264,5.2628756,SDSS-SDSS,SDSS,2654,54231,23,2988144745936611328,26,binning 1   1,DR18
7099.048,5.7801514,0.39231217,5.2696795,SDSS-SDSS,SDSS,2654,54231,23,2988144745936611328,26,binning 1   1,DR18
7100.681,5.1931214,0.39190114,5.2973204,SDSS-SDSS,SDSS,2654,54231,23,2988144745936611328,26,binning 1   1,DR18
7102.3145,5.536086,0.40196183,5.265398,SDSS-SDSS,SDSS,2654,54231,23,2988144745936611328,26,binning 1   1,DR18
7103.952,5.646727,0.4082732,5.2829356,SDSS-SDSS,SDSS,2654,54231,23,2988144745936611328,26,binning 1   1,DR18
7105.5864,4.8031588,0.38655782,5.3213925,SDSS-SDSS,SDSS,2654,54231,23,2988144745936611328,26,binning 1   1,DR18
7107.225,5.717374,0.40164003,5.3199124,SDSS-SDSS,SDSS,2654,54231,23,2988144745936611328,26,binning 1   1,DR18
7108.86,5.2836475,0.3982241,5.290641,SDSS-SDSS,SDSS,2654,54231,23,2988144745936611328,26,binning 1   1,DR18
7110.4995,4.7481766,0.3976157,5.302222,SDSS-SDSS,SDSS,2654,54231,23,2988144745936611328,26,binning 1   1,DR18
7112.1353,5.406106,0.40532666,5.2515807,SDSS-SDSS,SDSS,2654,54231,23,2988144745936611328,26,binning 1   1,DR18
7113.7715,5.346676,0.39983264,5.282843,SDSS-SDSS,SDSS,2654,54231,23,2988144745936611328,26,binning 1   1,DR18
7115.4116,5.209441,0.39952907,5.249157,SDSS-SDSS,SDSS,2654,54231,23,2988144745936611328,26,binning 1   1,DR18
7117.0483,5.6222167,0.42094398,5.179414,SDSS-SDSS,SDSS,2654,54231,23,2988144745936611328,26,binning 1   1,DR18
7118.69,5.455618,0.41911623,5.1886106,SDSS-SDSS,SDSS,2654,54231,23,2988144745936611328,26,binning 1   1,DR18
7120.327,5.098504,0.40603653,5.2202797,SDSS-SDSS,SDSS,2654,54231,23,2988144745936611328,26,binning 1   1,DR18
7121.969,4.794992,0.40481535,5.208491,SDSS-SDSS,SDSS,2654,54231,23,2988144745936611328,26,binning 1   1,DR18
7123.608,5.158583,0.42093948,5.144343,SDSS-SDSS,SDSS,2654,54231,23,2988144745936611328,26,binning 1   1,DR18
7125.2466,5.4659886,0.5691225,5.1694865,SDSS-SDSS,SDSS,2654,54231,23,2988144745936611328,26,binning 1   1,DR18
7126.8896,5.142784,0.711357,5.2015195,SDSS-SDSS,SDSS,2654,54231,23,2988144745936611328,26,binning 1   1,DR18
7128.5293,5.2412114,0.45158583,5.156049,SDSS-SDSS,SDSS,2654,54231,23,2988144745936611328,26,binning 1   1,DR18
7130.173,4.946065,0.39208242,5.1878757,SDSS-SDSS,SDSS,2654,54231,23,2988144745936611328,26,binning 1   1,DR18
7131.813,4.7142725,0.40036157,5.202745,SDSS-SDSS,SDSS,2654,54231,23,2988144745936611328,26,binning 1   1,DR18
7133.458,4.7771173,0.48040646,5.182612,SDSS-SDSS,SDSS,2654,54231,23,2988144745936611328,26,binning 1   1,DR18
7135.0986,4.1104584,0.46289638,5.1808834,SDSS-SDSS,SDSS,2654,54231,23,2988144745936611328,26,binning 1   1,DR18
7136.74,5.4461656,0.4593022,5.1572456,SDSS-SDSS,SDSS,2654,54231,23,2988144745936611328,26,binning 1   1,DR18
7138.3857,4.401092,0.42901477,5.107996,SDSS-SDSS,SDSS,2654,54231,23,2988144745936611328,26,binning 1   1,DR18
7140.0283,4.993461,0.44036177,5.15884,SDSS-SDSS,SDSS,2654,54231,23,2988144745936611328,26,binning 1   1,DR18
7141.675,5.074967,0.39256924,5.197462,SDSS-SDSS,SDSS,2654,54231,23,2988144745936611328,26,binning 1   1,DR18
7143.3174,4.7626514,0.41398725,5.183171,SDSS-SDSS,SDSS,2654,54231,23,2988144745936611328,26,binning 1   1,DR18
7144.965,5.4606986,0.4434215,5.1447363,SDSS-SDSS,SDSS,2654,54231,23,2988144745936611328,26,binning 1   1,DR18
7146.6084,5.1985755,0.44568428,5.160179,SDSS-SDSS,SDSS,2654,54231,23,2988144745936611328,26,binning 1   1,DR18
7148.2524,5.0114803,0.42330799,5.2009788,SDSS-SDSS,SDSS,2654,54231,23,2988144745936611328,26,binning 1   1,DR18
7149.901,5.218563,0.41249454,5.1178155,SDSS-SDSS,SDSS,2654,54231,23,2988144745936611328,26,binning 1   1,DR18
7151.546,4.9753404,0.41197383,5.12452,SDSS-SDSS,SDSS,2654,54231,23,2988144745936611328,26,binning 1   1,DR18
7153.195,5.106638,0.40624708,5.1691484,SDSS-SDSS,SDSS,2654,54231,23,2988144745936611328,26,binning 1   1,DR18
7154.8403,5.9939985,0.40302506,5.1496067,SDSS-SDSS,SDSS,2654,54231,23,2988144745936611328,26,binning 1   1,DR18
7156.49,4.9777956,0.38713688,5.1038594,SDSS-SDSS,SDSS,2654,54231,23,2988144745936611328,26,binning 1   1,DR18
7158.1367,5.765084,0.40622464,5.1181984,SDSS-SDSS,SDSS,2654,54231,23,2988144745936611328,26,binning 1   1,DR18
7159.783,5.2519073,0.40529352,5.178037,SDSS-SDSS,SDSS,2654,54231,23,2988144745936611328,26,binning 1   1,DR18
7161.4346,5.0806556,0.40959033,5.211408,SDSS-SDSS,SDSS,2654,54231,23,2988144745936611328,26,binning 1   1,DR18
7163.082,4.488244,0.3909691,5.200848,SDSS-SDSS,SDSS,2654,54231,23,2988144745936611328,26,binning 1   1,DR18
7164.734,4.8440337,0.39216083,5.1763253,SDSS-SDSS,SDSS,2654,54231,23,2988144745936611328,26,binning 1   1,DR18
7166.382,5.1878886,0.4098385,5.141242,SDSS-SDSS,SDSS,2654,54231,23,2988144745936611328,26,binning 1   1,DR18
7168.0347,5.410878,0.44086888,5.1142344,SDSS-SDSS,SDSS,2654,54231,23,2988144745936611328,26,binning 1   1,DR18
7169.6836,4.926655,0.44811314,5.136339,SDSS-SDSS,SDSS,2654,54231,23,2988144745936611328,26,binning 1   1,DR18
7171.337,5.2805605,0.4403212,5.083912,SDSS-SDSS,SDSS,2654,54231,23,2988144745936611328,26,binning 1   1,DR18
7172.9863,5.3400097,0.4268812,5.035677,SDSS-SDSS,SDSS,2654,54231,23,2988144745936611328,26,binning 1   1,DR18
7174.6367,4.111487,0.40839547,5.0829124,SDSS-SDSS,SDSS,2654,54231,23,2988144745936611328,26,binning 1   1,DR18
7176.291,4.684098,0.42146415,5.1387053,SDSS-SDSS,SDSS,2654,54231,23,2988144745936611328,26,binning 1   1,DR18
7177.942,5.3507776,0.44096807,5.110893,SDSS-SDSS,SDSS,2654,54231,23,2988144745936611328,26,binning 1   1,DR18
7179.597,5.088237,0.4325789,5.0981593,SDSS-SDSS,SDSS,2654,54231,23,2988144745936611328,26,binning 1   1,DR18
7181.249,5.3383784,0.43683776,5.152368,SDSS-SDSS,SDSS,2654,54231,23,2988144745936611328,26,binning 1   1,DR18
7182.905,4.6415386,0.43888816,5.123395,SDSS-SDSS,SDSS,2654,54231,23,2988144745936611328,26,binning 1   1,DR18
7184.557,5.5025244,0.47628573,5.1329455,SDSS-SDSS,SDSS,2654,54231,23,2988144745936611328,26,binning 1   1,DR18
7186.21,5.5216975,0.47824496,5.176161,SDSS-SDSS,SDSS,2654,54231,23,2988144745936611328,26,binning 1   1,DR18
7187.867,5.7686224,0.45075712,5.1632547,SDSS-SDSS,SDSS,2654,54231,23,2988144745936611328,26,binning 1   1,DR18
7189.521,4.5815587,0.41651654,5.1298633,SDSS-SDSS,SDSS,2654,54231,23,2988144745936611328,26,binning 1   1,DR18
7191.1787,4.3967085,0.399142,5.169289,SDSS-SDSS,SDSS,2654,54231,23,2988144745936611328,26,binning 1   1,DR18
7192.833,4.160127,0.4105094,5.1678777,SDSS-SDSS,SDSS,2654,54231,23,2988144745936611328,26,binning 1   1,DR18
7194.4917,5.152179,0.43897933,5.1226625,SDSS-SDSS,SDSS,2654,54231,23,2988144745936611328,26,binning 1   1,DR18
7196.1465,3.0382962,0.4245352,5.086527,SDSS-SDSS,SDSS,2654,54231,23,2988144745936611328,26,binning 1   1,DR18
7197.8022,5.024441,0.43828815,5.08287,SDSS-SDSS,SDSS,2654,54231,23,2988144745936611328,26,binning 1   1,DR18
7199.462,4.0035677,0.38487706,5.086336,SDSS-SDSS,SDSS,2654,54231,23,2988144745936611328,26,binning 1   1,DR18
7201.118,5.1181498,0.41135174,5.1361766,SDSS-SDSS,SDSS,2654,54231,23,2988144745936611328,26,binning 1   1,DR18
7202.779,4.366021,0.42026424,5.134412,SDSS-SDSS,SDSS,2654,54231,23,2988144745936611328,26,binning 1   1,DR18
7204.4355,5.01024,0.43648738,5.0984044,SDSS-SDSS,SDSS,2654,54231,23,2988144745936611328,26,binning 1   1,DR18
7206.097,5.428508,0.43864855,5.0545864,SDSS-SDSS,SDSS,2654,54231,23,2988144745936611328,26,binning 1   1,DR18
7207.755,4.979601,0.4166708,5.0339217,SDSS-SDSS,SDSS,2654,54231,23,2988144745936611328,26,binning 1   1,DR18
7209.413,5.049718,0.39615503,5.071383,SDSS-SDSS,SDSS,2654,54231,23,2988144745936611328,26,binning 1   1,DR18
7211.0757,5.265879,0.39718702,5.066258,SDSS-SDSS,SDSS,2654,54231,23,2988144745936611328,26,binning 1   1,DR18
7212.7344,4.42077,0.37911487,5.060774,SDSS-SDSS,SDSS,2654,54231,23,2988144745936611328,26,binning 1   1,DR18
7214.3975,4.7033873,0.37979713,5.037199,SDSS-SDSS,SDSS,2654,54231,23,2988144745936611328,26,binning 1   1,DR18
7216.057,3.766612,0.3816,5.034841,SDSS-SDSS,SDSS,2654,54231,23,2988144745936611328,26,binning 1   1,DR18
7217.721,5.396465,0.40110812,5.0507426,SDSS-SDSS,SDSS,2654,54231,23,2988144745936611328,26,binning 1   1,DR18
7219.382,5.305261,0.3888764,4.9922543,SDSS-SDSS,SDSS,2654,54231,23,2988144745936611328,26,binning 1   1,DR18
7221.0425,4.913708,0.37601465,5.0313644,SDSS-SDSS,SDSS,2654,54231,23,2988144745936611328,26,binning 1   1,DR18
7222.7075,4.697522,0.37460792,5.0087514,SDSS-SDSS,SDSS,2654,54231,23,2988144745936611328,26,binning 1   1,DR18
7224.369,4.7239914,0.38888258,5.027246,SDSS-SDSS,SDSS,2654,54231,23,2988144745936611328,26,binning 1   1,DR18
7226.035,4.9766912,0.38898322,5.092244,SDSS-SDSS,SDSS,2654,54231,23,2988144745936611328,26,binning 1   1,DR18
7227.6973,4.67093,0.37320668,5.1008782,SDSS-SDSS,SDSS,2654,54231,23,2988144745936611328,26,binning 1   1,DR18
7229.3643,4.834043,0.3869522,5.0251703,SDSS-SDSS,SDSS,2654,54231,23,2988144745936611328,26,binning 1   1,DR18
7231.0273,5.836633,0.40782613,4.982652,SDSS-SDSS,SDSS,2654,54231,23,2988144745936611328,26,binning 1   1,DR18
7232.691,4.3989673,0.39741537,4.985316,SDSS-SDSS,SDSS,2654,54231,23,2988144745936611328,26,binning 1   1,DR18
7234.3584,5.5836635,0.43380877,5.0181184,SDSS-SDSS,SDSS,2654,54231,23,2988144745936611328,26,binning 1   1,DR18
7236.023,5.615711,0.46594468,5.0441303,SDSS-SDSS,SDSS,2654,54231,23,2988144745936611328,26,binning 1   1,DR18
7237.6914,5.5543327,0.56278276,5.0365653,SDSS-SDSS,SDSS,2654,54231,23,2988144745936611328,26,binning 1   1,DR18
7239.3564,4.1976805,0.6842892,5.006666,SDSS-SDSS,SDSS,2654,54231,23,2988144745936611328,26,binning 1   1,DR18
7241.026,4.888358,0.81629497,4.9654913,SDSS-SDSS,SDSS,2654,54231,23,2988144745936611328,26,binning 1   1,DR18
7242.692,3.5478296,0.87422156,4.973419,SDSS-SDSS,SDSS,2654,54231,23,2988144745936611328,26,binning 1   1,DR18
7244.358,0.7848649,0.90218353,4.9440813,SDSS-SDSS,SDSS,2654,54231,23,2988144745936611328,26,binning 1   1,DR18
7246.0283,4.735335,0.9660109,4.944618,SDSS-SDSS,SDSS,2654,54231,23,2988144745936611328,26,binning 1   1,DR18
7247.6953,6.561738,0.8759294,5.017394,SDSS-SDSS,SDSS,2654,54231,23,2988144745936611328,26,binning 1   1,DR18
7249.3667,5.360996,0.6511454,5.0093193,SDSS-SDSS,SDSS,2654,54231,23,2988144745936611328,26,binning 1   1,DR18
7251.034,5.3074446,0.53596604,5.05836,SDSS-SDSS,SDSS,2654,54231,23,2988144745936611328,26,binning 1   1,DR18
7252.7065,5.1162286,0.52065575,5.030262,SDSS-SDSS,SDSS,2654,54231,23,2988144745936611328,26,binning 1   1,DR18
7254.375,4.835534,0.52906376,5.0251675,SDSS-SDSS,SDSS,2654,54231,23,2988144745936611328,26,binning 1   1,DR18
7256.044,3.597476,0.5173261,5.03297,SDSS-SDSS,SDSS,2654,54231,23,2988144745936611328,26,binning 1   1,DR18
7257.717,4.594027,0.50659895,4.993159,SDSS-SDSS,SDSS,2654,54231,23,2988144745936611328,26,binning 1   1,DR18
7259.3867,4.9708843,0.43389535,4.971288,SDSS-SDSS,SDSS,2654,54231,23,2988144745936611328,26,binning 1   1,DR18
7261.0605,4.599512,0.40047947,4.9830317,SDSS-SDSS,SDSS,2654,54231,23,2988144745936611328,26,binning 1   1,DR18
7262.731,4.4223866,0.39859566,4.9563985,SDSS-SDSS,SDSS,2654,54231,23,2988144745936611328,26,binning 1   1,DR18
7264.406,4.367642,0.41737777,4.9804482,SDSS-SDSS,SDSS,2654,54231,23,2988144745936611328,26,binning 1   1,DR18
7266.077,4.4434977,0.4297099,5.0218062,SDSS-SDSS,SDSS,2654,54231,23,2988144745936611328,26,binning 1   1,DR18
7267.7485,4.947704,0.4249152,5.010866,SDSS-SDSS,SDSS,2654,54231,23,2988144745936611328,26,binning 1   1,DR18
7269.4243,3.880087,0.5061672,5.002908,SDSS-SDSS,SDSS,2654,54231,23,2988144745936611328,26,binning 1   1,DR18
7271.0967,4.036929,0.52973956,4.9867516,SDSS-SDSS,SDSS,2654,54231,23,2988144745936611328,26,binning 1   1,DR18
7272.7734,5.2316613,0.45186552,4.9452386,SDSS-SDSS,SDSS,2654,54231,23,2988144745936611328,26,binning 1   1,DR18
7274.4463,5.661131,0.54833645,4.942974,SDSS-SDSS,SDSS,2654,54231,23,2988144745936611328,26,binning 1   1,DR18
7276.124,4.1301928,0.8349099,4.9574094,SDSS-SDSS,SDSS,2654,54231,23,2988144745936611328,26,binning 1   1,DR18
7277.798,3.0947824,1.0805666,4.942377,SDSS-SDSS,SDSS,2654,54231,23,2988144745936611328,26,binning 1   1,DR18
7279.472,6.1414604,1.0038557,4.9288716,SDSS-SDSS,SDSS,2654,54231,23,2988144745936611328,26,binning 1   1,DR18
7281.151,5.246033,0.6231284,4.8988614,SDSS-SDSS,SDSS,2654,54231,23,2988144745936611328,26,binning 1   1,DR18
7282.8257,4.5993476,0.56768495,4.8685737,SDSS-SDSS,SDSS,2654,54231,23,2988144745936611328,26,binning 1   1,DR18
7284.5054,4.577529,0.7055759,4.863792,SDSS-SDSS,SDSS,2654,54231,23,2988144745936611328,26,binning 1   1,DR18
7286.181,5.2482157,0.71146715,4.858287,SDSS-SDSS,SDSS,2654,54231,23,2988144745936611328,26,binning 1   1,DR18
7287.8613,5.076585,0.649734,4.8438954,SDSS-SDSS,SDSS,2654,54231,23,2988144745936611328,26,binning 1   1,DR18
7289.5376,5.171592,0.5095461,4.8757324,SDSS-SDSS,SDSS,2654,54231,23,2988144745936611328,26,binning 1   1,DR18
7291.215,4.949447,0.4273425,4.8915515,SDSS-SDSS,SDSS,2654,54231,23,2988144745936611328,26,binning 1   1,DR18
7292.896,4.77602,0.4536703,4.8630857,SDSS-SDSS,SDSS,2654,54231,23,2988144745936611328,26,binning 1   1,DR18
7294.5737,4.8522997,0.51484686,4.852978,SDSS-SDSS,SDSS,2654,54231,23,2988144745936611328,26,binning 1   1,DR18
7296.256,4.813927,0.5179985,4.8612566,SDSS-SDSS,SDSS,2654,54231,23,2988144745936611328,26,binning 1   1,DR18
7297.934,4.921542,0.49961436,4.8801694,SDSS-SDSS,SDSS,2654,54231,23,2988144745936611328,26,binning 1   1,DR18
7299.617,5.1946716,0.45089963,4.9749217,SDSS-SDSS,SDSS,2654,54231,23,2988144745936611328,26,binning 1   1,DR18
7301.2964,5.1079297,0.4750172,5.1238985,SDSS-SDSS,SDSS,2654,54231,23,2988144745936611328,26,binning 1   1,DR18
7302.98,4.9483514,0.55592805,5.1367674,SDSS-SDSS,SDSS,2654,54231,23,2988144745936611328,26,binning 1   1,DR18
7304.66,4.4012127,0.7268703,5.0576863,SDSS-SDSS,SDSS,2654,54231,23,2988144745936611328,26,binning 1   1,DR18
7306.341,5.32425,0.6203712,4.9316406,SDSS-SDSS,SDSS,2654,54231,23,2988144745936611328,26,binning 1   1,DR18
7308.0254,3.8953419,0.47197807,4.828851,SDSS-SDSS,SDSS,2654,54231,23,2988144745936611328,26,binning 1   1,DR18
7309.7065,4.628798,0.42477342,4.863101,SDSS-SDSS,SDSS,2654,54231,23,2988144745936611328,26,binning 1   1,DR18
7311.392,4.4084163,0.43150875,4.832536,SDSS-SDSS,SDSS,2654,54231,23,2988144745936611328,26,binning 1   1,DR18
7313.074,4.7185,0.45690656,4.772284,SDSS-SDSS,SDSS,2654,54231,23,2988144745936611328,26,binning 1   1,DR18
7314.7607,4.6729894,0.6155127,4.844678,SDSS-SDSS,SDSS,2654,54231,23,2988144745936611328,26,binning 1   1,DR18
7316.4434,5.3695383,0.857656,4.883669,SDSS-SDSS,SDSS,2654,54231,23,2988144745936611328,26,binning 1   1,DR18
7318.1265,3.4419076,0.9440034,4.778978,SDSS-SDSS,SDSS,2654,54231,23,2988144745936611328,26,binning 1   1,DR18
7319.814,5.828759,0.83476865,4.8251085,SDSS-SDSS,SDSS,2654,54231,23,2988144745936611328,26,binning 1   1,DR18
7321.498,2.9891608,0.59126765,4.8709292,SDSS-SDSS,SDSS,2654,54231,23,2988144745936611328,26,binning 1   1,DR18
7323.186,4.6268525,0.5021393,4.8283277,SDSS-SDSS,SDSS,2654,54231,23,2988144745936611328,26,binning 1   1,DR18
7324.871,4.2022014,0.50982577,4.805612,SDSS-SDSS,SDSS,2654,54231,23,2988144745936611328,26,binning 1   1,DR18
7326.56,4.7939167,0.45258296,4.7940664,SDSS-SDSS,SDSS,2654,54231,23,2988144745936611328,26,binning 1   1,DR18
7328.2456,3.8749402,0.50137275,4.74188,SDSS-SDSS,SDSS,2654,54231,23,2988144745936611328,26,binning 1   1,DR18
7329.931,4.005281,0.6149976,4.7030334,SDSS-SDSS,SDSS,2654,54231,23,2988144745936611328,26,binning 1   1,DR18
7331.6216,5.066567,0.6719513,4.6535306,SDSS-SDSS,SDSS,2654,54231,23,2988144745936611328,26,binning 1   1,DR18
7333.308,3.9074147,0.5973193,4.708586,SDSS-SDSS,SDSS,2654,54231,23,2988144745936611328,26,binning 1   1,DR18
7334.9995,4.8812966,0.53630716,4.740165,SDSS-SDSS,SDSS,2654,54231,23,2988144745936611328,26,binning 1   1,DR18
7336.6865,4.4232116,0.5001069,4.773982,SDSS-SDSS,SDSS,2654,54231,23,2988144745936611328,26,binning 1   1,DR18
7338.3784,5.8543,0.48424783,4.891481,SDSS-SDSS,SDSS,2654,54231,23,2988144745936611328,26,binning 1   1,DR18
7340.067,4.513469,0.70194125,4.9987535,SDSS-SDSS,SDSS,2654,54231,23,2988144745936611328,26,binning 1   1,DR18
7341.7554,4.368944,1.071842,5.008027,SDSS-SDSS,SDSS,2654,54231,23,2988144745936611328,26,binning 1   1,DR18
7343.448,2.8887107,1.0418462,4.8381743,SDSS-SDSS,SDSS,2654,54231,23,2988144745936611328,26,binning 1   1,DR18
7345.1377,3.5563915,0.7692411,4.707417,SDSS-SDSS,SDSS,2654,54231,23,2988144745936611328,26,binning 1   1,DR18
7346.8315,3.8454301,0.49602282,4.659695,SDSS-SDSS,SDSS,2654,54231,23,2988144745936611328,26,binning 1   1,DR18
7348.5215,4.7267404,0.42505524,4.6160235,SDSS-SDSS,SDSS,2654,54231,23,2988144745936611328,26,binning 1   1,DR18
7350.2163,4.3375354,0.4474211,4.5874004,SDSS-SDSS,SDSS,2654,54231,23,2988144745936611328,26,binning 1   1,DR18
7351.9067,4.9870286,0.46872944,4.563101,SDSS-SDSS,SDSS,2654,54231,23,2988144745936611328,26,binning 1   1,DR18
7353.598,4.5176744,0.44520816,4.572879,SDSS-SDSS,SDSS,2654,54231,23,2988144745936611328,26,binning 1   1,DR18
7355.294,4.3403997,0.44978422,4.6020217,SDSS-SDSS,SDSS,2654,54231,23,2988144745936611328,26,binning 1   1,DR18
7356.986,5.130806,0.50370795,4.603289,SDSS-SDSS,SDSS,2654,54231,23,2988144745936611328,26,binning 1   1,DR18
7358.6826,4.38994,0.6099641,4.609865,SDSS-SDSS,SDSS,2654,54231,23,2988144745936611328,26,binning 1   1,DR18
7360.3755,4.94993,0.68995744,4.710532,SDSS-SDSS,SDSS,2654,54231,23,2988144745936611328,26,binning 1   1,DR18
7362.0728,5.2289543,0.6357911,4.6377172,SDSS-SDSS,SDSS,2654,54231,23,2988144745936611328,26,binning 1   1,DR18
7363.766,4.9515295,0.49142712,4.612302,SDSS-SDSS,SDSS,2654,54231,23,2988144745936611328,26,binning 1   1,DR18
7365.4604,4.2339325,0.436235,4.5692716,SDSS-SDSS,SDSS,2654,54231,23,2988144745936611328,26,binning 1   1,DR18
7367.1587,4.325923,0.5047985,4.524789,SDSS-SDSS,SDSS,2654,54231,23,2988144745936611328,26,binning 1   1,DR18
7368.8535,3.9222608,0.67154884,4.5318656,SDSS-SDSS,SDSS,2654,54231,23,2988144745936611328,26,binning 1   1,DR18
7370.5527,3.5834846,1.1610594,4.514643,SDSS-SDSS,SDSS,2654,54231,23,2988144745936611328,26,binning 1   1,DR18
7372.2485,5.4346128,1.1916195,4.505253,SDSS-SDSS,SDSS,2654,54231,23,2988144745936611328,26,binning 1   1,DR18
7373.9487,5.299377,0.6164986,4.509136,SDSS-SDSS,SDSS,2654,54231,23,2988144745936611328,26,binning 1   1,DR18
7375.645,4.9809337,0.46008685,4.488622,SDSS-SDSS,SDSS,2654,54231,23,2988144745936611328,26,binning 1   1,DR18
7377.342,4.2412643,0.44384006,4.472525,SDSS-SDSS,SDSS,2654,54231,23,2988144745936611328,26,binning 1   1,DR18
7379.043,4.2692924,0.45303372,4.47407,SDSS-SDSS,SDSS,2654,54231,23,2988144745936611328,26,binning 1   1,DR18
7380.74,4.258628,0.43945807,4.4309244,SDSS-SDSS,SDSS,2654,54231,23,2988144745936611328,26,binning 1   1,DR18
7382.4424,4.6116295,0.44561705,4.436713,SDSS-SDSS,SDSS,2654,54231,23,2988144745936611328,26,binning 1   1,DR18
7384.1406,4.656313,0.44682217,4.4204173,SDSS-SDSS,SDSS,2654,54231,23,2988144745936611328,26,binning 1   1,DR18
7385.8433,4.475719,0.44143894,4.417947,SDSS-SDSS,SDSS,2654,54231,23,2988144745936611328,26,binning 1   1,DR18
7387.5425,4.62493,0.4405525,4.406644,SDSS-SDSS,SDSS,2654,54231,23,2988144745936611328,26,binning 1   1,DR18
7389.242,4.6556315,0.43948203,4.3720818,SDSS-SDSS,SDSS,2654,54231,23,2988144745936611328,26,binning 1   1,DR18
7390.946,4.410914,0.4986585,4.388006,SDSS-SDSS,SDSS,2654,54231,23,2988144745936611328,26,binning 1   1,DR18
7392.6465,4.316376,0.60157925,4.3724165,SDSS-SDSS,SDSS,2654,54231,23,2988144745936611328,26,binning 1   1,DR18
7394.351,4.480356,0.5967681,4.3374724,SDSS-SDSS,SDSS,2654,54231,23,2988144745936611328,26,binning 1   1,DR18
7396.0522,5.128119,0.51975286,4.3174343,SDSS-SDSS,SDSS,2654,54231,23,2988144745936611328,26,binning 1   1,DR18
7397.7573,5.07113,0.45987105,4.284576,SDSS-SDSS,SDSS,2654,54231,23,2988144745936611328,26,binning 1   1,DR18
7399.4595,4.4050927,0.495615,4.2442327,SDSS-SDSS,SDSS,2654,54231,23,2988144745936611328,26,binning 1   1,DR18
7401.1616,4.5275626,0.6439818,4.2876115,SDSS-SDSS,SDSS,2654,54231,23,2988144745936611328,26,binning 1   1,DR18
7402.868,4.1498647,0.8210218,4.316252,SDSS-SDSS,SDSS,2654,54231,23,2988144745936611328,26,binning 1   1,DR18
7404.5713,3.4452446,0.8103654,4.2557287,SDSS-SDSS,SDSS,2654,54231,23,2988144745936611328,26,binning 1   1,DR18
7406.279,5.3441057,0.61708134,4.238276,SDSS-SDSS,SDSS,2654,54231,23,2988144745936611328,26,binning 1   1,DR18
7407.9824,4.3931904,0.46869346,4.2515144,SDSS-SDSS,SDSS,2654,54231,23,2988144745936611328,26,binning 1   1,DR18
7409.691,5.28975,0.44862363,4.2268353,SDSS-SDSS,SDSS,2654,54231,23,2988144745936611328,26,binning 1   1,DR18
7411.3955,4.1468835,0.42517382,4.226949,SDSS-SDSS,SDSS,2654,54231,23,2988144745936611328,26,binning 1   1,DR18
7413.1006,4.7215357,0.4361651,4.2485466,SDSS-SDSS,SDSS,2654,54231,23,2988144745936611328,26,binning 1   1,DR18
7414.81,4.7268167,0.4437951,4.2014036,SDSS-SDSS,SDSS,2654,54231,23,2988144745936611328,26,binning 1   1,DR18
7416.5156,4.0603447,0.43847618,4.1903586,SDSS-SDSS,SDSS,2654,54231,23,2988144745936611328,26,binning 1   1,DR18
7418.226,4.5653143,0.44124302,4.2033563,SDSS-SDSS,SDSS,2654,54231,23,2988144745936611328,26,binning 1   1,DR18
7419.9326,5.2434745,0.46307534,4.1897755,SDSS-SDSS,SDSS,2654,54231,23,2988144745936611328,26,binning 1   1,DR18
7421.6436,5.458344,0.46879214,4.208194,SDSS-SDSS,SDSS,2654,54231,23,2988144745936611328,26,binning 1   1,DR18
7423.3506,5.239573,0.44564813,4.19402,SDSS-SDSS,SDSS,2654,54231,23,2988144745936611328,26,binning 1   1,DR18
7425.0586,4.45174,0.4199231,4.2143927,SDSS-SDSS,SDSS,2654,54231,23,2988144745936611328,26,binning 1   1,DR18
7426.7705,4.564293,0.40941703,4.209321,SDSS-SDSS,SDSS,2654,54231,23,2988144745936611328,26,binning 1   1,DR18
7428.4795,4.430734,0.44326115,4.2348247,SDSS-SDSS,SDSS,2654,54231,23,2988144745936611328,26,binning 1   1,DR18
7430.1924,4.8845997,0.52501774,4.272811,SDSS-SDSS,SDSS,2654,54231,23,2988144745936611328,26,binning 1   1,DR18
7431.9014,4.5989537,0.5452919,4.1558676,SDSS-SDSS,SDSS,2654,54231,23,2988144745936611328,26,binning 1   1,DR18
7433.615,4.6129484,0.4805621,4.2912803,SDSS-SDSS,SDSS,2654,54231,23,2988144745936611328,26,binning 1   1,DR18
7435.3257,3.9800317,0.44598502,4.3098807,SDSS-SDSS,SDSS,2654,54231,23,2988144745936611328,26,binning 1   1,DR18
7437.04,4.9842367,0.48609513,4.281963,SDSS-SDSS,SDSS,2654,54231,23,2988144745936611328,26,binning 1   1,DR18
7438.751,4.0887218,0.56345254,4.2737093,SDSS-SDSS,SDSS,2654,54231,23,2988144745936611328,26,binning 1   1,DR18
7440.4624,3.8470893,0.58432937,4.2617197,SDSS-SDSS,SDSS,2654,54231,23,2988144745936611328,26,binning 1   1,DR18
7442.1777,3.490852,0.52223235,4.262623,SDSS-SDSS,SDSS,2654,54231,23,2988144745936611328,26,binning 1   1,DR18
7443.89,4.0934925,0.42340127,4.2819567,SDSS-SDSS,SDSS,2654,54231,23,2988144745936611328,26,binning 1   1,DR18
7445.6064,5.2654157,0.418372,4.2925324,SDSS-SDSS,SDSS,2654,54231,23,2988144745936611328,26,binning 1   1,DR18
7447.3193,4.223006,0.40733302,4.3106027,SDSS-SDSS,SDSS,2654,54231,23,2988144745936611328,26,binning 1   1,DR18
7449.0366,3.937804,0.4154018,4.314934,SDSS-SDSS,SDSS,2654,54231,23,2988144745936611328,26,binning 1   1,DR18
7450.7505,4.3054633,0.42446262,4.2955275,SDSS-SDSS,SDSS,2654,54231,23,2988144745936611328,26,binning 1   1,DR18
7452.4644,4.0285916,0.42027712,4.301906,SDSS-SDSS,SDSS,2654,54231,23,2988144745936611328,26,binning 1   1,DR18
7454.183,4.457316,0.4265228,4.3046403,SDSS-SDSS,SDSS,2654,54231,23,2988144745936611328,26,binning 1   1,DR18
7455.898,4.715812,0.43132913,4.3496485,SDSS-SDSS,SDSS,2654,54231,23,2988144745936611328,26,binning 1   1,DR18
7457.617,4.1475897,0.42697787,4.3819833,SDSS-SDSS,SDSS,2654,54231,23,2988144745936611328,26,binning 1   1,DR18
7459.3325,4.859754,0.4547227,4.367108,SDSS-SDSS,SDSS,2654,54231,23,2988144745936611328,26,binning 1   1,DR18
7461.0527,4.0207043,0.43584582,4.3495164,SDSS-SDSS,SDSS,2654,54231,23,2988144745936611328,26,binning 1   1,DR18
7462.769,5.2130184,0.44910362,4.3914523,SDSS-SDSS,SDSS,2654,54231,23,2988144745936611328,26,binning 1   1,DR18
7464.486,4.696964,0.46737942,4.3608885,SDSS-SDSS,SDSS,2654,54231,23,2988144745936611328,26,binning 1   1,DR18
7466.207,5.1001983,0.5059177,4.3548164,SDSS-SDSS,SDSS,2654,54231,23,2988144745936611328,26,binning 1   1,DR18
7467.925,3.9740472,0.4883475,4.3701262,SDSS-SDSS,SDSS,2654,54231,23,2988144745936611328,26,binning 1   1,DR18
7469.647,3.4991286,0.4855826,4.3586855,SDSS-SDSS,SDSS,2654,54231,23,2988144745936611328,26,binning 1   1,DR18
7471.365,4.431622,0.51542926,4.336369,SDSS-SDSS,SDSS,2654,54231,23,2988144745936611328,26,binning 1   1,DR18
7473.0884,5.3034716,0.56496114,4.376385,SDSS-SDSS,SDSS,2654,54231,23,2988144745936611328,26,binning 1   1,DR18
7474.8076,4.502629,0.56022775,4.3390355,SDSS-SDSS,SDSS,2654,54231,23,2988144745936611328,26,binning 1   1,DR18
7476.527,4.36356,0.5268995,4.3557377,SDSS-SDSS,SDSS,2654,54231,23,2988144745936611328,26,binning 1   1,DR18
7478.251,5.064787,0.5072254,4.3022118,SDSS-SDSS,SDSS,2654,54231,23,2988144745936611328,26,binning 1   1,DR18
7479.971,4.1201253,0.53455245,4.2039924,SDSS-SDSS,SDSS,2654,54231,23,2988144745936611328,26,binning 1   1,DR18
7481.6963,4.51765,0.6092504,4.181963,SDSS-SDSS,SDSS,2654,54231,23,2988144745936611328,26,binning 1   1,DR18
7483.4175,4.421977,0.6116859,4.232562,SDSS-SDSS,SDSS,2654,54231,23,2988144745936611328,26,binning 1   1,DR18
7485.143,4.554911,0.57206583,4.3190784,SDSS-SDSS,SDSS,2654,54231,23,2988144745936611328,26,binning 1   1,DR18
7486.865,5.0929117,0.5126673,4.3184934,SDSS-SDSS,SDSS,2654,54231,23,2988144745936611328,26,binning 1   1,DR18
7488.5874,4.360265,0.45227808,4.325049,SDSS-SDSS,SDSS,2654,54231,23,2988144745936611328,26,binning 1   1,DR18
7490.3145,4.0967803,0.44147506,4.3634677,SDSS-SDSS,SDSS,2654,54231,23,2988144745936611328,26,binning 1   1,DR18
7492.037,4.0763097,0.43780646,4.3894405,SDSS-SDSS,SDSS,2654,54231,23,2988144745936611328,26,binning 1   1,DR18
7493.765,4.446495,0.44302714,4.4009476,SDSS-SDSS,SDSS,2654,54231,23,2988144745936611328,26,binning 1   1,DR18
7495.489,4.740896,0.44708127,4.386058,SDSS-SDSS,SDSS,2654,54231,23,2988144745936611328,26,binning 1   1,DR18
7497.2173,3.529113,0.41570708,4.290817,SDSS-SDSS,SDSS,2654,54231,23,2988144745936611328,26,binning 1   1,DR18
7498.942,3.5556746,0.41229942,4.2506657,SDSS-SDSS,SDSS,2654,54231,23,2988144745936611328,26,binning 1   1,DR18
7500.667,4.6139646,0.43047753,4.255769,SDSS-SDSS,SDSS,2654,54231,23,2988144745936611328,26,binning 1   1,DR18
7502.397,4.6573167,0.4178198,4.2539687,SDSS-SDSS,SDSS,2654,54231,23,2988144745936611328,26,binning 1   1,DR18
7504.1226,3.9481535,0.3908377,4.3112283,SDSS-SDSS,SDSS,2654,54231,23,2988144745936611328,26,binning 1   1,DR18
7505.853,5.069545,0.40124804,4.3140807,SDSS-SDSS,SDSS,2654,54231,23,2988144745936611328,26,binning 1   1,DR18
7507.58,4.3200245,0.3866812,4.325966,SDSS-SDSS,SDSS,2654,54231,23,2988144745936611328,26,binning 1   1,DR18
7509.311,4.20974,0.38727778,4.375768,SDSS-SDSS,SDSS,2654,54231,23,2988144745936611328,26,binning 1   1,DR18
7511.0386,4.586261,0.3900417,4.369801,SDSS-SDSS,SDSS,2654,54231,23,2988144745936611328,26,binning 1   1,DR18
7512.7666,4.949924,0.39610353,4.311414,SDSS-SDSS,SDSS,2654,54231,23,2988144745936611328,26,binning 1   1,DR18
7514.499,4.8766923,0.39315417,4.3777976,SDSS-SDSS,SDSS,2654,54231,23,2988144745936611328,26,binning 1   1,DR18
7516.2275,4.3214765,0.4033362,4.316438,SDSS-SDSS,SDSS,2654,54231,23,2988144745936611328,26,binning 1   1,DR18
7517.961,4.4411387,0.42876434,4.3269677,SDSS-SDSS,SDSS,2654,54231,23,2988144745936611328,26,binning 1   1,DR18
7519.6904,4.1475935,0.44183782,4.3198295,SDSS-SDSS,SDSS,2654,54231,23,2988144745936611328,26,binning 1   1,DR18
7521.4243,4.324099,0.49451014,4.2857323,SDSS-SDSS,SDSS,2654,54231,23,2988144745936611328,26,binning 1   1,DR18
7523.155,5.940376,0.7218972,4.298519,SDSS-SDSS,SDSS,2654,54231,23,2988144745936611328,26,binning 1   1,DR18
7524.8853,3.423101,0.856635,4.332697,SDSS-SDSS,SDSS,2654,54231,23,2988144745936611328,26,binning 1   1,DR18
7526.6206,4.709035,0.7651983,4.3026714,SDSS-SDSS,SDSS,2654,54231,23,2988144745936611328,26,binning 1   1,DR18
7528.352,4.4030457,0.63744813,4.3315935,SDSS-SDSS,SDSS,2654,54231,23,2988144745936611328,26,binning 1   1,DR18
7530.0884,3.9581401,0.5271659,4.361559,SDSS-SDSS,SDSS,2654,54231,23,2988144745936611328,26,binning 1   1,DR18
7531.8203,3.2763145,0.5489023,4.3435063,SDSS-SDSS,SDSS,2654,54231,23,2988144745936611328,26,binning 1   1,DR18
7533.557,3.5810778,0.5043356,4.3179903,SDSS-SDSS,SDSS,2654,54231,23,2988144745936611328,26,binning 1   1,DR18
7535.2905,3.2291245,0.4269752,4.339202,SDSS-SDSS,SDSS,2654,54231,23,2988144745936611328,26,binning 1   1,DR18
7537.024,4.37225,0.40003684,4.272174,SDSS-SDSS,SDSS,2654,54231,23,2988144745936611328,26,binning 1   1,DR18
7538.7617,4.246692,0.41156653,4.323226,SDSS-SDSS,SDSS,2654,54231,23,2988144745936611328,26,binning 1   1,DR18
7540.496,4.009982,0.43570063,4.3585315,SDSS-SDSS,SDSS,2654,54231,23,2988144745936611328,26,binning 1   1,DR18
7542.235,4.3788176,0.44919372,4.339854,SDSS-SDSS,SDSS,2654,54231,23,2988144745936611328,26,binning 1   1,DR18
7543.97,4.515193,0.4229763,4.3164587,SDSS-SDSS,SDSS,2654,54231,23,2988144745936611328,26,binning 1   1,DR18
7545.7095,4.4242306,0.40707296,4.2713275,SDSS-SDSS,SDSS,2654,54231,23,2988144745936611328,26,binning 1   1,DR18
7547.4453,3.4279466,0.39300543,4.3015966,SDSS-SDSS,SDSS,2654,54231,23,2988144745936611328,26,binning 1   1,DR18
7549.1816,3.9247172,0.3900866,4.296664,SDSS-SDSS,SDSS,2654,54231,23,2988144745936611328,26,binning 1   1,DR18
7550.923,3.705147,0.3719408,4.247975,SDSS-SDSS,SDSS,2654,54231,23,2988144745936611328,26,binning 1   1,DR18
7552.6597,3.971288,0.38172087,4.221302,SDSS-SDSS,SDSS,2654,54231,23,2988144745936611328,26,binning 1   1,DR18
7554.4014,4.386134,0.40114138,4.2607183,SDSS-SDSS,SDSS,2654,54231,23,2988144745936611328,26,binning 1   1,DR18
7556.139,3.467938,0.42729777,4.3144445,SDSS-SDSS,SDSS,2654,54231,23,2988144745936611328,26,binning 1   1,DR18
7557.882,3.4460795,0.46218023,4.2946224,SDSS-SDSS,SDSS,2654,54231,23,2988144745936611328,26,binning 1   1,DR18
7559.62,3.6247962,0.46897236,4.299223,SDSS-SDSS,SDSS,2654,54231,23,2988144745936611328,26,binning 1   1,DR18
7561.3594,3.9838135,0.4345859,4.3342214,SDSS-SDSS,SDSS,2654,54231,23,2988144745936611328,26,binning 1   1,DR18
7563.103,4.110981,0.40071216,4.3257194,SDSS-SDSS,SDSS,2654,54231,23,2988144745936611328,26,binning 1   1,DR18
7564.843,3.634294,0.383818,4.249915,SDSS-SDSS,SDSS,2654,54231,23,2988144745936611328,26,binning 1   1,DR18
7566.5874,3.8231533,0.39344826,4.202535,SDSS-SDSS,SDSS,2654,54231,23,2988144745936611328,26,binning 1   1,DR18
7568.328,4.6397843,0.42843822,4.187251,SDSS-SDSS,SDSS,2654,54231,23,2988144745936611328,26,binning 1   1,DR18
7570.073,3.8135362,0.49345747,4.20314,SDSS-SDSS,SDSS,2654,54231,23,2988144745936611328,26,binning 1   1,DR18
7571.815,3.969204,0.66600823,4.223381,SDSS-SDSS,SDSS,2654,54231,23,2988144745936611328,26,binning 1   1,DR18
7573.561,2.8656623,0.7746563,4.23598,SDSS-SDSS,SDSS,2654,54231,23,2988144745936611328,26,binning 1   1,DR18
7575.303,3.8779817,0.63501745,4.2203693,SDSS-SDSS,SDSS,2654,54231,23,2988144745936611328,26,binning 1   1,DR18
7577.046,4.1328464,0.46926796,4.1592536,SDSS-SDSS,SDSS,2654,54231,23,2988144745936611328,26,binning 1   1,DR18
7578.793,3.3221543,0.39479867,4.187399,SDSS-SDSS,SDSS,2654,54231,23,2988144745936611328,26,binning 1   1,DR18
7580.5366,4.075658,0.38502124,4.2387457,SDSS-SDSS,SDSS,2654,54231,23,2988144745936611328,26,binning 1   1,DR18
7582.2847,4.7324452,0.39841685,4.1958523,SDSS-SDSS,SDSS,2654,54231,23,2988144745936611328,26,binning 1   1,DR18
7584.029,4.183725,0.4062354,4.11528,SDSS-SDSS,SDSS,2654,54231,23,2988144745936611328,26,binning 1   1,DR18
7585.778,3.0891905,0.46041316,4.1267138,SDSS-SDSS,SDSS,2654,54231,23,2988144745936611328,26,binning 1   1,DR18
7587.523,4.3431683,0.55793566,4.2155294,SDSS-SDSS,SDSS,2654,54231,23,2988144745936611328,26,binning 1   1,DR18
7589.2686,4.6091027,0.54021305,4.192598,SDSS-SDSS,SDSS,2654,54231,23,2988144745936611328,26,binning 1   1,DR18
7591.0186,4.3291826,0.46408308,4.194123,SDSS-SDSS,SDSS,2654,54231,23,2988144745936611328,26,binning 1   1,DR18
7592.7646,4.647438,0.42734078,4.1759577,SDSS-SDSS,SDSS,2654,54231,23,2988144745936611328,26,binning 1   1,DR18
7594.5156,3.523084,0.40806803,4.1491227,SDSS-SDSS,SDSS,2654,54231,23,2988144745936611328,26,binning 1   1,DR18
7596.2627,3.68483,0.52566844,4.1623445,SDSS-SDSS,SDSS,2654,54231,23,2988144745936611328,26,binning 1   1,DR18
7598.014,4.599635,0.8112187,4.1792436,SDSS-SDSS,SDSS,2654,54231,23,2988144745936611328,26,binning 1   1,DR18
7599.762,2.6696663,1.0927086,4.1622005,SDSS-SDSS,SDSS,2654,54231,23,2988144745936611328,26,binning 1   1,DR18
7601.5107,5.838764,1.1962067,4.1430006,SDSS-SDSS,SDSS,2654,54231,23,2988144745936611328,26,binning 1   1,DR18
7603.2637,5.1150827,1.0895612,4.115939,SDSS-SDSS,SDSS,2654,54231,23,2988144745936611328,26,binning 1   1,DR18
7605.0127,5.433729,1.0507076,4.097229,SDSS-SDSS,SDSS,2654,54231,23,2988144745936611328,26,binning 1   1,DR18
7606.766,4.159215,1.0564872,4.1157303,SDSS-SDSS,SDSS,2654,54231,23,2988144745936611328,26,binning 1   1,DR18
7608.516,4.6398807,1.0671749,4.1516075,SDSS-SDSS,SDSS,2654,54231,23,2988144745936611328,26,binning 1   1,DR18
7610.271,4.444002,1.0201876,4.111553,SDSS-SDSS,SDSS,2654,54231,23,2988144745936611328,26,binning 1   1,DR18
7612.0215,4.6802115,0.887285,4.1687727,SDSS-SDSS,SDSS,2654,54231,23,2988144745936611328,26,binning 1   1,DR18
7613.7725,4.7359734,0.7392422,4.201786,SDSS-SDSS,SDSS,2654,54231,23,2988144745936611328,26,binning 1   1,DR18
7615.5283,4.1346817,0.63566095,4.1519628,SDSS-SDSS,SDSS,2654,54231,23,2988144745936611328,26,binning 1   1,DR18
7617.2803,2.659431,0.58426493,4.0983877,SDSS-SDSS,SDSS,2654,54231,23,2988144745936611328,26,binning 1   1,DR18
7619.0366,3.5040772,0.5785573,4.1262307,SDSS-SDSS,SDSS,2654,54231,23,2988144745936611328,26,binning 1   1,DR18
7620.7896,4.366139,0.58519316,4.16247,SDSS-SDSS,SDSS,2654,54231,23,2988144745936611328,26,binning 1   1,DR18
7622.547,4.50905,0.589247,4.154011,SDSS-SDSS,SDSS,2654,54231,23,2988144745936611328,26,binning 1   1,DR18
7624.3003,5.374864,0.63666284,4.1250763,SDSS-SDSS,SDSS,2654,54231,23,2988144745936611328,26,binning 1   1,DR18
7626.054,4.2036943,0.67198616,4.1271043,SDSS-SDSS,SDSS,2654,54231,23,2988144745936611328,26,binning 1   1,DR18
7627.813,4.0169616,0.8165497,4.1659665,SDSS-SDSS,SDSS,2654,54231,23,2988144745936611328,26,binning 1   1,DR18
7629.568,5.4313183,0.9890736,4.166184,SDSS-SDSS,SDSS,2654,54231,23,2988144745936611328,26,binning 1   1,DR18
7631.327,4.771197,0.8909306,4.0957804,SDSS-SDSS,SDSS,2654,54231,23,2988144745936611328,26,binning 1   1,DR18
7633.0825,4.8588977,0.73963153,4.100449,SDSS-SDSS,SDSS,2654,54231,23,2988144745936611328,26,binning 1   1,DR18
7634.843,4.0482106,0.61463684,4.1218834,SDSS-SDSS,SDSS,2654,54231,23,2988144745936611328,26,binning 1   1,DR18
7636.599,3.460528,0.5877575,4.1112323,SDSS-SDSS,SDSS,2654,54231,23,2988144745936611328,26,binning 1   1,DR18
7638.356,4.2360296,0.6029025,4.092337,SDSS-SDSS,SDSS,2654,54231,23,2988144745936611328,26,binning 1   1,DR18
7640.117,3.191359,0.5591283,4.1024156,SDSS-SDSS,SDSS,2654,54231,23,2988144745936611328,26,binning 1   1,DR18
7641.875,4.223553,0.5980714,4.0980625,SDSS-SDSS,SDSS,2654,54231,23,2988144745936611328,26,binning 1   1,DR18
7643.637,2.7471092,0.5231917,4.0566664,SDSS-SDSS,SDSS,2654,54231,23,2988144745936611328,26,binning 1   1,DR18
7645.3955,4.8318734,0.51830745,4.073675,SDSS-SDSS,SDSS,2654,54231,23,2988144745936611328,26,binning 1   1,DR18
7647.1587,3.9836512,0.5164972,4.099176,SDSS-SDSS,SDSS,2654,54231,23,2988144745936611328,26,binning 1   1,DR18
7648.918,4.3305492,0.5002016,4.062602,SDSS-SDSS,SDSS,2654,54231,23,2988144745936611328,26,binning 1   1,DR18
7650.6772,4.555511,0.5348802,4.051676,SDSS-SDSS,SDSS,2654,54231,23,2988144745936611328,26,binning 1   1,DR18
7652.442,3.736769,0.5417136,4.0575957,SDSS-SDSS,SDSS,2654,54231,23,2988144745936611328,26,binning 1   1,DR18
7654.202,3.7204885,0.53825575,4.06698,SDSS-SDSS,SDSS,2654,54231,23,2988144745936611328,26,binning 1   1,DR18
7655.9673,4.8734865,0.54023266,4.057181,SDSS-SDSS,SDSS,2654,54231,23,2988144745936611328,26,binning 1   1,DR18
7657.7285,3.3856063,0.46133208,4.0376663,SDSS-SDSS,SDSS,2654,54231,23,2988144745936611328,26,binning 1   1,DR18
7659.494,4.4613748,0.44911906,4.044548,SDSS-SDSS,SDSS,2654,54231,23,2988144745936611328,26,binning 1   1,DR18
7661.2563,3.7121737,0.50882244,4.0889854,SDSS-SDSS,SDSS,2654,54231,23,2988144745936611328,26,binning 1   1,DR18
7663.0186,3.9677083,0.60511196,4.084705,SDSS-SDSS,SDSS,2654,54231,23,2988144745936611328,26,binning 1   1,DR18
7664.7856,3.4471989,0.55724764,4.0923953,SDSS-SDSS,SDSS,2654,54231,23,2988144745936611328,26,binning 1   1,DR18
7666.5493,4.2042227,0.48858997,4.0341225,SDSS-SDSS,SDSS,2654,54231,23,2988144745936611328,26,binning 1   1,DR18
7668.317,3.8035445,0.43344995,3.9930596,SDSS-SDSS,SDSS,2654,54231,23,2988144745936611328,26,binning 1   1,DR18
7670.081,3.4416828,0.41772038,4.052246,SDSS-SDSS,SDSS,2654,54231,23,2988144745936611328,26,binning 1   1,DR18
7671.8496,4.5070047,0.44578218,4.077,SDSS-SDSS,SDSS,2654,54231,23,2988144745936611328,26,binning 1   1,DR18
7673.6147,3.4646575,0.43638706,4.0805087,SDSS-SDSS,SDSS,2654,54231,23,2988144745936611328,26,binning 1   1,DR18
7675.38,4.413024,0.42600375,4.0644665,SDSS-SDSS,SDSS,2654,54231,23,2988144745936611328,26,binning 1   1,DR18
7677.15,4.4337397,0.41599366,4.0351567,SDSS-SDSS,SDSS,2654,54231,23,2988144745936611328,26,binning 1   1,DR18
7678.916,3.4818394,0.41177085,4.0011168,SDSS-SDSS,SDSS,2654,54231,23,2988144745936611328,26,binning 1   1,DR18
7680.687,3.784734,0.42319557,3.9867182,SDSS-SDSS,SDSS,2654,54231,23,2988144745936611328,26,binning 1   1,DR18
7682.4536,4.4223795,0.43456462,4.0165505,SDSS-SDSS,SDSS,2654,54231,23,2988144745936611328,26,binning 1   1,DR18
7684.225,3.3692925,0.4221151,4.0195675,SDSS-SDSS,SDSS,2654,54231,23,2988144745936611328,26,binning 1   1,DR18
7685.993,3.669407,0.41617036,4.0180106,SDSS-SDSS,SDSS,2654,54231,23,2988144745936611328,26,binning 1   1,DR18
7687.761,3.4168067,0.41556832,3.9982924,SDSS-SDSS,SDSS,2654,54231,23,2988144745936611328,26,binning 1   1,DR18
7689.534,4.130793,0.4332497,3.9849892,SDSS-SDSS,SDSS,2654,54231,23,2988144745936611328,26,binning 1   1,DR18
7691.3027,3.9937541,0.45564744,4.006854,SDSS-SDSS,SDSS,2654,54231,23,2988144745936611328,26,binning 1   1,DR18
7693.0767,3.7392042,0.46414518,4.0418305,SDSS-SDSS,SDSS,2654,54231,23,2988144745936611328,26,binning 1   1,DR18
7694.846,3.1951745,0.44005305,4.0849586,SDSS-SDSS,SDSS,2654,54231,23,2988144745936611328,26,binning 1   1,DR18
7696.6206,4.348006,0.423664,4.0263653,SDSS-SDSS,SDSS,2654,54231,23,2988144745936611328,26,binning 1   1,DR18
7698.391,3.0899432,0.4273329,3.962646,SDSS-SDSS,SDSS,2654,54231,23,2988144745936611328,26,binning 1   1,DR18
7700.162,3.9905736,0.4705922,3.9439924,SDSS-SDSS,SDSS,2654,54231,23,2988144745936611328,26,binning 1   1,DR18
7701.938,4.736435,0.50737983,3.9555912,SDSS-SDSS,SDSS,2654,54231,23,2988144745936611328,26,binning 1   1,DR18
7703.71,3.9981406,0.48864484,3.9881978,SDSS-SDSS,SDSS,2654,54231,23,2988144745936611328,26,binning 1   1,DR18
7705.4863,3.7936387,0.44674003,3.9832098,SDSS-SDSS,SDSS,2654,54231,23,2988144745936611328,26,binning 1   1,DR18
7707.259,4.523851,0.42216635,4.014615,SDSS-SDSS,SDSS,2654,54231,23,2988144745936611328,26,binning 1   1,DR18
7709.036,4.598855,0.46480927,4.0232854,SDSS-SDSS,SDSS,2654,54231,23,2988144745936611328,26,binning 1   1,DR18
7710.8096,3.753142,0.603379,3.9829497,SDSS-SDSS,SDSS,2654,54231,23,2988144745936611328,26,binning 1   1,DR18
7712.588,4.8842034,0.8542485,3.941556,SDSS-SDSS,SDSS,2654,54231,23,2988144745936611328,26,binning 1   1,DR18
7714.362,2.017111,0.97898614,3.9546125,SDSS-SDSS,SDSS,2654,54231,23,2988144745936611328,26,binning 1   1,DR18
7716.1367,3.4450722,1.0119144,3.970411,SDSS-SDSS,SDSS,2654,54231,23,2988144745936611328,26,binning 1   1,DR18
7717.916,4.4141917,1.0120661,3.9808114,SDSS-SDSS,SDSS,2654,54231,23,2988144745936611328,26,binning 1   1,DR18
7719.6914,2.4324515,1.0361999,3.9577873,SDSS-SDSS,SDSS,2654,54231,23,2988144745936611328,26,binning 1   1,DR18
7721.4717,3.5605397,0.74904037,3.9703546,SDSS-SDSS,SDSS,2654,54231,23,2988144745936611328,26,binning 1   1,DR18
7723.248,3.9917831,0.54368955,4.0153213,SDSS-SDSS,SDSS,2654,54231,23,2988144745936611328,26,binning 1   1,DR18
7725.029,4.7534266,0.582654,3.9360867,SDSS-SDSS,SDSS,2654,54231,23,2988144745936611328,26,binning 1   1,DR18
7726.806,3.7475944,0.6550989,3.94576,SDSS-SDSS,SDSS,2654,54231,23,2988144745936611328,26,binning 1   1,DR18
7728.5835,4.10141,0.5857171,3.9469643,SDSS-SDSS,SDSS,2654,54231,23,2988144745936611328,26,binning 1   1,DR18
7730.3657,3.6740713,0.5103564,3.9671001,SDSS-SDSS,SDSS,2654,54231,23,2988144745936611328,26,binning 1   1,DR18
7732.144,4.4440355,0.47072265,3.9655726,SDSS-SDSS,SDSS,2654,54231,23,2988144745936611328,26,binning 1   1,DR18
7733.9272,3.3696291,0.4460677,3.9312253,SDSS-SDSS,SDSS,2654,54231,23,2988144745936611328,26,binning 1   1,DR18
7735.7065,3.6242328,0.46144295,3.9787848,SDSS-SDSS,SDSS,2654,54231,23,2988144745936611328,26,binning 1   1,DR18
7737.49,3.7588077,0.50251645,3.9616141,SDSS-SDSS,SDSS,2654,54231,23,2988144745936611328,26,binning 1   1,DR18
7739.27,4.206285,0.5139491,3.920935,SDSS-SDSS,SDSS,2654,54231,23,2988144745936611328,26,binning 1   1,DR18
7741.051,2.9326499,0.46171534,3.911873,SDSS-SDSS,SDSS,2654,54231,23,2988144745936611328,26,binning 1   1,DR18
7742.8354,4.0520463,0.43156356,3.9398386,SDSS-SDSS,SDSS,2654,54231,23,2988144745936611328,26,binning 1   1,DR18
7744.6167,4.2352595,0.43717548,3.966462,SDSS-SDSS,SDSS,2654,54231,23,2988144745936611328,26,binning 1   1,DR18
7746.403,3.9172654,0.4353187,3.9477367,SDSS-SDSS,SDSS,2654,54231,23,2988144745936611328,26,binning 1   1,DR18
7748.185,4.7106986,0.527042,3.9079597,SDSS-SDSS,SDSS,2654,54231,23,2988144745936611328,26,binning 1   1,DR18
7749.9717,3.7614431,0.7941196,3.9186878,SDSS-SDSS,SDSS,2654,54231,23,2988144745936611328,26,binning 1   1,DR18
7751.7544,4.2168775,1.1148921,3.9187324,SDSS-SDSS,SDSS,2654,54231,23,2988144745936611328,26,binning 1   1,DR18
7753.5376,4.5209575,1.1969513,3.9151654,SDSS-SDSS,SDSS,2654,54231,23,2988144745936611328,26,binning 1   1,DR18
7755.3257,3.7561195,0.8757938,3.9309886,SDSS-SDSS,SDSS,2654,54231,23,2988144745936611328,26,binning 1   1,DR18
7757.11,5.1740794,0.58529925,3.9143336,SDSS-SDSS,SDSS,2654,54231,23,2988144745936611328,26,binning 1   1,DR18
7758.8984,3.37061,0.5964583,3.9307866,SDSS-SDSS,SDSS,2654,54231,23,2988144745936611328,26,binning 1   1,DR18
7760.6836,3.3901546,0.7191706,3.9718826,SDSS-SDSS,SDSS,2654,54231,23,2988144745936611328,26,binning 1   1,DR18
7762.473,3.8089175,0.718801,3.9887044,SDSS-SDSS,SDSS,2654,54231,23,2988144745936611328,26,binning 1   1,DR18
7764.259,4.344406,0.55824286,3.9596276,SDSS-SDSS,SDSS,2654,54231,23,2988144745936611328,26,binning 1   1,DR18
7766.045,3.8663626,0.4575705,3.9285936,SDSS-SDSS,SDSS,2654,54231,23,2988144745936611328,26,binning 1   1,DR18
7767.836,4.318771,0.45465812,3.9561384,SDSS-SDSS,SDSS,2654,54231,23,2988144745936611328,26,binning 1   1,DR18
7769.6226,4.087572,0.44346154,3.910914,SDSS-SDSS,SDSS,2654,54231,23,2988144745936611328,26,binning 1   1,DR18
7771.4146,3.965023,0.458573,3.8849118,SDSS-SDSS,SDSS,2654,54231,23,2988144745936611328,26,binning 1   1,DR18
7773.202,2.9021444,0.5227481,3.900327,SDSS-SDSS,SDSS,2654,54231,23,2988144745936611328,26,binning 1   1,DR18
7774.9946,3.398261,0.6017195,3.899461,SDSS-SDSS,SDSS,2654,54231,23,2988144745936611328,26,binning 1   1,DR18
7776.783,4.2401752,0.5275668,3.861405,SDSS-SDSS,SDSS,2654,54231,23,2988144745936611328,26,binning 1   1,DR18
7778.5723,1.9478797,0.46045274,3.8688478,SDSS-SDSS,SDSS,2654,54231,23,2988144745936611328,26,binning 1   1,DR18
7780.366,4.8042974,0.58652014,3.9064224,SDSS-SDSS,SDSS,2654,54231,23,2988144745936611328,26,binning 1   1,DR18
7782.156,2.6249232,0.6514647,3.925144,SDSS-SDSS,SDSS,2654,54231,23,2988144745936611328,26,binning 1   1,DR18
7783.9507,5.444758,0.5725839,3.9381351,SDSS-SDSS,SDSS,2654,54231,23,2988144745936611328,26,binning 1   1,DR18
7785.741,3.4530182,0.48165104,3.9076345,SDSS-SDSS,SDSS,2654,54231,23,2988144745936611328,26,binning 1   1,DR18
7787.5366,5.242979,0.46322554,3.8344557,SDSS-SDSS,SDSS,2654,54231,23,2988144745936611328,26,binning 1   1,DR18
7789.328,3.8499522,0.46343893,3.8266244,SDSS-SDSS,SDSS,2654,54231,23,2988144745936611328,26,binning 1   1,DR18
7791.12,2.8781283,0.54275084,3.8087387,SDSS-SDSS,SDSS,2654,54231,23,2988144745936611328,26,binning 1   1,DR18
7792.9165,3.8479562,0.7898306,3.7722,SDSS-SDSS,SDSS,2654,54231,23,2988144745936611328,26,binning 1   1,DR18
7794.7095,3.970721,1.0094167,3.809807,SDSS-SDSS,SDSS,2654,54231,23,2988144745936611328,26,binning 1   1,DR18
7796.507,3.0641737,1.0198325,3.8476048,SDSS-SDSS,SDSS,2654,54231,23,2988144745936611328,26,binning 1   1,DR18
7798.3003,3.687488,0.7588359,3.8340538,SDSS-SDSS,SDSS,2654,54231,23,2988144745936611328,26,binning 1   1,DR18
7800.0986,3.073438,0.5157643,3.9043353,SDSS-SDSS,SDSS,2654,54231,23,2988144745936611328,26,binning 1   1,DR18
7801.893,3.8015969,0.4298904,3.864625,SDSS-SDSS,SDSS,2654,54231,23,2988144745936611328,26,binning 1   1,DR18
7803.688,3.444001,0.4193189,3.854744,SDSS-SDSS,SDSS,2654,54231,23,2988144745936611328,26,binning 1   1,DR18
7805.4873,3.9511168,0.43080428,3.8356986,SDSS-SDSS,SDSS,2654,54231,23,2988144745936611328,26,binning 1   1,DR18
7807.283,3.3991933,0.51366806,3.793276,SDSS-SDSS,SDSS,2654,54231,23,2988144745936611328,26,binning 1   1,DR18
7809.0835,3.5889058,0.6958778,3.7819083,SDSS-SDSS,SDSS,2654,54231,23,2988144745936611328,26,binning 1   1,DR18
7810.88,3.9371946,0.78883547,3.818426,SDSS-SDSS,SDSS,2654,54231,23,2988144745936611328,26,binning 1   1,DR18
7812.681,3.3665879,0.6266506,3.7725775,SDSS-SDSS,SDSS,2654,54231,23,2988144745936611328,26,binning 1   1,DR18
7814.4785,5.219877,0.48902124,3.7881913,SDSS-SDSS,SDSS,2654,54231,23,2988144745936611328,26,binning 1   1,DR18
7816.276,3.7602232,0.48104328,3.795908,SDSS-SDSS,SDSS,2654,54231,23,2988144745936611328,26,binning 1   1,DR18
7818.0786,3.2318988,0.5655584,3.7999022,SDSS-SDSS,SDSS,2654,54231,23,2988144745936611328,26,binning 1   1,DR18
7819.877,4.2720175,0.6508519,3.8376377,SDSS-SDSS,SDSS,2654,54231,23,2988144745936611328,26,binning 1   1,DR18
7821.68,2.732336,1.1715006,3.8360567,SDSS-SDSS,SDSS,2654,54231,23,2988144745936611328,26,binning 1   1,DR18
7823.4795,5.3988743,1.6832606,3.791124,SDSS-SDSS,SDSS,2654,54231,23,2988144745936611328,26,binning 1   1,DR18
7825.2837,1.8914881,1.0693302,3.7980647,SDSS-SDSS,SDSS,2654,54231,23,2988144745936611328,26,binning 1   1,DR18
7827.084,5.526287,0.6069024,3.7705462,SDSS-SDSS,SDSS,2654,54231,23,2988144745936611328,26,binning 1   1,DR18
7828.8843,3.5272026,0.47235253,3.754336,SDSS-SDSS,SDSS,2654,54231,23,2988144745936611328,26,binning 1   1,DR18
7830.69,2.9657016,0.45940658,3.7952597,SDSS-SDSS,SDSS,2654,54231,23,2988144745936611328,26,binning 1   1,DR18
7832.491,4.116082,0.4624522,3.7666347,SDSS-SDSS,SDSS,2654,54231,23,2988144745936611328,26,binning 1   1,DR18
7834.2974,3.0578308,0.4426259,3.7777991,SDSS-SDSS,SDSS,2654,54231,23,2988144745936611328,26,binning 1   1,DR18
7836.0996,4.381054,0.46137792,3.7813087,SDSS-SDSS,SDSS,2654,54231,23,2988144745936611328,26,binning 1   1,DR18
7837.9067,4.0474896,0.47818443,3.7808783,SDSS-SDSS,SDSS,2654,54231,23,2988144745936611328,26,binning 1   1,DR18
7839.71,3.8800642,0.5440827,3.7957945,SDSS-SDSS,SDSS,2654,54231,23,2988144745936611328,26,binning 1   1,DR18
7841.513,3.9299142,0.7177587,3.8084526,SDSS-SDSS,SDSS,2654,54231,23,2988144745936611328,26,binning 1   1,DR18
7843.3213,3.9431164,0.82066214,3.7783582,SDSS-SDSS,SDSS,2654,54231,23,2988144745936611328,26,binning 1   1,DR18
7845.126,3.54801,0.6808641,3.787304,SDSS-SDSS,SDSS,2654,54231,23,2988144745936611328,26,binning 1   1,DR18
7846.935,4.759562,0.5371881,3.7878563,SDSS-SDSS,SDSS,2654,54231,23,2988144745936611328,26,binning 1   1,DR18
7848.74,4.636812,0.49331206,3.7729263,SDSS-SDSS,SDSS,2654,54231,23,2988144745936611328,26,binning 1   1,DR18
7850.55,4.5342293,0.62941694,3.7716634,SDSS-SDSS,SDSS,2654,54231,23,2988144745936611328,26,binning 1   1,DR18
7852.356,1.5777041,1.0499896,3.7840238,SDSS-SDSS,SDSS,2654,54231,23,2988144745936611328,26,binning 1   1,DR18
7854.1665,4.5257945,1.3352377,3.7626104,SDSS-SDSS,SDSS,2654,54231,23,2988144745936611328,26,binning 1   1,DR18
7855.9736,3.2489085,1.457172,3.763527,SDSS-SDSS,SDSS,2654,54231,23,2988144745936611328,26,binning 1   1,DR18
7857.781,1.6327914,0.84822935,3.78422,SDSS-SDSS,SDSS,2654,54231,23,2988144745936611328,26,binning 1   1,DR18
7859.593,3.3591678,0.6895856,3.749425,SDSS-SDSS,SDSS,2654,54231,23,2988144745936611328,26,binning 1   1,DR18
7861.401,3.1934557,0.77703,3.7316499,SDSS-SDSS,SDSS,2654,54231,23,2988144745936611328,26,binning 1   1,DR18
7863.214,2.1910343,0.7623868,3.7892482,SDSS-SDSS,SDSS,2654,54231,23,2988144745936611328,26,binning 1   1,DR18
7865.0225,3.64674,0.6466805,3.7860339,SDSS-SDSS,SDSS,2654,54231,23,2988144745936611328,26,binning 1   1,DR18
7866.8364,3.6138048,0.5532782,3.7505364,SDSS-SDSS,SDSS,2654,54231,23,2988144745936611328,26,binning 1   1,DR18
7868.646,4.2452025,0.6420058,3.7604954,SDSS-SDSS,SDSS,2654,54231,23,2988144745936611328,26,binning 1   1,DR18
7870.456,2.7516222,0.8633107,3.737776,SDSS-SDSS,SDSS,2654,54231,23,2988144745936611328,26,binning 1   1,DR18
7872.271,4.6038747,0.94321203,3.7041662,SDSS-SDSS,SDSS,2654,54231,23,2988144745936611328,26,binning 1   1,DR18
7874.082,4.635725,0.88620543,3.7176855,SDSS-SDSS,SDSS,2654,54231,23,2988144745936611328,26,binning 1   1,DR18
7875.898,3.3700476,0.6359456,3.7252674,SDSS-SDSS,SDSS,2654,54231,23,2988144745936611328,26,binning 1   1,DR18
7877.71,4.4931293,0.54484516,3.7097614,SDSS-SDSS,SDSS,2654,54231,23,2988144745936611328,26,binning 1   1,DR18
7879.5264,2.9364705,0.68727756,3.6616867,SDSS-SDSS,SDSS,2654,54231,23,2988144745936611328,26,binning 1   1,DR18
7881.339,3.1070435,0.787115,3.6570575,SDSS-SDSS,SDSS,2654,54231,23,2988144745936611328,26,binning 1   1,DR18
7883.152,3.7603517,0.699713,3.7054877,SDSS-SDSS,SDSS,2654,54231,23,2988144745936611328,26,binning 1   1,DR18
7884.9697,2.9052446,0.5931169,3.7600987,SDSS-SDSS,SDSS,2654,54231,23,2988144745936611328,26,binning 1   1,DR18
7886.7837,5.291253,0.55360156,3.7951288,SDSS-SDSS,SDSS,2654,54231,23,2988144745936611328,26,binning 1   1,DR18
7888.6025,3.0105538,0.68447626,3.8174777,SDSS-SDSS,SDSS,2654,54231,23,2988144745936611328,26,binning 1   1,DR18
7890.4175,3.6957805,0.91526115,3.835162,SDSS-SDSS,SDSS,2654,54231,23,2988144745936611328,26,binning 1   1,DR18
7892.237,2.2741518,0.9569154,3.9179564,SDSS-SDSS,SDSS,2654,54231,23,2988144745936611328,26,binning 1   1,DR18
7894.0522,1.9492694,0.8496156,3.979859,SDSS-SDSS,SDSS,2654,54231,23,2988144745936611328,26,binning 1   1,DR18
7895.8687,4.019712,0.585227,3.9167635,SDSS-SDSS,SDSS,2654,54231,23,2988144745936611328,26,binning 1   1,DR18
7897.689,3.6999152,0.46779424,3.8121247,SDSS-SDSS,SDSS,2654,54231,23,2988144745936611328,26,binning 1   1,DR18
7899.506,3.5656528,0.45751062,3.746796,SDSS-SDSS,SDSS,2654,54231,23,2988144745936611328,26,binning 1   1,DR18
7901.3276,4.032006,0.46326545,3.6896422,SDSS-SDSS,SDSS,2654,54231,23,2988144745936611328,26,binning 1   1,DR18
7903.1455,3.3654094,0.45404026,3.6583982,SDSS-SDSS,SDSS,2654,54231,23,2988144745936611328,26,binning 1   1,DR18
7904.968,3.6165802,0.46666715,3.6723006,SDSS-SDSS,SDSS,2654,54231,23,2988144745936611328,26,binning 1   1,DR18
7906.786,4.133529,0.4740692,3.6863756,SDSS-SDSS,SDSS,2654,54231,23,2988144745936611328,26,binning 1   1,DR18
7908.6055,3.0534408,0.47317344,3.6345387,SDSS-SDSS,SDSS,2654,54231,23,2988144745936611328,26,binning 1   1,DR18
7910.429,5.0061164,0.53909075,3.7035308,SDSS-SDSS,SDSS,2654,54231,23,2988144745936611328,26,binning 1   1,DR18
7912.2485,1.546519,0.82330716,3.8360858,SDSS-SDSS,SDSS,2654,54231,23,2988144745936611328,26,binning 1   1,DR18
7914.073,4.5059366,1.2733501,3.8905854,SDSS-SDSS,SDSS,2654,54231,23,2988144745936611328,26,binning 1   1,DR18
7915.894,5.073269,1.3683025,3.8496284,SDSS-SDSS,SDSS,2654,54231,23,2988144745936611328,26,binning 1   1,DR18
7917.719,4.46417,1.3250215,3.7625513,SDSS-SDSS,SDSS,2654,54231,23,2988144745936611328,26,binning 1   1,DR18
7919.5405,3.9903224,0.7880509,3.6550853,SDSS-SDSS,SDSS,2654,54231,23,2988144745936611328,26,binning 1   1,DR18
7921.363,3.3015578,0.83940345,3.6446476,SDSS-SDSS,SDSS,2654,54231,23,2988144745936611328,26,binning 1   1,DR18
7923.1895,2.7247927,0.93700683,3.6390924,SDSS-SDSS,SDSS,2654,54231,23,2988144745936611328,26,binning 1   1,DR18
7925.012,5.5848737,0.77372587,3.6278844,SDSS-SDSS,SDSS,2654,54231,23,2988144745936611328,26,binning 1   1,DR18
7926.8394,5.1570044,0.5747172,3.6104488,SDSS-SDSS,SDSS,2654,54231,23,2988144745936611328,26,binning 1   1,DR18
7928.663,3.0081701,0.56525,3.608601,SDSS-SDSS,SDSS,2654,54231,23,2988144745936611328,26,binning 1   1,DR18
7930.491,2.4005048,0.6554545,3.6603112,SDSS-SDSS,SDSS,2654,54231,23,2988144745936611328,26,binning 1   1,DR18
7932.316,3.8416224,0.7815295,3.6215158,SDSS-SDSS,SDSS,2654,54231,23,2988144745936611328,26,binning 1   1,DR18
7934.1406,3.4483027,0.91040725,3.6161983,SDSS-SDSS,SDSS,2654,54231,23,2988144745936611328,26,binning 1   1,DR18
7935.97,2.4655395,0.7294963,3.6334481,SDSS-SDSS,SDSS,2654,54231,23,2988144745936611328,26,binning 1   1,DR18
7937.796,3.9311438,0.5120044,3.6407642,SDSS-SDSS,SDSS,2654,54231,23,2988144745936611328,26,binning 1   1,DR18
7939.6265,3.9223351,0.4845453,3.618157,SDSS-SDSS,SDSS,2654,54231,23,2988144745936611328,26,binning 1   1,DR18
7941.4526,4.073501,0.55130935,3.5734649,SDSS-SDSS,SDSS,2654,54231,23,2988144745936611328,26,binning 1   1,DR18
7943.284,4.07183,0.5500891,3.6499248,SDSS-SDSS,SDSS,2654,54231,23,2988144745936611328,26,binning 1   1,DR18
7945.1113,4.303379,0.49006552,3.6661813,SDSS-SDSS,SDSS,2654,54231,23,2988144745936611328,26,binning 1   1,DR18
7946.939,5.1004505,0.54031634,3.5989428,SDSS-SDSS,SDSS,2654,54231,23,2988144745936611328,26,binning 1   1,DR18
7948.772,4.099169,0.65311366,3.5287821,SDSS-SDSS,SDSS,2654,54231,23,2988144745936611328,26,binning 1   1,DR18
7950.6006,2.494904,0.7379461,3.533071,SDSS-SDSS,SDSS,2654,54231,23,2988144745936611328,26,binning 1   1,DR18
7952.4336,3.6884851,0.6959577,3.6009057,SDSS-SDSS,SDSS,2654,54231,23,2988144745936611328,26,binning 1   1,DR18
7954.263,4.0736713,0.5364621,3.6213017,SDSS-SDSS,SDSS,2654,54231,23,2988144745936611328,26,binning 1   1,DR18
7956.0977,3.770872,0.47251293,3.6236155,SDSS-SDSS,SDSS,2654,54231,23,2988144745936611328,26,binning 1   1,DR18
7957.9277,4.075262,0.48668122,3.6003335,SDSS-SDSS,SDSS,2654,54231,23,2988144745936611328,26,binning 1   1,DR18
7959.7583,3.5221837,0.476606,3.5863903,SDSS-SDSS,SDSS,2654,54231,23,2988144745936611328,26,binning 1   1,DR18
7961.5938,3.7146785,0.4975285,3.6042218,SDSS-SDSS,SDSS,2654,54231,23,2988144745936611328,26,binning 1   1,DR18
7963.4253,4.0989594,0.67755294,3.5941606,SDSS-SDSS,SDSS,2654,54231,23,2988144745936611328,26,binning 1   1,DR18
7965.2617,3.7350307,1.1248946,3.5615172,SDSS-SDSS,SDSS,2654,54231,23,2988144745936611328,26,binning 1   1,DR18
7967.094,0.3394121,1.2594424,3.5642118,SDSS-SDSS,SDSS,2654,54231,23,2988144745936611328,26,binning 1   1,DR18
7968.9316,1.7340611,0.8229578,3.584156,SDSS-SDSS,SDSS,2654,54231,23,2988144745936611328,26,binning 1   1,DR18
7970.7646,4.4884653,0.6284123,3.5751865,SDSS-SDSS,SDSS,2654,54231,23,2988144745936611328,26,binning 1   1,DR18
7972.598,3.997692,0.52475494,3.5388095,SDSS-SDSS,SDSS,2654,54231,23,2988144745936611328,26,binning 1   1,DR18
7974.437,4.40652,0.5872041,3.5430253,SDSS-SDSS,SDSS,2654,54231,23,2988144745936611328,26,binning 1   1,DR18
7976.2715,3.6256335,0.64068925,3.5599563,SDSS-SDSS,SDSS,2654,54231,23,2988144745936611328,26,binning 1   1,DR18
7978.111,2.531493,0.6774541,3.5364523,SDSS-SDSS,SDSS,2654,54231,23,2988144745936611328,26,binning 1   1,DR18
7979.946,3.846218,0.9159472,3.5197065,SDSS-SDSS,SDSS,2654,54231,23,2988144745936611328,26,binning 1   1,DR18
7981.786,3.5254154,0.95320237,3.543201,SDSS-SDSS,SDSS,2654,54231,23,2988144745936611328,26,binning 1   1,DR18
7983.6226,3.20424,0.6935849,3.5587425,SDSS-SDSS,SDSS,2654,54231,23,2988144745936611328,26,binning 1   1,DR18
7985.459,3.7444758,0.50106215,3.4959614,SDSS-SDSS,SDSS,2654,54231,23,2988144745936611328,26,binning 1   1,DR18
7987.3003,3.554381,0.48205632,3.524515,SDSS-SDSS,SDSS,2654,54231,23,2988144745936611328,26,binning 1   1,DR18
7989.1377,3.6317904,0.50607663,3.5443635,SDSS-SDSS,SDSS,2654,54231,23,2988144745936611328,26,binning 1   1,DR18
7990.98,4.61082,0.582838,3.5136614,SDSS-SDSS,SDSS,2654,54231,23,2988144745936611328,26,binning 1   1,DR18
7992.8184,5.0105095,0.8822655,3.4997551,SDSS-SDSS,SDSS,2654,54231,23,2988144745936611328,26,binning 1   1,DR18
7994.6616,3.9688766,1.217807,3.540342,SDSS-SDSS,SDSS,2654,54231,23,2988144745936611328,26,binning 1   1,DR18
7996.5005,2.8292005,1.0975238,3.5463343,SDSS-SDSS,SDSS,2654,54231,23,2988144745936611328,26,binning 1   1,DR18
7998.3447,3.1388128,0.7428483,3.5367465,SDSS-SDSS,SDSS,2654,54231,23,2988144745936611328,26,binning 1   1,DR18
8000.1846,4.209871,0.5991114,3.5325632,SDSS-SDSS,SDSS,2654,54231,23,2988144745936611328,26,binning 1   1,DR18
8002.025,3.7701972,0.547286,3.5319958,SDSS-SDSS,SDSS,2654,54231,23,2988144745936611328,26,binning 1   1,DR18
8003.8706,4.03618,0.51363957,3.5261316,SDSS-SDSS,SDSS,2654,54231,23,2988144745936611328,26,binning 1   1,DR18
8005.7114,3.8373516,0.49092695,3.524491,SDSS-SDSS,SDSS,2654,54231,23,2988144745936611328,26,binning 1   1,DR18
8007.5576,3.443107,0.46298736,3.5419474,SDSS-SDSS,SDSS,2654,54231,23,2988144745936611328,26,binning 1   1,DR18
8009.4,3.077261,0.44278824,3.501306,SDSS-SDSS,SDSS,2654,54231,23,2988144745936611328,26,binning 1   1,DR18
8011.247,3.7553825,0.5017413,3.4969482,SDSS-SDSS,SDSS,2654,54231,23,2988144745936611328,26,binning 1   1,DR18
8013.09,2.6869931,0.5833993,3.4930499,SDSS-SDSS,SDSS,2654,54231,23,2988144745936611328,26,binning 1   1,DR18
8014.933,2.523453,0.77809477,3.4985805,SDSS-SDSS,SDSS,2654,54231,23,2988144745936611328,26,binning 1   1,DR18
8016.7812,4.8356557,0.8147522,3.513859,SDSS-SDSS,SDSS,2654,54231,23,2988144745936611328,26,binning 1   1,DR18
8018.6255,4.6385946,0.6424337,3.4604225,SDSS-SDSS,SDSS,2654,54231,23,2988144745936611328,26,binning 1   1,DR18
8020.4746,3.8069005,0.547117,3.454571,SDSS-SDSS,SDSS,2654,54231,23,2988144745936611328,26,binning 1   1,DR18
8022.32,3.4313698,0.5617762,3.5074062,SDSS-SDSS,SDSS,2654,54231,23,2988144745936611328,26,binning 1   1,DR18
8024.17,3.9784973,0.64497256,3.4985497,SDSS-SDSS,SDSS,2654,54231,23,2988144745936611328,26,binning 1   1,DR18
8026.0156,4.225146,0.9392401,3.4405835,SDSS-SDSS,SDSS,2654,54231,23,2988144745936611328,26,binning 1   1,DR18
8027.8623,5.3670654,1.1162242,3.4319718,SDSS-SDSS,SDSS,2654,54231,23,2988144745936611328,26,binning 1   1,DR18
8029.7134,4.100276,0.9069912,3.4828198,SDSS-SDSS,SDSS,2654,54231,23,2988144745936611328,26,binning 1   1,DR18
8031.5605,4.833006,0.6580853,3.4939246,SDSS-SDSS,SDSS,2654,54231,23,2988144745936611328,26,binning 1   1,DR18
8033.4126,3.3872197,0.5171219,3.4990351,SDSS-SDSS,SDSS,2654,54231,23,2988144745936611328,26,binning 1   1,DR18
8035.2607,3.2301364,0.476832,3.4925468,SDSS-SDSS,SDSS,2654,54231,23,2988144745936611328,26,binning 1   1,DR18
8037.114,3.068105,0.45865548,3.4719322,SDSS-SDSS,SDSS,2654,54231,23,2988144745936611328,26,binning 1   1,DR18
8038.9624,2.9396935,0.44665197,3.4504867,SDSS-SDSS,SDSS,2654,54231,23,2988144745936611328,26,binning 1   1,DR18
8040.812,3.1553497,0.4659477,3.441134,SDSS-SDSS,SDSS,2654,54231,23,2988144745936611328,26,binning 1   1,DR18
8042.666,3.2580414,0.46861663,3.4416425,SDSS-SDSS,SDSS,2654,54231,23,2988144745936611328,26,binning 1   1,DR18
8044.516,2.622692,0.452229,3.412729,SDSS-SDSS,SDSS,2654,54231,23,2988144745936611328,26,binning 1   1,DR18
8046.371,3.4688118,0.4643908,3.399232,SDSS-SDSS,SDSS,2654,54231,23,2988144745936611328,26,binning 1   1,DR18
8048.222,3.4083493,0.48901904,3.4317045,SDSS-SDSS,SDSS,2654,54231,23,2988144745936611328,26,binning 1   1,DR18
8050.078,4.250635,0.5502505,3.4784124,SDSS-SDSS,SDSS,2654,54231,23,2988144745936611328,26,binning 1   1,DR18
8051.93,4.193272,0.6480199,3.4837356,SDSS-SDSS,SDSS,2654,54231,23,2988144745936611328,26,binning 1   1,DR18
8053.7827,4.0793185,0.6733662,3.5193834,SDSS-SDSS,SDSS,2654,54231,23,2988144745936611328,26,binning 1   1,DR18
8055.6396,2.095737,0.6252158,3.5173943,SDSS-SDSS,SDSS,2654,54231,23,2988144745936611328,26,binning 1   1,DR18
8057.4927,3.6446548,0.52075684,3.4663532,SDSS-SDSS,SDSS,2654,54231,23,2988144745936611328,26,binning 1   1,DR18
8059.351,2.9606817,0.468022,3.420743,SDSS-SDSS,SDSS,2654,54231,23,2988144745936611328,26,binning 1   1,DR18
8061.205,3.9471695,0.64840955,3.4084926,SDSS-SDSS,SDSS,2654,54231,23,2988144745936611328,26,binning 1   1,DR18
8063.064,2.183844,0.90150803,3.385991,SDSS-SDSS,SDSS,2654,54231,23,2988144745936611328,26,binning 1   1,DR18
8064.919,3.7647572,0.8952155,3.418792,SDSS-SDSS,SDSS,2654,54231,23,2988144745936611328,26,binning 1   1,DR18
8066.774,3.634007,0.6019743,3.4433343,SDSS-SDSS,SDSS,2654,54231,23,2988144745936611328,26,binning 1   1,DR18
8068.6343,3.5912063,0.47657797,3.4171076,SDSS-SDSS,SDSS,2654,54231,23,2988144745936611328,26,binning 1   1,DR18
8070.49,2.833698,0.46308,3.3901126,SDSS-SDSS,SDSS,2654,54231,23,2988144745936611328,26,binning 1   1,DR18
8072.3516,3.6997285,0.48141256,3.4010665,SDSS-SDSS,SDSS,2654,54231,23,2988144745936611328,26,binning 1   1,DR18
8074.2085,3.4568748,0.4740971,3.384011,SDSS-SDSS,SDSS,2654,54231,23,2988144745936611328,26,binning 1   1,DR18
8076.0703,4.086604,0.48419872,3.3488684,SDSS-SDSS,SDSS,2654,54231,23,2988144745936611328,26,binning 1   1,DR18
8077.928,2.8640532,0.4857011,3.3723834,SDSS-SDSS,SDSS,2654,54231,23,2988144745936611328,26,binning 1   1,DR18
8079.7866,3.1744294,0.4978455,3.3916268,SDSS-SDSS,SDSS,2654,54231,23,2988144745936611328,26,binning 1   1,DR18
8081.65,3.7784343,0.47883108,3.3755574,SDSS-SDSS,SDSS,2654,54231,23,2988144745936611328,26,binning 1   1,DR18
8083.509,3.0356643,0.46409303,3.3556712,SDSS-SDSS,SDSS,2654,54231,23,2988144745936611328,26,binning 1   1,DR18
8085.373,3.4231808,0.48893523,3.358786,SDSS-SDSS,SDSS,2654,54231,23,2988144745936611328,26,binning 1   1,DR18
8087.233,3.2359235,0.48642996,3.338536,SDSS-SDSS,SDSS,2654,54231,23,2988144745936611328,26,binning 1   1,DR18
8089.098,2.7719922,0.47818914,3.307403,SDSS-SDSS,SDSS,2654,54231,23,2988144745936611328,26,binning 1   1,DR18
8090.959,3.3711567,0.4914014,3.3247943,SDSS-SDSS,SDSS,2654,54231,23,2988144745936611328,26,binning 1   1,DR18
8092.8203,3.1160066,0.5058154,3.364685,SDSS-SDSS,SDSS,2654,54231,23,2988144745936611328,26,binning 1   1,DR18
8094.6865,3.470228,0.5428442,3.3586442,SDSS-SDSS,SDSS,2654,54231,23,2988144745936611328,26,binning 1   1,DR18
8096.5483,2.7419605,0.5364465,3.3157396,SDSS-SDSS,SDSS,2654,54231,23,2988144745936611328,26,binning 1   1,DR18
8098.4155,3.3445213,0.48779395,3.3431926,SDSS-SDSS,SDSS,2654,54231,23,2988144745936611328,26,binning 1   1,DR18
8100.279,2.9798424,0.48585358,3.355125,SDSS-SDSS,SDSS,2654,54231,23,2988144745936611328,26,binning 1   1,DR18
8102.1465,2.9457605,0.57166153,3.3156414,SDSS-SDSS,SDSS,2654,54231,23,2988144745936611328,26,binning 1   1,DR18
8104.0103,2.3500922,0.6419476,3.2958918,SDSS-SDSS,SDSS,2654,54231,23,2988144745936611328,26,binning 1   1,DR18
8105.8745,2.980461,0.6230606,3.3188772,SDSS-SDSS,SDSS,2654,54231,23,2988144745936611328,26,binning 1   1,DR18
8107.744,3.6856165,0.58459926,3.2813973,SDSS-SDSS,SDSS,2654,54231,23,2988144745936611328,26,binning 1   1,DR18
8109.609,3.2222884,0.55015904,3.3119326,SDSS-SDSS,SDSS,2654,54231,23,2988144745936611328,26,binning 1   1,DR18
8111.479,3.1732554,0.49887404,3.2805085,SDSS-SDSS,SDSS,2654,54231,23,2988144745936611328,26,binning 1   1,DR18
8113.345,3.470307,0.46446043,3.2943532,SDSS-SDSS,SDSS,2654,54231,23,2988144745936611328,26,binning 1   1,DR18
8115.2163,3.6472678,0.46298257,3.3086057,SDSS-SDSS,SDSS,2654,54231,23,2988144745936611328,26,binning 1   1,DR18
8117.083,3.060941,0.46844333,3.2599216,SDSS-SDSS,SDSS,2654,54231,23,2988144745936611328,26,binning 1   1,DR18
8118.95,2.9065466,0.4495426,3.2805252,SDSS-SDSS,SDSS,2654,54231,23,2988144745936611328,26,binning 1   1,DR18
8120.8228,3.3123827,0.45149767,3.2511952,SDSS-SDSS,SDSS,2654,54231,23,2988144745936611328,26,binning 1   1,DR18
8122.691,2.0265634,0.4327857,3.2487628,SDSS-SDSS,SDSS,2654,54231,23,2988144745936611328,26,binning 1   1,DR18
8124.564,3.6403024,0.4609874,3.2760618,SDSS-SDSS,SDSS,2654,54231,23,2988144745936611328,26,binning 1   1,DR18
8126.4326,3.8750234,0.45670408,3.265212,SDSS-SDSS,SDSS,2654,54231,23,2988144745936611328,26,binning 1   1,DR18
8128.3066,2.56083,0.44891298,3.218302,SDSS-SDSS,SDSS,2654,54231,23,2988144745936611328,26,binning 1   1,DR18
8130.177,2.5852635,0.4645548,3.247984,SDSS-SDSS,SDSS,2654,54231,23,2988144745936611328,26,binning 1   1,DR18
8132.0513,3.1427677,0.47295153,3.2291746,SDSS-SDSS,SDSS,2654,54231,23,2988144745936611328,26,binning 1   1,DR18
8133.9224,4.1555886,0.49735463,3.2542443,SDSS-SDSS,SDSS,2654,54231,23,2988144745936611328,26,binning 1   1,DR18
8135.7935,3.398913,0.5016757,3.252936,SDSS-SDSS,SDSS,2654,54231,23,2988144745936611328,26,binning 1   1,DR18
8137.6694,3.089825,0.504507,3.2275007,SDSS-SDSS,SDSS,2654,54231,23,2988144745936611328,26,binning 1   1,DR18
8139.5415,3.4469805,0.51462036,3.2450619,SDSS-SDSS,SDSS,2654,54231,23,2988144745936611328,26,binning 1   1,DR18
8141.4185,2.7334154,0.53070927,3.295757,SDSS-SDSS,SDSS,2654,54231,23,2988144745936611328,26,binning 1   1,DR18
8143.2915,3.4595292,0.5410811,3.2796214,SDSS-SDSS,SDSS,2654,54231,23,2988144745936611328,26,binning 1   1,DR18
8145.1694,3.309871,0.51994115,3.2483482,SDSS-SDSS,SDSS,2654,54231,23,2988144745936611328,26,binning 1   1,DR18
8147.043,3.220856,0.52906185,3.2591548,SDSS-SDSS,SDSS,2654,54231,23,2988144745936611328,26,binning 1   1,DR18
8148.9175,3.133431,0.55765265,3.270695,SDSS-SDSS,SDSS,2654,54231,23,2988144745936611328,26,binning 1   1,DR18
8150.7964,3.5657027,0.54064953,3.2345617,SDSS-SDSS,SDSS,2654,54231,23,2988144745936611328,26,binning 1   1,DR18
8152.6714,3.3454552,0.5033705,3.2045176,SDSS-SDSS,SDSS,2654,54231,23,2988144745936611328,26,binning 1   1,DR18
8154.5513,2.9647079,0.5010264,3.2077928,SDSS-SDSS,SDSS,2654,54231,23,2988144745936611328,26,binning 1   1,DR18
8156.4272,2.913083,0.51097864,3.205026,SDSS-SDSS,SDSS,2654,54231,23,2988144745936611328,26,binning 1   1,DR18
8158.308,3.446848,0.49830547,3.211013,SDSS-SDSS,SDSS,2654,54231,23,2988144745936611328,26,binning 1   1,DR18
8160.185,3.0670047,0.4896877,3.2412882,SDSS-SDSS,SDSS,2654,54231,23,2988144745936611328,26,binning 1   1,DR18
8162.0625,4.491087,0.6342309,3.2566013,SDSS-SDSS,SDSS,2654,54231,23,2988144745936611328,26,binning 1   1,DR18
8163.9443,2.6030426,0.6989214,3.1969569,SDSS-SDSS,SDSS,2654,54231,23,2988144745936611328,26,binning 1   1,DR18
8165.8228,2.3861587,0.56984085,3.197581,SDSS-SDSS,SDSS,2654,54231,23,2988144745936611328,26,binning 1   1,DR18
8167.7056,2.6049151,0.50457966,3.1952639,SDSS-SDSS,SDSS,2654,54231,23,2988144745936611328,26,binning 1   1,DR18
8169.5845,3.8158352,0.50829136,3.1795676,SDSS-SDSS,SDSS,2654,54231,23,2988144745936611328,26,binning 1   1,DR18
8171.4683,2.9685388,0.5097739,3.1870136,SDSS-SDSS,SDSS,2654,54231,23,2988144745936611328,26,binning 1   1,DR18
8173.348,3.1559825,0.5059332,3.2234669,SDSS-SDSS,SDSS,2654,54231,23,2988144745936611328,26,binning 1   1,DR18
8175.2285,3.3197563,0.49791193,3.2282805,SDSS-SDSS,SDSS,2654,54231,23,2988144745936611328,26,binning 1   1,DR18
8177.114,3.7788327,0.52477,3.2079496,SDSS-SDSS,SDSS,2654,54231,23,2988144745936611328,26,binning 1   1,DR18
8178.995,3.6271176,0.57843554,3.1524336,SDSS-SDSS,SDSS,2654,54231,23,2988144745936611328,26,binning 1   1,DR18
8180.881,3.4784358,0.5943512,3.1366172,SDSS-SDSS,SDSS,2654,54231,23,2988144745936611328,26,binning 1   1,DR18
8182.763,3.3199635,0.6018535,3.1591396,SDSS-SDSS,SDSS,2654,54231,23,2988144745936611328,26,binning 1   1,DR18
8184.65,2.2599154,0.5964889,3.1686187,SDSS-SDSS,SDSS,2654,54231,23,2988144745936611328,26,binning 1   1,DR18
8186.5327,3.7835603,0.6010041,3.162561,SDSS-SDSS,SDSS,2654,54231,23,2988144745936611328,26,binning 1   1,DR18
8188.416,3.3954499,0.59250957,3.1655385,SDSS-SDSS,SDSS,2654,54231,23,2988144745936611328,26,binning 1   1,DR18
8190.304,4.3577056,0.5968791,3.1543744,SDSS-SDSS,SDSS,2654,54231,23,2988144745936611328,26,binning 1   1,DR18
8192.188,2.0955021,0.55875796,3.1496892,SDSS-SDSS,SDSS,2654,54231,23,2988144745936611328,26,binning 1   1,DR18
8194.077,3.776649,0.59795356,3.1729183,SDSS-SDSS,SDSS,2654,54231,23,2988144745936611328,26,binning 1   1,DR18
8195.963,2.877228,0.6156116,3.1924663,SDSS-SDSS,SDSS,2654,54231,23,2988144745936611328,26,binning 1   1,DR18
8197.853,2.5100698,0.6282889,3.153568,SDSS-SDSS,SDSS,2654,54231,23,2988144745936611328,26,binning 1   1,DR18
8199.738,2.7037067,0.5880566,3.1901534,SDSS-SDSS,SDSS,2654,54231,23,2988144745936611328,26,binning 1   1,DR18
8201.625,2.594925,0.5369436,3.2081583,SDSS-SDSS,SDSS,2654,54231,23,2988144745936611328,26,binning 1   1,DR18
8203.516,3.794175,0.52189976,3.1819975,SDSS-SDSS,SDSS,2654,54231,23,2988144745936611328,26,binning 1   1,DR18
8205.403,2.1224077,0.48727813,3.1695142,SDSS-SDSS,SDSS,2654,54231,23,2988144745936611328,26,binning 1   1,DR18
8207.296,3.531858,0.4955562,3.175944,SDSS-SDSS,SDSS,2654,54231,23,2988144745936611328,26,binning 1   1,DR18
8209.184,2.808498,0.49773094,3.1141515,SDSS-SDSS,SDSS,2654,54231,23,2988144745936611328,26,binning 1   1,DR18
8211.076,2.945027,0.4849204,3.14492,SDSS-SDSS,SDSS,2654,54231,23,2988144745936611328,26,binning 1   1,DR18
8212.966,3.5465586,0.48567125,3.143337,SDSS-SDSS,SDSS,2654,54231,23,2988144745936611328,26,binning 1   1,DR18
8214.8545,2.8875558,0.47325101,3.1062582,SDSS-SDSS,SDSS,2654,54231,23,2988144745936611328,26,binning 1   1,DR18
8216.749,3.573148,0.49035683,3.0837977,SDSS-SDSS,SDSS,2654,54231,23,2988144745936611328,26,binning 1   1,DR18
8218.64,3.496868,0.5032193,3.1100018,SDSS-SDSS,SDSS,2654,54231,23,2988144745936611328,26,binning 1   1,DR18
8220.534,3.2389047,0.5036782,3.1537192,SDSS-SDSS,SDSS,2654,54231,23,2988144745936611328,26,binning 1   1,DR18
8222.426,3.2841008,0.5019017,3.0902996,SDSS-SDSS,SDSS,2654,54231,23,2988144745936611328,26,binning 1   1,DR18
8224.322,2.634764,0.502554,3.0693238,SDSS-SDSS,SDSS,2654,54231,23,2988144745936611328,26,binning 1   1,DR18
8226.214,2.7350256,0.5073174,3.099879,SDSS-SDSS,SDSS,2654,54231,23,2988144745936611328,26,binning 1   1,DR18
8228.106,1.8939259,0.55161065,3.126439,SDSS-SDSS,SDSS,2654,54231,23,2988144745936611328,26,binning 1   1,DR18
8230.004,2.9472122,0.6131102,3.125972,SDSS-SDSS,SDSS,2654,54231,23,2988144745936611328,26,binning 1   1,DR18
8231.896,2.761288,0.56251097,3.1301208,SDSS-SDSS,SDSS,2654,54231,23,2988144745936611328,26,binning 1   1,DR18
8233.795,2.8154142,0.53408843,3.1102273,SDSS-SDSS,SDSS,2654,54231,23,2988144745936611328,26,binning 1   1,DR18
8235.689,3.8214486,0.54015684,3.118349,SDSS-SDSS,SDSS,2654,54231,23,2988144745936611328,26,binning 1   1,DR18
8237.589,3.3636086,0.5343412,3.1192853,SDSS-SDSS,SDSS,2654,54231,23,2988144745936611328,26,binning 1   1,DR18
8239.483,3.2061749,0.52200645,3.1248224,SDSS-SDSS,SDSS,2654,54231,23,2988144745936611328,26,binning 1   1,DR18
8241.379,3.470232,0.51992035,3.1250694,SDSS-SDSS,SDSS,2654,54231,23,2988144745936611328,26,binning 1   1,DR18
8243.279,3.558008,0.5369022,3.0445075,SDSS-SDSS,SDSS,2654,54231,23,2988144745936611328,26,binning 1   1,DR18
8245.176,2.7068207,0.5436073,3.0617635,SDSS-SDSS,SDSS,2654,54231,23,2988144745936611328,26,binning 1   1,DR18
8247.077,2.843415,0.53888613,3.0602741,SDSS-SDSS,SDSS,2654,54231,23,2988144745936611328,26,binning 1   1,DR18
8248.975,3.9753368,0.5687967,3.072812,SDSS-SDSS,SDSS,2654,54231,23,2988144745936611328,26,binning 1   1,DR18
8250.877,2.6302824,0.56266296,3.0908747,SDSS-SDSS,SDSS,2654,54231,23,2988144745936611328,26,binning 1   1,DR18
8252.774,2.7322543,0.534951,3.0688612,SDSS-SDSS,SDSS,2654,54231,23,2988144745936611328,26,binning 1   1,DR18
8254.673,4.2531257,0.51914465,3.033443,SDSS-SDSS,SDSS,2654,54231,23,2988144745936611328,26,binning 1   1,DR18
8256.577,2.0672936,0.4826784,3.0435088,SDSS-SDSS,SDSS,2654,54231,23,2988144745936611328,26,binning 1   1,DR18
8258.477,3.6164157,0.5378157,3.038424,SDSS-SDSS,SDSS,2654,54231,23,2988144745936611328,26,binning 1   1,DR18
8260.381,3.4108326,0.5594545,3.0380263,SDSS-SDSS,SDSS,2654,54231,23,2988144745936611328,26,binning 1   1,DR18
8262.281,3.019614,0.56661826,3.0477774,SDSS-SDSS,SDSS,2654,54231,23,2988144745936611328,26,binning 1   1,DR18
8264.187,3.3005743,0.56775504,3.048677,SDSS-SDSS,SDSS,2654,54231,23,2988144745936611328,26,binning 1   1,DR18
8266.087,3.1507487,0.53167874,3.044626,SDSS-SDSS,SDSS,2654,54231,23,2988144745936611328,26,binning 1   1,DR18
8267.989,1.9222926,0.5013166,3.0685782,SDSS-SDSS,SDSS,2654,54231,23,2988144745936611328,26,binning 1   1,DR18
8269.8955,2.7010744,0.49195158,3.035205,SDSS-SDSS,SDSS,2654,54231,23,2988144745936611328,26,binning 1   1,DR18
8271.798,2.7171538,0.5009096,3.0193553,SDSS-SDSS,SDSS,2654,54231,23,2988144745936611328,26,binning 1   1,DR18
8273.705,2.8798347,0.5668843,3.0394895,SDSS-SDSS,SDSS,2654,54231,23,2988144745936611328,26,binning 1   1,DR18
8275.608,2.6044934,0.57659066,3.0513172,SDSS-SDSS,SDSS,2654,54231,23,2988144745936611328,26,binning 1   1,DR18
8277.517,4.544952,0.69602156,3.041677,SDSS-SDSS,SDSS,2654,54231,23,2988144745936611328,26,binning 1   1,DR18
8279.421,3.3198242,0.84070647,3.0161107,SDSS-SDSS,SDSS,2654,54231,23,2988144745936611328,26,binning 1   1,DR18
8281.33,2.2083051,1.0770143,2.989934,SDSS-SDSS,SDSS,2654,54231,23,2988144745936611328,26,binning 1   1,DR18
8283.235,3.0537825,1.1186497,3.011863,SDSS-SDSS,SDSS,2654,54231,23,2988144745936611328,26,binning 1   1,DR18
8285.142,2.949063,1.0478702,3.0192654,SDSS-SDSS,SDSS,2654,54231,23,2988144745936611328,26,binning 1   1,DR18
8287.052,1.1358519,1.004204,2.9680455,SDSS-SDSS,SDSS,2654,54231,23,2988144745936611328,26,binning 1   1,DR18
8288.958,2.2917852,1.2593402,2.9722967,SDSS-SDSS,SDSS,2654,54231,23,2988144745936611328,26,binning 1   1,DR18
8290.869,2.4054546,1.4520952,3.0159843,SDSS-SDSS,SDSS,2654,54231,23,2988144745936611328,26,binning 1   1,DR18
8292.777,2.5592003,0.992183,3.016597,SDSS-SDSS,SDSS,2654,54231,23,2988144745936611328,26,binning 1   1,DR18
8294.689,2.9485037,0.70083106,2.9916239,SDSS-SDSS,SDSS,2654,54231,23,2988144745936611328,26,binning 1   1,DR18
8296.598,3.0108187,0.8918298,2.9725974,SDSS-SDSS,SDSS,2654,54231,23,2988144745936611328,26,binning 1   1,DR18
8298.506,3.3928945,1.2618521,2.9711573,SDSS-SDSS,SDSS,2654,54231,23,2988144745936611328,26,binning 1   1,DR18
8300.42,1.7039602,1.6936611,2.9809396,SDSS-SDSS,SDSS,2654,54231,23,2988144745936611328,26,binning 1   1,DR18
8302.329,-0.6297978,1.2270033,2.9773877,SDSS-SDSS,SDSS,2654,54231,23,2988144745936611328,26,binning 1   1,DR18
8304.243,2.7747095,0.7343084,2.975284,SDSS-SDSS,SDSS,2654,54231,23,2988144745936611328,26,binning 1   1,DR18
8306.154,3.406674,0.58834934,2.9746144,SDSS-SDSS,SDSS,2654,54231,23,2988144745936611328,26,binning 1   1,DR18
8308.069,2.8550453,0.57234406,2.9744108,SDSS-SDSS,SDSS,2654,54231,23,2988144745936611328,26,binning 1   1,DR18
8309.98,3.5074103,0.6701844,2.9686477,SDSS-SDSS,SDSS,2654,54231,23,2988144745936611328,26,binning 1   1,DR18
8311.893,3.4476,0.8452316,2.9496047,SDSS-SDSS,SDSS,2654,54231,23,2988144745936611328,26,binning 1   1,DR18
8313.809,1.877739,0.8579802,2.9582715,SDSS-SDSS,SDSS,2654,54231,23,2988144745936611328,26,binning 1   1,DR18
8315.722,2.6700509,0.6427156,2.9615402,SDSS-SDSS,SDSS,2654,54231,23,2988144745936611328,26,binning 1   1,DR18
8317.64,2.478605,0.52687794,2.929867,SDSS-SDSS,SDSS,2654,54231,23,2988144745936611328,26,binning 1   1,DR18
8319.553,2.2975588,0.56681734,2.9180954,SDSS-SDSS,SDSS,2654,54231,23,2988144745936611328,26,binning 1   1,DR18
8321.471,2.743952,0.6007418,2.9557526,SDSS-SDSS,SDSS,2654,54231,23,2988144745936611328,26,binning 1   1,DR18
8323.386,3.8732455,0.6396591,2.9484856,SDSS-SDSS,SDSS,2654,54231,23,2988144745936611328,26,binning 1   1,DR18
8325.3,2.421509,0.5753604,2.9150434,SDSS-SDSS,SDSS,2654,54231,23,2988144745936611328,26,binning 1   1,DR18
8327.22,3.2157357,0.53664804,2.976243,SDSS-SDSS,SDSS,2654,54231,23,2988144745936611328,26,binning 1   1,DR18
8329.136,2.1199622,0.51348454,2.989257,SDSS-SDSS,SDSS,2654,54231,23,2988144745936611328,26,binning 1   1,DR18
8331.057,2.8001668,0.5320479,2.9463537,SDSS-SDSS,SDSS,2654,54231,23,2988144745936611328,26,binning 1   1,DR18
8332.973,2.2512193,0.5543007,2.9272032,SDSS-SDSS,SDSS,2654,54231,23,2988144745936611328,26,binning 1   1,DR18
8334.895,3.0734458,0.5553694,2.9074068,SDSS-SDSS,SDSS,2654,54231,23,2988144745936611328,26,binning 1   1,DR18
8336.812,4.3057704,0.55564857,2.9300785,SDSS-SDSS,SDSS,2654,54231,23,2988144745936611328,26,binning 1   1,DR18
8338.7295,1.7208072,0.5617601,2.9233253,SDSS-SDSS,SDSS,2654,54231,23,2988144745936611328,26,binning 1   1,DR18
8340.652,3.8891747,0.72145957,2.922206,SDSS-SDSS,SDSS,2654,54231,23,2988144745936611328,26,binning 1   1,DR18
8342.571,5.3587866,1.0905467,2.9221842,SDSS-SDSS,SDSS,2654,54231,23,2988144745936611328,26,binning 1   1,DR18
8344.495,3.309141,1.836515,2.9147398,SDSS-SDSS,SDSS,2654,54231,23,2988144745936611328,26,binning 1   1,DR18
8346.415,0.412992,2.3482795,2.9544835,SDSS-SDSS,SDSS,2654,54231,23,2988144745936611328,26,binning 1   1,DR18
8348.34,-0.96065235,1.9839238,2.9776907,SDSS-SDSS,SDSS,2654,54231,23,2988144745936611328,26,binning 1   1,DR18
8350.26,1.2118248,1.0011865,2.91373,SDSS-SDSS,SDSS,2654,54231,23,2988144745936611328,26,binning 1   1,DR18
8352.181,4.3487,1.0110481,2.917035,SDSS-SDSS,SDSS,2654,54231,23,2988144745936611328,26,binning 1   1,DR18
8354.107,2.9371643,1.271221,2.9300592,SDSS-SDSS,SDSS,2654,54231,23,2988144745936611328,26,binning 1   1,DR18
8356.029,3.7633464,1.0760969,2.877626,SDSS-SDSS,SDSS,2654,54231,23,2988144745936611328,26,binning 1   1,DR18
8357.956,3.061505,0.76379746,2.9259205,SDSS-SDSS,SDSS,2654,54231,23,2988144745936611328,26,binning 1   1,DR18
8359.879,2.547673,0.5760799,2.9057665,SDSS-SDSS,SDSS,2654,54231,23,2988144745936611328,26,binning 1   1,DR18
8361.807,2.6934252,0.6109545,2.8672163,SDSS-SDSS,SDSS,2654,54231,23,2988144745936611328,26,binning 1   1,DR18
8363.7295,3.4166536,0.75783443,2.8685393,SDSS-SDSS,SDSS,2654,54231,23,2988144745936611328,26,binning 1   1,DR18
8365.654,1.7091988,0.84462845,2.8921332,SDSS-SDSS,SDSS,2654,54231,23,2988144745936611328,26,binning 1   1,DR18
8367.583,1.3218974,0.84828603,2.9086015,SDSS-SDSS,SDSS,2654,54231,23,2988144745936611328,26,binning 1   1,DR18
8369.508,2.6038284,0.7761743,2.9292123,SDSS-SDSS,SDSS,2654,54231,23,2988144745936611328,26,binning 1   1,DR18
8371.4375,2.5768082,0.68519336,2.8824813,SDSS-SDSS,SDSS,2654,54231,23,2988144745936611328,26,binning 1   1,DR18
8373.364,3.3686244,0.60187024,2.8744657,SDSS-SDSS,SDSS,2654,54231,23,2988144745936611328,26,binning 1   1,DR18
8375.295,2.9885406,0.5456178,2.8808122,SDSS-SDSS,SDSS,2654,54231,23,2988144745936611328,26,binning 1   1,DR18
8377.222,2.833073,0.57773495,2.8714333,SDSS-SDSS,SDSS,2654,54231,23,2988144745936611328,26,binning 1   1,DR18
8379.148,2.629559,0.6401627,2.8657715,SDSS-SDSS,SDSS,2654,54231,23,2988144745936611328,26,binning 1   1,DR18
8381.081,2.9706144,0.8073636,2.8964806,SDSS-SDSS,SDSS,2654,54231,23,2988144745936611328,26,binning 1   1,DR18
8383.009,2.240161,1.0549734,2.9062366,SDSS-SDSS,SDSS,2654,54231,23,2988144745936611328,26,binning 1   1,DR18
8384.942,3.381938,1.0380977,2.8472166,SDSS-SDSS,SDSS,2654,54231,23,2988144745936611328,26,binning 1   1,DR18
8386.871,3.7388015,0.7908394,2.828313,SDSS-SDSS,SDSS,2654,54231,23,2988144745936611328,26,binning 1   1,DR18
8388.805,2.8469336,0.6256319,2.8867452,SDSS-SDSS,SDSS,2654,54231,23,2988144745936611328,26,binning 1   1,DR18
8390.734,1.9791023,0.64691556,2.924657,SDSS-SDSS,SDSS,2654,54231,23,2988144745936611328,26,binning 1   1,DR18
8392.665,2.0489962,0.64621264,2.8430696,SDSS-SDSS,SDSS,2654,54231,23,2988144745936611328,26,binning 1   1,DR18
8394.601,2.649619,0.56510943,2.86728,SDSS-SDSS,SDSS,2654,54231,23,2988144745936611328,26,binning 1   1,DR18
8396.531,3.010165,0.74928164,2.8516035,SDSS-SDSS,SDSS,2654,54231,23,2988144745936611328,26,binning 1   1,DR18
8398.468,1.7473329,1.333179,2.8113513,SDSS-SDSS,SDSS,2654,54231,23,2988144745936611328,26,binning 1   1,DR18
8400.399,0.77217054,2.1476495,2.8078802,SDSS-SDSS,SDSS,2654,54231,23,2988144745936611328,26,binning 1   1,DR18
8402.337,1.948697,1.6108316,2.8355417,SDSS-SDSS,SDSS,2654,54231,23,2988144745936611328,26,binning 1   1,DR18
8404.27,4.1068163,0.9029561,2.8265026,SDSS-SDSS,SDSS,2654,54231,23,2988144745936611328,26,binning 1   1,DR18
8406.203,2.501757,0.6365116,2.8415513,SDSS-SDSS,SDSS,2654,54231,23,2988144745936611328,26,binning 1   1,DR18
8408.142,2.4268339,0.5775866,2.843094,SDSS-SDSS,SDSS,2654,54231,23,2988144745936611328,26,binning 1   1,DR18
8410.076,2.3020654,0.5527485,2.8431504,SDSS-SDSS,SDSS,2654,54231,23,2988144745936611328,26,binning 1   1,DR18
8412.016,2.8973157,0.58030784,2.849586,SDSS-SDSS,SDSS,2654,54231,23,2988144745936611328,26,binning 1   1,DR18
8413.95,1.7125939,0.7203395,2.8431737,SDSS-SDSS,SDSS,2654,54231,23,2988144745936611328,26,binning 1   1,DR18
8415.891,2.4446926,1.0304726,2.809658,SDSS-SDSS,SDSS,2654,54231,23,2988144745936611328,26,binning 1   1,DR18
8417.827,4.5253696,1.2998278,2.815664,SDSS-SDSS,SDSS,2654,54231,23,2988144745936611328,26,binning 1   1,DR18
8419.764,0.9801484,0.8422395,2.8119783,SDSS-SDSS,SDSS,2654,54231,23,2988144745936611328,26,binning 1   1,DR18
8421.705,3.154808,0.58603984,2.776221,SDSS-SDSS,SDSS,2654,54231,23,2988144745936611328,26,binning 1   1,DR18
8423.643,1.7004449,0.56274295,2.7694664,SDSS-SDSS,SDSS,2654,54231,23,2988144745936611328,26,binning 1   1,DR18
8425.585,3.9495473,0.63776016,2.8080206,SDSS-SDSS,SDSS,2654,54231,23,2988144745936611328,26,binning 1   1,DR18
8427.523,3.367419,0.8024716,2.7911584,SDSS-SDSS,SDSS,2654,54231,23,2988144745936611328,26,binning 1   1,DR18
8429.467,3.010367,1.151689,2.82528,SDSS-SDSS,SDSS,2654,54231,23,2988144745936611328,26,binning 1   1,DR18
8431.405,0.1329457,1.9975568,2.8295302,SDSS-SDSS,SDSS,2654,54231,23,2988144745936611328,26,binning 1   1,DR18
8433.35,2.0384758,2.3134542,2.79901,SDSS-SDSS,SDSS,2654,54231,23,2988144745936611328,26,binning 1   1,DR18
8435.29,2.8447626,1.2919651,2.7866502,SDSS-SDSS,SDSS,2654,54231,23,2988144745936611328,26,binning 1   1,DR18
8437.23,3.131774,0.64435,2.7998202,SDSS-SDSS,SDSS,2654,54231,23,2988144745936611328,26,binning 1   1,DR18
8439.176,1.5455862,0.5374051,2.7696278,SDSS-SDSS,SDSS,2654,54231,23,2988144745936611328,26,binning 1   1,DR18
8441.117,2.9004474,0.5647665,2.776931,SDSS-SDSS,SDSS,2654,54231,23,2988144745936611328,26,binning 1   1,DR18
8443.064,3.429974,0.609853,2.7908654,SDSS-SDSS,SDSS,2654,54231,23,2988144745936611328,26,binning 1   1,DR18
8445.006,2.471035,0.58623254,2.7632205,SDSS-SDSS,SDSS,2654,54231,23,2988144745936611328,26,binning 1   1,DR18
8446.954,2.7796333,0.5850915,2.744676,SDSS-SDSS,SDSS,2654,54231,23,2988144745936611328,26,binning 1   1,DR18
8448.896,3.0399265,0.6208906,2.7811778,SDSS-SDSS,SDSS,2654,54231,23,2988144745936611328,26,binning 1   1,DR18
8450.841,3.905766,0.7793897,2.8032982,SDSS-SDSS,SDSS,2654,54231,23,2988144745936611328,26,binning 1   1,DR18
8452.789,2.6397626,1.080756,2.827784,SDSS-SDSS,SDSS,2654,54231,23,2988144745936611328,26,binning 1   1,DR18
8454.734,2.4249525,1.1221623,2.8305488,SDSS-SDSS,SDSS,2654,54231,23,2988144745936611328,26,binning 1   1,DR18
8456.684,3.9276276,0.82321525,2.8399963,SDSS-SDSS,SDSS,2654,54231,23,2988144745936611328,26,binning 1   1,DR18
8458.629,1.2169607,0.6584588,2.885452,SDSS-SDSS,SDSS,2654,54231,23,2988144745936611328,26,binning 1   1,DR18
8460.579,3.818247,0.6757968,2.900738,SDSS-SDSS,SDSS,2654,54231,23,2988144745936611328,26,binning 1   1,DR18
8462.525,4.185154,0.78347784,2.7712917,SDSS-SDSS,SDSS,2654,54231,23,2988144745936611328,26,binning 1   1,DR18
8464.473,0.8979641,1.2570225,2.756894,SDSS-SDSS,SDSS,2654,54231,23,2988144745936611328,26,binning 1   1,DR18
8466.425,2.9786825,1.8759259,2.742875,SDSS-SDSS,SDSS,2654,54231,23,2988144745936611328,26,binning 1   1,DR18
8468.372,0.42127457,1.7161562,2.742483,SDSS-SDSS,SDSS,2654,54231,23,2988144745936611328,26,binning 1   1,DR18
8470.325,4.495833,1.023521,2.7649338,SDSS-SDSS,SDSS,2654,54231,23,2988144745936611328,26,binning 1   1,DR18
8472.273,0.7584043,0.5746362,2.7821176,SDSS-SDSS,SDSS,2654,54231,23,2988144745936611328,26,binning 1   1,DR18
8474.228,2.3406467,0.5862796,2.779022,SDSS-SDSS,SDSS,2654,54231,23,2988144745936611328,26,binning 1   1,DR18
8476.177,2.4524624,0.59131885,2.759204,SDSS-SDSS,SDSS,2654,54231,23,2988144745936611328,26,binning 1   1,DR18
8478.127,2.629705,0.5589848,2.7880113,SDSS-SDSS,SDSS,2654,54231,23,2988144745936611328,26,binning 1   1,DR18
8480.082,3.1983538,0.5501802,2.842267,SDSS-SDSS,SDSS,2654,54231,23,2988144745936611328,26,binning 1   1,DR18
8482.032,2.2465196,0.5172535,2.825179,SDSS-SDSS,SDSS,2654,54231,23,2988144745936611328,26,binning 1   1,DR18
8483.988,2.7696044,0.5172103,2.7306614,SDSS-SDSS,SDSS,2654,54231,23,2988144745936611328,26,binning 1   1,DR18
8485.94,3.0081983,0.5308488,2.7205832,SDSS-SDSS,SDSS,2654,54231,23,2988144745936611328,26,binning 1   1,DR18
8487.897,2.5669107,0.5329806,2.7331908,SDSS-SDSS,SDSS,2654,54231,23,2988144745936611328,26,binning 1   1,DR18
8489.85,2.248852,0.55039686,2.7472565,SDSS-SDSS,SDSS,2654,54231,23,2988144745936611328,26,binning 1   1,DR18
8491.803,3.1505935,0.62801194,2.7376268,SDSS-SDSS,SDSS,2654,54231,23,2988144745936611328,26,binning 1   1,DR18
8493.761,2.271447,0.8415383,2.7210498,SDSS-SDSS,SDSS,2654,54231,23,2988144745936611328,26,binning 1   1,DR18
8495.715,1.8966401,1.0110697,2.7183442,SDSS-SDSS,SDSS,2654,54231,23,2988144745936611328,26,binning 1   1,DR18
8497.674,3.1809852,0.83883506,2.7033706,SDSS-SDSS,SDSS,2654,54231,23,2988144745936611328,26,binning 1   1,DR18
8499.629,3.1983948,0.61988705,2.6735768,SDSS-SDSS,SDSS,2654,54231,23,2988144745936611328,26,binning 1   1,DR18
8501.589,2.7809842,0.6278158,2.6829338,SDSS-SDSS,SDSS,2654,54231,23,2988144745936611328,26,binning 1   1,DR18
8503.545,1.6042527,0.88295776,2.693004,SDSS-SDSS,SDSS,2654,54231,23,2988144745936611328,26,binning 1   1,DR18
8505.501,5.0386343,1.2101074,2.6884246,SDSS-SDSS,SDSS,2654,54231,23,2988144745936611328,26,binning 1   1,DR18
8507.462,1.8272389,1.1819429,2.6859057,SDSS-SDSS,SDSS,2654,54231,23,2988144745936611328,26,binning 1   1,DR18
8509.42,2.8693151,0.8755252,2.688624,SDSS-SDSS,SDSS,2654,54231,23,2988144745936611328,26,binning 1   1,DR18
8511.382,2.6902912,0.60828406,2.6927822,SDSS-SDSS,SDSS,2654,54231,23,2988144745936611328,26,binning 1   1,DR18
8513.34,3.1882157,0.54303265,2.7021945,SDSS-SDSS,SDSS,2654,54231,23,2988144745936611328,26,binning 1   1,DR18
8515.303,2.9991913,0.54883116,2.7103653,SDSS-SDSS,SDSS,2654,54231,23,2988144745936611328,26,binning 1   1,DR18
8517.262,2.8439837,0.563884,2.701969,SDSS-SDSS,SDSS,2654,54231,23,2988144745936611328,26,binning 1   1,DR18
8519.222,2.4696295,0.58876115,2.6704283,SDSS-SDSS,SDSS,2654,54231,23,2988144745936611328,26,binning 1   1,DR18
8521.186,2.081077,0.61219925,2.6367962,SDSS-SDSS,SDSS,2654,54231,23,2988144745936611328,26,binning 1   1,DR18
8523.146,2.281011,0.60954505,2.6360795,SDSS-SDSS,SDSS,2654,54231,23,2988144745936611328,26,binning 1   1,DR18
8525.111,2.6873407,0.58595324,2.679433,SDSS-SDSS,SDSS,2654,54231,23,2988144745936611328,26,binning 1   1,DR18
8527.072,1.6758025,0.55525905,2.6990473,SDSS-SDSS,SDSS,2654,54231,23,2988144745936611328,26,binning 1   1,DR18
8529.039,2.5222492,0.55876267,2.6909673,SDSS-SDSS,SDSS,2654,54231,23,2988144745936611328,26,binning 1   1,DR18
8531.001,2.5675294,0.55551773,2.6912432,SDSS-SDSS,SDSS,2654,54231,23,2988144745936611328,26,binning 1   1,DR18
8532.964,2.504445,0.5472064,2.6935227,SDSS-SDSS,SDSS,2654,54231,23,2988144745936611328,26,binning 1   1,DR18
8534.932,3.763483,0.56130785,2.6878204,SDSS-SDSS,SDSS,2654,54231,23,2988144745936611328,26,binning 1   1,DR18
8536.895,2.1833875,0.59966975,2.7144175,SDSS-SDSS,SDSS,2654,54231,23,2988144745936611328,26,binning 1   1,DR18
8538.863,3.6161408,0.7815384,2.6977618,SDSS-SDSS,SDSS,2654,54231,23,2988144745936611328,26,binning 1   1,DR18
8540.828,1.5720605,0.86812425,2.6511385,SDSS-SDSS,SDSS,2654,54231,23,2988144745936611328,26,binning 1   1,DR18
8542.797,3.4308937,0.71349573,2.6571925,SDSS-SDSS,SDSS,2654,54231,23,2988144745936611328,26,binning 1   1,DR18
8544.763,2.9400353,0.57649636,2.7197673,SDSS-SDSS,SDSS,2654,54231,23,2988144745936611328,26,binning 1   1,DR18
8546.729,2.2561834,0.61440504,2.700791,SDSS-SDSS,SDSS,2654,54231,23,2988144745936611328,26,binning 1   1,DR18
8548.699,2.8292212,0.8555434,2.6259139,SDSS-SDSS,SDSS,2654,54231,23,2988144745936611328,26,binning 1   1,DR18
8550.666,2.3767617,0.9470023,2.628339,SDSS-SDSS,SDSS,2654,54231,23,2988144745936611328,26,binning 1   1,DR18
8552.638,2.2568357,0.7950687,2.662347,SDSS-SDSS,SDSS,2654,54231,23,2988144745936611328,26,binning 1   1,DR18
8554.6045,2.3499613,0.6338165,2.64443,SDSS-SDSS,SDSS,2654,54231,23,2988144745936611328,26,binning 1   1,DR18
8556.577,2.6513283,0.5523199,2.6531556,SDSS-SDSS,SDSS,2654,54231,23,2988144745936611328,26,binning 1   1,DR18
8558.546,2.3044457,0.5197807,2.63611,SDSS-SDSS,SDSS,2654,54231,23,2988144745936611328,26,binning 1   1,DR18
8560.515,2.8413126,0.5427189,2.6424384,SDSS-SDSS,SDSS,2654,54231,23,2988144745936611328,26,binning 1   1,DR18
8562.489,2.712346,0.56434554,2.6575677,SDSS-SDSS,SDSS,2654,54231,23,2988144745936611328,26,binning 1   1,DR18
8564.459,3.11446,0.5729612,2.6726458,SDSS-SDSS,SDSS,2654,54231,23,2988144745936611328,26,binning 1   1,DR18
8566.434,2.6099634,0.55991244,2.6898677,SDSS-SDSS,SDSS,2654,54231,23,2988144745936611328,26,binning 1   1,DR18
8568.404,2.3831916,0.54576564,2.6888807,SDSS-SDSS,SDSS,2654,54231,23,2988144745936611328,26,binning 1   1,DR18
8570.38,2.3503525,0.53360176,2.6443112,SDSS-SDSS,SDSS,2654,54231,23,2988144745936611328,26,binning 1   1,DR18
8572.352,2.7559237,0.55672854,2.6264682,SDSS-SDSS,SDSS,2654,54231,23,2988144745936611328,26,binning 1   1,DR18
8574.324,2.6476831,0.58044875,2.6593785,SDSS-SDSS,SDSS,2654,54231,23,2988144745936611328,26,binning 1   1,DR18
8576.301,2.6056488,0.59417826,2.6703656,SDSS-SDSS,SDSS,2654,54231,23,2988144745936611328,26,binning 1   1,DR18
8578.274,2.9024146,0.5929355,2.6159043,SDSS-SDSS,SDSS,2654,54231,23,2988144745936611328,26,binning 1   1,DR18
8580.252,2.3496928,0.56995577,2.5996523,SDSS-SDSS,SDSS,2654,54231,23,2988144745936611328,26,binning 1   1,DR18
8582.226,2.522064,0.5507573,2.659118,SDSS-SDSS,SDSS,2654,54231,23,2988144745936611328,26,binning 1   1,DR18
8584.205,2.603214,0.55999,2.614277,SDSS-SDSS,SDSS,2654,54231,23,2988144745936611328,26,binning 1   1,DR18
8586.18,2.3107936,0.5870408,2.616398,SDSS-SDSS,SDSS,2654,54231,23,2988144745936611328,26,binning 1   1,DR18
8588.16,2.9754388,0.68224657,2.6537135,SDSS-SDSS,SDSS,2654,54231,23,2988144745936611328,26,binning 1   1,DR18
8590.136,4.068113,0.7920065,2.616527,SDSS-SDSS,SDSS,2654,54231,23,2988144745936611328,26,binning 1   1,DR18
8592.111,1.4872947,0.7423798,2.5874243,SDSS-SDSS,SDSS,2654,54231,23,2988144745936611328,26,binning 1   1,DR18
8594.093,1.7322632,0.63399327,2.6625617,SDSS-SDSS,SDSS,2654,54231,23,2988144745936611328,26,binning 1   1,DR18
8596.07,1.9708699,0.6232065,2.6181345,SDSS-SDSS,SDSS,2654,54231,23,2988144745936611328,26,binning 1   1,DR18
8598.053,2.6254644,0.7002006,2.5773938,SDSS-SDSS,SDSS,2654,54231,23,2988144745936611328,26,binning 1   1,DR18
8600.03,2.3486137,0.7041355,2.5957255,SDSS-SDSS,SDSS,2654,54231,23,2988144745936611328,26,binning 1   1,DR18
8602.014,1.9641681,0.61759573,2.613755,SDSS-SDSS,SDSS,2654,54231,23,2988144745936611328,26,binning 1   1,DR18
8603.992,2.8786495,0.5980503,2.617265,SDSS-SDSS,SDSS,2654,54231,23,2988144745936611328,26,binning 1   1,DR18
8605.972,2.736257,0.60878086,2.6232734,SDSS-SDSS,SDSS,2654,54231,23,2988144745936611328,26,binning 1   1,DR18
8607.956,2.9011369,0.62985826,2.6503897,SDSS-SDSS,SDSS,2654,54231,23,2988144745936611328,26,binning 1   1,DR18
8609.937,2.9014237,0.6599147,2.6536205,SDSS-SDSS,SDSS,2654,54231,23,2988144745936611328,26,binning 1   1,DR18
8611.922,2.5041416,0.6855963,2.6398342,SDSS-SDSS,SDSS,2654,54231,23,2988144745936611328,26,binning 1   1,DR18
8613.903,1.9527577,0.72769934,2.6478944,SDSS-SDSS,SDSS,2654,54231,23,2988144745936611328,26,binning 1   1,DR18
8615.89,2.3404636,0.75884104,2.6657228,SDSS-SDSS,SDSS,2654,54231,23,2988144745936611328,26,binning 1   1,DR18
8617.871,4.5873156,1.0465626,2.6297472,SDSS-SDSS,SDSS,2654,54231,23,2988144745936611328,26,binning 1   1,DR18
8619.854,3.6409209,1.1220946,2.603284,SDSS-SDSS,SDSS,2654,54231,23,2988144745936611328,26,binning 1   1,DR18
8621.842,1.5290093,0.9219511,2.5890071,SDSS-SDSS,SDSS,2654,54231,23,2988144745936611328,26,binning 1   1,DR18
8623.825,3.5497274,1.1314763,2.56871,SDSS-SDSS,SDSS,2654,54231,23,2988144745936611328,26,binning 1   1,DR18
8625.813,2.319293,1.233798,2.5448616,SDSS-SDSS,SDSS,2654,54231,23,2988144745936611328,26,binning 1   1,DR18
8627.798,-1.1724304,1.6509705,2.5529623,SDSS-SDSS,SDSS,2654,54231,23,2988144745936611328,26,binning 1   1,DR18
8629.788,1.9514664,1.3961507,2.6144865,SDSS-SDSS,SDSS,2654,54231,23,2988144745936611328,26,binning 1   1,DR18
8631.772,-0.00949584,1.1392219,2.6314259,SDSS-SDSS,SDSS,2654,54231,23,2988144745936611328,26,binning 1   1,DR18
8633.759,2.4132326,1.2490293,2.5886455,SDSS-SDSS,SDSS,2654,54231,23,2988144745936611328,26,binning 1   1,DR18
8635.75,0.9504678,1.2272569,2.5622282,SDSS-SDSS,SDSS,2654,54231,23,2988144745936611328,26,binning 1   1,DR18
8637.736,2.5260131,1.1171918,2.5851593,SDSS-SDSS,SDSS,2654,54231,23,2988144745936611328,26,binning 1   1,DR18
8639.729,2.1290076,1.0266657,2.5630257,SDSS-SDSS,SDSS,2654,54231,23,2988144745936611328,26,binning 1   1,DR18
8641.716,3.4352822,1.0543948,2.5326896,SDSS-SDSS,SDSS,2654,54231,23,2988144745936611328,26,binning 1   1,DR18
8643.708,1.3352875,0.83559936,2.5267422,SDSS-SDSS,SDSS,2654,54231,23,2988144745936611328,26,binning 1   1,DR18
8645.697,2.0278797,0.7245593,2.5359263,SDSS-SDSS,SDSS,2654,54231,23,2988144745936611328,26,binning 1   1,DR18
8647.686,3.4040477,0.82908225,2.539414,SDSS-SDSS,SDSS,2654,54231,23,2988144745936611328,26,binning 1   1,DR18
8649.68,1.6539955,0.91684425,2.5195448,SDSS-SDSS,SDSS,2654,54231,23,2988144745936611328,26,binning 1   1,DR18
8651.67,5.1300163,1.0647928,2.4805882,SDSS-SDSS,SDSS,2654,54231,23,2988144745936611328,26,binning 1   1,DR18
8653.665,-2.528348,1.3394405,2.4851696,SDSS-SDSS,SDSS,2654,54231,23,2988144745936611328,26,binning 1   1,DR18
8655.655,5.8254395,1.177698,2.5018847,SDSS-SDSS,SDSS,2654,54231,23,2988144745936611328,26,binning 1   1,DR18
8657.651,-0.43829274,1.4003706,2.505109,SDSS-SDSS,SDSS,2654,54231,23,2988144745936611328,26,binning 1   1,DR18
8659.644,0.30293095,1.4536694,2.508794,SDSS-SDSS,SDSS,2654,54231,23,2988144745936611328,26,binning 1   1,DR18
8661.636,3.6743565,1.2335007,2.5247562,SDSS-SDSS,SDSS,2654,54231,23,2988144745936611328,26,binning 1   1,DR18
8663.633,5.3511224,1.2110841,2.521955,SDSS-SDSS,SDSS,2654,54231,23,2988144745936611328,26,binning 1   1,DR18
8665.626,2.8563733,1.1298808,2.4981813,SDSS-SDSS,SDSS,2654,54231,23,2988144745936611328,26,binning 1   1,DR18
8667.624,2.3756704,1.0796384,2.5201356,SDSS-SDSS,SDSS,2654,54231,23,2988144745936611328,26,binning 1   1,DR18
8669.618,2.773925,1.1006186,2.5388045,SDSS-SDSS,SDSS,2654,54231,23,2988144745936611328,26,binning 1   1,DR18
8671.617,2.310455,1.1046616,2.5153515,SDSS-SDSS,SDSS,2654,54231,23,2988144745936611328,26,binning 1   1,DR18
8673.612,2.865678,1.049742,2.4811027,SDSS-SDSS,SDSS,2654,54231,23,2988144745936611328,26,binning 1   1,DR18
8675.607,0.25077683,0.9380329,2.4989545,SDSS-SDSS,SDSS,2654,54231,23,2988144745936611328,26,binning 1   1,DR18
8677.608,3.429013,0.90403575,2.504568,SDSS-SDSS,SDSS,2654,54231,23,2988144745936611328,26,binning 1   1,DR18
8679.6045,1.7386918,0.8383911,2.5131586,SDSS-SDSS,SDSS,2654,54231,23,2988144745936611328,26,binning 1   1,DR18
8681.605,1.9754102,0.86528355,2.4859858,SDSS-SDSS,SDSS,2654,54231,23,2988144745936611328,26,binning 1   1,DR18
8683.603,1.2002856,0.8608497,2.4668145,SDSS-SDSS,SDSS,2654,54231,23,2988144745936611328,26,binning 1   1,DR18
8685.605,2.6240048,0.7481832,2.489608,SDSS-SDSS,SDSS,2654,54231,23,2988144745936611328,26,binning 1   1,DR18
8687.604,2.4855454,0.74493045,2.4746618,SDSS-SDSS,SDSS,2654,54231,23,2988144745936611328,26,binning 1   1,DR18
8689.603,1.855721,0.72106284,2.4900298,SDSS-SDSS,SDSS,2654,54231,23,2988144745936611328,26,binning 1   1,DR18
8691.605,2.9640079,0.71693397,2.4515088,SDSS-SDSS,SDSS,2654,54231,23,2988144745936611328,26,binning 1   1,DR18
8693.605,1.7846055,0.7166037,2.442913,SDSS-SDSS,SDSS,2654,54231,23,2988144745936611328,26,binning 1   1,DR18
8695.61,1.9001744,0.7033137,2.4703221,SDSS-SDSS,SDSS,2654,54231,23,2988144745936611328,26,binning 1   1,DR18
8697.61,2.3615055,0.67997056,2.4709873,SDSS-SDSS,SDSS,2654,54231,23,2988144745936611328,26,binning 1   1,DR18
8699.616,1.4884037,0.70237356,2.4508643,SDSS-SDSS,SDSS,2654,54231,23,2988144745936611328,26,binning 1   1,DR18
8701.617,2.97536,0.7689976,2.4638302,SDSS-SDSS,SDSS,2654,54231,23,2988144745936611328,26,binning 1   1,DR18
8703.619,2.4090369,0.7391975,2.4818187,SDSS-SDSS,SDSS,2654,54231,23,2988144745936611328,26,binning 1   1,DR18
8705.626,1.732811,0.6896199,2.4692788,SDSS-SDSS,SDSS,2654,54231,23,2988144745936611328,26,binning 1   1,DR18
8707.629,2.1818428,0.7004537,2.465104,SDSS-SDSS,SDSS,2654,54231,23,2988144745936611328,26,binning 1   1,DR18
8709.637,2.0710104,0.72102064,2.4894447,SDSS-SDSS,SDSS,2654,54231,23,2988144745936611328,26,binning 1   1,DR18
8711.641,2.657864,0.7040894,2.4706097,SDSS-SDSS,SDSS,2654,54231,23,2988144745936611328,26,binning 1   1,DR18
8713.649,3.2505367,0.68084466,2.4808733,SDSS-SDSS,SDSS,2654,54231,23,2988144745936611328,26,binning 1   1,DR18
8715.654,2.620944,0.6802875,2.4706578,SDSS-SDSS,SDSS,2654,54231,23,2988144745936611328,26,binning 1   1,DR18
8717.659,3.2582355,0.7118177,2.4716377,SDSS-SDSS,SDSS,2654,54231,23,2988144745936611328,26,binning 1   1,DR18
8719.67,1.568785,0.68736124,2.4529846,SDSS-SDSS,SDSS,2654,54231,23,2988144745936611328,26,binning 1   1,DR18
8721.676,2.2689633,0.705576,2.4039977,SDSS-SDSS,SDSS,2654,54231,23,2988144745936611328,26,binning 1   1,DR18
8723.687,2.8693182,0.6625119,2.4321237,SDSS-SDSS,SDSS,2654,54231,23,2988144745936611328,26,binning 1   1,DR18
8725.693,1.722099,0.6356173,2.4701383,SDSS-SDSS,SDSS,2654,54231,23,2988144745936611328,26,binning 1   1,DR18
8727.706,1.0930697,0.61626744,2.3987994,SDSS-SDSS,SDSS,2654,54231,23,2988144745936611328,26,binning 1   1,DR18
8729.713,1.1328138,0.61280763,2.4213758,SDSS-SDSS,SDSS,2654,54231,23,2988144745936611328,26,binning 1   1,DR18
8731.722,2.6159148,0.6458453,2.4885638,SDSS-SDSS,SDSS,2654,54231,23,2988144745936611328,26,binning 1   1,DR18
8733.735,2.780135,0.7167545,2.45246,SDSS-SDSS,SDSS,2654,54231,23,2988144745936611328,26,binning 1   1,DR18
8735.744,3.3171415,0.80346113,2.4320207,SDSS-SDSS,SDSS,2654,54231,23,2988144745936611328,26,binning 1   1,DR18
8737.759,2.2085092,0.829012,2.450553,SDSS-SDSS,SDSS,2654,54231,23,2988144745936611328,26,binning 1   1,DR18
8739.769,3.5475276,0.822399,2.4465773,SDSS-SDSS,SDSS,2654,54231,23,2988144745936611328,26,binning 1   1,DR18
8741.784,1.4056433,0.74622494,2.4265087,SDSS-SDSS,SDSS,2654,54231,23,2988144745936611328,26,binning 1   1,DR18
8743.795,1.6244481,0.68687856,2.435587,SDSS-SDSS,SDSS,2654,54231,23,2988144745936611328,26,binning 1   1,DR18
8745.812,3.543427,0.76063573,2.4617364,SDSS-SDSS,SDSS,2654,54231,23,2988144745936611328,26,binning 1   1,DR18
8747.823,2.179549,0.7554885,2.412857,SDSS-SDSS,SDSS,2654,54231,23,2988144745936611328,26,binning 1   1,DR18
8749.836,3.374891,0.8234237,2.374449,SDSS-SDSS,SDSS,2654,54231,23,2988144745936611328,26,binning 1   1,DR18
8751.854,2.9225974,0.8406168,2.4021752,SDSS-SDSS,SDSS,2654,54231,23,2988144745936611328,26,binning 1   1,DR18
8753.867,4.7189093,0.82720435,2.4165218,SDSS-SDSS,SDSS,2654,54231,23,2988144745936611328,26,binning 1   1,DR18
8755.886,1.952484,0.8121677,2.4039032,SDSS-SDSS,SDSS,2654,54231,23,2988144745936611328,26,binning 1   1,DR18
8757.9,6.5816383,1.0087335,2.396069,SDSS-SDSS,SDSS,2654,54231,23,2988144745936611328,26,binning 1   1,DR18
8759.92,0.6179675,1.2559075,2.3794222,SDSS-SDSS,SDSS,2654,54231,23,2988144745936611328,26,binning 1   1,DR18
8761.935,4.7279725,1.7651106,2.3853106,SDSS-SDSS,SDSS,2654,54231,23,2988144745936611328,26,binning 1   1,DR18
8763.95,1.4833248,1.9656171,2.4182367,SDSS-SDSS,SDSS,2654,54231,23,2988144745936611328,26,binning 1   1,DR18
8765.972,3.4782512,1.7925471,2.4001973,SDSS-SDSS,SDSS,2654,54231,23,2988144745936611328,26,binning 1   1,DR18
8767.988,-0.33308506,2.2828453,2.3777509,SDSS-SDSS,SDSS,2654,54231,23,2988144745936611328,26,binning 1   1,DR18
8770.01,-2.0931234,2.4901314,2.4076796,SDSS-SDSS,SDSS,2654,54231,23,2988144745936611328,26,binning 1   1,DR18
8772.027,2.9840038,1.4527183,2.4055016,SDSS-SDSS,SDSS,2654,54231,23,2988144745936611328,26,binning 1   1,DR18
8774.05,2.1595268,1.1097987,2.428623,SDSS-SDSS,SDSS,2654,54231,23,2988144745936611328,26,binning 1   1,DR18
8776.068,5.3104105,1.4148496,2.3935053,SDSS-SDSS,SDSS,2654,54231,23,2988144745936611328,26,binning 1   1,DR18
8778.088,1.4288772,1.9940046,2.3680575,SDSS-SDSS,SDSS,2654,54231,23,2988144745936611328,26,binning 1   1,DR18
8780.111,-0.65246516,2.2709124,2.3819144,SDSS-SDSS,SDSS,2654,54231,23,2988144745936611328,26,binning 1   1,DR18
8782.132,2.4552588,1.7045336,2.4015903,SDSS-SDSS,SDSS,2654,54231,23,2988144745936611328,26,binning 1   1,DR18
8784.156,5.2055216,1.0526056,2.4084458,SDSS-SDSS,SDSS,2654,54231,23,2988144745936611328,26,binning 1   1,DR18
8786.178,2.5185812,0.77730167,2.4223166,SDSS-SDSS,SDSS,2654,54231,23,2988144745936611328,26,binning 1   1,DR18
8788.203,3.58095,0.7908745,2.4409409,SDSS-SDSS,SDSS,2654,54231,23,2988144745936611328,26,binning 1   1,DR18
8790.226,0.546817,1.1088701,2.4255037,SDSS-SDSS,SDSS,2654,54231,23,2988144745936611328,26,binning 1   1,DR18
8792.247,2.2884278,1.49334,2.3830585,SDSS-SDSS,SDSS,2654,54231,23,2988144745936611328,26,binning 1   1,DR18
8794.275,2.1593866,1.348699,2.3487706,SDSS-SDSS,SDSS,2654,54231,23,2988144745936611328,26,binning 1   1,DR18
8796.298,2.1326995,0.97730446,2.3354468,SDSS-SDSS,SDSS,2654,54231,23,2988144745936611328,26,binning 1   1,DR18
8798.326,2.867021,0.8545313,2.351163,SDSS-SDSS,SDSS,2654,54231,23,2988144745936611328,26,binning 1   1,DR18
8800.351,2.6009777,0.7763464,2.3433254,SDSS-SDSS,SDSS,2654,54231,23,2988144745936611328,26,binning 1   1,DR18
8802.38,3.2018087,0.7650222,2.3645349,SDSS-SDSS,SDSS,2654,54231,23,2988144745936611328,26,binning 1   1,DR18
8804.405,1.3712476,0.7170924,2.380331,SDSS-SDSS,SDSS,2654,54231,23,2988144745936611328,26,binning 1   1,DR18
8806.431,1.8884789,0.71434665,2.3630843,SDSS-SDSS,SDSS,2654,54231,23,2988144745936611328,26,binning 1   1,DR18
8808.461,3.717348,0.7967977,2.4009266,SDSS-SDSS,SDSS,2654,54231,23,2988144745936611328,26,binning 1   1,DR18
8810.487,2.9000578,0.8482614,2.3676505,SDSS-SDSS,SDSS,2654,54231,23,2988144745936611328,26,binning 1   1,DR18
8812.52,2.6222165,0.8503278,2.3741927,SDSS-SDSS,SDSS,2654,54231,23,2988144745936611328,26,binning 1   1,DR18
8814.546,1.9049367,0.78562385,2.3919675,SDSS-SDSS,SDSS,2654,54231,23,2988144745936611328,26,binning 1   1,DR18
8816.579,3.8203194,0.763884,2.3864384,SDSS-SDSS,SDSS,2654,54231,23,2988144745936611328,26,binning 1   1,DR18
8818.607,3.1315262,0.76656115,2.3667126,SDSS-SDSS,SDSS,2654,54231,23,2988144745936611328,26,binning 1   1,DR18
8820.636,4.264341,0.838888,2.3514185,SDSS-SDSS,SDSS,2654,54231,23,2988144745936611328,26,binning 1   1,DR18
8822.67,4.009891,1.0280852,2.3339033,SDSS-SDSS,SDSS,2654,54231,23,2988144745936611328,26,binning 1   1,DR18
8824.699,5.193824,1.4444678,2.3509362,SDSS-SDSS,SDSS,2654,54231,23,2988144745936611328,26,binning 1   1,DR18
8826.734,4.0056643,2.7793624,2.358807,SDSS-SDSS,SDSS,2654,54231,23,2988144745936611328,26,binning 1   1,DR18
8828.765,-0.26116833,4.645792,2.3455992,SDSS-SDSS,SDSS,2654,54231,23,2988144745936611328,26,binning 1   1,DR18
8830.801,0.71452886,2.772421,2.3278553,SDSS-SDSS,SDSS,2654,54231,23,2988144745936611328,26,binning 1   1,DR18
8832.833,6.2742467,1.6181078,2.30624,SDSS-SDSS,SDSS,2654,54231,23,2988144745936611328,26,binning 1   1,DR18
8834.864,1.0736339,1.4909626,2.3133583,SDSS-SDSS,SDSS,2654,54231,23,2988144745936611328,26,binning 1   1,DR18
8836.901,3.0860803,1.8848487,2.3294375,SDSS-SDSS,SDSS,2654,54231,23,2988144745936611328,26,binning 1   1,DR18
8838.935,2.3596625,2.060611,2.32104,SDSS-SDSS,SDSS,2654,54231,23,2988144745936611328,26,binning 1   1,DR18
8840.973,4.0073595,1.4725703,2.3130803,SDSS-SDSS,SDSS,2654,54231,23,2988144745936611328,26,binning 1   1,DR18
8843.007,2.4067872,0.9942444,2.3164482,SDSS-SDSS,SDSS,2654,54231,23,2988144745936611328,26,binning 1   1,DR18
8845.046,2.1280277,0.89027876,2.2813241,SDSS-SDSS,SDSS,2654,54231,23,2988144745936611328,26,binning 1   1,DR18
8847.081,2.7240505,0.91560936,2.319947,SDSS-SDSS,SDSS,2654,54231,23,2988144745936611328,26,binning 1   1,DR18
8849.116,1.4302382,1.0843495,2.336429,SDSS-SDSS,SDSS,2654,54231,23,2988144745936611328,26,binning 1   1,DR18
8851.156,1.5437063,1.2201116,2.3323321,SDSS-SDSS,SDSS,2654,54231,23,2988144745936611328,26,binning 1   1,DR18
8853.192,1.6901513,1.0944309,2.3230643,SDSS-SDSS,SDSS,2654,54231,23,2988144745936611328,26,binning 1   1,DR18
8855.234,1.8036065,0.9009542,2.3172452,SDSS-SDSS,SDSS,2654,54231,23,2988144745936611328,26,binning 1   1,DR18
8857.271,2.2635505,0.8921945,2.320738,SDSS-SDSS,SDSS,2654,54231,23,2988144745936611328,26,binning 1   1,DR18
8859.314,1.7723689,0.92421156,2.2598267,SDSS-SDSS,SDSS,2654,54231,23,2988144745936611328,26,binning 1   1,DR18
8861.352,3.68353,0.9374724,2.25401,SDSS-SDSS,SDSS,2654,54231,23,2988144745936611328,26,binning 1   1,DR18
8863.391,3.9566429,0.929649,2.325292,SDSS-SDSS,SDSS,2654,54231,23,2988144745936611328,26,binning 1   1,DR18
8865.435,2.2691457,1.010736,2.3597333,SDSS-SDSS,SDSS,2654,54231,23,2988144745936611328,26,binning 1   1,DR18
8867.474,-0.8875765,1.4593728,2.305365,SDSS-SDSS,SDSS,2654,54231,23,2988144745936611328,26,binning 1   1,DR18
8869.519,2.3379068,2.0278924,2.3027594,SDSS-SDSS,SDSS,2654,54231,23,2988144745936611328,26,binning 1   1,DR18
8871.56,1.3907285,1.3634927,2.2834127,SDSS-SDSS,SDSS,2654,54231,23,2988144745936611328,26,binning 1   1,DR18
8873.6045,2.081213,0.8288888,2.309692,SDSS-SDSS,SDSS,2654,54231,23,2988144745936611328,26,binning 1   1,DR18
8875.646,2.9887505,0.7926248,2.3058362,SDSS-SDSS,SDSS,2654,54231,23,2988144745936611328,26,binning 1   1,DR18
8877.688,2.4443214,0.8196073,2.2975929,SDSS-SDSS,SDSS,2654,54231,23,2988144745936611328,26,binning 1   1,DR18
8879.735,1.3420208,0.8350203,2.3214025,SDSS-SDSS,SDSS,2654,54231,23,2988144745936611328,26,binning 1   1,DR18
8881.778,4.3798933,1.0222288,2.2820315,SDSS-SDSS,SDSS,2654,54231,23,2988144745936611328,26,binning 1   1,DR18
8883.826,2.8282478,1.5865128,2.2723348,SDSS-SDSS,SDSS,2654,54231,23,2988144745936611328,26,binning 1   1,DR18
8885.87,1.6701227,3.1379595,2.2736247,SDSS-SDSS,SDSS,2654,54231,23,2988144745936611328,26,binning 1   1,DR18
8887.919,1.3063306,4.4342566,2.2864146,SDSS-SDSS,SDSS,2654,54231,23,2988144745936611328,26,binning 1   1,DR18
8889.964,6.11497,2.3328638,2.286026,SDSS-SDSS,SDSS,2654,54231,23,2988144745936611328,26,binning 1   1,DR18
8892.009,3.796054,1.0991253,2.2632809,SDSS-SDSS,SDSS,2654,54231,23,2988144745936611328,26,binning 1   1,DR18
8894.06,0.9498527,0.80399954,2.2633283,SDSS-SDSS,SDSS,2654,54231,23,2988144745936611328,26,binning 1   1,DR18
8896.105,2.7621717,0.92782134,2.2421808,SDSS-SDSS,SDSS,2654,54231,23,2988144745936611328,26,binning 1   1,DR18
8898.156,3.5111194,0.9853059,2.2176127,SDSS-SDSS,SDSS,2654,54231,23,2988144745936611328,26,binning 1   1,DR18
8900.204,4.4474177,0.9210455,2.248608,SDSS-SDSS,SDSS,2654,54231,23,2988144745936611328,26,binning 1   1,DR18
8902.256,1.3246198,1.3262434,2.2896526,SDSS-SDSS,SDSS,2654,54231,23,2988144745936611328,26,binning 1   1,DR18
8904.304,1.5947825,2.1581774,2.2858706,SDSS-SDSS,SDSS,2654,54231,23,2988144745936611328,26,binning 1   1,DR18
8906.357,3.212959,1.9385592,2.2958534,SDSS-SDSS,SDSS,2654,54231,23,2988144745936611328,26,binning 1   1,DR18
8908.406,2.863297,1.2336435,2.2905486,SDSS-SDSS,SDSS,2654,54231,23,2988144745936611328,26,binning 1   1,DR18
8910.456,1.9858885,0.9619285,2.269892,SDSS-SDSS,SDSS,2654,54231,23,2988144745936611328,26,binning 1   1,DR18
8912.511,3.1525729,0.8857504,2.2461915,SDSS-SDSS,SDSS,2654,54231,23,2988144745936611328,26,binning 1   1,DR18
8914.561,2.643521,0.8967505,2.2391284,SDSS-SDSS,SDSS,2654,54231,23,2988144745936611328,26,binning 1   1,DR18
8916.616,3.6925824,1.3124343,2.248202,SDSS-SDSS,SDSS,2654,54231,23,2988144745936611328,26,binning 1   1,DR18
8918.668,2.5209656,2.5621202,2.237772,SDSS-SDSS,SDSS,2654,54231,23,2988144745936611328,26,binning 1   1,DR18
8920.725,-3.1007764,3.674157,2.2138336,SDSS-SDSS,SDSS,2654,54231,23,2988144745936611328,26,binning 1   1,DR18
8922.776,-3.352641,2.605482,2.22599,SDSS-SDSS,SDSS,2654,54231,23,2988144745936611328,26,binning 1   1,DR18
8924.829,4.043983,1.591045,2.251642,SDSS-SDSS,SDSS,2654,54231,23,2988144745936611328,26,binning 1   1,DR18
8926.887,2.4748275,1.1961349,2.2557106,SDSS-SDSS,SDSS,2654,54231,23,2988144745936611328,26,binning 1   1,DR18
8928.94,3.487112,1.0612357,2.2266283,SDSS-SDSS,SDSS,2654,54231,23,2988144745936611328,26,binning 1   1,DR18
8931.0,3.6208255,0.9456249,2.189738,SDSS-SDSS,SDSS,2654,54231,23,2988144745936611328,26,binning 1   1,DR18
8933.055,1.861759,0.8565806,2.1961036,SDSS-SDSS,SDSS,2654,54231,23,2988144745936611328,26,binning 1   1,DR18
8935.114,2.8912814,0.8594759,2.2317235,SDSS-SDSS,SDSS,2654,54231,23,2988144745936611328,26,binning 1   1,DR18
8937.17,2.5765347,0.86203367,2.2248936,SDSS-SDSS,SDSS,2654,54231,23,2988144745936611328,26,binning 1   1,DR18
8939.226,3.4836004,0.8536304,2.2046745,SDSS-SDSS,SDSS,2654,54231,23,2988144745936611328,26,binning 1   1,DR18
8941.287,2.481157,0.97153586,2.2291732,SDSS-SDSS,SDSS,2654,54231,23,2988144745936611328,26,binning 1   1,DR18
8943.344,1.0686953,1.4625113,2.2480552,SDSS-SDSS,SDSS,2654,54231,23,2988144745936611328,26,binning 1   1,DR18
8945.406,3.5883946,1.7662059,2.2007844,SDSS-SDSS,SDSS,2654,54231,23,2988144745936611328,26,binning 1   1,DR18
8947.464,5.5785465,1.3909807,2.1916642,SDSS-SDSS,SDSS,2654,54231,23,2988144745936611328,26,binning 1   1,DR18
8949.527,1.9608809,1.0376688,2.200708,SDSS-SDSS,SDSS,2654,54231,23,2988144745936611328,26,binning 1   1,DR18
8951.586,2.098534,0.9260859,2.196103,SDSS-SDSS,SDSS,2654,54231,23,2988144745936611328,26,binning 1   1,DR18
8953.6455,2.5555434,0.9936295,2.1796088,SDSS-SDSS,SDSS,2654,54231,23,2988144745936611328,26,binning 1   1,DR18
8955.71,2.95855,1.41794,2.1681433,SDSS-SDSS,SDSS,2654,54231,23,2988144745936611328,26,binning 1   1,DR18
8957.7705,-0.7751907,2.7551174,2.1699111,SDSS-SDSS,SDSS,2654,54231,23,2988144745936611328,26,binning 1   1,DR18
8959.836,-2.0186682,3.8754315,2.1618645,SDSS-SDSS,SDSS,2654,54231,23,2988144745936611328,26,binning 1   1,DR18
8961.897,-0.6474325,2.7587595,2.161409,SDSS-SDSS,SDSS,2654,54231,23,2988144745936611328,26,binning 1   1,DR18
8963.964,2.6292663,1.4274433,2.1683452,SDSS-SDSS,SDSS,2654,54231,23,2988144745936611328,26,binning 1   1,DR18
8966.026,1.7875684,1.0704764,2.1711655,SDSS-SDSS,SDSS,2654,54231,23,2988144745936611328,26,binning 1   1,DR18
8968.089,1.8272403,0.9573086,2.181375,SDSS-SDSS,SDSS,2654,54231,23,2988144745936611328,26,binning 1   1,DR18
8970.157,2.1934445,0.861001,2.2109807,SDSS-SDSS,SDSS,2654,54231,23,2988144745936611328,26,binning 1   1,DR18
8972.221,5.20181,0.91322297,2.2094417,SDSS-SDSS,SDSS,2654,54231,23,2988144745936611328,26,binning 1   1,DR18
8974.289,3.0037258,0.9055446,2.1794517,SDSS-SDSS,SDSS,2654,54231,23,2988144745936611328,26,binning 1   1,DR18
8976.354,2.6418796,0.83004254,2.1557305,SDSS-SDSS,SDSS,2654,54231,23,2988144745936611328,26,binning 1   1,DR18
8978.424,1.6806332,0.7937996,2.1524477,SDSS-SDSS,SDSS,2654,54231,23,2988144745936611328,26,binning 1   1,DR18
8980.489,2.7281115,0.848197,2.14368,SDSS-SDSS,SDSS,2654,54231,23,2988144745936611328,26,binning 1   1,DR18
8982.556,2.2122881,0.90789634,2.1589475,SDSS-SDSS,SDSS,2654,54231,23,2988144745936611328,26,binning 1   1,DR18
8984.627,2.4765582,0.90004265,2.1553633,SDSS-SDSS,SDSS,2654,54231,23,2988144745936611328,26,binning 1   1,DR18
8986.693,3.0557582,1.0664406,2.1698408,SDSS-SDSS,SDSS,2654,54231,23,2988144745936611328,26,binning 1   1,DR18
8988.766,5.0876513,1.6859198,2.19033,SDSS-SDSS,SDSS,2654,54231,23,2988144745936611328,26,binning 1   1,DR18
8990.834,-2.025514,1.8819526,2.1771355,SDSS-SDSS,SDSS,2654,54231,23,2988144745936611328,26,binning 1   1,DR18
8992.907,4.62049,1.5105197,2.153955,SDSS-SDSS,SDSS,2654,54231,23,2988144745936611328,26,binning 1   1,DR18
8994.976,3.591684,1.1614164,2.1754794,SDSS-SDSS,SDSS,2654,54231,23,2988144745936611328,26,binning 1   1,DR18
8997.045,2.7975903,1.013192,2.1907644,SDSS-SDSS,SDSS,2654,54231,23,2988144745936611328,26,binning 1   1,DR18
8999.12,2.7998173,1.2606907,2.1739407,SDSS-SDSS,SDSS,2654,54231,23,2988144745936611328,26,binning 1   1,DR18
9001.19,2.1613853,2.3030427,2.1303558,SDSS-SDSS,SDSS,2654,54231,23,2988144745936611328,26,binning 1   1,DR18
9003.266,1.0320281,2.674106,2.1072521,SDSS-SDSS,SDSS,2654,54231,23,2988144745936611328,26,binning 1   1,DR18
9005.337,0.8561013,1.9464552,2.1519144,SDSS-SDSS,SDSS,2654,54231,23,2988144745936611328,26,binning 1   1,DR18
9007.413,3.6725657,1.1011715,2.1256258,SDSS-SDSS,SDSS,2654,54231,23,2988144745936611328,26,binning 1   1,DR18
9009.485,1.763739,0.8988009,2.1559289,SDSS-SDSS,SDSS,2654,54231,23,2988144745936611328,26,binning 1   1,DR18
9011.559,2.9378946,0.8616849,2.1764364,SDSS-SDSS,SDSS,2654,54231,23,2988144745936611328,26,binning 1   1,DR18
9013.636,3.6098337,0.87806344,2.1672466,SDSS-SDSS,SDSS,2654,54231,23,2988144745936611328,26,binning 1   1,DR18
9015.71,3.541063,0.8187477,2.162233,SDSS-SDSS,SDSS,2654,54231,23,2988144745936611328,26,binning 1   1,DR18
9017.789,2.8675988,0.83869225,2.1508594,SDSS-SDSS,SDSS,2654,54231,23,2988144745936611328,26,binning 1   1,DR18
9019.863,3.0752966,0.8652996,2.1745234,SDSS-SDSS,SDSS,2654,54231,23,2988144745936611328,26,binning 1   1,DR18
9021.943,2.4941006,0.8151316,2.1386354,SDSS-SDSS,SDSS,2654,54231,23,2988144745936611328,26,binning 1   1,DR18
9024.019,2.5190153,0.84382015,2.1423235,SDSS-SDSS,SDSS,2654,54231,23,2988144745936611328,26,binning 1   1,DR18
9026.095,1.8139642,0.8996111,2.1710534,SDSS-SDSS,SDSS,2654,54231,23,2988144745936611328,26,binning 1   1,DR18
9028.176,2.4370215,0.9708685,2.1638477,SDSS-SDSS,SDSS,2654,54231,23,2988144745936611328,26,binning 1   1,DR18
9030.253,2.8553443,0.8923442,2.1796665,SDSS-SDSS,SDSS,2654,54231,23,2988144745936611328,26,binning 1   1,DR18
9032.335,1.997484,0.8344181,2.1413412,SDSS-SDSS,SDSS,2654,54231,23,2988144745936611328,26,binning 1   1,DR18
9034.413,3.9900868,0.85535794,2.1349304,SDSS-SDSS,SDSS,2654,54231,23,2988144745936611328,26,binning 1   1,DR18
9036.497,2.4306743,0.9137437,2.1214645,SDSS-SDSS,SDSS,2654,54231,23,2988144745936611328,26,binning 1   1,DR18
9038.575,0.73753804,1.1669337,2.112655,SDSS-SDSS,SDSS,2654,54231,23,2988144745936611328,26,binning 1   1,DR18
9040.654,3.2320487,1.2523929,2.137867,SDSS-SDSS,SDSS,2654,54231,23,2988144745936611328,26,binning 1   1,DR18
9042.739,2.7123775,0.9720242,2.14186,SDSS-SDSS,SDSS,2654,54231,23,2988144745936611328,26,binning 1   1,DR18
9044.819,1.653709,0.8608939,2.1314301,SDSS-SDSS,SDSS,2654,54231,23,2988144745936611328,26,binning 1   1,DR18
9046.905,1.9269414,0.9252344,2.1433108,SDSS-SDSS,SDSS,2654,54231,23,2988144745936611328,26,binning 1   1,DR18
9048.986,3.259061,1.2868185,2.1235142,SDSS-SDSS,SDSS,2654,54231,23,2988144745936611328,26,binning 1   1,DR18
9051.073,-1.3397502,1.7126333,2.1064515,SDSS-SDSS,SDSS,2654,54231,23,2988144745936611328,26,binning 1   1,DR18
9053.155,3.0999327,1.3511927,2.1339006,SDSS-SDSS,SDSS,2654,54231,23,2988144745936611328,26,binning 1   1,DR18
9055.238,3.5675397,1.0108408,2.1258502,SDSS-SDSS,SDSS,2654,54231,23,2988144745936611328,26,binning 1   1,DR18
9057.326,3.050574,0.88561845,2.1051824,SDSS-SDSS,SDSS,2654,54231,23,2988144745936611328,26,binning 1   1,DR18
9059.41,4.111207,0.9263748,2.0998545,SDSS-SDSS,SDSS,2654,54231,23,2988144745936611328,26,binning 1   1,DR18
9061.499,2.6375203,0.8569443,2.0907092,SDSS-SDSS,SDSS,2654,54231,23,2988144745936611328,26,binning 1   1,DR18
9063.584,3.204423,0.87959003,2.0805767,SDSS-SDSS,SDSS,2654,54231,23,2988144745936611328,26,binning 1   1,DR18
9065.674,2.9037294,0.90029347,2.07804,SDSS-SDSS,SDSS,2654,54231,23,2988144745936611328,26,binning 1   1,DR18
9067.759,1.964765,0.88209707,2.068189,SDSS-SDSS,SDSS,2654,54231,23,2988144745936611328,26,binning 1   1,DR18
9069.851,2.5365515,0.96355826,2.087943,SDSS-SDSS,SDSS,2654,54231,23,2988144745936611328,26,binning 1   1,DR18
9071.937,3.0179546,1.0927913,2.072822,SDSS-SDSS,SDSS,2654,54231,23,2988144745936611328,26,binning 1   1,DR18
9074.023,2.2391162,1.075721,2.0542934,SDSS-SDSS,SDSS,2654,54231,23,2988144745936611328,26,binning 1   1,DR18
9076.116,1.3586911,0.9835893,2.0460548,SDSS-SDSS,SDSS,2654,54231,23,2988144745936611328,26,binning 1   1,DR18
9078.204,3.8006363,0.93468374,2.0454848,SDSS-SDSS,SDSS,2654,54231,23,2988144745936611328,26,binning 1   1,DR18
9080.298,2.1824772,0.92935485,2.0768802,SDSS-SDSS,SDSS,2654,54231,23,2988144745936611328,26,binning 1   1,DR18
9082.387,3.5509324,0.9788857,2.1095726,SDSS-SDSS,SDSS,2654,54231,23,2988144745936611328,26,binning 1   1,DR18
9084.48,1.5979081,0.83045846,2.0976062,SDSS-SDSS,SDSS,2654,54231,23,2988144745936611328,26,binning 1   1,DR18
9086.57,3.3428252,0.8377189,2.0865047,SDSS-SDSS,SDSS,2654,54231,23,2988144745936611328,26,binning 1   1,DR18
9088.661,1.9176663,0.86338454,2.0898314,SDSS-SDSS,SDSS,2654,54231,23,2988144745936611328,26,binning 1   1,DR18
9090.757,1.5225912,0.8626424,2.0824594,SDSS-SDSS,SDSS,2654,54231,23,2988144745936611328,26,binning 1   1,DR18
9092.849,1.788863,1.0011959,2.0605595,SDSS-SDSS,SDSS,2654,54231,23,2988144745936611328,26,binning 1   1,DR18
9094.945,5.642535,1.2152694,2.0613277,SDSS-SDSS,SDSS,2654,54231,23,2988144745936611328,26,binning 1   1,DR18
9097.037,1.6575236,1.0507115,2.0907106,SDSS-SDSS,SDSS,2654,54231,23,2988144745936611328,26,binning 1   1,DR18
9099.135,1.8457018,0.890176,2.0941696,SDSS-SDSS,SDSS,2654,54231,23,2988144745936611328,26,binning 1   1,DR18
9101.229,1.5655469,1.0796092,2.0660617,SDSS-SDSS,SDSS,2654,54231,23,2988144745936611328,26,binning 1   1,DR18
9103.322,3.8545039,1.5185078,2.0472972,SDSS-SDSS,SDSS,2654,54231,23,2988144745936611328,26,binning 1   1,DR18
9105.421,3.068527,1.5510803,2.0601523,SDSS-SDSS,SDSS,2654,54231,23,2988144745936611328,26,binning 1   1,DR18
9107.516,0.60353446,1.2872248,2.065286,SDSS-SDSS,SDSS,2654,54231,23,2988144745936611328,26,binning 1   1,DR18
9109.616,2.534808,0.9895196,2.0516298,SDSS-SDSS,SDSS,2654,54231,23,2988144745936611328,26,binning 1   1,DR18
9111.712,3.857823,0.9045299,2.0646415,SDSS-SDSS,SDSS,2654,54231,23,2988144745936611328,26,binning 1   1,DR18
9113.8125,1.7033203,0.7668031,2.0754209,SDSS-SDSS,SDSS,2654,54231,23,2988144745936611328,26,binning 1   1,DR18
9115.909,2.4918783,0.76240325,2.0515742,SDSS-SDSS,SDSS,2654,54231,23,2988144745936611328,26,binning 1   1,DR18
9118.007,0.93426645,0.77524,2.0539303,SDSS-SDSS,SDSS,2654,54231,23,2988144745936611328,26,binning 1   1,DR18
9120.109,1.1368756,0.8966452,2.0489233,SDSS-SDSS,SDSS,2654,54231,23,2988144745936611328,26,binning 1   1,DR18
9122.207,2.2464612,0.89769346,2.0348265,SDSS-SDSS,SDSS,2654,54231,23,2988144745936611328,26,binning 1   1,DR18
9124.311,1.2601247,0.8247581,2.0201802,SDSS-SDSS,SDSS,2654,54231,23,2988144745936611328,26,binning 1   1,DR18
9126.41,1.5966331,0.8283331,2.0240939,SDSS-SDSS,SDSS,2654,54231,23,2988144745936611328,26,binning 1   1,DR18
9128.515,0.7529985,0.80952317,2.048906,SDSS-SDSS,SDSS,2654,54231,23,2988144745936611328,26,binning 1   1,DR18
9130.614,1.3388797,0.8740815,2.0647902,SDSS-SDSS,SDSS,2654,54231,23,2988144745936611328,26,binning 1   1,DR18
9132.715,2.4051797,0.93383956,2.0854876,SDSS-SDSS,SDSS,2654,54231,23,2988144745936611328,26,binning 1   1,DR18
9134.821,2.0707629,0.8871775,2.0754006,SDSS-SDSS,SDSS,2654,54231,23,2988144745936611328,26,binning 1   1,DR18
9136.922,2.455748,1.004836,2.0774586,SDSS-SDSS,SDSS,2654,54231,23,2988144745936611328,26,binning 1   1,DR18
9139.029,1.6822646,0.9897037,2.082404,SDSS-SDSS,SDSS,2654,54231,23,2988144745936611328,26,binning 1   1,DR18
9141.132,3.1854944,0.9118033,2.0454664,SDSS-SDSS,SDSS,2654,54231,23,2988144745936611328,26,binning 1   1,DR18
9143.239,3.0715837,0.8604484,1.9904858,SDSS-SDSS,SDSS,2654,54231,23,2988144745936611328,26,binning 1   1,DR18
9145.343,3.6074834,0.8679228,2.0271401,SDSS-SDSS,SDSS,2654,54231,23,2988144745936611328,26,binning 1   1,DR18
9147.447,1.7674143,0.8306675,2.031423,SDSS-SDSS,SDSS,2654,54231,23,2988144745936611328,26,binning 1   1,DR18
9149.557,4.29896,0.88505644,2.0087678,SDSS-SDSS,SDSS,2654,54231,23,2988144745936611328,26,binning 1   1,DR18
9151.661,0.5025773,0.9233001,2.0010343,SDSS-SDSS,SDSS,2654,54231,23,2988144745936611328,26,binning 1   1,DR18
9153.771,0.69455546,1.1965142,2.0198882,SDSS-SDSS,SDSS,2654,54231,23,2988144745936611328,26,binning 1   1,DR18
9155.877,1.9312891,1.4079313,2.0360847,SDSS-SDSS,SDSS,2654,54231,23,2988144745936611328,26,binning 1   1,DR18
9157.988,4.4356885,1.3459293,2.014819,SDSS-SDSS,SDSS,2654,54231,23,2988144745936611328,26,binning 1   1,DR18
9160.096,2.7940133,1.2462937,2.0059218,SDSS-SDSS,SDSS,2654,54231,23,2988144745936611328,26,binning 1   1,DR18
9162.203,0.72766715,1.3233936,2.0109823,SDSS-SDSS,SDSS,2654,54231,23,2988144745936611328,26,binning 1   1,DR18
9164.315,3.9354029,1.2321929,2.017092,SDSS-SDSS,SDSS,2654,54231,23,2988144745936611328,26,binning 1   1,DR18
9166.424,2.7007535,1.068096,2.0169482,SDSS-SDSS,SDSS,2654,54231,23,2988144745936611328,26,binning 1   1,DR18
9168.537,1.8765751,1.0383672,2.0027258,SDSS-SDSS,SDSS,2654,54231,23,2988144745936611328,26,binning 1   1,DR18
9170.646,2.560763,1.0590233,1.9591237,SDSS-SDSS,SDSS,2654,54231,23,2988144745936611328,26,binning 1   1,DR18
9172.762,2.7583714,1.0590849,1.9948013,SDSS-SDSS,SDSS,2654,54231,23,2988144745936611328,26,binning 1   1,DR18
9174.871,0.3898531,1.0923642,2.0081291,SDSS-SDSS,SDSS,2654,54231,23,2988144745936611328,26,binning 1   1,DR18
9176.982,0.9786855,1.146752,2.005908,SDSS-SDSS,SDSS,2654,54231,23,2988144745936611328,26,binning 1   1,DR18
9179.099,2.2657237,1.0641063,2.0476494,SDSS-SDSS,SDSS,2654,54231,23,2988144745936611328,26,binning 1   1,DR18
9181.21,3.3292358,0.9719357,2.055836,SDSS-SDSS,SDSS,2654,54231,23,2988144745936611328,26,binning 1   1,DR18
9183.327,3.440402,0.9244115,2.0053382,SDSS-SDSS,SDSS,2654,54231,23,2988144745936611328,26,binning 1   1,DR18
9185.439,3.590276,0.9637294,1.9917816,SDSS-SDSS,SDSS,2654,54231,23,2988144745936611328,26,binning 1   1,DR18
9187.558,1.8310937,0.9478935,2.0011544,SDSS-SDSS,SDSS,2654,54231,23,2988144745936611328,26,binning 1   1,DR18
9189.672,2.646075,0.90705293,2.0052023,SDSS-SDSS,SDSS,2654,54231,23,2988144745936611328,26,binning 1   1,DR18
9191.785,3.7748196,0.9438011,1.9894639,SDSS-SDSS,SDSS,2654,54231,23,2988144745936611328,26,binning 1   1,DR18
9193.905,1.8856155,0.94674236,1.9565777,SDSS-SDSS,SDSS,2654,54231,23,2988144745936611328,26,binning 1   1,DR18
9196.0205,0.976231,0.95145506,1.9915644,SDSS-SDSS,SDSS,2654,54231,23,2988144745936611328,26,binning 1   1,DR18
